WARNING: Using incubator modules: jdk.incubator.vector
[TURNOVER] global biochem cadence ON (biochem phase-aligned; GPU pose pull at biochem+output cadence)
[TELEPORT_DIAG] enabled=false threshold=0.1
Loading parameter values from /home/jba/Code/BoA/RUN_LOGS/2026-06-11_contractile_scaling/4x_gpu_s2_K2.pf...
     Parameter assigned: deltaT set to 1.0E-4
     Parameter assigned: biochemDeltaT set to 0.01
     Parameter assigned: collisionDeltaT set to 1.0E-5
     No match found for parameter label brownianDeltaT ... you best check that out!
     Parameter assigned: runTime set to 0.2
     Parameter assigned: fracMove set to 0.4
     Parameter assigned: fracR set to 0.134
     Parameter assigned: fracMoveTorq set to 0.013685
     Parameter assigned: drawInterval set to 100
     Parameter assigned: toFileInterval set to 100000000
     No match found for parameter label toQKFileInterval ... you best check that out!
     Parameter assigned: jpegQuality set to 1.0
     Parameter assigned: remoteWriteInterval set to 100000000
     Parameter assigned: frameWidth set to 800
     Parameter assigned: frameHeight set to 800
     No match found for parameter label bugOff ... you best check that out!
     Parameter assigned: simOutsideBug set to false
     Parameter assigned: initialFilaments set to 400
     Parameter assigned: initialMyoMiniFils set to 400
     Parameter assigned: minFilLength set to 0.2
     Parameter assigned: maxFilLength set to 1.5
     Parameter assigned: stdDevActinDist set to 0.5
     Parameter assigned: boxXDim set to 20.0
     Parameter assigned: boxYDim set to 20.0
     Parameter assigned: boxZDim set to 0.5
     Parameter assigned: actinConc set to 20.0
     Parameter assigned: actinConcNonHydro set to 15.0
     Parameter assigned: aeta set to 1.0
     Parameter assigned: capConc set to 2.0
     Parameter assigned: nodeZone set to 0.9
     Parameter assigned: nodeRadius set to 0.025
     Parameter assigned: forminsPerNode set to 0
     No match found for parameter label myosPerNode ... you best check that out!
     Parameter assigned: nodeTransDiff set to 1.0E-16
     Parameter assigned: nodeRotDiff set to 0.001
     Parameter assigned: actinSeed set to 3
     Parameter assigned: actinOnCortex set to true
     Parameter assigned: filSegLength set to 64
     Parameter assigned: filTorqSpring set to 1.0E-20
     Parameter assigned: BTransCoeff set to 1.0
     Parameter assigned: BRotCoeff set to 0.5
     Parameter assigned: maxSegAngle set to 22.5
     Parameter assigned: maxSegDist set to 0.0108
     Parameter assigned: nodeTorqSpring set to 1.0E-20
     Parameter assigned: maxNodeTetherStrainDist set to 0.0108
     Parameter assigned: nodeTetherDetachRate set to 0.001
     Parameter assigned: forminMoves set to false
     Parameter assigned: forminRelease set to 1.0
     Parameter assigned: noMonomersSimd set to false
     Parameter assigned: filamentsAnneal set to false
     Parameter assigned: annealDist set to 0.054
     Parameter assigned: annealAngleCosine set to 0.9
     Parameter assigned: maxLinksOnSeg set to 10.0
     Parameter assigned: sideBonds set to 0
     Parameter assigned: sideBondsRelax set to false
     Parameter assigned: sideBondsStabilize set to 1.0
     Parameter assigned: bundleStableFactor set to 2.0
     Parameter assigned: filLinkSpring set to 1.0E-9
     Parameter assigned: filLinkTorqSpring set to 1.0E-19
     Parameter assigned: xLinkTransAttn set to 1.0
     Parameter assigned: xLinkRotAttn set to 1.0
     No match found for parameter label maxFilLinkDist ... you best check that out!
     No match found for parameter label linkDissolveRate ... you best check that out!
     Parameter assigned: kATPOn1 set to 1.3
     Parameter assigned: kATPOff1 set to 0.8
     Parameter assigned: kADPOff1 set to 2.7
     Parameter assigned: kATPOn1NonHydro set to 0.0
     Parameter assigned: kATPOff1NonHydro set to 0.0
     Parameter assigned: kATPOn2 set to 11.6
     Parameter assigned: kATPOff2 set to 1.4
     Parameter assigned: kADPOff2 set to 7.2
     Parameter assigned: kATPOn2WithFormin set to 0.0
     Parameter assigned: kATPOff2WithFormin set to 0.0
     Parameter assigned: kADPOff2WithFormin set to 0.0
     Parameter assigned: kATPOn2NonHydro set to 0.0
     Parameter assigned: kATPOff2NonHydro set to 0.0
     Parameter assigned: kATPOn2NonHydroWithFormin set to 0.0
     Parameter assigned: kATPOff2NonHydroWithFormin set to 0.0
     Parameter assigned: capRate set to 3.0
     Parameter assigned: cofilinRate set to 0.4
     Parameter assigned: cofilinConc set to 3.0
     Parameter assigned: cofilinRatio set to 1.1
     Parameter assigned: myosinStallForce set to 2.0
     No match found for parameter label myosinReleaseRate ... you best check that out!
     No match found for parameter label myoFBRBase ... you best check that out!
     No match found for parameter label myoFBRExp ... you best check that out!
     Parameter assigned: capNumEnd1 set to 3
     Parameter assigned: capNumEnd2 set to 3
     Parameter assigned: capNumEnd1WithNode set to 3
     Parameter assigned: capNumEnd2WithNode set to 3
     Parameter assigned: polyCompressionCutoff set to 0.0
     Parameter assigned: kRdmNuc set to 0.001
     Parameter assigned: kNodeNuc set to 10.0
     Parameter assigned: kHydrolysis set to 1.0
     Parameter assigned: kDissociation set to 1.0
     Parameter assigned: showTime set to true
     Parameter assigned: showConc set to true
     Parameter assigned: showNonHydroConc set to false
     Parameter assigned: showFilCt set to true
     Parameter assigned: showFilLinkCt set to true
     Parameter assigned: showFilSegCt set to false
     Parameter assigned: showMonCt set to true
     Parameter assigned: fixedHistScale set to 100.0
     Parameter assigned: showHistBox set to true
     Parameter assigned: showYHistTics set to true
     Parameter assigned: flatTops set to true
Done... there were 9 misunderstandings.
[RNG] per-worker RNG pool: 17 MTFs, masterSeed=1692998741883886825 (BOA_RNG_SEED unset)
**************************************************************
Eulerian Mesh stats:
nXBins = 101; xBinWidth = 0.2 µm
nYBins = 101; yBinWidth = 0.2 µm
binDepth = 1000
**************************************************************
MotorBindGrid3D: 101 x 101 x 4 cells (0.2 µm each)
[19:47] [phase-plan] inert-wave cull — ThreadSet activation snapshot:
[19:47]   ON   ThingStep Threads
[19:47]   ON   ThingBrownian Threads
[19:47]   ON   Myosin Threads
[19:47]   ON   MyoDimer Threads
[19:47]   OFF  Protein Node Threads
[19:47]   ON   MyoMiniFil Threads
[19:47]   OFF  Chamber Myo Threads
[19:47]   OFF  Chamber MyoDimer Threads
[19:47]   ON   Mesh Threads
[19:47]   ON   Ck Mesh Threads
[19:47]   ON   Ck Mots Threads
[19:47]   OFF  XLink Threads
[19:47]   OFF  Arp23 Threads
[19:47]   OFF  NodeLink Threads
[19:47]   OFF  Membrane Node Threads
[19:47]   OFF  ActA Threads
[19:47]   ON   MotorBindGrid3D Fill
[19:47] [phase-plan] 9 active, 8 inert (will skip dispatch)
[POSE_CHURN] sized POSE_DELTA_CAP=8192 (initialFilaments=400, peakModel=802, safety=4x, floor=8192)
GPUMoveThing: slotCap=78402 myoCap=25600 moveBlock=64 jointBlock=64 runSeed=864499342 nWorkers=16
	[TornadoVM-PTX-JNI] ERROR : cuLaunchKernel -> Returned: 701
	[TornadoVM-PTX-JNI] ERROR : cuLaunchKernel -> Returned: 701
	[TornadoVM-PTX-JNI] ERROR : cuLaunchKernel -> Returned: 701
	[TornadoVM-PTX-JNI] ERROR : cuLaunchKernel -> Returned: 701
	[TornadoVM-PTX-JNI] ERROR : cuLaunchKernel -> Returned: 701
	[TornadoVM-PTX-JNI] ERROR : cuLaunchKernel -> Returned: 701
	[TornadoVM-PTX-JNI] ERROR : cuLaunchKernel -> Returned: 701
	[TornadoVM-PTX-JNI] ERROR : cuLaunchKernel -> Returned: 701
	[TornadoVM-PTX-JNI] ERROR : cuLaunchKernel -> Returned: 701
	[TornadoVM-PTX-JNI] ERROR : cuLaunchKernel -> Returned: 701
	[TornadoVM-PTX-JNI] ERROR : cuLaunchKernel -> Returned: 701
	[TornadoVM-PTX-JNI] ERROR : cuLaunchKernel -> Returned: 701
	[TornadoVM-PTX-JNI] ERROR : cuLaunchKernel -> Returned: 701
	[TornadoVM-PTX-JNI] ERROR : cuLaunchKernel -> Returned: 701
	[TornadoVM-PTX-JNI] ERROR : cuLaunchKernel -> Returned: 701
	[TornadoVM-PTX-JNI] ERROR : cuLaunchKernel -> Returned: 701
	[TornadoVM-PTX-JNI] ERROR : cuLaunchKernel -> Returned: 701
	[TornadoVM-PTX-JNI] ERROR : cuLaunchKernel -> Returned: 701
	[TornadoVM-PTX-JNI] ERROR : cuLaunchKernel -> Returned: 701
	[TornadoVM-PTX-JNI] ERROR : cuLaunchKernel -> Returned: 701
	[TornadoVM-PTX-JNI] ERROR : cuLaunchKernel -> Returned: 701
	[TornadoVM-PTX-JNI] ERROR : cuLaunchKernel -> Returned: 701
	[TornadoVM-PTX-JNI] ERROR : cuLaunchKernel -> Returned: 701
	[TornadoVM-PTX-JNI] ERROR : cuLaunchKernel -> Returned: 701
	[TornadoVM-PTX-JNI] ERROR : cuLaunchKernel -> Returned: 701
	[TornadoVM-PTX-JNI] ERROR : cuLaunchKernel -> Returned: 701
	[TornadoVM-PTX-JNI] ERROR : cuLaunchKernel -> Returned: 701
	[TornadoVM-PTX-JNI] ERROR : cuLaunchKernel -> Returned: 701
	[TornadoVM-PTX-JNI] ERROR : cuLaunchKernel -> Returned: 701
	[TornadoVM-PTX-JNI] ERROR : cuLaunchKernel -> Returned: 701
	[TornadoVM-PTX-JNI] ERROR : cuLaunchKernel -> Returned: 701
	[TornadoVM-PTX-JNI] ERROR : cuLaunchKernel -> Returned: 701
	[TornadoVM-PTX-JNI] ERROR : cuLaunchKernel -> Returned: 701
	[TornadoVM-PTX-JNI] ERROR : cuLaunchKernel -> Returned: 701
	[TornadoVM-PTX-JNI] ERROR : cuLaunchKernel -> Returned: 701
	[TornadoVM-PTX-JNI] ERROR : cuLaunchKernel -> Returned: 701
	[TornadoVM-PTX-JNI] ERROR : cuLaunchKernel -> Returned: 701
	[TornadoVM-PTX-JNI] ERROR : cuLaunchKernel -> Returned: 701
	[TornadoVM-PTX-JNI] ERROR : cuLaunchKernel -> Returned: 701
	[TornadoVM-PTX-JNI] ERROR : cuLaunchKernel -> Returned: 701
	[TornadoVM-PTX-JNI] ERROR : cuLaunchKernel -> Returned: 701
	[TornadoVM-PTX-JNI] ERROR : cuLaunchKernel -> Returned: 701
	[TornadoVM-PTX-JNI] ERROR : cuLaunchKernel -> Returned: 701
	[TornadoVM-PTX-JNI] ERROR : cuLaunchKernel -> Returned: 701
	[TornadoVM-PTX-JNI] ERROR : cuLaunchKernel -> Returned: 701
	[TornadoVM-PTX-JNI] ERROR : cuLaunchKernel -> Returned: 701
	[TornadoVM-PTX-JNI] ERROR : cuLaunchKernel -> Returned: 701
	[TornadoVM-PTX-JNI] ERROR : cuLaunchKernel -> Returned: 701
	[TornadoVM-PTX-JNI] ERROR : cuLaunchKernel -> Returned: 701
	[TornadoVM-PTX-JNI] ERROR : cuLaunchKernel -> Returned: 701
	[TornadoVM-PTX-JNI] ERROR : cuLaunchKernel -> Returned: 701
	[TornadoVM-PTX-JNI] ERROR : cuLaunchKernel -> Returned: 701
	[TornadoVM-PTX-JNI] ERROR : cuLaunchKernel -> Returned: 701
	[TornadoVM-PTX-JNI] ERROR : cuLaunchKernel -> Returned: 701
	[TornadoVM-PTX-JNI] ERROR : cuLaunchKernel -> Returned: 701
	[TornadoVM-PTX-JNI] ERROR : cuLaunchKernel -> Returned: 701
	[TornadoVM-PTX-JNI] ERROR : cuLaunchKernel -> Returned: 701
	[TornadoVM-PTX-JNI] ERROR : cuLaunchKernel -> Returned: 701
	[TornadoVM-PTX-JNI] ERROR : cuLaunchKernel -> Returned: 701
	[TornadoVM-PTX-JNI] ERROR : cuLaunchKernel -> Returned: 701
	[TornadoVM-PTX-JNI] ERROR : cuLaunchKernel -> Returned: 701
	[TornadoVM-PTX-JNI] ERROR : cuLaunchKernel -> Returned: 701
	[TornadoVM-PTX-JNI] ERROR : cuLaunchKernel -> Returned: 701
	[TornadoVM-PTX-JNI] ERROR : cuLaunchKernel -> Returned: 701
	[TornadoVM-PTX-JNI] ERROR : cuLaunchKernel -> Returned: 701
	[TornadoVM-PTX-JNI] ERROR : cuLaunchKernel -> Returned: 701
	[TornadoVM-PTX-JNI] ERROR : cuLaunchKernel -> Returned: 701
	[TornadoVM-PTX-JNI] ERROR : cuLaunchKernel -> Returned: 701
	[TornadoVM-PTX-JNI] ERROR : cuLaunchKernel -> Returned: 701
	[TornadoVM-PTX-JNI] ERROR : cuLaunchKernel -> Returned: 701
	[TornadoVM-PTX-JNI] ERROR : cuLaunchKernel -> Returned: 701
	[TornadoVM-PTX-JNI] ERROR : cuLaunchKernel -> Returned: 701
	[TornadoVM-PTX-JNI] ERROR : cuLaunchKernel -> Returned: 701
	[TornadoVM-PTX-JNI] ERROR : cuLaunchKernel -> Returned: 701
	[TornadoVM-PTX-JNI] ERROR : cuLaunchKernel -> Returned: 701
	[TornadoVM-PTX-JNI] ERROR : cuLaunchKernel -> Returned: 701
	[TornadoVM-PTX-JNI] ERROR : cuLaunchKernel -> Returned: 701
	[TornadoVM-PTX-JNI] ERROR : cuLaunchKernel -> Returned: 701
	[TornadoVM-PTX-JNI] ERROR : cuLaunchKernel -> Returned: 701
	[TornadoVM-PTX-JNI] ERROR : cuLaunchKernel -> Returned: 701
	[TornadoVM-PTX-JNI] ERROR : cuLaunchKernel -> Returned: 701
	[TornadoVM-PTX-JNI] ERROR : cuLaunchKernel -> Returned: 701
	[TornadoVM-PTX-JNI] ERROR : cuLaunchKernel -> Returned: 701
	[TornadoVM-PTX-JNI] ERROR : cuLaunchKernel -> Returned: 701
	[TornadoVM-PTX-JNI] ERROR : cuLaunchKernel -> Returned: 701
	[TornadoVM-PTX-JNI] ERROR : cuLaunchKernel -> Returned: 701
	[TornadoVM-PTX-JNI] ERROR : cuLaunchKernel -> Returned: 701
	[TornadoVM-PTX-JNI] ERROR : cuLaunchKernel -> Returned: 701
	[TornadoVM-PTX-JNI] ERROR : cuLaunchKernel -> Returned: 701
	[TornadoVM-PTX-JNI] ERROR : cuLaunchKernel -> Returned: 701
	[TornadoVM-PTX-JNI] ERROR : cuLaunchKernel -> Returned: 701
	[TornadoVM-PTX-JNI] ERROR : cuLaunchKernel -> Returned: 701
	[TornadoVM-PTX-JNI] ERROR : cuLaunchKernel -> Returned: 701
	[TornadoVM-PTX-JNI] ERROR : cuLaunchKernel -> Returned: 701
	[TornadoVM-PTX-JNI] ERROR : cuLaunchKernel -> Returned: 701
	[TornadoVM-PTX-JNI] ERROR : cuLaunchKernel -> Returned: 701
	[TornadoVM-PTX-JNI] ERROR : cuLaunchKernel -> Returned: 701
	[TornadoVM-PTX-JNI] ERROR : cuLaunchKernel -> Returned: 701
	[TornadoVM-PTX-JNI] ERROR : cuLaunchKernel -> Returned: 701
	[TornadoVM-PTX-JNI] ERROR : cuLaunchKernel -> Returned: 701
	[TornadoVM-PTX-JNI] ERROR : cuLaunchKernel -> Returned: 701
	[TornadoVM-PTX-JNI] ERROR : cuLaunchKernel -> Returned: 701
	[TornadoVM-PTX-JNI] ERROR : cuLaunchKernel -> Returned: 701
	[TornadoVM-PTX-JNI] ERROR : cuLaunchKernel -> Returned: 701
	[TornadoVM-PTX-JNI] ERROR : cuLaunchKernel -> Returned: 701
	[TornadoVM-PTX-JNI] ERROR : cuLaunchKernel -> Returned: 701
	[TornadoVM-PTX-JNI] ERROR : cuLaunchKernel -> Returned: 701
	[TornadoVM-PTX-JNI] ERROR : cuLaunchKernel -> Returned: 701
	[TornadoVM-PTX-JNI] ERROR : cuLaunchKernel -> Returned: 701
	[TornadoVM-PTX-JNI] ERROR : cuLaunchKernel -> Returned: 701
	[TornadoVM-PTX-JNI] ERROR : cuLaunchKernel -> Returned: 701
	[TornadoVM-PTX-JNI] ERROR : cuLaunchKernel -> Returned: 701
	[TornadoVM-PTX-JNI] ERROR : cuLaunchKernel -> Returned: 701
	[TornadoVM-PTX-JNI] ERROR : cuLaunchKernel -> Returned: 701
	[TornadoVM-PTX-JNI] ERROR : cuLaunchKernel -> Returned: 701
	[TornadoVM-PTX-JNI] ERROR : cuLaunchKernel -> Returned: 701
	[TornadoVM-PTX-JNI] ERROR : cuLaunchKernel -> Returned: 701
	[TornadoVM-PTX-JNI] ERROR : cuLaunchKernel -> Returned: 701
	[TornadoVM-PTX-JNI] ERROR : cuLaunchKernel -> Returned: 701
	[TornadoVM-PTX-JNI] ERROR : cuLaunchKernel -> Returned: 701
	[TornadoVM-PTX-JNI] ERROR : cuLaunchKernel -> Returned: 701
	[TornadoVM-PTX-JNI] ERROR : cuLaunchKernel -> Returned: 701
	[TornadoVM-PTX-JNI] ERROR : cuLaunchKernel -> Returned: 701
	[TornadoVM-PTX-JNI] ERROR : cuLaunchKernel -> Returned: 701
	[TornadoVM-PTX-JNI] ERROR : cuLaunchKernel -> Returned: 701
	[TornadoVM-PTX-JNI] ERROR : cuLaunchKernel -> Returned: 701
	[TornadoVM-PTX-JNI] ERROR : cuLaunchKernel -> Returned: 701
	[TornadoVM-PTX-JNI] ERROR : cuLaunchKernel -> Returned: 701
	[TornadoVM-PTX-JNI] ERROR : cuLaunchKernel -> Returned: 701
	[TornadoVM-PTX-JNI] ERROR : cuLaunchKernel -> Returned: 701
	[TornadoVM-PTX-JNI] ERROR : cuLaunchKernel -> Returned: 701
	[TornadoVM-PTX-JNI] ERROR : cuLaunchKernel -> Returned: 701
	[TornadoVM-PTX-JNI] ERROR : cuLaunchKernel -> Returned: 701
	[TornadoVM-PTX-JNI] ERROR : cuLaunchKernel -> Returned: 701
	[TornadoVM-PTX-JNI] ERROR : cuLaunchKernel -> Returned: 701
	[TornadoVM-PTX-JNI] ERROR : cuLaunchKernel -> Returned: 701
	[TornadoVM-PTX-JNI] ERROR : cuLaunchKernel -> Returned: 701
	[TornadoVM-PTX-JNI] ERROR : cuLaunchKernel -> Returned: 701
	[TornadoVM-PTX-JNI] ERROR : cuLaunchKernel -> Returned: 701
	[TornadoVM-PTX-JNI] ERROR : cuLaunchKernel -> Returned: 701
	[TornadoVM-PTX-JNI] ERROR : cuLaunchKernel -> Returned: 701
	[TornadoVM-PTX-JNI] ERROR : cuLaunchKernel -> Returned: 701
	[TornadoVM-PTX-JNI] ERROR : cuLaunchKernel -> Returned: 701
	[TornadoVM-PTX-JNI] ERROR : cuLaunchKernel -> Returned: 701
	[TornadoVM-PTX-JNI] ERROR : cuLaunchKernel -> Returned: 701
	[TornadoVM-PTX-JNI] ERROR : cuLaunchKernel -> Returned: 701
	[TornadoVM-PTX-JNI] ERROR : cuLaunchKernel -> Returned: 701
	[TornadoVM-PTX-JNI] ERROR : cuLaunchKernel -> Returned: 701
	[TornadoVM-PTX-JNI] ERROR : cuLaunchKernel -> Returned: 701
	[TornadoVM-PTX-JNI] ERROR : cuLaunchKernel -> Returned: 701
	[TornadoVM-PTX-JNI] ERROR : cuLaunchKernel -> Returned: 701
	[TornadoVM-PTX-JNI] ERROR : cuLaunchKernel -> Returned: 701
	[TornadoVM-PTX-JNI] ERROR : cuLaunchKernel -> Returned: 701
	[TornadoVM-PTX-JNI] ERROR : cuLaunchKernel -> Returned: 701
	[TornadoVM-PTX-JNI] ERROR : cuLaunchKernel -> Returned: 701
	[TornadoVM-PTX-JNI] ERROR : cuLaunchKernel -> Returned: 701
	[TornadoVM-PTX-JNI] ERROR : cuLaunchKernel -> Returned: 701
	[TornadoVM-PTX-JNI] ERROR : cuLaunchKernel -> Returned: 701
	[TornadoVM-PTX-JNI] ERROR : cuLaunchKernel -> Returned: 701
	[TornadoVM-PTX-JNI] ERROR : cuLaunchKernel -> Returned: 701
	[TornadoVM-PTX-JNI] ERROR : cuLaunchKernel -> Returned: 701
	[TornadoVM-PTX-JNI] ERROR : cuLaunchKernel -> Returned: 701
	[TornadoVM-PTX-JNI] ERROR : cuLaunchKernel -> Returned: 701
	[TornadoVM-PTX-JNI] ERROR : cuLaunchKernel -> Returned: 701
	[TornadoVM-PTX-JNI] ERROR : cuLaunchKernel -> Returned: 701
	[TornadoVM-PTX-JNI] ERROR : cuLaunchKernel -> Returned: 701
	[TornadoVM-PTX-JNI] ERROR : cuLaunchKernel -> Returned: 701
	[TornadoVM-PTX-JNI] ERROR : cuLaunchKernel -> Returned: 701
	[TornadoVM-PTX-JNI] ERROR : cuLaunchKernel -> Returned: 701
	[TornadoVM-PTX-JNI] ERROR : cuLaunchKernel -> Returned: 701
	[TornadoVM-PTX-JNI] ERROR : cuLaunchKernel -> Returned: 701
	[TornadoVM-PTX-JNI] ERROR : cuLaunchKernel -> Returned: 701
	[TornadoVM-PTX-JNI] ERROR : cuLaunchKernel -> Returned: 701
	[TornadoVM-PTX-JNI] ERROR : cuLaunchKernel -> Returned: 701
	[TornadoVM-PTX-JNI] ERROR : cuLaunchKernel -> Returned: 701
	[TornadoVM-PTX-JNI] ERROR : cuLaunchKernel -> Returned: 701
	[TornadoVM-PTX-JNI] ERROR : cuLaunchKernel -> Returned: 701
	[TornadoVM-PTX-JNI] ERROR : cuLaunchKernel -> Returned: 701
	[TornadoVM-PTX-JNI] ERROR : cuLaunchKernel -> Returned: 701
	[TornadoVM-PTX-JNI] ERROR : cuLaunchKernel -> Returned: 701
	[TornadoVM-PTX-JNI] ERROR : cuLaunchKernel -> Returned: 701
	[TornadoVM-PTX-JNI] ERROR : cuLaunchKernel -> Returned: 701
	[TornadoVM-PTX-JNI] ERROR : cuLaunchKernel -> Returned: 701
	[TornadoVM-PTX-JNI] ERROR : cuLaunchKernel -> Returned: 701
	[TornadoVM-PTX-JNI] ERROR : cuLaunchKernel -> Returned: 701
	[TornadoVM-PTX-JNI] ERROR : cuLaunchKernel -> Returned: 701
	[TornadoVM-PTX-JNI] ERROR : cuLaunchKernel -> Returned: 701
	[TornadoVM-PTX-JNI] ERROR : cuLaunchKernel -> Returned: 701
	[TornadoVM-PTX-JNI] ERROR : cuLaunchKernel -> Returned: 701
	[TornadoVM-PTX-JNI] ERROR : cuLaunchKernel -> Returned: 701
	[TornadoVM-PTX-JNI] ERROR : cuLaunchKernel -> Returned: 701
	[TornadoVM-PTX-JNI] ERROR : cuLaunchKernel -> Returned: 701
	[TornadoVM-PTX-JNI] ERROR : cuLaunchKernel -> Returned: 701
	[TornadoVM-PTX-JNI] ERROR : cuLaunchKernel -> Returned: 701
	[TornadoVM-PTX-JNI] ERROR : cuLaunchKernel -> Returned: 701
	[TornadoVM-PTX-JNI] ERROR : cuLaunchKernel -> Returned: 701
	[TornadoVM-PTX-JNI] ERROR : cuLaunchKernel -> Returned: 701
	[TornadoVM-PTX-JNI] ERROR : cuLaunchKernel -> Returned: 701
	[TornadoVM-PTX-JNI] ERROR : cuLaunchKernel -> Returned: 701
	[TornadoVM-PTX-JNI] ERROR : cuLaunchKernel -> Returned: 701
	[TornadoVM-PTX-JNI] ERROR : cuLaunchKernel -> Returned: 701
	[TornadoVM-PTX-JNI] ERROR : cuLaunchKernel -> Returned: 701
	[TornadoVM-PTX-JNI] ERROR : cuLaunchKernel -> Returned: 701
	[TornadoVM-PTX-JNI] ERROR : cuLaunchKernel -> Returned: 701
	[TornadoVM-PTX-JNI] ERROR : cuLaunchKernel -> Returned: 701
	[TornadoVM-PTX-JNI] ERROR : cuLaunchKernel -> Returned: 701
	[TornadoVM-PTX-JNI] ERROR : cuLaunchKernel -> Returned: 701
	[TornadoVM-PTX-JNI] ERROR : cuLaunchKernel -> Returned: 701
	[TornadoVM-PTX-JNI] ERROR : cuLaunchKernel -> Returned: 701
	[TornadoVM-PTX-JNI] ERROR : cuLaunchKernel -> Returned: 701
	[TornadoVM-PTX-JNI] ERROR : cuLaunchKernel -> Returned: 701
	[TornadoVM-PTX-JNI] ERROR : cuLaunchKernel -> Returned: 701
	[TornadoVM-PTX-JNI] ERROR : cuLaunchKernel -> Returned: 701
	[TornadoVM-PTX-JNI] ERROR : cuLaunchKernel -> Returned: 701
	[TornadoVM-PTX-JNI] ERROR : cuLaunchKernel -> Returned: 701
	[TornadoVM-PTX-JNI] ERROR : cuLaunchKernel -> Returned: 701
	[TornadoVM-PTX-JNI] ERROR : cuLaunchKernel -> Returned: 701
	[TornadoVM-PTX-JNI] ERROR : cuLaunchKernel -> Returned: 701
	[TornadoVM-PTX-JNI] ERROR : cuLaunchKernel -> Returned: 701
	[TornadoVM-PTX-JNI] ERROR : cuLaunchKernel -> Returned: 701
	[TornadoVM-PTX-JNI] ERROR : cuLaunchKernel -> Returned: 701
	[TornadoVM-PTX-JNI] ERROR : cuLaunchKernel -> Returned: 701
	[TornadoVM-PTX-JNI] ERROR : cuLaunchKernel -> Returned: 701
	[TornadoVM-PTX-JNI] ERROR : cuLaunchKernel -> Returned: 701
	[TornadoVM-PTX-JNI] ERROR : cuLaunchKernel -> Returned: 701
	[TornadoVM-PTX-JNI] ERROR : cuLaunchKernel -> Returned: 701
	[TornadoVM-PTX-JNI] ERROR : cuLaunchKernel -> Returned: 701
	[TornadoVM-PTX-JNI] ERROR : cuLaunchKernel -> Returned: 701
	[TornadoVM-PTX-JNI] ERROR : cuLaunchKernel -> Returned: 701
	[TornadoVM-PTX-JNI] ERROR : cuLaunchKernel -> Returned: 701
	[TornadoVM-PTX-JNI] ERROR : cuLaunchKernel -> Returned: 701
	[TornadoVM-PTX-JNI] ERROR : cuLaunchKernel -> Returned: 701
	[TornadoVM-PTX-JNI] ERROR : cuLaunchKernel -> Returned: 701
	[TornadoVM-PTX-JNI] ERROR : cuLaunchKernel -> Returned: 701
	[TornadoVM-PTX-JNI] ERROR : cuLaunchKernel -> Returned: 701
	[TornadoVM-PTX-JNI] ERROR : cuLaunchKernel -> Returned: 701
	[TornadoVM-PTX-JNI] ERROR : cuLaunchKernel -> Returned: 701
	[TornadoVM-PTX-JNI] ERROR : cuLaunchKernel -> Returned: 701
	[TornadoVM-PTX-JNI] ERROR : cuLaunchKernel -> Returned: 701
	[TornadoVM-PTX-JNI] ERROR : cuLaunchKernel -> Returned: 701
	[TornadoVM-PTX-JNI] ERROR : cuLaunchKernel -> Returned: 701
	[TornadoVM-PTX-JNI] ERROR : cuLaunchKernel -> Returned: 701
	[TornadoVM-PTX-JNI] ERROR : cuLaunchKernel -> Returned: 701
	[TornadoVM-PTX-JNI] ERROR : cuLaunchKernel -> Returned: 701
	[TornadoVM-PTX-JNI] ERROR : cuLaunchKernel -> Returned: 701
	[TornadoVM-PTX-JNI] ERROR : cuLaunchKernel -> Returned: 701
	[TornadoVM-PTX-JNI] ERROR : cuLaunchKernel -> Returned: 701
	[TornadoVM-PTX-JNI] ERROR : cuLaunchKernel -> Returned: 701
	[TornadoVM-PTX-JNI] ERROR : cuLaunchKernel -> Returned: 701
	[TornadoVM-PTX-JNI] ERROR : cuLaunchKernel -> Returned: 701
	[TornadoVM-PTX-JNI] ERROR : cuLaunchKernel -> Returned: 701
	[TornadoVM-PTX-JNI] ERROR : cuLaunchKernel -> Returned: 701
	[TornadoVM-PTX-JNI] ERROR : cuLaunchKernel -> Returned: 701
	[TornadoVM-PTX-JNI] ERROR : cuLaunchKernel -> Returned: 701
	[TornadoVM-PTX-JNI] ERROR : cuLaunchKernel -> Returned: 701
	[TornadoVM-PTX-JNI] ERROR : cuLaunchKernel -> Returned: 701
	[TornadoVM-PTX-JNI] ERROR : cuLaunchKernel -> Returned: 701
	[TornadoVM-PTX-JNI] ERROR : cuLaunchKernel -> Returned: 701
	[TornadoVM-PTX-JNI] ERROR : cuLaunchKernel -> Returned: 701
	[TornadoVM-PTX-JNI] ERROR : cuLaunchKernel -> Returned: 701
	[TornadoVM-PTX-JNI] ERROR : cuLaunchKernel -> Returned: 701
	[TornadoVM-PTX-JNI] ERROR : cuLaunchKernel -> Returned: 701
	[TornadoVM-PTX-JNI] ERROR : cuLaunchKernel -> Returned: 701
	[TornadoVM-PTX-JNI] ERROR : cuLaunchKernel -> Returned: 701
	[TornadoVM-PTX-JNI] ERROR : cuLaunchKernel -> Returned: 701
	[TornadoVM-PTX-JNI] ERROR : cuLaunchKernel -> Returned: 701
	[TornadoVM-PTX-JNI] ERROR : cuLaunchKernel -> Returned: 701
	[TornadoVM-PTX-JNI] ERROR : cuLaunchKernel -> Returned: 701
	[TornadoVM-PTX-JNI] ERROR : cuLaunchKernel -> Returned: 701
	[TornadoVM-PTX-JNI] ERROR : cuLaunchKernel -> Returned: 701
	[TornadoVM-PTX-JNI] ERROR : cuLaunchKernel -> Returned: 701
	[TornadoVM-PTX-JNI] ERROR : cuLaunchKernel -> Returned: 701
	[TornadoVM-PTX-JNI] ERROR : cuLaunchKernel -> Returned: 701
	[TornadoVM-PTX-JNI] ERROR : cuLaunchKernel -> Returned: 701
	[TornadoVM-PTX-JNI] ERROR : cuLaunchKernel -> Returned: 701
	[TornadoVM-PTX-JNI] ERROR : cuLaunchKernel -> Returned: 701
	[TornadoVM-PTX-JNI] ERROR : cuLaunchKernel -> Returned: 701
	[TornadoVM-PTX-JNI] ERROR : cuLaunchKernel -> Returned: 701
	[TornadoVM-PTX-JNI] ERROR : cuLaunchKernel -> Returned: 701
	[TornadoVM-PTX-JNI] ERROR : cuLaunchKernel -> Returned: 701
	[TornadoVM-PTX-JNI] ERROR : cuLaunchKernel -> Returned: 701
	[TornadoVM-PTX-JNI] ERROR : cuLaunchKernel -> Returned: 701
	[TornadoVM-PTX-JNI] ERROR : cuLaunchKernel -> Returned: 701
	[TornadoVM-PTX-JNI] ERROR : cuLaunchKernel -> Returned: 701
	[TornadoVM-PTX-JNI] ERROR : cuLaunchKernel -> Returned: 701
	[TornadoVM-PTX-JNI] ERROR : cuLaunchKernel -> Returned: 701
	[TornadoVM-PTX-JNI] ERROR : cuLaunchKernel -> Returned: 701
	[TornadoVM-PTX-JNI] ERROR : cuLaunchKernel -> Returned: 701
	[TornadoVM-PTX-JNI] ERROR : cuLaunchKernel -> Returned: 701
	[TornadoVM-PTX-JNI] ERROR : cuLaunchKernel -> Returned: 701
	[TornadoVM-PTX-JNI] ERROR : cuLaunchKernel -> Returned: 701
	[TornadoVM-PTX-JNI] ERROR : cuLaunchKernel -> Returned: 701
	[TornadoVM-PTX-JNI] ERROR : cuLaunchKernel -> Returned: 701
	[TornadoVM-PTX-JNI] ERROR : cuLaunchKernel -> Returned: 701
	[TornadoVM-PTX-JNI] ERROR : cuLaunchKernel -> Returned: 701
	[TornadoVM-PTX-JNI] ERROR : cuLaunchKernel -> Returned: 701
	[TornadoVM-PTX-JNI] ERROR : cuLaunchKernel -> Returned: 701
	[TornadoVM-PTX-JNI] ERROR : cuLaunchKernel -> Returned: 701
	[TornadoVM-PTX-JNI] ERROR : cuLaunchKernel -> Returned: 701
	[TornadoVM-PTX-JNI] ERROR : cuLaunchKernel -> Returned: 701
	[TornadoVM-PTX-JNI] ERROR : cuLaunchKernel -> Returned: 701
	[TornadoVM-PTX-JNI] ERROR : cuLaunchKernel -> Returned: 701
	[TornadoVM-PTX-JNI] ERROR : cuLaunchKernel -> Returned: 701
	[TornadoVM-PTX-JNI] ERROR : cuLaunchKernel -> Returned: 701
	[TornadoVM-PTX-JNI] ERROR : cuLaunchKernel -> Returned: 701
	[TornadoVM-PTX-JNI] ERROR : cuLaunchKernel -> Returned: 701
	[TornadoVM-PTX-JNI] ERROR : cuLaunchKernel -> Returned: 701
	[TornadoVM-PTX-JNI] ERROR : cuLaunchKernel -> Returned: 701
	[TornadoVM-PTX-JNI] ERROR : cuLaunchKernel -> Returned: 701
	[TornadoVM-PTX-JNI] ERROR : cuLaunchKernel -> Returned: 701
	[TornadoVM-PTX-JNI] ERROR : cuLaunchKernel -> Returned: 701
	[TornadoVM-PTX-JNI] ERROR : cuLaunchKernel -> Returned: 701
	[TornadoVM-PTX-JNI] ERROR : cuLaunchKernel -> Returned: 701
	[TornadoVM-PTX-JNI] ERROR : cuLaunchKernel -> Returned: 701
	[TornadoVM-PTX-JNI] ERROR : cuLaunchKernel -> Returned: 701
	[TornadoVM-PTX-JNI] ERROR : cuLaunchKernel -> Returned: 701
	[TornadoVM-PTX-JNI] ERROR : cuLaunchKernel -> Returned: 701
	[TornadoVM-PTX-JNI] ERROR : cuLaunchKernel -> Returned: 701
	[TornadoVM-PTX-JNI] ERROR : cuLaunchKernel -> Returned: 701
	[TornadoVM-PTX-JNI] ERROR : cuLaunchKernel -> Returned: 701
	[TornadoVM-PTX-JNI] ERROR : cuLaunchKernel -> Returned: 701
	[TornadoVM-PTX-JNI] ERROR : cuLaunchKernel -> Returned: 701
	[TornadoVM-PTX-JNI] ERROR : cuLaunchKernel -> Returned: 701
	[TornadoVM-PTX-JNI] ERROR : cuLaunchKernel -> Returned: 701
	[TornadoVM-PTX-JNI] ERROR : cuLaunchKernel -> Returned: 701
	[TornadoVM-PTX-JNI] ERROR : cuLaunchKernel -> Returned: 701
	[TornadoVM-PTX-JNI] ERROR : cuLaunchKernel -> Returned: 701
	[TornadoVM-PTX-JNI] ERROR : cuLaunchKernel -> Returned: 701
	[TornadoVM-PTX-JNI] ERROR : cuLaunchKernel -> Returned: 701
	[TornadoVM-PTX-JNI] ERROR : cuLaunchKernel -> Returned: 701
	[TornadoVM-PTX-JNI] ERROR : cuLaunchKernel -> Returned: 701
	[TornadoVM-PTX-JNI] ERROR : cuLaunchKernel -> Returned: 701
	[TornadoVM-PTX-JNI] ERROR : cuLaunchKernel -> Returned: 701
	[TornadoVM-PTX-JNI] ERROR : cuLaunchKernel -> Returned: 701
	[TornadoVM-PTX-JNI] ERROR : cuLaunchKernel -> Returned: 701
	[TornadoVM-PTX-JNI] ERROR : cuLaunchKernel -> Returned: 701
	[TornadoVM-PTX-JNI] ERROR : cuLaunchKernel -> Returned: 701
	[TornadoVM-PTX-JNI] ERROR : cuLaunchKernel -> Returned: 701
	[TornadoVM-PTX-JNI] ERROR : cuLaunchKernel -> Returned: 701
	[TornadoVM-PTX-JNI] ERROR : cuLaunchKernel -> Returned: 701
	[TornadoVM-PTX-JNI] ERROR : cuLaunchKernel -> Returned: 701
	[TornadoVM-PTX-JNI] ERROR : cuLaunchKernel -> Returned: 701
	[TornadoVM-PTX-JNI] ERROR : cuLaunchKernel -> Returned: 701
	[TornadoVM-PTX-JNI] ERROR : cuLaunchKernel -> Returned: 701
	[TornadoVM-PTX-JNI] ERROR : cuLaunchKernel -> Returned: 701
	[TornadoVM-PTX-JNI] ERROR : cuLaunchKernel -> Returned: 701
	[TornadoVM-PTX-JNI] ERROR : cuLaunchKernel -> Returned: 701
	[TornadoVM-PTX-JNI] ERROR : cuLaunchKernel -> Returned: 701
	[TornadoVM-PTX-JNI] ERROR : cuLaunchKernel -> Returned: 701
	[TornadoVM-PTX-JNI] ERROR : cuLaunchKernel -> Returned: 701
	[TornadoVM-PTX-JNI] ERROR : cuLaunchKernel -> Returned: 701
	[TornadoVM-PTX-JNI] ERROR : cuLaunchKernel -> Returned: 701
	[TornadoVM-PTX-JNI] ERROR : cuLaunchKernel -> Returned: 701
	[TornadoVM-PTX-JNI] ERROR : cuLaunchKernel -> Returned: 701
	[TornadoVM-PTX-JNI] ERROR : cuLaunchKernel -> Returned: 701
	[TornadoVM-PTX-JNI] ERROR : cuLaunchKernel -> Returned: 701
	[TornadoVM-PTX-JNI] ERROR : cuLaunchKernel -> Returned: 701
	[TornadoVM-PTX-JNI] ERROR : cuLaunchKernel -> Returned: 701
	[TornadoVM-PTX-JNI] ERROR : cuLaunchKernel -> Returned: 701
	[TornadoVM-PTX-JNI] ERROR : cuLaunchKernel -> Returned: 701
	[TornadoVM-PTX-JNI] ERROR : cuLaunchKernel -> Returned: 701
	[TornadoVM-PTX-JNI] ERROR : cuLaunchKernel -> Returned: 701
	[TornadoVM-PTX-JNI] ERROR : cuLaunchKernel -> Returned: 701
	[TornadoVM-PTX-JNI] ERROR : cuLaunchKernel -> Returned: 701
	[TornadoVM-PTX-JNI] ERROR : cuLaunchKernel -> Returned: 701
	[TornadoVM-PTX-JNI] ERROR : cuLaunchKernel -> Returned: 701
	[TornadoVM-PTX-JNI] ERROR : cuLaunchKernel -> Returned: 701
	[TornadoVM-PTX-JNI] ERROR : cuLaunchKernel -> Returned: 701
	[TornadoVM-PTX-JNI] ERROR : cuLaunchKernel -> Returned: 701
	[TornadoVM-PTX-JNI] ERROR : cuLaunchKernel -> Returned: 701
	[TornadoVM-PTX-JNI] ERROR : cuLaunchKernel -> Returned: 701
	[TornadoVM-PTX-JNI] ERROR : cuLaunchKernel -> Returned: 701
	[TornadoVM-PTX-JNI] ERROR : cuLaunchKernel -> Returned: 701
	[TornadoVM-PTX-JNI] ERROR : cuLaunchKernel -> Returned: 701
	[TornadoVM-PTX-JNI] ERROR : cuLaunchKernel -> Returned: 701
	[TornadoVM-PTX-JNI] ERROR : cuLaunchKernel -> Returned: 701
	[TornadoVM-PTX-JNI] ERROR : cuLaunchKernel -> Returned: 701
	[TornadoVM-PTX-JNI] ERROR : cuLaunchKernel -> Returned: 701
	[TornadoVM-PTX-JNI] ERROR : cuLaunchKernel -> Returned: 701
	[TornadoVM-PTX-JNI] ERROR : cuLaunchKernel -> Returned: 701
	[TornadoVM-PTX-JNI] ERROR : cuLaunchKernel -> Returned: 701
	[TornadoVM-PTX-JNI] ERROR : cuLaunchKernel -> Returned: 701
	[TornadoVM-PTX-JNI] ERROR : cuLaunchKernel -> Returned: 701
	[TornadoVM-PTX-JNI] ERROR : cuLaunchKernel -> Returned: 701
	[TornadoVM-PTX-JNI] ERROR : cuLaunchKernel -> Returned: 701
	[TornadoVM-PTX-JNI] ERROR : cuLaunchKernel -> Returned: 701
	[TornadoVM-PTX-JNI] ERROR : cuLaunchKernel -> Returned: 701
	[TornadoVM-PTX-JNI] ERROR : cuLaunchKernel -> Returned: 701
	[TornadoVM-PTX-JNI] ERROR : cuLaunchKernel -> Returned: 701
	[TornadoVM-PTX-JNI] ERROR : cuLaunchKernel -> Returned: 701
	[TornadoVM-PTX-JNI] ERROR : cuLaunchKernel -> Returned: 701
	[TornadoVM-PTX-JNI] ERROR : cuLaunchKernel -> Returned: 701
	[TornadoVM-PTX-JNI] ERROR : cuLaunchKernel -> Returned: 701
	[TornadoVM-PTX-JNI] ERROR : cuLaunchKernel -> Returned: 701
	[TornadoVM-PTX-JNI] ERROR : cuLaunchKernel -> Returned: 701
	[TornadoVM-PTX-JNI] ERROR : cuLaunchKernel -> Returned: 701
	[TornadoVM-PTX-JNI] ERROR : cuLaunchKernel -> Returned: 701
	[TornadoVM-PTX-JNI] ERROR : cuLaunchKernel -> Returned: 701
	[TornadoVM-PTX-JNI] ERROR : cuLaunchKernel -> Returned: 701
	[TornadoVM-PTX-JNI] ERROR : cuLaunchKernel -> Returned: 701
	[TornadoVM-PTX-JNI] ERROR : cuLaunchKernel -> Returned: 701
	[TornadoVM-PTX-JNI] ERROR : cuLaunchKernel -> Returned: 701
	[TornadoVM-PTX-JNI] ERROR : cuLaunchKernel -> Returned: 701
	[TornadoVM-PTX-JNI] ERROR : cuLaunchKernel -> Returned: 701
	[TornadoVM-PTX-JNI] ERROR : cuLaunchKernel -> Returned: 701
	[TornadoVM-PTX-JNI] ERROR : cuLaunchKernel -> Returned: 701
	[TornadoVM-PTX-JNI] ERROR : cuLaunchKernel -> Returned: 701
	[TornadoVM-PTX-JNI] ERROR : cuLaunchKernel -> Returned: 701
	[TornadoVM-PTX-JNI] ERROR : cuLaunchKernel -> Returned: 701
	[TornadoVM-PTX-JNI] ERROR : cuLaunchKernel -> Returned: 701
	[TornadoVM-PTX-JNI] ERROR : cuLaunchKernel -> Returned: 701
	[TornadoVM-PTX-JNI] ERROR : cuLaunchKernel -> Returned: 701
	[TornadoVM-PTX-JNI] ERROR : cuLaunchKernel -> Returned: 701
	[TornadoVM-PTX-JNI] ERROR : cuLaunchKernel -> Returned: 701
	[TornadoVM-PTX-JNI] ERROR : cuLaunchKernel -> Returned: 701
	[TornadoVM-PTX-JNI] ERROR : cuLaunchKernel -> Returned: 701
	[TornadoVM-PTX-JNI] ERROR : cuLaunchKernel -> Returned: 701
	[TornadoVM-PTX-JNI] ERROR : cuLaunchKernel -> Returned: 701
	[TornadoVM-PTX-JNI] ERROR : cuLaunchKernel -> Returned: 701
	[TornadoVM-PTX-JNI] ERROR : cuLaunchKernel -> Returned: 701
	[TornadoVM-PTX-JNI] ERROR : cuLaunchKernel -> Returned: 701
	[TornadoVM-PTX-JNI] ERROR : cuLaunchKernel -> Returned: 701
	[TornadoVM-PTX-JNI] ERROR : cuLaunchKernel -> Returned: 701
	[TornadoVM-PTX-JNI] ERROR : cuLaunchKernel -> Returned: 701
	[TornadoVM-PTX-JNI] ERROR : cuLaunchKernel -> Returned: 701
	[TornadoVM-PTX-JNI] ERROR : cuLaunchKernel -> Returned: 701
	[TornadoVM-PTX-JNI] ERROR : cuLaunchKernel -> Returned: 701
	[TornadoVM-PTX-JNI] ERROR : cuLaunchKernel -> Returned: 701
	[TornadoVM-PTX-JNI] ERROR : cuLaunchKernel -> Returned: 701
	[TornadoVM-PTX-JNI] ERROR : cuLaunchKernel -> Returned: 701
	[TornadoVM-PTX-JNI] ERROR : cuLaunchKernel -> Returned: 701
	[TornadoVM-PTX-JNI] ERROR : cuLaunchKernel -> Returned: 701
	[TornadoVM-PTX-JNI] ERROR : cuLaunchKernel -> Returned: 701
	[TornadoVM-PTX-JNI] ERROR : cuLaunchKernel -> Returned: 701
	[TornadoVM-PTX-JNI] ERROR : cuLaunchKernel -> Returned: 701
	[TornadoVM-PTX-JNI] ERROR : cuLaunchKernel -> Returned: 701
	[TornadoVM-PTX-JNI] ERROR : cuLaunchKernel -> Returned: 701
	[TornadoVM-PTX-JNI] ERROR : cuLaunchKernel -> Returned: 701
	[TornadoVM-PTX-JNI] ERROR : cuLaunchKernel -> Returned: 701
	[TornadoVM-PTX-JNI] ERROR : cuLaunchKernel -> Returned: 701
	[TornadoVM-PTX-JNI] ERROR : cuLaunchKernel -> Returned: 701
	[TornadoVM-PTX-JNI] ERROR : cuLaunchKernel -> Returned: 701
	[TornadoVM-PTX-JNI] ERROR : cuLaunchKernel -> Returned: 701
	[TornadoVM-PTX-JNI] ERROR : cuLaunchKernel -> Returned: 701
	[TornadoVM-PTX-JNI] ERROR : cuLaunchKernel -> Returned: 701
	[TornadoVM-PTX-JNI] ERROR : cuLaunchKernel -> Returned: 701
	[TornadoVM-PTX-JNI] ERROR : cuLaunchKernel -> Returned: 701
	[TornadoVM-PTX-JNI] ERROR : cuLaunchKernel -> Returned: 701
	[TornadoVM-PTX-JNI] ERROR : cuLaunchKernel -> Returned: 701
	[TornadoVM-PTX-JNI] ERROR : cuLaunchKernel -> Returned: 701
	[TornadoVM-PTX-JNI] ERROR : cuLaunchKernel -> Returned: 701
	[TornadoVM-PTX-JNI] ERROR : cuLaunchKernel -> Returned: 701
	[TornadoVM-PTX-JNI] ERROR : cuLaunchKernel -> Returned: 701
	[TornadoVM-PTX-JNI] ERROR : cuLaunchKernel -> Returned: 701
	[TornadoVM-PTX-JNI] ERROR : cuLaunchKernel -> Returned: 701
	[TornadoVM-PTX-JNI] ERROR : cuLaunchKernel -> Returned: 701
	[TornadoVM-PTX-JNI] ERROR : cuLaunchKernel -> Returned: 701
	[TornadoVM-PTX-JNI] ERROR : cuLaunchKernel -> Returned: 701
	[TornadoVM-PTX-JNI] ERROR : cuLaunchKernel -> Returned: 701
	[TornadoVM-PTX-JNI] ERROR : cuLaunchKernel -> Returned: 701
	[TornadoVM-PTX-JNI] ERROR : cuLaunchKernel -> Returned: 701
	[TornadoVM-PTX-JNI] ERROR : cuLaunchKernel -> Returned: 701
	[TornadoVM-PTX-JNI] ERROR : cuLaunchKernel -> Returned: 701
	[TornadoVM-PTX-JNI] ERROR : cuLaunchKernel -> Returned: 701
	[TornadoVM-PTX-JNI] ERROR : cuLaunchKernel -> Returned: 701
	[TornadoVM-PTX-JNI] ERROR : cuLaunchKernel -> Returned: 701
	[TornadoVM-PTX-JNI] ERROR : cuLaunchKernel -> Returned: 701
	[TornadoVM-PTX-JNI] ERROR : cuLaunchKernel -> Returned: 701
	[TornadoVM-PTX-JNI] ERROR : cuLaunchKernel -> Returned: 701
	[TornadoVM-PTX-JNI] ERROR : cuLaunchKernel -> Returned: 701
	[TornadoVM-PTX-JNI] ERROR : cuLaunchKernel -> Returned: 701
	[TornadoVM-PTX-JNI] ERROR : cuLaunchKernel -> Returned: 701
	[TornadoVM-PTX-JNI] ERROR : cuLaunchKernel -> Returned: 701
	[TornadoVM-PTX-JNI] ERROR : cuLaunchKernel -> Returned: 701
	[TornadoVM-PTX-JNI] ERROR : cuLaunchKernel -> Returned: 701
	[TornadoVM-PTX-JNI] ERROR : cuLaunchKernel -> Returned: 701
	[TornadoVM-PTX-JNI] ERROR : cuLaunchKernel -> Returned: 701
	[TornadoVM-PTX-JNI] ERROR : cuLaunchKernel -> Returned: 701
	[TornadoVM-PTX-JNI] ERROR : cuLaunchKernel -> Returned: 701
	[TornadoVM-PTX-JNI] ERROR : cuLaunchKernel -> Returned: 701
	[TornadoVM-PTX-JNI] ERROR : cuLaunchKernel -> Returned: 701
	[TornadoVM-PTX-JNI] ERROR : cuLaunchKernel -> Returned: 701
	[TornadoVM-PTX-JNI] ERROR : cuLaunchKernel -> Returned: 701
	[TornadoVM-PTX-JNI] ERROR : cuLaunchKernel -> Returned: 701
	[TornadoVM-PTX-JNI] ERROR : cuLaunchKernel -> Returned: 701
	[TornadoVM-PTX-JNI] ERROR : cuLaunchKernel -> Returned: 701
	[TornadoVM-PTX-JNI] ERROR : cuLaunchKernel -> Returned: 701
	[TornadoVM-PTX-JNI] ERROR : cuLaunchKernel -> Returned: 701
	[TornadoVM-PTX-JNI] ERROR : cuLaunchKernel -> Returned: 701
	[TornadoVM-PTX-JNI] ERROR : cuLaunchKernel -> Returned: 701
	[TornadoVM-PTX-JNI] ERROR : cuLaunchKernel -> Returned: 701
	[TornadoVM-PTX-JNI] ERROR : cuLaunchKernel -> Returned: 701
	[TornadoVM-PTX-JNI] ERROR : cuLaunchKernel -> Returned: 701
	[TornadoVM-PTX-JNI] ERROR : cuLaunchKernel -> Returned: 701
	[TornadoVM-PTX-JNI] ERROR : cuLaunchKernel -> Returned: 701
	[TornadoVM-PTX-JNI] ERROR : cuLaunchKernel -> Returned: 701
	[TornadoVM-PTX-JNI] ERROR : cuLaunchKernel -> Returned: 701
	[TornadoVM-PTX-JNI] ERROR : cuLaunchKernel -> Returned: 701
	[TornadoVM-PTX-JNI] ERROR : cuLaunchKernel -> Returned: 701
	[TornadoVM-PTX-JNI] ERROR : cuLaunchKernel -> Returned: 701
[GATHER] call=1000 totalDirty=0 maxThread=0 cumAvg=40.0 cumMaxPerThread=11
	[TornadoVM-PTX-JNI] ERROR : cuLaunchKernel -> Returned: 701
	[TornadoVM-PTX-JNI] ERROR : cuLaunchKernel -> Returned: 701
	[TornadoVM-PTX-JNI] ERROR : cuLaunchKernel -> Returned: 701
	[TornadoVM-PTX-JNI] ERROR : cuLaunchKernel -> Returned: 701
	[TornadoVM-PTX-JNI] ERROR : cuLaunchKernel -> Returned: 701
	[TornadoVM-PTX-JNI] ERROR : cuLaunchKernel -> Returned: 701
	[TornadoVM-PTX-JNI] ERROR : cuLaunchKernel -> Returned: 701
	[TornadoVM-PTX-JNI] ERROR : cuLaunchKernel -> Returned: 701
	[TornadoVM-PTX-JNI] ERROR : cuLaunchKernel -> Returned: 701
	[TornadoVM-PTX-JNI] ERROR : cuLaunchKernel -> Returned: 701
	[TornadoVM-PTX-JNI] ERROR : cuLaunchKernel -> Returned: 701
	[TornadoVM-PTX-JNI] ERROR : cuLaunchKernel -> Returned: 701
	[TornadoVM-PTX-JNI] ERROR : cuLaunchKernel -> Returned: 701
	[TornadoVM-PTX-JNI] ERROR : cuLaunchKernel -> Returned: 701
	[TornadoVM-PTX-JNI] ERROR : cuLaunchKernel -> Returned: 701
	[TornadoVM-PTX-JNI] ERROR : cuLaunchKernel -> Returned: 701
	[TornadoVM-PTX-JNI] ERROR : cuLaunchKernel -> Returned: 701
	[TornadoVM-PTX-JNI] ERROR : cuLaunchKernel -> Returned: 701
	[TornadoVM-PTX-JNI] ERROR : cuLaunchKernel -> Returned: 701
	[TornadoVM-PTX-JNI] ERROR : cuLaunchKernel -> Returned: 701
	[TornadoVM-PTX-JNI] ERROR : cuLaunchKernel -> Returned: 701
	[TornadoVM-PTX-JNI] ERROR : cuLaunchKernel -> Returned: 701
	[TornadoVM-PTX-JNI] ERROR : cuLaunchKernel -> Returned: 701
	[TornadoVM-PTX-JNI] ERROR : cuLaunchKernel -> Returned: 701
	[TornadoVM-PTX-JNI] ERROR : cuLaunchKernel -> Returned: 701
	[TornadoVM-PTX-JNI] ERROR : cuLaunchKernel -> Returned: 701
	[TornadoVM-PTX-JNI] ERROR : cuLaunchKernel -> Returned: 701
	[TornadoVM-PTX-JNI] ERROR : cuLaunchKernel -> Returned: 701
	[TornadoVM-PTX-JNI] ERROR : cuLaunchKernel -> Returned: 701
	[TornadoVM-PTX-JNI] ERROR : cuLaunchKernel -> Returned: 701
	[TornadoVM-PTX-JNI] ERROR : cuLaunchKernel -> Returned: 701
	[TornadoVM-PTX-JNI] ERROR : cuLaunchKernel -> Returned: 701
	[TornadoVM-PTX-JNI] ERROR : cuLaunchKernel -> Returned: 701
	[TornadoVM-PTX-JNI] ERROR : cuLaunchKernel -> Returned: 701
	[TornadoVM-PTX-JNI] ERROR : cuLaunchKernel -> Returned: 701
	[TornadoVM-PTX-JNI] ERROR : cuLaunchKernel -> Returned: 701
	[TornadoVM-PTX-JNI] ERROR : cuLaunchKernel -> Returned: 701
	[TornadoVM-PTX-JNI] ERROR : cuLaunchKernel -> Returned: 701
	[TornadoVM-PTX-JNI] ERROR : cuLaunchKernel -> Returned: 701
	[TornadoVM-PTX-JNI] ERROR : cuLaunchKernel -> Returned: 701
	[TornadoVM-PTX-JNI] ERROR : cuLaunchKernel -> Returned: 701
	[TornadoVM-PTX-JNI] ERROR : cuLaunchKernel -> Returned: 701
	[TornadoVM-PTX-JNI] ERROR : cuLaunchKernel -> Returned: 701
	[TornadoVM-PTX-JNI] ERROR : cuLaunchKernel -> Returned: 701
	[TornadoVM-PTX-JNI] ERROR : cuLaunchKernel -> Returned: 701
	[TornadoVM-PTX-JNI] ERROR : cuLaunchKernel -> Returned: 701
	[TornadoVM-PTX-JNI] ERROR : cuLaunchKernel -> Returned: 701
	[TornadoVM-PTX-JNI] ERROR : cuLaunchKernel -> Returned: 701
	[TornadoVM-PTX-JNI] ERROR : cuLaunchKernel -> Returned: 701
	[TornadoVM-PTX-JNI] ERROR : cuLaunchKernel -> Returned: 701
	[TornadoVM-PTX-JNI] ERROR : cuLaunchKernel -> Returned: 701
	[TornadoVM-PTX-JNI] ERROR : cuLaunchKernel -> Returned: 701
	[TornadoVM-PTX-JNI] ERROR : cuLaunchKernel -> Returned: 701
	[TornadoVM-PTX-JNI] ERROR : cuLaunchKernel -> Returned: 701
	[TornadoVM-PTX-JNI] ERROR : cuLaunchKernel -> Returned: 701
	[TornadoVM-PTX-JNI] ERROR : cuLaunchKernel -> Returned: 701
	[TornadoVM-PTX-JNI] ERROR : cuLaunchKernel -> Returned: 701
	[TornadoVM-PTX-JNI] ERROR : cuLaunchKernel -> Returned: 701
	[TornadoVM-PTX-JNI] ERROR : cuLaunchKernel -> Returned: 701
	[TornadoVM-PTX-JNI] ERROR : cuLaunchKernel -> Returned: 701
	[TornadoVM-PTX-JNI] ERROR : cuLaunchKernel -> Returned: 701
	[TornadoVM-PTX-JNI] ERROR : cuLaunchKernel -> Returned: 701
	[TornadoVM-PTX-JNI] ERROR : cuLaunchKernel -> Returned: 701
	[TornadoVM-PTX-JNI] ERROR : cuLaunchKernel -> Returned: 701
	[TornadoVM-PTX-JNI] ERROR : cuLaunchKernel -> Returned: 701
	[TornadoVM-PTX-JNI] ERROR : cuLaunchKernel -> Returned: 701
	[TornadoVM-PTX-JNI] ERROR : cuLaunchKernel -> Returned: 701
	[TornadoVM-PTX-JNI] ERROR : cuLaunchKernel -> Returned: 701
	[TornadoVM-PTX-JNI] ERROR : cuLaunchKernel -> Returned: 701
	[TornadoVM-PTX-JNI] ERROR : cuLaunchKernel -> Returned: 701
	[TornadoVM-PTX-JNI] ERROR : cuLaunchKernel -> Returned: 701
	[TornadoVM-PTX-JNI] ERROR : cuLaunchKernel -> Returned: 701
	[TornadoVM-PTX-JNI] ERROR : cuLaunchKernel -> Returned: 701
	[TornadoVM-PTX-JNI] ERROR : cuLaunchKernel -> Returned: 701
	[TornadoVM-PTX-JNI] ERROR : cuLaunchKernel -> Returned: 701
	[TornadoVM-PTX-JNI] ERROR : cuLaunchKernel -> Returned: 701
	[TornadoVM-PTX-JNI] ERROR : cuLaunchKernel -> Returned: 701
	[TornadoVM-PTX-JNI] ERROR : cuLaunchKernel -> Returned: 701
	[TornadoVM-PTX-JNI] ERROR : cuLaunchKernel -> Returned: 701
	[TornadoVM-PTX-JNI] ERROR : cuLaunchKernel -> Returned: 701
	[TornadoVM-PTX-JNI] ERROR : cuLaunchKernel -> Returned: 701
	[TornadoVM-PTX-JNI] ERROR : cuLaunchKernel -> Returned: 701
	[TornadoVM-PTX-JNI] ERROR : cuLaunchKernel -> Returned: 701
	[TornadoVM-PTX-JNI] ERROR : cuLaunchKernel -> Returned: 701
	[TornadoVM-PTX-JNI] ERROR : cuLaunchKernel -> Returned: 701
	[TornadoVM-PTX-JNI] ERROR : cuLaunchKernel -> Returned: 701
	[TornadoVM-PTX-JNI] ERROR : cuLaunchKernel -> Returned: 701
	[TornadoVM-PTX-JNI] ERROR : cuLaunchKernel -> Returned: 701
	[TornadoVM-PTX-JNI] ERROR : cuLaunchKernel -> Returned: 701
	[TornadoVM-PTX-JNI] ERROR : cuLaunchKernel -> Returned: 701
	[TornadoVM-PTX-JNI] ERROR : cuLaunchKernel -> Returned: 701
	[TornadoVM-PTX-JNI] ERROR : cuLaunchKernel -> Returned: 701
	[TornadoVM-PTX-JNI] ERROR : cuLaunchKernel -> Returned: 701
	[TornadoVM-PTX-JNI] ERROR : cuLaunchKernel -> Returned: 701
	[TornadoVM-PTX-JNI] ERROR : cuLaunchKernel -> Returned: 701
	[TornadoVM-PTX-JNI] ERROR : cuLaunchKernel -> Returned: 701
	[TornadoVM-PTX-JNI] ERROR : cuLaunchKernel -> Returned: 701
	[TornadoVM-PTX-JNI] ERROR : cuLaunchKernel -> Returned: 701
	[TornadoVM-PTX-JNI] ERROR : cuLaunchKernel -> Returned: 701
	[TornadoVM-PTX-JNI] ERROR : cuLaunchKernel -> Returned: 701
	[TornadoVM-PTX-JNI] ERROR : cuLaunchKernel -> Returned: 701
	[TornadoVM-PTX-JNI] ERROR : cuLaunchKernel -> Returned: 701
	[TornadoVM-PTX-JNI] ERROR : cuLaunchKernel -> Returned: 701
	[TornadoVM-PTX-JNI] ERROR : cuLaunchKernel -> Returned: 701
	[TornadoVM-PTX-JNI] ERROR : cuLaunchKernel -> Returned: 701
	[TornadoVM-PTX-JNI] ERROR : cuLaunchKernel -> Returned: 701
	[TornadoVM-PTX-JNI] ERROR : cuLaunchKernel -> Returned: 701
	[TornadoVM-PTX-JNI] ERROR : cuLaunchKernel -> Returned: 701
	[TornadoVM-PTX-JNI] ERROR : cuLaunchKernel -> Returned: 701
	[TornadoVM-PTX-JNI] ERROR : cuLaunchKernel -> Returned: 701
	[TornadoVM-PTX-JNI] ERROR : cuLaunchKernel -> Returned: 701
	[TornadoVM-PTX-JNI] ERROR : cuLaunchKernel -> Returned: 701
	[TornadoVM-PTX-JNI] ERROR : cuLaunchKernel -> Returned: 701
	[TornadoVM-PTX-JNI] ERROR : cuLaunchKernel -> Returned: 701
	[TornadoVM-PTX-JNI] ERROR : cuLaunchKernel -> Returned: 701
	[TornadoVM-PTX-JNI] ERROR : cuLaunchKernel -> Returned: 701
	[TornadoVM-PTX-JNI] ERROR : cuLaunchKernel -> Returned: 701
	[TornadoVM-PTX-JNI] ERROR : cuLaunchKernel -> Returned: 701
	[TornadoVM-PTX-JNI] ERROR : cuLaunchKernel -> Returned: 701
	[TornadoVM-PTX-JNI] ERROR : cuLaunchKernel -> Returned: 701
	[TornadoVM-PTX-JNI] ERROR : cuLaunchKernel -> Returned: 701
	[TornadoVM-PTX-JNI] ERROR : cuLaunchKernel -> Returned: 701
	[TornadoVM-PTX-JNI] ERROR : cuLaunchKernel -> Returned: 701
	[TornadoVM-PTX-JNI] ERROR : cuLaunchKernel -> Returned: 701
	[TornadoVM-PTX-JNI] ERROR : cuLaunchKernel -> Returned: 701
	[TornadoVM-PTX-JNI] ERROR : cuLaunchKernel -> Returned: 701
	[TornadoVM-PTX-JNI] ERROR : cuLaunchKernel -> Returned: 701
	[TornadoVM-PTX-JNI] ERROR : cuLaunchKernel -> Returned: 701
	[TornadoVM-PTX-JNI] ERROR : cuLaunchKernel -> Returned: 701
	[TornadoVM-PTX-JNI] ERROR : cuLaunchKernel -> Returned: 701
	[TornadoVM-PTX-JNI] ERROR : cuLaunchKernel -> Returned: 701
	[TornadoVM-PTX-JNI] ERROR : cuLaunchKernel -> Returned: 701
	[TornadoVM-PTX-JNI] ERROR : cuLaunchKernel -> Returned: 701
	[TornadoVM-PTX-JNI] ERROR : cuLaunchKernel -> Returned: 701
	[TornadoVM-PTX-JNI] ERROR : cuLaunchKernel -> Returned: 701
	[TornadoVM-PTX-JNI] ERROR : cuLaunchKernel -> Returned: 701
	[TornadoVM-PTX-JNI] ERROR : cuLaunchKernel -> Returned: 701
	[TornadoVM-PTX-JNI] ERROR : cuLaunchKernel -> Returned: 701
	[TornadoVM-PTX-JNI] ERROR : cuLaunchKernel -> Returned: 701
	[TornadoVM-PTX-JNI] ERROR : cuLaunchKernel -> Returned: 701
	[TornadoVM-PTX-JNI] ERROR : cuLaunchKernel -> Returned: 701
	[TornadoVM-PTX-JNI] ERROR : cuLaunchKernel -> Returned: 701
	[TornadoVM-PTX-JNI] ERROR : cuLaunchKernel -> Returned: 701
	[TornadoVM-PTX-JNI] ERROR : cuLaunchKernel -> Returned: 701
	[TornadoVM-PTX-JNI] ERROR : cuLaunchKernel -> Returned: 701
	[TornadoVM-PTX-JNI] ERROR : cuLaunchKernel -> Returned: 701
	[TornadoVM-PTX-JNI] ERROR : cuLaunchKernel -> Returned: 701
	[TornadoVM-PTX-JNI] ERROR : cuLaunchKernel -> Returned: 701
	[TornadoVM-PTX-JNI] ERROR : cuLaunchKernel -> Returned: 701
	[TornadoVM-PTX-JNI] ERROR : cuLaunchKernel -> Returned: 701
	[TornadoVM-PTX-JNI] ERROR : cuLaunchKernel -> Returned: 701
	[TornadoVM-PTX-JNI] ERROR : cuLaunchKernel -> Returned: 701
	[TornadoVM-PTX-JNI] ERROR : cuLaunchKernel -> Returned: 701
	[TornadoVM-PTX-JNI] ERROR : cuLaunchKernel -> Returned: 701
	[TornadoVM-PTX-JNI] ERROR : cuLaunchKernel -> Returned: 701
	[TornadoVM-PTX-JNI] ERROR : cuLaunchKernel -> Returned: 701
	[TornadoVM-PTX-JNI] ERROR : cuLaunchKernel -> Returned: 701
	[TornadoVM-PTX-JNI] ERROR : cuLaunchKernel -> Returned: 701
	[TornadoVM-PTX-JNI] ERROR : cuLaunchKernel -> Returned: 701
	[TornadoVM-PTX-JNI] ERROR : cuLaunchKernel -> Returned: 701
	[TornadoVM-PTX-JNI] ERROR : cuLaunchKernel -> Returned: 701
	[TornadoVM-PTX-JNI] ERROR : cuLaunchKernel -> Returned: 701
	[TornadoVM-PTX-JNI] ERROR : cuLaunchKernel -> Returned: 701
	[TornadoVM-PTX-JNI] ERROR : cuLaunchKernel -> Returned: 701
	[TornadoVM-PTX-JNI] ERROR : cuLaunchKernel -> Returned: 701
	[TornadoVM-PTX-JNI] ERROR : cuLaunchKernel -> Returned: 701
	[TornadoVM-PTX-JNI] ERROR : cuLaunchKernel -> Returned: 701
	[TornadoVM-PTX-JNI] ERROR : cuLaunchKernel -> Returned: 701
	[TornadoVM-PTX-JNI] ERROR : cuLaunchKernel -> Returned: 701
	[TornadoVM-PTX-JNI] ERROR : cuLaunchKernel -> Returned: 701
	[TornadoVM-PTX-JNI] ERROR : cuLaunchKernel -> Returned: 701
	[TornadoVM-PTX-JNI] ERROR : cuLaunchKernel -> Returned: 701
	[TornadoVM-PTX-JNI] ERROR : cuLaunchKernel -> Returned: 701
	[TornadoVM-PTX-JNI] ERROR : cuLaunchKernel -> Returned: 701
	[TornadoVM-PTX-JNI] ERROR : cuLaunchKernel -> Returned: 701
	[TornadoVM-PTX-JNI] ERROR : cuLaunchKernel -> Returned: 701
	[TornadoVM-PTX-JNI] ERROR : cuLaunchKernel -> Returned: 701
	[TornadoVM-PTX-JNI] ERROR : cuLaunchKernel -> Returned: 701
	[TornadoVM-PTX-JNI] ERROR : cuLaunchKernel -> Returned: 701
	[TornadoVM-PTX-JNI] ERROR : cuLaunchKernel -> Returned: 701
	[TornadoVM-PTX-JNI] ERROR : cuLaunchKernel -> Returned: 701
	[TornadoVM-PTX-JNI] ERROR : cuLaunchKernel -> Returned: 701
	[TornadoVM-PTX-JNI] ERROR : cuLaunchKernel -> Returned: 701
	[TornadoVM-PTX-JNI] ERROR : cuLaunchKernel -> Returned: 701
	[TornadoVM-PTX-JNI] ERROR : cuLaunchKernel -> Returned: 701
	[TornadoVM-PTX-JNI] ERROR : cuLaunchKernel -> Returned: 701
	[TornadoVM-PTX-JNI] ERROR : cuLaunchKernel -> Returned: 701
	[TornadoVM-PTX-JNI] ERROR : cuLaunchKernel -> Returned: 701
	[TornadoVM-PTX-JNI] ERROR : cuLaunchKernel -> Returned: 701
	[TornadoVM-PTX-JNI] ERROR : cuLaunchKernel -> Returned: 701
	[TornadoVM-PTX-JNI] ERROR : cuLaunchKernel -> Returned: 701
	[TornadoVM-PTX-JNI] ERROR : cuLaunchKernel -> Returned: 701
	[TornadoVM-PTX-JNI] ERROR : cuLaunchKernel -> Returned: 701
	[TornadoVM-PTX-JNI] ERROR : cuLaunchKernel -> Returned: 701
	[TornadoVM-PTX-JNI] ERROR : cuLaunchKernel -> Returned: 701
	[TornadoVM-PTX-JNI] ERROR : cuLaunchKernel -> Returned: 701
	[TornadoVM-PTX-JNI] ERROR : cuLaunchKernel -> Returned: 701
	[TornadoVM-PTX-JNI] ERROR : cuLaunchKernel -> Returned: 701
	[TornadoVM-PTX-JNI] ERROR : cuLaunchKernel -> Returned: 701
	[TornadoVM-PTX-JNI] ERROR : cuLaunchKernel -> Returned: 701
	[TornadoVM-PTX-JNI] ERROR : cuLaunchKernel -> Returned: 701
	[TornadoVM-PTX-JNI] ERROR : cuLaunchKernel -> Returned: 701
	[TornadoVM-PTX-JNI] ERROR : cuLaunchKernel -> Returned: 701
	[TornadoVM-PTX-JNI] ERROR : cuLaunchKernel -> Returned: 701
	[TornadoVM-PTX-JNI] ERROR : cuLaunchKernel -> Returned: 701
	[TornadoVM-PTX-JNI] ERROR : cuLaunchKernel -> Returned: 701
	[TornadoVM-PTX-JNI] ERROR : cuLaunchKernel -> Returned: 701
	[TornadoVM-PTX-JNI] ERROR : cuLaunchKernel -> Returned: 701
	[TornadoVM-PTX-JNI] ERROR : cuLaunchKernel -> Returned: 701
	[TornadoVM-PTX-JNI] ERROR : cuLaunchKernel -> Returned: 701
	[TornadoVM-PTX-JNI] ERROR : cuLaunchKernel -> Returned: 701
	[TornadoVM-PTX-JNI] ERROR : cuLaunchKernel -> Returned: 701
	[TornadoVM-PTX-JNI] ERROR : cuLaunchKernel -> Returned: 701
	[TornadoVM-PTX-JNI] ERROR : cuLaunchKernel -> Returned: 701
	[TornadoVM-PTX-JNI] ERROR : cuLaunchKernel -> Returned: 701
	[TornadoVM-PTX-JNI] ERROR : cuLaunchKernel -> Returned: 701
	[TornadoVM-PTX-JNI] ERROR : cuLaunchKernel -> Returned: 701
	[TornadoVM-PTX-JNI] ERROR : cuLaunchKernel -> Returned: 701
	[TornadoVM-PTX-JNI] ERROR : cuLaunchKernel -> Returned: 701
	[TornadoVM-PTX-JNI] ERROR : cuLaunchKernel -> Returned: 701
	[TornadoVM-PTX-JNI] ERROR : cuLaunchKernel -> Returned: 701
	[TornadoVM-PTX-JNI] ERROR : cuLaunchKernel -> Returned: 701
	[TornadoVM-PTX-JNI] ERROR : cuLaunchKernel -> Returned: 701
	[TornadoVM-PTX-JNI] ERROR : cuLaunchKernel -> Returned: 701
	[TornadoVM-PTX-JNI] ERROR : cuLaunchKernel -> Returned: 701
	[TornadoVM-PTX-JNI] ERROR : cuLaunchKernel -> Returned: 701
	[TornadoVM-PTX-JNI] ERROR : cuLaunchKernel -> Returned: 701
	[TornadoVM-PTX-JNI] ERROR : cuLaunchKernel -> Returned: 701
	[TornadoVM-PTX-JNI] ERROR : cuLaunchKernel -> Returned: 701
	[TornadoVM-PTX-JNI] ERROR : cuLaunchKernel -> Returned: 701
	[TornadoVM-PTX-JNI] ERROR : cuLaunchKernel -> Returned: 701
	[TornadoVM-PTX-JNI] ERROR : cuLaunchKernel -> Returned: 701
	[TornadoVM-PTX-JNI] ERROR : cuLaunchKernel -> Returned: 701
	[TornadoVM-PTX-JNI] ERROR : cuLaunchKernel -> Returned: 701
	[TornadoVM-PTX-JNI] ERROR : cuLaunchKernel -> Returned: 701
	[TornadoVM-PTX-JNI] ERROR : cuLaunchKernel -> Returned: 701
	[TornadoVM-PTX-JNI] ERROR : cuLaunchKernel -> Returned: 701
	[TornadoVM-PTX-JNI] ERROR : cuLaunchKernel -> Returned: 701
	[TornadoVM-PTX-JNI] ERROR : cuLaunchKernel -> Returned: 701
	[TornadoVM-PTX-JNI] ERROR : cuLaunchKernel -> Returned: 701
	[TornadoVM-PTX-JNI] ERROR : cuLaunchKernel -> Returned: 701
	[TornadoVM-PTX-JNI] ERROR : cuLaunchKernel -> Returned: 701
	[TornadoVM-PTX-JNI] ERROR : cuLaunchKernel -> Returned: 701
	[TornadoVM-PTX-JNI] ERROR : cuLaunchKernel -> Returned: 701
	[TornadoVM-PTX-JNI] ERROR : cuLaunchKernel -> Returned: 701
	[TornadoVM-PTX-JNI] ERROR : cuLaunchKernel -> Returned: 701
	[TornadoVM-PTX-JNI] ERROR : cuLaunchKernel -> Returned: 701
	[TornadoVM-PTX-JNI] ERROR : cuLaunchKernel -> Returned: 701
	[TornadoVM-PTX-JNI] ERROR : cuLaunchKernel -> Returned: 701
	[TornadoVM-PTX-JNI] ERROR : cuLaunchKernel -> Returned: 701
	[TornadoVM-PTX-JNI] ERROR : cuLaunchKernel -> Returned: 701
	[TornadoVM-PTX-JNI] ERROR : cuLaunchKernel -> Returned: 701
	[TornadoVM-PTX-JNI] ERROR : cuLaunchKernel -> Returned: 701
	[TornadoVM-PTX-JNI] ERROR : cuLaunchKernel -> Returned: 701
	[TornadoVM-PTX-JNI] ERROR : cuLaunchKernel -> Returned: 701
	[TornadoVM-PTX-JNI] ERROR : cuLaunchKernel -> Returned: 701
	[TornadoVM-PTX-JNI] ERROR : cuLaunchKernel -> Returned: 701
	[TornadoVM-PTX-JNI] ERROR : cuLaunchKernel -> Returned: 701
	[TornadoVM-PTX-JNI] ERROR : cuLaunchKernel -> Returned: 701
	[TornadoVM-PTX-JNI] ERROR : cuLaunchKernel -> Returned: 701
	[TornadoVM-PTX-JNI] ERROR : cuLaunchKernel -> Returned: 701
	[TornadoVM-PTX-JNI] ERROR : cuLaunchKernel -> Returned: 701
	[TornadoVM-PTX-JNI] ERROR : cuLaunchKernel -> Returned: 701
	[TornadoVM-PTX-JNI] ERROR : cuLaunchKernel -> Returned: 701
	[TornadoVM-PTX-JNI] ERROR : cuLaunchKernel -> Returned: 701
	[TornadoVM-PTX-JNI] ERROR : cuLaunchKernel -> Returned: 701
	[TornadoVM-PTX-JNI] ERROR : cuLaunchKernel -> Returned: 701
	[TornadoVM-PTX-JNI] ERROR : cuLaunchKernel -> Returned: 701
	[TornadoVM-PTX-JNI] ERROR : cuLaunchKernel -> Returned: 701
	[TornadoVM-PTX-JNI] ERROR : cuLaunchKernel -> Returned: 701
	[TornadoVM-PTX-JNI] ERROR : cuLaunchKernel -> Returned: 701
	[TornadoVM-PTX-JNI] ERROR : cuLaunchKernel -> Returned: 701
	[TornadoVM-PTX-JNI] ERROR : cuLaunchKernel -> Returned: 701
	[TornadoVM-PTX-JNI] ERROR : cuLaunchKernel -> Returned: 701
	[TornadoVM-PTX-JNI] ERROR : cuLaunchKernel -> Returned: 701
	[TornadoVM-PTX-JNI] ERROR : cuLaunchKernel -> Returned: 701
	[TornadoVM-PTX-JNI] ERROR : cuLaunchKernel -> Returned: 701
	[TornadoVM-PTX-JNI] ERROR : cuLaunchKernel -> Returned: 701
	[TornadoVM-PTX-JNI] ERROR : cuLaunchKernel -> Returned: 701
	[TornadoVM-PTX-JNI] ERROR : cuLaunchKernel -> Returned: 701
	[TornadoVM-PTX-JNI] ERROR : cuLaunchKernel -> Returned: 701
	[TornadoVM-PTX-JNI] ERROR : cuLaunchKernel -> Returned: 701
	[TornadoVM-PTX-JNI] ERROR : cuLaunchKernel -> Returned: 701
	[TornadoVM-PTX-JNI] ERROR : cuLaunchKernel -> Returned: 701
	[TornadoVM-PTX-JNI] ERROR : cuLaunchKernel -> Returned: 701
	[TornadoVM-PTX-JNI] ERROR : cuLaunchKernel -> Returned: 701
	[TornadoVM-PTX-JNI] ERROR : cuLaunchKernel -> Returned: 701
	[TornadoVM-PTX-JNI] ERROR : cuLaunchKernel -> Returned: 701
	[TornadoVM-PTX-JNI] ERROR : cuLaunchKernel -> Returned: 701
	[TornadoVM-PTX-JNI] ERROR : cuLaunchKernel -> Returned: 701
	[TornadoVM-PTX-JNI] ERROR : cuLaunchKernel -> Returned: 701
	[TornadoVM-PTX-JNI] ERROR : cuLaunchKernel -> Returned: 701
	[TornadoVM-PTX-JNI] ERROR : cuLaunchKernel -> Returned: 701
	[TornadoVM-PTX-JNI] ERROR : cuLaunchKernel -> Returned: 701
	[TornadoVM-PTX-JNI] ERROR : cuLaunchKernel -> Returned: 701
	[TornadoVM-PTX-JNI] ERROR : cuLaunchKernel -> Returned: 701
	[TornadoVM-PTX-JNI] ERROR : cuLaunchKernel -> Returned: 701
	[TornadoVM-PTX-JNI] ERROR : cuLaunchKernel -> Returned: 701
	[TornadoVM-PTX-JNI] ERROR : cuLaunchKernel -> Returned: 701
	[TornadoVM-PTX-JNI] ERROR : cuLaunchKernel -> Returned: 701
	[TornadoVM-PTX-JNI] ERROR : cuLaunchKernel -> Returned: 701
	[TornadoVM-PTX-JNI] ERROR : cuLaunchKernel -> Returned: 701
	[TornadoVM-PTX-JNI] ERROR : cuLaunchKernel -> Returned: 701
	[TornadoVM-PTX-JNI] ERROR : cuLaunchKernel -> Returned: 701
	[TornadoVM-PTX-JNI] ERROR : cuLaunchKernel -> Returned: 701
	[TornadoVM-PTX-JNI] ERROR : cuLaunchKernel -> Returned: 701
	[TornadoVM-PTX-JNI] ERROR : cuLaunchKernel -> Returned: 701
	[TornadoVM-PTX-JNI] ERROR : cuLaunchKernel -> Returned: 701
	[TornadoVM-PTX-JNI] ERROR : cuLaunchKernel -> Returned: 701
	[TornadoVM-PTX-JNI] ERROR : cuLaunchKernel -> Returned: 701
	[TornadoVM-PTX-JNI] ERROR : cuLaunchKernel -> Returned: 701
	[TornadoVM-PTX-JNI] ERROR : cuLaunchKernel -> Returned: 701
	[TornadoVM-PTX-JNI] ERROR : cuLaunchKernel -> Returned: 701
	[TornadoVM-PTX-JNI] ERROR : cuLaunchKernel -> Returned: 701
	[TornadoVM-PTX-JNI] ERROR : cuLaunchKernel -> Returned: 701
	[TornadoVM-PTX-JNI] ERROR : cuLaunchKernel -> Returned: 701
	[TornadoVM-PTX-JNI] ERROR : cuLaunchKernel -> Returned: 701
	[TornadoVM-PTX-JNI] ERROR : cuLaunchKernel -> Returned: 701
	[TornadoVM-PTX-JNI] ERROR : cuLaunchKernel -> Returned: 701
	[TornadoVM-PTX-JNI] ERROR : cuLaunchKernel -> Returned: 701
	[TornadoVM-PTX-JNI] ERROR : cuLaunchKernel -> Returned: 701
	[TornadoVM-PTX-JNI] ERROR : cuLaunchKernel -> Returned: 701
	[TornadoVM-PTX-JNI] ERROR : cuLaunchKernel -> Returned: 701
	[TornadoVM-PTX-JNI] ERROR : cuLaunchKernel -> Returned: 701
	[TornadoVM-PTX-JNI] ERROR : cuLaunchKernel -> Returned: 701
	[TornadoVM-PTX-JNI] ERROR : cuLaunchKernel -> Returned: 701
	[TornadoVM-PTX-JNI] ERROR : cuLaunchKernel -> Returned: 701
	[TornadoVM-PTX-JNI] ERROR : cuLaunchKernel -> Returned: 701
	[TornadoVM-PTX-JNI] ERROR : cuLaunchKernel -> Returned: 701
	[TornadoVM-PTX-JNI] ERROR : cuLaunchKernel -> Returned: 701
	[TornadoVM-PTX-JNI] ERROR : cuLaunchKernel -> Returned: 701
	[TornadoVM-PTX-JNI] ERROR : cuLaunchKernel -> Returned: 701
	[TornadoVM-PTX-JNI] ERROR : cuLaunchKernel -> Returned: 701
	[TornadoVM-PTX-JNI] ERROR : cuLaunchKernel -> Returned: 701
	[TornadoVM-PTX-JNI] ERROR : cuLaunchKernel -> Returned: 701
	[TornadoVM-PTX-JNI] ERROR : cuLaunchKernel -> Returned: 701
	[TornadoVM-PTX-JNI] ERROR : cuLaunchKernel -> Returned: 701
	[TornadoVM-PTX-JNI] ERROR : cuLaunchKernel -> Returned: 701
	[TornadoVM-PTX-JNI] ERROR : cuLaunchKernel -> Returned: 701
	[TornadoVM-PTX-JNI] ERROR : cuLaunchKernel -> Returned: 701
	[TornadoVM-PTX-JNI] ERROR : cuLaunchKernel -> Returned: 701
	[TornadoVM-PTX-JNI] ERROR : cuLaunchKernel -> Returned: 701
	[TornadoVM-PTX-JNI] ERROR : cuLaunchKernel -> Returned: 701
	[TornadoVM-PTX-JNI] ERROR : cuLaunchKernel -> Returned: 701
	[TornadoVM-PTX-JNI] ERROR : cuLaunchKernel -> Returned: 701
	[TornadoVM-PTX-JNI] ERROR : cuLaunchKernel -> Returned: 701
	[TornadoVM-PTX-JNI] ERROR : cuLaunchKernel -> Returned: 701
	[TornadoVM-PTX-JNI] ERROR : cuLaunchKernel -> Returned: 701
	[TornadoVM-PTX-JNI] ERROR : cuLaunchKernel -> Returned: 701
	[TornadoVM-PTX-JNI] ERROR : cuLaunchKernel -> Returned: 701
	[TornadoVM-PTX-JNI] ERROR : cuLaunchKernel -> Returned: 701
	[TornadoVM-PTX-JNI] ERROR : cuLaunchKernel -> Returned: 701
	[TornadoVM-PTX-JNI] ERROR : cuLaunchKernel -> Returned: 701
	[TornadoVM-PTX-JNI] ERROR : cuLaunchKernel -> Returned: 701
	[TornadoVM-PTX-JNI] ERROR : cuLaunchKernel -> Returned: 701
	[TornadoVM-PTX-JNI] ERROR : cuLaunchKernel -> Returned: 701
	[TornadoVM-PTX-JNI] ERROR : cuLaunchKernel -> Returned: 701
	[TornadoVM-PTX-JNI] ERROR : cuLaunchKernel -> Returned: 701
	[TornadoVM-PTX-JNI] ERROR : cuLaunchKernel -> Returned: 701
	[TornadoVM-PTX-JNI] ERROR : cuLaunchKernel -> Returned: 701
	[TornadoVM-PTX-JNI] ERROR : cuLaunchKernel -> Returned: 701
	[TornadoVM-PTX-JNI] ERROR : cuLaunchKernel -> Returned: 701
	[TornadoVM-PTX-JNI] ERROR : cuLaunchKernel -> Returned: 701
	[TornadoVM-PTX-JNI] ERROR : cuLaunchKernel -> Returned: 701
	[TornadoVM-PTX-JNI] ERROR : cuLaunchKernel -> Returned: 701
	[TornadoVM-PTX-JNI] ERROR : cuLaunchKernel -> Returned: 701
	[TornadoVM-PTX-JNI] ERROR : cuLaunchKernel -> Returned: 701
	[TornadoVM-PTX-JNI] ERROR : cuLaunchKernel -> Returned: 701
	[TornadoVM-PTX-JNI] ERROR : cuLaunchKernel -> Returned: 701
	[TornadoVM-PTX-JNI] ERROR : cuLaunchKernel -> Returned: 701
	[TornadoVM-PTX-JNI] ERROR : cuLaunchKernel -> Returned: 701
	[TornadoVM-PTX-JNI] ERROR : cuLaunchKernel -> Returned: 701
	[TornadoVM-PTX-JNI] ERROR : cuLaunchKernel -> Returned: 701
	[TornadoVM-PTX-JNI] ERROR : cuLaunchKernel -> Returned: 701
	[TornadoVM-PTX-JNI] ERROR : cuLaunchKernel -> Returned: 701
	[TornadoVM-PTX-JNI] ERROR : cuLaunchKernel -> Returned: 701
	[TornadoVM-PTX-JNI] ERROR : cuLaunchKernel -> Returned: 701
	[TornadoVM-PTX-JNI] ERROR : cuLaunchKernel -> Returned: 701
	[TornadoVM-PTX-JNI] ERROR : cuLaunchKernel -> Returned: 701
	[TornadoVM-PTX-JNI] ERROR : cuLaunchKernel -> Returned: 701
	[TornadoVM-PTX-JNI] ERROR : cuLaunchKernel -> Returned: 701
	[TornadoVM-PTX-JNI] ERROR : cuLaunchKernel -> Returned: 701
	[TornadoVM-PTX-JNI] ERROR : cuLaunchKernel -> Returned: 701
	[TornadoVM-PTX-JNI] ERROR : cuLaunchKernel -> Returned: 701
	[TornadoVM-PTX-JNI] ERROR : cuLaunchKernel -> Returned: 701
	[TornadoVM-PTX-JNI] ERROR : cuLaunchKernel -> Returned: 701
	[TornadoVM-PTX-JNI] ERROR : cuLaunchKernel -> Returned: 701
	[TornadoVM-PTX-JNI] ERROR : cuLaunchKernel -> Returned: 701
	[TornadoVM-PTX-JNI] ERROR : cuLaunchKernel -> Returned: 701
	[TornadoVM-PTX-JNI] ERROR : cuLaunchKernel -> Returned: 701
	[TornadoVM-PTX-JNI] ERROR : cuLaunchKernel -> Returned: 701
	[TornadoVM-PTX-JNI] ERROR : cuLaunchKernel -> Returned: 701
	[TornadoVM-PTX-JNI] ERROR : cuLaunchKernel -> Returned: 701
	[TornadoVM-PTX-JNI] ERROR : cuLaunchKernel -> Returned: 701
	[TornadoVM-PTX-JNI] ERROR : cuLaunchKernel -> Returned: 701
	[TornadoVM-PTX-JNI] ERROR : cuLaunchKernel -> Returned: 701
	[TornadoVM-PTX-JNI] ERROR : cuLaunchKernel -> Returned: 701
	[TornadoVM-PTX-JNI] ERROR : cuLaunchKernel -> Returned: 701
	[TornadoVM-PTX-JNI] ERROR : cuLaunchKernel -> Returned: 701
	[TornadoVM-PTX-JNI] ERROR : cuLaunchKernel -> Returned: 701
	[TornadoVM-PTX-JNI] ERROR : cuLaunchKernel -> Returned: 701
	[TornadoVM-PTX-JNI] ERROR : cuLaunchKernel -> Returned: 701
	[TornadoVM-PTX-JNI] ERROR : cuLaunchKernel -> Returned: 701
	[TornadoVM-PTX-JNI] ERROR : cuLaunchKernel -> Returned: 701
	[TornadoVM-PTX-JNI] ERROR : cuLaunchKernel -> Returned: 701
	[TornadoVM-PTX-JNI] ERROR : cuLaunchKernel -> Returned: 701
	[TornadoVM-PTX-JNI] ERROR : cuLaunchKernel -> Returned: 701
	[TornadoVM-PTX-JNI] ERROR : cuLaunchKernel -> Returned: 701
	[TornadoVM-PTX-JNI] ERROR : cuLaunchKernel -> Returned: 701
	[TornadoVM-PTX-JNI] ERROR : cuLaunchKernel -> Returned: 701
	[TornadoVM-PTX-JNI] ERROR : cuLaunchKernel -> Returned: 701
	[TornadoVM-PTX-JNI] ERROR : cuLaunchKernel -> Returned: 701
	[TornadoVM-PTX-JNI] ERROR : cuLaunchKernel -> Returned: 701
	[TornadoVM-PTX-JNI] ERROR : cuLaunchKernel -> Returned: 701
	[TornadoVM-PTX-JNI] ERROR : cuLaunchKernel -> Returned: 701
	[TornadoVM-PTX-JNI] ERROR : cuLaunchKernel -> Returned: 701
	[TornadoVM-PTX-JNI] ERROR : cuLaunchKernel -> Returned: 701
	[TornadoVM-PTX-JNI] ERROR : cuLaunchKernel -> Returned: 701
	[TornadoVM-PTX-JNI] ERROR : cuLaunchKernel -> Returned: 701
	[TornadoVM-PTX-JNI] ERROR : cuLaunchKernel -> Returned: 701
	[TornadoVM-PTX-JNI] ERROR : cuLaunchKernel -> Returned: 701
	[TornadoVM-PTX-JNI] ERROR : cuLaunchKernel -> Returned: 701
	[TornadoVM-PTX-JNI] ERROR : cuLaunchKernel -> Returned: 701
	[TornadoVM-PTX-JNI] ERROR : cuLaunchKernel -> Returned: 701
	[TornadoVM-PTX-JNI] ERROR : cuLaunchKernel -> Returned: 701
	[TornadoVM-PTX-JNI] ERROR : cuLaunchKernel -> Returned: 701
	[TornadoVM-PTX-JNI] ERROR : cuLaunchKernel -> Returned: 701
	[TornadoVM-PTX-JNI] ERROR : cuLaunchKernel -> Returned: 701
	[TornadoVM-PTX-JNI] ERROR : cuLaunchKernel -> Returned: 701
	[TornadoVM-PTX-JNI] ERROR : cuLaunchKernel -> Returned: 701
	[TornadoVM-PTX-JNI] ERROR : cuLaunchKernel -> Returned: 701
	[TornadoVM-PTX-JNI] ERROR : cuLaunchKernel -> Returned: 701
	[TornadoVM-PTX-JNI] ERROR : cuLaunchKernel -> Returned: 701
	[TornadoVM-PTX-JNI] ERROR : cuLaunchKernel -> Returned: 701
	[TornadoVM-PTX-JNI] ERROR : cuLaunchKernel -> Returned: 701
	[TornadoVM-PTX-JNI] ERROR : cuLaunchKernel -> Returned: 701
	[TornadoVM-PTX-JNI] ERROR : cuLaunchKernel -> Returned: 701
	[TornadoVM-PTX-JNI] ERROR : cuLaunchKernel -> Returned: 701
	[TornadoVM-PTX-JNI] ERROR : cuLaunchKernel -> Returned: 701
	[TornadoVM-PTX-JNI] ERROR : cuLaunchKernel -> Returned: 701
	[TornadoVM-PTX-JNI] ERROR : cuLaunchKernel -> Returned: 701
	[TornadoVM-PTX-JNI] ERROR : cuLaunchKernel -> Returned: 701
	[TornadoVM-PTX-JNI] ERROR : cuLaunchKernel -> Returned: 701
	[TornadoVM-PTX-JNI] ERROR : cuLaunchKernel -> Returned: 701
	[TornadoVM-PTX-JNI] ERROR : cuLaunchKernel -> Returned: 701
	[TornadoVM-PTX-JNI] ERROR : cuLaunchKernel -> Returned: 701
	[TornadoVM-PTX-JNI] ERROR : cuLaunchKernel -> Returned: 701
	[TornadoVM-PTX-JNI] ERROR : cuLaunchKernel -> Returned: 701
	[TornadoVM-PTX-JNI] ERROR : cuLaunchKernel -> Returned: 701
	[TornadoVM-PTX-JNI] ERROR : cuLaunchKernel -> Returned: 701
	[TornadoVM-PTX-JNI] ERROR : cuLaunchKernel -> Returned: 701
	[TornadoVM-PTX-JNI] ERROR : cuLaunchKernel -> Returned: 701
	[TornadoVM-PTX-JNI] ERROR : cuLaunchKernel -> Returned: 701
	[TornadoVM-PTX-JNI] ERROR : cuLaunchKernel -> Returned: 701
	[TornadoVM-PTX-JNI] ERROR : cuLaunchKernel -> Returned: 701
	[TornadoVM-PTX-JNI] ERROR : cuLaunchKernel -> Returned: 701
	[TornadoVM-PTX-JNI] ERROR : cuLaunchKernel -> Returned: 701
	[TornadoVM-PTX-JNI] ERROR : cuLaunchKernel -> Returned: 701
	[TornadoVM-PTX-JNI] ERROR : cuLaunchKernel -> Returned: 701
	[TornadoVM-PTX-JNI] ERROR : cuLaunchKernel -> Returned: 701
	[TornadoVM-PTX-JNI] ERROR : cuLaunchKernel -> Returned: 701
	[TornadoVM-PTX-JNI] ERROR : cuLaunchKernel -> Returned: 701
	[TornadoVM-PTX-JNI] ERROR : cuLaunchKernel -> Returned: 701
	[TornadoVM-PTX-JNI] ERROR : cuLaunchKernel -> Returned: 701
	[TornadoVM-PTX-JNI] ERROR : cuLaunchKernel -> Returned: 701
	[TornadoVM-PTX-JNI] ERROR : cuLaunchKernel -> Returned: 701
	[TornadoVM-PTX-JNI] ERROR : cuLaunchKernel -> Returned: 701
	[TornadoVM-PTX-JNI] ERROR : cuLaunchKernel -> Returned: 701
	[TornadoVM-PTX-JNI] ERROR : cuLaunchKernel -> Returned: 701
	[TornadoVM-PTX-JNI] ERROR : cuLaunchKernel -> Returned: 701
	[TornadoVM-PTX-JNI] ERROR : cuLaunchKernel -> Returned: 701
	[TornadoVM-PTX-JNI] ERROR : cuLaunchKernel -> Returned: 701
	[TornadoVM-PTX-JNI] ERROR : cuLaunchKernel -> Returned: 701
	[TornadoVM-PTX-JNI] ERROR : cuLaunchKernel -> Returned: 701
	[TornadoVM-PTX-JNI] ERROR : cuLaunchKernel -> Returned: 701
	[TornadoVM-PTX-JNI] ERROR : cuLaunchKernel -> Returned: 701
	[TornadoVM-PTX-JNI] ERROR : cuLaunchKernel -> Returned: 701
	[TornadoVM-PTX-JNI] ERROR : cuLaunchKernel -> Returned: 701
	[TornadoVM-PTX-JNI] ERROR : cuLaunchKernel -> Returned: 701
	[TornadoVM-PTX-JNI] ERROR : cuLaunchKernel -> Returned: 701
	[TornadoVM-PTX-JNI] ERROR : cuLaunchKernel -> Returned: 701
	[TornadoVM-PTX-JNI] ERROR : cuLaunchKernel -> Returned: 701
	[TornadoVM-PTX-JNI] ERROR : cuLaunchKernel -> Returned: 701
	[TornadoVM-PTX-JNI] ERROR : cuLaunchKernel -> Returned: 701
	[TornadoVM-PTX-JNI] ERROR : cuLaunchKernel -> Returned: 701
	[TornadoVM-PTX-JNI] ERROR : cuLaunchKernel -> Returned: 701
	[TornadoVM-PTX-JNI] ERROR : cuLaunchKernel -> Returned: 701
	[TornadoVM-PTX-JNI] ERROR : cuLaunchKernel -> Returned: 701
	[TornadoVM-PTX-JNI] ERROR : cuLaunchKernel -> Returned: 701
	[TornadoVM-PTX-JNI] ERROR : cuLaunchKernel -> Returned: 701
	[TornadoVM-PTX-JNI] ERROR : cuLaunchKernel -> Returned: 701
	[TornadoVM-PTX-JNI] ERROR : cuLaunchKernel -> Returned: 701
	[TornadoVM-PTX-JNI] ERROR : cuLaunchKernel -> Returned: 701
	[TornadoVM-PTX-JNI] ERROR : cuLaunchKernel -> Returned: 701
	[TornadoVM-PTX-JNI] ERROR : cuLaunchKernel -> Returned: 701
	[TornadoVM-PTX-JNI] ERROR : cuLaunchKernel -> Returned: 701
	[TornadoVM-PTX-JNI] ERROR : cuLaunchKernel -> Returned: 701
	[TornadoVM-PTX-JNI] ERROR : cuLaunchKernel -> Returned: 701
	[TornadoVM-PTX-JNI] ERROR : cuLaunchKernel -> Returned: 701
	[TornadoVM-PTX-JNI] ERROR : cuLaunchKernel -> Returned: 701
[GATHER] call=2000 totalDirty=0 maxThread=0 cumAvg=40.0 cumMaxPerThread=11
	[TornadoVM-PTX-JNI] ERROR : cuLaunchKernel -> Returned: 701
	[TornadoVM-PTX-JNI] ERROR : cuLaunchKernel -> Returned: 701
	[TornadoVM-PTX-JNI] ERROR : cuLaunchKernel -> Returned: 701
	[TornadoVM-PTX-JNI] ERROR : cuLaunchKernel -> Returned: 701
	[TornadoVM-PTX-JNI] ERROR : cuLaunchKernel -> Returned: 701
	[TornadoVM-PTX-JNI] ERROR : cuLaunchKernel -> Returned: 701
	[TornadoVM-PTX-JNI] ERROR : cuLaunchKernel -> Returned: 701
	[TornadoVM-PTX-JNI] ERROR : cuLaunchKernel -> Returned: 701
	[TornadoVM-PTX-JNI] ERROR : cuLaunchKernel -> Returned: 701
	[TornadoVM-PTX-JNI] ERROR : cuLaunchKernel -> Returned: 701
	[TornadoVM-PTX-JNI] ERROR : cuLaunchKernel -> Returned: 701
	[TornadoVM-PTX-JNI] ERROR : cuLaunchKernel -> Returned: 701
	[TornadoVM-PTX-JNI] ERROR : cuLaunchKernel -> Returned: 701
	[TornadoVM-PTX-JNI] ERROR : cuLaunchKernel -> Returned: 701
	[TornadoVM-PTX-JNI] ERROR : cuLaunchKernel -> Returned: 701
	[TornadoVM-PTX-JNI] ERROR : cuLaunchKernel -> Returned: 701
	[TornadoVM-PTX-JNI] ERROR : cuLaunchKernel -> Returned: 701
	[TornadoVM-PTX-JNI] ERROR : cuLaunchKernel -> Returned: 701
	[TornadoVM-PTX-JNI] ERROR : cuLaunchKernel -> Returned: 701
	[TornadoVM-PTX-JNI] ERROR : cuLaunchKernel -> Returned: 701
	[TornadoVM-PTX-JNI] ERROR : cuLaunchKernel -> Returned: 701
	[TornadoVM-PTX-JNI] ERROR : cuLaunchKernel -> Returned: 701
	[TornadoVM-PTX-JNI] ERROR : cuLaunchKernel -> Returned: 701
	[TornadoVM-PTX-JNI] ERROR : cuLaunchKernel -> Returned: 701
	[TornadoVM-PTX-JNI] ERROR : cuLaunchKernel -> Returned: 701
	[TornadoVM-PTX-JNI] ERROR : cuLaunchKernel -> Returned: 701
	[TornadoVM-PTX-JNI] ERROR : cuLaunchKernel -> Returned: 701
	[TornadoVM-PTX-JNI] ERROR : cuLaunchKernel -> Returned: 701
	[TornadoVM-PTX-JNI] ERROR : cuLaunchKernel -> Returned: 701
	[TornadoVM-PTX-JNI] ERROR : cuLaunchKernel -> Returned: 701
	[TornadoVM-PTX-JNI] ERROR : cuLaunchKernel -> Returned: 701
	[TornadoVM-PTX-JNI] ERROR : cuLaunchKernel -> Returned: 701
	[TornadoVM-PTX-JNI] ERROR : cuLaunchKernel -> Returned: 701
	[TornadoVM-PTX-JNI] ERROR : cuLaunchKernel -> Returned: 701
	[TornadoVM-PTX-JNI] ERROR : cuLaunchKernel -> Returned: 701
	[TornadoVM-PTX-JNI] ERROR : cuLaunchKernel -> Returned: 701
	[TornadoVM-PTX-JNI] ERROR : cuLaunchKernel -> Returned: 701
	[TornadoVM-PTX-JNI] ERROR : cuLaunchKernel -> Returned: 701
	[TornadoVM-PTX-JNI] ERROR : cuLaunchKernel -> Returned: 701
	[TornadoVM-PTX-JNI] ERROR : cuLaunchKernel -> Returned: 701
	[TornadoVM-PTX-JNI] ERROR : cuLaunchKernel -> Returned: 701
	[TornadoVM-PTX-JNI] ERROR : cuLaunchKernel -> Returned: 701
	[TornadoVM-PTX-JNI] ERROR : cuLaunchKernel -> Returned: 701
	[TornadoVM-PTX-JNI] ERROR : cuLaunchKernel -> Returned: 701
	[TornadoVM-PTX-JNI] ERROR : cuLaunchKernel -> Returned: 701
	[TornadoVM-PTX-JNI] ERROR : cuLaunchKernel -> Returned: 701
	[TornadoVM-PTX-JNI] ERROR : cuLaunchKernel -> Returned: 701
	[TornadoVM-PTX-JNI] ERROR : cuLaunchKernel -> Returned: 701
	[TornadoVM-PTX-JNI] ERROR : cuLaunchKernel -> Returned: 701
	[TornadoVM-PTX-JNI] ERROR : cuLaunchKernel -> Returned: 701
	[TornadoVM-PTX-JNI] ERROR : cuLaunchKernel -> Returned: 701
	[TornadoVM-PTX-JNI] ERROR : cuLaunchKernel -> Returned: 701
	[TornadoVM-PTX-JNI] ERROR : cuLaunchKernel -> Returned: 701
	[TornadoVM-PTX-JNI] ERROR : cuLaunchKernel -> Returned: 701
	[TornadoVM-PTX-JNI] ERROR : cuLaunchKernel -> Returned: 701
	[TornadoVM-PTX-JNI] ERROR : cuLaunchKernel -> Returned: 701
	[TornadoVM-PTX-JNI] ERROR : cuLaunchKernel -> Returned: 701
	[TornadoVM-PTX-JNI] ERROR : cuLaunchKernel -> Returned: 701
	[TornadoVM-PTX-JNI] ERROR : cuLaunchKernel -> Returned: 701
	[TornadoVM-PTX-JNI] ERROR : cuLaunchKernel -> Returned: 701
	[TornadoVM-PTX-JNI] ERROR : cuLaunchKernel -> Returned: 701
	[TornadoVM-PTX-JNI] ERROR : cuLaunchKernel -> Returned: 701
	[TornadoVM-PTX-JNI] ERROR : cuLaunchKernel -> Returned: 701
	[TornadoVM-PTX-JNI] ERROR : cuLaunchKernel -> Returned: 701
	[TornadoVM-PTX-JNI] ERROR : cuLaunchKernel -> Returned: 701
	[TornadoVM-PTX-JNI] ERROR : cuLaunchKernel -> Returned: 701
	[TornadoVM-PTX-JNI] ERROR : cuLaunchKernel -> Returned: 701
	[TornadoVM-PTX-JNI] ERROR : cuLaunchKernel -> Returned: 701
	[TornadoVM-PTX-JNI] ERROR : cuLaunchKernel -> Returned: 701
	[TornadoVM-PTX-JNI] ERROR : cuLaunchKernel -> Returned: 701
	[TornadoVM-PTX-JNI] ERROR : cuLaunchKernel -> Returned: 701
	[TornadoVM-PTX-JNI] ERROR : cuLaunchKernel -> Returned: 701
	[TornadoVM-PTX-JNI] ERROR : cuLaunchKernel -> Returned: 701
	[TornadoVM-PTX-JNI] ERROR : cuLaunchKernel -> Returned: 701
	[TornadoVM-PTX-JNI] ERROR : cuLaunchKernel -> Returned: 701
	[TornadoVM-PTX-JNI] ERROR : cuLaunchKernel -> Returned: 701
	[TornadoVM-PTX-JNI] ERROR : cuLaunchKernel -> Returned: 701
	[TornadoVM-PTX-JNI] ERROR : cuLaunchKernel -> Returned: 701
	[TornadoVM-PTX-JNI] ERROR : cuLaunchKernel -> Returned: 701
	[TornadoVM-PTX-JNI] ERROR : cuLaunchKernel -> Returned: 701
	[TornadoVM-PTX-JNI] ERROR : cuLaunchKernel -> Returned: 701
	[TornadoVM-PTX-JNI] ERROR : cuLaunchKernel -> Returned: 701
	[TornadoVM-PTX-JNI] ERROR : cuLaunchKernel -> Returned: 701
	[TornadoVM-PTX-JNI] ERROR : cuLaunchKernel -> Returned: 701
	[TornadoVM-PTX-JNI] ERROR : cuLaunchKernel -> Returned: 701
	[TornadoVM-PTX-JNI] ERROR : cuLaunchKernel -> Returned: 701
	[TornadoVM-PTX-JNI] ERROR : cuLaunchKernel -> Returned: 701
	[TornadoVM-PTX-JNI] ERROR : cuLaunchKernel -> Returned: 701
	[TornadoVM-PTX-JNI] ERROR : cuLaunchKernel -> Returned: 701
	[TornadoVM-PTX-JNI] ERROR : cuLaunchKernel -> Returned: 701
	[TornadoVM-PTX-JNI] ERROR : cuLaunchKernel -> Returned: 701
	[TornadoVM-PTX-JNI] ERROR : cuLaunchKernel -> Returned: 701
	[TornadoVM-PTX-JNI] ERROR : cuLaunchKernel -> Returned: 701
	[TornadoVM-PTX-JNI] ERROR : cuLaunchKernel -> Returned: 701
	[TornadoVM-PTX-JNI] ERROR : cuLaunchKernel -> Returned: 701
	[TornadoVM-PTX-JNI] ERROR : cuLaunchKernel -> Returned: 701
	[TornadoVM-PTX-JNI] ERROR : cuLaunchKernel -> Returned: 701
	[TornadoVM-PTX-JNI] ERROR : cuLaunchKernel -> Returned: 701
	[TornadoVM-PTX-JNI] ERROR : cuLaunchKernel -> Returned: 701
	[TornadoVM-PTX-JNI] ERROR : cuLaunchKernel -> Returned: 701
	[TornadoVM-PTX-JNI] ERROR : cuLaunchKernel -> Returned: 701
	[TornadoVM-PTX-JNI] ERROR : cuLaunchKernel -> Returned: 701
	[TornadoVM-PTX-JNI] ERROR : cuLaunchKernel -> Returned: 701
	[TornadoVM-PTX-JNI] ERROR : cuLaunchKernel -> Returned: 701
	[TornadoVM-PTX-JNI] ERROR : cuLaunchKernel -> Returned: 701
	[TornadoVM-PTX-JNI] ERROR : cuLaunchKernel -> Returned: 701
	[TornadoVM-PTX-JNI] ERROR : cuLaunchKernel -> Returned: 701
	[TornadoVM-PTX-JNI] ERROR : cuLaunchKernel -> Returned: 701
	[TornadoVM-PTX-JNI] ERROR : cuLaunchKernel -> Returned: 701
	[TornadoVM-PTX-JNI] ERROR : cuLaunchKernel -> Returned: 701
	[TornadoVM-PTX-JNI] ERROR : cuLaunchKernel -> Returned: 701
	[TornadoVM-PTX-JNI] ERROR : cuLaunchKernel -> Returned: 701
	[TornadoVM-PTX-JNI] ERROR : cuLaunchKernel -> Returned: 701
	[TornadoVM-PTX-JNI] ERROR : cuLaunchKernel -> Returned: 701
	[TornadoVM-PTX-JNI] ERROR : cuLaunchKernel -> Returned: 701
	[TornadoVM-PTX-JNI] ERROR : cuLaunchKernel -> Returned: 701
	[TornadoVM-PTX-JNI] ERROR : cuLaunchKernel -> Returned: 701
	[TornadoVM-PTX-JNI] ERROR : cuLaunchKernel -> Returned: 701
	[TornadoVM-PTX-JNI] ERROR : cuLaunchKernel -> Returned: 701
	[TornadoVM-PTX-JNI] ERROR : cuLaunchKernel -> Returned: 701
	[TornadoVM-PTX-JNI] ERROR : cuLaunchKernel -> Returned: 701
	[TornadoVM-PTX-JNI] ERROR : cuLaunchKernel -> Returned: 701
	[TornadoVM-PTX-JNI] ERROR : cuLaunchKernel -> Returned: 701
	[TornadoVM-PTX-JNI] ERROR : cuLaunchKernel -> Returned: 701
	[TornadoVM-PTX-JNI] ERROR : cuLaunchKernel -> Returned: 701
	[TornadoVM-PTX-JNI] ERROR : cuLaunchKernel -> Returned: 701
	[TornadoVM-PTX-JNI] ERROR : cuLaunchKernel -> Returned: 701
	[TornadoVM-PTX-JNI] ERROR : cuLaunchKernel -> Returned: 701
	[TornadoVM-PTX-JNI] ERROR : cuLaunchKernel -> Returned: 701
	[TornadoVM-PTX-JNI] ERROR : cuLaunchKernel -> Returned: 701
	[TornadoVM-PTX-JNI] ERROR : cuLaunchKernel -> Returned: 701
	[TornadoVM-PTX-JNI] ERROR : cuLaunchKernel -> Returned: 701
	[TornadoVM-PTX-JNI] ERROR : cuLaunchKernel -> Returned: 701
	[TornadoVM-PTX-JNI] ERROR : cuLaunchKernel -> Returned: 701
	[TornadoVM-PTX-JNI] ERROR : cuLaunchKernel -> Returned: 701
	[TornadoVM-PTX-JNI] ERROR : cuLaunchKernel -> Returned: 701
	[TornadoVM-PTX-JNI] ERROR : cuLaunchKernel -> Returned: 701
	[TornadoVM-PTX-JNI] ERROR : cuLaunchKernel -> Returned: 701
	[TornadoVM-PTX-JNI] ERROR : cuLaunchKernel -> Returned: 701
	[TornadoVM-PTX-JNI] ERROR : cuLaunchKernel -> Returned: 701
	[TornadoVM-PTX-JNI] ERROR : cuLaunchKernel -> Returned: 701
	[TornadoVM-PTX-JNI] ERROR : cuLaunchKernel -> Returned: 701
	[TornadoVM-PTX-JNI] ERROR : cuLaunchKernel -> Returned: 701
	[TornadoVM-PTX-JNI] ERROR : cuLaunchKernel -> Returned: 701
	[TornadoVM-PTX-JNI] ERROR : cuLaunchKernel -> Returned: 701
	[TornadoVM-PTX-JNI] ERROR : cuLaunchKernel -> Returned: 701
	[TornadoVM-PTX-JNI] ERROR : cuLaunchKernel -> Returned: 701
	[TornadoVM-PTX-JNI] ERROR : cuLaunchKernel -> Returned: 701
	[TornadoVM-PTX-JNI] ERROR : cuLaunchKernel -> Returned: 701
	[TornadoVM-PTX-JNI] ERROR : cuLaunchKernel -> Returned: 701
	[TornadoVM-PTX-JNI] ERROR : cuLaunchKernel -> Returned: 701
	[TornadoVM-PTX-JNI] ERROR : cuLaunchKernel -> Returned: 701
	[TornadoVM-PTX-JNI] ERROR : cuLaunchKernel -> Returned: 701
	[TornadoVM-PTX-JNI] ERROR : cuLaunchKernel -> Returned: 701
	[TornadoVM-PTX-JNI] ERROR : cuLaunchKernel -> Returned: 701
	[TornadoVM-PTX-JNI] ERROR : cuLaunchKernel -> Returned: 701
	[TornadoVM-PTX-JNI] ERROR : cuLaunchKernel -> Returned: 701
	[TornadoVM-PTX-JNI] ERROR : cuLaunchKernel -> Returned: 701
	[TornadoVM-PTX-JNI] ERROR : cuLaunchKernel -> Returned: 701
	[TornadoVM-PTX-JNI] ERROR : cuLaunchKernel -> Returned: 701
	[TornadoVM-PTX-JNI] ERROR : cuLaunchKernel -> Returned: 701
	[TornadoVM-PTX-JNI] ERROR : cuLaunchKernel -> Returned: 701
	[TornadoVM-PTX-JNI] ERROR : cuLaunchKernel -> Returned: 701
	[TornadoVM-PTX-JNI] ERROR : cuLaunchKernel -> Returned: 701
	[TornadoVM-PTX-JNI] ERROR : cuLaunchKernel -> Returned: 701
	[TornadoVM-PTX-JNI] ERROR : cuLaunchKernel -> Returned: 701
	[TornadoVM-PTX-JNI] ERROR : cuLaunchKernel -> Returned: 701
	[TornadoVM-PTX-JNI] ERROR : cuLaunchKernel -> Returned: 701
	[TornadoVM-PTX-JNI] ERROR : cuLaunchKernel -> Returned: 701
	[TornadoVM-PTX-JNI] ERROR : cuLaunchKernel -> Returned: 701
	[TornadoVM-PTX-JNI] ERROR : cuLaunchKernel -> Returned: 701
	[TornadoVM-PTX-JNI] ERROR : cuLaunchKernel -> Returned: 701
	[TornadoVM-PTX-JNI] ERROR : cuLaunchKernel -> Returned: 701
	[TornadoVM-PTX-JNI] ERROR : cuLaunchKernel -> Returned: 701
	[TornadoVM-PTX-JNI] ERROR : cuLaunchKernel -> Returned: 701
	[TornadoVM-PTX-JNI] ERROR : cuLaunchKernel -> Returned: 701
	[TornadoVM-PTX-JNI] ERROR : cuLaunchKernel -> Returned: 701
	[TornadoVM-PTX-JNI] ERROR : cuLaunchKernel -> Returned: 701
	[TornadoVM-PTX-JNI] ERROR : cuLaunchKernel -> Returned: 701
	[TornadoVM-PTX-JNI] ERROR : cuLaunchKernel -> Returned: 701
	[TornadoVM-PTX-JNI] ERROR : cuLaunchKernel -> Returned: 701
	[TornadoVM-PTX-JNI] ERROR : cuLaunchKernel -> Returned: 701
	[TornadoVM-PTX-JNI] ERROR : cuLaunchKernel -> Returned: 701
	[TornadoVM-PTX-JNI] ERROR : cuLaunchKernel -> Returned: 701
	[TornadoVM-PTX-JNI] ERROR : cuLaunchKernel -> Returned: 701
	[TornadoVM-PTX-JNI] ERROR : cuLaunchKernel -> Returned: 701
	[TornadoVM-PTX-JNI] ERROR : cuLaunchKernel -> Returned: 701
	[TornadoVM-PTX-JNI] ERROR : cuLaunchKernel -> Returned: 701
	[TornadoVM-PTX-JNI] ERROR : cuLaunchKernel -> Returned: 701
	[TornadoVM-PTX-JNI] ERROR : cuLaunchKernel -> Returned: 701
	[TornadoVM-PTX-JNI] ERROR : cuLaunchKernel -> Returned: 701
	[TornadoVM-PTX-JNI] ERROR : cuLaunchKernel -> Returned: 701
	[TornadoVM-PTX-JNI] ERROR : cuLaunchKernel -> Returned: 701
	[TornadoVM-PTX-JNI] ERROR : cuLaunchKernel -> Returned: 701
	[TornadoVM-PTX-JNI] ERROR : cuLaunchKernel -> Returned: 701
	[TornadoVM-PTX-JNI] ERROR : cuLaunchKernel -> Returned: 701
	[TornadoVM-PTX-JNI] ERROR : cuLaunchKernel -> Returned: 701
	[TornadoVM-PTX-JNI] ERROR : cuLaunchKernel -> Returned: 701
	[TornadoVM-PTX-JNI] ERROR : cuLaunchKernel -> Returned: 701
	[TornadoVM-PTX-JNI] ERROR : cuLaunchKernel -> Returned: 701
	[TornadoVM-PTX-JNI] ERROR : cuLaunchKernel -> Returned: 701
	[TornadoVM-PTX-JNI] ERROR : cuLaunchKernel -> Returned: 701
	[TornadoVM-PTX-JNI] ERROR : cuLaunchKernel -> Returned: 701
	[TornadoVM-PTX-JNI] ERROR : cuLaunchKernel -> Returned: 701
	[TornadoVM-PTX-JNI] ERROR : cuLaunchKernel -> Returned: 701
	[TornadoVM-PTX-JNI] ERROR : cuLaunchKernel -> Returned: 701
	[TornadoVM-PTX-JNI] ERROR : cuLaunchKernel -> Returned: 701
	[TornadoVM-PTX-JNI] ERROR : cuLaunchKernel -> Returned: 701
	[TornadoVM-PTX-JNI] ERROR : cuLaunchKernel -> Returned: 701
	[TornadoVM-PTX-JNI] ERROR : cuLaunchKernel -> Returned: 701
	[TornadoVM-PTX-JNI] ERROR : cuLaunchKernel -> Returned: 701
	[TornadoVM-PTX-JNI] ERROR : cuLaunchKernel -> Returned: 701
	[TornadoVM-PTX-JNI] ERROR : cuLaunchKernel -> Returned: 701
	[TornadoVM-PTX-JNI] ERROR : cuLaunchKernel -> Returned: 701
	[TornadoVM-PTX-JNI] ERROR : cuLaunchKernel -> Returned: 701
	[TornadoVM-PTX-JNI] ERROR : cuLaunchKernel -> Returned: 701
	[TornadoVM-PTX-JNI] ERROR : cuLaunchKernel -> Returned: 701
	[TornadoVM-PTX-JNI] ERROR : cuLaunchKernel -> Returned: 701
	[TornadoVM-PTX-JNI] ERROR : cuLaunchKernel -> Returned: 701
	[TornadoVM-PTX-JNI] ERROR : cuLaunchKernel -> Returned: 701
	[TornadoVM-PTX-JNI] ERROR : cuLaunchKernel -> Returned: 701
	[TornadoVM-PTX-JNI] ERROR : cuLaunchKernel -> Returned: 701
	[TornadoVM-PTX-JNI] ERROR : cuLaunchKernel -> Returned: 701
	[TornadoVM-PTX-JNI] ERROR : cuLaunchKernel -> Returned: 701
	[TornadoVM-PTX-JNI] ERROR : cuLaunchKernel -> Returned: 701
	[TornadoVM-PTX-JNI] ERROR : cuLaunchKernel -> Returned: 701
	[TornadoVM-PTX-JNI] ERROR : cuLaunchKernel -> Returned: 701
	[TornadoVM-PTX-JNI] ERROR : cuLaunchKernel -> Returned: 701
	[TornadoVM-PTX-JNI] ERROR : cuLaunchKernel -> Returned: 701
	[TornadoVM-PTX-JNI] ERROR : cuLaunchKernel -> Returned: 701
	[TornadoVM-PTX-JNI] ERROR : cuLaunchKernel -> Returned: 701
	[TornadoVM-PTX-JNI] ERROR : cuLaunchKernel -> Returned: 701
	[TornadoVM-PTX-JNI] ERROR : cuLaunchKernel -> Returned: 701
	[TornadoVM-PTX-JNI] ERROR : cuLaunchKernel -> Returned: 701
	[TornadoVM-PTX-JNI] ERROR : cuLaunchKernel -> Returned: 701
	[TornadoVM-PTX-JNI] ERROR : cuLaunchKernel -> Returned: 701
	[TornadoVM-PTX-JNI] ERROR : cuLaunchKernel -> Returned: 701
	[TornadoVM-PTX-JNI] ERROR : cuLaunchKernel -> Returned: 701
	[TornadoVM-PTX-JNI] ERROR : cuLaunchKernel -> Returned: 701
	[TornadoVM-PTX-JNI] ERROR : cuLaunchKernel -> Returned: 701
	[TornadoVM-PTX-JNI] ERROR : cuLaunchKernel -> Returned: 701
	[TornadoVM-PTX-JNI] ERROR : cuLaunchKernel -> Returned: 701
	[TornadoVM-PTX-JNI] ERROR : cuLaunchKernel -> Returned: 701
	[TornadoVM-PTX-JNI] ERROR : cuLaunchKernel -> Returned: 701
	[TornadoVM-PTX-JNI] ERROR : cuLaunchKernel -> Returned: 701
	[TornadoVM-PTX-JNI] ERROR : cuLaunchKernel -> Returned: 701
	[TornadoVM-PTX-JNI] ERROR : cuLaunchKernel -> Returned: 701
	[TornadoVM-PTX-JNI] ERROR : cuLaunchKernel -> Returned: 701
	[TornadoVM-PTX-JNI] ERROR : cuLaunchKernel -> Returned: 701
	[TornadoVM-PTX-JNI] ERROR : cuLaunchKernel -> Returned: 701
	[TornadoVM-PTX-JNI] ERROR : cuLaunchKernel -> Returned: 701
	[TornadoVM-PTX-JNI] ERROR : cuLaunchKernel -> Returned: 701
	[TornadoVM-PTX-JNI] ERROR : cuLaunchKernel -> Returned: 701
	[TornadoVM-PTX-JNI] ERROR : cuLaunchKernel -> Returned: 701
	[TornadoVM-PTX-JNI] ERROR : cuLaunchKernel -> Returned: 701
	[TornadoVM-PTX-JNI] ERROR : cuLaunchKernel -> Returned: 701
	[TornadoVM-PTX-JNI] ERROR : cuLaunchKernel -> Returned: 701
	[TornadoVM-PTX-JNI] ERROR : cuLaunchKernel -> Returned: 701
	[TornadoVM-PTX-JNI] ERROR : cuLaunchKernel -> Returned: 701
	[TornadoVM-PTX-JNI] ERROR : cuLaunchKernel -> Returned: 701
	[TornadoVM-PTX-JNI] ERROR : cuLaunchKernel -> Returned: 701
	[TornadoVM-PTX-JNI] ERROR : cuLaunchKernel -> Returned: 701
	[TornadoVM-PTX-JNI] ERROR : cuLaunchKernel -> Returned: 701
	[TornadoVM-PTX-JNI] ERROR : cuLaunchKernel -> Returned: 701
	[TornadoVM-PTX-JNI] ERROR : cuLaunchKernel -> Returned: 701
	[TornadoVM-PTX-JNI] ERROR : cuLaunchKernel -> Returned: 701
	[TornadoVM-PTX-JNI] ERROR : cuLaunchKernel -> Returned: 701
	[TornadoVM-PTX-JNI] ERROR : cuLaunchKernel -> Returned: 701
	[TornadoVM-PTX-JNI] ERROR : cuLaunchKernel -> Returned: 701
	[TornadoVM-PTX-JNI] ERROR : cuLaunchKernel -> Returned: 701
	[TornadoVM-PTX-JNI] ERROR : cuLaunchKernel -> Returned: 701
	[TornadoVM-PTX-JNI] ERROR : cuLaunchKernel -> Returned: 701
	[TornadoVM-PTX-JNI] ERROR : cuLaunchKernel -> Returned: 701
	[TornadoVM-PTX-JNI] ERROR : cuLaunchKernel -> Returned: 701
	[TornadoVM-PTX-JNI] ERROR : cuLaunchKernel -> Returned: 701
	[TornadoVM-PTX-JNI] ERROR : cuLaunchKernel -> Returned: 701
	[TornadoVM-PTX-JNI] ERROR : cuLaunchKernel -> Returned: 701
	[TornadoVM-PTX-JNI] ERROR : cuLaunchKernel -> Returned: 701
	[TornadoVM-PTX-JNI] ERROR : cuLaunchKernel -> Returned: 701
	[TornadoVM-PTX-JNI] ERROR : cuLaunchKernel -> Returned: 701
	[TornadoVM-PTX-JNI] ERROR : cuLaunchKernel -> Returned: 701
	[TornadoVM-PTX-JNI] ERROR : cuLaunchKernel -> Returned: 701
	[TornadoVM-PTX-JNI] ERROR : cuLaunchKernel -> Returned: 701
	[TornadoVM-PTX-JNI] ERROR : cuLaunchKernel -> Returned: 701
	[TornadoVM-PTX-JNI] ERROR : cuLaunchKernel -> Returned: 701
	[TornadoVM-PTX-JNI] ERROR : cuLaunchKernel -> Returned: 701
	[TornadoVM-PTX-JNI] ERROR : cuLaunchKernel -> Returned: 701
	[TornadoVM-PTX-JNI] ERROR : cuLaunchKernel -> Returned: 701
	[TornadoVM-PTX-JNI] ERROR : cuLaunchKernel -> Returned: 701
	[TornadoVM-PTX-JNI] ERROR : cuLaunchKernel -> Returned: 701
	[TornadoVM-PTX-JNI] ERROR : cuLaunchKernel -> Returned: 701
	[TornadoVM-PTX-JNI] ERROR : cuLaunchKernel -> Returned: 701
	[TornadoVM-PTX-JNI] ERROR : cuLaunchKernel -> Returned: 701
	[TornadoVM-PTX-JNI] ERROR : cuLaunchKernel -> Returned: 701
	[TornadoVM-PTX-JNI] ERROR : cuLaunchKernel -> Returned: 701
	[TornadoVM-PTX-JNI] ERROR : cuLaunchKernel -> Returned: 701
	[TornadoVM-PTX-JNI] ERROR : cuLaunchKernel -> Returned: 701
	[TornadoVM-PTX-JNI] ERROR : cuLaunchKernel -> Returned: 701
	[TornadoVM-PTX-JNI] ERROR : cuLaunchKernel -> Returned: 701
	[TornadoVM-PTX-JNI] ERROR : cuLaunchKernel -> Returned: 701
	[TornadoVM-PTX-JNI] ERROR : cuLaunchKernel -> Returned: 701
	[TornadoVM-PTX-JNI] ERROR : cuLaunchKernel -> Returned: 701
	[TornadoVM-PTX-JNI] ERROR : cuLaunchKernel -> Returned: 701
	[TornadoVM-PTX-JNI] ERROR : cuLaunchKernel -> Returned: 701
	[TornadoVM-PTX-JNI] ERROR : cuLaunchKernel -> Returned: 701
	[TornadoVM-PTX-JNI] ERROR : cuLaunchKernel -> Returned: 701
	[TornadoVM-PTX-JNI] ERROR : cuLaunchKernel -> Returned: 701
	[TornadoVM-PTX-JNI] ERROR : cuLaunchKernel -> Returned: 701
	[TornadoVM-PTX-JNI] ERROR : cuLaunchKernel -> Returned: 701
	[TornadoVM-PTX-JNI] ERROR : cuLaunchKernel -> Returned: 701
	[TornadoVM-PTX-JNI] ERROR : cuLaunchKernel -> Returned: 701
	[TornadoVM-PTX-JNI] ERROR : cuLaunchKernel -> Returned: 701
	[TornadoVM-PTX-JNI] ERROR : cuLaunchKernel -> Returned: 701
	[TornadoVM-PTX-JNI] ERROR : cuLaunchKernel -> Returned: 701
	[TornadoVM-PTX-JNI] ERROR : cuLaunchKernel -> Returned: 701
	[TornadoVM-PTX-JNI] ERROR : cuLaunchKernel -> Returned: 701
	[TornadoVM-PTX-JNI] ERROR : cuLaunchKernel -> Returned: 701
	[TornadoVM-PTX-JNI] ERROR : cuLaunchKernel -> Returned: 701
	[TornadoVM-PTX-JNI] ERROR : cuLaunchKernel -> Returned: 701
	[TornadoVM-PTX-JNI] ERROR : cuLaunchKernel -> Returned: 701
	[TornadoVM-PTX-JNI] ERROR : cuLaunchKernel -> Returned: 701
	[TornadoVM-PTX-JNI] ERROR : cuLaunchKernel -> Returned: 701
	[TornadoVM-PTX-JNI] ERROR : cuLaunchKernel -> Returned: 701
	[TornadoVM-PTX-JNI] ERROR : cuLaunchKernel -> Returned: 701
	[TornadoVM-PTX-JNI] ERROR : cuLaunchKernel -> Returned: 701
	[TornadoVM-PTX-JNI] ERROR : cuLaunchKernel -> Returned: 701
	[TornadoVM-PTX-JNI] ERROR : cuLaunchKernel -> Returned: 701
	[TornadoVM-PTX-JNI] ERROR : cuLaunchKernel -> Returned: 701
	[TornadoVM-PTX-JNI] ERROR : cuLaunchKernel -> Returned: 701
	[TornadoVM-PTX-JNI] ERROR : cuLaunchKernel -> Returned: 701
	[TornadoVM-PTX-JNI] ERROR : cuLaunchKernel -> Returned: 701
	[TornadoVM-PTX-JNI] ERROR : cuLaunchKernel -> Returned: 701
	[TornadoVM-PTX-JNI] ERROR : cuLaunchKernel -> Returned: 701
	[TornadoVM-PTX-JNI] ERROR : cuLaunchKernel -> Returned: 701
	[TornadoVM-PTX-JNI] ERROR : cuLaunchKernel -> Returned: 701
	[TornadoVM-PTX-JNI] ERROR : cuLaunchKernel -> Returned: 701
	[TornadoVM-PTX-JNI] ERROR : cuLaunchKernel -> Returned: 701
	[TornadoVM-PTX-JNI] ERROR : cuLaunchKernel -> Returned: 701
	[TornadoVM-PTX-JNI] ERROR : cuLaunchKernel -> Returned: 701
	[TornadoVM-PTX-JNI] ERROR : cuLaunchKernel -> Returned: 701
	[TornadoVM-PTX-JNI] ERROR : cuLaunchKernel -> Returned: 701
	[TornadoVM-PTX-JNI] ERROR : cuLaunchKernel -> Returned: 701
	[TornadoVM-PTX-JNI] ERROR : cuLaunchKernel -> Returned: 701
	[TornadoVM-PTX-JNI] ERROR : cuLaunchKernel -> Returned: 701
	[TornadoVM-PTX-JNI] ERROR : cuLaunchKernel -> Returned: 701
	[TornadoVM-PTX-JNI] ERROR : cuLaunchKernel -> Returned: 701
	[TornadoVM-PTX-JNI] ERROR : cuLaunchKernel -> Returned: 701
	[TornadoVM-PTX-JNI] ERROR : cuLaunchKernel -> Returned: 701
	[TornadoVM-PTX-JNI] ERROR : cuLaunchKernel -> Returned: 701
	[TornadoVM-PTX-JNI] ERROR : cuLaunchKernel -> Returned: 701
	[TornadoVM-PTX-JNI] ERROR : cuLaunchKernel -> Returned: 701
	[TornadoVM-PTX-JNI] ERROR : cuLaunchKernel -> Returned: 701
	[TornadoVM-PTX-JNI] ERROR : cuLaunchKernel -> Returned: 701
	[TornadoVM-PTX-JNI] ERROR : cuLaunchKernel -> Returned: 701
	[TornadoVM-PTX-JNI] ERROR : cuLaunchKernel -> Returned: 701
	[TornadoVM-PTX-JNI] ERROR : cuLaunchKernel -> Returned: 701
	[TornadoVM-PTX-JNI] ERROR : cuLaunchKernel -> Returned: 701
	[TornadoVM-PTX-JNI] ERROR : cuLaunchKernel -> Returned: 701
	[TornadoVM-PTX-JNI] ERROR : cuLaunchKernel -> Returned: 701
	[TornadoVM-PTX-JNI] ERROR : cuLaunchKernel -> Returned: 701
	[TornadoVM-PTX-JNI] ERROR : cuLaunchKernel -> Returned: 701
	[TornadoVM-PTX-JNI] ERROR : cuLaunchKernel -> Returned: 701
	[TornadoVM-PTX-JNI] ERROR : cuLaunchKernel -> Returned: 701
	[TornadoVM-PTX-JNI] ERROR : cuLaunchKernel -> Returned: 701
	[TornadoVM-PTX-JNI] ERROR : cuLaunchKernel -> Returned: 701
	[TornadoVM-PTX-JNI] ERROR : cuLaunchKernel -> Returned: 701
	[TornadoVM-PTX-JNI] ERROR : cuLaunchKernel -> Returned: 701
	[TornadoVM-PTX-JNI] ERROR : cuLaunchKernel -> Returned: 701
	[TornadoVM-PTX-JNI] ERROR : cuLaunchKernel -> Returned: 701
	[TornadoVM-PTX-JNI] ERROR : cuLaunchKernel -> Returned: 701
	[TornadoVM-PTX-JNI] ERROR : cuLaunchKernel -> Returned: 701
	[TornadoVM-PTX-JNI] ERROR : cuLaunchKernel -> Returned: 701
	[TornadoVM-PTX-JNI] ERROR : cuLaunchKernel -> Returned: 701
	[TornadoVM-PTX-JNI] ERROR : cuLaunchKernel -> Returned: 701
	[TornadoVM-PTX-JNI] ERROR : cuLaunchKernel -> Returned: 701
	[TornadoVM-PTX-JNI] ERROR : cuLaunchKernel -> Returned: 701
	[TornadoVM-PTX-JNI] ERROR : cuLaunchKernel -> Returned: 701
	[TornadoVM-PTX-JNI] ERROR : cuLaunchKernel -> Returned: 701
	[TornadoVM-PTX-JNI] ERROR : cuLaunchKernel -> Returned: 701
	[TornadoVM-PTX-JNI] ERROR : cuLaunchKernel -> Returned: 701
	[TornadoVM-PTX-JNI] ERROR : cuLaunchKernel -> Returned: 701
	[TornadoVM-PTX-JNI] ERROR : cuLaunchKernel -> Returned: 701
	[TornadoVM-PTX-JNI] ERROR : cuLaunchKernel -> Returned: 701
	[TornadoVM-PTX-JNI] ERROR : cuLaunchKernel -> Returned: 701
	[TornadoVM-PTX-JNI] ERROR : cuLaunchKernel -> Returned: 701
	[TornadoVM-PTX-JNI] ERROR : cuLaunchKernel -> Returned: 701
	[TornadoVM-PTX-JNI] ERROR : cuLaunchKernel -> Returned: 701
	[TornadoVM-PTX-JNI] ERROR : cuLaunchKernel -> Returned: 701
	[TornadoVM-PTX-JNI] ERROR : cuLaunchKernel -> Returned: 701
	[TornadoVM-PTX-JNI] ERROR : cuLaunchKernel -> Returned: 701
	[TornadoVM-PTX-JNI] ERROR : cuLaunchKernel -> Returned: 701
	[TornadoVM-PTX-JNI] ERROR : cuLaunchKernel -> Returned: 701
	[TornadoVM-PTX-JNI] ERROR : cuLaunchKernel -> Returned: 701
	[TornadoVM-PTX-JNI] ERROR : cuLaunchKernel -> Returned: 701
	[TornadoVM-PTX-JNI] ERROR : cuLaunchKernel -> Returned: 701
	[TornadoVM-PTX-JNI] ERROR : cuLaunchKernel -> Returned: 701
	[TornadoVM-PTX-JNI] ERROR : cuLaunchKernel -> Returned: 701
	[TornadoVM-PTX-JNI] ERROR : cuLaunchKernel -> Returned: 701
	[TornadoVM-PTX-JNI] ERROR : cuLaunchKernel -> Returned: 701
	[TornadoVM-PTX-JNI] ERROR : cuLaunchKernel -> Returned: 701
	[TornadoVM-PTX-JNI] ERROR : cuLaunchKernel -> Returned: 701
	[TornadoVM-PTX-JNI] ERROR : cuLaunchKernel -> Returned: 701
	[TornadoVM-PTX-JNI] ERROR : cuLaunchKernel -> Returned: 701
	[TornadoVM-PTX-JNI] ERROR : cuLaunchKernel -> Returned: 701
	[TornadoVM-PTX-JNI] ERROR : cuLaunchKernel -> Returned: 701
	[TornadoVM-PTX-JNI] ERROR : cuLaunchKernel -> Returned: 701
	[TornadoVM-PTX-JNI] ERROR : cuLaunchKernel -> Returned: 701
	[TornadoVM-PTX-JNI] ERROR : cuLaunchKernel -> Returned: 701
	[TornadoVM-PTX-JNI] ERROR : cuLaunchKernel -> Returned: 701
	[TornadoVM-PTX-JNI] ERROR : cuLaunchKernel -> Returned: 701
	[TornadoVM-PTX-JNI] ERROR : cuLaunchKernel -> Returned: 701
	[TornadoVM-PTX-JNI] ERROR : cuLaunchKernel -> Returned: 701
	[TornadoVM-PTX-JNI] ERROR : cuLaunchKernel -> Returned: 701
	[TornadoVM-PTX-JNI] ERROR : cuLaunchKernel -> Returned: 701
	[TornadoVM-PTX-JNI] ERROR : cuLaunchKernel -> Returned: 701
	[TornadoVM-PTX-JNI] ERROR : cuLaunchKernel -> Returned: 701
	[TornadoVM-PTX-JNI] ERROR : cuLaunchKernel -> Returned: 701
	[TornadoVM-PTX-JNI] ERROR : cuLaunchKernel -> Returned: 701
	[TornadoVM-PTX-JNI] ERROR : cuLaunchKernel -> Returned: 701
	[TornadoVM-PTX-JNI] ERROR : cuLaunchKernel -> Returned: 701
	[TornadoVM-PTX-JNI] ERROR : cuLaunchKernel -> Returned: 701
	[TornadoVM-PTX-JNI] ERROR : cuLaunchKernel -> Returned: 701
	[TornadoVM-PTX-JNI] ERROR : cuLaunchKernel -> Returned: 701
	[TornadoVM-PTX-JNI] ERROR : cuLaunchKernel -> Returned: 701
	[TornadoVM-PTX-JNI] ERROR : cuLaunchKernel -> Returned: 701
	[TornadoVM-PTX-JNI] ERROR : cuLaunchKernel -> Returned: 701
	[TornadoVM-PTX-JNI] ERROR : cuLaunchKernel -> Returned: 701
	[TornadoVM-PTX-JNI] ERROR : cuLaunchKernel -> Returned: 701
	[TornadoVM-PTX-JNI] ERROR : cuLaunchKernel -> Returned: 701
	[TornadoVM-PTX-JNI] ERROR : cuLaunchKernel -> Returned: 701
	[TornadoVM-PTX-JNI] ERROR : cuLaunchKernel -> Returned: 701
	[TornadoVM-PTX-JNI] ERROR : cuLaunchKernel -> Returned: 701
	[TornadoVM-PTX-JNI] ERROR : cuLaunchKernel -> Returned: 701
	[TornadoVM-PTX-JNI] ERROR : cuLaunchKernel -> Returned: 701
	[TornadoVM-PTX-JNI] ERROR : cuLaunchKernel -> Returned: 701
	[TornadoVM-PTX-JNI] ERROR : cuLaunchKernel -> Returned: 701
	[TornadoVM-PTX-JNI] ERROR : cuLaunchKernel -> Returned: 701
	[TornadoVM-PTX-JNI] ERROR : cuLaunchKernel -> Returned: 701
	[TornadoVM-PTX-JNI] ERROR : cuLaunchKernel -> Returned: 701
	[TornadoVM-PTX-JNI] ERROR : cuLaunchKernel -> Returned: 701
	[TornadoVM-PTX-JNI] ERROR : cuLaunchKernel -> Returned: 701
	[TornadoVM-PTX-JNI] ERROR : cuLaunchKernel -> Returned: 701
	[TornadoVM-PTX-JNI] ERROR : cuLaunchKernel -> Returned: 701
	[TornadoVM-PTX-JNI] ERROR : cuLaunchKernel -> Returned: 701
	[TornadoVM-PTX-JNI] ERROR : cuLaunchKernel -> Returned: 701
	[TornadoVM-PTX-JNI] ERROR : cuLaunchKernel -> Returned: 701
	[TornadoVM-PTX-JNI] ERROR : cuLaunchKernel -> Returned: 701
	[TornadoVM-PTX-JNI] ERROR : cuLaunchKernel -> Returned: 701
	[TornadoVM-PTX-JNI] ERROR : cuLaunchKernel -> Returned: 701
	[TornadoVM-PTX-JNI] ERROR : cuLaunchKernel -> Returned: 701
	[TornadoVM-PTX-JNI] ERROR : cuLaunchKernel -> Returned: 701
	[TornadoVM-PTX-JNI] ERROR : cuLaunchKernel -> Returned: 701
	[TornadoVM-PTX-JNI] ERROR : cuLaunchKernel -> Returned: 701
	[TornadoVM-PTX-JNI] ERROR : cuLaunchKernel -> Returned: 701
	[TornadoVM-PTX-JNI] ERROR : cuLaunchKernel -> Returned: 701
	[TornadoVM-PTX-JNI] ERROR : cuLaunchKernel -> Returned: 701
	[TornadoVM-PTX-JNI] ERROR : cuLaunchKernel -> Returned: 701
	[TornadoVM-PTX-JNI] ERROR : cuLaunchKernel -> Returned: 701
	[TornadoVM-PTX-JNI] ERROR : cuLaunchKernel -> Returned: 701
	[TornadoVM-PTX-JNI] ERROR : cuLaunchKernel -> Returned: 701
	[TornadoVM-PTX-JNI] ERROR : cuLaunchKernel -> Returned: 701
	[TornadoVM-PTX-JNI] ERROR : cuLaunchKernel -> Returned: 701
	[TornadoVM-PTX-JNI] ERROR : cuLaunchKernel -> Returned: 701
	[TornadoVM-PTX-JNI] ERROR : cuLaunchKernel -> Returned: 701
	[TornadoVM-PTX-JNI] ERROR : cuLaunchKernel -> Returned: 701
	[TornadoVM-PTX-JNI] ERROR : cuLaunchKernel -> Returned: 701
	[TornadoVM-PTX-JNI] ERROR : cuLaunchKernel -> Returned: 701
	[TornadoVM-PTX-JNI] ERROR : cuLaunchKernel -> Returned: 701
	[TornadoVM-PTX-JNI] ERROR : cuLaunchKernel -> Returned: 701
	[TornadoVM-PTX-JNI] ERROR : cuLaunchKernel -> Returned: 701
	[TornadoVM-PTX-JNI] ERROR : cuLaunchKernel -> Returned: 701
	[TornadoVM-PTX-JNI] ERROR : cuLaunchKernel -> Returned: 701
	[TornadoVM-PTX-JNI] ERROR : cuLaunchKernel -> Returned: 701
	[TornadoVM-PTX-JNI] ERROR : cuLaunchKernel -> Returned: 701
	[TornadoVM-PTX-JNI] ERROR : cuLaunchKernel -> Returned: 701
	[TornadoVM-PTX-JNI] ERROR : cuLaunchKernel -> Returned: 701
	[TornadoVM-PTX-JNI] ERROR : cuLaunchKernel -> Returned: 701
	[TornadoVM-PTX-JNI] ERROR : cuLaunchKernel -> Returned: 701
	[TornadoVM-PTX-JNI] ERROR : cuLaunchKernel -> Returned: 701
	[TornadoVM-PTX-JNI] ERROR : cuLaunchKernel -> Returned: 701
	[TornadoVM-PTX-JNI] ERROR : cuLaunchKernel -> Returned: 701
	[TornadoVM-PTX-JNI] ERROR : cuLaunchKernel -> Returned: 701
	[TornadoVM-PTX-JNI] ERROR : cuLaunchKernel -> Returned: 701
	[TornadoVM-PTX-JNI] ERROR : cuLaunchKernel -> Returned: 701
	[TornadoVM-PTX-JNI] ERROR : cuLaunchKernel -> Returned: 701
	[TornadoVM-PTX-JNI] ERROR : cuLaunchKernel -> Returned: 701
	[TornadoVM-PTX-JNI] ERROR : cuLaunchKernel -> Returned: 701
	[TornadoVM-PTX-JNI] ERROR : cuLaunchKernel -> Returned: 701
	[TornadoVM-PTX-JNI] ERROR : cuLaunchKernel -> Returned: 701
	[TornadoVM-PTX-JNI] ERROR : cuLaunchKernel -> Returned: 701
	[TornadoVM-PTX-JNI] ERROR : cuLaunchKernel -> Returned: 701
	[TornadoVM-PTX-JNI] ERROR : cuLaunchKernel -> Returned: 701
	[TornadoVM-PTX-JNI] ERROR : cuLaunchKernel -> Returned: 701
	[TornadoVM-PTX-JNI] ERROR : cuLaunchKernel -> Returned: 701
	[TornadoVM-PTX-JNI] ERROR : cuLaunchKernel -> Returned: 701
	[TornadoVM-PTX-JNI] ERROR : cuLaunchKernel -> Returned: 701
	[TornadoVM-PTX-JNI] ERROR : cuLaunchKernel -> Returned: 701
	[TornadoVM-PTX-JNI] ERROR : cuLaunchKernel -> Returned: 701
	[TornadoVM-PTX-JNI] ERROR : cuLaunchKernel -> Returned: 701
	[TornadoVM-PTX-JNI] ERROR : cuLaunchKernel -> Returned: 701
[GATHER] call=3000 totalDirty=0 maxThread=0 cumAvg=40.3 cumMaxPerThread=11
	[TornadoVM-PTX-JNI] ERROR : cuLaunchKernel -> Returned: 701
	[TornadoVM-PTX-JNI] ERROR : cuLaunchKernel -> Returned: 701
	[TornadoVM-PTX-JNI] ERROR : cuLaunchKernel -> Returned: 701
	[TornadoVM-PTX-JNI] ERROR : cuLaunchKernel -> Returned: 701
	[TornadoVM-PTX-JNI] ERROR : cuLaunchKernel -> Returned: 701
	[TornadoVM-PTX-JNI] ERROR : cuLaunchKernel -> Returned: 701
	[TornadoVM-PTX-JNI] ERROR : cuLaunchKernel -> Returned: 701
	[TornadoVM-PTX-JNI] ERROR : cuLaunchKernel -> Returned: 701
	[TornadoVM-PTX-JNI] ERROR : cuLaunchKernel -> Returned: 701
	[TornadoVM-PTX-JNI] ERROR : cuLaunchKernel -> Returned: 701
	[TornadoVM-PTX-JNI] ERROR : cuLaunchKernel -> Returned: 701
	[TornadoVM-PTX-JNI] ERROR : cuLaunchKernel -> Returned: 701
	[TornadoVM-PTX-JNI] ERROR : cuLaunchKernel -> Returned: 701
	[TornadoVM-PTX-JNI] ERROR : cuLaunchKernel -> Returned: 701
	[TornadoVM-PTX-JNI] ERROR : cuLaunchKernel -> Returned: 701
	[TornadoVM-PTX-JNI] ERROR : cuLaunchKernel -> Returned: 701
	[TornadoVM-PTX-JNI] ERROR : cuLaunchKernel -> Returned: 701
	[TornadoVM-PTX-JNI] ERROR : cuLaunchKernel -> Returned: 701
	[TornadoVM-PTX-JNI] ERROR : cuLaunchKernel -> Returned: 701
	[TornadoVM-PTX-JNI] ERROR : cuLaunchKernel -> Returned: 701
	[TornadoVM-PTX-JNI] ERROR : cuLaunchKernel -> Returned: 701
	[TornadoVM-PTX-JNI] ERROR : cuLaunchKernel -> Returned: 701
	[TornadoVM-PTX-JNI] ERROR : cuLaunchKernel -> Returned: 701
	[TornadoVM-PTX-JNI] ERROR : cuLaunchKernel -> Returned: 701
	[TornadoVM-PTX-JNI] ERROR : cuLaunchKernel -> Returned: 701
	[TornadoVM-PTX-JNI] ERROR : cuLaunchKernel -> Returned: 701
	[TornadoVM-PTX-JNI] ERROR : cuLaunchKernel -> Returned: 701
	[TornadoVM-PTX-JNI] ERROR : cuLaunchKernel -> Returned: 701
	[TornadoVM-PTX-JNI] ERROR : cuLaunchKernel -> Returned: 701
	[TornadoVM-PTX-JNI] ERROR : cuLaunchKernel -> Returned: 701
	[TornadoVM-PTX-JNI] ERROR : cuLaunchKernel -> Returned: 701
	[TornadoVM-PTX-JNI] ERROR : cuLaunchKernel -> Returned: 701
	[TornadoVM-PTX-JNI] ERROR : cuLaunchKernel -> Returned: 701
	[TornadoVM-PTX-JNI] ERROR : cuLaunchKernel -> Returned: 701
	[TornadoVM-PTX-JNI] ERROR : cuLaunchKernel -> Returned: 701
	[TornadoVM-PTX-JNI] ERROR : cuLaunchKernel -> Returned: 701
	[TornadoVM-PTX-JNI] ERROR : cuLaunchKernel -> Returned: 701
	[TornadoVM-PTX-JNI] ERROR : cuLaunchKernel -> Returned: 701
	[TornadoVM-PTX-JNI] ERROR : cuLaunchKernel -> Returned: 701
	[TornadoVM-PTX-JNI] ERROR : cuLaunchKernel -> Returned: 701
	[TornadoVM-PTX-JNI] ERROR : cuLaunchKernel -> Returned: 701
	[TornadoVM-PTX-JNI] ERROR : cuLaunchKernel -> Returned: 701
	[TornadoVM-PTX-JNI] ERROR : cuLaunchKernel -> Returned: 701
	[TornadoVM-PTX-JNI] ERROR : cuLaunchKernel -> Returned: 701
	[TornadoVM-PTX-JNI] ERROR : cuLaunchKernel -> Returned: 701
	[TornadoVM-PTX-JNI] ERROR : cuLaunchKernel -> Returned: 701
	[TornadoVM-PTX-JNI] ERROR : cuLaunchKernel -> Returned: 701
	[TornadoVM-PTX-JNI] ERROR : cuLaunchKernel -> Returned: 701
	[TornadoVM-PTX-JNI] ERROR : cuLaunchKernel -> Returned: 701
	[TornadoVM-PTX-JNI] ERROR : cuLaunchKernel -> Returned: 701
	[TornadoVM-PTX-JNI] ERROR : cuLaunchKernel -> Returned: 701
	[TornadoVM-PTX-JNI] ERROR : cuLaunchKernel -> Returned: 701
	[TornadoVM-PTX-JNI] ERROR : cuLaunchKernel -> Returned: 701
	[TornadoVM-PTX-JNI] ERROR : cuLaunchKernel -> Returned: 701
	[TornadoVM-PTX-JNI] ERROR : cuLaunchKernel -> Returned: 701
	[TornadoVM-PTX-JNI] ERROR : cuLaunchKernel -> Returned: 701
	[TornadoVM-PTX-JNI] ERROR : cuLaunchKernel -> Returned: 701
	[TornadoVM-PTX-JNI] ERROR : cuLaunchKernel -> Returned: 701
	[TornadoVM-PTX-JNI] ERROR : cuLaunchKernel -> Returned: 701
	[TornadoVM-PTX-JNI] ERROR : cuLaunchKernel -> Returned: 701
	[TornadoVM-PTX-JNI] ERROR : cuLaunchKernel -> Returned: 701
	[TornadoVM-PTX-JNI] ERROR : cuLaunchKernel -> Returned: 701
	[TornadoVM-PTX-JNI] ERROR : cuLaunchKernel -> Returned: 701
	[TornadoVM-PTX-JNI] ERROR : cuLaunchKernel -> Returned: 701
	[TornadoVM-PTX-JNI] ERROR : cuLaunchKernel -> Returned: 701
	[TornadoVM-PTX-JNI] ERROR : cuLaunchKernel -> Returned: 701
	[TornadoVM-PTX-JNI] ERROR : cuLaunchKernel -> Returned: 701
	[TornadoVM-PTX-JNI] ERROR : cuLaunchKernel -> Returned: 701
	[TornadoVM-PTX-JNI] ERROR : cuLaunchKernel -> Returned: 701
	[TornadoVM-PTX-JNI] ERROR : cuLaunchKernel -> Returned: 701
	[TornadoVM-PTX-JNI] ERROR : cuLaunchKernel -> Returned: 701
	[TornadoVM-PTX-JNI] ERROR : cuLaunchKernel -> Returned: 701
	[TornadoVM-PTX-JNI] ERROR : cuLaunchKernel -> Returned: 701
	[TornadoVM-PTX-JNI] ERROR : cuLaunchKernel -> Returned: 701
	[TornadoVM-PTX-JNI] ERROR : cuLaunchKernel -> Returned: 701
	[TornadoVM-PTX-JNI] ERROR : cuLaunchKernel -> Returned: 701
	[TornadoVM-PTX-JNI] ERROR : cuLaunchKernel -> Returned: 701
	[TornadoVM-PTX-JNI] ERROR : cuLaunchKernel -> Returned: 701
	[TornadoVM-PTX-JNI] ERROR : cuLaunchKernel -> Returned: 701
	[TornadoVM-PTX-JNI] ERROR : cuLaunchKernel -> Returned: 701
	[TornadoVM-PTX-JNI] ERROR : cuLaunchKernel -> Returned: 701
	[TornadoVM-PTX-JNI] ERROR : cuLaunchKernel -> Returned: 701
	[TornadoVM-PTX-JNI] ERROR : cuLaunchKernel -> Returned: 701
	[TornadoVM-PTX-JNI] ERROR : cuLaunchKernel -> Returned: 701
	[TornadoVM-PTX-JNI] ERROR : cuLaunchKernel -> Returned: 701
	[TornadoVM-PTX-JNI] ERROR : cuLaunchKernel -> Returned: 701
	[TornadoVM-PTX-JNI] ERROR : cuLaunchKernel -> Returned: 701
	[TornadoVM-PTX-JNI] ERROR : cuLaunchKernel -> Returned: 701
	[TornadoVM-PTX-JNI] ERROR : cuLaunchKernel -> Returned: 701
	[TornadoVM-PTX-JNI] ERROR : cuLaunchKernel -> Returned: 701
	[TornadoVM-PTX-JNI] ERROR : cuLaunchKernel -> Returned: 701
	[TornadoVM-PTX-JNI] ERROR : cuLaunchKernel -> Returned: 701
	[TornadoVM-PTX-JNI] ERROR : cuLaunchKernel -> Returned: 701
	[TornadoVM-PTX-JNI] ERROR : cuLaunchKernel -> Returned: 701
	[TornadoVM-PTX-JNI] ERROR : cuLaunchKernel -> Returned: 701
	[TornadoVM-PTX-JNI] ERROR : cuLaunchKernel -> Returned: 701
	[TornadoVM-PTX-JNI] ERROR : cuLaunchKernel -> Returned: 701
	[TornadoVM-PTX-JNI] ERROR : cuLaunchKernel -> Returned: 701
	[TornadoVM-PTX-JNI] ERROR : cuLaunchKernel -> Returned: 701
	[TornadoVM-PTX-JNI] ERROR : cuLaunchKernel -> Returned: 701
	[TornadoVM-PTX-JNI] ERROR : cuLaunchKernel -> Returned: 701
	[TornadoVM-PTX-JNI] ERROR : cuLaunchKernel -> Returned: 701
	[TornadoVM-PTX-JNI] ERROR : cuLaunchKernel -> Returned: 701
	[TornadoVM-PTX-JNI] ERROR : cuLaunchKernel -> Returned: 701
	[TornadoVM-PTX-JNI] ERROR : cuLaunchKernel -> Returned: 701
	[TornadoVM-PTX-JNI] ERROR : cuLaunchKernel -> Returned: 701
	[TornadoVM-PTX-JNI] ERROR : cuLaunchKernel -> Returned: 701
	[TornadoVM-PTX-JNI] ERROR : cuLaunchKernel -> Returned: 701
	[TornadoVM-PTX-JNI] ERROR : cuLaunchKernel -> Returned: 701
	[TornadoVM-PTX-JNI] ERROR : cuLaunchKernel -> Returned: 701
	[TornadoVM-PTX-JNI] ERROR : cuLaunchKernel -> Returned: 701
	[TornadoVM-PTX-JNI] ERROR : cuLaunchKernel -> Returned: 701
	[TornadoVM-PTX-JNI] ERROR : cuLaunchKernel -> Returned: 701
	[TornadoVM-PTX-JNI] ERROR : cuLaunchKernel -> Returned: 701
	[TornadoVM-PTX-JNI] ERROR : cuLaunchKernel -> Returned: 701
	[TornadoVM-PTX-JNI] ERROR : cuLaunchKernel -> Returned: 701
	[TornadoVM-PTX-JNI] ERROR : cuLaunchKernel -> Returned: 701
	[TornadoVM-PTX-JNI] ERROR : cuLaunchKernel -> Returned: 701
	[TornadoVM-PTX-JNI] ERROR : cuLaunchKernel -> Returned: 701
	[TornadoVM-PTX-JNI] ERROR : cuLaunchKernel -> Returned: 701
	[TornadoVM-PTX-JNI] ERROR : cuLaunchKernel -> Returned: 701
	[TornadoVM-PTX-JNI] ERROR : cuLaunchKernel -> Returned: 701
	[TornadoVM-PTX-JNI] ERROR : cuLaunchKernel -> Returned: 701
	[TornadoVM-PTX-JNI] ERROR : cuLaunchKernel -> Returned: 701
	[TornadoVM-PTX-JNI] ERROR : cuLaunchKernel -> Returned: 701
	[TornadoVM-PTX-JNI] ERROR : cuLaunchKernel -> Returned: 701
	[TornadoVM-PTX-JNI] ERROR : cuLaunchKernel -> Returned: 701
	[TornadoVM-PTX-JNI] ERROR : cuLaunchKernel -> Returned: 701
	[TornadoVM-PTX-JNI] ERROR : cuLaunchKernel -> Returned: 701
	[TornadoVM-PTX-JNI] ERROR : cuLaunchKernel -> Returned: 701
	[TornadoVM-PTX-JNI] ERROR : cuLaunchKernel -> Returned: 701
	[TornadoVM-PTX-JNI] ERROR : cuLaunchKernel -> Returned: 701
	[TornadoVM-PTX-JNI] ERROR : cuLaunchKernel -> Returned: 701
	[TornadoVM-PTX-JNI] ERROR : cuLaunchKernel -> Returned: 701
	[TornadoVM-PTX-JNI] ERROR : cuLaunchKernel -> Returned: 701
	[TornadoVM-PTX-JNI] ERROR : cuLaunchKernel -> Returned: 701
	[TornadoVM-PTX-JNI] ERROR : cuLaunchKernel -> Returned: 701
	[TornadoVM-PTX-JNI] ERROR : cuLaunchKernel -> Returned: 701
	[TornadoVM-PTX-JNI] ERROR : cuLaunchKernel -> Returned: 701
	[TornadoVM-PTX-JNI] ERROR : cuLaunchKernel -> Returned: 701
	[TornadoVM-PTX-JNI] ERROR : cuLaunchKernel -> Returned: 701
	[TornadoVM-PTX-JNI] ERROR : cuLaunchKernel -> Returned: 701
	[TornadoVM-PTX-JNI] ERROR : cuLaunchKernel -> Returned: 701
	[TornadoVM-PTX-JNI] ERROR : cuLaunchKernel -> Returned: 701
	[TornadoVM-PTX-JNI] ERROR : cuLaunchKernel -> Returned: 701
	[TornadoVM-PTX-JNI] ERROR : cuLaunchKernel -> Returned: 701
	[TornadoVM-PTX-JNI] ERROR : cuLaunchKernel -> Returned: 701
	[TornadoVM-PTX-JNI] ERROR : cuLaunchKernel -> Returned: 701
	[TornadoVM-PTX-JNI] ERROR : cuLaunchKernel -> Returned: 701
	[TornadoVM-PTX-JNI] ERROR : cuLaunchKernel -> Returned: 701
	[TornadoVM-PTX-JNI] ERROR : cuLaunchKernel -> Returned: 701
	[TornadoVM-PTX-JNI] ERROR : cuLaunchKernel -> Returned: 701
	[TornadoVM-PTX-JNI] ERROR : cuLaunchKernel -> Returned: 701
	[TornadoVM-PTX-JNI] ERROR : cuLaunchKernel -> Returned: 701
	[TornadoVM-PTX-JNI] ERROR : cuLaunchKernel -> Returned: 701
	[TornadoVM-PTX-JNI] ERROR : cuLaunchKernel -> Returned: 701
	[TornadoVM-PTX-JNI] ERROR : cuLaunchKernel -> Returned: 701
	[TornadoVM-PTX-JNI] ERROR : cuLaunchKernel -> Returned: 701
	[TornadoVM-PTX-JNI] ERROR : cuLaunchKernel -> Returned: 701
	[TornadoVM-PTX-JNI] ERROR : cuLaunchKernel -> Returned: 701
	[TornadoVM-PTX-JNI] ERROR : cuLaunchKernel -> Returned: 701
	[TornadoVM-PTX-JNI] ERROR : cuLaunchKernel -> Returned: 701
	[TornadoVM-PTX-JNI] ERROR : cuLaunchKernel -> Returned: 701
	[TornadoVM-PTX-JNI] ERROR : cuLaunchKernel -> Returned: 701
	[TornadoVM-PTX-JNI] ERROR : cuLaunchKernel -> Returned: 701
	[TornadoVM-PTX-JNI] ERROR : cuLaunchKernel -> Returned: 701
	[TornadoVM-PTX-JNI] ERROR : cuLaunchKernel -> Returned: 701
	[TornadoVM-PTX-JNI] ERROR : cuLaunchKernel -> Returned: 701
	[TornadoVM-PTX-JNI] ERROR : cuLaunchKernel -> Returned: 701
	[TornadoVM-PTX-JNI] ERROR : cuLaunchKernel -> Returned: 701
	[TornadoVM-PTX-JNI] ERROR : cuLaunchKernel -> Returned: 701
	[TornadoVM-PTX-JNI] ERROR : cuLaunchKernel -> Returned: 701
	[TornadoVM-PTX-JNI] ERROR : cuLaunchKernel -> Returned: 701
	[TornadoVM-PTX-JNI] ERROR : cuLaunchKernel -> Returned: 701
	[TornadoVM-PTX-JNI] ERROR : cuLaunchKernel -> Returned: 701
	[TornadoVM-PTX-JNI] ERROR : cuLaunchKernel -> Returned: 701
	[TornadoVM-PTX-JNI] ERROR : cuLaunchKernel -> Returned: 701
	[TornadoVM-PTX-JNI] ERROR : cuLaunchKernel -> Returned: 701
	[TornadoVM-PTX-JNI] ERROR : cuLaunchKernel -> Returned: 701
	[TornadoVM-PTX-JNI] ERROR : cuLaunchKernel -> Returned: 701
	[TornadoVM-PTX-JNI] ERROR : cuLaunchKernel -> Returned: 701
	[TornadoVM-PTX-JNI] ERROR : cuLaunchKernel -> Returned: 701
	[TornadoVM-PTX-JNI] ERROR : cuLaunchKernel -> Returned: 701
	[TornadoVM-PTX-JNI] ERROR : cuLaunchKernel -> Returned: 701
	[TornadoVM-PTX-JNI] ERROR : cuLaunchKernel -> Returned: 701
	[TornadoVM-PTX-JNI] ERROR : cuLaunchKernel -> Returned: 701
	[TornadoVM-PTX-JNI] ERROR : cuLaunchKernel -> Returned: 701
	[TornadoVM-PTX-JNI] ERROR : cuLaunchKernel -> Returned: 701
	[TornadoVM-PTX-JNI] ERROR : cuLaunchKernel -> Returned: 701
	[TornadoVM-PTX-JNI] ERROR : cuLaunchKernel -> Returned: 701
	[TornadoVM-PTX-JNI] ERROR : cuLaunchKernel -> Returned: 701
	[TornadoVM-PTX-JNI] ERROR : cuLaunchKernel -> Returned: 701
	[TornadoVM-PTX-JNI] ERROR : cuLaunchKernel -> Returned: 701
	[TornadoVM-PTX-JNI] ERROR : cuLaunchKernel -> Returned: 701
	[TornadoVM-PTX-JNI] ERROR : cuLaunchKernel -> Returned: 701
	[TornadoVM-PTX-JNI] ERROR : cuLaunchKernel -> Returned: 701
	[TornadoVM-PTX-JNI] ERROR : cuLaunchKernel -> Returned: 701
	[TornadoVM-PTX-JNI] ERROR : cuLaunchKernel -> Returned: 701
	[TornadoVM-PTX-JNI] ERROR : cuLaunchKernel -> Returned: 701
	[TornadoVM-PTX-JNI] ERROR : cuLaunchKernel -> Returned: 701
	[TornadoVM-PTX-JNI] ERROR : cuLaunchKernel -> Returned: 701
	[TornadoVM-PTX-JNI] ERROR : cuLaunchKernel -> Returned: 701
	[TornadoVM-PTX-JNI] ERROR : cuLaunchKernel -> Returned: 701
	[TornadoVM-PTX-JNI] ERROR : cuLaunchKernel -> Returned: 701
	[TornadoVM-PTX-JNI] ERROR : cuLaunchKernel -> Returned: 701
	[TornadoVM-PTX-JNI] ERROR : cuLaunchKernel -> Returned: 701
	[TornadoVM-PTX-JNI] ERROR : cuLaunchKernel -> Returned: 701
	[TornadoVM-PTX-JNI] ERROR : cuLaunchKernel -> Returned: 701
	[TornadoVM-PTX-JNI] ERROR : cuLaunchKernel -> Returned: 701
	[TornadoVM-PTX-JNI] ERROR : cuLaunchKernel -> Returned: 701
	[TornadoVM-PTX-JNI] ERROR : cuLaunchKernel -> Returned: 701
	[TornadoVM-PTX-JNI] ERROR : cuLaunchKernel -> Returned: 701
	[TornadoVM-PTX-JNI] ERROR : cuLaunchKernel -> Returned: 701
	[TornadoVM-PTX-JNI] ERROR : cuLaunchKernel -> Returned: 701
	[TornadoVM-PTX-JNI] ERROR : cuLaunchKernel -> Returned: 701
	[TornadoVM-PTX-JNI] ERROR : cuLaunchKernel -> Returned: 701
	[TornadoVM-PTX-JNI] ERROR : cuLaunchKernel -> Returned: 701
	[TornadoVM-PTX-JNI] ERROR : cuLaunchKernel -> Returned: 701
	[TornadoVM-PTX-JNI] ERROR : cuLaunchKernel -> Returned: 701
	[TornadoVM-PTX-JNI] ERROR : cuLaunchKernel -> Returned: 701
	[TornadoVM-PTX-JNI] ERROR : cuLaunchKernel -> Returned: 701
	[TornadoVM-PTX-JNI] ERROR : cuLaunchKernel -> Returned: 701
	[TornadoVM-PTX-JNI] ERROR : cuLaunchKernel -> Returned: 701
	[TornadoVM-PTX-JNI] ERROR : cuLaunchKernel -> Returned: 701
	[TornadoVM-PTX-JNI] ERROR : cuLaunchKernel -> Returned: 701
	[TornadoVM-PTX-JNI] ERROR : cuLaunchKernel -> Returned: 701
	[TornadoVM-PTX-JNI] ERROR : cuLaunchKernel -> Returned: 701
	[TornadoVM-PTX-JNI] ERROR : cuLaunchKernel -> Returned: 701
	[TornadoVM-PTX-JNI] ERROR : cuLaunchKernel -> Returned: 701
	[TornadoVM-PTX-JNI] ERROR : cuLaunchKernel -> Returned: 701
	[TornadoVM-PTX-JNI] ERROR : cuLaunchKernel -> Returned: 701
	[TornadoVM-PTX-JNI] ERROR : cuLaunchKernel -> Returned: 701
	[TornadoVM-PTX-JNI] ERROR : cuLaunchKernel -> Returned: 701
	[TornadoVM-PTX-JNI] ERROR : cuLaunchKernel -> Returned: 701
	[TornadoVM-PTX-JNI] ERROR : cuLaunchKernel -> Returned: 701
	[TornadoVM-PTX-JNI] ERROR : cuLaunchKernel -> Returned: 701
	[TornadoVM-PTX-JNI] ERROR : cuLaunchKernel -> Returned: 701
	[TornadoVM-PTX-JNI] ERROR : cuLaunchKernel -> Returned: 701
	[TornadoVM-PTX-JNI] ERROR : cuLaunchKernel -> Returned: 701
	[TornadoVM-PTX-JNI] ERROR : cuLaunchKernel -> Returned: 701
	[TornadoVM-PTX-JNI] ERROR : cuLaunchKernel -> Returned: 701
	[TornadoVM-PTX-JNI] ERROR : cuLaunchKernel -> Returned: 701
	[TornadoVM-PTX-JNI] ERROR : cuLaunchKernel -> Returned: 701
	[TornadoVM-PTX-JNI] ERROR : cuLaunchKernel -> Returned: 701
	[TornadoVM-PTX-JNI] ERROR : cuLaunchKernel -> Returned: 701
	[TornadoVM-PTX-JNI] ERROR : cuLaunchKernel -> Returned: 701
	[TornadoVM-PTX-JNI] ERROR : cuLaunchKernel -> Returned: 701
	[TornadoVM-PTX-JNI] ERROR : cuLaunchKernel -> Returned: 701
	[TornadoVM-PTX-JNI] ERROR : cuLaunchKernel -> Returned: 701
	[TornadoVM-PTX-JNI] ERROR : cuLaunchKernel -> Returned: 701
	[TornadoVM-PTX-JNI] ERROR : cuLaunchKernel -> Returned: 701
	[TornadoVM-PTX-JNI] ERROR : cuLaunchKernel -> Returned: 701
	[TornadoVM-PTX-JNI] ERROR : cuLaunchKernel -> Returned: 701
	[TornadoVM-PTX-JNI] ERROR : cuLaunchKernel -> Returned: 701
	[TornadoVM-PTX-JNI] ERROR : cuLaunchKernel -> Returned: 701
	[TornadoVM-PTX-JNI] ERROR : cuLaunchKernel -> Returned: 701
	[TornadoVM-PTX-JNI] ERROR : cuLaunchKernel -> Returned: 701
	[TornadoVM-PTX-JNI] ERROR : cuLaunchKernel -> Returned: 701
	[TornadoVM-PTX-JNI] ERROR : cuLaunchKernel -> Returned: 701
	[TornadoVM-PTX-JNI] ERROR : cuLaunchKernel -> Returned: 701
	[TornadoVM-PTX-JNI] ERROR : cuLaunchKernel -> Returned: 701
	[TornadoVM-PTX-JNI] ERROR : cuLaunchKernel -> Returned: 701
	[TornadoVM-PTX-JNI] ERROR : cuLaunchKernel -> Returned: 701
	[TornadoVM-PTX-JNI] ERROR : cuLaunchKernel -> Returned: 701
	[TornadoVM-PTX-JNI] ERROR : cuLaunchKernel -> Returned: 701
	[TornadoVM-PTX-JNI] ERROR : cuLaunchKernel -> Returned: 701
	[TornadoVM-PTX-JNI] ERROR : cuLaunchKernel -> Returned: 701
	[TornadoVM-PTX-JNI] ERROR : cuLaunchKernel -> Returned: 701
	[TornadoVM-PTX-JNI] ERROR : cuLaunchKernel -> Returned: 701
	[TornadoVM-PTX-JNI] ERROR : cuLaunchKernel -> Returned: 701
	[TornadoVM-PTX-JNI] ERROR : cuLaunchKernel -> Returned: 701
	[TornadoVM-PTX-JNI] ERROR : cuLaunchKernel -> Returned: 701
	[TornadoVM-PTX-JNI] ERROR : cuLaunchKernel -> Returned: 701
	[TornadoVM-PTX-JNI] ERROR : cuLaunchKernel -> Returned: 701
	[TornadoVM-PTX-JNI] ERROR : cuLaunchKernel -> Returned: 701
	[TornadoVM-PTX-JNI] ERROR : cuLaunchKernel -> Returned: 701
	[TornadoVM-PTX-JNI] ERROR : cuLaunchKernel -> Returned: 701
	[TornadoVM-PTX-JNI] ERROR : cuLaunchKernel -> Returned: 701
	[TornadoVM-PTX-JNI] ERROR : cuLaunchKernel -> Returned: 701
	[TornadoVM-PTX-JNI] ERROR : cuLaunchKernel -> Returned: 701
	[TornadoVM-PTX-JNI] ERROR : cuLaunchKernel -> Returned: 701
	[TornadoVM-PTX-JNI] ERROR : cuLaunchKernel -> Returned: 701
	[TornadoVM-PTX-JNI] ERROR : cuLaunchKernel -> Returned: 701
	[TornadoVM-PTX-JNI] ERROR : cuLaunchKernel -> Returned: 701
	[TornadoVM-PTX-JNI] ERROR : cuLaunchKernel -> Returned: 701
	[TornadoVM-PTX-JNI] ERROR : cuLaunchKernel -> Returned: 701
	[TornadoVM-PTX-JNI] ERROR : cuLaunchKernel -> Returned: 701
	[TornadoVM-PTX-JNI] ERROR : cuLaunchKernel -> Returned: 701
	[TornadoVM-PTX-JNI] ERROR : cuLaunchKernel -> Returned: 701
	[TornadoVM-PTX-JNI] ERROR : cuLaunchKernel -> Returned: 701
	[TornadoVM-PTX-JNI] ERROR : cuLaunchKernel -> Returned: 701
	[TornadoVM-PTX-JNI] ERROR : cuLaunchKernel -> Returned: 701
	[TornadoVM-PTX-JNI] ERROR : cuLaunchKernel -> Returned: 701
	[TornadoVM-PTX-JNI] ERROR : cuLaunchKernel -> Returned: 701
	[TornadoVM-PTX-JNI] ERROR : cuLaunchKernel -> Returned: 701
	[TornadoVM-PTX-JNI] ERROR : cuLaunchKernel -> Returned: 701
	[TornadoVM-PTX-JNI] ERROR : cuLaunchKernel -> Returned: 701
	[TornadoVM-PTX-JNI] ERROR : cuLaunchKernel -> Returned: 701
	[TornadoVM-PTX-JNI] ERROR : cuLaunchKernel -> Returned: 701
	[TornadoVM-PTX-JNI] ERROR : cuLaunchKernel -> Returned: 701
	[TornadoVM-PTX-JNI] ERROR : cuLaunchKernel -> Returned: 701
	[TornadoVM-PTX-JNI] ERROR : cuLaunchKernel -> Returned: 701
	[TornadoVM-PTX-JNI] ERROR : cuLaunchKernel -> Returned: 701
	[TornadoVM-PTX-JNI] ERROR : cuLaunchKernel -> Returned: 701
	[TornadoVM-PTX-JNI] ERROR : cuLaunchKernel -> Returned: 701
	[TornadoVM-PTX-JNI] ERROR : cuLaunchKernel -> Returned: 701
	[TornadoVM-PTX-JNI] ERROR : cuLaunchKernel -> Returned: 701
	[TornadoVM-PTX-JNI] ERROR : cuLaunchKernel -> Returned: 701
	[TornadoVM-PTX-JNI] ERROR : cuLaunchKernel -> Returned: 701
	[TornadoVM-PTX-JNI] ERROR : cuLaunchKernel -> Returned: 701
	[TornadoVM-PTX-JNI] ERROR : cuLaunchKernel -> Returned: 701
	[TornadoVM-PTX-JNI] ERROR : cuLaunchKernel -> Returned: 701
	[TornadoVM-PTX-JNI] ERROR : cuLaunchKernel -> Returned: 701
	[TornadoVM-PTX-JNI] ERROR : cuLaunchKernel -> Returned: 701
	[TornadoVM-PTX-JNI] ERROR : cuLaunchKernel -> Returned: 701
	[TornadoVM-PTX-JNI] ERROR : cuLaunchKernel -> Returned: 701
	[TornadoVM-PTX-JNI] ERROR : cuLaunchKernel -> Returned: 701
	[TornadoVM-PTX-JNI] ERROR : cuLaunchKernel -> Returned: 701
	[TornadoVM-PTX-JNI] ERROR : cuLaunchKernel -> Returned: 701
	[TornadoVM-PTX-JNI] ERROR : cuLaunchKernel -> Returned: 701
	[TornadoVM-PTX-JNI] ERROR : cuLaunchKernel -> Returned: 701
	[TornadoVM-PTX-JNI] ERROR : cuLaunchKernel -> Returned: 701
	[TornadoVM-PTX-JNI] ERROR : cuLaunchKernel -> Returned: 701
	[TornadoVM-PTX-JNI] ERROR : cuLaunchKernel -> Returned: 701
	[TornadoVM-PTX-JNI] ERROR : cuLaunchKernel -> Returned: 701
	[TornadoVM-PTX-JNI] ERROR : cuLaunchKernel -> Returned: 701
	[TornadoVM-PTX-JNI] ERROR : cuLaunchKernel -> Returned: 701
	[TornadoVM-PTX-JNI] ERROR : cuLaunchKernel -> Returned: 701
	[TornadoVM-PTX-JNI] ERROR : cuLaunchKernel -> Returned: 701
	[TornadoVM-PTX-JNI] ERROR : cuLaunchKernel -> Returned: 701
	[TornadoVM-PTX-JNI] ERROR : cuLaunchKernel -> Returned: 701
	[TornadoVM-PTX-JNI] ERROR : cuLaunchKernel -> Returned: 701
	[TornadoVM-PTX-JNI] ERROR : cuLaunchKernel -> Returned: 701
	[TornadoVM-PTX-JNI] ERROR : cuLaunchKernel -> Returned: 701
	[TornadoVM-PTX-JNI] ERROR : cuLaunchKernel -> Returned: 701
	[TornadoVM-PTX-JNI] ERROR : cuLaunchKernel -> Returned: 701
	[TornadoVM-PTX-JNI] ERROR : cuLaunchKernel -> Returned: 701
	[TornadoVM-PTX-JNI] ERROR : cuLaunchKernel -> Returned: 701
	[TornadoVM-PTX-JNI] ERROR : cuLaunchKernel -> Returned: 701
	[TornadoVM-PTX-JNI] ERROR : cuLaunchKernel -> Returned: 701
	[TornadoVM-PTX-JNI] ERROR : cuLaunchKernel -> Returned: 701
	[TornadoVM-PTX-JNI] ERROR : cuLaunchKernel -> Returned: 701
	[TornadoVM-PTX-JNI] ERROR : cuLaunchKernel -> Returned: 701
	[TornadoVM-PTX-JNI] ERROR : cuLaunchKernel -> Returned: 701
	[TornadoVM-PTX-JNI] ERROR : cuLaunchKernel -> Returned: 701
	[TornadoVM-PTX-JNI] ERROR : cuLaunchKernel -> Returned: 701
	[TornadoVM-PTX-JNI] ERROR : cuLaunchKernel -> Returned: 701
	[TornadoVM-PTX-JNI] ERROR : cuLaunchKernel -> Returned: 701
	[TornadoVM-PTX-JNI] ERROR : cuLaunchKernel -> Returned: 701
	[TornadoVM-PTX-JNI] ERROR : cuLaunchKernel -> Returned: 701
	[TornadoVM-PTX-JNI] ERROR : cuLaunchKernel -> Returned: 701
	[TornadoVM-PTX-JNI] ERROR : cuLaunchKernel -> Returned: 701
	[TornadoVM-PTX-JNI] ERROR : cuLaunchKernel -> Returned: 701
	[TornadoVM-PTX-JNI] ERROR : cuLaunchKernel -> Returned: 701
	[TornadoVM-PTX-JNI] ERROR : cuLaunchKernel -> Returned: 701
	[TornadoVM-PTX-JNI] ERROR : cuLaunchKernel -> Returned: 701
	[TornadoVM-PTX-JNI] ERROR : cuLaunchKernel -> Returned: 701
	[TornadoVM-PTX-JNI] ERROR : cuLaunchKernel -> Returned: 701
	[TornadoVM-PTX-JNI] ERROR : cuLaunchKernel -> Returned: 701
	[TornadoVM-PTX-JNI] ERROR : cuLaunchKernel -> Returned: 701
	[TornadoVM-PTX-JNI] ERROR : cuLaunchKernel -> Returned: 701
	[TornadoVM-PTX-JNI] ERROR : cuLaunchKernel -> Returned: 701
	[TornadoVM-PTX-JNI] ERROR : cuLaunchKernel -> Returned: 701
	[TornadoVM-PTX-JNI] ERROR : cuLaunchKernel -> Returned: 701
	[TornadoVM-PTX-JNI] ERROR : cuLaunchKernel -> Returned: 701
	[TornadoVM-PTX-JNI] ERROR : cuLaunchKernel -> Returned: 701
	[TornadoVM-PTX-JNI] ERROR : cuLaunchKernel -> Returned: 701
	[TornadoVM-PTX-JNI] ERROR : cuLaunchKernel -> Returned: 701
	[TornadoVM-PTX-JNI] ERROR : cuLaunchKernel -> Returned: 701
	[TornadoVM-PTX-JNI] ERROR : cuLaunchKernel -> Returned: 701
	[TornadoVM-PTX-JNI] ERROR : cuLaunchKernel -> Returned: 701
	[TornadoVM-PTX-JNI] ERROR : cuLaunchKernel -> Returned: 701
	[TornadoVM-PTX-JNI] ERROR : cuLaunchKernel -> Returned: 701
	[TornadoVM-PTX-JNI] ERROR : cuLaunchKernel -> Returned: 701
	[TornadoVM-PTX-JNI] ERROR : cuLaunchKernel -> Returned: 701
	[TornadoVM-PTX-JNI] ERROR : cuLaunchKernel -> Returned: 701
	[TornadoVM-PTX-JNI] ERROR : cuLaunchKernel -> Returned: 701
	[TornadoVM-PTX-JNI] ERROR : cuLaunchKernel -> Returned: 701
	[TornadoVM-PTX-JNI] ERROR : cuLaunchKernel -> Returned: 701
	[TornadoVM-PTX-JNI] ERROR : cuLaunchKernel -> Returned: 701
	[TornadoVM-PTX-JNI] ERROR : cuLaunchKernel -> Returned: 701
	[TornadoVM-PTX-JNI] ERROR : cuLaunchKernel -> Returned: 701
	[TornadoVM-PTX-JNI] ERROR : cuLaunchKernel -> Returned: 701
	[TornadoVM-PTX-JNI] ERROR : cuLaunchKernel -> Returned: 701
	[TornadoVM-PTX-JNI] ERROR : cuLaunchKernel -> Returned: 701
	[TornadoVM-PTX-JNI] ERROR : cuLaunchKernel -> Returned: 701
	[TornadoVM-PTX-JNI] ERROR : cuLaunchKernel -> Returned: 701
	[TornadoVM-PTX-JNI] ERROR : cuLaunchKernel -> Returned: 701
	[TornadoVM-PTX-JNI] ERROR : cuLaunchKernel -> Returned: 701
	[TornadoVM-PTX-JNI] ERROR : cuLaunchKernel -> Returned: 701
	[TornadoVM-PTX-JNI] ERROR : cuLaunchKernel -> Returned: 701
	[TornadoVM-PTX-JNI] ERROR : cuLaunchKernel -> Returned: 701
	[TornadoVM-PTX-JNI] ERROR : cuLaunchKernel -> Returned: 701
	[TornadoVM-PTX-JNI] ERROR : cuLaunchKernel -> Returned: 701
	[TornadoVM-PTX-JNI] ERROR : cuLaunchKernel -> Returned: 701
	[TornadoVM-PTX-JNI] ERROR : cuLaunchKernel -> Returned: 701
	[TornadoVM-PTX-JNI] ERROR : cuLaunchKernel -> Returned: 701
	[TornadoVM-PTX-JNI] ERROR : cuLaunchKernel -> Returned: 701
	[TornadoVM-PTX-JNI] ERROR : cuLaunchKernel -> Returned: 701
	[TornadoVM-PTX-JNI] ERROR : cuLaunchKernel -> Returned: 701
	[TornadoVM-PTX-JNI] ERROR : cuLaunchKernel -> Returned: 701
	[TornadoVM-PTX-JNI] ERROR : cuLaunchKernel -> Returned: 701
	[TornadoVM-PTX-JNI] ERROR : cuLaunchKernel -> Returned: 701
	[TornadoVM-PTX-JNI] ERROR : cuLaunchKernel -> Returned: 701
	[TornadoVM-PTX-JNI] ERROR : cuLaunchKernel -> Returned: 701
	[TornadoVM-PTX-JNI] ERROR : cuLaunchKernel -> Returned: 701
	[TornadoVM-PTX-JNI] ERROR : cuLaunchKernel -> Returned: 701
	[TornadoVM-PTX-JNI] ERROR : cuLaunchKernel -> Returned: 701
	[TornadoVM-PTX-JNI] ERROR : cuLaunchKernel -> Returned: 701
	[TornadoVM-PTX-JNI] ERROR : cuLaunchKernel -> Returned: 701
	[TornadoVM-PTX-JNI] ERROR : cuLaunchKernel -> Returned: 701
	[TornadoVM-PTX-JNI] ERROR : cuLaunchKernel -> Returned: 701
	[TornadoVM-PTX-JNI] ERROR : cuLaunchKernel -> Returned: 701
	[TornadoVM-PTX-JNI] ERROR : cuLaunchKernel -> Returned: 701
	[TornadoVM-PTX-JNI] ERROR : cuLaunchKernel -> Returned: 701
	[TornadoVM-PTX-JNI] ERROR : cuLaunchKernel -> Returned: 701
	[TornadoVM-PTX-JNI] ERROR : cuLaunchKernel -> Returned: 701
	[TornadoVM-PTX-JNI] ERROR : cuLaunchKernel -> Returned: 701
	[TornadoVM-PTX-JNI] ERROR : cuLaunchKernel -> Returned: 701
	[TornadoVM-PTX-JNI] ERROR : cuLaunchKernel -> Returned: 701
	[TornadoVM-PTX-JNI] ERROR : cuLaunchKernel -> Returned: 701
	[TornadoVM-PTX-JNI] ERROR : cuLaunchKernel -> Returned: 701
	[TornadoVM-PTX-JNI] ERROR : cuLaunchKernel -> Returned: 701
	[TornadoVM-PTX-JNI] ERROR : cuLaunchKernel -> Returned: 701
	[TornadoVM-PTX-JNI] ERROR : cuLaunchKernel -> Returned: 701
	[TornadoVM-PTX-JNI] ERROR : cuLaunchKernel -> Returned: 701
	[TornadoVM-PTX-JNI] ERROR : cuLaunchKernel -> Returned: 701
	[TornadoVM-PTX-JNI] ERROR : cuLaunchKernel -> Returned: 701
	[TornadoVM-PTX-JNI] ERROR : cuLaunchKernel -> Returned: 701
	[TornadoVM-PTX-JNI] ERROR : cuLaunchKernel -> Returned: 701
	[TornadoVM-PTX-JNI] ERROR : cuLaunchKernel -> Returned: 701
	[TornadoVM-PTX-JNI] ERROR : cuLaunchKernel -> Returned: 701
	[TornadoVM-PTX-JNI] ERROR : cuLaunchKernel -> Returned: 701
	[TornadoVM-PTX-JNI] ERROR : cuLaunchKernel -> Returned: 701
	[TornadoVM-PTX-JNI] ERROR : cuLaunchKernel -> Returned: 701
	[TornadoVM-PTX-JNI] ERROR : cuLaunchKernel -> Returned: 701
	[TornadoVM-PTX-JNI] ERROR : cuLaunchKernel -> Returned: 701
	[TornadoVM-PTX-JNI] ERROR : cuLaunchKernel -> Returned: 701
	[TornadoVM-PTX-JNI] ERROR : cuLaunchKernel -> Returned: 701
	[TornadoVM-PTX-JNI] ERROR : cuLaunchKernel -> Returned: 701
	[TornadoVM-PTX-JNI] ERROR : cuLaunchKernel -> Returned: 701
	[TornadoVM-PTX-JNI] ERROR : cuLaunchKernel -> Returned: 701
	[TornadoVM-PTX-JNI] ERROR : cuLaunchKernel -> Returned: 701
	[TornadoVM-PTX-JNI] ERROR : cuLaunchKernel -> Returned: 701
	[TornadoVM-PTX-JNI] ERROR : cuLaunchKernel -> Returned: 701
	[TornadoVM-PTX-JNI] ERROR : cuLaunchKernel -> Returned: 701
	[TornadoVM-PTX-JNI] ERROR : cuLaunchKernel -> Returned: 701
	[TornadoVM-PTX-JNI] ERROR : cuLaunchKernel -> Returned: 701
	[TornadoVM-PTX-JNI] ERROR : cuLaunchKernel -> Returned: 701
	[TornadoVM-PTX-JNI] ERROR : cuLaunchKernel -> Returned: 701
	[TornadoVM-PTX-JNI] ERROR : cuLaunchKernel -> Returned: 701
	[TornadoVM-PTX-JNI] ERROR : cuLaunchKernel -> Returned: 701
	[TornadoVM-PTX-JNI] ERROR : cuLaunchKernel -> Returned: 701
	[TornadoVM-PTX-JNI] ERROR : cuLaunchKernel -> Returned: 701
	[TornadoVM-PTX-JNI] ERROR : cuLaunchKernel -> Returned: 701
	[TornadoVM-PTX-JNI] ERROR : cuLaunchKernel -> Returned: 701
	[TornadoVM-PTX-JNI] ERROR : cuLaunchKernel -> Returned: 701
	[TornadoVM-PTX-JNI] ERROR : cuLaunchKernel -> Returned: 701
	[TornadoVM-PTX-JNI] ERROR : cuLaunchKernel -> Returned: 701
	[TornadoVM-PTX-JNI] ERROR : cuLaunchKernel -> Returned: 701
	[TornadoVM-PTX-JNI] ERROR : cuLaunchKernel -> Returned: 701
	[TornadoVM-PTX-JNI] ERROR : cuLaunchKernel -> Returned: 701
	[TornadoVM-PTX-JNI] ERROR : cuLaunchKernel -> Returned: 701
	[TornadoVM-PTX-JNI] ERROR : cuLaunchKernel -> Returned: 701
	[TornadoVM-PTX-JNI] ERROR : cuLaunchKernel -> Returned: 701
	[TornadoVM-PTX-JNI] ERROR : cuLaunchKernel -> Returned: 701
	[TornadoVM-PTX-JNI] ERROR : cuLaunchKernel -> Returned: 701
	[TornadoVM-PTX-JNI] ERROR : cuLaunchKernel -> Returned: 701
	[TornadoVM-PTX-JNI] ERROR : cuLaunchKernel -> Returned: 701
	[TornadoVM-PTX-JNI] ERROR : cuLaunchKernel -> Returned: 701
	[TornadoVM-PTX-JNI] ERROR : cuLaunchKernel -> Returned: 701
	[TornadoVM-PTX-JNI] ERROR : cuLaunchKernel -> Returned: 701
	[TornadoVM-PTX-JNI] ERROR : cuLaunchKernel -> Returned: 701
	[TornadoVM-PTX-JNI] ERROR : cuLaunchKernel -> Returned: 701
	[TornadoVM-PTX-JNI] ERROR : cuLaunchKernel -> Returned: 701
	[TornadoVM-PTX-JNI] ERROR : cuLaunchKernel -> Returned: 701
	[TornadoVM-PTX-JNI] ERROR : cuLaunchKernel -> Returned: 701
	[TornadoVM-PTX-JNI] ERROR : cuLaunchKernel -> Returned: 701
	[TornadoVM-PTX-JNI] ERROR : cuLaunchKernel -> Returned: 701
	[TornadoVM-PTX-JNI] ERROR : cuLaunchKernel -> Returned: 701
	[TornadoVM-PTX-JNI] ERROR : cuLaunchKernel -> Returned: 701
	[TornadoVM-PTX-JNI] ERROR : cuLaunchKernel -> Returned: 701
	[TornadoVM-PTX-JNI] ERROR : cuLaunchKernel -> Returned: 701
	[TornadoVM-PTX-JNI] ERROR : cuLaunchKernel -> Returned: 701
	[TornadoVM-PTX-JNI] ERROR : cuLaunchKernel -> Returned: 701
	[TornadoVM-PTX-JNI] ERROR : cuLaunchKernel -> Returned: 701
	[TornadoVM-PTX-JNI] ERROR : cuLaunchKernel -> Returned: 701
	[TornadoVM-PTX-JNI] ERROR : cuLaunchKernel -> Returned: 701
	[TornadoVM-PTX-JNI] ERROR : cuLaunchKernel -> Returned: 701
	[TornadoVM-PTX-JNI] ERROR : cuLaunchKernel -> Returned: 701
	[TornadoVM-PTX-JNI] ERROR : cuLaunchKernel -> Returned: 701
	[TornadoVM-PTX-JNI] ERROR : cuLaunchKernel -> Returned: 701
	[TornadoVM-PTX-JNI] ERROR : cuLaunchKernel -> Returned: 701
	[TornadoVM-PTX-JNI] ERROR : cuLaunchKernel -> Returned: 701
	[TornadoVM-PTX-JNI] ERROR : cuLaunchKernel -> Returned: 701
	[TornadoVM-PTX-JNI] ERROR : cuLaunchKernel -> Returned: 701
	[TornadoVM-PTX-JNI] ERROR : cuLaunchKernel -> Returned: 701
	[TornadoVM-PTX-JNI] ERROR : cuLaunchKernel -> Returned: 701
	[TornadoVM-PTX-JNI] ERROR : cuLaunchKernel -> Returned: 701
	[TornadoVM-PTX-JNI] ERROR : cuLaunchKernel -> Returned: 701
[GATHER] call=4000 totalDirty=0 maxThread=0 cumAvg=40.4 cumMaxPerThread=11
	[TornadoVM-PTX-JNI] ERROR : cuLaunchKernel -> Returned: 701
	[TornadoVM-PTX-JNI] ERROR : cuLaunchKernel -> Returned: 701
	[TornadoVM-PTX-JNI] ERROR : cuLaunchKernel -> Returned: 701
	[TornadoVM-PTX-JNI] ERROR : cuLaunchKernel -> Returned: 701
	[TornadoVM-PTX-JNI] ERROR : cuLaunchKernel -> Returned: 701
	[TornadoVM-PTX-JNI] ERROR : cuLaunchKernel -> Returned: 701
	[TornadoVM-PTX-JNI] ERROR : cuLaunchKernel -> Returned: 701
	[TornadoVM-PTX-JNI] ERROR : cuLaunchKernel -> Returned: 701
	[TornadoVM-PTX-JNI] ERROR : cuLaunchKernel -> Returned: 701
	[TornadoVM-PTX-JNI] ERROR : cuLaunchKernel -> Returned: 701
	[TornadoVM-PTX-JNI] ERROR : cuLaunchKernel -> Returned: 701
collisionTime = 0.0
myosinTime = 0.0
[STATS] bindEvents=494
[STATS] checkBugInsideFireCt=0
[STATS] addLinkForcesFireCt=0
[STATS] addTorsionFireCt=0
[STATS] meshFillFilSegFireCt=4142381
[STATS] meshAllSegsFireCt=0
[STATS] mbg3dFillFilSegFireCt=0
[STATS] updatePosFromBindFireCt=494
[STATS] updatePosFromStepFireCt=0
[STATS] validateSegFireCt=10198
[STATS] anchorFireCt=0
[STATS] filSegInitFireCt=10258
[STATS] motorInitFireCt=13024
[STATS] meanBoundMotors=5.075
[STATS] gpuMotorBinding total=0.060s calls=2011 pack=0.022s gridPack=0.000s exec=0.000s unpack=0.060s
[STATS] gpuMoveThing total=72.489s calls=2011 slotPack=3.472s jointPack=0.852s exec=67.489s unpack=0.671s
[STATS] gpuMoveThing demandSyncPose=0.190s(calls=20) demandSyncDerived=0.000s(calls=0) planRebuild=1 packRuleDesync=0
[STATS] gpuMoveThing poseDelta avg=589.16 max=772 sum=11194 fresh=1 overflow=0 cap=8192
[STATS] gpuMoveThing trueDirty calls=2010 slotChange avg=1.55 max=386 pending avg=4.01 max=461 totalUpperMax=772 slotCount=40952 slotCap=78402
ThingStep Threads took 8.990000 seconds.
ThingBrownian Threads took 1.894000 seconds.
Myosin Threads took 1.557000 seconds.
MyoDimer Threads took 1.432000 seconds.
Protein Node Threads took 0.000000 seconds.
MyoMiniFil Threads took 1.307000 seconds.
Chamber Myo Threads took 0.000000 seconds.
Chamber MyoDimer Threads took 0.000000 seconds.
Mesh Threads took 3.953000 seconds.
Ck Mesh Threads took 1.927000 seconds.
Ck Mots Threads took 0.000000 seconds.
XLink Threads took 0.003000 seconds.
Arp23 Threads took 0.000000 seconds.
NodeLink Threads took 0.000000 seconds.
Membrane Node Threads took 0.000000 seconds.
ActA Threads took 0.000000 seconds.
MotorBindGrid3D Fill took 0.000000 seconds.
Finished closing JSON plots!
