step,motorId,segId,forceMag,forceDotFil,trackedAvg,releaseFired
100,9967,42003,4.6181968532e-12,-3.2931576284e-17,-3.2931576284e-18,0
101,9967,42003,4.7038309176e-12,1.7647597894e-12,1.7647268578e-13,0
102,9967,42003,3.0654016237e-12,1.9651554952e-12,3.7298823531e-13,0
103,6394,42001,5.7085836355e-12,-3.4375809961e-16,-3.4375809961e-17,0
103,9967,42003,2.5558556709e-12,1.8912182533e-12,5.6211006064e-13,0
104,6394,42001,1.7744417222e-12,-1.4756781129e-12,-1.4760218710e-13,0
104,9967,42003,1.6048558074e-12,-7.1111263550e-13,4.9099879709e-13,0
105,9967,42003,6.0969228034e-12,-5.1806741798e-12,-2.7068620884e-14,0
105,6394,42001,2.5258008489e-12,4.8568596263e-13,-9.9033590835e-14,0
106,6394,42001,6.2272638864e-12,6.1826182189e-12,5.1922823106e-13,0
106,9967,42003,5.7869821146e-12,4.4387129669e-12,4.1680267581e-13,0
107,6394,42001,6.9823120051e-12,1.2849780999e-12,6.4772604105e-13,0
107,9967,42003,4.7440070942e-12,-4.4875579349e-12,-3.1953117676e-14,0
108,6394,42001,6.3254017291e-12,-4.2787542966e-12,2.1985061139e-13,0
108,9967,42003,7.7834613172e-12,2.6214730084e-12,2.3019418317e-13,0
109,6394,42001,4.3785686152e-12,-8.6978079312e-13,1.3287253208e-13,0
109,9967,42003,4.2860585947e-12,-1.2674527775e-12,1.0344890542e-13,0
110,9967,42003,2.8109911073e-12,3.0668524133e-14,1.0651905099e-13,0
110,6280,42002,5.8886927945e-12,2.3308126839e-17,2.3308126839e-18,0
110,6394,42001,5.4068261596e-12,5.1827398098e-12,6.5114651305e-13,0
111,6280,42002,7.3373487286e-12,5.6790552531e-12,5.6790785613e-13,0
111,6394,42001,5.5770821455e-12,-2.1471023410e-12,4.3643627895e-13,0
111,9967,42003,8.1525729209e-12,7.3944188067e-13,3.9872601129e-15,0
112,6280,42002,7.0709406464e-12,4.9247173126e-12,1.0603795874e-12,0
112,6394,42001,6.2794624330e-12,2.6937753349e-12,7.0581381243e-13,0
112,9967,42003,3.8963485798e-12,-2.4861318454e-12,-4.4114147396e-13,0
113,6280,42002,4.4365138266e-12,-5.0482770813e-13,1.0098968166e-12,0
113,9967,42003,1.8260157040e-12,8.1434690024e-13,-5.4882860927e-13,0
113,6394,42001,2.0344224550e-12,-9.1550155520e-13,6.1429803272e-13,0
114,6280,42002,2.6545459652e-12,-1.5874214689e-13,9.9402260189e-13,0
114,6394,42001,5.5330560874e-12,-1.8825520223e-12,5.7361064178e-13,0
114,9967,42003,5.3554794878e-12,-1.4989017265e-12,-6.2760751837e-13,0
115,6280,42002,6.6728568474e-12,2.4681672276e-12,1.2408393246e-12,0
115,6394,42001,3.1643213026e-12,-1.0010384044e-12,4.2493820509e-13,0
115,9967,42003,7.0407230890e-12,-1.3866883952e-12,-2.4820893992e-13,0
116,9967,42003,4.0509249675e-12,-3.7531406990e-12,-1.0673943065e-12,0
116,6280,42002,4.9585769202e-12,3.5627914278e-12,1.5971184674e-12,0
116,6394,42001,5.3534182065e-12,-1.4179596874e-12,-3.3511958554e-13,0
117,6280,42002,2.9206510025e-12,3.9361055270e-13,1.6364795227e-12,0
117,6394,42001,4.9784984434e-12,3.0731716073e-12,-1.5630023480e-13,0
117,9967,42003,4.6391373465e-12,4.1463974354e-13,-5.7717453867e-13,0
118,6280,42002,7.7834413245e-12,6.7852706854e-12,2.3150065912e-12,0
118,9967,42003,6.0298240723e-12,4.3326084670e-12,-4.0606099282e-13,0
118,6394,42001,5.6743559231e-12,4.0484143296e-13,3.1205933815e-13,0
119,9967,42003,6.0046192407e-12,-3.5186136295e-12,-6.3117707802e-13,0
119,6280,42002,9.1157663661e-12,-8.1531005216e-12,1.4996965391e-12,1
119,6394,42001,2.9038874179e-12,1.1940503405e-12,5.1844245152e-13,0
120,6280,42002,7.6929847739e-13,2.9574619123e-16,2.9574619123e-17,0
120,6394,42001,7.8005506169e-12,-2.4737134122e-12,-2.4720287068e-13,0
120,9967,42003,4.3688928040e-12,2.1231206102e-12,-4.2193186941e-13,0
121,6280,42002,9.4229828401e-12,-2.4341052225e-12,-2.4338094763e-13,0
121,6394,42001,5.8632027865e-12,5.0840263280e-12,4.7590999622e-13,0
121,9967,42003,5.3893557051e-12,2.6436909116e-12,-2.3150696631e-13,0
122,9967,42003,4.4483230383e-12,1.7091939702e-12,1.8802561526e-13,0
122,6280,42002,8.1687125079e-12,6.9805451070e-12,4.5467356307e-13,0
122,6394,42001,9.3739455468e-13,3.4537961407e-13,2.4107042414e-13,0
123,6280,42002,3.4668545977e-12,-2.2052597491e-12,2.3414758816e-13,0
123,6394,42001,4.6468029922e-12,-4.9137135328e-13,2.8348344433e-13,0
123,9967,42003,4.6605603040e-12,1.3630537662e-12,2.4289630185e-13,0
124,6280,42002,3.6576463978e-12,-2.2362762610e-13,2.1178482556e-13,0
124,6394,42001,1.5215790285e-12,8.6463515107e-14,4.8038499807e-13,0
124,9967,42003,6.8593442988e-12,-3.3607919172e-12,5.6707282790e-14,0
125,6280,42002,1.6769523035e-12,8.8685398641e-13,3.0047022420e-13,0
125,9967,42003,6.8214879678e-12,5.9022178759e-12,7.8559790991e-13,0
125,6394,42001,2.0997081615e-12,-8.6857680610e-13,4.9363115790e-13,0
126,6280,42002,2.3408849389e-12,1.3827263264e-12,4.3874285683e-13,0
126,6394,42001,5.0896375250e-12,-1.7457547837e-12,4.6085164826e-13,0
126,9967,42003,4.6920005250e-12,4.2821895989e-12,1.5891309397e-12,0
127,9967,42003,3.9766889227e-12,-3.0686696953e-12,1.2407999958e-12,0
127,6280,42002,3.8583739987e-12,2.5301707715e-12,6.9175993398e-13,0
127,6394,42001,5.6421509950e-12,-3.1779457754e-13,1.2175502978e-13,0
128,6280,42002,4.4685717382e-12,-1.4163718387e-12,5.5012275011e-13,0
128,6394,42001,7.0639030321e-12,-6.9360911007e-12,-6.1233822359e-13,0
128,9967,42003,4.6245743554e-12,3.0712963738e-12,1.1146687865e-12,0
129,6280,42002,8.9338689157e-13,3.9172193559e-13,5.8929494367e-13,0
129,6394,42001,3.5878729085e-12,-1.2165806772e-12,-8.5340132536e-13,0
129,9967,42003,5.0517708433e-12,-5.0391016785e-12,9.6261998160e-13,0
129,4450,42002,5.4361962690e-12,1.5731668772e-17,1.5731668772e-18,0
130,4450,42002,4.3881919152e-12,-1.7538274774e-12,-1.7538117458e-13,0
130,6280,42002,6.7166195514e-12,-2.0267643419e-12,3.8658893486e-13,0
130,6394,42001,3.7368721894e-12,-2.6826453537e-12,-8.7429451950e-13,0
130,9967,42003,1.0521805526e-11,7.9087159436e-12,1.5411795149e-12,0
131,9967,42003,3.6919993212e-12,5.2522812490e-13,1.3293332363e-12,0
131,6280,42002,6.3758722931e-12,6.1601852982e-12,1.2460179869e-12,0
131,6394,42001,6.1379388133e-12,-5.6170184289e-12,-1.9443989952e-12,0
131,4450,42002,6.4692064424e-12,6.4381468689e-12,4.6843351232e-13,0
132,4450,42002,2.6151835294e-12,-2.5749625055e-12,2.1093726177e-13,0
132,6280,42002,5.0312081756e-12,-4.7936131616e-12,6.8602160060e-14,0
132,6394,42001,3.2446355566e-12,1.4130756037e-12,-1.8376293962e-12,0
132,9967,42003,5.7324235552e-12,4.9469708941e-12,1.6531109287e-12,0
133,6280,42002,7.0265956981e-12,4.2528470426e-13,3.3165660540e-13,0
133,6394,42001,3.2578991390e-12,-2.4835958847e-12,-2.0368518494e-12,0
133,4450,42002,7.1278774604e-12,-1.3322387833e-12,7.7713383439e-14,0
133,9967,42003,2.0920325859e-12,2.5628467888e-13,1.5424340199e-12,0
134,6280,42002,6.8649005533e-12,-4.6855184027e-12,-1.1453247226e-13,0
134,6394,42001,4.5193229515e-12,-3.2971328286e-12,-2.3752114837e-12,0
134,4450,42002,1.0078307504e-11,2.8751216660e-12,3.6522555004e-13,0
134,9967,42003,5.4470150181e-12,2.2413557908e-12,2.1026487907e-12,0
135,6280,42002,8.0268620121e-12,-4.2851982002e-12,-6.3173769092e-13,0
135,6394,42001,7.2259040232e-12,-4.3135836584e-12,-2.7197121690e-12,0
135,4450,42002,5.1917580605e-12,-7.0140359555e-13,2.9508519048e-13,0
135,9967,42003,8.1699914399e-12,7.7071221215e-12,2.2831392153e-12,0
136,6280,42002,3.8103143660e-12,2.8339116817e-12,-4.8661915538e-13,0
136,4450,42002,1.1955382051e-11,5.5948886446e-12,8.5457405494e-13,0
136,6394,42001,4.2128788804e-12,-2.4195426562e-12,-2.7870909562e-12,0
136,9967,42003,8.5519451352e-12,3.7731651128e-12,2.2322367667e-12,0
137,9967,42003,4.6324941044e-12,1.0768411369e-12,2.6467878499e-12,0
137,4450,42002,7.4466531182e-12,-2.9348647247e-12,5.6108758247e-13,0
137,6280,42002,6.4158035994e-12,-1.6514224373e-13,-7.5615045691e-13,0
137,6394,42001,4.7327901014e-12,-3.6141764126e-12,-3.1167291397e-12,0
138,6280,42002,1.9784180222e-12,-1.7913158538e-12,-7.9364485841e-13,0
138,6394,42001,4.2768394963e-12,-2.7562993630e-12,-2.6987499660e-12,0
138,4450,42002,5.0186251546e-12,-1.1684608549e-12,4.4424149699e-13,0
138,9967,42003,2.6902500989e-12,6.6317193380e-13,2.4059754059e-12,0
139,4450,42002,4.4162448285e-12,-4.4667348370e-13,3.9957257545e-13,0
139,6280,42002,2.4803413387e-12,3.2054332785e-13,-8.0076271919e-13,0
139,6394,42001,2.1126396670e-12,-1.8167120799e-12,-2.7587631062e-12,0
139,9967,42003,3.9801152042e-12,3.3021563993e-12,3.2401012137e-12,0
140,6280,42002,6.9367174310e-12,-1.3620557319e-12,-7.3429185819e-13,0
140,9967,42003,3.6613262284e-12,3.6293492420e-12,2.8121645435e-12,0
140,4450,42002,4.7560048401e-12,2.6743201900e-13,6.0169852509e-13,0
140,6394,42001,5.1930877028e-12,-5.0292960254e-12,-2.9934281734e-12,0
141,9967,42003,9.0441734778e-12,-4.2717291590e-12,2.3324688151e-12,0
141,4450,42002,4.2185297381e-12,-1.1536179772e-12,-1.5747795952e-13,0
141,6280,42002,6.5509539901e-12,-1.7859288623e-12,-1.5289032742e-12,0
141,6394,42001,5.3894770139e-12,-1.7667827013e-12,-2.6084046006e-12,0
142,4450,42002,5.7067711019e-12,-9.9648192479e-13,3.7009854547e-16,0
142,6280,42002,6.4519352345e-12,-9.4522251126e-13,-1.1440642092e-12,0
142,6394,42001,6.7339420508e-12,-5.4615886868e-12,-3.2958710297e-12,0
142,9967,42003,4.0855178056e-12,2.0274466426e-12,2.0405163900e-12,0
143,4450,42002,1.7327208197e-12,8.1109563350e-13,2.1470354022e-13,0
143,9967,42003,5.1439001786e-12,1.9554263825e-12,2.2104305603e-12,0
143,6280,42002,7.7072466064e-12,2.3780059102e-12,-9.4879208860e-13,0
143,6394,42001,6.8691172688e-12,-4.5718662063e-12,-3.5046980619e-12,0
144,6280,42002,5.7787143795e-12,-9.2237517861e-13,-5.7247776620e-13,0
144,4450,42002,7.4691084705e-12,-3.3302000433e-12,-4.0582863071e-13,0
144,9967,42003,4.5136736639e-12,-1.5588179636e-12,1.8304131849e-12,0
144,6394,42001,4.1774506682e-12,-2.0768404905e-12,-3.3826688280e-12,0
145,6280,42002,4.8479420400e-12,2.4522585989e-12,1.0126791371e-13,0
145,6394,42001,6.9512509575e-12,-1.8755613934e-12,-3.1388666015e-12,0
145,4450,42002,6.3693502022e-12,3.4168179508e-12,5.9935239324e-15,0
145,9967,42003,3.4528996555e-12,-6.3500441616e-13,9.9620053111e-13,0
146,9967,42003,3.0695852997e-12,2.4745006414e-12,8.6633408398e-13,0
146,4450,42002,5.6076664199e-12,-1.3721063044e-12,-6.9070597097e-13,0
146,6280,42002,6.3251167542e-12,5.5989522471e-12,3.7777197025e-13,0
146,6394,42001,6.5994872519e-12,-3.6698878781e-12,-3.2639011237e-12,0
147,6280,42002,4.1327452289e-12,2.6642736399e-12,6.6071355862e-13,0
147,4450,42002,2.3381982890e-12,-1.6098274773e-12,-5.5820224623e-13,0
147,6394,42001,3.2126416325e-12,1.8449204190e-13,-2.8840342783e-12,0
147,9967,42003,6.9073904489e-12,-2.2461818808e-12,5.3403178221e-13,0
148,6280,42002,3.0424787754e-12,-1.8028541854e-12,6.5955972546e-13,0
148,6394,42001,3.7223199077e-12,-3.4930367795e-12,-2.9577080199e-12,0
148,9967,42003,7.1004057335e-12,4.5253792933e-12,9.2025251815e-13,0
148,4450,42002,1.6840515487e-12,-6.4821884675e-13,-5.0617804542e-13,0
149,6280,42002,6.9885517824e-12,6.1908676628e-12,1.2465921590e-12,0
149,6394,42001,1.8660004804e-12,-7.9670598433e-13,-2.8557074104e-12,0
149,9967,42003,3.5334256973e-12,-6.8313288286e-13,5.2172358994e-13,0
149,4450,42002,6.2238135299e-12,4.4664743586e-12,-1.4863261188e-14,0
150,6280,42002,5.0155227217e-12,-4.9676418606e-12,8.8603354609e-13,0
150,9967,42003,3.2706369559e-12,-7.0075324778e-13,8.8713340961e-14,0
150,6394,42001,5.4749186284e-12,-5.2460901459e-12,-2.8773868224e-12,0
150,4450,42002,2.8987088076e-12,-2.7754986376e-12,-3.1915632685e-13,0
151,6280,42002,5.0005367056e-12,1.2243006914e-12,1.1870565015e-12,0
151,6394,42001,2.2541734487e-12,1.8547279778e-13,-2.6821612725e-12,0
151,9967,42003,6.2350728014e-12,-5.4005421777e-12,-2.4167960914e-14,0
151,4450,42002,3.8539640702e-12,3.4033832201e-12,1.3654379288e-13,0
152,4450,42002,3.4016728615e-12,-8.4295310452e-13,1.5189667491e-13,0
152,6280,42002,9.2816878377e-12,-3.0040685098e-12,9.8117190160e-13,0
152,6394,42001,6.2887373188e-12,-7.1079273580e-13,-2.2070816774e-12,0
152,9967,42003,5.3036132968e-12,3.8065192530e-12,1.5373930013e-13,0
153,6280,42002,6.9002976160e-12,3.7749080986e-12,1.1208621204e-12,0
153,6394,42001,1.0286763786e-11,-1.1557726329e-12,-1.8654723201e-12,0
153,9967,42003,5.7225025953e-12,-2.8998015387e-12,-3.3178349199e-13,0
153,4450,42002,7.6124506636e-12,6.7643697029e-12,7.4722408185e-13,0
154,6280,42002,7.9447257135e-12,-4.3243451433e-12,7.8066512397e-13,0
154,4450,42002,7.9375828142e-12,-6.8044683108e-12,3.9979725511e-13,0
154,6394,42001,3.8538005435e-12,-3.6423365628e-12,-2.0220219273e-12,0
154,9967,42003,6.1494949428e-12,4.8112258585e-12,3.0522089022e-13,0
155,6280,42002,9.6208261256e-12,9.0950377244e-12,1.4449430365e-12,0
155,4450,42002,9.6082851054e-12,9.3127565629e-12,9.8939111632e-13,0
155,6394,42001,2.0784123963e-12,4.5006503549e-13,-1.7894592844e-12,0
155,9967,42003,1.0176003129e-11,-9.8368276101e-12,-6.1496142918e-13,1
156,6280,42002,8.2192846430e-12,-6.7855595582e-12,2.0649185599e-13,0
156,6394,42001,2.1713192970e-12,-1.6555734022e-12,-1.5880278368e-12,0
156,4450,42002,8.5202814980e-12,-8.2531072817e-12,3.0129101859e-13,0
157,13903,42008,3.3572215309e-12,-3.3854783985e-16,-3.3854783985e-17,0
157,6280,42002,4.8086927548e-12,4.7536744397e-12,4.1543193597e-13,0
157,6394,42001,5.9249601447e-12,-1.8623391630e-12,-1.7927109573e-12,0
157,4450,42002,5.4800936971e-12,4.0917132890e-12,8.7144509522e-13,0
158,4450,42002,3.5205173834e-12,-2.9490276015e-12,6.4136421975e-13,0
158,6280,42002,4.7580040407e-12,-1.3030435983e-12,4.6541299468e-13,0
158,13903,42008,7.6029207838e-12,-7.3844406407e-12,-7.3847791885e-13,0
158,6394,42001,4.5902844519e-12,-2.8898711906e-12,-1.7323943984e-12,0
159,13903,42008,4.7678342884e-12,-1.5141385269e-12,-8.8989177154e-13,0
159,4450,42002,3.9862356567e-12,-1.0198398725e-12,9.2732796640e-14,0
159,6280,42002,2.6122792822e-12,-2.1240706765e-12,-3.6608083925e-13,0
159,6394,42001,7.2058092370e-12,-3.0886403397e-12,-1.9615878340e-12,0
160,6280,42002,4.8238156995e-12,-2.1365942423e-12,-8.2976077426e-14,0
160,4450,42002,5.4291806763e-12,-2.0658338493e-12,1.6369927548e-13,0
160,6394,42001,4.7816867634e-12,-4.2333122926e-12,-1.8603100486e-12,0
160,13903,42008,5.9758579490e-12,-8.3060029110e-14,-8.9819777445e-13,0
161,13903,42008,3.8790379776e-12,-3.4407004644e-13,-9.3260477909e-13,0
161,6280,42002,4.0145638411e-12,-2.5050926657e-12,-4.5591541314e-13,0
161,6394,42001,1.0699172223e-12,4.3885862994e-13,-1.8349714654e-12,0
161,4450,42002,5.6079324592e-12,-5.4677646900e-12,-7.2341551554e-13,0
162,6280,42002,3.8876456976e-12,-3.5689747368e-12,-5.1240603584e-13,0
162,6394,42001,4.2671146369e-12,-9.2777850475e-13,-1.8566700423e-12,0
162,13903,42008,2.8861237998e-12,-5.8713520969e-13,-9.9131830006e-13,0
162,4450,42002,5.9401300413e-12,2.3420868067e-12,-4.0491152442e-13,0
163,13903,42008,8.9983602442e-12,-3.0132473664e-12,-1.2926430367e-12,0
163,6280,42002,4.6964217750e-12,1.7709459906e-12,-7.1280224663e-13,0
163,6394,42001,5.0492842503e-12,4.8873771631e-12,-1.2523550627e-12,0
163,4450,42002,2.0189148943e-12,-3.1730841665e-13,-1.1130793364e-12,0
164,6280,42002,6.0947767427e-12,5.5055579613e-12,2.7018806383e-13,0
164,6394,42001,6.6066572222e-12,-1.8996004102e-12,-1.0780814475e-12,0
164,4450,42002,2.6381839518e-12,2.2596058925e-12,-2.0667191606e-13,0
164,13903,42008,1.6663066254e-12,1.1788752825e-12,-1.1747555084e-12,0
165,6280,42002,1.4355844416e-11,-1.1323501544e-11,-1.7716658631e-12,1
165,6394,42001,2.0105298555e-12,-4.0455806084e-13,-1.1635437571e-12,0
165,4450,42002,1.0508518902e-11,-7.1833823613e-12,-1.8562858085e-12,0
165,13903,42008,7.2131186093e-12,5.5134738307e-12,-6.2340812537e-13,0
166,6394,42001,1.2761322241e-12,-7.6344764205e-13,-1.0743311811e-12,0
166,13903,42008,6.9964712889e-12,-1.8613210828e-12,-8.0954023366e-13,0
166,4450,42002,5.2299618310e-12,4.3566492183e-12,-5.9531015848e-13,0
167,6394,42001,2.9531076486e-12,4.3749500013e-13,-8.4434776476e-13,0
167,4450,42002,6.0503851818e-12,-2.5656864225e-12,-1.2610501296e-12,0
167,13903,42008,4.8651773863e-12,-2.8439809520e-12,-1.0939044741e-12,0
168,13903,42008,2.6261795787e-12,-2.5712391549e-13,-3.8117280156e-13,0
168,4450,42002,5.8458405001e-12,4.6615842390e-12,-4.9998894558e-13,0
168,6394,42001,5.7318385236e-12,3.3092910968e-12,-2.2443153602e-13,0
169,4450,42002,3.7787619838e-12,-1.5091796111e-12,-5.4892291944e-13,0
169,13903,42008,4.1236107349e-12,3.0774833621e-12,7.7989387340e-14,0
169,6394,42001,2.7328313288e-12,-1.3414931419e-12,-4.9716816238e-14,0
170,6394,42001,4.1537143139e-12,-3.5006902355e-12,2.3545389464e-14,0
170,13903,42008,6.8458217758e-12,1.5765964809e-12,2.4395503834e-13,0
170,4450,42002,6.3979559065e-12,-5.7187056867e-12,-9.1421010318e-13,0
171,13903,42008,4.6580905154e-12,-6.2180893795e-13,2.1618114919e-13,0
171,6394,42001,4.0424536652e-12,1.6630819085e-12,1.4596771733e-13,0
171,4450,42002,6.0195155236e-12,4.8926618382e-12,1.2183254965e-13,0
172,4450,42002,4.9200402417e-12,-3.2405485899e-12,-4.3643099001e-13,0
172,13903,42008,2.5918609884e-12,-2.1816183293e-12,5.6732837225e-14,0
172,6394,42001,3.2901440319e-12,-6.9608662377e-13,1.6913690542e-13,0
173,6394,42001,5.9132425811e-12,2.7415988409e-12,-4.5440926796e-14,0
173,13903,42008,1.1874240352e-11,-1.8343027412e-12,1.7462729975e-13,0
173,4450,42002,4.9873721887e-12,-4.2642057515e-13,-4.4734220586e-13,0
174,13903,42008,2.2747732894e-12,-1.7131345408e-12,-1.1457368259e-13,0
174,6394,42001,3.3961931854e-12,-1.5296504659e-12,-8.4459323610e-15,0
174,4450,42002,6.5254442934e-12,-4.9228211168e-12,-1.1655849068e-12,0
175,13903,42008,5.3934802080e-12,-2.2575739792e-12,-8.9167846359e-13,0
175,4450,42002,5.8588317661e-12,-6.1081213108e-13,-5.0832788377e-13,0
175,6394,42001,4.4989908069e-12,-2.5604149862e-12,-2.2403162490e-13,0
176,13903,42008,5.5657556418e-12,3.0006292588e-12,-4.0548342943e-13,0
176,4450,42002,4.9597742524e-12,1.5012667409e-12,-7.9386613152e-13,0
176,6394,42001,8.2815649717e-12,-9.3910548097e-13,-2.4159740879e-13,0
177,13903,42008,1.4010182395e-12,1.2138945823e-12,3.0412400519e-16,0
177,4450,42002,5.6263102469e-12,-4.3820693793e-12,-9.7550442720e-13,0
177,6394,42001,1.2307088936e-12,-2.9093885907e-13,-3.1444079471e-13,0
178,4450,42002,8.4579106348e-12,-3.4905523475e-12,-1.7907180859e-12,0
178,13903,42008,4.1988885495e-12,1.7503225163e-12,2.0104876718e-13,0
178,6394,42001,2.0919683856e-12,1.2284658255e-12,-5.2252332184e-13,0
179,13903,42008,6.4824123725e-12,-5.1309387605e-12,-6.1979344508e-13,0
179,4450,42002,5.8077395800e-12,5.6536453887e-12,-1.0744355859e-12,0
179,6394,42001,3.7922965031e-12,-1.6174768407e-12,-5.5012169172e-13,0
180,6394,42001,3.4284698695e-12,-6.9580235349e-13,-2.6963290352e-13,0
180,4450,42002,3.2964648585e-12,-3.1907990630e-12,-8.2164492351e-13,0
180,13903,42008,6.3742463076e-12,2.2705935078e-12,-5.5039374239e-13,0
181,4450,42002,9.1429345336e-12,-3.0051454320e-12,-1.6114256505e-12,0
181,6394,42001,4.4537954065e-12,1.9254004505e-13,-4.1668708986e-13,0
181,13903,42008,7.7574513353e-12,3.6885750969e-12,-1.1935533890e-13,0
182,13903,42008,1.1434088051e-11,-4.6064289837e-12,-3.6183640433e-13,0
182,6394,42001,7.3735186867e-12,2.4635918376e-12,-1.0071924373e-13,0
182,4450,42002,1.9455262252e-12,-1.5654791957e-12,-1.4439187111e-12,0
182,17191,42003,3.8184360493e-12,1.2868890388e-16,1.2868890388e-17,0
183,17191,42003,8.5459504240e-12,7.5448742952e-12,7.5450029841e-13,0
183,4450,42002,4.8545599830e-12,-4.6686748515e-12,-1.8681441387e-12,0
183,13903,42008,7.1931650781e-12,3.4865352185e-12,1.7024739163e-13,0
183,6394,42001,4.0286812892e-12,-1.0732933694e-12,-4.8220846475e-13,0
184,4450,42002,5.9113625646e-12,1.3815403246e-12,-1.2377079946e-12,0
184,13903,42008,6.3630603596e-12,-5.7355679452e-12,-2.3199594880e-13,0
184,17191,42003,4.3033544251e-12,-3.5131404161e-12,4.0318625680e-13,0
184,6394,42001,3.2913052244e-12,-4.4237450845e-13,-3.7348086901e-13,0
185,6394,42001,5.0295857942e-12,-3.2551657211e-12,-4.4295594250e-13,0
185,17191,42003,4.3526798881e-12,2.3268965353e-12,6.3587591033e-13,0
185,13903,42008,8.0615237375e-12,2.3708340078e-12,2.3084484990e-13,0
185,4450,42002,5.7679754752e-12,1.9367615166e-12,-9.8295062982e-13,0
186,4450,42002,6.1393889203e-12,-4.6579277540e-12,-1.5988700793e-12,0
186,13903,42008,5.5928108045e-12,-1.2076801428e-12,-1.8998609026e-13,0
186,17191,42003,5.2183610085e-12,2.9745373140e-12,9.3332964173e-13,0
186,6394,42001,4.3504410245e-12,-1.6584370678e-12,-5.1488910118e-13,0
187,13903,42008,6.4926889161e-12,5.1370367353e-12,2.0232812505e-13,0
187,17191,42003,3.3586166878e-12,2.7559051367e-12,1.2089201554e-12,0
187,6394,42001,4.9378902297e-12,-2.8107990031e-12,-7.6687511559e-13,0
187,4450,42002,7.7015158779e-12,-1.1157015534e-12,-1.2722332967e-12,0
188,17191,42003,3.7749709471e-12,1.0770152047e-12,1.3166216759e-12,0
188,6394,42001,1.1018918202e-11,8.5737858862e-12,-3.2343109512e-14,0
188,13903,42008,2.7163831382e-12,-1.0446814486e-12,-7.7172271440e-14,0
188,4450,42002,2.3107868723e-12,-9.4563354579e-13,-1.0177414165e-12,0
189,6394,42001,5.2340302277e-12,-1.9919827399e-12,-6.9793699432e-14,0
189,13903,42008,3.4652778698e-12,3.2805530082e-13,4.6872713469e-13,0
189,17191,42003,3.2521166001e-12,3.2491255026e-12,1.6415342261e-12,0
189,4450,42002,1.0081630894e-11,6.7057313926e-12,-9.1253281615e-13,0
190,4450,42002,6.8780924705e-12,-3.2858464334e-12,-9.2203755319e-13,0
190,17191,42003,8.6162150642e-13,-4.5080940391e-13,1.5964532857e-12,0
190,13903,42008,8.6801738713e-12,-4.0087487319e-12,-1.5920708928e-13,0
190,6394,42001,4.2599835925e-12,-2.0674660661e-13,-2.0888124744e-14,0
191,6394,42001,3.3994872813e-12,-2.9909957410e-12,-3.3924170335e-13,0
191,13903,42008,4.8770480110e-12,-3.0637395602e-12,-8.3443855500e-13,0
191,17191,42003,7.3445381702e-12,2.2270714037e-12,1.8191604261e-12,0
191,4450,42002,3.7061174330e-12,1.9642403253e-13,-6.0188060674e-13,0
192,17191,42003,6.0806407197e-12,-5.7661696629e-12,1.2425305909e-12,0
192,13903,42008,8.1496057353e-12,-1.2593790580e-13,-3.8638944721e-13,0
192,4450,42002,2.6116151271e-12,6.7534161827e-13,-3.7779852535e-13,0
192,6394,42001,6.7980922994e-12,-4.5909044987e-12,-1.0446913370e-12,0
193,6394,42001,2.6560904060e-12,-9.4796044063e-13,-1.0321580441e-12,0
193,13903,42008,7.0903638600e-12,-5.9622813609e-12,-1.3312711052e-12,0
193,4450,42002,4.2972825524e-12,-1.5781030881e-12,-6.8741349014e-14,0
193,17191,42003,5.0227738649e-12,1.4168100813e-12,6.2972416955e-13,0
194,4450,42002,9.2430080173e-12,-3.1568527686e-12,-5.2258065834e-13,0
194,13903,42008,5.8130658598e-12,2.1062968610e-12,-5.4708462453e-13,0
194,17191,42003,1.0778363277e-11,-9.1749184625e-12,6.3546364907e-14,0
194,6394,42001,6.0919898343e-12,3.7029795406e-13,-9.5089079785e-13,0
195,6394,42001,2.0454353899e-12,-1.9942104785e-12,-8.2479527359e-13,0
195,4450,42002,2.7116699144e-12,4.4681574501e-13,-6.7157523550e-13,0
195,13903,42008,3.3983658261e-12,7.5924256607e-13,-7.0824376870e-13,0
195,17191,42003,3.9531396022e-12,2.2047871106e-12,5.1335422435e-14,0
196,13903,42008,3.0917858063e-12,-1.9304886627e-12,-7.8052462069e-13,0
196,17191,42003,5.5998518398e-12,-5.5310074651e-12,-7.9921905547e-13,0
196,4450,42002,4.7381455785e-12,-2.7342152242e-12,-4.7920398252e-13,0
196,6394,42001,8.2316559461e-12,-5.5502662349e-12,-1.2139781903e-12,0
197,4450,42002,4.8233436224e-12,3.9918256544e-12,3.1548738264e-14,0
197,13903,42008,3.9339198665e-12,-1.9716253264e-12,-1.4913908269e-12,0
197,17191,42003,5.2139669858e-12,-1.0207152869e-13,-1.0850167220e-12,0
197,6394,42001,4.8873477405e-12,1.7168342568e-12,-7.6121486432e-13,0
198,13903,42008,3.2299766056e-12,4.2774011283e-13,-1.3441486707e-12,0
198,17191,42003,3.7043311951e-12,-3.4279939632e-12,-1.5355176388e-12,0
198,4450,42002,4.8432966066e-12,-3.5979475262e-12,-2.3368265978e-13,0
198,6394,42001,4.1505117407e-12,-2.2785873841e-12,-1.8464521913e-12,0
199,6394,42001,3.3275895788e-12,1.0489806995e-12,-1.5423558474e-12,0
199,13903,42008,5.1015902337e-12,2.1148284385e-12,-1.1654713570e-12,0
199,17191,42003,6.4499671947e-12,-4.5763682252e-12,-2.3180670116e-12,0
199,4450,42002,3.3699980818e-12,2.0600743293e-12,-6.9824836611e-13,0
200,6394,42001,5.5134645878e-12,-2.9724020549e-12,-1.8189213922e-12,0
200,17191,42003,9.8992068342e-13,-5.2410244366e-13,-2.3253963156e-12,0
200,13903,42008,9.5037591389e-12,-5.8333934257e-12,-1.3479358263e-12,0
200,4450,42002,4.1007459845e-12,-3.1568913600e-12,-6.8535285876e-13,0
201,4450,42002,4.1862009043e-12,1.2949120694e-12,-5.7550405508e-13,0
201,13903,42008,4.8452576889e-12,2.2264647439e-12,-8.1891539592e-13,0
201,17191,42003,7.9317385002e-12,1.8403234342e-15,-2.5479194236e-12,0
201,6394,42001,6.2385867304e-12,-5.1170659625e-12,-2.0315284144e-12,1
202,17191,42003,5.3575675205e-12,-3.3225281632e-12,-2.3035552736e-12,0
202,13903,42008,4.1739809314e-12,3.6468506542e-12,-4.4163653992e-13,0
202,4450,42002,1.7580684418e-12,7.6993164787e-13,-5.6604505211e-13,0
203,6394,42001,4.6897393978e-12,-6.3235770111e-17,-6.3235770111e-18,0
203,13903,42008,3.1085322136e-12,5.0208370797e-13,2.0479996697e-13,0
203,4450,42002,6.5474132983e-12,-4.2785509254e-12,-8.3608983584e-13,0
203,17191,42003,7.8787938746e-12,1.8414475339e-12,-2.2610915283e-12,0
204,4450,42002,4.7651396380e-12,3.5636600417e-12,-1.6403855481e-13,0
204,13903,42008,3.3811846858e-12,-6.3588508023e-13,-6.9418227160e-14,0
204,17191,42003,4.4053390881e-12,-2.0492967213e-12,-1.5485293542e-12,0
204,6394,42001,5.8869490631e-12,-5.4825142009e-13,-5.4831465586e-14,0
205,17191,42003,7.1003980355e-12,-3.4068419149e-12,-2.1096922568e-12,0
205,13903,42008,5.1821622190e-12,-3.5922708486e-12,-5.0456956863e-13,0
205,6394,42001,7.6754502054e-12,-3.9232284925e-12,-4.4715431484e-13,0
205,4450,42002,6.6102684806e-12,-5.8398958998e-12,-7.9270971929e-13,0
206,4450,42002,5.8457026608e-12,5.6874926003e-12,4.9461063166e-14,0
206,6394,42001,6.7747750331e-12,-4.0509355842e-12,-8.5224787325e-13,0
206,13903,42008,3.2183464914e-12,3.0477499725e-13,-2.8104320264e-13,0
206,17191,42003,5.6335166585e-12,-2.7673522511e-12,-1.8333267354e-12,0
207,17191,42003,5.0448100984e-12,-2.4015394333e-12,-2.0632735258e-12,0
207,13903,42008,8.0296016098e-12,4.2606396414e-12,3.4218329415e-13,0
207,6394,42001,6.7182334342e-12,1.0430923216e-12,-7.4793864110e-13,0
207,4450,42002,4.1273763096e-12,1.6012293757e-12,-1.8959856471e-13,0
208,17191,42003,2.9619852261e-12,6.8928850344e-13,-1.6515452792e-12,0
208,6394,42001,4.7838303421e-12,-2.9750152120e-12,-1.0454401623e-12,0
208,13903,42008,4.4329437276e-12,-1.9530182792e-13,2.7987910007e-13,0
208,4450,42002,3.4003562906e-12,2.4076785307e-12,4.1096404098e-13,0
209,6394,42001,3.8416659730e-12,5.9247001777e-13,-9.8619316052e-13,0
209,13903,42008,8.0876254741e-12,9.7275152956e-13,1.6567140918e-13,0
209,4450,42002,1.3378665832e-12,5.1468545345e-14,2.1010346258e-13,0
209,17191,42003,1.7730803672e-12,1.4537790619e-13,-1.1793706660e-12,0
210,13903,42008,2.1796833570e-12,2.0003186172e-12,9.4904261347e-13,0
210,17191,42003,5.9071442728e-12,-5.0091763742e-12,-1.6278780591e-12,0
210,6394,42001,8.0445407059e-12,-1.2003248000e-12,-1.1062256405e-12,0
210,4450,42002,6.5312771593e-12,5.2400642393e-12,1.0497990225e-12,0
211,6394,42001,6.4623898231e-12,4.3995816948e-12,-6.6626747104e-13,0
211,4450,42002,6.8148026475e-12,-2.3828468767e-12,6.8202312790e-13,0
211,13903,42008,6.4978054230e-12,5.2275205073e-13,7.7867134416e-13,0
211,17191,42003,5.4232285773e-12,1.4666632551e-12,-1.4813957659e-12,0
212,17191,42003,3.7206236486e-12,7.4496248355e-13,-1.0746467013e-12,0
212,13903,42008,2.0742713641e-12,1.0538871621e-12,5.1937499494e-13,0
212,6394,42001,2.9953840126e-12,-1.9428970248e-12,-8.6055717353e-13,0
212,4450,42002,3.4097819125e-12,1.6410256452e-12,7.6913252763e-13,0
213,4450,42002,6.0263441263e-12,-4.8801117425e-12,7.0897644593e-13,0
213,13903,42008,3.1941804185e-12,-8.2171570004e-13,3.8699505414e-13,0
213,6394,42001,2.1560672448e-12,5.9756187684e-13,-8.0079466227e-13,0
213,17191,42003,5.3932175063e-12,-4.6364573714e-12,-1.7224371918e-12,0
214,17191,42003,3.2360607278e-12,-1.2843576653e-14,-1.5187918773e-12,0
214,6394,42001,3.8159232301e-12,-1.9561109100e-12,-9.4158061126e-13,0
214,13903,42008,4.6654108645e-12,-4.5021139676e-12,3.7216540572e-16,0
214,4450,42002,5.2113904683e-12,-3.4734883595e-12,5.2616058150e-15,0
215,17191,42003,6.0881442053e-12,-5.6673024567e-12,-1.7448379315e-12,0
215,4450,42002,5.3916032163e-12,5.6606519288e-13,6.4585771508e-13,0
215,6394,42001,1.0083512436e-12,5.6559193467e-14,-5.4360184266e-13,0
215,13903,42008,8.5016508840e-12,3.6878540370e-12,7.2838465397e-13,0
216,13903,42008,2.0974591703e-12,2.0934497684e-12,9.0725213108e-13,0
216,6394,42001,4.9523357381e-12,-3.0951388446e-12,-4.4802216870e-13,0
216,17191,42003,3.1095281554e-12,1.7530139160e-12,-1.2928013148e-12,0
216,4450,42002,4.3733913363e-12,-4.2616940215e-12,-3.4906094710e-13,0
217,6394,42001,2.2609637892e-12,-1.4035145689e-12,-6.9268285775e-13,0
217,17191,42003,3.9538571801e-12,2.2704566311e-13,-1.0299428052e-12,0
217,13903,42008,4.2391631119e-12,-2.0409692045e-12,2.7709124650e-13,0
217,4450,42002,3.3794438406e-12,-6.3845810517e-13,-5.7302969518e-13,0
218,4450,42002,1.8436861344e-12,5.3405959765e-14,-8.0845695228e-13,0
218,13903,42008,8.2307040842e-12,5.2781953749e-12,8.2444096678e-13,0
218,6394,42001,8.3713643224e-12,-1.3115162633e-12,-5.2633296288e-13,0
218,17191,42003,4.2134093584e-12,-1.7761308726e-12,-1.2764847428e-12,0
219,17191,42003,2.3131742514e-12,-5.7926083757e-13,-1.3489486171e-12,0
219,1339,42002,3.9888446926e-12,-2.6508202626e-16,-2.6508202626e-17,0
219,4450,42002,3.8586696882e-12,-3.6979046371e-12,-1.1833942705e-12,0
219,13903,42008,2.5002502218e-12,-1.7104013202e-12,5.5612568180e-13,0
219,6394,42001,3.9812113414e-12,-2.9900817652e-12,-8.8458814117e-13,0
220,6394,42001,6.3424508217e-12,4.6627204913e-12,-2.9828361205e-13,0
220,13903,42008,4.8945240254e-12,4.5603614433e-12,8.1212996441e-13,0
220,4450,42002,3.5979940412e-12,-1.6941165678e-12,-1.8768123512e-12,0
220,1339,42002,5.6450114754e-12,-4.7789849170e-12,-4.7792499990e-13,0
220,17191,42003,1.0657538982e-11,-6.8129115002e-13,-9.1616009473e-13,0
221,1339,42002,5.7892127916e-12,4.3672765974e-12,-4.1197340156e-14,0
221,6394,42001,5.7944245836e-12,-1.3610703139e-12,-8.7434881292e-13,0
221,17191,42003,1.7266401625e-12,7.0232418640e-13,-9.9259400160e-13,0
221,13903,42008,4.3912751669e-12,3.2879840513e-12,1.0886531645e-12,0
221,4450,42002,4.9016041824e-12,1.6415972663e-13,-1.6221116909e-12,0
222,13903,42008,3.0124012500e-12,1.6098585171e-12,1.1442503000e-12,0
222,17191,42003,7.7092262439e-12,3.0274991624e-13,-1.0368152583e-12,0
222,6394,42001,2.2893424623e-12,2.0129603451e-12,-4.7876307592e-13,0
222,4450,42002,7.7621214142e-12,-7.4286895126e-12,-2.5290832067e-12,0
222,1339,42002,1.1008945275e-11,-6.4420550161e-12,-6.8540284177e-13,0
223,17191,42003,1.5352736551e-12,4.6265353924e-14,-5.6854298579e-13,0
223,4450,42002,7.5407528267e-12,6.2964673654e-12,-1.4114252959e-12,0
223,6394,42001,6.0235306231e-12,-3.2547291998e-12,-8.6399218359e-13,0
223,13903,42008,4.2334848273e-12,-7.6036570859e-13,1.1503852991e-12,0
223,1339,42002,6.9074614473e-12,6.7865517265e-12,-6.7476691222e-15,0
224,1339,42002,2.9587282011e-12,-2.8252886700e-12,-2.8927653612e-13,0
224,6394,42001,4.3141971420e-12,3.6480811717e-12,-3.0357297541e-13,0
224,13903,42008,4.8791674285e-12,-7.3101572781e-13,1.5274951231e-12,0
224,4450,42002,6.2045692333e-12,-3.7165936626e-12,-1.4357358262e-12,0
224,17191,42003,8.1020823524e-12,7.7545211654e-12,2.0819348842e-13,0
225,17191,42003,3.5573081534e-12,2.6671741105e-12,1.0416411451e-12,0
225,13903,42008,4.8479784459e-12,3.0156104956e-12,1.4602707689e-12,0
225,6394,42001,5.9800874005e-12,-4.5464641636e-12,-7.6387531112e-13,0
225,4450,42002,6.4679082278e-12,4.9062391323e-12,-1.0017184323e-12,0
225,1339,42002,6.0339840725e-12,5.7842575474e-12,2.8914921862e-13,0
226,1339,42002,7.4528303476e-12,-6.7256908092e-12,-3.8341986230e-13,0
226,6394,42001,5.1206672824e-12,2.7521965855e-12,-1.7914176811e-13,0
226,17191,42003,4.6682178300e-12,-2.3206175907e-13,8.4313357763e-13,0
226,13903,42008,2.9139528720e-12,2.1852465464e-13,1.2727782576e-12,0
226,4450,42002,7.2943716706e-12,-5.9129635843e-12,-1.1668453886e-12,0
227,17191,42003,4.3955653291e-12,-2.2767770577e-12,5.9275130556e-13,0
227,6394,42001,9.1401470658e-13,2.1821797266e-13,-1.6968513953e-14,0
227,13903,42008,2.6478293654e-12,5.8290970056e-13,1.5351661481e-12,0
227,4450,42002,4.1485881104e-12,1.7103389385e-12,-9.3196568419e-13,0
227,1339,42002,4.1489765877e-12,3.3021980351e-12,-5.3200058792e-14,0
228,17191,42003,5.1318977182e-12,3.7857008570e-14,7.7415009368e-13,0
228,13903,42008,6.4462902843e-12,6.2617382285e-12,1.6335204334e-12,0
228,1339,42002,6.7181726144e-12,-5.2074381966e-12,-5.7394387845e-13,0
228,4450,42002,6.8550245541e-12,-6.7281517641e-12,-1.6101214566e-12,0
228,6394,42001,1.7739692672e-12,1.5927679617e-12,2.7345990854e-13,0
229,17191,42003,8.5360018508e-12,-4.3620432625e-12,3.9587185118e-13,0
229,6394,42001,4.6736346610e-12,4.5128420693e-12,1.0237522920e-12,0
229,4450,42002,4.8783492949e-12,2.5863374914e-12,-9.8169724373e-13,0
229,1339,42002,4.1083629416e-12,3.7757644700e-12,-1.9634092325e-13,0
229,13903,42008,1.9453867134e-12,3.9105796714e-14,1.8084711451e-12,0
230,13903,42008,6.5629926234e-12,-5.2923592997e-12,8.2319907084e-13,0
230,17191,42003,3.5757859575e-12,-1.8985713859e-12,2.7414382759e-13,0
230,4450,42002,7.9240566999e-12,-6.8529630143e-12,-1.4975818884e-12,0
230,6394,42001,2.3141397721e-12,-7.7102924390e-13,4.8037731848e-13,0
230,1339,42002,6.4475920257e-12,-4.5067389703e-12,-1.6911632859e-13,0
231,6394,42001,8.3110888375e-12,-5.7232551613e-12,4.4158833735e-14,1
231,4450,42002,6.3484423180e-12,5.0918598541e-12,-1.0048118756e-12,0
231,17191,42003,7.5925411771e-12,9.5435642498e-13,2.9934705145e-13,0
231,13903,42008,5.7364925006e-12,3.5162124464e-12,8.4602191034e-13,0
231,1339,42002,5.2924671506e-12,4.4986639051e-12,-1.5597759782e-13,0
232,13903,42008,5.7192811030e-12,1.3560702417e-12,8.2064308280e-13,0
232,17191,42003,3.6787688437e-12,-2.8537133889e-12,-1.6299279069e-14,0
232,1339,42002,7.6649127246e-12,-7.0231549246e-12,-2.1408758867e-13,0
232,4450,42002,4.0496257597e-12,-2.2434001358e-12,-4.8628293796e-13,0
233,17191,42003,1.1880479776e-12,9.4461807630e-13,7.3535993169e-14,0
233,1339,42002,3.6755777276e-12,3.5997204728e-12,-5.3277071404e-13,0
233,13903,42008,5.5316614910e-12,-5.0579943577e-12,3.9088021789e-13,0
233,4450,42002,8.1831173898e-12,4.1273340553e-12,-7.0319626896e-13,0
234,13903,42008,3.1405302602e-12,2.1532614545e-12,6.7930793612e-13,0
234,4450,42002,1.3155367242e-12,6.0746246234e-13,-2.7079065646e-13,0
234,1339,42002,3.0832507234e-12,-1.1457646055e-12,-3.6481830759e-13,0
234,17191,42003,5.5715424414e-12,5.1228885029e-12,-1.8962727308e-13,0
235,1339,42002,2.7792572594e-12,8.1161396875e-13,-8.6208266545e-13,0
235,17191,42003,3.9308211524e-12,2.4569729464e-12,-2.1064738950e-13,0
235,13903,42008,3.2573094671e-12,-2.6476470175e-12,1.1298218481e-13,0
235,4450,42002,1.2974994435e-12,1.2943744747e-12,-6.3197712222e-13,0
236,1162,42009,3.0908219981e-12,2.4180081550e-16,2.4180081550e-17,0
236,1339,42002,4.9952153131e-12,-2.1656869322e-12,-4.0608227775e-13,0
236,4450,42002,4.7038194957e-12,9.0463863259e-13,4.9783099464e-14,0
236,13903,42008,2.4814561543e-12,-1.8796726839e-13,7.2332992507e-14,0
236,17191,42003,2.2497240040e-12,1.1359307035e-12,-7.3848143234e-14,0
237,32239,42009,5.3466101438e-12,-2.1069944269e-16,-2.1069944269e-17,0
237,17191,42003,3.6352576523e-12,3.3003218814e-12,4.8386175067e-13,0
237,13903,42008,5.8393773369e-12,6.4454457341e-14,2.0487468185e-14,0
237,4450,42002,4.5150387792e-12,2.9932429434e-12,1.7807349996e-13,0
237,1162,42009,5.1716614031e-12,-1.0575389483e-12,-1.0572971475e-13,0
237,1339,42002,2.8270787310e-12,-1.2112043989e-12,-8.5742252115e-13,0
238,1162,42009,3.2366959726e-12,9.9309223796e-13,-6.4204909543e-15,0
238,1339,42002,6.9341056964e-12,-6.5374250185e-12,-9.9042120334e-13,0
238,32239,42009,8.1593966131e-12,6.9145689094e-12,6.9143582100e-13,0
238,4450,42002,3.5490639926e-12,-2.2247723014e-12,6.2841144624e-13,0
238,13903,42008,4.2741734762e-12,1.1336303995e-12,-4.9232331472e-13,0
238,17191,42003,7.2000940407e-12,2.5023345860e-12,7.3030950842e-13,0
239,1162,42009,6.4010640446e-12,-5.0738519078e-12,-5.1380568174e-13,0
239,1339,42002,5.7528913566e-12,4.2628690159e-13,-1.3253689602e-12,0
239,32239,42009,6.2063598710e-12,-2.3004153334e-12,4.6139428766e-13,0
239,17191,42003,4.3776485816e-12,-2.3152915586e-12,9.3498467881e-13,0
239,13903,42008,3.6202028733e-12,4.4210130759e-13,-4.5202376363e-13,0
239,4450,42002,5.8368761012e-12,4.4083472643e-12,8.1061242352e-13,0
240,1162,42009,8.0289321540e-12,3.7392281236e-12,-1.3988286937e-13,0
240,1339,42002,8.9498803903e-12,-6.7425868878e-12,-1.5489537519e-12,0
240,32239,42009,9.6055218747e-12,6.0179999861e-12,1.0631942863e-12,0
240,17191,42003,7.2508647406e-12,5.5906321213e-12,1.6839050295e-12,0
240,13903,42008,6.6817540495e-12,6.0029826245e-12,6.7751042879e-13,0
240,4450,42002,8.1774993049e-12,-7.8021857922e-12,7.1569014574e-13,0
241,1162,42009,8.2866363856e-12,-6.2527527582e-12,-7.6515814519e-13,0
241,1339,42002,6.6405542784e-12,-2.6598325630e-12,-2.2648033987e-12,0
241,4450,42002,4.6798415587e-12,6.0598690622e-13,2.6710285095e-13,0
241,13903,42008,6.4082787285e-12,-6.1540940868e-12,-2.8952022453e-13,1
241,32239,42009,4.9555801901e-12,-3.9144334825e-12,6.7175093802e-13,0
241,17191,42003,1.0925246662e-11,-8.7338942242e-12,7.1507996461e-13,0
242,1162,42009,6.4895824668e-12,-2.2825362732e-12,-9.9341177251e-13,0
242,1339,42002,5.2904723746e-12,2.7948518697e-12,-1.2830027193e-12,0
242,32239,42009,8.3677826832e-12,7.6357293337e-12,1.4353238714e-12,0
242,17191,42003,1.0501658328e-11,4.4826239164e-12,1.4487136951e-12,0
242,4450,42002,6.7609275861e-12,-6.1841058726e-12,-1.2696772273e-13,0
243,4450,42002,2.3954505115e-12,1.5055815610e-12,-3.8914297217e-13,0
243,32239,42009,5.0207132495e-12,-3.5926431848e-12,1.0760595529e-12,0
243,17191,42003,4.4543439026e-12,-2.5927953009e-12,1.0949723574e-12,0
243,1162,42009,1.0003196339e-11,-3.9059872157e-12,-1.3840104941e-12,0
243,1339,42002,2.3344632253e-12,1.5002904687e-12,-1.4929457197e-12,0
244,32239,42009,6.7015665244e-12,6.3322426859e-12,1.7092838215e-12,0
244,1162,42009,5.5114768756e-12,-1.8248068551e-12,-1.5664911796e-12,0
244,1339,42002,6.8976484843e-12,-8.3093168929e-14,-1.3866785761e-12,0
244,4450,42002,3.5348483447e-12,1.5468829111e-12,-2.9520092729e-13,0
244,17191,42003,3.1927228706e-12,-2.7248699238e-12,3.1019651476e-13,0
245,4450,42002,9.5752454031e-13,-2.5040999469e-13,-4.4967937422e-13,0
245,32239,42009,3.1160893488e-12,8.8846720873e-13,1.7981305424e-12,0
245,17191,42003,5.0501412761e-12,4.0692352397e-12,4.7142274409e-13,0
245,1162,42009,5.2016016393e-12,-4.9255963518e-12,-2.0590508148e-12,0
245,1339,42002,7.8946119124e-12,-2.2339689442e-12,-1.6912368673e-12,0
246,32239,42009,5.9778634712e-12,3.3481868549e-12,2.1329492279e-12,0
246,1162,42009,6.7895478009e-12,1.6142362097e-12,-1.8976513739e-12,0
246,1339,42002,8.0590140170e-12,-7.0131766157e-12,-2.1759858357e-12,0
246,4450,42002,4.5826513556e-12,-1.7339495273e-12,-7.1353819021e-13,0
246,17191,42003,2.6410096200e-12,-2.0295830413e-12,1.5487136961e-13,0
247,4450,42002,5.9591277278e-12,1.3653733574e-12,-8.7632514881e-13,0
247,32239,42009,6.8421353455e-12,-3.1674692186e-12,1.8162233759e-12,0
247,1162,42009,1.0423097336e-11,-9.2013178359e-12,-2.7120292626e-12,0
247,17191,42003,7.5087866487e-12,6.4277392372e-12,4.6761310519e-13,0
247,1339,42002,6.9469643355e-12,4.6164584482e-12,-1.5932195510e-12,0
248,1162,42009,4.2983334675e-12,2.4112690007e-13,-2.7872257964e-12,0
248,1339,42002,7.2353675370e-12,-6.6066956553e-12,-1.6001466147e-12,0
248,32239,42009,1.1150670289e-11,1.0876655055e-11,2.2124319905e-12,0
248,17191,42003,8.8147492743e-12,8.2984891117e-12,1.0472285578e-12,0
248,4450,42002,5.1061702911e-12,-3.7333851141e-12,-1.0271864301e-12,0
249,32239,42009,4.5736587110e-12,1.7344051192e-12,2.6159140357e-12,0
249,1162,42009,3.3405973862e-12,-7.1556942190e-13,-2.3513975478e-12,0
249,4450,42002,7.8015615359e-12,7.3343161722e-12,-7.3458953929e-13,0
249,1339,42002,6.6230259116e-12,4.6911918375e-12,-1.1736561211e-12,0
249,17191,42003,4.4660743480e-12,-3.8947206873e-12,8.8928564489e-13,0
250,1162,42009,6.3579286867e-12,1.1432732079e-12,-2.6109930394e-12,0
250,1339,42002,6.4958475924e-12,-3.6282843023e-12,-8.6222586251e-13,0
250,32239,42009,2.9346418971e-12,2.5111460704e-12,2.2652286442e-12,0
250,4450,42002,9.2246714663e-12,-5.0060678804e-12,-4.5497774812e-13,0
250,17191,42003,4.3844872821e-12,2.5610680488e-12,5.8632923765e-13,0
251,17191,42003,1.6741978630e-12,6.6591534507e-14,1.4663778135e-12,0
251,32239,42009,3.1650203457e-12,1.9935675493e-12,2.8560287473e-12,0
251,4450,42002,6.9948034884e-12,3.1605413651e-12,-1.9952230223e-13,0
251,1162,42009,4.8290347498e-12,-4.4577313828e-12,-2.4314909019e-12,0
251,1339,42002,9.6322419044e-12,5.2399362295e-13,-5.4384324392e-13,0
252,1162,42009,5.8455672551e-12,6.2601520767e-13,-2.1406357538e-12,0
252,1339,42002,9.2778068770e-12,-9.1890816974e-12,-1.7422366006e-12,0
252,32239,42009,7.7648158702e-12,7.6262796606e-12,2.8550837800e-12,0
252,4450,42002,5.7780798462e-12,-3.1712294460e-12,1.0176534043e-13,0
252,17191,42003,4.8715216875e-12,4.6001557552e-12,1.4781309974e-12,0
253,32239,42009,8.7895695712e-12,-6.1272919983e-12,2.6016188987e-12,0
253,4450,42002,5.4201726723e-12,4.6555209874e-12,4.1675928307e-13,0
253,1162,42009,8.6578625037e-12,-6.7097009188e-12,-2.4210071241e-12,0
253,1339,42002,5.1544960301e-12,2.8550345462e-12,-1.6067621929e-12,0
253,17191,42003,6.6292527141e-12,3.3207923212e-12,2.0694897596e-12,0
254,1162,42009,7.1716939909e-12,-2.8580706586e-13,-2.2671071452e-12,0
254,1339,42002,9.3865128985e-12,-8.3380975848e-12,-2.4322626345e-12,0
254,32239,42009,7.2738969935e-12,7.1238677140e-12,2.6807814015e-12,0
254,4450,42002,4.2661364719e-12,1.1382626488e-12,3.7589725684e-13,0
254,17191,42003,5.6055875361e-12,4.4284751292e-12,2.7848242649e-12,0
255,1162,42009,6.2257348659e-12,-1.9423129037e-12,-1.9687788003e-12,0
255,4450,42002,4.7988201764e-12,4.6424569220e-12,8.6518394851e-13,0
255,1339,42002,5.6775140862e-12,1.3568348571e-12,-2.0731822544e-12,0
255,32239,42009,2.3791968024e-12,1.1485581458e-12,2.7067904952e-12,0
255,17191,42003,6.9004796317e-12,7.8773667994e-13,2.4566744089e-12,0
256,1162,42009,6.3679538188e-12,-2.1792874693e-12,-2.3481311682e-12,0
256,1339,42002,8.9346473335e-12,-8.9265904410e-12,-2.2645236369e-12,0
256,17191,42003,3.2998894161e-12,7.8006240182e-13,2.7376389532e-12,0
256,32239,42009,5.5195237176e-12,-4.3835912900e-12,1.9336126807e-12,0
256,4450,42002,3.6379625966e-12,3.4703631531e-12,1.3856152165e-12,0
257,1162,42009,6.1184675405e-12,4.3976131090e-12,-9.8823807376e-13,0
257,32239,42009,7.1310672483e-12,6.4821269206e-12,2.8985722946e-12,0
257,1339,42002,9.8607910366e-12,-7.6700005991e-12,-3.4931695416e-12,0
257,17191,42003,6.4532338912e-12,1.1181724856e-12,2.2066822781e-12,0
257,4450,42002,9.2933381412e-12,5.6900060237e-12,1.8180784832e-12,0
258,1162,42009,1.1141248920e-11,-1.1118505130e-11,-2.1242012768e-12,1
258,1339,42002,5.1478221009e-12,-7.1614398293e-13,-2.9041143744e-12,0
258,4450,42002,1.9279617504e-12,7.4961825568e-13,2.2663788202e-12,0
258,17191,42003,6.6237085892e-12,6.5350093061e-12,2.0303342975e-12,0
258,32239,42009,1.7027198580e-12,-6.3325233695e-13,1.7475815555e-12,0
259,1339,42002,7.2094661234e-12,-3.5449588621e-12,-3.7277294443e-12,0
259,32239,42009,5.5185607760e-12,2.9858748421e-12,1.8727285278e-12,0
259,17191,42003,3.2334942110e-12,2.2776057622e-14,2.4220839720e-12,0
259,4450,42002,7.5810226914e-12,4.3783897959e-13,1.5767311009e-12,0
260,1339,42002,6.1492065878e-12,5.7540603180e-13,-3.3073604109e-12,0
260,17191,42003,3.6851226558e-12,-2.6969208992e-12,1.8962850772e-12,0
260,4450,42002,6.1091995643e-12,4.6632244149e-12,2.5436603304e-12,0
260,32239,42009,4.9799076532e-12,-2.2001325003e-12,1.4016006707e-12,0
260,13903,42008,4.3444603177e-12,-1.4826355349e-16,-1.4826355349e-17,0
261,32239,42009,6.8408211650e-12,3.0424277737e-12,1.5064866931e-12,0
261,13903,42008,3.7577237494e-12,6.4480019843e-13,6.4465193487e-14,0
261,17191,42003,5.2648768243e-12,5.0768602801e-12,2.3973119518e-12,0
261,1339,42002,5.7154652418e-12,-4.7693066813e-12,-3.8366904413e-12,0
261,4450,42002,6.6225459987e-12,-4.2108245209e-12,1.8065237418e-12,0
262,4450,42002,6.7258356949e-12,5.5236275199e-12,2.6760094384e-12,0
262,1339,42002,5.0215545452e-12,1.1602866598e-13,-2.9061794050e-12,0
262,11614,42010,3.1116919046e-12,-8.0028879003e-17,-8.0028879003e-18,0
262,32239,42009,5.7851276904e-12,-3.3005615247e-12,4.1380257459e-13,0
262,13903,42008,8.1243572083e-12,-4.0316724740e-12,-3.3870205391e-13,0
262,17191,42003,8.1798785519e-12,-2.5245233977e-12,1.6848440365e-12,0
263,13903,42008,6.2267100302e-12,5.6013607502e-12,2.2143402111e-13,0
263,17191,42003,4.3926959304e-12,2.4906943408e-12,1.6018342384e-12,0
263,32239,42009,1.1194526109e-11,1.1111067479e-11,2.1376385224e-12,0
263,11614,42010,7.1779265742e-12,-4.8839819966e-14,-4.8919848845e-15,0
263,1339,42002,3.7911318547e-12,-2.5510433376e-12,-3.4467871934e-12,0
263,4450,42002,6.3970939937e-12,1.1863277042e-12,2.3290901101e-12,0
264,32239,42009,4.1593542318e-12,1.0643895759e-12,1.5316907086e-12,0
264,11614,42010,6.8207838964e-12,2.4433861021e-12,2.3944662533e-13,0
264,1339,42002,5.4562576968e-12,-9.0323186966e-13,-2.7033006219e-12,0
264,13903,42008,3.2400220308e-12,-3.7076076904e-13,1.8435794421e-13,0
264,17191,42003,3.8229207675e-12,-3.7305477940e-12,7.8593194612e-13,0
264,4450,42002,8.3198123933e-12,-1.6580705558e-12,2.0494567896e-12,0
265,1339,42002,3.7404137992e-12,-3.1887001268e-12,-3.1578541203e-12,0
265,13903,42008,3.6756051970e-12,1.4546147174e-12,3.2981941595e-13,0
265,17191,42003,5.9703325704e-12,3.1626926889e-12,1.0234275470e-12,0
265,32239,42009,4.9093859248e-12,1.9107507630e-12,1.6079099703e-12,0
265,11614,42010,3.3262369236e-12,1.7111748753e-12,4.1056411286e-13,0
265,4450,42002,7.8319072344e-12,-7.0245406316e-12,8.8275703428e-13,0
266,11614,42010,6.8260899210e-12,6.2080770277e-12,1.0313718156e-12,0
266,32239,42009,7.6927192407e-12,6.3267223040e-12,2.6789413297e-12,0
266,13903,42008,2.1581362969e-12,-9.3090032024e-13,2.3672938392e-13,0
266,4450,42002,6.9203332735e-12,6.3828778487e-12,1.1740085038e-12,0
266,17191,42003,4.4991041246e-12,3.2308781153e-12,1.2685091184e-12,0
266,1339,42002,1.0037370537e-11,6.6337683365e-12,-1.6018182425e-12,0
267,11614,42010,3.5870436883e-12,2.6867894412e-12,1.3000507597e-12,0
267,17191,42003,5.0922268032e-12,9.2738260700e-13,1.2494301305e-12,0
267,13903,42008,4.1198475557e-12,3.1568848574e-12,5.5241786966e-13,0
267,4450,42002,8.4784071302e-12,-4.7515988708e-12,1.2984801438e-13,0
267,32239,42009,2.5934509718e-12,-1.7688438482e-12,1.8538442528e-12,0
267,1339,42002,4.6778060895e-12,-8.5787890714e-13,-9.2060607333e-13,0
268,32239,42009,6.5229153552e-12,-2.3746685312e-12,1.6797026334e-12,0
268,4450,42002,1.3647260598e-12,5.6702428998e-13,1.1158861781e-13,0
268,13903,42008,1.2372406189e-12,-8.1790829880e-13,4.7062703978e-13,0
268,17191,42003,7.2483112654e-12,-3.8504846101e-12,2.1088073888e-13,0
268,11614,42010,1.2338389902e-12,2.8891081896e-13,1.3289418416e-12,0
268,1339,42002,4.1410107808e-12,2.6289259072e-12,-5.8609908431e-13,0
269,32239,42009,3.6190605681e-12,2.8713682617e-12,1.6682519753e-12,0
269,13903,42008,6.6815174838e-12,1.8787756961e-12,6.5850460940e-13,0
269,17191,42003,5.2342288796e-12,4.5947732939e-12,6.6808046251e-13,0
269,11614,42010,2.1460785649e-12,-2.7677743192e-13,1.3012640985e-12,0
269,4450,42002,4.4208333293e-12,-2.9786908788e-12,-2.3006436802e-13,0
269,1339,42002,3.7154911320e-12,-1.7807061587e-12,-4.0967381398e-13,0
270,17191,42003,5.9658040449e-12,6.4473808631e-13,1.0022463611e-12,0
270,4450,42002,1.5618007756e-12,1.5574899335e-13,-6.8081191017e-13,0
270,11614,42010,5.5072227971e-12,3.1483624201e-13,1.3327477227e-12,0
270,13903,42008,3.9305478029e-12,1.4125418311e-12,7.9977361887e-13,0
270,32239,42009,5.1639550932e-12,1.2116196261e-12,2.0094271880e-12,0
270,1339,42002,6.2517224644e-12,3.8922918713e-12,-7.7985230025e-14,0
271,32239,42009,5.9356450588e-12,5.8847484432e-12,2.2936592549e-12,0
271,11614,42010,5.2790842678e-12,1.9191130279e-12,1.5246590254e-12,0
271,13903,42008,3.3148608080e-12,-2.1602767896e-12,5.1926592007e-13,0
271,4450,42002,4.5316221505e-12,4.2729628690e-12,1.6756682881e-13,0
271,17191,42003,4.2101387860e-12,6.6698487188e-13,5.6125882024e-13,0
271,1339,42002,5.3195098757e-12,2.2206643579e-12,6.2101187389e-13,0
272,17191,42003,4.6564501228e-12,-4.9735244430e-13,7.6397591557e-13,0
272,11614,42010,4.5192388923e-12,3.7361463790e-12,1.8982816662e-12,0
272,4450,42002,4.8572927073e-12,-4.6439486988e-12,-8.4919079305e-13,0
272,13903,42008,9.3114918637e-12,5.0027515518e-12,1.4227083226e-12,0
272,32239,42009,3.4130924971e-12,-2.0472616395e-12,2.4189892434e-12,0
272,1339,42002,6.5752314811e-12,-5.6353502067e-12,4.5873986625e-14,0
273,13903,42008,8.2653439424e-12,-7.9277005916e-12,6.9802188464e-14,0
273,32239,42009,3.3281506643e-12,2.8466272694e-12,1.5925452224e-12,0
273,4450,42002,1.1596751820e-11,1.0445312657e-11,7.6707702193e-14,0
273,11614,42010,4.4834248849e-12,1.3640246013e-12,2.0395681084e-12,0
273,17191,42003,3.3534033644e-12,-2.2078852306e-12,2.9411795843e-13,0
273,1339,42002,2.7508279222e-12,9.4123958745e-14,3.1039071626e-13,0
274,1339,42002,3.8823769638e-12,-1.3587107141e-12,2.6484283182e-13,0
274,11614,42010,4.8531140805e-12,3.2196256541e-12,2.1171920635e-12,0
274,17191,42003,6.0642717494e-12,5.3536612733e-12,1.2025388652e-12,0
274,32239,42009,4.5952127138e-12,-4.7640327611e-13,1.4384659372e-12,0
274,4450,42002,6.4419839325e-12,3.5984329730e-12,6.0235805507e-13,0
274,13903,42008,3.5839627762e-12,-3.4142355974e-12,-2.3454529437e-13,0
275,13903,42008,7.1790215873e-12,2.5947607701e-12,-1.2053068909e-13,0
275,1339,42002,6.7270194326e-12,-3.1544042376e-12,2.6827242074e-13,0
275,32239,42009,7.3772526867e-13,2.6474329293e-13,1.2738651902e-12,0
275,4450,42002,4.9848604765e-12,1.1483428913e-12,1.4196464074e-12,0
275,11614,42010,8.8904545716e-12,1.8406659054e-12,2.1301411666e-12,0
275,17191,42003,7.2743113667e-12,-3.1066390986e-12,5.7560568642e-13,0
276,17191,42003,3.7117473338e-12,1.9933140421e-12,4.5184927910e-13,0
276,11614,42010,2.5321283590e-12,1.5463357794e-12,1.6639670417e-12,0
276,32239,42009,5.6263372670e-12,1.6757274705e-12,8.0876570688e-13,0
276,13903,42008,7.7963580936e-12,-4.6796576433e-12,-4.9540642140e-13,0
276,1339,42002,4.6637788821e-12,-3.8408862547e-12,-7.7919303837e-13,0
276,4450,42002,1.0239487631e-11,-7.8915353027e-12,-7.7949077756e-15,1
277,1339,42002,3.4369565144e-12,3.3434572040e-12,-3.5905942725e-13,0
277,13903,42008,5.0221913670e-12,-1.5382077316e-12,-9.6491568031e-13,0
277,32239,42009,8.7294420069e-12,-5.0019329119e-13,9.3563076258e-13,0
277,11614,42010,7.0025935199e-12,5.8388418979e-12,1.9791722874e-12,0
277,17191,42003,6.8009403788e-12,-1.2668665718e-12,2.3242436122e-13,0
278,11614,42010,5.8924778418e-12,-5.7038353909e-13,1.8932428516e-12,0
278,32239,42009,9.7630923860e-12,1.0414939497e-12,1.2772470107e-12,0
278,13903,42008,5.2457095846e-12,-4.5961499821e-12,-1.3427398486e-12,0
278,17191,42003,3.7652905304e-12,1.2387579009e-12,7.4134861232e-13,0
278,1339,42002,7.3099730740e-12,-1.8229574438e-12,-8.0424776235e-13,0
279,1339,42002,8.3081406718e-12,-5.0707156936e-12,-1.1332487158e-12,0
279,32239,42009,4.1185645419e-12,-3.4701159665e-12,6.4309858785e-13,0
279,13903,42008,4.0460951079e-12,-3.7653971198e-12,-1.9071571302e-12,0
279,17191,42003,5.9516800236e-12,-5.3872957780e-12,-2.5685829486e-13,0
279,11614,42010,4.4140582454e-12,2.4539579500e-12,2.1663163898e-12,0
280,11614,42010,5.6058309588e-12,-1.5197023146e-12,1.9828625341e-12,0
280,1339,42002,5.0668583566e-12,5.7471635563e-13,-1.4650062674e-12,0
280,17191,42003,5.6147724032e-12,2.6133586317e-12,-5.9996240320e-14,0
280,13903,42008,3.8157209902e-12,-2.7053241772e-12,-2.3189437311e-12,0
280,32239,42009,8.9147518076e-12,1.2142362973e-12,6.4336025497e-13,0
281,32239,42009,3.4790058144e-12,-3.9209896263e-13,1.5675514389e-14,0
281,13903,42008,2.6121962585e-12,1.2795051638e-12,-1.9749655357e-12,0
281,11614,42010,7.4693166328e-12,-4.9320784151e-12,1.2977433898e-12,0
281,1339,42002,5.5415893506e-12,-5.5303690614e-12,-2.2401096093e-12,0
281,17191,42003,6.9698848673e-12,-4.2809186347e-12,-5.5478659098e-13,0
282,17191,42003,2.8396716603e-12,2.7190699839e-12,-2.3314434816e-13,0
282,1339,42002,3.3577988332e-12,-2.3143792614e-12,-1.9080125148e-12,0
282,13903,42008,3.0587773543e-12,3.9986742195e-13,-2.4352539487e-12,0
282,11614,42010,3.6808319684e-12,8.2353213651e-13,1.0064819656e-12,0
282,32239,42009,7.1409443678e-12,-2.4167912621e-12,-2.1277447862e-14,0
282,4450,42002,2.8208757462e-12,-2.1961139933e-16,-2.1961139933e-17,0
283,32239,42009,4.0359467748e-12,-1.8653717269e-12,-4.9247734749e-13,0
283,11614,42010,5.9915542794e-12,-3.3032935098e-12,5.3975015447e-13,0
283,13903,42008,2.9014300484e-12,-1.8358342732e-13,-1.6608422323e-12,0
283,4450,42002,5.9048672884e-12,5.3900303360e-12,5.3898107246e-13,0
283,1339,42002,1.0265653901e-12,6.4355292703e-13,-1.8530696180e-12,0
283,17191,42003,5.5883818611e-12,-3.9946761595e-12,-4.1182344105e-13,0
284,17191,42003,9.1869731897e-12,7.4585888054e-12,-2.0133068785e-13,0
284,11614,42010,5.0174345477e-12,4.9650036503e-12,7.1428795410e-13,0
284,1339,42002,3.8581476838e-12,-3.1072084098e-12,-2.0279193876e-12,0
284,13903,42008,4.0939188818e-12,2.7657955844e-12,-1.0428391141e-12,0
284,4450,42002,3.7873231921e-12,-2.2377627414e-12,3.1520479831e-13,0
284,32239,42009,7.7214377411e-12,-2.3010284347e-12,-6.7493986336e-13,0
285,11614,42010,9.7712717626e-12,-4.6121858484e-12,6.9002778714e-14,0
285,32239,42009,5.2161942325e-12,-3.2279067886e-12,-1.0242048715e-12,0
285,13903,42008,3.6716169529e-12,-2.2631678468e-12,-1.5286319758e-12,0
285,4450,42002,2.1431395752e-12,-1.6322855420e-14,3.1357251277e-13,0
285,1339,42002,2.9057770414e-12,-1.5256383083e-12,-1.8650427946e-12,0
285,17191,42003,3.3094429257e-12,-2.0617771868e-12,-9.6844496667e-14,0
286,13903,42008,3.9073785640e-12,-1.0622282756e-12,-1.1668890390e-12,0
286,17191,42003,1.0295727869e-11,1.4617154634e-12,-1.5000435454e-13,0
286,11614,42010,5.1681634421e-12,2.9022978481e-12,2.0459898559e-13,0
286,4450,42002,6.9713996139e-12,2.6466132757e-12,5.7823384034e-13,0
286,32239,42009,3.7125111848e-12,-2.4685487429e-12,-1.4386324928e-12,0
286,1339,42002,3.6834659754e-12,6.1106691721e-13,-1.4198474774e-12,0
287,1339,42002,7.4758566744e-12,-3.4020104055e-12,-2.0943942384e-12,0
287,32239,42009,2.8366898008e-12,2.1849098822e-12,-1.1701221755e-12,0
287,4450,42002,4.4108660907e-12,2.1143305267e-12,7.8966689301e-13,0
287,13903,42008,1.3216698627e-12,-9.7946632420e-13,-1.1110148983e-12,0
287,11614,42010,5.3283966829e-12,1.3495235799e-12,-2.4433284621e-13,0
287,17191,42003,6.2292602198e-12,-5.2016316923e-12,-5.4348086659e-13,0
288,13903,42008,4.5540743544e-12,-1.9456241114e-12,-8.4596231121e-13,0
288,11614,42010,4.0612659033e-12,3.0418314855e-12,1.1688865624e-13,0
288,32239,42009,8.3129622821e-12,-7.5501977338e-12,-2.0292913438e-12,0
288,4450,42002,8.0557358967e-12,3.1872807763e-12,1.1083949706e-12,0
288,1339,42002,4.7867721786e-12,8.2262165592e-13,-1.8298363284e-12,0
288,17191,42003,7.8072178781e-12,5.6606028614e-12,-1.0129637054e-13,0
289,17191,42003,2.6423040517e-12,2.1335431417e-12,6.5078752143e-13,0
289,1339,42002,7.7435459035e-12,-4.6820540077e-12,-1.7909701598e-12,0
289,32239,42009,6.8569005033e-12,1.0234659145e-12,-1.5799331557e-12,0
289,4450,42002,6.7493228292e-12,8.7031463637e-13,1.1954264343e-12,0
289,13903,42008,2.8245967898e-12,-8.9990604230e-13,-5.5941320347e-13,0
289,11614,42010,1.8105958854e-12,-6.4150917081e-13,-1.9265805584e-13,0
290,11614,42010,4.1130745186e-12,-2.7913722574e-12,-3.1982505012e-13,0
290,13903,42008,3.9227914900e-12,-1.2131938982e-12,-4.1020017557e-13,0
290,32239,42009,3.1126496061e-12,-1.8583697176e-12,-1.8871937572e-12,0
290,14680,42009,5.4244050030e-12,-1.4683276233e-16,-1.4683276233e-17,0
290,17191,42003,4.9031634595e-12,-1.1579159015e-12,2.7366006810e-13,0
290,4450,42002,5.2077975849e-12,-2.7643955517e-13,1.1677824788e-12,0
290,1339,42002,4.1310489482e-12,7.5286176326e-13,-1.7731556191e-12,0
291,11614,42010,5.3331694050e-12,-2.0676604390e-13,1.5270618700e-13,0
291,1339,42002,5.1667660638e-12,-7.5459269349e-13,-1.2955779823e-12,0
291,32239,42009,2.8479784218e-12,-6.0693540541e-13,-1.9086774015e-12,0
291,13903,42008,5.7736794937e-12,-1.1093437550e-12,-6.4908506745e-13,0
291,4450,42002,6.1164851739e-12,4.5370749088e-12,1.6214899696e-12,0
291,14680,42009,4.4208367259e-12,1.5881487359e-12,1.5880019031e-13,0
291,17191,42003,8.1130119890e-12,7.7719952758e-12,1.4789514592e-12,0
292,1339,42002,4.0077084854e-12,-2.6341730009e-12,-1.3275573562e-12,0
292,17191,42003,4.5918269525e-12,1.6183460806e-12,1.3688790688e-12,0
292,13903,42008,3.8223107670e-12,-1.4047541657e-13,-7.0311935131e-13,0
292,4450,42002,1.9947760155e-12,8.0746880675e-13,1.7022588115e-12,0
292,32239,42009,5.6306353097e-12,1.8073632749e-12,-1.4862619478e-12,0
292,14680,42009,6.7289291164e-12,3.3614645473e-12,4.9494664504e-13,0
292,11614,42010,4.2073424378e-12,1.2718507206e-13,8.3071480553e-14,0
293,32239,42009,5.4725559043e-12,-2.9304219567e-12,-1.5927669708e-12,0
293,13903,42008,7.9701924169e-12,-5.7333558702e-12,-1.2580965956e-12,0
293,17191,42003,5.9784908556e-12,-2.6698679891e-12,1.5013598859e-12,0
293,4450,42002,5.5739551257e-12,-3.0477894844e-13,1.1327778830e-12,0
293,14680,42009,3.0144042708e-12,3.2129931998e-13,5.2707657704e-13,0
293,11614,42010,2.9387780771e-12,-1.5624639037e-12,2.5715444116e-13,0
293,1339,42002,4.4336455763e-12,-1.4050287888e-12,-1.5324155278e-12,0
294,1339,42002,8.4575035496e-12,-7.3695846001e-12,-1.9586531468e-12,0
294,11614,42010,4.0285148124e-12,-3.1050247437e-12,-5.4984839824e-13,0
294,13903,42008,4.7004020557e-12,3.0371973668e-12,-1.2309564174e-12,0
294,4450,42002,9.1561010477e-12,-7.8818310006e-12,5.6837105710e-13,0
294,14680,42009,7.2306248608e-12,6.1645132464e-12,1.1435279017e-12,0
294,32239,42009,4.1087843737e-12,2.3009043672e-12,-1.1325736906e-12,0
294,17191,42003,4.7146586986e-12,2.8384441592e-12,1.0393454213e-12,0
295,17191,42003,9.8147043744e-12,-7.1313543726e-12,5.3238770267e-13,0
295,4450,42002,8.0735212849e-12,7.6476534289e-12,1.3347686855e-12,0
295,32239,42009,3.7649159780e-12,-1.4368241521e-12,-9.5346542697e-13,0
295,13903,42008,4.1152226963e-12,-3.9841974626e-12,-1.4030593789e-12,0
295,14680,42009,6.6297988359e-12,5.3861743817e-12,1.6821453398e-12,0
295,1339,42002,8.9365558014e-12,8.4242930649e-12,-9.6366000952e-13,0
295,11614,42010,4.6123577400e-12,-2.8602811350e-12,-3.7465792690e-13,0
296,17191,42003,4.4723712328e-12,3.8384636163e-12,7.7006251796e-13,0
296,1339,42002,3.7758730848e-12,-2.5117947077e-12,-1.2759461720e-12,0
296,32239,42009,3.0021435339e-12,1.4471491386e-12,-5.6189563881e-13,0
296,13903,42008,6.8936842584e-12,-5.7936644194e-12,-1.8762029933e-12,0
296,14680,42009,4.8211329484e-12,6.2264062031e-13,1.7444094019e-12,0
296,11614,42010,2.0574060617e-12,2.2637562563e-14,-6.6262395546e-13,0
296,4450,42002,1.0007270649e-11,-9.2269372452e-12,1.4741363344e-13,0
297,1339,42002,3.0165097343e-12,2.8790272300e-12,-6.4784240847e-13,0
297,11614,42010,4.1843389439e-12,-2.0821992031e-12,-1.0057962338e-12,0
297,13903,42008,3.5457920897e-12,-1.1775940770e-12,-1.8960157686e-12,0
297,32239,42009,5.6870023588e-12,-3.0189316860e-12,-1.0822797956e-12,0
297,14680,42009,3.9848974593e-12,-5.5994115969e-13,1.6884152859e-12,0
297,17191,42003,1.0513231177e-11,-9.8234040106e-12,3.0788528613e-13,1
297,4450,42002,7.8335306156e-12,4.9018021670e-12,4.2616079746e-13,0
298,11614,42010,6.2696286610e-12,-1.1870268487e-12,-1.4286820672e-12,0
298,4450,42002,7.2030048127e-12,-2.8855673082e-12,-1.8112401099e-13,1
298,32239,42009,1.1425241294e-12,-5.5824663720e-13,-3.8308468599e-13,0
298,13903,42008,7.8372988083e-12,-6.1619845141e-12,-2.3176518089e-12,0
298,14680,42009,1.0104935240e-11,9.4990405416e-12,2.6383193401e-12,0
298,1339,42002,3.0192444334e-12,1.2686445110e-12,-6.0324012296e-13,0
299,1339,42002,5.5044118346e-12,-1.4136675761e-12,-2.7640147980e-13,0
299,32239,42009,3.1643767468e-12,1.1172378746e-13,-4.7425889869e-13,0
299,13903,42008,9.7314459806e-12,7.0816894498e-12,-1.5194922597e-12,0
299,14680,42009,5.5196304896e-12,-2.3197113663e-12,2.4063482034e-12,0
299,11614,42010,6.3340058008e-12,3.7632772403e-12,-9.8820342607e-13,0
299,4450,42002,3.1108955165e-12,-2.4951926835e-16,-2.4951926835e-17,0
300,11614,42010,7.6949014166e-12,5.9549458420e-12,-1.1357161612e-13,0
300,4450,42002,8.7819372704e-12,-6.3452165487e-12,-6.3454660680e-13,0
300,32239,42009,3.4707156878e-12,3.0859927289e-12,2.0177345962e-14,0
300,13903,42008,5.4085957147e-12,2.7181733747e-12,-1.1263555324e-12,0
300,14680,42009,8.7642859175e-12,4.5237172841e-12,2.8587346151e-12,0
300,1339,42002,7.5970492959e-12,-3.0316341427e-12,-6.5485107039e-13,0
301,32239,42009,6.3565062003e-12,-3.7415224232e-12,-2.9328135581e-13,0
301,4450,42002,2.9718893833e-12,-6.8459110173e-14,-6.4139251782e-13,0
301,13903,42008,6.5437092162e-13,-1.0516612031e-13,-1.0259377689e-12,0
301,14680,42009,4.9128460793e-12,-3.7058279612e-12,2.3293369454e-12,0
301,11614,42010,6.0787536213e-12,-4.8740951460e-12,-5.8030452634e-13,0
301,1339,42002,2.4088973644e-12,1.1926186251e-12,-4.6012993853e-13,0
302,1339,42002,6.4194824040e-12,-5.6750261206e-12,-7.6421525050e-13,0
302,11614,42010,5.5475146125e-12,2.0836619259e-12,-3.8465684095e-13,0
302,32239,42009,4.1544774138e-12,3.4296155328e-12,-1.3105613003e-13,0
302,13903,42008,5.5328335832e-12,2.0096672691e-12,-8.1092350033e-13,0
302,14680,42009,6.0018441061e-12,7.2183570662e-13,2.0653740614e-12,0
302,4450,42002,3.4432842180e-12,-2.8062248790e-12,-9.2201500572e-13,0
303,32239,42009,4.1051520120e-12,9.6475993744e-13,2.5846205939e-13,0
303,4450,42002,7.9184559401e-12,7.7083431990e-12,-1.5118068581e-13,0
303,13903,42008,7.6241711122e-12,-4.9176349023e-12,-7.2935140354e-13,0
303,14680,42009,1.8587809903e-12,1.6199928479e-12,2.1952434142e-12,0
303,11614,42010,4.9952088093e-12,-3.2691591953e-12,-5.5532637011e-13,0
303,1339,42002,3.3220808042e-12,1.8522887699e-12,-4.3848349463e-13,0
304,11614,42010,4.9435246985e-12,1.0806717555e-12,-1.3675672020e-13,0
304,32239,42009,6.8496743925e-12,4.8604669843e-12,5.1441832110e-13,0
304,13903,42008,3.6505055327e-12,4.3918514532e-13,-9.8915262568e-13,0
304,14680,42009,7.4421824734e-12,5.0117572435e-12,2.0799678139e-12,0
304,1339,42002,3.6084249803e-12,-1.1658129754e-12,1.8189366785e-13,0
304,4450,42002,3.1531411899e-12,-2.6765544086e-12,-4.1883612667e-13,0
305,13903,42008,5.8452012295e-12,-4.1327588016e-13,-6.3206046744e-13,0
305,1339,42002,2.5714928651e-12,-2.5183379488e-12,-9.1236943352e-13,0
305,14680,42009,4.1760735465e-12,-2.0813743045e-12,1.3332129452e-12,0
305,32239,42009,4.2090208232e-12,3.4383389673e-12,1.0019346330e-12,0
305,11614,42010,6.3107029782e-12,-5.0135706954e-12,-3.5208567623e-13,0
305,4450,42002,3.4848085382e-12,3.1086300512e-12,-1.0797312155e-13,0
306,32239,42009,3.3485200400e-12,-3.9389376571e-13,8.1783034261e-13,0
306,4450,42002,4.3118547350e-12,7.5409306521e-13,-3.2563815030e-14,0
306,11614,42010,4.1474541463e-12,3.1604215229e-12,-3.8307280198e-14,0
306,1339,42002,4.4115572763e-12,2.8476455443e-12,-3.7642540832e-13,0
306,13903,42008,5.9055986483e-12,-4.2593895986e-12,-4.7863298536e-13,1
306,14680,42009,6.8661169196e-12,4.7910891240e-13,1.3188597745e-12,0
307,4450,42002,7.9157332694e-12,3.7421122607e-12,3.4164741104e-13,0
307,14680,42009,5.7400122918e-12,9.7873229107e-14,1.3846412133e-12,0
307,1339,42002,1.6301650155e-12,-7.3389679934e-13,-7.3771781125e-13,0
307,11614,42010,7.5652241909e-12,2.0906222988e-12,3.7897487000e-13,0
307,32239,42009,3.0715724770e-12,1.0447512172e-12,1.2241986329e-12,0
308,14680,42009,3.9586173634e-12,-3.1948842150e-12,1.1524873767e-13,0
308,32239,42009,5.2278335187e-12,2.4613543596e-12,1.5261587326e-12,0
308,11614,42010,6.5635014135e-12,1.3143754354e-12,6.2911509841e-13,0
308,1339,42002,7.5596539614e-12,-6.7622545035e-12,-1.5408077127e-12,0
308,4450,42002,1.2085613512e-12,-3.5532512228e-13,3.0611489881e-13,0
309,4450,42002,6.0973925039e-12,1.7740666767e-12,4.8354651841e-13,0
309,1339,42002,5.7313896007e-12,2.7313066692e-12,-1.1263102882e-12,0
309,11614,42010,1.9532326775e-12,8.2697882069e-13,3.3548525645e-13,0
309,32239,42009,5.1911142535e-12,1.0335318584e-13,1.5253216725e-12,0
309,14680,42009,5.1159123430e-12,-6.2126036780e-13,2.8509383752e-13,0
310,32239,42009,2.2433859203e-12,1.3954157317e-12,1.3562639727e-12,0
310,11614,42010,1.0311773490e-12,9.3481547372e-13,-1.6652778038e-13,0
310,1339,42002,5.2218884041e-12,-3.1929355262e-12,-1.1424404265e-12,0
310,14680,42009,9.1644400874e-12,8.7370793311e-12,7.0643004221e-13,0
310,4450,42002,5.5137399481e-12,-2.0290978740e-13,1.0977771945e-12,0
311,1339,42002,3.0115259247e-12,3.0092934809e-13,-1.2316093542e-12,0
311,14680,42009,2.2151489166e-12,-4.2054071944e-13,1.0349587664e-12,0
311,11614,42010,6.9222610802e-12,-6.5985919582e-12,-3.3897746160e-13,0
311,32239,42009,3.7522380968e-12,-1.9056660622e-13,1.7113595544e-12,0
311,4450,42002,4.5191393367e-12,-1.5019254177e-12,9.5443056379e-13,0
312,4450,42002,9.4365211207e-12,7.6505770988e-12,2.0001107616e-12,0
312,11614,42010,2.2838138622e-12,-1.7948980990e-13,-5.6529263518e-13,0
312,32239,42009,8.0713011116e-12,7.4000962829e-12,2.1084076294e-12,0
312,14680,42009,5.9544068595e-12,4.8720459416e-12,1.4499797899e-12,0
312,1339,42002,6.8259267924e-12,5.4356597257e-12,-1.2054076960e-13,0
313,32239,42009,4.7143626040e-12,1.1452312842e-12,2.1264547641e-12,0
313,11614,42010,3.3961764427e-12,-2.4737234643e-12,-4.8574906208e-13,0
313,14680,42009,3.3540605076e-12,-4.8211109056e-14,1.2831593942e-12,0
313,1339,42002,8.2386427269e-12,-7.4731229277e-12,-1.0530819394e-12,0
313,4450,42002,9.2013358702e-12,-9.1396259763e-12,3.1531384403e-13,1
314,1339,42002,1.0702782606e-11,1.0395247137e-11,1.0302407186e-13,0
314,11614,42010,1.9329134992e-12,3.5041858255e-13,-5.5877437938e-13,0
314,14680,42009,4.3315255565e-12,-1.2856832238e-12,6.5341534745e-13,0
314,32239,42009,2.2482407950e-12,-8.3270946650e-13,1.5571371190e-12,0
314,4450,42002,4.7337468728e-12,2.2506086204e-16,2.2506086204e-17,0
315,32239,42009,9.2544753300e-12,6.1340144274e-12,1.8267046650e-12,0
315,14680,42009,8.3626032303e-12,7.6258905352e-12,1.6241418314e-12,0
315,11614,42010,2.5053875289e-12,-6.9186861227e-13,-1.2660417106e-13,0
315,1339,42002,8.8926104230e-12,-8.4765055809e-12,-4.9279269136e-13,0
315,4450,42002,7.0360700932e-12,-5.9126536276e-12,-5.9124285668e-13,0
316,1339,42002,5.2255593312e-12,4.5945428913e-12,-3.1810295666e-13,0
316,11614,42010,3.9149422047e-12,-1.8171373902e-12,-6.2436006237e-13,0
316,4450,42002,7.1055611801e-12,6.5601852505e-12,6.4775668371e-14,0
316,14680,42009,6.3112579810e-12,-2.8729457444e-12,1.2889363657e-12,0
316,32239,42009,6.4774804526e-12,7.2779187571e-13,1.9388732292e-12,0
317,32239,42009,5.1824207623e-12,2.0181588091e-12,2.0362139884e-12,0
317,14680,42009,8.3724567857e-12,8.2221959691e-12,2.1013686397e-12,0
317,1339,42002,6.1517566565e-12,-4.5919577078e-12,-7.0390904750e-13,0
317,11614,42010,5.6468669724e-12,-1.4695616167e-12,-9.8037845392e-13,0
317,4450,42002,6.6219866571e-12,-5.8794077589e-12,-5.2316510752e-13,0
318,4450,42002,5.9763009474e-12,3.5191751017e-12,-1.7124759736e-13,0
318,32239,42009,3.6789384995e-12,-2.8818790978e-12,1.5018906426e-12,0
318,11614,42010,3.2741419073e-12,1.6829044187e-12,-9.4352555559e-13,0
318,1339,42002,7.2032920752e-12,7.0911860838e-12,6.8143501122e-13,0
318,14680,42009,6.9385347945e-12,-1.4695348288e-12,2.2739035784e-12,0
319,4450,42002,4.7856994042e-12,-4.1464576654e-12,-5.8589336389e-13,0
319,32239,42009,7.3406058480e-12,1.6562331159e-12,1.6571786356e-12,0
319,14680,42009,3.6662052328e-12,-8.5439446576e-13,2.2505901686e-12,0
319,1339,42002,5.1311321412e-12,-2.5293247795e-12,1.5537186636e-13,0
319,11614,42010,4.3105960670e-12,-3.2594667735e-13,-1.0588181054e-12,0
320,11614,42010,3.0399301690e-12,-2.8273466387e-12,-1.4350343166e-12,0
320,1339,42002,8.6774100117e-12,8.5922080112e-12,1.3338862201e-12,0
320,14680,42009,4.8949440047e-12,-2.7552632009e-14,1.3741269723e-12,0
320,32239,42009,2.5799641574e-12,-8.1075790479e-13,1.4365612720e-12,0
320,4450,42002,5.5194980158e-12,-4.0865828920e-12,-9.9455165309e-13,0
321,4450,42002,2.4400493445e-12,-1.0681546524e-12,-1.1013671183e-12,0
321,11614,42010,3.4841009315e-12,-1.9016250658e-13,-7.9419137148e-13,0
321,32239,42009,6.5847624809e-12,4.3860280188e-12,1.8942207345e-12,0
321,1339,42002,5.6301108080e-12,-2.7317273663e-13,1.2764760116e-12,0
321,14680,42009,9.8430570759e-13,5.7494112769e-13,1.4736751570e-12,0
322,14680,42009,4.4704466675e-12,2.3055827682e-12,1.2170288396e-12,0
322,32239,42009,3.8805154083e-12,-2.7107448238e-12,8.8313662382e-13,0
322,1339,42002,3.4518137591e-12,9.8881015549e-13,8.3179105461e-13,0
322,11614,42010,2.6259906002e-12,8.3465610987e-13,-6.9277677950e-13,0
322,4450,42002,4.7824288843e-12,3.4242338205e-12,-7.5894373628e-13,0
323,11614,42010,6.8471638012e-12,-5.5458934515e-12,-9.9999377822e-13,0
323,32239,42009,6.5574539012e-12,2.6354292085e-12,1.0321564162e-12,0
323,14680,42009,1.0526315249e-12,8.5174919338e-13,1.3070248699e-12,0
323,1339,42002,4.6341699242e-12,-4.1643960090e-12,1.1626637465e-12,0
323,4450,42002,3.3994442330e-12,1.4288946705e-12,-6.1605426923e-13,0
324,32239,42009,3.5289329920e-12,-1.1260524438e-12,1.0028221185e-12,0
324,4450,42002,2.6420753302e-12,1.3774571698e-12,-4.7833105833e-13,0
324,11614,42010,6.3586093481e-12,-1.3771900106e-12,-1.1727546375e-12,0
324,14680,42009,5.3201248849e-12,7.2745037231e-13,1.5083382295e-12,0
324,1339,42002,6.4188009851e-12,1.9872923051e-12,3.2186826330e-13,0
325,1339,42002,3.2845501217e-12,-1.1248946517e-12,1.0570293562e-12,0
325,14680,42009,7.6687006077e-12,7.0241336269e-12,1.4481625387e-12,0
325,11614,42010,8.1378786262e-12,-5.9005152224e-12,-1.6936192985e-12,0
325,32239,42009,6.9949904328e-12,-2.9880335321e-12,9.0617322569e-14,0
325,4450,42002,1.2077515814e-11,-1.1280225324e-11,-1.0150882280e-12,1
326,11614,42010,6.7018416155e-12,2.9060081750e-12,-1.2213047420e-12,0
326,32239,42009,4.6283554460e-12,-2.9986539889e-12,-2.8202726389e-13,0
326,14680,42009,4.8359549650e-12,-2.9620051116e-12,1.4392566020e-12,0
326,1339,42002,6.1493112659e-12,5.4845045144e-12,1.1460255185e-12,0
327,14680,42009,8.0794836028e-12,6.0273839203e-12,1.2197753971e-12,0
327,11614,42010,7.0562747670e-12,-6.4662684140e-12,-1.7209754218e-12,0
327,1339,42002,3.7610053369e-12,-5.1633449875e-13,1.5535878395e-12,0
327,32239,42009,8.5563966612e-12,5.4485681273e-12,6.1013667922e-14,0
328,32239,42009,6.7356475338e-12,-5.1784304956e-12,-1.6864147186e-13,0
328,1339,42002,2.2316067411e-12,-1.0672600352e-12,7.3774322755e-13,0
328,14680,42009,7.2467217120e-12,-6.6889489067e-12,6.9783398927e-13,1
328,11614,42010,7.0763912080e-12,1.5133810739e-12,-1.7379277562e-12,0
329,1339,42002,7.6092553887e-12,4.5652855919e-12,1.4472042647e-12,0
329,11614,42010,2.0471043652e-12,-1.0967341913e-12,-1.8150065076e-12,0
329,4450,42002,3.2885744330e-12,6.3236446209e-17,6.3236446209e-18,0
329,32239,42009,4.6760841959e-12,1.7100466644e-12,-1.6326011701e-13,0
330,1339,42002,3.9532558409e-12,-2.4148865464e-12,3.4649480893e-13,0
330,32239,42009,6.5697712639e-12,-6.6418898354e-13,-1.4860322489e-13,0
330,11614,42010,5.8002633999e-12,-5.5836071707e-12,-2.0906325608e-12,0
330,4450,42002,3.8965054640e-12,-3.8250221286e-12,-3.8249588922e-13,0
331,1339,42002,2.6057308417e-12,1.1961005618e-12,4.9342213877e-13,0
331,4450,42002,4.1462606042e-12,-1.0830771470e-12,-4.9080360392e-13,0
331,32239,42009,3.7169639320e-12,2.9159132488e-12,-2.9561470189e-13,0
331,11614,42010,3.3663705189e-12,-2.1077089875e-12,-2.2823872089e-12,0
332,4450,42002,5.2352743130e-12,1.6143263587e-12,-3.2937096805e-13,0
332,11614,42010,5.5695234314e-12,-5.1552373374e-12,-2.8813765537e-12,0
332,32239,42009,3.9315350754e-12,2.7846777792e-12,2.5392755842e-13,0
332,1339,42002,7.3305185488e-12,1.3600800455e-12,5.3054912778e-13,0
333,11614,42010,3.1431257082e-12,1.3944225024e-12,-2.1873449583e-12,0
333,1339,42002,6.1117651409e-12,2.4900387571e-12,1.1959926044e-12,0
333,32239,42009,5.9673206219e-12,4.8606101257e-12,4.7644565014e-13,0
333,4450,42002,6.0942976783e-12,-3.4441296343e-12,-6.7378393149e-13,0
333,9967,42003,2.1138288733e-12,5.0073706970e-17,5.0073706970e-18,0
334,32239,42009,1.5151793900e-12,1.1854215142e-12,7.0759304595e-13,0
334,9967,42003,5.6333732072e-12,-4.1909383309e-12,-4.1908882572e-13,0
334,14680,42009,2.2988479102e-12,3.3903078916e-16,3.3903078916e-17,0
334,4450,42002,8.1923042143e-12,5.9950540440e-12,-7.4278527083e-14,0
334,1339,42002,5.7143605418e-12,4.3104165090e-12,1.4283050248e-12,0
334,11614,42010,4.4472540281e-12,-2.2476478017e-12,-2.2743907374e-12,0
335,32239,42009,8.2485529644e-12,8.1537453120e-12,1.8217709304e-12,0
335,1339,42002,3.7460809549e-12,-2.1739532822e-12,1.3233991617e-12,0
335,11614,42010,4.5897285191e-12,-1.5919482339e-12,-1.8435340385e-12,0
335,4450,42002,7.3827244061e-12,8.1883650106e-13,7.6051230227e-15,0
335,14680,42009,1.1467122302e-11,9.2734390535e-12,9.2737780843e-13,0
335,9967,42003,3.9397878531e-12,-4.2123848954e-13,-4.6121267467e-13,0
336,11614,42010,5.5488618001e-12,-3.9893417663e-12,-2.5330690326e-12,0
336,1339,42002,3.1977690271e-12,1.2437494949e-12,8.9932365976e-13,0
336,32239,42009,5.3001772155e-12,-4.2723517680e-12,1.6944011524e-12,0
336,9967,42003,5.2063177311e-12,-4.3479627279e-13,-5.0469230195e-13,0
336,4450,42002,2.9260328629e-12,1.9502715819e-12,2.0263228122e-13,0
336,14680,42009,6.7100595612e-12,-7.2154818436e-13,8.5522298999e-13,0
337,14680,42009,8.5903547969e-12,6.0144930437e-12,1.4566722944e-12,0
337,1339,42002,4.0919316999e-12,3.8095274524e-13,9.8905238416e-13,0
337,4450,42002,5.4628032997e-12,-1.5298594892e-12,4.9646332295e-14,0
337,32239,42009,5.0202605341e-12,5.0109670679e-12,1.6506410465e-12,0
337,9967,42003,4.7423791092e-12,9.6802497737e-13,-4.0788980421e-13,0
337,11614,42010,8.9254661608e-12,-8.7804533540e-12,-2.7644875266e-12,0
338,11614,42010,4.9600141930e-12,6.8670988678e-14,-2.9089585352e-12,0
338,32239,42009,5.8463566992e-12,-3.3636141488e-12,1.8321226812e-12,0
338,9967,42003,4.2998511887e-12,3.1214857538e-12,-9.5741228835e-14,0
338,4450,42002,4.9707331917e-12,4.0508139985e-12,4.5472773215e-13,0
338,1339,42002,4.9609772790e-12,1.8889655275e-12,1.2846749404e-12,0
338,14680,42009,1.0915646438e-11,-1.0716670560e-11,3.8500523835e-13,1
339,9967,42003,2.7240224332e-12,-8.9853209948e-13,-1.8559443878e-13,0
339,1339,42002,4.6047829051e-12,4.0727824826e-12,1.2354246295e-12,0
339,11614,42010,4.9125070988e-12,-4.2397071650e-12,-3.2232558325e-12,0
339,32239,42009,3.9492513606e-12,2.7999948159e-12,1.9411174963e-12,0
339,4450,42002,5.0055553115e-12,-2.3848559076e-12,2.1623581774e-13,0
340,32239,42009,3.9008881223e-12,-2.6625763158e-13,1.9809106315e-12,0
340,4450,42002,4.7144890268e-12,-3.8034588900e-12,2.1839214160e-13,0
340,11614,42010,7.1694583833e-12,2.1068399148e-13,-2.6438267163e-12,0
340,1339,42002,3.4151977921e-12,1.5675378879e-12,1.6336670729e-12,0
340,9967,42003,4.2786014758e-12,1.7157473309e-12,-1.4019705689e-14,0
341,4450,42002,4.3305883661e-12,-7.5201776538e-13,2.5149807977e-13,0
341,11614,42010,8.6273997340e-12,-5.4460075235e-12,-2.9776565699e-12,0
341,9967,42003,3.6962991853e-12,-2.9637707955e-13,-4.3657413644e-14,0
341,32239,42009,3.7412718793e-12,1.5724837401e-12,1.8465676807e-12,0
341,1339,42002,5.2567596809e-12,-3.8684129161e-12,1.1272157251e-12,0
342,4450,42002,5.2771252808e-12,-2.3326500437e-12,-1.4319956047e-13,0
342,32239,42009,4.2001292501e-12,-8.1939176384e-13,1.4861607264e-12,0
342,1339,42002,2.3781915061e-12,-1.6577290558e-12,8.2543481500e-13,0
342,11614,42010,5.8687239660e-12,-4.5145171173e-12,-2.9135845479e-12,0
342,9967,42003,4.2001928818e-12,-1.4061337465e-12,-1.8427078829e-13,0
343,4450,42002,4.8697792173e-12,-4.1341026951e-12,-2.1219686655e-13,0
343,11614,42010,2.7098863690e-12,1.2101414454e-12,-2.9320126536e-12,0
343,9967,42003,8.0062277298e-12,2.9560956581e-12,1.1133377015e-13,0
343,32239,42009,6.3781090808e-12,-2.1908986829e-13,9.7819072696e-13,0
343,1339,42002,4.7247627501e-12,3.2543583592e-12,9.0186677520e-13,0
344,4450,42002,1.6286212897e-12,6.9107654461e-13,-7.4259461649e-13,0
344,32239,42009,4.3955907485e-12,-1.7852456430e-12,6.8112401124e-13,0
344,11614,42010,5.4590440492e-12,-4.6571846895e-12,-3.1729663424e-12,0
344,9967,42003,1.9199145739e-12,3.4002889804e-13,5.6443049304e-13,0
344,1339,42002,3.6759913394e-12,-3.1565120248e-13,4.3926000406e-13,0
345,11614,42010,9.2673699060e-12,-9.9647211966e-13,-3.1134187310e-12,0
345,9967,42003,5.2971662445e-12,3.8569812840e-12,9.9225247039e-13,0
345,32239,42009,4.8454770642e-12,-1.4348412913e-12,-2.7773464909e-13,0
345,4450,42002,9.0780350335e-12,5.5121458914e-12,-2.7326367745e-13,0
345,1339,42002,3.4871532109e-12,3.4673748213e-12,1.0033928144e-12,0
346,11614,42010,6.0935237437e-12,-3.3603053877e-12,-3.0505150931e-12,0
346,32239,42009,8.7837242350e-12,-2.3676173110e-12,-8.7261203387e-14,0
346,1339,42002,3.2832354065e-12,7.1491914295e-13,9.5050977922e-13,0
346,9967,42003,3.6407799826e-12,9.9840892251e-13,1.1355729899e-12,0
346,4450,42002,6.0868088673e-12,-6.0326520251e-12,-1.0715560382e-12,0
347,32239,42009,5.6329097874e-12,-1.9170700284e-13,-6.0752861046e-13,0
347,11614,42010,6.5445037915e-12,-1.3274651320e-12,-2.3052162709e-12,0
347,4450,42002,3.3196400102e-12,1.5378617237e-12,-7.6478391687e-13,0
347,9967,42003,1.0148558477e-11,-8.3003550362e-12,2.0873498856e-13,0
347,1339,42002,6.0527672463e-12,5.1723480655e-12,1.4296493112e-12,0
348,9967,42003,4.6404947809e-12,-1.0244913878e-12,-2.0586272560e-13,0
348,4450,42002,2.5030731955e-12,-8.6994307297e-13,-1.2568596240e-12,0
348,11614,42010,4.9588326316e-12,-2.7706947178e-14,-2.3148540645e-12,0
348,1339,42002,1.5406963515e-12,1.0822443294e-12,1.3489771914e-12,0
348,32239,42009,6.2803579584e-12,-2.5344737507e-12,-5.2461457065e-13,0
349,32239,42009,2.6507609811e-12,-2.2866324346e-12,-1.0332772957e-12,0
349,1339,42002,5.5674981112e-12,1.5269863104e-12,1.0943975742e-12,0
349,11614,42010,3.9172573779e-12,-2.6430600063e-12,-2.1551893486e-12,0
349,4450,42002,5.0633085164e-12,-4.9767174082e-12,-1.5160457741e-12,0
349,9967,42003,2.0185738271e-12,1.1294496050e-12,-3.0645551431e-15,0
350,11614,42010,5.3640029925e-12,-3.5320104581e-12,-2.5294587936e-12,0
350,26461,42003,5.1862587757e-12,-5.1795350855e-17,-5.1795350855e-18,0
350,9967,42003,3.9220630834e-12,-1.4860714386e-12,-3.2324643210e-13,0
350,32239,42009,1.0432944150e-12,-6.0714353776e-13,-1.0673658863e-12,0
350,4450,42002,4.5639778648e-12,3.6653527097e-12,-7.6916461411e-13,0
350,1339,42002,8.2742689361e-12,8.0520445014e-12,1.7428482356e-12,0
351,1339,42002,4.2849910665e-12,-3.8607059109e-12,1.7436189361e-12,0
351,26461,42003,2.1991448845e-12,-7.3203513182e-13,-7.3208692717e-14,0
351,4450,42002,6.8330365405e-12,-5.9183965486e-12,-1.2858024924e-12,1
351,11614,42010,7.0467010655e-12,-6.6563031556e-12,-2.6504883568e-12,0
351,32239,42009,6.3836646303e-12,-2.8026463608e-12,-1.5048788964e-12,0
351,9967,42003,4.9170301157e-12,-3.3066874014e-12,-6.2427746428e-13,0
352,32239,42009,3.3527066699e-12,6.0051477335e-13,-1.3628882427e-12,0
352,26461,42003,4.1411321018e-12,-8.2768395728e-13,-1.5597708844e-13,0
352,11614,42010,3.9837756013e-12,-2.3401604107e-12,-2.4330526861e-12,0
352,9967,42003,7.1678425497e-12,4.6745451280e-12,-1.6209576840e-14,0
352,1339,42002,2.6727923284e-12,1.9359937542e-12,2.1029912171e-12,0
353,32239,42009,3.6710523362e-12,-3.6127350091e-12,-1.7022527568e-12,0
353,26461,42003,1.6135984206e-12,-1.3825424553e-12,-2.9423133397e-13,0
353,1339,42002,3.4508566666e-12,-1.4249797305e-12,1.6350574081e-12,0
353,11614,42010,5.0965520752e-12,-4.1014097960e-12,-2.9642078103e-12,0
353,9967,42003,4.5680297789e-12,-8.8234171423e-15,-3.1270148437e-13,0
354,1339,42002,5.4966432412e-12,4.7090706605e-12,2.1375295944e-12,0
354,11614,42010,6.4101171317e-12,-2.2715594191e-12,-2.7256452832e-12,0
354,26461,42003,5.9230691061e-12,3.5659654906e-12,6.2365215085e-14,0
354,9967,42003,3.2165815083e-12,-2.4831816982e-12,-5.9502254399e-13,0
354,32239,42009,8.5497062252e-12,6.1250679718e-12,-9.1122139529e-13,0
355,26461,42003,8.6005259435e-12,-7.1899693939e-12,-6.5663172431e-13,0
355,11614,42010,5.0975717376e-12,-3.0358482909e-12,-2.9295829004e-12,0
355,32239,42009,1.1174841483e-11,-8.4158680181e-12,-1.6093240680e-12,0
355,1339,42002,4.4979528813e-12,1.3196576604e-12,1.9227578783e-12,0
355,9967,42003,8.1923344985e-12,-7.6834696740e-12,-1.7490676398e-12,0
356,32239,42009,6.4198126835e-12,3.0739595874e-12,-1.0651663781e-12,0
356,26461,42003,6.0504286208e-12,5.0844342213e-12,-1.4818830218e-13,0
356,1339,42002,5.0422962806e-12,4.4852257413e-12,2.2997885382e-12,0
356,11614,42010,8.1321292469e-12,-6.8625441116e-12,-3.2798067728e-12,0
356,9967,42003,5.3196868414e-12,1.8502105829e-12,-1.6638874738e-12,0
357,9967,42003,5.0212270102e-12,-4.8479284447e-12,-1.3186448146e-12,0
357,11614,42010,4.5770629433e-12,-6.6362523747e-13,-3.2134227833e-12,0
357,1339,42002,3.7627888955e-12,3.1772981573e-12,2.1002835473e-12,0
357,26461,42003,8.3796501579e-12,-7.8266329046e-12,-9.3085159263e-13,0
357,32239,42009,6.6236440241e-12,-1.6034077279e-12,-1.2063364506e-12,0
358,9967,42003,6.3253611890e-12,1.4446442550e-12,-1.0717312503e-12,0
358,26461,42003,4.9768528456e-12,2.5264513914e-12,-6.7820645349e-13,0
358,1339,42002,5.0587697355e-12,-1.7375975408e-12,1.8182993603e-12,0
358,11614,42010,3.8977276051e-12,-3.7475812768e-12,-3.5854102163e-12,0
358,32239,42009,4.0351292080e-12,2.7040630987e-12,-6.8248276570e-13,0
359,32239,42009,4.9465896294e-13,8.0506932551e-14,-4.4576882899e-13,0
359,11614,42010,2.2678937531e-12,-1.8385247167e-12,-3.5049566873e-12,0
359,1339,42002,5.8568975229e-12,4.1117975520e-12,2.0767804845e-12,0
359,9967,42003,6.2249274712e-12,-5.9638174094e-12,-1.7810579518e-12,0
359,26461,42003,7.7743471934e-12,4.3871568712e-12,-2.3949076637e-13,0
360,26461,42003,6.5527399862e-12,-5.9784498771e-12,-8.3733057455e-13,0
360,1339,42002,8.6103456323e-12,8.3094780156e-12,2.1025238359e-12,0
360,9967,42003,6.6051118557e-12,4.0145515147e-12,-1.2309956564e-12,0
360,11614,42010,7.3641006960e-12,-5.2477348143e-12,-3.6765291229e-12,0
360,32239,42009,7.5083923863e-12,5.6462630969e-12,1.7957183448e-13,0
361,26461,42003,4.3725392508e-12,3.3746091713e-13,-7.3038096965e-13,0
361,32239,42009,4.1409989464e-12,-9.3662526155e-15,4.5889984530e-13,0
361,11614,42010,2.3857972023e-12,-1.1545563032e-12,-3.1263544377e-12,0
361,1339,42002,8.9934325655e-12,-5.4240474220e-12,1.9461896848e-12,0
361,9967,42003,5.7330170919e-12,-3.5268358090e-12,-1.2530104972e-12,0
362,26461,42003,1.9346642144e-12,-1.1291144602e-12,-7.6052401994e-13,0
362,1339,42002,8.1644119188e-12,5.3800526460e-12,2.2905955740e-12,0
362,11614,42010,3.7290495878e-12,-1.5058482645e-12,-3.0429232231e-12,0
362,32239,42009,3.2324043822e-12,1.5351429905e-12,5.5236266702e-13,0
362,9967,42003,3.1870472599e-12,3.0723538297e-12,-1.4132296270e-12,0
363,11614,42010,3.7664888560e-12,-1.2107965996e-12,-2.7538619034e-12,0
363,9967,42003,2.4418511276e-12,-1.6942978482e-12,-1.5817770701e-12,0
363,26461,42003,4.4656978410e-12,-3.4991826816e-12,-9.7218804258e-13,0
363,32239,42009,3.3753325712e-12,2.1452103449e-12,1.1281572024e-12,0
363,1339,42002,4.1464093485e-12,-3.0668629453e-12,2.1264072525e-12,0
364,1339,42002,3.9782023205e-12,1.9300563349e-13,1.6748007498e-12,0
364,32239,42009,3.9447257320e-12,2.1031979368e-13,5.3668238460e-13,0
364,26461,42003,4.0928504690e-12,1.7804461661e-12,-1.1507399750e-12,0
364,11614,42010,3.6813496821e-12,-1.0621913618e-12,-2.6329250977e-12,0
364,9967,42003,1.7366748690e-12,1.4798906818e-12,-1.1854698321e-12,0
365,32239,42009,4.5908576382e-12,4.4182167000e-12,1.8200908564e-12,0
365,11614,42010,3.6769606165e-12,-2.6898361283e-12,-2.5983238814e-12,0
365,9967,42003,1.3748323212e-12,-9.2975288942e-13,-5.1009815366e-13,0
365,26461,42003,2.6071210143e-12,1.3299074312e-12,-2.9875229251e-13,0
365,1339,42002,5.5225829103e-12,8.6274472811e-13,1.6291094566e-12,0
366,26461,42003,4.0873357992e-12,-8.6254595842e-14,-8.1582117423e-13,0
366,1339,42002,3.0867725558e-12,1.0450452271e-12,1.2850914052e-12,0
366,32239,42009,2.1839401286e-12,4.3104205664e-14,1.5170053182e-12,0
366,9967,42003,4.6931891705e-12,4.1729535229e-12,-2.7782385965e-13,0
366,11614,42010,3.8095797609e-12,-1.9512428823e-12,-2.1071937585e-12,0
367,9967,42003,6.0398187589e-12,1.6830661329e-12,3.7527559810e-13,0
367,11614,42010,4.5686028692e-12,-4.4508693765e-12,-2.4859181724e-12,0
367,32239,42009,3.0751582642e-12,2.8878388993e-12,1.9661299810e-12,0
367,1339,42002,1.9768264683e-12,-1.0305315327e-12,8.6430843616e-13,0
367,26461,42003,5.1150252987e-12,5.0231482901e-12,4.6915694524e-13,0
368,1339,42002,8.1493706253e-12,4.9000482448e-12,1.5280730147e-12,0
368,26461,42003,2.3804129373e-12,-2.2917919158e-12,-1.2667385483e-14,0
368,11614,42010,5.3780916228e-12,-4.7632073956e-12,-2.5874807843e-12,0
368,32239,42009,6.6476296617e-12,-4.9270107718e-12,1.2030225939e-12,0
368,9967,42003,4.2116327170e-12,-3.0769873134e-12,-7.6887558732e-14,0
369,32239,42009,6.8440131212e-12,2.9379675286e-12,1.4887686535e-12,0
369,11614,42010,5.0318018681e-12,9.9784299758e-13,-2.3038440129e-12,0
369,26461,42003,3.1899509478e-12,1.7424473449e-12,-2.7713833812e-13,0
369,9967,42003,7.4757931826e-12,6.9330256253e-12,1.2127967447e-12,0
369,1339,42002,3.2641175196e-12,2.4163974853e-12,1.3585330080e-12,0
370,26461,42003,4.6344785277e-12,-2.1044140329e-13,2.9966250927e-13,0
370,11614,42010,3.0584416764e-12,7.9255977192e-13,-1.6998145542e-12,0
370,9967,42003,6.5452617540e-12,-1.7595752925e-12,6.3538406401e-13,0
370,32239,42009,2.5688709994e-12,-1.8532080005e-13,9.0561026382e-13,0
370,1339,42002,6.1910292183e-12,-1.9961615299e-12,3.2796905349e-13,0
371,32239,42009,6.6146467548e-12,5.2604441326e-12,1.4325913023e-12,0
371,1339,42002,5.3076832230e-12,-4.2372803398e-12,4.4664576171e-13,0
371,26461,42003,3.4244968329e-12,1.1379364244e-12,3.7971006000e-13,0
371,11614,42010,5.1688240089e-12,-4.3134934480e-12,-2.0157082687e-12,0
371,9967,42003,5.4942127577e-12,1.2681019593e-12,1.1148778408e-12,0
372,32239,42009,5.3579991343e-12,-7.1465079951e-13,1.2076119233e-12,0
372,26461,42003,4.3916945165e-12,3.0435784879e-12,7.9697935481e-13,0
372,1339,42002,6.7650795350e-12,2.3556337198e-12,1.4420386910e-13,0
372,11614,42010,3.6361684166e-12,-2.5694015315e-12,-2.1220635954e-12,0
372,9967,42003,3.8002889937e-12,-1.0601922543e-13,7.9704053532e-13,0
373,32239,42009,7.2530671773e-12,1.7048016854e-12,1.1635710574e-12,0
373,26461,42003,4.1975074144e-12,-2.4891371751e-12,8.9798390545e-13,0
373,11614,42010,2.0191569140e-12,1.7986966775e-12,-1.8211142677e-12,0
373,1339,42002,6.3405796314e-12,-2.6908659707e-13,4.2398150391e-13,0
373,9967,42003,6.3592413135e-12,-4.8037135370e-12,4.8609896644e-13,0
374,9967,42003,9.3249700969e-12,8.7252816581e-12,1.2106380641e-12,0
374,1339,42002,3.2954716628e-12,7.1299217559e-13,4.7598015812e-13,0
374,26461,42003,6.1447656754e-12,5.4809831430e-12,1.2680376031e-12,0
374,11614,42010,4.0804468696e-12,-1.0818352772e-12,-1.8230786592e-12,0
374,32239,42009,4.4042908308e-12,-4.3120399002e-12,7.1133508802e-13,0
375,11614,42010,4.8858779102e-12,-4.2487505859e-12,-1.9789701050e-12,0
375,1339,42002,7.1395962936e-12,-5.8875456681e-12,-1.9904888150e-13,0
375,26461,42003,6.8438512561e-12,-2.2103943534e-12,9.1400742469e-13,0
375,32239,42009,5.1699474636e-12,1.5143908376e-12,4.2095250178e-13,0
375,9967,42003,3.1190223718e-12,-7.7780488385e-13,1.2258328646e-12,0
376,9967,42003,5.2694819136e-12,1.1456819810e-12,9.2310571044e-13,0
376,26461,42003,4.8634510595e-12,4.4600728646e-12,1.3686401707e-12,0
376,32239,42009,3.3851287836e-12,3.1493683902e-12,7.3157892024e-13,0
376,1339,42002,4.6150115493e-12,-1.6409129273e-12,-4.6764469694e-13,0
376,11614,42010,2.5203099529e-12,-1.0756508214e-12,-1.8914108989e-12,0
377,9967,42003,6.3786752259e-12,-1.5902141661e-12,5.9577768053e-13,0
377,11614,42010,7.4639948115e-13,1.7102110057e-13,-1.4292218512e-12,0
377,32239,42009,2.3067241707e-12,-2.4323778481e-13,4.1847125182e-13,0
377,26461,42003,1.3801927030e-12,1.3651350861e-12,1.0028388503e-12,0
377,1339,42002,5.8710237728e-12,1.4767579641e-12,-2.1691574726e-13,0
378,9967,42003,5.7835852925e-12,4.3376599392e-12,1.3372424058e-12,0
378,1339,42002,3.5852933165e-12,-3.2262079019e-12,-1.0295413619e-12,0
378,26461,42003,6.7639406095e-12,-2.7185734822e-13,1.2048323071e-12,0
378,32239,42009,3.4508110551e-12,1.4519141893e-12,1.0563637479e-12,0
378,11614,42010,1.8561668599e-12,1.4320727436e-12,-8.0969383728e-13,0
379,26461,42003,3.2974635239e-12,-2.7826766311e-12,7.5231990948e-13,0
379,11614,42010,6.5022012308e-12,-6.4012805457e-12,-1.5496061916e-12,0
379,32239,42009,2.0323379171e-12,-7.5506946783e-13,6.8706004828e-13,0
379,1339,42002,4.2354697728e-12,-3.0306185716e-12,-1.5742429676e-12,0
379,9967,42003,2.5746510704e-12,-2.1836020163e-12,4.2557964163e-13,0
380,26461,42003,5.3005682707e-12,4.9017033732e-12,1.2635343871e-12,0
380,32239,42009,3.8386193487e-12,2.2310197216e-12,9.2869410044e-13,0
380,9967,42003,6.7709621146e-12,5.6388870398e-12,1.1654258749e-12,0
380,1339,42002,4.7205862295e-12,3.0517005671e-12,-1.0694567579e-12,0
380,11614,42010,1.3578457706e-12,-1.3417141244e-13,-1.6422793100e-12,0
381,11614,42010,5.7684635681e-12,-3.7621435982e-12,-1.5871443251e-12,0
381,1339,42002,9.3999525809e-12,9.2534056272e-13,-5.5319466768e-13,0
381,32239,42009,3.3290108442e-12,-3.0660840162e-12,9.6041285560e-14,0
381,26461,42003,6.5877995104e-12,-4.9217308549e-12,6.5756765919e-13,0
381,9967,42003,6.1261767517e-12,-5.7812724432e-12,4.6048843461e-13,1
382,32239,42009,5.1254825074e-12,3.8266005647e-12,5.5016642198e-13,0
382,26461,42003,5.4752596280e-12,4.7349779896e-12,8.2670760936e-13,0
382,11614,42010,4.7861716535e-12,-3.6383910417e-12,-1.6940432761e-12,0
382,1339,42002,2.0395955172e-12,-1.8748186218e-12,-9.7623990184e-13,0
383,26461,42003,1.6615166736e-12,3.7045109598e-13,1.1126664365e-12,0
383,1339,42002,7.7616551104e-12,7.0008794343e-12,-2.4924329870e-13,0
383,32239,42009,5.2794243294e-12,-4.8386309930e-12,-1.0417684586e-13,0
383,11614,42010,3.0437387334e-12,-1.7538201206e-12,-2.0492949559e-12,0
383,35659,42001,5.5550110805e-12,3.5154056824e-16,3.5154056824e-17,0
384,26461,42003,4.1017106387e-12,-3.4741569877e-12,2.1715242340e-13,0
384,32239,42009,4.3211022003e-12,1.4147619329e-13,3.4117476349e-13,0
384,11614,42010,2.4670390796e-12,5.8525252941e-13,-1.8825861752e-12,0
384,35659,42001,4.9449966799e-12,2.0041733574e-12,2.0045248980e-13,0
384,1339,42002,3.7677190711e-12,-2.7818052082e-12,-5.9872303707e-13,0
385,1339,42002,3.8299807153e-12,2.9255187666e-12,2.8258340640e-13,0
385,26461,42003,4.4001023380e-12,2.1224317732e-12,6.5043503606e-13,0
385,11614,42010,5.1988257648e-12,-4.7284488237e-12,-1.9305559990e-12,0
385,35659,42001,7.6223067593e-12,-4.4793740002e-12,-2.4748491022e-13,0
385,32239,42009,4.9034835242e-12,1.4402681182e-12,3.3376249155e-13,0
386,1339,42002,7.6602418162e-12,-4.6185706962e-12,-1.5182370488e-14,0
386,32239,42009,7.4634214728e-12,-3.5140142489e-12,-3.3257577237e-13,0
386,35659,42001,4.1794661994e-12,3.0521886568e-12,5.7733955452e-14,0
386,26461,42003,5.7671666432e-12,-5.1263596828e-12,-3.0820821867e-13,0
386,11614,42010,6.2941883139e-12,6.3910219005e-13,-1.7590806979e-12,0
387,26461,42003,4.5103851430e-12,3.5635600398e-12,-8.8365723300e-14,0
387,11614,42010,6.3955529593e-12,-4.7046417780e-12,-2.2466469857e-12,0
387,35659,42001,2.7019841482e-12,9.3479888930e-13,1.5121384438e-13,0
387,32239,42009,4.4782496858e-12,3.0331594628e-13,-2.7792039926e-13,0
387,1339,42002,2.3999716341e-12,-9.5863332341e-13,-2.5872149924e-13,0
388,32239,42009,6.0561680715e-12,4.6477405030e-12,4.1662232116e-14,0
388,1339,42002,7.4085743068e-12,7.0475083754e-12,7.6865012849e-13,0
388,26461,42003,2.6870375577e-12,8.3219610743e-13,2.2039622265e-14,0
388,11614,42010,7.1010319183e-12,-2.0978889831e-12,-2.5996431584e-12,0
388,35659,42001,3.4001280513e-12,3.0396568798e-12,4.5517953236e-13,0
389,1339,42002,6.4150663813e-12,-1.7086468362e-12,9.0084730203e-13,0
389,35659,42001,2.8301786815e-12,-2.8183561880e-12,1.7334391357e-13,0
389,26461,42003,6.2458357666e-12,6.2375363399e-12,9.2406091937e-13,0
389,11614,42010,5.1527547252e-12,-4.7030938534e-12,-2.4298244892e-12,0
389,32239,42009,2.1950565194e-12,-1.8358696675e-12,-6.6417787853e-14,0
390,32239,42009,4.5102537937e-12,4.5075315417e-12,1.6123339416e-13,0
390,26461,42003,7.7739449670e-12,-9.9665918586e-13,3.3422466346e-13,0
390,11614,42010,7.7804681693e-12,-6.8441201480e-12,-3.1008193627e-12,0
390,1339,42002,5.9746495761e-12,-5.6542363863e-12,3.0253606696e-14,0
390,35659,42001,4.5170885341e-12,4.0713612828e-12,5.8048004185e-13,0
391,1339,42002,7.5569945298e-12,2.7625231789e-12,2.1397186832e-13,0
391,26461,42003,6.5840250144e-12,6.1628464036e-13,8.8802621299e-13,0
391,35659,42001,5.9571806312e-12,-3.7427458358e-12,2.0620545827e-13,0
391,32239,42009,2.3486117004e-12,1.7205695498e-12,6.3989875076e-13,0
391,11614,42010,8.8562614740e-12,2.6173602857e-12,-2.4628689743e-12,0
392,1339,42002,6.8521120761e-12,1.5878171707e-12,5.6023544756e-13,0
392,32239,42009,3.9462798155e-12,-1.1003485958e-12,1.4720383470e-13,0
392,11614,42010,5.3636262521e-12,-4.8688098182e-12,-2.5859108520e-12,0
392,26461,42003,5.5854596620e-12,-5.4409515344e-12,-1.2956673941e-13,0
392,35659,42001,7.3534929448e-12,7.0770744813e-12,9.1391290640e-13,0
393,26461,42003,3.6528035441e-12,-2.2118649497e-12,-3.8779834398e-13,0
393,11614,42010,3.2663983346e-12,1.4641531727e-12,-2.2641135227e-12,0
393,35659,42001,2.1338418931e-12,-3.9851290630e-13,8.7402646171e-13,0
393,32239,42009,7.5087454934e-12,2.5818961932e-12,8.8925655332e-13,0
393,1339,42002,4.4587831355e-12,-4.0213361787e-12,-5.4198611374e-13,0
394,1339,42002,8.8919129406e-12,7.4465857798e-12,4.8085298506e-13,0
394,32239,42009,5.9347310003e-12,3.0914020802e-12,1.1842491420e-12,0
394,35659,42001,1.8935214797e-12,1.2139087655e-12,7.9500000252e-13,0
394,26461,42003,2.3263452003e-12,3.1293606734e-13,-9.0890384755e-15,0
394,11614,42010,7.7280450183e-12,-7.6753047956e-12,-3.0901692552e-12,0
395,11614,42010,8.8386552759e-12,1.3634670741e-12,-2.4809776654e-12,0
395,35659,42001,1.6232962237e-12,1.0838770174e-12,1.3513251043e-12,0
395,1339,42002,4.1759333240e-12,-3.5971274010e-12,-1.7141163170e-13,0
395,26461,42003,2.9367784838e-12,-1.8669612019e-12,-4.0802833599e-13,0
395,32239,42009,2.7876316517e-12,2.3988269845e-12,1.2801050286e-12,0
396,32239,42009,5.8061100976e-12,5.1011038573e-12,2.1416168393e-12,0
396,26461,42003,3.8654776211e-12,-2.6686777127e-12,-1.6226013897e-13,0
396,1339,42002,2.6982255049e-12,3.7329931953e-13,3.2777536987e-13,0
396,35659,42001,4.5612389600e-12,2.4854662460e-12,1.2946528632e-12,0
396,11614,42010,8.0344365309e-12,-7.0393502166e-12,-3.2488229061e-12,0
397,32239,42009,6.5424394607e-12,1.9255325587e-12,2.3038385005e-12,0
397,35659,42001,4.1489151858e-12,5.5998373069e-13,1.2571713474e-12,0
397,1339,42002,1.6393945562e-12,-1.7045592722e-13,4.0659310949e-13,0
397,26461,42003,2.0611398521e-12,1.6854662535e-12,-3.5006951760e-13,0
397,11614,42010,3.3198345227e-12,2.7888396953e-12,-2.4994747587e-12,0
398,26461,42003,1.7593082573e-12,-7.0394150870e-13,-5.0368327922e-13,0
398,11614,42010,7.0707368338e-12,-5.9843426809e-12,-2.8881201285e-12,0
398,1339,42002,6.0545603914e-12,8.4068139653e-13,-2.1408958840e-13,0
398,35659,42001,5.5861358946e-12,2.9062421761e-12,1.2438298770e-12,0
398,32239,42009,4.8081692534e-12,2.7643676778e-12,2.1155012180e-12,0
399,11614,42010,4.1274015424e-12,3.6844048128e-12,-2.0493702619e-12,0
399,35659,42001,3.4786411260e-12,-2.0467074112e-12,1.3209947547e-12,0
399,1339,42002,2.3610061842e-12,1.3601428583e-12,9.2789381045e-14,0
399,26461,42003,6.9991362245e-12,4.4454092959e-12,-6.8289598361e-13,0
399,32239,42009,8.3798310304e-13,7.9300496652e-13,2.3783886814e-12,0
400,32239,42009,7.7497786447e-12,7.1353558391e-12,2.6411711111e-12,0
400,1339,42002,6.1119808050e-12,3.2119786370e-12,9.7941088338e-13,0
400,26461,42003,3.8501199074e-12,-2.3963371663e-12,-8.2286378165e-13,0
400,35659,42001,3.1432995218e-12,6.2760412916e-14,9.2013466768e-13,0
400,11614,42010,8.3789334907e-12,-7.0077846949e-12,-2.0657367166e-12,0
401,1339,42002,4.4849893343e-12,1.9805569087e-12,9.0121425636e-13,0
401,35659,42001,1.4419312910e-12,-7.8219965436e-13,1.2161892858e-12,0
401,26461,42003,6.7799004524e-12,3.7854665181e-12,-5.0594559388e-13,0
401,32239,42009,8.0548194714e-12,-5.4971918915e-12,1.9193949670e-12,0
401,11614,42010,4.1708787416e-12,-1.9084574650e-12,-2.5183184916e-12,0
402,1339,42002,3.5060649999e-12,3.4384239743e-12,1.0862749367e-12,0
402,32239,42009,6.0967897704e-12,5.8995345518e-12,2.6193832818e-12,0
402,11614,42010,2.7061464322e-12,6.8797241976e-13,-1.9626402678e-12,0
402,26461,42003,9.7725668389e-12,3.4257589825e-12,3.8072545781e-13,0
402,35659,42001,7.0256579183e-12,1.7473639863e-12,6.8321823631e-13,0
403,32239,42009,5.2117776116e-12,-1.5392922305e-12,2.2072644394e-12,0
403,35659,42001,3.2955307316e-12,9.7034832117e-13,8.2010435906e-13,0
403,11614,42010,8.5573315675e-12,-7.2658586031e-12,-2.8356414454e-12,0
403,26461,42003,7.2926461517e-12,3.5610202750e-12,9.5801398028e-13,0
403,1339,42002,3.9178626305e-12,9.2414683403e-13,1.5808232380e-12,0
404,26461,42003,6.3795755601e-12,-1.6790150708e-12,7.5881886647e-13,0
404,11614,42010,6.1830814932e-12,2.6984216306e-12,-1.7982688028e-12,0
404,35659,42001,6.1365240424e-12,-1.4908956710e-12,5.4962391541e-13,0
404,32239,42009,3.1903926572e-12,-2.2569248964e-13,1.8755549824e-12,0
404,1339,42002,3.8662828016e-12,1.4376171301e-12,9.7992637302e-13,0
405,32239,42009,3.0253899933e-12,2.2259391063e-12,1.8582661946e-12,0
405,35659,42001,7.1219944981e-12,-1.7926299848e-12,2.6197321519e-13,0
405,26461,42003,3.9040700787e-12,-5.9157751249e-14,9.3959921153e-13,0
405,1339,42002,1.3987034451e-12,-5.4310168709e-13,1.2853289444e-12,0
405,11614,42010,8.9801112050e-12,-8.7624592267e-12,-2.8108614329e-12,0
406,11614,42010,3.2356500207e-12,-6.2293065013e-13,-2.1692194762e-12,0
406,26461,42003,4.8434277600e-12,3.5599657040e-12,1.5624635532e-12,0
406,32239,42009,6.8238016628e-12,2.7800618864e-12,1.6261619975e-12,0
406,1339,42002,6.4022533351e-12,5.4777133596e-13,1.3027761461e-12,0
406,35659,42001,5.2679900775e-12,-5.9479292816e-13,-4.6052702229e-14,0
407,32239,42009,4.7907793225e-12,-4.4026547349e-12,9.9334326814e-13,0
407,35659,42001,6.2875890943e-12,-9.1398724625e-13,-1.9344979992e-13,0
407,1339,42002,5.3337373702e-12,4.7675716907e-12,1.7965789078e-12,0
407,26461,42003,4.6921576527e-12,1.4776220600e-12,1.5416791338e-12,0
407,11614,42010,3.5526153659e-12,-2.0770141061e-12,-2.6558048564e-12,0
408,26461,42003,7.4651256819e-12,6.9737549132e-12,2.3094487760e-12,0
408,11614,42010,2.0223599777e-12,2.0083646503e-12,-1.8565341233e-12,0
408,32239,42009,7.9836465325e-12,6.5014576076e-12,1.3670522611e-12,0
408,1339,42002,6.2891647203e-12,-6.1940168361e-12,1.0931090846e-12,0
408,35659,42001,6.3768536550e-12,-6.1673519325e-12,-1.1008092108e-12,0
409,1339,42002,2.5529673956e-12,-6.1919983253e-13,8.9517481550e-13,0
409,11614,42010,1.2254196429e-12,-7.1968692240e-13,-2.2969432968e-12,0
409,26461,42003,6.8757163117e-12,-5.7403996284e-12,1.2908678836e-12,0
409,35659,42001,2.3248744702e-12,-3.1558831671e-13,-9.2769730134e-13,0
409,32239,42009,6.1357249157e-12,-5.7537958433e-12,7.1237218015e-13,0
410,26461,42003,3.7428159564e-12,1.2650090592e-12,1.6570025061e-12,0
410,35659,42001,6.3581405066e-12,-6.0651458573e-12,-1.5404879284e-12,0
410,1339,42002,7.6366083523e-12,6.7737234815e-12,1.2513493000e-12,0
410,32239,42009,5.5537210915e-12,5.4671323717e-12,5.4554983341e-13,0
410,11614,42010,4.2074008426e-12,2.7362943548e-12,-1.3225353918e-12,0
411,32239,42009,3.3021353853e-12,-2.2595259365e-12,8.6931642891e-13,0
411,26461,42003,6.0312365176e-12,5.7342809176e-12,1.8518839461e-12,0
411,11614,42010,5.0071920350e-12,-2.3519259870e-12,-1.3668822440e-12,0
411,1339,42002,5.0440229009e-12,-3.9107629165e-12,6.6221731744e-13,0
411,35659,42001,2.7652375708e-12,8.4735761356e-13,-1.3775322016e-12,0
412,26461,42003,1.0423521896e-12,4.1935339756e-13,1.5512433876e-12,0
412,1339,42002,5.3416543510e-12,2.0469582195e-12,5.2307074196e-13,0
412,35659,42001,5.0925326497e-12,-4.3952349814e-12,-1.9917920983e-12,0
412,11614,42010,3.1795938084e-12,2.3372420617e-12,-1.2019552798e-12,0
412,32239,42009,2.8024905493e-12,2.0009178443e-12,4.7945475816e-13,0
413,1339,42002,7.5403788007e-12,3.7959745971e-12,8.1025351827e-13,0
413,32239,42009,9.8357879830e-12,-6.5574019647e-13,5.6780996156e-13,0
413,11614,42010,7.1124213175e-12,-6.0121275261e-12,-1.0765821721e-12,0
413,35659,42001,1.1918059952e-12,-3.9049908738e-16,-2.0888659804e-12,0
413,26461,42003,4.1610147637e-12,2.5619150549e-12,1.4513328656e-12,0
414,26461,42003,4.0955230008e-12,3.1473727007e-12,1.9339716427e-12,0
414,1339,42002,1.0777601594e-11,-8.6515643848e-12,-1.9866463322e-13,0
414,32239,42009,5.1075081054e-12,-4.3049139851e-12,1.5988781202e-13,0
414,11614,42010,5.5500643107e-12,4.5015455798e-12,-8.9626977718e-13,0
414,35659,42001,4.9667428858e-12,-4.2304747902e-12,-2.3628238923e-12,0
415,1339,42002,5.8303186211e-12,2.7876985494e-12,1.3441539043e-13,0
415,35659,42001,6.7411495844e-12,-2.3416421809e-12,-2.4177251119e-12,0
415,26461,42003,3.0264571415e-12,-6.7871604138e-13,1.8720158137e-12,0
415,32239,42009,5.7868229120e-12,1.2388465569e-14,-6.1467252060e-14,0
415,11614,42010,7.5112725982e-12,-7.1816901165e-12,-7.3819286615e-13,0
416,1339,42002,7.5851219612e-12,-2.0386494919e-12,-1.2422669236e-13,0
416,11614,42010,9.4852452894e-12,6.7696198886e-12,1.0621877186e-15,0
416,32239,42009,3.1471360273e-12,1.5998467008e-12,-1.7948877062e-13,0
416,26461,42003,3.3185396638e-12,1.7995403062e-12,1.6959732739e-12,0
416,35659,42001,4.3796645903e-12,3.1341327829e-13,-2.3269044912e-12,0
417,26461,42003,4.5839284041e-12,8.1450152869e-13,1.6296612208e-12,0
417,11614,42010,1.9918011666e-12,-1.8207078027e-12,2.6692818060e-14,0
417,32239,42009,3.2375157008e-12,-2.9454454298e-12,-3.3767840113e-14,0
417,35659,42001,5.8352600914e-12,-4.2875097935e-12,-2.6642567460e-12,0
417,1339,42002,3.5548093486e-12,-4.5219953958e-13,-6.4620381539e-13,0
418,35659,42001,2.5897058490e-12,2.2344778187e-14,-2.0452870749e-12,0
418,32239,42009,6.6938459412e-12,-4.6211033359e-12,-1.1460239345e-12,0
418,11614,42010,6.1780874341e-12,1.8653790579e-12,1.2394258826e-14,0
418,26461,42003,6.5505569102e-12,-9.7995385172e-14,9.2248619099e-13,0
418,1339,42002,2.6832042727e-12,2.6427730635e-12,2.3747517457e-13,0
419,26461,42003,8.0225977341e-12,-5.3533207422e-12,9.6119407961e-13,0
419,32239,42009,6.6638748843e-12,2.7182581096e-13,-5.4346176904e-13,0
419,11614,42010,6.6076562465e-12,-6.6411879069e-13,1.7951071998e-14,0
419,1339,42002,9.9133723891e-12,-3.0209910514e-12,-2.7039473127e-15,0
419,35659,42001,3.3137896372e-12,6.5927533247e-13,-1.9478007100e-12,0
420,35659,42001,4.7242079427e-12,-1.8663538048e-12,-1.5279215047e-12,0
420,1339,42002,2.6322374503e-12,1.0632687842e-12,-5.7374941705e-13,0
420,32239,42009,1.4080268989e-12,-1.2486912787e-12,-1.2150441341e-12,0
420,26461,42003,5.8143829865e-12,-2.6178097241e-12,5.7291220128e-13,0
420,11614,42010,4.3053378128e-12,-2.6363961547e-12,-5.1931797895e-13,0
421,32239,42009,1.9944341472e-12,-1.0518016627e-13,-9.9960955706e-13,0
421,1339,42002,5.3446760367e-12,-4.1260696322e-12,-5.9528008862e-13,0
421,11614,42010,1.3775639305e-12,5.4190382989e-13,-2.2993499727e-13,0
421,26461,42003,1.7184090732e-12,1.2451763029e-12,1.2400173981e-13,0
421,35659,42001,3.2368959824e-12,-1.3015419365e-12,-1.7428114597e-12,0
422,35659,42001,6.1506009371e-12,-3.6345319705e-12,-1.6667411587e-12,0
422,1339,42002,2.3635151733e-12,1.2799759495e-12,-6.7197831562e-13,0
422,32239,42009,7.8613567843e-12,-1.9475350589e-12,-1.3944548474e-12,0
422,11614,42010,6.7940365739e-12,8.8445370783e-13,-3.7521383266e-13,0
422,26461,42003,6.8800100098e-12,-2.3857259630e-12,-1.5650619624e-13,0
423,26461,42003,8.9465165740e-12,-1.0915033702e-12,-5.2184803875e-13,0
423,32239,42009,6.5147432989e-12,-1.9450119000e-12,-1.5233820177e-12,0
423,11614,42010,2.6259264388e-12,2.4586651575e-12,4.7186543570e-13,0
423,1339,42002,4.9052811114e-12,-2.8917355640e-12,-1.3407493317e-12,0
423,35659,42001,6.9102376364e-12,-6.8738035480e-12,-2.3540824635e-12,0
424,1339,42002,5.4814669786e-12,-3.7984377401e-12,-8.5543666726e-13,0
424,11614,42010,4.8380611403e-12,-8.7010553508e-14,1.3009822374e-14,0
424,35659,42001,4.8924585510e-12,-2.1542547016e-12,-2.1464604547e-12,0
424,9955,42001,5.0557426663e-12,2.2254627387e-16,2.2254627387e-17,0
424,26461,42003,4.4959928770e-12,1.1252496596e-12,-7.2406034286e-13,0
424,32239,42009,2.7039905747e-12,-1.4618146572e-12,-1.2390720849e-12,0
425,26461,42003,6.3239167126e-12,-5.6357999551e-12,-1.2197687342e-12,0
425,32239,42009,7.2617288518e-12,4.9978242507e-12,-7.4052850643e-13,0
425,1339,42002,5.3877598913e-12,-3.5097155969e-12,-1.4851780819e-12,0
425,9955,42001,8.2736908055e-12,6.7555001846e-12,6.7557227308e-13,0
425,11614,42010,7.2508222926e-12,-2.7737182692e-12,4.5380700710e-13,0
425,35659,42001,4.6000000983e-12,-2.7946924885e-13,-1.9402431615e-12,0
426,11614,42010,5.1528169784e-12,8.7742409026e-13,-1.3541257274e-13,0
426,1339,42002,2.7522936268e-12,2.7486072952e-12,-1.0064524032e-12,0
426,35659,42001,3.1567159107e-12,-3.1164199091e-12,-2.2832264802e-12,0
426,35881,42002,4.6050681470e-12,3.9259093416e-16,3.9259093416e-17,0
426,26461,42003,7.2923164262e-12,4.1134852044e-12,-9.8837424442e-13,0
426,32239,42009,7.7029363312e-12,-7.0220170542e-12,-1.6027148819e-12,0
426,9955,42001,1.0764743058e-12,-1.0666383380e-13,6.6490588970e-13,0
427,32239,42009,2.9187084540e-12,5.0522580832e-13,-1.2576477581e-12,0
427,26461,42003,6.4055157908e-12,-2.3875351291e-12,-1.3085779102e-12,0
427,35659,42001,1.5353923458e-12,-4.4182509473e-13,-1.8986580103e-12,0
427,35881,42002,6.5747402156e-12,5.7332938262e-12,5.7336864172e-13,0
427,1339,42002,6.7163734044e-12,3.6503879229e-14,-9.5758206130e-13,0
427,9955,42001,4.2501066613e-12,3.9707507215e-12,1.0619809619e-12,0
427,11614,42010,4.5377458371e-12,1.7593034371e-12,2.2258855124e-13,0
428,32239,42009,3.3220159991e-12,-3.1610882444e-12,-1.1116462490e-12,0
428,1339,42002,5.1079343120e-12,2.9216394903e-12,-9.2969541862e-13,0
428,9955,42001,4.8286204460e-12,-2.6625226319e-12,7.9572869867e-13,0
428,26461,42003,9.7781889108e-13,5.3268342649e-13,-1.2455100290e-12,0
428,35659,42001,5.0857723315e-12,-4.7743693057e-12,-2.3783294187e-12,0
428,11614,42010,3.3218128540e-12,-2.6605318381e-12,-2.3000253837e-13,0
428,35881,42002,6.9684647882e-12,-6.3359853579e-13,5.1000878814e-13,0
429,32239,42009,6.6235646997e-12,5.4491527023e-12,-5.9391355984e-13,0
429,26461,42003,2.1520769450e-12,-1.9823257199e-12,-9.0841052680e-13,0
429,1339,42002,8.8378114670e-12,-4.5958048396e-12,-1.0871767974e-12,0
429,35659,42001,4.0062692411e-12,1.3175145922e-12,-2.3125054928e-12,0
429,11614,42010,6.5483510957e-12,-1.7731951641e-12,-3.4091017571e-13,0
429,35881,42002,2.8808930776e-12,1.5038620864e-12,6.6039499677e-13,0
429,9955,42001,4.2800946723e-12,-1.1010697059e-12,6.8562172807e-13,0
430,9955,42001,3.6940746807e-12,-2.1217469439e-12,4.7344703369e-13,0
430,1339,42002,1.7126928697e-12,3.9113732795e-13,-1.1543899431e-12,0
430,26461,42003,5.9382671426e-12,-5.0663960577e-12,-1.1532691602e-12,0
430,11614,42010,6.6118153671e-12,-2.7713970457e-13,-1.0498453070e-13,0
430,35659,42001,1.4564801375e-11,-1.3319107512e-11,-3.4577808634e-12,1
430,32239,42009,6.2618950413e-12,-2.8395262213e-12,-7.5299705409e-13,0
430,35881,42002,2.4676314651e-12,-7.9861503824e-13,5.8053349295e-13,0
431,11614,42010,4.5087726397e-12,1.2224459284e-12,-3.6930320851e-14,0
431,1339,42002,5.7914466001e-12,-1.8299338855e-12,-9.2477636839e-13,0
431,35881,42002,4.1582613199e-12,3.1372094055e-12,8.9425443350e-13,0
431,26461,42003,2.8132808506e-12,-1.2397796289e-12,-1.4017647533e-12,0
431,32239,42009,4.9087497279e-12,-4.6831471987e-12,-1.2107937573e-12,0
431,9955,42001,5.9927724683e-12,5.2209506561e-13,5.2565654025e-13,0
432,9955,42001,4.3396510804e-12,4.0949622789e-12,9.3515276814e-13,0
432,26461,42003,5.7256143733e-12,-8.1978369541e-13,-1.2451705266e-12,0
432,32239,42009,6.9757368597e-12,6.9364760524e-12,-3.2239264620e-13,0
432,11614,42010,3.7134718212e-12,-1.5611799618e-12,-2.8149368781e-13,0
432,1339,42002,5.0659806229e-12,1.2051785813e-14,-1.0515687848e-12,0
432,35881,42002,2.3995095671e-12,-9.1253985695e-13,8.0300044781e-13,0
433,26461,42003,1.6203910318e-12,-2.1533896592e-13,-1.1575540861e-12,0
433,11614,42010,8.0686253086e-12,5.0687408627e-12,-2.0486117294e-14,0
433,1339,42002,2.4056845386e-12,-2.1481339925e-12,-9.7720862761e-13,0
433,32239,42009,8.5736064956e-12,-5.4918063883e-12,-6.7707209504e-13,0
433,35881,42002,4.2886211945e-12,2.5285897068e-12,1.0558594185e-12,0
433,9955,42001,3.8424840246e-12,3.2814051605e-12,1.2632932842e-12,0
434,11614,42010,6.5090671650e-12,-1.1891786557e-12,-1.3070292751e-13,0
434,9955,42001,3.1826092059e-12,5.3715060580e-13,1.3169860901e-12,0
434,32239,42009,4.7090945716e-12,1.8436437007e-12,-3.4652625924e-13,0
434,35881,42002,7.0800753757e-12,5.1815835786e-12,1.5740177763e-12,0
434,26461,42003,5.2056564892e-12,-1.7003034371e-12,-1.4401093958e-12,0
434,1339,42002,9.1830883721e-12,3.9332881930e-13,-5.5803197167e-13,0
435,26461,42003,3.2743266432e-12,3.0386712630e-12,-5.7266227401e-13,0
435,35881,42002,7.0942487794e-12,2.8212752228e-12,1.8561452986e-12,0
435,1339,42002,2.3254574835e-12,-3.8169778095e-14,-2.1087738979e-13,0
435,32239,42009,7.5300032776e-12,2.2807876466e-14,-8.4402789667e-13,0
435,11614,42010,3.9306306302e-12,-3.3582289792e-12,-1.8915399850e-13,0
435,9955,42001,3.7421527421e-12,2.5929873597e-12,9.0073480766e-13,0
436,9955,42001,3.1682077240e-12,2.8695197970e-12,1.1983531707e-12,0
436,11614,42010,2.3936738565e-12,2.3566396485e-12,-4.1232442684e-14,0
436,26461,42003,4.2524955947e-12,1.1422616699e-12,-8.6978462746e-13,0
436,32239,42009,6.6118887253e-12,-3.1219908321e-12,-4.5402527446e-13,0
436,35881,42002,7.9403690507e-12,5.7279761248e-12,2.4289036520e-12,0
436,1339,42002,7.1362376435e-12,-6.8440454212e-13,-5.5417857352e-13,0
437,26461,42003,8.0889937874e-12,-4.5053147297e-12,-1.0815625875e-12,0
437,1339,42002,9.3067493815e-12,-8.6093061892e-12,-1.4187595804e-12,0
437,35881,42002,5.4449348493e-12,-3.8521408457e-12,1.4703601848e-12,0
437,32239,42009,7.4421871174e-12,-4.6000989314e-12,-9.6455774842e-13,0
437,11614,42010,7.1507745314e-12,-1.6403164165e-12,-3.8119442804e-13,0
437,9955,42001,4.0375749152e-12,-8.5673635395e-13,7.1560446319e-13,0
438,32239,42009,4.8325817688e-12,1.9762556565e-12,-4.5082335833e-13,0
438,26461,42003,7.2814265124e-12,3.1223790642e-12,-8.2259302376e-13,0
438,11614,42010,3.8887235600e-12,-3.7165136969e-12,-4.8679261393e-13,0
438,34144,42001,8.8267890464e-13,1.7904273695e-17,1.7904273695e-18,0
438,35881,42002,1.1343179365e-11,9.0665529692e-12,2.4403753353e-12,0
438,1339,42002,9.3278978214e-12,7.6137716909e-12,-9.4954636030e-13,0
438,9955,42001,2.1012670402e-12,-3.0369354280e-13,9.5148737210e-13,0
439,34144,42001,5.8529288021e-12,-1.9069211721e-12,-1.9069032678e-13,0
439,32239,42009,3.0671214676e-12,-1.6566980288e-12,-1.1614084314e-12,0
439,26461,42003,7.6091739957e-12,-5.0772971728e-12,-1.1320901690e-12,0
439,35881,42002,7.1791743435e-12,-5.0622303056e-12,1.7837660961e-12,0
439,9955,42001,5.9206309008e-12,2.0185804956e-12,1.2634523923e-12,0
439,1339,42002,5.8846761907e-12,-3.4858382172e-12,-8.3854969807e-13,0
439,11614,42010,7.7258818607e-12,-2.1566444082e-12,-5.2513753833e-13,0
440,11614,42010,4.9363952215e-12,3.8445767157e-12,-1.1296589631e-13,0
440,1339,42002,1.6840261696e-12,-1.6221484905e-12,-1.0398782799e-12,0
440,34144,42001,5.1450783886e-12,6.4168202832e-14,-1.8427350650e-13,0
440,26461,42003,5.8239781691e-12,-4.0870113610e-13,-6.6632067689e-13,0
440,32239,42009,4.6981049601e-12,3.9880042194e-12,-4.7865538738e-13,0
440,37603,42001,4.4433709613e-12,3.0369419302e-16,3.0369419302e-17,0
440,9955,42001,5.4360113228e-12,1.1695375963e-12,1.5925808463e-12,0
440,35881,42002,6.7188866702e-12,6.7122006263e-12,2.5348476626e-12,0
441,34144,42001,1.5407011625e-12,1.2756774082e-12,-5.6705765675e-14,0
441,37603,42001,2.4457875130e-12,-9.0751581418e-13,-9.0721211999e-14,0
441,26461,42003,5.1019487535e-12,-2.7933466060e-12,-8.2167737460e-13,0
441,35881,42002,4.7853692705e-12,6.1688526887e-14,2.2272955747e-12,0
441,9955,42001,4.5676573876e-12,-7.1815603176e-13,1.4685557365e-12,0
441,11614,42010,8.1200838294e-12,-6.0658216883e-12,-8.4179265798e-13,0
441,32239,42009,5.6174481987e-12,4.9763320409e-12,4.8729253658e-13,0
441,1339,42002,4.9219101550e-12,-4.2732909183e-12,-1.2842139832e-12,0
442,26461,42003,3.0732736100e-12,1.5697196253e-12,-5.8272704254e-13,0
442,11614,42010,6.3672424601e-12,3.9944468527e-14,-6.8168021495e-13,0
442,1339,42002,5.3990653217e-12,4.4050668038e-12,-8.4491248139e-13,0
442,34144,42001,4.1350060792e-12,-3.8758612003e-12,-4.4429188570e-13,0
442,37603,42001,5.7520362501e-12,2.2069215716e-12,1.2997094516e-13,0
442,32239,42009,6.1961415207e-12,6.0643906791e-13,-1.4571116187e-13,0
442,9955,42001,6.4233401766e-12,1.8844694633e-12,1.2475064550e-12,0
442,35881,42002,9.7057334189e-12,4.6909694460e-12,2.7876465050e-12,0
443,34144,42001,7.1579481607e-12,4.5684833717e-12,1.2556451471e-14,0
443,37603,42001,1.4857047292e-12,-6.4830565252e-13,6.5140379911e-14,0
443,35881,42002,1.9064319267e-12,-1.7259001633e-13,2.5175285327e-12,0
443,32239,42009,2.3505773474e-12,-3.9943063558e-13,3.6352641340e-13,0
443,11614,42010,7.3979094948e-12,-7.1729578166e-12,-1.9058500829e-12,0
443,26461,42003,4.9903552098e-12,-7.8014244797e-13,-6.3920739074e-13,0
443,9955,42001,5.3067465908e-12,4.0282898996e-12,1.3221949289e-12,0
443,1339,42002,3.1149284859e-12,-8.6974500752e-13,-7.1707358290e-13,0
444,34144,42001,8.8789305769e-12,-3.9773999346e-12,-3.8518354199e-13,0
444,26461,42003,5.4052709123e-12,2.4308965394e-12,-2.2608739309e-13,0
444,1339,42002,8.8060100738e-12,-4.9601066998e-12,-1.2524171348e-12,0
444,11614,42010,4.5008389370e-12,-4.4393095052e-13,-1.8313253124e-12,0
444,32239,42009,4.7037611103e-12,3.3762484713e-12,5.1678689047e-13,0
444,35881,42002,5.9099764601e-12,4.9799439703e-12,2.4973645719e-12,0
444,9955,42001,7.2529476334e-12,-6.7400367934e-12,5.9447618896e-13,0
444,37603,42001,6.7969327535e-12,-1.9432884453e-12,-1.2918846462e-13,0
445,34144,42001,7.5263155850e-12,-1.8460262985e-12,-5.6978617184e-13,0
445,37603,42001,8.8548983796e-12,4.3566455426e-12,3.0647608964e-13,0
445,32239,42009,6.8439550817e-12,-5.2320500013e-12,-8.6988973159e-15,0
445,26461,42003,2.0955805785e-12,1.0287355112e-12,-4.2708096827e-13,0
445,35881,42002,4.5801301138e-12,-1.3647944095e-12,2.0787576086e-12,0
445,11614,42010,3.3500448455e-12,1.7189418099e-12,-1.3236082335e-12,0
445,9955,42001,6.1381265173e-12,4.8417586140e-13,3.8359503912e-13,0
445,1339,42002,4.6903901065e-12,-3.4729952275e-13,-1.2833301093e-12,0
446,32239,42009,5.6042525583e-12,3.4465351350e-12,6.4815369939e-13,0
446,11614,42010,5.4522119262e-12,-4.7639467287e-12,-2.0356668712e-12,0
446,1339,42002,9.1331336821e-12,-4.3358546766e-12,-1.6484751227e-12,0
446,37603,42001,4.6514756664e-12,4.2960612646e-12,7.3608221611e-13,0
446,9955,42001,4.0488102115e-12,-2.1312493091e-12,-1.1648187149e-13,0
446,34144,42001,8.7100062987e-12,-8.1974865693e-12,-1.3895348288e-12,0
446,26461,42003,7.0240567493e-12,5.2144660732e-12,-1.9860527944e-14,0
446,35881,42002,2.8459732953e-12,-1.9422316587e-12,1.3117368303e-12,0
447,32239,42009,9.5360339692e-12,-7.0100907604e-12,4.0715451649e-13,0
447,37603,42001,5.7696182987e-12,3.4771178427e-12,1.0837940004e-12,0
447,26461,42003,5.7766393174e-12,-3.6810329829e-12,6.2567646744e-14,0
447,9955,42001,1.6950279109e-12,1.1581208757e-12,8.5003851469e-14,0
447,11614,42010,5.5783901135e-12,3.8769258199e-12,-1.4839426475e-12,0
447,34144,42001,3.5533425699e-12,-6.4050308560e-13,-1.4535851373e-12,0
447,1339,42002,1.7926379649e-12,1.2504788003e-12,-6.6249662376e-13,0
447,35881,42002,8.1720917361e-12,5.4892801530e-12,2.2458789302e-12,0
448,1339,42002,1.0702185010e-11,-8.3022558062e-12,-2.2540993735e-12,1
448,11614,42010,4.0285350652e-12,3.4628385101e-12,-7.6600742683e-13,0
448,37603,42001,3.4471183348e-12,-2.5283248341e-12,8.3096151697e-13,0
448,26461,42003,3.1009326272e-12,-1.5121474018e-12,-4.0088499985e-13,0
448,32239,42009,5.2437213888e-12,-4.2716481620e-12,-2.1763586536e-13,0
448,34144,42001,5.0618308904e-12,-1.0314105513e-12,-1.5567279829e-12,0
448,9955,42001,3.3334891323e-12,1.8416664477e-12,2.9953985052e-13,0
448,35881,42002,7.9028442433e-12,-6.2634955995e-12,7.1287407330e-13,0
449,26461,42003,2.4509166654e-12,-1.8171486264e-12,-7.4870145203e-14,0
449,32239,42009,7.2023496358e-12,6.0200061883e-12,5.5003455635e-13,0
449,37603,42001,4.5702864991e-12,-3.2674588270e-13,7.9828692870e-13,0
449,9955,42001,8.3138499228e-12,-5.8784588373e-12,-4.9016408277e-13,0
449,11614,42010,2.9659323004e-12,5.1992586500e-13,-4.9835039952e-13,0
449,34144,42001,4.2534294541e-12,-2.8997574734e-12,-1.6560116130e-12,0
449,35881,42002,7.5134993720e-12,7.2002069191e-12,1.9391177958e-12,0
450,34144,42001,7.4224760089e-12,-1.3124719391e-12,-1.7936756272e-12,0
450,9955,42001,6.8635413251e-12,-3.3842383608e-13,-6.4096022601e-13,0
450,35881,42002,5.9370001696e-12,4.3799068341e-12,1.7058884165e-12,0
450,26461,42003,4.8343721354e-12,-9.2032546542e-13,-1.2603257814e-13,0
450,37603,42001,3.4175131340e-12,1.9871721711e-12,9.9697377639e-13,0
450,32239,42009,4.1069964296e-12,-6.5888335549e-13,8.5345798863e-14,0
450,11614,42010,2.6492995302e-12,-2.5322794095e-12,-1.1360360120e-12,0
451,11614,42010,2.8505218847e-12,-7.0998230532e-13,-6.0045207373e-13,0
451,37603,42001,7.0198182195e-12,-5.0689856117e-12,5.8082679664e-13,0
451,26461,42003,7.5954236353e-12,6.2393008032e-12,7.7723216279e-13,0
451,34144,42001,6.0136905016e-12,-3.9801161061e-13,-1.9610445291e-12,0
451,32239,42009,2.7380654280e-12,2.4930421182e-12,-1.6298319341e-13,0
451,35881,42002,4.6968490331e-12,-3.3421758866e-12,1.3655019752e-12,0
451,9955,42001,6.8654690585e-12,-3.1611023126e-12,-8.8525485409e-13,0
452,32239,42009,5.9847353038e-12,-1.8687609747e-13,-2.4231470994e-13,0
452,26461,42003,7.3404755379e-12,-7.2983914510e-12,-1.0957894484e-13,0
452,9955,42001,3.0140470672e-12,2.1912646696e-12,-8.5457533346e-13,0
452,37603,42001,6.2085978913e-12,-4.4059634948e-12,-8.0461710004e-14,0
452,34144,42001,3.2210936505e-12,-2.1438784281e-12,-1.7878462519e-12,0
452,11614,42010,6.7446026991e-12,-6.2521595192e-12,-1.2296624725e-12,0
452,35881,42002,8.2459599043e-12,7.7063055487e-12,1.6670355855e-12,0
453,34144,42001,3.7880850987e-12,-2.2264523638e-13,-2.2669591127e-12,0
453,35881,42002,6.9721972503e-12,4.9199444205e-12,2.1762890291e-12,0
453,37603,42001,7.2363328418e-12,-5.7523700357e-13,-7.3154845108e-14,0
453,11614,42010,1.9327911225e-12,1.9296535925e-12,-3.1940133159e-13,0
453,26461,42003,4.8048013246e-12,3.0202382101e-12,2.7045912097e-13,0
453,9955,42001,6.1753626867e-12,-5.6587986069e-12,-1.8232841841e-12,0
453,32239,42009,3.9154060733e-12,-9.1950104279e-13,-2.9432175066e-13,0
454,32239,42009,4.5435122210e-12,-8.0551826882e-13,-7.1249842468e-13,0
454,26461,42003,3.1082402963e-12,2.2487281020e-12,2.5224227723e-13,0
454,37603,42001,6.1319672697e-12,2.9983356448e-12,4.2100756390e-13,0
454,9955,42001,9.8105310281e-12,-5.2026835609e-13,-1.2013073404e-12,0
454,11614,42010,5.1595530378e-12,-3.2244169276e-12,-5.9744992929e-13,0
454,34144,42001,4.4815161433e-12,3.9354312775e-12,-1.4756759915e-12,0
454,35881,42002,2.1688770639e-12,-1.8937251957e-12,1.4889221125e-12,0
455,32239,42009,4.8754110309e-12,-3.5737101976e-12,-5.4666444430e-13,0
455,37603,42001,4.2222077317e-12,1.4359543002e-12,1.2893843966e-13,0
455,11614,42010,3.2780748250e-12,-1.6492276118e-12,-9.3426687147e-13,0
455,26461,42003,7.0656939292e-12,-6.4297217944e-12,-4.9360345332e-13,0
455,34144,42001,7.8326261518e-12,-4.7579178121e-12,-1.7668651428e-12,0
455,9955,42001,7.9518737994e-12,-2.3452822890e-12,-1.4842531554e-12,0
455,35881,42002,9.8096811899e-12,6.2979821772e-12,2.2551997712e-12,0
456,26461,42003,2.6195602422e-12,1.8171059586e-12,-8.3333946478e-13,0
456,32239,42009,4.1040048372e-12,1.1335824218e-12,-7.7795971563e-13,0
456,34144,42001,7.4201074235e-12,4.0383139682e-12,-5.4328508910e-13,0
456,37603,42001,4.4041747090e-12,6.2686147179e-13,-2.3798153963e-13,0
456,11614,42010,8.5594996048e-12,1.7347537330e-12,-2.8439682530e-13,0
456,9955,42001,5.9542840590e-12,-1.1129665336e-13,-1.2822578898e-12,0
456,35881,42002,5.4859307002e-12,2.9881545241e-13,2.4793044823e-12,0
457,37603,42001,5.5361050249e-12,-4.0364305508e-12,-9.8933637899e-13,0
457,26461,42003,6.7856441263e-12,-1.2669824769e-12,-5.9193441418e-13,0
457,32239,42009,7.1774810543e-12,-1.6275266556e-12,-2.3970330514e-13,0
457,34144,42001,3.2290403525e-12,-2.7151822556e-12,-7.5075300609e-13,0
457,11614,42010,4.8035331858e-12,8.8825036296e-13,-5.8326437099e-13,0
457,9955,42001,4.8534882891e-12,-4.5991239938e-12,-1.8579823768e-12,0
457,35881,42002,1.1008616746e-11,6.2302491653e-12,2.5534013836e-12,0
458,34144,42001,5.9815001482e-12,1.1783143574e-12,-5.2978051523e-13,0
458,35881,42002,3.9802365678e-12,3.3594204798e-12,3.5156929915e-12,0
458,26461,42003,7.0862799139e-12,5.5750117297e-12,1.1678149896e-13,0
458,9955,42001,4.8448766950e-12,4.5473402018e-12,-1.5874150014e-12,0
458,37603,42001,2.4384356582e-12,1.4189980351e-12,-5.9460409206e-13,0
458,11614,42010,2.4806006074e-12,-7.7459977861e-13,-1.0070081999e-12,0
458,32239,42009,4.6113779911e-12,4.5301789996e-12,6.4047941101e-13,0
459,32239,42009,2.0841365931e-12,-5.0492527096e-14,3.3429539473e-14,0
459,26461,42003,3.2493226481e-12,-2.9961193872e-12,-1.1155771228e-15,0
459,11614,42010,6.2573385997e-12,-2.0390961864e-12,-1.2629104050e-12,0
459,37603,42001,8.2503133141e-12,-5.0383675920e-12,-1.0657662630e-12,0
459,9955,42001,8.7357633268e-12,-3.6691676342e-12,-1.3664858811e-12,0
459,34144,42001,8.5465483437e-12,-6.0612705520e-12,-8.4593182308e-13,0
459,35881,42002,3.6921068675e-12,3.5339803222e-12,3.1490703318e-12,0
460,34144,42001,7.8759320538e-12,7.8316007609e-12,6.8475446917e-14,0
460,26461,42003,8.0293421547e-12,4.5261420899e-12,5.4353117841e-13,0
460,35881,42002,8.5574670527e-12,7.9223690130e-12,3.5033165497e-12,0
460,37603,42001,9.0750283757e-12,1.3067715159e-12,-1.1338063285e-12,0
460,9955,42001,4.9155694599e-12,2.4036758762e-12,-1.0922759098e-12,0
460,32239,42009,7.3336670083e-12,-3.6721084262e-12,-2.6789296759e-13,0
460,11614,42010,2.3347077329e-12,-3.9938568157e-13,-1.0496210322e-12,0
461,32239,42009,5.4009023546e-12,3.7668152597e-12,-1.4051565344e-13,0
461,26461,42003,5.2184044605e-12,-2.9437331083e-12,-3.7477221275e-13,0
461,37603,42001,7.0764911533e-12,-7.0457371335e-12,-1.3314814807e-12,0
461,11614,42010,5.0613196947e-12,1.0350389418e-12,-8.7511890749e-13,0
461,34144,42001,6.7169568136e-12,-5.8097613414e-12,-4.7269952616e-13,0
461,35881,42002,4.7102627806e-12,4.3127047220e-13,3.8806611856e-12,0
461,9955,42001,1.8302858260e-12,-1.5416191032e-12,-9.3032758889e-13,0
462,34144,42001,2.5958688467e-12,-6.6180754577e-13,-3.2449243792e-13,0
462,26461,42003,4.1428839554e-12,-2.5439048579e-13,3.2962788377e-13,0
462,35881,42002,3.3114473669e-12,1.9029318563e-12,3.3003238163e-12,0
462,32239,42009,3.2348542717e-12,-1.0931153532e-12,-2.3113957901e-13,0
462,11614,42010,9.4820898947e-12,-3.5156030513e-12,-6.0146326071e-13,0
462,9955,42001,1.3341431923e-12,-1.0670522263e-12,-1.2561592785e-12,0
462,37603,42001,3.4243130976e-12,1.5612349702e-12,-7.3476163420e-13,0
463,11614,42010,9.2228207526e-12,6.2757458011e-12,-1.6685403985e-13,0
463,37603,42001,2.4184690926e-12,-6.5766900708e-13,-7.4300483455e-13,0
463,26461,42003,4.3057149101e-12,-3.6051752192e-12,-3.3291345916e-13,0
463,32239,42009,2.8750187160e-12,2.1628288553e-13,-1.1756118618e-13,0
463,34144,42001,3.6420791807e-12,2.4458277148e-12,-5.7645142802e-14,0
463,9955,42001,6.6185899008e-12,-8.1017891078e-13,-7.7129730887e-13,0
463,35881,42002,5.6613721050e-12,4.8917813798e-12,3.2975075123e-12,0
464,34144,42001,4.1532273810e-12,-3.0730552277e-13,-4.8191882283e-13,0
464,32239,42009,3.7916159949e-12,1.5158487129e-12,1.1457551199e-13,0
464,35881,42002,5.1377718052e-12,2.3468355076e-12,3.7215635826e-12,0
464,26461,42003,4.8776615952e-12,3.9156896160e-12,-1.6621730777e-13,0
464,9955,42001,2.4423024826e-12,-1.3190398289e-13,-7.3246087155e-13,0
464,37603,42001,4.0608794885e-12,-2.2026696023e-12,-1.2631053593e-12,0
464,11614,42010,7.6797700668e-12,-6.2143721022e-12,-4.6584955731e-13,0
465,26461,42003,2.9744471488e-12,-1.6066618287e-12,3.1608868880e-13,0
465,37603,42001,4.1651054503e-12,-2.4760039344e-12,-1.6543011827e-12,0
465,11614,42010,6.9046197828e-12,1.1451529486e-12,-1.8641150127e-13,0
465,34144,42001,5.3879305428e-12,5.3081515379e-12,5.2468811217e-13,0
465,32239,42009,5.1752509569e-12,1.5142594551e-12,6.2337247727e-13,0
465,35881,42002,2.3429617332e-12,2.3402412384e-12,3.3257894887e-12,0
465,9955,42001,5.5207392269e-12,4.0615034203e-12,-9.1782300618e-14,0
466,34144,42001,2.7533112528e-12,-2.5557924151e-12,-1.3472252615e-13,0
466,32239,42009,7.1150186969e-12,-1.6576921013e-12,3.4424502496e-13,0
466,35881,42002,5.6330244130e-12,-3.0172572941e-12,2.9941822140e-12,0
466,9955,42001,3.2521193500e-12,-3.1895415616e-12,-3.9960679144e-13,0
466,26461,42003,1.7428952982e-12,1.4195963653e-12,2.7633772948e-13,0
466,37603,42001,3.6692715016e-12,-3.1179275492e-12,-2.0287800848e-12,0
466,11614,42010,3.1048581051e-12,-2.2401817521e-12,-5.8390504977e-13,0
467,11614,42010,2.5980767247e-12,1.4500730941e-12,-5.2772277666e-13,0
467,37603,42001,2.5340664608e-12,2.0567949527e-12,-1.4194575345e-12,0
467,26461,42003,2.9114803519e-12,2.6072895797e-12,6.6376493514e-13,0
467,34144,42001,5.2716577707e-12,4.4509041151e-12,5.8188611091e-13,0
467,32239,42009,3.4686388855e-12,1.6767905677e-12,6.7467674729e-13,0
467,35881,42002,9.8016900602e-12,9.0153871658e-12,3.2726960141e-12,0
467,9955,42001,6.6238916866e-12,8.7513188491e-14,6.9056926791e-14,0
468,32239,42009,1.9047425591e-12,1.1292458475e-12,3.3458343208e-13,0
468,34144,42001,3.9455417217e-12,-1.5808001038e-12,3.0597466480e-13,0
468,11614,42010,1.0175354939e-11,-3.6787570708e-12,-8.1813850587e-13,0
468,26461,42003,6.9357163191e-12,-2.9349749425e-12,-1.8723373207e-13,0
468,37603,42001,5.1720525016e-12,1.1374716541e-12,-1.4476101726e-12,0
468,9955,42001,6.9210796848e-13,1.2393258255e-13,-3.7328383514e-13,0
468,35881,42002,5.1303573715e-12,3.8802934536e-12,3.3247833115e-12,0
469,26461,42003,1.1346438033e-11,6.3895732018e-12,7.5133552683e-13,0
469,34144,42001,5.3162486867e-12,2.5134373300e-12,1.1634454530e-12,0
469,37603,42001,6.1420396554e-12,-1.7941509431e-12,-1.1231885077e-12,0
469,11614,42010,2.8160060414e-12,4.4774458269e-13,-5.6945442896e-13,0
469,32239,42009,4.0997285730e-12,-1.9266275645e-12,1.4696992833e-13,0
469,35881,42002,6.7576774989e-12,-4.1994651851e-12,2.5514387607e-12,0
469,9955,42001,5.9926477878e-12,-2.3556743816e-12,-2.4193450988e-13,0
470,32239,42009,4.0621360539e-12,3.4020202060e-12,8.5438279155e-13,0
470,11614,42010,5.6579930611e-12,1.2202730182e-12,-4.0748855898e-13,0
470,34144,42001,1.8995754554e-12,-1.0518295455e-12,2.7510242236e-13,0
470,9955,42001,1.6524336275e-12,1.3187268062e-12,-3.5042941688e-13,0
470,6787,42003,5.2912030069e-12,-2.0904413689e-16,-2.0904413689e-17,0
470,35881,42002,6.0351206500e-12,5.4720051085e-12,2.3064023703e-12,0
470,37603,42001,3.8946097108e-12,1.4619397917e-12,-1.1076716801e-12,0
470,26461,42003,3.7023289125e-12,3.4168395472e-12,6.4040527256e-13,0
471,37603,42001,5.0930360660e-12,-9.4055545660e-14,-4.1250352129e-13,0
471,26461,42003,1.2870041142e-12,1.1656856640e-12,1.0513471498e-12,0
471,34144,42001,7.9626548960e-12,-5.8869801694e-12,2.6738053956e-13,0
471,11614,42010,3.5541559925e-12,2.0093714319e-13,-4.9089873884e-13,0
471,32239,42009,7.6307920608e-12,2.7344002536e-12,7.5114129094e-13,0
471,35881,42002,2.8995646608e-12,2.2657029226e-12,2.4898456153e-12,0
471,9955,42001,5.5860744533e-12,-2.7637621284e-12,-4.7264371941e-13,0
471,6787,42003,6.9381873301e-12,-2.0206556472e-12,-2.0208646913e-13,0
472,34144,42001,4.7242964932e-12,1.4169312366e-12,4.7525441780e-13,0
472,6787,42003,7.7531005499e-12,7.4383798445e-12,5.4175151531e-13,0
472,11614,42010,6.5944977144e-12,6.0735359280e-12,4.6801515910e-13,0
472,32239,42009,2.5127450127e-12,2.3715588796e-12,1.0976087142e-12,0
472,26461,42003,6.3379517122e-12,2.6189097172e-12,1.3386771701e-12,0
472,9955,42001,8.0782666056e-12,-1.4850463498e-12,-5.1444313175e-13,0
472,37603,42001,2.3070873075e-12,3.3938672411e-13,-5.3468834590e-13,0
472,35881,42002,3.5434789085e-12,2.6080500904e-12,2.5603574387e-12,0
473,6787,42003,1.0682977776e-11,7.1270372199e-13,6.1302188751e-13,0
473,26461,42003,6.5259130677e-12,1.6107395606e-12,1.8602686481e-12,0
473,37603,42001,4.3721567011e-12,3.7976337670e-12,-8.9158068491e-14,0
473,32239,42009,6.3171144345e-12,1.7077891802e-12,1.2467593437e-12,0
473,11614,42010,3.2970979558e-12,-1.3811912656e-13,-1.7337133367e-13,0
473,34144,42001,5.0213656146e-12,-2.1725020777e-12,1.3421438544e-14,0
473,9955,42001,5.4900972786e-12,-2.6407999454e-12,-6.9750523522e-13,0
473,35881,42002,8.1526612962e-12,3.5537605906e-12,2.4265553598e-12,0
474,34144,42001,1.7418464567e-12,1.5069642575e-12,1.9484841657e-13,0
474,11614,42010,3.9514945031e-12,-3.0471528160e-12,1.4335059494e-13,0
474,26461,42003,7.4078068449e-12,2.3886337376e-12,1.7075630602e-12,0
474,32239,42009,3.6683233798e-12,6.0733779744e-13,1.1559082521e-12,0
474,35881,42002,2.8201333540e-12,9.7186687590e-13,2.2890584967e-12,0
474,37603,42001,3.1883597695e-12,-1.3740590520e-12,-6.2970134638e-15,0
474,9955,42001,5.1611401544e-12,-3.4570302592e-12,-1.0300178628e-12,0
474,6787,42003,8.6031367708e-12,4.7006762992e-12,1.0830895174e-12,0
475,37603,42001,5.7848162219e-12,-1.0178087330e-13,2.3112529264e-13,0
475,6787,42003,7.6050746502e-12,-5.3175369017e-12,5.5133582726e-13,0
475,32239,42009,5.4178211003e-12,4.5184016848e-12,1.4563224751e-12,0
475,26461,42003,2.9066499871e-12,2.3670276573e-12,2.1049320088e-12,0
475,34144,42001,1.0910688481e-11,4.2864454092e-12,9.2677803696e-14,0
475,35881,42002,1.7344392790e-12,-1.6761422241e-12,1.8874201504e-12,0
475,11614,42010,3.2889630914e-12,5.9897057235e-13,8.8732357317e-14,0
475,9955,42001,2.5168539532e-12,1.8379740221e-12,-1.2523708027e-12,0
476,26461,42003,5.8977678746e-12,5.5216339651e-12,2.5151357688e-12,0
476,11614,42010,8.6334445988e-12,7.5105793901e-12,1.0638084715e-12,0
476,37603,42001,3.9518984104e-12,2.5943711302e-12,8.0235516058e-13,0
476,34144,42001,7.2941429620e-12,-6.3905698429e-12,-2.9079993909e-13,0
476,9955,42001,6.8004491364e-12,-3.5976722522e-12,-1.2931838717e-12,0
476,32239,42009,2.2791822821e-12,1.3021838297e-12,1.7523100682e-12,0
476,6787,42003,7.1966591398e-12,7.0583164207e-12,1.2571674693e-12,0
476,35881,42002,4.1742187494e-12,2.5384914064e-12,2.4429950205e-12,0
477,26461,42003,4.0439465872e-12,-1.4229257338e-12,2.1121142375e-12,0
477,6787,42003,8.7044622478e-12,-1.8770056015e-12,1.0694669092e-12,0
477,37603,42001,5.5857459769e-12,-1.0681505778e-12,4.8986060753e-13,0
477,32239,42009,9.3674649863e-12,-6.2070066154e-12,9.6393034990e-13,0
477,9955,42001,7.7435361901e-13,6.2841756457e-13,-1.2390934341e-12,0
477,11614,42010,5.4792232870e-12,-5.3977146291e-12,3.7902969922e-13,0
477,34144,42001,7.5481226058e-12,3.0476731881e-12,-4.3112303179e-13,0
477,35881,42002,8.7657373133e-12,5.9411610872e-12,2.1355724126e-12,0
478,34144,42001,3.4051263358e-12,-2.8540994379e-12,-5.5845296521e-13,0
478,35881,42002,3.7325258898e-13,-8.6199041486e-14,1.7389231631e-12,0
478,11614,42010,6.2020873159e-12,4.1317083026e-12,1.1600762366e-12,0
478,37603,42001,5.8505389219e-12,-5.3744531192e-12,-1.6133186980e-13,0
478,32239,42009,3.9179781343e-12,3.2581596741e-12,1.1768217326e-12,0
478,9955,42001,6.8923479427e-12,-3.9373835616e-12,-1.6452250485e-12,0
478,26461,42003,5.3004127799e-12,4.4558488584e-12,2.8511966176e-12,0
478,6787,42003,6.8038353157e-12,-1.1068422613e-12,9.5878268304e-13,0
479,6787,42003,2.8340278346e-12,1.4552443748e-12,1.1043071205e-12,0
479,26461,42003,1.0298606737e-11,3.2926754394e-12,2.5415068413e-12,0
479,32239,42009,2.7704272528e-12,-4.1219634988e-13,1.3282648540e-12,0
479,37603,42001,2.4107853439e-12,-1.3594703621e-12,-1.1786381170e-13,0
479,9955,42001,4.2792816365e-12,1.5964860381e-12,-1.2500090066e-12,0
479,34144,42001,4.4165654714e-12,-1.6763812435e-12,-9.7743482257e-13,0
479,11614,42010,6.8920149616e-12,-6.4454779647e-12,4.7075398182e-13,0
479,35881,42002,6.4579548697e-12,-5.1317869690e-12,1.6456909847e-12,0
480,11356,42001,3.3653209329e-12,1.7579164534e-16,1.7579164534e-17,0
480,11614,42010,7.5025883522e-12,5.9273535080e-12,9.4146203079e-13,0
480,37603,42001,4.1811242244e-12,-5.9107541180e-15,-2.6464886628e-13,0
480,32239,42009,6.4826597979e-12,4.5100193677e-12,1.4390647702e-12,0
480,9955,42001,3.8333864160e-12,-2.7729970427e-12,-1.6591813914e-12,0
480,34144,42001,2.2004053332e-12,-4.1175092669e-13,-9.1342696068e-13,0
480,26461,42003,5.8595094180e-12,-4.6991657981e-12,1.7299063068e-12,0
480,6787,42003,8.4051355615e-12,1.3683368474e-12,1.2411617097e-12,0
480,35881,42002,6.3286910318e-12,4.9266599582e-12,1.5911564697e-12,0
481,34144,42001,2.3914934713e-12,-2.1512187660e-12,-5.3985082035e-13,0
481,26461,42003,1.0402143149e-11,4.6335769411e-12,2.0766954345e-12,0
481,32239,42009,7.6365618076e-12,-5.2498715390e-12,6.4063759092e-13,0
481,6787,42003,4.5419117085e-12,2.6314163363e-12,1.7063689080e-12,0
481,37603,42001,4.0394528339e-12,-3.8312698262e-12,-6.3837029433e-13,0
481,35881,42002,5.2248727954e-12,-1.7998239161e-12,1.1846037858e-12,0
481,11356,42001,4.5897533620e-12,-2.2054483143e-12,-2.2052725227e-13,0
481,11614,42010,7.5661760437e-12,-6.4468772125e-12,2.7668059522e-13,0
481,9955,42001,3.9508216744e-12,-8.0229535120e-13,-1.4630347137e-12,0
482,11356,42001,7.6039817618e-12,2.2216861248e-12,1.6413602118e-15,0
482,11614,42010,3.9230380007e-12,-2.2487092476e-12,-5.5554392234e-13,0
482,9955,42001,7.9937684507e-12,6.8527516652e-14,-1.3076773271e-12,0
482,32239,42009,8.2628297262e-12,-1.1109467883e-13,3.9237223508e-13,0
482,34144,42001,5.8718946289e-12,2.9877557287e-12,-3.8276837114e-13,0
482,37603,42001,5.8662948384e-12,2.2791256089e-12,-4.4439640585e-13,0
482,26461,42003,5.8532506831e-12,-5.7522347761e-12,1.2395809852e-12,0
482,35881,42002,4.8183834257e-12,4.7430343403e-12,1.3981022108e-12,0
482,6787,42003,1.0745033226e-11,-9.8410171855e-12,-2.1570794964e-14,1
483,26461,42003,1.0116944013e-11,9.5523724680e-12,2.0337442759e-12,0
483,34144,42001,4.7674258228e-12,-3.2656995580e-12,-4.9208811917e-13,0
483,32239,42009,4.6586318339e-12,-3.7309786407e-12,-1.5150454701e-13,0
483,35881,42002,6.9495212623e-12,-1.6657720980e-12,8.7614894194e-13,0
483,37603,42001,8.0352813456e-12,6.8681160419e-12,-1.3734817836e-13,0
483,11356,42001,6.4649869534e-12,3.1541859106e-12,3.1705995127e-13,0
483,11614,42010,5.2417140838e-12,2.2343465399e-12,-3.1829735569e-13,0
483,6787,42003,4.1831939139e-12,2.6650750766e-16,2.6650750766e-17,0
483,9955,42001,5.2230522795e-12,5.0096906140e-12,-5.4262827114e-13,0
484,6787,42003,4.5367170307e-12,-1.1183426813e-12,-1.1180761737e-13,0
484,11356,42001,3.6106177300e-12,2.1073756345e-12,5.2779751472e-13,0
484,11614,42010,2.9313160738e-12,9.4609293724e-14,-4.1211447184e-15,0
484,37603,42001,6.2111488420e-12,3.2833073289e-12,3.2838845973e-13,0
484,34144,42001,6.1341013773e-12,-3.4095792778e-12,-9.8374247270e-13,0
484,32239,42009,4.0265478319e-12,2.1200704142e-13,-1.9103762261e-13,0
484,35881,42002,6.1479107219e-12,5.5579614187e-12,1.3347583962e-12,0
484,26461,42003,8.2951438389e-12,-8.1662957831e-12,9.7825132384e-13,0
484,9955,42001,1.0533160698e-11,-7.6163044253e-12,-9.5855568775e-13,0
485,6787,42003,4.7049387202e-12,4.2483985068e-12,3.1303223330e-13,0
485,32239,42009,2.4258643578e-12,-1.4621080290e-12,-7.8908859399e-13,0
485,26461,42003,4.8097875506e-12,2.7931191116e-12,1.0208604693e-12,0
485,9955,42001,5.0693371159e-12,2.8756750538e-12,-8.5478558458e-13,0
485,34144,42001,6.5878720362e-12,-4.5710329656e-12,-1.8694903102e-12,0
485,37603,42001,3.9164993991e-12,7.1203278984e-13,4.0976982605e-13,0
485,35881,42002,2.9329207191e-12,-3.8928097568e-13,1.4634445211e-12,0
485,11356,42001,8.7969504190e-12,5.1373712290e-12,1.0415346376e-12,0
485,11614,42010,3.6822201613e-12,1.0654726178e-12,4.2529059829e-14,0
486,9955,42001,3.7928082685e-12,3.1362027796e-12,-1.8139808140e-13,0
486,37603,42001,2.5564341542e-12,3.8844328650e-13,1.8917704168e-13,0
486,11356,42001,3.9051862011e-12,3.2678571356e-12,1.3683203512e-12,0
486,11614,42010,5.7134641916e-12,-2.2260473760e-12,-9.3113361678e-13,0
486,26461,42003,5.1012963865e-12,-8.1568255311e-13,3.8712881745e-13,0
486,34144,42001,1.8489709153e-12,-9.3776536962e-14,-1.2398109796e-12,0
486,35881,42002,8.6708106811e-12,7.0868829972e-12,1.9182836801e-12,0
486,32239,42009,7.5191510166e-12,-6.5279816390e-12,-1.5721051409e-12,0
486,6787,42003,4.9065141897e-12,-3.7779770237e-12,-6.4765469065e-14,0
487,32239,42009,7.8337289943e-12,7.0743254335e-12,-2.4397193598e-13,0
487,6787,42003,2.7652437389e-12,-2.7649561713e-12,-3.4126108619e-13,0
487,34144,42001,7.2872369157e-12,-4.5010839177e-12,-1.9946866902e-12,0
487,35881,42002,5.1751314187e-12,-4.4800459776e-13,1.2793671116e-12,0
487,11356,42001,5.6472904994e-12,-2.3269391094e-12,1.1356264402e-12,0
487,11614,42010,6.4381787616e-12,8.3421341657e-13,-3.0794081221e-13,0
487,26461,42003,3.1553326925e-12,2.8737946225e-12,8.1680085308e-13,0
487,37603,42001,9.5734680883e-12,-8.8433627501e-12,-5.8834417555e-13,1
487,9955,42001,4.0697990322e-12,-3.6766564323e-12,-6.1190548109e-13,0
488,11356,42001,7.0284717685e-12,6.2991393105e-12,1.7655403713e-12,0
488,11614,42010,2.3462425038e-12,1.3453471160e-12,-5.8657693088e-13,0
488,9955,42001,4.3112185769e-12,3.2397170136e-12,1.0580457643e-13,0
488,26461,42003,6.6308105712e-12,-1.9005633527e-12,1.8115963197e-13,0
488,34144,42001,5.8288944824e-12,3.0232209204e-12,-1.4069546543e-12,0
488,6787,42003,7.0866242217e-12,-5.6044066592e-12,-9.0170175212e-13,0
488,32239,42009,2.3928021382e-12,-1.5337828354e-13,-5.8512573174e-13,0
488,35881,42002,6.4579055948e-12,-1.4692944130e-12,1.1410575745e-12,0
489,32239,42009,4.1432656147e-12,-3.2673521972e-12,-8.7064131647e-13,0
489,26461,42003,9.4269735882e-12,8.3096158704e-12,6.8285367506e-13,0
489,34144,42001,2.9344080852e-12,2.4376147862e-12,-9.9555505135e-13,0
489,6787,42003,5.2546126136e-12,5.4976594648e-13,-8.4672515747e-13,0
489,35881,42002,5.8069101024e-12,1.1926222322e-12,1.7734984946e-12,0
489,11356,42001,3.4722226768e-12,2.5152708630e-13,1.7906930799e-12,0
489,11614,42010,5.0334787297e-12,-4.4744442346e-12,-3.8947355786e-13,0
489,9955,42001,3.1041854119e-12,-1.8500649723e-13,-7.2344677109e-14,0
490,34144,42001,4.9708658302e-12,-2.5566818661e-12,-1.2100481453e-12,0
490,11356,42001,6.6927596293e-12,1.7348546913e-12,1.9641609699e-12,0
490,11614,42010,5.7623826279e-12,8.9282076555e-13,-8.9292683211e-13,0
490,26461,42003,5.9163296970e-12,3.4582143773e-12,1.4985916926e-12,0
490,32239,42009,5.1894638511e-12,-1.6428685443e-12,-1.4859301077e-12,0
490,35881,42002,2.1071571111e-12,-8.1689356421e-13,1.1991431424e-12,0
490,9955,42001,3.8708926374e-12,-3.7315575926e-12,-1.6820073210e-13,0
490,6787,42003,9.3203690064e-12,-6.0859559792e-12,-1.4553207554e-12,0
491,32239,42009,3.6557710901e-12,-1.3887457800e-12,-1.0998175318e-12,0
491,34144,42001,3.1597957874e-12,-1.4096527747e-12,-1.1358915462e-12,0
491,35881,42002,7.4775846369e-12,2.6808434123e-12,1.6472098752e-12,0
491,9955,42001,8.3049954991e-12,6.3239959034e-12,5.4442839337e-13,0
491,26461,42003,3.6792483598e-12,2.2826021598e-13,1.0580600201e-12,0
491,11356,42001,4.2077725646e-12,-8.3074257021e-13,2.1016315443e-12,0
491,11614,42010,8.4176552723e-12,-7.3142982429e-12,-9.7966893514e-13,0
491,6787,42003,2.8495507628e-12,-1.5643425072e-12,-1.6117550061e-12,0
492,6787,42003,3.5774333042e-12,-1.1685578692e-12,-1.7286107930e-12,0
492,11356,42001,3.7795013455e-12,-2.7544402554e-12,1.6040189063e-12,0
492,26461,42003,4.9508676556e-12,4.7713471751e-12,2.1104182152e-12,0
492,34144,42001,5.6056006877e-12,-5.2114322143e-12,-1.9558103405e-12,0
492,11614,42010,4.6675718214e-12,-9.2079329006e-13,-8.4687733939e-13,0
492,9955,42001,3.5315401330e-12,-2.7261131435e-12,2.6496432735e-13,0
492,35881,42002,5.6761072196e-12,4.9540410752e-12,1.6683105487e-12,0
492,32239,42009,5.6052472829e-12,-4.5873418011e-12,-1.5474422440e-12,0
493,34144,42001,3.5951292628e-12,-3.5813016856e-12,-1.9873705532e-12,0
493,6787,42003,3.5289923380e-12,-2.8304343769e-12,-2.0116808815e-12,0
493,26461,42003,6.5652767769e-12,4.4141291405e-12,1.5965938824e-12,0
493,35881,42002,4.7316325292e-12,-9.3896088049e-13,1.7409916704e-12,0
493,11356,42001,7.4768245495e-12,5.3304737203e-12,1.8216476873e-12,0
493,11614,42010,4.4222263630e-12,-1.7363555677e-12,-1.2439475501e-12,0
493,9955,42001,8.9807839940e-12,4.4062811234e-12,2.0462337829e-13,0
493,32239,42009,4.0325022515e-12,-8.7272268900e-13,-1.2616166488e-12,0
494,32239,42009,4.0112391926e-12,-8.0526230699e-13,-1.3633435837e-12,0
494,26461,42003,4.2144761108e-12,-2.6140234461e-12,2.1518211161e-12,0
494,11356,42001,9.3462212345e-13,4.2186732342e-13,1.6530968562e-12,0
494,11614,42010,3.4611032761e-12,1.8998654967e-12,-1.0634219299e-12,0
494,34144,42001,5.4288724116e-12,-2.8186969300e-13,-1.6745995947e-12,0
494,6787,42003,5.9218525293e-12,-4.3460645426e-13,-1.9433072588e-12,0
494,9955,42001,5.3688176308e-12,-4.5055832686e-12,5.1569549396e-13,0
494,35881,42002,1.0272906364e-11,4.3070946669e-12,1.6159049953e-12,0
495,32239,42009,5.7930524374e-12,1.1617017809e-12,-1.1009626027e-12,0
495,26461,42003,4.9123662668e-12,2.4886644660e-12,2.1213756516e-12,0
495,9955,42001,1.7293198319e-12,-6.4359294478e-13,1.6376869410e-13,0
495,11356,42001,6.6581197771e-12,6.4850830343e-12,1.7878680367e-12,0
495,11614,42010,2.7861497535e-12,2.2131049873e-12,-9.4865869291e-13,0
495,6787,42003,5.5029653418e-12,4.6429125123e-12,-1.9038558582e-12,0
495,34144,42001,6.0815249773e-12,5.4803703050e-12,-6.6945926769e-13,0
495,35881,42002,9.6275983824e-12,-1.9636401871e-12,1.4584690741e-12,0
496,34144,42001,3.8062284892e-12,-2.4090644115e-12,-9.0098805514e-13,0
496,32239,42009,7.4833636594e-12,-4.4390166123e-12,-8.9206610000e-13,0
496,26461,42003,9.7875404362e-12,6.2680780616e-13,2.2656246875e-12,0
496,11356,42001,1.7509634784e-12,1.6684502941e-12,1.6279273525e-12,0
496,35881,42002,5.2944930855e-12,1.2192046453e-12,8.7170123893e-13,0
496,11614,42010,3.7294988756e-12,-1.4187470947e-12,-8.6792866479e-13,0
496,6787,42003,7.2301450140e-12,-5.9983112391e-12,-2.1258892798e-12,0
496,9955,42001,5.7527109293e-12,-2.3344998612e-12,-3.8330156998e-13,0
497,11356,42001,8.8664997618e-12,2.3585831374e-12,2.0964795772e-12,0
497,11614,42010,3.5456278631e-12,2.2218584207e-12,-7.2916416438e-13,0
497,6787,42003,4.1693853599e-12,1.9195249345e-12,-1.6574411692e-12,0
497,34144,42001,9.9494841261e-12,7.8450511174e-12,3.3362544837e-13,0
497,26461,42003,5.6409903989e-12,3.8798001432e-13,2.0170432267e-12,0
497,9955,42001,3.8993583994e-12,3.5583718445e-12,3.4020125770e-13,0
497,35881,42002,2.6655584783e-12,2.1305201558e-12,1.1295537143e-12,0
497,32239,42009,7.7738934169e-12,7.6027267850e-12,-8.3922596485e-13,0
498,32239,42009,7.4149244819e-12,-7.2518284546e-12,-1.5490709820e-12,0
498,26461,42003,6.1822769626e-12,4.8211478305e-12,2.6892143450e-12,0
498,9955,42001,6.3118715781e-12,-2.2838209186e-12,-2.1215253552e-13,0
498,34144,42001,9.2485420574e-13,-5.5082127293e-13,-2.3778770962e-14,0
498,11356,42001,3.4358421091e-12,-2.6782245140e-12,1.1987431947e-12,0
498,11614,42010,3.2164666200e-12,7.2092079912e-13,-7.9160679606e-13,0
498,35881,42002,2.5971241095e-12,1.0913930467e-12,1.3856224603e-12,0
498,6787,42003,6.5941087598e-12,7.3197812477e-13,-1.0238026908e-12,0
499,34144,42001,7.0310930043e-12,3.1924108826e-12,5.1700838675e-14,0
499,9955,42001,4.2543308272e-12,1.3926751487e-12,-5.4384370926e-14,0
499,11356,42001,4.8513160134e-12,8.2302074044e-13,1.2558925602e-12,0
499,11614,42010,5.8161794285e-12,-1.1205839178e-14,-3.4528295652e-13,0
499,35881,42002,2.7451496061e-12,1.3649806465e-13,1.2800100435e-12,0
499,26461,42003,2.7271789494e-12,-6.8388122874e-13,1.7898646351e-12,0
499,32239,42009,6.6871075295e-12,6.6328603949e-12,-5.5904972274e-13,0
499,6787,42003,9.1924312982e-12,1.2914682071e-14,-1.0774878172e-12,0
500,26461,42003,6.6043169458e-12,-5.0218581189e-12,9.4185738548e-13,0
500,34144,42001,6.0628024873e-12,1.5126234889e-12,4.5863137418e-13,0
500,6787,42003,9.2046014442e-12,-6.8845745541e-12,-1.1573496747e-12,0
500,11356,42001,1.8514950575e-12,-4.6280655003e-13,1.0361264360e-12,0
500,11614,42010,3.9980021044e-12,2.6538959502e-13,-4.0802607357e-13,0
500,32239,42009,5.4769122726e-12,1.3001199331e-12,-2.6475087500e-13,0
500,9955,42001,3.8109322560e-12,2.5387047699e-12,5.7264186532e-13,0
500,35881,42002,9.0066074460e-12,8.2843967903e-12,2.1901390789e-12,0
501,34144,42001,4.6896323462e-12,2.4822428216e-12,8.4782093381e-13,0
501,11356,42001,2.7069268688e-12,-9.2218010497e-13,1.0269826825e-12,0
501,32239,42009,4.7752395017e-12,4.4862874338e-12,3.2275244638e-13,0
501,11614,42010,3.6330756037e-12,-2.7902351805e-12,4.4380232665e-14,0
501,35881,42002,2.9941569009e-12,-9.8297635016e-13,1.8237571027e-12,0
501,9955,42001,4.4144099074e-12,-3.8500395400e-12,-4.4476167902e-13,0
501,26461,42003,7.5422380909e-12,7.4937579669e-12,1.6684071606e-12,0
501,6787,42003,4.9588470108e-12,7.0410955165e-13,-9.3050446882e-13,0
502,26461,42003,1.7814103920e-12,-1.2640961856e-12,1.0648628245e-12,0
502,32239,42009,4.9066251259e-12,-3.1214501594e-13,7.5027212490e-13,0
502,34144,42001,3.0463920012e-12,-5.2602211723e-13,1.3163619435e-12,0
502,11356,42001,7.1745250987e-12,-6.0617605994e-12,6.9625064814e-13,0
502,11614,42010,3.0987685958e-12,-3.7530442195e-13,9.8929119477e-14,0
502,9955,42001,5.4477376843e-12,-2.3075970113e-14,-1.7445796168e-13,0
502,35881,42002,7.6826207634e-12,4.6250474159e-12,1.7908577368e-12,0
502,6787,42003,7.4490652868e-12,-6.3180781198e-12,-1.4454564939e-12,0
503,34144,42001,6.2216342489e-12,5.7971387853e-12,2.2542059906e-12,0
503,32239,42009,3.3646989909e-12,2.7095685036e-12,1.1085012442e-12,0
503,11356,42001,1.9543789887e-12,1.4133843549e-12,3.0454171160e-13,0
503,35881,42002,3.8548615211e-12,-6.0866900921e-13,1.8238869239e-12,0
503,11614,42010,6.1310892737e-12,4.0084243580e-12,6.7340711204e-13,0
503,9955,42001,3.6606749178e-12,1.8008039745e-12,-4.3500567656e-13,0
503,26461,42003,3.9582792137e-12,-9.3403665927e-13,5.3004624452e-13,0
503,6787,42003,6.8306842195e-12,1.0061688894e-13,-1.1523513673e-12,0
504,6787,42003,1.6320691513e-12,1.4834489935e-12,-9.6054582252e-13,0
504,26461,42003,2.1060996653e-12,-1.7959558104e-12,6.1185300809e-13,0
504,34144,42001,5.4915673206e-12,-5.1553299732e-12,1.7668599626e-12,0
504,32239,42009,6.7603333042e-12,-5.8970552723e-12,5.9932194762e-13,0
504,11356,42001,5.9835669344e-12,-8.5677462173e-13,1.7667751708e-13,0
504,11614,42010,6.5789065507e-12,-6.1557364318e-12,-1.3215308080e-13,0
504,9955,42001,5.4468991088e-12,-3.7732499768e-12,-3.6177234738e-13,0
504,35881,42002,6.7621488676e-12,6.6158404640e-12,2.0547615036e-12,0
505,11356,42001,3.9706596973e-12,3.1583788629e-12,-1.5599290005e-13,0
505,34144,42001,2.0135140370e-12,-1.4587281498e-12,1.0729501171e-12,0
505,11614,42010,3.7103612099e-12,2.9387528546e-12,-5.9588294067e-14,0
505,32239,42009,1.0337604523e-11,9.7166870690e-12,1.4548204764e-12,0
505,26461,42003,9.5984774430e-12,-6.0718860997e-12,-2.4420204848e-13,0
505,9955,42001,1.5191340897e-12,9.6573067001e-13,-2.0083998590e-13,0
505,35881,42002,3.4594219163e-12,3.5974753114e-13,2.2871002754e-12,0
505,6787,42003,6.1150115767e-12,-1.3400223501e-12,-1.5588393088e-12,0
506,26461,42003,9.6561499266e-12,1.5102200856e-12,-1.5586082054e-13,0
506,34144,42001,3.9058510374e-12,6.5867641793e-13,1.3797242001e-12,0
506,32239,42009,8.3301473893e-12,2.1101127271e-13,1.9198232649e-12,0
506,6787,42003,8.8079835003e-12,2.6472976747e-13,-9.3253520811e-13,0
506,11356,42001,2.4669636509e-12,1.0072488703e-12,-2.2211304243e-13,0
506,35881,42002,4.8343905283e-12,3.9464287368e-12,2.5598226846e-12,0
506,11614,42010,3.6850630240e-12,2.0113840590e-12,2.8342482130e-13,0
506,9955,42001,4.9549932757e-12,-4.5562475086e-13,-1.2952474868e-14,0
507,34144,42001,3.9765269511e-12,3.6479040763e-12,9.6000949594e-13,0
507,11356,42001,8.3850513940e-12,-4.1545551706e-12,-8.7342687323e-13,0
507,11614,42010,5.3146016636e-12,-4.2342410080e-12,-3.6218512156e-13,0
507,32239,42009,1.0462682310e-11,6.5238267000e-12,1.8119332564e-12,0
507,26461,42003,8.9711756049e-12,8.8090620677e-13,-1.0656820129e-13,0
507,9955,42001,1.5257058651e-12,1.2255660811e-12,-2.4623305121e-13,0
507,35881,42002,2.6806361296e-12,-5.3807346839e-13,2.2929633222e-12,0
507,6787,42003,1.3520213270e-12,6.5030896958e-13,-1.0594568046e-12,0
508,34144,42001,2.9343300633e-12,2.2446637984e-12,1.2395580031e-12,0
508,26461,42003,4.8230985283e-12,1.0673236439e-12,-4.8195061995e-13,0
508,35881,42002,5.2754331263e-12,1.6922467212e-12,2.3530486896e-12,0
508,32239,42009,2.3450225220e-12,1.2655016597e-12,2.6636662679e-12,0
508,6787,42003,4.9766157158e-12,-1.8468910027e-12,-1.3173437174e-12,0
508,11356,42001,4.1702427634e-12,-3.2677401016e-12,-9.3237843199e-13,0
508,11614,42010,3.3874773125e-12,-9.1218768133e-13,-5.2549596960e-13,0
508,9955,42001,1.5610911263e-12,-6.0663464123e-13,-7.8514423476e-14,0
509,9955,42001,4.4976382192e-12,2.6311456594e-12,4.5332627597e-14,0
509,32239,42009,2.8886192893e-12,2.7055438589e-12,2.2709346143e-12,0
509,6787,42003,6.0905267735e-12,-4.3877992632e-12,-1.7574151119e-12,0
509,26461,42003,5.9650294956e-12,4.1878355190e-12,5.2210548154e-15,0
509,11356,42001,4.9551822037e-12,-3.2610037255e-12,-1.3407808786e-12,0
509,11614,42010,5.0739974090e-12,1.1994160839e-12,-4.0443377729e-13,0
509,34144,42001,3.7381954274e-12,2.5431233892e-12,1.1746292537e-12,0
509,35881,42002,5.6297955291e-12,1.8749967705e-12,2.5268985602e-12,0
510,6787,42003,5.8307900680e-12,-5.7061727408e-12,-1.6395749306e-12,0
510,34144,42001,7.7212971435e-12,-1.4241343265e-12,8.8095347220e-13,0
510,26461,42003,7.4019405143e-12,-6.5992391224e-12,-1.5251704554e-13,0
510,35881,42002,3.7377973205e-12,-3.6157580410e-12,1.3368830771e-12,0
510,11356,42001,4.0787365000e-12,-3.7117414983e-12,-1.6656743734e-12,0
510,11614,42010,6.2327064447e-12,-5.8525249716e-12,-1.0162252340e-12,0
510,32239,42009,4.9844206307e-12,-4.7604362917e-13,2.0933182580e-12,0
510,9955,42001,7.0653242522e-12,-5.5432185230e-12,-7.6285970169e-13,0
511,32239,42009,2.4021955141e-12,1.2301387040e-12,1.7677033851e-12,0
511,26461,42003,4.9515088117e-12,4.3624133534e-12,-4.6565150689e-13,0
511,11356,42001,2.3992692997e-12,1.9002338079e-12,-1.3834329821e-12,0
511,11614,42010,4.1501700240e-12,-2.5144295220e-12,-9.8864466811e-13,0
511,9955,42001,2.8117157237e-12,-2.4892772025e-12,-6.2678346794e-13,0
511,34144,42001,9.8003259183e-12,8.0757974346e-12,1.4403089335e-12,0
511,35881,42002,4.4173728540e-12,3.6106421402e-12,1.7962449261e-12,0
511,6787,42003,1.7614526715e-12,-8.7926159252e-13,-1.7979120450e-12,0
512,34144,42001,4.2841313590e-12,-1.0346114292e-12,1.3894500023e-12,0
512,26461,42003,3.0935444762e-12,-1.6129979520e-12,-5.0054168352e-13,0
512,11356,42001,3.5536885895e-12,-1.5017479305e-12,-9.2743171523e-13,0
512,32239,42009,3.7755292330e-12,-3.5396978238e-12,1.4449481043e-12,0
512,35881,42002,6.0431555658e-12,2.6488676549e-12,1.5986269500e-12,0
512,11614,42010,8.3726063640e-12,-4.2416339295e-12,-1.3752776189e-12,0
512,6787,42003,5.8428801521e-13,4.8007444132e-13,-1.1180967889e-12,0
512,9955,42001,6.1652982986e-12,-4.5808588598e-12,-1.0825617569e-12,0
513,32239,42009,3.1201200253e-12,-2.3573378935e-12,9.3825746456e-13,0
513,6787,42003,1.6641123711e-12,2.2896227926e-13,-1.1052622498e-12,0
513,34144,42001,3.5078604617e-12,1.5759223919e-12,9.6732836297e-13,0
513,9955,42001,5.0136080848e-12,-1.2990491155e-13,-1.2756326455e-12,0
513,11356,42001,2.6597341989e-12,2.7677242818e-13,-1.0410929079e-12,0
513,26461,42003,5.3678067912e-12,4.5989148239e-12,5.2753464791e-14,0
513,11614,42010,3.0468504530e-12,-2.1739041909e-12,-1.9935104738e-12,0
513,35881,42002,6.1003893311e-12,-2.1021806689e-12,1.4492757840e-12,0
514,9955,42001,3.2102536240e-12,-7.5333058931e-13,-9.7364070677e-13,0
514,26461,42003,4.3203389184e-12,-1.9389245378e-12,3.8456592060e-14,0
514,6787,42003,3.1451636116e-12,8.2561028819e-13,-1.1710461204e-12,0
514,11356,42001,9.9817522344e-12,-7.9723230204e-12,-1.7526477478e-12,1
514,11614,42010,6.1112036702e-12,-3.2489691052e-12,-1.7028337411e-12,0
514,34144,42001,2.9894245490e-12,1.2504836216e-12,1.6079097224e-12,0
514,32239,42009,2.8400605185e-12,-1.6108683107e-12,1.3668761607e-12,0
514,35881,42002,2.1994767815e-12,1.9532751766e-12,9.8301925530e-13,0
515,34144,42001,5.4710085742e-12,4.1095641250e-12,2.1647389499e-12,0
515,32239,42009,4.0112212919e-12,2.2199523395e-12,6.1720268777e-13,0
515,35881,42002,5.2125499571e-12,-2.1141234876e-12,7.3563215342e-13,0
515,26461,42003,2.3405271615e-12,1.6247008534e-13,6.6189221057e-13,0
515,11614,42010,4.9656537316e-12,5.7896712823e-13,-1.9388123137e-12,0
515,6787,42003,2.7205783745e-12,-6.3270382745e-13,-1.1003142681e-12,0
515,9955,42001,5.9962306026e-12,-4.7091678366e-12,-1.5411305574e-12,0
516,26461,42003,4.2527590028e-12,-3.8232927868e-12,1.2854092332e-13,0
516,11614,42010,3.2091515863e-12,-1.0125894656e-12,-2.2412096662e-12,0
516,9955,42001,6.6998593880e-12,1.8150445604e-12,-1.3140636263e-12,0
516,34144,42001,3.0886183475e-12,2.0925574429e-12,2.3081270524e-12,0
516,32239,42009,4.4716957993e-12,-3.6011670566e-12,2.3598485483e-13,0
516,35881,42002,5.1274880583e-12,3.0236280574e-12,6.4335208549e-13,0
516,6787,42003,3.4520902419e-12,1.5697989232e-12,-9.6980735252e-13,0
517,34144,42001,3.2072227956e-12,2.2511081894e-12,2.1684474637e-12,0
517,6787,42003,2.9978071654e-12,7.6197928653e-13,-9.5864032082e-13,0
517,26461,42003,6.2326894227e-12,2.6314245630e-12,3.0359275895e-13,0
517,35881,42002,6.4489545569e-12,1.2841382509e-12,8.2557325741e-13,0
517,11614,42010,2.1930110340e-12,2.1791712322e-13,-1.7959938531e-12,0
517,32239,42009,3.8991736187e-12,-3.0756450304e-12,-7.2396231821e-13,0
517,9955,42001,2.6703320629e-12,-2.4398444372e-12,-1.6806046781e-12,0
518,26461,42003,6.8111571472e-12,-2.0020113775e-12,-3.3407432026e-15,0
518,11614,42010,5.6796032694e-12,-2.9855235110e-12,-2.0033274360e-12,0
518,34144,42001,5.2969641087e-12,-5.3375682712e-13,1.8906054012e-12,0
518,32239,42009,2.6371536217e-12,9.5734524263e-13,-7.5477795992e-13,0
518,9955,42001,5.9166305612e-12,-4.8170579140e-12,-2.1016470054e-12,0
518,6787,42003,9.2146300198e-12,1.0957675626e-12,-6.6437446429e-13,0
518,35881,42002,7.7641546718e-12,-2.3411629407e-12,4.2223229122e-13,0
519,34144,42001,6.5359071649e-12,4.8678813832e-12,2.1230812006e-12,0
519,35881,42002,6.3457446078e-12,-6.7064088662e-15,2.3406197329e-13,0
519,32239,42009,4.9178183129e-13,-2.4360660422e-13,-1.0496930062e-12,0
519,6787,42003,7.6217060814e-12,6.1017769516e-12,3.8458315719e-13,0
519,26461,42003,2.7217456401e-12,1.8424464327e-12,-2.3787965183e-13,0
519,9955,42001,5.2030989794e-12,-4.4378597450e-12,-2.8085475458e-12,0
519,11614,42010,2.9247577958e-12,-1.0734542843e-12,-2.2306144729e-12,0
520,11614,42010,4.5632097426e-12,1.5711874561e-12,-1.4882432301e-12,0
520,34144,42001,7.2790992803e-12,4.3028241782e-12,2.6957770511e-12,0
520,26461,42003,6.0722372962e-12,3.1298954329e-12,7.3503380370e-13,0
520,9955,42001,6.9726229147e-12,-8.9698624342e-13,-2.3439243179e-12,0
520,35881,42002,7.8067341693e-12,1.5210123614e-12,7.4773901353e-13,0
520,32239,42009,6.3237832771e-12,-5.7054237617e-12,-1.5726310195e-12,0
520,6787,42003,2.7148053015e-12,1.5019073642e-12,1.1053911677e-12,0
521,32239,42009,7.5179186312e-12,4.1778233641e-12,-1.2778625535e-12,0
521,26461,42003,4.5542443142e-12,1.8093424093e-12,4.7972670929e-13,0
521,6787,42003,4.1445389432e-12,2.1266517507e-12,1.4059825020e-12,0
521,9955,42001,7.3546666744e-12,-6.6407728576e-12,-2.7590738834e-12,0
521,34144,42001,4.5287094613e-12,7.7737210392e-13,1.9659345180e-12,0
521,11614,42010,3.5974004409e-12,3.0772138847e-13,-1.2060281390e-12,0
521,35881,42002,4.7306552885e-12,3.4042814043e-12,7.2710293994e-13,0
522,32239,42009,2.5736924495e-12,6.7099816368e-13,-8.5679295473e-13,0
522,11614,42010,3.1530757946e-12,1.5510148227e-12,-6.2676326383e-13,0
522,34144,42001,6.3121095545e-12,5.8483911902e-12,2.6542347799e-12,0
522,26461,42003,3.7040678475e-12,2.4241983848e-12,8.8344634297e-13,0
522,35881,42002,6.2653394620e-12,-5.1768230609e-12,-5.5466131636e-14,0
522,9955,42001,5.2096409985e-12,2.0300967674e-12,-2.0979783207e-12,0
522,6787,42003,4.3452322130e-12,3.9598805616e-12,1.7539631140e-12,0
523,32239,42009,4.3366260704e-12,-3.1224602913e-12,-9.3330519450e-13,0
523,6787,42003,3.1445339904e-12,2.9290520934e-12,2.0239720954e-12,0
523,34144,42001,8.3387161303e-12,4.0059586760e-12,2.8972384083e-12,0
523,35881,42002,6.1827376433e-12,-3.7735347517e-12,-2.2260153992e-13,0
523,9955,42001,2.2168808321e-12,1.0954102510e-13,-2.0740337270e-12,0
523,11614,42010,1.2599259337e-12,-3.5337189961e-13,-4.4471003470e-13,0
523,26461,42003,3.9075965161e-12,-3.0752361003e-12,1.1603125055e-13,0
524,6787,42003,9.0918031598e-12,6.6528865833e-12,2.6066997249e-12,0
524,11614,42010,7.1763625545e-12,6.7575908319e-12,5.5594595901e-13,0
524,9955,42001,2.4218985015e-12,-9.6392821080e-13,-2.0950934892e-12,0
524,26461,42003,6.7422831915e-12,4.3801706011e-12,7.4794076443e-13,0
524,34144,42001,2.8226071216e-12,5.3359700519e-13,2.8255497467e-12,0
524,32239,42009,8.5903803681e-12,2.6877845575e-12,-5.0343990768e-13,0
524,35881,42002,2.3206071163e-12,-2.9831462027e-13,-4.4776051960e-13,0
525,32239,42009,3.9580709435e-12,-3.3154102422e-12,-1.0569761658e-12,0
525,26461,42003,6.6271433934e-12,-3.8578319480e-12,3.4591056110e-13,0
525,34144,42001,1.3384001980e-12,1.1336370040e-12,2.5279570346e-12,0
525,11614,42010,4.3569109875e-12,-2.6843245857e-12,2.2961678762e-13,0
525,9955,42001,5.0759548341e-12,-3.5549956186e-12,-1.9796762674e-12,0
525,35881,42002,4.8742784861e-12,-1.9855102737e-12,-4.3489919821e-13,0
525,6787,42003,5.8195626871e-12,-1.6286249315e-12,2.5071076145e-12,0
526,34144,42001,4.3380478714e-12,2.3340516894e-12,2.5521064592e-12,0
526,6787,42003,6.0268317088e-12,2.4159612639e-12,2.5917238486e-12,0
526,35881,42002,5.5531083486e-12,-3.4286757311e-12,-1.0801295771e-12,0
526,11614,42010,4.1217072381e-12,-1.7670393681e-12,1.5417179737e-13,0
526,9955,42001,6.4980424184e-12,-4.0657169138e-12,-2.5677524148e-12,0
526,32239,42009,6.5012936609e-12,-4.7830731102e-12,-1.1751667712e-12,0
526,26461,42003,6.7578228578e-12,5.3277861878e-12,1.2610184586e-12,0
527,26461,42003,6.4827796676e-12,-3.0517030274e-12,6.9270569953e-13,0
527,32239,42009,7.7464274241e-12,5.4922934692e-12,-3.1837292125e-13,0
527,11614,42010,4.8203200030e-12,2.0318351638e-12,3.3556360142e-13,0
527,6787,42003,4.0095671267e-12,1.2911174638e-12,2.6446376663e-12,0
527,9955,42001,7.3913493715e-12,-4.6590922445e-12,-2.7896771955e-12,0
527,34144,42001,4.7865071367e-12,2.1765056892e-12,2.5446462092e-12,0
527,35881,42002,4.7146251368e-12,1.5675751058e-12,-1.0517858916e-12,0
528,32239,42009,5.1286031283e-12,2.1932923066e-12,-1.9477821485e-13,0
528,34144,42001,4.3227849977e-12,3.2317021530e-12,2.9211921072e-12,0
528,35881,42002,2.7037828258e-12,-2.4359825791e-12,-1.0612678554e-12,0
528,26461,42003,5.8275154833e-13,-4.3237737805e-13,8.4966909948e-13,0
528,11614,42010,4.6214993237e-12,-4.5054937031e-12,1.8356658221e-13,0
528,9955,42001,3.6627890652e-12,-2.6558507489e-12,-2.5735564790e-12,0
528,6787,42003,8.8348896868e-12,6.0853518208e-12,3.1435960922e-12,0
529,26461,42003,5.4276540430e-12,-5.3222366056e-12,1.3320079565e-13,0
529,6787,42003,8.2212204729e-12,-6.2910974100e-12,1.9043086560e-12,0
529,11614,42010,4.0910783161e-12,1.2584076409e-12,4.1675277474e-13,0
529,34144,42001,2.5374047511e-12,4.9064074934e-13,2.4834680438e-12,0
529,32239,42009,5.5509025084e-12,7.1761966831e-13,-9.8655587594e-14,0
529,9955,42001,1.8148567673e-12,-1.2053601092e-12,-2.2503065154e-12,0
529,35881,42002,4.1272304166e-12,2.5824653315e-12,-8.0235068137e-13,0
530,34144,42001,7.0524189746e-12,1.7239692473e-12,2.2255825507e-12,0
530,32239,42009,1.7146158069e-12,-9.3957451931e-13,3.7792933664e-13,0
530,26461,42003,4.2360650084e-12,2.8507792430e-12,1.0528917666e-13,0
530,35881,42002,6.2019219817e-12,-4.2187232214e-12,-1.3763242396e-12,0
530,9955,42001,4.0704886170e-12,-3.6949512386e-12,-2.5301030149e-12,0
530,11614,42010,7.2273437412e-12,2.5939451787e-12,5.1902854700e-13,0
530,6787,42003,2.0976515478e-13,-2.0672270294e-13,1.7334456493e-12,0
531,11614,42010,5.7774409862e-12,2.1430237899e-12,7.0255878714e-13,0
531,26461,42003,8.6474448601e-12,-5.6931662924e-12,-6.4496169351e-13,0
531,34144,42001,1.1178789584e-12,4.2066197628e-13,2.1899115380e-12,0
531,9955,42001,2.7136626775e-12,-1.6503735266e-12,-2.0310630818e-12,0
531,32239,42009,3.1347175047e-12,-1.4779196759e-12,-1.8764496737e-13,0
531,6787,42003,3.0241135581e-12,-1.1149508296e-12,1.4092853913e-12,0
531,35881,42002,3.9539696607e-12,1.9648953531e-12,-1.5202628448e-12,0
532,34144,42001,8.8226613196e-12,-5.4670754590e-12,1.0583648731e-12,0
532,26461,42003,6.8246615253e-12,3.4771204446e-12,-5.3966948753e-13,0
532,35881,42002,6.7284288717e-12,-7.2261535463e-13,-1.0748420741e-12,0
532,6787,42003,5.3339724695e-12,-1.9520272798e-12,8.1809460713e-13,0
532,32239,42009,4.6569419532e-12,2.1498460357e-12,-3.9760180164e-14,0
532,9955,42001,3.8476079194e-12,-2.9887327287e-12,-2.5329460315e-12,0
532,11614,42010,4.4856893297e-12,1.1432510138e-12,6.6178240625e-13,0
533,34144,42001,2.9059516225e-12,2.7391449557e-12,9.3168350104e-13,0
533,35881,42002,8.4169501006e-12,-4.9234656203e-12,-1.1898351610e-12,0
533,11614,42010,5.5995881785e-12,1.8697673511e-12,8.8409633132e-13,0
533,32239,42009,4.8158010811e-12,-4.6501781623e-12,-1.9253196727e-13,0
533,7930,42007,5.7009912963e-12,-2.8537334966e-16,-2.8537334966e-17,0
533,26461,42003,8.8575711136e-12,-4.3445824911e-12,-6.6660412661e-13,0
533,6787,42003,5.0677479019e-12,-4.1441809331e-12,1.1077130449e-13,0
533,9955,42001,4.1932855313e-12,1.1815931431e-12,-2.4257408197e-12,0
534,26461,42003,3.9319856686e-12,3.0419532906e-12,-8.0042585765e-13,0
534,7930,42007,5.6746967799e-12,3.3984448377e-12,3.3981594644e-13,0
534,6787,42003,5.2507309518e-12,4.2989928503e-12,-1.2461806881e-13,0
534,9955,42001,6.7784165100e-12,-5.5480297754e-12,-2.8841509761e-12,0
534,32239,42009,7.1383964482e-12,-4.7606834502e-13,-5.0891725752e-13,0
534,34144,42001,7.8007297955e-12,9.2574192198e-13,9.7089799272e-13,0
534,11614,42010,8.3968576945e-12,-3.2060836249e-12,-1.1227111436e-13,0
534,35881,42002,7.6913547774e-12,2.1436049975e-12,-9.4564319922e-13,0
535,34144,42001,1.9239049237e-12,4.1149589908e-13,8.9868388223e-13,0
535,35881,42002,3.8471156690e-12,-2.0250214951e-12,-9.4959432136e-13,0
535,11614,42010,5.5147066603e-12,4.0028293138e-12,5.5644427559e-13,0
535,32239,42009,6.0965855677e-12,-3.4130807798e-12,-5.1868431128e-13,0
535,26461,42003,3.8935747229e-12,-3.0486312357e-12,-7.1950578643e-13,0
535,7930,42007,2.0540079435e-12,1.0560647951e-12,4.4542242595e-13,0
535,6787,42003,7.5213669346e-12,-4.7928621690e-12,-4.4104179255e-13,0
535,9955,42001,6.0723075017e-12,1.3887318305e-12,-2.3897782312e-12,0
536,7930,42007,3.7485580683e-12,3.0729021918e-12,7.5271264513e-13,0
536,26461,42003,5.5037407319e-12,4.8658685957e-12,-7.6569754564e-13,0
536,9955,42001,5.3630240754e-12,-4.1459906545e-12,-2.3978056053e-12,0
536,6787,42003,5.7858370594e-12,3.9739512428e-12,-2.8524279466e-13,0
536,11614,42010,6.3932704659e-12,-3.4906602479e-12,3.8408218762e-13,0
536,32239,42009,2.5698147979e-12,2.1905814641e-12,1.7868114616e-13,0
536,34144,42001,6.9529964937e-12,-3.0169041905e-12,3.6358829424e-13,0
536,35881,42002,4.3415348603e-12,6.9879811373e-13,-5.3684693688e-13,0
537,34144,42001,3.4963020396e-12,1.1719754983e-12,2.6313527516e-13,0
537,35881,42002,7.4957816304e-12,-6.5728492608e-12,-1.3508893735e-12,0
537,32239,42009,4.6074191684e-12,-3.3588407121e-12,-7.0643227197e-13,0
537,11614,42010,7.6344030678e-12,5.4570287615e-12,7.2660154738e-13,0
537,7930,42007,4.4141148321e-12,4.2007697175e-12,1.1727896169e-12,0
537,26461,42003,1.0268985171e-11,-6.3949161491e-12,-1.1000188578e-12,0
537,6787,42003,4.6633786204e-12,-3.1487488945e-12,-7.2922943048e-13,0
537,9955,42001,2.0997094057e-12,-9.5641242059e-14,-1.9414605050e-12,0
538,7930,42007,3.8590967928e-12,3.1583268654e-13,1.2043728855e-12,0
538,26461,42003,4.6850529071e-12,2.2576580490e-12,-8.3101531511e-13,0
538,6787,42003,2.0264898732e-12,1.4832984133e-12,-1.1894347712e-12,0
538,9955,42001,3.0173144082e-12,-1.3034977515e-12,-1.8062252053e-12,0
538,34144,42001,3.9334245196e-12,3.2176518325e-12,2.6173024311e-13,0
538,32239,42009,5.4662893239e-12,-9.2490116263e-13,-1.0182516189e-12,0
538,11614,42010,5.7566072792e-12,-2.7254245114e-13,1.1498966726e-12,0
538,35881,42002,4.6691415481e-12,-2.7743298160e-12,-1.3847240972e-12,0
539,32239,42009,1.0158774443e-11,-4.5755580333e-12,-1.5475693890e-12,0
539,34144,42001,3.8981866939e-12,-2.3822509755e-13,1.8884365842e-13,0
539,26461,42003,7.2783256594e-12,-6.5869617745e-12,-9.5748783200e-13,0
539,11614,42010,5.4549732204e-12,1.5367642492e-12,1.1777323334e-12,0
539,7930,42007,6.6300605845e-12,2.7082673803e-12,1.4751996236e-12,0
539,6787,42003,2.6701527004e-12,-1.9922174345e-12,-7.5954677368e-13,1
539,35881,42002,5.7905253157e-12,4.8695683052e-12,-1.1560137999e-12,0
539,9955,42001,3.5756000012e-12,1.1937806715e-12,-1.5663111272e-12,0
540,7930,42007,9.4271031335e-12,2.6644886405e-12,1.7416484876e-12,0
540,34144,42001,7.6103966819e-12,6.8733731275e-12,7.0378404644e-13,0
540,26461,42003,7.4950475960e-12,3.8987030970e-12,-8.5269544659e-13,0
540,32239,42009,5.6783279590e-12,-3.0727838552e-12,-1.7608903226e-12,0
540,9955,42001,4.3882852660e-12,-3.3272193101e-13,-1.2300881965e-12,0
540,35881,42002,4.8979724849e-12,5.0176535319e-13,-6.8396494240e-13,0
540,11614,42010,8.3221486478e-12,-2.5895055756e-12,6.5938725797e-13,0
541,7930,42007,4.6369701330e-12,1.6073479627e-12,1.9023832839e-12,0
541,9955,42001,6.5914084185e-12,-4.5136525901e-12,-1.5164161028e-12,0
541,34144,42001,3.8611396294e-12,-1.4326604507e-12,5.1845180374e-13,0
541,26461,42003,6.6654109174e-12,4.0209632935e-12,1.1871751201e-13,0
541,35881,42002,7.3031078966e-12,3.8294124107e-13,-8.4216035361e-13,0
541,32239,42009,4.2554125309e-12,1.1484106933e-12,-1.4982572857e-12,0
541,11614,42010,6.9482179959e-12,6.7447557006e-12,1.1195604490e-12,0
542,7930,42007,4.8913964234e-12,3.1003631237e-12,2.2124195962e-12,0
542,32239,42009,5.0561546940e-12,2.9353056758e-12,-1.4197113217e-12,0
542,34144,42001,4.9961010422e-12,3.0805512506e-12,1.3732144747e-12,0
542,26461,42003,2.8037050174e-12,-5.8276125923e-13,-2.8727065838e-13,0
542,9955,42001,1.8782603607e-12,4.8800022844e-13,-1.1687428071e-12,0
542,11614,42010,3.2431502620e-12,-8.7175530196e-13,9.1805981747e-13,0
542,35881,42002,4.0307961567e-12,-6.1687629050e-13,-8.3158644720e-13,0
543,7930,42007,6.8345555473e-12,4.5107966679e-12,2.6635278004e-12,0
543,9955,42001,6.4233492935e-12,-1.0968977442e-12,-1.3965918958e-12,0
543,34144,42001,7.3752528035e-12,5.8464583817e-12,1.6839458173e-12,0
543,26461,42003,3.7060256861e-12,-3.4429872586e-13,1.1275771815e-13,0
543,11614,42010,1.6949954968e-12,5.0913330807e-13,7.8199641317e-13,0
543,35881,42002,5.5760936797e-12,2.7126630955e-12,-6.7973575615e-14,0
543,32239,42009,6.4800604340e-12,-2.4246325998e-12,-1.1971567655e-12,0
544,32239,42009,6.4874099115e-12,4.1313502083e-12,-7.3641491012e-13,0
544,34144,42001,3.0538586663e-12,1.1225160297e-12,1.7036232281e-12,0
544,26461,42003,6.9545064356e-12,-6.3545359262e-12,-8.2689120354e-13,0
544,35881,42002,8.1641400082e-12,3.5759682228e-12,7.5262746911e-14,0
544,11614,42010,6.9641124421e-12,-4.1263809654e-12,6.8996667912e-13,0
544,7930,42007,4.9690637495e-12,-4.5971465799e-12,1.8639686586e-12,0
544,9955,42001,5.6766471520e-12,-4.8542875540e-13,-8.9033179383e-13,0
545,11614,42010,4.2467352068e-12,7.4379658160e-13,3.6406340589e-13,0
545,26461,42003,3.4787185279e-12,-1.1437007646e-13,-5.3346508761e-13,0
545,34144,42001,3.0435369012e-12,1.6942650891e-12,1.8319001471e-12,0
545,7930,42007,4.2816428862e-12,3.2745155881e-12,2.0858137379e-12,0
545,32239,42009,6.3458661863e-12,5.4720699862e-12,1.5210016648e-13,0
545,35881,42002,4.0532381449e-12,6.0188142218e-13,3.3795303863e-13,0
545,9955,42001,3.5109019509e-12,1.7966302042e-12,-8.4954195646e-13,0
546,32239,42009,8.2674523627e-12,-7.7672146751e-12,-8.4367944744e-13,0
546,26461,42003,8.4252928146e-12,-3.1760967084e-12,-1.3376616180e-12,0
546,7930,42007,5.3281073225e-12,-3.0595695783e-12,1.4725665609e-12,0
546,34144,42001,7.7035784663e-12,2.6444134411e-12,2.3980319102e-12,0
546,9955,42001,5.1844187818e-12,-2.8073036072e-12,-7.1567325172e-13,0
546,35881,42002,3.0748656056e-12,-2.9992003345e-12,-3.1846806189e-14,0
546,11614,42010,5.9411276491e-12,3.5708712608e-12,1.0702165568e-12,0
547,34144,42001,4.1601042180e-12,-1.3107811886e-12,2.1497562415e-12,0
547,11614,42010,4.5544770094e-12,3.0150676884e-12,8.2602044946e-13,0
547,7930,42007,3.5337402038e-12,1.9039511316e-12,1.2428847023e-12,0
547,35881,42002,2.8652499370e-12,-2.6116615296e-12,3.6427196693e-13,0
547,9955,42001,5.4029149343e-12,1.4033342828e-12,-5.6577569923e-13,0
547,26461,42003,5.2221688635e-12,5.0383828522e-12,-1.9433171789e-13,0
547,32239,42009,7.1327421993e-12,-1.7010015494e-12,-6.7789553118e-13,0
548,32239,42009,4.6622777585e-12,2.4542432727e-12,-3.3998108764e-13,0
548,7930,42007,2.6068858114e-12,1.9188023821e-12,1.4031816719e-12,0
548,26461,42003,3.0807646082e-12,1.2701674517e-12,-2.9308077762e-13,0
548,34144,42001,7.0908828073e-12,3.2388849409e-12,2.1518795524e-12,0
548,9955,42001,7.7355886448e-12,-1.7518147345e-12,-6.1060739753e-13,0
548,35881,42002,1.6049576736e-12,-1.0507656713e-12,5.3662838140e-13,0
548,11614,42010,3.9285286043e-12,-1.8968606071e-12,6.6358863386e-13,0
549,34144,42001,3.5282514195e-12,-3.1860277098e-12,1.8570992912e-12,0
549,26461,42003,3.1761025552e-12,-7.1128984790e-14,3.5850250135e-13,0
549,7930,42007,1.7505195175e-12,2.2259136897e-13,1.1546140707e-12,0
549,35881,42002,3.9790118146e-12,-1.2623979151e-12,-7.6568240635e-14,0
549,32239,42009,4.5981957015e-12,-3.9515131848e-12,-2.7757660280e-13,0
549,11614,42010,7.8781315404e-12,5.4491386782e-12,1.0548260768e-12,0
549,9955,42001,3.5011088672e-12,-2.5882279730e-12,-9.8880826198e-13,0
550,7930,42007,4.7283230627e-12,-7.7528496780e-13,8.1063670990e-13,0
550,32239,42009,2.1119316500e-12,-1.3540282331e-12,-1.0570104059e-13,0
550,26461,42003,5.8213528415e-12,4.1463227182e-12,3.8326446346e-13,0
550,9955,42001,6.5665245169e-12,3.9701834178e-12,-5.5851772711e-13,0
550,34144,42001,7.7912995379e-12,7.4238275420e-12,1.9121447326e-12,0
550,11614,42010,3.4555527160e-12,1.1646299901e-12,1.4302396333e-12,0
550,35881,42002,3.2881321500e-12,-8.7897023995e-13,-2.1464179995e-13,0
551,34144,42001,5.6444302768e-12,-3.8059955113e-12,1.6748112266e-12,0
551,26461,42003,1.7489834436e-12,4.6030137742e-13,2.7198271850e-14,0
551,11614,42010,3.4428857083e-12,3.3714713392e-12,1.0929111972e-12,0
551,35881,42002,4.3269755904e-12,6.7856877767e-13,-1.8507904629e-13,0
551,7930,42007,2.7487364246e-12,1.9739901386e-12,8.4730092749e-13,0
551,32239,42009,4.0702918587e-12,-2.0588816336e-12,-4.2643027328e-13,0
551,9955,42001,8.5780784801e-12,-8.4004523610e-12,-9.4719770420e-13,0
552,32239,42009,2.9755308747e-12,-1.5019786439e-12,-8.7015870525e-13,0
552,34144,42001,1.0625802529e-11,9.5771427510e-12,2.3244703766e-12,0
552,35881,42002,3.0537890157e-12,8.4258353121e-13,-3.9133064117e-14,0
552,26461,42003,1.2967001767e-12,8.4657766734e-13,1.7013216451e-13,0
552,7930,42007,5.2347823176e-12,3.7612178112e-12,9.1338639625e-13,0
552,9955,42001,9.6203831239e-12,5.8510802828e-12,-4.1088969877e-13,0
552,11614,42010,3.0094724732e-12,1.2269923108e-12,1.3027859585e-12,0
553,32239,42009,3.6118792532e-12,3.4532180292e-12,-2.8237364235e-13,0
553,11614,42010,1.6669465314e-12,-1.3394726051e-12,1.1179253671e-12,0
553,26461,42003,3.0251113319e-12,2.2857621837e-12,4.3313825546e-13,0
553,7930,42007,1.4078831282e-12,-1.2316985486e-12,3.3913687460e-13,0
553,9955,42001,7.3719555858e-12,-3.2903542123e-12,-6.3023534557e-13,0
553,34144,42001,3.2706343342e-12,-1.9192267772e-12,1.5479018607e-12,0
553,35881,42002,6.4898715204e-12,1.3078645193e-12,-1.7961292174e-13,0
554,32239,42009,4.6386816157e-12,-2.9917334747e-12,-9.9468201065e-13,0
554,34144,42001,5.4366591563e-12,4.9514285646e-12,1.9307931142e-12,0
554,35881,42002,4.2948002143e-12,3.4059661107e-12,-1.9661313295e-13,0
554,26461,42003,6.3136435536e-12,5.4051054191e-12,1.6091023900e-12,0
554,7930,42007,4.5385700854e-12,1.9835868977e-12,9.9721022236e-13,0
554,9955,42001,2.8285493223e-12,1.5231814453e-12,-4.2937432550e-13,0
554,11614,42010,4.5620580562e-12,1.0333592350e-12,1.6338993872e-12,0
555,34144,42001,6.7708699830e-12,5.6106340736e-12,2.3224300126e-12,0
555,35881,42002,7.1446466618e-12,-1.9894659835e-12,-4.5574787352e-13,0
555,7930,42007,2.5821861284e-12,1.3671843575e-12,8.0647709930e-13,0
555,26461,42003,2.0096905791e-12,-1.8946376587e-12,1.4310756318e-12,0
555,9955,42001,3.0973174683e-12,-1.8151948069e-12,-7.9055682661e-13,0
555,32239,42009,3.5510885706e-12,-2.5067813929e-12,-1.7925671486e-12,0
555,11614,42010,1.4306354031e-12,6.0665404076e-13,1.6201851331e-12,0
556,34144,42001,5.1735356730e-12,1.8283828432e-12,2.2408269528e-12,0
556,26461,42003,2.0868688976e-12,-3.7523383915e-13,1.7111619187e-12,0
556,32239,42009,6.9915394059e-12,-3.9644873428e-12,-1.4122944153e-12,0
556,7930,42007,4.6317733179e-12,4.0901607297e-12,1.5214501301e-12,0
556,35881,42002,4.8847657844e-12,-8.2195616386e-13,-2.3802345645e-13,0
556,9955,42001,6.4021314422e-12,3.7982113476e-12,-1.3000533113e-13,0
556,11614,42010,8.0936590429e-12,2.9610963813e-12,1.5592076451e-12,0
557,7930,42007,4.3725995366e-12,-1.5260344900e-13,1.3157946720e-12,0
557,9955,42001,3.9491686390e-12,-3.6366622091e-13,-3.0670538150e-13,0
557,34144,42001,3.0267460227e-12,-6.5862124522e-14,2.3653188593e-12,0
557,26461,42003,1.6280854326e-12,2.2652139240e-13,1.2299757727e-12,0
557,35881,42002,9.9087802065e-12,3.3790153441e-12,3.6104423092e-13,0
557,32239,42009,4.8543854232e-12,-4.6070986760e-12,-1.7029041280e-12,0
557,11614,42010,4.1790171683e-12,-3.8670760843e-12,8.7099326788e-13,0
558,26461,42003,1.7839511516e-12,-1.6284318643e-12,9.4011584111e-13,0
558,32239,42009,7.2366202488e-12,7.2836080205e-13,-1.8754923750e-12,0
558,11614,42010,5.2034167168e-12,3.9482690038e-12,1.4555062290e-12,0
558,34144,42001,5.1093822509e-12,-1.1657985928e-12,1.9248505059e-12,0
558,7930,42007,6.4066117687e-12,-1.2207489028e-12,1.0018395435e-12,0
558,35881,42002,6.4063292943e-12,-2.0005223001e-13,4.4611557505e-13,0
558,9955,42001,7.7893445279e-12,-1.9929762734e-12,-3.3082153539e-13,0
559,11614,42010,3.9183745795e-12,-2.4994557711e-13,8.8559780343e-13,0
559,7930,42007,7.9789123531e-12,-2.1614872899e-12,7.6343167765e-13,1
559,34144,42001,1.0219831071e-11,4.2245894160e-12,2.6659122185e-12,0
559,26461,42003,1.6919201227e-12,1.0359270286e-12,1.0508214425e-12,0
559,9955,42001,7.8109960437e-12,-3.7598394035e-12,-4.4798267845e-13,0
559,32239,42009,2.2486346827e-12,-5.8385178427e-13,-1.5387262350e-12,0
559,35881,42002,7.4577750329e-12,3.5578238035e-12,9.2813774691e-13,0
560,26461,42003,6.8498181806e-12,5.5163288917e-12,1.1878220598e-12,0
560,34144,42001,8.0683638654e-13,5.8607541290e-13,1.9821370056e-12,0
560,35881,42002,6.1268972317e-12,-2.7791994143e-12,7.3811482947e-13,0
560,7930,42007,1.5927286065e-12,2.1533824468e-16,2.1533824468e-17,0
560,32239,42009,5.9124850259e-12,2.0598645334e-13,-1.3827247664e-12,0
560,9955,42001,6.3170971166e-12,-6.2097849536e-13,-9.0709886976e-13,0
560,11614,42010,2.8985439916e-12,-7.4591775129e-13,6.9454302929e-13,0
560,33634,42007,4.2376590900e-12,-1.2312219556e-17,-1.2312219556e-18,0
561,11614,42010,9.1610434576e-12,4.1046886513e-12,7.6786476051e-13,0
561,32239,42009,4.1989113688e-12,-5.3617415052e-14,-1.1821983445e-12,0
561,33634,42007,8.5407071131e-12,7.9279266438e-12,7.9279143316e-13,0
561,7930,42007,6.0126002724e-12,5.8934955858e-12,5.8937109241e-13,0
561,9955,42001,6.9721118674e-12,-2.1171097770e-12,-2.7876461136e-13,0
561,34144,42001,7.5615992193e-12,4.2237228327e-12,2.7851088400e-12,0
561,35881,42002,3.5784865881e-12,2.2442326815e-13,6.9270027852e-13,0
561,26461,42003,4.9521645529e-12,-1.0953851590e-12,1.0322534062e-12,0
562,26461,42003,6.3954931682e-12,4.9008842891e-12,1.4376840683e-12,0
562,34144,42001,2.2790352466e-12,-2.2498734248e-12,1.6024072224e-12,0
562,32239,42009,8.7103393074e-12,-2.3364318308e-12,-1.2656436632e-12,0
562,7930,42007,3.5653093417e-12,-2.8243967493e-12,3.0693141748e-13,0
562,35881,42002,4.9445955580e-12,4.0686028173e-12,1.0153022071e-12,0
562,11614,42010,2.6888737287e-12,3.7871415571e-13,6.8303694500e-13,0
562,33634,42007,1.0271254783e-11,-9.2952853298e-12,-1.3673709982e-13,0
562,9955,42001,2.7789450797e-12,-5.5373082841e-13,-9.1924572248e-13,0
563,7930,42007,8.7846922227e-12,6.8905323570e-12,9.9598465317e-13,0
563,11614,42010,2.5171265781e-12,-4.0410151315e-13,7.7657405420e-13,0
563,32239,42009,3.4906371695e-12,-1.1724221816e-12,-1.7282076843e-12,0
563,34144,42001,1.5132442173e-12,-1.2211697724e-13,1.7821182024e-12,0
563,9955,42001,4.9729344615e-12,-4.8701032489e-12,-1.0772206261e-12,0
563,33634,42007,7.8250964897e-12,7.3480636373e-12,5.9806926391e-13,0
563,26461,42003,4.6621945894e-12,9.2271402422e-13,1.3013792524e-12,0
563,35881,42002,8.9842160886e-13,-6.7908618664e-13,8.1660713654e-13,0
564,34144,42001,5.3383575684e-12,3.4745538533e-12,1.6344307312e-12,0
564,32239,42009,3.5387821792e-12,-3.9691229977e-13,-1.4687255668e-12,0
564,7930,42007,6.1136462881e-12,-1.3573656595e-12,8.6024808723e-13,0
564,26461,42003,7.0728161349e-12,6.7294683083e-12,1.4338155413e-12,0
564,35881,42002,5.3048577726e-12,-3.3241254408e-13,4.4276927106e-13,0
564,11614,42010,2.5513274572e-12,1.3406904347e-12,8.0730717418e-13,0
564,33634,42007,3.2621743686e-12,-2.8070577076e-12,3.1736349315e-13,0
564,9955,42001,3.2532588213e-12,1.0601656852e-13,-1.2189371138e-12,0
565,7930,42007,6.6755816350e-12,2.4097814463e-12,1.1012262319e-12,0
565,9955,42001,5.7190230028e-12,-5.4587350632e-12,-1.5832911395e-12,0
565,26461,42003,5.2660829073e-12,-3.1996278817e-12,1.3033165190e-12,0
565,11614,42010,3.3804094131e-12,8.7520847644e-13,8.3416261774e-13,0
565,34144,42001,2.8489317373e-12,-1.8141369684e-12,8.9195362705e-13,0
565,35881,42002,6.0380844576e-12,7.1276735536e-13,7.1299260494e-13,0
565,32239,42009,2.7236672818e-12,2.6070495251e-12,-9.5734247497e-13,0
565,33634,42007,3.2543130735e-12,3.1130198928e-12,6.2866548243e-13,0
566,34144,42001,5.5977268523e-12,-1.5353336567e-12,5.5558197706e-13,0
566,26461,42003,3.1759344612e-12,-1.1187018635e-12,1.2289697166e-12,0
566,35881,42002,4.5438536115e-12,-3.4814976207e-12,4.4703845926e-13,0
566,11614,42010,3.7697132658e-12,1.5055590626e-12,6.8860888587e-13,0
566,7930,42007,6.3024070453e-12,-4.8626389025e-12,6.1496234160e-13,0
566,32239,42009,5.1023967922e-12,-3.5053742907e-12,-9.1143116976e-13,0
566,33634,42007,9.6967218185e-12,-6.4513535680e-12,-1.6469874368e-14,0
566,9955,42001,2.4020884659e-12,-2.0694745014e-12,-2.1700597244e-12,0
567,32239,42009,6.6790060130e-12,-1.5118525310e-12,-6.0190655527e-13,0
567,7930,42007,1.3894951407e-11,1.2277763698e-11,1.8427387114e-12,1
567,34144,42001,3.7691711817e-12,-3.1907536073e-12,2.4309282878e-13,0
567,33634,42007,5.4838201736e-12,3.9135836400e-12,3.7488848964e-13,0
567,26461,42003,2.4639199763e-12,2.3676714856e-12,1.4430847259e-12,0
567,35881,42002,7.5204831369e-12,-5.2373186333e-12,-4.1459493848e-13,0
567,9955,42001,5.0964153719e-12,-2.0480934858e-12,-2.3385024508e-12,0
567,11614,42010,4.8981169144e-12,3.8853396392e-12,1.4638504582e-12,0
568,26461,42003,1.8983730129e-12,3.4115216486e-13,1.6400431288e-12,0
568,11614,42010,4.0403488527e-12,1.3624197535e-12,1.2052655332e-12,0
568,7930,42007,2.6394627436e-12,-3.8340916912e-17,-3.8340916912e-18,0
568,34144,42001,5.9215900897e-12,-3.4526334695e-12,1.4409341103e-14,0
568,32239,42009,3.8759337655e-12,3.6060521398e-12,-3.1413742150e-13,0
568,9955,42001,3.5478720754e-12,-1.1341297786e-12,-2.2526178014e-12,0
568,33634,42007,4.6156520213e-12,-4.3291266237e-12,-5.8024172736e-14,0
568,35881,42002,2.8987187720e-12,2.5262119980e-13,-3.6932759550e-13,0
569,34144,42001,4.3930697851e-12,-1.0157919432e-12,-5.0962879481e-13,0
569,35881,42002,2.5036895629e-12,-1.2818821759e-12,-8.5329819344e-13,0
569,32239,42009,5.8179177129e-12,3.1964047786e-12,6.3888234793e-14,0
569,26461,42003,7.0947435810e-12,-1.3211570049e-12,1.4043347255e-12,0
569,7930,42007,5.7414277776e-12,1.5020558289e-13,1.5016724197e-14,0
569,11614,42010,7.4168078012e-12,-1.0088134397e-12,1.1293787469e-12,0
569,33634,42007,6.1110008949e-12,2.7316614344e-12,2.1514197070e-13,0
569,9955,42001,1.8979259819e-12,-4.7295326907e-13,-1.9239291879e-12,0
570,26461,42003,8.4231561328e-12,-4.7286266771e-12,3.7983916859e-13,0
570,7930,42007,2.6067660659e-12,1.7277561986e-12,1.8779234406e-13,0
570,34144,42001,6.1992672024e-12,-3.4971699134e-12,-9.1795332745e-13,0
570,32239,42009,8.9969148611e-12,9.9695333211e-13,1.4298492267e-13,0
570,11614,42010,4.2062362354e-12,-3.2665548893e-12,8.7731503314e-13,0
570,35881,42002,3.9330522431e-12,-3.3714333664e-12,-9.1252158865e-13,0
570,9955,42001,3.9985055710e-12,2.0659793344e-12,-1.6552334049e-12,0
570,33634,42007,7.0155266724e-12,-6.5345905241e-12,-4.3831585048e-13,0
571,32239,42009,7.3442141382e-12,-2.7228309545e-12,-1.2393643128e-13,0
571,7930,42007,1.6804423715e-12,2.3959793016e-14,1.9018832336e-13,0
571,33634,42007,5.4300127758e-12,4.6404763495e-12,-7.6706087991e-13,0
571,34144,42001,2.7293125778e-12,-2.2622773500e-12,-1.5665533457e-12,0
571,11614,42010,2.8673027359e-12,1.2875603121e-12,5.9560219922e-13,0
571,26461,42003,4.2195577202e-12,3.4432703101e-12,8.3370471549e-13,0
571,9955,42001,4.2530624602e-12,2.7996386372e-12,-1.1635585635e-12,0
571,35881,42002,1.9361692862e-12,-4.4661297869e-13,-9.7962521333e-13,0
571,2149,42003,5.3909904230e-12,2.6457387804e-16,2.6457387804e-17,0
572,26461,42003,4.9686433437e-12,-4.2596931019e-12,-8.2353023603e-14,0
572,34144,42001,5.3115378675e-12,2.2124035268e-12,-1.1203256506e-12,0
572,2149,42003,5.3242931115e-12,1.7354119170e-12,1.7356764909e-13,0
572,35881,42002,6.6431615869e-12,5.7858917892e-12,-8.0789631614e-13,0
572,11614,42010,6.1291252774e-12,-1.3758754650e-12,4.2014323715e-13,0
572,7930,42007,1.9655032512e-12,1.0208318166e-12,2.9227150502e-13,0
572,9955,42001,4.8926643517e-12,-8.6846851138e-13,-1.1950323318e-12,0
572,32239,42009,9.0162252838e-12,6.4657866061e-12,7.5628541242e-13,0
572,33634,42007,3.7467340667e-12,-2.0895965045e-12,-4.6491997381e-14,0
573,7930,42007,3.0602811967e-12,-6.2733651645e-13,2.2953785337e-13,0
573,11614,42010,5.3655820222e-12,-2.8025508288e-13,4.3252788018e-13,0
573,34144,42001,2.3527691774e-12,1.4635447736e-12,-9.6175947548e-13,0
573,9955,42001,7.9542785877e-12,-2.7397215482e-12,-9.8199416174e-13,0
573,35881,42002,1.4277840001e-12,-6.1843047934e-13,-8.0183074541e-13,0
573,32239,42009,6.4142754247e-12,-6.2392728418e-12,2.4960034640e-13,0
573,26461,42003,5.7104528449e-12,5.3936053226e-12,3.6473610623e-13,0
573,33634,42007,4.2240557402e-12,3.5699336484e-12,-4.2430499627e-13,0
573,2149,42003,2.6144562220e-12,8.2309826201e-13,2.5587747529e-13,0
574,2149,42003,3.7117477648e-12,-2.8483988635e-12,-2.8962411060e-14,0
574,34144,42001,6.7084257293e-12,4.2241929152e-12,-8.8679556929e-13,0
574,26461,42003,6.2048956167e-12,-2.3606069503e-12,-5.4427141964e-13,0
574,32239,42009,3.1142286513e-12,1.9903440482e-12,4.8832598120e-13,0
574,35881,42002,2.2761817584e-12,-1.3469030326e-12,-9.0327979427e-13,0
574,7930,42007,4.8746632724e-12,2.7502336462e-12,5.0456121799e-13,0
574,33634,42007,9.5299837085e-12,2.4770373527e-12,1.0410450976e-13,0
574,11614,42010,8.6178787760e-12,-7.6007137894e-12,-4.6161254224e-13,0
574,9955,42001,6.5717327529e-12,5.5280487344e-12,-4.3979094515e-13,0
575,34144,42001,6.5473471895e-12,-4.9786151891e-12,-1.2032433914e-12,0
575,7930,42007,6.7450943820e-12,-2.5767925363e-12,2.4688196436e-13,0
575,11614,42010,3.8846625351e-12,-3.8083159641e-12,-9.2996498629e-13,0
575,35881,42002,2.5462396041e-12,-1.5946642203e-12,-1.1340229518e-12,0
575,9955,42001,6.2757207319e-12,-5.3814028133e-12,-4.3205772016e-13,0
575,32239,42009,6.6520131125e-12,-4.3525414293e-12,-2.0763311425e-13,0
575,26461,42003,4.2918833762e-12,3.2897801967e-12,1.0466938821e-13,0
575,33634,42007,7.5735585585e-12,-4.6023919778e-12,-6.6743667730e-13,0
575,2149,42003,3.4748298900e-12,-5.1616254840e-13,-8.0578665900e-14,0
576,26461,42003,3.5827782306e-12,-2.8899424434e-12,-7.2454669783e-14,0
576,34144,42001,6.6739586320e-12,4.9156909072e-12,-5.5814093498e-13,0
576,32239,42009,6.6833404729e-12,-5.1107845618e-12,-3.6817414136e-13,0
576,7930,42007,5.5573493111e-12,4.6106464279e-12,7.0794660714e-13,0
576,11614,42010,5.9457437369e-12,-1.3954162921e-12,-1.2200625218e-12,0
576,33634,42007,5.4243978909e-12,-2.0243711340e-12,-2.2473843391e-13,0
576,35881,42002,4.2782792435e-12,2.4639222016e-13,-7.6123396774e-13,0
576,9955,42001,4.1222357785e-12,4.0024918506e-12,1.7513891504e-13,0
576,2149,42003,1.4927265617e-12,1.3438488498e-12,5.3806219079e-14,0
577,7930,42007,4.8212131887e-12,-3.7653852231e-12,3.3140808484e-13,0
577,9955,42001,3.4408662471e-12,-2.5429964636e-12,1.2564861727e-13,0
577,2149,42003,5.4364923511e-12,3.9930290646e-13,9.3736509725e-14,0
577,11614,42010,1.0142242278e-11,-7.5749322621e-12,-2.3660897119e-12,0
577,34144,42001,8.1893946728e-12,-4.7667598144e-12,-7.1574155569e-13,0
577,32239,42009,6.6272412560e-12,-2.5567575400e-12,-4.7266464226e-13,0
577,35881,42002,1.6332423990e-12,-7.0580425433e-13,-3.0808252984e-13,0
577,26461,42003,2.4440315431e-12,-1.2219201261e-12,-4.3141383096e-13,0
577,33634,42007,3.3746659054e-12,-1.8966065831e-12,-8.0575745622e-13,0
578,7930,42007,1.0586382993e-11,1.0045940122e-11,1.3360059312e-12,0
578,34144,42001,4.3854796153e-12,2.6852368673e-12,-1.0195452200e-13,0
578,9955,42001,2.7269290935e-12,3.3053686749e-13,2.7211528188e-13,0
578,32239,42009,9.6634978852e-12,-9.1759317165e-12,-1.7508630279e-12,0
578,26461,42003,8.0571108113e-12,5.8369532582e-12,1.1816627837e-13,0
578,35881,42002,3.5543393866e-12,7.9565818887e-13,-2.5377883094e-13,0
578,33634,42007,6.1714857971e-12,5.6527709618e-12,1.9243230233e-13,0
578,11614,42010,1.6980725347e-12,5.1188290117e-13,-2.4511433971e-12,0
578,2149,42003,4.8789415672e-12,3.1176387207e-12,4.0550038179e-13,0
579,7930,42007,1.9207240967e-12,-7.6888850560e-13,1.2440965223e-12,0
579,11614,42010,2.5117661171e-12,7.4204665395e-14,-2.3428415866e-12,0
579,34144,42001,5.0321336170e-12,2.1883321417e-12,2.1845788649e-13,0
579,2149,42003,3.5402411767e-12,-1.1019032953e-12,2.9531005226e-13,0
579,9955,42001,1.4748777421e-12,-8.2122525395e-13,2.3728808339e-13,0
579,32239,42009,6.3415897622e-12,-2.7523573333e-12,-2.3457392391e-12,0
579,26461,42003,5.3770041793e-12,-7.2893873315e-14,2.4299259153e-13,0
579,35881,42002,5.1798204264e-12,-1.5969874940e-12,-2.8528936274e-13,0
579,33634,42007,1.0229351744e-11,-1.0032872644e-11,-1.0840211055e-12,0
580,26461,42003,7.8097941316e-12,4.6225990621e-12,1.1781151655e-12,0
580,34144,42001,4.4465412882e-12,-1.4259734852e-12,4.2557752931e-13,0
580,32239,42009,6.4827884704e-12,-6.2144850213e-12,-3.0668830744e-12,0
580,2149,42003,9.6611817350e-12,3.3557572161e-12,6.3088577387e-13,0
580,7930,42007,7.7333739772e-12,7.1417690980e-12,1.7854978123e-12,0
580,11614,42010,5.7944038165e-12,-4.8211645857e-12,-2.4983025563e-12,0
580,35881,42002,3.5187449896e-12,-2.4536926027e-12,-1.9351528638e-13,0
580,33634,42007,4.6511189183e-12,3.6652998835e-12,-6.4032064708e-14,0
580,9955,42001,3.8575405623e-12,4.6513329089e-13,7.7203479032e-14,0
581,7930,42007,4.1480149026e-12,-6.0348614398e-13,1.7227532186e-12,0
581,34144,42001,3.1892170219e-12,1.0192404891e-12,7.5372931322e-13,0
581,32239,42009,5.9279109005e-12,-1.0002458511e-12,-2.8946245641e-12,0
581,9955,42001,3.2675094259e-12,-6.7303524956e-13,-2.7006390965e-13,0
581,35881,42002,5.4780758502e-12,2.3952803426e-13,-1.2490118508e-13,0
581,33634,42007,4.2605280521e-12,1.0816694130e-12,-4.1991275836e-13,0
581,2149,42003,5.2435687026e-12,-4.2528686277e-12,2.0557245372e-13,0
581,26461,42003,2.4759463172e-12,1.0347334597e-12,9.3726148042e-13,0
581,11614,42010,7.4090582093e-12,3.2985444364e-12,-2.2972041438e-12,0
582,7930,42007,1.7851956368e-12,3.8473931190e-13,1.6591439681e-12,0
582,26461,42003,4.9220239637e-12,4.8892929579e-12,1.8521600864e-12,0
582,9955,42001,4.5069336896e-12,-4.3844125794e-12,-6.2165831645e-13,0
582,34144,42001,5.2371527756e-12,2.8756204479e-12,8.2005100532e-13,0
582,32239,42009,4.2482685354e-12,2.1761898034e-12,-3.3235842444e-12,0
582,11614,42010,3.7836556971e-12,-1.2009617055e-12,-2.2797127679e-12,0
582,2149,42003,5.2432703056e-12,4.1978070551e-12,4.5181196752e-13,0
582,33634,42007,5.1686417145e-12,2.3873977789e-12,2.7786669985e-14,0
582,35881,42002,7.9777022343e-12,3.1857949732e-12,-3.8491086668e-13,0
583,32239,42009,7.2533568025e-12,-6.4216613303e-12,-3.3418230932e-12,0
583,26461,42003,1.8622238498e-12,-1.5105555539e-12,1.1617439988e-12,0
583,2149,42003,1.2883876973e-11,-1.1527822607e-11,-7.8328011934e-13,1
583,33634,42007,8.0225886304e-12,1.6166289455e-12,-1.6754380031e-13,0
583,34144,42001,7.8107215454e-12,5.5907759120e-12,1.2327741192e-12,0
583,7930,42007,6.8153846004e-12,2.1717480467e-12,1.9390524244e-12,0
583,11614,42010,5.5289702073e-12,2.5794062159e-12,-1.9937466380e-12,0
583,35881,42002,7.0942522509e-12,-5.7914975877e-12,-9.0221757752e-13,0
583,9955,42001,1.9681810375e-12,-1.1936443756e-12,-4.6705059919e-13,0
584,34144,42001,4.0609341475e-12,-2.2783738777e-12,5.8251743987e-13,0
584,7930,42007,5.3280698990e-12,-2.1050003832e-12,1.4535290215e-12,0
584,11614,42010,6.9787606146e-12,-4.5956147953e-12,-1.6932367386e-12,0
584,35881,42002,8.5373817241e-12,7.2668973473e-12,-4.0837539519e-14,0
584,26461,42003,6.9355138782e-12,6.3928208037e-12,2.0370867742e-12,0
584,9955,42001,5.6388803621e-12,-5.5474431602e-12,-1.5745997887e-12,0
584,32239,42009,3.9790312139e-12,-9.8115063763e-13,-3.6389725618e-12,0
584,33634,42007,7.4143098388e-12,-6.2851614317e-12,-1.0437636788e-12,0
585,11614,42010,8.2471770860e-12,-2.1191836321e-12,-1.5243235054e-12,0
585,2149,42003,2.6325222536e-12,-1.8992299005e-16,-1.8992299005e-17,0
585,26461,42003,4.4229874121e-12,-4.0190926735e-12,1.3061994871e-12,0
585,34144,42001,5.6935432264e-12,4.7199673251e-12,1.5523756913e-12,0
585,7930,42007,9.9624148796e-12,5.1890634717e-12,2.2301146223e-12,0
585,32239,42009,3.8681577392e-12,6.1982032706e-13,-3.1417363862e-12,0
585,35881,42002,4.3526501454e-12,2.2246183475e-12,3.4109071727e-13,0
585,33634,42007,6.9623191496e-12,5.9226606027e-12,8.7415792939e-15,0
585,9955,42001,2.2432282426e-12,-2.0684644990e-12,-1.2433059572e-12,0
586,11614,42010,6.7283677635e-12,-1.1047440624e-12,-1.4952562824e-12,0
586,32239,42009,6.2912610317e-12,3.5698565692e-12,-2.2736722731e-12,0
586,34144,42001,3.7292258791e-12,-1.4666176452e-12,9.1414483606e-13,0
586,33634,42007,1.7200747272e-12,2.1203046248e-13,2.3238173895e-13,0
586,26461,42003,3.7004588564e-12,-2.9540888445e-12,1.2997848470e-12,0
586,35881,42002,6.4257171002e-12,3.5225739900e-13,3.5167723515e-13,0
586,7930,42007,7.0469068068e-12,-2.3639035024e-12,1.5326596292e-12,0
586,9955,42001,4.3434280513e-12,-2.7893760220e-12,-1.9224927445e-12,0
586,2149,42003,2.7364266025e-12,1.1728213803e-12,1.1726314573e-13,0
587,7930,42007,4.3459449279e-12,3.3319381531e-12,2.2423919669e-12,0
587,2149,42003,3.6421889479e-12,-1.7969842928e-13,9.9293302799e-14,0
587,26461,42003,5.2510884837e-12,-3.6268409127e-12,1.0592927684e-12,0
587,34144,42001,8.4298723261e-12,3.8453247953e-12,1.7753532970e-12,0
587,32239,42009,5.9578409336e-12,3.3429952068e-12,-1.6836969984e-12,0
587,9955,42001,2.6952760826e-12,1.0869509979e-12,-1.5594979983e-12,0
587,33634,42007,5.8404932627e-12,5.6468315834e-12,9.8672555560e-13,0
587,11614,42010,4.3341185445e-12,3.4491785504e-12,-3.9284520116e-13,0
587,35881,42002,2.6730416939e-12,-1.0323111731e-12,3.1902654327e-13,0
588,34144,42001,8.6959857576e-12,-7.2939573013e-12,7.7743388016e-13,0
588,11614,42010,2.8957075194e-12,-1.0000268751e-12,-5.4403617878e-13,0
588,35881,42002,8.0321239615e-12,-2.1876152326e-12,2.0699201124e-14,0
588,26461,42003,5.7098301174e-12,2.4257654251e-13,4.9985509680e-13,0
588,32239,42009,3.5800150245e-12,8.7607070375e-13,-6.7849675636e-13,0
588,7930,42007,4.0071097672e-12,-7.1369227203e-13,1.1664287274e-12,0
588,2149,42003,3.9607168877e-12,-2.1978960032e-13,7.7314342768e-14,0
588,33634,42007,4.2389836730e-12,-2.4105801450e-12,1.8039044491e-13,0
588,9955,42001,3.5919599665e-12,-2.7933775173e-12,-1.8718894368e-12,0
589,11614,42010,5.2390261234e-12,-2.6926767208e-12,-8.2072431740e-13,0
589,7930,42007,3.5262361574e-12,3.2933295287e-12,1.5726505308e-12,0
589,9955,42001,6.4427572305e-12,-8.0402362504e-13,-1.8701692739e-12,0
589,32239,42009,4.4962268657e-12,8.6313247248e-13,-3.1694777578e-13,0
589,26461,42003,5.4872887778e-12,-2.9124208436e-12,2.1590239978e-13,0
589,2149,42003,1.1126872895e-12,6.9861914334e-13,1.4717625710e-13,0
589,33634,42007,3.1677916271e-12,2.6449639516e-12,1.4481741044e-12,0
589,34144,42001,6.0426748442e-12,1.5004593427e-12,7.0864660025e-13,0
589,35881,42002,6.9217709151e-12,1.4303285554e-12,3.2343080606e-13,0
590,34144,42001,2.5884955600e-12,1.8716902339e-12,1.0384129722e-12,0
590,35881,42002,6.0541530651e-12,-3.4557342000e-12,2.2322664633e-13,0
590,32239,42009,2.9375584841e-12,-4.3087666644e-13,2.6141305971e-13,0
590,26461,42003,3.1498595375e-12,-1.0938572440e-12,-3.5574323083e-13,0
590,33634,42007,1.0959126633e-11,-7.6785035728e-12,3.1379375880e-13,0
590,7930,42007,3.6314927395e-12,-3.2491742672e-12,5.3355619433e-13,0
590,2149,42003,5.2215392401e-12,2.5110455835e-12,3.9828081545e-13,0
590,11614,42010,4.4809251404e-12,3.1314326150e-12,-2.5464597331e-14,0
590,9955,42001,5.2054807131e-12,4.2918706430e-12,-1.4874955387e-12,0
591,34144,42001,8.5709605721e-12,-2.6166511013e-12,6.7482381313e-13,0
591,35881,42002,3.7106447552e-12,-1.3424442366e-12,6.5029419245e-14,0
591,11614,42010,5.6735653847e-12,-4.4569748640e-12,-8.0101652737e-13,0
591,2149,42003,8.2035977487e-12,1.6537869271e-14,3.9993460238e-13,0
591,26461,42003,6.9340811421e-12,3.9293561470e-12,-6.6280962103e-14,0
591,32239,42009,5.3369099201e-12,1.4161338923e-12,5.0305103406e-13,0
591,33634,42007,3.4084459505e-12,2.6560923111e-12,4.7123604861e-13,0
591,7930,42007,9.1906272961e-12,8.9054118964e-12,1.4844459984e-12,0
591,9955,42001,6.0719167372e-12,-1.6169701631e-12,-1.5818890301e-12,0
592,26461,42003,3.5555519287e-12,3.8043407381e-13,-5.1716685052e-13,0
592,32239,42009,3.9942415756e-12,2.7141615008e-12,5.5684820380e-13,0
592,33634,42007,8.4231411453e-12,-7.9410861804e-12,-5.6161234733e-13,0
592,11614,42010,5.1233143462e-12,1.8856920845e-12,-4.9235114837e-13,0
592,2149,42003,6.6207106321e-12,-3.1884500049e-12,8.1089601893e-14,0
592,7930,42007,3.2444108077e-12,-2.4255060977e-12,1.2034214574e-12,0
592,34144,42001,6.4453909511e-12,3.7951839350e-12,7.6678016184e-13,0
592,9955,42001,4.2563177083e-12,2.7775776591e-12,-8.6569000622e-13,0
592,35881,42002,5.8084339689e-12,2.5278182653e-12,-7.6825154338e-16,0
593,7930,42007,4.4598037879e-12,2.9282696401e-12,1.2790736167e-12,0
593,9955,42001,1.0114136125e-11,-3.2665404740e-12,-1.0729796161e-12,0
593,11614,42010,4.4775557579e-12,1.6215110313e-12,-5.8814066684e-13,0
593,2149,42003,3.3215695932e-12,1.9945311440e-13,1.0103491333e-13,0
593,32239,42009,2.9414566690e-12,-9.8233771137e-13,1.1007805657e-12,0
593,34144,42001,5.7072300243e-12,-2.0930985954e-12,-1.6072888914e-15,0
593,26461,42003,5.2656978571e-12,2.6090642979e-12,-1.0520486534e-13,0
593,33634,42007,5.5680991781e-12,3.8538923438e-12,-3.3788600750e-13,0
593,35881,42002,4.0452033063e-12,2.5468062641e-12,8.3306213363e-13,0
594,34144,42001,8.3672266054e-12,6.3533647192e-12,8.6156657080e-13,0
594,32239,42009,2.4607503284e-12,8.4416443434e-13,1.2833120729e-12,0
594,35881,42002,3.5585814933e-12,1.3643201901e-12,2.4280441791e-13,0
594,33634,42007,2.2799682984e-12,-9.5366234185e-13,1.9526390149e-13,0
594,11614,42010,6.9254048175e-12,-1.0164848791e-12,-2.3022767521e-13,0
594,7930,42007,6.7294736283e-12,-5.1351288718e-12,9.7606076788e-13,0
594,26461,42003,4.9517710654e-12,-4.4527699628e-12,-1.1897639420e-12,0
594,2149,42003,7.5653360789e-12,5.1981501403e-12,6.2084992737e-13,0
594,9955,42001,7.9925520021e-12,2.9715351306e-12,-2.2108178697e-13,0
595,11614,42010,8.8322808561e-12,3.2269745571e-12,3.0438814371e-13,0
595,26461,42003,3.0379593507e-12,-1.2125351817e-12,-9.0910819280e-13,0
595,2149,42003,5.5326976970e-12,-2.8924332446e-12,3.3162559521e-13,0
595,32239,42009,3.1379309960e-12,3.1153482509e-12,1.5328648653e-12,0
595,7930,42007,7.6353297538e-12,6.6359989523e-12,1.1207543159e-12,0
595,34144,42001,3.2844782470e-12,-1.8144976893e-12,2.0812006936e-13,0
595,33634,42007,4.2134886850e-12,2.1905043415e-12,-1.7795172462e-13,0
595,35881,42002,4.2773769031e-12,-3.0760422036e-12,-2.8726163720e-13,0
595,9955,42001,8.1765907669e-12,-7.4280975334e-12,-7.5704509041e-13,0
596,32239,42009,9.0156348141e-13,6.8600578647e-13,1.2444797870e-12,0
596,7930,42007,5.0051548115e-12,3.3296573971e-12,1.6901104059e-12,0
596,33634,42007,1.6542155520e-12,-1.4901202030e-12,-3.4816679117e-13,0
596,9955,42001,4.1414414704e-12,2.7493241030e-12,-2.0317507791e-13,0
596,26461,42003,7.0113962184e-12,5.5375426728e-12,-5.9945041063e-14,0
596,34144,42001,5.9245920145e-12,4.4988576882e-12,8.0466760270e-13,0
596,2149,42003,5.8805793357e-12,5.7982433244e-12,7.9416778963e-13,0
596,11614,42010,5.5615715565e-12,-5.3988802124e-12,-1.2502547130e-13,0
596,35881,42002,5.7072309733e-12,4.9064482540e-12,1.6815744830e-13,0
597,26461,42003,8.3162217699e-12,-8.2112993746e-12,-5.1839088726e-13,0
597,34144,42001,4.4366003930e-12,8.8041717691e-14,4.2893929494e-13,0
597,35881,42002,3.9258190575e-12,3.5812000349e-12,6.2950856909e-13,0
597,11614,42010,1.6953769277e-12,-4.8510718701e-13,-5.1845404504e-13,0
597,7930,42007,6.2994594397e-12,-5.0861158995e-12,8.4830500062e-13,0
597,2149,42003,4.6042908540e-12,-3.9509951173e-12,4.1703812082e-13,0
597,32239,42009,9.2825070805e-12,-3.2326712845e-12,5.8691313788e-13,0
597,9955,42001,7.6304239427e-12,-5.3479295807e-12,-8.4666313577e-13,0
597,33634,42007,5.4332375255e-12,3.7459529019e-12,-5.3825465932e-13,0
598,32239,42009,1.8171765083e-12,1.0326040779e-12,6.0256647530e-13,0
598,33634,42007,4.2721104768e-12,3.7672577883e-12,7.9529134015e-14,0
598,7930,42007,5.5618660002e-12,3.9426951811e-12,1.3139437459e-12,0
598,11614,42010,3.1140394086e-12,-9.4586693113e-13,-5.1303805065e-13,0
598,34144,42001,4.7780800743e-12,4.0791214771e-12,1.5662471728e-12,0
598,2149,42003,5.6038141231e-12,5.1350280066e-12,9.5251988152e-13,0
598,9955,42001,1.0127815223e-11,8.6576228157e-12,2.9843689753e-13,0
598,26461,42003,9.1382002185e-12,2.9538460237e-12,-2.4726393914e-13,0
598,35881,42002,4.9577240338e-12,-2.5711042261e-12,5.9115966974e-13,0
599,34144,42001,3.7709674502e-12,-2.5240753719e-12,1.1637937013e-12,0
599,11614,42010,5.9558865294e-12,1.2542924005e-12,-1.1834113852e-13,0
599,35881,42002,4.0510357727e-12,1.0529038716e-12,5.5341720136e-13,0
599,7930,42007,4.8706207927e-12,-4.2767858936e-12,5.5693220371e-13,0
599,32239,42009,6.0185086946e-12,-3.8924540523e-12,1.2700782281e-13,0
599,2149,42003,3.6467216825e-12,-2.7213366345e-12,6.1052430373e-13,0
599,9955,42001,6.8244633076e-12,-3.7526786407e-12,3.5713959581e-15,0
599,33634,42007,3.8958897518e-12,-1.0587125761e-12,-2.9083851875e-13,0
599,26461,42003,7.8552849223e-12,-6.7642057870e-12,-6.3244243348e-13,0
600,32239,42009,1.5617956020e-12,-3.4804981510e-13,1.3529050795e-13,0
600,26461,42003,6.2190102326e-12,5.8850028470e-12,6.5443575623e-14,0
600,7930,42007,6.0651029914e-12,5.9403636891e-12,1.4758859993e-12,0
600,33634,42007,3.9075015503e-12,1.3900302117e-12,6.1601485970e-13,0
600,34144,42001,2.9489444802e-12,2.0516556379e-12,1.1817902417e-12,0
600,2149,42003,5.2482175152e-12,4.0469007956e-12,7.6410982493e-13,0
600,11614,42010,6.6957110518e-12,-3.3681702077e-12,-7.6830142080e-13,0
600,9955,42001,3.9936151260e-12,1.3643022856e-12,-2.8918543978e-13,0
600,35881,42002,4.6853901995e-12,-2.9387163845e-12,6.0511898290e-13,0
601,11614,42010,1.3162675319e-12,1.3132396748e-12,-1.9127996692e-13,0
601,7930,42007,4.3201720848e-12,-4.0545274687e-12,1.7989206283e-13,0
601,26461,42003,8.9645518094e-12,-7.1015770919e-12,-1.0376497483e-12,1
601,32239,42009,5.2559363978e-12,-3.9448719736e-12,-4.0081007864e-13,0
601,34144,42001,5.3956550921e-12,4.7072279403e-12,1.9141781459e-12,0
601,2149,42003,6.9773697828e-12,-3.9948500833e-12,3.6297102968e-13,0
601,9955,42001,5.5694176751e-12,3.5223586954e-12,2.2474744607e-13,0
601,33634,42007,6.2624731991e-12,-5.1142891011e-12,-1.6102328153e-13,0
601,35881,42002,6.6921763126e-12,5.4270864244e-12,1.2820720490e-12,0
602,34144,42001,7.5600356261e-12,5.0296810638e-12,2.0376278588e-12,0
602,35881,42002,4.1420762907e-12,1.5773868326e-12,1.1870289057e-12,0
602,26461,42003,2.8260189779e-12,1.0870573289e-16,1.0870573289e-17,0
602,32239,42009,5.8526350173e-12,-2.5920596912e-12,-9.3143219785e-13,0
602,7930,42007,6.7339875255e-12,3.2922487972e-12,7.5166755232e-13,0
602,11614,42010,4.7851072428e-12,7.7762038882e-13,-3.0208713649e-13,0
602,9955,42001,5.1040208814e-12,-1.3708703968e-12,-1.9009735952e-13,0
602,33634,42007,3.4703520311e-12,2.9829905735e-12,9.3138439387e-13,0
602,2149,42003,4.7257846095e-12,-1.6572941221e-12,5.1608661796e-13,0
603,7930,42007,3.2789530143e-12,2.0081310147e-12,6.5965368979e-13,0
603,26461,42003,6.0103681045e-12,1.7580644869e-12,1.7581731926e-13,0
603,11614,42010,4.5434038138e-12,2.9630253502e-12,-1.6793570460e-13,0
603,32239,42009,1.5024367911e-12,-1.1796464501e-12,-9.5116307171e-13,0
603,34144,42001,3.2844946078e-12,-1.0413037663e-12,2.1428073417e-12,0
603,33634,42007,3.2802647905e-12,5.5699436206e-13,6.0169459570e-13,0
603,2149,42003,6.8894041790e-12,2.5128864087e-12,7.4742994739e-13,0
603,9955,42001,6.4108437364e-12,-3.8870003209e-12,-2.5214334421e-13,0
603,35881,42002,6.0376973047e-12,5.2750520658e-12,1.4598534859e-12,0
604,34144,42001,4.7248626002e-12,-7.0267147293e-13,1.4372037225e-12,0
604,7930,42007,4.6863470447e-12,-7.9727406786e-13,1.0934391702e-12,0
604,32239,42009,4.5829312426e-12,-4.3610214076e-12,-1.4716816559e-12,0
604,26461,42003,4.0370124886e-12,-4.0179669226e-12,-2.2597937300e-13,0
604,35881,42002,3.2992759986e-12,-1.1969850787e-12,1.2037229590e-12,0
604,2149,42003,5.3646372747e-12,-5.3226093775e-12,-3.0464600440e-13,0
604,33634,42007,4.6889430773e-12,3.2173210680e-12,1.0187929367e-12,0
604,9955,42001,3.2086641554e-12,2.7597979870e-12,-2.7331705858e-13,0
604,11614,42010,7.0705894944e-12,-4.4439914518e-12,-5.1068636187e-13,0
605,11614,42010,5.9269742553e-12,-1.5820771168e-12,-9.9159152926e-13,0
605,26461,42003,5.7333483871e-12,2.9952766593e-12,7.3548292924e-14,0
605,7930,42007,5.1452598204e-12,-4.3948090266e-12,-9.6416277081e-15,0
605,32239,42009,5.2483997315e-12,-2.2456892559e-12,-2.0077854066e-12,0
605,34144,42001,2.3996808063e-12,1.9596452302e-12,1.8146180144e-12,0
605,33634,42007,9.7400059661e-12,-6.4577244319e-12,1.5397005934e-13,0
605,35881,42002,5.8611238046e-12,4.2889512732e-12,1.9402223067e-12,0
605,9955,42001,3.6299476685e-12,2.5568332117e-13,4.9506102688e-13,0
605,2149,42003,2.4823507309e-12,-1.3035979576e-12,-1.4576247571e-13,0
606,34144,42001,5.0487659099e-12,-4.3998006663e-12,9.2475217896e-13,0
606,11614,42010,8.0515502298e-12,5.3318309262e-12,8.1479584610e-14,0
606,2149,42003,4.5363573104e-12,-1.9108786580e-12,-9.1667467395e-13,0
606,7930,42007,6.8932755613e-12,4.7154389042e-12,1.2893652300e-13,0
606,35881,42002,4.0115175370e-12,-2.7334221876e-12,1.1762352625e-12,0
606,9955,42001,4.4924750377e-12,5.5685221478e-13,2.7581383806e-13,0
606,32239,42009,2.8277246841e-12,-1.0538636631e-12,-2.1817723515e-12,0
606,26461,42003,4.8123066716e-12,-3.7128023063e-12,-2.9773193771e-13,0
606,33634,42007,4.8146451929e-12,4.1773866619e-12,7.2072074583e-13,0
607,2149,42003,5.8144217919e-12,-8.8646227918e-13,-6.1022139013e-13,0
607,32239,42009,6.6886497453e-13,5.6601191804e-13,-1.8019040313e-12,0
607,33634,42007,6.0104838673e-12,-3.0508765618e-12,4.1037799453e-14,0
607,7930,42007,8.9370164398e-12,-7.5807594513e-12,-1.2052783218e-13,0
607,34144,42001,8.2954836355e-12,7.1502161005e-12,1.6309696172e-12,0
607,11614,42010,4.3831218834e-12,2.6014701924e-12,3.9013732255e-13,0
607,9955,42001,5.8748239865e-12,-8.8046485851e-13,7.2256031028e-13,0
607,26461,42003,8.7743707717e-12,4.5656049436e-12,1.5882855665e-13,0
607,35881,42002,1.8302352296e-12,1.6049764801e-12,9.7861290706e-13,0
608,2149,42003,6.3037994925e-12,-5.2809764699e-12,-1.6518218378e-12,0
608,11614,42010,7.3816486488e-12,1.8981580595e-12,6.7453982162e-13,0
608,26461,42003,6.1762657585e-12,-5.2592899685e-12,-3.6710044020e-13,0
608,34144,42001,1.3138127635e-12,-1.2489821233e-12,1.0981592572e-12,0
608,32239,42009,4.9705005133e-12,-2.9231390418e-12,-2.1974783433e-12,0
608,7930,42007,3.3500086684e-12,-1.5868446396e-12,-6.7348181425e-13,0
608,35881,42002,4.1367057031e-12,2.8217723955e-12,1.5179005692e-12,0
608,33634,42007,4.6445315952e-12,-2.0187438739e-13,-3.5587541812e-13,0
608,9955,42001,6.2193291472e-12,-5.1417217743e-13,-1.9461918903e-13,0
609,2149,42003,1.0661004415e-11,4.9854906798e-12,-8.8113910635e-13,0
609,34144,42001,2.9099218758e-12,2.0033268852e-12,1.5508994829e-12,0
609,32239,42009,5.0484880533e-12,-1.8555927137e-12,-1.9937922094e-12,0
609,33634,42007,3.9818380194e-12,-5.4519631654e-13,-3.0452379216e-13,0
609,35881,42002,3.7003169747e-12,-1.9826483069e-13,1.3927836990e-12,0
609,7930,42007,3.7610659381e-12,2.7674157800e-12,3.0938353114e-14,0
609,9955,42001,1.0624650922e-11,2.5587582994e-12,4.3652450499e-13,0
609,26461,42003,7.2782074854e-12,4.2704089937e-12,5.9940459172e-14,0
609,11614,42010,2.2690396031e-12,7.2984241117e-13,6.2209482268e-13,0
610,2149,42003,5.1347412920e-12,-4.8056216060e-12,-1.7663913465e-12,0
610,26461,42003,4.5915762012e-12,-3.6525986600e-12,-3.0531940682e-13,0
610,11614,42010,2.9471756396e-12,1.5247947133e-12,1.1113913148e-12,0
610,32239,42009,2.3944350381e-12,-1.3054194342e-12,-2.0895291713e-12,0
610,34144,42001,3.7022475235e-12,2.9783637889e-12,1.6435702980e-12,0
610,7930,42007,4.9297583131e-12,1.6593803886e-12,-3.9715997694e-13,0
610,33634,42007,4.0710115523e-12,2.4380553057e-13,-4.1914626027e-13,0
610,35881,42002,5.9693630091e-12,-2.7464199395e-12,1.4120133435e-12,0
610,9955,42001,5.2368380279e-12,-4.9540834816e-12,-1.9531407174e-13,0
611,34144,42001,5.7789949254e-12,1.8975259079e-12,1.3626000948e-12,0
611,2149,42003,7.2178057012e-12,5.6764131563e-12,-7.9926502256e-13,0
611,32239,42009,3.9958510686e-12,-3.0664758634e-12,-2.0016895603e-12,0
611,35881,42002,3.7976066751e-12,-9.9323580257e-13,7.6998112080e-13,0
611,33634,42007,2.8016614218e-12,-2.7694260164e-12,-1.8465995179e-13,0
611,26461,42003,9.4813782929e-12,6.9634112339e-12,3.9102171657e-13,0
611,11614,42010,5.0802797936e-12,-7.9299073267e-13,9.0076827404e-13,0
611,7930,42007,7.2831692865e-12,-3.3575231648e-12,-3.2745954654e-13,0
611,9955,42001,4.9357989066e-12,-1.0819816406e-12,-6.5574810534e-13,0
612,11614,42010,4.0274379188e-12,-7.5795782883e-13,7.4721045228e-13,0
612,26461,42003,6.8549967625e-12,-6.2559967458e-12,-2.3458882859e-13,0
612,7930,42007,7.9107347961e-12,4.0354762415e-12,-2.5313680211e-13,0
612,34144,42001,5.0691490867e-12,-3.2507607162e-12,5.3455591676e-13,0
612,32239,42009,4.6074416750e-12,-1.4750807488e-12,-1.8899916661e-12,0
612,2149,42003,6.8995725831e-12,-5.8470288957e-12,-1.2182384999e-12,1
612,35881,42002,3.4302366810e-12,2.7843150259e-12,8.9067394014e-13,0
612,9955,42001,8.2546577837e-12,-5.2932967625e-12,-1.0479907419e-12,0
612,33634,42007,3.2401459650e-12,7.3690517444e-13,-4.0926849170e-13,0
613,34144,42001,2.9532282448e-12,1.5249117829e-12,7.9117747168e-13,0
613,35881,42002,3.4813176762e-12,-2.1518606819e-12,1.4798266538e-13,0
613,7930,42007,7.5438183887e-12,-4.7974295796e-12,-9.3369286155e-13,0
613,26461,42003,8.1923670252e-12,1.0351145129e-12,-3.0688382598e-13,0
613,9955,42001,3.4309732335e-12,-1.3616834474e-12,-7.9545905457e-13,0
613,32239,42009,3.5699998017e-12,-3.8042394909e-13,-1.8100694160e-12,0
613,11614,42010,4.0649963107e-12,-9.4554636497e-13,3.5635328076e-13,0
613,33634,42007,9.9589114222e-12,-4.5731037646e-12,-9.2227830437e-13,0
614,32239,42009,1.0245029803e-11,-9.6316695179e-12,-2.3371342270e-12,1
614,11614,42010,3.2634170843e-12,1.8636201560e-12,9.8711444154e-13,0
614,2149,42003,3.2399398946e-12,1.1816595039e-16,1.1816595039e-17,0
614,33634,42007,5.6316965046e-12,-5.7971113221e-13,-1.3019815244e-12,0
614,26461,42003,3.5151972906e-12,-3.2862376915e-12,-2.3371090286e-13,0
614,7930,42007,3.9312780056e-12,1.9285976764e-12,-6.6110568712e-13,0
614,34144,42001,5.8474929180e-12,4.2512022986e-12,1.2865648488e-12,0
614,9955,42001,6.3071402898e-12,-5.4394415877e-12,-1.6153830120e-12,0
614,35881,42002,5.4561477344e-12,-1.1853080512e-12,1.4915036812e-13,0
615,34144,42001,8.3570345411e-12,-1.4850660551e-12,9.4209372030e-13,0
615,2149,42003,9.8504773734e-12,9.4377252622e-12,9.4378434281e-13,0
615,26461,42003,5.2382250258e-12,-9.1341882912e-13,-6.2458045170e-13,0
615,7930,42007,6.9070732192e-12,-4.8015991833e-12,-7.0178470279e-13,0
615,35881,42002,8.3904201348e-12,6.3712387571e-12,3.5737911652e-13,0
615,9955,42001,2.0177498132e-12,-1.7523238340e-12,-1.8161837276e-12,0
615,33634,42007,4.9025519793e-12,-3.3342147123e-12,-9.8963055243e-13,0
615,11614,42010,4.7998913933e-12,1.7561639282e-12,1.3209385460e-12,0
616,2149,42003,4.0021606170e-12,-2.4339046769e-12,7.0039387512e-13,0
616,33634,42007,5.1532419912e-12,2.6616677456e-12,-1.1412024441e-12,0
616,26461,42003,8.2709928253e-12,-3.1109960422e-12,-5.6439982529e-13,0
616,34144,42001,5.6681725349e-12,5.6259417037e-12,1.9446679573e-12,0
616,7930,42007,5.5050628003e-12,2.7285172514e-12,-9.0047686806e-13,0
616,11614,42010,6.0638534435e-12,-5.8178508071e-12,2.0597037270e-13,0
616,9955,42001,4.7389940059e-12,-3.3772468588e-12,-2.2095936349e-12,0
616,35881,42002,5.7248909027e-12,-1.6519233770e-12,4.6552899758e-13,0
617,7930,42007,6.8589215817e-12,2.4646123005e-12,1.0406030712e-13,0
617,26461,42003,3.2336435504e-12,5.5071256122e-13,-9.6588906353e-13,0
617,11614,42010,6.8080083450e-12,5.0251918821e-12,4.4834254167e-13,0
617,9955,42001,6.3408237824e-12,-4.9952819538e-12,-2.6210753444e-12,0
617,34144,42001,9.5567084854e-13,1.2128553323e-13,1.2417749006e-12,0
617,35881,42002,3.2766171537e-12,4.4126955103e-13,3.4915830467e-13,0
617,33634,42007,9.1303030273e-12,-2.8072625689e-12,-1.1168410448e-12,0
617,2149,42003,2.2180959779e-12,-6.9096617806e-13,6.3129725731e-13,0
618,33634,42007,2.0586326758e-12,9.3590301712e-13,-1.0030633043e-12,0
618,34144,42001,3.2633293424e-12,-1.6847495690e-12,1.1981981560e-12,0
618,35881,42002,2.7514418258e-12,4.7129699798e-15,6.7452362120e-14,0
618,11614,42010,2.7132969469e-12,-1.9171602293e-12,6.6810712791e-14,0
618,7930,42007,2.9025048104e-12,5.2064717229e-13,3.1480948831e-13,0
618,26461,42003,5.2058364795e-12,2.5094629458e-12,-1.8901377210e-13,0
618,2149,42003,9.9284683746e-12,7.4843604020e-12,1.3797332975e-12,0
618,9955,42001,3.6952710057e-12,-2.2449680802e-12,-2.7941549347e-12,0
619,26461,42003,4.9223749897e-12,-1.9838184760e-12,-8.1443651907e-13,0
619,7930,42007,3.4745899407e-12,1.6106567031e-12,1.9913358062e-13,0
619,2149,42003,6.9054847938e-12,-5.7647658996e-12,8.0325670755e-13,0
619,11614,42010,5.0349866159e-12,-2.9480672836e-12,-3.0098025669e-13,0
619,9955,42001,5.6425649858e-12,-5.6185435735e-12,-3.6118851220e-12,0
619,34144,42001,6.6959285066e-12,2.4898856663e-12,1.2468540341e-12,0
619,33634,42007,1.7582602204e-12,9.4791654382e-13,-8.5375201829e-13,0
619,35881,42002,2.1828059280e-12,6.0868662897e-13,1.4814750809e-13,0
620,34144,42001,8.1789314850e-12,1.7573903277e-13,9.6659155850e-13,0
620,35881,42002,2.1798143334e-12,-1.0341836001e-13,4.1244766603e-13,0
620,33634,42007,2.8664068509e-12,2.7919396153e-12,-5.9893860982e-13,0
620,11614,42010,6.4663555705e-12,6.4239494568e-12,1.8893521766e-13,0
620,7930,42007,4.8302037818e-12,8.2001689865e-13,1.1519723162e-13,0
620,26461,42003,2.0232805004e-12,9.2442577796e-13,-3.5673407528e-13,0
620,2149,42003,4.4495524288e-12,1.9565731716e-12,9.9891402472e-13,0
620,9955,42001,4.0898450787e-12,-3.0813517801e-12,-3.4246119519e-12,0
621,26461,42003,3.1835409192e-12,2.0619333081e-12,-8.4688186786e-13,0
621,7930,42007,5.7396918192e-12,-5.2517384452e-12,-7.4224296418e-14,0
621,9955,42001,4.2563769568e-12,-2.9262537323e-12,-3.6090391610e-12,0
621,2149,42003,7.5368617935e-12,-2.9101578995e-12,7.0789823476e-13,0
621,11614,42010,3.1987077914e-12,-1.3573775973e-12,1.3249653120e-13,0
621,34144,42001,2.3236439875e-12,1.8249663834e-12,9.5933560605e-13,0
621,33634,42007,4.0352591760e-12,-3.3053640161e-12,-6.5253240979e-13,0
621,35881,42002,3.2502580189e-12,4.4105997812e-13,5.5587724410e-13,0
622,34144,42001,8.4519810251e-12,2.0345876888e-12,1.4878704466e-12,0
622,33634,42007,5.3102088696e-12,3.1160260015e-12,-4.1462032709e-13,0
622,35881,42002,6.2166579258e-12,-9.5906420377e-13,1.8153932113e-13,0
622,11614,42010,6.9929653139e-12,6.9296051532e-12,9.0125282941e-13,0
622,7930,42007,7.2991550574e-12,6.3418944814e-12,1.5641752758e-13,0
622,2149,42003,4.6229611154e-12,-2.0112669871e-12,5.0677153605e-13,0
622,9955,42001,3.3069983342e-12,2.4458998239e-12,-2.8351195024e-12,0
622,26461,42003,3.5318894289e-12,-2.6740731263e-12,-4.8868950591e-13,0
623,26461,42003,5.5430451879e-12,4.3769278679e-12,-1.5450817042e-13,0
623,7930,42007,7.7337879775e-12,-3.1862469664e-12,3.1753578890e-13,0
623,2149,42003,6.4011851420e-12,5.4687151495e-13,5.6145868755e-13,0
623,9955,42001,3.7408410812e-12,1.5731368741e-12,-2.5416374702e-12,0
623,11614,42010,3.2122021289e-12,-2.1370722883e-12,7.8210023707e-13,0
623,34144,42001,4.7715728171e-12,1.5879254884e-12,1.4941718171e-12,0
623,33634,42007,3.6795370077e-12,-7.9358243462e-13,-3.6668194094e-14,0
623,35881,42002,1.8104911220e-12,-1.0537415599e-13,3.8618797372e-13,0
624,33634,42007,3.4674268104e-12,2.7336027530e-12,2.9466319442e-13,0
624,11614,42010,3.0628437051e-12,-5.5628286873e-13,5.4010993460e-13,0
624,7930,42007,5.5714405835e-12,1.1107052308e-12,2.3574654435e-13,0
624,34144,42001,3.3521764899e-12,2.7022336061e-12,1.3392749479e-12,0
624,2149,42003,4.6694823863e-12,7.6820559649e-13,6.3826743060e-13,0
624,9955,42001,4.8834148517e-12,4.2240999442e-12,-1.5752833171e-12,0
624,26461,42003,4.9242904530e-12,5.0711228267e-13,2.2482682699e-13,0
624,35881,42002,5.3158129849e-12,1.5029907774e-12,6.5501785658e-13,0
625,34144,42001,2.9301575870e-12,-1.2403541869e-12,1.3637461347e-12,0
625,7930,42007,8.1245691462e-12,-4.5277627818e-12,2.6313018450e-13,0
625,26461,42003,6.3452865348e-12,1.1628360815e-12,4.3245231805e-13,0
625,35881,42002,7.9065031132e-12,-6.8215477369e-12,-6.6426079282e-13,0
625,9955,42001,1.4118636762e-12,-8.6749013096e-13,-1.4867999467e-12,0
625,2149,42003,1.6398403186e-12,6.6783737500e-14,-2.9882672187e-13,0
625,11614,42010,8.7326944063e-12,5.7241624553e-13,4.2173516633e-13,0
625,33634,42007,8.3355405977e-12,-3.8934171352e-12,2.3874295214e-13,0
626,33634,42007,4.1295083945e-12,3.3950728487e-12,3.1208346245e-13,0
626,11614,42010,4.8542352203e-12,1.8243684498e-12,1.1859570920e-12,0
626,2149,42003,4.2931144101e-12,-6.2577776878e-13,-1.1801403105e-13,0
626,7930,42007,7.9520283064e-12,5.9904081214e-12,5.8931927149e-13,0
626,34144,42001,2.7562036735e-12,2.7315650904e-12,1.0743084734e-12,0
626,26461,42003,5.5715796371e-12,1.3404193760e-12,8.7759385987e-13,0
626,35881,42002,5.8451596065e-12,3.9217363979e-12,-1.0689481534e-13,0
626,9955,42001,5.2536329493e-12,-1.7805934489e-12,-1.3271346058e-12,0
627,34144,42001,6.4930979375e-12,-2.2211591680e-12,8.4006400324e-13,0
627,7930,42007,4.7766320775e-12,-1.5995940098e-12,1.8289864047e-13,0
627,26461,42003,4.0396630145e-12,1.4172724377e-12,9.6424984752e-13,0
627,35881,42002,4.0646373523e-12,-4.7986211855e-13,-1.9900798230e-13,0
627,9955,42001,5.3046058013e-12,-3.1534687084e-12,-1.1429532812e-12,0
627,2149,42003,6.7104999670e-12,3.3351724145e-12,2.8459982821e-13,0
627,11614,42010,5.3086751612e-12,4.8391601740e-12,1.1673539212e-12,0
627,33634,42007,6.2559570401e-12,-4.2824377186e-12,1.6456594748e-13,0
628,11614,42010,4.4536075114e-12,-2.6563757444e-12,1.0934323697e-12,0
628,2149,42003,5.2573114347e-12,-1.9162738466e-12,-6.5546359665e-13,0
628,34144,42001,2.4573616382e-12,-7.2437834175e-13,9.3610112597e-13,0
628,33634,42007,8.8474484102e-12,3.4805762283e-12,4.1903326860e-13,0
628,7930,42007,7.3230393259e-12,4.3635630589e-12,5.6719022913e-13,0
628,6787,42003,5.4137667464e-12,-7.4164722133e-17,-7.4164722133e-18,0
628,26461,42003,4.6174583514e-12,-9.2620748457e-14,7.0404147809e-13,0
628,35881,42002,5.8894597672e-12,2.7588166295e-12,7.6402383654e-14,0
628,9955,42001,3.3480429549e-12,-2.7870483210e-12,-1.1971613053e-12,0
629,11614,42010,1.5355727572e-12,-2.4731049062e-13,1.3635080490e-12,0
629,26461,42003,6.3000152398e-12,5.1508531643e-12,1.4175086421e-12,0
629,7930,42007,4.0442329640e-12,2.5570004018e-12,6.6182459900e-13,0
629,34144,42001,3.2525107922e-12,-1.9332626910e-12,4.9378629024e-13,0
629,9955,42001,3.8854115930e-12,-1.6903119897e-12,-8.0433814692e-13,0
629,35881,42002,5.0982624542e-12,-2.7995345389e-12,-2.6441973313e-13,0
629,6787,42003,6.0196661815e-12,-3.5613268000e-13,-3.5620684473e-14,0
629,33634,42007,5.4143829078e-12,-7.7740116547e-13,2.4650149767e-13,0
629,2149,42003,6.3964491837e-12,3.0792205801e-12,2.2893505133e-13,0
630,2149,42003,1.4793073736e-12,-5.3379044400e-13,-2.0101310238e-14,0
630,7930,42007,3.3431689213e-12,-1.6189310384e-12,4.1792980530e-13,0
630,33634,42007,7.5196117448e-12,8.3850365021e-13,5.1157901162e-14,0
630,34144,42001,5.3165663944e-12,3.9453859557e-12,8.7075098253e-13,0
630,6787,42003,2.1342534568e-12,1.2054086076e-12,8.4920176287e-14,0
630,26461,42003,1.0873309083e-11,-9.1351317249e-12,4.1155289184e-13,1
630,9955,42001,4.4310989926e-12,9.2412391577e-13,-4.0379057733e-13,0
630,35881,42002,2.9167755365e-12,-2.7802419591e-12,-5.3210209304e-13,0
630,11614,42010,5.1814104710e-12,4.9877819077e-13,7.7099092240e-13,0
631,11614,42010,5.3697454521e-12,8.2200231290e-13,9.8892891342e-13,0
631,34144,42001,4.3747366175e-12,1.1253586420e-13,6.9950793061e-13,0
631,7930,42007,7.9934949399e-12,1.5788598602e-12,1.1009896358e-12,0
631,35881,42002,4.5381853465e-12,-1.3253888320e-12,-7.0874697405e-13,0
631,9955,42001,2.6415916107e-12,-3.0168671145e-13,-1.4133387525e-13,1
631,6787,42003,7.1423729215e-12,7.0784280796e-13,1.5570445708e-13,0
631,33634,42007,4.0263079176e-12,-1.8633565019e-12,1.9535865259e-13,0
631,2149,42003,7.0884939474e-12,6.5478338596e-12,9.2569786567e-13,0
632,33634,42007,4.2177129471e-12,-4.7511944057e-14,-1.2099514197e-13,0
632,7930,42007,8.2220459702e-12,7.8036588739e-14,4.7460384657e-13,0
632,34144,42001,5.1701044605e-12,4.9474048961e-12,9.9078965134e-13,0
632,6787,42003,4.2467429164e-12,-4.1905430323e-12,-2.6334984615e-13,0
632,35881,42002,1.1808051426e-12,-1.8442417979e-13,-6.3128297165e-13,0
632,11614,42010,3.0197150127e-12,-8.7658343902e-13,2.0831005419e-13,0
632,2149,42003,4.4967737164e-12,-2.3700884490e-12,8.8981571948e-13,0
633,26461,42003,3.9979582405e-12,-3.5119297150e-16,-3.5119297150e-17,0
633,34144,42001,3.0241852254e-12,1.4389874926e-12,9.7589585176e-13,0
633,11614,42010,7.0002207703e-12,1.8585082131e-12,6.0786810433e-13,0
633,6787,42003,7.4918835088e-12,6.0262683352e-12,3.3927698738e-13,0
633,33634,42007,3.5353180779e-12,-5.8318999906e-14,-4.7468798495e-14,0
633,35881,42002,7.8338373987e-13,7.0791213279e-13,-5.4995434277e-13,0
633,2149,42003,7.1410320053e-12,5.8543719323e-12,1.4205657612e-12,0
633,7930,42007,3.8670354312e-12,2.7055011850e-12,1.0637786617e-12,0
634,26461,42003,6.6979984247e-12,-5.2730490629e-12,-5.2734002559e-13,0
634,2149,42003,2.0059216757e-12,1.8591119839e-12,1.5296564000e-12,0
634,6787,42003,5.5849260438e-12,-4.0084117369e-12,-6.1564186310e-14,0
634,34144,42001,4.1212483673e-12,8.4748793581e-13,7.9042128473e-13,0
634,33634,42007,2.9524242683e-12,-7.5545086578e-13,-3.9637416037e-13,0
634,11614,42010,5.4418580954e-12,-7.6768885866e-13,5.8672750534e-13,0
634,35881,42002,8.2110299101e-13,-2.2708675536e-13,-7.2296209605e-13,0
634,7930,42007,6.7540398272e-12,6.0166253117e-12,1.5543706698e-12,0
635,7930,42007,4.0618696124e-12,3.4291444377e-13,2.0414383923e-12,0
635,2149,42003,6.3127409084e-12,1.5423116084e-12,1.6772091870e-12,0
635,34144,42001,2.6731973305e-12,1.7231813509e-13,9.3168851693e-13,0
635,11614,42010,6.0105333345e-12,5.9237679629e-12,1.1218626771e-12,0
635,35881,42002,1.0686215781e-11,-9.6709689438e-12,-1.0079042167e-12,1
635,26461,42003,5.9750175098e-12,-1.0749663550e-12,-6.3483666109e-13,0
635,33634,42007,2.4953621348e-12,-6.4384123921e-13,-7.1416570776e-14,0
635,6787,42003,7.2527171972e-12,3.7666184451e-12,3.1509765820e-13,0
636,26461,42003,6.3781949561e-12,2.0910443100e-12,-4.2573223009e-13,0
636,6787,42003,2.8808528756e-12,-9.1994282953e-13,2.2310337525e-13,0
636,34144,42001,4.8546822946e-12,-6.8964961644e-14,6.5163551172e-13,0
636,7930,42007,2.6093264652e-12,-3.2717241382e-13,1.4096803388e-12,0
636,33634,42007,4.5376263683e-12,-3.1550724668e-12,-7.2643110233e-13,0
636,11614,42010,4.7400428039e-12,-2.5888902113e-12,6.8053681097e-13,0
636,2149,42003,6.0343445472e-12,-3.5513713335e-12,1.3846498306e-12,0
637,34144,42001,4.3981255998e-12,1.4417328620e-12,1.0179247147e-12,0
637,6787,42003,5.2117123568e-12,3.9889508721e-12,6.2199846246e-13,0
637,11614,42010,6.4152861877e-12,-3.9578483311e-12,-1.9916403954e-13,0
637,26461,42003,7.8234024105e-12,7.7669098580e-12,3.5095875571e-13,0
637,2149,42003,5.8519733444e-12,4.0775263210e-12,1.4588852212e-12,0
637,7930,42007,3.2056932234e-12,2.8011708782e-12,1.8497568276e-12,0
637,33634,42007,4.3350924292e-12,2.3471132323e-12,-6.3476007230e-14,0
638,2149,42003,5.1521861825e-12,-2.4077356665e-12,1.4097390392e-12,0
638,7930,42007,2.5802759191e-12,-2.2320571290e-12,1.1901948088e-12,0
638,5113,42011,4.5950893811e-12,-2.1063152749e-16,-2.1063152749e-17,0
638,26461,42003,8.3195461955e-12,-8.0962003653e-12,-4.5866128082e-13,0
638,33634,42007,5.1785273413e-12,5.1241625820e-12,1.0088262814e-13,0
638,6787,42003,5.8197540225e-12,-1.7036440215e-12,4.5164147678e-13,0
638,11614,42010,8.9737627049e-12,5.8808717015e-12,6.5456070504e-13,0
638,34144,42001,3.5082027125e-12,-1.2072512829e-12,9.6963742061e-13,0
639,34144,42001,5.1456834368e-12,-3.4827430744e-12,8.1468938227e-13,1
639,6787,42003,5.6624219367e-12,5.4961817450e-12,1.0368729193e-12,0
639,26461,42003,1.0257736136e-11,1.0159381458e-11,5.5727686501e-13,0
639,11614,42010,8.5502765514e-12,-4.8061881793e-12,1.9867293618e-13,0
639,7930,42007,6.6662805540e-12,4.1354170615e-12,1.3480364748e-12,0
639,5113,42011,3.3961601298e-12,2.7679777635e-12,2.7677671319e-13,0
639,33634,42007,4.1398901192e-12,-8.4274406055e-13,9.4348338628e-14,0
639,2149,42003,4.8425339383e-12,2.5293739710e-12,1.3547543783e-12,0
640,7930,42007,5.7774723693e-12,6.6486567983e-13,1.5764161466e-12,0
640,2149,42003,7.2849664706e-12,-5.0510294006e-12,9.0303048265e-13,0
640,26461,42003,5.9941388257e-12,-4.3774031932e-12,1.1953654569e-13,0
640,33634,42007,6.4571289242e-12,-5.1816210149e-12,-5.0766412788e-13,1
640,11614,42010,7.3715182136e-12,6.7797847444e-12,8.2677359154e-13,0
640,5113,42011,8.4210181614e-12,1.0090838046e-13,2.8686755124e-13,0
640,6787,42003,1.0706264834e-11,-6.0788873720e-12,3.0844332133e-13,0
641,26461,42003,7.4918590796e-12,6.0504760489e-12,7.2458415058e-13,0
641,2149,42003,7.9635495433e-12,7.3153601280e-12,9.7978310949e-13,0
641,5113,42011,5.5538515077e-12,-2.9157110291e-12,-4.7035516697e-15,0
641,11614,42010,4.4328073409e-12,-3.2600549012e-12,4.1856787014e-13,0
641,7930,42007,6.6964976840e-12,5.6515073464e-12,1.9836808952e-12,0
641,6787,42003,9.2599804812e-12,9.0156780443e-12,1.1392268450e-12,0
642,7930,42007,8.3080192869e-12,-6.7831115333e-12,1.2975660830e-12,0
642,11077,42007,5.4521609281e-12,-7.7406078566e-17,-7.7406078566e-18,0
642,26461,42003,3.9465278384e-12,1.3136691255e-12,8.5595106313e-13,0
642,11614,42010,2.4125918385e-12,1.6112318280e-12,6.6734939683e-13,0
642,6787,42003,7.7343618548e-12,-2.5494191949e-12,1.3033392287e-12,0
642,5113,42011,3.0712988625e-12,1.4271178170e-12,1.3800823003e-13,0
642,2149,42003,4.6657633845e-12,-2.7937782857e-12,9.3741412583e-13,0
643,26461,42003,3.3532991357e-12,-8.0265985625e-13,7.7572019681e-13,0
643,5113,42011,8.6431147902e-12,-8.5720007356e-12,-7.1919184353e-13,0
643,11077,42007,6.0520351389e-12,-1.8393980435e-12,-1.8394754496e-13,0
643,11614,42010,6.8545977938e-12,-5.5346631389e-12,-7.1967738370e-14,0
643,7930,42007,8.5430954143e-12,7.2647905395e-12,1.7534950185e-12,0
643,6787,42003,7.5799528143e-12,7.3027139380e-12,1.4309837890e-12,0
643,2149,42003,4.0415511409e-12,3.2356900943e-12,6.7554594203e-13,0
644,26461,42003,4.9801381360e-12,-4.5142702484e-12,8.5159807826e-13,0
644,7930,42007,8.4811312899e-12,-3.1292559356e-12,8.3890689376e-13,0
644,6787,42003,5.7064089987e-12,-5.0731610962e-12,1.3245088530e-12,0
644,11077,42007,1.3976509809e-12,-2.9696708584e-13,-2.1364425354e-13,0
644,5113,42011,6.8206959140e-12,5.9505546718e-12,-1.2413637635e-13,0
644,11614,42010,4.0295328388e-12,3.7369219105e-12,3.7849333855e-13,0
644,2149,42003,5.8555562080e-12,-3.3923667426e-12,1.5039806938e-13,0
645,26461,42003,5.6989170314e-12,2.3358153880e-12,1.1926762526e-12,0
645,11077,42007,6.1387889164e-12,-5.4479701336e-12,-7.5844126691e-13,0
645,11614,42010,4.0972019683e-12,-4.0546341123e-12,-6.1934686898e-13,0
645,33634,42007,5.2597296173e-12,1.5683945648e-16,1.5683945648e-17,0
645,5113,42011,4.9753694263e-12,-8.5260612494e-14,-1.3266243760e-13,0
645,6787,42003,3.6778641346e-12,2.4669883114e-12,1.1945458397e-12,0
645,7930,42007,3.3966885126e-12,1.1795579126e-12,9.2257124064e-13,0
645,2149,42003,3.4108319113e-12,1.8756811160e-12,1.8373502014e-13,0
646,2149,42003,6.4773340772e-12,5.4050053565e-12,1.0793726891e-12,0
646,7930,42007,5.8462082916e-12,-3.0438137348e-12,6.5090710854e-13,0
646,6787,42003,3.1593227164e-12,-2.8991174465e-12,9.9662837797e-13,0
646,11077,42007,4.3982598411e-12,-2.1576277006e-12,-9.7420403697e-13,0
646,26461,42003,4.5982424747e-12,4.3293696534e-12,1.4165087869e-12,0
646,11614,42010,3.0604352978e-12,-1.8914957252e-12,-5.4960742037e-13,0
646,5113,42011,6.1309409810e-12,-6.0862761982e-12,-7.4129005741e-13,0
646,33634,42007,4.7929982200e-12,-4.4504914062e-12,-4.4503345668e-13,0
647,11077,42007,4.7189078225e-12,3.1924425159e-12,-6.5495978538e-13,0
647,2149,42003,8.1407645628e-12,-5.0261602777e-12,1.6900402928e-13,0
647,26461,42003,4.7025116506e-12,-2.4761663349e-12,3.9220116762e-13,0
647,11614,42010,6.0444394507e-12,-3.8250920253e-12,-5.3633178979e-13,0
647,5113,42011,3.1444308468e-12,2.5582304344e-12,-4.8546701398e-13,0
647,7930,42007,4.7016212329e-12,2.7005430694e-12,6.4084432766e-13,0
647,6787,42003,6.8858808414e-12,-6.3823003208e-12,-4.0496741320e-14,0
647,33634,42007,6.8117625259e-12,-7.1883484728e-13,-5.1691694141e-13,0
648,33634,42007,5.2852324601e-12,1.0001592975e-12,-4.1690101165e-13,0
648,7930,42007,5.7109326605e-12,1.1661729576e-12,9.8066733632e-13,0
648,6787,42003,9.2513993187e-12,7.4861589773e-12,8.7848355856e-13,0
648,26461,42003,8.5130998611e-12,8.1445645179e-12,2.0162776559e-12,0
648,11077,42007,5.6007967120e-12,-1.8919666296e-12,-8.4415644834e-13,0
648,5113,42011,4.5827161868e-12,3.8201267999e-12,-1.0343327084e-13,0
648,11614,42010,4.7320774032e-12,1.9344551969e-12,-9.3097344025e-13,0
648,2149,42003,6.8835246902e-12,5.8908633530e-12,9.9886393123e-13,0
649,2149,42003,5.4668666438e-12,-4.2279756111e-12,3.2312897301e-13,0
649,26461,42003,7.8640215846e-12,-2.0700191276e-12,7.9333759735e-13,0
649,7930,42007,2.8216946187e-12,1.1591807892e-12,6.8304370909e-13,0
649,11077,42007,6.7299875029e-12,-2.9651361074e-12,-1.1406700591e-12,0
649,5113,42011,5.4604888416e-12,4.8035388702e-13,-3.3219565848e-13,0
649,11614,42010,5.3396556653e-12,2.9161226275e-12,-1.5874235958e-13,0
649,6787,42003,7.4378021540e-12,-7.2234292925e-12,-3.9347754520e-13,0
649,33634,42007,4.2982614453e-12,-3.1758472946e-12,-7.3448574111e-13,0
650,11077,42007,1.6691438681e-12,-2.1333604601e-13,-1.1620036637e-12,0
650,2149,42003,6.4905974929e-12,4.6194195669e-12,1.2901738698e-12,0
650,6787,42003,7.6299971886e-12,6.9306707176e-12,9.0747826376e-13,0
650,11614,42010,3.9051924711e-12,-3.6289932536e-12,-1.1996201594e-12,0
650,26461,42003,5.7033249382e-12,5.0134418184e-12,1.7324220985e-12,0
650,7930,42007,4.4875631500e-12,2.1997214158e-12,8.3652928269e-13,0
650,5113,42011,5.5496823076e-12,5.5034043479e-12,2.0805393827e-13,0
650,33634,42007,1.5387682032e-12,5.6167052563e-13,-6.7831868855e-13,0
651,6787,42003,8.1607888909e-12,-4.9939332513e-12,-4.9348286580e-13,0
651,7930,42007,4.2281164141e-12,-6.9540115028e-13,2.0183843301e-13,0
651,26461,42003,3.6881534575e-12,-3.4021609805e-12,7.8715839557e-13,0
651,5113,42011,1.0898685407e-12,1.9673416380e-13,5.1929845756e-13,0
651,2149,42003,7.1661760531e-12,-4.0220920053e-12,1.5642865642e-13,0
651,11077,42007,1.1805079975e-11,-1.0182166940e-11,-2.1802203577e-12,0
651,11614,42010,5.9559598497e-12,-1.1839669572e-12,-9.9201136498e-13,0
651,33634,42007,6.4628901152e-12,-2.8189465867e-12,-9.6021334722e-13,0
652,6787,42003,7.2800404686e-12,2.0066321413e-12,-3.7877732169e-14,0
652,11077,42007,2.8036442757e-12,1.1871713418e-12,-2.0614954829e-12,0
652,11614,42010,6.6894233086e-12,-5.2223179324e-12,-1.6753663410e-12,0
652,26461,42003,9.7371405953e-12,5.1091211169e-12,1.1667035947e-12,0
652,33634,42007,5.1118646584e-12,3.1176566017e-12,-6.4844768705e-13,0
652,5113,42011,1.2472832008e-12,-3.0394371948e-13,3.4619230391e-13,0
652,2149,42003,2.8290439820e-12,2.7378843393e-12,7.0959491892e-13,0
652,7930,42007,7.7253643273e-12,2.9880147947e-12,1.1789510658e-12,0
653,7930,42007,9.9833223577e-12,-1.2406778608e-13,4.4006523326e-13,0
653,2149,42003,7.3542553543e-12,-3.0635381927e-12,7.9672090224e-14,0
653,26461,42003,1.1038471812e-11,-8.2565588108e-12,4.2131369925e-13,0
653,5113,42011,3.6486436050e-12,1.1718257038e-12,1.3205749479e-12,0
653,11077,42007,6.0462352270e-12,-2.9111573639e-12,-2.1686714149e-12,0
653,11614,42010,4.9883339854e-12,2.9165524342e-13,-1.0927345028e-12,0
653,6787,42003,7.9502976167e-12,-6.6430239334e-12,-1.4324515193e-12,1
653,33634,42007,1.4511307632e-12,-4.2053643284e-13,-6.9050133034e-13,0
654,33634,42007,7.6768241253e-12,-2.3032283320e-12,-9.2082416354e-13,0
654,11077,42007,7.4895298149e-12,1.7183017458e-12,-1.9671445317e-12,0
654,11614,42010,4.7128077454e-12,-1.0256998751e-12,-1.5689966813e-12,0
654,26461,42003,1.0559396851e-11,6.3157241688e-12,1.5043131410e-12,0
654,7930,42007,7.0503521139e-12,2.6416499607e-12,1.0171558229e-12,0
654,5113,42011,5.8708764429e-12,-5.6460445623e-12,1.6091502444e-13,0
654,2149,42003,5.2537122011e-12,2.9583175200e-12,7.1474051649e-13,0
655,5113,42011,1.0314490165e-11,8.7394149748e-12,1.0433825832e-12,0
655,7930,42007,7.9384861397e-12,-8.8728255656e-13,8.1047177597e-13,0
655,11077,42007,7.7353860756e-12,8.4002758500e-14,-1.4139472425e-12,0
655,11614,42010,5.7825149752e-12,-4.9119774480e-12,-1.6547310149e-12,0
655,26461,42003,6.0110815162e-12,2.1903744567e-12,1.4897690478e-12,0
655,2149,42003,4.2566088678e-12,-3.7769400454e-12,1.4947840035e-13,0
655,33634,42007,1.5658304009e-12,1.1029773881e-14,-9.1973687009e-13,0
656,7930,42007,4.6159536181e-12,-1.0003440086e-13,1.1048497094e-12,0
656,2149,42003,1.9938444408e-12,-1.8218492935e-12,-5.7320706466e-13,0
656,33634,42007,1.8327821428e-12,-4.5011671479e-13,-5.1969940095e-13,0
656,11077,42007,6.8798184940e-12,-9.7987784240e-14,-1.2079832509e-12,0
656,11614,42010,4.6631054426e-12,4.2595206728e-12,-1.0396293751e-12,0
656,26461,42003,5.2578828908e-12,-1.1592963023e-12,9.4090245228e-13,0
656,5113,42011,2.4202135480e-12,1.0773672363e-12,1.7597469266e-12,0
657,26461,42003,6.1463529556e-12,1.5060757826e-13,1.2035798436e-12,0
657,5113,42011,1.2635022301e-11,-6.0388742335e-12,9.0003645983e-13,1
657,11077,42007,3.8135933286e-12,1.3674092606e-12,-1.3904865764e-12,0
657,11614,42010,5.0806659827e-12,-3.7562477929e-12,-1.0327449519e-12,0
657,7930,42007,6.2208332467e-12,4.0606724467e-12,1.2408626471e-12,0
657,2149,42003,7.8854920504e-12,-2.4998595851e-13,-9.5589632741e-14,0
657,33634,42007,6.0678787042e-12,5.7439010569e-12,1.2657418947e-13,0
658,2149,42003,3.8853132582e-12,-7.4406368445e-13,-7.5908233648e-13,0
658,11077,42007,7.8548636292e-12,-4.8137546862e-12,-1.6826653821e-12,0
658,7930,42007,1.0276212186e-11,-8.2368866908e-12,3.0055668225e-13,0
658,11614,42010,8.1698837858e-12,7.4067154750e-12,-4.8551892405e-13,0
658,26461,42003,2.9134825416e-12,-1.3221179654e-12,2.5691159527e-13,0
658,33634,42007,5.9268150235e-12,-2.1299844668e-12,-1.8644018697e-13,0
659,33634,42007,8.0009350266e-12,5.2327593147e-12,6.5442047396e-13,0
659,26461,42003,6.6659068138e-12,1.5917538363e-12,6.2308889166e-13,0
659,7930,42007,1.0759837344e-11,5.9218280811e-12,7.7682141144e-13,0
659,11077,42007,1.1155290958e-11,1.1076458103e-11,-2.7850596105e-13,0
659,11614,42010,8.6707747380e-12,-3.0321194878e-13,-8.0745238168e-13,0
659,2149,42003,8.6217692688e-12,6.6775644624e-12,3.3147167087e-13,0
660,2149,42003,6.0201152544e-12,-4.4809600131e-12,-5.7856628712e-13,0
660,26461,42003,4.3951543556e-12,-3.3429238519e-13,8.8315471296e-14,0
660,11077,42007,1.2247527958e-11,-1.0323644226e-11,-1.2895367790e-12,1
660,7930,42007,6.2162748908e-12,-4.3075187645e-12,1.2609739342e-13,0
660,11614,42010,8.3794064654e-12,5.8463587989e-12,1.4008282357e-13,0
660,33634,42007,4.7651519975e-12,1.1969941642e-12,7.1795283782e-13,0
661,26461,42003,5.4134862128e-12,4.3002338718e-12,8.5855495652e-13,0
661,7930,42007,5.5402240767e-12,2.7871011974e-12,4.7434762818e-13,0
661,11077,42007,2.3988174809e-12,1.9578201773e-16,1.9578201773e-17,0
661,11614,42010,5.2620931672e-12,-4.6714572974e-12,-2.0866621045e-13,0
661,5113,42011,5.3851848207e-12,-3.5440912155e-16,-3.5440912155e-17,0
661,33634,42007,1.4285173507e-12,2.9963781312e-13,1.0298112778e-12,0
661,2149,42003,5.7910393643e-12,1.0066329442e-12,-7.5693792175e-14,0
662,2149,42003,6.6559960091e-12,1.7145473487e-12,-1.7802749123e-13,0
662,18937,42010,5.8495401889e-12,4.2826136671e-17,4.2826136671e-18,0
662,7930,42007,4.0930005275e-12,-2.7083272894e-12,-9.5286580224e-14,0
662,11077,42007,4.4580086980e-12,1.6092935885e-12,1.6094893705e-13,0
662,33634,42007,1.0031186736e-12,-8.1300552877e-13,6.3674506476e-13,0
662,5113,42011,1.2416312706e-12,-6.3455492218e-13,-6.3490933130e-14,0
662,11614,42010,1.0573637569e-11,2.7840462077e-12,5.9197020356e-13,0
662,26461,42003,3.1644259750e-12,2.4730827453e-12,5.9495111936e-13,0
663,11077,42007,1.7802279817e-12,2.6457687293e-13,1.8740662435e-13,0
663,26461,42003,1.9066502957e-12,-1.4675500030e-12,1.2738520001e-12,0
663,11614,42010,5.7768078308e-12,-5.6627546383e-12,-3.4707846108e-15,0
663,18937,42010,6.6280390948e-12,2.9672577504e-12,2.9673005765e-13,0
663,7930,42007,5.2678894185e-12,4.1271368602e-12,3.2983388441e-13,0
663,33634,42007,4.8098294642e-12,-2.8994444923e-12,3.8885425881e-13,0
663,5113,42011,1.7169327201e-12,1.9353873452e-13,-4.4137059678e-14,0
663,2149,42003,1.1458321180e-11,-6.4206992641e-12,-5.1374359837e-13,0
664,5113,42011,1.8994522806e-12,-1.3976564616e-12,-1.8390270584e-13,0
664,33634,42007,3.5850808828e-12,-2.2080820590e-12,3.9836888611e-13,0
664,26461,42003,5.0690763165e-12,1.7986316557e-13,6.6026589981e-13,0
664,18937,42010,6.7267293914e-12,4.5823482175e-12,7.5496487940e-13,0
664,7930,42007,3.8029802243e-12,-1.0693848768e-12,-4.1269599344e-14,0
664,11077,42007,8.5076798331e-12,-5.9203484923e-12,-4.0462822488e-13,0
664,11614,42010,9.7338537803e-12,2.6775876147e-12,3.6685796437e-13,0
664,2149,42003,8.5240808828e-12,4.7646004736e-12,-3.3311530301e-13,0
665,11077,42007,2.7240026588e-12,2.5838604237e-12,-1.4624218252e-13,0
665,2149,42003,1.0784620122e-11,-5.3077228982e-12,-4.8619358829e-13,0
665,7930,42007,8.5243024497e-12,8.1579396238e-12,8.6325261869e-13,0
665,11614,42010,6.8316812978e-12,-4.3527032119e-12,4.2278538799e-13,0
665,18937,42010,6.8367845376e-12,2.7382806989e-12,1.0287929493e-12,0
665,26461,42003,2.2604281260e-12,-1.6892141530e-12,2.7230703884e-13,0
665,33634,42007,4.6444939624e-12,3.8545197542e-12,7.8271788414e-13,0
665,5113,42011,4.7607254633e-12,4.6449560572e-12,2.8059289988e-13,0
666,2149,42003,4.9016148806e-12,1.5428665523e-12,-1.4972200370e-13,0
666,41203,42006,5.7077827311e-12,1.6836484301e-16,1.6836484301e-17,0
666,7930,42007,3.4148865747e-12,-2.5039082500e-12,6.2286523378e-13,0
666,26461,42003,3.3690488554e-12,-6.4937539167e-13,3.2329912990e-13,0
666,18937,42010,4.1285017055e-12,4.0513281289e-12,1.4339257622e-12,0
666,5113,42011,4.2120864011e-12,-1.1640210670e-12,1.6419079318e-13,0
666,33634,42007,9.6947258395e-12,-8.4022244557e-12,-1.2492889948e-14,0
666,11077,42007,7.4553993411e-12,-7.1150989847e-12,-8.5775208099e-13,0
666,11614,42010,5.9339269605e-12,-1.8507605637e-12,-1.8824273566e-13,0
667,26461,42003,5.5861280204e-12,3.7286296753e-12,6.8110133960e-13,0
667,18937,42010,6.6656292986e-12,-5.3942972013e-13,1.3799827902e-12,0
667,11077,42007,6.4272582365e-12,5.5039590104e-13,-8.0271249089e-13,0
667,11614,42010,6.5812100335e-12,-3.1932932846e-12,-1.3194728483e-13,0
667,7930,42007,9.3532676208e-12,8.9068869260e-12,1.1074866817e-12,0
667,2149,42003,5.2848601442e-12,-2.1788791952e-12,-3.4261132737e-13,0
667,5113,42011,2.1308486467e-12,-3.9366888575e-13,1.2482390461e-13,0
667,33634,42007,3.3088320011e-12,3.1059918804e-12,-2.7628380760e-13,0
667,41203,42006,6.9547368188e-12,1.8091922271e-12,1.8093605920e-13,0
668,7930,42007,6.9415074221e-12,-9.2579428090e-14,1.9219174080e-12,0
668,5113,42011,5.7528005612e-12,5.1546188999e-13,1.7637009361e-13,0
668,41203,42006,4.4608716721e-12,-1.9043319355e-12,-9.4971343487e-15,0
668,11077,42007,3.8086508155e-12,-1.8905309636e-12,-9.9176558724e-13,0
668,11614,42010,9.4110047466e-12,2.5717048523e-12,-6.1544834711e-13,0
668,26461,42003,2.7195333748e-12,-1.1332697380e-12,6.9998616234e-13,0
668,18937,42010,6.0149563147e-12,4.3135433842e-12,1.8113371286e-12,0
668,33634,42007,3.0243130985e-12,-1.9291319833e-12,-2.5619855925e-13,0
668,2149,42003,4.1340095397e-12,1.4165924889e-13,-2.5403903404e-13,0
669,26461,42003,2.2897585890e-12,1.2541555149e-12,6.6622633020e-13,0
669,5113,42011,5.1020537918e-12,-4.7958392646e-15,1.7589050968e-13,0
669,2149,42003,7.5700922847e-12,-5.5860925090e-12,-1.4804047312e-12,0
669,11077,42007,1.9384025188e-12,-3.4658715968e-13,-1.0264243032e-12,0
669,11614,42010,6.2613176022e-12,-5.6529321682e-12,-1.1504203691e-12,0
669,18937,42010,4.8243323101e-12,-6.0317176432e-13,1.7510199522e-12,0
669,33634,42007,4.1011319336e-12,3.4129252473e-12,-4.3818196599e-13,0
669,7930,42007,7.7575672793e-12,6.3293135209e-12,1.9626659520e-12,0
669,41203,42006,5.0285676149e-12,4.2578057550e-12,4.1628344116e-13,0
670,18937,42010,1.1692854663e-11,9.1709372439e-12,2.6681136765e-12,0
670,7930,42007,7.4361807481e-12,1.5871449122e-12,2.5521323196e-12,0
670,41203,42006,5.2281342097e-12,-5.2664916067e-13,3.6361852509e-13,0
670,33634,42007,2.3699271408e-12,-1.6550482402e-12,-7.2338620643e-13,0
670,26461,42003,3.1913245395e-12,-5.5374422989e-13,6.4428114573e-13,0
670,11077,42007,1.4278552603e-12,-6.8861651392e-13,-1.0952859546e-12,0
670,11614,42010,9.9700656694e-12,7.1783175632e-12,-1.0172244926e-12,0
670,2149,42003,5.6169750923e-12,5.6609538466e-14,-1.0266477760e-12,0
670,5113,42011,7.4681695897e-12,3.2886830090e-12,5.0475881058e-13,0
671,18937,42010,9.5432673507e-12,-7.3064451989e-12,1.9374691567e-12,0
671,11077,42007,7.8453289470e-12,4.2331599094e-12,-6.7198954187e-13,0
671,11614,42010,7.7241301411e-12,-5.1952984630e-12,-1.0696086092e-12,0
671,11641,42010,5.9442375358e-12,-5.7242493136e-17,-5.7242493136e-18,0
671,5113,42011,3.4226728773e-12,-2.9107042572e-12,2.1372382578e-13,0
671,33634,42007,3.2700956071e-12,-3.4925312831e-13,-7.8827530057e-13,0
671,26461,42003,5.4816963347e-12,8.9129466512e-13,3.0338722506e-13,0
671,41203,42006,9.8129740008e-12,4.3864788475e-12,8.0226640984e-13,0
671,2149,42003,1.4404165994e-12,6.8662190822e-14,-1.1204448514e-12,0
671,7930,42007,3.1069229918e-12,2.0203668062e-12,2.4754588805e-12,0
672,7930,42007,6.1867758984e-12,-3.4736465223e-12,2.3989269572e-12,1
672,26461,42003,3.7565704449e-12,3.2592841760e-12,3.8200736813e-13,0
672,18937,42010,1.1207593266e-11,9.5486784068e-12,2.8923327147e-12,0
672,41203,42006,5.4017835978e-12,2.8470384405e-13,8.3073679424e-13,0
672,2149,42003,3.8856213119e-12,3.0363950637e-12,-9.8826007986e-13,0
672,11077,42007,4.2338450979e-12,-7.0089801620e-13,-9.0300870234e-13,0
672,11614,42010,2.6881032116e-12,1.8439591891e-12,-1.1636173110e-12,0
672,33634,42007,4.1430266800e-12,-3.7992487772e-12,-1.0868996254e-12,0
672,11641,42010,8.8901067465e-12,7.4543431743e-12,7.4542859318e-13,0
672,5113,42011,3.2336433495e-12,-5.5183358924e-13,2.2199595907e-13,0
673,5113,42011,5.5908971268e-12,3.4514441652e-12,5.4778650214e-13,0
673,33634,42007,8.4839882044e-12,5.8904558690e-12,-2.0790958929e-13,0
673,26461,42003,5.2762299471e-12,-2.1628097471e-12,3.1248139372e-13,0
673,41203,42006,5.4345461274e-12,-4.0698368718e-13,7.9003842553e-13,0
673,18937,42010,1.7659713907e-12,-1.4525368942e-12,2.4503532503e-12,0
673,7930,42008,3.2886676819e-12,3.3474830703e-16,3.3474830703e-17,0
673,2149,42003,6.4740034409e-12,-3.4973480610e-12,-6.9592495955e-13,0
673,11077,42007,4.9879529212e-12,4.0094022572e-12,-5.2852616391e-13,0
673,11614,42010,5.5614832127e-12,-3.4931391745e-12,-9.4665576466e-13,0
673,11641,42010,1.0324275951e-11,-4.9848860455e-12,2.4693998863e-13,0
674,11077,42007,1.9668412642e-12,-4.0939704065e-14,5.9414714914e-14,0
674,11614,42010,3.3383637777e-12,1.9896127368e-12,-1.0154532524e-12,0
674,7930,42008,6.0015826949e-12,4.9324688035e-12,4.9328035518e-13,0
674,11641,42010,4.3481311556e-12,3.4387593090e-12,5.9081591953e-13,0
674,26461,42003,1.1641110258e-12,-9.3152381254e-14,2.8517983904e-13,0
674,18937,42010,4.1375802847e-12,2.7913411440e-12,2.2712525429e-12,0
674,41203,42006,5.8627135908e-12,5.1141258917e-12,1.3014510147e-12,0
674,2149,42003,3.4969764673e-12,9.0736154637e-13,-1.0816488523e-12,0
674,33634,42007,5.3322102744e-12,-2.5428285023e-13,-1.2529668405e-14,0
674,5113,42011,3.2707185792e-12,5.5216534154e-13,7.4276868245e-13,0
675,11077,42007,9.2294979548e-12,-6.1240868203e-12,-8.1138000949e-13,0
675,11614,42010,8.3989828307e-12,-8.1946206704e-12,-1.3996449983e-12,0
675,11641,42010,2.4554447334e-12,-2.4197342788e-12,3.4884249165e-13,0
675,33634,42007,4.1015917683e-12,-2.4142651713e-12,-6.3940816096e-13,0
675,26461,42003,4.6908033799e-12,-4.5368727446e-12,4.1397987180e-16,0
675,41203,42006,6.1055268788e-12,-5.5356579171e-13,1.2460944355e-12,0
675,2149,42003,5.1995403607e-12,-8.0785551023e-13,-6.3166211349e-13,0
675,18937,42010,8.4540161364e-12,-7.2658841336e-12,1.2708360597e-12,0
675,7930,42008,1.3872251196e-12,-1.4215781230e-13,4.7906457395e-13,0
675,5113,42011,4.3875417563e-12,-3.1738568863e-12,-3.9112611891e-14,0
676,7930,42008,3.3269665634e-12,1.2574999037e-12,6.0481456431e-13,0
676,18937,42010,9.1667466002e-12,8.5530332348e-12,1.7210065702e-12,0
676,26461,42003,3.6066299749e-12,2.1831756520e-12,2.8366908424e-13,0
676,11077,42007,6.8047757342e-12,4.0162672797e-12,3.0175661696e-13,0
676,2149,42003,4.9136038260e-12,-1.2409947044e-12,-9.1004823916e-13,0
676,11614,42010,6.6618067758e-12,8.1295442484e-13,-1.1332734994e-12,0
676,11641,42010,7.9216288611e-12,6.4133839693e-12,9.9018088859e-13,0
676,41203,42006,2.8170810731e-12,1.8557623662e-13,1.2646352227e-12,0
676,33634,42007,2.5222672947e-12,1.9258101744e-12,3.9339530205e-13,0
676,5113,42011,4.6847202318e-12,6.4817152459e-13,1.4210664726e-13,0
677,5113,42011,3.6971399176e-12,-8.1808666990e-13,9.9664868849e-14,0
677,41203,42006,4.1114915062e-12,1.2617856411e-12,1.2098945641e-12,0
677,26461,42003,2.2347299420e-12,-1.8787055850e-12,-2.7706444179e-13,0
677,11077,42007,4.5205437757e-12,-1.8412163086e-12,6.2595395991e-14,0
677,11614,42010,7.0924003871e-12,-6.7157873582e-12,-1.4855229068e-12,0
677,18937,42010,4.5862627460e-12,-2.3739829739e-12,1.5375512449e-12,0
677,11641,42010,6.4147332725e-12,-2.5145401434e-12,7.3872687425e-13,0
677,33634,42007,3.4157196562e-12,-2.3787985997e-12,-1.5508374596e-13,0
677,2149,42003,4.7980561433e-12,6.2438498188e-13,-6.2972182145e-13,0
677,7930,42008,8.6325808832e-12,6.9804990936e-12,1.3028644737e-12,0
678,7930,42008,5.6459868465e-12,-3.9920752395e-12,9.0365694972e-13,0
678,18937,42010,7.0127960590e-12,6.5380504295e-12,1.7600019494e-12,0
678,11077,42007,3.8501248626e-12,2.3149540497e-12,4.8314389732e-13,0
678,11614,42010,6.0999343015e-12,5.5949648211e-12,-1.1831969099e-12,0
678,11641,42010,1.0647025817e-11,6.4985657649e-12,1.3885834507e-12,0
678,26461,42003,2.5706822244e-12,-1.0107361541e-12,-2.6481108340e-13,0
678,5113,42011,7.2835044686e-12,-4.6987304941e-12,-4.2175436956e-13,0
678,33634,42007,4.0348965031e-12,2.8910610155e-12,3.2693555392e-13,0
678,2149,42003,3.8602508672e-12,2.7563320376e-12,-3.6825454258e-13,0
678,41203,42006,6.4636672146e-12,6.2017627193e-12,2.0205040296e-12,0
679,26461,42003,7.7829824657e-12,1.1394055351e-12,-2.7628608138e-13,0
679,2149,42003,2.2324360521e-12,7.4739389404e-13,2.6509409772e-13,0
679,11077,42007,6.5628916051e-12,-4.4605894668e-12,7.1743666608e-14,0
679,11614,42010,1.0753290321e-11,-1.0492651849e-11,-1.6671688780e-12,0
679,11641,42010,5.5846469485e-12,-4.7558424912e-12,9.1299920162e-13,0
679,18937,42010,6.5918588011e-12,-6.3287819765e-12,1.1874409282e-12,1
679,5113,42011,4.4427781000e-12,4.3906796898e-12,1.7793183348e-14,0
679,7930,42008,5.7044482678e-12,2.8482866480e-12,1.1884856145e-12,0
679,33634,42007,7.9661005024e-12,-4.8785662946e-12,-5.0221360027e-13,0
679,41203,42006,5.4867623033e-12,-4.9733993686e-12,1.0973835172e-12,0
680,41203,42006,3.7109097009e-12,2.6438425276e-12,1.4144326860e-12,0
680,7930,42008,5.3207721790e-12,-3.4469972646e-12,8.4378588805e-13,0
680,2149,42003,3.3460512740e-12,-3.2930534561e-12,-6.9872201742e-14,0
680,11077,42007,3.6677338979e-12,3.3574018320e-12,4.7634550120e-13,0
680,33634,42007,1.4114737646e-12,1.3098644685e-12,-2.0572232940e-13,0
680,26461,42003,7.0587921264e-12,-3.0246425825e-12,-5.2337591664e-13,0
680,11614,42010,6.5984779864e-12,1.3362385931e-12,-2.2513767750e-12,0
680,11641,42010,5.8714058528e-12,5.3961792112e-12,1.4526171227e-12,0
680,18937,42010,3.0108741615e-12,-7.3796037915e-17,-7.3796037915e-18,0
680,5113,42011,4.6682758682e-12,-1.0801810918e-12,-4.1909322674e-13,0
681,18937,42010,1.0520808598e-11,-8.6974526499e-12,-8.6975264459e-13,0
681,26461,42003,6.6541073643e-12,4.9317203579e-13,-5.6318817958e-13,0
681,11077,42007,4.2858976971e-12,-6.1539413907e-13,-8.5099036462e-15,0
681,11614,42010,7.4289874868e-12,-7.2452521374e-12,-2.4563721425e-12,0
681,11641,42010,4.6458228681e-12,2.7666409458e-12,1.7292869416e-12,0
681,2149,42003,4.9554612072e-12,1.0235299887e-12,2.5614578047e-14,0
681,33634,42007,5.6505785360e-12,-3.5893690042e-12,-5.2973391699e-13,0
681,41203,42006,5.2005448733e-12,6.3468077644e-13,1.0392528789e-12,0
681,7930,42008,3.3252798094e-12,1.1727267886e-12,9.6105856691e-13,0
681,5113,42011,3.8793830726e-12,-1.5430266446e-12,-2.8232546548e-13,1
682,18937,42010,8.5165587497e-12,7.8502727224e-12,-8.4725372357e-14,0
682,41203,42006,4.5480311763e-12,-3.7185222240e-12,6.3893027213e-13,0
682,33634,42007,4.8122697578e-12,-1.9855319294e-12,-3.4836223220e-13,0
682,2149,42003,5.6104215301e-12,-4.6614448467e-12,-7.4416941299e-13,0
682,7930,42008,6.4483609020e-12,-1.1305610919e-12,8.4800245772e-13,0
682,26461,42003,4.4049963093e-12,-2.3627456575e-12,-1.1253911629e-12,0
682,11077,42007,6.2032759803e-12,1.1522538866e-12,1.7680528663e-13,0
682,11614,42010,4.4985634226e-12,4.0580395408e-12,-2.2349641073e-12,0
682,11641,42010,4.4622430729e-12,-6.7218175765e-13,9.1663444837e-13,0
683,11077,42007,2.5388114162e-12,2.3617130428e-12,1.2036365195e-14,0
683,26461,42003,6.0965025025e-12,3.7369495865e-12,-5.3541522956e-13,0
683,11614,42010,3.9357851176e-12,-3.8228990088e-12,-2.2679400907e-12,0
683,11641,42010,1.0365827737e-11,-3.0532165206e-12,1.1098014009e-12,0
683,7930,42008,3.6806300686e-12,2.1145481439e-12,1.0594237973e-12,0
683,2149,42003,6.0203270405e-12,5.9795158602e-12,2.0351697912e-13,0
683,5113,42011,5.7699464431e-12,9.3407334693e-17,9.3407334693e-18,0
683,18937,42010,8.0546425364e-12,-2.5850407324e-12,-3.4322944560e-13,0
683,41203,42006,3.9576478922e-12,3.0523120504e-12,9.8485984588e-13,0
683,33634,42007,5.8800006361e-12,-5.2316239507e-12,-1.4605702142e-12,0
684,33634,42007,5.1617949223e-12,1.6109749644e-12,-1.2740444327e-12,0
684,18937,42010,6.3150748496e-12,4.7632217672e-12,1.3309273112e-13,0
684,41203,42006,6.5768553468e-12,-4.4834307074e-12,2.5104185976e-14,0
684,5113,42011,4.9133188566e-12,-2.3595464193e-12,-2.3594530119e-13,0
684,7930,42008,3.9829980048e-12,-1.5518195675e-12,4.1099496019e-13,0
684,26461,42003,2.8420872150e-12,-2.2938939114e-12,-7.5548938257e-13,0
684,11077,42007,6.2743514109e-12,3.7316831194e-12,3.8929864754e-13,0
684,2149,42003,6.4063922896e-12,-4.6491531344e-12,-3.5213448895e-13,0
684,11614,42010,4.8404595257e-12,1.3703196272e-12,-2.3298694017e-12,0
684,11641,42010,7.3164652633e-12,-3.1839399478e-12,4.4753147519e-13,0
685,7930,42008,2.0581478715e-12,1.4866687840e-12,5.7387761982e-13,0
685,26461,42003,2.7210665729e-12,-2.0171261964e-12,-5.0351472775e-13,0
685,11077,42007,5.5867047350e-12,-2.2607110494e-12,7.7563622464e-13,0
685,2149,42003,2.5645665747e-12,-1.7909197140e-14,-2.7313985764e-13,0
685,11614,42010,4.3439628717e-12,-3.4016618069e-12,-1.8505735154e-12,0
685,11641,42010,8.2050356787e-12,-5.1783010239e-13,6.3772189283e-13,0
685,18937,42010,6.3779848361e-12,2.9102543387e-12,4.2411816499e-13,0
685,41203,42006,4.9829176885e-12,4.9379809865e-12,5.7425886379e-13,0
685,33634,42007,9.7316825817e-12,-8.6360527950e-12,-1.8962231951e-12,0
685,5113,42011,3.6880453870e-12,-2.0589148446e-12,-4.4183678566e-13,1
686,33634,42007,4.2389812017e-12,3.0915276091e-12,-1.7796514516e-12,0
686,18937,42010,3.2434272377e-12,2.3324061992e-12,6.5735878491e-13,0
686,11077,42007,4.2785993775e-12,3.3786325187e-12,7.1187274853e-13,0
686,26461,42003,7.2698493416e-12,5.6462094813e-12,-1.5721134483e-13,0
686,11614,42010,9.3406882461e-12,-3.6571874143e-12,-2.2975876993e-12,0
686,11641,42010,5.9170366906e-12,-9.2004989232e-13,-9.5621493340e-14,0
686,2149,42003,3.4402286177e-12,3.1446864256e-12,1.6542825535e-13,0
686,41203,42006,2.2447221871e-12,-8.4949034981e-13,4.7075220515e-13,0
686,7930,42008,5.8077844342e-12,3.8016110763e-12,8.2828873708e-13,0
687,7930,42008,4.8321540579e-12,2.4774261977e-12,3.7798144750e-13,0
687,11077,42007,4.3616512031e-12,-2.1018502741e-12,6.8580935198e-13,0
687,11614,42010,6.7263367879e-12,-2.7431133376e-12,-1.9003202972e-12,0
687,26461,42003,5.8986143101e-12,-3.4169798601e-12,-3.1103877234e-13,0
687,11641,42010,1.0925764451e-11,2.7500868376e-12,4.3084120476e-13,0
687,41203,42006,2.6159160593e-12,7.1644903477e-13,4.1621854451e-13,0
687,18937,42010,4.7095752184e-12,2.8069890039e-12,9.3805768530e-13,0
687,2149,42003,1.2503255980e-11,-1.2456855951e-11,-1.1426958379e-12,1
687,33634,42007,5.1664844861e-12,-2.1742232256e-12,-1.7591939142e-12,0
688,18937,42010,5.1272832866e-12,2.7673872351e-12,1.2147964088e-12,0
688,33634,42007,4.9692168756e-12,3.5777075481e-12,-1.6905292609e-12,0
688,26461,42003,5.2273069196e-12,4.5347492513e-12,2.4350976820e-13,0
688,11077,42007,2.5174420985e-12,1.9427381179e-12,6.4858775880e-13,0
688,7930,42008,4.9631766804e-12,-1.2219391677e-12,6.5499505468e-13,0
688,11614,42010,7.8649619701e-12,9.1769338176e-13,-2.3680474411e-12,0
688,11641,42010,4.3999816709e-12,-2.4187177672e-12,-4.6088714844e-13,0
688,41203,42006,8.6411194828e-12,-5.3213498557e-12,-7.3609271299e-13,0
688,5113,42011,1.6088475044e-12,-1.4915879438e-16,-1.4915879438e-17,0
689,11077,42007,3.9805369512e-12,-1.2368741663e-12,9.7095928886e-13,0
689,41203,42006,3.5982173380e-12,2.5372172559e-12,1.4968949466e-14,0
689,7930,42008,5.4061918953e-12,3.6002478070e-12,7.3019117058e-13,0
689,11614,42010,6.2270446083e-12,-3.1053280855e-12,-1.6293150648e-12,1
689,11641,42010,5.4510279070e-12,-3.0105280663e-12,-2.8635570596e-13,0
689,26461,42003,3.4407038867e-12,-2.1621556215e-12,-8.6646347453e-14,0
689,5113,42011,4.3831489499e-12,3.3175656958e-12,3.3174165370e-13,0
689,18937,42010,5.3090010102e-12,7.0005786235e-13,1.2848021950e-12,0
689,33634,42007,4.3219369392e-12,-3.0894359983e-12,-1.5116162313e-12,0
690,26461,42003,2.5278610094e-12,-1.3094059087e-12,8.4877319932e-14,0
690,7930,42008,4.2949064008e-12,3.4939486927e-12,1.4242857663e-12,0
690,18937,42010,7.8521314951e-12,3.9845906543e-12,1.6832686401e-12,0
690,33634,42007,3.3776608352e-12,-4.9951138591e-13,-1.6925538167e-12,0
690,11077,42007,5.8948463726e-12,5.7099805555e-12,1.2062171612e-12,0
690,41203,42006,7.7056563481e-12,-3.4566316745e-12,-5.9507847074e-13,0
690,11641,42010,4.5418549360e-12,3.4751022718e-12,-4.7846339990e-13,0
690,5113,42011,3.7396791645e-12,2.3184293167e-12,5.6358458538e-13,0
691,41203,42006,3.9214496079e-12,2.8043169189e-12,-3.7811485649e-13,0
691,5113,42011,3.8554719658e-12,-6.3188646779e-13,5.0039593860e-13,0
691,18937,42010,2.3862909397e-12,-2.0369009607e-13,2.5326448955e-12,0
691,26461,42003,4.3736612283e-12,3.1371455734e-12,3.4927467370e-13,0
691,7930,42008,4.2319040267e-12,-3.0029101104e-13,1.2769839864e-12,0
691,11077,42007,5.1485341535e-12,3.7367053686e-12,1.6414271120e-12,0
691,11641,42010,6.8353905850e-12,-6.0353764174e-12,-1.3586651362e-12,0
691,33634,42007,4.3743320907e-12,1.6678121369e-14,-1.3319491042e-12,0
692,11077,42007,3.5108788793e-12,-3.1084063261e-12,1.2153610907e-12,0
692,26461,42003,5.3187553055e-12,4.0521483264e-12,9.9076407208e-13,0
692,33634,42007,2.6960445063e-12,-1.6411536265e-12,-1.2975112739e-12,0
692,11641,42010,4.0004513592e-12,1.5602077707e-12,-1.1354261834e-12,0
692,7930,42008,8.3670826780e-12,8.1502832940e-12,2.2050684249e-12,0
692,18937,42010,9.4288423820e-12,4.0727438674e-12,2.1548920100e-12,0
692,41203,42006,5.9461833393e-12,-5.1852951982e-12,-5.2479215392e-13,0
692,5113,42011,8.5750790652e-12,6.7196110630e-12,1.1723570449e-12,0
693,5113,42011,3.6884682486e-12,6.9995659879e-14,1.1793566109e-12,0
693,41203,42006,5.7813661844e-12,4.3208424373e-12,-3.9793911522e-13,0
693,7930,42008,1.9974860251e-12,1.2748800291e-12,2.1211016135e-12,0
693,18937,42010,9.0843451641e-13,3.9320783113e-13,2.4527168663e-12,0
693,26461,42003,6.5902626876e-12,-2.6684256711e-12,3.5022654632e-13,0
693,11077,42007,7.8319967870e-12,-3.6107949475e-13,9.4308183695e-13,0
693,11641,42010,4.5621482190e-12,-2.5192122776e-12,-1.0820257591e-12,0
693,33634,42007,6.9872118651e-12,-4.1039907884e-12,-1.1847479577e-12,0
694,18937,42010,8.2359517520e-12,1.4289693568e-12,2.1192916253e-12,0
694,33634,42007,1.5864455671e-12,2.8072140168e-13,-1.3177733139e-12,0
694,7930,42008,7.5193869324e-12,7.1928925197e-12,2.9955728222e-12,0
694,26461,42003,3.7917671366e-12,8.3975720737e-13,6.6359165820e-13,0
694,11077,42007,5.2433810089e-12,1.6835225828e-12,7.3826578329e-13,0
694,11641,42010,6.0297093883e-12,-3.8343352005e-12,-1.1470652844e-12,0
694,41203,42006,5.9759059916e-12,-2.6902876050e-12,-2.1862480499e-13,0
694,5113,42011,5.9213837810e-12,4.6628067031e-12,1.6456372812e-12,0
695,11077,42007,2.1978797638e-12,-9.5550499774e-13,8.6878638845e-13,0
695,33634,42007,3.9648068901e-12,-1.9404145167e-12,-6.4820948612e-13,0
695,11641,42010,2.0076211253e-12,-1.2583091542e-12,-1.2211131895e-12,0
695,5113,42011,3.9371120060e-12,-9.0476885497e-13,1.5551603957e-12,0
695,26461,42003,4.4790808998e-12,-4.1672421956e-12,4.4858005828e-13,0
695,18937,42010,5.4382116161e-12,4.3164891527e-12,2.2599151067e-12,0
695,7930,42008,2.9723869179e-12,-2.6978146795e-12,2.5771244758e-12,0
695,41203,42006,6.1372111674e-12,1.4569697163e-12,-5.6672593201e-13,0
696,7930,42008,5.7573600759e-12,-1.6624884998e-12,2.0307145182e-12,0
696,33634,42007,8.2933958087e-12,-6.0099450113e-12,-1.5583567482e-12,0
696,26461,42003,2.9896073684e-12,-1.5190483476e-12,-2.6794572461e-13,0
696,41203,42006,3.6527486886e-12,6.5947734871e-13,-4.1582916216e-13,0
696,18937,42010,6.6618129827e-12,8.2415080931e-13,2.1090895677e-12,0
696,5113,42011,1.2065827035e-11,8.2834509598e-12,2.3835054917e-12,1
696,11077,42007,4.5588734948e-12,-3.9820169662e-12,1.3272143996e-13,0
696,11641,42010,3.5826886309e-12,4.4749176154e-13,-1.0843590242e-12,0
697,11077,42007,3.8919200267e-12,-1.2595385961e-12,2.1695260776e-13,0
697,11641,42010,2.4533392064e-12,-1.0091248093e-12,-1.4602801889e-12,0
697,18937,42010,3.0574621697e-12,-1.3838320570e-12,1.6900074616e-12,0
697,26461,42003,6.3168980632e-12,8.4433514067e-13,1.5818577547e-13,0
697,41203,42006,5.4795168722e-12,3.1636747395e-12,-1.7110659168e-13,0
697,7930,42008,2.9314221985e-12,-7.3992795749e-13,1.7089791027e-12,0
697,33634,42007,7.2005051746e-12,-4.6903636379e-12,-1.8099707894e-12,0
698,26461,42003,6.8970141451e-12,4.8149019128e-12,1.8620104162e-13,0
698,33634,42007,2.6209663249e-12,-2.4599269153e-12,-2.4137342357e-12,0
698,41203,42006,3.4750858136e-12,-1.3934206059e-12,2.2168633330e-13,0
698,11077,42007,7.1635948275e-12,6.8459067722e-12,7.0726947319e-13,0
698,11641,42010,4.0198814130e-12,-2.8466368577e-12,-1.5030720979e-12,0
698,18937,42010,4.7725190652e-12,-2.7061446637e-12,1.1426542717e-12,0
698,7930,42008,2.9517708109e-12,9.8418320638e-13,1.9295913401e-12,0
699,11077,42007,2.7858113418e-12,-1.1057781170e-12,7.2037907811e-13,0
699,18937,42010,2.9848657739e-12,2.7314599324e-12,1.3457944787e-12,0
699,11641,42010,1.8057557713e-12,-5.8681647538e-14,-1.2078874560e-12,0
699,5113,42011,4.2114511791e-12,3.2494906477e-16,3.2494906477e-17,0
699,41203,42006,3.3435871602e-12,1.7322485252e-12,1.4118946023e-13,0
699,26461,42003,5.5534740638e-12,-3.9747563837e-12,4.9409654008e-15,0
699,33634,42007,5.0680725969e-12,-3.7224371653e-12,-2.4770343524e-12,0
699,7930,42008,4.1017274227e-12,-1.2116330534e-12,1.4484032541e-12,0
700,7930,42008,8.2514419923e-12,7.5095548542e-12,1.8499638702e-12,0
700,26461,42003,4.2851890986e-12,3.0551200018e-12,4.4139355645e-13,0
700,33634,42007,8.1808039049e-13,-9.9443498267e-14,-2.4370275637e-12,0
700,41203,42006,9.9703100721e-12,2.7688150465e-12,7.6373413233e-13,0
700,11077,42007,5.5669668721e-12,5.4305690197e-12,6.9243792453e-13,0
700,5113,42011,3.0742091786e-12,-2.5463245756e-12,-2.5459996266e-13,0
700,11641,42010,6.7859478334e-12,-2.8114646096e-12,-1.8365441442e-12,0
700,18937,42010,5.1115035838e-12,-1.5414856023e-12,7.9318685305e-13,0
701,18937,42010,4.5261307197e-12,-3.1965688058e-12,4.9389898209e-13,0
701,41203,42006,3.8590699544e-12,-3.4327961383e-12,1.4002282660e-13,0
701,26461,42003,8.2462299969e-12,-5.7868564309e-12,-4.5100664398e-13,0
701,11077,42007,2.0466362489e-12,1.0280209201e-12,4.2156947968e-13,0
701,11641,42010,6.6138558312e-12,-4.1570379337e-12,-1.6487102958e-12,0
701,5113,42011,6.9507712712e-12,-1.9615061060e-12,-4.5075057326e-13,0
701,7930,42008,4.7265637035e-12,1.3726016813e-12,2.0172531395e-12,0
701,33634,42007,2.6475817773e-12,-1.1036006430e-12,-2.5490554401e-12,0
702,7930,42008,7.4914675766e-12,-6.2660523705e-12,5.7561957301e-13,0
702,33634,42007,3.6250920641e-12,-3.3693563114e-12,-2.7218757086e-12,0
702,26461,42003,4.0730932905e-12,-3.1379334393e-12,-1.1700148206e-12,0
702,11077,42007,2.4404679912e-12,1.2053918744e-12,8.5294929973e-13,0
702,11641,42010,5.5479259165e-12,8.1064081927e-13,-1.7236669909e-12,0
702,18937,42010,7.1960121763e-12,5.4151962164e-12,6.2814421699e-13,0
702,41203,42006,4.3570916493e-12,1.0182718425e-12,7.6037953068e-13,0
702,5113,42011,2.0615998135e-12,1.1867802291e-14,-4.4956379303e-13,0
703,5113,42011,4.5261101080e-12,1.9425774723e-12,-2.5530604579e-13,0
703,11077,42007,5.4117875561e-12,1.2178477914e-12,1.0108420283e-12,0
703,26461,42003,8.1215315845e-12,-2.7500621678e-12,-1.1781784702e-12,0
703,41203,42006,2.8570243904e-12,-2.4599374994e-12,8.2301536998e-14,0
703,7930,42008,3.9145014811e-12,-1.6843520483e-12,2.7969636527e-13,0
703,11641,42010,2.5417419646e-12,-1.1255985130e-13,-1.4830017483e-12,0
703,18937,42010,6.2281435351e-12,-3.7706675539e-12,2.1175667848e-13,0
703,33634,42007,5.1562775637e-12,-2.4821210735e-12,-2.5596887371e-12,0
704,26461,42003,6.0263342442e-12,-1.4838292952e-12,-1.4105371205e-12,0
704,11077,42007,3.8840121263e-12,3.1946104320e-12,1.1619508133e-12,0
704,33634,42007,4.0825888012e-12,2.6569356234e-12,-2.3220673149e-12,0
704,11641,42010,6.8840307753e-12,4.4721287591e-12,-6.5235535235e-13,0
704,7930,42008,1.6956506046e-12,-1.2374662989e-12,-5.6333951659e-13,0
704,41203,42006,7.6189833993e-12,1.0556603052e-12,4.5689632802e-13,0
704,18937,42010,7.7113497716e-12,5.9170989454e-12,6.6056963734e-13,0
704,5113,42011,2.2603990360e-12,-7.9516275948e-13,-3.3482232174e-13,0
705,7930,42008,7.2722567378e-12,6.7338030146e-12,3.7982225282e-13,0
705,5113,42011,6.8178321274e-12,6.6304376712e-12,3.2822144538e-13,0
705,11077,42007,3.1455404705e-12,-3.0335299285e-12,9.5414832019e-13,0
705,11641,42010,3.7605469124e-12,-2.5026869299e-12,-7.7679312992e-13,0
705,26461,42003,5.3644373634e-12,-1.4038701414e-12,-1.1341999151e-12,0
705,33634,42007,8.9995349589e-12,-2.0337699062e-12,-2.3314028539e-12,0
705,41203,42006,5.4967557706e-12,3.0211615398e-12,6.1331551038e-13,0
705,18937,42010,7.3449152500e-12,-5.9976624711e-12,-3.7084552503e-13,0
706,41203,42006,4.2784492351e-12,-1.5569926271e-12,3.9166851280e-13,0
706,26461,42003,4.3150135334e-12,-5.9661579381e-13,-1.0419566597e-12,0
706,11077,42007,5.6722447129e-12,5.6404008773e-12,1.9163901045e-12,0
706,18937,42010,4.7472249962e-12,3.3272370764e-12,-1.2053689833e-13,0
706,11641,42010,1.0567553845e-12,3.1002318320e-13,-7.9053998776e-13,0
706,7930,42008,3.9058279338e-12,-9.3127964150e-13,4.5294313865e-13,0
706,33634,42007,4.6240322738e-12,2.0304988539e-12,-1.5273584673e-12,0
706,5113,42011,6.5590475175e-12,-2.5415439115e-12,7.4067054235e-14,0
707,33634,42007,1.6267367993e-12,6.5715089985e-13,-9.9260701357e-13,0
707,7930,42008,4.1740143790e-12,2.8804942433e-13,5.5574087683e-13,0
707,26461,42003,8.5097199710e-12,-1.7163095694e-12,-1.2980211307e-12,0
707,11077,42007,4.9659384386e-12,-2.7889048133e-12,1.7634534828e-12,0
707,18937,42010,3.2070240015e-12,1.1044879396e-13,2.8891186773e-14,0
707,11641,42010,3.5032102573e-12,1.3400757729e-12,-5.5561992953e-13,0
707,41203,42006,5.3382744134e-12,-1.9704583995e-12,-1.2174480110e-13,0
707,5113,42011,4.7469054565e-12,3.9586706836e-12,4.6993412259e-13,0
708,5113,42011,9.2800327879e-12,5.3462161953e-12,1.0045557421e-12,0
708,11077,42007,1.8947464001e-12,-2.1022709617e-13,1.0578400960e-12,0
708,41203,42006,4.0461250592e-12,-3.7859380542e-12,-3.6099654593e-13,0
708,11641,42010,3.6566253140e-12,-3.2317263680e-12,-5.9412888056e-13,0
708,7930,42008,6.2002155425e-12,2.6342119989e-12,7.2074375608e-13,0
708,26461,42003,4.8781727143e-12,-1.2353301253e-12,-1.9030443345e-12,0
708,18937,42010,6.2403303752e-12,4.4628340239e-14,3.0396848717e-13,0
708,33634,42007,1.7033924148e-12,-7.5237776948e-13,-8.2185209900e-13,0
709,33634,42007,8.8052251427e-12,-8.0250611964e-12,-1.2521145021e-12,0
709,7930,42008,4.9222208724e-12,-1.4592570888e-12,6.9598135254e-13,0
709,18937,42010,9.8999216623e-12,7.3242196264e-12,7.6324445657e-13,0
709,26461,42003,6.0177748343e-12,1.8517812067e-12,-1.3203905755e-12,0
709,41203,42006,6.8438327437e-12,5.4107616859e-12,6.8547701310e-15,0
709,11077,42007,2.7205967833e-12,-2.6983784775e-12,8.9858005993e-13,0
709,11641,42010,3.2956294461e-12,2.8779528938e-12,-3.0046542643e-13,0
709,5113,42011,5.0221961806e-12,-4.8634357454e-12,5.1817967267e-13,0
710,26461,42003,6.1152008078e-12,-2.5761373538e-12,-1.8835163110e-12,0
710,7930,42008,3.2949979462e-12,-1.8184784083e-13,-7.3158916961e-14,0
710,11077,42007,5.8361177546e-12,5.4659165338e-12,9.0211481134e-13,0
710,11641,42010,2.4697164459e-12,-8.6292393857e-13,-1.0561135932e-13,0
710,18937,42010,3.4928471552e-12,2.1053923587e-12,1.1279322527e-12,0
710,41203,42006,3.5209964876e-12,8.0546473318e-14,-2.6197208719e-13,0
710,33634,42007,1.1725117238e-12,4.5901578455e-13,-1.1962685738e-12,0
710,5113,42011,3.3258225553e-12,1.1659922815e-12,8.8941135838e-13,0
711,18937,42010,5.2580168299e-12,3.8046404172e-12,1.8280531750e-12,0
711,33634,42007,7.4975353700e-12,-6.3643733756e-12,-1.7223458471e-12,0
711,5113,42011,7.4999742417e-12,5.6508274463e-12,1.6506447136e-12,0
711,11077,42007,4.2278134888e-12,2.0427390330e-13,8.1974010966e-13,0
711,41203,42006,6.3399593986e-12,2.7981519571e-13,1.0928904622e-13,0
711,11641,42010,2.8589187743e-12,1.0767706621e-12,4.1776950025e-13,0
711,7930,42008,4.4753174620e-12,2.2032058832e-12,9.9015032327e-15,0
711,26461,42003,4.7929711506e-12,4.3426158619e-12,-8.7056908174e-13,0
712,26461,42003,5.1849478221e-12,-3.6619128594e-12,-9.2296702375e-13,0
712,7930,42008,4.9329449205e-12,2.0775487190e-12,8.4426161218e-13,0
712,11077,42007,5.1735727431e-12,4.7522867852e-12,1.1744296007e-12,0
712,11641,42010,2.0362442584e-12,-1.7989871766e-12,1.5680670067e-13,0
712,16168,42005,5.3907984010e-12,6.8380221790e-17,6.8380221790e-18,0
712,41203,42006,2.4365340457e-12,-1.5185558859e-12,-1.4439372662e-13,0
712,33634,42007,8.3317904092e-12,1.9847563384e-12,-1.1869345821e-12,0
712,18937,42010,5.7029194853e-12,-4.2406712457e-12,8.6246642876e-13,0
712,5113,42011,3.1546634989e-12,-5.5867484466e-13,1.5935904489e-12,1
713,26461,42003,8.0469652445e-12,-1.3890498355e-12,-7.8686579052e-13,0
713,18937,42010,5.8749181051e-12,3.5484704974e-12,1.5943802339e-12,0
713,33634,42007,6.1358611285e-12,-2.9484289433e-12,-1.2335653691e-12,0
713,16168,42005,9.2628595062e-12,2.3877575892e-12,2.3878259695e-13,0
713,11077,42007,3.5426173355e-12,-2.6518476381e-12,7.8746005780e-13,0
713,11641,42010,4.8331926670e-12,2.4252742534e-12,4.1059011115e-13,0
713,41203,42006,2.3618578189e-12,-1.4582266662e-12,-4.4222643292e-14,0
713,7930,42008,5.0650308384e-12,-3.3662487792e-12,6.7607193908e-13,0
713,5113,42011,5.2152715286e-12,-5.7399976404e-17,-5.7399976404e-18,0
714,26461,42003,6.7409339624e-12,-4.3334812157e-12,-1.0718309826e-12,0
714,7930,42008,3.5643008357e-12,2.3622026768e-12,1.0360388366e-12,0
714,41203,42006,3.2463670476e-12,-1.7571356059e-12,-3.2550223440e-13,0
714,11077,42007,1.5566219735e-12,7.8643262636e-13,5.4664227723e-13,0
714,5113,42011,9.0819682582e-12,3.5850961198e-12,3.5850387198e-13,0
714,11641,42010,5.4211731501e-12,3.5189232285e-12,3.1526955809e-13,0
714,18937,42010,5.8728868322e-12,4.8129649741e-12,1.4839668368e-12,0
714,33634,42007,2.7286074321e-12,1.5139340568e-12,-1.3478655258e-12,0
714,16168,42005,2.8713845509e-12,1.9897643519e-13,2.5868024047e-13,0
715,7930,42008,6.3385704504e-12,-5.8049535721e-12,-2.1783682202e-13,0
715,33634,42007,6.1478832943e-12,-9.3829146567e-13,-1.2383176817e-12,0
715,18937,42010,4.1344101411e-12,-1.4126035187e-12,1.9424727320e-12,0
715,11077,42007,3.2837856342e-12,9.8811164132e-14,8.5987638650e-13,0
715,11641,42010,7.4526422713e-12,-1.2207487737e-12,4.4346337371e-13,0
715,5113,42011,6.4165897585e-12,-4.3965902194e-12,-8.1155149959e-14,0
715,16168,42005,1.0457982576e-11,5.2255054714e-12,7.8123078761e-13,0
715,41203,42006,7.3161162612e-12,7.1656525914e-12,8.8946870758e-14,0
715,26461,42003,3.4814891365e-12,2.5990286680e-12,-6.7154110163e-13,0
716,16168,42005,9.2937051394e-12,4.2971327143e-12,1.2109440590e-12,0
716,41203,42006,3.4653450783e-12,-1.1396776405e-12,1.3067836942e-13,0
716,11077,42007,3.5281828791e-12,2.8066842431e-12,5.7650472308e-13,0
716,18937,42010,5.8059104474e-12,-3.6834090927e-12,1.2414081151e-12,0
716,7930,42008,7.7383151776e-12,-3.5282226750e-12,-4.7753112537e-13,0
716,11641,42010,5.2669313909e-12,4.9661413809e-12,9.0907519348e-13,0
716,5113,42011,8.4847847474e-12,2.0276461158e-13,-6.0878688801e-14,0
716,26461,42003,2.9882559340e-12,-2.9256511359e-12,-9.0444463583e-13,0
716,33634,42007,2.9240000130e-12,-1.6685141673e-12,-1.6082189838e-12,0
717,26461,42003,3.4273714954e-12,-3.5032984809e-13,-7.6784666371e-13,0
717,7930,42008,3.1678318091e-12,-1.3939130466e-12,-6.4572737246e-13,0
717,33634,42007,3.5378604743e-12,3.6312200025e-13,-1.6376218738e-12,0
717,18937,42010,7.7455145665e-12,-5.5532608149e-12,6.7503715420e-13,0
717,11077,42007,5.1197220984e-12,3.8532399662e-12,1.2407192010e-12,0
717,11641,42010,8.7435675036e-12,-2.9363152681e-12,4.8143608937e-13,0
717,16168,42005,5.5934571993e-12,-3.2744277059e-12,8.8350128845e-13,0
717,41203,42006,8.0891266283e-12,5.0948036496e-12,8.3720457433e-13,0
717,5113,42011,4.7896713003e-12,-1.9178581016e-12,-2.5266449896e-13,0
718,33634,42007,3.6699310689e-12,1.9077860986e-12,-1.3716054870e-12,0
718,16168,42005,7.4615126894e-12,5.6140151157e-12,1.4449028000e-12,0
718,11077,42007,4.6226386780e-12,2.1494911371e-12,1.4766910244e-12,0
718,11641,42010,1.0873468966e-11,9.4418427448e-12,1.7487930007e-12,0
718,5113,42011,5.2807927155e-12,2.7883581161e-12,2.6171312657e-14,0
718,41203,42006,8.1856459639e-12,-7.8391336726e-12,4.3188501249e-13,0
718,7930,42008,6.1218026562e-12,-8.4217899534e-13,-9.9336647189e-13,0
718,18937,42010,7.0396191922e-12,6.0357706407e-12,1.2741513842e-12,0
718,26461,42003,3.7928188277e-12,-3.3178414671e-12,-9.7609779788e-13,0
719,26461,42003,4.9955033453e-12,3.8080116034e-12,-7.8047475821e-13,0
719,7930,42008,6.2059807836e-12,-5.9721208151e-13,-9.0716197116e-13,0
719,18937,42010,4.4465391428e-12,-4.1333117037e-12,1.2839825124e-13,0
719,11077,42007,4.7810930253e-12,-2.9227983063e-12,1.4542490415e-12,0
719,11641,42010,4.5137792484e-12,-2.5668618078e-12,1.2043115305e-12,0
719,41203,42006,6.6251269039e-12,4.4212829835e-12,3.3293714226e-13,0
719,16168,42005,2.2690044535e-12,-1.0970994044e-12,1.3351928596e-12,0
719,5113,42011,2.5350921547e-12,-2.5147891689e-12,-2.2530760423e-13,0
719,33634,42007,4.0820271262e-12,-2.8841441625e-12,-8.5751378357e-13,0
720,26461,42003,3.7782640572e-12,7.4532910410e-13,-4.4832811242e-13,0
720,33634,42007,5.7817171138e-12,-3.0857965595e-12,-1.2119950180e-12,0
720,11077,42007,7.5635078836e-12,-5.9531571223e-12,3.1234167586e-13,0
720,16168,42005,2.9540266524e-12,2.3446922871e-13,1.3586397825e-12,0
720,11641,42010,5.1223316168e-12,3.9002683697e-12,1.6806307613e-12,0
720,41203,42006,7.1834614532e-12,1.7101868126e-12,4.9590117619e-13,0
720,7930,42008,7.2641263220e-12,-5.9585301203e-12,-1.4848301991e-12,0
720,5113,42011,4.1245613550e-12,-2.6456724748e-12,-4.8987485171e-13,0
720,18937,42010,4.0240123859e-12,4.0108403680e-13,-4.2032580949e-14,0
721,26461,42003,3.5296938346e-12,-3.5166011290e-12,-1.2342498115e-12,0
721,11077,42007,3.6093884303e-12,2.7227519618e-12,5.6418948171e-13,0
721,11641,42010,5.2691566376e-12,-1.5399727544e-12,1.4189564197e-12,0
721,16168,42005,7.1185615965e-12,6.0355959154e-13,1.4189957416e-12,0
721,18937,42010,8.2829796054e-12,-3.5477735139e-12,-7.7727397406e-13,0
721,7930,42008,9.2037927085e-12,8.3113674078e-12,-8.7401404665e-13,0
721,5113,42011,4.3590074282e-12,1.1947260043e-13,-4.7792759167e-13,0
721,41203,42006,3.2643208543e-12,-2.5494153848e-12,2.1297811814e-13,0
721,33634,42007,3.5941457436e-12,1.9800649841e-13,-5.5575703058e-13,0
722,33634,42007,3.9121208271e-12,-3.5393222757e-12,-1.1081648920e-12,1
722,41203,42006,4.2544108526e-12,-2.9901459862e-12,6.5819108108e-14,0
722,7930,42008,6.9881476870e-12,-6.5328455206e-12,-1.7350534706e-12,0
722,18937,42010,5.9157490260e-12,-6.8366414515e-13,-4.2157326401e-13,0
722,16168,42005,6.1471501974e-12,-1.5697960213e-12,1.2620093015e-12,0
722,5113,42011,3.2716466242e-12,-1.5726653088e-13,-4.9365424475e-13,0
722,11077,42007,2.5670812092e-12,1.3118786680e-12,2.2014866998e-13,0
722,11641,42010,5.8531192466e-12,-1.5616668205e-12,1.4426884553e-12,0
722,26461,42003,2.5417683253e-12,-4.1003282091e-13,-9.0906180767e-13,0
723,18937,42010,5.1727762104e-12,-4.0147760106e-12,-1.1778979148e-12,0
723,11077,42007,5.4468177545e-12,-2.3460886774e-12,2.5072456606e-13,0
723,11641,42010,6.3418525670e-12,-3.5013800236e-12,8.5002302757e-13,0
723,16168,42005,7.0304840571e-12,4.6480176555e-12,1.4880353081e-12,0
723,7930,42008,4.3687793802e-12,4.0601268651e-12,-9.9241590618e-13,0
723,41203,42006,7.1610524741e-12,-3.2994402522e-12,-1.1830225049e-13,0
723,26461,42003,4.8096856564e-12,-1.5560120210e-13,-7.8571694432e-13,0
723,5113,42011,1.0876685843e-11,-2.5792218939e-12,-7.5157069415e-13,0
724,7930,42008,6.3930111502e-12,6.0454688484e-13,-1.1681814854e-12,0
724,26461,42003,5.7137655953e-12,2.5836085640e-12,-9.4007966350e-14,0
724,5113,42011,8.3001145316e-12,-2.3830495661e-12,-1.3483852627e-12,0
724,16168,42005,6.2469762176e-12,-1.0300615091e-12,1.3651315137e-12,0
724,11077,42007,3.7417604900e-12,-7.7980567858e-13,9.4100735563e-14,0
724,41203,42006,4.5392212959e-12,1.6508704331e-12,2.2249835340e-13,0
724,11641,42010,1.1124518390e-11,-3.2692584502e-12,1.7120485970e-13,0
724,18937,42010,1.1165841320e-11,2.1279610059e-12,-1.4463983116e-12,0
725,18937,42010,4.9243406827e-12,-1.3799311182e-12,-1.4431310716e-12,0
725,16168,42005,4.6925051177e-12,3.1994408420e-12,1.1625250507e-12,0
725,11077,42007,2.6763838407e-12,-4.7793453255e-13,3.6426165895e-14,0
725,11641,42010,1.0785564964e-11,-6.0216782760e-13,2.3306295431e-13,0
725,26461,42003,6.0610722432e-12,3.2148356854e-13,-3.2176247630e-13,0
725,7930,42008,9.1313967810e-12,-2.3473891999e-12,-8.2242504815e-13,0
725,41203,42006,4.5721668284e-12,-6.1727725505e-13,-5.5579463124e-13,0
725,5113,42011,8.7310741349e-12,4.3728949277e-12,-4.7143674803e-13,0
726,7930,42008,7.3086929463e-12,9.3500911169e-13,-3.7610186948e-13,0
726,26461,42003,4.7494040093e-12,1.8620125960e-12,1.5700389689e-13,0
726,5113,42011,4.0795011585e-12,-1.6983934699e-12,-6.6155255618e-13,0
726,41203,42006,3.9513346138e-12,-1.2425068832e-12,-5.6607755552e-13,0
726,11077,42007,9.5612762289e-12,-1.8421127471e-13,-2.6266338588e-13,0
726,18937,42010,4.3640114763e-12,-5.2023766236e-13,-1.1268139285e-12,0
726,16168,42005,5.5967758845e-12,1.4382618293e-12,8.7663796222e-13,0
726,11641,42010,7.7175486303e-12,-5.0024021377e-12,-7.6379139755e-13,0
727,18937,42010,5.9823712696e-12,-3.5181028667e-12,-9.2329813372e-13,0
727,11077,42007,2.4641555214e-12,-1.6926411182e-12,-8.1725149432e-13,0
727,16168,42005,3.4887028866e-12,-1.6583800092e-12,1.0382427319e-12,0
727,11641,42010,8.4572789697e-12,6.9125389025e-12,2.2109401951e-13,0
727,41203,42006,8.8109611575e-12,-3.0434153378e-12,-1.3798994543e-12,0
727,26461,42003,2.7466876355e-12,1.6568844781e-12,3.5772532951e-13,0
727,7930,42008,4.9415258480e-12,-1.6213772148e-12,-3.9884828631e-13,0
727,5113,42011,4.1560478899e-12,1.9301972749e-12,-2.7674701853e-13,0
728,7930,42008,2.4713606308e-12,9.0903711081e-13,-2.2372667569e-13,0
728,26461,42003,8.1252872111e-12,7.6231490015e-12,1.4518243764e-12,0
728,41203,42006,5.5414146350e-12,2.0026281023e-12,-3.9572327677e-13,1
728,11077,42007,4.0128634031e-12,-2.8759481252e-12,-1.3197954205e-12,0
728,5113,42011,2.2866650071e-12,1.8439879324e-12,-3.7118403691e-13,0
728,16168,42005,5.2377491783e-12,-1.7735450262e-12,2.9948671769e-13,0
728,11641,42010,1.1750398425e-11,-1.1501171241e-12,-8.3810196737e-13,0
728,18937,42010,4.8407219591e-12,-1.4823684447e-12,-1.6751120423e-12,0
729,18937,42010,4.1644469937e-12,2.4305669949e-12,-1.0187241724e-12,0
729,16168,42005,5.0708999597e-12,-3.0179473158e-12,1.0740192655e-13,0
729,5113,42011,3.4884962214e-12,-2.6729328046e-12,-3.8699840048e-13,0
729,11077,42007,3.8367092218e-12,-3.7956999874e-12,-1.4070855887e-12,0
729,11641,42010,3.5340217969e-12,2.6510859702e-13,-5.5490492690e-13,0
729,26461,42003,3.4650786242e-12,-3.4505144574e-12,7.2597177029e-13,0
729,7930,42008,2.1383598104e-12,2.7997618890e-13,-1.3600784865e-13,0
730,7930,42008,4.9021708112e-12,4.8545654031e-12,9.4530170369e-13,0
730,26461,42003,4.9232431880e-12,2.2845762803e-12,8.7989648792e-13,0
730,16168,42005,4.9794688854e-12,-2.3885545104e-12,-1.5490044737e-13,0
730,11077,42007,4.7417978755e-12,-1.3717586295e-13,-8.2548746272e-13,0
730,18937,42010,2.6098716373e-12,1.9472714218e-12,-8.6410543391e-13,0
730,11641,42010,5.0563964980e-12,3.2181090614e-12,-6.2312085772e-13,0
730,5113,42011,5.3705259405e-12,2.1912555391e-12,9.6694400911e-14,0
731,7930,42008,2.0182336341e-12,-9.0158170856e-13,2.4006792053e-14,0
731,26461,42003,4.6699840252e-12,-2.3388739722e-12,9.9766920360e-13,0
731,18937,42010,4.4361532420e-12,-2.8059409176e-12,-7.8992217428e-13,0
731,16168,42005,5.6582815893e-12,4.9747916972e-12,2.8222276319e-13,0
731,11077,42007,7.5961649368e-12,-5.2603917736e-12,-1.6238018363e-12,0
731,11641,42010,4.8703930764e-12,-4.1274094767e-12,-8.8186452995e-13,0
731,5113,42011,3.7557160172e-12,-6.8719194657e-13,1.6027946211e-14,0
732,16168,42005,4.1409513315e-12,-4.0710348132e-12,3.2098884006e-14,0
732,11077,42007,2.5821775466e-12,-1.3745045888e-12,-1.8924401619e-12,0
732,11641,42010,2.1293745445e-12,-1.5563896456e-13,-7.4126174436e-13,0
732,7930,42008,6.5163631223e-12,3.3192757766e-12,1.0092189218e-12,0
732,18937,42010,2.4110252703e-12,2.3539946551e-12,-4.8615629426e-13,0
732,26461,42003,8.2129031902e-12,-1.3921553481e-12,8.9945695088e-13,0
732,5113,42011,8.8166158375e-12,-1.6894766639e-12,-1.3719306709e-13,0
733,26461,42003,4.1260344594e-12,-2.8496514015e-12,6.3005193094e-13,0
733,18937,42010,2.3520725652e-12,-9.5833442957e-13,-1.8051213615e-13,0
733,5113,42011,4.4102673932e-12,1.4290034164e-12,2.6362946395e-13,0
733,7930,42008,6.9453592372e-12,-5.0393714875e-12,9.9269086515e-14,0
733,11077,42007,8.6574867749e-12,-4.5751552186e-12,-2.1153468161e-12,0
733,11641,42010,5.0882115828e-12,6.5312182291e-13,-3.2581155970e-13,0
733,16168,42005,5.1230840850e-12,4.6711727513e-12,3.4414393578e-14,0
734,16168,42005,2.3072738440e-12,-1.2015683382e-12,1.7263710670e-14,0
734,11077,42007,4.7019591965e-12,3.7502002575e-12,-1.6623462224e-12,0
734,11641,42010,9.5363710612e-12,2.3973740971e-13,2.5088026286e-14,0
734,26461,42003,1.4153167579e-12,-1.0986739696e-13,3.6070433484e-13,0
734,7930,42008,3.2667849157e-12,1.8884991125e-12,2.2766430929e-13,0
734,18937,42010,4.7498666164e-12,-2.0837442753e-12,-6.0168266427e-13,0
734,5113,42011,6.8786086401e-12,-5.6025448980e-12,-5.8320069242e-14,0
735,26461,42003,4.9998713675e-12,-2.3210957899e-12,9.6446398996e-14,0
735,5113,42011,4.6842051784e-12,7.8572658621e-13,-4.1703690339e-13,0
735,18937,42010,5.1016775185e-12,5.2176096096e-13,-4.1151345635e-13,0
735,7930,42008,3.6133220093e-12,1.0716676889e-13,4.7311990616e-13,0
735,11077,42007,7.0640633442e-12,-6.8793456555e-12,-2.3024873347e-12,0
735,11641,42010,8.3621014830e-12,-1.1963734309e-12,-3.4332534049e-14,0
735,16168,42005,3.0506048046e-12,-6.6535702294e-13,-3.6921607582e-13,0
736,16168,42005,7.8317796085e-12,-2.5581636454e-12,-7.6885862329e-13,0
736,11077,42007,6.4836091189e-12,-1.6753078558e-12,-2.4515969928e-12,0
736,7930,42008,2.3361541242e-12,-1.8831438670e-12,1.9130460829e-13,0
736,11641,42010,4.7624760779e-12,4.2158117951e-14,4.7012349152e-13,0
736,26461,42003,3.3853736181e-12,-1.6770562268e-13,-1.0652542287e-13,0
736,18937,42010,6.2454043270e-12,7.1051297173e-13,-2.8843839294e-13,0
736,5113,42011,6.4294524508e-12,-6.3466386964e-12,-8.8186142605e-13,0
737,26461,42003,5.4026632638e-12,-1.1153014622e-12,-3.8374401691e-13,0
737,5113,42011,6.8034448992e-12,1.8660213987e-13,-1.0562209395e-12,0
737,18937,42010,2.8438306355e-12,5.8150252506e-13,1.2152214623e-13,0
737,7930,42008,5.2443398380e-12,4.6408619701e-12,8.1752852679e-13,0
737,11077,42007,2.0845441031e-12,7.9836060228e-13,-2.2024968208e-12,0
737,11641,42010,8.5003861220e-12,3.0575001677e-12,8.4619618036e-14,0
737,16168,42005,6.2981302971e-12,2.4059435639e-12,-3.6242626599e-13,0
738,11077,42007,9.1371744679e-12,-3.3331319729e-12,-2.2482152056e-12,0
738,16168,42005,5.2728944018e-12,-2.3281645074e-12,-4.1788821411e-13,0
738,11641,42010,3.3659885469e-12,-6.3138722958e-13,1.3649260749e-13,0
738,7930,42008,4.0879245276e-12,1.8476566547e-12,9.1139048117e-13,0
738,26461,42003,2.5748208932e-12,-2.4027320740e-12,-1.3863321245e-12,0
738,18937,42010,5.9565647923e-12,-2.7176104284e-12,-2.0020521385e-15,0
738,5113,42011,7.4639645482e-12,-5.0552527719e-12,-1.7461450100e-12,0
739,18937,42010,5.8737701907e-12,-1.1046609234e-13,-2.5610536086e-13,0
739,26461,42003,2.3292149377e-12,1.0481491153e-12,-9.3646576720e-13,0
739,5113,42011,8.5105034153e-12,-3.5997002099e-12,-1.8388217505e-12,0
739,16168,42005,5.3342574508e-12,-4.9375140155e-12,-6.0984488407e-13,0
739,7930,42008,2.2196715518e-12,-5.3400728406e-13,8.2999213388e-13,0
739,11077,42007,7.5660811851e-12,-3.2107297046e-12,-2.1897181773e-12,0
739,11641,42010,1.0036347553e-11,2.4791287556e-12,3.5789462335e-13,0
740,5113,42011,4.8981699903e-12,-4.6846343604e-13,-2.1047936480e-12,0
740,7930,42008,2.6675629328e-12,1.4494989875e-12,4.8948549232e-13,0
740,11077,42007,4.8367501916e-12,-3.9607059605e-12,-2.5720711870e-12,0
740,11641,42010,8.5826957021e-12,-6.2801479732e-12,-5.9193108012e-13,0
740,16168,42005,6.2115761228e-12,4.5081749478e-12,7.9828061749e-14,0
740,18937,42010,5.7008577547e-12,-4.8956274727e-12,-9.4039525031e-13,0
740,26461,42003,4.2735036360e-12,2.1597980075e-12,-9.4894359449e-13,0
741,18937,42010,3.6983668886e-12,2.0610769063e-12,-4.5369346792e-13,0
741,16168,42005,1.4555324024e-12,6.7881816666e-13,-3.4976929130e-13,0
741,7930,42008,7.1606189738e-12,-2.5772362242e-12,3.2192004075e-13,0
741,11077,42007,6.0581867005e-12,-4.4916451590e-12,-2.4951965256e-12,0
741,11641,42010,9.4211650564e-12,5.6088299752e-12,3.8169286508e-13,0
741,26461,42003,1.0717077404e-12,5.7585080096e-13,-6.5747111717e-13,0
741,5113,42011,6.8309988781e-12,2.3002520621e-12,-1.8060492472e-12,0
742,26461,42003,4.3896893927e-12,-1.1917929837e-12,-6.3743488073e-13,0
742,7930,42008,7.8928011544e-12,7.5852112926e-12,7.4851359234e-13,0
742,11077,42007,2.5991899169e-12,1.7289006819e-12,-2.1848559985e-12,0
742,11641,42010,4.8720243859e-12,-4.2469946587e-12,-2.7442704341e-14,0
742,16168,42005,3.7622373545e-12,-1.1630893004e-12,-5.8974740028e-14,0
742,5113,42011,7.5912090240e-12,-1.4555100522e-12,-1.7826525860e-12,0
742,18937,42010,3.0716856308e-12,-2.4538484687e-12,-9.3447778030e-13,0
743,18937,42010,4.8411496759e-12,2.7196120055e-12,-5.6668313679e-13,0
743,16168,42005,6.2936284103e-12,3.9151080223e-12,-1.3458121292e-13,0
743,11077,42007,3.7718510256e-12,-1.7559389547e-12,-1.9029343721e-12,0
743,7930,42008,6.2959910140e-12,-1.2833945576e-12,1.1241112853e-12,0
743,11641,42010,7.4393335813e-12,6.8934804798e-12,5.9659316134e-13,0
743,26461,42003,6.7755160987e-12,-6.2837407407e-12,-9.8084381464e-13,0
743,5113,42011,2.3097222224e-12,-1.8674940885e-12,-2.1123023365e-12,0
744,26461,42003,8.1635522120e-12,5.4574360402e-12,-4.2411347092e-13,0
744,5113,42011,4.7865703110e-12,-1.9984687582e-12,-1.7518947225e-12,0
744,7930,42008,2.8912327905e-12,2.6800962869e-12,1.2032710028e-12,0
744,11077,42007,4.7331100882e-12,-7.9570703152e-13,-2.3575251010e-12,0
744,16168,42005,4.7623581386e-12,-1.2975099888e-12,-1.4417537799e-13,0
744,11641,42010,5.0158065463e-12,-1.9059426897e-12,3.8202515140e-13,0
744,18937,42010,3.6594038856e-12,-3.6145407591e-12,-7.1976278518e-13,0
745,18937,42010,5.9612499820e-12,-2.4632485114e-12,-1.0182637324e-12,0
745,11077,42007,7.6345287943e-12,-7.5672646329e-12,-2.4263169988e-12,0
745,16168,42005,2.9097773486e-12,-6.3233136539e-13,-1.4087281224e-13,0
745,11641,42010,3.5965927326e-12,2.3322845433e-13,5.2498533993e-13,0
745,26461,42003,5.2530684955e-12,-5.1176248484e-12,-7.0376637677e-13,0
745,7930,42008,5.0594616835e-12,6.9368424746e-13,1.2619227506e-12,0
745,5113,42011,1.4146703441e-12,1.3482076973e-12,-1.6956466114e-12,0
746,26461,42003,1.0686164855e-11,9.7787702071e-12,2.9088120621e-13,0
746,7930,42008,4.2970157531e-12,2.5355039598e-12,1.7037875333e-12,0
746,5113,42011,2.4300238712e-12,-1.9467369214e-12,-1.2556564339e-12,0
746,11077,42007,2.7166737298e-12,2.4680211047e-12,-2.0119841027e-12,0
746,16168,42005,4.8394776815e-12,7.6640434018e-13,1.9158398633e-13,0
746,11641,42010,4.9169168167e-12,3.0576552780e-12,8.2653505594e-13,0
746,18937,42010,5.6854453449e-12,-4.0955437593e-12,-1.4988694055e-12,0
747,11077,42007,4.1012336262e-12,-1.5455707822e-12,-2.2463772412e-12,0
747,11641,42010,1.1110634114e-11,2.2928776911e-12,7.5007280828e-13,0
747,18937,42010,4.5017300989e-12,3.7454723911e-12,-1.1824724189e-12,0
747,7930,42008,3.3156658974e-12,1.3750965799e-12,1.3772109943e-12,0
747,26461,42003,6.4956759133e-12,-5.1058423997e-12,-1.0817288754e-13,0
747,16168,42005,4.2549741830e-12,3.2632589763e-12,2.7731552757e-13,0
747,5113,42011,4.9585076885e-12,1.3992805679e-12,-1.1343885911e-12,0
748,26461,42003,7.4681334371e-12,4.0010384337e-12,5.3220416323e-13,0
748,16168,42005,4.1705382912e-12,1.2649545800e-12,6.3662743631e-13,0
748,7930,42008,4.2644877996e-12,-2.6712225522e-13,1.1657331033e-12,0
748,11077,42007,8.4210860515e-12,-6.3984812641e-12,-2.5529121703e-12,0
748,18937,42010,3.6157231306e-12,2.3024622452e-12,-6.8046515154e-13,0
748,11641,42010,4.4311808654e-12,-1.1126740987e-12,7.0194412137e-13,0
748,5113,42011,8.1472403406e-12,-4.0282523660e-12,-1.0316885505e-12,0
749,11077,42007,5.2978702520e-12,5.1665044902e-12,-1.7151887508e-12,0
749,18937,42010,8.6276648222e-12,6.4173633935e-12,-2.7682202956e-14,0
749,11641,42010,8.8701876058e-12,7.5389557378e-12,1.2079268196e-12,0
749,5113,42011,4.5315070873e-12,-8.6979918221e-13,-7.5869844771e-13,0
749,7930,42008,1.7012238655e-12,3.3016290088e-13,1.2521501218e-12,0
749,16168,42005,8.3534226574e-12,7.4312425610e-12,1.8735030940e-12,0
749,26461,42003,3.8108235527e-12,1.6947208646e-13,4.4433646035e-13,0
750,26461,42003,2.7212696877e-12,-2.3094612567e-12,-2.5894660708e-15,0
750,16168,42005,6.0940396231e-12,2.8357064703e-12,1.7062562462e-12,0
750,11077,42007,6.7897559154e-12,-4.9275198611e-12,-1.8118701409e-12,0
750,7930,42008,9.2110811566e-12,2.2170467442e-12,1.3289048975e-12,0
750,11641,42010,3.3497177920e-12,-1.1711593505e-12,1.7188256819e-12,0
750,18937,42010,6.5421800383e-12,-1.4677478231e-12,3.1510576200e-13,0
750,5113,42011,1.6937925370e-12,-1.3495119675e-12,-8.4680330086e-13,0
750,9955,42001,4.9831447130e-12,3.0834348149e-17,3.0834348149e-18,0
751,26461,42003,4.2307152272e-12,-3.7791193376e-12,-4.3808647993e-13,0
751,18937,42010,3.4851128161e-12,1.6999855232e-12,2.7899662369e-13,0
751,7930,42008,6.6691697926e-12,4.8741530596e-12,2.0740438258e-12,0
751,11077,42007,8.2684718405e-12,-3.4117066613e-12,-1.7038762911e-12,0
751,16168,42005,5.7067375921e-12,3.6688781494e-12,2.0052622445e-12,0
751,5113,42011,1.7906963353e-12,1.0695176356e-12,-9.6987674351e-13,0
751,11641,42010,5.1775375872e-12,1.9159959500e-12,1.3495422793e-12,0
751,9955,42001,4.4076585113e-12,-8.9277160517e-13,-8.9274077082e-14,0
752,16168,42005,4.1109862935e-12,-1.1639926100e-12,2.0051719135e-12,0
752,7930,42008,4.5054624728e-12,-6.4927561139e-13,1.2505951355e-12,0
752,11077,42007,4.5254634305e-12,-1.0083120120e-12,-1.9775975605e-12,0
752,26461,42003,1.1837598063e-12,1.1430917887e-12,-2.0459800270e-13,0
752,18937,42010,2.3151237101e-12,1.1676206956e-12,6.4114354013e-13,0
752,11641,42010,9.1334732015e-12,6.6191217264e-12,2.4361539178e-12,0
752,9955,42001,3.8259559992e-12,2.2622900345e-12,1.3695492637e-13,0
752,5113,42011,4.0350220872e-12,-2.5874093178e-12,-1.0830666701e-12,0
753,11077,42007,1.2361271576e-12,-7.0470313839e-13,-1.8724739789e-12,0
753,26461,42003,2.3565907287e-12,1.3825087560e-12,5.6202694697e-13,0
753,11641,42010,2.7623439919e-12,1.5360126295e-12,1.9004071328e-12,0
753,5113,42011,3.9515169355e-12,-1.1018046159e-12,-1.0064977228e-12,0
753,18937,42010,8.9971703569e-12,-4.7863004607e-12,-1.0944770649e-13,0
753,7930,42008,2.1599271460e-12,-1.7903245868e-12,1.1999021325e-12,0
753,16168,42005,6.6126871807e-12,-1.4399774664e-12,1.4696633647e-12,0
753,9955,42001,7.7207351145e-12,7.3413560976e-12,8.7109053613e-13,0
754,18937,42010,3.1003296311e-12,3.5723221278e-13,2.8772959070e-13,0
754,7930,42008,6.5488415828e-12,5.6680833561e-12,1.4987008395e-12,0
754,5113,42011,1.5315489559e-12,-1.1515715910e-12,-9.2180800609e-13,0
754,9955,42001,6.5963769210e-12,-4.0265723103e-12,4.6843330510e-13,0
754,16168,42005,6.1217412912e-12,3.4828193546e-12,1.9476962990e-12,0
754,11077,42007,3.3349320202e-12,6.5408445290e-13,-1.7274948304e-12,0
754,26461,42003,1.1153882545e-11,8.4983802170e-12,8.6612136465e-13,0
754,11641,42010,2.5872501633e-12,1.7827158908e-12,2.2692729909e-12,0
755,26461,42003,6.4481266876e-12,1.0027188094e-12,1.4781557304e-12,0
755,16168,42005,9.9578819783e-12,-1.5239058854e-12,1.8585388470e-12,0
755,11077,42007,4.7638394695e-12,-2.2619706825e-12,-1.1969654354e-12,0
755,11641,42010,4.8067361857e-12,2.8729004114e-12,2.5332401866e-12,0
755,7930,42008,6.2056911201e-12,-4.6558917989e-12,9.6374323481e-13,0
755,9955,42001,2.9505052421e-12,2.4933487476e-12,7.1776817986e-13,0
755,5113,42011,6.3252905293e-12,-3.0202590794e-12,-1.3586546838e-12,0
755,18937,42010,4.5399446906e-12,-4.0307436176e-12,1.3098008008e-13,0
756,18937,42010,4.6125500680e-12,4.2961548851e-12,9.7014994451e-13,0
756,26461,42003,4.5346120114e-12,-2.2066093456e-12,2.7961777516e-13,0
756,5113,42011,8.0175630008e-12,-6.3925176704e-12,-1.8032327587e-12,0
756,7930,42008,7.0934283321e-12,6.0593215199e-12,1.3161249908e-12,0
756,16168,42005,6.2773800324e-12,-2.6570840130e-12,1.5161900117e-12,0
756,9955,42001,3.0752895414e-12,3.0571432044e-12,1.0234825003e-12,0
756,11077,42007,4.4215278780e-12,-2.0406523704e-12,-1.6478327829e-12,0
756,11641,42010,4.0025214539e-12,1.5784975841e-12,2.3853244172e-12,0
757,5113,42011,8.5843983787e-12,9.9012072030e-13,-1.8441487434e-12,0
757,18937,42010,3.7065606841e-12,-1.7987549531e-13,5.7761515587e-13,0
757,26461,42003,5.9190473383e-12,-5.0770617788e-12,2.8249583726e-13,0
757,7930,42008,4.9770483595e-12,-3.9624137618e-12,7.8237395665e-13,0
757,16168,42005,5.2058881630e-12,4.4766355709e-12,1.6375276711e-12,0
757,11077,42007,4.5213035723e-12,-3.3915705454e-12,-1.8324327592e-12,0
757,11641,42010,7.3176303260e-12,-5.6644125622e-13,2.0993925225e-12,0
757,9955,42001,3.7292175659e-12,2.4501388869e-12,1.2684963890e-12,0
758,26461,42003,7.7345184194e-12,-2.8208503955e-12,-3.9969304566e-13,0
758,11077,42007,2.1567483510e-12,-7.2594509861e-13,-1.2651791427e-12,0
758,11641,42010,7.5032029450e-12,2.6584248355e-13,2.2372441807e-12,0
758,18937,42010,5.8520252606e-12,-4.5163437751e-12,-1.0426544616e-13,0
758,7930,42008,3.9485935073e-12,-3.5595194605e-12,4.5313423612e-13,0
758,9955,42001,6.5386140089e-12,6.0485903673e-12,1.8733554257e-12,0
758,16168,42005,3.9534967663e-12,-2.2126867666e-12,1.2897635365e-12,0
758,5113,42011,2.2701194516e-12,7.6746301433e-13,-1.3645772054e-12,0
759,5113,42011,5.4727860848e-12,1.9096181319e-12,-1.0866354740e-12,0
759,7930,42008,5.3641234010e-12,5.0205916459e-12,9.2217711062e-13,0
759,9955,42001,2.7184160435e-12,-9.8156047755e-13,1.7751993780e-12,0
759,11077,42007,6.0900079074e-12,5.2509186462e-12,-1.2567377271e-12,0
759,11641,42010,5.6969817922e-12,3.2481124712e-12,1.8081598540e-12,0
759,16168,42005,8.2659141120e-12,3.0617231541e-12,8.5281159579e-13,0
759,26461,42003,6.5014840498e-12,3.6091733734e-12,-5.5722916971e-14,0
759,18937,42010,5.6017355494e-12,-8.7574706641e-13,-8.3357649216e-13,0
760,7930,42008,4.9759354364e-12,-3.7361910104e-12,3.2685333516e-13,0
760,9955,42001,7.8083107524e-12,7.3247624866e-12,2.5076725432e-12,0
760,18937,42010,6.0058780227e-12,-5.3834174468e-12,-1.2251434545e-12,0
760,26461,42003,3.6992081696e-12,2.0024748589e-12,3.7547069459e-13,0
760,16168,42005,7.0254336246e-12,4.1106277319e-12,9.8030372194e-13,0
760,11077,42007,4.6332709331e-12,-3.6256216467e-12,-1.1265479056e-12,0
760,11641,42010,6.0211477211e-12,4.8660960776e-13,1.9739367498e-12,0
760,5113,42011,5.8775729232e-12,6.6120581039e-13,-8.8556369619e-13,0
761,11077,42007,3.1994634077e-12,2.4919199035e-12,-5.3618524914e-13,0
761,11641,42010,7.6614047799e-12,5.8549821764e-12,2.3678353725e-12,0
761,5113,42011,4.5492084400e-12,1.1775756654e-12,-8.7475789321e-13,0
761,16168,42005,4.9065825413e-12,-1.0087165750e-12,5.1254424950e-13,0
761,26461,42003,3.0853669715e-12,-3.0702134844e-12,4.4636127991e-13,0
761,7930,42008,2.7268346084e-12,2.1973025250e-12,5.9168281704e-14,0
761,18937,42010,5.7491826938e-12,1.7513422435e-12,-1.2200077825e-12,0
761,9955,42001,1.6987578960e-12,-1.0632603618e-12,2.4906236675e-12,0
762,26461,42003,7.8792732048e-12,7.0295339255e-12,1.0350054936e-12,0
762,7930,42008,3.6485055520e-12,-2.2947454121e-12,-1.0537869837e-13,0
762,9955,42001,1.9221296739e-12,-1.6275091259e-12,2.1016437515e-12,0
762,16168,42005,9.1707417943e-12,3.7564599575e-12,1.0045895063e-12,0
762,5113,42011,3.0174568736e-12,2.4050590811e-12,-3.7551105332e-13,0
762,11077,42007,6.5611357732e-12,-2.7399307863e-12,-7.0934712657e-13,0
762,11641,42010,1.9376856747e-12,2.4851525569e-13,1.7307747254e-12,0
762,18937,42010,5.3505973282e-12,-4.4407547851e-12,-1.7808453306e-12,0
763,11077,42007,6.1314596855e-12,2.3271459375e-12,-4.0616221899e-13,0
763,11641,42010,5.2509907360e-12,-1.8841521510e-12,1.3887582474e-12,0
763,5113,42011,5.2832573344e-12,-4.3083820885e-13,-3.0841441261e-13,0
763,18937,42010,7.0679331981e-12,-1.0463815573e-12,-1.4068534402e-12,0
763,16168,42005,8.0026643614e-12,-2.1145833794e-12,9.3712891495e-13,0
763,26461,42003,4.4366607055e-12,-3.8488214594e-12,5.1187247205e-13,0
763,7930,42008,4.2185734166e-12,-1.8319941468e-12,-1.0954565437e-13,0
763,9955,42001,5.7545819006e-12,-4.2415626052e-12,9.4335188119e-13,0
764,26461,42003,3.6545890900e-12,-1.1122222975e-12,-4.4918777940e-13,0
764,18937,42010,3.9963664414e-12,-2.6540441640e-12,-1.7079810779e-12,0
764,16168,42005,5.4314430315e-12,-7.8140502983e-13,5.1070647651e-13,0
764,11077,42007,2.6569995696e-12,1.5789125066e-12,-3.1367941362e-13,0
764,7930,42008,7.8570245769e-12,4.8286283302e-12,-1.9349115695e-13,0
764,11641,42010,3.8839313041e-12,-2.2170128891e-12,9.8878536938e-13,0
764,5113,42011,6.9699482109e-12,5.4895790521e-12,3.5570065170e-13,0
764,9955,42001,3.7723320554e-12,1.3902852814e-12,1.4850376404e-12,0
765,11077,42007,4.3085708737e-12,-1.5977429086e-12,-2.4725663623e-13,0
765,16168,42005,5.3802243681e-12,3.9202366322e-12,1.0551207283e-12,0
765,7930,42008,7.4763735395e-12,-6.0111071756e-12,-3.2901269462e-13,0
765,11641,42010,7.6929254111e-12,4.3795403712e-12,1.1394493654e-12,0
765,26461,42003,8.4977610379e-12,7.7226025443e-12,2.2280059409e-13,0
765,18937,42010,5.6059078737e-12,2.8537892983e-12,-1.0195277863e-12,0
765,5113,42011,6.9359186382e-12,3.9777078689e-12,1.0554973465e-12,0
765,9955,42001,3.4930965400e-12,-1.3593734650e-13,1.2221090310e-12,0
766,7930,42008,6.5059439592e-12,4.2920601768e-13,-8.9202424483e-13,0
766,18937,42010,3.5478643226e-12,-2.5053236792e-12,-1.6996756428e-12,0
766,9955,42001,6.6012697754e-12,4.3342267522e-12,1.3498173857e-12,0
766,26461,42003,4.1618819849e-12,-1.6931152844e-12,2.7415000021e-13,0
766,11077,42007,5.6161335730e-12,3.4533420948e-12,3.0214281029e-13,0
766,16168,42005,6.0799329778e-12,-3.5433459056e-12,9.6649453901e-13,0
766,11641,42010,7.3973558632e-12,1.1966733442e-12,1.1012669414e-12,0
766,5113,42011,2.8119258398e-12,-3.6374783726e-13,1.6583743298e-12,0
767,26461,42003,2.1501617756e-12,1.1825925275e-12,9.0011543084e-13,0
767,16168,42005,3.1658251429e-12,1.7243250053e-12,6.9126348245e-13,0
767,18937,42010,6.3570754065e-12,7.4903036771e-13,-1.6067850565e-12,0
767,7930,42008,3.6428861626e-12,2.5544939594e-12,-2.4033347271e-13,0
767,11077,42007,1.6598683695e-12,3.1787288328e-13,6.7308715316e-13,0
767,11641,42010,6.4165896515e-12,1.5505226465e-12,1.3129633317e-12,0
767,9955,42001,4.5986270760e-12,-1.6318855404e-12,9.4161494301e-13,0
767,5113,42011,7.3340455319e-12,3.0647103746e-12,1.8658332953e-12,0
768,11077,42007,5.1255050537e-12,-5.0148132778e-12,2.4420033525e-13,0
768,7930,42008,4.5552114608e-12,4.0937595360e-12,5.2499442694e-13,0
768,5113,42011,3.1039497454e-12,-3.7219442718e-13,1.7518675511e-12,0
768,11641,42010,8.3219149948e-12,-7.3384213724e-12,5.5253694605e-13,0
768,9955,42001,4.4378001892e-12,1.8363122954e-12,5.2038713583e-13,0
768,18937,42010,6.1118605968e-12,-4.3522896990e-12,-1.5903796488e-12,0
768,16168,42005,6.8805505137e-12,-5.2592392932e-13,8.5993976618e-13,0
768,26461,42003,1.6011422960e-12,-1.5171820430e-12,1.0304822661e-12,0
769,26461,42003,5.7550221153e-12,4.7508008170e-12,1.1446450104e-12,0
769,18937,42010,4.5155447203e-12,4.1630979511e-12,-1.0864951471e-12,0
769,7930,42008,7.8229292856e-12,-7.2727722970e-13,-4.9792460621e-14,0
769,11077,42007,7.1063698388e-12,2.7095317409e-12,-9.9383552808e-15,0
769,16168,42005,1.6720447008e-12,-6.9343324186e-13,4.8442412659e-13,0
769,11641,42010,1.1291539309e-11,9.0909264590e-12,1.1368183448e-12,0
769,9955,42001,6.5329512410e-12,-6.5053804539e-12,-3.1994861810e-14,0
769,5113,42011,5.1538524822e-12,-2.0449402260e-12,1.3564117153e-12,0
770,11077,42007,4.2255709166e-12,-3.0608655225e-12,4.6537257144e-14,0
770,7930,42008,6.1067500054e-12,5.7256151846e-12,8.9638815888e-13,0
770,5113,42011,3.2290966076e-12,-2.0640759114e-12,1.0838835431e-12,0
770,11641,42010,3.1958897634e-12,-6.6021103527e-13,1.0221362805e-12,0
770,16168,42005,6.7250120704e-12,-1.3413554096e-12,-6.0774187560e-14,0
770,9955,42001,2.3412113535e-12,-1.9542101180e-12,-9.5989212226e-13,0
770,18937,42010,5.2922162979e-12,-2.0063192301e-12,-7.4878532542e-13,0
770,26461,42003,5.1623814589e-12,-1.8950170536e-12,7.5489581919e-13,0
771,18937,42010,3.3336370896e-12,2.3740150656e-12,-6.8651804321e-13,0
771,5113,42011,3.1071787575e-12,2.2887862111e-13,9.8901383872e-13,0
771,11077,42007,4.0936003423e-12,8.2693992387e-13,-1.1996074082e-13,0
771,11641,42010,5.6868228972e-12,3.7605505396e-12,8.1269311685e-13,0
771,16168,42005,5.8876915504e-12,5.3691985980e-12,5.7701732974e-13,0
771,7930,42008,2.6950425155e-12,6.7570913307e-13,7.4422881968e-13,0
771,9955,42001,4.0468293094e-12,9.0233126213e-13,-7.6333295987e-13,0
771,26461,42003,2.2599336796e-12,-1.0103096400e-12,9.6088620363e-13,0
772,26461,42003,9.5908050026e-12,6.8324492649e-12,9.4117773757e-13,0
772,7930,42008,5.6242003856e-12,1.3999449434e-12,1.1136978552e-12,0
772,11077,42007,2.0818492235e-12,1.5380762595e-12,3.0783996375e-13,0
772,11641,42010,4.6744597505e-12,-3.4738487385e-13,7.5310310390e-13,0
772,9955,42001,3.7682842319e-12,9.8826126101e-13,-5.0175592118e-13,0
772,16168,42005,4.8909582835e-12,-1.1738041889e-12,8.3990915099e-14,0
772,18937,42010,5.9013124983e-12,2.5895187629e-12,1.6509311593e-14,0
772,5113,42011,5.9411646496e-13,4.8091065014e-13,7.9659899562e-13,0
773,26461,42003,7.9042374212e-12,-5.9594389371e-12,7.3011598979e-13,0
773,18937,42010,6.7874204806e-12,-6.5639052780e-12,-5.3524306047e-13,0
773,16168,42005,1.4590276882e-12,1.3640049269e-12,4.3184974573e-13,0
773,11077,42007,5.2166737807e-12,4.8448299765e-12,5.5960836765e-13,0
773,5113,42011,1.4705151847e-12,7.9800856616e-13,9.1948367312e-13,0
773,7930,42008,3.2822955255e-12,-3.3018900632e-14,1.2935953799e-12,0
773,11641,42010,4.1167499909e-12,-2.3553455457e-12,7.0598376443e-13,0
773,9955,42001,1.9616477812e-12,1.2335424433e-12,4.5754583664e-14,0
774,7930,42008,3.0328870245e-12,-2.0109691972e-12,6.0963562711e-13,0
774,11077,42007,2.3406997627e-12,9.1902124987e-13,4.9361924198e-13,0
774,26461,42003,4.1188404039e-12,3.6764632946e-12,1.2089845490e-12,0
774,9955,42001,3.7988327610e-12,2.9176745322e-12,1.9849350875e-13,0
774,11641,42010,7.7046503879e-12,6.8910463388e-12,1.6167896872e-12,0
774,16168,42005,3.6278915752e-12,9.5347537807e-15,5.1094372409e-13,0
774,18937,42010,7.0398014073e-12,4.2012349469e-12,1.5028485062e-13,0
774,5113,42011,5.7562799330e-12,2.8910502915e-12,6.5963079705e-13,0
775,18937,42010,5.5980924687e-12,-3.9436098734e-12,-5.2945506655e-13,0
775,16168,42005,5.4710937016e-12,3.1458381602e-13,1.5037844248e-13,0
775,26461,42003,4.2665541650e-12,-1.1056622146e-12,3.2615807311e-13,0
775,11077,42007,7.6156435575e-12,-5.1991728237e-12,1.3347625047e-13,0
775,11641,42010,3.7440235344e-12,-2.2676720310e-12,9.5206844699e-13,0
775,7930,42008,3.2286418448e-12,-3.0968148956e-12,9.0106485510e-13,0
775,5113,42011,4.0572378780e-12,1.1790514553e-12,3.7976515569e-13,0
775,9955,42001,5.5418685850e-12,-1.7448908615e-12,3.7598157250e-14,0
776,18937,42010,1.9514166222e-12,-1.5986601135e-12,-4.3878870998e-13,0
776,7930,42008,2.4282211308e-12,7.0384573718e-13,9.2852882705e-13,0
776,11077,42007,5.1469651624e-12,2.3027664168e-12,1.8418682670e-14,0
776,9955,42001,2.2605051164e-12,-2.0136129751e-12,-5.9718581548e-13,0
776,26461,42003,2.7317684340e-12,-1.6438516809e-12,3.3108443347e-13,0
776,11641,42010,6.2840878388e-12,-4.9284194796e-13,7.8311691778e-13,0
776,5113,42011,8.8347669633e-12,-7.2504044894e-12,-3.0890050953e-13,0
776,16168,42005,1.3090030689e-11,-9.0672348210e-12,-4.0201044907e-13,1
777,34144,42001,5.5461311801e-12,1.4782593174e-17,1.4782593174e-18,0
777,18937,42010,5.6570659377e-12,-4.3339427579e-12,-9.4708602254e-13,0
777,7930,42008,5.2641757680e-12,4.8854094791e-12,1.1616203790e-12,0
777,11077,42007,2.8733233054e-12,-3.4773319067e-13,-4.8141924724e-14,0
777,26461,42003,3.8362207400e-12,3.4259501956e-12,5.5542020027e-13,0
777,11641,42010,6.7248282325e-12,-2.7076327074e-12,3.5730138239e-13,0
777,9955,42001,5.5147659416e-12,3.6463813760e-12,-6.9359123838e-14,0
777,5113,42011,2.2237196848e-12,1.9956629693e-12,-4.1580525005e-13,0
778,34144,42001,4.4404512137e-12,-3.5052385249e-12,-3.5052237424e-13,0
778,18937,42010,9.0836748230e-12,6.4263647184e-12,1.3077941920e-13,0
778,7930,42008,7.0056146346e-12,3.3839538277e-12,1.0906398082e-12,0
778,26461,42003,7.7176477088e-12,-5.6848201805e-12,1.3865638652e-13,0
778,11077,42007,3.4005104938e-12,-1.2023250996e-12,3.3310689310e-13,0
778,11641,42010,4.3027818577e-12,2.8213965754e-12,1.3732831772e-12,0
778,5113,42011,2.0381913356e-12,-9.5838075051e-13,-4.7442388238e-13,0
778,9955,42001,4.3395124815e-12,2.5084781826e-14,-2.5048187519e-13,0
779,7930,42008,3.6258611392e-12,-3.7343550960e-15,1.1629940956e-12,0
779,26461,42003,3.6816326289e-12,-4.2079067154e-13,-3.7850276233e-13,0
779,9955,42001,8.3770712645e-12,3.8349044371e-13,4.3840521457e-13,0
779,18937,42010,5.9328333344e-12,-3.0160937443e-12,-5.8713975034e-13,0
779,34144,42001,2.6652857651e-12,-4.4337334063e-13,-3.9485970830e-13,0
779,11077,42007,5.3672735197e-12,1.1005859681e-12,1.7221231582e-13,0
779,11641,42010,6.8525485268e-12,-4.0580305801e-12,5.8387473251e-14,0
779,5113,42011,2.8801963196e-12,-1.6180739959e-12,-4.3173725938e-13,0
780,7930,42008,2.1522942731e-12,1.5430109463e-12,7.4473367182e-13,0
780,9955,42001,4.9384985281e-12,3.8643728183e-12,1.0202635082e-12,0
780,11077,42007,3.1388777942e-12,-1.8321452855e-12,2.9508433952e-13,0
780,26461,42003,3.0612680157e-12,-5.5006970209e-13,-2.4400802717e-13,0
780,11641,42010,5.9728054555e-12,-4.1270900413e-12,-2.8830042735e-13,0
780,34144,42001,2.4548240007e-12,1.7263750115e-12,-2.2222220715e-13,0
780,18937,42010,3.5412660963e-12,2.6046756562e-12,-1.2604026171e-13,0
780,5113,42011,7.0783368884e-12,2.5338190924e-12,2.8052241004e-14,0
781,7930,42008,7.4686290079e-12,3.4059151861e-12,1.0177542771e-12,0
781,9955,42001,3.3647776596e-12,9.0811815192e-13,1.0208421972e-12,0
781,26461,42003,2.8622164562e-12,-2.6568305498e-12,-4.0866011815e-13,0
781,18937,42010,8.1475460804e-12,6.9799613969e-13,-2.9364215430e-13,0
781,11077,42007,7.1483612102e-12,5.2575347576e-12,7.3814382290e-13,0
781,11641,42010,1.2564696402e-11,1.2190180872e-12,-5.4245367259e-13,1
781,34144,42001,9.0000523356e-12,-6.8515473037e-12,-9.0737693751e-13,0
781,5113,42011,5.0425335817e-12,-4.9270587098e-12,-4.8754149208e-13,0
782,34144,42001,1.7426804937e-12,-1.4781538017e-12,-1.0551923177e-12,0
782,5113,42011,6.1781672565e-12,4.0001062824e-12,-1.3562192885e-13,0
782,26461,42003,3.5485028869e-12,6.3757470839e-13,-1.0281475738e-12,0
782,18937,42010,6.8111404037e-12,6.2095514397e-13,-4.9049851619e-13,0
782,7930,42008,7.8102140782e-12,1.3183815947e-12,1.0095979423e-12,0
782,11077,42007,5.3567989860e-12,3.6469902411e-13,6.2080609936e-13,0
782,9955,42001,6.0963954653e-12,-4.4124987023e-12,4.8076620085e-13,0
783,7930,42008,6.9000914376e-12,2.2359419299e-12,1.2364940253e-12,0
783,9955,42001,6.7393275126e-12,5.9956256750e-12,9.5697452402e-13,0
783,26461,42003,3.7346548263e-12,1.2242979001e-12,-3.0977389008e-13,0
783,18937,42010,7.6414251200e-12,4.4492714545e-12,6.1081915706e-13,0
783,34144,42001,6.2542510592e-12,4.0516482501e-12,-6.5002749267e-13,0
783,11077,42007,6.3633578845e-12,-5.0551112712e-12,-3.6918802541e-13,0
783,5113,42011,2.7991502821e-12,-1.6175180285e-12,-3.7717458832e-13,0
784,11077,42007,4.5569742822e-12,1.6522311262e-12,-2.9586703778e-13,0
784,5113,42011,3.9839256656e-12,-1.2636025915e-12,-7.9263987662e-13,0
784,34144,42001,3.9894594930e-12,-3.2899758917e-12,-9.7902508184e-13,0
784,26461,42003,3.1953091116e-12,-3.0045246739e-12,-9.7787268692e-13,0
784,7930,42008,5.7134081318e-12,4.5501511037e-12,1.8926060554e-12,0
784,18937,42010,3.5561788489e-12,-3.0745749788e-12,-1.1676183551e-13,0
784,9955,42001,5.9508874802e-12,-1.7369691900e-12,4.9151015180e-13,0
785,7930,42008,5.7042413780e-12,7.9437908466e-13,2.2817254534e-12,0
785,18937,42010,3.4033171125e-12,1.2083229090e-12,3.9843144274e-13,0
785,34144,42001,7.9232065963e-12,6.1976974705e-12,-3.5925533479e-13,0
785,26461,42003,6.2339293597e-12,5.3286225235e-12,-3.3444421311e-13,0
785,9955,42001,5.3454382011e-12,4.3396902329e-12,1.0999682612e-12,0
785,11077,42007,6.0199779691e-12,-1.5402575245e-12,7.0024492146e-14,0
785,5113,42011,6.4601903530e-12,4.2186155027e-12,-4.8868347188e-13,0
786,11077,42007,7.5336597073e-12,-1.8759711914e-12,-3.4784926867e-13,0
786,34144,42001,7.5938890092e-12,-9.2217474517e-13,-4.5147280931e-13,0
786,5113,42011,5.3389927265e-12,-4.1340326252e-12,-1.7704628546e-13,0
786,7930,42008,7.7946849896e-12,2.5515570255e-13,2.2368564500e-12,0
786,26461,42003,1.8324568608e-12,-4.9557442735e-13,-2.1961648776e-13,0
786,18937,42010,3.2652842421e-12,2.3035232463e-13,5.8133268655e-13,0
786,9955,42001,7.7190362229e-12,-7.4666523851e-12,5.5466432023e-13,0
787,18937,42010,4.3543475086e-12,3.8492479459e-12,1.3996517569e-12,0
787,34144,42001,6.6198465796e-12,3.6966592185e-12,-8.1808365723e-14,0
787,7930,42008,8.0182165445e-12,-4.9733240303e-12,1.2509830990e-12,0
787,26461,42003,4.3779769373e-12,-3.4793565864e-12,-9.1014716595e-13,0
787,9955,42001,5.2239270616e-12,2.6511249444e-12,4.5513867707e-13,0
787,11077,42007,7.3811658397e-12,2.6507020393e-12,-4.8005745669e-14,0
787,5113,42011,3.1741445324e-12,-2.2343439606e-12,-6.0004697845e-13,0
788,5113,42011,5.2322302183e-12,5.5759655353e-13,-4.4844924805e-13,0
788,34144,42001,5.9176974087e-12,-2.2413497878e-12,4.4580507996e-14,0
788,11077,42007,6.4340671975e-12,-4.6893207071e-12,-3.9670530642e-13,0
788,26461,42003,2.8533309075e-12,-1.3819013064e-12,-4.7985527854e-13,0
788,18937,42010,4.8977288667e-12,-4.6453387370e-12,2.9248141138e-13,0
788,7930,42008,4.4316714534e-12,-1.2393702667e-12,7.8865068958e-13,0
788,9955,42001,5.5103715651e-12,4.7794224169e-12,9.3057244057e-13,0
789,7930,42008,7.4171029142e-12,-5.1602622055e-12,2.7299790454e-13,0
789,34144,42001,5.0537980122e-12,-3.0984605244e-12,-2.2092821038e-13,0
789,18937,42010,4.2543011356e-12,2.0568925793e-12,7.9978004374e-13,0
789,26461,42003,5.9248067270e-12,2.7620236688e-12,-1.6157384451e-13,0
789,9955,42001,5.7775423099e-12,4.6444157434e-12,1.3566649705e-12,0
789,11077,42007,6.0968647242e-12,3.4017823566e-12,-1.6658566757e-13,0
789,5113,42011,3.8855881361e-12,-1.5446807273e-12,-4.4110992118e-13,0
790,7930,42008,9.8633310118e-12,-1.5102315908e-12,-3.2326349177e-14,0
790,9955,42001,2.8099139156e-12,-2.7526002669e-12,6.9496766202e-13,0
790,11077,42007,3.4632692479e-12,-1.9022155100e-12,-1.7359269002e-13,0
790,5113,42011,7.5595406296e-12,-2.4095765548e-12,-9.3544948591e-13,0
790,26461,42003,4.8083283416e-12,-3.6045896719e-12,-4.6702584149e-13,0
790,34144,42001,2.2480253194e-12,2.0731319359e-12,-1.8625251794e-13,0
790,18937,42010,5.8977574208e-12,3.6071901942e-12,9.0003149754e-13,0
791,34144,42001,4.7469882083e-12,5.1353248142e-13,5.5025546057e-13,0
791,18937,42010,1.8632662972e-12,-1.4010848044e-12,6.9012340313e-13,0
791,26461,42003,2.8873639230e-12,1.5526202426e-13,-1.8581658408e-13,0
791,11077,42007,4.3753327414e-12,3.9469231790e-12,-3.0465384788e-13,0
791,7930,42008,6.0475430121e-12,4.3948227979e-13,-3.2896963981e-13,0
791,5113,42011,8.5063217234e-12,4.6792749965e-12,2.5183884719e-14,0
791,9955,42001,4.1241389052e-12,3.4461676980e-12,9.4877261663e-13,0
792,7930,42008,4.2459399751e-12,-2.1315291020e-12,-6.7396070948e-13,0
792,26461,42003,5.7411299901e-12,-1.2944541173e-12,-3.7901946665e-13,0
792,11077,42007,3.5232873360e-12,-3.7265569439e-14,-3.4485030723e-13,0
792,5113,42011,7.0323816721e-12,-1.6078675686e-12,-5.3561350039e-13,0
792,34144,42001,7.4790391924e-12,-3.9729956072e-12,3.0077128002e-13,0
792,9955,42001,4.4789201927e-12,2.2308711053e-12,1.6131095974e-12,0
792,18937,42010,7.7578678505e-12,6.7948684478e-12,1.3075147335e-12,0
793,34144,42001,3.6695686067e-12,-1.6667325834e-12,-2.7106680333e-13,0
793,7930,42008,6.8626124795e-12,-1.1423402051e-13,-9.0897830452e-13,0
793,26461,42003,3.4584144886e-12,2.0204881070e-12,-2.9940044596e-13,0
793,11077,42007,3.3743586071e-12,-1.4709268512e-12,1.3568134769e-14,0
793,18937,42010,7.1304148765e-12,-1.6737924300e-12,6.9520834507e-13,0
793,9955,42001,1.8218054765e-12,-1.7460968636e-12,8.3893734352e-13,0
793,5113,42011,5.4949383352e-12,1.6765987969e-12,-2.0620181785e-13,0
794,18937,42010,4.4924701171e-12,-3.5596035377e-12,6.4670548918e-13,0
794,34144,42001,1.2046007760e-12,7.3024471983e-13,1.3095525782e-13,0
794,11077,42007,6.3770371760e-12,3.9501982291e-12,2.4336484506e-13,0
794,7930,42008,6.2062637391e-12,5.5248799875e-12,-8.1150541614e-13,0
794,26461,42003,2.4632278024e-12,-9.4883065101e-13,-9.3831043670e-14,0
794,5113,42011,5.4323867637e-12,-4.0687877163e-12,-4.8672033033e-13,0
794,9955,42001,4.3244079553e-12,2.0706433540e-12,1.2196985979e-12,0
795,7930,42008,6.5029819726e-12,-2.4823227696e-12,-1.1391756016e-12,0
795,11077,42007,3.9206268335e-12,2.7826411252e-12,6.7565471002e-13,0
795,34144,42001,3.7547545039e-12,3.4599899796e-12,-1.4281549127e-13,0
795,9955,42001,3.4155754964e-12,-1.7607259013e-12,6.0965698450e-13,0
795,5113,42011,7.4103748251e-12,-6.7206743349e-12,-1.5806493141e-12,0
795,26461,42003,4.3876026402e-12,-2.8208026520e-12,-9.0877356123e-13,0
795,18937,42010,2.2165056458e-12,-1.4716615492e-12,3.7870704336e-13,0
796,26461,42003,4.5393552950e-12,-1.7217117191e-12,-1.0313872904e-12,0
796,7930,42008,5.6611956045e-12,5.5160126420e-12,-6.1308990762e-13,0
796,34144,42001,7.4794773506e-12,-2.5762253434e-12,-3.0822055109e-13,0
796,11077,42007,5.4603284676e-12,-3.7187854170e-12,4.9137328746e-13,0
796,18937,42010,6.3848597505e-12,5.2401478198e-12,8.7968659288e-13,0
796,9955,42001,2.6469217923e-12,-1.5925640366e-12,1.1970658193e-12,0
796,5113,42011,4.7663526504e-12,3.5517689546e-13,-1.1317283620e-12,0
797,18937,42010,4.3002829955e-12,5.5686225468e-13,5.5044802375e-13,0
797,34144,42001,3.4453007503e-12,-6.4684399835e-13,-7.4257087277e-13,0
797,7930,42008,3.2891596989e-12,-2.4014752269e-12,-3.5590502728e-13,0
797,11077,42007,5.7863609368e-12,4.8176528545e-12,7.0806836898e-13,0
797,26461,42003,3.2113519817e-12,-3.5807173885e-13,-7.1925880565e-13,0
797,5113,42011,4.6248714297e-12,-4.5792280938e-12,-1.3662167753e-12,0
797,9955,42001,3.1276873570e-12,8.2237167604e-13,1.0141904925e-12,0
798,26461,42003,5.8520359685e-12,-2.1958215827e-12,-8.0065083328e-13,0
798,34144,42001,4.3788133575e-12,3.8868993430e-12,-1.2974595970e-13,0
798,7930,42008,8.3502558431e-12,7.5080480278e-12,5.1883680216e-13,0
798,18937,42010,3.6647074030e-12,-8.7849315063e-13,9.2713258239e-13,0
798,11077,42007,5.8563455667e-12,-4.1163492853e-12,7.6536551116e-13,0
798,9955,42001,2.6120018132e-12,5.6017952259e-13,5.9226620308e-13,0
798,5113,42011,1.8817640307e-12,6.9082448920e-13,-1.3528939818e-12,0
799,18937,42010,3.6431890558e-12,-2.0820440461e-12,5.1323891985e-13,0
799,34144,42001,8.4356413883e-12,7.4044902222e-12,9.2054911496e-13,0
799,5113,42011,8.8830090135e-12,-1.5148665562e-12,-1.3499125647e-12,0
799,26461,42003,5.4591071948e-12,-2.7158182841e-12,-1.3484350286e-12,0
799,7930,42008,4.5452725413e-12,1.9969740199e-12,1.2345604247e-12,0
799,9955,42001,4.0285464860e-12,-2.9278362499e-12,-1.6495899625e-13,0
799,11077,42007,2.5576361253e-12,1.3181883284e-12,5.5700610834e-13,0
800,18937,42010,7.7480452745e-12,7.7464770753e-12,9.2716760796e-13,0
800,11077,42007,3.3847731509e-12,1.8235375184e-12,9.2958141118e-13,0
800,7930,42008,3.2973415733e-12,1.8895993427e-12,1.5745435181e-12,0
800,34144,42001,5.6720588416e-12,-4.4752257292e-12,2.6571334844e-13,0
800,26461,42003,4.2162411206e-12,1.7671974348e-12,-8.1125631790e-13,0
800,9955,42001,7.3759541875e-12,-2.7436501314e-12,-1.6406398270e-13,0
800,5113,42011,8.7990083958e-12,-7.1335896073e-12,-1.8223138699e-12,0
801,11077,42007,5.8170854312e-12,-3.7335361521e-12,1.6153547807e-13,0
801,34144,42001,7.5723690474e-12,4.8836760805e-12,7.0272770835e-13,0
801,7930,42008,5.0056041985e-12,7.8408728105e-13,1.6090040182e-12,0
801,5113,42011,8.3191834399e-12,3.8654689656e-12,-1.9036944730e-12,0
801,26461,42003,4.4797155551e-12,1.0643345790e-12,-7.2034906243e-13,0
801,9955,42001,2.9758517599e-12,2.8224068299e-12,-2.2644006952e-13,0
801,18937,42010,3.6207850747e-12,-3.0701514048e-12,7.6026094792e-13,0
802,26461,42003,5.6883838980e-12,-3.6406441437e-12,-9.5496806507e-13,0
802,34144,42001,7.0677225273e-12,-1.1243061437e-12,9.8759665469e-13,0
802,11077,42007,3.8949236526e-12,9.2428482325e-13,2.5769051733e-13,0
802,5113,42011,3.4734191934e-13,-9.1137096787e-14,-1.7520214258e-12,0
802,7930,42008,5.4262028142e-12,-2.5687026612e-12,1.5652866623e-12,0
802,18937,42010,5.3087889904e-12,2.7862996566e-12,3.5940406880e-13,0
802,9955,42001,5.2389761094e-12,-3.4177288315e-12,-7.9130006319e-13,0
803,7930,42008,3.2763428140e-12,5.7862363010e-14,1.5824963006e-12,0
803,34144,42001,3.5839325127e-12,1.6080089342e-12,1.3150708065e-12,0
803,9955,42001,6.6129773933e-12,2.6735209137e-12,-3.4933828546e-13,0
803,11077,42007,2.9292559387e-12,2.7015109524e-13,4.3179831198e-13,0
803,26461,42003,1.2551757373e-12,7.2846776368e-13,-1.0841700994e-12,0
803,5113,42011,1.6887039288e-12,-8.8961291189e-13,-2.0086425967e-12,0
803,18937,42010,3.9503857423e-12,-2.8500756307e-12,2.4177574872e-13,0
804,18937,42010,2.0243428159e-12,-1.5700242577e-12,4.4073367673e-13,0
804,26461,42003,3.8286873425e-12,-2.7818191895e-12,-1.2674689532e-12,0
804,11077,42007,2.8452849100e-12,7.2639973544e-13,1.0941846261e-13,0
804,34144,42001,3.9936648270e-12,1.4007436715e-12,1.3821207016e-12,0
804,7930,42008,3.6429769871e-12,-7.0835861592e-13,9.5917244028e-13,0
804,5113,42011,3.3441110810e-12,2.9844566798e-12,-1.3033181571e-12,0
804,9955,42001,3.3997656334e-12,-3.3795655102e-12,-8.9435917188e-13,0
805,34144,42001,3.9570580299e-12,3.5444174119e-12,1.3905634449e-12,0
805,7930,42008,5.7305726465e-12,-2.9261018694e-12,9.1479453030e-13,0
805,26461,42003,6.5952761267e-12,2.4501756078e-12,-7.4037112727e-13,0
805,9955,42001,4.2701474230e-12,2.5406394077e-12,-4.6422264098e-13,0
805,5113,42011,3.4615431806e-12,4.4391396268e-13,-5.8685932732e-13,0
805,18937,42010,4.0755306686e-12,-2.1305951354e-12,3.7484031810e-13,0
805,11077,42007,8.9008326395e-12,-5.8670380155e-12,-7.5554945146e-13,1
806,18937,42010,2.0108029082e-12,1.5880274450e-12,9.6282806173e-15,0
806,34144,42001,4.2452818252e-12,3.4200373116e-12,1.9901897103e-12,0
806,26461,42003,1.1390711432e-11,-1.0301076148e-11,-1.5983075701e-12,0
806,7930,42008,7.6135217862e-12,-3.6769549867e-12,-4.5022325663e-15,0
806,5113,42011,4.5140561003e-12,-1.1743446278e-12,-7.3981147964e-13,0
806,9955,42001,2.7447537139e-12,1.8312427070e-12,-1.2184196661e-13,0
807,34144,42001,4.6558466683e-12,-3.0986477580e-12,1.7450093344e-12,0
807,7930,42008,8.9998521041e-12,1.7503420530e-12,4.1067949542e-13,0
807,26461,42003,2.2172262160e-12,1.5972108518e-12,-1.4027793111e-12,0
807,5113,42011,3.4559019813e-12,-2.5094119161e-13,-3.0698278943e-13,0
807,9955,42001,7.5218781910e-12,-5.6192058036e-12,-7.6599971457e-13,0
807,18937,42010,7.8163135671e-12,-5.6663269313e-12,-6.1269063798e-13,0
808,7930,42008,5.7392753978e-12,-2.0906546180e-12,-5.4919076915e-13,0
808,26461,42003,5.0387508858e-12,2.7225528749e-12,-9.1094186531e-13,0
808,34144,42001,5.5089732411e-12,4.7321947061e-12,1.8295388707e-12,0
808,9955,42001,5.6646302756e-12,4.5181142889e-12,-3.7020623794e-13,0
808,5113,42011,3.2238663922e-12,-5.2931206268e-14,-3.8135835897e-13,0
808,18937,42010,3.4906441625e-12,-7.5126597726e-13,-5.9996792064e-13,0
809,18937,42010,3.3719428113e-12,1.9321328219e-12,-1.9855023384e-13,0
809,34144,42001,2.6888859299e-12,-2.6351936123e-12,8.2557048725e-13,0
809,26461,42003,9.0669209427e-12,-7.1445244966e-12,-1.3538124866e-12,0
809,7930,42008,4.3929041921e-12,-2.2418214142e-12,-9.7307031256e-13,0
809,5113,42011,4.0750743776e-12,3.1909647893e-12,8.9224775579e-14,0
809,9955,42001,4.9588249787e-12,-2.8673706459e-12,-3.6415967754e-13,0
810,7930,42008,4.3442564181e-12,3.2604274664e-12,-8.3598750019e-13,0
810,34144,42001,3.7919321499e-12,2.6122258431e-12,1.5343156445e-12,0
810,26461,42003,7.1417816339e-12,-9.8324835076e-13,-1.6288570651e-12,0
810,18937,42010,2.2192960085e-12,1.1841125545e-12,-8.5478668591e-13,0
810,9955,42001,4.5222153694e-12,-4.2697637183e-12,-5.1677103623e-13,0
810,5113,42011,7.1659060439e-12,5.1859676841e-12,1.3211805047e-12,0
811,18937,42010,5.9693700258e-12,-3.0464590475e-12,-8.5241745018e-13,0
811,7930,42008,5.0362502205e-12,3.2487995864e-12,-5.8951626966e-13,0
811,34144,42001,3.6828633957e-12,-8.3174223577e-13,9.6277381286e-13,0
811,26461,42003,9.4638438445e-12,-1.1373259596e-12,-1.8490231190e-12,0
811,9955,42001,3.9994273404e-12,-2.4125357075e-12,-1.0402652900e-12,0
811,5113,42011,6.9622188532e-12,-6.5366195646e-12,2.8097165169e-13,0
812,26461,42003,6.0150408224e-12,-1.5879419911e-12,-1.6437529037e-12,0
812,34144,42001,3.2188043954e-12,2.3221097368e-12,1.3074154009e-12,0
812,18937,42010,7.3807947045e-12,-2.9105306842e-12,-1.4221004843e-12,0
812,7930,42008,3.9418037002e-12,-2.4341016675e-12,-5.7605617029e-13,0
812,5113,42011,3.7289800470e-12,1.6799548268e-12,4.5808084406e-13,0
812,9955,42001,5.5858281352e-12,1.8985238704e-12,-5.0864001978e-13,0
813,18937,42010,4.8497675682e-12,-2.2209815947e-12,-1.3591910807e-12,0
813,5113,42011,9.5812827666e-12,8.8429720752e-12,1.4313393428e-12,0
813,7930,42008,1.6008090517e-12,1.0030331117e-12,-4.8153909543e-13,0
813,26461,42003,4.6838548442e-12,5.8118235164e-13,-1.6584814449e-12,0
813,34144,42001,2.5551826586e-12,-1.3076678332e-12,1.0158477242e-12,0
813,9955,42001,3.7806291392e-12,1.3391889110e-12,-6.4207322005e-13,0
814,34144,42001,2.5995208985e-12,1.0372846917e-12,9.7950182619e-13,0
814,26461,42003,7.9478909792e-12,-7.3215957956e-12,-2.1124591055e-12,0
814,7930,42008,4.6836117844e-12,-1.1890381524e-12,-5.2960704908e-13,0
814,9955,42001,1.6552135445e-12,-3.8137523096e-13,-3.4225419213e-13,0
814,18937,42010,2.5018824600e-12,-2.3816680715e-12,-1.4403554620e-12,0
814,5113,42011,2.9122903404e-12,1.7588011987e-12,1.3087737947e-12,0
815,34144,42001,6.3953347570e-12,-4.1874552711e-12,2.0631455789e-13,0
815,18937,42010,3.9722152383e-12,-1.9709110598e-12,-1.4243870545e-12,0
815,5113,42011,3.9026731349e-12,2.4046604459e-13,1.2884290028e-12,0
815,26461,42003,5.3542366587e-12,1.3689708290e-12,-2.2205795834e-12,0
815,7930,42008,2.0138452393e-12,1.9095807965e-12,-4.6038782499e-14,0
815,9955,42001,5.4709620599e-12,-2.2005999952e-12,-8.1637813241e-13,0
816,26461,42003,1.0313216226e-11,-9.4878545786e-12,-2.1392574265e-12,0
816,7930,42008,3.4324559358e-12,2.1752257003e-12,5.3917928620e-13,0
816,9955,42001,5.3253575425e-12,-2.6457288827e-12,-1.2640752914e-12,0
816,18937,42010,2.8175055960e-12,1.4188629994e-12,-1.4413034990e-12,0
816,34144,42001,4.4520669019e-12,-9.2150829392e-13,-2.2784000266e-13,0
816,5113,42011,1.0152353801e-11,-3.0688157968e-13,1.3751753077e-12,0
817,18937,42010,8.5355425290e-12,-4.2167735044e-12,-1.2963481564e-12,0
817,7930,42008,1.2279677009e-12,-3.9497861117e-13,3.2464721979e-13,0
817,34144,42001,4.3154221406e-12,-2.2167170776e-12,-1.3964693461e-13,0
817,26461,42003,6.2140733231e-12,-1.1123638334e-13,-2.3101021500e-12,0
817,5113,42011,4.2831680450e-12,9.9924519275e-15,1.4012686720e-12,0
817,9955,42001,8.0817003391e-12,-7.2608713490e-12,-1.4282418459e-12,0
818,34144,42001,3.0266887067e-12,-1.5170376408e-12,-7.6457016931e-13,0
818,7930,42008,4.7403205676e-12,1.2506388775e-12,6.5877656933e-13,0
818,26461,42003,9.5482737001e-12,-7.8743019526e-12,-3.3697876328e-12,0
818,18937,42010,6.7038060309e-12,6.5858044889e-12,-5.6264110973e-13,0
818,9955,42001,1.9968295050e-12,1.1460051180e-12,-1.7654527630e-12,0
818,13903,42007,3.6755727934e-12,-2.7498505810e-17,-2.7498505810e-18,0
818,5113,42011,7.2747902610e-12,-2.6818536810e-12,1.1383764245e-12,0
819,26461,42003,7.4901057022e-12,3.5236074693e-12,-2.3029744362e-12,0
819,5113,42011,1.0062388016e-11,7.3481568210e-12,1.5540956277e-12,0
819,13903,42007,4.4556978881e-12,3.7619871047e-12,3.7619596062e-13,0
819,7930,42008,5.2328955286e-12,-7.8869294099e-13,8.0408941666e-13,0
819,18937,42010,7.7435864402e-12,-2.7855293503e-12,-1.0344073270e-12,0
819,34144,42001,2.0668393065e-12,1.4358818288e-12,-3.5746262519e-13,0
819,9955,42001,6.4148811271e-12,-6.1861306178e-12,-2.0973287602e-12,0
820,34144,42001,7.1455800722e-12,-1.4884701816e-12,-7.6753222766e-13,0
820,26461,42003,6.4030822260e-12,-5.4878948842e-12,-2.7534390895e-12,0
820,7930,42008,4.9069803608e-12,-8.6806535596e-14,4.6936601646e-13,0
820,18937,42010,2.0059613219e-12,-4.1917189840e-13,-1.1947357723e-12,0
820,13903,42007,4.8068378578e-12,2.9668129931e-12,6.7287725992e-13,0
820,9955,42001,7.4558535605e-12,-1.4494836105e-12,-1.8153007494e-12,0
820,5113,42011,8.5517194375e-12,-3.0484700657e-13,1.0050141586e-12,0
821,7930,42008,3.0135206209e-12,-2.2369659755e-13,1.2211639806e-13,0
821,18937,42010,3.1994579640e-12,-2.8481372437e-12,-1.1749035919e-12,0
821,9955,42001,5.9906731053e-12,1.1471868982e-12,-1.4593284889e-12,0
821,34144,42001,4.8777646588e-12,2.6182043532e-12,-4.2253756876e-13,0
821,13903,42007,5.4739850599e-12,4.6135365849e-12,1.1342309184e-12,0
821,26461,42003,1.9061698671e-12,9.0011290981e-13,-2.5496952026e-12,0
821,5113,42011,5.5061848250e-12,3.5718725764e-13,1.6943948409e-12,0
822,34144,42001,4.8177764329e-12,-3.6971807635e-12,-1.0244666188e-12,0
822,26461,42003,4.7539204732e-12,3.4396536669e-14,-2.3874613498e-12,0
822,13903,42007,2.5287372083e-12,-2.1556078151e-12,9.1867013689e-13,0
822,7930,42008,1.3431317798e-12,-7.2288079781e-13,2.9323848503e-13,0
822,18937,42010,2.6349184387e-12,1.9762066097e-12,-6.8622986249e-13,0
822,5113,42011,6.3463030248e-12,4.8570445205e-12,2.0121038102e-12,0
822,29818,42009,4.2894411010e-12,3.7414494330e-16,3.7414494330e-17,0
822,9955,42001,8.8416626709e-12,-7.2389687125e-12,-2.3730777472e-12,0
823,29818,42009,8.2670721972e-12,-7.0917365292e-12,-7.0913623843e-13,1
823,18937,42010,3.5567240768e-12,-1.0000853765e-12,-5.6414024067e-13,0
823,13903,42007,7.1550991374e-12,5.3992502474e-12,1.4585951616e-12,0
823,26461,42003,7.4434686864e-12,-3.6751159056e-12,-2.8130911755e-12,0
823,7930,42008,6.9081829652e-12,-1.1992125965e-12,7.3013914219e-14,0
823,34144,42001,2.5496017692e-12,-1.2578081233e-12,-1.0194806478e-12,0
823,9955,42001,6.8564368253e-12,7.5291333424e-13,-2.4317053048e-12,0
823,5113,42011,5.2663628355e-12,2.1309043916e-13,1.1491156466e-12,0
824,34144,42001,1.1254662658e-11,2.8971343406e-12,-8.3349568292e-13,0
824,7930,42008,3.3703800574e-12,-1.9965723307e-12,-7.7395036058e-15,0
824,13903,42007,3.4582308948e-12,5.9548942967e-13,1.5181441046e-12,0
824,26461,42003,3.5035299588e-12,2.7800571771e-12,-1.8029258782e-12,0
824,29818,42009,1.8852590488e-12,-1.7818034747e-16,-1.7818034747e-17,0
824,18937,42010,5.2735146875e-12,-9.5926637749e-13,-4.2190007126e-13,0
824,9955,42001,6.5812922190e-12,-6.3143690731e-12,-3.0250046890e-12,1
824,5113,42011,3.2385739046e-12,-2.7721547132e-12,6.9602005543e-13,0
825,26461,42003,3.4790176724e-12,2.0851384420e-12,-1.7313091169e-12,0
825,7930,42008,7.9560880941e-12,-7.4086055396e-12,-9.3955813721e-13,0
825,29818,42009,6.9326453048e-12,-9.4835930216e-13,-9.4853748251e-14,0
825,34144,42001,2.3524136494e-12,-1.6272184687e-12,-5.7747200267e-13,0
825,13903,42007,3.3452144298e-12,2.8157370295e-12,1.7997178075e-12,0
825,18937,42010,4.1481269477e-12,-3.5966656639e-12,-5.8447553167e-13,0
825,5113,42011,8.3715376065e-12,-2.8234865463e-12,3.8962479635e-13,0
826,13903,42007,7.1407422686e-12,-3.4669173338e-12,1.4530260742e-12,0
826,34144,42001,6.5077232956e-12,5.7491623077e-12,8.9595057492e-14,0
826,7930,42008,8.0495085357e-12,7.6011947005e-12,-3.9696123719e-13,0
826,29818,42009,3.2346742825e-12,-5.9799645496e-13,-1.5465339375e-13,0
826,26461,42003,4.8105026503e-12,3.8819635037e-12,-3.9432730871e-13,0
826,18937,42010,5.5764119441e-12,5.3666031232e-12,-1.8970151928e-13,0
826,5113,42011,3.2419810247e-12,-2.6640413498e-12,1.5390881933e-13,0
827,26461,42003,8.8465236483e-12,7.8912059255e-12,4.0591692217e-13,0
827,5113,42011,1.1994002518e-11,8.4116300468e-12,9.9407257882e-13,0
827,18937,42010,5.0749435955e-12,5.0125323186e-12,7.3322906302e-13,0
827,29818,42009,8.1189644340e-12,-7.5010238087e-12,-9.0475577462e-13,0
827,7930,42008,8.0027684032e-12,-4.0901134466e-12,-7.6647472074e-13,0
827,13903,42007,7.5310747332e-12,2.5690376739e-13,1.4787164509e-12,0
827,34144,42001,3.7807932297e-12,3.2159095725e-12,6.3285772249e-13,0
828,34144,42001,4.9704213746e-12,3.5071039823e-12,1.1352718848e-12,0
828,7930,42008,6.2515850004e-12,-7.9615632680e-13,-9.7115424117e-13,0
828,29818,42009,1.6682322452e-12,-1.6661162273e-12,-1.0713673973e-12,0
828,13903,42007,6.7644810575e-12,5.4513966111e-12,2.0238588619e-12,0
828,18937,42010,4.5648916777e-12,-1.3412036190e-12,-5.9471747772e-14,0
828,26461,42003,2.3232337522e-12,-1.4397059620e-12,1.0493765212e-12,0
828,5113,42011,6.9398514533e-12,-6.1410175921e-12,6.4815618771e-13,0
829,26461,42003,8.8304490848e-12,-4.6987718563e-13,6.5002805573e-13,0
829,18937,42010,2.5134289198e-12,-2.0719502846e-12,1.1886158798e-14,0
829,7930,42008,9.4824032296e-12,-8.1445878319e-12,-1.7067437303e-12,0
829,34144,42001,5.8631724316e-12,4.5515591636e-12,1.4468396183e-12,0
829,29818,42009,7.9942245053e-12,-5.1876105586e-12,-1.5901284532e-12,0
829,5113,42011,8.1273713987e-12,2.5531169975e-13,-6.1128324410e-14,0
829,13903,42007,6.7443845227e-12,-1.3595802168e-12,1.5117021297e-12,0
829,17533,42004,5.7406532543e-12,1.7898937236e-16,1.7898937236e-17,0
830,29818,42009,7.1882180961e-12,5.8399546084e-12,-1.0061329924e-12,0
830,34144,42001,3.4492916944e-12,-1.4224223475e-12,1.4534444017e-12,0
830,17533,42004,5.8478438790e-12,2.7132172255e-12,2.7133962149e-13,0
830,7930,42008,8.2693826126e-12,5.6626277837e-12,-1.1318002983e-12,0
830,5113,42011,2.8802284164e-12,-1.2106792399e-12,-1.5171154774e-13,0
830,13903,42007,3.6672656165e-12,-1.2354865071e-12,1.0914721797e-12,0
830,18937,42010,4.4889417992e-12,3.1941393861e-12,3.7321728725e-13,0
830,26461,42003,2.7689168736e-12,-1.6159328814e-12,1.0372242560e-12,0
831,26461,42003,3.1161558404e-12,2.1737902619e-12,1.1645919912e-12,0
831,18937,42010,4.4991814068e-12,3.5921061266e-12,1.0172416243e-12,0
831,7930,42008,7.1429927120e-12,-6.8584237988e-12,-1.7952730185e-12,0
831,13903,42007,5.3235482013e-12,-3.1757692834e-13,5.9836082838e-13,0
831,34144,42001,8.7548395884e-12,3.4121908434e-12,1.5328430507e-12,0
831,29818,42009,1.0269393989e-11,-8.5566012813e-12,-1.8617931205e-12,1
831,5113,42011,6.7348619672e-12,2.2834922217e-12,4.0918948666e-14,0
831,17533,42004,3.9063701113e-12,-1.4354100034e-12,1.2779862115e-13,0
832,17533,42004,5.6893992581e-12,5.0442773330e-12,6.3222635445e-13,0
832,34144,42001,5.5797610802e-12,5.4622297514e-12,2.4487841022e-12,0
832,13903,42007,7.3531469419e-12,2.7409125755e-12,1.0880128674e-12,0
832,7930,42008,7.3357688720e-12,1.9923642088e-12,-1.5237485178e-12,0
832,26461,42003,7.1187507270e-12,-6.3423881767e-14,1.1548099494e-12,0
832,5113,42011,3.7994914499e-12,-7.7546602048e-13,-5.2233210543e-13,0
832,18937,42010,6.7942669419e-12,-5.9374451619e-12,2.2587644712e-13,0
833,7930,42008,7.0182926295e-12,-5.4475123376e-12,-1.9485784919e-12,0
833,5113,42011,5.9089283185e-12,-3.3573604003e-13,-5.7721475335e-13,0
833,18937,42010,5.1400283177e-12,-1.6424055531e-12,1.6164442946e-13,0
833,13903,42007,5.0739422499e-12,1.3419036350e-12,6.8227820621e-13,0
833,34144,42001,4.4894875368e-12,3.8582562788e-12,2.9603905424e-12,0
833,26461,42003,5.3776709965e-12,2.8025403951e-12,1.8025755795e-12,0
833,17533,42004,4.2760260331e-12,-3.1960566934e-12,3.1262068510e-13,0
834,34144,42001,4.6445880157e-12,3.9512481019e-15,2.6710722332e-12,0
834,26461,42003,4.5348771908e-12,-1.8359430449e-12,1.3409755573e-12,0
834,13903,42007,4.6494428173e-12,-4.6478867791e-12,1.5794058533e-13,0
834,18937,42010,4.5312726571e-12,4.2231045238e-12,6.7988151959e-13,0
834,7930,42008,4.5086089863e-12,2.5435303815e-12,-1.4945682207e-12,0
834,5113,42011,4.9091137683e-12,-3.9123726482e-12,-6.9123654685e-13,0
834,17533,42004,7.1757831554e-12,6.5565647132e-12,9.6827715642e-13,0
835,34144,42001,2.5460209455e-12,-9.9562011448e-13,2.7342320686e-12,0
835,5113,42011,5.6611932165e-12,-5.0154576700e-12,-9.1043365922e-13,0
835,7930,42008,7.4172479958e-12,-6.4796908588e-12,-1.4016767526e-12,0
835,26461,42003,8.0191147248e-12,-6.4870222408e-12,4.8375948897e-13,0
835,17533,42004,4.6252449303e-12,-3.9917433941e-12,5.6910281702e-13,0
835,18937,42010,2.2012374432e-12,2.1340853295e-12,1.2529566189e-12,0
835,13903,42007,7.3743147299e-12,-3.7888777303e-12,-5.0252089065e-13,0
836,26461,42003,9.6393193379e-13,-1.6333272451e-14,9.3929811355e-14,0
836,5113,42011,1.6646235245e-12,-8.7848612336e-13,-7.3187813658e-13,0
836,18937,42010,3.9120447362e-12,8.1927690770e-13,7.9822399737e-13,0
836,7930,42008,4.3722495901e-12,2.3862687043e-12,-1.9231693522e-12,0
836,34144,42001,2.1728251431e-12,1.1967155720e-12,2.2789873950e-12,0
836,17533,42004,2.1391085917e-12,1.9223593617e-12,7.6133875319e-13,0
836,13903,42007,3.0778042542e-12,1.2036131368e-12,-3.5467843586e-14,0
837,13903,42007,3.0832011245e-12,8.8448150025e-13,2.7289929700e-14,0
837,34144,42001,3.0341132098e-12,-2.8774073671e-12,1.6696557011e-12,0
837,7930,42008,1.4736639100e-12,-1.3994744921e-12,-1.6541054568e-12,0
837,17533,42004,4.9514173050e-12,-4.7510671779e-12,2.8623203540e-13,0
837,26461,42003,2.4732146607e-12,-2.3502540090e-12,-9.3021618209e-13,0
837,18937,42010,2.9994406251e-12,4.5767998253e-13,3.4273876376e-13,0
837,5113,42011,1.9629685675e-12,1.5180225897e-12,-1.4212388823e-12,0
838,26461,42003,3.9470832691e-12,-8.8324107381e-13,-8.7456969327e-13,0
838,5113,42011,7.2942518098e-12,-2.6397296950e-12,-1.0711100926e-12,0
838,7930,42008,2.0106532337e-12,4.1316703997e-13,-1.5331731201e-12,0
838,18937,42010,5.5877271265e-12,1.6124709888e-12,6.3810622454e-13,0
838,34144,42001,6.0534601598e-12,2.4430318376e-12,1.5632484866e-12,0
838,17533,42004,5.4048249034e-12,2.7662363038e-12,5.6285566578e-13,0
838,13903,42007,4.6547650271e-12,-1.4541910712e-12,-6.6326883853e-13,0
839,13903,42007,5.8521072797e-12,1.7227482356e-12,-3.5503599329e-13,0
839,16192,42001,3.6752682056e-12,8.7777888727e-17,8.7777888727e-18,0
839,34144,42001,2.5345671755e-12,-9.4489937944e-13,1.0136026323e-12,0
839,5113,42011,8.4269405904e-12,3.0347354194e-12,-7.9316772062e-13,0
839,7930,42008,4.6294653075e-12,2.5107765868e-12,-4.6763667822e-13,0
839,26461,42003,5.0300752552e-12,-2.9332948652e-12,-1.1209114612e-12,0
839,18937,42010,5.4467734755e-12,1.4418319989e-12,9.8948445290e-13,0
839,17533,42004,7.2940843463e-12,6.4476544291e-12,1.2076032098e-12,0
840,7930,42008,5.3263716670e-12,2.3189616516e-12,-8.0200329143e-13,0
840,5113,42011,5.5051351257e-12,-3.3277553825e-12,-1.0048753349e-12,0
840,18937,42010,1.2151270669e-12,4.4618913032e-13,7.1468942732e-13,0
840,34144,42001,6.8013546435e-12,4.1750965660e-12,1.5733545236e-12,0
840,16192,42001,1.0556609208e-11,4.2979133793e-12,4.2980011572e-13,0
840,26461,42003,3.3648859645e-12,-1.8709755855e-12,-1.1464157316e-12,0
840,17533,42004,4.7277164178e-12,-2.9461241697e-12,6.4166907024e-13,0
840,13903,42007,3.6231381088e-12,-2.3175738844e-12,-4.6324473102e-13,0
841,5113,42011,4.8437825422e-12,1.5957331100e-13,-1.2172672260e-12,0
841,16192,42001,9.8129499759e-12,-3.0515931864e-12,1.2464079708e-13,0
841,13903,42007,5.7745930319e-12,1.2869479654e-12,-3.0279224165e-13,0
841,17533,42004,1.0625737419e-11,8.3105410437e-12,1.6162641749e-12,0
841,34144,42001,3.9504825859e-12,-1.6105731423e-12,1.0710781251e-12,0
841,26461,42003,2.8203333547e-12,1.1671762044e-13,-1.3521229958e-12,0
841,7930,42008,4.1419843783e-12,-2.9644198923e-12,-4.1260290077e-13,0
841,18937,42010,8.0904959067e-12,8.5357681046e-13,4.4083649570e-13,0
842,18937,42010,8.9723104850e-13,5.2093031937e-13,1.0866740438e-12,0
842,34144,42001,6.0470365571e-12,5.7639843934e-12,1.1012535893e-12,0
842,26461,42003,1.0608388165e-12,4.9467980054e-13,-1.2963126276e-12,0
842,13903,42007,4.6169432045e-12,-2.1458593606e-12,-7.9146943526e-13,0
842,7930,42008,7.0464537567e-12,1.7432683398e-12,-4.3751248767e-13,0
842,16192,42001,4.5744310443e-12,4.1699793781e-12,5.4163873488e-13,0
842,17533,42004,6.4443190441e-12,-1.3094500746e-12,9.8089143419e-13,0
842,5113,42011,5.6935867149e-12,2.0967556961e-12,-9.3004505430e-13,0
843,7930,42008,5.7982112068e-12,5.3266393122e-12,6.3990267731e-13,0
843,5113,42011,4.1904315089e-12,5.4596743446e-13,-8.4187470685e-13,0
843,26461,42003,4.6935036628e-12,5.4289684680e-13,-1.5222769824e-12,0
843,2149,42003,3.3955511115e-12,-5.3861646446e-17,-5.3861646446e-18,0
843,13903,42007,7.7303505976e-12,-7.6934713789e-12,-1.6950069367e-12,0
843,34144,42001,6.5055478881e-12,1.5099138434e-12,8.6641934571e-13,0
843,18937,42010,3.4439844784e-12,2.1498385808e-12,1.4658984572e-12,0
843,16192,42001,6.1254457542e-12,-5.5602923861e-13,4.8603581102e-13,0
843,17533,42004,8.8173092645e-12,8.0826042939e-12,2.1087575329e-12,0
844,7930,42008,1.4981343269e-12,-3.3838887816e-13,3.5171075134e-13,0
844,26461,42003,6.6405343773e-12,4.3982518230e-12,-8.9885749560e-13,0
844,16192,42001,4.1059603544e-12,-1.3240947827e-13,4.7279486320e-13,0
844,34144,42001,6.2765242372e-12,-4.8426772176e-13,8.1759744873e-13,0
844,13903,42007,4.1710925055e-12,3.2584698271e-12,-9.0437127604e-13,0
844,17533,42004,7.4910772066e-12,-6.4333122944e-12,8.0976983217e-13,0
844,18937,42010,4.8567236000e-12,-3.7541709769e-12,6.6817090714e-13,0
844,2149,42003,4.9622087630e-12,-3.1889665134e-12,-3.1890203750e-13,0
844,5113,42011,4.1877280893e-12,-1.0519647274e-12,-5.5583391477e-13,0
845,5113,42011,8.9226610130e-12,3.1386112004e-12,2.5957297227e-13,0
845,2149,42003,2.6145150689e-12,-2.3920512595e-12,-5.5810716345e-13,0
845,7930,42008,4.7292657565e-12,-2.0641077094e-12,7.9326906628e-13,0
845,26461,42003,3.7806272789e-12,-3.2819937930e-12,-5.7835465082e-13,0
845,18937,42010,5.5995762199e-12,-4.6603126082e-12,-1.1268886634e-14,0
845,34144,42001,3.2535788903e-12,1.0991339750e-13,9.2815079993e-13,0
845,16192,42001,8.0076388093e-12,-5.4462135146e-12,-7.1826488261e-14,0
845,13903,42007,6.2564380515e-12,-8.3184491283e-13,-6.0866799429e-13,0
845,17533,42004,1.1089845293e-11,1.0592772653e-11,2.2682214368e-12,0
846,34144,42001,4.5039139543e-12,2.2962744699e-12,1.0381066897e-12,0
846,18937,42010,4.3183083348e-12,-4.6794215330e-13,-1.3999079273e-13,0
846,26461,42003,4.2524229789e-12,-2.3208628264e-12,-8.0880760621e-13,0
846,7930,42008,8.4658575631e-12,8.0301708352e-12,1.3576592794e-12,0
846,13903,42007,6.0274998483e-12,-4.6129233692e-12,-1.1903216449e-12,0
846,16192,42001,5.0090236719e-12,3.3313450417e-12,2.6130801591e-13,0
846,33709,42002,3.1793572534e-12,9.6021655022e-17,9.6021655022e-18,0
846,17533,42004,8.3377954777e-12,-7.3068174802e-12,1.3453037527e-12,0
846,5113,42011,7.0473003572e-12,3.3198610035e-12,6.7940768495e-13,0
846,2149,42003,6.5598464006e-12,-2.0355648967e-12,-7.6166365312e-13,0
847,18937,42010,4.0140258220e-12,-7.8379511853e-13,-2.6413830284e-13,0
847,16192,42001,6.3379067431e-12,6.0472446650e-12,8.6603248241e-13,0
847,5113,42011,4.3088437112e-12,-1.7028766272e-12,3.5731776326e-13,0
847,17533,42004,5.3627899829e-12,1.1408878498e-12,1.9344992554e-12,0
847,13903,42007,3.7683705638e-12,1.1010479776e-12,-1.1686649971e-12,0
847,7930,42008,4.6356757696e-12,-3.1725342844e-12,1.1803533001e-12,0
847,26461,42003,5.7042636388e-12,3.3958324593e-12,-2.3419895938e-13,0
847,34144,42001,5.3990357749e-12,2.5496532111e-12,1.5808127475e-12,0
847,33709,42002,6.7018657472e-12,5.7897404233e-12,5.7898364450e-13,0
847,2149,42003,3.7700963516e-12,6.7925853552e-13,-6.9373779957e-13,0
848,26461,42003,6.9969598903e-12,-4.0180205028e-12,-5.4767690229e-13,0
848,34144,42001,6.6463318132e-12,-1.3180268787e-12,1.2047068759e-12,0
848,7930,42008,7.2277201894e-12,4.5721680073e-12,1.5962533969e-12,0
848,13903,42007,4.8437055134e-12,-4.1344851027e-12,-1.4366944003e-12,0
848,5113,42011,6.2896739014e-12,1.6778857817e-12,7.8907931094e-13,0
848,2149,42003,4.0313869630e-12,-3.1283463051e-12,-1.0065724301e-12,0
848,16192,42001,3.6080017014e-12,-1.7523948625e-12,6.9079299616e-13,0
848,33709,42002,4.2707062021e-12,-9.1555012981e-13,4.8742863152e-13,0
848,18937,42010,9.2145328090e-12,7.6885789517e-13,-3.4849961220e-13,0
848,17533,42004,1.0171692964e-11,2.3656113893e-12,1.8944367640e-12,0
849,34144,42001,2.6797445461e-12,2.4286451023e-12,1.5420613241e-12,0
849,18937,42010,5.9418023816e-12,4.7361306866e-12,-1.9069743433e-14,0
849,16192,42001,5.0263769284e-12,1.3630291924e-12,8.2708713761e-13,0
849,7930,42008,1.3296982253e-12,-4.3495878309e-13,1.3016798599e-12,0
849,26461,42003,6.4233505875e-12,1.6721816792e-12,-8.7129247850e-14,0
849,33709,42002,3.6144890897e-12,-1.5543452839e-12,3.3199410313e-13,0
849,5113,42011,4.6254583119e-12,1.8948651267e-12,6.7509228167e-13,0
849,17533,42004,8.5260589736e-12,2.3053301314e-12,1.4802043342e-12,0
849,13903,42007,4.3148449283e-12,-1.8162910654e-12,-1.7905983304e-12,0
849,2149,42003,5.6106910784e-12,-2.6545981720e-12,-1.2720322473e-12,0
850,5113,42011,8.9092931095e-12,-7.0724224465e-12,3.0062557527e-13,0
850,7930,42008,6.3405135083e-12,3.1152568314e-12,1.3813093779e-12,0
850,26461,42003,5.1147939702e-12,2.7237718705e-12,3.7234549775e-13,0
850,2149,42003,3.4684038102e-12,2.9019117546e-12,-9.8184107181e-13,0
850,18937,42010,8.2670757833e-12,-6.0831551752e-12,-6.7200417399e-13,0
850,16192,42001,4.0018001079e-12,-1.2619269381e-12,2.7110310587e-13,0
850,13903,42007,9.4191325207e-12,-8.9504788585e-12,-2.4538888278e-12,0
850,34144,42001,5.1426078558e-12,-4.3140644754e-12,6.9314521994e-13,0
850,17533,42004,3.3993971530e-12,1.5256906590e-12,1.9273858171e-12,0
850,33709,42002,8.2905214264e-12,8.1088817407e-12,1.1428822772e-12,0
851,26461,42003,4.4380554816e-12,1.8509509021e-12,5.4576882592e-13,0
851,34144,42001,5.4313217240e-12,-1.7384321043e-12,6.8035932375e-13,0
851,16192,42001,4.5270135763e-12,2.2591723828e-12,8.0217966280e-13,0
851,13903,42007,5.3637137629e-12,1.2028187595e-12,-2.4623017484e-12,0
851,17533,42004,4.1723856271e-12,2.2245231894e-12,1.3187840316e-12,0
851,33709,42002,5.1053033992e-12,1.4365809322e-12,1.2865403704e-12,0
851,18937,42010,5.8638887967e-12,4.1018390528e-12,-3.4717794975e-13,0
851,7930,42008,5.5540411175e-12,4.7355260534e-12,2.1513039724e-12,0
851,5113,42011,2.8483173617e-12,1.1436002897e-12,3.9902827314e-13,0
851,2149,42003,2.5451613801e-12,-5.3497202850e-13,-1.0353382747e-12,0
852,26461,42003,4.4088373894e-12,-6.5072529517e-13,4.3122831635e-13,0
852,18937,42010,2.4976969234e-12,-1.4998003050e-12,-5.4925101219e-13,0
852,2149,42003,4.3484468416e-12,-3.7060154930e-12,-1.4059398240e-12,0
852,7930,42008,5.3957932470e-12,2.1948703125e-12,2.1964641697e-12,0
852,5113,42011,5.4689865217e-12,-5.0479221817e-12,-3.1543951464e-13,0
852,13903,42007,7.9244235314e-12,-7.5092518970e-12,-2.9986410020e-12,0
852,34144,42001,3.1191021289e-12,7.9395988805e-13,1.8335687321e-13,0
852,16192,42001,2.6102217689e-12,2.5788594858e-13,4.1097031985e-13,0
852,33709,42002,7.9754411334e-12,7.7944268061e-12,2.0659830510e-12,0
852,17533,42004,3.6496598401e-12,2.4757791569e-12,1.6973069548e-12,0
853,26461,42003,2.3180564222e-12,-8.9464316851e-13,2.8747431481e-13,0
853,16192,42001,5.1722035556e-12,-4.5559026274e-12,1.0982980973e-14,0
853,17533,42004,6.6603196687e-12,-1.4160238225e-12,7.4744414316e-13,0
853,33709,42002,1.7348743916e-12,-6.4974887001e-13,2.0010081640e-12,0
853,13903,42007,7.6095341722e-12,-9.8933238918e-13,-2.3282271031e-12,0
853,18937,42010,4.9560023109e-12,1.0882250530e-12,-6.5541236497e-13,0
853,7930,42008,6.5763508479e-12,2.7861440613e-12,1.9424146446e-12,0
853,5113,42011,6.2108895606e-12,5.2564275744e-12,1.5560649936e-13,0
853,34144,42001,2.5323503863e-12,-2.0443185239e-12,-1.7206636352e-13,0
853,2149,42003,7.8874358284e-12,-6.2128244229e-13,-1.4680626820e-12,0
854,34144,42001,7.4801112226e-12,6.3806685403e-12,5.1442726268e-13,0
854,18937,42010,5.5735746078e-12,-9.0655027065e-13,-3.7065029434e-13,0
854,7930,42008,8.7256348266e-12,6.6625060239e-12,2.6425041348e-12,0
854,2149,42003,1.6063040680e-12,-1.1254919409e-12,-1.2617152248e-12,0
854,13903,42007,1.8856781843e-12,8.0619360202e-13,-2.5734547256e-12,0
854,16192,42001,8.2285729640e-12,5.6878657070e-12,5.9301049950e-13,0
854,5113,42011,6.6635874308e-12,-5.4204485421e-12,-2.8124188211e-13,0
854,26461,42003,2.6593276714e-12,1.2321724325e-12,-2.9133624232e-14,0
854,17533,42004,4.1358277920e-12,1.9143918982e-12,1.5822145624e-12,0
854,33709,42002,4.5322995073e-12,4.4400964221e-12,2.4450178062e-12,0
855,26461,42003,8.2348689542e-12,3.5750361102e-12,6.5656936609e-13,0
855,7930,42008,2.2708837424e-12,-2.0605723882e-12,2.6428576669e-12,0
855,16192,42001,3.7221908715e-12,-3.5091482463e-12,7.8671702633e-13,0
855,33709,42002,5.2701363209e-12,-7.4675887306e-13,2.3703419189e-12,0
855,18937,42010,7.5634570062e-12,-2.6547149742e-12,-1.7009053093e-13,0
855,17533,42004,4.7523752649e-12,4.0344551009e-12,9.2638280724e-13,0
855,34144,42001,4.8456552534e-12,2.4758100720e-12,7.5101693013e-13,0
855,13903,42007,4.4325333101e-12,1.4027637960e-12,-2.3499938547e-12,0
855,5113,42011,7.0049417656e-12,6.7319093511e-12,7.8087932969e-14,0
855,2149,42003,5.7835111838e-12,4.7550848025e-12,-5.4700161858e-13,0
856,7930,42008,8.4518909545e-12,5.1946209259e-12,2.3593026760e-12,0
856,34144,42001,4.1557920372e-12,3.8000630643e-12,9.0139578957e-13,0
856,18937,42010,6.4775060919e-12,-5.9909748556e-12,-7.2239380116e-13,0
856,16192,42001,5.5588248045e-12,2.3847576032e-12,6.9205828249e-13,0
856,13903,42007,6.0423123192e-12,9.0187820522e-13,-1.7985136972e-12,0
856,26461,42003,8.8706381777e-12,-8.2739828592e-12,6.1257362802e-14,1
856,17533,42004,6.3734566805e-12,-3.6345833050e-12,1.2936062248e-12,0
856,5113,42011,5.1052040299e-12,-1.9254444374e-12,-4.4644261112e-13,0
856,2149,42003,5.6639338004e-12,-6.7979518110e-13,-4.1142464702e-13,0
856,33709,42002,5.9814641783e-12,4.0935990152e-12,2.7796922183e-12,0
857,34144,42001,7.4342971845e-12,-2.4562742688e-12,4.0080304158e-13,0
857,33709,42002,3.4758748425e-12,3.2646968162e-12,2.5271878576e-12,0
857,2149,42003,3.5872368814e-12,2.7066726297e-12,-2.0868323761e-13,0
857,13903,42007,8.4697036105e-12,3.5783551054e-12,-1.5507829845e-12,0
857,16192,42001,7.7034285043e-12,2.9367391365e-12,3.8100772963e-13,0
857,5113,42011,4.0220054910e-12,1.2085994670e-12,-1.5529500170e-13,0
857,7930,42008,6.6271134968e-12,-2.6427628656e-13,2.6501284758e-12,0
857,18937,42010,5.6721311734e-12,-9.8555825956e-13,-7.4257011526e-13,0
857,17533,42004,4.1183228731e-12,-6.5255810729e-13,1.1142616290e-12,0
858,2149,42003,5.1239285729e-12,4.5725303237e-12,5.6140442527e-13,0
858,7930,42008,1.0459923614e-11,1.0037856894e-11,3.1966973645e-12,0
858,16192,42001,1.2170629099e-12,-1.1089584516e-12,4.4535137073e-13,0
858,18937,42010,4.4170315129e-12,-1.0308157433e-12,-9.2253747911e-13,0
858,17533,42004,8.0766628033e-12,3.7227592762e-12,1.2499764177e-12,0
858,34144,42001,4.6660388476e-12,8.8527492888e-13,6.2113322234e-13,0
858,13903,42007,6.8427283084e-12,-6.8222642454e-12,-1.8195608987e-12,0
858,33709,42002,4.2875861914e-12,3.2457981082e-12,2.9433226814e-12,0
858,5113,42011,4.3768161853e-12,3.8005276230e-12,5.6969182423e-14,0
859,7930,42008,1.0161250637e-11,-8.2216414525e-12,2.4180290975e-12,0
859,34144,42001,3.7784295115e-12,-5.8974639325e-13,3.1929407279e-13,0
859,16192,42001,3.6400089683e-12,-1.0194177432e-12,2.0710667717e-13,0
859,17533,42004,6.3738499955e-12,-1.8686058839e-13,1.0007573458e-12,0
859,33709,42002,9.9012849555e-12,7.9604720307e-12,3.8948044128e-12,0
859,13903,42007,5.7763951195e-12,-1.5818328492e-12,-1.7961150771e-12,0
859,18937,42010,4.8957235391e-12,2.4289265419e-12,-1.1532578936e-12,0
859,2149,42003,1.1939958412e-11,-8.5955138541e-13,7.4090910393e-13,0
859,5113,42011,4.9925086986e-12,-4.8512756155e-12,-6.1764489179e-13,0
860,16192,42001,7.6506982248e-12,-2.5178223838e-12,8.1517132598e-14,0
860,7930,42008,4.3213092886e-12,3.4882837987e-12,2.4553317943e-12,0
860,17533,42004,4.7041770495e-12,-3.6343672508e-12,4.8475155478e-13,0
860,2149,42003,5.0024048677e-12,-2.4477774563e-12,2.0594018284e-13,0
860,18937,42010,3.8953042486e-12,-3.5459788818e-12,-8.9954026423e-13,0
860,34144,42001,2.8572374624e-12,2.5530253136e-12,1.0060030517e-12,0
860,13903,42007,4.5495873389e-12,-2.8803201360e-12,-1.1890992049e-12,0
860,5113,42011,6.3318528710e-12,3.1927367315e-12,4.0887102601e-13,0
860,33709,42002,2.0772875549e-12,-1.8272123765e-12,2.9011950011e-12,0
861,16192,42001,6.1589652497e-12,-2.0977882405e-12,-3.5417892974e-13,0
861,17533,42004,4.2023159812e-12,4.0854408599e-12,6.7084332182e-13,0
861,33709,42002,6.9937980605e-12,6.5898294109e-12,3.4165198490e-12,0
861,13903,42007,9.1983984647e-12,-8.8519800724e-12,-2.1945790880e-12,0
861,5113,42011,1.0397757750e-11,-1.2528100888e-13,2.8198289615e-13,0
861,18937,42010,2.0581168742e-12,-1.3072434164e-12,-1.4404485112e-12,0
861,34144,42001,5.4846233860e-12,5.1059619089e-12,1.6904424530e-12,0
861,7930,42008,5.5003924136e-12,-1.8973680970e-12,1.7920423792e-12,0
861,2149,42003,6.1160076998e-12,8.9270536845e-13,3.4870792253e-13,0
862,34144,42001,3.8027054879e-12,3.2405640959e-12,1.9351028738e-12,0
862,2149,42003,6.5072901653e-12,5.6904967802e-12,1.2883591499e-12,0
862,7930,42008,7.2816244875e-12,6.4416516139e-12,2.2167205094e-12,0
862,13903,42007,5.4535683642e-12,5.1915192442e-12,-9.2450197393e-13,0
862,18937,42010,2.6211285101e-12,-9.5953380650e-13,-1.3864218613e-12,0
862,16192,42001,6.8354775845e-12,-3.3952568015e-12,-7.1949320475e-13,0
862,33709,42002,2.6613924849e-12,-2.3961683263e-12,2.3974603357e-12,0
862,5113,42011,5.3039284705e-12,1.0628633920e-12,8.9306145352e-13,0
862,17533,42004,1.7291142812e-12,4.7035257489e-13,4.7030066361e-13,0
863,2149,42003,3.8438638129e-12,9.8117916397e-13,1.4486053105e-12,0
863,33709,42002,9.6028506089e-12,8.6492624082e-12,3.3273614636e-12,0
863,7930,42008,5.2462266023e-12,5.1637950596e-12,2.4544856092e-12,0
863,18937,42010,6.3032128913e-12,-7.2946262378e-13,-1.5681906290e-12,0
863,5113,42011,6.3917411804e-12,-6.1562764922e-13,3.0585593116e-13,0
863,13903,42007,8.6341239637e-12,-4.8189667305e-12,-1.3074654081e-12,0
863,16192,42001,7.2309883958e-12,1.6261099174e-12,-1.0129195028e-13,0
863,34144,42001,2.3673547860e-12,1.6795076810e-12,2.3074854943e-12,0
863,17533,42004,7.8045551955e-12,-1.1114059265e-12,5.0076245321e-13,0
864,7930,42008,6.4996612940e-12,4.7958802034e-13,1.8361938088e-12,0
864,2149,42003,8.7324748545e-12,8.0055151696e-13,1.6412096563e-12,0
864,16192,42001,5.3276890124e-12,3.3163226513e-12,-3.3844625585e-13,0
864,18937,42010,9.3780234793e-12,-2.3399834879e-12,-1.7115339507e-12,0
864,17533,42004,3.6670622555e-12,-2.5410143666e-12,5.5221826732e-14,0
864,13903,42007,7.4645825786e-12,1.6807361000e-12,-1.2200111583e-12,0
864,34144,42001,6.2725900092e-12,1.8069470998e-12,1.8501133502e-12,0
864,33709,42002,6.1256886724e-12,2.7535355637e-12,3.1587053777e-12,0
864,5113,42011,5.3738720259e-12,5.2688997371e-12,1.3747907591e-12,0
865,34144,42001,6.7078944487e-12,-2.6823830082e-12,1.3342940422e-12,0
865,18937,42010,9.4876666975e-12,8.2558785402e-13,-1.3635036679e-12,0
865,16192,42001,2.4621500001e-12,-1.5527646795e-12,-1.4280789916e-13,0
865,13903,42007,4.7643908773e-12,1.6545742769e-12,-1.1948301102e-12,0
865,7930,42008,5.8242730768e-12,-2.4972454251e-12,1.7925265051e-12,0
865,5113,42011,5.9352945453e-12,4.1816564339e-12,1.1197654673e-12,0
865,17533,42004,6.1270982738e-12,5.8926973940e-12,2.4104605603e-13,0
865,33709,42002,1.4074768787e-12,1.2015327720e-12,3.3535345422e-12,0
865,2149,42003,5.4702374840e-12,-5.0948579983e-12,6.5621537620e-13,0
866,7930,42008,7.5508521369e-12,3.0939736955e-12,1.5824617821e-12,0
866,16192,42001,1.7383302811e-12,1.7227179717e-12,-2.0901186231e-13,0
866,34144,42001,6.5791842450e-12,-4.8419899847e-12,4.7008873731e-13,0
866,33709,42002,6.8300766851e-12,2.4411937237e-12,3.1882940131e-12,0
866,2149,42003,6.5927334850e-12,4.3634261171e-12,1.1605375060e-12,0
866,17533,42004,1.8012209486e-12,-1.3685394410e-12,4.6765044244e-13,0
866,18937,42010,6.3361081717e-12,4.1064898527e-12,-3.5375719707e-13,0
866,13903,42007,3.4041104131e-12,-8.9300488892e-13,-1.3743184196e-12,0
866,5113,42011,4.2405728225e-12,6.6502547740e-13,1.3788124588e-12,0
867,34144,42001,2.8134443339e-12,-2.1193676870e-13,6.9452248732e-13,0
867,13903,42007,5.0330596890e-12,-3.9647599176e-12,-2.1286299219e-12,0
867,5113,42011,5.8900951227e-12,3.8383727868e-12,1.6417897908e-12,0
867,18937,42010,3.6784300456e-12,3.1217249362e-13,-2.2398412175e-13,0
867,7930,42008,4.8349497181e-12,4.7349074138e-12,2.0823801521e-12,0
867,16192,42001,4.7237359857e-12,-2.7448963331e-12,-7.7717540927e-13,0
867,17533,42004,2.4516760529e-12,1.0469581225e-12,6.3760206541e-13,0
867,33709,42002,7.5996353747e-12,5.9963051621e-12,3.4614548477e-12,0
867,2149,42003,8.1515845142e-12,-7.6292937388e-12,1.2694086917e-13,0
868,2149,42003,8.2044609825e-12,7.9710335905e-13,-2.5060182730e-13,0
868,33709,42002,5.3949791889e-12,2.5104254089e-12,3.3879175777e-12,0
868,7930,42008,5.6860467768e-12,-5.2379295913e-12,5.5480150360e-13,0
868,16192,42001,3.3942434084e-12,2.3180498265e-12,-4.3447458146e-13,0
868,18937,42010,5.0948713963e-12,2.3658309948e-12,1.1568055206e-13,0
868,17533,42004,2.5743056583e-12,-2.3196836165e-12,3.3357776141e-14,0
868,13903,42007,3.8367650929e-12,7.6110610164e-13,-1.3702928872e-12,0
868,34144,42001,4.1488301065e-12,2.6971251328e-12,8.7570750771e-13,0
868,5113,42011,6.6572755632e-12,-2.2330998437e-12,1.0384270441e-12,0
869,34144,42001,2.3366590087e-12,2.2791914946e-12,1.1626012965e-12,0
869,5113,42011,7.2370841909e-12,2.7462017617e-12,1.7981747819e-12,0
869,7930,42008,6.3851576124e-12,-1.5019187479e-12,1.2267737741e-12,0
869,13903,42007,4.9607523487e-12,8.6649399079e-13,-1.1254602032e-12,0
869,18937,42010,4.3657327042e-12,-1.2483175023e-12,-2.5204385236e-13,0
869,16192,42001,2.5292582391e-12,-2.2557845374e-12,-5.5811126088e-13,0
869,2149,42003,1.0657682506e-11,-8.7006163591e-12,-1.0347083247e-12,0
869,17533,42004,3.9280747129e-12,2.2034789073e-12,2.7239172571e-13,0
869,33709,42002,1.2781639250e-11,1.1055344579e-11,3.6974048326e-12,1
870,16192,42001,3.5042490247e-12,3.2451822362e-12,1.8189201112e-14,0
870,2149,42003,6.0418933278e-12,-2.3232660532e-12,-1.0222571844e-12,0
870,17533,42004,2.4322018473e-12,-2.3779598431e-12,3.9803246648e-13,0
870,7930,42008,9.0406572256e-12,6.4047784605e-12,1.5184232402e-12,0
870,18937,42010,5.5941785186e-12,4.4151891204e-12,5.4407294786e-13,0
870,13903,42007,5.7008851712e-12,3.2268561141e-12,-5.1474257818e-13,0
870,34144,42001,4.0555743504e-12,6.5475902711e-14,9.1384635541e-13,0
870,5113,42011,6.1920881506e-12,-3.3514030072e-12,1.1437608080e-12,0
871,2149,42003,2.6640883083e-12,-2.4159634859e-13,-1.1356873561e-12,0
871,34144,42001,4.5608989276e-12,-2.1770493796e-12,1.8554522655e-13,0
871,5113,42011,5.8773021007e-12,4.8717890211e-12,1.6434678110e-12,0
871,13903,42007,2.8381207854e-12,-2.4342207187e-12,1.2703335718e-13,0
871,7930,42008,3.9417417605e-12,-1.8734014246e-12,1.5208199075e-12,0
871,18937,42010,6.2815397149e-12,-2.4327905121e-12,4.3151823828e-13,0
871,16192,42001,4.4168239987e-12,2.8095477120e-12,5.0892279637e-13,0
871,17533,42004,6.2264609591e-12,4.3566947844e-12,4.2515785893e-13,0
872,18937,42010,5.3373309351e-12,4.8832226885e-12,1.0157938878e-12,0
872,2149,42003,6.4869922233e-12,5.7002411479e-12,-1.1347129193e-12,0
872,16192,42001,8.0100626039e-12,8.5917927644e-13,9.3436640417e-13,0
872,34144,42001,6.2831841462e-12,-2.6389158856e-12,-4.0240277159e-13,0
872,13903,42007,6.8548741464e-12,3.0250517260e-12,-8.9613394636e-14,0
872,7930,42008,6.7373039208e-12,3.7196064733e-12,1.2486153934e-12,0
872,17533,42004,6.2372289845e-12,5.0645758092e-14,3.8318717725e-13,0
872,5113,42011,4.6453666865e-12,-9.4252956177e-13,1.4429285156e-12,0
873,34144,42001,7.5495507976e-12,1.1357946302e-12,-4.5677407668e-13,0
873,7930,42008,5.1930984686e-12,-1.9258345309e-12,5.3965243437e-13,0
873,5113,42011,2.4465814488e-12,1.5797163802e-12,1.6624629185e-12,0
873,16192,42001,2.8375814887e-12,2.3650348147e-12,1.0082588939e-12,0
873,17533,42004,3.5921011633e-12,1.5483203718e-12,6.4915980709e-13,0
873,13903,42007,6.4281561851e-12,-9.2039429463e-13,3.0024384895e-13,0
873,2149,42003,9.9554652576e-12,-9.1726890612e-12,-2.1500997418e-12,1
873,18937,42010,1.4525053813e-12,5.6986301122e-13,1.1457264513e-12,0
874,13903,42007,3.5677561759e-12,4.7340466695e-14,1.3690428562e-13,0
874,16192,42001,4.4394727636e-12,-3.3177414799e-12,3.4485248078e-13,0
874,17533,42004,7.2648304292e-12,5.6365659050e-12,1.4669178342e-12,0
874,7930,42008,5.7991180146e-12,-1.2902322414e-12,3.6267040819e-13,0
874,5113,42011,4.1407547720e-12,-1.8893710808e-12,9.4663583676e-13,0
874,18937,42010,5.1918297381e-12,1.4431795333e-12,1.5240427534e-12,0
874,34144,42001,6.8191876315e-12,-2.6061405368e-13,-6.6353019203e-13,0
875,18937,42010,2.3675455718e-12,-1.4578620223e-12,1.2956977658e-12,0
875,7930,42008,9.1628772421e-12,4.3863780304e-12,1.0510327537e-12,0
875,5113,42011,5.1226275717e-12,7.7748812961e-13,6.0621900633e-13,0
875,13903,42007,7.7320662141e-12,3.3124486988e-13,4.5713449171e-15,0
875,16192,42001,6.2871088779e-12,5.0749781746e-12,1.0076267662e-12,0
875,34144,42001,5.7721859954e-12,5.2042730735e-12,1.2513541614e-13,0
875,17533,42004,2.1736911850e-12,-3.7037145327e-13,8.4061094953e-13,0
876,34144,42001,2.9583625571e-12,2.1031736817e-12,8.1965178279e-13,0
876,13903,42007,6.3785624324e-12,-2.0535744390e-12,-1.1148561009e-13,0
876,5113,42011,7.4260107141e-12,1.7080086380e-12,7.1051732239e-13,0
876,16192,42001,3.6069766857e-12,5.7679877190e-13,8.9303484620e-13,0
876,17533,42004,3.3973060997e-12,-7.2132030973e-13,9.0533286265e-13,0
876,7930,42008,6.8826794807e-12,-2.0047404033e-13,7.2158798016e-13,0
876,18937,42010,2.0156021826e-12,-2.3025100146e-13,8.6202368036e-13,0
877,7930,42008,7.1411977067e-12,5.2379364730e-12,7.7189088607e-13,0
877,16192,42001,7.9105833501e-12,-9.5646595565e-13,1.0718778839e-12,0
877,13903,42007,1.0052314920e-11,-1.6428320162e-13,2.6856206151e-13,0
877,17533,42004,9.3109324170e-12,7.4794201505e-12,1.5485790655e-12,0
877,5113,42011,2.0452127467e-12,1.5879399360e-12,4.8547403731e-13,0
877,18937,42010,4.5989396592e-12,-3.5747904246e-12,4.7332738854e-13,0
877,34144,42001,3.4053895554e-12,-3.8890988389e-13,8.0195447127e-13,0
878,7930,42008,5.1014601872e-12,-1.6111943611e-13,1.2795719016e-12,0
878,18937,42010,6.4595359944e-12,4.2919546016e-12,6.6593974922e-13,0
878,13903,42007,6.0411299793e-12,1.8682979846e-12,3.7928124981e-13,0
878,16192,42001,7.5309221162e-12,8.2901303625e-13,9.2297420492e-13,0
878,5113,42011,5.5325022973e-12,4.7281513529e-12,1.1815991570e-12,0
878,34144,42001,3.4892627044e-12,-2.8231728421e-12,2.4992467378e-13,0
878,17533,42004,3.8509582902e-12,-6.2937068380e-13,1.7176103587e-12,0
879,7930,42008,4.9382846652e-12,-3.7224528692e-13,1.3925392477e-12,0
879,16192,42001,9.4226215214e-12,8.1377529112e-12,1.9623279498e-12,0
879,34144,42001,5.2967977682e-12,5.8213535093e-13,8.0219059412e-14,0
879,17533,42004,6.0868897200e-12,-1.3220861242e-12,1.3650538556e-12,0
879,5113,42011,6.9130404675e-12,5.4783067694e-13,9.6176204849e-13,0
879,18937,42010,6.8640449418e-12,-5.9897549688e-12,1.9179600257e-13,0
879,13903,42007,9.6455401048e-12,-2.1757302382e-13,2.7087454835e-13,0
880,5113,42011,3.8075455704e-12,3.3387470782e-12,1.6307770570e-12,0
880,34144,42001,1.4340412006e-12,-3.3786421674e-13,3.9885047467e-14,0
880,18937,42010,9.4877163237e-12,6.5119472082e-12,4.0147181134e-13,0
880,13903,42007,8.8631789426e-12,-3.5907722597e-12,-4.1088828903e-13,0
880,16192,42001,5.8407107569e-12,4.9373234749e-12,2.1315420736e-12,0
880,7930,42008,4.5830497730e-12,2.6360503572e-12,1.0156664374e-12,0
880,17533,42004,8.1649533708e-12,7.4978046056e-12,2.3526303004e-12,0
881,13903,42007,3.9012119176e-12,2.9232427042e-13,-1.3823379011e-13,0
881,16192,42001,4.2410227174e-12,-2.4896467932e-14,1.8480976556e-12,0
881,7930,42008,3.7854404732e-12,3.3829156544e-12,1.5412981453e-12,0
881,17533,42004,5.6557539228e-12,-1.5932290524e-12,1.7576379168e-12,0
881,18937,42010,9.9889676872e-12,-5.7756204400e-12,6.7188818560e-14,0
881,34144,42001,5.5921724459e-12,1.3099222837e-12,3.8858221380e-13,0
881,5113,42011,2.8261291496e-12,2.1684741732e-12,1.3604455722e-12,0
882,34144,42001,5.1525787217e-12,-3.2812324609e-12,3.2435055627e-13,0
882,5113,42011,5.1637576035e-12,-2.2965975660e-12,1.2250387718e-12,0
882,18937,42010,6.8521499215e-12,5.3250317226e-12,1.1136972197e-13,0
882,7930,42008,2.8064386921e-12,1.6959362681e-13,1.1862968606e-12,0
882,16192,42001,5.4861880109e-12,2.1189577089e-12,1.9740754989e-12,0
882,13903,42007,7.0722257266e-12,-2.2268529783e-12,-6.6342426055e-13,0
882,17533,42004,4.9315727962e-12,-3.7792695605e-12,1.3746463849e-12,0
883,13903,42007,4.5518961128e-12,-2.8362279409e-12,-8.5500762517e-13,0
883,18937,42010,3.8466606336e-12,-3.4698593051e-12,-2.9260250967e-13,0
883,16192,42001,5.1928778746e-12,-6.9321198493e-13,1.6682508189e-12,0
883,7930,42008,6.0961171518e-12,5.2412508831e-12,1.9030054020e-12,0
883,17533,42004,9.2066759446e-12,6.7877414892e-12,1.8985884966e-12,0
883,5113,42011,2.1274829714e-12,2.9169028557e-13,1.0962361624e-12,0
883,34144,42001,4.9555327320e-12,1.0960790499e-12,3.2037899824e-13,0
884,34144,42001,6.6232707157e-12,-5.9556555840e-12,-2.4912515480e-13,0
884,18937,42010,5.5617242492e-12,-3.1174327010e-12,-7.4866373310e-13,0
884,7930,42008,3.2107248510e-12,7.3623374470e-13,2.1056520006e-12,0
884,16192,42001,5.7600826420e-12,-3.9313669388e-12,1.6068882730e-12,0
884,5113,42011,4.3031018485e-12,-1.4964191035e-12,1.1355313601e-12,0
884,13903,42007,8.0791417701e-13,2.1821511680e-13,-8.3792016016e-13,0
884,17533,42004,6.1410015676e-12,-2.7353910931e-12,1.0613927968e-12,0
885,13903,42007,1.1347738713e-11,-1.0046915927e-11,-1.8757362399e-12,1
885,16192,42001,3.9666155785e-12,-5.3970347240e-14,1.0939934208e-12,0
885,7930,42008,3.9085347522e-13,-1.4021147975e-13,1.6529930496e-12,0
885,17533,42004,8.8304328036e-12,-6.5396160594e-12,4.4446833621e-13,0
885,34144,42001,4.8928299386e-12,3.9566115239e-12,-3.7389130975e-13,0
885,18937,42010,4.4610611479e-12,1.0391891065e-12,-4.9895862022e-13,0
885,5113,42011,5.0499334826e-12,-3.4507353051e-12,7.1270901662e-13,0
886,34144,42001,2.2904909803e-12,-2.0514227389e-12,-7.8935095181e-13,0
886,7930,42008,3.3712841061e-12,-2.4340838587e-12,1.4296320678e-12,0
886,18937,42010,2.9866964573e-12,2.8981179649e-12,-1.8612172358e-13,0
886,16192,42001,6.6418533720e-12,-6.1052258280e-12,4.2579096086e-13,0
886,17533,42004,5.8122083825e-12,4.2851584027e-12,9.4511620745e-13,0
886,5113,42011,4.2575438009e-12,2.9822447803e-12,8.4013263085e-13,0
887,16192,42001,8.1387103154e-12,6.9784818111e-12,1.2192857375e-12,0
887,34144,42001,2.7337488625e-12,-1.9298277944e-14,-7.5238979122e-13,0
887,17533,42004,7.1470692013e-12,-7.1031659946e-12,-5.1314240706e-13,0
887,7930,42008,8.2729483980e-12,3.2861233827e-12,1.2344507587e-12,0
887,18937,42010,7.5727442376e-12,-5.0144754905e-12,-3.3009023017e-13,0
887,5113,42011,2.5318108681e-12,1.2295327879e-12,8.0429191604e-13,0
888,18937,42010,4.2276160187e-12,3.8264149635e-12,-3.7664419399e-13,0
888,34144,42001,3.3463735812e-12,1.2480662647e-12,-3.4526588053e-13,0
888,7930,42008,4.4815696128e-12,-2.9568413492e-12,9.5487856744e-13,0
888,16192,42001,2.2682465924e-12,8.8579724150e-13,1.2249641581e-12,0
888,17533,42004,1.3080783856e-11,1.1351527498e-11,6.8494741114e-13,1
888,5113,42011,5.0744589303e-12,3.7394241264e-12,7.0541919339e-13,0
889,18937,42010,3.1147779082e-12,-2.6631855306e-12,-4.3987250167e-14,0
889,16192,42001,3.1736635428e-12,-1.1577906335e-12,2.9540980359e-13,0
889,34144,42001,2.5989775799e-12,1.5245408812e-12,-2.5102532750e-13,0
889,17533,42004,3.2670859679e-12,2.7287945624e-17,2.7287945624e-18,0
889,5113,42011,7.8723245886e-12,1.7093641867e-12,8.2157254437e-13,0
889,7930,42008,1.8570654930e-12,-4.9857104926e-13,9.4224599120e-13,0
890,34144,42001,3.5089599009e-12,-2.2763722143e-12,-4.4487612726e-13,0
890,7930,42008,5.7352847259e-12,-2.2118444883e-13,6.5652251060e-13,0
890,16192,42001,5.5711061388e-12,1.5053489327e-13,-1.8326905457e-13,0
890,18937,42010,8.2580151699e-12,1.9147295628e-12,-5.0370901471e-13,0
890,17533,42004,5.6291786219e-12,-2.9820923251e-12,-2.9820650372e-13,0
890,5113,42011,6.5863612358e-12,-1.8870576202e-12,2.9899207453e-13,0
891,7930,42008,5.5993481277e-12,-1.4695886838e-12,1.7127207677e-13,0
891,16192,42001,1.7883301309e-12,1.3559373571e-12,-4.5185672066e-14,0
891,18937,42010,4.4460033900e-12,9.8388988734e-13,1.7224201802e-13,0
891,34144,42001,5.6168544848e-12,-3.1465211557e-12,-8.9052047120e-13,0
891,5113,42011,6.4874001520e-12,-3.1990425249e-12,-2.3775959528e-13,0
891,17533,42004,5.2539414945e-12,5.1476194329e-12,2.1655543957e-13,0
892,34144,42001,5.5575214315e-12,-3.5762054245e-12,-9.2001776756e-13,0
892,16192,42001,4.4647351144e-12,-7.8176033460e-13,-3.3525747641e-13,0
892,7930,42008,1.1661851125e-11,-1.7212221298e-12,-1.7809498886e-14,0
892,18937,42010,2.7693654150e-12,1.7500404314e-12,-1.8525711110e-13,0
892,17533,42004,7.5039368523e-12,-3.6110120621e-12,-1.4454576664e-13,0
892,5113,42011,5.0964457444e-12,2.7405320154e-12,2.6595336285e-13,0
893,7930,42008,7.0378612429e-12,-4.0344548812e-12,-9.4538007532e-13,0
893,18937,42010,7.3613285274e-12,4.7906787499e-12,6.4079669441e-13,0
893,5113,42011,3.9510104860e-12,-3.5789260610e-12,-1.2110827181e-13,0
893,16192,42001,1.9751494071e-12,7.6739875218e-13,-1.8919640270e-13,0
893,34144,42001,5.5962044762e-12,1.6112327649e-14,-1.0280144398e-12,0
893,17533,42004,3.8325415759e-12,-3.5459141772e-12,-4.9913718436e-13,0
894,16192,42001,3.3403505778e-12,-1.7651254082e-12,2.7427750362e-14,0
894,7930,42008,1.7299066823e-12,-4.2164802393e-13,-1.0611682522e-12,0
894,34144,42001,5.4765368490e-12,-7.0213011098e-13,-5.0266189248e-13,0
894,18937,42010,3.0301175664e-12,-2.6387954636e-12,6.8866041815e-13,0
894,17533,42004,4.5915430207e-12,3.2006338292e-12,-1.7907380144e-13,0
894,5113,42011,3.1313933965e-12,8.0273274904e-13,1.0880691345e-13,0
895,34144,42001,5.7871346623e-12,-4.7701793425e-12,-1.3753409791e-12,0
895,18937,42010,4.9609486215e-12,4.3006714968e-12,1.0148086572e-12,0
895,5113,42011,6.8660270359e-12,-5.5440015687e-12,-1.0051971291e-13,0
895,7930,42008,4.7525221234e-12,2.2484718852e-12,-8.2229991569e-13,0
895,16192,42001,6.2498255474e-12,2.4821299662e-12,2.8103778171e-13,0
895,17533,42004,7.1766656408e-12,-2.5147773968e-12,-4.3055154113e-13,0
896,34144,42001,3.9068974882e-12,1.5644300902e-12,-1.0137556962e-12,0
896,7930,42008,7.3071288702e-13,-3.2245408293e-13,-6.1113693811e-13,0
896,18937,42010,4.0403077151e-12,5.4536266623e-13,7.7953312731e-13,0
896,16192,42001,5.8772162490e-12,-3.4661494247e-12,5.4494542203e-13,0
896,5113,42011,3.9007891791e-12,-3.6133448092e-12,-7.6007867186e-13,0
896,17533,42004,4.0235862347e-12,3.7173954074e-12,-5.8812000387e-14,0
897,7930,42008,3.1017995597e-12,1.0528681588e-12,-8.3446246049e-13,0
897,6787,42003,5.5195801117e-12,2.0992347856e-17,2.0992347856e-18,0
897,18937,42010,4.3812673410e-12,4.3375973819e-12,1.7147404146e-12,0
897,34144,42001,7.1252557964e-12,-6.5198456153e-12,-1.6638104299e-12,0
897,5113,42011,3.6008668343e-12,4.8730275921e-13,-8.3430167473e-13,0
897,16192,42001,5.9450692868e-12,-1.2521470667e-12,-2.7811746575e-13,0
897,17533,42004,3.6701151362e-12,1.2639122710e-12,6.7579226716e-14,0
897,2425,42006,3.4973428040e-12,-1.5585816946e-16,-1.5585816946e-17,0
898,6787,42003,3.2669200673e-12,1.3712637526e-13,1.3714736761e-14,0
898,16192,42001,2.1262925309e-12,-1.9756389069e-12,-5.6426108059e-13,0
898,34144,42001,2.7413889204e-12,-1.9577287279e-12,-1.9843899292e-12,0
898,17533,42004,6.4469879384e-12,-5.7080883981e-12,-5.0322961309e-13,0
898,18937,42010,4.8210182415e-12,-1.0096838363e-12,1.2311305346e-12,0
898,7930,42008,4.6273489828e-12,-3.5934280609e-12,-8.9812113167e-13,0
898,2425,42006,7.5290189661e-12,2.9301900648e-12,2.9300342066e-13,0
898,5113,42011,4.2257305206e-12,-3.7677382828e-12,-1.5850179157e-12,0
899,7930,42008,4.0013470047e-12,1.4508527372e-12,-7.0317875302e-13,0
899,6787,42003,1.2817809986e-12,2.8678506591e-13,4.2393243351e-14,0
899,2425,42006,7.5291162261e-12,-3.8698733060e-12,-9.3983909937e-14,0
899,18937,42010,5.0309924562e-12,5.3272917378e-13,1.5507220050e-12,0
899,5113,42011,4.5789346753e-12,3.8593389666e-12,-1.3700204377e-12,0
899,16192,42001,3.5402213578e-12,1.6986598339e-12,-2.7861603385e-13,0
899,17533,42004,7.2348959613e-12,6.9264368976e-12,1.8941134788e-13,0
899,34144,42001,5.4539274878e-12,-4.1036190898e-12,-2.5472059263e-12,0
900,2425,42006,5.5049766666e-12,3.4130862330e-12,2.4732471336e-13,0
900,41203,42006,4.7605037820e-12,-1.9966862004e-16,-1.9966862004e-17,0
900,16192,42001,6.4704855907e-12,-5.7347970871e-12,-8.6714923189e-13,0
900,7930,42008,7.5378862246e-12,2.9654185908e-13,-6.5140612223e-13,0
900,18937,42010,4.3692357603e-12,-2.3931385181e-12,1.1199351969e-12,0
900,17533,42004,7.6989228950e-12,-4.1879712426e-13,4.4574086796e-13,0
900,34144,42001,3.8737895422e-12,-3.8515279790e-12,-2.7047215028e-12,0
900,5113,42011,5.0798837119e-12,-2.3597364718e-12,-1.4172883228e-12,0
900,6787,42003,6.8545504647e-12,1.6718224911e-13,5.9111468262e-14,0
901,7930,42008,1.2582647712e-11,1.0240581179e-12,-4.0204144206e-13,1
901,2425,42006,5.9713541572e-12,-4.2336533943e-12,-1.7604062607e-13,0
901,34144,42001,7.5793224645e-12,-6.1833503633e-12,-3.0084044235e-12,0
901,18937,42010,6.2176523842e-12,5.1383062712e-12,1.5353768353e-12,0
901,5113,42011,7.8312317015e-12,3.0719817345e-12,-7.9018589688e-13,0
901,41203,42006,3.7174340408e-12,-1.3834002406e-12,-1.3835999092e-13,0
901,16192,42001,2.5466959161e-12,-7.6317994220e-13,-1.0790609618e-12,0
901,17533,42004,3.3880778536e-12,-1.1104595795e-12,-1.8006703328e-13,0
901,6787,42003,8.6923332372e-12,5.2051888515e-12,5.7963035341e-13,0
902,6787,42003,3.0596237362e-12,-2.8804650486e-12,2.9158384855e-13,0
902,16192,42001,9.7861178548e-12,5.8788514843e-12,-4.1299977993e-13,0
902,17533,42004,6.3368053711e-12,2.2104508165e-12,4.0207925459e-13,0
902,34144,42001,1.3253389251e-12,1.2673010965e-12,-2.5240537714e-12,0
902,18937,42010,9.7038903084e-12,-7.4756462747e-12,6.1280816471e-13,0
902,41203,42006,3.6716790655e-12,-3.0608965423e-13,-1.6896895635e-13,0
902,5113,42011,5.5439529136e-12,-5.0394330757e-12,-1.5681824060e-12,0
902,2425,42006,3.1132196898e-12,2.3044454817e-12,5.4403922105e-14,0
903,6787,42003,7.5704664993e-12,6.9775963260e-12,9.8934348114e-13,0
903,34144,42001,3.4522284707e-12,-2.8272322535e-12,-2.8083882296e-12,0
903,41203,42006,2.9199970566e-12,1.9604049636e-12,2.7071540019e-14,0
903,2425,42006,5.3569882484e-12,-9.0203637016e-15,5.3501885735e-14,0
903,18937,42010,6.3292087374e-12,-7.7002123453e-14,1.2604007738e-13,0
903,5113,42011,4.4790192103e-12,1.4055827636e-12,-1.0697315235e-12,0
903,16192,42001,5.5925118048e-12,-1.6381700454e-12,-6.5355665969e-13,0
903,17533,42004,2.5056729430e-12,1.0590792168e-12,8.6257859399e-13,0
904,2425,42006,3.2134408605e-12,3.0278271475e-12,3.5628460049e-13,0
904,16192,42001,3.9910283604e-12,5.6171946696e-13,-4.2087217217e-13,0
904,34144,42001,2.6045048528e-12,2.5487292732e-12,-2.4833022911e-12,0
904,17533,42004,7.3710196232e-12,-4.1934672539e-12,1.2316848568e-13,0
904,18937,42010,4.9275771797e-12,-3.0212067329e-12,8.7798950445e-14,0
904,5113,42011,4.6782893020e-12,-1.6004462541e-12,-1.3100494238e-12,0
904,41203,42006,5.2501120949e-12,-5.0281122190e-12,-4.7573968188e-13,0
904,6787,42003,4.6027087902e-12,-3.6412475790e-12,6.2521872324e-13,0
905,5113,42011,2.4779028350e-12,2.6496056783e-13,-7.2915321019e-13,0
905,34144,42001,3.9934610597e-12,-3.5858668574e-12,-2.3648710426e-12,0
905,41203,42006,4.8058967953e-12,-2.1774040416e-12,-6.9348008605e-13,0
905,16192,42001,5.4992571756e-12,-3.4339108179e-12,-1.0124762506e-12,0
905,18937,42010,7.8137503917e-12,3.7228937146e-12,3.0021172228e-14,0
905,17533,42004,6.7421108730e-12,-1.2380139894e-12,2.5084482643e-13,0
905,6787,42003,4.6097312956e-12,3.9971431778e-12,1.0249330410e-12,0
905,2425,42006,8.1583159511e-12,-7.1045997332e-12,-3.5417537284e-13,0
906,6787,42003,6.3615162991e-12,6.2843788985e-12,1.6533709309e-12,0
906,16192,42001,4.9186427108e-12,7.9166102535e-14,-6.5794469785e-13,0
906,18937,42010,2.7620868848e-12,1.3180357100e-12,1.0728847660e-13,0
906,17533,42004,4.5708744380e-12,-1.7935392581e-12,-3.0024864012e-13,0
906,34144,42001,4.8132511291e-12,3.8502366244e-12,-2.1362903892e-12,0
906,41203,42006,3.7895803707e-12,-2.4391694207e-12,-9.3739702812e-13,0
906,2425,42006,1.8718438487e-12,1.1575365103e-13,-3.4260000773e-13,0
906,5113,42011,1.5010121693e-12,1.2661070562e-12,-2.4120802365e-13,0
907,5113,42011,1.6110747208e-12,-8.8519271577e-13,-3.7845757115e-13,0
907,2425,42006,2.6235359767e-12,-2.2044864807e-12,-5.6303306999e-13,0
907,18937,42010,5.2151999086e-12,2.7546805417e-12,-5.1003207416e-14,0
907,34144,42001,3.4620652329e-12,7.8299559171e-13,-1.4060062685e-12,0
907,41203,42006,5.2492561432e-12,-4.6985656668e-12,-1.4072535948e-12,0
907,16192,42001,8.1650432737e-12,7.6815089672e-13,-4.5591490151e-13,0
907,6787,42003,2.4983495084e-12,2.1694699041e-12,1.8703158221e-12,0
907,17533,42004,5.9691290954e-12,-3.0246772874e-12,-7.2910759596e-13,0
908,6787,42003,4.2960481382e-12,4.1123018740e-12,2.2678333719e-12,0
908,34144,42001,5.0490678613e-12,1.8739281773e-12,-1.0228405780e-12,0
908,41203,42006,8.2998039252e-12,6.5872078511e-12,-7.4853280969e-13,0
908,18937,42010,5.5659066035e-12,-3.5459098235e-12,-3.0462580613e-13,0
908,16192,42001,1.7348852191e-12,2.4769782598e-13,-2.3358122822e-13,0
908,2425,42006,7.7266354978e-12,-5.1290947907e-12,-1.3689615555e-12,0
908,17533,42004,5.2689380934e-12,2.9599532754e-12,1.3769657138e-13,0
908,5113,42011,4.7616489463e-12,-3.5022248847e-12,-3.5190623134e-13,0
909,16192,42001,5.8082828495e-12,-4.3881648342e-12,-8.4226369503e-13,0
909,34144,42001,4.9178520869e-12,1.1304409309e-12,-4.9943457592e-13,0
909,5113,42011,3.0154174271e-12,2.6894151268e-12,-4.6889861533e-13,0
909,17533,42004,3.6462208553e-12,-8.7319152282e-13,-6.4226627066e-13,0
909,18937,42010,4.4349474533e-12,8.3373605989e-13,-2.7452511752e-13,0
909,2425,42006,5.6573994244e-12,-2.1151266735e-12,-1.1934868923e-12,0
909,41203,42006,4.4032270101e-12,-3.1244740519e-12,-1.0609802149e-12,0
909,6787,42003,6.1860950616e-12,3.9572961002e-12,2.6348844754e-12,0
910,2425,42006,1.9218555218e-12,-2.2107633016e-13,-1.5569031486e-12,0
910,18937,42010,5.1048289978e-12,2.0826097010e-12,1.7304970438e-13,0
910,34144,42001,1.8329857003e-12,1.2481207171e-12,1.0530293697e-14,0
910,41203,42006,2.4466533659e-12,1.3756333139e-12,-9.2339691663e-13,0
910,16192,42001,3.5313808413e-12,-3.3371329892e-12,-6.0249728524e-13,0
910,6787,42003,4.1771171258e-12,3.6191840340e-12,2.9800846539e-12,0
910,5113,42011,7.8318527905e-12,1.7223799175e-12,-6.0686976394e-14,0
910,17533,42004,7.3922470281e-12,2.9525341634e-12,-3.0513314189e-13,0
911,2425,42006,4.7902675858e-12,-1.8644755017e-12,-1.3199853593e-12,0
911,6787,42003,4.9748005735e-12,9.1614902482e-13,2.5511806712e-12,0
911,5113,42011,6.7916674710e-12,6.7647142997e-13,-3.0023800685e-13,0
911,18937,42010,3.7259523264e-12,3.4686811846e-13,-3.0609411088e-13,0
911,34144,42001,5.2405445658e-12,2.3009959686e-12,8.5896492689e-13,0
911,41203,42006,2.8402327114e-12,-2.6171299731e-12,-1.0467698899e-12,0
911,16192,42001,4.1636941629e-12,-1.6622840566e-12,-6.9240769669e-13,0
911,17533,42004,3.3933841656e-12,-2.2311696626e-12,-4.1720415021e-13,0
912,34144,42001,5.5924453420e-12,-6.0598029257e-13,6.7163678798e-13,0
912,16192,42001,4.1053316742e-12,-1.8452259625e-12,-1.4648154414e-12,0
912,18937,42010,5.7619929945e-12,-3.7582832887e-12,6.5642187714e-14,0
912,17533,42004,7.3823618164e-12,7.2960790035e-12,9.1358668493e-14,0
912,7930,42007,3.6176934264e-12,4.8433346980e-17,4.8433346980e-18,0
912,6787,42003,1.5968728009e-12,-1.5894181021e-12,2.6802853658e-12,0
912,41203,42006,6.7935069923e-12,-2.0890026181e-12,-1.2250611863e-12,0
912,5113,42011,4.2740100489e-12,-1.2357652468e-12,8.0128776042e-14,0
912,2425,42006,2.9872695992e-12,-1.4891331109e-12,-1.6993432186e-12,0
913,6787,42003,4.7937865445e-12,8.7290613089e-13,2.0698163463e-12,0
913,2425,42006,3.8293146166e-12,-2.9144838307e-12,-1.9898895653e-12,0
913,41203,42006,2.2619740678e-12,6.3707289441e-13,-1.3573943932e-12,0
913,7930,42007,4.9647970369e-12,3.4590169897e-12,3.4590654231e-13,0
913,5113,42011,2.8196100014e-12,1.0167814556e-12,4.1248645241e-14,0
913,16192,42001,1.7148846048e-12,4.9575966682e-13,-1.2514224701e-12,0
913,17533,42004,5.8703848749e-12,4.9687677877e-12,4.8232752558e-13,0
913,34144,42001,3.2701337799e-12,2.6819475814e-12,1.2225547715e-12,0
913,18937,42010,8.7017208787e-12,4.2121247338e-12,4.9455487344e-13,0
914,16192,42001,4.6301148361e-12,-1.7839159490e-12,-1.4859860117e-12,0
914,34144,42001,4.1808922113e-12,1.2155766528e-12,1.0892395094e-12,0
914,17533,42004,2.1805160718e-12,-7.1012030261e-14,8.9457304795e-13,0
914,7930,42007,1.4281049131e-12,-5.6019353433e-13,2.8988718887e-13,0
914,18937,42010,3.8116025292e-12,2.4028632901e-12,1.0369618757e-12,0
914,41203,42006,7.9431323288e-12,-6.1255531793e-12,-1.4671384892e-12,1
914,5113,42011,7.2228173853e-12,-5.6255930709e-12,-3.6126603644e-13,0
914,2425,42006,1.5578695717e-12,-5.3450919280e-13,-2.3461231993e-12,0
914,6787,42003,4.7137202381e-12,4.6493059883e-12,2.8988717031e-12,0
915,41203,42006,2.1976903117e-12,-3.2684952239e-16,-3.2684952239e-17,0
915,5113,42011,8.7601133339e-12,8.1353164307e-12,4.2576954984e-13,0
915,2425,42006,7.7015434960e-12,4.1116078644e-12,-1.2245024396e-12,0
915,18937,42010,7.7647194463e-12,3.0365323943e-12,9.6832574371e-13,0
915,6787,42003,2.9756783601e-12,9.0034813661e-13,2.5891921989e-12,0
915,7930,42007,5.0403433979e-12,3.2949303897e-12,6.1938022784e-13,0
915,34144,42001,7.8379399862e-12,-2.4076832984e-13,1.4237493622e-12,0
915,16192,42001,4.8444152931e-12,-4.1403618726e-12,-1.5566311172e-12,0
915,17533,42004,3.3419295910e-12,-3.2539973705e-12,6.9297470984e-13,0
916,2425,42006,4.3137100180e-12,-3.4233182857e-12,-1.5784096333e-12,0
916,16192,42001,2.9732012098e-12,-1.4376259619e-12,-1.7083103237e-12,0
916,17533,42004,5.3032490045e-12,2.9383800442e-12,1.1661666401e-12,0
916,7930,42007,6.7494352229e-12,3.0908675746e-12,9.2846698530e-13,0
916,18937,42010,3.7520626877e-12,-2.1861608205e-12,6.1790609066e-13,0
916,34144,42001,3.0453638369e-12,4.4515488170e-14,1.0431772486e-12,0
916,6787,42003,9.2904010718e-12,-1.0236678176e-12,1.8583875273e-12,0
916,41203,42006,7.2807647943e-12,-4.0848726964e-12,-4.0851995459e-13,0
916,5113,42011,8.4347441636e-12,-2.2098710238e-12,7.8171741842e-14,0
917,6787,42003,5.4301430882e-12,-1.5816318633e-12,1.4832773506e-12,0
917,34144,42001,4.0979021234e-12,-1.1790169399e-12,8.4697599541e-13,0
917,2425,42006,6.5489462886e-12,5.0606367879e-12,-8.5189730639e-13,0
917,41203,42006,6.0942927479e-12,5.5227074520e-12,1.4375079061e-13,0
917,18937,42010,3.4521940383e-12,1.1567274982e-12,4.5811078632e-13,0
917,16192,42001,8.9657363691e-12,3.0493907159e-13,-1.7546315062e-12,0
917,7930,42007,4.0801936328e-12,-8.2586855717e-13,8.4588012958e-13,0
917,17533,42004,3.9544474551e-12,-1.2495724654e-12,1.3436771223e-12,0
917,5113,42011,3.4359043625e-12,2.6582114143e-12,4.3251215485e-13,0
918,6787,42003,4.1445951976e-12,-7.9133756378e-13,9.9291340681e-13,0
918,16192,42001,5.1320133837e-12,1.5003259443e-12,-1.6293686943e-12,0
918,7930,42007,4.6463250778e-12,4.5687155188e-12,1.3027516815e-12,0
918,17533,42004,4.2895715502e-12,-3.6782115074e-12,6.7986064399e-13,0
918,18937,42010,5.1810425055e-12,-3.1282840551e-12,4.9987336315e-13,0
918,2425,42006,9.7175217645e-12,-8.8322045746e-12,-1.2222082848e-12,0
918,41203,42006,1.2375273724e-11,-1.2020404612e-11,-1.0582896706e-12,1
918,34144,42001,3.3972542250e-12,8.3828328907e-13,7.4341150658e-13,0
918,5113,42011,7.4487035728e-12,5.0652187474e-12,1.2892565181e-12,0
919,5113,42011,4.9066663636e-12,-1.8968625317e-12,8.3062875222e-13,0
919,7930,42007,7.6608822219e-12,-4.8296079068e-12,8.1979089078e-13,0
919,34144,42001,2.2128543005e-12,2.2102382851e-13,6.5246979634e-13,0
919,18937,42010,3.9135905483e-12,-2.9542563696e-12,1.2107412020e-13,0
919,16192,42001,4.6623562638e-12,4.3247206365e-12,-7.5808014726e-13,0
919,2425,42006,3.7658256381e-12,2.0716975879e-12,-8.0352585864e-13,0
919,6787,42003,7.7350397698e-12,-1.1071516338e-12,4.8646863341e-13,0
919,17533,42004,8.1949461853e-12,5.7158590688e-12,1.3387657031e-12,0
920,7930,42007,7.3454241421e-12,5.9524659001e-12,1.4150374808e-12,0
920,34144,42001,3.3742029051e-12,-5.5509861022e-13,4.7214786361e-13,0
920,16192,42001,2.9385444875e-12,-1.2731942474e-12,-5.5168627308e-13,0
920,17533,42004,4.3559155190e-12,-1.4501541272e-12,8.9849687409e-13,0
920,18937,42010,5.7280400094e-12,1.0524707494e-12,1.8060225042e-14,0
920,2425,42006,1.1828475693e-11,-1.0023811211e-11,-1.7837993468e-12,1
920,6787,42003,2.8623372011e-12,2.0938561534e-13,1.4548879154e-13,0
920,5113,42011,1.1355836937e-12,-6.3497474107e-13,5.9489328636e-13,0
921,16192,42001,2.6235716735e-12,5.2198902519e-13,-3.3325896489e-13,0
921,6787,42003,4.4628174723e-12,2.5426546920e-12,3.0813935826e-13,0
921,17533,42004,2.5807700390e-12,-4.2355736504e-13,1.0792581038e-12,0
921,18937,42010,6.4296966801e-12,5.6233484521e-12,5.4570825841e-13,0
921,5113,42011,6.0305204658e-12,-5.6059261014e-12,-3.3346466784e-14,0
921,7930,42007,6.2509193203e-12,-1.7665402020e-12,1.2383834606e-12,0
921,34144,42001,5.8031406334e-12,3.6206146402e-12,6.0410973077e-13,0
922,18937,42010,1.5345252460e-12,-1.2950395808e-13,9.0858619147e-13,0
922,7930,42007,4.2599157690e-12,-6.9876257447e-13,1.1685023598e-12,0
922,5113,42011,1.6395856388e-12,1.1830272154e-12,2.0853277944e-13,0
922,16192,42001,3.9598664759e-12,-2.0135108063e-12,-3.5008744927e-13,0
922,34144,42001,2.6333134021e-12,1.2455952771e-12,7.8926728773e-13,0
922,6787,42003,3.5238240464e-12,-1.7954775609e-12,2.8753341238e-13,0
922,17533,42004,2.3593652003e-12,-2.1533497597e-12,1.3431522752e-13,0
922,35659,42001,5.2791263484e-12,4.9983434444e-17,4.9983434444e-18,0
923,6787,42003,2.1887350413e-12,-1.0947046863e-12,9.0772330655e-14,0
923,16192,42001,3.2723644770e-12,1.7315373831e-12,-2.2650967764e-13,0
923,5113,42011,1.5322467322e-12,9.9871698295e-13,2.0672633218e-13,0
923,34144,42001,3.0264284184e-12,-2.3396095586e-12,2.8711157373e-13,0
923,7930,42007,6.6443432310e-12,2.4361662514e-12,1.0662172860e-12,0
923,17533,42004,4.5942719055e-12,-3.4429585416e-13,-3.9699113666e-13,0
923,18937,42010,3.3387063000e-12,-1.3430250421e-12,3.5307121388e-13,0
923,35659,42001,6.3734371831e-12,-3.2292878536e-12,-3.2292378702e-13,0
924,18937,42010,4.4059964051e-12,-2.1969618091e-12,-1.0691129604e-13,0
924,6787,42003,6.9311143648e-12,-1.3490828442e-12,-5.0906655259e-13,0
924,7930,42007,7.9093341180e-12,-2.8692789395e-12,8.3530874547e-13,0
924,16192,42001,5.5325074914e-12,-3.2756378980e-12,-3.7568187254e-13,0
924,17533,42004,6.2849702624e-12,-3.5306898050e-12,-7.4295891414e-13,0
924,34144,42001,5.8207402313e-12,-2.7743313972e-12,-1.1187923128e-13,0
924,5113,42011,3.8420002366e-12,1.8480274024e-12,9.5408837952e-13,0
924,35659,42001,5.7058530741e-12,-1.8316562258e-12,-5.0608940960e-13,0
925,34144,42001,6.3373592942e-12,-3.7217441150e-12,-4.5997680979e-13,0
925,6787,42003,4.8950645733e-12,1.7944968081e-13,-5.8115639817e-13,0
925,35659,42001,5.1796426600e-12,-1.7105293611e-12,-6.7714234571e-13,0
925,5113,42011,3.2315174980e-12,-3.1524474119e-12,-1.7468800474e-13,0
925,16192,42001,6.2808794680e-12,4.5976208730e-12,4.9811640201e-13,0
925,7930,42007,4.2081414457e-12,-1.6793258482e-14,5.0413638066e-13,0
925,17533,42004,4.7980435502e-12,-3.8952290468e-12,-8.0708208177e-13,0
925,18937,42010,5.6255225330e-12,-4.6769061899e-13,-4.5733359737e-13,0
926,2425,42006,4.9935426487e-12,-4.1970874003e-16,-4.1970874003e-17,0
926,18937,42010,8.8796976783e-12,8.2411331267e-12,5.8539579735e-13,0
926,7930,42007,2.9572179152e-12,1.3249465472e-12,3.2754427792e-13,0
926,5113,42011,4.0175701669e-12,3.8969846504e-12,4.3599756268e-13,0
926,16192,42001,3.0031536179e-12,7.6307292050e-13,7.1818629025e-13,0
926,34144,42001,4.3128867888e-12,2.2661062498e-12,-2.3781773363e-13,0
926,6787,42003,2.0056397488e-12,-1.1480201657e-13,-4.9026981807e-13,0
926,17533,42004,4.7275443017e-12,-1.8484044505e-13,-1.1194041307e-12,0
926,35659,42001,4.2505327273e-12,2.2379157418e-12,-4.5335077153e-13,0
927,34144,42001,3.4308394917e-12,5.5578815780e-13,-6.4337223863e-14,0
927,7930,42007,2.2344779737e-12,6.2620413878e-13,4.7275154752e-13,0
927,2425,42006,3.5986010236e-12,2.4068446534e-12,2.4064249447e-13,0
927,6787,42003,4.3557096564e-12,-1.9207022249e-12,-5.2417685423e-13,0
927,35659,42001,4.3708539342e-12,-3.7190433675e-12,-8.2525510828e-13,0
927,16192,42001,3.4610142623e-12,-1.6255695590e-12,5.2513542719e-13,0
927,17533,42004,1.8040677384e-12,1.5471802500e-12,-8.3972885916e-13,0
927,18937,42010,2.8016737987e-12,-5.3585829457e-13,4.1613721807e-13,0
927,5113,42011,3.1791638025e-12,1.3697302763e-12,3.0714944887e-13,0
928,6787,42003,8.8003903727e-12,7.9462800089e-12,3.4958490304e-13,0
928,5113,42011,6.6734585320e-12,3.5393261926e-12,1.5456019340e-13,0
928,18937,42010,5.8665905112e-12,3.0144684794e-12,1.0304124715e-12,0
928,16192,42001,7.1579211440e-12,2.7922409945e-12,6.5432693221e-13,0
928,34144,42001,7.4691564629e-12,2.2424565797e-12,7.6080105200e-14,0
928,7930,42007,1.6468996604e-12,1.0098391882e-12,1.1686391445e-13,0
928,17533,42004,5.1720724019e-12,7.5937277271e-13,-3.9597043115e-13,0
928,35659,42001,5.3191624667e-12,-4.6611073694e-13,-8.7186618197e-13,0
928,2425,42006,6.5181894739e-12,-2.2933622041e-13,2.1770887242e-13,0
929,34144,42001,5.1518144557e-12,-3.0889693883e-13,2.3088028466e-14,0
929,7930,42007,3.1247573815e-12,-1.6359341718e-12,4.3623128795e-13,0
929,35659,42001,3.9795103595e-12,2.0466903549e-12,-6.6719714649e-13,0
929,18937,42010,5.0525953104e-12,-2.3265554421e-12,1.0931825643e-12,0
929,16192,42001,2.5880259333e-12,1.1086496732e-12,3.3271983588e-13,0
929,17533,42004,2.5839088587e-12,-1.8479145953e-12,-1.1523477976e-12,0
929,6787,42003,5.5919889944e-12,-6.2548722755e-13,3.9775134367e-13,0
929,2425,42006,4.0723368444e-12,2.8280300950e-12,5.0051188192e-13,0
929,5113,42011,4.3812005656e-12,-3.0527576683e-12,3.8970679738e-14,0
930,6787,42003,4.5006152025e-12,-7.0498828633e-13,3.0631395350e-13,0
930,41203,42006,5.6061690234e-12,4.7407384787e-17,4.7407384787e-18,0
930,7930,42007,4.4314451612e-12,-4.3740661655e-12,-5.9642191861e-13,0
930,34144,42001,2.9979544960e-12,2.0471755098e-12,2.8331544047e-13,0
930,2425,42006,4.5468349907e-12,2.0841913585e-12,7.0893101777e-13,0
930,18937,42010,2.9410377045e-12,-2.7469446618e-12,7.1324102315e-13,0
930,16192,42001,2.1921248561e-12,-5.1080183251e-13,4.0895907737e-13,0
930,35659,42001,6.7697444739e-12,-1.9843845437e-12,-8.6563560086e-13,0
930,17533,42004,7.7210377560e-12,1.7069959677e-12,-8.3663278807e-13,0
930,5113,42011,8.2883473925e-12,4.6523042009e-12,5.6769857393e-13,0
931,34144,42001,3.5302569517e-12,-4.0180514460e-13,-1.1892653801e-13,0
931,7930,42007,4.4398906532e-12,3.1615456912e-12,-1.0361332929e-13,0
931,35659,42001,3.5444100201e-12,-2.4188232347e-13,-8.8982383321e-13,0
931,18937,42010,3.5248276372e-12,1.3080201906e-12,2.8170819700e-13,0
931,16192,42001,2.6894400552e-12,-1.2785020631e-12,2.2890996854e-13,0
931,6787,42003,7.7841365476e-12,2.0230906323e-12,2.5435754753e-13,0
931,17533,42004,8.0936491666e-12,-1.8467742363e-12,-9.7895447520e-13,0
931,41203,42006,1.0142474443e-12,-8.2157985018e-13,-8.2153244280e-14,0
931,5113,42011,8.4921539577e-12,-8.3944068127e-12,2.8885050280e-13,0
931,2425,42006,3.7171668686e-12,-3.1917890134e-12,3.8975211643e-13,0
932,41203,42006,7.5257688181e-12,-4.1714855638e-12,-4.9930180066e-13,0
932,16192,42001,8.9584954206e-12,1.3993773656e-12,5.7019878574e-13,0
932,34144,42001,4.1310854388e-12,-2.0207804246e-12,-4.4556410818e-13,0
932,18937,42010,5.1267449435e-12,-1.3296273272e-12,1.6169586008e-13,0
932,5113,42011,9.4459141096e-12,8.5267241319e-12,1.0232201945e-12,0
932,17533,42004,3.2398867236e-12,4.6380361299e-13,-7.1723913793e-13,0
932,35659,42001,2.1386096765e-12,-5.0256424917e-13,-9.4008525647e-13,0
932,7930,42007,2.5271021305e-12,-2.1782756477e-12,-2.5156463661e-13,0
932,2425,42006,5.9729119351e-12,-5.1134362260e-12,-1.2159150618e-13,0
932,6787,42003,4.2803736103e-12,-9.9894246149e-13,3.3401105748e-13,0
933,7930,42007,3.5761645881e-12,1.8743650554e-12,-3.0774475622e-13,0
933,34144,42001,7.3502390205e-13,-4.8604569704e-13,-2.6020772202e-13,0
933,6787,42003,5.2963375618e-12,1.4739660752e-12,5.9087813363e-13,0
933,35659,42001,1.4441655755e-12,-6.5206971566e-13,-6.8236344267e-13,0
933,16192,42001,1.5583813159e-12,8.9397381996e-13,4.8644242942e-13,0
933,18937,42010,5.4972481689e-12,3.9111602733e-12,6.8711439162e-13,0
933,2425,42006,5.7278631834e-12,2.5724417351e-12,1.3565266733e-13,0
933,17533,42004,2.1098393431e-12,-1.6322694116e-12,-8.4603649367e-13,0
933,5113,42011,3.6053676236e-12,-2.1843716947e-12,7.0491132669e-13,0
933,41203,42006,2.3935795150e-12,1.5736703118e-13,-4.8356509754e-13,0
934,7930,42007,2.1475509531e-12,1.2831976957e-12,1.0750290731e-13,0
934,34144,42001,1.8095341434e-12,-1.4780843755e-12,-1.3058301984e-13,0
934,2425,42006,4.3962081596e-12,-2.6562724794e-13,1.0908994254e-13,0
934,18937,42010,3.7619913651e-12,3.7063852251e-12,1.2774490950e-12,0
934,41203,42006,6.4052044093e-12,1.6298552872e-12,-3.2057956881e-13,0
934,35659,42001,2.4471351647e-12,1.9837467843e-14,-4.9721407331e-13,0
934,16192,42001,7.6235198222e-12,-3.7730534358e-12,4.3670087564e-13,0
934,5113,42011,1.0714549325e-11,-8.3493324740e-12,-3.1482466096e-13,0
934,6787,42003,9.5549219540e-12,7.2148188293e-12,1.4472683010e-12,0
934,17533,42004,5.1203739074e-12,-2.8290147684e-12,-7.7586899001e-13,0
935,16192,42001,4.0859340799e-12,-2.4371038342e-12,-2.6677159508e-13,0
935,18937,42010,4.3244088128e-12,-3.2076961656e-12,1.0034485404e-12,0
935,17533,42004,1.4911828402e-12,-6.9000496398e-13,-4.5534658172e-13,0
935,34144,42001,4.6121157345e-12,-2.8104785595e-12,-3.9456464299e-14,0
935,7930,42007,3.3283720689e-12,1.9546606824e-13,1.2872883998e-13,0
935,41203,42006,2.2102453175e-12,1.8859796191e-12,-1.3198160691e-13,0
935,35659,42001,6.6397019831e-12,-9.4686791882e-13,-4.2084792908e-13,0
935,6787,42003,4.0354122809e-12,1.4321876512e-12,1.5725420980e-12,0
935,2425,42006,5.5283983369e-12,-1.6808403372e-12,-5.8994091178e-14,0
935,5113,42011,3.4902242537e-12,2.7071469242e-12,2.7113477265e-13,0
936,34144,42001,6.7332758194e-12,4.9254168158e-12,2.2647459230e-13,0
936,7930,42007,2.3033449029e-12,-5.1003986953e-14,-8.8662134379e-15,0
936,6787,42003,2.7973724619e-12,2.4994933162e-12,1.8339716313e-12,0
936,41203,42006,3.8609529536e-12,-9.4450954317e-13,-2.2643256122e-13,0
936,16192,42001,4.1963404570e-12,-3.3924837525e-12,-6.8232726238e-13,0
936,18937,42010,4.0713346887e-12,3.7778997418e-13,2.1711422512e-13,0
936,17533,42004,6.5151219807e-12,-2.9174670144e-12,-7.2860923865e-13,0
936,2425,42006,4.4050465331e-12,-6.0783274059e-13,-1.1973539436e-13,0
936,35659,42001,3.9734998426e-12,2.4217166406e-12,-4.0246783920e-13,0
936,5113,42011,7.7246935525e-12,2.6043681197e-12,1.4187311958e-13,0
937,16192,42001,4.7314892295e-12,-4.3126771475e-12,-9.5103802123e-13,0
937,5113,42011,3.6129436113e-12,5.4098006878e-13,5.8998098836e-14,0
937,7930,42007,3.1904308079e-12,4.3355274605e-13,-2.8131352711e-14,0
937,17533,42004,5.7229934645e-12,5.0341225300e-13,-8.3298603835e-13,0
937,18937,42010,5.3004351308e-12,4.7035127173e-12,7.4105132631e-13,0
937,34144,42001,4.3054357829e-12,-3.0916526874e-12,-1.3826949222e-13,0
937,35659,42001,5.9308372480e-12,-4.0082227466e-12,-4.3138577711e-13,0
937,2425,42006,1.5189432191e-12,-2.5463037316e-13,-3.8588289702e-13,0
937,6787,42003,4.7993286747e-12,-2.5082341726e-12,1.7752184365e-12,0
937,41203,42006,6.8198265312e-12,4.4858482812e-12,2.2215226690e-13,0
938,6787,42003,2.9080139082e-12,2.5473162190e-12,1.2353220575e-12,0
938,41203,42006,4.9721712637e-12,-3.2888595989e-12,-1.0673369299e-13,0
938,34144,42001,4.5578136398e-12,1.0414658853e-12,-2.5836856166e-13,0
938,18937,42010,6.4091384235e-12,2.3706521506e-12,6.7666969343e-13,0
938,7930,42007,3.3588401750e-12,-1.2697168744e-12,-2.5608695897e-13,0
938,35659,42001,4.5160672929e-12,3.3552190836e-12,-4.9252795049e-14,0
938,2425,42006,5.4045884292e-12,-4.5512316276e-12,-8.1807243774e-13,0
938,16192,42001,4.0772699965e-12,2.0937825485e-13,-1.2093242952e-12,0
938,17533,42004,8.6305267486e-12,-6.0503132730e-12,-1.5139546429e-12,0
938,5113,42011,3.5866799313e-12,-2.4125076998e-13,-3.1905959742e-13,0
939,7930,42007,4.1916399255e-12,1.7148002357e-12,7.8986481781e-14,0
939,18937,42010,5.3940621575e-12,1.4567511745e-12,1.0550003551e-12,0
939,16192,42001,7.3251295845e-12,-1.6717539417e-12,-1.4873646567e-12,0
939,5113,42011,6.9889231093e-12,2.0768300352e-12,1.9389917292e-13,0
939,17533,42004,1.8560823097e-12,-1.6452931125e-12,-1.4936924946e-12,0
939,34144,42001,5.3638841416e-12,5.2729744541e-12,2.9981857763e-13,0
939,35659,42001,4.4155095284e-12,1.4825087309e-12,-1.0567095745e-13,0
939,6787,42003,5.7544614977e-12,-4.0964546777e-12,8.8822531251e-13,0
939,41203,42006,5.3736919348e-12,1.8452226977e-12,7.7788576780e-14,0
939,2425,42006,5.1461410799e-12,6.4755060430e-13,-1.0361203868e-12,0
940,41203,42006,4.6608320658e-12,3.1683269114e-12,3.9461652719e-13,0
940,34144,42001,2.6581820705e-12,-1.9328654126e-12,-9.8185514615e-14,0
940,6787,42003,8.6259207016e-12,6.5549816709e-12,1.6142223082e-12,0
940,16192,42001,8.0857463741e-12,-7.6664860936e-12,-2.2029330828e-12,0
940,17533,42004,9.0561323136e-12,3.4692286861e-12,-1.3174692228e-12,0
940,35659,42001,1.2568731233e-11,3.2682712788e-12,4.1959462480e-13,1
940,7930,42007,8.8398372306e-12,-8.1931041534e-12,-3.0291731701e-13,0
940,18937,42010,2.8485702861e-12,2.5769253682e-13,1.3554640750e-12,0
940,2425,42006,6.6598408329e-12,9.7769947101e-13,-1.1467695756e-12,0
940,5113,42011,8.8699279986e-12,-8.0006262624e-12,-1.0713938734e-12,0
941,34144,42001,4.2950291081e-12,-2.1381304513e-12,-2.7181804528e-13,0
941,18937,42010,4.3162403386e-12,-1.2769015267e-12,1.0969719032e-12,0
941,5113,42011,5.8213113710e-12,-4.8616276754e-12,-7.1811595967e-13,0
941,16192,42001,6.5042376527e-12,4.0874734970e-13,-2.0342081415e-12,0
941,7930,42007,1.2358268221e-12,-1.6890492041e-13,-6.3596237817e-13,0
941,2425,42006,6.3718941055e-12,-4.3813419754e-12,-1.2657248718e-12,0
941,6787,42003,6.5160568353e-12,-2.3843774412e-12,1.1734755009e-12,0
941,17533,42004,4.6269834929e-12,-2.2535058749e-12,-1.3581423867e-12,0
941,41203,42006,2.7511015992e-12,-1.3962811016e-12,3.3714640204e-13,0
942,7930,42007,1.1077146727e-11,-9.4804876616e-12,-1.3661835796e-12,1
942,34144,42001,4.1988267064e-12,-2.7810904866e-12,-3.4784905148e-13,0
942,18937,42010,4.0458304647e-12,2.8696345994e-13,1.2586309819e-12,0
942,16192,42001,6.0277782491e-12,-4.3016808963e-12,-2.6043139677e-12,0
942,41203,42006,1.9334605662e-12,1.8769100568e-12,9.4198596410e-13,0
942,6787,42003,4.6046748963e-12,-5.2639572662e-13,1.2207301744e-12,0
942,17533,42004,7.4207603901e-12,3.9907003856e-12,-1.0054527094e-12,0
942,2425,42006,4.8791012754e-12,-3.2057169553e-13,-7.8643841870e-13,0
942,5113,42011,6.0666567242e-12,1.9465591552e-12,-1.3761324573e-12,0
943,5113,42011,2.9242611589e-12,2.0768657611e-12,-9.5000871175e-13,0
943,34144,42001,4.6930362969e-12,-2.6396997848e-12,-5.6321446026e-13,0
943,2425,42006,4.7813406452e-12,-6.7396577624e-13,-1.1110791698e-12,0
943,6787,42003,8.1650055610e-12,-1.0866602172e-12,9.6466754512e-13,0
943,18937,42010,5.1896826944e-12,-3.5209818636e-12,5.1541676824e-13,0
943,16192,42001,8.7993932604e-12,-2.4426150257e-12,-2.9379728523e-12,0
943,41203,42006,1.4696784103e-12,5.3281109325e-13,9.7953037030e-13,0
943,17533,42004,3.5942079875e-12,-9.6124618408e-14,-8.5183823008e-13,0
944,18937,42010,7.6555156788e-12,-1.6908124131e-12,-2.4302995578e-14,0
944,41203,42006,8.2329976550e-12,-7.3539845527e-12,8.1146386315e-14,0
944,16192,42001,9.4523758003e-12,-7.6768666611e-12,-3.3283541748e-12,0
944,6787,42003,2.3593933485e-12,-1.4429379269e-12,9.8891869492e-14,0
944,17533,42004,5.1221794354e-12,4.1769235943e-12,-1.5124439381e-13,0
944,34144,42001,3.6189286984e-12,2.7827887085e-12,-1.3712715185e-13,0
944,35659,42001,5.7682076657e-12,7.0524574547e-17,7.0524574547e-18,0
944,5113,42011,5.4051600494e-12,1.8977899958e-12,7.4703535232e-14,0
944,2425,42006,4.1030596445e-12,1.1968675978e-12,-9.6482968526e-13,0
945,34144,42001,7.0640900392e-12,-4.6371906722e-12,-3.1979836312e-13,0
945,2425,42006,3.9940300020e-12,2.6501239469e-12,-5.3173325686e-13,0
945,16192,42001,4.3055892912e-12,1.2253490564e-12,-2.9621088858e-12,0
945,35659,42001,2.4281913875e-12,2.1665542510e-12,2.1666247755e-13,0
945,18937,42010,4.3395730736e-12,-2.0229577708e-12,9.4170843899e-14,0
945,17533,42004,3.6100576096e-12,1.7398990421e-12,9.1746006795e-14,0
945,5113,42011,3.0522927846e-12,2.7748890663e-12,8.1477749446e-14,0
945,6787,42003,5.2662408278e-12,-2.6384575013e-13,-7.0711470640e-14,0
945,41203,42006,4.9004079130e-12,3.3313583078e-12,2.2568425519e-13,0
946,41203,42006,3.7977259383e-12,-3.7899538837e-12,-5.8860178858e-14,0
946,18937,42010,2.8605247963e-12,-1.6393780092e-12,-1.0754595444e-13,0
946,34144,42001,2.8908903682e-12,-1.3303876196e-12,-9.4537880665e-13,0
946,6787,42003,4.9990406380e-12,-2.2404761575e-12,-5.4470841800e-13,0
946,35659,42001,1.9871792255e-12,-1.2743580389e-12,8.9226673659e-14,0
946,2425,42006,1.4670985245e-12,1.1715892398e-12,-3.5379105882e-13,0
946,16192,42001,3.7945108293e-12,-1.0441035600e-12,-2.7272708665e-12,0
946,17533,42004,5.2295136355e-12,-1.2106326278e-13,3.7138638195e-13,0
946,5113,42011,3.2758562896e-12,-1.3355585276e-12,-3.1251491529e-13,0
947,18937,42010,3.8099953628e-12,-1.7877497936e-12,-7.5667220552e-13,0
947,16192,42001,3.3375339904e-12,-3.2748771481e-13,-2.3287519232e-12,0
947,17533,42004,7.4888401475e-12,7.2046868010e-12,1.0415138368e-12,0
947,5113,42011,6.2666604994e-12,4.6496139511e-12,9.8348472948e-14,0
947,34144,42001,7.3361337702e-12,-5.9643938445e-12,-1.2326529224e-12,0
947,2425,42006,6.2668489068e-12,-4.3023213312e-12,-7.5856015462e-13,0
947,35659,42001,3.0313871115e-12,1.8173718109e-12,2.7096385475e-13,0
947,6787,42003,3.6614310118e-12,-1.0161048922e-13,-3.0404604966e-13,0
947,41203,42006,3.6098433734e-12,-2.8280878609e-12,-7.9025379308e-13,0
948,5113,42011,5.3389876232e-12,-2.5220223418e-12,-1.2972868423e-13,0
948,34144,42001,4.7180069445e-12,-2.6856781858e-12,-1.6053673295e-12,0
948,41203,42006,6.2479230353e-12,2.6910630615e-12,-1.9226152704e-13,0
948,6787,42003,2.9229254616e-12,-1.9135551987e-12,-7.5013319143e-13,0
948,35659,42001,6.8902284700e-12,-4.5557167879e-12,-1.8460782404e-13,0
948,16192,42001,9.6377107354e-12,-6.4927538691e-12,-2.9989651356e-12,1
948,2425,42006,3.1340371302e-12,-2.3618460106e-13,-3.2705545197e-13,0
948,18937,42010,4.9850845490e-12,-3.9503994482e-13,-1.0332414151e-12,0
948,17533,42004,5.2545989454e-12,-4.6903016252e-12,1.1775150015e-12,0
949,5113,42011,7.9675251352e-12,-5.4199243613e-12,-8.7940412387e-13,0
949,17533,42004,5.4760266713e-12,9.7298645847e-13,1.4393429586e-12,0
949,34144,42001,4.3754026708e-12,5.4440978345e-13,-2.0782237965e-12,0
949,18937,42010,7.2187607873e-12,-6.1622443984e-12,-1.7951409724e-12,0
949,2425,42006,7.6758253795e-12,-5.9886447306e-12,-9.9067498545e-13,0
949,41203,42006,6.0399156540e-12,-4.8437522454e-12,-8.6115902135e-13,0
949,6787,42003,4.0538842974e-12,3.0659468204e-12,-3.3893041625e-14,0
949,35659,42001,4.4770483447e-12,1.5975833906e-12,-2.4849484986e-14,0
950,34144,42001,5.5236928762e-12,-4.9233572755e-12,-2.3772729828e-12,0
950,35659,42001,2.6706970758e-12,6.1507552089e-13,3.6658067103e-14,0
950,2425,42006,3.9333648001e-12,2.7060338408e-13,-1.0613845941e-12,0
950,41203,42006,4.4352714071e-12,1.6598657358e-12,-1.0120051389e-12,0
950,18937,42010,3.7688055987e-12,2.6475713677e-13,-1.7944345124e-12,0
950,5113,42011,4.1656025294e-12,9.0194996985e-13,1.0853499346e-14,0
950,6787,42003,3.4850711482e-12,-2.0191459919e-12,-8.9130580791e-13,0
950,17533,42004,4.7479394654e-12,1.3343926100e-12,1.2258593510e-12,0
951,17533,42004,2.8316351757e-12,4.1627560778e-13,1.4928374993e-12,0
951,6787,42003,4.3423829821e-12,2.7331505873e-12,-3.7955300506e-13,0
951,18937,42010,3.4993709471e-12,-8.2057448538e-13,-1.7488018082e-12,0
951,34144,42001,3.5595458459e-12,-1.1801453262e-12,-2.2814744703e-12,0
951,5113,42011,4.7209289856e-12,-2.7451037408e-12,2.2250589280e-13,0
951,41203,42006,4.4740006695e-12,-3.9711804895e-12,-1.2694950777e-12,0
951,35659,42001,3.7720150904e-12,-3.2715826138e-12,-2.9050019427e-13,0
951,2425,42006,2.7215410517e-12,-2.2544481738e-12,-8.4869521398e-13,0
952,6787,42003,1.0444704583e-11,-7.7783117080e-12,-1.1047446032e-12,0
952,34144,42001,7.1759554325e-12,-5.1763634021e-12,-2.5210017619e-12,0
952,2425,42006,7.3433770752e-12,7.0663893242e-12,-1.0999911201e-13,0
952,41203,42006,9.1978005282e-12,3.9207718856e-12,-1.0651088948e-12,0
952,35659,42001,2.4378651935e-12,4.9151882275e-14,-2.8558500605e-13,0
952,5113,42011,4.2869405677e-12,-6.0266975804e-13,-3.2416998525e-14,0
952,18937,42010,8.9531071948e-13,-5.9434327227e-13,-1.8369324814e-12,0
952,17533,42004,6.2041655083e-12,-6.1527890026e-12,4.7848856047e-13,0
953,6787,42003,4.8785493750e-12,2.5357528334e-13,-9.7072105314e-13,0
953,17533,42004,2.4431076845e-12,1.0552514035e-12,5.9362616266e-13,0
953,5113,42011,4.1616889716e-12,3.7616058843e-13,-2.0248751580e-13,0
953,34144,42001,3.3642507648e-12,-3.0187639099e-12,-2.5589081744e-12,0
953,18937,42010,2.3019066587e-12,1.3182308708e-12,-1.3530112080e-12,0
953,41203,42006,4.5223027663e-12,-1.5908119531e-13,-1.1342981237e-12,0
953,35659,42001,1.0109647257e-11,5.8096117049e-12,2.9537616444e-13,0
953,2425,42006,6.5155416096e-12,-4.5241242424e-12,-4.9501495862e-13,0
954,6787,42003,4.6985916420e-12,-3.8966412745e-12,-1.2160913879e-12,0
954,34144,42001,5.3085580058e-12,-1.8219722905e-12,-3.0193842743e-12,0
954,41203,42006,2.9687064329e-12,-5.6047524916e-13,-4.5494719332e-13,0
954,18937,42010,2.0371528340e-12,-1.3389064141e-12,-1.3178206081e-12,0
954,35659,42001,5.1542261509e-12,1.7906588251e-12,4.7443499450e-13,0
954,5113,42011,1.8190496113e-12,7.2839959076e-13,-3.1942655630e-13,0
954,17533,42004,2.3070262066e-12,-1.5960747093e-12,1.6326332305e-14,0
954,2425,42006,3.6255942736e-12,-5.8447780070e-13,-6.7314949847e-13,0
955,6787,42003,4.8289717654e-12,-7.9045658063e-13,-1.2687524709e-12,0
955,37006,42006,3.0495809064e-12,1.2789686341e-16,1.2789686341e-17,0
955,34144,42001,6.1503598450e-12,-5.2164089708e-12,-3.0773061041e-12,0
955,17533,42004,4.0410949343e-12,2.2330893675e-12,6.5645364845e-14,0
955,35659,42001,5.2668233951e-12,-2.7373834460e-12,-1.5958775194e-14,0
955,5113,42011,3.9665191463e-12,3.3464703916e-12,-2.6226842377e-13,0
955,18937,42010,7.9950690379e-12,1.8443553461e-12,-9.3108929641e-13,0
955,41203,42006,4.6528145928e-12,2.0991375029e-12,-5.7816927382e-13,0
955,2425,42006,4.3274729464e-12,2.5948114082e-12,-6.7868075234e-13,0
956,2425,42006,6.9661364873e-12,2.4163041944e-12,-5.5420925688e-13,0
956,41203,42006,1.0195214105e-11,1.8674903297e-12,-1.2424852483e-14,0
956,18937,42010,4.0837134255e-12,3.2470520520e-12,-4.4244629029e-13,0
956,34144,42001,5.6591597086e-12,-4.0938307902e-13,-2.9852056501e-12,0
956,35659,42001,1.1544261930e-12,-1.0918650053e-12,2.2905281672e-15,0
956,5113,42011,7.2806780417e-13,6.1974798606e-13,-6.6737772410e-14,0
956,37006,42006,9.5605035665e-12,3.9240611735e-12,3.9241890704e-13,0
956,6787,42003,7.1437969972e-12,2.2533875904e-12,-8.1936609616e-13,0
956,17533,42004,3.4418682329e-12,-1.1588046328e-12,-3.8128772161e-14,0
957,37006,42006,5.5124177421e-12,-1.3004063043e-13,3.7941484400e-13,0
957,2425,42006,5.0493758576e-12,5.1885980071e-13,-7.2091143685e-14,0
957,34144,42001,8.8275502074e-13,3.5746366919e-13,-2.3530198987e-12,0
957,6787,42003,5.5055199213e-12,2.9352543061e-13,-7.7985250418e-13,0
957,35659,42001,1.6486383615e-12,9.9059109139e-13,-8.0387543785e-14,0
957,18937,42010,3.6471930554e-12,-1.9198855549e-12,-4.5565986642e-13,0
957,5113,42011,1.9763158651e-12,-3.5250635225e-13,-5.6694980275e-13,0
957,41203,42006,5.1755620569e-12,-3.9555311420e-12,-1.2516918059e-13,0
957,17533,42004,1.4449498497e-12,-5.8344694365e-13,-8.1694214662e-13,0
958,18937,42010,5.5666887459e-12,8.6787746540e-13,-3.2936812540e-13,0
958,17533,42004,6.9687811711e-12,5.4660790773e-12,1.9869592363e-13,0
958,41203,42006,2.3343446343e-12,-7.8594681992e-13,-4.7287016873e-13,0
958,34144,42001,4.7758483207e-12,-4.7187497918e-12,-2.5563270593e-12,0
958,37006,42006,4.4762586472e-12,1.8075266911e-12,5.6016751311e-13,0
958,5113,42011,6.3665508154e-12,2.5425913142e-13,-2.8932165543e-13,0
958,35659,42001,3.2476010562e-12,-1.2037443363e-13,3.6314669164e-13,0
958,6787,42003,5.3523461256e-12,-1.7090562212e-12,-7.5940260643e-13,0
958,2425,42006,1.4598983320e-11,6.1997176199e-12,5.7149907841e-13,1
959,2425,42006,4.3683770411e-12,-2.9815438839e-16,-2.9815438839e-17,0
959,34144,42001,6.3065499475e-12,4.7953961796e-12,-2.1312284197e-12,0
959,18937,42010,5.2327956451e-12,-1.2288170392e-12,1.6397461052e-13,0
959,37006,42006,7.9396867185e-12,-5.6023740525e-12,-6.9892143108e-17,0
959,35659,42001,3.7789103270e-12,3.5268409379e-12,5.5607244638e-13,0
959,5113,42011,2.4423053692e-12,1.2041905948e-12,3.7308984018e-13,0
959,17533,42004,4.3288933693e-12,-1.8774202435e-12,-8.6344746563e-14,0
959,6787,42003,5.1170567733e-12,3.6239296346e-12,-7.0360432500e-13,0
959,41203,42006,7.8015517936e-12,-5.8753657980e-12,-5.7603152399e-13,0
960,6787,42003,3.3440980909e-12,-1.8877730539e-12,-6.9046703120e-13,0
960,5113,42011,2.5794234569e-12,1.4537580145e-12,4.2827064465e-13,0
960,17533,42004,7.4809027479e-12,5.2840203574e-12,3.0861802817e-13,0
960,18937,42010,6.3200104382e-12,1.8606444825e-12,3.2356334509e-13,0
960,37006,42006,8.7842635257e-12,6.7133033221e-12,6.7126044007e-13,0
960,34144,42001,7.3231473397e-12,-5.5605687096e-12,-2.1949495631e-12,0
960,35659,42001,6.3610969861e-12,-7.9151853039e-13,4.1541304125e-13,0
960,41203,42006,7.6221098611e-12,7.3289450244e-12,-9.1235951352e-15,0
960,2425,42006,1.1394586378e-11,8.8083355146e-12,8.8080373602e-13,0
961,37006,42006,6.7576167834e-12,-5.0200310286e-12,1.6925733721e-13,0
961,2425,42006,4.1960816367e-12,-2.4461868209e-12,6.3618505394e-13,0
961,41203,42006,9.9179292354e-12,-9.0802877363e-12,-5.2003431982e-13,0
961,34144,42001,6.9926535155e-12,-9.7315916435e-13,-2.1742509469e-12,0
961,35659,42001,5.8959603492e-12,3.1487334940e-13,7.7405863757e-13,0
961,18937,42010,7.6971614432e-12,-5.1125216650e-12,-1.0563137287e-13,0
961,5113,42011,3.1046198077e-12,1.5636142008e-12,8.5914243881e-13,0
961,6787,42003,6.7468949764e-12,3.8448053893e-12,-5.7930155099e-13,0
961,17533,42004,5.1971210149e-12,-6.4513333079e-14,2.6053913409e-13,0
962,18937,42010,2.9535588600e-12,8.9892274126e-14,-3.7207818234e-14,0
962,6787,42003,4.0354916666e-12,-3.9877947202e-12,-2.0024985221e-13,0
962,5113,42011,7.8583004526e-12,-3.9055891361e-12,5.2885050101e-13,0
962,34144,42001,4.4860417844e-12,-6.5166193373e-13,-1.7217808001e-12,0
962,35659,42001,5.8306823455e-12,-1.5639222654e-12,6.1275122280e-13,0
962,41203,42006,4.3013992391e-12,2.7666907890e-12,-6.3544242948e-13,0
962,17533,42004,2.2138270702e-12,1.4189902477e-12,1.0177170591e-12,0
962,37006,42006,8.9420182264e-12,4.8825218022e-12,6.5750951743e-13,0
962,2425,42006,8.8798536825e-12,8.1051555886e-12,1.4467006128e-12,0
963,37006,42006,3.5001661562e-12,-3.0042735616e-12,3.5708216126e-13,0
963,2425,42006,4.4990178429e-12,-3.1115345869e-12,1.1355471541e-12,0
963,34144,42001,5.4722425471e-12,3.4912311740e-12,-1.0707812917e-12,0
963,17533,42004,4.8259505263e-12,-4.1753876852e-13,8.7043804191e-13,0
963,35659,42001,4.5316687774e-12,1.4086300211e-12,1.7265305442e-13,0
963,41203,42006,9.1246485812e-12,-8.2423251163e-12,-1.4437668216e-12,1
963,18937,42010,7.4737814199e-12,-6.8239312661e-12,-8.5142403192e-13,0
963,6787,42003,6.3937847571e-12,4.3524242731e-12,2.0963504677e-13,0
963,5113,42011,8.2360550497e-12,4.4648283216e-12,9.3771727433e-13,0
964,2425,42006,4.5389310389e-12,2.7929489807e-12,1.4148420522e-12,0
964,5113,42011,1.1475635425e-11,-5.2077187122e-12,3.4410544403e-13,0
964,18937,42010,5.4196532391e-12,5.1012517200e-12,-2.0740821852e-13,0
964,34144,42001,1.8265739539e-12,-1.4749965688e-12,-1.0360837195e-12,0
964,6787,42003,5.3694050026e-12,8.8171448115e-13,6.8747062233e-13,0
964,35659,42001,2.4205824370e-12,1.6763800727e-12,1.6122517918e-13,0
964,17533,42004,1.2303019273e-12,-6.3504480590e-13,9.6654103225e-13,0
964,37006,42006,6.4396372042e-12,6.0788522564e-12,9.6496738690e-13,0
965,37006,42006,3.9148129672e-12,2.6769034220e-13,9.9172363144e-13,0
965,5113,42011,7.5224296420e-12,2.8160635435e-12,2.9106475922e-13,0
965,34144,42001,1.6294319392e-12,-1.2377941340e-12,-6.3822223584e-13,0
965,17533,42004,2.6008948589e-12,-8.6011818489e-13,6.5722027701e-13,0
965,35659,42001,7.2893540210e-12,-6.1595475744e-13,3.7336804803e-13,0
965,6787,42003,4.2704096419e-12,1.2858950448e-12,8.9510578488e-13,0
965,18937,42010,4.8836308561e-12,-3.8846994860e-12,-7.8031370172e-13,0
965,2425,42006,6.0471025472e-12,-1.3993801904e-12,1.2749040331e-12,0
966,18937,42010,8.1278218192e-12,5.0743091381e-12,-5.9758799311e-13,0
966,2425,42006,7.4351103546e-12,5.7207120862e-12,1.8469752418e-12,0
966,6787,42003,3.2024835603e-12,2.5221269301e-12,9.2197971885e-13,0
966,34144,42001,4.3675390903e-12,4.2745630068e-12,-1.6982762726e-13,0
966,17533,42004,5.7504647963e-12,-5.0891476192e-12,2.6418597838e-13,0
966,35659,42001,3.1939532388e-12,-1.6665477040e-12,3.1589977817e-13,0
966,37006,42006,8.1095144462e-12,-1.7945426207e-13,5.8137208788e-13,0
966,5113,42011,3.9450177422e-12,8.7846605323e-13,3.1693656593e-13,0
967,18937,42010,3.0669013219e-12,1.7821877241e-12,-2.2738066521e-13,0
967,37006,42006,5.9473351603e-12,-1.4637535090e-12,4.4800080002e-13,0
967,34144,42001,4.9890786464e-12,6.9745789969e-14,-1.9859941518e-13,0
967,35659,42001,5.7335223452e-12,-2.3338615280e-12,-1.6545483766e-14,0
967,17533,42004,8.4086549756e-12,5.9341897049e-12,9.1594964323e-13,0
967,6787,42003,3.9876716679e-12,1.7396432859e-12,1.0665915044e-12,0
967,2149,42003,1.2463839108e-12,5.2434914339e-17,5.2434914339e-18,0
967,5113,42011,3.9282840233e-12,3.1096635529e-12,6.6315355644e-13,0
967,2425,42006,3.0579793668e-12,-2.7702488286e-13,1.8192727535e-12,0
968,18937,42010,3.6309873585e-12,-2.8696012886e-12,-6.0112854061e-13,0
968,2149,42003,4.2155033665e-12,-1.1803428766e-12,-1.1802904417e-13,0
968,34144,42001,3.6827466559e-12,-2.9154765612e-12,-1.8272092128e-14,0
968,2425,42006,2.5390461577e-12,2.5851028229e-13,1.8451237817e-12,0
968,5113,42011,3.2699691223e-12,2.4250860204e-12,8.8023624534e-13,0
968,17533,42004,4.7131730273e-12,2.7256387913e-12,6.4190561463e-13,0
968,35659,42001,5.0504145320e-12,4.8743878820e-12,4.8293074779e-13,0
968,37006,42006,5.9933334197e-12,4.1456237698e-12,6.8181050789e-13,0
968,6787,42003,7.4901931426e-12,-3.8339164880e-12,8.5410547768e-13,0
969,2149,42003,4.7934238785e-12,4.7400815464e-12,3.5597911047e-13,0
969,2425,42006,5.0397301398e-12,-1.6642888882e-12,1.6787247083e-12,0
969,37006,42006,9.7879668294e-12,5.9604685638e-12,1.8380947695e-12,0
969,6787,42003,5.4357129444e-12,1.7328012179e-12,6.6499263601e-13,0
969,18937,42010,7.2455667089e-12,-6.3280353614e-12,-1.1110503728e-12,0
969,5113,42011,3.0387571329e-12,-2.0153386928e-12,5.5828331658e-13,0
969,34144,42001,8.8175877248e-12,-3.1659394057e-12,-8.1440565066e-13,0
969,17533,42004,4.1004314893e-12,3.2468746500e-12,1.1543351040e-12,0
969,35659,42001,4.4837863759e-12,-3.7761644895e-12,-2.4736979495e-13,0
970,2149,42003,6.3989953383e-12,-2.6276230562e-12,9.3216804857e-14,0
970,2425,42006,3.7874032582e-12,-2.1581478607e-12,5.8207637079e-13,0
970,34144,42001,4.3469133411e-12,1.4741397734e-12,-1.1093480236e-13,0
970,35659,42001,3.5447505973e-12,2.3370685353e-12,6.5488911626e-14,0
970,5113,42011,4.3555698745e-12,-2.4014239215e-12,1.7276512298e-13,0
970,18937,42010,5.1215848914e-12,-6.4891640988e-14,-1.3036039852e-12,0
970,17533,42004,3.5744654619e-12,2.2465231937e-12,8.5058538760e-13,0
970,37006,42006,7.4607664197e-12,1.4201810597e-12,1.3087825433e-12,0
970,6787,42003,3.1280717628e-12,-9.9264809762e-13,7.5450513163e-13,0
971,2149,42003,4.8096911973e-12,3.3573744289e-12,4.2895424774e-13,0
971,2425,42006,6.9987133820e-12,3.1012398856e-13,8.5770745173e-13,0
971,18937,42010,5.9600999220e-12,-4.1966344483e-12,-1.2120152635e-12,0
971,6787,42003,3.3504139266e-12,1.3710359016e-12,5.0712818286e-13,0
971,37006,42006,5.8155214938e-12,-2.0216220805e-13,1.7905694253e-12,0
971,17533,42004,5.6396137548e-12,3.1647905416e-14,8.6020151145e-13,0
971,34144,42001,3.5616054126e-12,-3.1312060223e-12,-3.2673948816e-13,0
971,5113,42011,4.8346563502e-12,2.8045957312e-12,2.9686327602e-13,0
971,35659,42001,3.6815718443e-12,-2.3800324316e-12,-2.0400166648e-13,0
972,34144,42001,3.4321496831e-12,2.2761344102e-12,-3.3959853769e-14,0
972,35659,42001,4.2526871506e-12,3.8691087801e-12,3.3930143807e-13,0
972,37006,42006,3.3847165245e-12,-7.7994495811e-13,1.2243227493e-12,0
972,5113,42011,6.0827535749e-12,3.2250201566e-12,1.0099242053e-12,0
972,18937,42010,2.9658780028e-12,2.9550426387e-12,-9.2550022705e-13,0
972,17533,42004,3.3469036183e-12,4.0979954611e-13,7.5928244130e-13,0
972,2149,42003,5.6445994895e-12,-1.3461212440e-12,2.9434212334e-13,0
972,6787,42003,2.3510207744e-12,2.3322950201e-12,1.1391371569e-12,0
972,2425,42006,5.1821236383e-12,-1.2812335043e-12,-8.0931457561e-14,0
973,6787,42003,1.6841786672e-12,-1.3420661511e-12,5.6968811448e-13,0
973,18937,42010,6.3467915025e-12,-6.2705266890e-12,-8.7015976934e-13,0
973,17533,42004,4.4603075019e-12,-1.7044003658e-12,6.3059628157e-13,0
973,2149,42003,5.0208943291e-12,-1.1658716728e-12,1.7775495606e-13,0
973,2425,42006,7.5203450151e-12,1.7543916348e-12,4.0566116461e-13,0
973,37006,42006,6.8114714441e-12,6.7311080635e-12,2.1978609118e-12,0
973,34144,42001,5.2749317967e-12,-3.4283017852e-12,-7.2591314969e-13,0
973,5113,42011,9.6027395272e-12,9.3250459925e-12,1.4959459724e-12,0
973,35659,42001,4.6702651497e-12,-3.6240121523e-12,-1.6396277927e-13,0
974,17533,42004,3.2368947865e-12,-7.5673918105e-13,6.1842684405e-13,0
974,37006,42006,4.9622914443e-12,2.3830169431e-12,1.8282773805e-12,0
974,5113,42011,3.2116770238e-12,1.7039849280e-13,2.0337576929e-12,0
974,34144,42001,3.5522368801e-12,2.4079568427e-12,-3.3761780855e-13,0
974,6787,42003,1.0076472427e-12,-4.6221686591e-13,4.3529497977e-13,0
974,35659,42001,4.4946353086e-12,2.6839886245e-12,-6.3201924091e-14,0
974,18937,42010,6.5692339253e-12,2.7003413156e-16,-1.3802579379e-12,0
974,2149,42003,5.6972669992e-12,-1.8855950430e-13,1.5889900563e-13,0
974,2425,42006,4.1936074465e-12,-2.1987413937e-12,-9.3507872837e-14,0
975,18937,42010,3.8978243825e-12,3.1894449793e-12,-6.7284349139e-13,0
975,6787,42003,7.6245516957e-12,-2.6499020785e-12,4.1715267436e-14,0
975,2149,42003,5.9691045439e-12,3.1031466336e-12,4.6921366899e-13,0
975,2425,42006,6.5378902536e-12,-6.8766751025e-13,-2.2336604820e-14,0
975,34144,42001,2.4173391728e-12,-1.5715526349e-12,-3.7099365864e-13,0
975,35659,42001,2.1022663644e-12,-1.4793887680e-12,-1.4954532515e-13,0
975,37006,42006,6.7396522188e-12,5.5718206346e-12,2.3586904097e-12,0
975,17533,42004,4.8490403458e-12,-1.6381865640e-13,6.8805679690e-13,0
975,5113,42011,4.7258270427e-12,2.3426565594e-12,1.9864169945e-12,0
976,6787,42003,5.0354738556e-12,-4.9425956689e-12,-7.0475699246e-13,0
976,5113,42011,4.5435781667e-12,-2.1601940505e-12,1.6825509841e-12,0
976,37006,42006,5.1763105239e-12,-3.2531963787e-12,2.0513161981e-12,0
976,34144,42001,4.6020722663e-12,-3.8997382217e-12,-1.1884237815e-12,0
976,17533,42004,4.4136156192e-12,4.1979237873e-12,1.6167639376e-12,0
976,35659,42001,3.4975730110e-12,-2.4226172810e-12,-2.2515228285e-13,0
976,18937,42010,8.5899455214e-12,-9.5705058106e-13,-1.2759794633e-12,0
976,2149,42003,6.8528278143e-12,-3.1508077986e-12,1.5413288913e-13,0
976,2425,42006,2.5664832718e-12,2.1492010774e-13,-5.7291580266e-13,0
977,6787,42003,6.1726924120e-12,2.6008133816e-12,-6.1863998288e-13,0
977,18937,42010,5.1970119205e-12,1.4207826333e-13,-1.4399904094e-12,0
977,17533,42004,3.2307341110e-12,1.9188873531e-12,1.2152337024e-12,0
977,34144,42001,3.3553743381e-12,-3.1359901590e-12,-1.5089973764e-12,0
977,35659,42001,2.0235728284e-12,-3.9116002277e-13,-3.0882132332e-14,0
977,37006,42006,5.6312851818e-12,9.3268457100e-13,2.2909600061e-12,0
977,2149,42003,7.8320579475e-12,5.5426411107e-12,7.0839175671e-13,0
977,2425,42006,4.0323872944e-12,-3.2848197077e-12,-8.7369528515e-13,0
977,5113,42011,5.2812206351e-12,3.4558571169e-12,1.7171703405e-12,0
978,18937,42010,3.2959580672e-12,1.4450625409e-12,-1.0085240264e-12,0
978,37006,42006,3.2525389040e-12,-1.4507763298e-12,1.7313199961e-12,0
978,5113,42011,3.9538935772e-12,-2.7497218414e-12,1.1996895543e-12,0
978,34144,42001,4.6425579370e-12,4.5911876662e-12,-7.5833095363e-13,0
978,2149,42003,4.3310394409e-12,-2.1158991664e-12,6.1483612773e-13,0
978,2425,42006,1.4096768882e-12,4.1802128930e-13,-8.5774418445e-13,0
978,35659,42001,1.0698173345e-11,3.7285261008e-12,-1.4546831045e-13,0
978,6787,42003,4.3248897373e-12,-2.7943850912e-12,-5.1468684320e-13,0
978,17533,42004,1.3780744366e-12,-7.5740333052e-14,9.3509578994e-13,0
979,18937,42010,1.2441817460e-12,-1.2400714969e-12,-4.9972763999e-13,0
979,6787,42003,3.4442278154e-12,-9.8155131044e-13,-7.8612209603e-13,0
979,5113,42011,4.4434049815e-12,-1.0774572150e-12,1.2934777021e-12,0
979,34144,42001,4.2905350535e-12,1.6999490711e-13,-4.2473752235e-13,0
979,37006,42006,6.4323263863e-12,2.4119939711e-12,1.3764725368e-12,0
979,35659,42001,5.6997832102e-12,-1.5804562571e-13,2.1634357593e-13,0
979,17533,42004,1.1895590159e-12,-8.1309688482e-13,5.2909863646e-13,0
979,2149,42003,5.6567498700e-12,4.8152885447e-12,6.2235682755e-13,0
979,2425,42006,9.6192147117e-12,-2.0758277718e-12,-8.9889807281e-13,0
980,37006,42006,3.0766864859e-12,-2.1956610230e-12,1.0148883286e-12,0
980,34144,42001,1.8017364420e-12,2.7946728435e-13,-5.4420477125e-13,0
980,2149,42003,3.6425663617e-12,2.4428971897e-12,1.1294088521e-12,0
980,2425,42006,1.9428995920e-12,7.8177401749e-13,-6.0490588500e-13,0
980,35659,42001,4.4095870659e-12,3.0826704483e-12,2.9090376722e-13,0
980,5113,42011,2.6581379529e-12,5.2395772674e-13,1.5860158669e-12,0
980,17533,42004,5.0400579633e-12,4.0628682290e-12,7.1073313999e-13,0
980,18937,42010,4.3888331911e-12,-2.0085944895e-12,-6.9409792484e-13,0
980,6787,42003,7.1276264434e-12,3.3665668367e-12,-3.5020060260e-13,0
981,18937,42010,6.8340329034e-12,-6.0633401212e-12,-8.8076849212e-13,0
981,5113,42011,4.9276051033e-12,1.9210464576e-12,1.4976609396e-12,0
981,34144,42001,5.0885801901e-12,-2.0692696269e-12,-4.3801113171e-13,0
981,37006,42006,6.1813849563e-12,2.3622858344e-12,1.2713331328e-12,0
981,35659,42001,1.0913567369e-11,-9.9645589965e-13,4.2926142042e-13,0
981,17533,42004,4.5267868174e-12,1.4782165158e-13,7.2235051461e-13,0
981,6787,42003,6.1277479107e-12,1.1624744750e-14,-4.8614171829e-13,0
981,2149,42003,1.6951413242e-12,-1.2680229943e-12,6.6686910982e-13,0
981,2425,42006,5.4439674648e-12,-4.0821257161e-12,-1.0441308555e-12,0
982,37006,42006,2.9946534988e-12,-1.3770956336e-12,1.2116180653e-12,0
982,34144,42001,3.0610659485e-12,2.0921196198e-12,-4.5641261076e-13,0
982,6787,42003,7.2878191490e-12,1.8247461423e-12,-5.3689660607e-13,0
982,16192,42001,5.9982670016e-12,3.8881486381e-16,3.8881486381e-17,0
982,18937,42010,5.0598078860e-12,3.8396577997e-13,-1.1378761780e-12,0
982,17533,42004,2.3495880623e-12,-1.3128583443e-12,5.5008472557e-13,0
982,35659,42001,5.1473877341e-12,9.4264306388e-13,1.3661484880e-13,0
982,2149,42003,4.9175285833e-12,-2.6856706343e-12,5.3291417079e-13,0
982,2425,42006,4.4817115764e-12,3.7593338309e-12,-5.4007412195e-13,0
982,5113,42011,4.6069427383e-12,-4.8170212977e-13,1.1269887109e-12,0
983,34144,42001,5.6479234807e-12,-3.2336149679e-12,-4.3694392903e-13,0
983,5113,42011,7.0085931884e-12,8.3486557052e-13,2.7797066872e-13,0
983,37006,42006,6.7370785985e-12,-4.6150697241e-12,7.7000286497e-14,0
983,35659,42001,6.7705785522e-12,1.1392753391e-12,6.1294359794e-13,0
983,2149,42003,5.9549131898e-12,-6.4304781257e-13,5.8519655681e-13,0
983,2425,42006,3.3947333459e-12,1.2118332553e-12,-5.9432995989e-13,0
983,16192,42001,1.5321446710e-12,1.0462031282e-12,1.0465919431e-13,0
983,18937,42010,3.9336741053e-12,-1.0227473667e-12,-6.1309824577e-13,0
983,17533,42004,7.5008959932e-12,-8.3454506818e-13,6.3707025533e-13,0
983,6787,42003,5.9227241381e-12,-4.8303288277e-13,-4.5099327924e-13,0
984,2149,42003,9.2358965503e-12,-3.0487148033e-12,2.9918102691e-13,0
984,6787,42003,1.3148151310e-12,-9.3054206671e-13,-4.9782579932e-13,0
984,2425,42006,6.7040670682e-12,3.0977489395e-12,-6.4680926565e-14,0
984,16192,42001,7.4399446505e-12,4.9505804931e-12,5.9971724362e-13,0
984,34144,42001,3.7316166187e-12,2.3108934906e-12,-4.4665026424e-13,0
984,17533,42004,3.1549113060e-12,1.6758820206e-12,8.8033237549e-13,0
984,37006,42006,2.6717874850e-12,7.1082510488e-13,-9.0218897320e-14,0
984,35659,42001,4.0308263405e-12,2.8403406854e-12,6.2857880403e-13,0
984,18937,42010,5.3525900430e-12,1.5857304601e-12,-4.5455220317e-13,0
984,5113,42011,3.3923759577e-12,-1.7357643576e-12,8.7354383686e-14,0
985,37006,42006,7.2458580095e-12,6.2527517915e-12,-2.2125781624e-14,0
985,5113,42011,4.0780639074e-12,-1.0297545666e-12,-2.4988672891e-13,0
985,34144,42001,6.6392296336e-12,-5.4568320985e-12,-8.3517821060e-13,0
985,18937,42010,1.0189097668e-11,-8.0688405261e-12,-1.5803807537e-12,0
985,35659,42001,4.7038639597e-12,-3.8068062963e-12,3.9583705120e-13,0
985,16192,42001,1.6663962028e-12,-3.5360715128e-13,5.6435652849e-13,0
985,6787,42003,3.2594855404e-12,3.1255929881e-12,7.9723707350e-14,0
985,17533,42004,6.4926438237e-12,-4.9659269758e-12,4.0012154355e-13,0
985,2149,42003,5.1323641318e-12,-3.9613018605e-12,-4.0726382250e-13,0
985,2425,42006,8.0297795665e-12,1.5052633426e-12,1.5461215872e-13,0
986,5113,42011,8.9140045390e-12,1.6241670552e-12,1.2854938166e-13,0
986,6787,42003,7.7039037472e-12,-2.5442197100e-12,3.1956130324e-13,0
986,16192,42001,6.8833678938e-12,6.8243018251e-12,1.2467867110e-12,0
986,17533,42004,3.1271188955e-12,-2.4902401432e-12,-2.6869484950e-13,0
986,18937,42010,2.9624342412e-12,-2.7170565767e-12,-1.7563813533e-12,0
986,34144,42001,3.9901139381e-12,3.5747706139e-12,-8.7727327040e-14,0
986,37006,42006,8.5951578373e-12,2.3812821415e-12,5.4132207039e-13,0
986,35659,42001,1.0662713910e-11,1.8098737354e-12,8.1908615284e-13,0
986,2149,42003,6.8695532064e-12,-3.3277492734e-12,-4.2495796998e-13,0
986,2425,42006,5.4433124693e-12,3.8302067240e-12,5.1614082035e-13,0
987,2149,42003,2.9356290152e-12,1.5690831431e-12,-8.2231376674e-13,0
987,18937,42010,5.6754176377e-12,-5.6088581938e-12,-2.3314749990e-12,0
987,2425,42006,3.5955726724e-12,-3.4830626867e-12,4.9631652245e-13,0
987,34144,42001,4.4547756925e-12,-3.6942576772e-12,-1.4355407886e-13,0
987,35659,42001,3.6612947025e-12,-2.4382114287e-12,6.1438101225e-13,0
987,16192,42001,3.3333559485e-12,-5.6042012250e-13,1.1907446987e-12,0
987,37006,42006,2.5863038341e-12,1.0039706460e-13,4.5809331976e-13,0
987,17533,42004,7.1917977454e-12,4.3271838487e-12,-2.7865199946e-14,0
987,5113,42011,4.0436002739e-12,-1.8104076215e-12,-3.9807709218e-13,0
987,6787,42003,4.8213627970e-12,2.4900485829e-12,3.0848482337e-13,0
988,6787,42003,5.0704877887e-12,2.8827157142e-12,8.7619490390e-13,0
988,37006,42006,8.2158242489e-12,7.4004358453e-12,1.3432145373e-12,0
988,5113,42011,2.8629692388e-12,-1.0508116013e-12,-2.2818606817e-13,0
988,34144,42001,2.5027944799e-12,-1.8671148702e-12,-7.8938433250e-13,0
988,35659,42001,3.7100965783e-12,-1.6216625411e-13,2.2531177676e-13,0
988,16192,42001,8.2705722343e-12,4.1648921040e-12,1.6072339091e-12,0
988,17533,42004,6.7375790622e-12,-6.6374575051e-12,-6.8403691715e-13,1
988,18937,42010,8.0536272687e-12,-6.5020295950e-12,-3.1261842126e-12,1
988,2149,42003,6.1682415797e-12,1.5316594141e-12,-4.5755790869e-13,1
988,2425,42006,6.7062210559e-12,2.2982759235e-12,6.8434198587e-13,0
989,6787,42003,8.9149291724e-12,-7.8880653640e-12,1.8554349855e-13,0
989,16192,42001,7.1639416123e-12,-2.9521494651e-12,1.3120189626e-12,0
989,2425,42006,2.9250085530e-12,9.3374404142e-13,9.8529916720e-13,0
989,34144,42001,4.8791106843e-12,-9.4028958817e-14,-8.1578671909e-13,0
989,35659,42001,3.7451804295e-12,2.0364478670e-12,4.4476112603e-13,0
989,37006,42006,3.6386482373e-12,-1.4145959233e-12,9.6055554783e-13,0
989,5113,42011,7.6762681409e-12,-5.7132517313e-12,-6.9176551980e-13,0
990,37006,42006,5.9249494236e-12,-3.4056509415e-13,1.1460651407e-12,0
990,5113,42011,3.3522355941e-12,3.0382128595e-12,-4.4034000653e-13,0
990,34144,42001,4.8570398570e-12,-1.8810784525e-12,-1.0318412928e-12,0
990,35659,42001,7.5610452368e-12,-6.9562821174e-12,-5.5913413054e-13,0
990,16192,42001,5.0056207645e-12,-2.9495227335e-12,1.0170666893e-12,0
990,6787,42003,7.3745834839e-12,4.7658790901e-12,3.2547472389e-13,0
990,2425,42006,3.2070327167e-12,1.6108897238e-12,1.0682107378e-12,0
991,5113,42011,5.9514078747e-12,5.6619325257e-12,-6.6251399712e-14,0
991,16192,42001,3.3946998570e-12,3.1588453250e-12,1.3329512218e-12,0
991,34144,42001,5.7611772813e-12,5.3976845385e-12,-2.8514587624e-13,0
991,6787,42003,3.7075284238e-12,-3.1243042103e-12,1.1881828385e-14,0
991,35659,42001,3.2876502628e-12,-2.1331909335e-12,-6.7280763392e-13,0
991,37006,42006,4.7892700214e-12,1.9564090275e-12,1.1054774600e-12,0
991,2425,42006,6.1866233265e-12,-1.2915051127e-12,1.3472727982e-12,0
992,37006,42006,4.9630096608e-12,-2.9937638808e-12,9.4381063530e-13,0
992,34144,42001,3.7898317162e-12,-3.0224963034e-12,-7.9660746856e-13,0
992,6787,42003,1.4940156244e-12,7.6003286530e-13,-9.4589499320e-14,0
992,35659,42001,7.7671058135e-12,-6.4416476607e-12,-1.4112367064e-12,0
992,16192,42001,5.4375505948e-12,-5.3164218838e-12,8.0127015191e-13,0
992,5113,42011,5.5363353273e-12,4.6658417076e-12,4.4850298403e-13,0
992,2425,42006,4.2900877080e-12,4.7799587486e-13,1.0191390026e-12,0
993,16192,42001,8.3209918552e-12,4.4822842506e-12,1.1448782641e-12,0
993,5113,42011,1.1591253450e-12,7.4524446126e-13,4.3954087310e-13,0
993,2425,42006,5.3416428171e-12,4.7682298023e-12,1.3747786573e-12,0
993,34144,42001,7.4224061785e-12,7.0871383497e-12,2.3546786320e-13,0
993,37006,42006,9.5548912656e-12,4.6339066367e-12,1.8687082714e-12,0
993,35659,42001,3.7392923912e-12,1.6666758515e-12,-1.3584966551e-12,0
993,6787,42003,2.4084147470e-12,-2.2497000863e-12,-2.7125621967e-13,0
994,5113,42011,1.9105344118e-12,7.0831349330e-13,6.8394865819e-13,0
994,34144,42001,2.3715933726e-12,-5.9039827305e-13,-5.4661313162e-14,0
994,6787,42003,2.0850118486e-12,-1.7847976737e-13,-1.9604998974e-13,0
994,35659,42001,6.9590009074e-12,-6.2990313756e-12,-2.2724338612e-12,0
994,37006,42006,6.4540925020e-12,-6.2284318847e-12,1.1747825724e-12,0
994,2425,42006,5.5554737860e-12,-2.9102441617e-12,7.7397934715e-13,0
994,16192,42001,7.2097944762e-12,-5.6316727028e-12,8.6652944554e-14,0
995,5113,42011,4.4689718159e-12,8.9949702924e-13,8.7687381777e-13,0
995,2425,42006,8.5170237139e-12,8.1000515154e-12,1.4334581644e-12,0
995,37006,42006,6.0734521095e-12,3.9531632507e-12,9.4482371834e-13,0
995,16192,42001,1.0317251365e-11,8.5122934904e-12,9.7324300872e-13,0
995,34144,42001,7.7363180459e-12,3.5092164880e-12,8.4194354548e-13,0
995,35659,42001,6.6784445447e-12,1.9823156812e-14,-1.8897709159e-12,0
995,6787,42003,4.2569695914e-12,-1.5176453729e-12,-6.6037382585e-13,0
996,6787,42003,6.9338335075e-12,3.3786667185e-12,-6.8085183005e-14,0
996,16192,42001,5.6972464804e-12,-4.8327137233e-12,-1.9245854611e-13,0
996,34144,42001,7.8567031713e-12,-3.7018317804e-12,1.1428330606e-13,0
996,35659,42001,8.9143980499e-12,-4.4940609350e-12,-2.5201643830e-12,0
996,37006,42006,4.2398511750e-12,-8.6526283663e-13,6.2016922053e-13,0
996,2425,42006,7.4880724518e-12,-3.2627784421e-12,7.2415964783e-13,0
996,5113,42011,4.8504061946e-12,2.3036467540e-12,9.4482178765e-13,0
997,6787,42003,4.7506568940e-12,2.4606793872e-12,-7.1022102575e-14,0
997,37006,42006,5.1270464603e-12,3.2961231230e-13,6.4309074529e-13,0
997,2425,42006,2.4652445714e-12,2.1358432330e-12,1.2860502398e-12,0
997,16192,42001,5.4824313418e-12,3.4503698875e-12,2.0862045488e-13,0
997,34144,42001,9.7434395164e-12,7.1421525978e-12,1.1979243336e-12,0
997,35659,42001,3.4718850038e-12,2.2813422917e-12,-2.0482090109e-12,0
997,5113,42011,5.6570325860e-12,-5.2588826649e-12,5.9997428331e-13,0
998,6787,42003,3.6195997598e-13,-2.3135618956e-13,-3.8242929295e-13,0
998,16192,42001,6.6811627911e-12,-6.5291736638e-12,-8.6078612189e-13,0
998,34144,42001,6.6915266114e-12,-4.1821544111e-12,9.6642037947e-13,0
998,35659,42001,6.9003893845e-12,-4.9811086679e-12,-2.5301032523e-12,0
998,37006,42006,7.8059332450e-12,-6.5850404205e-12,-7.5545688129e-13,1
998,5113,42011,2.2760387338e-12,-8.9025098618e-13,6.1603034482e-13,0
998,2425,42006,6.3229492954e-12,-3.8431907042e-12,6.7190357702e-13,0
999,6787,42003,2.2754417610e-12,1.6104761764e-12,5.6742486109e-13,0
999,37006,42006,4.6821774919e-12,1.7235440527e-16,1.7235440527e-17,0
999,2425,42006,7.3401528846e-12,4.7581589154e-12,1.0543450644e-12,0
999,5113,42011,3.6507260117e-12,-2.2874943861e-12,9.5860607934e-13,0
999,34144,42001,6.8046313498e-12,5.9148208476e-12,1.5673053601e-12,0
999,35659,42001,4.3606489260e-12,1.7654824533e-12,-2.5571997937e-12,0
999,16192,42001,2.0792132834e-12,6.8712826226e-13,-4.9685834915e-13,0
1000,5113,42011,2.5307617606e-12,-7.5676400424e-13,5.7910839298e-13,0
1000,34144,42001,6.0537525377e-12,-5.5447376619e-12,1.2009394392e-12,0
1000,16192,42001,5.7745673218e-12,-4.5772479511e-12,-6.5963087091e-13,0
1000,2425,42006,5.7718044286e-12,-2.7021132850e-12,6.2304476354e-13,0
1000,35659,42001,3.0777068316e-12,9.7520747991e-13,-1.7640508339e-12,0
1000,37006,42006,1.6596860477e-12,7.7252982133e-13,7.7270217573e-14,0
1000,6787,42003,2.5651883459e-12,-1.0555281877e-12,-1.4715866692e-14,0
1001,37006,42006,3.3028103662e-12,-2.9926283724e-12,-2.2199261966e-13,0
1001,6787,42003,4.0225613481e-12,-3.4958595320e-12,-5.1871398861e-14,0
1001,34144,42001,4.2495226270e-12,3.9727764490e-12,1.0584486302e-12,0
1001,16192,42001,3.8713132095e-12,4.8642614920e-13,-9.2687278849e-13,0
1001,35659,42001,6.2523392458e-12,4.7415983980e-12,-1.0765719008e-12,0
1001,5113,42011,5.8704063890e-12,5.3020454049e-12,5.4311968089e-13,0
1001,2425,42006,7.3487366508e-12,3.2426612640e-12,1.0764614012e-12,0
1002,34144,42001,3.1161079479e-12,-1.4837023215e-12,1.2123280284e-12,0
1002,16192,42001,8.5360585788e-12,-8.1275604646e-12,-1.2079866466e-12,1
1002,35659,42001,1.5284953877e-12,-2.4827492409e-14,-4.3488988396e-13,0
1002,5113,42011,8.7694112353e-12,-3.9385484658e-12,-3.1731933645e-13,0
1002,37006,42006,3.8479503303e-12,3.4731032293e-12,1.2531770326e-13,0
1002,6787,42003,4.0811035275e-12,-1.8012518740e-12,-3.0799987279e-13,0
1002,2425,42006,2.2724712621e-12,1.6587729010e-12,1.1945391038e-12,0
1003,37006,42006,3.5620530941e-12,-1.1636586222e-12,8.9518410437e-15,0
1003,5113,42011,5.3068045221e-12,1.9734767228e-12,-1.9449611030e-13,0
1003,6787,42003,4.0281065341e-12,-3.0497756248e-13,-1.1352762041e-13,0
1003,34144,42001,1.3277564422e-12,1.2495977312e-12,6.2857396657e-13,0
1003,35659,42001,5.0277882053e-12,-1.5705295671e-12,-7.5861042582e-13,0
1003,2425,42006,6.6442544589e-12,-2.5393278422e-12,4.6378333937e-13,0
1004,34144,42001,1.1524024057e-12,-1.3915018558e-13,6.7369877532e-13,0
1004,35659,42001,3.8023444023e-12,-2.9410961275e-12,-4.2281690102e-13,0
1004,37006,42006,4.5151837961e-12,3.1368220604e-12,3.2263404709e-13,0
1004,41203,42006,5.0137105162e-12,1.4904861051e-16,1.4904861051e-17,0
1004,6787,42003,1.9064811589e-12,-3.5938944508e-14,-9.9273538120e-14,0
1004,5113,42011,4.2402940257e-12,-3.1876089928e-12,-5.8408835891e-13,0
1004,2149,42003,4.9545284551e-12,-4.4505077216e-17,-4.4505077216e-18,0
1004,2425,42006,4.5688347895e-12,1.5231912708e-12,9.0712688262e-13,0
1005,2149,42003,4.9015437590e-12,2.3728569902e-13,2.3724119394e-14,0
1005,6787,42003,8.7701563666e-12,-2.1153708216e-12,-1.5904608298e-13,0
1005,2425,42006,6.1694737865e-12,-5.2977190334e-12,-4.3265017226e-13,0
1005,34144,42001,1.0609091311e-12,4.9355740740e-13,3.7213286726e-13,0
1005,41203,42006,7.2850607395e-12,-1.5351142963e-12,-1.5349652477e-13,0
1005,35659,42001,9.8034337782e-12,-2.9433065905e-12,-7.1912987575e-13,0
1005,5113,42011,4.7891255286e-12,-2.4909683998e-12,-9.2313490182e-13,0
1005,37006,42006,1.5745217305e-12,1.3700818212e-12,4.5964222921e-13,0
1006,34144,42001,2.6269819656e-12,6.6660464722e-13,8.0897651002e-13,0
1006,35659,42001,4.4516935341e-12,-3.3807648764e-14,-2.7310454713e-13,0
1006,5113,42011,7.7324789377e-12,-2.4021527230e-12,-1.3937148495e-12,0
1006,41203,42006,5.7872299548e-12,5.0472653433e-12,3.5123000955e-13,0
1006,2149,42003,8.7991806381e-12,3.1710115532e-12,3.4082527471e-13,0
1006,2425,42006,5.9049793581e-12,5.6142146050e-12,4.5504913244e-13,0
1006,37006,42006,3.7692941151e-12,-6.8471623500e-13,3.9117060571e-13,0
1006,6787,42003,1.0563369656e-11,9.3833694804e-12,4.4142419321e-13,0
1007,37006,42006,3.8449163899e-12,-3.3160819156e-12,5.9562414154e-14,0
1007,6787,42003,3.8908716083e-12,-2.5140356183e-12,-5.6047307329e-14,0
1007,34144,42001,2.2671090005e-12,1.4155542541e-12,2.3631667564e-13,0
1007,2149,42003,5.0555841735e-12,-3.8570870856e-12,-4.4883433849e-14,0
1007,41203,42006,6.9851889763e-12,-3.2742572009e-12,2.3804289460e-14,0
1007,2425,42006,2.5224378254e-12,3.9867933576e-13,2.8133274272e-13,0
1007,35659,42001,6.5981723528e-12,-5.7785805383e-12,-1.0790968301e-12,0
1007,5113,42011,2.6740849348e-12,1.3606659919e-12,-7.3175998384e-13,0
1008,34144,42001,1.7480761623e-12,1.4356799614e-12,7.9810011289e-13,0
1008,35659,42001,2.0531412013e-12,-1.7663045582e-12,-7.5761641915e-13,0
1008,2149,42003,3.5511661871e-12,8.2705315294e-13,3.7821881444e-14,0
1008,41203,42006,9.9851676070e-12,-9.4117203104e-13,-7.0312913644e-14,0
1008,37006,42006,4.7299649648e-12,1.4548446238e-12,2.0504687654e-13,0
1008,2425,42006,2.8640989574e-12,9.3051785216e-14,6.7495699166e-13,0
1008,5113,42011,9.5959296112e-12,-7.3207782510e-12,-1.3748127103e-12,1
1008,6787,42003,5.3968377276e-12,4.2885442496e-12,3.9594273659e-13,0
1009,34144,42001,4.2026187655e-12,-2.0990131008e-12,-3.2832819491e-15,0
1009,35659,42001,4.7797181496e-12,3.2587239829e-12,-6.0829226619e-13,0
1009,37006,42006,1.0700963447e-11,-1.4990809119e-12,5.5121549911e-14,0
1009,6787,42003,6.6480267934e-12,-6.1204075515e-12,-3.7714563620e-13,0
1009,41203,42006,5.5688711589e-12,-3.3431003640e-12,-4.0462295004e-13,0
1009,2149,42003,5.0281834798e-12,-1.3680650375e-12,-9.8984622305e-14,0
1009,2425,42006,7.6042868518e-12,-3.1866900364e-12,-1.1952790352e-13,0
1010,2149,42003,3.9498286787e-12,-1.1184836672e-12,-2.1083298903e-13,0
1010,2425,42006,4.2644161414e-12,-3.3786413070e-12,-1.8718070573e-13,0
1010,41203,42006,5.3259119177e-12,-2.8627702451e-12,-6.9089997455e-13,0
1010,37006,42006,5.2481129847e-12,5.1745277888e-12,4.9532134666e-13,0
1010,34144,42001,3.6874163909e-12,3.1494387440e-12,8.6613435864e-13,0
1010,6787,42003,4.2008025131e-12,1.1548621235e-12,-1.5610660508e-13,0
1010,35659,42001,4.1179751986e-12,2.5223579026e-12,-4.5357722392e-13,0
1011,34144,42001,5.2353517961e-12,-2.0285907979e-12,2.6599763396e-13,0
1011,35659,42001,3.1322943472e-12,3.0217146425e-12,-6.2556559947e-13,0
1011,37006,42006,6.7472860414e-12,-1.4300022779e-12,6.5158395611e-13,0
1011,6787,42003,2.9452538279e-12,-2.3297419094e-12,-3.9494842813e-14,0
1011,41203,42006,2.6486722052e-12,2.4691278512e-13,-6.6620869604e-13,0
1011,2149,42003,1.1015813739e-11,-5.3710746388e-12,-7.4794045291e-13,0
1011,2425,42006,6.4398372777e-12,-1.8047507939e-12,-6.9192191152e-13,0
1012,34144,42001,3.9914141664e-12,-3.4954215249e-12,6.4825713618e-14,0
1012,35659,42001,4.4252723872e-12,-3.2433496250e-12,-9.4741781273e-13,0
1012,2149,42003,8.1365188210e-12,1.3124048822e-12,-6.1669996469e-13,0
1012,2425,42006,5.4069865587e-12,-1.6313791659e-12,-1.0209371182e-12,0
1012,41203,42006,4.8650451176e-12,-4.4377851984e-12,-1.1099872159e-12,0
1012,37006,42006,6.2983946587e-12,-3.9720953653e-12,-9.2935903348e-14,0
1012,6787,42003,8.1068222863e-12,5.3926355319e-12,6.7989389778e-13,0
1013,37006,42006,6.1306994651e-12,6.0951486507e-12,6.3294482394e-13,0
1013,6787,42003,2.7215327037e-12,7.8638435787e-13,7.8903008981e-13,0
1013,41203,42006,5.3315232056e-12,4.7893079245e-12,-6.3105642343e-13,0
1013,34144,42001,5.8295638611e-12,-4.0127035107e-13,-1.0026109461e-13,0
1013,35659,42001,3.5519178432e-12,2.3188892854e-12,-5.5847592748e-13,0
1013,2149,42003,4.9210819098e-12,1.7777783548e-12,-4.3892212921e-13,0
1013,2425,42006,7.9663722770e-12,6.7806961661e-12,-8.8934717377e-14,0
1014,2149,42003,8.1761877826e-12,-2.6793841874e-12,-7.0685609744e-13,0
1014,2425,42006,7.4186387132e-12,-4.8519833604e-12,-7.2645218050e-13,0
1014,34144,42001,6.8049837993e-12,-2.9486714946e-12,-3.8121322551e-13,0
1014,35659,42001,7.5231472760e-12,6.2753295189e-12,3.6316663716e-13,0
1014,41203,42006,1.0986731799e-11,-7.5732969166e-12,-1.3884010200e-12,0
1014,37006,42006,7.2578641444e-12,-6.0377092591e-12,-2.8450830801e-13,0
1014,6787,42003,3.7501824475e-12,1.8584145030e-13,8.1120812929e-13,0
1015,2149,42003,4.3204389144e-12,3.5032291200e-12,-3.8026175534e-13,0
1015,2425,42006,8.0618565222e-12,2.7702527416e-12,8.0344997002e-14,0
1015,34144,42001,9.2583065520e-12,5.4398708496e-12,1.1341811871e-13,0
1015,6787,42003,5.4738052593e-12,1.5701446775e-12,1.1797596792e-12,0
1015,35659,42001,2.7337816518e-12,5.2662626620e-13,7.1015992282e-13,0
1015,41203,42006,1.0096666877e-11,8.0283309008e-12,-4.3205650024e-13,0
1015,37006,42006,5.7998864633e-12,4.1377300668e-12,-7.7434834515e-15,0
1016,2149,42003,6.6337351290e-12,-1.6911451261e-12,-8.6647742327e-13,0
1016,37006,42006,6.0163832352e-12,-5.7892509458e-12,-5.1819695454e-13,0
1016,2425,42006,7.0441442343e-12,-2.7693338587e-12,-7.5800984937e-13,0
1016,41203,42006,3.6100287947e-12,-1.5940128331e-12,-1.0961843179e-12,0
1016,34144,42001,6.4530107775e-12,-5.9131948796e-12,-5.4456183398e-13,0
1016,6787,42003,5.4357552980e-12,4.1416529077e-12,6.5558802192e-13,0
1016,35659,42001,6.6473384188e-12,-2.6499396086e-12,4.4854672684e-13,0
1017,6787,42003,6.3807165774e-12,-8.9557963783e-13,8.1743361996e-13,0
1017,34144,42001,2.0274816023e-12,-9.0971112602e-13,-7.7708837199e-13,0
1017,37006,42006,3.8274771113e-12,-1.2635628893e-13,-1.9922439187e-13,0
1017,41203,42006,3.4990651536e-12,1.3390325480e-12,-6.3485534298e-13,0
1017,35659,42001,6.4063625620e-12,6.2232750851e-12,1.6487322892e-12,0
1017,2149,42003,4.1503672455e-12,2.7079164898e-12,-2.0997706573e-13,0
1017,2425,42006,2.6632044863e-12,1.9520538832e-12,-6.0267239462e-13,0
1018,34144,42001,6.9534617888e-12,1.0021497078e-12,-8.2044139735e-13,0
1018,2149,42003,6.8924854054e-12,-3.6596750218e-12,-6.5864988320e-13,0
1018,2425,42006,5.8494217169e-12,-4.3934723997e-12,-1.0513248131e-12,0
1018,37006,42006,3.1997402927e-12,-2.1724327377e-12,-5.6195212803e-13,0
1018,35659,42001,1.0200599524e-12,4.7985771657e-13,1.8733485167e-12,0
1018,6787,42003,4.1030387763e-12,6.3030848716e-13,4.5161004371e-13,0
1018,41203,42006,5.0779759512e-12,3.8320424516e-12,-1.5753389472e-13,0
1019,2149,42003,1.8996401428e-12,-1.6376261644e-12,-6.8560599589e-13,0
1019,2425,42006,1.7411995044e-12,-4.0306319761e-13,-7.7296212923e-13,0
1019,6787,42003,7.0173946251e-12,-5.3285497571e-12,5.3079582315e-13,0
1019,34144,42001,7.0378309884e-12,5.6294031920e-12,-4.7599768075e-14,0
1019,35659,42001,2.8054160427e-12,-2.5699208990e-12,1.2904840285e-12,0
1019,37006,42006,5.1104166960e-12,-4.0317943364e-12,-8.1522347049e-13,0
1019,41203,42006,4.5022088138e-12,4.3964686336e-12,6.1642300504e-13,0
1020,37006,42006,3.8969106792e-12,1.9438240330e-12,-1.1382938461e-12,0
1020,41203,42006,2.7435215971e-12,2.3400170876e-13,9.2610020042e-13,0
1020,34144,42001,5.7858124084e-12,-4.7911148837e-12,-8.4165513085e-13,0
1020,6787,42003,5.1673331430e-12,4.9383089751e-12,9.0914050831e-13,0
1020,2149,42003,4.9318941785e-12,4.5814854284e-12,-1.1560908632e-13,0
1020,2425,42006,2.4040245138e-12,1.7012324614e-12,-2.6497475239e-13,0
1020,35659,42001,2.9886173642e-12,-1.0889715165e-12,9.2935108656e-13,0
1021,6787,42003,4.9158455929e-12,-3.2489820593e-12,8.1721649331e-13,0
1021,34144,42001,4.0175144690e-12,1.1992719565e-12,-5.1886885542e-13,0
1021,2149,42003,3.9368265145e-12,-1.5266546356e-12,2.6883291400e-13,0
1021,35659,42001,5.8220549667e-12,-5.2282566076e-13,5.7489705623e-13,0
1021,37006,42006,3.9411600000e-12,-3.3506137389e-12,-1.3303549922e-12,0
1021,2425,42006,2.4505971465e-12,2.2151740450e-13,-6.2347932552e-14,0
1021,41203,42006,4.8631610604e-12,-4.7166881380e-12,4.2974010811e-13,0
1022,34144,42001,2.6404780215e-12,2.5453895571e-12,8.5212252793e-14,0
1022,37006,42006,3.5540521307e-12,2.4433274005e-12,-6.8881271559e-13,0
1022,2149,42003,3.4336015577e-12,1.8921578822e-12,3.2680821400e-13,0
1022,35659,42001,7.5384968345e-12,-4.5717297484e-12,4.4205904389e-13,0
1022,2425,42006,7.2489613437e-12,5.2366049889e-12,6.2445048293e-13,0
1022,6787,42003,2.0504280253e-12,-9.2375185421e-13,1.8557775470e-13,0
1022,41203,42006,4.8599513951e-12,2.6529270164e-12,1.1388113296e-12,0
1023,6787,42003,6.5110759798e-12,3.1054008842e-12,4.1747940734e-13,0
1023,37006,42006,5.7910448279e-12,-5.3851470906e-12,-1.8368422897e-12,0
1023,34144,42001,3.8612119802e-12,2.3140690712e-13,1.4847997861e-13,0
1023,41203,42006,6.0412484464e-12,-2.6053647793e-12,3.9934405920e-13,0
1023,35659,42001,1.8852603049e-12,1.0809765917e-12,3.1826777452e-13,0
1023,2149,42003,4.2749149513e-12,3.8033984347e-12,5.2937022198e-13,0
1023,2425,42006,5.6544293263e-12,-3.2649799383e-12,-3.8011712751e-13,0
1024,34144,42001,5.9346268956e-12,2.7446388512e-12,7.1781101319e-13,0
1024,2149,42003,6.0276545686e-12,-4.3679300639e-12,3.6051563432e-13,0
1024,2425,42006,6.0064345987e-12,5.8982120093e-12,6.9490240947e-13,0
1024,35659,42001,9.5407403182e-12,5.8263267103e-12,2.7336749366e-13,0
1024,37006,42006,6.7702177792e-12,1.3532474462e-12,-1.0977466192e-12,0
1024,41203,42006,6.6324833844e-12,6.5108630540e-12,1.8077600563e-12,0
1024,6787,42003,3.2002668260e-12,1.5927778453e-12,5.5817304683e-13,0
1025,37006,42006,5.4657534385e-12,-4.6359221909e-12,-1.9751118450e-12,0
1025,41203,42006,5.9899868848e-12,-5.1976083156e-12,4.8516613463e-13,0
1025,34144,42001,8.8027468200e-12,-5.8641551541e-12,-4.1259158718e-13,1
1025,6787,42003,2.0921459633e-12,-4.8619421201e-13,3.5253915789e-13,0
1025,35659,42001,1.1916599317e-11,-1.1125878419e-11,-8.9188297482e-13,1
1025,2149,42003,5.8763109195e-12,-1.6271951949e-12,-1.5252679716e-13,0
1025,2425,42006,6.6584020648e-12,-6.0430710735e-12,-1.8642997205e-13,1
1026,37006,42006,7.0161452122e-12,5.0279826030e-12,-8.9338849007e-13,0
1026,6787,42003,4.1726273637e-12,3.0393862373e-12,2.4231249086e-13,0
1026,41203,42006,4.4222461030e-12,4.1986466189e-12,1.0644320798e-12,0
1026,2149,42003,1.9870201317e-12,-1.2454302262e-12,-1.0795530717e-13,0
1027,37006,42006,1.8507982774e-12,-9.0609188747e-14,-8.8981378005e-13,0
1027,41203,42006,1.2991546548e-12,-5.7012264876e-13,8.7351656016e-13,0
1027,2149,42003,9.2687338132e-12,-6.4877908006e-12,-1.0275260362e-12,0
1027,6787,42003,6.2119707108e-12,-3.9326875481e-12,-6.1398300170e-14,0
1028,6787,42003,9.0680039531e-12,8.7011511950e-12,7.4568597062e-13,0
1028,37006,42006,7.1047185280e-12,6.6023528239e-12,-1.2335223881e-14,0
1028,41203,42006,7.1756435577e-12,4.0607699312e-12,8.9638930811e-13,0
1028,2149,42003,9.6210798614e-12,9.3638910778e-12,2.7483057374e-13,0
1029,37006,42006,5.0265128719e-12,-2.2172603372e-12,1.6911817604e-13,0
1029,2149,42003,7.0804215129e-12,-6.7587482447e-12,-2.3728163429e-13,0
1029,41203,42006,8.3412302872e-12,-7.1713614498e-12,-2.6039370022e-13,0
1029,6787,42003,7.8352262187e-12,-7.0337782574e-12,5.7516312059e-13,0
1030,6787,42003,5.6728920162e-12,4.1903712300e-12,5.0036934608e-13,0
1030,2149,42003,4.7315154269e-12,9.3793960656e-13,-6.0163621647e-13,0
1030,41203,42006,7.4936987444e-12,4.4201622226e-12,1.5822235117e-13,0
1030,37006,42006,4.9192835700e-12,4.7019035434e-12,4.4492612709e-13,0
1031,37006,42006,8.1560123431e-12,-4.1756794761e-12,3.6241955337e-13,0
1031,41203,42006,8.5107279943e-12,-8.3521581979e-12,-2.0532465482e-13,0
1031,2149,42003,3.8056075763e-12,-3.7204740851e-12,-8.2101816142e-13,0
1031,6787,42003,4.1704487970e-12,-3.2608190207e-12,4.9918564994e-13,0
1032,2149,42003,2.2541538765e-12,5.1928402937e-13,-9.5830554670e-13,0
1032,37006,42006,6.1478765221e-12,5.5561823881e-12,6.7370505212e-13,0
1032,41203,42006,2.0320061491e-12,-1.1807252036e-13,-4.8242460849e-13,0
1032,6787,42003,8.2764800652e-12,7.3282269976e-12,1.3243835351e-12,0
1033,37006,42006,2.3872248512e-12,-2.2765630350e-12,9.8456345767e-13,0
1033,41203,42006,2.3834304727e-12,-2.0829355074e-12,-4.3018168130e-13,0
1033,2149,42003,5.5396972194e-12,-3.4898920989e-12,-1.6876346001e-12,0
1033,6787,42003,4.5824744996e-12,4.1704231258e-12,1.4308857593e-12,0
1034,6787,42003,9.6186183679e-12,4.3449452869e-12,1.7061025035e-12,0
1034,37006,42006,3.3966613830e-12,-1.0853162641e-12,7.4070708664e-13,0
1034,41203,42006,1.1960313881e-12,-7.2068471378e-13,-1.1533364581e-12,0
1034,2149,42003,3.3677298227e-12,2.1087318473e-12,-1.0399684089e-12,0
1035,6787,42003,1.6992096065e-12,7.8493230431e-13,1.8332151551e-12,0
1035,37006,42006,3.8976520327e-12,1.8680194306e-12,1.3911012488e-12,0
1035,41203,42006,2.3421155121e-12,-6.9099120522e-13,-7.0267474705e-13,0
1035,2149,42003,3.9935332556e-12,1.2043944418e-13,-8.6520494502e-13,0
1036,37006,42006,2.6329670468e-12,2.1279652480e-12,1.1010995133e-12,0
1036,2149,42003,3.2665705734e-12,1.6326725582e-12,-5.7739466658e-13,0
1036,2425,42006,4.3646460026e-12,8.5293471706e-17,8.5293471706e-18,0
1036,41203,42006,4.3716896621e-12,1.9432518650e-12,-9.2821422244e-13,0
1036,6787,42003,7.4825100971e-12,-5.8293723616e-13,1.4709828077e-12,0
1037,41203,42006,4.9615952235e-12,-3.9378422458e-12,-1.2649861821e-12,0
1037,37006,42006,7.2787018195e-12,-5.9760468608e-13,1.0503999636e-12,0
1037,2149,42003,3.8246199329e-12,3.6017529547e-12,4.3155970895e-13,0
1037,2425,42006,6.0458432155e-12,-4.8245480639e-12,-4.8244627705e-13,0
1037,6787,42003,8.7413431851e-12,3.4817119889e-12,2.2124227614e-12,0
1038,37006,42006,3.3246122347e-12,3.1702567144e-12,7.0719035260e-13,0
1038,6787,42003,8.1447977338e-12,3.2266044834e-13,1.3745736868e-12,0
1038,2149,42003,4.4645394289e-12,-3.6783037735e-12,-8.7265977619e-13,0
1038,2425,42006,3.5731340512e-12,1.7019580351e-12,-3.1225047353e-13,0
1038,16192,42001,4.3653719880e-12,6.1697004679e-17,6.1697004679e-18,0
1038,41203,42006,5.5541016337e-12,-1.7267853504e-12,-1.8437417103e-12,0
1039,37006,42006,3.6552725789e-12,2.6754004766e-12,1.1964564340e-12,0
1039,16192,42001,4.0308568079e-12,1.5283061894e-12,1.5283678864e-13,0
1039,41203,42006,3.9027556011e-12,-3.1179038312e-12,-1.4383959484e-12,0
1039,2149,42003,1.0082393125e-11,6.5451182675e-12,4.5772687503e-13,0
1039,2425,42006,5.5932995495e-12,-2.2069940029e-12,-5.3294987382e-13,0
1039,6787,42003,5.5794293140e-12,2.1309905019e-12,2.2910505627e-12,0
1040,6787,42003,2.8664597436e-12,-2.5916010201e-12,1.6128533377e-12,0
1040,37006,42006,6.5475635366e-12,5.6177718187e-12,1.2880432615e-12,0
1040,2149,42003,2.9993991407e-12,-6.4301809488e-13,2.9963110488e-13,0
1040,16192,42001,7.6475662338e-12,5.3404972452e-13,2.0624176109e-13,0
1040,2425,42006,6.8171885009e-12,3.5372283166e-12,-1.7922704216e-13,0
1040,41203,42006,4.6487974624e-12,9.5588395526e-13,-1.7848237752e-12,0
1041,41203,42006,9.1191327679e-12,-2.0794264374e-13,-9.7040221976e-13,0
1041,37006,42006,5.3439767412e-12,8.2569709896e-13,1.7881809190e-12,0
1041,16192,42001,3.1059664143e-12,-1.2132139337e-12,8.4920367726e-14,0
1041,2149,42003,5.0610793369e-12,4.8856580082e-12,1.1602443142e-12,0
1041,2425,42006,2.8322161492e-12,-2.3007644665e-13,-2.0223468683e-13,0
1041,6787,42003,7.1480789566e-12,-1.7287208380e-12,1.7660631560e-12,0
1042,6787,42003,6.8874333997e-12,3.9898500775e-13,1.0731389570e-12,0
1042,41203,42006,4.6499638321e-12,-4.2664745863e-12,-1.3852424264e-12,0
1042,37006,42006,2.0734701888e-12,1.1123222115e-13,1.2436859023e-12,0
1042,2149,42003,3.4912522319e-12,3.3690547840e-12,1.4452213897e-12,0
1042,2425,42006,4.4554861424e-12,3.8544865706e-12,1.8321397023e-13,0
1042,16192,42001,3.3882592509e-12,2.9851001385e-12,3.8343038158e-13,0
1043,37006,42006,6.6049244666e-12,-5.8307142669e-12,8.8827077914e-13,0
1043,16192,42001,2.4136413840e-12,6.8829908128e-13,4.5226028970e-13,0
1043,6787,42003,3.0051659841e-12,-7.3475012450e-13,5.8262163194e-13,0
1043,2149,42003,3.4993040477e-12,-3.0888264790e-12,1.4853279517e-12,0
1043,2425,42006,3.7929479280e-12,-3.2754940488e-12,-1.4433543465e-13,0
1043,41203,42006,5.6293957044e-12,2.1750944299e-12,-9.5943943262e-13,0
1044,2149,42003,6.0821538571e-12,-4.1870291969e-12,8.5575184723e-13,0
1044,2425,42006,6.7113479811e-12,4.3206222892e-12,2.8772679427e-13,0
1044,41203,42006,3.7413386276e-12,-1.7355436777e-13,-9.0472639802e-13,0
1044,37006,42006,1.1426870242e-11,7.8590469445e-12,1.7827071000e-12,0
1044,16192,42001,3.1542275924e-12,2.9238457543e-12,7.4464486514e-13,0
1044,6787,42003,3.6140908276e-12,2.8850874879e-13,1.7697797813e-13,0
1045,37006,42006,5.0569688192e-12,-4.6753096363e-12,1.1283741933e-12,0
1045,16192,42001,7.8778749806e-12,4.3577051000e-12,1.1804153751e-12,0
1045,41203,42006,4.0479876910e-12,-3.9560215436e-12,-1.2312294319e-12,0
1045,6787,42003,6.3359166770e-12,5.8578438273e-12,6.8426913043e-13,0
1045,2149,42003,5.4680623424e-12,2.6630304207e-13,8.7033820702e-13,0
1045,2425,42006,7.2663635261e-12,-4.5480659468e-12,-1.6707980041e-13,0
1046,16192,42001,6.8589032616e-12,-1.3017740670e-12,1.0502379684e-12,0
1046,37006,42006,8.0233153044e-12,7.9931957783e-12,1.7148972463e-12,0
1046,2149,42003,1.8587579197e-12,5.2878670165e-13,7.5994962137e-13,0
1046,2425,42006,8.5415545769e-12,6.4341142729e-12,4.7632309753e-13,0
1046,6787,42003,4.1359265337e-12,-3.9754030736e-12,3.4502254668e-13,0
1046,41203,42006,8.8362243298e-12,7.9928713351e-12,-6.2626748485e-13,0
1047,37006,42006,8.1008617633e-12,-2.2799258459e-12,1.5466651304e-12,0
1047,41203,42006,1.7387887312e-11,-1.7252237204e-11,-1.9577069807e-12,1
1047,16192,42001,3.9547233826e-12,2.1410055570e-12,1.2643385241e-12,0
1047,6787,42003,3.7067139878e-12,-2.2665254144e-12,-2.2980119365e-13,0
1047,2149,42003,8.6297745609e-12,6.4084200056e-12,1.0406163265e-12,0
1047,2425,42006,9.2586505267e-12,-7.3013762190e-12,2.2864028202e-13,0
1048,2149,42003,4.6961723330e-12,1.4402951082e-12,1.5524762146e-12,0
1048,16192,42001,7.1212455538e-12,6.6578849664e-12,1.9301208511e-12,0
1048,2425,42006,1.4802504192e-11,1.4307099438e-11,1.4891544223e-12,1
1048,6787,42003,4.1763531770e-12,2.5906943283e-12,-2.9978056525e-15,0
1048,37006,42006,1.3184851276e-11,1.2639718250e-11,2.4936112840e-12,1
1049,6787,42003,7.3799672211e-12,3.3757300375e-12,1.2147614791e-13,0
1049,16192,42001,6.8628691516e-12,5.3329186413e-12,2.3105820963e-12,0
1049,2149,42003,6.1080055293e-12,-3.2210061309e-12,5.7586377479e-13,0
1049,37006,42006,1.4661613792e-12,1.9086166579e-16,1.9086166579e-17,0
1050,37006,42006,2.6700280380e-12,3.5953427526e-13,3.5972513692e-14,0
1050,16192,42001,4.7257352288e-12,2.1157983242e-12,2.4687569562e-12,0
1050,2149,42003,4.6685033027e-12,-1.5722726005e-12,4.8293832423e-13,0
1050,6787,42003,6.3268292887e-12,5.6111271225e-12,9.4174896217e-13,0
1051,6787,42003,8.6471219800e-12,-3.7272129119e-12,7.4189975478e-13,0
1051,16192,42001,1.9367237035e-12,-5.9135761449e-13,2.5309425882e-12,0
1051,2149,42003,5.6861966199e-12,-1.5950871012e-12,-1.6513618670e-13,0
1051,37006,42006,2.7106868786e-12,1.2397504864e-12,1.5994756233e-13,0
1052,6787,42003,4.3587488722e-12,2.0063670461e-12,9.0263795862e-13,0
1052,37006,42006,4.9178060271e-12,4.4838890943e-12,6.0833647176e-13,0
1052,16192,42001,7.2890464440e-12,6.6912495483e-12,2.9015575291e-12,0
1052,2149,42003,3.2140940055e-12,1.2030285708e-12,-3.8173880802e-13,0
1053,16192,42001,3.5698222227e-12,-2.3671541298e-12,2.5960122080e-12,0
1053,2149,42003,5.9439503163e-12,-4.9928438797e-12,-5.7214054810e-13,0
1053,37006,42006,3.3340242093e-12,-1.9781424564e-13,5.8855504719e-13,0
1053,6787,42003,3.2466507098e-12,2.6950058943e-12,1.2456135605e-12,0
1054,37006,42006,7.8766341199e-12,3.2034742309e-13,6.2058978950e-13,0
1054,16192,42001,5.3834894181e-12,5.1851966028e-12,2.8221472929e-12,0
1054,2149,42003,4.8062876547e-12,-2.6690728765e-12,-4.2034491606e-13,0
1054,6787,42003,2.0690690505e-12,1.0788766569e-12,1.3246503513e-12,0
1055,2149,42003,1.9958749127e-12,1.2681776143e-12,-3.2015745884e-13,0
1055,37006,42006,7.0706011499e-13,1.1982704445e-13,6.3257249395e-13,0
1055,16192,42001,5.1073588782e-12,-4.8931468924e-12,1.8970620936e-12,0
1055,6787,42003,7.5557284413e-12,7.5441005316e-12,1.4932760217e-12,0
1056,37006,42006,4.1750321295e-12,3.3978887061e-12,9.7236136456e-13,0
1056,16192,42001,6.6485113190e-12,5.4120401086e-12,2.5684435112e-12,0
1056,2149,42003,5.2857830107e-12,-4.8186160020e-12,-8.5489772920e-13,0
1056,6787,42003,2.0916543632e-12,-7.0299193682e-13,1.8205171354e-12,0
1057,16192,42001,3.0058965831e-12,2.2645084894e-12,2.5807938044e-12,0
1057,37006,42006,4.0366456360e-12,-1.1422317521e-12,8.5813818935e-13,0
1057,6787,42003,8.2504819364e-12,7.6984213991e-12,2.8170118168e-12,0
1057,2149,42003,7.5953844155e-12,1.6536458790e-14,-1.4940860839e-12,0
1058,37006,42006,9.3027118578e-12,4.3321945614e-12,1.2913576455e-12,0
1058,6787,42003,4.5353585609e-12,4.3783591917e-12,2.9957783031e-12,0
1058,16192,42001,3.4283917451e-12,1.4141401368e-12,2.0564193215e-12,0
1058,2149,42003,4.5229419410e-12,-2.2469574358e-12,-1.8628113383e-12,0
1058,33196,42010,3.1733411809e-12,-7.5480381086e-17,-7.5480381086e-18,0
1059,6787,42003,8.2089311293e-12,7.9788046683e-12,3.4560857662e-12,0
1059,16192,42001,9.4911414821e-12,4.2759047690e-12,1.9507179342e-12,0
1059,37006,42006,5.3584579224e-12,-1.4909690437e-12,1.1422416550e-12,0
1059,33196,42010,6.9974724928e-12,-5.1446359707e-12,-5.1447114511e-13,0
1059,2149,42003,4.9623782227e-12,9.0251502209e-13,-1.4504592230e-12,0
1060,6787,42003,1.0783402786e-12,-4.6014493776e-13,2.8489585602e-12,0
1060,37006,42006,5.4459146218e-12,5.2045370157e-12,1.6267419290e-12,0
1060,16192,42001,5.5964968154e-12,1.7191895716e-12,1.9110570590e-12,0
1060,33196,42010,3.1086806766e-12,-2.0894016729e-12,-7.2341131241e-13,0
1060,2149,42003,5.6155251909e-12,5.8385859353e-13,-1.2348461036e-12,0
1061,2149,42003,6.5145158566e-12,-5.9742946103e-12,-1.6727668545e-12,0
1061,16192,42001,4.1464947991e-12,1.3173612490e-12,2.1019289453e-12,0
1061,7930,42007,4.1601220116e-12,1.8215189680e-16,1.8215189680e-17,0
1061,33196,42010,2.2933423856e-12,-1.1087744197e-12,-8.3428875438e-13,0
1061,37006,42006,7.0214531949e-12,-2.5994377632e-12,1.2428231040e-12,0
1061,6787,42003,3.0714596816e-12,-2.5395078276e-12,2.9677290686e-12,0
1062,6787,42003,2.3870202901e-12,-6.7536825603e-13,2.6995555384e-12,0
1062,37006,42006,4.8037444144e-12,-2.9976146237e-12,4.9467273224e-13,0
1062,7930,42007,1.1624820320e-12,1.0528343412e-12,1.0530164931e-13,0
1062,33196,42010,4.3163521985e-12,-4.0644078101e-12,-1.2407295354e-12,0
1062,16192,42001,4.0706240006e-12,1.4525313136e-12,1.5780571219e-12,0
1062,2149,42003,7.1213502573e-12,2.1770869657e-12,-1.5753610150e-12,0
1063,7930,42007,4.1818350876e-12,-4.6994049826e-13,5.8307599485e-14,0
1063,16192,42001,3.8952310097e-12,8.9636035228e-13,1.9044085701e-12,0
1063,33196,42010,2.9655350439e-12,2.8765375413e-12,-9.5307578125e-13,0
1063,37006,42006,2.9994879071e-12,-9.2014294805e-13,4.2243986200e-13,0
1063,6787,42003,4.6878463245e-12,-4.4971877553e-12,1.9803361734e-12,0
1063,2149,42003,3.5825190936e-12,2.8486818908e-13,-1.0475898081e-12,0
1064,6787,42003,4.7863112613e-12,-1.1877100808e-13,1.8605714069e-12,0
1064,37006,42006,4.3136451225e-12,6.4451000771e-13,4.5485612046e-13,0
1064,2149,42003,6.4891621056e-12,2.7209344189e-13,-7.5347317626e-13,0
1064,33196,42010,3.6487219600e-12,3.3949740543e-12,-6.1357837582e-13,0
1064,16192,42001,4.8466641212e-12,-1.8910283675e-13,1.3669786261e-12,0
1064,7930,42007,7.6029046829e-12,5.4190272107e-12,6.0021032056e-13,0
1065,2149,42003,4.8653507314e-12,-3.8989644739e-12,-1.2701873851e-12,0
1065,16192,42001,7.8285785466e-12,2.5295478422e-12,2.1092480996e-12,0
1065,33196,42010,3.2070313984e-12,7.8524259658e-13,-5.3505411617e-13,0
1065,37006,42006,2.9258970019e-12,1.4673998990e-12,5.8961340591e-13,0
1065,7930,42007,5.0907256637e-12,1.7989628743e-12,7.8010660799e-13,0
1065,6787,42003,7.4964081489e-12,3.7239815642e-12,1.4785595102e-12,0
1066,37006,42006,3.7323101674e-12,-5.4950957118e-13,1.9487357818e-13,0
1066,2149,42003,6.3667096067e-12,-6.1113573145e-12,-1.3994615163e-12,0
1066,16192,42001,5.7755560194e-12,-2.9915187941e-12,1.2688922093e-12,0
1066,7930,42007,7.9059969556e-12,5.1730672450e-12,1.2974133325e-12,0
1066,18937,42010,5.4828888857e-12,-7.2117284858e-17,-7.2117284858e-18,0
1066,6787,42003,6.9616837211e-12,3.8730038542e-12,1.9361590893e-12,0
1066,33196,42010,2.0485569976e-12,9.1906999192e-13,-4.4314711697e-13,0
1067,2149,42003,5.0223000225e-12,3.0197174062e-12,-1.0991434216e-12,0
1067,7930,42007,1.0465191133e-11,2.7424066860e-12,1.5716540011e-12,0
1067,18937,42010,4.8494110885e-12,3.4084830486e-12,3.4084109313e-13,0
1067,6787,42003,6.4599704336e-12,6.1690698865e-12,1.7832239380e-12,0
1067,16192,42001,4.4325394112e-12,9.6204253265e-13,1.1386456136e-12,0
1067,37006,42006,9.8882396944e-12,7.1863832818e-12,1.0277350816e-12,0
1067,33196,42010,7.4072972458e-12,-3.5596336256e-13,-4.7874345323e-13,0
1068,37006,42006,5.0023790632e-12,3.4808995470e-12,9.4260558013e-13,0
1068,16192,42001,3.3558536797e-12,2.9337227640e-12,1.2906038763e-12,0
1068,7930,42007,6.6036341475e-12,5.0075429139e-12,2.0724082925e-12,0
1068,33196,42010,5.4677219891e-12,-5.4631422673e-13,-5.3336732786e-13,0
1068,18937,42010,5.8509680088e-12,-2.0478485096e-12,1.3605624217e-13,0
1068,6787,42003,3.3194145181e-12,-4.1983964276e-13,1.3034040546e-12,0
1068,2149,42003,7.4160215974e-12,-6.8614060486e-12,-1.5605882829e-12,0
1069,6787,42003,7.1919095820e-12,3.4804083670e-12,8.5356442444e-13,0
1069,2149,42003,4.4746872998e-12,-3.1384649689e-12,-1.9646862820e-12,0
1069,7930,42007,4.4672485610e-12,2.9501271772e-12,2.3674210102e-12,0
1069,18937,42010,4.6019790060e-12,-2.4144282063e-12,-1.0538657845e-13,0
1069,16192,42001,4.5838563834e-12,-6.4583201920e-13,7.9843019753e-13,0
1069,37006,42006,3.3698349637e-12,-7.2623346717e-13,1.0190791378e-12,0
1069,33196,42010,4.3581435227e-12,-8.5302931702e-13,-1.0420666249e-13,0
1070,2149,42003,6.5099905560e-12,1.3494832543e-12,-1.8881238159e-12,0
1070,16192,42001,5.3950969379e-12,2.6096742899e-12,8.8747866935e-13,0
1070,33196,42010,8.4937674243e-12,-1.3935337903e-12,-3.4619874230e-14,0
1070,37006,42006,4.2649782099e-12,3.8633499019e-12,8.8496042640e-13,0
1070,7930,42007,1.9821343766e-12,-1.1867426087e-12,2.2487467493e-12,0
1070,18937,42010,4.0835299842e-12,-1.3674986301e-12,-2.4213644147e-13,0
1070,6787,42003,6.6667087983e-12,5.2231024760e-12,1.4218891658e-12,0
1071,37006,42006,4.5862722763e-12,-4.0256584345e-13,1.1046476184e-12,0
1071,18937,42010,4.6941205947e-12,2.1316439582e-12,-2.8972045645e-14,0
1071,7930,42007,6.3370858510e-12,3.3002412214e-12,2.5787526563e-12,0
1071,16192,42001,4.8123134517e-12,2.7289442676e-12,1.0286369712e-12,0
1071,2149,42003,7.5380096167e-12,-1.4722692860e-12,-1.4379212835e-12,0
1071,6787,42003,3.2993781544e-12,3.2511729792e-12,2.0009572465e-12,0
1071,33196,42010,6.0986132618e-12,-2.2581260501e-12,-1.4955503727e-13,0
1072,16192,42001,3.0662058910e-12,2.6719120740e-12,1.1505750473e-12,0
1072,2149,42003,3.4984921481e-12,5.1229703227e-13,-1.6044002768e-12,0
1072,7930,42007,6.7769794418e-12,-5.3309227124e-12,1.9403769509e-12,0
1072,6787,42003,5.1198496748e-12,-3.9392799028e-12,1.6745660818e-12,0
1072,37006,42006,1.6760780285e-12,-1.3787628967e-12,1.2665327911e-12,0
1072,18937,42010,6.0567039703e-12,5.0662172658e-12,4.7764968094e-13,0
1072,33196,42010,7.7974098620e-12,1.7777617266e-13,2.7466336101e-13,0
1073,16192,42001,3.5353031286e-12,-3.3960268329e-15,1.0605994093e-12,0
1073,37006,42006,5.6382475742e-12,2.5836198088e-12,1.6169090668e-12,0
1073,33196,42010,4.6132734456e-12,-3.1185541775e-12,-3.2484581087e-13,0
1073,18937,42010,5.1169359258e-12,-3.4897745925e-12,1.2867222168e-13,0
1073,7930,42007,9.3644771423e-12,6.6638896186e-12,2.6537599626e-12,0
1073,6787,42003,3.6057849426e-12,-3.4459915215e-12,1.7796857052e-12,0
1073,2149,42003,5.9795792625e-12,-4.1824755699e-12,-2.0511346527e-12,0
1074,16192,42001,4.1800474954e-12,7.0808810170e-13,1.1503185032e-12,0
1074,7930,42007,3.4103234945e-12,1.8992082876e-12,2.3017780703e-12,0
1074,2149,42003,6.6649533179e-12,3.1127948837e-13,-2.0472160481e-12,0
1074,6787,42003,5.3733268197e-12,3.3539818077e-13,1.8251026241e-12,0
1074,18937,42010,2.2681847550e-12,-1.8045040740e-12,-5.1778185719e-14,0
1074,33196,42010,3.2986580807e-12,2.6310254815e-12,-4.0124066815e-13,0
1074,37006,42006,5.3079162785e-12,3.4194786371e-12,1.8944059297e-12,0
1075,6787,42003,2.1004222557e-12,1.8961561489e-12,1.6423200826e-12,0
1075,37006,42006,5.4625317133e-12,4.6193420977e-12,2.2096001496e-12,0
1075,7930,42007,5.4970332891e-12,9.2932821931e-13,2.2148146048e-12,0
1075,33196,42010,4.5224125599e-12,3.7852874292e-12,-1.0123618489e-13,0
1075,2149,42003,6.7534304141e-12,2.4770900755e-12,-1.4096105931e-12,0
1075,18937,42010,3.7873343636e-12,7.6696658788e-13,2.4918473069e-14,0
1075,16192,42001,6.4022572498e-12,-7.0785319879e-13,8.2657839909e-13,0
1076,6787,42003,7.7159803530e-12,6.2862064853e-12,1.8836403457e-12,0
1076,18937,42010,4.5893302136e-12,4.0787413376e-12,4.3279981856e-13,0
1076,33196,42010,3.5895707315e-12,2.8335990146e-12,9.0216717379e-14,0
1076,2149,42003,8.0081850783e-12,1.8756018730e-12,-6.1091467436e-13,0
1076,7930,42007,1.4566766121e-12,-1.2719821477e-12,1.5703096655e-12,0
1076,37006,42006,4.7394588584e-12,-2.2417203099e-12,2.0403790757e-12,0
1076,16192,42001,5.4276483249e-12,3.2066591613e-13,1.1577968701e-12,0
1077,37006,42006,4.3404399716e-12,4.1818187532e-12,1.7399226228e-12,0
1077,7930,42007,6.0395293162e-12,7.8077500297e-13,1.3741464972e-12,0
1077,33196,42010,5.3710946050e-12,-2.6780636965e-12,-1.4199331602e-13,0
1077,18937,42010,6.8896518536e-12,-5.0219294619e-12,-4.1024143249e-13,0
1077,16192,42001,5.6257432548e-12,2.4008189639e-12,1.3016745132e-12,0
1077,2149,42003,4.8699502604e-12,-4.5735501102e-12,-1.3702414260e-12,0
1077,6787,42003,3.8667719682e-12,-3.1627378330e-12,9.5045957371e-13,0
1078,16192,42001,6.7987577578e-12,5.0120769385e-12,1.5095099307e-12,0
1078,6787,42003,7.3956140462e-12,3.7555157537e-12,1.3679951134e-12,0
1078,2149,42003,5.5783482461e-12,-3.5676503953e-12,-1.0408658607e-12,0
1078,33196,42010,3.5298268539e-12,-2.5436526156e-12,-3.4172715491e-13,0
1078,7930,42007,7.2471848455e-12,-7.5625091823e-13,7.9776711400e-13,0
1078,37006,42006,3.2029268045e-12,1.2615848799e-12,1.5179911561e-12,0
1078,18937,42010,2.2581441677e-12,-4.0562852632e-13,-2.4601943417e-13,0
1079,37006,42006,6.8225473934e-12,1.8020786041e-12,1.7708223633e-12,0
1079,6787,42003,5.2579543927e-12,6.7549139443e-15,1.0206297681e-12,0
1079,7930,42007,2.0184249732e-12,-8.7206700015e-13,4.1554769627e-13,0
1079,18937,42010,2.6597001981e-12,8.2779341214e-13,7.8202727672e-14,0
1079,33196,42010,3.4478978066e-12,-1.4707103746e-12,-4.0349526066e-13,0
1079,16192,42001,1.3423517723e-12,7.7495554772e-13,1.6515886874e-12,0
1079,2149,42003,3.3987841530e-12,1.9223026892e-12,-5.3478909487e-13,0
1080,18937,42010,6.7595862920e-12,-2.6982742424e-12,-5.4874833557e-14,0
1080,16192,42001,2.5384939610e-12,-1.5060409138e-12,1.2400171670e-12,0
1080,7930,42007,5.3129606666e-12,3.5958468931e-12,8.9380664645e-13,0
1080,2149,42003,8.2493487565e-12,3.0379717239e-12,-3.6594024791e-13,0
1080,33196,42010,4.7483642341e-12,-4.3279266871e-12,-6.9693455034e-13,0
1080,6787,42003,3.0213169130e-12,2.5865302851e-12,7.5697254897e-13,0
1080,37006,42006,4.0363355115e-12,-1.7789184496e-12,1.2065955281e-12,0
1081,37006,42006,6.0986552474e-12,5.7530871695e-12,1.8221608294e-12,0
1081,7930,42007,3.2809825504e-12,-1.8822270616e-12,3.7555981814e-13,0
1081,6787,42003,4.2007663046e-12,-7.1750676350e-13,3.6010457469e-13,0
1081,33196,42010,9.7684171710e-12,1.5836085938e-12,-3.1276108595e-13,0
1081,16192,42001,3.7898207979e-12,-2.1001762317e-12,7.5710511708e-13,0
1081,18937,42010,3.1666897993e-12,1.3877738473e-13,-2.5416149091e-13,0
1081,2149,42003,4.5971649786e-12,3.9282690862e-12,1.7411358931e-13,0
1082,7930,42007,6.2952386753e-12,-1.3044541373e-12,7.7820667565e-13,0
1082,16192,42001,5.6406853560e-12,-1.2846679552e-12,3.6144711415e-13,0
1082,33196,42010,5.7999405683e-12,8.7388860952e-13,-2.4314984226e-13,0
1082,37006,42006,5.0420800813e-12,4.1827224680e-12,2.3783093659e-12,0
1082,2149,42003,8.9021855137e-13,8.3125586215e-13,2.0600947230e-13,0
1082,18937,42010,7.3921742425e-12,3.3876636353e-12,-4.2201685395e-13,0
1082,6787,42003,7.8568163589e-12,-7.2221159255e-12,3.1820972428e-14,0
1083,16192,42001,2.8254779174e-12,-5.7705576790e-13,3.0408114005e-13,0
1083,18937,42010,1.8429904566e-12,1.2596685023e-12,5.2927455527e-14,0
1083,37006,42006,4.8073196303e-12,-4.6406696199e-12,1.6558804230e-12,0
1083,7930,42007,4.1516096096e-12,-3.2108243908e-12,-2.0926472528e-13,0
1083,2149,42003,8.1727831161e-12,2.6102945682e-12,8.8528648610e-13,0
1083,6787,42003,2.9740410621e-12,6.7063051216e-14,3.8312642970e-13,0
1083,33196,42010,4.6317032595e-12,3.8464310001e-12,4.5334867549e-13,0
1084,37006,42006,5.5461723362e-12,4.8094718179e-12,1.7948797411e-12,0
1084,33196,42010,5.0080027290e-12,-4.1706067201e-12,-2.2681454467e-13,0
1084,6787,42003,4.2769735086e-12,-2.5783599202e-12,9.1750619603e-14,0
1084,7930,42007,5.7357719701e-12,5.5619306548e-12,1.5700751144e-13,0
1084,18937,42010,3.8402181211e-12,-2.2915767834e-12,4.2201845938e-15,0
1084,16192,42001,2.2987817113e-12,1.3852647816e-12,3.7179880803e-13,0
1084,2149,42003,5.2133791749e-12,-7.9210282105e-13,7.7494825516e-13,0
1085,33196,42010,3.1825158274e-12,4.2694622402e-13,-5.6264866519e-13,0
1085,7930,42007,4.1593021697e-12,-1.4257836434e-12,-7.8503674833e-14,0
1085,37006,42006,3.7517740273e-12,-1.7755501695e-12,1.1553905144e-12,0
1085,18937,42010,4.6529662690e-12,3.2330416571e-12,2.5082769152e-13,0
1085,2149,42003,4.8653035196e-12,-3.5673560813e-12,1.7050363948e-13,0
1085,16192,42001,5.5662144463e-12,1.5361461777e-12,5.9619874568e-13,0
1085,6787,42003,7.5266441947e-12,-4.9771356467e-12,-5.9557855996e-13,0
1086,33196,42010,6.6398617729e-12,-5.2530160242e-12,-1.3713101691e-12,0
1086,16192,42001,1.5091342214e-12,-5.9177209155e-13,5.0495494492e-13,0
1086,6787,42003,4.7002351702e-12,-7.1857902626e-13,-1.2960571111e-12,0
1086,37006,42006,9.6422498274e-12,9.1558412734e-12,2.2951466727e-12,0
1086,18937,42010,2.4201208008e-12,-1.2855259322e-12,-2.8559903547e-13,0
1086,7930,42007,5.8904529754e-12,-2.4864764308e-12,-1.9995310314e-13,0
1086,2149,42003,5.2033494608e-12,4.2696742482e-12,4.0991087700e-13,0
1087,33196,42010,9.8636824378e-12,7.2204298423e-12,-3.8146081518e-13,0
1087,18937,42010,2.6923453096e-12,-7.7216268532e-13,1.3937764219e-13,0
1087,7930,42007,4.5345043581e-12,-3.4270790292e-12,-6.2073850636e-13,0
1087,2149,42003,8.8778722275e-12,-8.5951541851e-12,7.7504695066e-15,0
1087,37006,42006,4.7087204597e-12,-1.8087494294e-12,1.6960898544e-12,0
1087,16192,42001,4.5556492701e-12,-3.1133199201e-12,-4.6458943482e-14,0
1087,6787,42003,7.3189389119e-13,-3.0948174065e-13,-1.0107315019e-12,0
1088,6787,42003,2.9654609900e-12,2.7149315410e-12,-1.1147899231e-12,0
1088,2149,42003,4.8987189630e-12,9.4891261575e-14,3.7400463519e-13,0
1088,37006,42006,5.7914949004e-12,-2.2222606589e-12,1.3477053006e-12,0
1088,16192,42001,2.9241214854e-12,-1.6059550157e-12,-7.0826213890e-13,0
1088,35659,42001,2.3851629525e-12,-2.0511538293e-16,-2.0511538293e-17,0
1088,18937,42010,5.7275532774e-12,-5.0422039495e-12,-3.2427990013e-13,0
1088,7930,42007,4.4747384280e-12,3.7469480541e-12,-1.7041860913e-13,0
1088,33196,42010,7.5158983454e-12,2.9012923464e-13,-9.8082630153e-14,0
1089,18937,42010,8.7510416357e-12,7.9936186220e-12,3.9230262086e-13,0
1089,35659,42001,5.0201307633e-12,2.4520569298e-12,2.4518518145e-13,0
1089,33196,42010,6.6424511100e-12,3.6800167264e-12,4.1699007994e-13,0
1089,37006,42006,4.5390146550e-12,4.1091756845e-12,1.5784150086e-12,0
1089,16192,42001,5.0096240937e-12,1.6420875696e-12,-6.2154893671e-13,0
1089,2149,42003,9.3962325194e-12,-8.6528207267e-12,-6.8350770639e-13,1
1089,7930,42007,6.7062136012e-12,1.8336791962e-13,-6.4875117150e-14,0
1089,6787,42003,2.7083105824e-12,-2.5699711582e-12,-1.3724625304e-12,0
1090,7930,42007,8.3643350186e-12,4.0088690073e-12,-2.3572905733e-14,0
1090,37006,42006,5.5596389665e-12,4.1322477194e-12,2.1695316255e-12,0
1090,16192,42001,2.6588761218e-12,-2.3735605548e-12,-7.0830090081e-13,0
1090,18937,42010,6.5076100260e-12,-4.2327447888e-12,2.3885556621e-13,0
1090,6787,42003,2.1805079466e-12,1.4248146121e-12,-1.4886340977e-12,0
1090,33196,42010,2.7750442249e-12,2.5484018073e-12,1.1046229294e-12,0
1090,35659,42001,5.6709248938e-12,-5.5532575511e-12,-3.1014057366e-13,0
1091,7930,42007,3.9014697124e-12,7.7184220245e-13,2.4183402068e-13,0
1091,6787,42003,4.8281341658e-12,-3.4914270911e-12,-1.7660261304e-12,0
1091,18937,42010,5.1175528762e-12,3.4361321515e-12,5.6859104289e-13,0
1091,35659,42001,6.3660478750e-12,4.8404865701e-12,1.7390808335e-13,0
1091,33196,42010,8.5614316314e-12,2.9507534110e-12,1.2413374111e-12,0
1091,16192,42001,4.4937141510e-12,4.0677819930e-12,-9.1505078342e-14,0
1091,37006,42006,5.0404354442e-12,1.8562048524e-12,1.7798433938e-12,0
1092,18937,42010,6.6290041744e-12,1.6439573753e-12,3.9422041689e-13,0
1092,37006,42006,5.8940656583e-12,4.0411855119e-12,1.7656896982e-12,0
1092,16192,42001,4.9587208026e-12,-1.3458033754e-12,-9.7618620360e-14,0
1092,7930,42007,6.9214914709e-12,-6.7139776942e-12,-2.9911833501e-13,0
1092,6787,42003,2.7811447147e-12,-4.6522783703e-13,-1.0903373216e-12,0
1092,35659,42001,6.9759626864e-12,-4.8506415483e-12,-3.1115607148e-13,0
1092,33196,42010,7.6845441125e-12,6.4844665180e-12,1.8023952020e-12,0
1093,7930,42007,4.3525288950e-12,3.7644895914e-12,3.9841306320e-13,0
1093,33196,42010,3.8223978605e-12,-2.5915870333e-12,1.1585933986e-12,0
1093,37006,42006,2.6490158208e-12,1.4486226851e-12,2.3746189287e-12,0
1093,35659,42001,4.7389993162e-12,2.1140108388e-13,-2.9001596310e-13,0
1093,16192,42001,3.6810138627e-12,1.0542068473e-12,6.5507641155e-14,0
1093,6787,42003,7.1829411044e-12,-4.6465056925e-12,-1.5616941960e-12,0
1093,18937,42010,2.9974616040e-12,-1.6714336604e-12,1.0111020062e-13,0
1094,7930,42007,4.0887368105e-12,1.4928915778e-12,-8.4908445004e-15,0
1094,37006,42006,3.1460489612e-12,-8.1741967160e-13,1.8119297797e-12,0
1094,16192,42001,5.5003188472e-12,2.8065595507e-12,2.0763711807e-13,0
1094,18937,42010,7.0020524115e-12,3.4858735114e-12,6.7885523010e-13,0
1094,35659,42001,4.3121653854e-12,-2.7637456921e-12,-5.6639053231e-13,0
1094,6787,42003,2.7602801041e-12,2.4139441970e-12,-1.0624637842e-12,0
1094,33196,42010,1.2381741564e-11,3.4578184599e-12,1.9214359166e-12,1
1095,33196,42010,3.1544613720e-12,1.8248032350e-16,1.8248032350e-17,0
1095,6787,42003,4.2957437662e-12,2.5941370113e-12,-3.0533651843e-13,0
1095,18937,42010,3.8887737209e-12,-1.6737790070e-12,1.8817316369e-13,0
1095,16192,42001,3.1435284463e-12,-5.2861761935e-13,1.1607383587e-15,0
1095,37006,42006,3.2848435471e-12,1.8170601263e-12,2.1711908093e-12,0
1095,35659,42001,3.9262034729e-12,1.2997308800e-12,-4.3641744431e-13,0
1095,7930,42007,6.8960109067e-12,-4.8288921515e-12,-3.4880169531e-13,0
1096,37006,42006,5.0353210320e-12,2.2259514076e-12,1.4782018227e-12,0
1096,16192,42001,4.3670979205e-12,2.5186430090e-12,3.1220224841e-13,0
1096,7930,42007,7.3314531920e-12,6.2369576090e-12,5.2354170867e-13,0
1096,18937,42010,2.8939444704e-12,1.7244262983e-12,4.8916838674e-13,0
1096,6787,42003,1.1881069366e-11,-1.5369792119e-12,-3.8717653699e-13,0
1096,35659,42001,4.9408793276e-12,-3.1547543042e-12,-7.5189287473e-13,0
1096,33196,42010,6.0106850858e-12,4.4801257168e-12,4.4803081971e-13,0
1097,35659,42001,5.4124255055e-12,3.5351975055e-12,-3.9837312418e-13,0
1097,6787,42003,6.7209143118e-12,2.2099063118e-12,-1.3523773175e-13,0
1097,7930,42007,5.8798641534e-12,-4.3206693368e-12,4.3418267790e-13,0
1097,37006,42006,1.0774471774e-12,7.4641182165e-13,1.7337179478e-12,0
1097,18937,42010,2.2001574346e-12,-9.4115709822e-13,4.7226894545e-13,0
1097,16192,42001,3.2089269828e-12,2.1773543539e-12,8.4126967581e-13,0
1097,33196,42010,6.4296876468e-12,2.2840975866e-12,6.7644057837e-13,0
1098,18937,42010,4.5894019373e-12,2.3911705524e-12,1.2156063956e-12,0
1098,33196,42010,5.6107472742e-12,3.2013872331e-12,9.9657930167e-13,0
1098,35659,42001,7.5409393359e-12,-3.6792134194e-12,-7.6627395458e-13,0
1098,37006,42006,4.3597672927e-12,-3.8234693623e-14,1.9521205444e-12,0
1098,6787,42003,3.9798064809e-12,2.5531161204e-12,-1.5141927381e-13,0
1098,16192,42001,6.8131070117e-12,-4.6119631324e-12,5.4066886414e-13,0
1098,7930,42007,5.1461059506e-12,3.8963941810e-12,4.4912729059e-13,0
1099,37006,42006,3.6821310918e-12,5.2408754687e-13,1.5936117306e-12,0
1099,16192,42001,7.9582364951e-12,6.1778590435e-12,9.9424601152e-13,0
1099,6787,42003,3.0315637635e-12,-2.9048571591e-12,-1.8490787391e-13,0
1099,35659,42001,6.5331577368e-12,4.7700492725e-12,-5.3447472032e-13,0
1099,7930,42007,5.6210815687e-12,2.2110172165e-12,6.5189222027e-13,0
1099,18937,42010,5.4285659089e-12,-5.1986677746e-12,-1.0362224402e-13,0
1099,33196,42010,4.0547869874e-12,2.9787669095e-13,1.0263669708e-12,0
1100,7930,42007,6.1572924652e-12,-2.5239652894e-12,-1.3912093963e-15,0
1100,18937,42010,4.5239608529e-12,4.4957047509e-12,7.6922270994e-13,0
1100,37006,42006,3.0691089957e-12,-7.4586716981e-13,1.1058002417e-12,0
1100,16192,42001,6.5405456750e-12,-2.6433170243e-12,9.6727036458e-13,0
1100,35659,42001,8.9915590579e-12,-3.2701246200e-12,-3.0616142720e-13,0
1100,6787,42003,3.3899677313e-12,5.6678166065e-13,-2.7071116905e-13,0
1100,33196,42010,6.1248225731e-12,4.9084446536e-12,1.5172114361e-12,0
1101,37006,42006,5.2673734891e-12,4.5840199925e-12,1.3785817557e-12,0
1101,16192,42001,5.7129783411e-12,-3.3967618841e-12,2.2081597686e-13,0
1101,6787,42003,5.4688760077e-12,-5.0068885397e-12,-4.2225731390e-13,0
1101,33196,42010,5.0590372464e-12,1.4706347417e-12,1.6642749103e-12,0
1101,35659,42001,2.7245325795e-12,1.0210635491e-13,-7.7999944872e-13,0
1101,7930,42007,8.2755582949e-12,1.0478181517e-12,2.6206385527e-14,0
1101,18937,42010,5.8530354305e-12,-3.3834004977e-12,8.7269445027e-14,0
1102,6787,42003,5.5744749741e-12,1.4846721025e-12,-2.2726731995e-13,0
1102,7930,42007,5.3049463974e-12,-4.6645380992e-12,2.3115034503e-13,0
1102,18937,42010,2.5849268137e-12,5.9142546739e-13,-1.7983745766e-14,0
1102,37006,42006,3.4170884323e-12,1.0684440559e-12,1.0813076101e-12,0
1102,16192,42001,5.8917792383e-12,-7.7292935461e-14,3.4766702086e-13,0
1102,33196,42010,9.7833561644e-13,8.6522860762e-13,1.7507977711e-12,0
1102,35659,42001,5.9288256029e-12,2.5000252494e-12,-4.4932768956e-14,0
1103,37006,42006,5.0823285156e-12,2.1535905888e-12,1.1518044005e-12,0
1103,35659,42001,5.6138619900e-12,-2.1673663262e-12,-2.8280950997e-13,0
1103,33196,42010,2.3315252291e-12,-1.6579453924e-12,1.5850032318e-12,0
1103,18937,42010,1.6626590188e-12,4.0328581993e-13,1.8948820226e-13,0
1103,7930,42007,9.0735560474e-12,1.3374422116e-12,-1.1554392956e-14,0
1103,16192,42001,3.1190642055e-12,-6.3202293164e-13,1.7904404297e-13,0
1103,6787,42003,6.6240872222e-12,2.0017778453e-12,4.3756103383e-13,0
1104,16192,42001,4.6105829452e-12,1.6778912220e-13,-8.4832999876e-14,0
1104,18937,42010,4.0826938098e-12,-1.6996764160e-12,-3.2906679048e-13,0
1104,6787,42003,5.7070178380e-12,9.9807804247e-13,2.9597441838e-13,0
1104,7930,42007,3.5833877980e-12,-6.3931303413e-13,-2.2477485415e-13,0
1104,37006,42006,2.6895433112e-12,-9.4351856411e-13,1.1391945112e-12,0
1104,35659,42001,6.7637398877e-12,5.7620393902e-13,5.1185453147e-14,0
1104,33196,42010,2.4210802291e-12,-4.6371725740e-13,1.5386315061e-12,0
1105,7930,42007,5.8674039945e-12,-2.6508690585e-12,-6.9725448429e-15,0
1105,37006,42006,6.8368733515e-12,6.2595763880e-12,1.5834461374e-12,0
1105,33196,42010,2.7254594307e-12,1.8521863546e-12,1.7238318935e-12,0
1105,18937,42010,6.3274140061e-12,7.6165339631e-13,-8.5523550142e-14,0
1105,35659,42001,3.4572008807e-12,1.1139467730e-12,3.2607042453e-14,0
1105,16192,42001,4.4477816624e-12,1.2275691864e-12,9.0785680704e-14,0
1105,6787,42003,5.6564073516e-12,3.5598586071e-12,3.9254657795e-13,0
1106,16192,42001,7.1519833666e-12,-4.8271699872e-12,-6.4379561892e-13,0
1106,6787,42003,2.8920723251e-12,1.7013874235e-12,7.1638324149e-13,0
1106,18937,42010,3.7658750737e-12,-7.8388926428e-13,-3.3635510640e-13,0
1106,37006,42006,5.7671082045e-12,-3.0389150713e-12,1.0569594895e-12,0
1106,35659,42001,5.0310063971e-12,3.5592494994e-13,3.8367496787e-13,0
1106,7930,42007,7.0549616704e-12,4.8886884078e-12,-1.4179946496e-13,0
1106,33196,42010,3.8963760582e-12,-2.9461451581e-12,9.8120480603e-13,0
1107,37006,42006,8.4624908956e-12,-2.4897723364e-12,7.3334107369e-13,0
1107,35659,42001,5.6777926471e-12,5.1794150295e-12,5.4809672027e-13,0
1107,7930,42007,7.8915228779e-12,-1.6627570603e-13,2.7363989812e-13,0
1107,33196,42010,7.1215508353e-12,-4.2835328470e-13,7.0995971890e-13,0
1107,16192,42001,5.1295618230e-12,-5.2230340240e-13,-9.1376139454e-13,0
1107,18937,42010,2.5889229221e-12,1.6833354600e-12,-7.3905850576e-14,0
1107,6787,42003,2.2891459771e-12,1.4919776546e-12,6.4459037577e-13,0
1108,7930,42007,5.3917582393e-12,3.8752580079e-12,2.7152628081e-13,0
1108,18937,42010,7.7907990311e-12,7.2563407359e-12,4.1261116778e-13,0
1108,35659,42001,2.2604560096e-12,-1.3473079470e-12,7.8128726751e-13,0
1108,33196,42010,4.8661008855e-12,1.6240181134e-12,5.5222280694e-13,0
1108,37006,42006,1.6284325651e-12,1.2554437075e-12,8.6270891380e-13,0
1108,16192,42001,4.4555396108e-12,2.6217026902e-12,-1.9039481228e-13,0
1108,6787,42003,4.2225091354e-12,-2.7555583152e-12,1.1372293221e-13,0
1109,33196,42010,4.9941413328e-12,-1.7259008274e-12,3.4984505510e-13,0
1109,37006,42006,6.1188359324e-12,1.6835442162e-12,9.7865458073e-13,0
1109,16192,42001,2.4681101670e-12,1.9966547964e-12,-6.0851523698e-13,0
1109,7930,42007,4.9012254619e-12,-9.6175059658e-13,-4.5750500493e-14,0
1109,18937,42010,3.3483009704e-12,-5.9600017682e-13,8.7287792756e-13,0
1109,6787,42003,6.0838793945e-12,-2.7208855923e-12,1.3212008890e-13,0
1109,35659,42001,4.2523154380e-12,-1.3480100882e-12,1.6948133144e-13,0
1110,18937,42010,6.1561696184e-12,3.7415498158e-12,7.9746243406e-13,0
1110,6787,42003,3.6370148412e-12,1.5800990947e-12,2.3345183231e-13,0
1110,37006,42006,5.5992370724e-12,-4.2183106781e-12,6.3141022990e-13,0
1110,35659,42001,1.9563802487e-12,6.6245379895e-14,5.0311833143e-13,0
1110,7930,42007,4.9889535194e-12,3.9993119625e-12,6.0657722470e-13,0
1110,16192,42001,9.3830855237e-12,-3.3730960489e-12,-6.8149313944e-13,0
1110,33196,42010,6.1620288158e-12,3.6888123876e-12,2.2788182850e-13,0
1111,33196,42010,2.3683934304e-12,-1.8898225398e-12,-1.0816389965e-13,0
1111,7930,42007,6.6672393594e-12,2.0181773626e-13,5.2197718316e-13,0
1111,16192,42001,7.8961925401e-12,7.1516980875e-12,3.7335285773e-13,0
1111,37006,42006,2.8301960641e-12,1.6236594841e-12,3.3537417907e-13,0
1111,18937,42010,1.1376423533e-12,-8.5927953359e-13,1.0498745305e-12,0
1111,35659,42001,6.2903402321e-12,7.7774990645e-13,5.7068268658e-13,0
1111,6787,42003,3.1616457630e-12,-2.9936482069e-12,4.3477586559e-13,0
1112,2149,42003,4.7953025754e-12,-5.4599718526e-17,-5.4599718526e-18,0
1112,35659,42001,7.6713488307e-12,7.2412433706e-12,1.0448044987e-12,0
1112,18937,42010,3.7209817864e-12,3.6854555744e-12,1.3592775412e-12,0
1112,16192,42001,1.9263502149e-12,-1.4567657600e-12,2.3540557527e-13,0
1112,37006,42006,5.4423081842e-12,-1.8652500797e-13,2.0987727268e-13,0
1112,7930,42007,4.3790148833e-12,-2.1294372927e-12,7.7548726381e-13,0
1112,33196,42010,3.6340025395e-12,-8.0870089718e-13,-2.7555685013e-13,0
1112,6787,42003,5.9896902853e-12,5.5461864510e-12,8.4092730044e-13,0
1113,2149,42003,3.5037510668e-12,-7.1418154949e-13,-7.1423614921e-14,0
1113,37006,42006,4.2228224149e-12,1.5368816672e-12,1.4820638053e-13,0
1113,6787,42003,5.8543891786e-12,4.4635514602e-12,1.0871046619e-12,0
1113,33196,42010,4.6359191714e-12,4.0141802056e-12,2.9165570966e-13,0
1113,18937,42010,4.6431577942e-12,3.0473750086e-12,1.6236864600e-12,0
1113,35659,42001,1.4176151941e-12,-1.4020428694e-12,1.1213368444e-12,0
1113,16192,42001,9.0854857445e-12,-7.9285403292e-12,-4.9424616448e-13,0
1113,7930,42007,5.0914199683e-12,1.1912585997e-12,7.6086890262e-13,0
1114,7930,42007,3.3958189935e-12,1.2341373038e-12,9.4821393641e-13,0
1114,16192,42001,5.9802945676e-12,3.3806942779e-12,-1.7295564891e-13,0
1114,2149,42003,7.8138521756e-12,-2.0868299613e-12,-2.8010661105e-13,0
1114,35659,42001,8.1811914851e-12,7.2362146881e-12,1.7873379193e-12,0
1114,37006,42006,4.3743542054e-12,3.0790629070e-12,5.5046452764e-13,0
1114,18937,42010,2.7224888923e-12,1.4580298672e-12,1.9394570884e-12,0
1114,6787,42003,7.0587054228e-12,-5.7558049920e-12,4.1171635848e-13,0
1114,33196,42010,2.9740886524e-12,-2.1205930764e-12,1.2596812777e-13,0
1115,7930,42007,4.9193191859e-12,-1.5957609721e-12,1.0537247450e-12,0
1115,37006,42006,2.7429265967e-12,-1.8552096031e-12,-2.6101407147e-13,0
1115,33196,42010,5.2704707353e-12,-2.7354882645e-12,-3.3279933414e-13,0
1115,6787,42003,1.0331534705e-11,6.0841655605e-12,6.6414705383e-13,0
1115,18937,42010,1.7682755338e-12,1.3892822793e-12,2.0022199767e-12,0
1115,35659,42001,5.5559397451e-12,-8.6153191309e-14,1.6673279229e-12,0
1115,16192,42001,8.0894804927e-12,-3.3958648631e-12,-6.3529905387e-13,0
1115,2149,42003,2.9511545914e-12,2.8267407279e-12,2.5674617404e-15,0
1116,7930,42007,4.1392374859e-12,3.2451749694e-12,8.8937340120e-13,0
1116,35659,42001,6.7631664798e-12,3.4245484025e-12,1.9741902681e-12,0
1116,18937,42010,2.5128782691e-12,8.1968282193e-13,2.1625771853e-12,0
1116,2149,42003,2.9581841567e-12,-2.0848765919e-12,-2.0592019745e-13,0
1116,37006,42006,3.3663324710e-12,-2.5116385757e-12,-2.0828642191e-13,0
1116,16192,42001,6.4308683494e-12,-3.5462783572e-12,-5.0720989087e-13,0
1116,6787,42003,9.3924008338e-12,-8.6531439404e-12,-3.7130608256e-13,0
1116,33196,42010,3.3107328492e-12,-9.5801557249e-13,-1.3398637558e-13,0
1117,35659,42001,2.3664414900e-12,-1.2781620770e-12,1.3284325575e-12,0
1117,6787,42003,5.4655163273e-12,1.5426950413e-12,-3.6623434389e-13,0
1117,37006,42006,4.0187207015e-12,-3.2900078095e-12,-2.8830996923e-13,0
1117,16192,42001,4.1933816700e-12,-3.9645677819e-12,-8.5143632882e-13,0
1117,2149,42003,1.5283402995e-11,1.3212298966e-11,1.1153096992e-12,1
1117,18937,42010,4.2239857530e-12,3.1697225035e-12,2.3112158896e-12,0
1117,7930,42007,3.8272848059e-12,-7.8960126549e-13,8.2704084526e-13,0
1117,33196,42010,2.2660228376e-12,1.6675899334e-12,7.5607946228e-14,0
1118,6787,42003,6.1906104538e-12,-5.6168194835e-12,-6.5236046072e-13,0
1118,7930,42007,4.1545347010e-12,1.4641934459e-12,5.8593438906e-13,0
1118,18937,42010,3.6672941063e-12,-1.3069042878e-12,1.4548913873e-12,0
1118,33196,42010,4.8729405782e-12,-3.8624007623e-12,-4.7303394134e-13,0
1118,16192,42001,6.1102088277e-12,-3.6748621077e-12,-1.4810928086e-12,0
1118,37006,42006,4.1968982714e-12,1.4211734746e-12,-2.7173699251e-13,0
1118,35659,42001,9.1760443758e-13,7.6286018020e-13,1.5394493702e-12,0
1119,18937,42010,5.6677745974e-12,4.7072900180e-12,1.9852204067e-12,0
1119,35659,42001,5.7244494231e-12,6.2402402115e-13,1.7366527811e-12,0
1119,37006,42006,4.3193110019e-12,2.4165774544e-12,-1.9843366869e-13,0
1119,16192,42001,6.4134869430e-12,-2.1239862976e-12,-1.8931569180e-12,0
1119,7930,42007,5.1146403154e-12,-4.1198309505e-12,2.7012635366e-13,0
1119,33196,42010,4.4352873174e-12,-7.7113456550e-13,-3.7755731515e-13,0
1119,6787,42003,5.3039987768e-12,4.5195656257e-12,7.1684661069e-14,0
1120,7930,42007,5.4809335970e-12,4.6390960127e-12,3.3410475868e-13,0
1120,6787,42003,5.4045337553e-12,-5.2673530308e-12,-6.1306055149e-13,0
1120,33196,42010,6.0964615602e-13,3.1597468984e-13,-7.1484108492e-13,0
1120,35659,42001,3.3755092144e-12,1.3083543904e-12,1.8608636822e-12,0
1120,37006,42006,5.3352902273e-12,2.7687832847e-13,2.5108523197e-13,0
1120,16192,42001,3.8030778273e-12,-3.4473599966e-12,-1.9005833128e-12,0
1120,18937,42010,6.3949526939e-12,6.9549038070e-13,1.6806144632e-12,0
1121,7930,42007,3.6231737343e-12,-2.1405504337e-12,9.9867941689e-14,0
1121,16192,42001,4.9406963644e-12,-1.0585358397e-12,-2.7216067055e-12,0
1121,18937,42010,3.5287552683e-12,-1.7872572501e-12,1.5878166916e-12,1
1121,37006,42006,4.5165750386e-12,2.6299132269e-12,3.5171060625e-13,0
1121,35659,42001,9.1826449587e-12,6.1502932438e-12,2.3981180159e-12,0
1121,33196,42010,5.3176731202e-12,-1.4606756816e-12,-6.7192639910e-13,0
1121,6787,42003,6.1005927780e-12,3.7980541257e-12,6.6109681767e-14,0
1122,18937,42010,5.7129994798e-12,-2.6116889242e-16,-2.6116889242e-17,0
1122,33196,42010,3.7240263244e-12,2.9916913227e-12,-2.9188717711e-13,0
1122,6787,42003,8.4496116804e-12,-6.6805551782e-12,-1.1565644812e-12,1
1122,37006,42006,3.7579157476e-12,-1.3034286667e-12,2.4002024037e-13,0
1122,35659,42001,3.5258222080e-12,-2.5607290932e-12,1.4179207695e-12,0
1122,7930,42007,1.2811722798e-12,5.3514420600e-13,3.6632609156e-13,0
1122,16192,42001,5.7614084390e-12,-3.5799877292e-12,-2.9339289024e-12,0
1123,7930,42007,3.2015552831e-12,-2.6253086183e-12,-1.5330630236e-14,0
1123,33196,42010,3.2928220709e-12,-5.4195573013e-13,-7.4750077069e-13,0
1123,37006,42006,2.3570541881e-12,-6.0789298638e-13,2.5542775010e-14,0
1123,35659,42001,6.2104489118e-12,3.2927603374e-12,1.8874010902e-12,0
1123,16192,42001,6.7493203329e-12,7.3676285868e-13,-2.0673985836e-12,0
1123,18937,42010,1.2913825477e-12,-9.9136214139e-13,-9.9162331029e-14,0
1124,37006,42006,1.0063005026e-12,7.6394269975e-13,-2.0596924572e-13,0
1124,7930,42007,6.2686883683e-12,-1.4427580052e-12,-2.8302016113e-13,0
1124,35659,42001,7.8070177348e-12,8.4045369926e-13,1.2478249913e-12,0
1124,16192,42001,4.4547586694e-12,1.1312208682e-13,-2.3941558028e-12,0
1124,18937,42010,5.7305306671e-12,-8.9334349774e-13,-1.8849668080e-13,0
1124,33196,42010,8.9808731201e-12,9.6946406103e-13,-4.3849505695e-13,0
1125,18937,42010,2.3122259496e-12,1.8221550957e-12,-6.2811712349e-15,0
1125,7930,42007,4.5262884124e-12,3.8422653286e-12,2.6078246895e-13,0
1125,37006,42006,5.9722373883e-12,-4.2001056277e-12,-4.4045884818e-13,0
1125,16192,42001,6.4361053062e-12,-1.3998020631e-12,-2.1945495227e-12,0
1125,35659,42001,3.5775964753e-12,2.5111993773e-12,1.5075602482e-12,0
1125,33196,42010,4.6396313845e-12,3.4862205744e-12,1.8367582694e-13,0
1126,33196,42010,6.0659182195e-12,7.5557851156e-15,2.8023296270e-13,0
1126,37006,42006,8.8294686437e-12,5.3320411564e-12,3.4390912503e-13,0
1126,35659,42001,7.5251962265e-12,-2.9631061286e-12,8.6879479507e-13,0
1126,16192,42001,4.0603162584e-12,9.2583001669e-14,-1.8306633869e-12,0
1126,7930,42007,4.1601601448e-12,3.3742902574e-12,2.7369399774e-13,0
1126,18937,42010,5.1617197601e-12,-4.4276938426e-12,-4.4905055549e-13,0
1127,7930,42007,3.8826344150e-12,2.9245552930e-12,6.4510965359e-13,0
1127,18937,42010,4.0678734346e-12,-3.0209564383e-12,-7.5114619932e-13,0
1127,16192,42001,2.7809522118e-12,2.3276066468e-12,-1.2014459440e-12,0
1127,37006,42006,6.3637135138e-12,-3.3316511088e-12,3.3974479510e-13,0
1127,35659,42001,4.5998388698e-12,2.4254388773e-12,1.2391548905e-12,0
1127,33196,42010,5.2994056660e-12,-2.2329400848e-12,-1.0982003911e-13,0
1128,7930,42007,5.6198854550e-12,-3.6348760498e-12,1.3520270402e-13,0
1128,33196,42010,3.5464757782e-12,5.6619996077e-13,3.3304003319e-13,0
1128,37006,42006,2.2850392470e-12,1.6858670600e-12,3.6621415363e-13,0
1128,16192,42001,7.9780613171e-13,6.5834834962e-13,-7.6812489826e-13,0
1128,18937,42010,3.9792357225e-12,8.9526690831e-14,-7.4219353024e-13,0
1128,35659,42001,7.2854282060e-12,-6.0593952442e-12,5.5692934805e-13,0
1129,35659,42001,3.7534382695e-12,1.6230768614e-13,5.1075771455e-13,0
1129,18937,42010,6.7504188466e-12,1.3114273800e-12,-6.1105079225e-13,0
1129,16192,42001,5.9179861887e-12,4.6011644068e-12,-9.5609827812e-14,0
1129,7930,42007,4.6305369449e-12,3.3872995029e-12,8.8591574936e-13,0
1129,33196,42010,8.7065196168e-12,-7.0780155729e-12,-2.9764806755e-13,0
1129,37006,42006,4.7661864553e-12,3.1380105904e-12,4.3835746723e-13,0
1130,7930,42007,2.0998352786e-12,6.8828229192e-13,4.9083437729e-13,0
1130,37006,42006,3.5052735603e-12,1.0815247320e-12,5.1882210758e-13,0
1130,16192,42001,3.8320705462e-12,6.9637198262e-13,3.1876337011e-13,0
1130,18937,42010,3.0636192492e-12,-2.1459948844e-12,-8.2565028068e-13,0
1130,35659,42001,9.2284970200e-12,4.4483648925e-12,8.2475876476e-13,0
1130,33196,42010,4.6498097313e-12,1.3050356046e-12,-1.9874197608e-13,0
1131,33196,42010,6.1006234982e-12,-5.9854461717e-12,-6.5121902509e-13,0
1131,16192,42001,3.0287427799e-12,-2.6822860063e-12,1.5638835344e-13,0
1131,35659,42001,4.7242471927e-12,-4.5686972575e-12,-2.4714028537e-13,0
1131,18937,42010,7.3361217645e-12,-3.4835309241e-12,-1.1740033731e-12,0
1131,37006,42006,5.2449740845e-12,-2.2919902420e-12,2.6631760696e-14,0
1131,7930,42007,3.3652876688e-12,3.1767615359e-13,7.3665703601e-13,0
1132,7930,42007,4.2268662922e-12,1.6314673748e-13,6.9945728916e-13,0
1132,18937,42010,3.9057016099e-12,1.5875046266e-12,-1.0152267935e-12,0
1132,37006,42006,6.2279106422e-12,6.0133422330e-12,7.5830885066e-13,0
1132,16192,42001,6.1586461650e-12,5.9190152440e-12,1.1062886508e-12,0
1132,35659,42001,4.6807858544e-12,2.4941361589e-12,2.5834623984e-13,0
1132,33196,42010,9.3887475743e-12,2.4407541557e-12,-7.0631274179e-13,0
1133,16192,42001,4.4066362815e-12,2.1985697875e-12,1.2524693436e-12,0
1133,33196,42010,7.4357106622e-12,-4.6288501486e-12,-1.1150021836e-12,0
1133,35659,42001,4.4478285423e-12,-2.2631616184e-13,-9.3561410093e-14,0
1133,37006,42006,6.8521691243e-12,4.0836990329e-12,1.2274680526e-12,0
1133,7930,42007,5.6240583899e-12,4.7584516226e-12,1.4378333133e-12,0
1133,18937,42010,2.1754323715e-12,8.0076054994e-13,-8.3601452441e-13,0
1134,16192,42001,6.8035004767e-12,-3.4619122805e-12,8.9496590689e-13,0
1134,37006,42006,2.2543535197e-12,1.6253465113e-12,1.3136084338e-12,0
1134,18937,42010,1.7938912386e-12,7.1075354940e-13,-6.7560481970e-13,0
1134,35659,42001,2.4306695187e-12,-2.4170758354e-12,-4.1931436356e-13,0
1134,7930,42007,9.5980701325e-12,-2.3590471974e-13,1.5585186418e-12,0
1134,33196,42010,7.3086822131e-12,2.0917665279e-12,-1.0027719370e-12,0
1135,35659,42001,2.6051708621e-12,-2.5006401334e-13,-6.9544070262e-13,0
1135,33196,42010,6.8032599351e-12,-1.7139233631e-12,-1.5227863307e-12,0
1135,7930,42007,1.1323908598e-11,5.7204791498e-12,1.7463400239e-12,0
1135,37006,42006,2.7427981144e-12,2.3705055324e-12,1.9706695498e-12,0
1135,16192,42001,6.9333428570e-12,-2.8511903358e-12,7.4982707962e-13,0
1135,18937,42010,2.1955447321e-12,1.3359742613e-12,-7.2422290314e-13,0
1136,7930,42007,3.6890033812e-12,-1.8036376267e-12,1.2285472355e-12,0
1136,16192,42001,5.6129455601e-12,3.0576756159e-12,1.0463363410e-12,0
1136,37006,42006,3.7003810285e-12,2.2031398273e-12,1.6577794169e-12,0
1136,33196,42010,6.0022224706e-12,-9.4072817139e-13,-1.6176147264e-12,0
1136,18937,42010,5.8181850208e-12,-3.3887256499e-12,-6.2032608387e-13,0
1136,35659,42001,3.6051908532e-12,7.6328888492e-13,-3.2280120127e-13,0
1137,7930,42007,3.8305067761e-12,2.8256212728e-12,1.2186538335e-12,0
1137,16192,42001,2.2125516586e-12,-6.4751904239e-13,7.4882377213e-13,0
1137,18937,42010,5.0744213465e-12,1.0325697497e-12,-2.1497346507e-13,0
1137,33196,42010,4.2951002640e-12,-1.5574298653e-12,-1.5500637044e-12,0
1137,37006,42006,5.1427988785e-12,5.0282501081e-12,2.4937695386e-12,0
1137,35659,42001,4.8334609259e-12,-1.5466339211e-13,-5.8081142821e-13,0
1138,35659,42001,5.0855825248e-12,1.8487447429e-12,2.1000257050e-13,0
1138,37006,42006,4.7845586951e-12,1.7148806714e-12,2.4966708997e-12,0
1138,7930,42007,8.1178886341e-12,-7.9001670068e-12,7.9212473779e-13,0
1138,16192,42001,5.8416440925e-12,5.0857115461e-12,1.1915600918e-12,0
1138,18937,42010,3.6614829651e-12,-1.4388915397e-12,-3.6781528812e-13,0
1138,33196,42010,6.2485388827e-12,-3.1310409606e-12,-1.9197877966e-12,0
1139,7930,42007,4.4782728155e-12,-3.8238754629e-12,7.1007241213e-14,0
1139,16192,42001,5.5327334267e-12,-1.0099303274e-12,6.3045061835e-13,0
1139,35659,42001,3.9932612362e-12,-2.3870123737e-12,-4.4929435475e-14,0
1139,18937,42010,4.4196821267e-12,2.8550714214e-12,-2.1345088398e-13,0
1139,33196,42010,1.2768390743e-12,-2.1883678522e-13,-1.2338699178e-12,0
1139,37006,42006,2.7664867482e-12,-1.6990334131e-12,2.0129664993e-12,0
1140,18937,42010,7.6200603262e-12,-6.9217069563e-12,-6.9102209117e-13,0
1140,37006,42006,7.1459808456e-12,4.6127355991e-12,2.3660875861e-12,0
1140,7930,42007,4.4079741264e-12,-7.0578500211e-14,-4.8788380005e-15,0
1140,16192,42001,7.4270450945e-12,2.1008583986e-12,7.7089925995e-13,0
1140,33196,42010,3.8486152422e-12,-3.1841541136e-12,-1.6827888896e-12,0
1140,35659,42001,5.5150795114e-12,-2.9933413972e-12,-7.8910006444e-13,0
1141,16192,42001,7.9018406567e-12,6.9171289562e-12,1.7308407562e-12,0
1141,35659,42001,3.4966795251e-12,-1.1450807555e-12,-4.4673841423e-13,0
1141,7930,42007,1.8882109594e-12,9.6798387644e-13,6.0151934285e-14,0
1141,33196,42010,7.4717214210e-12,5.5974787974e-12,-5.2449639270e-13,0
1141,37006,42006,7.7126713733e-12,6.0194571227e-13,2.6554811815e-12,0
1141,18937,42010,8.1377659317e-12,4.5713566038e-12,1.1446666162e-13,0
1142,16192,42001,7.3161327829e-12,2.4510949800e-12,1.3840487298e-12,0
1142,37006,42006,2.7734523452e-12,1.5424521555e-12,2.2083921737e-12,0
1142,7930,42007,8.1329612109e-12,-1.2426177104e-12,-8.0424510505e-14,0
1142,33196,42010,8.8473608916e-12,-8.0797310082e-12,-1.5765449091e-12,0
1142,35659,42001,3.7527243919e-12,1.7654659772e-12,-5.1960543240e-13,0
1142,18937,42010,4.9166326200e-12,-4.5707927079e-12,-5.0136307183e-13,0
1143,18937,42010,6.2665156315e-12,5.1088305250e-12,-7.0556074324e-14,0
1143,7930,42007,3.7143632162e-12,-2.6046974192e-12,-8.1673941469e-13,0
1143,35659,42001,1.8314140835e-12,-2.8715248487e-13,-5.2568906470e-13,0
1143,37006,42006,5.5270496153e-12,5.8499650124e-13,1.8585219206e-12,0
1143,33196,42010,9.6132812154e-12,7.5727151742e-12,-3.5638837681e-13,0
1143,16192,42001,2.8694099177e-12,1.3038256589e-12,1.2945743170e-12,0
1144,35659,42001,3.0407854984e-12,-1.9646194381e-12,-4.8044342498e-13,0
1144,37006,42006,3.7853150400e-12,3.1722307124e-12,2.0132103407e-12,0
1144,16192,42001,4.1896606348e-12,1.1493778805e-12,1.7557033331e-12,0
1144,7930,42007,3.6774876775e-12,3.0014495994e-12,-4.9300398278e-13,0
1144,18937,42010,6.7748568769e-12,-9.0838405893e-13,-2.3246983516e-13,0
1144,33196,42010,8.1540623693e-12,-7.2793714838e-12,-1.2935021780e-12,0
1145,7930,42007,7.9708352316e-12,4.0916973543e-12,-6.5588216232e-13,0
1145,18937,42010,5.3682110229e-12,4.8638493225e-12,1.2031767097e-13,0
1145,33196,42010,7.5371433801e-12,3.5415037749e-12,-7.6795946417e-13,0
1145,16192,42001,3.1177791698e-12,-7.4006554750e-14,2.0334217112e-12,0
1145,37006,42006,2.5382978721e-12,1.0072589688e-12,1.8768856843e-12,0
1145,6280,42002,5.9546980131e-12,8.9103015047e-17,8.9103015047e-18,0
1145,35659,42001,2.1994914150e-12,-8.1913198300e-13,-5.3735022194e-13,0
1146,7930,42007,3.5802125701e-12,2.5514223822e-12,-2.2037616144e-13,0
1146,37006,42006,4.6834209973e-12,2.7229922620e-12,1.9288709278e-12,0
1146,6280,42002,4.4710293901e-12,3.9930196753e-12,3.9931087783e-13,0
1146,35659,42001,4.5298317941e-12,-4.5187868208e-12,-1.0655577925e-12,0
1146,16192,42001,3.7482166729e-12,-3.3941073336e-13,1.6937130762e-12,0
1146,18937,42010,6.5083400651e-12,-5.0795666211e-12,-4.8766426148e-14,0
1146,33196,42010,4.9338071836e-12,-1.5557607869e-13,-6.8944425490e-13,0
1147,7930,42007,5.9792870304e-12,-5.0318185926e-12,-1.0061201480e-12,0
1147,33196,42010,2.2828540174e-12,1.1680665480e-12,-4.1689461357e-13,0
1147,18937,42010,6.6002592618e-12,-3.1098852010e-13,-1.8312225313e-13,0
1147,16192,42001,4.8095206069e-12,2.8007540762e-12,2.0385403881e-12,0
1147,6280,42002,4.4590804927e-12,-2.5442348062e-12,1.4488739720e-13,0
1147,37006,42006,4.5754443117e-12,-3.0032282520e-13,1.3960136344e-12,0
1147,35659,42001,7.5973881361e-12,3.1610108615e-12,-7.3399036716e-13,0
1148,37006,42006,7.3139001556e-12,-3.2285447652e-12,9.0167109078e-13,0
1148,6280,42002,1.8988023312e-12,-1.0026249838e-12,4.4624898826e-14,0
1148,35659,42001,3.1381317488e-12,2.6449931587e-12,-6.5436552558e-13,0
1148,16192,42001,5.2790631151e-12,5.0193218962e-12,2.0319014231e-12,0
1148,18937,42010,5.3460912651e-12,-3.7515120305e-12,-4.1438430220e-13,0
1148,7930,42007,7.4877665304e-12,2.2080901189e-12,4.7055645941e-15,0
1148,33196,42010,4.4796772709e-12,-5.8310555780e-13,-1.6210107329e-13,0
1149,18937,42010,5.5236282587e-12,-2.9200371113e-12,-9.9189515547e-13,0
1149,33196,42010,7.0354719918e-12,-6.5014885887e-13,-2.0523228066e-13,0
1149,16192,42001,2.4572148154e-12,-2.0361346203e-12,1.9292809938e-12,0
1149,35659,42001,7.3867818906e-12,1.0973007207e-12,-3.0593421614e-13,0
1149,37006,42006,4.2831946992e-12,-3.0795533810e-12,7.6361909399e-13,0
1149,7930,42007,3.1597062587e-12,-3.0311737819e-12,8.3975732694e-14,0
1149,6280,42002,3.7492717755e-12,-6.9864488826e-13,-2.5239590000e-14,0
1150,6280,42002,2.6937942511e-12,1.4525693981e-12,1.2001734981e-13,0
1150,7930,42007,2.4032997689e-12,-2.2653705744e-12,-1.3550347473e-13,0
1150,16192,42001,5.0033513267e-12,3.3890032883e-12,2.0580954828e-12,0
1150,37006,42006,2.2428541578e-12,-1.3830102446e-12,1.6404450962e-13,0
1150,18937,42010,6.0496325547e-12,2.0089574982e-12,-9.8828710026e-14,0
1150,35659,42001,1.4027960069e-12,-6.3910208421e-13,-7.0510284844e-14,0
1150,33196,42010,4.0192005051e-12,-1.7142851994e-12,-5.8245389227e-14,0
1151,6280,42002,3.0048584280e-12,-7.9458247546e-13,4.0559102266e-14,0
1151,33196,42010,7.4124168410e-12,-4.1980921617e-12,-1.0378024851e-12,0
1151,37006,42006,2.3129124662e-12,-1.7854386700e-13,8.5995551692e-14,0
1151,16192,42001,5.0273337079e-12,1.9016609451e-12,1.5565486817e-12,0
1151,18937,42010,3.7829261791e-12,-3.6506142842e-12,-9.2102579882e-13,0
1151,7930,42007,5.6066494736e-12,-7.3185653897e-13,-3.0548751627e-13,0
1151,35659,42001,7.4207207935e-12,5.2603478494e-12,5.7003257564e-13,0
1152,6280,42002,5.1245323974e-12,4.9345961147e-13,8.9905063413e-14,0
1152,7930,42007,3.2763891974e-12,1.0060744429e-12,-8.0618300936e-14,0
1152,35659,42001,8.0412190785e-12,-7.5599584121e-12,-3.6250986329e-13,0
1152,18937,42010,3.0094320676e-12,1.8598664974e-12,-2.7795987830e-13,0
1152,37006,42006,6.2665259684e-12,4.3670081502e-12,3.6845115117e-13,0
1152,16192,42001,7.4795378965e-12,-4.0999473548e-12,9.0144444821e-13,0
1152,33196,42010,8.4498565647e-12,-3.8779422471e-12,-6.1762360902e-13,0
1153,35659,42001,1.4279496924e-12,-3.3806403978e-14,-3.3717525520e-13,0
1153,16192,42001,3.1116538846e-12,1.6221635414e-12,9.3327823645e-13,0
1153,37006,42006,3.0043792694e-12,1.6580285994e-13,3.2653178704e-13,0
1153,7930,42007,2.6391166351e-12,-1.5963541805e-12,2.0216022938e-14,0
1153,33196,42010,5.7990008624e-12,-5.7825130217e-13,-1.4327202567e-12,0
1153,18937,42010,6.4125554949e-12,5.8130285217e-12,-2.0754007862e-13,0
1153,6280,42002,4.7538163479e-12,-3.3052502934e-12,-2.4061996592e-13,0
1154,16192,42001,4.9553743859e-12,-1.8458550552e-12,6.3375494288e-13,0
1154,18937,42010,9.0278989629e-12,-6.9605510915e-12,-8.1275678188e-13,0
1154,7930,42007,2.2157609739e-12,-1.7593454586e-12,-4.5586348286e-13,0
1154,33196,42010,4.9574587200e-12,-3.3196652895e-12,-1.0367496372e-12,0
1154,37006,42006,6.4357937281e-12,6.3199306655e-12,6.4130178234e-13,0
1154,6280,42002,5.4272033774e-12,-4.2328499395e-12,-6.6390495987e-13,0
1154,35659,42001,4.1211064954e-12,-3.6551926517e-12,-5.0623257656e-13,0
1155,16192,42001,5.8974104008e-12,-2.8606064678e-12,3.5509495157e-13,0
1155,6280,42002,5.3827834201e-12,4.2040988166e-12,-2.4350398851e-13,0
1155,37006,42006,7.0875674505e-12,-5.6106920470e-12,-2.0493319236e-14,0
1155,18937,42010,7.4024562170e-12,7.1993836234e-12,-5.7920335179e-13,0
1155,7930,42007,7.6377689733e-12,3.3957716216e-12,-5.2545605613e-13,0
1155,33196,42010,3.4789671295e-12,1.3376048271e-12,-1.2571395320e-12,0
1155,35659,42001,4.3509574994e-12,1.6448044860e-12,-2.5983892966e-13,0
1156,7930,42007,3.0654772349e-12,8.6820497399e-13,-6.9377779695e-13,0
1156,18937,42010,6.6529555294e-12,2.2562613764e-12,1.5437944796e-13,0
1156,37006,42006,7.6560631531e-12,-9.6086758576e-13,-3.8887930401e-13,0
1156,33196,42010,3.0601274323e-12,-1.6343086653e-12,-1.4050127907e-12,0
1156,16192,42001,1.2263480840e-11,-4.9672017981e-12,-1.0768415490e-13,1
1156,35659,42001,3.0487888264e-12,-1.3089839818e-12,6.1141354245e-14,0
1156,6280,42002,5.2939377773e-12,-4.7619508353e-12,-1.1190010396e-12,0
1157,35659,42001,4.1559218675e-12,3.6230242191e-12,1.0734269001e-13,0
1157,37006,42006,3.0274082796e-12,-9.6422465204e-13,-4.5526948669e-13,0
1157,33196,42010,1.8814316786e-12,-1.0649721448e-12,-1.6283166599e-12,0
1157,7930,42007,5.5351128479e-12,3.2646079458e-12,1.3586485690e-13,0
1157,18937,42010,5.3618776503e-12,4.8122079419e-12,6.6669909416e-13,0
1157,6280,42002,2.1147537313e-12,4.5358290643e-13,-8.1921926830e-13,0
1158,18937,42010,9.2070518598e-12,-3.7666157665e-12,6.6518872056e-13,0
1158,6280,42002,4.9019014939e-12,-4.5387831479e-12,-1.1728350847e-12,0
1158,7930,42007,3.5992368521e-12,9.2639640487e-13,7.6954854911e-15,0
1158,35659,42001,2.3866854871e-12,2.2016136625e-13,-1.3514048923e-13,0
1158,37006,42006,6.2658702807e-12,1.2641789660e-12,-5.9971135767e-15,0
1158,33196,42010,7.3529359766e-12,-6.9085606742e-12,-2.2608621716e-12,0
1159,37006,42006,5.3152216141e-12,-2.4468792822e-12,5.7270296305e-14,0
1159,7930,42007,4.1701083284e-12,2.9253814499e-12,6.0335100866e-13,0
1159,33196,42010,6.3417233075e-12,5.6298553869e-12,-1.6328617470e-12,0
1159,35659,42001,5.0515916955e-12,1.1408569863e-12,-1.3078486268e-13,0
1159,18937,42010,6.3622718144e-12,4.8381051313e-12,1.4410029448e-12,0
1159,6280,42002,1.3857146958e-12,-5.4864445360e-14,-1.1084570404e-12,0
1160,18937,42010,8.8318863373e-12,-5.4574097285e-12,6.9436622215e-13,0
1160,35659,42001,4.5479765408e-12,1.5978281287e-12,9.2908158608e-14,0
1160,7930,42007,6.0583954281e-12,-4.5592865085e-12,3.7395941525e-13,0
1160,37006,42006,7.1843090432e-12,1.4779001732e-12,3.4336133808e-13,0
1160,33196,42010,7.7344631451e-12,-7.6887196807e-12,-2.2303051951e-12,0
1160,6280,42002,6.0257469394e-12,-1.0797920684e-12,-1.3616931871e-12,0
1161,6280,42002,3.6093518575e-12,3.0117377971e-12,-9.8106115982e-13,0
1161,37006,42006,2.8394853219e-12,-1.3817104326e-12,2.2304468152e-13,0
1161,33196,42010,3.0719667309e-12,2.3552515580e-12,-1.5749708232e-12,0
1161,7930,42007,3.7048778403e-12,3.0781619548e-14,4.5022323110e-13,0
1161,18937,42010,9.7617855492e-12,6.8780370242e-12,1.7472313530e-12,0
1161,35659,42001,4.7069128306e-12,2.8209516532e-13,-4.0491710980e-13,0
1162,35659,42001,3.3639624062e-12,-1.4037949862e-12,2.1069923280e-13,0
1162,18937,42010,7.1237094003e-12,-6.4992030990e-12,9.1132439336e-13,1
1162,7930,42007,8.4640060498e-13,3.5706124315e-13,3.8532191113e-13,0
1162,6280,42002,8.4655902032e-12,4.5031707183e-12,-5.8009004914e-13,0
1162,37006,42006,8.3269345826e-12,-2.4904236118e-12,-4.6269849469e-13,0
1162,33196,42010,4.8988482822e-12,-3.6876478287e-12,-1.5559413813e-12,0
1163,37006,42006,3.2591633140e-12,-2.3684232397e-12,-7.1612110466e-13,0
1163,7930,42007,1.5386806364e-12,-1.1099582905e-13,5.3385774627e-13,0
1163,33196,42010,2.9277234319e-12,2.2319899798e-12,-1.2749172531e-12,0
1163,6280,42002,2.2575901603e-12,9.7863242245e-13,-1.5170177755e-13,0
1163,35659,42001,9.3364188038e-12,7.9731753468e-12,1.0113974079e-12,0
1164,35659,42001,5.2701522741e-12,-5.1621762500e-12,8.6069904804e-13,0
1164,33196,42010,4.0919030971e-12,-2.9709801224e-12,-1.2400487364e-12,0
1164,6280,42002,5.1213574627e-12,2.3470909004e-12,5.0629230643e-13,0
1164,7930,42007,4.3059221120e-12,-7.7082890565e-13,6.3270940156e-13,0
1164,37006,42006,8.7809348832e-12,-1.4845084215e-12,-1.4965650134e-12,0
1165,18937,42010,5.2946962232e-12,-2.2620911661e-16,-2.2620911661e-17,0
1165,7930,42007,3.0330568130e-12,1.8054498502e-12,4.7367722443e-13,0
1165,37006,42006,5.3050636199e-12,8.8906872258e-13,-8.4658893640e-13,0
1165,33196,42010,4.4322898311e-12,-4.3132091202e-12,-1.8051301311e-12,0
1165,6280,42002,3.2329420990e-12,-9.9710175482e-13,-1.3827750707e-14,0
1165,35659,42001,4.0685492348e-12,2.3614346987e-12,9.3236206930e-13,0
1166,18937,42010,8.7920862172e-12,-3.9018425678e-12,-3.9020687769e-13,0
1166,6280,42002,6.7220278272e-12,-6.1412204920e-12,-1.5175471638e-13,0
1166,35659,42001,6.1719994978e-12,-3.1170776455e-12,7.5155270293e-13,0
1166,37006,42006,5.5196797503e-12,3.0448776983e-12,-4.4601440799e-13,0
1166,33196,42010,6.2031017179e-12,-5.9123848944e-12,-2.2329377541e-12,0
1166,7930,42007,4.8872630000e-12,2.2804517294e-12,6.1490189997e-13,0
1167,18937,42010,6.6039021952e-12,4.3463615026e-12,4.4429272568e-14,0
1167,7930,42007,4.1786882643e-12,-2.8225413518e-12,6.1869702047e-15,0
1167,37006,42006,3.0465724302e-12,-4.6351507752e-14,-3.5422709356e-13,0
1167,6280,42002,4.1233060646e-12,-1.2596722582e-12,-3.2308023284e-13,0
1167,35659,42001,9.0350698370e-12,7.8195877475e-12,1.1712090558e-12,0
1167,33196,42010,2.8707487019e-12,1.5513213421e-12,-1.9713084054e-12,0
1168,6280,42002,6.3923551161e-12,2.9107350123e-14,1.3370881696e-13,0
1168,35659,42001,4.8387016826e-12,-4.1131817601e-12,7.3787474314e-13,0
1168,37006,42006,4.0443054603e-12,-1.4252279559e-12,-6.2316778575e-13,0
1168,7930,42007,7.0033897027e-12,-6.4266918524e-12,-7.2912185553e-13,0
1168,18937,42010,7.1261512315e-12,5.1730306620e-12,5.6173233877e-13,0
1168,33196,42010,3.6041676443e-12,-2.8587176069e-12,-1.5663240987e-12,0
1169,7930,42007,3.1902733543e-12,1.2375641194e-12,-8.9790358858e-13,0
1169,18937,42010,6.1463894886e-12,-3.9947648730e-12,1.6225585147e-13,0
1169,37006,42006,5.1791240089e-12,1.6949682383e-12,-2.0898303371e-13,0
1169,35659,42001,4.9167088414e-12,4.3455260030e-12,1.0583416448e-12,0
1169,33196,42010,3.4060949241e-12,-1.6682416873e-12,-2.2961338061e-12,0
1169,6280,42002,4.2596380555e-12,2.8386385865e-12,4.2305912014e-13,0
1170,35659,42001,2.7534578739e-12,-2.4773373766e-12,6.5082509428e-13,0
1170,33196,42010,6.1261155092e-12,6.1218830522e-12,-9.1507353279e-13,0
1170,18937,42010,4.7573926901e-12,2.9361963188e-12,4.5587548336e-13,0
1170,6280,42002,3.5640811615e-12,5.9496895771e-13,5.9053522275e-13,0
1170,7930,42007,3.9248681902e-12,-2.9232927126e-12,-7.3430420898e-13,0
1170,37006,42006,3.8783320610e-12,-2.3259751857e-12,-5.8937056959e-13,0
1171,18937,42010,3.5823688188e-12,-3.5362984267e-12,1.0224564069e-13,0
1171,7930,42007,2.8530582474e-12,-5.7776747072e-13,-7.9515911801e-13,0
1171,6280,42002,8.7813832473e-12,8.6236799497e-12,1.1517294380e-12,0
1171,33196,42010,5.9334057804e-12,1.6841142125e-13,-1.1337575465e-12,0
1171,37006,42006,6.2100531460e-12,4.9470174733e-12,4.3502221002e-14,0
1171,35659,42001,5.6133426034e-12,3.7747810078e-12,1.0000936785e-12,0
1172,7930,42007,2.5533417515e-12,5.1210044934e-13,-7.7965519739e-13,0
1172,37006,42006,2.4093976550e-12,1.3133985659e-12,4.2388443878e-13,0
1172,35659,42001,4.3785258717e-12,-4.2554740794e-12,7.1492576921e-13,1
1172,6280,42002,6.1391948596e-12,6.3058549589e-13,7.6447091577e-13,0
1172,33196,42010,5.3886491438e-12,5.0072245605e-12,-2.6427030755e-13,0
1172,18937,42010,1.0173642211e-11,8.2355654069e-12,9.2580218138e-13,0
1173,18937,42010,4.6318023828e-12,-3.9281847857e-12,5.3298370280e-13,0
1173,37006,42006,4.5715603095e-12,1.6176345180e-13,6.7690310793e-13,0
1173,7930,42007,3.3167437034e-12,-3.5989756232e-13,-8.0454537071e-13,0
1173,33196,42010,8.0748945115e-12,-5.9460348998e-12,-1.0820727955e-12,0
1173,6280,42002,1.0723629205e-11,3.7250942928e-12,1.0391171028e-12,0
1174,37006,42006,1.7268068399e-12,1.3968377162e-13,8.3932232725e-13,0
1174,6280,42002,4.7215777726e-12,-4.0600984714e-12,3.9839816562e-13,0
1174,7930,42007,3.9313518736e-12,3.3725790637e-12,-3.9020457378e-13,0
1174,18937,42010,4.6835137497e-12,2.4963657420e-12,7.8262027700e-13,0
1174,33196,42010,2.4197932966e-12,1.7348046800e-12,-6.1149431527e-13,0
1175,37006,42006,2.9575956414e-12,9.2405321090e-13,8.4282077608e-13,0
1175,33196,42010,2.1800560396e-12,2.0755471141e-12,2.7381308166e-14,0
1175,18937,42010,4.6447779736e-12,-3.2295088934e-12,4.5969200857e-13,0
1175,6280,42002,3.5011415585e-12,-3.3797720436e-12,1.6013113674e-13,0
1175,7930,42007,5.0711202284e-12,8.3209370468e-13,-4.8754018833e-13,0
1176,37006,42006,9.1377225627e-12,2.8818291032e-12,8.2651591657e-13,0
1176,6280,42002,2.2649592704e-12,2.0595735490e-12,9.8021054085e-13,0
1176,7930,42007,5.3384388663e-12,-3.8453746025e-12,-1.1001228215e-12,0
1176,18937,42010,4.3817302031e-12,2.0727805137e-12,1.0571543167e-12,0
1176,33196,42010,7.4467444278e-12,7.1368599702e-12,1.3323057946e-12,0
1177,33196,42010,2.3423347766e-12,-1.7664012141e-12,1.0005335390e-12,0
1177,7930,42007,4.4053251024e-12,2.2335455693e-12,-5.9451412941e-13,0
1177,18937,42010,6.3763915342e-12,-4.7761684625e-12,1.4490132022e-13,0
1177,6280,42002,5.1204516143e-12,-1.2118367056e-12,9.8499409610e-13,0
1177,37006,42006,8.0728341347e-12,3.4983817881e-12,1.1809892462e-12,0
1178,37006,42006,6.7205395066e-12,-3.4112859306e-12,9.8238344869e-13,0
1178,33196,42010,2.4399168998e-12,9.4043394598e-13,1.3804486943e-12,0
1178,7930,42007,4.7448835272e-12,5.6217917522e-13,1.0437297336e-13,0
1178,6280,42002,8.5573598781e-12,-4.3616438597e-12,5.4591897513e-13,0
1178,18937,42010,1.4811541484e-12,5.9101427915e-13,-3.1330031807e-13,0
1179,18937,42010,3.3946556934e-12,-1.5119495064e-13,7.1056674163e-14,0
1179,7930,42007,3.0871033710e-12,-2.4604247588e-12,-2.6542591446e-13,0
1179,37006,42006,5.0930332743e-12,2.5395689713e-12,1.0668435220e-12,0
1179,6280,42002,2.1824833059e-12,1.5708847131e-12,4.1914358779e-13,0
1179,33196,42010,3.0353906126e-12,2.8722188495e-12,1.8344947480e-12,0
1180,37006,42006,3.7184451485e-12,-1.0406374881e-12,1.1953772918e-12,0
1180,7930,42007,5.1405485209e-12,4.9173773603e-12,5.1864109283e-13,0
1180,6280,42002,5.6568328239e-12,-2.5232458700e-12,1.0732210502e-13,0
1180,18937,42010,4.4196354911e-12,-2.4185350715e-12,-4.6441646487e-13,0
1180,33196,42010,4.4698216767e-12,2.2066165459e-13,1.2443726082e-12,0
1181,33196,42010,2.4195649814e-12,8.7443434770e-13,1.3149749009e-12,0
1181,18937,42010,5.6447252086e-12,3.0458106089e-12,1.9379443869e-13,0
1181,7930,42007,3.8695996054e-12,2.9122041054e-12,8.6763825044e-13,0
1181,37006,42006,2.3733098857e-12,3.5900867716e-13,7.3657641214e-13,0
1181,38530,42010,4.4387685419e-12,-9.7405544395e-17,-9.7405544395e-18,0
1181,6280,42002,6.5092865448e-12,-3.6016843224e-12,-1.1152143222e-12,0
1182,6280,42002,3.6808979357e-12,-2.5072539791e-12,-1.4289982697e-12,0
1182,7930,42007,6.4017349615e-12,-6.2795555829e-12,1.8847264722e-13,0
1182,18937,42010,7.2884475913e-12,-3.8430285795e-12,-1.0140649599e-12,0
1182,37006,42006,5.5638267914e-12,-2.7135437664e-12,3.3388217890e-13,0
1182,38530,42010,5.7904080693e-12,-2.4169377485e-12,-2.4170351541e-13,0
1182,33196,42010,1.1191246464e-11,-4.6721814993e-12,3.4703429488e-13,0
1183,7930,42007,3.5254701794e-12,1.8482748668e-12,4.0928989013e-13,0
1183,33196,42010,7.7370821712e-12,5.1036619910e-12,1.4520039840e-12,0
1183,37006,42006,1.0534379092e-12,5.7321334610e-13,3.7502716833e-13,0
1183,18937,42010,1.1158149600e-11,1.1156075656e-11,4.9436108418e-13,0
1183,6280,42002,4.2228263387e-12,-1.9580393901e-12,-1.9973116380e-12,0
1183,38530,42010,3.4922894916e-12,-9.7406265620e-13,-3.3910978103e-13,0
1184,7930,42007,6.5419630041e-12,6.0402890195e-13,1.3243487395e-13,0
1184,6280,42002,5.7299856099e-12,4.5493226359e-12,-1.1363695272e-12,0
1184,37006,42006,4.9480007388e-12,1.1417087951e-12,4.7522967068e-13,0
1184,18937,42010,2.8307905453e-12,-1.7748335678e-12,6.7241153208e-14,0
1184,38530,42010,9.1280698842e-12,-7.4410660988e-13,-4.1352044201e-13,0
1184,33196,42010,6.1956255355e-12,-4.8858283162e-12,7.8994068434e-13,0
1185,6280,42002,1.5758601393e-12,8.8686372621e-13,-7.0970595026e-13,0
1185,33196,42010,4.2262891647e-12,3.8341949213e-12,9.6580546505e-13,0
1185,37006,42006,5.2133555855e-12,-9.6237290513e-13,2.8658705908e-13,0
1185,18937,42010,5.3196671849e-12,1.0675836884e-12,4.9695041138e-13,0
1185,38530,42010,7.0286505924e-12,4.6500651169e-12,5.1486069679e-14,0
1185,7930,42007,5.7135790541e-12,-3.5512278869e-12,-3.0589728520e-13,0
1186,6280,42002,3.8178476166e-12,-2.6850484239e-12,-1.1841681476e-12,0
1186,18937,42010,3.7861459638e-12,-2.1608199581e-12,7.3590364197e-14,0
1186,37006,42006,4.8916866295e-12,3.4964794040e-12,3.4805208915e-13,0
1186,38530,42010,7.7559435201e-12,-5.4602126123e-12,-4.9453519156e-13,0
1186,7930,42007,4.9556968383e-12,4.1146234771e-12,4.9010252276e-13,0
1186,33196,42010,3.6971252808e-12,-2.9929499748e-12,-4.7175529447e-14,0
1187,6280,42002,1.9638844600e-12,9.6375642905e-13,-9.6660883409e-13,0
1187,37006,42006,8.6395259516e-12,2.3104347999e-12,2.2925739033e-13,0
1187,7930,42007,3.2401123369e-12,6.7488890438e-13,3.3423685627e-13,0
1187,38530,42010,7.5157334184e-12,7.1921488244e-12,2.2467969088e-13,0
1187,18937,42010,1.1717202540e-11,1.0026322983e-11,1.5538395088e-12,0
1187,33196,42010,7.0284184810e-12,6.9398367522e-12,8.2344826718e-13,0
1188,18937,42010,6.1531094817e-12,-5.7417936024e-12,9.2055872061e-13,0
1188,33196,42010,7.7057363122e-12,-7.1858728328e-12,1.0817589300e-14,0
1188,37006,42006,3.3955984563e-12,-2.3668754513e-12,3.3369843826e-13,0
1188,7930,42007,5.0922946310e-12,-2.5897739341e-12,1.9041545335e-14,0
1188,38530,42010,5.1548207760e-12,-3.2995098985e-12,-1.0527129897e-13,0
1188,6280,42002,1.6958901186e-12,2.6891324571e-13,-5.0355312356e-13,0
1189,18937,42010,7.2448596526e-12,7.1621111446e-12,1.6518893301e-12,0
1189,7930,42007,7.1205477152e-12,6.9908799513e-12,9.6417201634e-13,0
1189,6280,42002,6.7574041827e-12,3.3492641543e-12,-3.2571517944e-13,0
1189,37006,42006,4.2318992010e-12,3.9072843203e-12,4.7046997316e-13,0
1189,38530,42010,9.1568930422e-12,8.8127617476e-12,7.7600487579e-13,0
1189,33196,42010,9.4483299965e-12,8.5257108624e-12,5.7616679059e-13,0
1190,18937,42010,6.7365607292e-12,-6.4730458657e-12,1.2464382507e-12,0
1190,37006,42006,9.0216494546e-12,-2.2353806864e-12,3.5099565333e-13,0
1190,7930,42007,4.9275113229e-12,-4.4209326317e-12,3.0341017144e-14,0
1190,38530,42010,8.0444375935e-12,-7.5231816455e-12,2.3686711241e-14,0
1190,33196,42010,1.2410124163e-11,-1.1081147717e-11,-5.5401414655e-13,1
1190,6280,42002,5.7131783092e-12,1.7788746924e-12,1.0449687680e-13,0
1191,7930,42007,5.4435297088e-12,1.3825870018e-12,-1.2262069322e-13,0
1191,37006,42006,8.0815204949e-12,-6.7068106507e-12,-3.5558627945e-13,0
1191,18937,42010,7.0114071585e-12,6.6947484129e-12,1.6113320311e-12,0
1191,6280,42002,1.0830200692e-12,2.5487561674e-13,4.9015287072e-13,0
1191,38530,42010,5.6961355376e-12,4.9122757786e-12,5.1492402966e-13,0
1192,37006,42006,6.7143122792e-12,4.7237559691e-12,3.8814369410e-13,0
1192,18937,42010,8.7616371321e-12,-7.4808378309e-12,1.2475511060e-12,0
1192,38530,42010,4.6959989263e-12,6.4825895824e-13,8.2144370033e-13,0
1192,6280,42002,4.4136819255e-12,1.1537875264e-12,8.5625702126e-13,0
1192,7930,42007,4.6387900133e-12,-1.1181153200e-12,3.9352333306e-13,0
1192,33196,42010,3.7394405082e-12,1.7570556770e-16,1.7570556770e-17,0
1193,33196,42010,1.0306986831e-11,2.5597916788e-12,2.5599673843e-13,0
1193,37006,42006,4.7004228217e-12,-3.3665164843e-12,-5.8292889437e-15,0
1193,18937,42010,6.3365068142e-12,5.2223593002e-12,6.5417947042e-13,0
1193,38530,42010,7.9000051022e-12,3.7253714495e-12,1.2913871109e-12,0
1193,6280,42002,4.6838692621e-12,-3.5438537505e-12,6.9767558523e-13,0
1193,7930,42007,6.1084733335e-12,-5.4558241878e-13,1.5413760451e-13,0
1194,7930,42007,6.1935723317e-12,3.8655342807e-13,1.3239005712e-13,0
1194,37006,42006,2.3086654818e-12,-2.2621457203e-12,-3.4621474049e-13,0
1194,6280,42002,5.5899710229e-12,2.4779103264e-12,4.9053435429e-13,0
1194,18937,42010,7.8554132219e-12,-6.6449674211e-12,1.6716608509e-13,0
1194,38530,42010,3.8937337887e-12,-3.0991379801e-12,1.0558839739e-12,0
1194,33196,42010,7.3446218690e-12,-4.3198994904e-12,-1.7599321061e-13,0
1195,37006,42006,6.3945009843e-12,-1.0752164686e-12,-3.5749909684e-13,0
1195,7930,42007,5.8844810524e-12,-2.7605233576e-12,2.1146051004e-13,0
1195,18937,42010,9.0617434420e-12,3.2500195560e-12,3.8540967185e-13,0
1195,33196,42010,6.0424104783e-12,1.4417652663e-12,-3.1816683982e-14,0
1195,38530,42010,5.9749600145e-12,1.5623298718e-12,7.4711044937e-13,0
1195,6280,42002,2.9482573825e-12,8.7706248988e-13,4.8955423065e-13,0
1196,7930,42007,4.7912329670e-12,2.3426994703e-12,3.4268109366e-14,0
1196,37006,42006,5.4818720035e-12,2.1654292913e-12,-4.9060410810e-13,0
1196,18937,42010,4.6226020658e-12,-1.9110489291e-12,4.1038677476e-13,0
1196,38530,42010,3.0942393277e-12,-2.3874379270e-12,1.0543879179e-12,0
1196,33196,42010,5.2260931800e-12,-3.8686571072e-12,-4.1868239471e-13,0
1196,6280,42002,3.4880661952e-12,2.7111005714e-12,1.0291691302e-12,0
1197,18937,42010,4.4619197193e-12,3.7409820754e-12,-2.1814731602e-13,0
1197,37006,42006,5.3030667831e-12,-1.0171363104e-12,-8.2336121913e-13,0
1197,7930,42007,5.8739994564e-12,8.9714116997e-13,5.6493335925e-14,0
1197,33196,42010,4.0209740081e-12,3.2225005786e-12,-9.6432336845e-14,0
1197,38530,42010,7.9818370407e-12,2.7144356030e-12,6.0661659577e-13,0
1197,6280,42002,3.2500340152e-12,2.1645177998e-12,1.1492452673e-12,0
1198,7930,42007,6.9718023160e-12,1.2617946700e-12,4.4165019633e-13,0
1198,37006,42006,4.2414362420e-12,3.1827646995e-12,-2.6839720405e-13,0
1198,18937,42010,8.8163384141e-12,-7.7169867209e-12,-4.1566662786e-13,0
1198,38530,42010,4.2882802701e-12,-4.0647402114e-12,5.3009356448e-13,0
1198,33196,42010,5.2906974966e-12,-3.2199886448e-12,-4.1843120133e-13,0
1198,6280,42002,7.1931006076e-12,3.6532578024e-13,1.1588865207e-12,0
1199,6280,42002,5.3301992484e-12,5.1255829223e-12,1.3365183975e-12,0
1199,37006,42006,2.9761418490e-12,-5.6009382359e-15,-6.5968572990e-13,0
1199,33196,42010,4.2688253616e-12,4.1736904489e-12,-1.0621564331e-15,0
1199,18937,42010,2.9873520080e-12,2.4075625231e-12,-8.9112149001e-13,0
1199,38530,42010,6.1440956400e-12,3.9795145858e-12,4.6768848297e-14,0
1199,7930,42007,2.0274333735e-12,6.7139493105e-13,-1.9029830569e-13,0
1200,37006,42006,4.0431083225e-12,-3.0999249619e-12,-7.4614015745e-13,0
1200,38530,42010,7.3380073409e-12,-6.4753928723e-12,1.5154772562e-13,0
1200,33196,42010,5.1468913264e-12,-2.8307727735e-12,-2.8413943378e-13,0
1200,18937,42010,4.2557366307e-12,-6.6936302011e-13,-3.1075320544e-13,0
1200,6280,42002,3.2168796544e-12,3.0143744517e-12,1.4600683734e-12,0
1200,7930,42007,5.1383936511e-12,1.3739916375e-12,3.8919412122e-13,0
1201,7930,42007,3.1390910274e-12,2.7287787625e-12,5.2381329730e-13,0
1201,6280,42002,5.2590012641e-12,-9.9975014817e-13,1.3346057970e-12,0
1201,18937,42010,3.9328232010e-12,2.0519890953e-12,-7.7502913720e-13,0
1201,37006,42006,6.7088344088e-12,5.6453995974e-12,4.8908086736e-13,0
1201,33196,42010,4.8890072058e-12,3.7782813318e-12,9.3688699398e-14,0
1201,38530,42010,2.9193245225e-12,-1.3212904678e-12,-4.7180889903e-13,0
1202,6280,42002,5.3217076299e-12,-4.9563913919e-12,7.2358790513e-13,0
1202,37006,42006,4.9305200826e-12,-3.6197327220e-12,-3.4526800175e-13,0
1202,7930,42007,6.9728328404e-12,-2.3036989857e-12,4.0525493073e-13,0
1202,33196,42010,2.8948847420e-12,-1.8738180047e-12,-9.3710671632e-14,0
1202,38530,42010,7.3799877843e-12,-8.0217660181e-13,-6.1685245503e-13,0
1202,18937,42010,7.2132347196e-12,-3.5421121228e-13,-6.2366475338e-14,0
1203,18937,42010,4.5461996890e-12,-3.9875772346e-12,-9.8336012881e-13,0
1203,37006,42006,5.5463597900e-12,4.8740744098e-12,4.7879108767e-13,0
1203,7930,42007,9.5868111239e-12,9.0079924383e-12,1.3606124164e-12,0
1203,38530,42010,2.3855236411e-12,9.3280085498e-13,-8.9610951448e-13,0
1203,33196,42010,9.0452334846e-12,-2.6540783144e-12,-6.1509767095e-13,0
1203,6280,42002,4.4087717175e-12,1.1596614302e-12,1.1939394232e-12,0
1204,37006,42006,5.2509995740e-12,-5.2062220424e-12,1.8438345546e-13,0
1204,38530,42010,7.6598989441e-12,6.9328304836e-12,1.0708733188e-13,0
1204,33196,42010,6.4618725909e-12,-6.2541662059e-12,-8.0852434249e-13,0
1204,6280,42002,2.3053720561e-12,-1.7122959948e-12,7.7491879107e-13,0
1204,7930,42007,5.3227076306e-12,-3.7132764663e-12,9.5062942701e-13,0
1204,18937,42010,3.4919524982e-12,1.1327040195e-12,-2.0559298475e-13,0
1205,18937,42010,1.2917986586e-12,7.4235023384e-13,-4.5635991697e-13,0
1205,7930,42007,3.2893125056e-12,2.1533313547e-12,1.4420148982e-12,0
1205,37006,42006,2.7649117359e-12,-2.4091788844e-12,5.0987213873e-14,0
1205,38530,42010,5.9152851810e-12,2.6197254457e-13,-2.2948400835e-14,0
1205,6280,42002,5.2129374930e-12,-1.4041671698e-13,6.7317087039e-13,0
1205,33196,42010,5.7119641098e-12,-2.2025600080e-12,-1.1729568699e-12,0
1206,37006,42006,5.3867238384e-12,4.2693358812e-12,2.6137787286e-13,0
1206,38530,42010,7.1393688380e-12,1.8118180229e-12,3.9697719415e-13,0
1206,6280,42002,2.8264698538e-12,1.2217959156e-12,5.2424040481e-13,0
1206,7930,42007,3.7802775621e-12,-3.7559337782e-12,8.3215157339e-13,0
1206,18937,42010,5.5531245004e-12,-9.4549503043e-13,-3.5980452711e-13,0
1206,33196,42010,2.8019914027e-12,-2.7908050413e-12,-1.0651716633e-12,0
1207,33196,42010,3.1487311213e-12,2.2348715435e-12,-1.1639345668e-12,0
1207,18937,42010,1.0069266804e-11,7.1151097271e-12,-2.2391761937e-14,0
1207,7930,42007,5.1229582303e-12,4.5875602615e-12,1.2011934825e-12,0
1207,6280,42002,2.0734950890e-12,-1.9760552140e-12,1.1018310342e-13,0
1207,37006,42006,3.7134694134e-12,-9.8239264669e-13,2.6485223923e-13,0
1207,38530,42010,7.2913084090e-12,5.8573664870e-13,1.8410729872e-13,0
1208,18937,42010,9.9781571238e-12,-4.7017629169e-12,2.7913061846e-13,0
1208,6280,42002,3.9611187154e-12,1.1402867972e-12,1.8767920511e-13,0
1208,7930,42007,2.7034496836e-12,4.0914746187e-13,1.1159287617e-12,0
1208,37006,42006,7.1584793510e-12,3.8433480505e-12,3.3091057433e-13,0
1208,33196,42010,8.5659971770e-12,-6.5769191639e-12,-1.4996276187e-12,0
1208,38530,42010,8.5658076177e-12,-7.2635370100e-12,-1.3577238114e-13,0
1209,33196,42010,8.0486168923e-12,7.0410256045e-12,-1.2128941032e-12,0
1209,37006,42006,2.8126035064e-12,2.5237976543e-12,5.8385043358e-13,0
1209,38530,42010,1.1520740122e-11,8.2471010646e-12,2.9098626674e-13,0
1209,7930,42007,2.5804106146e-12,-4.2981598391e-13,1.0058076702e-12,0
1209,18937,42010,2.5891219939e-12,2.0022534258e-12,2.3859970873e-13,0
1209,6280,42002,2.5225680805e-12,-2.2981052231e-12,-5.5468960942e-13,0
1210,33196,42010,3.3451101330e-12,-2.5101030418e-12,-1.1808271300e-12,0
1210,18937,42010,9.1625000905e-12,-6.8817089080e-12,-3.8263488005e-13,0
1210,7930,42007,1.6993700945e-12,1.1623243015e-12,9.8464093664e-13,0
1210,37006,42006,3.6807298711e-12,-3.4562022416e-13,8.5928090735e-13,0
1210,38530,42010,5.2540166982e-12,-5.0567577897e-12,4.3284977500e-13,0
1210,6280,42002,4.0990624477e-12,-3.4406382731e-12,-1.2001908819e-12,0
1211,7930,42007,6.5667112449e-12,-4.1869732014e-12,2.9306574025e-13,0
1211,37006,42006,5.9073155047e-12,4.2834897040e-12,7.2308991801e-13,0
1211,38530,42010,1.1183636573e-11,9.6620205394e-12,1.5311808757e-12,0
1211,18937,42010,6.9320675090e-12,5.1751160586e-12,-7.0322183725e-14,0
1211,6280,42002,4.5712111001e-12,-1.5586844725e-12,-1.2560843143e-12,0
1211,33196,42010,1.2109965722e-11,1.1142324288e-11,-4.4442283444e-13,1
1212,6280,42002,3.9196029463e-12,-2.3016015978e-12,-9.9060533492e-13,0
1212,33196,42009,3.9594331935e-12,2.9624375364e-17,2.9624375364e-18,0
1212,18937,42010,1.0988928486e-11,-9.1671233826e-12,-9.5161340076e-13,0
1212,37006,42006,1.3269914016e-12,-1.1881037604e-12,9.6625281416e-13,0
1212,38530,42010,9.9558439383e-12,-9.0566758070e-12,7.0573095521e-13,0
1212,7930,42007,1.7155207141e-12,-1.4150199365e-12,3.8193364517e-13,0
1213,37006,42006,3.3110061180e-12,3.1515788020e-12,7.9400325338e-13,0
1213,7930,42007,5.9719360085e-12,-5.7839514645e-12,-1.0972607451e-12,0
1213,38530,42010,1.1312458597e-11,1.0961986237e-11,1.7086494934e-12,0
1213,33196,42009,7.1243107269e-12,1.4406522080e-12,1.4406818324e-13,0
1213,18937,42010,8.1053383955e-12,6.5289972627e-12,1.0004404897e-13,0
1213,6280,42002,5.6583043237e-12,1.7056886893e-12,-9.3600260901e-13,0
1214,6280,42002,5.9616542680e-12,-5.2570196591e-12,-1.2904749754e-12,0
1214,18937,42010,2.6739617747e-12,-2.3020135628e-12,-2.4342770926e-13,0
1214,33196,42009,8.1017438025e-12,6.4913887862e-12,7.9320706186e-13,0
1214,37006,42006,3.8153260603e-12,-3.0842334820e-12,1.0062021094e-12,0
1214,7930,42007,1.3743107169e-12,-9.9674345556e-13,-8.2560744404e-13,0
1214,38530,42010,2.6135099188e-12,1.9112474754e-12,1.2064911926e-12,0
1215,37006,42006,3.0367548733e-12,1.3587429957e-13,1.2607074278e-12,0
1215,38530,42010,6.2490853108e-12,5.4473039902e-12,1.7250243372e-12,0
1215,7930,42007,5.2209434114e-12,-2.0471208106e-13,-1.0614117876e-12,0
1215,18937,42010,2.2642672412e-12,1.7236606345e-12,-1.4529666920e-13,0
1215,33196,42009,7.7365324921e-12,2.5098866751e-12,1.0441957294e-12,0
1215,6280,42002,2.1101581356e-12,-6.4713943769e-13,-1.3411472475e-12,0
1216,6280,42002,2.4110718087e-12,1.0152372310e-12,-1.3618031160e-12,0
1216,18937,42010,7.4152988665e-12,6.3685347916e-13,1.2938181759e-14,0
1216,37006,42006,8.4492957037e-13,1.9699661452e-13,8.5347350115e-13,0
1216,7930,42007,9.3953892503e-12,-4.7068293789e-12,-1.1565013477e-12,0
1216,38530,42010,6.2781034783e-12,-2.0117928940e-12,1.3426632455e-12,0
1216,33196,42009,5.7490443142e-12,2.3533885683e-13,1.0677296150e-12,0
1217,7930,42007,2.5717742851e-12,7.3329591812e-13,-1.5419277820e-12,0
1217,37006,42006,6.4480336172e-13,5.8238029097e-13,1.0099507949e-12,0
1217,33196,42009,2.4564946868e-12,6.7824896629e-13,1.1355545117e-12,0
1217,18937,42010,3.2253290748e-12,1.8258977049e-12,-5.1598302046e-13,0
1217,38530,42010,3.5786177274e-12,-3.4067482217e-12,9.4341475842e-13,0
1217,6280,42002,4.9629322660e-12,1.9593070736e-12,-9.6826688722e-13,0
1218,18937,42010,5.6349594533e-12,4.4347382897e-12,3.9766710019e-13,0
1218,7930,42007,1.6448818708e-12,9.6961157364e-13,-1.4858813708e-12,0
1218,37006,42006,2.8574378716e-12,7.6827891541e-13,7.0244388141e-13,0
1218,38530,42010,7.7544343523e-12,6.4939703189e-12,2.3191654913e-12,0
1218,33196,42009,7.8118620815e-12,-2.4395851174e-12,8.9159599994e-13,0
1218,6280,42002,3.2962354002e-12,-1.3126683817e-12,-1.2135624051e-12,0
1219,18937,42010,1.7444301457e-12,-1.4506305824e-12,5.2378699364e-14,0
1219,7930,42007,5.3392384954e-12,5.4878178503e-14,-1.4374119546e-12,0
1219,33196,42009,6.9054907832e-12,-1.5292681072e-13,8.7630331887e-13,0
1219,37006,42006,2.7796096382e-12,1.4470002795e-13,4.6453411878e-13,0
1219,38530,42010,2.9320562856e-12,1.1797305912e-12,1.6124284440e-12,0
1219,6280,42002,4.7618156979e-12,7.4640380219e-13,-9.0911150259e-13,0
1220,6280,42002,3.9403416898e-12,-1.0558777771e-12,-6.7063545298e-13,0
1220,37006,42006,4.4448687288e-12,1.5522572076e-12,6.5432186195e-13,0
1220,7930,42007,6.7473551868e-12,-8.6037898599e-13,-1.6396822834e-12,0
1220,38530,42010,4.8874295076e-12,4.4690197914e-12,2.5650062021e-12,0
1220,33196,42009,4.3473308558e-12,3.1033782824e-12,1.1866411471e-12,0
1220,18937,42010,2.4532041047e-12,-1.0044552678e-12,6.4010406339e-13,0
1221,7930,42007,7.6581303950e-12,4.4855616512e-12,-7.7242879810e-13,0
1221,37006,42006,5.2351862101e-12,2.5740138311e-12,4.8337427465e-13,0
1221,18937,42010,2.8398888820e-12,-2.8811639380e-13,9.3780818145e-14,0
1221,33196,42009,5.5539260715e-12,-4.3943286525e-12,7.4720828186e-13,0
1221,38530,42010,5.7537422384e-12,-4.3331215144e-12,1.1654919967e-12,0
1221,6280,42002,3.6421732544e-12,-3.1431428189e-12,-8.2908128763e-13,0
1222,18937,42010,5.9687439694e-12,5.1058718648e-12,1.5210803429e-12,0
1222,6280,42002,7.6118094988e-12,4.4116354268e-12,-1.5775758517e-13,0
1222,7930,42007,7.8385443759e-12,-1.8017898812e-12,-8.1110579257e-13,0
1222,37006,42006,5.2999957325e-12,4.6352189742e-12,1.0657065481e-12,0
1222,38530,42010,3.0904124554e-12,2.7863593409e-12,2.3497955115e-12,0
1222,33196,42009,3.6014837996e-12,-1.5038654465e-12,5.9681877477e-13,0
1223,33196,42009,5.3839333101e-12,-1.1931400205e-12,3.3343955192e-13,0
1223,37006,42006,1.0761846309e-12,9.7892777390e-13,8.4844144531e-13,0
1223,7930,42007,6.6970061152e-12,5.6023420980e-12,3.2752356368e-13,0
1223,38530,42010,7.3144240714e-12,-4.2474160695e-12,8.2885528085e-13,0
1223,18937,42010,9.2723992097e-12,-2.2253712550e-12,6.4564349111e-13,0
1223,6280,42002,5.8350599111e-12,-5.1792602270e-12,-8.4625247680e-13,0
1224,6280,42002,3.1357923960e-12,2.8639566641e-12,-3.4154844479e-14,0
1224,7930,42007,1.9669703556e-12,1.8359629500e-12,6.1079420424e-13,0
1224,18937,42010,6.7565459975e-12,2.1420805998e-12,1.0900529074e-12,0
1224,37006,42006,6.7754144969e-12,-1.7191997916e-12,9.8494481436e-13,0
1224,33196,42009,4.5173645351e-12,-3.1760902751e-12,-6.3330835420e-13,0
1224,38530,42010,5.7991015741e-12,2.6662244264e-12,9.0435297595e-13,0
1225,6280,42002,6.2259484710e-12,-4.1994773346e-12,-3.8938863417e-13,1
1225,37006,42006,5.6032610381e-12,-2.2496247771e-13,9.4886113663e-13,0
1225,38530,42010,5.0674519460e-12,7.3236161732e-13,4.3285873866e-13,0
1225,33196,42009,3.5903508305e-12,-8.5513766971e-13,-9.6981078868e-13,0
1225,7930,42007,3.6191667571e-12,-9.7868766787e-13,5.3339664556e-13,0
1225,18937,42010,8.1413414091e-12,-4.2870891064e-12,4.8897793329e-13,0
1226,7930,42007,4.5822082038e-12,-2.7915251064e-12,7.2492707280e-13,0
1226,18937,42010,3.0379692988e-12,1.9203461956e-12,6.1732720494e-13,0
1226,37006,42006,4.3413321049e-12,-1.6981994988e-12,7.5934152530e-13,0
1226,38530,42010,5.6935231708e-12,6.2331589664e-13,6.9636961772e-13,0
1226,33196,42009,6.4584269013e-12,-1.4374724351e-12,-1.1370919179e-12,0
1227,37006,42006,3.3564316234e-12,-3.2913825321e-12,3.7196524299e-13,0
1227,38530,42010,2.6126805474e-12,1.7739852280e-12,1.2144429627e-12,0
1227,33196,42009,8.2194085628e-12,-2.4070334038e-12,-1.4456201549e-12,0
1227,18937,42010,1.1710670242e-11,-4.1383064158e-12,2.0906792871e-14,0
1227,7930,42007,6.4626089734e-12,-5.6427799448e-12,8.7319486515e-14,0
1228,7930,42007,2.8651172859e-12,1.0916115547e-13,1.2744446971e-15,0
1228,18937,42010,7.6354853149e-12,-2.9067835313e-12,-7.1324538923e-13,0
1228,37006,42006,7.8484683424e-12,1.8592766783e-12,4.8106501928e-13,0
1228,33196,42009,1.0449689550e-11,-6.0390338488e-12,-1.8055650280e-12,0
1228,38530,42010,4.5917497030e-12,6.2524515385e-13,6.2757044619e-13,0
1229,37006,42006,3.5074855504e-12,2.4456404508e-12,7.1115906156e-13,0
1229,38530,42010,5.8535810262e-12,4.7926306815e-12,9.8886045523e-13,0
1229,33196,42009,2.7909649101e-12,4.1250557087e-13,-1.7490217899e-12,0
1229,18937,42010,1.0511693277e-11,3.1608857929e-12,-2.5209375170e-13,0
1229,7930,42007,4.8707430521e-12,1.4533418570e-12,1.4112081254e-13,0
1230,7930,42007,5.1418855548e-12,-6.4747477242e-13,1.6241123390e-13,0
1230,37006,42006,4.0334673393e-12,3.9405701479e-12,9.4999035559e-13,0
1230,18937,42010,4.7087471605e-12,-3.2463883834e-12,-4.7628706326e-13,0
1230,33196,42009,6.6491549594e-12,-2.0029299735e-12,-2.2596526155e-12,0
1230,38530,42010,5.0732244462e-12,-1.9506692919e-12,3.4689154689e-13,0
1231,33196,42009,6.4305973477e-12,5.6828111633e-12,-1.2519386339e-12,0
1231,18937,42010,8.9532742572e-12,6.2830028640e-12,1.8082486252e-13,0
1231,37006,42006,3.3298990485e-12,6.8924105344e-13,7.6151307783e-13,0
1231,7930,42007,3.4386798547e-12,1.8826565530e-12,-9.7879275916e-14,0
1231,38530,42010,5.5164246290e-12,4.6679284295e-12,1.2469965413e-12,0
1232,7930,42007,8.7348339707e-12,-8.3339916385e-12,-7.5109945165e-13,1
1232,37006,42006,5.7747910430e-12,8.9439882729e-14,3.0693516868e-13,0
1232,38530,42010,3.8510323666e-12,-3.3259151536e-12,6.3576909182e-13,0
1232,33196,42009,5.5165037612e-12,-4.8725466365e-13,-1.1502775556e-12,0
1232,18937,42010,8.4856829586e-12,-6.1922241327e-12,-9.4898473723e-13,0
1233,33196,42009,7.0414230661e-12,4.5304863538e-13,-9.8565869001e-13,0
1233,37006,42006,8.6205001147e-12,8.5289643412e-12,1.0619388254e-12,0
1233,18937,42010,7.9619633907e-12,-3.5544552427e-12,-1.0818931360e-12,0
1233,38530,42010,4.8529008037e-12,4.3989095497e-12,1.5004016537e-12,0
1234,37006,42006,5.7502048512e-12,-2.0780231370e-12,1.0260564909e-12,0
1234,18937,42010,3.1945326737e-12,-2.3608938202e-12,-1.5321905780e-12,0
1234,38530,42010,7.4418708612e-12,7.7420505827e-13,1.3111997169e-12,0
1234,33196,42009,5.9132110638e-12,2.6114592803e-12,-4.0690373448e-13,0
1235,33196,42009,3.0367032063e-12,-1.5202877098e-12,-4.7341873849e-13,0
1235,37006,42006,9.9418347658e-12,9.5261975557e-12,2.0011724942e-12,0
1235,18937,42010,9.2458587665e-12,1.0871402864e-12,-9.9476763872e-13,0
1235,38530,42010,5.5665896477e-12,-2.1650465613e-14,1.2357985086e-12,0
1236,18937,42010,8.8549799009e-12,-4.9629054880e-12,-1.6830928071e-12,0
1236,37006,42006,6.1072783500e-12,-1.1707132769e-14,2.1698217308e-12,0
1236,38530,42010,7.0651447303e-12,-1.3985254397e-12,1.0336143750e-12,0
1236,33196,42009,2.7024701479e-12,-1.0682550302e-12,-4.3649699799e-13,0
1237,37006,42006,6.7568232806e-12,1.8453757119e-12,2.6834975552e-12,0
1237,18937,42010,3.0224965925e-12,1.2920367556e-12,-1.1400584899e-12,0
1237,33196,42009,9.0540122667e-12,7.7259921228e-14,-1.8806766549e-13,0
1237,38530,42010,3.2798744651e-12,1.4329472298e-12,9.9951057518e-13,0
1238,18937,42010,3.4655251479e-12,-9.7303518712e-13,-9.4668365552e-13,0
1238,37006,42006,1.1003117175e-12,-6.7397598659e-13,2.4301722887e-12,0
1238,38530,42010,3.5021455900e-12,3.4412477564e-12,1.2811108354e-12,0
1238,33196,42009,4.6623063148e-12,3.4635014560e-12,7.6218586498e-13,0
1239,33196,42009,5.0898469860e-12,7.1181830183e-13,7.9211713808e-13,0
1239,37006,42006,1.2572895828e-11,1.0893232461e-11,3.2749314898e-12,1
1239,38530,42010,2.9364370945e-12,1.5815617201e-12,9.6000393929e-13,0
1239,18937,42010,3.4748251038e-12,-4.5076694739e-13,-1.3078489295e-12,0
1240,18937,42010,7.3487892987e-12,-6.9136731788e-12,-1.6745774091e-12,0
1240,37006,42006,2.0224773769e-12,5.2179915665e-17,5.2179915665e-18,0
1240,35332,42007,5.2104549300e-12,8.4456503973e-17,8.4456503973e-18,0
1240,38530,42010,4.4210186274e-12,-3.7309898686e-12,7.8197188162e-13,0
1240,33196,42009,5.4884538212e-12,4.7947513561e-12,1.4718852710e-12,0
1241,33196,42009,1.3673546857e-12,8.3476026619e-13,9.8708018133e-13,0
1241,6280,42002,3.7674347362e-12,-1.0106446916e-16,-1.0106446916e-17,0
1241,37006,42006,6.9233884968e-12,3.3916181050e-12,3.3916702849e-13,0
1241,38530,42010,6.0258112176e-12,5.1792995562e-12,8.3310899430e-13,0
1241,35332,42007,7.0794557948e-12,4.2948577795e-12,4.2949422360e-13,0
1241,18937,42010,2.5263339866e-12,9.4950318166e-13,-2.2079273773e-12,0
1242,6280,42002,2.1094508853e-12,1.0521926008e-12,1.0520915363e-13,0
1242,18937,42010,6.4536550136e-12,-5.7252166254e-12,-2.1612266266e-12,0
1242,37006,42006,8.2899880245e-12,1.4237174294e-13,3.5340420279e-13,0
1242,38530,42010,4.3998838135e-12,-1.5838994483e-12,1.0073105648e-12,0
1242,35332,42007,2.3101440005e-12,1.4498675718e-12,5.7448098078e-13,0
1242,33196,42009,5.6838483253e-12,5.9733347760e-13,1.0955389955e-12,0
1243,6280,42002,1.0307999135e-11,6.2438430421e-12,7.2959345784e-13,0
1243,35332,42007,4.6438221398e-12,-1.9413459124e-12,3.8034638954e-13,0
1243,33196,42009,5.4921477060e-12,-4.2616423152e-12,6.2406990040e-13,0
1243,37006,42006,9.2072979153e-12,7.2917939318e-12,1.0825835960e-12,0
1243,18937,42010,9.0952449087e-12,-6.5739031148e-12,-2.4631714138e-12,0
1243,38530,42010,5.9179940306e-12,3.7040488563e-12,9.3782449549e-13,0
1244,37006,42006,6.9386376075e-12,-6.6705998671e-12,4.1552360926e-13,0
1244,38530,42010,5.8140141592e-12,4.8437083403e-12,1.3447748237e-12,0
1244,35332,42007,2.8081872950e-12,4.0684126485e-14,3.8441480219e-13,0
1244,18937,42010,2.3016324725e-12,2.1333983621e-12,-2.0137421956e-12,0
1244,6280,42002,3.1904372184e-12,-9.8677755892e-13,6.3091570195e-13,0
1244,33196,42009,9.3847100567e-12,8.5854516372e-12,1.2214691361e-12,0
1245,35332,42007,4.6270479169e-12,-3.3730563419e-12,4.7109168001e-14,0
1245,18937,42010,6.3582058956e-12,-4.9825545346e-12,-2.6207116777e-12,0
1245,6280,42002,6.9696251925e-12,1.3967990625e-12,7.7059560820e-13,0
1245,37006,42006,4.9675995001e-12,3.7433869739e-12,7.8986230664e-13,0
1245,33196,42009,6.1298431834e-12,-3.6900979157e-12,1.0044881155e-12,0
1245,38530,42010,5.5255097629e-12,-3.2560139416e-12,1.0213384761e-12,0
1246,37006,42006,5.9186480195e-12,-9.3530631458e-13,6.9633167518e-13,0
1246,38530,42010,3.4272564551e-12,2.8145147113e-12,1.4426424912e-12,0
1246,33196,42009,2.3540941752e-12,5.3647452748e-13,1.1649610713e-12,0
1246,18937,42010,2.6221778102e-12,1.3296088114e-12,-1.9914602477e-12,0
1246,6280,42002,3.3347136179e-12,-3.1957311014e-12,4.5102249806e-13,0
1246,35332,42007,6.5090973116e-12,6.1636670833e-12,6.6347587633e-13,0
1247,18937,42010,2.2659466095e-12,3.8169484428e-14,-2.1168469748e-12,0
1247,6280,42002,2.5396021947e-12,-1.0396387503e-12,3.4705862303e-13,0
1247,33196,42009,4.3391189331e-12,-1.1269414917e-12,1.0445409300e-12,0
1247,35332,42007,4.9961040350e-12,-2.3827963668e-12,4.2519623965e-13,0
1247,37006,42006,7.3322456424e-12,3.7288158763e-12,1.0692132628e-12,0
1247,38530,42010,3.6953236240e-12,2.9246480992e-12,1.5918125781e-12,0
1248,37006,42006,9.0345901062e-12,-7.1757472472e-12,3.5163853809e-13,0
1248,38530,42010,6.9890097318e-12,3.8356748908e-12,1.6312552916e-12,0
1248,35332,42007,1.1030807295e-11,1.0029988743e-11,1.4281951140e-12,0
1248,18937,42010,4.1544169267e-12,-2.0692297589e-12,-2.2264664320e-12,0
1248,6280,42002,4.5101933707e-12,-1.8273819681e-12,1.6432042622e-13,0
1248,33196,42009,7.0185958769e-12,3.1001645469e-13,7.2919242985e-13,0
1249,6280,42002,5.0493153092e-12,2.8509055465e-12,4.4941098087e-13,0
1249,33196,42009,5.1819953696e-12,6.0945651195e-13,7.1895625086e-13,0
1249,35332,42007,4.7477180402e-12,-2.9249165012e-12,1.1357034638e-12,0
1249,18937,42010,5.1506600890e-12,-3.9274594261e-12,-2.5741356799e-12,0
1249,37006,42006,5.4593111091e-12,2.8248209092e-12,6.3412062902e-13,0
1249,38530,42010,3.0597843384e-12,-1.9359669915e-12,1.2795024204e-12,0
1250,6280,42002,7.6028717750e-12,1.9144289224e-12,6.4085387312e-13,0
1250,37006,42006,2.6091125848e-12,-2.3996130265e-12,3.9415410837e-13,0
1250,18937,42010,9.6926222787e-12,8.9220108555e-12,-9.9056727647e-13,0
1250,38530,42010,4.3242291559e-12,3.7551514153e-12,2.0281165488e-12,0
1250,35332,42007,7.8822978992e-12,7.6005161970e-12,1.8957466379e-12,0
1250,33196,42009,5.6305921408e-12,-9.2308270360e-15,2.3855803255e-13,0
1251,6280,42002,8.7391064332e-12,-2.7696827972e-12,3.6389569985e-13,0
1251,33196,42009,7.4211180877e-12,1.2491610294e-12,2.7999810886e-13,0
1251,18937,42010,4.0488247753e-12,-3.0119387406e-12,-1.3867114687e-12,0
1251,35332,42007,4.5390041533e-12,-4.2129175130e-12,1.0449691086e-12,0
1251,37006,42006,7.2712889276e-12,5.0359109149e-13,1.0535140702e-13,0
1251,38530,42010,7.3982257154e-12,-5.8254355903e-12,9.2764303415e-13,0
1252,37006,42006,3.0245232028e-12,-1.2874255452e-12,-3.7628321799e-14,0
1252,38530,42010,4.2188708861e-12,1.7103562906e-12,1.2570686080e-12,0
1252,35332,42007,5.1904143570e-12,2.8631561487e-12,1.1862979663e-12,0
1252,18937,42010,5.1889531919e-12,4.3921016752e-12,-3.7497963863e-13,0
1252,33196,42009,3.7743669243e-12,-3.5437238634e-12,-1.3410762524e-13,0
1252,6280,42002,6.9169487440e-12,5.3438029585e-12,7.9305673562e-13,0
1253,33196,42009,1.0843743357e-11,5.6866553548e-12,8.6072214177e-13,0
1253,35332,42007,4.4635483936e-12,2.4714932484e-12,1.6275818824e-12,0
1253,18937,42010,2.0286814230e-12,1.4687028370e-12,4.2928095655e-13,0
1253,37006,42006,6.1675710578e-12,1.8438714839e-12,-5.8242056659e-13,0
1253,38530,42010,6.6569598793e-12,2.7155312340e-12,1.1582168458e-12,0
1253,6280,42002,7.7511437964e-12,-1.7662711697e-12,-7.9546855572e-15,0
1254,37006,42006,5.7923739252e-12,-2.3976213904e-12,-1.5512271892e-13,0
1254,38530,42010,7.4288838911e-12,1.6685824301e-13,6.9053183607e-13,0
1254,18937,42010,2.6679815286e-12,1.9184143045e-12,4.0778255079e-13,0
1254,35332,42007,2.6170934286e-12,-2.1897364333e-12,1.4045398264e-12,0
1254,33196,42009,4.2006989338e-12,5.6113404110e-13,5.8290382155e-14,0
1254,6280,42002,6.6937500500e-12,3.3194052923e-12,4.2266359956e-13,0
1255,33196,42009,3.6368047982e-12,-2.0785094674e-12,2.1944922698e-13,0
1255,35332,42007,2.1812504417e-12,1.1318631646e-12,1.8550317771e-12,0
1255,37006,42006,9.6187652625e-12,5.3307713280e-12,3.6157164928e-15,0
1255,18937,42010,4.5723035165e-12,8.5474770169e-13,9.9151277442e-13,0
1255,38530,42010,4.6897161699e-12,3.2726444664e-12,1.3433976769e-12,0
1255,6280,42002,3.7316249410e-12,3.7271493684e-13,3.2025518699e-13,0
1256,37006,42006,7.2558285905e-12,-6.9188567323e-12,-5.9473932528e-13,0
1256,38530,42010,3.0777553946e-12,-3.8136776782e-13,1.0238094290e-12,0
1256,18937,42010,2.0447463146e-12,1.5364324697e-12,1.0121951402e-12,0
1256,6280,42002,5.0548010439e-12,2.4747321026e-12,8.8730150738e-13,0
1256,35332,42007,4.1428619809e-12,1.1326628831e-12,1.3519313571e-12,0
1256,33196,42009,6.2837155448e-12,6.0088184993e-12,7.6668362416e-13,0
1257,33196,42009,2.1596037153e-12,-7.0511116177e-13,8.0886665716e-13,0
1257,37006,42006,8.5989671917e-12,8.1657449711e-12,-1.5104641580e-13,0
1257,6280,42002,4.3811281341e-12,3.9445882634e-12,1.3857242088e-12,0
1257,35332,42007,3.9191441230e-12,2.6555826551e-12,1.8557692592e-12,0
1257,18937,42010,2.8561607835e-12,-1.6442854002e-12,8.4394965178e-13,0
1257,38530,42010,3.5139285215e-12,3.4305589909e-12,1.0744005181e-12,0
1258,18937,42010,2.3673423935e-12,2.5401342637e-13,1.0762739703e-12,0
1258,35332,42007,3.8586355710e-12,1.6599534549e-12,1.0187657304e-12,0
1258,6280,42002,3.3258178878e-12,3.1143115782e-12,1.8798935634e-12,0
1258,37006,42006,1.9383073001e-12,-1.2164553339e-12,4.4488277553e-13,0
1258,38530,42010,1.0235262064e-12,2.1505523502e-13,7.1233855255e-13,0
1258,33196,42009,6.3049006078e-12,1.3087760286e-12,9.0874261455e-13,0
1259,6280,42002,4.2373606141e-12,-3.6697427622e-12,1.2278287325e-12,0
1259,37006,42006,9.0300611637e-12,2.7750336764e-12,4.3990405225e-13,0
1259,38530,42010,4.4106481910e-12,-2.8505217601e-12,6.2088307569e-13,0
1259,33196,42009,4.6787033864e-12,-5.7932462796e-13,7.8986450056e-13,0
1259,35332,42007,4.9482185782e-12,4.3569745080e-12,1.7469548314e-12,0
1259,18937,42010,5.1720650737e-12,-4.3954582546e-12,1.0294740875e-12,0
1260,6280,42002,4.0843019601e-12,3.4962765921e-12,1.3860134995e-12,0
1260,35332,42007,3.4253941943e-12,3.2274537124e-12,1.3096485829e-12,0
1260,37006,42006,3.1854881800e-12,-2.4515729810e-14,6.7741378192e-13,0
1260,33196,42009,5.2122988537e-12,-1.0991457075e-12,6.8087301251e-13,0
1260,18937,42010,6.3121724782e-12,3.6946719926e-12,5.0674020117e-13,0
1260,38530,42010,9.9297758284e-12,8.0147963802e-12,1.0468475722e-12,0
1261,37006,42006,5.5580162919e-12,1.7577414594e-12,8.0282881871e-13,0
1261,18937,42010,4.7161967233e-12,-3.0876561021e-12,4.9916846501e-13,0
1261,38530,42010,3.2420965946e-12,1.4074347872e-12,1.7701346099e-12,0
1261,33196,42009,4.9340904775e-12,-3.8762277877e-12,1.6833413081e-13,0
1261,35332,42007,7.7156541506e-13,3.0139034460e-13,1.7610793686e-12,0
1261,6280,42002,4.2042344923e-12,6.8472865330e-13,1.7314546445e-12,0
1262,35332,42007,1.3085917480e-12,2.0058683396e-13,1.4948224372e-12,0
1262,37006,42006,5.2645280377e-12,-8.4377891623e-13,8.4719348161e-13,0
1262,33196,42009,6.5123272302e-12,-1.7662427879e-12,3.4608223835e-13,0
1262,18937,42010,8.7254238401e-12,-1.8738505825e-12,-1.2742676076e-13,0
1262,38530,42010,1.9999952852e-12,1.6919332249e-12,1.7682923034e-12,0
1262,6280,42002,6.6109576663e-12,1.3345371912e-12,1.3305280678e-12,0
1263,18937,42010,5.6370021495e-12,-2.2568414125e-12,-4.9998118571e-13,0
1263,37006,42006,5.4317283029e-12,1.7331654679e-12,8.3612288001e-13,0
1263,33196,42009,1.3773541087e-12,6.0693904239e-13,-1.6188939289e-13,0
1263,38530,42010,8.2445858090e-12,-2.3168577326e-12,1.2650534067e-12,0
1263,35332,42007,4.4037700774e-12,3.8500201108e-12,1.6326751234e-12,0
1263,6280,42002,7.1511197540e-12,5.4298847870e-12,2.0501436635e-12,0
1264,6280,42002,3.6330967290e-12,1.7647944870e-12,1.8946825829e-12,0
1264,37006,42006,6.4882845927e-12,-3.8323090937e-12,6.9265410968e-13,0
1264,38530,42010,8.7154645382e-12,7.8185549668e-12,2.0302230791e-12,0
1264,18937,42010,5.8468424830e-12,3.6246815065e-12,-3.2935446551e-13,0
1264,35332,42007,6.0123004978e-12,5.7926143111e-12,2.4309101979e-12,0
1264,33196,42009,8.0808051132e-12,-6.3516898952e-12,-8.5317178652e-13,0
1265,37006,42006,5.4048684704e-12,4.5236135127e-12,6.1193832816e-13,0
1265,18937,42010,5.4041576844e-12,-5.1928224357e-12,-9.3411147925e-13,0
1265,35332,42007,4.5596011705e-12,-1.5886611284e-12,2.1588577686e-12,0
1265,33196,42009,6.8128673785e-12,-4.6399728229e-12,-1.1093181221e-12,0
1265,38530,42010,5.8585544899e-12,-4.6720924086e-12,1.2357493916e-12,0
1265,6280,42002,8.3031670091e-12,8.1101683793e-12,2.6684279272e-12,0
1266,6280,42002,5.4910525345e-12,-3.2211412496e-12,2.0988405920e-12,0
1266,37006,42006,3.3172803260e-12,-2.1160777266e-13,1.2826632241e-12,0
1266,38530,42010,5.6268198870e-13,-4.9831019009e-13,1.2240551494e-12,0
1266,35332,42007,7.0419473091e-12,-6.3586656286e-12,1.4097249174e-12,0
1266,18937,42010,2.8432421652e-12,2.6520536184e-12,-8.2254936437e-13,0
1266,33196,42009,8.9018614851e-12,4.4066388894e-12,-1.2695360831e-12,0
1267,18937,42010,5.4571010664e-12,-3.8143527533e-12,-1.0395560997e-12,0
1267,35332,42007,3.2421816428e-12,3.1478311162e-12,1.4589497635e-12,0
1267,33196,42009,8.6744960776e-12,-8.6474265440e-12,-2.0637676213e-12,0
1267,37006,42006,3.1511789994e-12,-2.0287426658e-12,2.6321446044e-13,0
1267,38530,42010,4.8848128968e-12,-1.8572778257e-12,6.9527146770e-13,0
1267,6280,42002,8.8189743216e-13,-8.7453257432e-16,1.7042943124e-12,0
1268,35332,42007,4.2111122856e-12,3.2013224170e-13,1.3249676422e-12,0
1268,6280,42002,1.0703330863e-11,-3.5957725861e-12,1.0332858960e-12,0
1268,37006,42006,5.9193444831e-12,2.5745401825e-12,6.4231401208e-13,0
1268,38530,42010,8.2865784678e-12,8.1947271250e-12,1.4932386567e-12,0
1268,33196,42009,8.1863303091e-12,4.4705887956e-13,-2.1499393362e-12,0
1268,18937,42010,2.8246429893e-12,-1.4534942627e-13,-1.0794923850e-12,0
1269,35332,42007,4.9248423341e-12,-1.9670234554e-12,6.9256784584e-13,0
1269,33196,42009,7.5236594985e-12,-7.0802230401e-12,-2.8000291774e-12,0
1269,37006,42006,4.4566900708e-12,6.0466933177e-13,4.2527757761e-13,0
1269,38530,42010,7.3723471201e-12,-6.6973210195e-12,1.1085587308e-12,0
1269,6280,42002,8.8305498203e-12,8.4651024777e-12,2.2467704199e-12,0
1269,18937,42010,5.7124098482e-12,-4.7050503843e-12,-1.1104515979e-12,0
1270,18937,42010,7.2744918537e-12,5.1379272212e-12,-9.6612607507e-13,0
1270,6280,42002,1.0276181680e-11,5.1589974574e-13,1.9487327353e-12,0
1270,37006,42006,3.7886462382e-12,2.5858989395e-12,6.8631904455e-13,0
1270,38530,42010,8.9641197491e-12,7.7965668410e-12,1.0867357768e-12,0
1270,35332,42007,6.2707025414e-12,3.5606390390e-12,7.2588637850e-13,0
1270,33196,42009,5.2496265240e-12,-1.4122624361e-12,-2.8313408503e-12,0
1271,37006,42006,4.4759339846e-12,1.1200575987e-12,6.2255065848e-13,0
1271,33196,42009,4.9068134264e-12,3.9287158937e-12,-2.0508464821e-12,0
1271,35332,42007,6.3587853438e-13,4.1854077562e-13,7.3760142161e-13,0
1271,38530,42010,7.3859087076e-12,-5.5218317248e-12,3.9380912563e-13,0
1271,18937,42010,6.8001370821e-12,-5.2886668614e-12,-1.1862271510e-12,0
1271,6280,42002,5.3552038058e-12,2.2622202931e-12,2.1064818993e-12,0
1272,6280,42002,4.2467647727e-12,3.0514448061e-12,2.2781726608e-12,0
1272,37006,42006,5.9079629793e-12,4.3610188444e-12,1.1430304345e-12,0
1272,18937,42010,7.9108135983e-12,4.0379839457e-12,-5.9504369817e-13,0
1272,33196,42009,1.0239078350e-11,8.5368570720e-12,-1.0205364961e-12,0
1272,35332,42007,4.2564970219e-12,2.8608290100e-12,1.0036256392e-12,0
1272,38530,42010,2.7394264001e-12,2.4712059882e-12,4.7173640197e-13,0
1273,6280,42002,4.2677661532e-12,-1.7080624823e-12,1.5643779338e-12,0
1273,37006,42006,2.7589092704e-12,1.2744521943e-12,1.0971591072e-12,0
1273,35332,42007,4.3342717871e-12,-5.9191368902e-13,5.5943225923e-13,0
1273,18937,42010,2.6852227083e-12,-1.4069771282e-12,-5.1005726974e-13,0
1273,38530,42010,7.6407368104e-12,4.5321953961e-12,1.1566417148e-12,0
1273,33196,42009,3.2152675941e-12,-1.6821691104e-12,-1.2494473114e-12,0
1274,6280,42002,4.1149995100e-12,-1.9114346414e-12,1.1967550210e-12,0
1274,37006,42006,6.2387562184e-12,4.7180778329e-12,1.9521977998e-12,0
1274,35332,42007,3.4372021940e-12,-1.8254351759e-12,-2.0237268948e-13,0
1274,18937,42010,2.1889757461e-12,-1.0193147757e-12,-9.7445689796e-13,0
1274,38530,42010,1.4797727820e-12,1.4688173733e-12,5.2166795549e-13,0
1274,33196,42009,4.8717128755e-12,-2.0076951123e-12,-8.1504783312e-13,0
1275,37006,42006,3.3295566631e-12,8.4611152235e-13,1.5844476008e-12,0
1275,38530,42010,6.9100178015e-12,-5.7659323416e-12,4.1228396220e-13,0
1275,35332,42007,3.7843144652e-12,-2.0587002304e-12,-2.4937659968e-13,0
1275,33196,42009,8.4004651928e-12,-5.4376519259e-12,-8.9481574341e-13,0
1275,6280,42002,2.5254476742e-12,-2.3627854021e-12,1.4945964286e-13,0
1275,18937,42010,5.0901653341e-12,-4.8218929476e-12,-9.3736394915e-13,0
1276,33196,42009,6.3037179033e-12,-4.1726845644e-12,-1.7527480888e-12,0
1276,6280,42002,4.2959675166e-12,1.4732989954e-12,6.1890366737e-13,0
1276,35332,42007,7.9146679776e-12,7.3685360876e-12,1.1233435719e-12,0
1276,37006,42006,3.0554763496e-12,2.5023798698e-12,1.8558463650e-12,0
1276,18937,42010,2.5150175903e-12,1.5374184151e-12,-1.0488274695e-12,0
1276,38530,42010,8.4238324529e-12,4.3634955335e-12,8.9846453456e-13,0
1277,37006,42006,7.9329796302e-12,-3.9734866243e-12,1.6613719692e-12,0
1277,35332,42007,5.0194491514e-12,1.1483354449e-13,8.2004381477e-13,0
1277,38530,42010,7.9080310818e-12,-2.8932577861e-12,7.9486653852e-13,0
1277,6280,42002,2.4397555200e-12,1.0179665992e-12,7.2078778054e-13,0
1277,33196,42009,6.5288284673e-12,7.8771072981e-13,-8.0923436142e-13,0
1277,18937,42010,9.0788233153e-12,-4.6572418931e-12,-1.1331163835e-12,0
1278,35332,42007,1.0637769797e-12,-5.5050307358e-14,7.8252555986e-13,0
1278,6280,42002,4.0850233165e-12,3.2835115580e-12,1.4087161950e-12,0
1278,18937,42010,9.0428842259e-12,5.9612785244e-12,-5.2245358839e-13,0
1278,33196,42009,2.8291097817e-12,5.8050899663e-13,-7.9588934971e-13,0
1278,37006,42006,6.1913493166e-12,4.1950077126e-13,1.4458680281e-12,0
1278,38530,42010,7.2302678215e-12,7.0521303664e-12,6.8060686266e-13,0
1279,37006,42006,2.2910707657e-12,5.9668872832e-13,1.4450699677e-12,0
1279,38530,42010,6.1012298323e-12,-4.7038416781e-12,8.7995479679e-13,0
1279,33196,42009,4.4673434469e-12,-5.1945366476e-13,-1.3981241217e-13,0
1279,18937,42010,4.0914907534e-12,3.3937781729e-12,2.8742926733e-13,0
1279,6280,42002,9.4223963585e-12,-8.3451374311e-13,4.7875457287e-13,0
1279,35332,42007,4.6683470543e-12,-2.7645689113e-12,7.0277101427e-13,0
1280,35332,42007,3.9735564964e-12,-1.4567625666e-12,2.0103085371e-13,0
1280,6280,42002,7.1168835364e-12,3.0686328453e-12,7.3402788283e-13,0
1280,18937,42010,7.2553841839e-12,-4.9140093976e-12,-7.1776439455e-13,0
1280,33196,42009,3.5845681041e-12,-2.7215542605e-12,-2.7074159461e-13,0
1280,37006,42006,2.0178991853e-12,4.4691724551e-13,1.2311717983e-12,0
1280,38530,42010,2.6988622492e-12,4.2050549670e-13,1.4234866237e-13,0
1281,37006,42006,2.9935925986e-12,-3.6885185981e-13,1.0822808525e-12,0
1281,38530,42010,8.5472920839e-12,6.4210774898e-12,1.3366395838e-12,0
1281,18937,42010,4.1619470739e-12,2.5942626559e-12,7.0528557182e-14,0
1281,33196,42009,4.9998349692e-12,-2.4394645294e-13,-6.8800782928e-13,0
1281,6280,42002,5.0057461385e-12,3.5862652715e-12,8.6643238066e-13,0
1281,35332,42007,4.8527733524e-12,2.7580169961e-12,4.3497847576e-13,0
1282,6280,42002,8.3983763503e-12,4.4993543730e-12,1.0112233373e-12,0
1282,35332,42007,5.4200267334e-12,7.0100112607e-13,2.1899568737e-13,0
1282,18937,42010,8.4903888952e-12,-7.6085136301e-12,-1.0941212004e-12,0
1282,37006,42006,8.4276393039e-12,8.2518834886e-12,1.4713673169e-12,0
1282,33196,42009,6.1083554838e-12,-2.1637328006e-12,-1.7580668165e-12,0
1282,38530,42010,3.3215303476e-12,-1.6783536690e-12,9.2168361810e-13,0
1283,35332,42007,1.0431787882e-12,-2.7237919621e-13,2.5094913665e-13,0
1283,37006,42006,3.4550478615e-12,1.5810796968e-12,1.5020300671e-12,0
1283,33196,42009,6.9011449170e-12,-4.7200812976e-12,-2.0618580353e-12,0
1283,38530,42010,7.2243886243e-12,7.0406740934e-12,1.1725314878e-12,0
1283,18937,42010,3.2465138409e-12,2.7255079942e-12,-6.8087268816e-13,0
1283,6280,42002,4.0422856048e-12,-2.8586745662e-13,1.1534428399e-12,0
1284,6280,42002,6.3032178952e-12,4.6315671252e-12,1.8077430166e-12,0
1284,37006,42006,5.9905080725e-12,4.7841489472e-12,1.5086371786e-12,0
1284,18937,42010,5.4814048513e-12,-3.6931650334e-12,-9.4825771392e-13,0
1284,38530,42010,5.8890048624e-12,-3.4706231337e-12,6.7858743713e-13,0
1284,35332,42007,2.6064248475e-12,-1.5718144864e-12,2.7631120561e-13,0
1284,33196,42009,6.5431998942e-12,-2.3947280379e-12,-2.1005613278e-12,0
1285,33196,42009,4.3786657483e-12,-2.3976786222e-12,-1.7965639975e-12,0
1285,37006,42006,8.2969030626e-12,-5.3582854691e-12,8.8819747942e-13,0
1285,18937,42010,3.7759184263e-12,-1.8569573214e-12,-6.5176415130e-13,0
1285,35332,42007,7.5369365343e-12,3.9766016813e-12,8.7984139678e-13,0
1285,38530,42010,6.9177654620e-12,4.4650838410e-12,1.7016890554e-12,0
1285,6280,42002,7.1887397120e-12,4.0847910757e-13,2.0848694675e-12,0
1286,33196,42009,2.6253150000e-12,1.7442934887e-12,-1.2048661921e-12,0
1286,37006,42006,9.0247879665e-12,7.9500526996e-12,1.4329647624e-12,0
1286,38530,42010,8.4037865868e-12,-1.4896873157e-12,1.1163707705e-12,0
1286,18937,42010,1.7199054140e-12,7.9934175720e-13,-7.2557181709e-13,0
1286,6280,42002,1.9360937009e-12,-1.4696155130e-12,1.7905780167e-12,0
1286,35332,42007,6.9397344704e-12,-6.3686046470e-12,-4.9387267668e-13,0
1287,6280,42002,3.4172101648e-12,-2.4056820466e-12,1.4482131521e-12,0
1287,18937,42010,1.8326747298e-12,3.1325865652e-13,-2.2852176213e-13,0
1287,37006,42006,7.8083806723e-12,-6.3182658381e-12,1.1984868410e-12,0
1287,33196,42009,1.0002729226e-11,1.2016524635e-12,-1.1634720188e-12,0
1287,38530,42010,9.4693998340e-12,8.9881824506e-12,2.3045147941e-12,0
1287,35332,42007,6.4872510922e-12,5.0392920239e-12,-1.4268287358e-15,0
1288,6280,42002,5.6256522245e-12,3.7184535613e-12,1.4917073524e-12,0
1288,35332,42007,7.6622738573e-12,-1.8064951765e-12,-1.7657131565e-13,0
1288,37006,42006,6.9570395374e-12,6.9403851354e-12,1.8505752774e-12,0
1288,38530,42010,3.6928468056e-12,8.4266023026e-13,1.6835677805e-12,0
1288,33196,42009,3.4241006588e-12,2.8925642122e-12,-9.3226649722e-13,0
1288,18937,42010,6.3446678858e-12,-5.5697231462e-12,-1.3816219292e-12,0
1289,6280,42002,3.0235746798e-12,1.1211659619e-12,1.6872753230e-12,0
1289,18937,42010,5.3647662942e-12,2.1773320987e-12,-1.5032665366e-12,0
1289,37006,42006,4.4098160764e-12,-3.6071856349e-12,1.4301878411e-12,0
1289,38530,42010,4.0513981384e-12,3.7062544336e-12,2.5245773917e-12,0
1289,33196,42009,6.0924800598e-12,-2.7695647381e-12,-1.1572776046e-12,0
1289,35332,42007,5.5917851124e-12,3.2160392409e-12,4.2148949957e-13,0
1290,6280,42002,9.2793167558e-13,8.5619976083e-13,1.4660320145e-12,0
1290,33196,42009,2.9064527275e-12,-1.1107719217e-12,-9.9619937068e-13,0
1290,37006,42006,1.4039584936e-11,1.3549694030e-11,2.7404655196e-12,1
1290,38530,42010,5.0784385960e-12,3.1709371584e-14,2.4856977792e-12,0
1290,18937,42010,6.0765324139e-12,-2.7232563122e-13,-1.0390981600e-12,0
1290,35332,42007,1.8678060282e-12,-1.0258091254e-12,4.6458484369e-13,0
1291,33196,42009,2.7400637920e-12,9.6866317415e-13,-8.7493840797e-13,0
1291,18937,42010,3.0448258788e-12,-4.5793333461e-14,-1.3031037589e-12,0
1291,35332,42007,8.4846986817e-12,1.3645538548e-12,3.2523852956e-13,0
1291,37006,42006,3.1088836652e-12,6.9281356384e-17,6.9281356384e-18,0
1291,38530,42010,3.8456974930e-12,1.3025741727e-12,1.9738474475e-12,0
1291,6280,42002,2.9008913251e-12,3.4715288294e-14,1.1108770162e-12,0
1292,18937,42010,3.7855694360e-12,3.5045831696e-12,-1.9179407895e-13,0
1292,6280,42002,2.8184329533e-12,2.4525618667e-12,9.0619776556e-13,0
1292,37006,42006,9.2001553316e-12,8.1848279960e-12,8.1848972774e-13,0
1292,38530,42010,1.0557638525e-11,9.6988857534e-12,3.1115713897e-12,0
1292,35332,42007,3.7092289873e-12,-3.4455959093e-12,-8.9421173979e-14,0
1292,33196,42009,5.4159988939e-12,3.3789017203e-12,-3.2067495587e-13,0
1293,35332,42007,5.3798734971e-12,2.2321868135e-12,1.6103542699e-13,0
1293,37006,42006,5.4904332515e-12,-5.4873585239e-12,2.6975387534e-13,0
1293,33196,42009,2.5019558775e-12,1.8925900696e-12,3.4059218085e-13,0
1293,38530,42010,3.6255266973e-12,-2.2758713663e-12,2.1799168438e-12,0
1293,6280,42002,3.4655590748e-12,1.2424517635e-12,1.0590296876e-12,0
1293,18937,42010,3.9991490165e-12,-1.0498092609e-12,-5.6932580445e-13,0
1294,6280,42002,5.2082337430e-12,4.1577682504e-12,1.0116498001e-12,0
1294,18937,42010,2.0202103323e-12,9.7194319309e-13,-1.0281498181e-13,0
1294,37006,42006,1.0990238978e-11,1.0424182056e-11,1.3121720809e-12,0
1294,38530,42010,4.1666500003e-12,3.0360769762e-12,2.8305868547e-12,0
1294,35332,42007,6.1164625800e-12,-2.5930759010e-12,5.8909285530e-14,0
1294,33196,42009,4.0572003632e-12,2.1162435973e-12,7.9168934437e-13,0
1295,35332,42007,5.5551904147e-12,-4.2854823794e-12,-7.6729912054e-13,0
1295,37006,42006,3.6530122553e-12,2.6003223418e-12,1.5722043151e-12,0
1295,33196,42009,5.3601936381e-12,-1.7682720850e-12,8.5462999809e-13,0
1295,38530,42010,9.4446784458e-13,4.8407850292e-13,2.4324863209e-12,0
1295,18937,42010,2.4801067028e-12,-6.6265546361e-13,1.6615203969e-14,0
1295,6280,42002,1.0120984350e-12,2.0052090532e-13,9.9085397988e-13,0
1296,6280,42002,6.5728807422e-12,-3.7246439468e-12,7.6535113649e-13,0
1296,18937,42010,8.2581718301e-12,9.1711551344e-13,2.8392579593e-14,0
1296,37006,42006,2.0811877175e-12,1.5805478777e-12,1.7302591029e-12,0
1296,33196,42009,3.6336336747e-12,2.7040059371e-12,9.5060124293e-13,0
1296,35332,42007,5.7067924676e-12,-4.0346996173e-12,-5.3390861758e-13,0
1296,38530,42010,4.6513106758e-12,2.0631847020e-12,2.7877735227e-12,0
1297,6280,42002,7.2809709642e-12,4.8899123951e-12,1.4949105807e-12,0
1297,35332,42007,4.2907859620e-12,-2.8309411451e-12,-1.3209319345e-12,0
1297,37006,42006,5.1592415733e-12,1.2496975940e-12,1.8552288623e-12,0
1297,38530,42010,4.6620486909e-12,5.9693042119e-13,1.9486483198e-12,0
1297,18937,42010,1.9099387913e-12,7.1372197079e-13,6.8438911020e-14,0
1297,33196,42009,5.1332359028e-12,2.1105334127e-12,1.0414893379e-12,0
1298,18937,42010,5.5496650169e-12,-3.8254431334e-12,2.4286691230e-13,0
1298,33196,42009,8.8230644281e-12,-8.7583049969e-12,-1.2359758305e-13,0
1298,6280,42002,9.1781492981e-12,-6.0712275127e-12,5.1594247327e-13,0
1298,35332,42007,7.3519393746e-12,9.0193610026e-13,-1.0500888068e-12,0
1298,37006,42006,7.0022823000e-12,6.8877714346e-12,2.5440060057e-12,0
1298,38530,42010,9.6347452150e-12,5.8631945532e-12,2.4507017520e-12,0
1299,35332,42007,6.8692871796e-12,2.1853867278e-13,-1.3498388636e-12,0
1299,6280,42002,2.7995185316e-12,2.5870793133e-12,6.6253380840e-13,0
1299,18937,42010,7.3161420892e-12,5.1188432451e-12,5.3701802694e-13,0
1299,33196,42009,6.0685029063e-12,2.6149842918e-13,1.7950873368e-13,0
1299,37006,42006,4.4077877438e-12,-1.6875057355e-12,2.3752554322e-12,0
1299,38530,42010,2.4585026510e-12,9.2826255967e-13,2.1729025647e-12,0
1300,37006,42006,6.9402153021e-12,6.7178576227e-12,3.0470411945e-12,0
1300,18937,42010,1.0965840589e-11,-8.5710664999e-12,-2.9285605992e-13,0
1300,38530,42010,5.3896971751e-12,-2.5631108969e-12,1.9134205378e-12,0
1300,33196,42009,3.8528842228e-12,3.7304425921e-12,6.6363018506e-13,0
1300,6280,42002,3.0822209517e-12,2.3905701628e-12,8.1597084860e-13,0
1300,35332,42007,6.1536643284e-12,1.2361774570e-14,-1.2460217736e-12,0
1301,6280,42002,3.4741119383e-12,2.3165423748e-12,1.0441535573e-12,0
1301,33196,42009,4.3670449619e-12,3.5800568240e-12,9.2476955005e-13,0
1301,35332,42007,5.1255052815e-12,-7.1926787105e-14,-1.3896698378e-12,0
1301,18937,42010,4.4314023527e-12,3.6908307851e-12,8.0806351935e-14,0
1301,37006,42006,1.8723740869e-12,1.3866244419e-13,3.0609005107e-12,0
1301,38530,42010,5.4916440020e-12,5.2572213027e-12,2.3088852508e-12,0
1302,37006,42006,6.8759676457e-12,-6.3351802843e-13,2.1790659083e-12,0
1302,18937,42010,7.6661029844e-12,-7.6075006616e-12,-1.0304020312e-12,0
1302,38530,42010,3.7694114057e-12,1.8492953365e-12,1.5239262091e-12,0
1302,6280,42002,2.4961964267e-12,1.4705704817e-12,9.4595441875e-13,0
1302,35332,42007,4.7480353360e-12,1.7084428552e-12,-8.7426596136e-13,0
1302,33196,42009,4.1685740419e-12,-1.4343927812e-12,4.4344009990e-13,0
1303,18937,42010,6.5197085659e-12,4.8581993238e-12,-4.3960117272e-13,0
1303,6280,42002,3.8325339586e-12,-4.5458816404e-13,7.7625042599e-13,0
1303,33196,42009,2.7227738488e-12,-2.4846170127e-12,5.7193916719e-15,0
1303,37006,42006,2.6330706729e-12,2.0995330463e-12,2.9377550653e-12,0
1303,35332,42007,5.2107931828e-12,9.2562634588e-14,-1.0882283793e-12,0
1303,38530,42010,7.8298803672e-12,6.2116487065e-12,2.3726782164e-12,0
1304,37006,42006,7.5766194093e-12,-6.7661989898e-12,1.2187169608e-12,0
1304,38530,42010,5.3549814935e-12,-3.9556610556e-12,1.6735044132e-12,0
1304,35332,42007,2.3824792749e-12,-1.7281889791e-12,-1.0017396871e-12,0
1304,6280,42002,1.8281021480e-12,-1.1749677324e-12,2.4297682771e-13,0
1304,33196,42009,6.0864021952e-12,5.5373266415e-12,3.4782769609e-13,0
1304,18937,42010,7.1112333139e-12,-5.7931187150e-12,-1.1161073635e-12,0
1305,18937,42010,3.9853711908e-12,1.9227149060e-13,-1.0306146681e-12,0
1305,6280,42002,5.9529824208e-12,5.6439356913e-12,7.8731830631e-13,0
1305,33196,42009,1.1947008262e-11,-1.0408985184e-11,-5.1624361386e-13,1
1305,37006,42006,5.1958522686e-12,3.2430737408e-12,1.2829921007e-12,0
1305,35332,42007,4.5840921881e-12,-1.7976558858e-12,-7.5295703770e-13,0
1305,38530,42010,8.3183289720e-12,8.1530030199e-12,2.4403968649e-12,0
1306,6280,42002,3.5835629351e-12,-1.2683908593e-12,1.0329436151e-12,0
1306,37006,42006,8.7225093496e-12,-3.6741894855e-12,7.5751836434e-13,0
1306,35332,42007,5.0833818916e-12,-4.5945917510e-12,-8.0894625107e-13,0
1306,38530,42010,2.4788334035e-12,1.0939670499e-12,2.3434750997e-12,0
1306,18937,42010,8.7676010682e-12,-6.9465370228e-12,-1.8169799217e-12,0
1307,6280,42002,6.1915957690e-12,-6.1772507314e-12,-7.3772697591e-14,0
1307,18937,42010,3.0072991977e-12,2.0995353744e-12,-1.6783985814e-12,0
1307,37006,42006,9.6985773657e-12,4.5180435246e-12,1.0843529574e-12,0
1307,33196,42009,4.4728323736e-12,-2.0709647961e-16,-2.0709647961e-17,0
1307,38530,42010,6.4465978793e-12,-2.0536573320e-12,2.0784163244e-12,0
1307,35332,42007,4.9638512658e-12,-2.3900672819e-12,-7.6485886475e-13,0
1308,37006,42006,5.2133050908e-12,-1.1172915275e-12,2.8384666119e-13,0
1308,38530,42010,5.5487523803e-12,4.2659877896e-12,1.9186956480e-12,0
1308,33196,42009,3.8107337887e-12,4.9340608980e-13,4.9319899332e-14,0
1308,18937,42010,1.0254021539e-11,7.0175831639e-12,-5.9409595165e-13,0
1308,35332,42007,6.1228391169e-12,-1.0016924488e-13,-8.6506939926e-13,0
1308,6280,42002,2.5778982441e-12,1.5972843658e-12,6.9307849026e-13,0
1309,35332,42007,7.0976971472e-12,-6.8878764161e-12,-1.5757109082e-12,0
1309,18937,42010,2.1505145931e-12,1.1847171641e-12,-9.8750855975e-13,0
1309,37006,42006,7.7173402132e-12,2.4398443489e-12,6.9658166963e-13,0
1309,33196,42009,3.8247414488e-12,1.0589604642e-12,1.5521594575e-13,0
1309,38530,42010,9.1684192650e-12,-3.8837274141e-12,1.4374966506e-12,0
1309,6280,42002,9.7692259698e-12,-6.2435960538e-12,-1.8998904645e-13,0
1310,35332,42007,9.9526200662e-12,-2.6813947043e-12,-1.8450865560e-12,0
1310,37006,42006,4.0862674926e-12,-5.8317909147e-13,-3.3522001789e-14,0
1310,33196,42009,5.7283419401e-12,-3.0778748685e-13,1.2443719707e-13,0
1310,38530,42010,2.5007762489e-12,1.2981951177e-12,1.8236272521e-12,0
1310,18937,42010,9.2466173499e-12,-1.5341941968e-12,-2.8382132944e-13,0
1310,6280,42002,5.5309142066e-12,-2.4894560893e-12,-6.7799167166e-13,0
1311,6280,42002,2.7532219599e-12,-1.0059762181e-13,-9.1970567132e-13,0
1311,35332,42007,5.3816674393e-12,-5.3747715140e-12,-2.3753710287e-12,0
1311,18937,42010,1.9961115863e-12,1.9484594315e-12,-4.5805846481e-13,0
1311,37006,42006,4.4455125175e-12,1.0150707329e-12,5.4118827083e-14,0
1311,38530,42010,9.2493920690e-12,2.7882864685e-12,1.5767337687e-12,0
1311,33196,42009,4.2965353504e-12,1.4450247861e-12,2.6893967568e-13,0
1312,33196,42009,3.8634512892e-12,-4.3549589901e-13,2.2539008578e-13,0
1312,18937,42010,4.7525362367e-12,-2.4571961098e-12,5.6971990369e-14,0
1312,37006,42006,8.3002232426e-12,7.1048099832e-12,8.2795162825e-13,0
1312,35332,42007,7.1579112767e-12,-5.6183782219e-13,-2.6023990965e-12,0
1312,38530,42010,4.2521248007e-12,-1.1965501394e-12,1.2721492211e-12,0
1312,6280,42002,7.3410637952e-12,-2.2038407183e-12,-1.2871467913e-12,0
1313,18937,42010,5.0447380649e-12,5.0365616356e-12,7.4808221544e-14,0
1313,37006,42006,5.4079915643e-12,-4.7879899995e-12,1.3919932366e-13,0
1313,6280,42002,3.5420512790e-12,2.5718528325e-12,-9.8450269166e-13,0
1313,38530,42010,8.0672679162e-12,-2.9347999583e-12,3.5750435461e-13,0
1313,35332,42007,3.6862122747e-12,-1.0625923784e-12,-2.7179145978e-12,0
1313,33196,42009,2.8530762112e-12,1.3209016389e-12,3.5748024967e-13,0
1314,33196,42009,2.2456915242e-12,5.7904031658e-13,4.1538428132e-13,0
1314,35332,42007,5.0049814389e-12,-1.8577987777e-12,-2.7308755776e-12,0
1314,37006,42006,6.9637481019e-12,4.5073343266e-12,1.2665526553e-12,0
1314,38530,42010,3.6723911264e-12,-4.8227354351e-13,7.0484310582e-13,0
1314,18937,42010,2.0750560933e-12,-6.7237757907e-13,5.8688233514e-13,0
1314,6280,42002,7.7283617629e-12,-6.9740798984e-12,-1.5644139083e-12,0
1315,3082,42007,3.5520970391e-12,-4.0125975674e-17,-4.0125975674e-18,0
1315,6280,42002,7.1162469764e-12,1.4260584186e-13,-2.1145468932e-12,0
1315,37006,42006,2.8361014379e-12,-6.5213086806e-13,8.7703219442e-13,0
1315,38530,42010,3.3935943860e-12,1.8124931866e-12,7.0792122485e-14,0
1315,18937,42010,3.9925187808e-12,-3.4552266962e-12,2.2213251647e-13,0
1315,35332,42007,4.6223474374e-12,2.0639797476e-12,-2.3447120143e-12,0
1315,33196,42009,5.6001228864e-12,-4.9650524305e-12,-8.1120961724e-14,0
1316,35332,42007,7.6119736007e-12,-6.7864177863e-12,-2.5638946178e-12,0
1316,33196,42009,7.1689119045e-12,6.6794677379e-12,5.8682581206e-13,0
1316,18937,42010,2.3176354190e-12,1.6447249439e-12,1.0812587131e-12,0
1316,37006,42006,2.2286811165e-12,2.2034910525e-12,1.4648002482e-12,0
1316,3082,42007,9.6485432268e-12,-7.5888766343e-12,-7.5889167602e-13,0
1316,6280,42002,3.0647515423e-12,-3.0640895569e-12,-2.2941167630e-12,0
1316,38530,42010,5.1021391387e-12,1.4278094335e-12,1.0417636085e-13,0
1317,3082,42007,5.7849391622e-12,2.0025077261e-12,-5.5864090341e-13,0
1317,37006,42006,5.5872562968e-12,6.4243310677e-13,1.0772392064e-12,0
1317,6280,42002,8.6238915413e-12,-4.7184408007e-13,-1.7235760978e-12,0
1317,18937,42010,7.1450474642e-12,1.0150736494e-12,9.7281254065e-13,0
1317,38530,42010,3.6192171544e-12,2.6268042103e-12,5.7222251508e-13,0
1317,35332,42007,6.5098201413e-12,3.0414389979e-12,-2.0207439899e-12,0
1317,33196,42009,9.5562030324e-12,-5.8567750574e-12,1.1690159737e-15,0
1318,35332,42007,1.0006585825e-11,-9.9756666167e-12,-3.0082937270e-12,0
1318,33196,42009,8.6877590139e-12,2.1603815473e-12,1.6786656172e-13,0
1318,18937,42010,2.1504146250e-12,-1.9293359541e-12,7.8120628850e-14,0
1318,37006,42006,6.1022740290e-12,-3.1372083223e-12,8.7524752695e-13,0
1318,38530,42010,2.5596845555e-12,-5.0259322035e-13,9.5364414084e-14,0
1318,3082,42007,6.5936184443e-12,-2.0191900910e-12,-7.6055991251e-13,0
1318,6280,42002,8.3564313368e-12,-2.6141909908e-12,-2.1447236335e-12,0
1319,6280,42002,3.4962023749e-12,1.1745823485e-12,-1.4029057933e-12,0
1319,18937,42010,6.5683009060e-12,5.3684557937e-12,4.9649449181e-13,0
1319,37006,42006,1.8301745744e-12,1.5689566723e-12,7.8815875929e-13,0
1319,38530,42010,1.0793843053e-11,9.8402852682e-12,1.4677656823e-12,0
1319,3082,42007,5.5656989685e-12,2.2915000167e-12,-5.3140991085e-13,0
1319,35332,42007,9.1280981840e-12,9.0802168795e-13,-2.2287039166e-12,0
1319,33196,42009,9.1510150360e-12,-6.3236359921e-12,-5.7039308391e-13,0
1320,37006,42006,3.1115741627e-12,-4.1019210566e-13,8.0545745787e-13,0
1320,38530,42010,7.2553316576e-12,-4.1321344082e-12,9.2473272974e-13,0
1320,3082,42007,4.9438712851e-12,3.1487990546e-13,-4.9992192030e-13,0
1320,35332,42007,8.1146933848e-12,-7.5895237601e-12,-2.7195168222e-12,0
1320,18937,42010,3.2280378674e-12,-3.1428811454e-12,3.3562579695e-13,0
1320,6280,42002,4.3051271767e-12,-3.5912890087e-12,-1.5130890852e-12,0
1320,33196,42009,5.0749630065e-12,-2.4112398142e-13,-5.6372673336e-13,0
1321,3082,42007,6.6349343170e-12,4.3310957633e-12,-6.6812343972e-14,0
1321,33196,42009,3.3169816262e-12,-8.8269755952e-13,-7.9649896793e-13,0
1321,18937,42010,6.3899278063e-12,4.8536496811e-12,6.2614482192e-13,0
1321,37006,42006,2.4460011390e-12,-1.0569195662e-12,5.9825842796e-13,0
1321,6280,42002,5.1781652800e-12,-3.7888703988e-12,-1.8819163629e-12,0
1321,38530,42010,4.0829961590e-12,3.7171441781e-12,1.0176185007e-12,0
1321,35332,42007,3.8183618486e-12,7.0049159111e-13,-2.1119905117e-12,0
1322,3082,42007,3.0545129025e-12,-5.0328513329e-13,-1.1714085730e-13,0
1322,35332,42007,5.4002949858e-12,-3.3178972639e-12,-2.3875964559e-12,0
1322,6280,42002,6.6906131251e-12,-8.6366566632e-13,-1.7478988577e-12,0
1322,37006,42006,1.9995591461e-12,1.2277612483e-12,1.0553554463e-14,0
1322,38530,42010,4.9563413276e-12,3.6911098682e-12,1.5063845015e-12,0
1322,18937,42010,5.2321811077e-12,-4.5729429134e-12,4.1457014156e-13,0
1322,33196,42009,1.9894958996e-12,6.4263637074e-13,-6.8868574095e-13,0
1323,3082,42007,2.6185366382e-12,1.3302151007e-12,1.5880652771e-14,0
1323,18937,42010,3.6679540325e-12,2.1490385694e-12,1.2581783494e-13,0
1323,37006,42006,1.9223469696e-12,1.4236540150e-12,6.3171795592e-13,0
1323,6280,42002,1.2011725306e-11,9.9100297633e-12,-1.0140811646e-12,1
1323,38530,42010,4.1488385388e-12,2.1001819755e-12,2.0098826948e-12,0
1323,33196,42009,1.1652662017e-11,-1.1590374152e-11,-1.9798133200e-12,1
1323,35332,42007,7.7901911894e-12,7.3536108605e-12,-1.5459761320e-12,0
1324,3082,42007,5.7701846214e-12,-2.7038391758e-12,-2.5450326481e-13,0
1324,37006,42006,6.8356848854e-12,5.5336690727e-12,7.3435143053e-13,0
1324,18937,42010,3.8993922668e-12,-2.0276369867e-12,-9.7081058276e-15,0
1324,38530,42010,5.9584936118e-12,-3.4684296285e-12,1.7112670863e-12,0
1324,35332,42007,7.1551590175e-12,-5.9822800408e-12,-1.9584242583e-12,0
1325,3082,42007,7.6543855379e-12,-5.3914155382e-14,-2.5989066775e-13,0
1325,35332,42007,1.5954018792e-12,2.5697053219e-13,-2.1391251798e-12,0
1325,18937,42010,8.2781181313e-12,6.3248025627e-13,3.9906258942e-13,0
1325,37006,42006,7.3507696245e-12,-6.0044409696e-12,1.9912042038e-13,0
1325,38530,42010,3.1743337714e-12,-2.8481639386e-12,1.2452013738e-12,0
1326,18937,42010,2.7223804342e-12,9.9770488939e-13,3.3436058396e-13,0
1326,37006,42006,8.5970627236e-12,3.3505668164e-12,3.1382799678e-13,0
1326,38530,42010,5.0139343327e-12,4.2227551360e-12,1.5246959441e-12,0
1326,3082,42007,7.5178835306e-12,7.3933343281e-12,1.2383304285e-12,0
1326,35332,42007,5.0487462526e-12,1.7427941685e-12,-1.2862039843e-12,0
1327,37006,42006,7.6080981107e-12,5.1537839428e-12,7.6496308038e-13,0
1327,3082,42007,1.1786754516e-11,-1.1507152177e-11,-1.1263556179e-13,1
1327,38530,42010,5.3490188687e-12,2.5927376866e-12,1.5212892917e-12,0
1327,18937,42010,5.1283511765e-12,-2.8930979541e-12,-5.6456576387e-14,0
1327,33196,42009,4.4875870261e-12,-1.7131267524e-16,-1.7131267524e-17,0
1327,35332,42007,9.3798559646e-12,-9.2830593644e-12,-2.5186538206e-12,1
1328,18937,42010,4.5160393306e-12,-4.0616910335e-12,-2.6969208433e-13,0
1328,6280,42002,3.9585328778e-12,-2.1879927549e-16,-2.1879927549e-17,0
1328,37006,42006,3.9829469729e-12,3.9484766816e-13,1.1181686794e-12,0
1328,38530,42010,3.0815119332e-12,1.9064482540e-12,1.7621934391e-12,0
1328,33196,42009,6.1114710341e-12,5.6614208013e-12,5.6612494887e-13,0
1329,37006,42006,7.2905508140e-12,5.4585518962e-12,1.5071282018e-12,0
1329,6280,42002,5.0875607563e-12,4.6596167313e-12,4.6593979320e-13,0
1329,38530,42010,5.6991733596e-12,3.2333893209e-13,8.1049880552e-13,0
1329,33196,42009,3.4167277843e-12,-2.5928039031e-12,3.0684455856e-13,0
1329,18937,42010,2.2388254235e-12,2.0381169629e-12,-6.0272596741e-13,0
1330,18937,42010,1.7183022106e-12,-1.0267774774e-12,-3.9111560061e-13,0
1330,33196,42009,4.0791735623e-12,-3.4193050533e-12,-3.5085946772e-14,0
1330,37006,42006,3.4442766930e-12,-2.3929945081e-12,1.3088479616e-12,0
1330,6280,42002,2.3341150801e-12,1.5843743343e-12,6.2437722664e-13,0
1330,38530,42010,2.5148644085e-12,2.1215269648e-12,1.4358649428e-12,0
1331,18937,42010,2.7261255276e-12,-2.2894475160e-12,-1.1054253203e-12,0
1331,37006,42006,4.2777861148e-12,3.1859738573e-12,1.7331373039e-12,0
1331,38530,42010,2.8359106522e-12,-2.4045566381e-12,8.2369486120e-13,0
1331,6280,42002,6.3011980675e-12,4.6284869804e-12,1.0872259247e-12,0
1331,33196,42009,5.3646491717e-12,-1.3870305461e-12,-1.7378900138e-13,0
1332,33196,42009,2.2370807701e-12,1.4604493550e-12,-2.7744065880e-14,0
1332,6280,42002,3.0889806076e-12,2.5810462366e-12,1.3453305483e-12,0
1332,37006,42006,3.5917826252e-12,2.8334109793e-12,1.8937022770e-12,0
1332,18937,42010,8.0868263192e-12,4.8205566496e-13,-5.9992546249e-13,0
1332,38530,42010,4.3440562924e-12,3.1850042143e-12,7.7308429581e-13,0
1333,37006,42006,1.1248779879e-12,-6.0120926168e-13,1.6912159494e-12,0
1333,18937,42010,8.5810515882e-12,-6.1163693612e-12,-1.4264662555e-12,0
1333,38530,42010,5.4767955042e-12,-1.9341225890e-12,3.6965383936e-13,0
1333,6280,42002,6.6671244887e-12,3.0646162100e-12,1.6517921693e-12,0
1333,33196,42009,3.1710973522e-12,-2.3715699029e-12,-2.6490105617e-13,0
1334,6280,42002,5.4970321521e-12,4.9985859977e-12,2.1516507691e-12,0
1334,37006,42006,7.4503241229e-12,7.4107714764e-12,1.8789261897e-12,0
1334,18937,42010,5.8125916940e-12,-5.6632056030e-12,-1.7900231172e-12,0
1334,16951,42001,3.4027226933e-12,2.1721900989e-17,2.1721900989e-18,0
1334,38530,42010,7.2526413663e-12,1.4052569961e-13,7.3054937217e-13,0
1334,33196,42009,4.0550766613e-12,2.1952777123e-12,-4.5373284946e-14,0
1335,37006,42006,7.1899921250e-12,2.7696263314e-12,2.7563329198e-12,0
1335,18937,42010,7.5918388613e-12,-1.1276871293e-12,-1.9660398557e-12,0
1335,33196,42009,4.6312004058e-12,-4.3610140989e-12,-4.8147469483e-13,0
1335,38530,42010,3.6389502351e-12,9.1617337650e-13,1.1069831037e-12,0
1335,16951,42001,1.2452063179e-11,1.0511405562e-11,1.0511427284e-12,1
1335,6280,42002,2.5171919252e-12,-7.9241291253e-13,2.0724094779e-12,0
1336,33196,42009,5.8366269619e-12,5.5603689366e-13,-4.2587100547e-13,0
1336,37006,42006,5.3869690460e-12,5.1843808868e-12,2.9397143269e-12,0
1336,6280,42002,8.6529907825e-12,2.8170166801e-12,2.3541111459e-12,0
1336,38530,42010,6.3439287354e-12,-4.4886086037e-12,2.3584672970e-13,0
1336,16951,42001,3.8403293557e-12,3.0057648964e-16,3.0057648964e-17,0
1336,18937,42010,4.1829796634e-12,-7.9098360570e-13,-2.1449087052e-12,0
1337,6280,42002,5.1616222018e-12,-1.6305665801e-12,2.1910544879e-12,0
1337,37006,42006,6.7795675641e-12,5.2179890109e-12,2.9461348337e-12,0
1337,18937,42010,4.0179787826e-12,-1.3690716969e-12,-1.9925060795e-12,0
1337,38530,42010,5.8712273909e-12,-2.9474204513e-12,-3.1816908409e-13,0
1337,16951,42001,7.3026638553e-12,5.7875530525e-12,5.7878536290e-13,0
1337,33196,42009,5.8296285658e-12,-5.3909986126e-12,-9.6495373546e-13,0
1338,37006,42006,7.0202816598e-12,-6.0547858863e-12,2.3011714782e-12,0
1338,38530,42010,8.2594771532e-12,1.8993149596e-13,-4.8982075989e-13,0
1338,16951,42001,4.5042208683e-12,-2.3662652717e-12,3.4215883573e-13,0
1338,6280,42002,4.9540979072e-12,3.3382220597e-12,2.5248985738e-12,0
1338,18937,42010,6.6164821817e-12,-4.8195077603e-12,-2.0682877522e-12,0
1338,33196,42009,4.3621061135e-12,3.3282874000e-12,-1.1982670756e-12,0
1339,18937,42010,1.5802998059e-12,6.6837813373e-13,-2.2052616351e-12,0
1339,33196,42009,9.8965631752e-12,-7.9157725875e-12,-1.7305639440e-12,1
1339,37006,42006,7.5313280857e-12,3.4771960672e-12,2.1030358953e-12,0
1339,6280,42002,6.2846190126e-12,3.4173665998e-12,2.4006735606e-12,0
1339,16951,42001,1.5104884519e-12,-4.3615496231e-13,2.9854333950e-13,0
1339,38530,42010,5.3490430548e-12,2.3098967060e-12,-2.9116498250e-13,0
1340,37006,42006,6.8214090929e-12,-4.5346852511e-12,1.8888668210e-12,0
1340,38530,42010,2.6219914288e-12,1.8486883422e-12,-3.1844884476e-13,0
1340,16951,42001,5.5269199357e-12,2.1160373128e-12,5.1014707078e-13,0
1340,6280,42002,5.7248376410e-12,-4.0928541469e-12,1.8329507125e-12,0
1340,18937,42010,2.5200201326e-12,1.8552336177e-12,-1.9170605256e-12,0
1341,18937,42010,4.0792602250e-12,-3.5259271783e-12,-2.0407084918e-12,0
1341,16951,42001,7.4902860386e-12,5.9458349557e-12,1.1047305663e-12,0
1341,6280,42002,8.8071953794e-12,4.5873254169e-12,1.8288345561e-12,0
1341,37006,42006,4.8051802695e-12,2.3690804971e-12,1.8071774850e-12,0
1341,38530,42010,4.8424363872e-12,4.3518145460e-12,3.5718827365e-13,0
1342,6280,42002,5.2806308148e-12,-2.3483105362e-12,1.3358988788e-12,0
1342,37006,42006,3.7502260780e-12,2.9083322414e-12,1.8146696112e-12,0
1342,18937,42010,7.2008232627e-12,-2.3269387315e-12,-2.3216079315e-12,0
1342,38530,42010,2.8947298064e-12,-1.5273162754e-12,-1.1404377531e-13,0
1342,16951,42001,8.0461139870e-12,7.1089724223e-12,1.8156278086e-12,0
1343,16951,42001,4.0940624389e-12,-9.2668315434e-13,1.7229594931e-12,0
1343,18937,42010,4.9594289565e-12,3.3283258634e-12,-1.3771384090e-12,0
1343,6280,42002,3.6291419253e-12,-3.4787867063e-13,9.9464939078e-13,0
1343,37006,42006,5.2065620899e-12,4.8387373725e-12,2.3586642746e-12,0
1343,38530,42010,9.8684934137e-12,6.2955798874e-12,7.0892647233e-13,0
1344,16951,42001,3.1799705830e-12,-5.5046741289e-14,1.7174548190e-12,0
1344,37006,42006,2.0616942371e-12,1.2542329113e-12,1.7430104181e-12,0
1344,6280,42002,4.2238528328e-12,-3.7459027934e-12,1.2020051168e-13,0
1344,18937,42010,6.4610327684e-12,-6.4554747411e-12,-1.4563653228e-12,0
1344,38530,42010,6.4282290580e-12,-3.9213027818e-12,3.0274362419e-13,0
1345,18937,42010,6.4844114022e-12,5.4176843320e-12,-8.0182817669e-13,0
1345,37006,42006,3.5198859136e-12,4.9884133795e-13,1.5159319188e-12,0
1345,38530,42010,3.8454685092e-12,3.6177753700e-12,5.7290382353e-13,0
1345,6280,42002,5.2345336528e-12,5.2205916888e-12,7.2150097181e-13,0
1345,16951,42001,2.8390580298e-12,2.7188045706e-12,1.9893352761e-12,0
1346,6280,42002,8.9534865532e-12,-3.0540545992e-12,1.3439384388e-13,0
1346,37006,42006,7.4375504544e-12,-3.5638782605e-12,6.4110600404e-13,0
1346,38530,42010,3.1597637865e-12,1.2070464355e-12,1.1424693275e-12,0
1346,16951,42001,2.9255421261e-12,7.3026827099e-13,2.0623320455e-12,0
1346,18937,42010,2.6660363885e-12,9.4737049232e-13,-6.2799276689e-13,0
1347,18937,42010,8.9631112363e-12,1.9186288681e-12,-2.9922271039e-13,0
1347,37006,42006,7.3865189111e-12,5.2771711593e-12,6.4702421888e-13,0
1347,38530,42010,2.3828995539e-12,-1.9354421606e-12,1.2436671565e-12,0
1347,16951,42001,4.9362045923e-12,4.5147448864e-12,1.9350512289e-12,0
1347,6280,42002,9.2654433304e-12,5.6823420054e-12,8.6568470243e-13,0
1348,37006,42006,1.5277848046e-12,1.2707126833e-12,1.3795740758e-12,0
1348,38530,42010,2.9707768867e-12,-8.7712131215e-13,1.1369618757e-12,0
1348,6280,42002,7.2124126031e-12,-6.0900491459e-12,-7.7142418131e-14,0
1348,16951,42001,6.9428520144e-12,-3.2188784907e-13,2.1394889712e-12,0
1348,18937,42010,7.5984174067e-12,-6.5124648738e-12,-4.6851842175e-13,0
1349,18937,42010,7.6152074746e-12,2.0348989838e-12,-3.3186633673e-13,0
1349,6280,42002,5.7690037124e-12,5.5078765867e-12,1.3190858056e-13,0
1349,16951,42001,3.8968576340e-12,3.6907137314e-12,2.5521758405e-12,0
1349,37006,42006,5.7470901770e-12,-1.9286908778e-12,8.3898538134e-13,0
1349,38530,42010,8.8342784453e-12,6.0209045520e-12,1.5080626603e-12,0
1350,37006,42006,8.8913683836e-12,8.7023734734e-12,2.1626912538e-12,0
1350,38530,42010,6.1291622402e-12,3.5387848721e-12,1.6770723133e-12,0
1350,16951,42001,4.0225846250e-12,-1.3148474841e-12,2.2090873608e-12,0
1350,6280,42002,6.4088946967e-12,-3.3134555698e-12,2.0984843827e-13,0
1350,18937,42010,5.3034806604e-12,-3.7726859917e-12,-8.9465829767e-13,0
1351,6280,42002,2.1114980542e-12,-1.5329626991e-12,-4.0218037332e-13,0
1351,16951,42001,4.8137476878e-12,4.5224771073e-12,2.0667515760e-12,0
1351,18937,42010,4.5576292860e-12,-2.1808330295e-12,-7.6014888280e-13,0
1351,37006,42006,2.9391187170e-12,-4.7492561585e-13,1.8782906425e-12,0
1351,38530,42010,4.7105556316e-12,2.0686121991e-12,1.4487520786e-12,0
1352,18937,42010,3.8988135797e-12,1.2529781398e-12,-4.0215719566e-13,0
1352,37006,42006,7.9873452193e-12,3.4144328703e-12,1.9289007054e-12,0
1352,38530,42010,5.2820606469e-12,4.9366323535e-12,2.0951469415e-12,0
1352,16951,42001,4.8242350348e-12,1.4060329278e-12,1.4964576266e-12,0
1352,6280,42002,3.5636611912e-12,2.1723112692e-12,4.9881807220e-14,0
1353,6280,42002,6.1849983266e-12,-3.0919380424e-12,-2.2452412996e-13,0
1353,37006,42006,3.0826542898e-12,-1.3659119182e-12,1.3084357763e-12,0
1353,38530,42010,5.4498174060e-12,-8.5183001136e-13,1.3804059516e-12,0
1353,16951,42001,1.8239023435e-12,-8.6374210452e-13,1.5027517315e-12,0
1353,18937,42010,5.7106902505e-12,-4.6263937497e-12,-1.1976291570e-12,0
1354,6280,42002,4.6416934968e-12,9.8437845939e-13,2.4850399532e-13,0
1354,18937,42010,3.5659093493e-12,1.8880840346e-12,-3.6327327940e-13,0
1354,16951,42001,4.5045975446e-12,-8.5544834796e-13,1.4227115709e-12,0
1354,37006,42006,6.9568513738e-12,6.1775808590e-12,1.8007705711e-12,0
1354,38530,42010,5.0400418411e-12,3.9943006531e-12,2.1719662951e-12,0
1355,37006,42006,2.3372395504e-12,-9.2251004473e-13,1.6586354328e-12,0
1355,16951,42001,4.2970492131e-12,-1.8076252863e-12,9.7006858520e-13,0
1355,38530,42010,7.8436136598e-12,-3.0451443023e-12,1.5056743279e-12,0
1355,18937,42010,5.8284562151e-12,-1.5114928550e-12,-1.0561909981e-12,0
1355,6280,42002,2.1108289064e-12,1.2554569037e-12,-1.4800948319e-13,0
1356,6280,42002,5.2921429711e-12,-8.1698425540e-13,7.5697551183e-14,0
1356,16951,42001,5.6345589681e-12,-4.4257390450e-12,4.5446785359e-13,0
1356,37006,42006,6.2330515149e-12,5.1002654989e-12,2.5250498088e-12,0
1356,18937,42010,4.8481589668e-12,-9.9806758478e-13,-1.2507348058e-12,0
1356,38530,42010,2.2777792989e-12,-1.1134977403e-12,1.2736199103e-12,0
1357,37006,42006,2.9083024755e-12,7.5089587941e-13,2.0724222808e-12,0
1357,18937,42010,6.7208876078e-12,6.0494185843e-12,-8.3765583419e-13,0
1357,38530,42010,7.9541104836e-12,4.1319192295e-12,1.8803560493e-12,0
1357,6280,42002,5.2167517383e-12,-1.4717466306e-12,-6.3971131242e-13,0
1357,16951,42001,3.4989077323e-12,-1.3691350718e-14,1.6242298839e-15,0
1358,6280,42002,5.4302831483e-12,-2.8203641188e-12,-3.1274280971e-13,0
1358,16951,42001,4.3769845141e-12,-2.0696118943e-13,1.3116895848e-14,0
1358,37006,42006,4.2448987646e-12,3.5445186877e-12,2.2998028812e-12,0
1358,18937,42010,7.2490226229e-12,-6.9745988988e-12,-8.8386923669e-13,0
1358,38530,42010,7.3141622818e-12,-6.2762971393e-12,1.3404384666e-12,0
1359,18937,42010,6.4710319932e-12,4.7234133025e-12,-6.1501780483e-13,0
1359,37006,42006,6.9318560091e-12,-5.2060107675e-12,1.9720708922e-12,0
1359,38530,42010,8.0795835730e-12,6.0259119236e-12,1.3409392038e-12,0
1359,6280,42002,8.4146057874e-12,1.1872749810e-12,-7.4480297028e-13,0
1359,16951,42001,5.7079464248e-12,3.8669062873e-12,3.0736151435e-14,0
1360,6280,42002,1.1379677096e-11,-4.6852543750e-12,-8.8198285080e-13,0
1360,16951,42001,7.6512809091e-12,-4.8039903844e-12,-3.1817813859e-13,0
1360,37006,42006,2.4384364658e-12,1.9141338888e-12,1.2932469338e-12,0
1360,18937,42010,1.7026036160e-12,-5.8229868373e-13,-2.9597907403e-13,0
1360,38530,42010,6.9656653691e-12,-6.6682467375e-12,3.2023604280e-13,0
1361,18937,42010,1.9985805804e-12,-1.3625329455e-12,-2.1414906563e-13,0
1361,37006,42006,4.3924853570e-12,-2.8366777911e-13,1.3123727175e-12,0
1361,38530,42010,3.8814080200e-12,-7.5846041854e-13,3.7528781035e-14,0
1361,16951,42001,4.8127104394e-12,4.7543445620e-12,-2.9499139311e-13,0
1361,6280,42002,4.4462013431e-12,1.7993188097e-12,-5.4875469992e-13,0
1362,6280,42002,5.0457296698e-12,-1.2891712793e-12,-8.9490295478e-13,0
1362,16951,42001,5.7833781149e-12,-2.7862214386e-12,-7.1421682976e-13,0
1362,37006,42006,4.7931898189e-12,-4.2039754138e-12,5.5053188904e-13,0
1362,18937,42010,5.0455675095e-12,-4.8910538871e-12,-8.2855226832e-13,0
1362,38530,42010,4.3147853466e-12,-7.8203261664e-13,-5.3433771598e-13,0
1363,6280,42002,5.5142365829e-12,1.2858633368e-12,-4.5712281686e-13,0
1363,37006,42006,3.1200499725e-12,2.0180060279e-12,8.8892368365e-13,0
1363,38530,42010,3.9281297554e-12,2.4230763002e-14,-4.4673163854e-13,0
1363,18937,42010,3.4161954918e-12,3.2422988550e-12,-4.1683007850e-14,0
1363,16951,42001,3.5743339504e-12,1.7495026302e-12,-4.5289235629e-13,0
1364,16951,42001,4.9172672149e-12,1.0599796694e-12,-2.6134955455e-13,0
1364,37006,42006,5.2774099541e-12,4.3060433573e-12,7.0176993347e-13,0
1364,18937,42010,5.5169841207e-12,-5.3461933943e-12,-7.6511075074e-13,0
1364,38530,42010,4.8065658981e-13,-2.6916328238e-13,-8.7307803209e-13,0
1364,6280,42002,6.3304758406e-12,6.4091472934e-13,-4.9146918987e-13,0
1365,37006,42006,5.0101789313e-12,-1.7962352352e-12,6.1439741443e-13,0
1365,38530,42010,5.5198007446e-12,-3.8315266625e-12,-9.5171626810e-13,0
1365,18937,42010,1.5528944489e-12,5.2290984581e-14,-6.0873236677e-13,0
1365,6280,42002,7.9721152877e-12,5.2001817709e-12,-9.6996703148e-14,0
1365,16951,42001,3.4112978911e-12,2.4240595384e-12,1.6181892792e-13,0
1366,16951,42001,4.5566348391e-12,2.5372861730e-12,8.5812144972e-13,0
1366,18937,42010,6.0970513595e-12,-4.5696127998e-12,-9.6588688828e-13,0
1366,6280,42002,8.3527967123e-12,-6.9640911976e-13,-8.4939189584e-14,0
1366,37006,42006,6.0273232653e-12,-3.1012467126e-12,-2.0575380672e-13,0
1366,38530,42010,6.1495410694e-12,2.4309194471e-12,-5.9727454936e-13,0
1367,37006,42006,3.6543104984e-12,-3.4737275510e-12,-6.2821614975e-13,0
1367,18937,42010,5.9657763862e-12,-5.8526057226e-12,-2.1560893190e-12,0
1367,38530,42010,1.3934171868e-11,-1.2650347270e-11,-2.2755011993e-12,1
1367,6280,42002,1.0918321895e-11,5.2057901106e-12,5.8281448453e-13,0
1367,16951,42001,4.2873491190e-12,-4.0601979942e-12,4.5347078537e-13,0
1368,16951,42001,3.1300333716e-12,-2.5758275351e-12,2.1658415080e-13,0
1368,32209,42001,4.3571697340e-12,-1.7237861854e-16,-1.7237861854e-17,0
1368,18937,42010,8.9201153568e-12,6.4048025796e-12,-8.1814917113e-13,0
1368,6280,42002,7.6631783560e-12,-2.3460719456e-12,6.3024370186e-13,0
1368,37006,42006,3.9744320359e-12,1.2673074940e-12,-8.5593726912e-13,0
1369,16951,42001,5.2432048488e-12,-4.9834586404e-13,-2.1994106433e-13,0
1369,37006,42006,7.5556121218e-12,-4.3578090411e-12,-7.7111709648e-13,0
1369,18937,42010,7.3998783226e-12,-5.8204248243e-12,-1.8725329838e-12,0
1369,6280,42002,1.8563277334e-12,-1.4392549295e-12,3.6759071081e-13,0
1369,32209,42001,7.3410482151e-12,3.9986624437e-12,3.9984900651e-13,0
1370,16951,42001,4.2770066245e-12,1.2305509430e-12,3.8351306841e-13,0
1370,18937,42010,6.0675218907e-12,-5.2687575888e-12,-2.3411788743e-12,0
1370,32209,42001,7.5993730096e-12,6.9227107397e-12,1.0921200805e-12,0
1370,6280,42002,8.0718626454e-12,5.7233106881e-12,1.4084472171e-12,0
1370,37006,42006,7.5922754617e-12,-3.3093864672e-12,-1.2934691321e-12,0
1371,16951,42001,7.1608734257e-12,2.6329442464e-12,1.7137303684e-13,0
1371,37006,42006,3.0701203986e-12,1.1982483010e-12,-1.1452775241e-12,0
1371,18937,42010,2.0150865542e-12,1.8596031605e-12,-2.0189652637e-12,0
1371,6280,42002,3.3229163943e-12,-1.8249099934e-12,1.0460243368e-12,0
1371,32209,42001,5.0253422025e-12,-1.5526210071e-12,9.3685797977e-13,0
1372,16951,42001,2.2449028445e-12,-1.7259643591e-12,2.7739874479e-13,0
1372,6280,42002,7.5715931489e-12,6.1401482333e-12,1.7889562881e-12,0
1372,37006,42006,4.1742735917e-12,-2.1342773711e-12,-9.3830771980e-13,0
1372,18937,42010,5.2421600439e-12,1.4123926630e-12,-1.3886206087e-12,0
1372,32209,42001,3.4752021429e-12,2.6623023861e-12,1.2030882184e-12,0
1373,6280,42002,3.1766817760e-12,-1.3736031269e-12,1.5230096417e-12,0
1373,32209,42001,3.0185134040e-12,4.3360899757e-13,1.2464491181e-12,0
1373,37006,42006,5.4416191558e-12,2.4520048750e-12,-8.9490783509e-13,0
1373,16951,42001,6.1725684384e-12,5.6460284661e-12,6.6705132839e-13,0
1373,18937,42010,4.7797920533e-12,-3.6934294219e-12,-2.0821934364e-12,0
1374,18937,42010,4.0383678271e-12,4.8241453249e-13,-1.4993326437e-12,0
1374,37006,42006,4.5718057067e-12,-3.5977921781e-12,-1.6852913886e-12,0
1374,16951,42001,1.0646947500e-11,6.2092436006e-12,1.1819777215e-12,0
1374,32209,42001,3.1796515510e-12,2.1421255916e-12,1.4606616773e-12,0
1374,6280,42002,7.2747245659e-12,-1.8121121653e-12,1.2777069522e-12,0
1375,32209,42001,3.5097313344e-12,-1.9569590575e-12,1.2649657716e-12,0
1375,37006,42006,7.3311826668e-12,4.6332194576e-12,-1.0423459194e-12,0
1375,16951,42001,4.0822678230e-12,-3.6563016486e-12,5.7394160281e-13,0
1375,18937,42010,9.6278496518e-12,-4.3671660073e-12,-1.9412783429e-12,0
1375,6280,42002,4.7293842074e-12,3.9696004461e-12,1.1546488198e-12,0
1376,6280,42002,3.4748067200e-12,-2.9792145702e-12,9.2636827472e-13,0
1376,37006,42006,7.8314888100e-12,-4.9931465593e-12,-1.2315359040e-12,0
1376,32209,42001,8.1949559631e-12,6.3038666397e-12,1.8953524355e-12,0
1376,16951,42001,4.9648196692e-12,3.4222212321e-12,6.6243510872e-13,0
1376,18937,42010,4.6700437137e-12,-3.9910730796e-12,-1.8834243709e-12,0
1377,18937,42010,4.6009200754e-12,3.3588946792e-12,-9.6227433071e-13,0
1377,32209,42001,4.2587262015e-12,-3.2989332773e-12,1.5654591078e-12,0
1377,37006,42006,5.7579887585e-12,2.0517266291e-12,-6.7899048603e-13,0
1377,16951,42001,4.3559935848e-12,-2.8426959748e-12,7.8418531066e-13,0
1377,6280,42002,1.8901166281e-12,1.1450164518e-12,5.2029090884e-13,0
1378,37006,42006,1.1283273678e-12,-2.7511961605e-13,-8.3323319703e-13,0
1378,35299,42001,4.9893113192e-12,-1.7438988591e-16,-1.7438988591e-17,0
1378,6280,42002,2.2314595253e-12,-7.1560501373e-13,6.8333760202e-13,0
1378,16951,42001,4.6874825306e-12,1.2340131457e-12,1.1651693787e-12,0
1378,32209,42001,5.2445205784e-12,3.9009716859e-12,1.9555735142e-12,0
1378,18937,42010,3.4412808264e-12,1.1701400260e-12,-1.4857405861e-12,0
1379,18937,42010,8.5524030917e-12,-2.0141429228e-12,-1.1051123959e-12,0
1379,32209,42001,8.5330441691e-12,4.2068726340e-12,1.9763945333e-12,0
1379,37006,42006,5.4845978293e-12,5.1090810178e-12,1.1345580886e-13,0
1379,6280,42002,4.4106877630e-12,-2.4892798717e-12,5.7833510781e-13,0
1379,16951,42001,4.9573756292e-12,1.2779992489e-12,1.3428038900e-12,0
1379,35299,42001,2.6514850928e-12,-2.5089726003e-12,-2.5091469901e-13,0
1380,18937,42010,4.6143428087e-12,-3.8463892533e-12,-9.6287556236e-13,0
1380,35299,42001,4.0486073680e-12,-2.9988412162e-12,-5.5079882064e-13,0
1380,37006,42006,2.4399785172e-12,-1.0395311825e-12,3.4044133734e-13,0
1380,6280,42002,2.2351128190e-12,6.9749264400e-13,7.5753303392e-14,0
1380,32209,42001,3.6427758817e-12,2.9813645716e-13,1.3139371050e-12,0
1380,16951,42001,3.0184650966e-12,5.3770314398e-13,1.2735191101e-12,0
1381,32209,42001,6.9151670583e-12,5.3527091446e-12,2.0044701202e-12,0
1381,37006,42006,7.8541610453e-12,4.2094782099e-12,6.4156432823e-13,0
1381,16951,42001,6.3296810891e-12,4.6094062274e-12,1.4711653082e-12,0
1381,6280,42002,6.3909024743e-12,-5.4343284021e-12,-2.8518853748e-13,0
1381,18937,42010,3.1765163801e-12,2.2921189390e-12,-9.1962398451e-13,0
1381,35299,42001,6.7689408008e-12,5.8703276049e-12,3.6233939856e-14,0
1382,18937,42010,4.9043960535e-12,-4.0016373169e-12,-1.4610269825e-12,0
1382,37006,42006,4.0418109233e-12,-2.2097889337e-12,6.3401317197e-13,0
1382,6280,42002,8.3992785985e-12,3.7066618923e-12,-5.2853717157e-13,0
1382,32209,42001,7.9508142522e-12,6.6674209222e-13,1.8049140908e-12,0
1382,16951,42001,1.2498366224e-12,4.8439426167e-13,1.6922011703e-12,0
1382,35299,42001,3.2228306104e-12,-2.5471262013e-12,-2.1847868027e-13,0
1383,35299,42001,7.8858733865e-12,7.2433635094e-12,5.0585767067e-13,0
1383,32209,42001,3.0958674638e-12,2.9864669306e-13,1.7914178604e-12,0
1383,37006,42006,3.2514493803e-12,1.0855978197e-12,4.9737246644e-13,0
1383,6280,42002,5.2591051048e-12,-1.0170888769e-12,-4.9288574657e-13,0
1383,16951,42001,4.8854865438e-12,3.7189727613e-12,1.4994955998e-12,0
1383,18937,42010,7.8032838075e-12,7.1635368266e-12,-3.7533035766e-13,0
1384,18937,42010,2.5839292461e-12,-1.6884208064e-12,-5.9241389155e-13,0
1384,37006,42006,3.8504007779e-12,-3.0209622860e-12,5.5505545566e-13,0
1384,16951,42001,2.3785828420e-12,-1.4520438780e-12,7.3336685198e-13,0
1384,6280,42002,9.0344603440e-12,-5.4776671398e-12,-8.5944124402e-13,0
1384,32209,42001,2.6974093969e-12,-2.0430311471e-12,1.3729021865e-12,0
1384,35299,42001,5.5640893955e-12,3.1259389101e-12,8.1845156168e-13,0
1385,18937,42010,4.2226873439e-12,-1.8579754113e-12,-3.4149483195e-13,0
1385,35299,42001,4.8953804838e-12,2.2961341025e-12,1.0480649719e-12,0
1385,32209,42001,5.1419953859e-12,-1.4856195758e-12,1.4200361347e-12,0
1385,37006,42006,3.2277285037e-12,1.7515219455e-12,2.6688570444e-13,0
1385,6280,42002,4.9878275561e-12,-1.2476184725e-12,-1.3811631359e-12,0
1385,16951,42001,3.8873166305e-12,3.0422961919e-12,1.4032266360e-12,0
1386,35299,42001,6.1730928120e-12,-3.2722516289e-13,1.0153424556e-12,0
1386,6280,42002,4.9495907704e-12,-1.2541542216e-12,-1.2086571010e-12,0
1386,37006,42006,5.6700146863e-12,5.2458467525e-12,1.2907850356e-12,0
1386,16951,42001,4.0411213986e-12,-1.1163396560e-12,9.4937054723e-13,0
1386,32209,42001,2.8166783641e-12,-2.7692626903e-12,5.1272320166e-13,0
1386,18937,42010,8.5923495989e-12,7.4186426115e-12,7.9947673716e-13,0
1387,6280,42002,5.8233465839e-12,-5.3751131345e-12,-1.8606700596e-12,0
1387,32209,42001,9.4146345409e-12,4.0463838987e-12,1.2472549193e-12,0
1387,18937,42010,4.0191645074e-12,7.9991635334e-13,5.4357890458e-13,0
1387,37006,42006,3.2011849415e-12,-1.7018556713e-12,9.1542680559e-13,0
1387,16951,42001,2.1910729900e-12,1.8377540779e-12,1.4174155525e-12,0
1387,35299,42001,6.3177301940e-12,5.3775223866e-12,1.5530946943e-12,0
1388,37006,42006,3.4841219613e-12,2.8249049375e-12,1.2254292609e-12,0
1388,16951,42001,4.7777369060e-12,-2.5312080767e-12,1.0408934302e-12,0
1388,18937,42010,7.3517726644e-12,6.2027956530e-12,1.0468444673e-12,0
1388,32209,42001,1.0370956939e-12,-9.1832951132e-13,7.6532479953e-13,0
1388,35299,42001,7.4228036391e-12,-4.0139294675e-12,1.1517191865e-12,0
1388,6280,42002,4.1562069464e-12,-3.5155487604e-12,-2.1406644343e-12,0
1389,32209,42001,5.5281768957e-12,5.4203983006e-12,8.8667736619e-13,0
1389,35299,42001,5.8513637077e-12,-3.9146811220e-13,1.3634696353e-12,0
1389,6280,42002,7.9530154865e-12,2.8059420291e-12,-1.6111422442e-12,0
1389,18937,42010,5.9274709487e-12,-5.4902601780e-12,6.9923274176e-13,0
1389,16951,42001,5.5721490981e-12,3.8992828498e-12,1.3030217903e-12,0
1389,37006,42006,5.2021874387e-12,4.5074857605e-12,1.1652697352e-12,0
1390,37006,42006,7.2244509113e-12,-4.5471633318e-12,8.1450652027e-13,0
1390,32209,42001,4.7406119602e-12,1.8839738708e-12,1.0452611076e-12,0
1390,18937,42010,2.9362524051e-12,1.3918028359e-12,1.2230519507e-12,0
1390,16951,42001,2.9969850210e-12,-6.6904835200e-13,1.1823466407e-12,0
1390,35299,42001,6.6755559919e-12,-9.9598817607e-13,1.5637549394e-12,0
1390,6280,42002,4.8586285906e-12,2.9118830114e-12,-1.3897032075e-12,0
1391,32209,42001,6.8033285202e-12,-5.1716854113e-12,-7.1783480381e-15,0
1391,37006,42006,2.9368746984e-12,1.9261976675e-12,5.8617846603e-13,0
1391,6280,42002,3.8459988558e-12,-2.4582649953e-12,-1.0920968668e-12,0
1391,18937,42010,3.3489588092e-12,2.1257102498e-12,1.2064110818e-12,0
1391,35299,42001,7.0597462915e-12,3.9901404841e-12,1.3757362273e-12,0
1391,16951,42001,5.4106969128e-12,2.7337409691e-12,9.9478011491e-13,0
1392,16951,42001,4.9049316184e-12,2.7960337891e-12,1.2259440677e-12,0
1392,37006,42006,2.2921431328e-12,7.4039274369e-13,8.8119663377e-13,0
1392,18937,42010,5.5813462019e-12,-3.9144957436e-12,1.2151252391e-12,0
1392,6280,42002,6.0205298750e-12,2.2174273032e-12,-1.2410203257e-12,0
1392,35299,42001,4.2353454468e-12,3.3753433288e-12,1.9679831803e-12,0
1392,32209,42001,6.3136212012e-12,5.0374250333e-12,4.2988994607e-13,0
1393,37006,42006,6.7279982247e-12,-6.7008573711e-12,1.0255111469e-13,0
1393,18937,42010,4.0480380391e-12,8.6014715071e-13,5.8478627150e-13,0
1393,35299,42001,6.5419018481e-12,5.4370034784e-13,1.2980168641e-12,0
1393,6280,42002,8.7106434040e-12,-6.2374978460e-12,-1.7630612227e-12,0
1393,32209,42001,1.3601877803e-12,4.0255569773e-13,4.4028084654e-13,0
1393,16951,42001,6.5556585221e-12,-5.1351845577e-12,3.4052833575e-13,0
1394,32209,42001,6.5601260496e-12,-2.3190647820e-12,4.1267748305e-13,0
1394,37006,42006,7.3724770350e-12,6.4955064439e-12,1.0541979877e-12,0
1394,6280,42002,9.3284900461e-12,6.6984502480e-12,-5.4544948387e-13,0
1394,18937,42010,5.3141665767e-12,2.0597335623e-12,9.5960170836e-13,0
1394,35299,42001,7.1025520667e-12,1.4740253068e-12,1.1328255038e-12,0
1394,16951,42001,7.2345598673e-12,6.4217163186e-12,1.1279043554e-12,0
1395,37006,42006,2.3023654440e-12,-2.1154324521e-12,6.6750254791e-13,0
1395,6280,42002,5.6105096310e-12,-4.5752549537e-12,-8.7821313199e-13,0
1395,35299,42001,7.0243061146e-12,-4.9721885462e-12,4.0599323893e-13,0
1395,18937,42010,5.5701919564e-12,3.7394026311e-12,1.5193395126e-12,0
1395,32209,42001,2.6697123905e-12,1.6023336668e-12,7.2147280730e-13,0
1395,16951,42001,8.2342498664e-12,3.0656277112e-12,1.1302375073e-12,0
1396,32209,42001,2.6849914214e-12,-1.1100999581e-12,8.8738908051e-13,0
1396,16951,42001,1.0119752877e-11,8.9864176639e-12,2.1405132393e-12,0
1396,18937,42010,6.2979286328e-12,-2.9961465225e-13,7.4751378622e-13,0
1396,37006,42006,2.3779266771e-12,-2.0884674624e-12,-6.5928873578e-14,0
1396,35299,42001,2.7703086050e-12,2.0616624885e-12,6.4488200407e-13,0
1396,6280,42002,4.3657456449e-12,4.3056857029e-12,-3.2222913954e-13,0
1397,37006,42006,8.7991453234e-12,6.8431592843e-12,7.8857262199e-13,0
1397,35299,42001,5.9212810280e-12,-4.3937552332e-12,-3.3224575790e-13,0
1397,6280,42002,2.5050864571e-12,4.7471535503e-13,2.6275370941e-13,0
1397,18937,42010,2.3988370579e-12,-1.9271426864e-12,4.7480788225e-13,0
1397,16951,42001,4.3938005264e-12,-1.1846017688e-12,1.8382776547e-12,0
1397,32209,42001,8.3876278590e-12,-3.3600835000e-12,1.4674234064e-13,0
1398,16951,42001,9.8792128049e-12,9.6011228164e-12,3.0515107440e-12,0
1398,18937,42010,5.6654011090e-12,5.6172646036e-12,4.1625477731e-13,0
1398,37006,42006,1.9135463608e-12,-7.0857038528e-13,4.3522508971e-13,0
1398,35299,42001,2.7020558488e-12,7.0245941722e-13,1.3939313057e-13,0
1398,6280,42002,2.3725480273e-12,-3.1550869852e-13,5.8275771561e-13,0
1398,32209,42001,5.7448670270e-12,5.2050927953e-12,7.5908457130e-13,0
1399,37006,42006,4.1664675296e-12,-1.3753178042e-12,-1.5305526676e-13,0
1399,6280,42002,5.8776984523e-12,4.0465774385e-12,7.0682125654e-13,0
1399,35299,42001,3.6644753255e-12,2.9954421128e-12,4.7808415307e-13,0
1399,18937,42010,4.2477142957e-12,9.4216517486e-13,1.0594973126e-12,0
1399,16951,42001,3.6928815486e-12,1.7617223208e-12,2.8377546911e-12,0
1399,32209,42001,4.5979109638e-12,-3.7421820388e-12,-1.5717346264e-13,0
1400,16951,42001,4.8755413995e-12,4.2417279320e-12,3.3288323195e-12,0
1400,37006,42006,1.5779015033e-12,1.4641248538e-12,4.4807355180e-13,0
1400,35299,42001,5.6375098714e-12,-4.2746782270e-12,1.5021514798e-13,0
1400,32209,42001,3.2759693924e-12,1.7516021620e-12,-1.7041063352e-13,0
1400,6280,42002,2.7210146628e-12,-5.9798819182e-13,3.5583413622e-13,0
1400,18937,42010,4.5464430195e-12,-2.9484299426e-12,6.2547403474e-13,0
1401,32209,42001,2.8032957462e-12,8.3835701647e-13,4.3059360926e-13,0
1401,35299,42001,3.9949421381e-12,-4.0858986390e-13,-2.8965788683e-13,0
1401,6280,42002,5.9359484355e-12,9.4939079601e-13,6.9659971536e-13,0
1401,16951,42001,4.1484634410e-12,4.0956593930e-12,3.4650241619e-12,0
1401,37006,42006,4.1425144407e-12,-2.7829587538e-12,-2.2842090320e-14,0
1401,18937,42010,1.4478975179e-12,1.4806366164e-13,4.2770937593e-13,0
1402,18937,42010,4.4897968085e-12,2.5792819122e-12,1.0770871415e-12,0
1402,37006,42006,5.8053869106e-12,4.6706696280e-12,3.7018559811e-13,0
1402,6280,42002,5.0832463720e-12,-2.9454902819e-12,1.8030795685e-13,0
1402,16951,42001,3.4194930641e-12,8.1235209608e-13,3.2666559926e-12,0
1402,32209,42001,7.1017761491e-12,-3.1874325859e-12,-3.9189215267e-13,0
1402,35299,42001,3.6284097001e-12,4.7132668495e-13,-5.8005955122e-13,0
1403,18937,42010,3.7671545778e-12,-1.5796531516e-12,8.3310711128e-13,0
1403,35299,42001,4.3177142883e-12,3.1204611981e-12,-3.2238346619e-13,0
1403,16951,42001,4.2304270670e-12,3.0231991599e-12,4.0824943643e-12,0
1403,6280,42002,5.6515247593e-12,-4.6830270648e-12,3.3575503497e-13,0
1403,32209,42001,7.4553499003e-12,2.4605889540e-12,-1.8608882704e-13,0
1403,37006,42006,7.4109987679e-12,-3.8225659957e-12,6.5801473565e-13,0
1404,32209,42001,8.1139888016e-12,-1.0327482526e-12,-5.7457174109e-14,0
1404,6280,42002,4.6572980116e-12,1.9298084477e-12,-1.4110914507e-13,0
1404,37006,42006,8.9845835928e-12,1.0458995177e-12,1.1305404303e-13,0
1404,18937,42010,5.8571893771e-12,5.1286394751e-12,1.1399977026e-12,0
1404,16951,42001,4.2270625542e-12,2.4339477570e-12,3.6837175082e-12,0
1404,35299,42001,4.9335313584e-12,-4.5597483803e-12,-9.2576083490e-13,0
1405,18937,42010,3.0513099622e-12,-1.2072377641e-12,6.4533366305e-13,0
1405,37006,42006,5.7712509060e-12,-5.1645213453e-12,-1.9185484628e-13,0
1405,16951,42001,2.2625066946e-12,2.2496761044e-12,3.6021223475e-12,0
1405,6280,42002,4.2121223757e-12,-3.7660532771e-12,-6.0188977405e-14,0
1405,32209,42001,5.7238878393e-12,-4.7671909112e-12,-6.9440963190e-13,0
1405,35299,42001,4.8498996691e-12,1.4904172988e-12,-2.7950025040e-13,0
1406,35299,42001,7.6651409764e-12,5.7241732812e-13,-4.2842476644e-13,0
1406,6280,42002,3.9035371899e-12,3.1940877581e-12,-1.7134877188e-13,0
1406,37006,42006,4.4558586389e-12,-1.1990026636e-13,5.0018733207e-15,0
1406,32209,42001,6.2007797768e-12,-1.8941904840e-12,-7.7281868449e-13,0
1406,16951,42001,6.3394591419e-12,5.9475016711e-12,3.2982307482e-12,0
1406,18937,42010,2.7884837125e-12,1.3318924099e-12,8.0848436927e-13,0
1407,37006,42006,1.5882497776e-12,-1.2903712651e-12,-8.0835118162e-13,0
1407,16951,42001,5.4843786787e-12,4.9527992584e-12,3.9119708509e-12,0
1407,32209,42001,2.9530165600e-12,1.5057240190e-12,-2.8623793259e-13,0
1407,6280,42002,2.9552495405e-12,1.8126877166e-12,-3.7551535726e-14,0
1407,18937,42010,3.3159927784e-12,-2.2124028197e-12,7.7995835594e-13,0
1407,35299,42001,2.6892430399e-12,2.0716401672e-12,2.1811477360e-13,0
1408,18937,42010,6.0311606427e-12,5.6817002753e-12,7.8640192311e-13,0
1408,37006,42006,4.7254368048e-12,-2.8755621124e-12,-1.0250503543e-12,0
1408,32209,42001,5.5633997979e-12,4.5389586593e-12,-3.5285134619e-13,0
1408,6280,42002,3.5116936477e-12,-7.9067569754e-13,-8.5068235627e-14,0
1408,35299,42001,3.0264429975e-12,-2.4219056625e-12,-9.4321734378e-14,0
1408,16951,42001,1.0964874564e-12,8.3734429406e-13,3.0355929987e-12,0
1409,18937,42010,2.8485539299e-12,-2.4393953907e-12,4.4824586655e-13,0
1409,35299,42001,3.2745232320e-12,1.3452202829e-13,-3.8041374283e-13,0
1409,32209,42001,6.5787806689e-12,5.5738890567e-12,5.7875576336e-13,0
1409,6280,42002,2.3056884710e-12,2.1626114730e-13,-4.6809986474e-13,0
1409,16951,42001,1.0763296085e-12,-4.6102486268e-13,2.8133182803e-12,0
1409,37006,42006,3.4955766492e-12,3.3960299822e-12,-5.4791557569e-13,0
1410,32209,42001,7.1757753961e-12,-4.9251750777e-12,-8.8921960606e-14,0
1410,37006,42006,1.1768960649e-12,7.2667129571e-13,-6.2166093150e-13,0
1410,6280,42002,7.1476772484e-12,4.3399724017e-12,2.5696194603e-14,0
1410,18937,42010,4.5239235440e-12,1.5099034418e-12,8.9407920499e-13,0
1410,16951,42001,4.2447885039e-12,-2.0932679004e-12,2.1798186971e-12,0
1410,35299,42001,8.7884645561e-12,8.3952619972e-13,1.3100669985e-13,0
1411,32209,42001,4.9334176070e-12,4.5761680991e-12,2.8485914766e-13,0
1411,16951,42001,8.8424121611e-12,6.7994898201e-12,2.4502017398e-12,0
1411,18937,42010,6.1452640552e-12,-4.6654985573e-12,4.1272298310e-13,0
1411,6280,42002,3.7984282431e-12,-2.6784289950e-12,-3.3708578450e-13,0
1411,37006,42006,3.8849148646e-12,2.2410802803e-12,-1.1925702810e-13,0
1411,35299,42001,1.8853464559e-12,1.3364801956e-12,3.0551370580e-13,0
1412,16951,42001,8.3211224524e-13,7.8106251348e-13,2.4470727815e-12,0
1412,37006,42006,3.2910840289e-12,-2.3417143251e-12,-8.2049542341e-13,0
1412,6280,42002,2.1934501512e-12,-2.1447769809e-12,-2.5701445439e-13,0
1412,18937,42010,4.0713121663e-12,4.1464004463e-14,1.5894119232e-13,0
1412,35299,42001,1.6012264889e-12,4.9769339697e-13,3.0815037700e-13,0
1412,35332,42007,4.5779239654e-12,-2.3440851891e-16,-2.3440851891e-17,0
1412,32209,42001,4.2391194998e-12,-3.9885241637e-12,2.0474998988e-13,0
1413,32209,42001,2.8994977227e-12,2.3678542298e-12,1.9547651746e-13,0
1413,18937,42010,3.0626292281e-12,-2.6885249527e-12,4.8054012217e-14,0
1413,35299,42001,3.2049246760e-12,1.7374388559e-12,1.6984814277e-13,0
1413,35332,42007,1.0378774266e-11,1.0067647803e-11,1.0067413394e-12,0
1413,6280,42002,4.5407478918e-12,3.6277321733e-12,5.7406146941e-13,0
1413,37006,42006,5.7620269979e-12,3.1897201851e-12,-1.1926680532e-13,0
1413,16951,42001,3.5060729285e-12,1.9637939805e-12,2.3411322636e-12,0
1414,32209,42001,6.4230354948e-12,-3.3408040144e-12,-3.5329058716e-14,0
1414,6280,42002,6.1734745871e-12,3.2274343021e-12,7.0382405485e-13,0
1414,16951,42001,5.1056095067e-12,-3.6312176784e-13,2.0614253111e-12,0
1414,37006,42006,6.2481532472e-12,-3.9270915445e-12,-6.1656591154e-13,0
1414,35299,42001,3.7936898390e-12,-2.4263319081e-12,3.8318978999e-13,0
1414,35332,42007,4.6037801563e-12,1.0557680217e-12,1.1123181416e-12,0
1414,18937,42010,4.4709105782e-12,7.2601132200e-14,-4.5754982207e-13,0
1415,32209,42001,3.9470144844e-12,-3.0720853702e-12,1.3418149538e-13,0
1415,37006,42006,8.1875611919e-12,3.1886366784e-12,2.1874989083e-13,0
1415,35299,42001,2.3287862208e-12,9.9637612853e-13,3.3378567296e-13,0
1415,35332,42007,7.7294493130e-12,7.3252853849e-12,1.8448466801e-12,0
1415,18937,42010,5.8910556765e-12,1.8547150971e-13,-3.1827889470e-13,0
1415,16951,42001,8.3773923715e-12,-6.9833041077e-12,1.1381272899e-12,0
1415,6280,42002,6.9441453006e-12,2.2524248570e-12,1.3056718683e-12,0
1416,32209,42001,2.5677197522e-12,1.3153860025e-12,4.5513914403e-13,0
1416,32311,42011,5.8942282745e-12,-1.9582974459e-16,-1.9582974459e-17,0
1416,6280,42002,3.2841963123e-12,3.9723292567e-13,1.0259863850e-12,0
1416,16951,42001,8.3112841392e-12,6.6727121789e-12,1.2106483407e-12,0
1416,18937,42010,2.1984671886e-12,2.0619728367e-12,-2.4527085202e-13,0
1416,37006,42006,6.6724047302e-12,-1.4675005572e-12,8.3989861745e-14,0
1416,35299,42001,8.4568613093e-12,7.8984504488e-12,1.0663889850e-12,0
1416,35332,42007,6.5931164436e-12,-7.7586208693e-13,1.7672604714e-12,0
1417,35299,42001,3.6160572567e-12,-1.4242960845e-12,7.1679535987e-13,0
1417,35332,42007,6.0113917638e-12,5.4239754587e-12,2.3096580172e-12,0
1417,37006,42006,5.6268783424e-12,-2.0810509069e-12,4.9218975647e-15,0
1417,32209,42001,6.1187923756e-12,-3.6270746220e-12,-5.8140720067e-14,0
1417,18937,42010,7.9646760617e-12,-7.7813347268e-12,-8.0216404273e-13,0
1417,32311,42011,8.0083351985e-12,5.3049414252e-12,5.3047455954e-13,0
1417,6280,42002,3.0061217325e-12,1.2689124170e-12,9.7160885506e-13,0
1417,16951,42001,9.2471637492e-12,-2.6323226835e-12,4.5213614648e-13,0
1418,32209,42001,3.8325044912e-12,2.6879717743e-12,-2.4323940857e-13,0
1418,32311,42011,1.1306620368e-11,-1.1161073563e-11,-5.8563279675e-13,1
1418,16951,42001,7.2897506260e-12,5.1669719916e-12,8.8509891624e-13,0
1418,18937,42010,4.4230839540e-12,7.2582345160e-13,-1.2977517251e-12,0
1418,37006,42006,1.7493510085e-12,8.9276987013e-15,2.9337087867e-13,0
1418,6280,42002,5.4806334932e-12,4.2279132789e-12,1.4734677527e-12,0
1418,35299,42001,1.6371016005e-12,-3.4300455802e-13,9.2468547032e-13,0
1418,35332,42007,8.2251445432e-12,-1.7653422601e-12,2.1331237912e-12,0
1419,6280,42002,5.7118392260e-12,-3.7705319700e-13,1.4141363183e-12,0
1419,37006,42006,3.2331500427e-12,-1.1626843068e-12,-1.6250055023e-13,0
1419,32209,42001,3.7379082334e-12,1.6911369876e-13,-7.8371694436e-13,0
1419,32311,42011,4.8679549239e-12,-3.8432720048e-16,-3.8432720048e-17,0
1419,18937,42010,7.9724524699e-12,-5.1486351897e-12,-1.5686757050e-12,0
1419,35299,42001,6.4796125213e-12,-4.2805416640e-12,4.8317910109e-13,0
1419,35332,42007,5.8163023846e-12,-2.7597437763e-14,2.1303640475e-12,0
1419,16951,42001,5.6758649546e-12,-3.8641194873e-12,5.4478945378e-13,0
1420,6280,42002,3.6139279454e-12,8.6186398524e-13,1.0663254766e-12,0
1420,35299,42001,7.4164050963e-13,4.3543782891e-13,4.4277026401e-13,0
1420,35332,42007,6.4276269531e-12,4.9968146946e-12,2.6300455169e-12,0
1420,32209,42001,3.2430888372e-12,2.9496191503e-12,3.7624784450e-15,0
1420,32311,42011,4.6437281429e-12,3.5806422721e-12,3.5802579449e-13,0
1420,18937,42010,3.4593129029e-12,-5.0804575436e-13,-1.7704706246e-12,0
1420,37006,42006,6.3060761698e-12,-5.3400040234e-12,-7.6916808214e-13,0
1420,16951,42001,5.0737947221e-12,4.9847541841e-12,1.2525916622e-12,0
1421,16951,42001,6.9473195312e-12,4.5675586218e-12,1.0293985424e-12,0
1421,37006,42006,8.1023971159e-12,7.2549395274e-12,-2.6778215743e-13,0
1421,18937,42010,4.6514604587e-12,-4.2378302728e-12,-1.7277037962e-12,0
1421,32209,42001,7.1292727215e-12,-9.6811595130e-13,-5.5066592660e-13,0
1421,32311,42011,6.5378893115e-12,-6.4684093535e-12,-2.8881514086e-13,0
1421,6280,42002,5.1550535333e-12,-1.2454483475e-12,1.2096235414e-12,0
1421,35299,42001,4.0819605868e-12,-1.6240906706e-12,1.4671317738e-13,0
1421,35332,42007,6.1192423379e-12,5.8625236575e-12,3.2162978827e-12,0
1422,6280,42002,6.8056939344e-12,-4.4963410902e-13,1.3791378286e-12,0
1422,32209,42001,7.1346409381e-12,3.1234428701e-12,1.6053077678e-13,0
1422,32311,42011,3.0001550264e-12,4.3830810542e-13,-2.4498433032e-13,0
1422,18937,42010,5.2284580253e-12,3.5238088755e-12,-1.3794693091e-12,0
1422,37006,42006,6.6160582863e-12,-5.2787841581e-12,-5.6148914073e-13,0
1422,16951,42001,4.3758197764e-12,-1.1078581705e-13,9.4021370934e-13,0
1422,35299,42001,8.0709345077e-12,7.9446920504e-12,8.9141304273e-13,0
1422,35332,42007,4.7860445754e-12,1.1279303733e-12,3.3291143608e-12,0
1423,6280,42002,5.7009953531e-12,3.9341191388e-12,1.4097765251e-12,0
1423,35299,42001,5.6577139587e-12,-5.3376752058e-12,1.8390163656e-13,0
1423,35332,42007,5.9354487112e-12,-2.4253626723e-12,2.0798133133e-12,0
1423,37006,42006,6.3858079708e-13,-6.1383401575e-13,-9.4184456082e-13,0
1423,32209,42001,4.8540505403e-12,-3.7956561217e-13,-1.1421120741e-13,0
1423,32311,42011,3.6439580115e-12,-1.3722597584e-13,-2.5870692791e-13,0
1423,18937,42010,4.4034160894e-12,2.0637912072e-12,-9.0423769307e-13,0
1423,16951,42001,1.8790509056e-12,3.9340395938e-13,7.8317470724e-13,0
1424,6280,42002,5.6925679983e-12,-5.5684019164e-12,5.3019290326e-13,0
1424,32209,42001,4.6768360473e-12,2.6438090975e-12,4.8425010377e-13,0
1424,32311,42011,7.9907575020e-12,1.5928583077e-12,-9.9421097136e-14,0
1424,18937,42010,7.4305080867e-12,5.1845613775e-12,-3.9304166855e-13,0
1424,37006,42006,5.4192765516e-12,-7.2146480766e-13,-6.2128188713e-13,0
1424,35299,42001,2.9964665142e-12,1.2888021871e-13,4.3942284925e-13,0
1424,35332,42007,3.3622779603e-12,-1.4860836655e-12,1.8256281446e-12,0
1424,16951,42001,8.9514492158e-12,-1.3773402656e-12,6.8175285746e-13,0
1425,35299,42001,5.1107238697e-12,-3.9845196755e-12,-5.8666731153e-14,0
1425,35332,42007,2.4024392891e-12,-1.9642936350e-12,8.9667024265e-13,0
1425,37006,42006,6.2954304907e-12,-3.6843813192e-12,-1.3085836869e-12,0
1425,18937,42010,1.2605491156e-12,-9.6870675515e-13,-5.0845949503e-13,0
1425,32209,42001,6.5077487276e-12,-4.7505831127e-12,3.1640032952e-13,0
1425,32311,42011,4.0374124702e-12,1.3188336663e-12,3.2462269490e-14,0
1425,16951,42001,3.7075676249e-12,1.1446298020e-12,1.4945462484e-12,0
1425,6280,42002,3.6553545421e-12,-3.1834828913e-12,-1.3397871569e-14,0
1426,6280,42002,8.7697852298e-12,-5.2926066123e-12,-5.8238182537e-13,0
1426,32209,42001,2.8861929404e-12,-6.8832968529e-13,1.1602876074e-13,0
1426,32311,42011,8.9537222685e-12,-2.2354119101e-12,-1.9107892152e-13,0
1426,18937,42010,1.5453574275e-12,9.6236587643e-13,-6.1842019106e-13,0
1426,37006,42006,7.4931252567e-12,5.6843104919e-12,-5.9340258199e-13,0
1426,35299,42001,7.1995113687e-12,-1.0831732327e-12,-9.5682909930e-13,0
1426,35332,42007,3.4568233285e-12,2.9604426240e-13,1.0038608776e-12,0
1426,16951,42001,3.8503582379e-12,-2.9018606640e-12,5.3708896414e-13,0
1427,16951,42001,9.2170456551e-12,4.1030050456e-12,1.2106217371e-12,0
1427,37006,42006,3.3198664781e-12,9.1729774542e-13,-2.9356771675e-13,0
1427,35299,42001,5.0115930288e-12,1.2094534398e-12,-6.9345414688e-13,0
1427,18937,42010,2.8971054547e-12,1.2073251141e-12,2.8044579304e-13,0
1427,35332,42007,4.8902038970e-12,-4.8517083771e-12,-2.3707505989e-14,0
1427,32209,42001,6.7515907004e-12,-1.9904901570e-12,2.7968720725e-13,0
1427,32311,42011,9.6742194736e-12,-5.4850474278e-12,-7.3958366430e-13,0
1427,6280,42002,3.6293522840e-12,2.4812350799e-12,-4.6114955908e-13,0
1428,32209,42001,6.0721144269e-12,-7.7664693089e-13,-6.6774663271e-14,0
1428,32311,42011,4.8655422031e-12,-3.5763411869e-12,-1.0972177830e-12,0
1428,6280,42002,5.0478421336e-12,-3.7753451984e-12,-1.2614754068e-12,0
1428,18937,42010,4.4904230120e-12,4.2861416712e-12,6.3647761499e-13,0
1428,35299,42001,2.4845673287e-12,5.0233357143e-14,-6.5413035536e-13,0
1428,35332,42007,8.4441332128e-12,4.8090573867e-12,6.3373245870e-13,0
1428,37006,42006,4.2870797336e-12,3.7383857733e-12,7.9378090711e-14,0
1428,16951,42001,3.2585132765e-12,4.6190821501e-13,7.4011535939e-13,0
1429,35299,42001,6.8130852648e-12,1.4822820935e-12,-7.7847979603e-14,0
1429,35332,42007,5.3503634172e-12,2.1628646647e-12,8.5277866894e-13,0
1429,18937,42010,1.2036633954e-12,1.0422692007e-12,1.2555680540e-12,0
1429,37006,42006,6.0443321816e-12,-4.5862601976e-13,1.4978391942e-13,0
1429,6280,42002,5.8484597917e-12,-5.4943699103e-12,-1.7732070781e-12,0
1429,32209,42001,1.0217700028e-11,-1.7495577197e-13,-1.0118161034e-13,0
1429,16951,42001,5.0679307974e-12,4.7890559413e-12,1.6054329022e-12,0
1429,32311,42011,8.0626334998e-12,-1.0390553170e-12,-1.2010848820e-12,0
1430,32209,42001,4.3970430365e-12,-2.4715610741e-13,-4.2085913612e-13,0
1430,32311,42011,2.4629655917e-12,-1.9882133713e-13,-1.5790312429e-12,0
1430,37006,42006,3.8950319980e-12,-3.2947065784e-12,3.5431366392e-13,0
1430,16951,42001,4.2772937689e-12,-2.6602063331e-13,1.0803554205e-12,0
1430,6280,42002,6.1175422767e-12,-5.8268394028e-13,-1.9176618707e-12,0
1430,35299,42001,7.0089562730e-12,1.1635765363e-12,-5.0341088663e-15,0
1430,35332,42007,4.6021214133e-12,1.8250029129e-12,5.3559749078e-13,0
1430,18937,42010,1.8563010904e-12,-1.0969424033e-12,1.1966783891e-12,0
1431,18937,42010,3.6402512640e-12,2.7138409508e-12,1.8918455115e-12,0
1431,6280,42002,3.7439392364e-12,-2.7743391426e-12,-2.0705509502e-12,0
1431,35299,42001,1.0039682802e-11,-1.8260473936e-12,-2.5229781167e-14,0
1431,35332,42007,2.7342697806e-12,3.9755542267e-13,-1.0899332703e-14,0
1431,37006,42006,4.7053583853e-12,8.5875938054e-13,-2.8530435076e-13,0
1431,16951,42001,3.5111665814e-12,-1.2604272627e-12,4.9755683206e-13,0
1431,32209,42001,6.2566995794e-12,-2.4048619521e-12,-5.6453373619e-13,0
1431,32311,42011,9.2905673897e-12,1.4272733727e-12,-7.8946297027e-13,0
1432,37006,42006,7.9264018765e-12,-7.6989302989e-12,-5.2731896484e-13,0
1432,32209,42001,2.4275175856e-12,9.0434630163e-13,-7.8644339304e-13,0
1432,32311,42011,1.3996969485e-12,1.4271307232e-14,-8.3186665009e-13,0
1432,18937,42010,6.8979974954e-12,-4.3974630265e-12,1.0997183213e-12,0
1432,16951,42001,9.4142511520e-13,5.8826806143e-13,5.6746221990e-13,0
1432,35299,42001,4.7488260282e-12,1.8455537438e-12,-6.3514361183e-13,0
1432,35332,42007,7.9345612686e-12,7.0390966713e-12,5.8021729709e-13,0
1432,6280,42002,5.7907861836e-12,-6.3698281955e-14,-2.0319573675e-12,0
1433,35299,42001,5.3464845779e-12,1.3833149871e-12,3.6955407468e-14,0
1433,35332,42007,2.8983470795e-12,-1.3865991360e-12,6.8409365072e-13,0
1433,16951,42001,6.8672982761e-12,4.6861542205e-12,9.9673724602e-13,0
1433,32209,42001,4.6941957352e-12,-1.7703339297e-12,-9.2552022479e-13,0
1433,32311,42011,1.2164159795e-11,-1.1045677415e-13,-8.2918972992e-13,1
1433,37006,42006,5.5142142936e-12,-2.1703674317e-12,-6.8297230643e-13,0
1433,18937,42010,2.4845925260e-12,2.3737135807e-12,1.1307105586e-12,0
1433,6280,42002,5.3550295903e-12,4.1819918193e-12,-2.0071700994e-12,0
1434,18937,42010,6.5642479412e-12,-5.4646525964e-12,6.5789161256e-14,1
1434,37006,42006,8.1714351296e-12,-2.0483983219e-12,-8.1566565786e-13,0
1434,6280,42002,5.2614704130e-12,-2.3831449216e-12,-1.6886444000e-12,0
1434,32209,42001,8.7793968217e-12,-8.1083154445e-12,-2.0007326790e-12,0
1434,35299,42001,5.6703490408e-12,-1.2011478948e-12,-9.6047403880e-14,0
1434,35332,42007,6.3395300200e-12,6.1081732277e-12,1.4435193400e-12,0
1434,16951,42001,4.0727601719e-12,-8.8237938963e-13,1.0462333336e-12,0
1435,32209,42001,6.7878989706e-12,-5.6838724675e-12,-2.0940616145e-12,0
1435,35299,42001,8.8906936571e-12,2.9393627658e-12,5.9634084025e-13,0
1435,35332,42007,2.9969622163e-12,2.6824090968e-12,1.9081896132e-12,0
1435,16951,42001,3.8845873821e-12,-2.6888459975e-12,6.6288575366e-13,0
1435,6280,42002,5.6395262977e-12,4.6953600629e-13,-1.3233425102e-12,0
1435,37006,42006,2.6273765112e-12,-2.0865984674e-12,-6.5588737268e-13,0
1436,37006,42006,4.0481717031e-12,3.2634429058e-12,-8.9797413129e-13,0
1436,16951,42001,2.3819770634e-12,-1.8766468681e-13,9.3430535138e-13,0
1436,32209,42001,3.4922073072e-12,-1.3186697621e-12,-2.1570956221e-12,0
1436,6280,42002,6.3121010019e-12,3.6103377908e-12,-4.3304806989e-13,0
1436,35299,42001,3.9661998916e-12,5.9882143056e-13,7.6454030657e-13,0
1436,35332,42007,3.3872002219e-12,-3.1627961494e-12,1.5623055720e-12,0
1437,37006,42006,2.9060088539e-12,1.5486259127e-12,-8.3484131456e-13,0
1437,35299,42001,6.6274166520e-12,3.5671356723e-12,1.0003085298e-12,0
1437,35332,42007,1.1635928318e-11,1.1337198083e-11,3.1811962181e-12,0
1437,6280,42002,6.6362281045e-12,-4.3203740443e-12,-1.1132089823e-12,0
1437,16951,42001,5.1373844964e-12,2.0124120603e-12,7.2524605285e-13,0
1437,32209,42001,3.4768554536e-12,-3.1407432264e-12,-2.2721209291e-12,0
1438,32209,42001,1.1765440454e-11,-1.1476369235e-11,-3.3420931595e-12,1
1438,37006,42006,4.4958447666e-12,3.7620451443e-12,-8.3247537746e-13,0
1438,16951,42001,7.5499658338e-12,-4.8713258850e-12,1.9192264285e-13,0
1438,35299,42001,6.1676583498e-12,-5.9966419892e-12,3.9562099519e-13,0
1438,35332,42007,4.8553243772e-12,2.6601149284e-12,2.9663019722e-12,0
1438,6280,42002,2.6812659276e-12,-2.3311947592e-12,-9.6879393839e-13,0
1439,35299,42001,7.4963014035e-12,7.3778156029e-12,9.8517434613e-13,0
1439,16951,42001,9.3654476905e-12,8.7514263253e-12,5.8815968125e-13,0
1439,35332,42007,3.2895919726e-12,4.5304200058e-13,2.7953197058e-12,0
1439,6280,42002,5.1492109682e-12,-5.0617391555e-12,-9.2553086291e-13,0
1439,37006,42006,2.3726750279e-12,-1.4036517714e-12,-9.2697795263e-13,0
1440,37006,42006,5.7408029371e-12,3.8108733493e-12,-2.1641995986e-13,0
1440,6280,42002,3.1614996566e-12,-9.9216186243e-13,-9.6647865513e-13,0
1440,35299,42001,5.6504217128e-12,2.0942698227e-12,1.0782436748e-12,0
1440,35332,42007,2.2017020969e-12,1.7712927463e-12,2.7899486892e-12,0
1440,16951,42001,9.5138136548e-13,-1.2758450712e-13,6.0200329386e-13,0
1441,35299,42001,5.1595058259e-12,-8.9618128269e-13,1.1712302859e-12,0
1441,35332,42007,5.0105953945e-12,3.6542296040e-12,3.1156161073e-12,0
1441,16951,42001,5.6942933660e-12,4.3425103477e-12,1.1622970549e-12,0
1441,6280,42002,3.9696342588e-12,-2.0804019033e-12,-8.9708493120e-13,0
1441,37006,42006,2.9976167082e-12,-2.6553235927e-12,-5.6782825718e-13,0
1442,37006,42006,5.8555699124e-12,2.9778778928e-12,4.9985256199e-13,0
1442,18937,42010,9.1764527865e-13,2.7945591901e-16,2.7945591901e-17,0
1442,6280,42002,9.1971145518e-12,-7.4451435031e-12,-1.6352294533e-12,1
1442,16951,42001,2.4125056758e-12,1.5758176717e-12,1.2610520159e-12,0
1442,35299,42001,4.7842442771e-12,4.3667070322e-12,1.4233456147e-12,0
1442,35332,42007,4.4617905933e-12,2.1162914173e-12,2.6233355819e-12,0
1443,35299,42001,1.7426890146e-12,-1.6003017439e-12,1.1249839416e-12,0
1443,35332,42007,2.1164291230e-12,1.4905795633e-12,2.9110534518e-12,0
1443,37006,42006,2.9307744429e-12,-2.2332010534e-12,4.9356919981e-13,0
1443,16951,42001,5.7956730099e-12,4.1322060317e-12,1.2056571971e-12,0
1443,18937,42010,4.6573212729e-12,-2.6772287041e-12,-2.6769492481e-13,0
1444,18937,42010,6.8671138664e-12,-1.5718820654e-12,-4.2488313135e-13,0
1444,16951,42001,3.9359146600e-12,-3.6368266661e-12,9.3021246941e-13,0
1444,37006,42006,5.7692987677e-12,1.3374131071e-12,8.3215034271e-13,0
1444,35299,42001,6.2301373835e-12,-6.9781278009e-13,1.1753174531e-12,0
1444,35332,42007,5.8808778602e-12,5.5132159028e-12,2.8515577193e-12,0
1445,37006,42006,7.2805487470e-12,3.5704232917e-12,1.3978525186e-12,0
1445,35299,42001,5.1334389733e-12,-1.7289520644e-12,7.0848597004e-13,0
1445,35332,42007,5.7487979128e-12,3.9939597696e-12,2.9827127866e-12,0
1445,16951,42001,5.0559049221e-12,-4.1432848465e-12,7.8476858452e-13,0
1445,18937,42010,4.8665965026e-12,-3.0842145889e-12,-7.3330459024e-13,0
1446,18937,42010,4.3627374485e-12,5.8559695553e-14,-7.2744862069e-13,0
1446,16951,42001,8.4575626209e-12,-7.5305760424e-12,5.0477448959e-14,0
1446,35299,42001,4.8305191928e-12,-2.1127085109e-12,4.3733297590e-13,0
1446,35332,42007,3.1686916391e-12,2.5109031168e-13,3.3241014327e-12,0
1446,37006,42006,4.4825856596e-12,-5.6787613413e-14,1.0658294667e-12,0
1447,18937,42010,4.5329891716e-12,3.3402198019e-12,-3.9342664050e-13,0
1447,35299,42001,6.6793314326e-12,-3.6339896556e-12,-2.8277955689e-13,0
1447,35332,42007,4.3424075846e-12,4.1652210014e-12,2.6069037245e-12,0
1447,37006,42006,6.7937789705e-12,-5.5721242105e-13,8.5524563333e-13,0
1447,16951,42001,3.3387638199e-12,2.7343517276e-12,1.2267141569e-13,0
1448,18937,42010,3.2698283530e-12,2.8297196224e-12,-1.1045467826e-13,0
1448,37006,42006,4.1822876584e-12,-1.1321663817e-12,3.6582448073e-13,0
1448,35299,42001,5.5234219445e-12,-2.2936854016e-12,8.7516101861e-14,0
1448,35332,42007,5.8274960593e-12,2.3531602929e-12,2.5762082610e-12,0
1448,16951,42001,2.5070420662e-12,-7.5299070890e-13,5.3450493330e-13,0
1449,35299,42001,1.4450551822e-12,7.7613812127e-13,-5.7265164630e-13,0
1449,35332,42007,4.8959494103e-12,4.5962195188e-12,2.9905260128e-12,0
1449,37006,42006,4.1316065406e-12,-4.4823729246e-13,4.6136592862e-13,0
1449,16951,42001,6.7858518203e-12,5.1106180633e-12,1.7042410710e-13,0
1449,18937,42010,3.0450811403e-12,-2.1576270784e-12,-3.2621738610e-13,0
1450,18937,42010,6.0093870976e-12,4.6460054594e-12,1.3838315984e-13,0
1450,37006,42006,4.9221585356e-12,3.2910152480e-13,1.1318874618e-13,0
1450,35299,42001,6.3095134420e-12,-2.3896152984e-12,-1.0210401584e-12,0
1450,35332,42007,3.2262531737e-12,-3.1750080548e-12,2.4958959327e-12,0
1450,16951,42001,3.6965285281e-12,-1.3385494195e-12,4.9327615861e-14,0
1451,35299,42001,5.2778484032e-12,-1.5002278307e-12,-1.0814448132e-12,0
1451,37006,42006,3.5278258113e-12,-1.6889781640e-12,2.0982328904e-13,0
1451,35332,42007,4.7450896493e-12,6.8270736349e-13,2.1987437086e-12,0
1451,16951,42001,3.3232297546e-12,-6.3632416820e-13,-4.4855583573e-13,0
1451,32209,42001,5.2628164132e-12,4.8527469556e-17,4.8527469556e-18,0
1451,18937,42010,4.2196857101e-12,-2.6755100939e-12,-1.2916784955e-13,0
1452,32209,42001,3.6829686293e-12,-2.1660696464e-12,-2.1660211189e-13,0
1452,32311,42011,2.4425257538e-12,1.9575167206e-16,1.9575167206e-17,0
1452,18937,42010,6.0632375924e-12,-3.1094548778e-13,-1.6029034392e-13,0
1452,37006,42006,8.2318022096e-12,-1.4657355972e-12,-2.3453805996e-13,0
1452,16951,42001,6.4051063131e-12,-2.8786373057e-12,-8.9400133347e-13,0
1452,35299,42001,2.6870352376e-12,1.6045915755e-12,-1.3576563589e-12,0
1452,35332,42007,4.1700877089e-12,-3.8035479631e-13,1.9490790873e-12,0
1453,35299,42001,4.4663222993e-12,-9.2325975046e-13,-1.2899521595e-12,0
1453,35332,42007,4.4600413740e-12,-4.3501620473e-12,1.3650049262e-12,0
1453,16951,42001,4.6294223522e-12,3.1975622278e-12,-9.8746571386e-13,0
1453,37006,42006,5.2823311489e-12,1.5928712625e-12,1.4806917164e-13,0
1453,18937,42010,9.6949781141e-13,1.0640000474e-13,1.1807252696e-13,0
1453,32209,42001,4.1262094758e-12,2.2315510287e-12,6.5529909784e-15,0
1453,32311,42011,7.8174488438e-12,4.5895404462e-12,4.5897361978e-13,0
1454,37006,42006,5.7013954513e-12,-1.2540724379e-12,-1.1107938286e-13,0
1454,32209,42001,2.6831015518e-12,-3.0366943315e-13,-2.3813952336e-14,0
1454,32311,42011,6.9671264514e-12,-6.6824940859e-12,-2.0927578881e-13,0
1454,18937,42010,3.5886539034e-12,2.7040526194e-13,3.0230125969e-13,0
1454,16951,42001,6.8838218315e-12,-4.8128632899e-12,-1.1050693762e-12,0
1454,35299,42001,3.7745953676e-12,8.7530903898e-13,-1.1326399776e-12,0
1454,35332,42007,2.2022506139e-12,-7.4446665127e-13,7.3923667081e-13,0
1455,16951,42001,3.1371006575e-12,6.1012130305e-13,-6.2972876129e-13,0
1455,35299,42001,3.1694859981e-12,3.2744824140e-13,-9.2699994705e-13,0
1455,35332,42007,4.3110526740e-12,1.7625416772e-12,5.1609486158e-13,0
1455,18937,42010,9.5351989056e-12,-2.9157672492e-12,3.1914599366e-13,0
1455,37006,42006,5.3225026866e-12,-2.8561413289e-13,-4.9668312532e-13,0
1455,32209,42001,2.2228269151e-12,-1.1033486144e-12,-1.3414881378e-13,0
1455,32311,42011,1.4853985092e-12,1.0158693023e-12,-1.0768885858e-13,0
1456,32209,42001,3.3360129994e-12,8.0055365158e-13,-5.4093448617e-14,0
1456,32311,42011,2.9421731748e-12,-2.3930661105e-12,-3.4699546964e-13,0
1456,37006,42006,7.7903377307e-12,3.1812039570e-12,-1.7288396828e-13,0
1456,18937,42010,5.0043034024e-12,3.6954799745e-12,6.8283802155e-13,0
1456,35299,42001,4.7201418640e-12,-1.9386766252e-12,-9.0959675848e-13,0
1456,35332,42007,4.4885267939e-12,-3.1580643633e-12,1.7517939408e-13,0
1456,16951,42001,2.0134998285e-12,1.9345440161e-12,3.1678324456e-13,0
1457,16951,42001,1.3415733334e-12,-1.0573816795e-12,-6.2390096142e-14,0
1457,37006,42006,5.4503659510e-12,-3.9156385559e-12,-5.0872658176e-13,0
1457,35299,42001,7.3199894410e-12,-4.2033233454e-12,-9.6653012746e-13,0
1457,18937,42010,6.2512033616e-12,-4.9819335947e-12,-1.4937731811e-13,0
1457,35332,42007,3.4551902851e-12,2.8686531194e-12,4.5522605882e-14,0
1457,32209,42001,4.9126494341e-12,-4.8928940941e-12,-5.4338285802e-13,0
1457,32311,42011,1.9641283810e-12,-2.0802495374e-13,-3.6779796501e-13,0
1458,32209,42001,2.8649082920e-12,-1.3113393268e-13,-5.5649625129e-13,0
1458,32311,42011,8.3354052697e-12,-4.3479608734e-12,-8.0259405235e-13,0
1458,18937,42010,4.6155242851e-12,4.2956641638e-12,-2.7828639598e-15,0
1458,37006,42006,5.6856170519e-12,4.8748482908e-12,9.1974885489e-14,0
1458,35299,42001,5.6666416123e-12,-9.5377940602e-15,-7.3811536670e-13,0
1458,35332,42007,7.5899014818e-12,-6.9059479275e-12,-8.8038821616e-13,0
1458,16951,42001,3.6132422483e-12,1.9215599561e-12,2.0506497035e-13,0
1459,32209,42001,6.5051623780e-12,-3.5743705330e-12,-9.1393330459e-13,0
1459,32311,42011,5.9957067640e-12,6.3870967250e-13,-7.3872308510e-13,0
1459,16951,42001,4.9694767764e-12,-3.1556874660e-12,-6.2156558258e-13,0
1459,37006,42006,2.2830406863e-12,-9.4151590537e-13,4.2647024199e-14,0
1459,18937,42010,1.8132118607e-12,1.4883042910e-12,3.6181027298e-13,0
1459,35299,42001,3.1579614924e-12,-2.3279780701e-12,-1.0485269858e-12,0
1459,35332,42007,2.1354711413e-12,-4.4713135674e-13,-1.3847233037e-12,0
1460,18937,42010,8.3968097169e-12,-2.6148755031e-12,-3.6427782327e-13,0
1460,37006,42006,7.3882080826e-12,6.3434368822e-12,6.4408055994e-13,0
1460,32209,42001,9.7974722502e-12,8.9498732899e-12,-1.8945975594e-14,0
1460,32311,42011,2.9114968928e-12,9.6500824619e-13,-6.4222226048e-13,0
1460,16951,42001,9.1054553883e-12,5.7157192090e-12,8.3861280278e-14,0
1460,35299,42001,3.1273212485e-12,2.8789152514e-12,-5.2167393086e-13,0
1460,35332,42007,4.0478552101e-12,-3.1366926951e-12,-1.3808917677e-12,0
1461,32209,42001,9.0910630437e-12,-8.4628433830e-12,-8.6523516665e-13,0
1461,16951,42001,5.3321569975e-12,-3.1857337479e-12,-1.7107967769e-13,0
1461,32311,42011,4.4464528700e-12,4.4163906015e-12,-2.0058320034e-13,0
1461,37006,42006,4.0814076351e-12,-1.7248120678e-12,6.4049716955e-13,0
1461,18937,42010,3.8959275870e-12,-2.5849152802e-12,-3.5521834190e-13,0
1461,35299,42001,9.9047002772e-12,-8.2174469846e-12,-1.1933958462e-12,0
1461,35332,42007,7.0411305862e-12,-5.5023979517e-13,-1.5041864836e-12,0
1462,35299,42001,2.9456455164e-12,1.1729528211e-12,-1.2365597217e-12,0
1462,37006,42006,7.6494177240e-12,4.8964403641e-12,1.2767147657e-12,0
1462,35332,42007,8.5112951998e-12,6.8788618043e-12,-7.7826482356e-13,0
1462,18937,42010,3.9619788222e-12,2.5694304681e-12,-6.7180746310e-14,0
1462,32209,42001,6.6672026421e-12,4.6556578653e-12,-1.8306241548e-13,0
1462,32311,42011,2.3392818535e-12,-1.2055988267e-12,-3.2116265817e-13,0
1462,16951,42001,8.6959515256e-12,5.7870700804e-12,6.9549106092e-13,0
1463,32209,42001,4.6415851195e-12,-2.5543347311e-12,-6.6165099146e-13,0
1463,32311,42011,2.1986843765e-12,6.2504754632e-13,-7.1761194816e-13,0
1463,16951,42001,3.2060616698e-12,-2.0445486621e-12,1.7127997193e-13,0
1463,37006,42006,5.1681727447e-12,-1.1115288858e-12,1.0062747508e-12,0
1463,18937,42010,6.4564167413e-12,-3.1773333717e-12,-3.9555408395e-13,0
1463,35299,42001,5.3917372254e-12,1.7467626813e-12,-9.6955747850e-13,0
1463,35332,42007,5.6504259002e-12,-2.1035706244e-13,-3.6428432507e-13,0
1464,16951,42001,4.3960217545e-12,2.8612583448e-12,9.3869213540e-13,0
1464,18937,42010,1.7952083984e-12,-5.7708472702e-13,-4.8030308285e-13,0
1464,37006,42006,3.7925192897e-12,2.5420279705e-12,1.3858847917e-12,0
1464,32209,42001,1.1600055557e-12,4.3723794128e-13,-5.8756025402e-13,0
1464,35299,42001,7.6513160698e-12,1.3169392221e-12,-9.2539446020e-13,0
1464,35332,42007,4.3874014025e-12,3.6174277771e-12,7.1905117763e-14,0
1464,32311,42011,5.0234420543e-12,1.6266206505e-12,1.1329952548e-13,0
1465,16951,42001,4.4405524405e-12,-2.3103953736e-12,6.4664046774e-13,0
1465,35299,42001,7.5088811746e-12,6.9452769105e-13,-8.8868651523e-13,0
1465,35332,42007,6.2720470537e-12,3.3830296149e-12,2.3395391153e-13,0
1465,37006,42006,3.6151393987e-12,2.8948585632e-12,1.7039320613e-12,0
1465,18937,42010,5.4385903480e-12,-4.5016584875e-12,-6.3889220668e-13,0
1465,32209,42001,3.8361040637e-12,-3.0201694858e-12,-7.7924234116e-13,0
1465,32311,42011,8.2097541426e-12,-3.0266738002e-12,-2.9095478477e-13,0
1466,37006,42006,5.9748566890e-12,-1.1104413913e-12,1.2747675265e-12,0
1466,18937,42010,4.9920380603e-12,-4.4379758525e-12,-1.4522377894e-12,0
1466,32209,42001,3.6691413856e-12,4.1202012864e-13,-8.1809569345e-13,0
1466,16951,42001,3.9621992725e-12,-3.8506030560e-12,6.8125760530e-14,0
1466,32311,42011,7.0849720942e-12,2.8361209634e-12,2.3196392263e-13,0
1466,35299,42001,4.2029767853e-12,2.0802666059e-12,-4.8679219213e-13,0
1466,35332,42007,4.9659898669e-12,-2.1029357783e-12,3.3946677003e-13,0
1467,16951,42001,5.5144797735e-12,8.7204416286e-13,2.6106834477e-13,0
1467,37006,42006,5.0805722259e-12,-2.1868421170e-13,1.6444629609e-12,0
1467,32209,42001,7.3867165582e-12,4.9190722105e-13,-2.7961556194e-13,0
1467,32311,42011,4.4556443370e-12,1.9467845283e-13,2.7223426328e-13,0
1467,18937,42010,5.4312059278e-12,-3.3064541563e-12,-1.2846898455e-12,0
1467,35299,42001,6.7765576253e-12,2.4913836100e-12,1.8267850341e-13,0
1467,35332,42007,7.8872004581e-12,2.5339715618e-12,3.0599861427e-13,0
1468,35299,42001,6.4846920386e-12,-7.0335366133e-13,1.1329691668e-13,0
1468,35332,42007,4.7907972809e-12,-3.0867563939e-12,6.8791776763e-13,0
1468,18937,42010,3.1901279608e-12,2.5535859827e-12,-1.4588976637e-12,0
1468,37006,42006,1.0139220080e-11,9.4802385090e-13,1.2517805169e-12,0
1468,32209,42001,3.0936622620e-12,-1.3010309098e-12,-3.9660525965e-13,0
1468,32311,42011,4.9373232202e-12,3.6508377235e-12,1.0721141230e-12,0
1468,16951,42001,6.4650015775e-12,-4.2746119274e-12,-3.5854884358e-13,0
1469,18937,42010,7.5708247743e-12,-5.6803619720e-12,-2.1757642900e-12,0
1469,16951,42001,7.7940494855e-12,3.2970722757e-12,2.8672713060e-13,0
1469,37006,42006,4.5273384967e-12,-4.6246113842e-13,1.2996859936e-12,0
1469,32209,42001,5.6534281742e-12,5.4427234160e-13,1.5259027806e-14,0
1469,32311,42011,4.4781963712e-12,-1.1679944951e-12,8.9144370622e-13,0
1469,35299,42001,5.6381708544e-12,4.1710539033e-12,7.6320011402e-13,0
1469,35332,42007,5.4758200097e-12,1.1736067236e-12,8.4999157567e-13,0
1470,18937,42010,5.7714828253e-12,-2.7223531491e-12,-2.1865120546e-12,0
1470,35299,42001,4.8652938451e-12,-8.3094784398e-13,3.9221380448e-13,0
1470,35332,42007,5.4795206475e-12,1.6563805764e-12,1.3292989028e-12,0
1470,32209,42001,7.1974098629e-12,-3.8077174119e-12,-1.2605000424e-12,0
1470,37006,42006,7.6857270950e-12,7.5456222173e-12,1.4199045271e-12,0
1470,32311,42011,8.5518726192e-12,7.7266734230e-12,1.5676102239e-12,0
1470,16951,42001,2.5943136029e-12,-8.8140338555e-13,-3.7298512886e-13,0
1471,16951,42001,6.2647968981e-12,2.8725356553e-12,2.3284181146e-13,0
1471,37006,42006,7.4491036687e-12,-4.6681713478e-12,1.1255685991e-12,0
1471,32209,42001,4.2100819722e-12,3.6037295873e-12,-5.3842745340e-14,0
1471,32311,42011,2.5263402485e-12,1.3012643827e-12,1.2560976020e-12,0
1471,35299,42001,8.3989059734e-12,8.2180364900e-12,2.0357621519e-12,0
1471,35332,42007,4.2683867541e-12,2.6598348133e-12,1.6503063637e-12,0
1471,18937,42010,5.6704213678e-12,2.9851707728e-12,-1.6295034493e-12,0
1472,32209,42001,2.9237624750e-12,1.0139536043e-12,-4.1801317143e-13,0
1472,32311,42011,4.1905229582e-12,3.5211652406e-12,1.7287740087e-12,0
1472,35299,42001,3.1273886707e-12,-1.2305889704e-12,1.7954079728e-12,0
1472,18937,42010,2.6038110341e-12,-1.5895100602e-12,-2.0453975021e-12,0
1472,35332,42007,6.7529038955e-12,-5.0656261414e-12,4.5585756911e-13,1
1472,37006,42006,2.2691467711e-12,1.3567498217e-12,7.7159954485e-13,0
1472,16951,42001,3.3359973736e-12,-2.9861500515e-12,-6.4448020173e-13,0
1473,37006,42006,6.9043903184e-12,4.1755937212e-12,1.3003118055e-12,0
1473,18937,42010,5.1620598023e-12,2.9121968362e-12,-1.4364444813e-12,0
1473,16951,42001,5.4283699572e-12,2.3975783109e-12,-2.0026750443e-13,0
1473,32209,42001,3.4910935912e-12,-3.1732057376e-12,-4.7990027208e-13,0
1473,32311,42011,4.2139624814e-12,1.9788492719e-12,1.8641541813e-12,0
1473,35299,42001,4.2554879084e-12,3.4769812568e-12,1.9684298303e-12,0
1473,35332,42007,4.1322303351e-12,-2.2119214825e-16,-2.2119214825e-17,0
1474,18937,42010,1.2941502740e-11,-1.0667435596e-11,-2.4454795682e-12,1
1474,35299,42001,7.2978729949e-12,-3.4622085001e-12,1.4905150581e-12,0
1474,32209,42001,4.5935884604e-12,-2.5055541524e-12,-7.7417948145e-13,0
1474,37006,42006,3.4264452476e-12,1.9192229428e-12,1.2380313028e-12,0
1474,35332,42007,2.1225621706e-12,4.7118093036e-13,4.7095973821e-14,0
1474,32311,42011,5.2408836817e-12,3.7807057253e-12,2.0795626888e-12,0
1474,16951,42001,3.9668479565e-12,-8.9323157129e-13,-5.7571649605e-13,0
1475,16951,42001,5.7639812109e-12,3.5545912017e-12,1.0782161479e-14,0
1475,37006,42006,5.2154944964e-12,2.5800717927e-12,1.2065526257e-12,0
1475,35299,42001,4.5663618119e-12,2.2696705965e-12,1.6480293487e-12,0
1475,35332,42007,2.9005089130e-12,2.1054948262e-12,2.5764545644e-13,0
1475,32209,42001,2.5481648610e-12,-6.1649550858e-14,-4.7832748796e-13,0
1475,32311,42011,6.1016532430e-12,-2.3780974418e-12,2.1444203246e-12,0
1476,32209,42001,1.0833450123e-12,-5.2268760977e-13,-5.7179826180e-13,0
1476,37006,42006,1.9114123162e-12,1.6016892589e-12,1.4777656908e-12,0
1476,32311,42011,9.9229748123e-12,8.9573092751e-12,2.7565391558e-12,0
1476,35299,42001,5.8562488244e-12,-5.6042300396e-12,8.7957968412e-13,0
1476,35332,42007,2.8833314599e-12,-1.1204050908e-12,1.4560494736e-13,0
1476,16951,42001,6.4359633567e-12,-2.4875412400e-12,1.4708834308e-13,0
1477,32209,42001,8.5778217071e-12,5.1733808204e-12,-1.0365090186e-13,0
1477,16951,42001,2.4920308415e-12,5.5974964853e-13,1.1585889164e-13,0
1477,32311,42011,9.4377996295e-12,-6.9103333675e-12,2.0460379738e-12,0
1477,35299,42001,8.3618678985e-12,7.3322259271e-12,1.3636639158e-12,0
1477,35332,42007,9.6803448778e-12,4.7069400335e-12,6.1629895070e-13,0
1477,37006,42006,2.8901153993e-12,1.6841805667e-12,1.6680521686e-12,0
1478,37006,42006,2.1313415191e-12,1.8943369769e-12,1.7626834812e-12,0
1478,35299,42001,6.9989257501e-12,-1.3476258561e-12,1.2992366963e-12,0
1478,35332,42007,4.5612660108e-12,-2.5728786689e-12,3.5901108382e-13,0
1478,32209,42001,6.0039610280e-12,-2.9126907182e-12,-2.6481688270e-13,0
1478,32311,42011,7.3617138335e-12,5.2211051775e-12,2.2030647192e-12,0
1478,16951,42001,5.7927920093e-12,-1.7750547016e-12,3.6581461422e-13,0
1479,32209,42001,1.2117114715e-12,-6.2616770366e-13,-3.8186088723e-13,0
1479,32311,42011,1.0985758015e-12,-2.4866747688e-13,2.2949974210e-12,0
1479,16951,42001,4.0076520209e-12,-3.9375189964e-13,-3.2678033177e-15,0
1479,35299,42001,6.7422548493e-12,1.8861030276e-12,1.0707416088e-12,0
1479,35332,42007,5.6945796321e-12,4.3951679400e-12,7.9852787782e-13,0
1479,37006,42006,6.8660103600e-12,1.5674007576e-13,1.8246036026e-12,0
1480,37006,42006,9.7480529666e-12,-6.1975890211e-12,4.5028247877e-13,0
1480,35299,42001,3.7741330929e-12,-9.0004645923e-13,1.0638317473e-12,0
1480,35332,42007,2.0083228164e-12,1.3425211717e-12,9.3277999498e-13,0
1480,32209,42001,2.5453931335e-12,-3.5182721274e-13,-3.6271867314e-14,0
1480,32311,42011,7.2524718304e-12,-3.8805216861e-12,1.1342779101e-12,0
1480,16951,42001,5.7425833995e-12,-5.0808250535e-12,-4.2320997011e-13,0
1481,32209,42001,3.8620301064e-12,-2.5153848721e-13,-4.2179867477e-13,0
1481,32311,42011,3.6960241851e-12,-1.2397008453e-12,8.8018138728e-13,0
1481,35299,42001,6.3173820009e-12,2.0973424939e-12,4.5176234765e-13,0
1481,35332,42007,1.6700372903e-12,6.9197339515e-13,1.0019773345e-12,0
1481,16951,42001,4.8334768836e-12,2.1200240904e-12,-4.9846112660e-13,0
1481,37006,42006,3.9128653551e-12,1.5537660390e-12,1.0724762175e-12,0
1482,35299,42001,9.5087931725e-12,-5.2480520259e-12,5.0016042096e-14,0
1482,35332,42007,3.9407479007e-12,5.5108507712e-13,1.0570858422e-12,0
1482,16951,42001,6.7883866545e-12,-6.6828534638e-12,-8.6813146783e-13,0
1482,32209,42001,6.1180257209e-12,-5.3367760598e-12,-1.0568716412e-12,0
1482,32311,42011,7.3084237769e-12,3.8275113357e-12,9.1081599679e-13,0
1482,37006,42006,4.9785758396e-12,1.7572788053e-12,1.1125291158e-12,0
1483,32209,42001,2.9265925223e-12,1.1389064307e-12,-6.2566042436e-13,0
1483,32311,42011,6.1582245312e-12,-5.4792414315e-12,1.6500692645e-13,0
1483,37006,42006,7.4519384397e-12,-1.6623934580e-12,5.2873039790e-13,0
1483,16951,42001,6.7881789401e-12,-1.7675404629e-13,-1.1255647036e-12,0
1483,35299,42001,4.3117303168e-12,2.1324163048e-12,-8.4440453110e-14,0
1483,35332,42007,4.4901784533e-12,-4.4779763061e-12,6.0931033082e-13,0
1484,35299,42001,5.4320163970e-12,-2.8005647105e-12,-1.8276074157e-14,0
1484,35332,42007,2.9973236829e-12,7.5603736307e-13,6.3779597409e-13,0
1484,37006,42006,4.5076309669e-12,3.9644638043e-12,7.3325448405e-13,0
1484,32209,42001,6.3245495168e-12,-4.3272666949e-12,-8.0783167861e-13,0
1484,32311,42011,1.0286872250e-11,1.0150353761e-11,8.0197172999e-13,0
1484,16951,42001,4.6611110992e-12,-2.1033469881e-12,-1.2465762452e-12,0
1485,35299,42001,5.4898047888e-12,5.4569359409e-12,3.0045046028e-13,0
1485,37006,42006,2.9689474233e-12,2.2198378296e-12,6.9723108774e-13,0
1485,35332,42007,4.9083220638e-12,-4.5996302285e-12,-3.2716531377e-14,0
1485,32209,42001,3.8679353684e-12,3.1660785717e-12,-4.8505886636e-13,0
1485,32311,42011,3.0885863022e-12,-4.6710025884e-13,9.9307144828e-13,0
1485,16951,42001,6.6123632067e-12,8.7603577797e-14,-1.5932750076e-12,0
1486,16951,42001,6.1990098100e-12,-6.1518239084e-12,-1.9597032745e-12,0
1486,37006,42006,3.0230581551e-12,-2.5087591608e-12,2.8618624577e-13,0
1486,32209,42001,4.7337733259e-12,-3.3787679107e-12,-7.7066689645e-13,0
1486,32311,42011,4.2008556481e-12,-1.6537899117e-12,-6.8038470399e-14,0
1486,35299,42001,6.9226828759e-12,-5.3963533306e-13,8.0690993094e-13,0
1486,35332,42007,4.7065307451e-12,3.9947124558e-12,4.7879522328e-13,0
1487,32209,42001,3.5231333351e-12,8.7137750155e-13,-1.2008672283e-12,0
1487,32311,42011,5.3340743831e-12,-3.1146263735e-12,3.1153222899e-13,0
1487,37006,42006,4.6539705830e-12,8.0213248892e-13,1.9798143800e-13,0
1487,16951,42001,6.9312642388e-12,6.1087054033e-13,-1.9545911853e-12,0
1487,35299,42001,6.3119236571e-12,5.6428782190e-12,6.3797516014e-13,0
1487,35332,42007,6.2375844646e-12,-5.8837938055e-12,-5.8027816062e-13,0
1488,32209,42001,7.6694538826e-12,-4.7167944866e-12,-1.3812776052e-12,0
1488,32311,42011,8.5079798740e-12,3.2256408104e-12,1.1198579228e-13,0
1488,16951,42001,7.4779369667e-12,-3.9162886327e-12,-2.1687145784e-12,0
1488,35299,42001,5.2561593736e-12,4.0214545272e-12,1.1748831985e-12,0
1488,35332,42007,5.1718365586e-12,-4.9437328904e-13,-3.7242762264e-13,0
1488,37006,42006,5.3714507842e-12,4.1888973146e-12,4.2743747177e-13,0
1489,37006,42006,1.7859649220e-12,-1.3280469550e-13,3.9848299464e-13,0
1489,35299,42001,7.0737715363e-12,5.2742825309e-12,1.5137011488e-12,0
1489,35332,42007,3.0484683577e-12,-7.8416161354e-13,-8.9036057799e-13,0
1489,32209,42001,3.0531755905e-12,2.6221623206e-12,-1.0564446028e-12,0
1489,16951,42001,4.3663980750e-12,1.8691451729e-13,-2.1106479367e-12,0
1489,32311,42011,5.3950129575e-12,-2.6015641294e-12,-1.2330387297e-13,0
1490,16951,42001,6.6503199232e-12,-5.6391572966e-12,-2.1664811610e-12,0
1490,32209,42001,2.4365768160e-12,-1.9264170042e-12,-1.2139035819e-12,0
1490,32311,42011,3.7526597882e-12,1.3315241211e-12,3.9790070775e-13,0
1490,37006,42006,9.3197280491e-12,-8.6836913422e-12,1.4987276253e-13,0
1490,35299,42001,5.6934693238e-12,-4.9239762065e-12,1.1113081741e-12,0
1490,35332,42007,2.4247756493e-12,-8.8092064978e-13,-1.1127047601e-12,0
1491,37006,42006,2.7440648936e-12,-1.5583981223e-12,-1.6134365360e-13,0
1491,32209,42001,4.7797201465e-12,2.0502303692e-12,-9.8372669626e-13,0
1491,32311,42011,3.0992169385e-12,-3.0430336217e-12,2.1756743011e-13,0
1491,35299,42001,1.0801144124e-11,7.8316838328e-12,1.6847423080e-12,0
1491,35332,42007,4.5319740844e-12,-1.0754643097e-12,-1.2894485306e-12,0
1491,16951,42001,3.0961713807e-12,3.0567048629e-12,-2.0728130838e-12,0
1492,35299,42001,7.9612941547e-12,1.6051421210e-13,2.2255989318e-12,0
1492,37006,42006,1.6495364642e-12,7.1514165017e-13,-2.6555736911e-13,0
1492,35332,42007,5.4557066665e-12,-5.1677025859e-12,-1.8613272969e-12,0
1492,16951,42001,7.4187826373e-12,-2.7839620661e-12,-1.6829239440e-12,0
1492,32209,42001,4.6663421948e-12,-3.5731741395e-12,-8.0736650422e-13,0
1492,32311,42011,9.1416240682e-12,8.8201581978e-12,7.1683211632e-13,0
1493,37006,42006,2.9386640071e-12,2.7268529410e-12,1.7336727079e-13,0
1493,16951,42001,6.6084011634e-12,6.5154238766e-12,-1.0137061517e-12,0
1493,32209,42001,5.8108507938e-13,1.6619260588e-13,-9.0463788670e-13,0
1493,32311,42011,5.4726873044e-12,-3.7490622401e-12,8.8985003546e-13,0
1493,35299,42001,5.1803588864e-12,2.1485079784e-12,2.2272080991e-12,0
1493,35332,42007,2.3201498109e-12,2.1496342943e-12,-1.1985662369e-12,0
1494,37006,42006,3.6384972012e-12,3.6361453199e-12,1.4053542234e-13,0
1494,32209,42001,9.7625310995e-12,-2.6173944267e-12,-7.3365065988e-13,0
1494,32311,42011,2.1458780406e-12,1.8801662147e-12,6.2831280865e-14,0
1494,35299,42001,7.2562525270e-12,3.7265202680e-13,2.5445297728e-12,0
1494,35332,42007,1.9540273638e-12,7.6580065536e-13,-1.1975899077e-12,0
1494,16951,42001,5.8298000189e-12,-2.0578856124e-12,-1.0091600141e-12,0
1495,37006,42006,1.0071078863e-11,-1.0027081091e-11,-1.0841564697e-12,1
1495,35299,42001,4.3348071467e-12,3.8001404393e-12,2.3788502227e-12,0
1495,35332,42007,5.1225784413e-12,-7.4012345313e-13,-8.1163923012e-13,0
1495,16951,42001,5.4597754420e-12,3.0574154402e-12,-7.1217882788e-13,0
1495,32209,42001,3.4755991985e-12,9.1353504843e-13,-9.5890501221e-13,0
1495,32311,42011,6.9376333527e-12,5.8028003514e-12,6.8982134189e-13,0
1496,16951,42001,5.5984263040e-12,-2.6744249762e-12,-3.6443893467e-13,0
1496,35299,42001,5.4525260504e-12,-1.1072807946e-12,2.3220856765e-12,0
1496,35332,42007,4.0233422398e-12,2.0176108957e-12,-1.0093493861e-12,0
1496,32209,42001,2.9868362451e-12,2.7106811907e-12,-3.4996010207e-13,0
1496,32311,42011,7.7884975731e-12,-6.9451479909e-12,1.6068553397e-13,0
1497,35299,42001,6.8826403342e-12,8.0378477921e-13,1.8381763325e-12,0
1497,35332,42007,3.7482512121e-12,-1.7775875934e-12,-5.9872876492e-13,0
1497,32209,42001,2.4325911210e-12,9.3465299667e-13,-3.4363255256e-13,0
1497,16951,42001,5.6459733715e-12,-7.3829760745e-13,-4.9935574945e-13,0
1497,32311,42011,5.4402590668e-12,4.8630472901e-12,9.5845290033e-13,0
1498,16951,42001,4.6772470774e-12,-3.5187494055e-12,-4.5960182673e-13,0
1498,32209,42001,5.8076861188e-12,5.4884329596e-12,6.7689019206e-13,0
1498,32311,42011,7.0861828081e-12,6.6793739582e-12,1.3038262151e-12,0
1498,35299,42001,2.2944991320e-12,1.2945702434e-12,1.5654879042e-12,0
1498,35332,42007,3.4318514909e-12,2.5718595602e-12,-2.9210547999e-13,0
1499,35299,42001,2.5529729714e-12,1.1589544686e-12,1.1539550979e-12,0
1499,35332,42007,6.9763300116e-12,-4.4931555295e-12,-6.6300487159e-13,0
1499,32209,42001,3.4437797352e-12,1.6923418378e-12,5.8390814378e-13,0
1499,32311,42011,3.7409942945e-12,3.3151804301e-12,1.8955006711e-12,0
1499,16951,42001,2.8659293949e-12,-2.7557853765e-12,-7.5387181612e-13,0
1500,32209,42001,5.2191857122e-12,5.1586428735e-12,1.2924141316e-12,0
1500,32311,42011,4.4265272882e-12,3.3347799151e-12,2.0958262505e-12,0
1500,16951,42001,3.8612620252e-12,-8.9985392343e-13,-2.7994147880e-13,0
1500,35299,42001,4.8255817719e-12,-3.8130463029e-12,1.2650480883e-12,0
1500,35332,42007,4.4181332603e-12,2.1422506030e-13,-5.5349030058e-13,0
1501,35299,42001,4.2499707937e-12,-2.0628752722e-12,2.7559217780e-13,0
1501,35332,42007,6.3394996880e-12,9.3335538517e-13,-3.5260833109e-13,0
1501,16951,42001,5.9709388401e-12,-2.0835912529e-12,-7.9397109038e-13,0
1501,32209,42001,1.3005246422e-12,6.5749971710e-13,1.1531410663e-12,0
1501,32311,42011,4.0182488289e-12,-7.2478477213e-13,2.3276511354e-12,0
1502,32209,42001,4.4050676863e-12,2.5821202509e-12,1.7686705054e-12,0
1502,32311,42011,8.1230614297e-12,7.9859271221e-12,2.2442280278e-12,0
1502,16951,42001,4.7081664923e-12,2.8646566630e-12,-2.2910921746e-13,0
1502,35299,42001,5.5444197744e-12,3.3400975956e-13,2.9294173254e-13,0
1502,35332,42007,3.2453428915e-12,2.8578653341e-13,1.9274058084e-13,0
1503,35299,42001,6.4012317914e-12,-1.9173549753e-12,-1.1364456282e-13,0
1503,35332,42007,3.2687250858e-12,6.2055470290e-13,3.9832621701e-14,0
1503,16951,42001,5.7072332108e-12,-6.4659402574e-13,-9.4531100769e-13,0
1503,32209,42001,2.4788751964e-12,1.1958701588e-12,1.8716382607e-12,0
1503,32311,42011,4.0135273402e-12,4.2194233512e-13,2.6613284854e-12,0
1504,35299,42001,3.5450859180e-12,2.9989182848e-12,1.4898206298e-13,0
1504,35332,42007,1.7578243142e-12,-3.6979896211e-13,-7.3727340046e-14,0
1504,32209,42001,3.3802879350e-12,-2.0059577592e-12,1.9327819274e-12,0
1504,32311,42011,2.8923413947e-12,7.6456517821e-13,2.5497683817e-12,0
1504,16951,42001,5.6924387098e-12,4.2713955505e-13,-6.9680849095e-13,0
1505,16951,42001,3.5566171758e-12,7.7377263619e-13,-9.2517277135e-13,0
1505,32209,42001,6.0068041036e-12,4.9719884111e-12,2.3386272637e-12,0
1505,32311,42011,5.3493149673e-12,3.0085048529e-13,1.9995733951e-12,0
1505,35299,42001,4.3869018024e-12,7.1773504225e-13,-1.5925847673e-13,0
1505,35332,42007,5.0600137292e-12,3.6832263949e-12,3.6860764475e-13,0
1506,32209,42001,6.1831287589e-12,-3.8206278454e-12,1.6854963601e-12,0
1506,32311,42011,6.9021793676e-12,-9.5553172898e-13,2.5985350213e-12,0
1506,35299,42001,4.6024872831e-12,-5.1009425801e-13,-9.9539823070e-14,0
1506,35332,42007,2.4368915055e-12,1.4793627202e-12,3.1478282721e-13,0
1506,16951,42001,4.3919809667e-12,-1.3884524654e-12,-7.9657552027e-13,0
1507,16951,42001,5.0682960354e-12,-1.3816142448e-12,-8.6090718400e-13,0
1507,35299,42001,1.1213995436e-12,-3.5463474152e-13,-2.1538177514e-13,0
1507,35332,42007,6.2439609903e-12,3.2792113076e-12,8.2046271730e-13,0
1507,32209,42001,4.9532226930e-12,-5.2091256740e-13,1.5399398037e-12,0
1507,32311,42011,7.1577598298e-12,4.6426916942e-12,2.5764994617e-12,0
1508,32209,42001,3.3212721672e-12,-3.2767366185e-12,6.6342284587e-13,0
1508,32311,42011,5.0631182723e-12,-2.1841305956e-12,1.6901490063e-12,0
1508,35299,42001,4.8117476489e-12,2.6537254591e-12,-7.9466253573e-14,0
1508,35332,42007,1.0162484276e-11,-7.1416385530e-12,-1.5088709402e-13,0
1508,16951,42001,4.2251328168e-12,5.7018604858e-13,-4.5201363859e-13,0
1509,16951,42001,3.7243778301e-12,3.3275401526e-12,1.5631891431e-13,0
1509,35299,42001,4.0655418781e-12,1.5404731525e-12,-4.1314385184e-14,0
1509,35332,42007,3.5199512246e-12,-1.7667671204e-12,1.2175174689e-13,0
1509,32209,42001,7.2495906112e-12,1.8819897729e-13,5.1300855982e-13,0
1509,32311,42011,2.5788824719e-12,1.7257503774e-12,1.5312060011e-12,0
1510,32209,42001,5.1591142674e-12,-5.1226941742e-12,-5.1512514495e-13,0
1510,32311,42011,2.7171980721e-12,1.6630959331e-12,1.3640376029e-12,0
1510,35299,42001,5.8510548958e-12,-2.3400096889e-12,1.0598927622e-13,0
1510,35332,42007,5.5848334429e-12,-3.8237111671e-12,-2.8204187586e-13,0
1510,16951,42001,9.8397226087e-12,-8.0314435137e-12,-5.5684004472e-13,0
1511,32209,42001,6.4471878738e-12,5.8941066792e-12,8.5355512589e-15,0
1511,32311,42011,4.3339403555e-12,1.4942359272e-12,1.5859396728e-12,0
1511,16951,42001,7.5818574920e-12,4.5035022139e-12,1.0186930196e-13,0
1511,35299,42001,3.1200425616e-12,2.3410088734e-12,5.4637769078e-13,0
1511,35332,42007,5.1536092694e-12,-2.6110044305e-12,-6.3647785743e-13,0
1512,16951,42001,7.2065604908e-12,-5.4125250361e-12,-7.2584886796e-13,0
1512,32209,42001,5.2730470433e-12,-3.1397383468e-12,-5.6365030850e-13,0
1512,32311,42011,5.6091753304e-12,2.9811000748e-12,1.0854569681e-12,0
1512,35299,42001,5.3691959496e-12,-7.7815090232e-13,4.3516162459e-13,0
1512,35332,42007,2.6179298122e-12,-1.9602800369e-12,-8.6108451446e-13,0
1513,32209,42001,6.9685407446e-12,3.5058012802e-12,-3.3265719636e-13,0
1513,32311,42011,6.8607392418e-12,3.7006044113e-12,1.4133231757e-12,0
1513,16951,42001,9.4048940819e-12,-8.2380130651e-12,-1.4849907719e-12,0
1513,35299,42001,6.6209953666e-12,-2.1111052394e-12,4.1578659818e-13,0
1513,35332,42007,8.4357101092e-12,-1.4424731977e-12,-1.0673873045e-12,0
1514,16951,42001,4.3979035871e-12,2.5811361830e-12,-1.2695911091e-12,0
1514,35299,42001,2.3341077412e-12,-7.5231799622e-13,4.0662970083e-14,0
1514,35332,42007,1.1864118572e-12,2.2059447960e-13,-1.0083479603e-12,0
1514,37006,42006,4.4841803394e-12,-1.8038791094e-16,-1.8038791094e-17,0
1514,32209,42001,3.4314905067e-12,-1.9008393288e-12,-3.2214535332e-13,0
1514,32311,42011,4.9719420107e-12,2.2962327264e-12,1.5664899305e-12,0
1515,32209,42001,3.3757054109e-12,9.6832733844e-13,-7.2251146059e-13,0
1515,32311,42011,9.3699747903e-12,5.1304685916e-12,2.0494517412e-12,0
1515,37006,42006,5.0117976858e-12,6.9539291169e-13,6.9521252378e-14,0
1515,16951,42001,7.4252143877e-12,4.8692914648e-12,-8.6003922624e-13,0
1515,35299,42001,7.2911680452e-12,4.9838895176e-12,4.6727841762e-13,0
1515,35332,42007,3.8426893621e-12,2.0483203017e-12,-1.1718385697e-12,0
1516,16951,42001,5.2613478780e-12,1.4015829687e-12,-5.8103568283e-13,0
1516,37006,42006,3.0086621523e-12,2.5631331988e-12,3.2583457226e-13,0
1516,32209,42001,3.6236328994e-12,-2.9552241021e-12,-6.3597108626e-13,0
1516,32311,42011,7.0699468976e-12,6.6731706161e-12,2.8123219757e-12,0
1516,35299,42001,4.8448117348e-12,-7.2124057235e-13,4.4616378618e-13,0
1516,35332,42007,2.5976362549e-12,-8.6164846901e-13,-1.4059396886e-12,0
1517,32209,42001,4.8578402327e-12,5.2725851271e-13,-5.3115397825e-13,0
1517,32311,42011,5.9636704234e-12,3.5338342479e-12,2.7014362310e-12,0
1517,37006,42006,5.3523588902e-12,2.6120080512e-12,5.8703537737e-13,0
1517,35299,42001,9.8409012805e-12,7.5034852847e-12,1.2319757888e-12,0
1517,35332,42007,5.9146924387e-12,-2.4917532589e-12,-1.9830361452e-12,0
1517,16951,42001,1.2684490040e-12,6.6450305268e-13,-3.7642395309e-13,0
1518,16951,42001,3.7660444269e-12,-1.4692363303e-12,-5.8036619097e-13,0
1518,35299,42001,4.0138692027e-12,-2.5791701165e-13,9.4081154173e-13,0
1518,35332,42007,4.3762689325e-12,4.3323613023e-12,-8.3563615970e-13,0
1518,32209,42001,1.8093959756e-12,-7.4804774568e-13,-2.7828509097e-13,0
1518,37006,42006,6.7117394130e-12,1.7836999979e-12,7.6540537716e-13,0
1518,32311,42011,3.4315386783e-12,1.6627581534e-12,3.0861251059e-12,0
1519,37006,42006,5.5455559777e-12,-3.8727486937e-12,3.7813050779e-13,0
1519,32209,42001,5.5946092789e-12,1.6932202897e-12,-1.2778295972e-13,0
1519,32311,42011,5.1398173765e-12,-8.5614350290e-13,2.8279357179e-12,0
1519,35299,42001,5.6880729810e-12,3.2809122056e-12,1.1148554470e-12,0
1519,35332,42007,2.3147606305e-12,-2.0841037487e-12,-8.6736982252e-13,0
1519,16951,42001,8.5269611410e-12,1.3167628573e-12,-7.8144392050e-13,0
1520,16951,42001,6.0008664985e-12,-4.8491369361e-12,-4.6321326274e-13,0
1520,32209,42001,7.8143260005e-12,-6.1518489229e-13,3.2296796847e-13,0
1520,32311,42011,5.6139208184e-12,5.0738621557e-12,3.1690123401e-12,0
1520,35299,42001,9.0052884004e-12,-2.7819174253e-12,1.0706646734e-12,0
1520,35332,42007,4.7624136797e-12,5.0536304340e-13,-4.3446240147e-13,0
1520,37006,42006,3.3920966011e-12,2.2644961921e-12,6.0458012700e-13,0
1521,37006,42006,4.3847208853e-12,2.2640550325e-12,8.3098563025e-13,0
1521,35299,42001,2.5687908213e-12,1.2541458102e-12,9.6197836708e-13,0
1521,35332,42007,4.2569029943e-12,-2.9332199965e-12,-4.6668395807e-13,0
1521,32209,42001,4.8668358887e-12,4.1355902937e-12,1.4711632993e-13,0
1521,32311,42011,5.0582300834e-12,-2.6160059441e-12,2.7579881530e-12,0
1521,16951,42001,6.6830290434e-12,5.3313737636e-12,-3.8042610777e-13,0
1522,16951,42001,5.5323273301e-12,-1.1299691262e-12,4.7829483225e-14,0
1522,32209,42001,1.4475347604e-12,-2.4772537458e-13,4.3631762715e-13,0
1522,32311,42011,9.2245482211e-12,-1.3218855170e-12,2.3276895938e-12,0
1522,37006,42006,6.8445678889e-12,-4.2438944531e-12,4.0659618495e-13,0
1522,35299,42001,7.3526502505e-12,-7.2167601292e-12,3.1811744439e-13,1
1522,35332,42007,3.1380271437e-12,-2.0888826645e-12,-4.7954422083e-13,0
1523,35332,42007,2.9163518348e-12,-4.5490855975e-13,-3.8078775704e-13,0
1523,32209,42001,1.8311304902e-12,-4.0243519525e-13,4.5493979595e-14,0
1523,32311,42011,4.1459359210e-12,-9.8946782691e-13,1.8586823700e-12,0
1523,37006,42006,3.7417250407e-12,2.5752201458e-12,6.6411819953e-13,0
1523,16951,42001,4.5414545193e-12,2.0833085578e-12,1.0799616455e-12,0
1524,32209,42001,6.9361639599e-12,7.5471864772e-13,3.1104977724e-13,0
1524,32311,42011,4.3348744143e-12,-5.0681565272e-13,1.5783775321e-12,0
1524,37006,42006,4.8856563694e-12,2.4259908229e-12,9.0673532061e-13,0
1524,16951,42001,2.7789125146e-12,-1.4186848937e-12,6.7997953786e-13,0
1524,35332,42007,8.4661346909e-12,6.1837805125e-12,2.1553084626e-13,0
1525,37006,42006,8.0133055410e-12,-1.5864939301e-12,6.7854663643e-13,0
1525,16951,42001,3.8870067469e-12,1.1032814318e-12,3.0337853456e-13,0
1525,32209,42001,4.8734577080e-12,-3.0742995241e-12,-9.3212909006e-14,0
1525,32311,42011,2.9739061901e-12,-1.3124010396e-12,9.3409056898e-13,0
1525,35332,42007,6.5596083821e-12,-5.9492772866e-12,-5.8422891257e-13,0
1526,16951,42001,3.8547475594e-12,-2.4487043497e-12,-8.1650197279e-14,0
1526,35332,42007,2.7759174003e-12,1.9373930028e-12,-3.0432476539e-13,0
1526,37006,42006,3.4303421584e-12,2.1820967649e-12,6.4044299304e-13,0
1526,32209,42001,4.9516750078e-12,-3.1940052060e-12,-1.1709101940e-13,0
1526,32311,42011,4.8103681712e-12,-2.0538607685e-12,6.1387430528e-14,0
1527,35332,42007,4.1820071173e-12,3.2723381786e-12,2.7208437836e-13,0
1527,32209,42001,6.4723457174e-12,-3.4276495795e-12,-5.1258182861e-13,0
1527,32311,42011,3.9168862154e-12,-7.4601909700e-13,-3.6659790396e-13,0
1527,37006,42006,2.2598394205e-12,1.3443638179e-13,3.9268582610e-13,0
1527,16951,42001,4.5003242322e-12,-1.5403527409e-12,-3.0213577664e-13,0
1528,16951,42001,9.3189881405e-12,2.8300982394e-12,1.2779768032e-13,0
1528,37006,42006,4.9450487933e-12,-8.5559359770e-13,1.2875646654e-13,0
1528,32209,42001,4.3596725178e-12,3.4806985716e-12,-8.9707196886e-14,0
1528,35332,42007,6.0516497317e-12,1.9212555499e-13,-1.4193919637e-13,0
1528,32311,42011,2.7187946394e-12,4.7670873771e-13,-4.8520284553e-13,0
1529,32209,42001,7.1577920185e-12,-2.6444982014e-12,-5.2347904601e-13,0
1529,32311,42011,3.9903080161e-12,3.9883438464e-12,-7.5411059790e-16,0
1529,35332,42007,5.4254704375e-12,4.7712088988e-12,5.4359206838e-13,0
1529,37006,42006,3.9859137431e-12,-8.5961423991e-13,4.3006991192e-13,0
1529,16951,42001,2.6328991587e-12,-2.2281924586e-12,-2.2669785127e-13,0
1530,35332,42007,5.8168535365e-12,-5.4029300369e-12,-4.7237239650e-14,0
1530,37006,42006,3.1022907244e-12,8.9099108557e-13,2.9271940127e-13,0
1530,16951,42001,4.4722170731e-12,-2.2575686445e-12,3.2458977899e-14,0
1530,32209,42001,4.9193548623e-12,-1.4926459512e-12,-6.1122515189e-13,0
1530,32311,42011,3.8750844088e-12,-3.4701438822e-12,-8.5515471439e-13,0
1531,32209,42001,2.6025156432e-12,1.7702471291e-12,-8.4775946835e-13,0
1531,32311,42011,8.4081636030e-12,8.0769690841e-12,2.1414278844e-13,0
1531,35332,42007,2.7786822529e-12,5.2569182623e-13,2.9865394262e-13,0
1531,16951,42001,3.7049591306e-12,-1.6407880042e-13,-5.1708627850e-13,0
1531,37006,42006,2.8369000015e-12,-6.6749565412e-13,-4.3566739845e-16,0
1532,37006,42006,3.4712902335e-12,2.5060618450e-12,6.7455996241e-13,0
1532,32209,42001,3.0600561531e-12,7.2949312162e-13,-7.5003761873e-13,0
1532,32311,42011,2.7749624641e-12,-6.1765009765e-13,2.8456633037e-13,0
1532,16951,42001,3.9433314137e-12,-2.8856368558e-12,-6.9265305145e-13,0
1532,35332,42007,5.7075956747e-12,7.2403607298e-13,5.7994581637e-13,0
1533,32209,42001,3.6744174529e-12,-2.7813978213e-12,-9.8793388134e-13,0
1533,32311,42011,3.9457214953e-12,1.3627605461e-12,5.1978916767e-13,0
1533,35332,42007,9.4258052679e-12,7.9360490084e-12,1.4190415732e-12,0
1533,37006,42006,4.5785646432e-12,9.4390486668e-14,4.2647699649e-13,0
1533,16951,42001,4.8626821129e-12,-4.1448137845e-12,-1.3154652857e-12,0
1534,37006,42006,2.3254630129e-12,3.4099529829e-13,2.1797744404e-13,0
1534,16951,42001,3.3143935430e-12,2.8698219124e-12,-8.8661460507e-13,0
1534,35332,42007,1.0683133366e-11,-8.0785960066e-12,-7.1960787310e-15,0
1534,32209,42001,5.7645720867e-12,-3.6086526180e-12,-1.4242710079e-12,0
1534,32311,42011,3.5689042176e-12,-3.2252098888e-12,2.4794974406e-13,0
1535,37006,42006,2.1662350900e-12,-1.6994953912e-13,3.5963188314e-13,0
1535,35332,42007,3.9613966783e-12,-1.8142898205e-12,4.0630266788e-13,0
1535,16951,42001,2.1349177203e-12,1.6547865795e-13,-9.8039488245e-13,0
1535,32209,42001,2.1081990172e-12,-1.3232152305e-12,-1.2491625786e-12,0
1535,32311,42011,1.4310383168e-12,1.9021207364e-13,3.9821105539e-13,0
1536,32209,42001,7.0429811267e-12,-6.8930905660e-12,-1.6190711146e-12,0
1536,32311,42011,3.4429676190e-12,2.0513373220e-12,8.0873086443e-13,0
1536,37006,42006,4.5730244375e-12,-4.1067993340e-12,-2.6925772675e-13,0
1536,35332,42007,5.7350840808e-12,-5.1011490531e-12,-2.9755153771e-13,0
1536,16951,42001,4.7684530677e-12,-1.5417517764e-13,-7.5094196525e-13,0
1537,32209,42001,3.2081985773e-12,-2.3379587921e-12,-1.5101020358e-12,0
1537,32311,42011,1.8762246407e-12,6.8272844943e-13,9.5160561907e-13,0
1537,37006,42006,3.5723232908e-12,2.4541065267e-12,-3.7290712258e-14,0
1537,35332,42007,6.6809297203e-12,-1.6736181292e-12,-7.9214716848e-13,0
1537,16951,42001,3.9408043616e-12,-2.5218268486e-12,-8.4908937601e-13,0
1538,37006,42006,7.2091089871e-12,-1.1685254163e-12,-6.8583894122e-14,0
1538,16951,42001,1.0011771690e-11,4.0584082606e-12,-7.2625837389e-13,0
1538,32209,42001,6.3885781516e-12,-1.7954392218e-12,-2.0377158152e-12,0
1538,32311,42011,5.8031836091e-12,1.3037107289e-12,1.0343058182e-12,0
1538,35332,42007,5.2562528533e-12,-2.6035753848e-12,-1.0717172625e-12,0
1539,35332,42007,3.3904127922e-12,-3.0491115118e-12,-1.8537493035e-12,0
1539,32209,42001,6.4744500131e-12,-1.1606698419e-12,-1.8893329792e-12,0
1539,37006,42006,4.0976367716e-12,3.2112231495e-13,4.9489761364e-14,0
1539,32311,42011,2.4095768918e-12,2.2595828556e-12,8.6142971911e-13,0
1539,16951,42001,1.4313245772e-12,-9.6963325244e-13,-6.0040245328e-13,0
1540,37006,42006,8.0946717319e-12,-2.2118744870e-12,-2.6079679589e-13,0
1540,16951,42001,5.1287263350e-12,3.1713827088e-12,-5.7507317945e-14,0
1540,32209,42001,5.5196227177e-12,3.2894463213e-12,-1.4111237520e-12,0
1540,32311,42011,4.7550848175e-12,-2.7570927922e-12,9.3273482812e-13,0
1540,35332,42007,3.7968086293e-12,-3.3439139986e-12,-1.6478476997e-12,0
1541,35332,42007,4.6806591223e-12,-1.9595852939e-12,-1.8963754117e-12,0
1541,32209,42001,2.6522771220e-12,-2.2403039201e-12,-1.8121788569e-12,0
1541,37006,42006,3.9801571052e-12,2.9123944791e-13,-1.6492328569e-13,0
1541,32311,42011,9.6905230817e-12,6.6307885668e-12,7.8811677638e-13,0
1541,16951,42001,5.8488632933e-12,-1.3066080882e-14,-4.2406045992e-14,0
1542,16951,42001,2.7402617114e-12,2.2538372469e-12,4.7154136427e-13,0
1542,37006,42006,3.3302291558e-12,-1.3862954919e-12,-5.5415901938e-13,0
1542,32209,42001,2.8474795447e-12,1.0056289301e-12,-1.7845652760e-12,0
1542,32311,42011,4.7964084049e-12,2.9371148632e-12,1.1435932725e-12,0
1542,35332,42007,4.3042848259e-12,3.3461730964e-12,-1.6341617094e-12,0
1543,32209,42001,3.9454943166e-12,1.2737693059e-12,-1.3790485633e-12,0
1543,32311,42011,5.1749286823e-12,4.6197972640e-12,1.4692969443e-12,0
1543,37006,42006,5.8776517631e-12,-2.3195325411e-12,-7.9555132216e-13,0
1543,35332,42007,2.4749276516e-12,-1.1854130970e-13,-2.4396207412e-12,0
1543,16951,42001,6.1582628028e-12,5.0899550927e-12,1.3950182520e-12,0
1544,37006,42006,4.1071600201e-12,-3.1048618507e-12,-1.1401370371e-12,0
1544,32209,42001,5.8903644693e-12,-4.1161326541e-12,-1.4297965669e-12,0
1544,32311,42011,7.8335131735e-12,6.6825532878e-12,2.4600732619e-12,0
1544,35332,42007,6.0672169842e-12,-5.7630709625e-12,-2.2080682368e-12,0
1544,16951,42001,4.3450403574e-12,8.1960268454e-13,1.1899963292e-12,0
1545,32209,42001,5.6640838679e-12,-2.5572988875e-12,-1.5532049326e-12,0
1545,32311,42011,1.9885420874e-12,4.9429348606e-13,2.4904814032e-12,0
1545,16951,42001,3.6440272684e-12,2.2907078013e-12,1.4025192435e-12,0
1545,37006,42006,5.2470195121e-12,2.2241724837e-12,-9.0072483478e-13,0
1545,35332,42007,5.7576684163e-12,1.8349884550e-12,-1.8431404092e-12,0
1546,37006,42006,2.4543084787e-12,-6.7767333771e-13,-5.5781223514e-13,0
1546,35332,42007,6.0697620031e-12,-3.6294364365e-12,-1.6959691476e-12,0
1546,32209,42001,4.8473142600e-12,-4.5641597001e-12,-1.3203118460e-12,0
1546,16951,42001,1.9722747938e-12,1.0028601191e-12,1.5182227732e-12,0
1546,32311,42011,3.3982233181e-12,2.5735918267e-12,2.5427068536e-12,0
1547,37006,42006,3.8726437148e-12,2.6125369977e-12,-5.4196918805e-13,0
1547,32209,42001,6.5156456041e-12,-1.2009960383e-12,-1.2066155707e-12,0
1547,32311,42011,2.9473919451e-12,2.3590696886e-12,2.7103409776e-12,0
1547,16951,42001,4.2266434349e-12,-1.4255933547e-12,1.6278461226e-12,0
1547,35332,42007,4.4121609768e-12,1.9650041983e-12,-1.3321069148e-12,0
1548,35332,42007,6.0813800935e-12,-5.0552128166e-12,-1.5772706580e-12,0
1548,16951,42001,3.4236371019e-12,-2.6763538927e-12,9.5436990726e-13,0
1548,37006,42006,3.4651321808e-12,3.2905552852e-12,-9.6061117893e-14,0
1548,32209,42001,6.1633358650e-12,3.5593987607e-12,-6.7113177241e-13,0
1548,32311,42011,2.7396350807e-12,-2.2005901544e-12,2.3599108892e-12,0
1549,37006,42006,5.1906708895e-12,7.4845456834e-13,-5.3327892554e-14,0
1549,34222,42006,5.7372446577e-12,-1.9562869080e-16,-1.9562869080e-17,0
1549,35332,42007,4.6601956521e-12,2.3783273172e-12,-1.0345267751e-12,0
1549,16951,42001,6.6530890125e-12,-5.6604513146e-12,4.8528810105e-13,0
1549,32209,42001,1.1812815555e-12,1.0489324530e-12,-4.5017154292e-13,0
1549,32311,42011,3.5713214085e-12,-4.4102396298e-13,2.0898502074e-12,0
1550,34222,42006,2.1082961491e-12,1.0557013411e-12,1.0555057124e-13,0
1550,35332,42007,2.1380476130e-12,-1.3025623202e-12,-8.3039160725e-13,0
1550,16951,42001,3.5844073964e-12,2.8697025416e-12,4.5512008433e-13,0
1550,32209,42001,4.5616811594e-12,-2.4080013098e-12,-1.0199163060e-12,0
1550,32311,42011,3.6708539210e-12,2.2806937031e-12,2.5936288569e-12,0
1550,37006,42006,4.2193642206e-12,2.3738184468e-12,4.0524140083e-13,0
1551,32209,42001,2.4491302349e-12,-5.7221994104e-13,-8.5310790812e-13,0
1551,34222,42006,8.0079035881e-12,1.1506847915e-12,2.2061905039e-13,0
1551,37006,42006,4.4018904801e-12,1.0363353046e-12,4.7975098650e-13,0
1551,32311,42011,3.6563376083e-12,-3.3542262275e-12,1.5951273775e-12,0
1551,35332,42007,5.0011588697e-12,-3.0270277687e-12,-9.3713585474e-13,0
1551,16951,42001,3.3536963875e-12,-2.6581759013e-12,1.9060910229e-13,0
1552,34222,42006,3.8879215123e-12,-2.5081194679e-12,-3.0192896395e-14,0
1552,32209,42001,7.0120985293e-12,-2.3054295980e-12,-1.1842137609e-12,0
1552,32311,42011,3.8623003425e-12,1.2678164967e-12,1.4281975408e-12,0
1552,35332,42007,4.4242428492e-12,-8.2484156437e-13,-1.3542373208e-12,0
1552,37006,42006,3.4655313745e-12,-1.8717249015e-12,4.3120804554e-13,0
1552,16951,42001,5.3153216620e-12,3.7628550153e-12,3.4151087914e-13,0
1553,37006,42006,9.3054100020e-13,1.2928704473e-14,6.6445417010e-13,0
1553,32209,42001,4.5960538881e-12,-4.0001333028e-12,-1.7116040218e-12,0
1553,16951,42001,3.3813023344e-12,-3.3423928604e-12,-5.0172391618e-13,0
1553,32311,42011,5.4804418938e-12,-3.7100323197e-12,5.9521458245e-13,0
1553,34222,42006,4.6904081663e-12,9.5089618356e-13,6.4896721961e-14,0
1553,35332,42007,3.9036635757e-12,4.7058225657e-13,-1.2953249642e-12,0
1554,34222,42006,6.4248569748e-12,-1.7475098103e-12,-1.0985425907e-13,0
1554,37006,42006,2.7351523875e-12,-6.2222600586e-13,9.1271775458e-13,0
1554,35332,42007,1.9796329304e-12,-1.1778713952e-12,-8.3680500745e-13,0
1554,32209,42001,5.5141821656e-12,2.9494558244e-12,-1.0050451739e-12,0
1554,32311,42011,7.8863451244e-12,6.1734056610e-12,5.4429981977e-13,0
1554,16951,42001,7.9501666656e-12,4.9569139230e-12,-8.7992792330e-14,0
1555,37006,42006,6.9389943582e-12,5.4088913352e-12,1.2311896397e-12,0
1555,16951,42001,5.6721071276e-13,5.2203498530e-13,-2.6486007393e-13,0
1555,34222,42006,3.9922270560e-12,3.8306923240e-12,2.7321497333e-13,0
1555,32209,42001,6.7663595847e-12,-6.7021230275e-12,-1.4195275879e-12,0
1555,32311,42011,5.8880233611e-12,1.9631611297e-13,5.1450208246e-13,0
1555,35332,42007,6.1156145736e-12,-5.6896838768e-12,-1.5892722406e-12,0
1556,34222,42006,5.6995604626e-12,-5.5015134598e-12,-2.7693637265e-13,0
1556,32209,42001,5.5465610475e-12,1.1525796554e-12,-8.4785365239e-13,0
1556,32311,42011,1.4839550949e-12,-3.2456346652e-15,2.5681833632e-13,0
1556,35332,42007,4.9379865376e-12,2.6146346495e-12,-9.6486513203e-13,0
1556,16951,42001,5.8275516962e-12,5.1774145337e-12,1.5259536753e-13,0
1556,37006,42006,5.9276445361e-12,9.3951636366e-14,1.3083521371e-12,0
1557,37006,42006,4.8666979724e-12,4.3898412161e-12,1.4860825590e-12,0
1557,32209,42001,8.7803284245e-12,6.9850247925e-12,-2.9251569310e-14,0
1557,32311,42011,6.1476972980e-12,2.8146517833e-12,3.0237654579e-13,0
1557,34222,42006,6.8078339056e-12,6.7576037396e-12,3.9882400131e-13,0
1557,16951,42001,4.9131431575e-12,8.6900880190e-14,3.0384479102e-13,0
1557,35332,42007,7.1454203061e-12,-3.8867070121e-13,-1.2002326220e-12,0
1558,34222,42006,4.4975972910e-12,-3.5350997891e-12,4.5314022398e-14,0
1558,37006,42006,9.4445212138e-12,-8.9264816880e-12,2.6437886167e-13,0
1558,16951,42001,7.0895732470e-12,-1.5501300747e-12,4.1646717282e-13,0
1558,32209,42001,4.6701010638e-12,-1.1135452735e-12,-4.9654597272e-13,0
1558,32311,42011,5.1081045442e-12,-1.1195174395e-12,4.1048381729e-13,0
1558,35332,42007,5.2533109488e-12,3.4725591198e-12,-3.4745542834e-13,0
1559,37006,42006,1.4675991756e-12,8.8332363796e-13,2.7786576863e-13,0
1559,34222,42006,6.2178352964e-12,5.7947778528e-12,6.2481137054e-13,0
1559,35332,42007,7.2861971961e-12,-1.1602337338e-12,-7.0131153344e-13,0
1559,32209,42001,1.7593656809e-12,-1.6499430478e-12,-7.6643352280e-13,0
1559,32311,42011,3.7148665091e-12,6.4732853549e-13,5.1931906713e-13,0
1559,16951,42001,6.9901514551e-12,5.3036763283e-12,1.5128799371e-12,0
1560,32209,42001,4.2936891025e-12,-3.8503472138e-12,-9.1066811320e-13,0
1560,32311,42011,5.3059890329e-12,2.8793377766e-12,5.7918347448e-13,0
1560,37006,42006,5.2360224429e-12,4.3969174441e-12,4.8017566836e-13,0
1560,34222,42006,1.2126579950e-11,1.1686261483e-11,1.6878673847e-12,1
1560,16951,42001,2.2575721561e-12,1.3427590767e-14,1.2272524420e-12,0
1560,35332,42007,3.2355103771e-12,-1.7496429092e-12,-7.4601959234e-13,0
1561,37006,42006,4.7374662789e-12,-1.2609052251e-13,3.6393308565e-13,0
1561,16951,42001,4.0565493356e-12,-1.1033768846e-12,1.3827323437e-12,0
1561,34222,42006,6.1266647078e-13,4.4730079055e-16,4.4730079055e-17,0
1561,35332,42007,5.0588605694e-12,-3.1695817493e-12,-7.6027499039e-13,0
1561,32209,42001,1.4838927687e-12,-5.8983509985e-13,-9.1242962908e-13,0
1561,32311,42011,7.1948279879e-12,6.8368690699e-12,1.5982930042e-12,0
1562,32209,42001,4.2561181813e-12,3.9887246904e-12,-2.8301420024e-13,0
1562,34222,42006,3.4223905572e-12,2.5784727093e-12,2.5789200101e-13,0
1562,32311,42011,4.8502812197e-12,8.3457791713e-13,1.5549691463e-12,0
1562,35332,42007,2.5831933852e-12,2.0454291623e-12,-4.7324791772e-13,0
1562,37006,42006,6.0591369819e-12,3.0326948364e-12,8.5437505944e-13,0
1562,16951,42001,2.9826250395e-12,-5.3439499148e-13,9.5300734301e-13,0
1563,16951,42001,9.3351891451e-12,-7.1892103215e-12,5.6832559690e-13,0
1563,37006,42006,2.9243735119e-12,1.4431281383e-12,9.9739500282e-13,0
1563,34222,42006,1.3280260466e-12,1.0125859882e-12,3.5915059984e-13,0
1563,35332,42007,2.2380425883e-12,2.0710622316e-12,-3.1319992022e-13,0
1563,32209,42001,7.6935013227e-12,-3.7180587318e-12,-2.5480674314e-13,0
1563,32311,42011,4.1910198440e-12,-1.0763939210e-12,1.8183329861e-12,0
1564,32209,42001,6.6331730905e-12,1.7468144906e-12,-3.7507087652e-13,0
1564,32311,42011,4.5141401137e-12,3.4280226513e-12,1.5437946852e-12,0
1564,34222,42006,6.9333518500e-12,6.4776163438e-12,1.0069122342e-12,0
1564,37006,42006,7.6424815761e-12,7.3705647682e-12,1.7966740802e-12,0
1564,35332,42007,5.1078911976e-12,-5.8012945040e-13,-2.5342572574e-13,0
1564,16951,42001,4.9173039469e-12,4.0207578747e-12,4.7470999207e-13,0
1565,37006,42006,6.8635575879e-12,4.0548967339e-12,1.6612746201e-12,0
1565,16951,42001,5.7129366123e-12,1.2776539391e-12,5.5027188745e-13,0
1565,34222,42006,3.7318945913e-12,1.5217086920e-13,1.0221293211e-12,0
1565,32209,42001,1.3173429375e-11,4.0497203408e-12,7.0011346030e-13,1
1565,35332,42007,2.0144679743e-12,4.9146620904e-13,3.6468928284e-13,0
1565,32311,42011,2.5022728295e-12,-2.2467415554e-12,1.2994889183e-12,0
1566,32209,42001,1.4159915728e-12,-2.5171817662e-16,-2.5171817662e-17,0
1566,34222,42006,2.0440724305e-12,1.2529593453e-12,1.1474252557e-12,0
1566,32311,42011,4.2048229841e-12,1.1566156513e-12,1.4154750469e-12,0
1566,37006,42006,2.5229880276e-12,2.4651107449e-12,1.8983905309e-12,0
1566,16951,42001,8.7691170485e-12,-4.1171448858e-12,-3.7918405449e-13,0
1566,35332,42007,4.7715354869e-12,-3.5827296205e-12,-2.5504714417e-13,0
1567,34222,42006,8.5194102317e-12,3.3030026507e-13,1.1804552822e-12,0
1567,16951,42001,4.5598264032e-12,2.7262480734e-12,-1.1524933517e-13,0
1567,35332,42007,3.6429572789e-12,3.2819154671e-12,1.1201147266e-13,0
1567,32209,42001,2.3664570515e-12,1.8725418724e-12,1.8722901542e-13,0
1567,37006,42006,3.3150806134e-12,-1.7339065190e-12,1.2860157574e-12,0
1567,32311,42011,3.3178847166e-12,1.7144847198e-12,1.3054583406e-12,0
1568,37006,42006,4.2665424122e-12,3.4861684522e-12,2.5272807714e-12,0
1568,32209,42001,5.5938458688e-12,-3.9158775422e-12,-2.0435873880e-13,0
1568,32311,42011,7.0444683613e-12,-5.6114998566e-12,8.5626009886e-13,0
1568,34222,42006,3.4500003260e-12,2.9781276303e-12,1.4782680452e-12,0
1568,16951,42001,1.1118106854e-12,8.2623595296e-13,1.2238726759e-13,0
1568,35332,42007,4.3630677314e-12,-2.4478996584e-12,-4.8003440516e-13,0
1569,16951,42001,4.1356957423e-12,1.0357002360e-12,-3.0441034164e-13,0
1569,34222,42006,4.6816008234e-12,2.0895465858e-12,1.6872227038e-12,0
1569,32209,42001,5.3229381857e-12,3.1052014204e-12,1.0616140324e-13,0
1569,32311,42011,5.2000745458e-12,4.2920925944e-12,1.2207365047e-12,0
1569,35332,42007,6.5047248903e-12,5.1875417369e-12,1.5474314192e-13,0
1569,37006,42006,3.7890645798e-12,-3.1136966137e-13,2.4078114415e-12,0
1570,37006,42006,4.8369131740e-12,3.1470223907e-12,2.2828219362e-12,0
1570,34222,42006,4.6461812683e-12,3.9144693170e-12,2.0786696355e-12,0
1570,32209,42001,2.0208180499e-12,-1.9430550411e-12,-8.8144100875e-14,0
1570,32311,42011,4.7480481920e-12,-9.5266247288e-13,8.3753647980e-13,0
1570,35332,42007,2.8503704375e-12,-6.0960450759e-13,2.6874698208e-13,0
1570,16951,42001,5.5273487455e-12,-2.9866174195e-12,-6.0441484267e-13,0
1571,32209,42001,3.0257684877e-12,7.6262272804e-13,-1.1881828071e-14,0
1571,32311,42011,6.0712139669e-12,4.8173098402e-12,6.3558055682e-13,0
1571,37006,42006,3.5498759638e-12,7.6766891532e-13,2.3721978800e-12,0
1571,16951,42001,7.3466616627e-12,6.0439596806e-12,1.1031881385e-13,0
1571,34222,42006,4.8095437035e-12,-2.4744526810e-12,1.8311796373e-12,0
1571,35332,42007,5.3653789201e-12,-2.1913964462e-12,3.6656551238e-13,0
1572,37006,42006,8.3299359187e-12,7.6706743264e-12,2.8359958290e-12,0
1572,34222,42006,2.4809746726e-12,1.9815470326e-12,1.7714870696e-12,0
1572,32209,42001,4.9301117413e-12,-3.5043560746e-12,-3.6231743553e-13,0
1572,32311,42011,6.3087608618e-12,3.6540894227e-12,9.1753170738e-13,0
1572,35332,42007,4.9286496638e-12,-2.6635307723e-12,-1.0433048107e-13,0
1572,16951,42001,5.2741454381e-12,-1.8128743065e-12,-1.7529117652e-14,0
1573,34222,42006,2.7710240049e-12,1.3907743448e-12,1.8093059053e-12,0
1573,32209,42001,3.7231575279e-12,1.3542333116e-12,-2.2689410437e-13,0
1573,32311,42011,3.9174727093e-12,2.2317952949e-13,1.0474890524e-12,0
1573,16951,42001,4.8136958303e-12,7.5927387521e-13,7.7731930202e-13,0
1573,35332,42007,4.6093049325e-12,-4.2919962518e-12,-7.4063632941e-13,0
1573,37006,42006,8.9576850077e-12,-4.4518786053e-13,2.6471642291e-12,0
1573,29524,42011,3.8089426110e-12,1.2300440578e-16,1.2300440578e-17,0
1574,16951,42001,1.2804473842e-12,-2.5345540043e-13,3.4989797451e-13,0
1574,29524,42011,3.4384632292e-12,-1.5653011011e-13,-1.5640710571e-14,0
1574,37006,42006,3.8798340631e-12,1.2437098758e-12,2.0344787398e-12,0
1574,34222,42006,8.8044872270e-12,6.4314513262e-12,1.8046894035e-12,0
1574,35332,42007,1.9099181509e-12,1.2589924756e-12,-5.5672413681e-13,0
1574,32209,42001,2.5236246406e-12,1.2767675682e-12,-9.9217347553e-14,0
1574,32311,42011,5.8084644727e-12,6.9179467349e-13,7.7386625464e-13,0
1575,34222,42006,3.7796262940e-12,-1.9278794157e-12,1.5966843750e-12,0
1575,37006,42006,3.8719665354e-12,-2.1221249876e-12,1.4167765677e-12,0
1575,35332,42007,3.6260377910e-12,2.3857336353e-12,-3.6729739418e-13,0
1575,29524,42011,4.7377401358e-12,4.3311246351e-12,4.1747175293e-13,0
1575,32209,42001,2.8797212526e-12,3.4254217698e-13,-6.4963129854e-14,0
1575,32311,42011,6.2309369723e-12,1.1215757630e-12,1.1106979865e-12,0
1575,16951,42001,1.6594311496e-12,1.0303096273e-12,3.2516354333e-13,0
1576,16951,42001,4.0270119111e-12,-3.8877331581e-13,6.9800070032e-13,0
1576,32209,42001,5.5045540984e-12,-3.7764609690e-12,-4.4258405494e-13,0
1576,32311,42011,6.5230354764e-12,3.2292746798e-12,1.3179638893e-12,0
1576,29524,42011,7.1655523725e-12,6.9676390121e-13,4.8714814306e-13,0
1576,37006,42006,4.7214169905e-12,4.2011331153e-12,1.5903788047e-12,0
1576,34222,42006,6.6054701348e-12,3.9058746171e-12,1.8619759022e-12,0
1576,35332,42007,3.9960883749e-12,3.7106513025e-12,3.6204069812e-13,0
1577,16951,42001,2.4530311475e-12,9.8107926097e-13,5.2348381908e-13,0
1577,37006,42006,4.5101772559e-12,-3.7741379989e-12,1.3863556567e-12,0
1577,29524,42011,6.4656784268e-12,-3.9722923174e-12,8.9918911317e-14,0
1577,34222,42006,1.9603098965e-12,-1.5664385136e-12,1.6723020244e-12,0
1577,35332,42007,5.8413243813e-12,-2.6797151889e-12,-2.3412236748e-13,0
1577,32209,42001,7.5250509903e-12,-2.4508897894e-12,-8.7492722111e-13,0
1577,32311,42011,8.7071572472e-12,-8.6718226373e-12,2.7933315362e-13,0
1578,34222,42006,2.5950926903e-12,1.9110365384e-12,1.5655929152e-12,0
1578,16951,42001,5.8770372931e-12,4.6562863878e-12,9.0648886256e-13,0
1578,37006,42006,4.0628920867e-12,3.0975667323e-12,1.3474954847e-12,0
1578,32209,42001,4.7295194915e-12,-1.0840421819e-12,-5.9174368508e-13,0
1578,32311,42011,9.6736370360e-12,6.0823483178e-12,1.4487179711e-12,0
1578,35332,42007,4.4471921510e-12,2.9640331524e-12,3.0707091360e-13,0
1578,29524,42011,3.7752610887e-12,2.3175934930e-12,3.2167826061e-13,0
1579,37006,42006,5.1656577950e-12,-4.0257292755e-12,9.7605952333e-13,0
1579,34222,42006,4.0405110082e-12,2.4597963841e-13,1.3812362204e-12,0
1579,29524,42011,8.8415397552e-12,-6.7937084126e-12,-3.5769258065e-13,0
1579,32209,42001,4.3439672169e-12,-3.3181608260e-12,-1.2340799097e-12,0
1579,32311,42011,8.7472957277e-12,-6.3292700237e-12,3.8658170925e-13,0
1579,35332,42007,1.5943365960e-12,-1.1215967315e-12,-3.2384293324e-13,0
1579,16951,42001,3.7055580760e-12,-3.6924091675e-12,4.3367792222e-13,0
1580,16951,42001,6.4548704640e-12,1.2725682424e-12,8.5959648841e-13,0
1580,32209,42001,2.2587605467e-12,2.0552956674e-12,-8.3424483886e-13,0
1580,32311,42011,9.5801578635e-12,6.8980459128e-12,1.1716525478e-12,0
1580,29524,42011,1.9682500220e-12,9.2652209029e-13,-2.6504037162e-13,0
1580,37006,42006,5.1580009777e-12,4.9820510104e-12,1.1595623853e-12,0
1580,34222,42006,2.7613034479e-12,1.1530522979e-12,1.1050945185e-12,0
1580,35332,42007,4.4173647921e-12,-5.8460195458e-14,-2.6872850203e-13,0
1581,16951,42001,4.1160429649e-12,4.7703725456e-13,3.0290424580e-13,0
1581,34222,42006,5.7169764141e-12,-4.9532487084e-12,8.5721491578e-13,0
1581,37006,42006,7.0029955754e-12,-6.8986927755e-12,3.9292621621e-13,0
1581,35332,42007,3.7326125370e-12,2.1583719164e-12,1.6624833423e-13,0
1581,29524,42011,1.2676615058e-11,-9.6934814662e-12,-1.2343885182e-12,1
1581,32209,42001,7.3503114487e-12,-5.7355886546e-12,-1.4840659771e-12,0
1581,32311,42011,9.2213468135e-13,4.2509127820e-13,7.3243069162e-13,0
1582,32209,42001,5.3590447869e-12,1.0948250918e-13,-1.1226821188e-12,0
1582,32311,42011,6.5866696910e-12,4.9174110338e-12,8.5876285273e-13,0
1582,37006,42006,7.3601199025e-12,4.3144926632e-12,5.7308049889e-14,0
1582,34222,42006,7.0916175935e-12,6.0118312625e-12,1.2602433388e-12,0
1582,35332,42007,4.3704119898e-12,9.5615687837e-13,5.2821709929e-13,0
1582,16951,42001,2.5456251628e-12,-2.0470875148e-14,4.8214458894e-13,0
1583,34222,42006,4.1680040552e-12,-3.1742939339e-12,8.0373651090e-13,0
1583,35332,42007,3.6299630946e-12,1.1485191128e-12,1.0722686358e-12,0
1583,32209,42001,3.7021158545e-12,-5.4592620343e-13,-1.3126980703e-12,0
1583,32311,42011,1.3133537728e-12,9.0016648469e-13,9.2646154825e-13,0
1583,37006,42006,4.0660503436e-12,-3.1999979930e-12,-2.1817296336e-13,0
1583,16951,42001,4.3310672228e-12,-3.7283470432e-12,3.3382497096e-14,0
1584,37006,42006,4.2459568374e-12,2.2032961870e-12,-1.2221433224e-13,0
1584,16951,42001,2.9932998606e-12,1.4221771262e-12,2.0094574976e-13,0
1584,32209,42001,2.6251044471e-12,2.5008692540e-12,-1.1902879017e-12,0
1584,34222,42006,6.5678597077e-12,-1.8511864234e-12,-2.4527264063e-14,0
1584,32311,42011,3.2282125539e-12,6.3720490129e-13,9.2100257103e-13,0
1584,35332,42007,4.3695355471e-12,1.3149150367e-12,1.0778608919e-12,0
1585,32209,42001,9.7954657995e-12,-1.5793734598e-12,-1.3824794654e-12,0
1585,32311,42011,1.9761078777e-12,-3.9648965242e-13,7.6919602949e-13,0
1585,16951,42001,5.7333598828e-12,7.4357880508e-13,1.7227266754e-13,0
1585,37006,42006,6.8745542065e-12,3.7490029922e-12,4.6489846574e-13,0
1585,34222,42006,9.4458699447e-12,-1.6144512819e-12,6.8155493099e-15,0
1585,35332,42007,2.8842888126e-12,-1.8555043942e-12,6.5373708891e-13,0
1586,34222,42006,1.0262637477e-11,-4.0745876887e-12,-7.9123068127e-13,0
1586,32209,42001,2.4436213755e-12,-2.0127847703e-12,-1.2061118455e-12,0
1586,32311,42011,5.8705899478e-12,5.6101554439e-12,1.0072841059e-12,0
1586,35332,42007,4.9980882441e-12,-3.0866199685e-12,-2.5990038193e-14,0
1586,16951,42001,7.8315740701e-12,3.3514185498e-12,5.4629185410e-13,0
1586,37006,42006,4.6549004693e-12,-4.4978860075e-12,-4.0500344654e-13,0
1587,16951,42001,4.4121588365e-12,4.4118215134e-12,8.8936607935e-13,0
1587,37006,42006,5.6592376046e-12,4.1537434730e-12,3.8778470065e-13,0
1587,34222,42006,8.1157619879e-12,7.4614348560e-12,1.1155665568e-13,0
1587,32209,42001,6.4694116522e-12,3.6531093123e-12,-5.9571193531e-13,0
1587,32311,42011,5.0640032578e-12,-4.9113487323e-12,1.3833314964e-12,0
1587,35332,42007,4.7497014908e-12,-1.1210511933e-12,1.2987636136e-13,0
1588,34222,42006,4.7205401689e-12,-2.1751705579e-12,-2.9706405394e-13,0
1588,32209,42001,6.9342908235e-12,-2.6882106877e-12,-7.5612878589e-13,0
1588,32311,42011,9.0258037213e-12,7.5405242662e-12,1.5291490913e-12,0
1588,35332,42007,7.6511505447e-12,-7.2725550054e-13,-2.3925250393e-13,0
1588,16951,42001,5.8147473667e-12,-3.7498381936e-12,4.8753621209e-14,0
1588,37006,42006,8.5679623198e-12,-7.3897575098e-12,-6.6094772356e-13,0
1589,37006,42006,5.8208154306e-12,3.9874181795e-12,1.4036702194e-13,0
1589,34222,42006,7.5572989399e-12,7.0370513006e-12,3.8204311228e-13,0
1589,32209,42001,9.3902988193e-13,-8.7866393486e-13,-5.1217909678e-13,0
1589,35332,42007,5.4448080741e-12,-2.8767237232e-12,-4.1476520310e-13,0
1589,32311,42011,4.4262524014e-12,1.8562015445e-12,2.3476962481e-12,0
1589,16951,42001,8.8775728705e-12,8.5914854619e-13,5.0390939257e-13,0
1590,16951,42001,3.3215652920e-12,-3.2482241259e-12,5.1830155744e-14,0
1590,32209,42001,5.6931997456e-12,-2.4531999493e-12,-9.6302865845e-13,0
1590,32311,42011,5.8526681572e-12,2.0525586318e-12,1.8631475200e-12,0
1590,34222,42006,4.2637780525e-12,-2.8538217610e-12,-1.8644293607e-14,0
1590,35332,42007,5.0167624442e-12,-3.2576527946e-12,-7.3468446302e-13,0
1590,37006,42006,9.7824598725e-12,-6.3460097565e-12,-9.9243905475e-13,0
1591,37006,42006,3.7498124926e-12,3.3401076560e-12,3.1440988398e-14,0
1591,34222,42006,5.5318562864e-12,9.4643798512e-13,5.7132437574e-13,0
1591,35332,42007,4.2233635711e-12,1.1846201802e-13,-9.3867545285e-13,0
1591,32209,42001,2.9562032631e-12,-7.6747948989e-13,-4.6621774198e-13,0
1591,32311,42011,6.5906275472e-12,4.8439562504e-12,2.3050340172e-12,0
1591,16951,42001,5.1787277048e-12,4.6782987464e-12,4.7195630492e-13,0
1592,32209,42001,5.4681651640e-12,-3.4750583325e-12,-8.2467182615e-13,0
1592,16951,42001,2.1854339746e-12,4.7414480905e-13,5.2141787334e-13,0
1592,32311,42011,7.1697303304e-12,-6.9231821663e-12,1.1209746972e-12,0
1592,34222,42006,5.0770847119e-12,2.5941480127e-12,2.2955605076e-13,0
1592,37006,42006,8.3461654885e-12,5.2608601754e-12,1.2607773961e-13,0
1592,35332,42007,4.5944365373e-12,9.3867988054e-13,-9.4042315264e-13,0
1593,34222,42006,5.6996345269e-12,-1.8612578661e-12,3.6085965755e-13,0
1593,35332,42007,6.3625029732e-12,-3.6579384982e-12,-1.4210689137e-12,0
1593,32209,42001,3.0417708790e-12,1.0060652993e-12,-6.6947267587e-13,0
1593,32311,42011,6.1112305669e-12,4.6449896879e-12,1.4954570175e-12,0
1593,37006,42006,4.7729920491e-12,-2.1656874493e-12,2.2950879399e-13,0
1593,16951,42001,8.2936045766e-12,6.0048127168e-12,1.4947338493e-12,0
1594,32209,42001,5.8204312659e-12,-3.8123904456e-12,-1.3007986458e-12,0
1594,16951,42001,1.2609065628e-12,-9.8003121906e-13,1.2545130148e-12,0
1594,32311,42011,4.2813090941e-12,1.6050072237e-13,1.4477865996e-12,0
1594,34222,42006,7.5978844911e-12,7.2276166430e-12,1.2687399642e-12,0
1594,37006,42006,5.6700557370e-12,5.1949292621e-12,5.2867210149e-13,0
1594,35332,42007,6.3723536689e-12,-4.0551047875e-12,-1.9580708961e-12,0
1595,34222,42006,2.8630116144e-12,-1.8695748077e-12,1.2432276116e-12,0
1595,35332,42007,5.3694563777e-12,4.3962333776e-12,-1.3328971190e-12,0
1595,32209,42001,3.0885720172e-12,-2.2449597605e-12,-1.3673572759e-12,0
1595,32311,42011,4.6025614310e-12,4.0657246421e-12,1.8940080291e-12,0
1595,16951,42001,4.5007502189e-12,2.4843688198e-12,1.4285920163e-12,0
1595,37006,42006,3.0518811174e-12,-3.0065626408e-12,-1.4688446180e-13,0
1596,37006,42006,6.1963467508e-12,4.9986973683e-12,8.0277387577e-13,0
1596,16951,42001,6.5297191287e-12,-5.8386694406e-12,5.0958321725e-13,1
1596,34222,42006,9.9715886391e-12,9.1326526221e-12,2.5639516427e-12,0
1596,32209,42001,5.0717713874e-12,-4.2842005989e-12,-1.5944988588e-12,0
1596,32311,42011,2.1522547194e-12,-8.2732889979e-13,1.2502595947e-12,0
1596,35332,42007,6.1889055754e-12,-2.6358962072e-12,-1.2878247428e-12,0
1597,32209,42001,4.3091592275e-12,4.2841016547e-12,-1.5313996245e-12,0
1597,32311,42011,7.4600088883e-12,3.9969766389e-12,2.1410921318e-12,0
1597,34222,42006,7.3627973144e-12,-3.7512000235e-12,1.4426881547e-12,0
1597,35332,42007,5.0048502807e-12,-3.7375126589e-12,-1.5494708894e-12,0
1597,16951,42001,5.0927329472e-12,1.3509713981e-17,1.3509713981e-18,0
1597,37006,42006,7.5422333495e-12,-5.8067211406e-12,-1.9327258558e-13,0
1598,37006,42006,6.3863433638e-12,6.2486382337e-12,1.1705669888e-12,0
1598,16951,42001,1.3559911272e-12,-3.0630542455e-13,-3.0629191483e-14,0
1598,34222,42006,5.4459404638e-12,5.2760479721e-12,2.1878100077e-12,0
1598,32209,42001,5.1254356429e-12,-4.0185697751e-13,-1.3027642535e-12,0
1598,32311,42011,8.8766167778e-13,1.0882047409e-13,1.3979217526e-12,0
1598,35332,42007,4.2603549759e-12,-2.2347388524e-12,-1.7002192246e-12,0
1599,32209,42001,6.9559438961e-12,-3.1315692435e-12,-1.5280547844e-12,0
1599,32311,42011,4.1654824256e-12,1.4835986980e-12,1.3606614679e-12,0
1599,37006,42006,8.0257604157e-12,-5.5784680963e-12,2.1397836119e-13,0
1599,34222,42006,1.1095246799e-11,-8.6983121821e-12,6.1427365947e-13,0
1599,16951,42001,2.7926827424e-12,1.2120283433e-12,9.0573642849e-14,0
1599,35332,42007,6.2302283666e-12,3.8300860130e-12,-1.0295382510e-12,0
1600,16951,42001,4.8300217748e-12,3.2959516070e-12,4.2016880355e-13,0
1600,34222,42006,6.7878845141e-12,6.5416256621e-12,1.5538184018e-12,0
1600,35332,42007,4.3393286978e-12,-4.3169392451e-12,-1.1354668960e-12,0
1600,32209,42001,3.8279447635e-12,-6.4457107477e-13,-1.3471918969e-12,0
1600,32311,42011,4.5648919674e-12,-3.1086566752e-12,8.4453993724e-13,0
1600,37006,42006,4.5168587250e-12,4.1216687704e-12,1.2607462139e-12,0
1601,16951,42001,8.4481819215e-12,7.2673294277e-12,1.1469017463e-12,0
1601,37006,42006,2.9650193255e-12,-2.3578397103e-12,6.9095147725e-13,0
1601,12631,42011,3.5988352108e-12,2.8831407180e-16,2.8831407180e-17,0
1601,34222,42006,3.7484425783e-12,-2.8973984455e-12,1.1694347587e-12,0
1601,32209,42001,4.9533731136e-12,-9.3284456836e-13,-1.3637284048e-12,0
1601,32311,42011,4.2091261501e-12,1.9325061854e-12,5.5339493074e-13,0
1601,35332,42007,6.0340077511e-12,2.2723553495e-12,-9.2007756287e-13,0
1602,12631,42011,3.9733621989e-12,2.4656841316e-12,2.4659724456e-13,0
1602,34222,42006,7.3179101328e-12,2.0883493491e-13,9.3090345094e-13,0
1602,35332,42007,3.7832292649e-12,-1.8204336909e-12,-1.1959889200e-12,0
1602,32209,42001,4.6356311346e-12,-2.4122579738e-12,-1.2574483689e-12,0
1602,32311,42011,6.5721856502e-12,3.4164783425e-12,1.5873609816e-12,0
1602,37006,42006,1.4211554772e-12,-1.3993562168e-12,2.4929838033e-14,0
1602,16951,42001,2.8168172678e-12,6.8643904752e-13,1.2155456511e-12,0
1603,37006,42006,6.4475635465e-12,6.2915095711e-12,8.7064954008e-13,0
1603,16951,42001,4.3889986418e-12,3.7234482532e-12,1.5878904764e-12,0
1603,34222,42006,3.7538078032e-12,2.6678119325e-12,1.3838104308e-12,0
1603,32209,42001,5.7970284527e-12,-2.5486657810e-12,-1.6129214769e-12,0
1603,32311,42011,9.1578606062e-12,-2.1495433910e-12,9.0790767374e-13,0
1603,35332,42007,7.3742049316e-12,5.7643226757e-12,-2.5376280262e-13,0
1603,12631,42011,3.9561732993e-12,9.6109466232e-13,3.4270671079e-13,0
1604,34222,42006,5.4758842484e-12,-2.7088915064e-12,3.9015961585e-13,0
1604,35332,42007,3.8650866442e-12,-3.5447611098e-12,-2.0272843486e-13,0
1604,32209,42001,2.0806166258e-12,-6.2027805267e-13,-1.2937102376e-12,0
1604,32311,42011,2.7122796034e-12,-1.3135034783e-12,7.6050725367e-13,0
1604,12631,42011,2.5576835509e-12,-6.8224771898e-13,2.7448193890e-13,0
1604,16951,42001,2.3530656499e-12,1.5192496569e-12,1.7398154421e-12,0
1604,37006,42006,2.9126097840e-12,-1.6583115424e-12,1.8532545963e-13,0
1605,32209,42001,9.3641223100e-12,2.0879756172e-12,-8.6041669986e-13,0
1605,37006,42006,1.6956746263e-12,8.2252723734e-14,4.9420699608e-13,0
1605,32311,42011,4.3978903097e-12,3.6306730531e-12,7.1700209477e-13,0
1605,16951,42001,4.4868865453e-12,-3.3419921792e-12,1.4056162242e-12,0
1605,34222,42006,4.1410010522e-12,-3.0668613568e-13,5.4644848305e-13,0
1605,12631,42011,5.3497425174e-12,9.7036686201e-13,3.7151862510e-13,0
1605,35332,42007,2.8341981871e-12,1.4389855189e-12,-4.9845322072e-13,0
1606,34222,42006,9.6483464855e-12,2.5026952206e-12,-1.1654725710e-13,0
1606,32209,42001,5.2066877997e-12,6.6339372230e-13,-3.6565726774e-13,0
1606,32311,42011,5.3522758810e-12,4.6541327102e-14,8.0438911746e-13,0
1606,35332,42007,5.7220142639e-12,-1.9064822883e-12,-4.2551182883e-13,0
1606,12631,42011,4.3597908110e-12,1.1003851247e-12,4.8155713757e-13,0
1606,37006,42006,2.5821983254e-12,1.5521816674e-12,1.4955542599e-13,0
1606,16951,42001,3.7732050282e-12,6.8591603482e-15,1.4063021402e-12,0
1607,37006,42006,4.4902219723e-12,2.7744931599e-12,1.0076768560e-12,0
1607,16951,42001,7.5561164504e-12,6.0258237146e-12,2.0088831607e-12,0
1607,34222,42006,4.2658830467e-12,-2.1472326038e-12,4.3849484867e-14,0
1607,12631,42011,8.4766766596e-12,7.2811852828e-12,1.2096756658e-12,0
1607,35332,42007,1.1428232514e-12,8.1569297864e-14,-4.3603633151e-14,0
1607,32209,42001,5.5020333035e-12,1.6040772472e-12,-6.3365970849e-13,0
1607,32311,42011,4.6785841336e-12,2.8171781742e-12,6.8640927099e-13,0
1608,34222,42006,2.7530780399e-12,1.2484864881e-12,-3.5890666353e-13,0
1608,35332,42007,5.5538570972e-12,-1.6712949736e-13,1.6315730236e-13,0
1608,32209,42001,8.8883541265e-12,-3.9765707037e-12,-9.9113108111e-13,0
1608,32311,42011,3.7694028670e-12,-9.0729767908e-13,5.8479745567e-13,0
1608,16951,42001,3.3521580242e-12,6.5080472487e-14,2.0460217504e-12,0
1608,12631,42011,2.9772855496e-12,1.6410638870e-12,1.3737820545e-12,0
1608,37006,42006,6.2881286685e-12,-5.9903198120e-12,-2.1621894852e-13,0
1609,37006,42006,6.4347807204e-12,6.3632034346e-12,9.7794820457e-13,0
1609,32209,42001,7.8561673181e-13,1.4097158381e-13,-6.6387699838e-13,0
1609,32311,42011,3.0595666499e-12,2.6626756234e-12,7.0270514821e-13,0
1609,34222,42006,5.3762223269e-12,5.1720135389e-12,1.0281259086e-12,0
1609,16951,42001,6.8085556628e-12,4.8113040842e-12,2.4059493245e-12,0
1609,12631,42011,4.6041747383e-12,4.1273692115e-12,1.7865189757e-12,0
1609,35332,42007,3.8251904379e-12,-2.2729725533e-12,-4.4714855427e-13,0
1610,16951,42001,6.9732242748e-12,-1.5128339004e-12,1.9250707737e-12,0
1610,12631,42011,2.2908151813e-12,-1.6833695565e-12,1.6181820200e-12,0
1610,32209,42001,6.4303737496e-12,-2.4345359157e-12,-8.4287348247e-13,0
1610,37006,42006,4.0167474202e-12,2.7984298528e-13,5.9376562605e-13,0
1610,32311,42011,7.3478685387e-12,-4.1001638694e-12,6.0355442879e-13,0
1610,34222,42006,3.7125164234e-12,2.4506976434e-12,6.1903310670e-13,0
1610,35332,42007,6.9044679809e-12,3.1786591743e-12,3.0241128766e-13,0
1611,32209,42001,6.5765929916e-12,2.0558350851e-12,-5.4400551713e-13,0
1611,32311,42011,5.9123368018e-12,-8.0125412980e-13,3.3017839726e-13,0
1611,37006,42006,4.1957715247e-12,-3.0674690023e-13,7.9887490706e-13,0
1611,34222,42006,4.5299534514e-12,1.6895756805e-12,1.0777305193e-12,0
1611,35332,42007,1.0440389145e-11,-8.0487651252e-12,-7.2970075981e-13,0
1611,12631,42011,3.3272371727e-12,-2.6073446033e-12,1.3574187283e-12,0
1611,16951,42001,5.8281150741e-12,2.9825579926e-12,1.4965936302e-12,0
1612,16951,42001,3.1650454558e-12,8.5937534118e-14,1.4365434789e-12,0
1612,37006,42006,6.5495261016e-12,1.8420210270e-12,1.1230126314e-12,0
1612,32209,42001,6.7232457978e-12,-1.9711568591e-12,-4.9989540565e-13,0
1612,32311,42011,6.8578959467e-12,5.3052205260e-12,5.1905261561e-13,0
1612,34222,42006,4.0190857011e-12,-4.5689158621e-13,1.0111578672e-12,0
1612,35332,42007,2.5285684853e-12,2.0245962481e-12,-3.4519776592e-13,0
1612,12631,42011,6.3573933096e-12,4.9217538365e-12,1.6030256988e-12,0
1613,32209,42001,6.1353696496e-12,-3.6041194888e-12,-6.0544077643e-13,0
1613,12631,42011,6.1163811186e-12,-2.1547705850e-12,1.2914391741e-12,0
1613,32311,42011,7.8220041904e-12,-5.9344342273e-12,1.4056353199e-13,0
1613,34222,42006,4.3503959186e-12,8.8690527090e-13,8.3306720103e-13,0
1613,37006,42006,4.8721743005e-12,4.6191845498e-12,9.5578012931e-13,0
1613,35332,42007,4.8825026510e-12,-3.3214005524e-12,-1.2537700887e-12,0
1613,16951,42001,4.6394039231e-12,3.5575512215e-12,1.4199537757e-12,0
1614,37006,42006,2.0359410638e-12,3.9241996765e-13,1.1608532803e-12,0
1614,34222,42006,4.2360815696e-12,3.7797927676e-12,1.4819356284e-12,0
1614,35332,42007,2.4682103664e-12,-1.6476793198e-12,-1.0640619097e-12,0
1614,16951,42001,5.3605592413e-12,-2.3739824230e-12,1.0306305677e-12,0
1614,32209,42001,7.7230128710e-12,5.7992782314e-12,3.6514851974e-14,0
1614,32311,42011,8.0796895791e-12,4.2505314935e-12,6.9696702917e-13,0
1614,12631,42011,6.1665305179e-12,4.6806903632e-12,1.8277329823e-12,0
1615,32209,42001,7.2643222372e-12,1.2689776985e-12,-4.5384939895e-14,0
1615,32311,42011,4.1757571505e-12,-1.7810354346e-12,1.5579618040e-13,0
1615,34222,42006,6.5164170122e-12,-3.8415919580e-13,1.4741883224e-12,0
1615,12631,42011,7.8178417523e-12,-4.6585891207e-12,1.2648373840e-12,0
1615,35332,42007,6.8714748759e-12,1.5136373692e-12,-1.0565967247e-12,0
1615,16951,42001,5.1274288897e-12,4.6536722610e-12,1.8301970117e-12,0
1615,37006,42006,1.7225503027e-12,-1.1729807474e-12,1.0353299332e-12,0
1616,37006,42006,2.8522394834e-12,2.5054466589e-12,1.1306564324e-12,0
1616,34222,42006,5.3185310510e-12,4.0963882800e-12,1.6335576284e-12,0
1616,32209,42001,3.7623549780e-12,1.4168111917e-12,2.9956807041e-14,0
1616,35332,42007,6.7016943414e-12,1.0447416712e-12,-7.6147432874e-13,0
1616,32311,42011,6.6239592996e-12,6.3238929455e-12,7.8353134224e-13,0
1616,16951,42001,4.8524879256e-12,3.1378743765e-12,2.1432985334e-12,0
1616,12631,42011,3.2164370887e-12,2.3719820874e-12,1.3919970803e-12,0
1617,34222,42006,5.3608756586e-12,4.3866407047e-12,2.2869449592e-12,0
1617,32209,42001,5.4682838397e-12,-1.0347452052e-12,-2.3392543819e-13,0
1617,37006,42006,1.8602367646e-12,-7.7788635251e-13,7.7541848111e-13,0
1617,32311,42011,6.3319807517e-12,-5.8491373337e-13,4.4332215148e-13,0
1617,16951,42001,3.6188921413e-12,-3.2969792915e-12,1.2110182327e-12,0
1617,35332,42007,4.1199349386e-12,3.7750881206e-12,-3.9212244646e-13,0
1617,12631,42011,5.4392931952e-12,1.1045963680e-13,6.7492451568e-13,0
1618,37006,42006,6.2946141386e-12,3.9847120785e-12,1.7729216702e-12,0
1618,34222,42006,3.1328942045e-12,-2.5373590528e-12,1.9083604051e-12,0
1618,35332,42007,4.4383543978e-12,-3.8639348603e-12,-7.6180298276e-13,0
1618,32209,42001,3.3087152157e-12,2.3654113297e-12,4.0027276514e-13,0
1618,32311,42011,3.4173481564e-12,2.1999184173e-12,7.5404376112e-13,0
1618,16951,42001,3.1992608751e-12,2.9461501034e-12,1.4991251958e-12,0
1618,12631,42011,5.3227939151e-12,2.9028377541e-12,8.0110190240e-13,0
1619,32209,42001,4.9088984719e-12,6.6690044836e-13,4.5286565159e-13,0
1619,32311,42011,5.6942236856e-12,-4.9866503427e-12,-1.0888835485e-14,0
1619,12631,42011,4.9526700981e-12,-2.2256916793e-12,1.6579581332e-13,0
1619,34222,42006,3.9848208107e-12,9.8078023825e-13,1.4892370751e-12,0
1619,37006,42006,6.1362336533e-12,2.0583534646e-12,1.3424366732e-12,0
1619,16951,42001,3.8999254694e-12,-9.6638807013e-13,9.2135598041e-13,0
1619,35332,42007,2.5882247708e-12,2.3558143274e-13,-5.1094758415e-13,0
1620,37006,42006,6.4252188244e-12,6.3728921117e-12,1.9517415858e-12,0
1620,34222,42006,8.9787574915e-13,-6.3344275016e-13,1.1808230357e-12,0
1620,16951,42001,7.9579227464e-12,4.1539278790e-12,1.4880321584e-12,0
1620,35332,42007,3.0131709837e-12,-5.1617718249e-13,-8.8043121983e-13,0
1620,32209,42001,6.1071985413e-12,-3.6002569925e-12,3.3629354391e-13,0
1620,32311,42011,3.6859780414e-12,4.3525504952e-13,4.4265305641e-13,0
1620,12631,42011,5.4595614071e-12,3.0746446647e-12,6.4159723544e-13,0
1621,32209,42001,5.2258414431e-12,-2.8885585592e-12,-1.5814582052e-13,0
1621,32311,42011,7.8606230530e-12,-7.2184660420e-12,-1.9906813481e-13,1
1621,37006,42006,9.6729396594e-12,3.6690472998e-12,2.3493210058e-12,0
1621,34222,42006,5.5205718894e-12,5.0180347402e-12,1.5136689417e-12,0
1621,12631,42011,4.1947330293e-12,-2.5753583908e-12,6.4479585669e-13,0
1621,35332,42007,3.7914272153e-12,3.3906329561e-12,2.6350858831e-13,0
1621,16951,42001,1.6678425561e-12,-2.7238779586e-13,1.1625375795e-12,0
1622,34222,42006,4.4813351721e-12,-1.4280968246e-12,1.4165484178e-12,0
1622,16951,42001,5.5731408322e-12,3.6571170235e-12,1.5196555284e-12,0
1622,35332,42007,2.9815425811e-12,2.5229713308e-12,3.1334609658e-13,0
1622,37006,42006,2.7311812621e-12,-2.0284258797e-12,1.9622763151e-12,0
1622,32209,42001,4.9358698981e-12,4.8379308727e-12,5.2276295266e-13,0
1622,12631,42011,1.2364337579e-11,1.2267955847e-11,1.3794160577e-12,1
1623,32209,42001,3.9439189793e-12,1.2042494887e-12,1.0035998504e-12,0
1623,12631,42011,5.0106512976e-12,3.3768567117e-16,3.3768567117e-17,0
1623,37006,42006,6.7375336760e-12,2.5965643489e-12,1.7600142950e-12,0
1623,16951,42001,1.7337105543e-12,8.3846167064e-13,1.2477465734e-12,0
1623,34222,42006,1.1136673637e-11,1.1056023158e-11,2.4334602066e-12,0
1623,35332,42007,2.0760754570e-12,-9.1468313751e-13,5.5401783806e-13,0
1624,34222,42006,6.3868456822e-12,-5.2549657036e-12,1.5299843594e-12,0
1624,37006,42006,7.1142469636e-12,-4.2144202010e-12,1.2993302782e-12,0
1624,35332,42007,3.9851233970e-12,3.5533248577e-12,1.0741182558e-12,0
1624,16951,42001,1.3505829339e-12,1.6864100167e-13,1.5020089158e-12,0
1624,32209,42001,1.7401410569e-12,9.2852938800e-13,5.1652496607e-13,0
1624,12631,42011,5.6844573788e-12,5.3350029704e-12,5.3353406560e-13,0
1625,32209,42001,4.4920481672e-12,-1.3560858893e-12,2.5401860728e-13,0
1625,34222,42006,3.5914907946e-12,2.2887370071e-12,1.7972739797e-12,0
1625,35332,42007,3.4107880415e-12,-1.0396602431e-12,8.1878849458e-13,0
1625,37006,42006,4.6493407728e-12,3.7823586318e-12,1.7948642161e-12,0
1625,12631,42011,3.6955292131e-12,-1.9126230335e-12,3.4227176226e-13,0
1625,16951,42001,1.8805269673e-12,-1.0230785399e-12,9.3433383574e-13,0
1626,16951,42001,7.0023319085e-12,-1.8740367993e-12,4.3314271815e-13,0
1626,37006,42006,4.7527204945e-12,1.4986835981e-12,1.6941879100e-12,0
1626,34222,42006,6.4330636681e-12,-1.2686061166e-12,1.2607745401e-12,0
1626,35332,42007,5.1098970952e-12,1.5120382758e-12,8.6551815504e-13,0
1626,12631,42011,6.0305227749e-12,4.2651160621e-12,7.6878336847e-13,0
1626,32209,42001,3.0959651900e-12,4.4803908836e-13,1.5714139695e-13,0
1627,32209,42001,4.3011410248e-12,9.9895332750e-13,3.6051125022e-13,0
1627,18937,42010,2.3150661207e-12,-2.7548969707e-16,-2.7548969707e-17,0
1627,34222,42006,6.0465838306e-12,-4.9451389220e-12,3.2759657740e-13,0
1627,37006,42006,3.6091557931e-12,1.5687405264e-13,1.7876639505e-12,0
1627,35332,42007,4.8787651053e-12,4.2005767511e-13,5.3001511049e-13,0
1627,16951,42001,3.0237306389e-12,2.7051667461e-12,1.0333573219e-12,0
1627,12631,42011,1.9693701792e-12,-8.7610061251e-14,7.6002236235e-13,0
1628,34222,42006,4.4603449575e-12,3.7057144549e-12,9.5190392817e-13,0
1628,37006,42006,4.5425865172e-12,-1.3841136759e-12,1.2507813751e-12,0
1628,16951,42001,3.2721068045e-12,2.9111095216e-13,7.6785340679e-13,0
1628,12631,42011,2.7658787230e-12,1.9297861923e-12,9.5300098157e-13,0
1628,18937,42010,2.5701242471e-12,-2.3409560672e-12,-2.3412315569e-13,0
1628,35332,42007,3.7866847061e-12,-2.3731391475e-12,6.7909468176e-13,0
1628,32209,42001,6.2430699321e-12,-2.0741842851e-12,-8.3448311259e-14,0
1629,32209,42001,6.7092143695e-12,1.8832994523e-12,3.8191589139e-14,0
1629,34222,42006,3.3309397356e-12,1.2830296092e-13,8.6665620044e-13,0
1629,37006,42006,3.5236665790e-12,2.7115649565e-12,1.3161025243e-12,0
1629,35332,42007,4.3200503555e-12,3.3683229895e-12,9.9236883744e-13,0
1629,16951,42001,2.2651292780e-12,-1.8274828612e-12,6.8174392769e-13,0
1629,18937,42010,3.6991545225e-12,1.1199234245e-12,-1.2213081325e-13,0
1629,12631,42011,1.9679481926e-12,-2.5262523572e-13,9.2773845800e-13,0
1630,12631,42011,5.9383479269e-12,2.3427414507e-12,1.1620126031e-12,0
1630,37006,42006,6.8335146750e-12,-6.1340461805e-12,6.5408695069e-14,0
1630,16951,42001,6.9771702799e-12,4.3408529821e-12,7.0043643800e-13,0
1630,34222,42006,7.0122425810e-12,1.2210150623e-12,1.0521019817e-12,0
1630,32209,42001,4.3063105369e-12,8.6091682685e-13,4.8430897107e-13,0
1630,35332,42007,7.8272369748e-12,-3.4872150628e-12,6.9526504941e-13,0
1630,18937,42010,7.9021405080e-12,1.5006962922e-12,2.7938815977e-14,0
1631,34222,42006,5.6311590904e-12,2.8357073291e-12,8.3386924057e-13,0
1631,32209,42001,6.6161125116e-12,-5.9489539567e-12,1.7826943133e-13,0
1631,37006,42006,5.3702878684e-12,3.1291383055e-12,1.1417795645e-14,0
1631,18937,42010,2.0078709593e-12,-1.3882391891e-12,-1.1088510294e-13,0
1631,35332,42007,1.0247893974e-11,-6.8651762819e-12,-3.3031587439e-13,0
1631,16951,42001,7.4407496312e-12,-6.9457826952e-12,3.3096948069e-14,0
1631,12631,42011,4.2013270248e-12,-5.3639313771e-13,1.1083732893e-12,0
1632,12631,42011,2.0568810227e-12,-2.0136199543e-13,1.0882370898e-12,0
1632,34222,42006,4.8423479122e-12,1.6553726793e-12,1.1422161910e-12,0
1632,16951,42001,3.9237153606e-12,-1.9411973470e-12,-5.2673448898e-13,0
1632,18937,42010,3.0893689376e-12,2.1844147479e-12,1.0755637185e-13,0
1632,35332,42007,3.5199519927e-12,2.3440452069e-12,-3.4820848677e-13,0
1632,37006,42006,6.9588465671e-12,3.6683824894e-12,5.8109863256e-13,0
1632,32209,42001,2.6760876669e-12,2.1583558164e-12,-8.9688074298e-14,0
1633,37006,42006,3.5853548898e-12,-3.6612086288e-13,2.8483011138e-13,0
1633,32209,42001,5.6555342818e-12,2.6136830221e-12,5.1255279046e-14,0
1633,34222,42006,5.0652086618e-12,-4.7013422447e-12,-4.3352034933e-13,0
1633,35332,42007,6.3297928867e-12,1.5745807181e-13,-2.4099436584e-13,0
1633,18937,42010,1.4183111392e-12,8.1100009207e-13,1.8865638106e-13,0
1633,16951,42001,4.5321282928e-12,1.4717990559e-13,-5.9586266548e-13,0
1633,12631,42011,1.2032452458e-11,1.1978573070e-11,2.2860606282e-12,1
1634,18937,42010,1.8729402190e-12,-5.6641937646e-13,1.3201444341e-13,0
1634,34222,42006,7.1598745264e-12,5.8126942731e-12,6.7324564834e-13,0
1634,35332,42007,8.0013345168e-12,1.7536682372e-12,-4.2096002788e-13,0
1634,16951,42001,7.5653184500e-12,-4.1924253611e-12,-1.0319693018e-12,0
1634,37006,42006,9.4904328467e-12,2.9209460868e-12,9.9836674016e-13,0
1634,32209,42001,9.0397677886e-12,1.5515266372e-12,1.1355500397e-13,0
1634,12631,42011,5.7650361175e-12,-4.2134757007e-17,-4.2134757007e-18,0
1635,12631,42011,5.7606215808e-12,3.3169431134e-12,3.3169009786e-13,0
1635,37006,42006,6.6374090047e-12,-4.3216438426e-13,5.7691443855e-13,0
1635,16951,42001,6.0297982611e-12,1.2953516187e-12,-8.0012628590e-13,0
1635,34222,42006,3.3609919001e-12,-3.1165776807e-12,1.3271417957e-13,0
1635,32209,42001,5.1773169701e-12,-4.3105866921e-12,-1.8189507630e-13,1
1635,35332,42007,8.3991688525e-12,-4.1960844891e-12,-7.3660245248e-13,0
1635,18937,42010,6.4426816829e-12,-6.0110388924e-12,-4.6908944582e-13,0
1636,16951,42001,4.5882650088e-12,-4.0356003104e-13,-6.5307860907e-13,0
1636,18937,42010,6.7110315916e-12,6.1443634336e-12,1.4534689754e-13,0
1636,34222,42006,6.7537154832e-12,4.0367610473e-12,6.6325089597e-13,0
1636,35332,42007,6.5518743076e-12,5.4154556613e-13,-8.3365172345e-13,0
1636,37006,42006,5.3866783996e-12,-1.4227820015e-12,2.8476787859e-13,0
1636,12631,42011,1.0774004328e-11,1.0564425457e-11,1.3881326436e-12,0
1637,18937,42010,5.8990382507e-12,-4.9963632518e-12,-3.5426187867e-13,0
1637,34222,42006,6.1214500024e-12,1.2709546946e-12,1.2848602576e-12,0
1637,12631,42011,4.3115857055e-12,1.1446673223e-12,1.5025993758e-12,0
1637,37006,42006,2.8302698792e-12,1.2901963467e-13,2.8198243679e-13,0
1637,35332,42007,7.4747745163e-12,-4.1623891738e-13,-9.1728138270e-13,0
1637,16951,42001,5.3070275062e-12,-3.5909870428e-12,-1.2826939880e-12,0
1638,18937,42010,1.6396867272e-12,-1.0640123069e-13,-1.3080639502e-13,0
1638,37006,42006,5.6667230282e-12,-6.6528081857e-13,3.5386572252e-13,0
1638,34222,42006,6.6684943992e-12,-2.3208629726e-12,6.8220251488e-13,0
1638,32209,42001,5.3413894900e-12,1.6791018903e-16,1.6791018903e-17,0
1638,35332,42007,7.0295347924e-12,4.8940867515e-12,-1.9055879279e-13,0
1638,16951,42001,7.8185140529e-12,3.4407291070e-12,-9.6773217248e-13,0
1638,12631,42011,7.6439058212e-12,7.5724956839e-12,2.2598489442e-12,0
1639,16951,42001,8.3199113627e-12,4.0800414463e-12,-3.7697974173e-13,0
1639,32209,42001,4.5931889371e-12,-2.0804205303e-15,-1.9125103413e-16,0
1639,10918,42001,5.5967967750e-12,-2.7935438320e-16,-2.7935438320e-17,0
1639,34222,42006,4.2158331073e-12,3.4816806623e-12,1.0175402850e-12,0
1639,12631,42011,3.0836704773e-12,-1.1975382921e-12,2.1400951150e-12,0
1639,37006,42006,7.0520518906e-12,3.0644067941e-12,3.8914990628e-13,0
1639,35332,42007,3.6515998290e-12,-3.6458420674e-12,-8.9197529848e-13,0
1639,18937,42010,2.4528534686e-12,-2.2232323554e-12,-4.6512197300e-13,0
1640,18937,42010,7.0180805978e-12,1.8673905110e-12,-4.2845255112e-13,0
1640,37006,42006,2.1475993664e-12,-8.6284649266e-13,9.1626987506e-13,0
1640,34222,42006,2.4286434653e-12,-1.3511906377e-12,7.6031971502e-13,0
1640,35332,42007,2.0118508356e-12,3.2247934378e-13,-5.1100585782e-13,0
1640,32209,42001,5.8988905283e-12,4.0371734844e-12,4.0352609741e-13,0
1640,10918,42001,2.2153656649e-12,2.2615371613e-13,2.2587436174e-14,0
1640,16951,42001,2.8942093595e-12,1.1688523811e-12,-6.9417980184e-13,0
1640,12631,42011,8.7758807074e-12,8.2106954795e-12,2.9611646630e-12,0
1641,18937,42010,8.5032050804e-13,4.7734591657e-13,-2.4189404055e-13,0
1641,10918,42001,5.4804825697e-12,4.7885474794e-12,5.0144218412e-13,0
1641,16951,42001,2.9626023026e-12,2.6490653621e-12,2.6530500389e-13,0
1641,32209,42001,3.5005033535e-12,6.0569115037e-13,4.6409521244e-13,0
1641,37006,42006,1.7908017827e-12,-1.2481098792e-12,4.7854505658e-13,0
1641,12631,42011,5.8306047925e-12,-4.7769273403e-12,2.4834719289e-12,0
1641,34222,42006,5.1309090874e-12,5.0297513891e-12,9.7972412102e-13,0
1641,35332,42007,9.3078920182e-12,1.6585976162e-12,3.4137153198e-13,0
1642,18937,42010,6.5827173005e-12,4.7758994110e-12,1.7254425757e-14,0
1642,16951,42001,5.6167554156e-12,-2.9337772192e-12,1.6604701667e-13,0
1642,34222,42006,8.0441009479e-12,-7.9349764317e-12,2.0689209915e-14,0
1642,37006,42006,6.6462450979e-12,-4.6364012379e-12,-3.5193331615e-13,0
1642,35332,42007,4.6922685108e-12,-4.5318197026e-14,1.0243519158e-13,0
1642,32209,42001,1.0458262235e-11,-2.6481147856e-12,1.9928373388e-13,0
1642,10918,42001,7.1921069473e-12,-2.3296378523e-12,2.6847839889e-13,0
1642,12631,42011,2.3785937622e-12,1.5069710401e-12,2.6341690329e-12,0
1643,16951,42001,7.8700810458e-12,-2.8619141685e-12,-1.3486239074e-13,0
1643,32209,42001,5.2966063160e-12,-8.3606588502e-13,1.1567714538e-13,0
1643,10918,42001,3.4428542685e-12,-1.9818954468e-12,7.0288854206e-14,0
1643,34222,42006,1.0155696835e-11,7.2770330975e-12,1.2185267441e-12,0
1643,37006,42006,5.0888223672e-12,3.6539770796e-12,5.0076478102e-14,0
1643,35332,42007,5.2262768886e-12,-2.6010695880e-12,-1.7341757440e-13,0
1643,12631,42011,8.4937582649e-12,7.5229258231e-12,3.3864616153e-12,0
1643,18937,42010,6.3895624477e-12,-4.3485273589e-12,-4.9869831934e-13,0
1644,34222,42006,1.0999621515e-11,-9.6841475503e-12,-3.3115743821e-13,1
1644,35332,42007,3.6583803439e-12,4.8523250269e-13,-3.0026114785e-13,0
1644,37006,42006,9.9395838186e-12,-2.9696147965e-12,-5.3897961023e-13,0
1644,10918,42001,7.9675881430e-12,7.1751452479e-12,7.8780337899e-13,0
1644,12631,42011,8.8950760117e-12,-5.5505263579e-12,2.8314131929e-12,0
1644,32209,42001,5.1505173823e-12,-7.0733857641e-14,1.0860375961e-13,0
1644,18937,42010,5.5736181246e-12,4.5247950420e-12,1.0423122507e-14,0
1644,16951,42001,5.8449105139e-12,2.2109341896e-12,5.0547356432e-13,0
1645,16951,42001,5.4913139417e-12,-3.4947727911e-12,2.6461123345e-14,0
1645,18937,42010,5.2855034268e-12,-1.3121107916e-12,4.8031593259e-13,0
1645,32209,42001,5.9423486728e-12,-1.8090617846e-12,-7.2302418846e-14,0
1645,10918,42001,2.5848448488e-12,-1.8737676994e-12,6.0042660905e-13,0
1645,37006,42006,5.0176657795e-12,3.8722015636e-12,-1.0854301544e-13,0
1645,12631,42011,6.5382944259e-12,6.0190342358e-12,3.1016223052e-12,0
1645,35332,42007,6.2138992172e-12,3.8666969156e-12,5.0601699261e-13,0
1646,18937,42010,2.9966301985e-12,-2.1499639266e-13,-1.5562005004e-13,0
1646,37006,42006,4.6068966871e-12,-3.6752975401e-12,-3.3379456929e-13,0
1646,10918,42001,5.8518524159e-12,3.4727439827e-12,9.4770100733e-13,0
1646,35332,42007,5.4639606244e-12,-2.3628444518e-12,2.1557799082e-13,0
1646,16951,42001,5.1507542087e-12,-9.5097449655e-15,6.5866151952e-14,0
1646,12631,42011,4.8710357052e-12,-3.0175811727e-12,1.7434216422e-12,0
1646,32209,42001,5.0108844983e-12,4.4747936540e-12,3.7517694655e-13,0
1647,18937,42010,4.7566267441e-12,-1.9724604994e-12,1.4677022520e-13,0
1647,32209,42001,3.7191936524e-12,-2.7086747459e-12,1.0430947197e-13,0
1647,10918,42001,3.4691102670e-12,3.2648240902e-12,1.2741834163e-12,0
1647,12631,42011,4.6912835223e-12,4.4765589169e-12,2.0766108016e-12,0
1647,37006,42006,6.7273240228e-12,6.3190781779e-12,2.8521128503e-13,0
1647,35332,42007,5.8516165138e-12,5.3452395187e-12,7.9172583443e-13,0
1647,16951,42001,5.5239224585e-12,4.8831304656e-12,9.1327790279e-13,0
1648,16951,42001,3.4069685600e-12,-1.3981224293e-12,4.2939274916e-13,0
1648,35332,42007,4.0275659335e-12,-3.3984995270e-12,-3.7532793423e-14,0
1648,37006,42006,4.3580671162e-12,-4.2095326661e-12,-6.9213899723e-14,0
1648,10918,42001,4.2434379806e-12,2.4554095722e-12,1.5197243736e-12,0
1648,12631,42011,3.4859773355e-12,2.8902586609e-12,1.6083870993e-12,0
1648,32209,42001,2.5961579475e-12,-2.4116918803e-12,-1.3687650708e-13,0
1648,18937,42010,7.7063413765e-12,-1.5630315709e-12,1.1071911845e-15,0
1649,32209,42001,3.3286214631e-12,1.1462675980e-12,-2.2041705229e-14,0
1649,37006,42006,2.5257457316e-12,-6.5044587808e-13,-4.4069916694e-13,0
1649,10918,42001,4.7930540365e-12,3.7362209738e-12,1.8933744064e-12,0
1649,12631,42011,7.8462380606e-12,7.3514077585e-12,2.4632817044e-12,0
1649,35332,42007,7.4695877808e-12,6.0972498941e-12,9.3677640272e-13,0
1649,18937,42010,5.7698876903e-12,-5.5915919048e-12,-3.3572876376e-13,0
1649,16951,42001,2.8487294157e-12,9.7615264642e-13,1.1900386917e-13,0
1650,32209,42001,3.5193129701e-12,-1.8639177219e-12,-6.1215082586e-13,0
1650,35332,42007,3.2733951805e-12,-2.0439042092e-12,7.0013804742e-13,0
1650,18937,42010,5.1723331758e-12,2.2404002572e-12,-2.9842778915e-13,0
1650,37006,42006,5.7661886466e-12,3.5354898882e-13,-3.1905961879e-13,0
1650,16951,42001,6.3908105792e-12,-5.8898284896e-12,-5.8686421789e-13,0
1650,10918,42001,5.7414091827e-12,-3.8200128534e-12,1.4887577494e-12,0
1650,11356,42001,5.2432277228e-12,-2.2083533183e-16,-2.2083533183e-17,0
1650,12631,42011,5.1933637450e-12,4.5407195134e-12,2.0962841078e-12,0
1651,32209,42001,3.4606821031e-12,6.8569385816e-13,-6.0415055508e-13,0
1651,10918,42001,8.3109461457e-12,2.8471597169e-12,1.2946189732e-12,0
1651,11356,42001,4.8550200206e-12,4.2400706049e-12,4.2398497696e-13,0
1651,16951,42001,4.6192147849e-12,1.0839973392e-12,-7.4337102019e-13,0
1651,12631,42011,5.3574154887e-12,4.0415279208e-12,2.9781296339e-12,0
1651,37006,42006,7.9919445516e-12,-4.1713762733e-12,-6.1138625819e-13,0
1651,18937,42010,3.4689070696e-12,-2.9454195977e-12,-6.4070434058e-13,0
1651,35332,42007,9.7351239120e-12,3.1575098025e-12,8.5002926606e-13,0
1652,37006,42006,3.5108303514e-12,1.3379652797e-12,-1.3949606431e-14,0
1652,35332,42007,6.0151380157e-12,-5.6231053082e-12,2.9225055494e-13,0
1652,18937,42010,3.0122737698e-12,1.3764579018e-12,-9.8064849150e-13,0
1652,10918,42001,9.4843383250e-12,-3.7137688202e-12,1.1562058764e-12,0
1652,32209,42001,7.8582432863e-12,2.5322805240e-12,-8.6111024116e-14,0
1652,16951,42001,6.5387947860e-12,-3.4306923670e-12,-7.9306253496e-13,0
1652,11356,42001,3.0429619958e-12,-1.0986010160e-12,3.1412487536e-13,0
1652,12631,42011,1.5853395482e-12,9.4521291200e-13,2.9219538211e-12,0
1653,16951,42001,5.8201532967e-12,-1.6066258984e-12,-6.6753370795e-13,0
1653,37006,42006,5.2861155932e-12,-3.1813190535e-12,-6.9747921975e-13,0
1653,32209,42001,4.6398161854e-12,3.1210689351e-12,3.0960245790e-13,0
1653,35332,42007,7.9137702523e-12,-5.9029071826e-12,-3.7933204520e-14,0
1653,18937,42010,2.5787596481e-12,-2.5334638583e-12,-7.9914214143e-13,0
1653,10918,42001,3.7352109803e-12,-2.6857840519e-12,1.0858170159e-12,0
1653,11356,42001,3.5121308813e-12,3.3797383731e-12,6.5209871267e-13,0
1653,12631,42011,4.0693082233e-12,2.6559430904e-12,2.4352555478e-12,0
1654,18937,42010,4.9773562599e-12,3.5132386711e-12,-9.0029777852e-13,0
1654,35332,42007,6.6328464959e-12,2.0634081002e-13,-6.5822373787e-14,0
1654,37006,42006,1.8598298596e-12,1.1780024227e-13,-3.8873771587e-13,0
1654,10918,42001,9.0238611640e-12,5.8092224079e-13,4.2639471517e-13,0
1654,11356,42001,5.0045557476e-12,7.3004751470e-13,7.2510346414e-13,0
1654,16951,42001,6.3486305370e-12,-6.4984926966e-14,-8.9512561961e-13,0
1654,12631,42011,9.2860440949e-13,3.6948515757e-14,2.9940030352e-12,0
1654,32209,42001,4.8210533257e-12,3.4583253227e-13,3.5125909689e-13,0
1655,37006,42006,3.6300246901e-12,-3.5007423505e-12,-1.1260321073e-12,0
1655,1162,42008,2.7811786968e-12,-6.0672152169e-17,-6.0672152169e-18,0
1655,32209,42001,7.0403110942e-12,1.6973422375e-12,7.0189949910e-13,0
1655,35332,42007,6.7928917195e-12,-5.5167545077e-12,-1.0041675161e-12,0
1655,10918,42001,4.8426458490e-12,5.0815174465e-13,6.6458665958e-13,0
1655,16951,42001,6.3661416617e-12,-2.6000011124e-12,-8.0564845173e-13,0
1655,18937,42010,2.8697174903e-12,-1.6692988376e-12,-9.3601658313e-13,0
1655,11356,42001,4.2968824422e-12,-1.5489851927e-12,5.7020494487e-13,0
1655,12631,42011,4.3054685424e-12,2.4144949162e-13,2.4162445608e-12,0
1656,1162,42008,7.4345069068e-12,5.4523380086e-12,5.4522773365e-13,0
1656,18937,42010,5.2729613054e-12,2.0643426795e-13,-8.9387351706e-13,0
1656,10918,42001,6.2490300591e-12,2.4335969692e-12,5.6067195823e-13,0
1656,11356,42001,4.4307080358e-12,1.5256650405e-12,7.2277144892e-13,0
1656,12631,42011,4.5565348820e-12,-2.7788135053e-12,2.4401213275e-12,0
1656,16951,42001,1.9460023052e-12,8.8052754878e-13,-7.1664472236e-13,0
1656,35332,42007,9.0268869938e-12,-1.1901150472e-12,-8.8689457566e-13,0
1656,37006,42006,8.7974965177e-12,-4.3827940618e-12,-1.1967817595e-12,0
1656,32209,42001,6.3519261031e-12,-1.5814851546e-12,9.6271618238e-14,0
1657,1162,42008,3.2185527263e-12,3.0668079649e-12,8.5190853013e-13,0
1657,37006,42006,8.0360861733e-12,-2.9812875883e-12,-2.1268183361e-12,0
1657,35332,42007,2.1271872669e-12,1.2979618277e-12,-1.2916223448e-12,0
1657,10918,42001,5.7197826675e-12,3.4589032157e-13,2.6877858136e-13,0
1657,11356,42001,8.4445228904e-12,6.8567618183e-12,1.4084476308e-12,0
1657,12631,42011,4.0701749001e-12,3.9547545499e-12,2.3879408908e-12,0
1657,16951,42001,6.8769104765e-12,-5.8985535637e-12,-1.7948131253e-12,0
1657,18937,42010,2.7216189855e-12,-1.7505973118e-12,-8.7168719830e-13,0
1657,32209,42001,3.7090926844e-12,2.9700100566e-12,6.6414009848e-13,0
1658,1162,42008,7.4522587995e-12,4.4742909716e-12,1.2993376273e-12,0
1658,16951,42001,5.7836788935e-12,-4.1874140090e-12,-2.0737422833e-12,0
1658,32209,42001,3.3425861640e-12,-1.7562792702e-12,7.2968135949e-13,0
1658,18937,42010,8.3221761457e-12,5.3030969464e-12,-1.8507434657e-13,0
1658,10918,42001,6.6217871672e-12,5.6960920817e-12,5.9284683231e-13,0
1658,11356,42001,5.2572874130e-12,1.4759261037e-12,1.5560402411e-12,0
1658,37006,42006,5.8818011188e-12,-5.6047007727e-12,-2.2663351467e-12,0
1658,12631,42011,3.9987480931e-12,2.5839535154e-12,2.3573103762e-12,0
1658,35332,42007,6.4521618216e-12,-4.4582935179e-12,-1.3976017439e-12,0
1659,37006,42006,3.9238774001e-12,-3.7349148117e-12,-2.5747820401e-12,0
1659,32209,42001,2.7292891210e-12,-2.4285131689e-13,5.9076946800e-13,0
1659,35332,42007,4.3236810053e-12,3.3932151868e-12,-1.6680052146e-12,0
1659,10918,42001,7.7320751169e-12,5.8674106173e-12,8.0596579666e-13,0
1659,11356,42001,6.6701304337e-12,-1.0551343440e-12,1.4505268067e-12,0
1659,18937,42010,2.3625290037e-12,-9.8288434682e-13,2.7579640923e-13,0
1659,1162,42008,2.3741454753e-12,1.7761275539e-12,1.4769503827e-12,0
1659,12631,42011,3.1415550543e-12,1.3753481621e-12,1.7597044166e-12,0
1659,16951,42001,1.7136824371e-12,-3.9436446914e-13,-2.2107939948e-12,0
1660,18937,42010,3.8277596461e-12,-1.8240509709e-12,-1.3064871358e-13,0
1660,1162,42008,3.1829886140e-12,2.0240642402e-12,1.6793568067e-12,0
1660,16951,42001,8.2763902581e-12,4.4584289237e-12,-1.1759682535e-12,0
1660,10918,42001,3.4503237993e-12,-1.9581125304e-12,9.9215582897e-13,0
1660,11356,42001,3.7213394153e-12,9.1194783351e-13,1.5417436736e-12,0
1660,12631,42011,2.6536374434e-12,-1.5418189588e-12,1.1514505694e-12,0
1660,37006,42006,2.2146035632e-12,-2.1346362230e-12,-2.8236005613e-12,0
1660,35332,42007,6.1841367622e-12,-3.5046979732e-12,-1.8140845910e-12,0
1660,32209,42001,5.1869082661e-12,5.1102255697e-12,1.2881837972e-12,0
1661,37006,42006,4.5799246777e-12,4.2234038924e-12,-1.9841225447e-12,0
1661,32209,42001,2.7196880389e-12,-2.3878331123e-12,9.8083110011e-13,0
1661,35332,42007,3.1527244250e-12,-8.8320326390e-13,-2.2181558976e-12,0
1661,10918,42001,5.7339324160e-12,5.2478706210e-12,1.2322269194e-12,0
1661,11356,42001,3.4011246692e-12,-1.1528345366e-12,1.0024531595e-12,0
1661,18937,42010,2.7011056693e-12,1.7193111002e-12,3.3582435622e-13,0
1661,1162,42008,4.0923955711e-12,2.7548794596e-12,1.9548447527e-12,0
1661,12631,42011,2.3075557815e-12,-2.1556162288e-12,5.3173615442e-13,0
1661,16951,42001,3.7458377439e-12,1.3215563423e-12,-1.1522123532e-12,0
1662,18937,42010,3.4608819154e-12,-2.6038766964e-12,-6.2209103606e-14,0
1662,16951,42001,4.4195328083e-12,3.9008796204e-12,-4.1905515443e-13,0
1662,1162,42008,8.6846099813e-12,-4.8600703128e-12,1.4688377214e-12,0
1662,35332,42007,4.9927028012e-12,-3.1331691649e-12,-1.9691622833e-12,0
1662,37006,42006,2.3961521886e-12,2.0307389057e-12,-1.9148451821e-12,0
1662,10918,42001,7.2710167134e-12,6.3025293204e-12,2.2338567334e-12,0
1662,11356,42001,6.7619688864e-12,3.5269443834e-12,1.4650076994e-12,0
1662,32209,42001,6.9171201491e-12,-1.9406013464e-12,5.3354291306e-13,0
1662,12631,42011,9.5454854138e-12,8.3093534494e-12,1.2681502082e-12,0
1663,10918,42001,1.4343015479e-12,7.4828225565e-14,2.5099179612e-12,0
1663,11356,42001,1.6159194121e-12,9.1138608423e-13,1.2181724705e-12,0
1663,35332,42007,4.9015206550e-12,-2.8381893518e-12,-1.6626905002e-12,0
1663,37006,42006,4.4584478918e-12,-1.2778673329e-12,-1.7245000101e-12,0
1663,12631,42011,7.2471027801e-12,-3.7200536263e-12,6.3055053649e-13,0
1663,18937,42010,5.4101355846e-12,3.6609504302e-12,5.5723232524e-13,0
1663,1162,42008,8.6346707833e-12,5.8156016067e-12,2.0503978821e-12,0
1663,16951,42001,7.6845124418e-12,-6.3905557494e-12,-8.9744813953e-13,0
1663,32209,42001,9.7579016045e-12,-2.4035049434e-12,-1.8914474789e-14,0
1664,32209,42001,5.2521595937e-12,4.3123800516e-12,3.7774027714e-13,0
1664,16951,42001,8.7285385126e-13,-2.2059705972e-13,-9.1300935281e-13,0
1664,18937,42010,3.6382810553e-12,-2.5992315293e-12,-5.4014694797e-14,0
1664,1162,42008,5.4080801440e-12,1.7355076145e-12,2.2239486435e-12,0
1664,37006,42006,7.2221502159e-12,-6.0608622409e-12,-2.3423662584e-12,0
1664,10918,42001,3.1706235737e-12,1.9613762524e-12,2.6479633623e-12,0
1664,11356,42001,8.7970440993e-12,1.2529957812e-12,1.2704672972e-12,0
1664,35332,42007,5.5038202013e-12,1.7478713295e-12,-1.5085374483e-12,0
1664,12631,42011,9.6139451569e-12,3.4045800655e-12,9.6731369147e-13,0
1665,16951,42001,1.0864878398e-12,8.7499042742e-13,-5.6551019883e-13,0
1665,35332,42007,1.6519075934e-12,-1.2004898800e-12,-1.0769109855e-12,0
1665,37006,42006,7.5813526404e-12,3.6866223197e-12,-1.6236297913e-12,0
1665,18937,42010,6.0592676816e-12,-2.9982051784e-12,-1.8690532888e-13,0
1665,10918,42001,2.8622570295e-12,-1.6674365171e-13,2.5804738227e-12,0
1665,11356,42001,8.8239187452e-12,7.4856435600e-12,2.1739301724e-12,0
1665,1162,42008,6.1841088616e-12,2.0161978674e-12,2.4255744975e-12,0
1665,12631,42011,1.0756600940e-12,-4.3711789615e-13,8.9945695269e-13,0
1665,32209,42001,4.6640187348e-12,3.7551136606e-12,5.8351741945e-13,0
1666,1162,42008,5.7320568890e-12,4.3510422360e-12,2.3154449202e-12,0
1666,10918,42001,1.9979901331e-12,1.8333116934e-12,2.5204452951e-12,0
1666,11356,42001,1.8052348648e-12,5.9533781310e-13,2.0808974497e-12,0
1666,12631,42011,3.8775925819e-12,2.5866655363e-12,1.4360048568e-12,0
1666,37006,42006,5.7720552500e-12,1.2106780007e-12,-1.0642825851e-12,0
1666,18937,42010,7.3675942991e-12,3.3938612819e-12,1.3183737251e-13,0
1666,35332,42007,7.2577548931e-12,1.3846631030e-12,-8.1943317047e-13,0
1666,16951,42001,2.6057420536e-12,-6.8610134271e-13,-7.2217308798e-13,0
1666,32209,42001,4.2763260420e-12,2.1702726895e-12,9.5869320387e-13,0
1667,32209,42001,5.6411088925e-12,4.9937061671e-13,7.1162925988e-13,0
1667,35332,42007,5.8770856357e-12,-4.5746810741e-12,-1.4066974606e-12,0
1667,16951,42001,3.3746681459e-12,-5.9234574839e-13,-1.9155230644e-13,0
1667,37006,42006,6.4055046417e-12,-1.6184543462e-12,-9.2799926089e-13,0
1667,18937,42010,6.8743733089e-12,2.0432369700e-12,5.1122080069e-13,0
1667,10918,42001,6.6865302501e-12,-2.8641861045e-12,2.1994376525e-12,0
1667,11356,42001,4.2366086101e-12,3.3367930452e-12,1.7289005724e-12,0
1667,1162,42008,9.0932987409e-12,4.3417891948e-12,2.4429430432e-12,0
1667,12631,42011,2.4688255073e-12,9.2785605344e-14,1.0498079624e-12,0
1668,32209,42001,3.4391041706e-12,1.2767962165e-12,1.0149368086e-12,0
1668,1162,42008,4.6750402398e-12,1.2409680486e-12,2.1196107509e-12,0
1668,10918,42001,1.0056450230e-11,-4.0605415799e-12,1.2237742864e-12,0
1668,11356,42001,2.5658104957e-12,1.4325265507e-12,1.7245606171e-12,0
1668,18937,42010,3.2588149535e-12,3.0763485925e-12,2.8854596530e-13,0
1668,12631,42011,4.7424539919e-12,4.7120351116e-12,1.2626161220e-12,0
1668,37006,42006,5.3129128423e-12,8.6637852623e-13,-2.8089133100e-13,0
1668,16951,42001,3.7181489415e-12,2.2231930422e-12,4.4950839867e-13,0
1668,35332,42007,6.4534530966e-12,2.7512886908e-12,-6.8573923978e-13,0
1669,1162,42008,6.5234993406e-12,2.0948275913e-12,2.1514807546e-12,0
1669,35332,42007,2.0882328239e-12,-1.2917928308e-12,-1.1542400415e-12,0
1669,37006,42006,5.3016476702e-12,-1.5347104667e-12,-6.0870896496e-14,0
1669,16951,42001,2.1557458931e-12,3.4943890096e-13,5.2388873568e-13,0
1669,10918,42001,2.2278267305e-12,-5.4723626951e-13,5.8230959768e-13,0
1669,11356,42001,6.3752157315e-12,5.2929778680e-12,2.3593718383e-12,0
1669,18937,42010,9.7117227005e-12,8.3398087195e-13,4.7023248717e-13,0
1669,12631,42011,3.2017340115e-12,-1.1167017433e-12,1.0134111315e-12,0
1669,32209,42001,3.8420217173e-12,3.7232913143e-12,1.4115510717e-12,0
1670,32209,42001,1.9321641031e-12,8.8972353458e-13,9.8950086817e-13,0
1670,10918,42001,2.4186486545e-12,1.5299293882e-12,9.3111378953e-13,0
1670,11356,42001,6.0340343281e-12,5.2101481460e-12,2.7891918695e-12,0
1670,12631,42011,6.5642791987e-12,4.0175545849e-12,1.5693484859e-12,0
1670,18937,42010,3.0313772991e-12,-2.0757759003e-12,4.4505999423e-13,0
1670,16951,42001,1.6452690531e-12,-1.5440112481e-13,6.2605730828e-14,0
1670,37006,42006,4.5593405737e-12,1.2353807185e-12,2.7613079765e-13,0
1670,35332,42007,2.9742933293e-12,-1.3813349205e-12,-9.4190373627e-13,0
1670,1162,42008,2.0162054471e-12,9.6827759186e-13,2.0459020898e-12,0
1671,32209,42001,8.1434074779e-12,4.0362148142e-12,1.6319056608e-12,0
1671,35332,42007,1.3661226244e-12,6.5926682755e-13,-7.8765672713e-13,0
1671,37006,42006,3.6856964460e-12,1.0707245238e-12,-3.9137139210e-14,0
1671,18937,42010,1.0187643897e-11,7.6914176765e-12,1.0422706519e-12,0
1671,16951,42001,5.2914661171e-12,-2.4067446271e-12,-3.1022436611e-13,0
1671,1162,42008,2.7800905331e-12,-8.4347077651e-13,1.6860670662e-12,0
1671,10918,42001,2.7445363037e-12,7.9413531367e-13,4.8574025880e-13,0
1671,11356,42001,2.3726348692e-12,-1.2752924562e-12,2.7769460776e-12,0
1671,12631,42011,4.4569766256e-12,-4.3663167614e-12,1.3482784326e-12,0
1672,1162,42008,8.1959250309e-12,7.3686188458e-15,2.1728109593e-12,0
1672,16951,42001,4.6957514831e-12,2.3064185097e-12,-4.6967047718e-13,0
1672,37006,42006,2.4819597958e-12,2.2424270433e-12,-1.7968325456e-14,0
1672,32209,42001,3.9486073954e-12,3.4770441970e-12,2.1736702152e-12,0
1672,18937,42010,8.2413855787e-12,-2.5430568325e-12,1.0483526383e-12,0
1672,10918,42001,8.2396472293e-12,6.3952770341e-12,4.9501503017e-13,0
1672,11356,42001,7.5621763809e-12,4.5541207858e-12,2.8796637178e-12,0
1672,35332,42007,2.6616600962e-12,-1.7952402882e-12,-6.5386383946e-13,0
1672,12631,42011,8.7134616617e-13,-5.9543730106e-13,4.5779935754e-13,0
1673,10918,42001,6.3587058137e-12,-6.0517787650e-12,-1.1764566888e-13,1
1673,11356,42001,7.2529712956e-12,-3.4964360928e-12,2.4388815001e-12,0
1673,12631,42011,2.5928056182e-12,5.2786004265e-13,8.8259072444e-13,0
1673,37006,42006,5.1096478970e-12,-4.3058323419e-12,-3.2076482636e-13,0
1673,32209,42001,1.1354981058e-11,-8.0477489316e-12,1.6092458163e-12,0
1673,18937,42010,2.6159148552e-12,-2.1034551392e-12,4.7191208131e-13,0
1673,1162,42008,5.0444038158e-12,4.6809710448e-12,2.0593479032e-12,0
1673,35332,42007,3.4661778351e-12,-1.3967854517e-12,-5.0972344945e-13,0
1673,16951,42001,4.3874099600e-12,-3.1496440424e-12,-1.4557930648e-13,0
1674,37006,42006,1.0397640312e-11,-9.0475528747e-12,-6.1943388973e-13,1
1674,1162,42008,6.9469867359e-12,-5.7323613331e-12,1.3125610084e-12,0
1674,16951,42001,5.2342582381e-12,3.5663012864e-12,2.3311052812e-13,0
1674,35332,42007,5.1753705881e-12,1.3991566301e-12,-5.4459491939e-13,0
1674,32209,42001,4.0030731918e-12,3.1655165569e-12,1.4945594669e-12,0
1674,18937,42010,7.6837282421e-12,5.2187980789e-12,1.2537150421e-12,0
1674,11356,42001,5.1887664618e-12,3.8972401012e-12,2.7033059321e-12,0
1674,12631,42011,6.8198384483e-12,-2.6666185226e-12,2.7547086563e-13,0
1675,1162,42008,7.4055709668e-12,-3.9068460855e-14,1.1070343756e-12,0
1675,11356,42001,8.0167163817e-12,-2.2880624269e-12,1.7259353334e-12,0
1675,12631,42011,5.3883531641e-12,4.6718554451e-12,7.8636819976e-13,0
1675,32209,42001,2.7379042334e-12,-2.5378091878e-13,1.0936700089e-12,0
1675,18937,42010,3.9667359567e-12,4.4329346934e-13,1.5978649069e-12,0
1675,16951,42001,3.9636987025e-12,3.1942475868e-12,4.6503624406e-13,0
1675,35332,42007,2.7820405177e-12,7.1694087540e-13,-3.5285184384e-13,0
1676,1162,42008,1.8209923582e-12,-1.7061652717e-12,5.0131362481e-13,0
1676,18937,42010,3.8594768260e-12,2.8268293605e-12,1.5411617148e-12,0
1676,32209,42001,5.4910403848e-12,1.7284655961e-12,1.0494892996e-12,0
1676,16951,42001,3.0271649272e-12,7.7957667083e-13,6.1160404542e-13,0
1676,11356,42001,4.4405484837e-12,3.9347465026e-12,2.0598762023e-12,0
1676,35332,42007,5.1913250787e-12,-2.5509467197e-12,-7.4641282612e-13,0
1676,12631,42011,4.7212413584e-13,8.8590711308e-14,5.3656071726e-13,0
1677,10918,42001,4.2785891742e-12,1.3094090847e-16,1.3094090847e-17,0
1677,1162,42008,1.3928478047e-12,5.5474097032e-13,1.2260880237e-13,0
1677,11356,42001,5.9794167806e-12,-3.1380693206e-12,1.4123899658e-12,0
1677,12631,42011,6.2846470662e-12,4.0924874967e-12,9.3653090640e-13,0
1677,32209,42001,4.0849734817e-12,3.7581091170e-13,1.0371333291e-12,0
1677,18937,42010,5.3124074072e-12,-1.2659251162e-12,1.2102455061e-12,0
1677,16951,42001,3.8357315847e-12,2.6265628626e-12,9.3349490652e-13,0
1677,35332,42007,7.7510595626e-12,6.0483926088e-12,3.1589454217e-13,0
1678,32209,42001,7.2628900875e-12,-3.8988668100e-13,8.7046503933e-13,0
1678,18937,42010,5.1075248706e-12,4.7794795364e-12,1.3805586005e-12,0
1678,16951,42001,8.2820589953e-12,7.1243376458e-12,1.4236093669e-12,0
1678,10918,42001,4.7082745101e-12,-1.2158246247e-12,-1.2156936838e-13,0
1678,35332,42007,3.8665121827e-12,-1.3817754063e-12,-9.7411867530e-14,0
1678,11356,42001,8.1276666176e-12,6.9755495739e-12,1.9666922681e-12,0
1678,1162,42008,4.4123156890e-12,1.3830056189e-13,1.2342053693e-14,0
1678,12631,42011,9.4352930223e-12,-1.2850123055e-12,3.3682616469e-13,0
1679,10918,42001,3.2330821051e-12,2.8348910434e-12,1.6191973596e-13,0
1679,11356,42001,5.6509263397e-12,-2.2001007265e-12,1.2173844086e-12,0
1679,18937,42010,4.8708166926e-12,7.4006918130e-13,1.3711674315e-12,0
1679,35332,42007,5.6220147417e-12,3.8555211996e-12,4.1731953551e-13,0
1679,12631,42011,3.3161681605e-12,-1.4494901083e-12,3.0354732818e-13,0
1679,1162,42008,6.8627926600e-12,-1.3668695681e-12,-3.3382766225e-13,0
1679,32209,42001,2.6404850276e-12,-1.7278347695e-12,3.2535243095e-13,0
1679,16951,42001,5.5344613200e-12,-1.0729857434e-12,1.2813669025e-12,0
1680,32209,42001,4.6621424330e-12,-2.1253579726e-12,2.3844280235e-14,0
1680,1162,42008,5.4580300916e-12,3.6174328864e-12,-6.8912132799e-14,0
1680,10918,42001,6.1536703183e-12,1.7190367068e-12,3.3382340664e-13,0
1680,11356,42001,3.7395338911e-12,2.4825284238e-12,9.4462243642e-13,0
1680,12631,42011,3.2395528090e-12,-2.4942376851e-12,-3.4763189882e-13,0
1680,35332,42007,5.4017747742e-12,-2.7078007401e-12,2.8467295355e-13,0
1680,18937,42010,4.7217896782e-12,4.1126895622e-12,1.9900139777e-12,0
1680,16951,42001,3.0535137299e-12,-2.9657283024e-12,1.0002341847e-12,0
1681,18937,42010,2.0227129565e-12,-6.5864588276e-13,1.1550076218e-12,0
1681,35332,42007,6.3956463979e-12,4.1354661132e-12,6.3229288211e-13,0
1681,16951,42001,4.9819655209e-12,3.9592384666e-13,1.2805010321e-12,0
1681,10918,42001,8.2074754405e-12,7.6727296119e-12,1.1010963678e-12,0
1681,11356,42001,8.2727233842e-12,7.4032646454e-12,1.8124781466e-12,0
1681,32209,42001,7.7076370251e-12,7.5954045460e-12,3.7976325342e-13,0
1681,1162,42008,2.8357079476e-12,1.1259339260e-12,1.2802833745e-13,0
1681,12631,42011,4.1399459133e-12,3.8181455648e-12,4.7081433381e-13,0
1682,32209,42001,2.6548795181e-12,1.1949969341e-12,1.5155852713e-13,0
1682,1162,42008,3.2068759536e-12,-2.5560910092e-12,-1.2831762536e-13,0
1682,10918,42001,3.0617493139e-12,9.7238914007e-13,1.1983352818e-12,0
1682,11356,42001,2.8115322254e-12,-2.3679616455e-12,1.1202699035e-12,0
1682,35332,42007,3.3926304365e-12,-2.0602645596e-12,6.0579045498e-13,0
1682,16951,42001,5.6582063058e-12,-2.6454462936e-12,7.8531455173e-13,0
1682,12631,42011,4.5237809022e-12,2.3181365691e-12,7.6217172083e-13,0
1682,18937,42010,4.6170518305e-12,1.2131990689e-13,1.4214452957e-12,0
1683,18937,42010,3.2272910187e-12,8.7461639007e-13,1.7192524487e-12,0
1683,35332,42007,5.1212468316e-12,2.4265999417e-12,9.8812899432e-13,0
1683,10918,42001,1.5683221679e-12,1.5563799996e-12,1.3539732818e-12,0
1683,11356,42001,6.5491798719e-12,6.4362225335e-12,2.1135357661e-12,0
1683,12631,42011,6.0433300017e-12,7.6044348584e-13,7.8543006515e-13,0
1683,16951,42001,7.4940117453e-12,3.7127461307e-12,1.4715535690e-12,0
1683,32209,42001,3.3781768165e-12,2.5191341564e-12,1.2082468359e-12,0
1683,1162,42008,5.2740305776e-12,-7.7197648848e-13,-6.7361237869e-13,0
1684,32209,42001,3.8888636938e-12,-2.9422610291e-12,5.9746907733e-13,0
1684,10918,42001,4.6386124809e-12,-9.1306977413e-13,1.2626663044e-12,0
1684,35332,42007,4.2855244142e-12,-1.4384913939e-12,7.0436419192e-13,0
1684,18937,42010,6.5702283375e-12,-2.1679808370e-12,9.8057455707e-13,0
1684,11356,42001,4.9693416547e-12,2.6221612023e-12,1.9860278762e-12,0
1684,16951,42001,2.1026980336e-12,-1.2496343218e-12,9.8996000823e-13,0
1684,1162,42008,1.2096417783e-12,5.0156923561e-13,-5.0219321824e-14,0
1684,12631,42011,5.0400984008e-12,1.4311128821e-12,1.1952032056e-12,0
1685,18937,42010,1.1857281159e-12,-8.4422530038e-13,8.5182268010e-13,0
1685,10918,42001,6.4512674984e-12,4.6779603406e-12,1.7304623384e-12,0
1685,11356,42001,2.8394209926e-12,-1.1794557580e-15,2.2147161733e-12,0
1685,12631,42011,4.5773398026e-12,1.4686472800e-12,8.7488238909e-13,0
1685,35332,42007,5.7181715208e-12,9.1153293557e-13,7.2382339793e-13,0
1685,32209,42001,6.8549235892e-12,5.4122131438e-12,1.1640684836e-12,0
1685,16951,42001,4.2382169008e-12,4.1538891660e-12,1.0859241661e-12,0
1685,1162,42008,4.4401763417e-12,-1.2061299761e-12,-1.6692547335e-13,0
1686,1162,42008,5.3275107999e-12,-2.4381277861e-13,-2.0690224042e-14,0
1686,32209,42001,9.5088186603e-12,-6.1237841350e-12,3.7884351048e-13,0
1686,16951,42001,2.4720985287e-12,-7.4198937662e-14,1.0005466053e-12,0
1686,10918,42001,6.5139544057e-12,5.3523714919e-12,2.2656994876e-12,0
1686,35332,42007,9.7159705675e-12,-3.8735335448e-12,5.9156471543e-13,0
1686,18937,42010,2.4973862694e-12,-1.4790488031e-12,4.2123486374e-13,0
1686,11356,42001,1.0706090232e-11,1.1342374544e-12,1.9346652685e-12,0
1686,12631,42011,3.6728779642e-12,-1.0745849228e-12,7.5856482568e-13,0
1687,10918,42001,7.8778302635e-12,2.4450530884e-12,2.5101917024e-12,0
1687,11356,42001,5.0756395868e-12,-2.0533163893e-12,2.0431405616e-12,0
1687,18937,42010,4.6418564362e-12,-3.0766211755e-12,2.4016525782e-13,0
1687,12631,42011,5.4925949801e-12,4.5653935614e-12,8.0585543214e-13,0
1687,35332,42007,7.3623402150e-12,2.6274133971e-12,2.4946679425e-13,0
1687,32209,42001,4.9157454105e-12,1.1815417277e-12,4.5941659208e-13,0
1687,16951,42001,2.3036050584e-12,-1.8187489496e-12,5.5601542407e-13,0
1687,1162,42008,3.3175692313e-12,2.0329118107e-12,1.2712686000e-13,0
1688,18937,42010,7.4372875638e-12,6.8776011102e-12,4.4997741520e-13,0
1688,32209,42001,2.8965426559e-12,1.9373443271e-14,5.0034260451e-13,0
1688,35332,42007,8.4287415114e-12,-6.6337611326e-12,-2.7573177838e-13,0
1688,16951,42001,9.5559310533e-12,-3.6992899120e-12,-5.2634733171e-13,0
1688,10918,42001,3.1711417853e-12,2.0985468160e-12,2.8416288464e-12,0
1688,1162,42008,4.2148521131e-12,1.5824358178e-12,2.7154038559e-13,0
1688,11356,42001,3.6914485588e-12,9.5680166905e-13,1.4412657711e-12,0
1688,12631,42011,5.1765549589e-12,-7.4970137739e-13,8.5938652495e-13,0
1689,1162,42008,2.0414180902e-12,-1.1059362661e-12,2.9763371579e-13,0
1689,35332,42007,4.0751791215e-12,2.9146467028e-12,-3.6981922806e-13,0
1689,32209,42001,3.6208195170e-12,-2.6051025859e-12,4.1261582286e-13,0
1689,16951,42001,8.2893351216e-12,-6.7330665738e-12,-1.0923554148e-12,0
1689,10918,42001,1.9001551970e-12,1.5868020184e-12,2.7168199440e-12,0
1689,11356,42001,4.4496026389e-12,6.1436383351e-13,1.7227122271e-12,0
1689,18937,42010,8.1754913664e-12,-6.2415475663e-12,-2.4818425956e-13,0
1689,12631,42011,7.7196217996e-12,7.3583106070e-12,1.7401665965e-12,0
1690,1162,42008,2.9593005157e-12,-2.0442767625e-12,-2.6853724909e-13,0
1690,32209,42001,5.4512199215e-12,2.1040024451e-12,8.3555186463e-13,0
1690,18937,42010,7.0395714280e-12,-9.0695862350e-13,-7.5014907814e-13,0
1690,35332,42007,3.4616106221e-12,-1.4595475778e-12,-2.4499391183e-13,0
1690,10918,42001,9.5891176407e-12,7.4654699227e-12,3.2914632655e-12,0
1690,11356,42001,5.0422698392e-12,4.3883438868e-13,1.5183428236e-12,0
1690,12631,42011,5.2504205794e-12,-2.2348662331e-12,1.7661037417e-12,0
1690,16951,42001,7.6255655336e-12,6.3538882532e-13,-7.3224370198e-13,0
1691,1162,42008,6.9555080364e-12,9.8830527090e-13,-2.8230011459e-13,0
1691,10918,42001,1.9672441962e-12,8.3195054691e-13,2.6073853590e-12,0
1691,11356,42001,8.1396998680e-12,-2.8638586238e-12,4.9163049670e-13,0
1691,12631,42011,4.6649999604e-12,1.4662127675e-12,1.5309104620e-12,0
1691,35332,42007,5.8832951651e-12,-3.0799428120e-12,-9.6653480435e-13,0
1691,16951,42001,5.5801665179e-12,-5.4942338791e-12,-1.3212594746e-12,0
1691,32209,42001,2.5319961326e-12,-1.8256186265e-12,-1.0655045262e-13,0
1691,18937,42010,6.2221858666e-12,-3.0590782066e-12,-9.9019231052e-13,0
1692,1162,42008,4.5378092689e-12,-1.6582660222e-12,-1.9251761589e-13,0
1692,32209,42001,2.7905276101e-12,-1.2928880311e-13,-2.3897902634e-13,0
1692,35332,42007,9.0999366589e-12,2.9075228260e-13,-7.3143312013e-13,0
1692,16951,42001,4.1577350070e-12,2.2792785969e-12,-8.2878698551e-13,0
1692,10918,42001,4.5335740343e-12,3.0158814474e-12,2.8117345898e-12,0
1692,11356,42001,4.4202301817e-12,2.0115183141e-12,9.2957849266e-13,0
1692,18937,42010,3.1658348843e-12,-2.6372832235e-12,-1.2660526236e-12,0
1692,12631,42011,7.6621664925e-12,2.7509886559e-12,1.5741956706e-12,0
1693,10918,42001,4.3584281125e-12,1.6549619797e-12,2.8215927878e-12,0
1693,11356,42001,3.6215876168e-12,-3.2177597894e-13,2.5377864142e-13,0
1693,12631,42011,5.3560750095e-12,3.6244036659e-12,1.8605916886e-12,0
1693,18937,42010,2.3712597055e-12,2.5193720700e-13,-1.3283205419e-12,0
1693,16951,42001,5.8840233749e-12,-3.8729849851e-12,-1.5873600971e-12,0
1693,35332,42007,2.8691898319e-12,2.5760105023e-12,-7.1649206407e-13,0
1693,32209,42001,1.3610737070e-12,-1.2410544810e-12,-6.1499789007e-13,0
1693,1162,42008,4.8396114042e-12,-2.8120666365e-12,-3.9652663070e-13,0
1694,32209,42001,7.0442515102e-12,6.6080648411e-12,3.4003469694e-13,0
1694,18937,42010,1.8111765487e-12,-5.4648650934e-13,-1.1661711091e-12,0
1694,35332,42007,5.0287842459e-12,3.5368482065e-12,-2.1895810403e-13,0
1694,16951,42001,7.1932438206e-12,3.1335413451e-12,-1.1490425304e-12,0
1694,10918,42001,5.2269107423e-12,4.8813307004e-12,3.4010328352e-12,0
1694,11356,42001,4.7620193024e-12,3.5979156893e-12,3.5135409012e-13,0
1694,1162,42008,6.5965951635e-12,-9.9708883416e-13,-5.4639243767e-13,0
1694,12631,42011,4.0542236862e-12,3.9844784323e-12,2.1159282437e-12,0
1695,10918,42001,3.5859420507e-12,1.0277082545e-12,3.0360076266e-12,0
1695,11356,42001,5.4803967461e-12,-4.2382224837e-12,-7.2350212668e-14,0
1695,12631,42011,3.0657931049e-12,-3.4712291754e-13,1.9343512239e-12,0
1695,35332,42007,4.4998088500e-12,-3.8274493326e-12,-6.9285633084e-13,0
1695,16951,42001,8.1133951223e-12,-8.0206956014e-12,-2.3665010071e-12,0
1695,18937,42010,6.6807463490e-12,-3.4628715342e-12,-1.4280357325e-12,0
1695,1162,42008,3.0846747538e-12,-1.7102270471e-12,-5.9680214477e-13,0
1695,32209,42001,7.2500099590e-12,-7.0143178538e-12,-9.0261840281e-13,0
1696,18937,42010,6.0173575396e-12,-5.6598766734e-12,-1.8461185195e-12,0
1696,35332,42007,3.3352531451e-12,-2.1643247705e-12,-5.2193545342e-13,0
1696,1162,42008,4.4157551268e-12,6.9941319880e-14,-5.6542673492e-13,0
1696,16951,42001,4.2830137198e-12,-1.4355531505e-12,-2.5026364284e-12,0
1696,32209,42001,4.5742133574e-12,3.9605639296e-12,1.0581640365e-13,0
1696,10918,42001,4.3785298344e-12,2.7151582860e-12,2.7722863060e-12,0
1696,11356,42001,4.5477727998e-12,2.7210456839e-12,8.6330610279e-14,0
1696,12631,42011,4.2144897599e-12,2.7093536687e-12,2.3127450831e-12,0
1697,10918,42001,8.5858900390e-12,2.8379469377e-12,2.8115756910e-12,0
1697,11356,42001,4.5907537683e-12,-4.3559164820e-12,-1.4392939899e-13,0
1697,32209,42001,8.8226624467e-12,-3.2245829379e-12,-3.3479606292e-13,0
1697,12631,42011,2.1273451603e-12,1.8299957014e-12,2.0392052971e-12,0
1697,16951,42001,3.7970240649e-12,9.6027825951e-13,-2.2247337075e-12,0
1697,18937,42010,4.0891607738e-12,1.6726099586e-12,-1.3711954061e-12,0
1697,35332,42007,6.8465939994e-12,-1.0790947559e-12,-8.9258626872e-13,0
1697,1162,42008,4.9324552172e-12,-4.5293338064e-12,-1.2216512966e-12,0
1698,18937,42010,1.7193767935e-12,-1.5212299174e-12,-2.2110785089e-12,0
1698,1162,42008,6.6443450370e-12,5.8881972488e-13,-1.3210129059e-12,0
1698,35332,42007,5.6622948919e-12,4.3444394602e-12,2.0523379056e-13,0
1698,16951,42001,2.5269531513e-12,1.3587002684e-12,-1.7189346895e-12,0
1698,32209,42001,4.1065633183e-12,3.0957721069e-12,-2.7156196557e-14,0
1698,10918,42001,7.5327238296e-12,4.5566890456e-12,3.0573899139e-12,0
1698,11356,42001,6.0675721840e-12,2.0117112149e-12,-3.8438444406e-14,0
1698,12631,42011,3.0705001039e-12,-3.8858953762e-13,2.0753164811e-12,0
1699,10918,42001,4.1579750264e-12,-3.4453997464e-12,2.5541697374e-12,0
1699,11356,42001,5.1089434917e-12,-4.7819668303e-12,-5.7807151079e-13,0
1699,12631,42011,5.4526161441e-12,2.5778534921e-12,1.5972707696e-12,0
1699,16951,42001,4.8717930965e-12,-3.2547457846e-12,-1.3711026105e-12,0
1699,32209,42001,5.1796083380e-12,-4.3235630294e-12,-1.9900224090e-13,0
1699,35332,42007,3.2819960333e-12,-2.3492605804e-12,-3.2115693776e-13,0
1699,1162,42008,5.1654657589e-12,-1.1591881408e-12,-1.3263380934e-12,0
1699,18937,42010,8.1420427745e-12,-6.2063244311e-12,-2.2075561953e-12,0
1700,18937,42010,4.4191082905e-12,3.7797258307e-12,-1.7388877499e-12,0
1700,1162,42008,9.8095702336e-12,7.8266387275e-12,-3.3924654441e-13,0
1700,35332,42007,4.3416313121e-12,-3.3355942631e-12,-5.0876160629e-13,0
1700,32209,42001,2.2152864108e-12,1.4280081296e-12,-2.6660167245e-13,0
1700,10918,42001,5.1123146419e-12,3.7448715031e-12,2.1821098955e-12,0
1700,11356,42001,6.6778313725e-12,4.3009229756e-12,-1.9186265210e-13,0
1700,16951,42001,4.5456639531e-12,2.1782927973e-12,-1.2168122134e-12,0
1700,12631,42011,8.2347185200e-12,-4.5402740483e-12,1.3667299880e-12,0
1701,10918,42001,3.9360732532e-12,-2.7608477450e-12,1.8228300663e-12,0
1701,11356,42001,4.0162402820e-12,-3.4832230291e-12,-2.5379909262e-13,0
1701,16951,42001,5.1549682960e-12,-3.6928379782e-12,-1.0366726233e-12,0
1701,12631,42011,1.0266544962e-11,6.1070954237e-12,1.8308182537e-12,0
1701,1162,42008,9.8797294423e-12,-3.7051248277e-12,-8.0858955426e-13,0
1701,32209,42001,6.4879680451e-12,-5.4192084380e-12,-6.2596065360e-13,0
1701,35332,42007,1.7769417386e-12,1.4312370450e-12,-5.7643620593e-14,0
1701,18937,42010,6.9675446671e-12,-3.7603783259e-12,-1.8090177619e-12,0
1702,18937,42010,3.0697916184e-12,-6.4373803199e-13,-1.6096632427e-12,0
1702,1162,42008,3.8690693147e-12,3.0466508704e-12,-3.3809786500e-13,0
1702,32209,42001,3.3952252834e-12,2.8961871696e-12,-3.2341305633e-13,0
1702,35332,42007,3.4644612606e-12,-1.0825311392e-12,-1.9497196277e-13,0
1702,10918,42001,1.1147887229e-11,1.0436702079e-11,2.5649121294e-12,0
1702,11356,42001,1.0079129367e-11,7.6401770589e-12,3.0906678186e-13,0
1702,16951,42001,3.5329179240e-12,2.8095307805e-12,-9.8364740490e-13,0
1702,12631,42011,5.2328558541e-12,3.8016595349e-12,1.9358853416e-12,0
1703,10918,42001,6.7322960061e-12,-6.4186372776e-12,1.7575522037e-12,0
1703,32209,42001,6.1261880855e-12,-4.4932761878e-12,-6.4863522701e-13,0
1703,11356,42001,5.2296551038e-12,-5.0097732749e-12,-1.5973294773e-13,0
1703,16951,42001,6.9429459603e-12,-3.8675098806e-12,-9.8309989445e-13,0
1703,12631,42011,4.7141736273e-12,2.3692706054e-13,1.5971376810e-12,0
1703,18937,42010,2.8004322307e-12,1.6740942337e-12,-1.4674475400e-12,0
1703,35332,42007,5.4182737604e-12,1.9474520359e-12,-2.5782780941e-13,0
1703,1162,42008,5.5416950261e-12,-3.1678221579e-12,-3.7367341715e-13,0
1704,1162,42008,9.0557788926e-13,4.6938928083e-13,-2.2702560565e-13,0
1704,35332,42007,4.8184711504e-12,3.0497575669e-13,-5.8101505439e-13,0
1704,18937,42010,3.9857024747e-12,-2.2173156354e-12,-1.6345304526e-12,0
1704,16951,42001,4.7097497053e-12,1.2662385548e-12,-1.1698301735e-12,0
1704,32209,42001,7.2239257696e-12,6.5510749168e-12,-6.5433421944e-13,0
1704,10918,42001,1.1600098211e-11,1.0236219827e-11,2.2930411163e-12,0
1704,11356,42001,8.0726024732e-12,4.8623718302e-12,-3.3287333649e-14,0
1704,12631,42011,3.2737352141e-12,-1.1075620763e-12,1.0879336302e-12,0
1705,10918,42001,6.8791527683e-12,-4.7538047139e-13,2.1427322438e-12,0
1705,11356,42001,6.3373151216e-12,-5.2150722233e-12,-1.3097230761e-13,0
1705,12631,42011,4.2645683418e-12,1.9641274465e-13,1.1422871964e-12,0
1705,18937,42010,7.5890016091e-12,-5.2183166250e-12,-1.8100749617e-12,0
1705,32209,42001,1.1586763849e-11,-8.8697569277e-12,-8.3987812684e-13,0
1705,35332,42007,3.8849898669e-12,-1.4574993359e-13,-2.1284511449e-13,0
1705,16951,42001,5.6760455990e-12,-4.2703297864e-12,-7.9479359198e-13,0
1705,1162,42008,5.4598998657e-12,-1.2988516316e-12,-1.8588806410e-13,0
1706,16951,42001,5.7907875097e-12,5.6048235451e-12,-9.0755922420e-14,0
1706,32209,42001,7.1399446616e-12,5.4506757777e-12,-6.9086694203e-13,0
1706,18937,42010,1.3068852628e-12,7.5598920427e-13,-1.1684883739e-12,0
1706,35332,42007,6.8916953605e-12,-1.9996182631e-13,-1.6408820072e-14,0
1706,1162,42008,6.7521413147e-12,-1.3916736048e-12,-3.3204955658e-13,0
1706,10918,42001,7.7427271887e-12,7.6956882879e-12,2.6407852439e-12,0
1706,11356,42001,8.4974086114e-12,6.4005220107e-12,2.3697532508e-13,0
1706,12631,42011,5.6322721861e-12,-1.9439508437e-12,6.7695674514e-13,0
1707,32209,42001,8.2850914605e-12,-6.3913963265e-12,-1.0075482809e-12,0
1707,10918,42001,6.3544832276e-12,-3.8916375834e-12,1.9678267918e-12,0
1707,11356,42001,9.2752490627e-12,-7.8801433800e-12,-1.1544736472e-13,0
1707,1162,42008,1.4742169207e-12,-5.1382801368e-13,6.9501022696e-14,0
1707,12631,42011,4.2714397739e-12,7.6854016819e-13,5.7081119182e-13,0
1707,18937,42010,3.1545797672e-12,4.3785051349e-13,-1.2919643184e-12,0
1707,35332,42007,6.9391997323e-12,7.9153711584e-13,1.7065436710e-13,0
1707,16951,42001,1.0498584800e-11,-7.5542507505e-12,-9.4220882343e-13,0
1708,35332,42007,6.2899186622e-12,4.7190844088e-12,2.0811886196e-13,0
1708,18937,42010,3.4647655973e-12,1.0418571034e-12,-1.0356556164e-12,0
1708,10918,42001,1.2492189089e-11,1.1209489568e-11,2.6331068441e-12,1
1708,1162,42008,5.7880181392e-12,2.9703245640e-12,3.0765150661e-13,0
1708,16951,42001,5.9603754851e-12,3.9834926166e-12,-6.7972958861e-13,0
1708,11356,42001,8.9257015232e-12,8.0724629405e-12,4.9062780784e-13,0
1708,12631,42011,5.7722901723e-12,1.1025222351e-13,6.2069536793e-13,0
1708,32209,42001,4.5045392404e-12,4.1863890846e-12,-8.9848658311e-13,0
1709,32209,42001,3.0063397194e-12,-3.5827769312e-13,-5.0195804948e-13,0
1709,11356,42001,2.1432476934e-12,-1.9284767419e-12,7.7597681669e-13,0
1709,12631,42011,6.7085083949e-12,-1.1151134426e-12,2.5139867445e-13,0
1709,1162,42008,1.0890634728e-11,9.3327774397e-13,5.1689809509e-13,0
1709,18937,42010,7.1220595331e-12,-6.9261516757e-12,-1.1076383408e-12,0
1709,35332,42007,3.7032403524e-12,-3.2712573102e-12,1.1591918898e-13,0
1709,16951,42001,7.3659768018e-12,-3.9745392916e-12,-7.5170893930e-13,0
1710,32209,42001,3.5888411055e-12,5.4068564549e-14,-6.3935200599e-13,0
1710,11356,42001,4.8554360910e-12,4.0371621308e-12,7.4960073221e-13,0
1710,35332,42007,8.6726699944e-12,4.1630592053e-12,8.6578453582e-13,0
1710,18937,42010,4.0465086149e-12,-1.4034193536e-12,-1.6259528593e-12,0
1710,16951,42001,7.9489411780e-12,7.1593687914e-12,-2.5360133989e-13,0
1710,1162,42008,5.5718589995e-12,-2.1798701971e-12,-4.8375279737e-13,0
1710,12631,42011,3.1423601605e-12,2.6211220547e-12,9.6753828475e-13,0
1711,32209,42001,3.5271054509e-12,1.3100021819e-12,3.3569056006e-14,0
1711,35332,42007,3.4584655725e-12,3.1079943442e-13,7.5374077477e-13,0
1711,10918,42001,1.6322742094e-12,1.7112853016e-16,1.7112853016e-17,0
1711,11356,42001,4.4241516251e-12,-1.5870519577e-12,9.3921783934e-13,0
1711,16951,42001,8.3711330273e-12,3.6398697473e-12,4.7966943266e-13,0
1711,18937,42010,5.6010877334e-12,2.8055172474e-13,-1.2218598542e-12,0
1711,12631,42011,5.9971749001e-12,2.3857688237e-12,5.9540562475e-13,0
1711,1162,42008,3.8968741157e-12,1.9468889389e-12,8.1448579291e-14,0
1712,18937,42010,6.2552583796e-12,-6.1511467212e-12,-1.7726007231e-12,0
1712,1162,42008,5.1655509304e-12,-3.9011539550e-12,-6.1333190325e-13,0
1712,16951,42001,3.4366450364e-12,2.1202516593e-12,4.1074152054e-13,0
1712,10918,42001,2.2343026313e-12,-8.1889453904e-13,-8.1872341051e-14,0
1712,11356,42001,3.8259271455e-12,2.9889750238e-12,4.7409763583e-13,0
1712,32209,42001,5.0750847001e-12,3.8377606290e-12,1.2772640194e-13,0
1712,35332,42007,1.8606241485e-12,3.3089778012e-13,8.9508366670e-13,0
1712,12631,42011,5.0098035820e-12,-4.5697749136e-12,-2.4173782010e-13,0
1713,32209,42001,2.3912013495e-12,1.1244511102e-12,6.8949913175e-13,0
1713,16951,42001,4.1457217318e-12,-2.7728691235e-13,7.6976381736e-13,0
1713,10918,42001,2.9592773178e-12,-2.2398992404e-14,-8.4112240292e-14,0
1713,11356,42001,2.4539268928e-12,5.5226767887e-14,9.8059764010e-13,0
1713,12631,42011,3.5867808209e-12,2.6819422583e-12,2.7636996838e-15,0
1713,1162,42008,2.9368063618e-12,2.4770048167e-13,-2.7177963929e-13,0
1713,18937,42010,3.2212572482e-12,6.4050864875e-13,-1.8759592816e-12,0
1713,35332,42007,5.2991358943e-12,2.6496839928e-12,9.6530686239e-13,0
1714,18937,42010,7.7212568130e-12,2.2657828034e-12,-1.4276494377e-12,0
1714,1162,42008,4.0541771026e-12,3.5414532170e-12,3.5426754329e-14,0
1714,35332,42007,7.4742540365e-12,5.2123299875e-12,1.4560422855e-12,0
1714,10918,42001,3.0010850314e-12,2.6716101005e-13,-5.7396139287e-14,0
1714,11356,42001,5.1185066000e-12,1.4041277326e-12,6.3477323034e-13,0
1714,32209,42001,6.5498780040e-12,1.0986890315e-12,1.4426054322e-13,0
1714,16951,42001,7.4134948608e-12,2.8041496507e-12,9.2355492696e-13,0
1714,12631,42011,3.8516973844e-12,1.2353629694e-12,2.3705620426e-13,0
1715,32209,42001,9.4126117567e-12,7.9856630964e-12,1.8298025456e-12,0
1715,10918,42001,1.4665203088e-12,1.3198737562e-12,7.4591236333e-14,0
1715,35332,42007,7.4944096653e-12,-1.5097150151e-12,1.3196457773e-12,0
1715,16951,42001,5.4151844486e-12,2.8144116976e-12,1.6320290753e-12,0
1715,11356,42001,8.2207025880e-12,6.5975580055e-12,1.8160362532e-12,0
1715,18937,42010,5.2031928194e-12,-2.8159512102e-13,-9.3397728735e-13,0
1715,1162,42008,5.1777555671e-12,-4.9675041936e-12,-3.3143850187e-13,0
1715,12631,42011,6.7275831718e-12,-1.1314657728e-12,1.0426835251e-13,0
1716,10918,42001,5.1616757145e-12,-4.3024617879e-12,-3.5565494246e-13,0
1716,11356,42001,4.9790222590e-12,-2.7750781964e-12,8.9847623250e-13,0
1716,12631,42011,5.7292396719e-12,-4.0862387416e-12,-1.0996043728e-13,0
1716,32209,42001,2.0205172097e-12,-1.6087778563e-12,1.1238571822e-12,0
1716,16951,42001,3.8130587028e-12,6.0371867008e-13,1.1319185878e-12,0
1716,1162,42008,3.8180088734e-12,3.7585032201e-12,1.8357918062e-13,0
1716,18937,42010,4.0136862417e-12,-2.9689259114e-13,-1.0392654669e-12,0
1716,35332,42007,2.8323071531e-12,-2.7248686412e-12,1.0671550958e-12,0
1717,32209,42001,4.1231891139e-12,-2.9890753498e-12,1.4640892799e-12,0
1717,35332,42007,1.0595180403e-11,9.0146097986e-12,1.8894623641e-12,0
1717,1162,42008,2.6533964791e-12,-7.8163131898e-13,1.5679885009e-13,0
1717,18937,42010,1.8345770583e-12,-2.3991528361e-14,-1.0854496711e-12,0
1717,16951,42001,1.2107905587e-12,-1.0506441254e-12,1.7822792504e-12,0
1717,10918,42001,3.4460800740e-12,2.1377680881e-12,-1.4187813365e-13,0
1717,11356,42001,9.3799098866e-12,7.5847306175e-12,2.4449636322e-12,0
1717,12631,42011,6.5915123337e-12,-4.4936624353e-13,-2.3175107845e-13,0
1718,10918,42001,2.9848391466e-12,-1.8285155939e-12,-3.2472969304e-13,0
1718,11356,42001,5.7679339465e-12,3.1688218972e-12,1.9545995279e-12,0
1718,16951,42001,7.4602834105e-12,-1.0228679091e-12,1.2816431978e-12,0
1718,32209,42001,4.7022747296e-12,2.1087487404e-12,1.2563252455e-12,0
1718,12631,42011,3.2489043414e-12,3.0325401268e-12,6.0477711874e-14,0
1718,18937,42010,8.7156674127e-12,-7.8942305680e-12,-1.9790584382e-12,0
1718,1162,42008,7.0369457096e-12,5.8535018234e-12,4.4511657603e-13,0
1718,35332,42007,7.7773051406e-12,-6.4185190841e-12,7.7570201481e-13,0
1719,32209,42001,2.9897213471e-12,-6.0612042819e-13,1.2315409720e-12,0
1719,1162,42008,7.3482180112e-12,3.4154310791e-12,6.9333190954e-13,0
1719,10918,42001,3.7564048391e-12,9.8162958332e-13,-2.2656673471e-13,0
1719,11356,42001,1.0219733667e-11,9.7515670362e-12,3.1226039057e-12,0
1719,18937,42010,1.0495553797e-11,6.7879816952e-12,-6.0764510113e-13,0
1719,16951,42001,6.2760749634e-12,3.7668624981e-12,2.0557833768e-12,0
1719,12631,42011,8.7679822276e-12,-3.5623391681e-12,-1.8424486067e-13,0
1719,35332,42007,5.2672375127e-12,3.6159165627e-12,1.4644194021e-12,0
1720,10918,42001,4.1819271973e-12,-1.7085131118e-12,-3.9741804589e-13,0
1720,11356,42001,1.5682714111e-12,-1.1986738960e-12,2.5990203030e-12,0
1720,16951,42001,7.8219905669e-12,-5.9124660311e-12,7.4859989451e-13,0
1720,1162,42008,3.7058116553e-12,-3.2309382392e-12,5.8822510533e-13,0
1720,32209,42001,3.5381005700e-12,2.4462554818e-13,1.2505966703e-12,0
1720,12631,42011,3.0055884982e-12,5.1274868131e-13,-3.9508219801e-13,0
1720,18937,42010,1.2570069406e-11,-1.2552077272e-11,-1.7225108929e-12,1
1720,35332,42007,4.6372797675e-12,-2.2611975411e-12,8.2199372745e-13,0
1721,32209,42001,5.2677973219e-12,3.7776682933e-12,1.4973632815e-12,0
1721,35332,42007,5.7469582194e-12,5.6140595372e-12,1.3523197377e-12,0
1721,10918,42001,4.7036165569e-12,3.3248800260e-12,-6.4947156145e-14,0
1721,11356,42001,7.2425522846e-12,6.9272491119e-12,3.4504504100e-12,0
1721,12631,42011,8.6028516756e-12,-5.8049455578e-12,-1.2141536362e-12,0
1721,16951,42001,5.5187237746e-12,5.4410890882e-12,9.2872182860e-13,0
1721,1162,42008,2.5512039523e-12,-7.1524261808e-13,3.2201194963e-13,0
1722,10918,42001,8.1474826626e-12,-7.7965353405e-12,-7.6271123629e-13,0
1722,11356,42001,6.7517279676e-12,-5.9406028062e-12,2.5574926270e-12,0
1722,12631,42011,8.6779588467e-12,8.0363224977e-12,4.6456104972e-14,0
1722,16951,42001,1.2624222511e-11,-1.0288824156e-11,-3.1218575293e-13,1
1722,32209,42001,5.2320477799e-12,-4.7469996249e-12,6.3888725607e-13,0
1722,1162,42008,6.4873026759e-12,6.3213820103e-12,1.3442655462e-12,0
1722,35332,42007,2.3278047893e-12,8.1231693077e-13,1.4004616528e-12,0
1723,32209,42001,5.5359359347e-12,4.5761060582e-12,9.8405275086e-13,0
1723,1162,42008,2.6889180320e-12,-1.0198144073e-12,1.2175140573e-12,0
1723,10918,42001,9.1551717587e-12,7.6704453929e-12,6.5732022412e-15,0
1723,11356,42001,7.8248031602e-12,6.8013447987e-12,3.2321044301e-12,0
1723,35332,42007,4.7769827666e-12,2.0759186045e-12,1.3430851140e-12,0
1723,12631,42011,7.8015664962e-12,-6.2855070339e-12,-8.5028882425e-13,0
1724,32209,42001,4.6510682365e-12,-2.8757350556e-12,5.8661034215e-13,0
1724,10918,42001,6.3901049987e-12,-5.5678389917e-12,-5.7692679794e-13,0
1724,11356,42001,4.2173422969e-12,-2.2765726970e-12,2.8640343871e-12,0
1724,12631,42011,9.4791689237e-12,7.5591833444e-12,-2.1790678676e-13,0
1724,1162,42008,2.3973302757e-12,-1.7926212087e-12,6.8410661469e-13,0
1724,35332,42007,7.5888906754e-12,3.9719372989e-12,1.2190458451e-12,0
1725,32209,42001,5.8182779698e-12,4.9589559471e-12,2.8393962722e-13,0
1725,10918,42001,4.7263772713e-12,2.3077251865e-12,-4.7814165491e-13,0
1725,11356,42001,5.4165391086e-12,3.8544351161e-12,2.5897220982e-12,0
1725,1162,42008,5.3200574689e-12,-3.4311483350e-14,1.1774258857e-12,0
1725,35332,42007,4.0957429177e-12,3.3507386184e-12,1.7050912085e-12,0
1725,12631,42011,5.0938438155e-12,-2.4972503016e-12,-3.5448523964e-13,1
1726,32209,42001,3.7743172884e-12,5.2228154925e-13,4.9704556778e-13,0
1726,10918,42001,5.1402645134e-12,-2.4491168841e-12,-2.9280716452e-13,0
1726,11356,42001,5.1911082230e-12,2.6738230641e-12,3.1346122242e-12,0
1726,35332,42007,6.8602986982e-12,-1.8312891563e-12,1.7944491569e-12,0
1726,1162,42008,5.9687304655e-12,-3.7412493831e-12,4.2745062540e-13,0
1727,32209,42001,2.6755593242e-12,7.9506134466e-15,7.9674816411e-13,0
1727,10918,42001,7.0678030461e-12,3.4285299302e-12,-1.6373098031e-13,0
1727,11356,42001,4.0020951254e-12,-1.7126798099e-12,2.2048711815e-12,0
1727,1162,42008,4.0932349951e-12,2.1659836111e-12,7.2221211841e-13,0
1727,35332,42007,6.6657022628e-12,5.0019649511e-12,1.3931846722e-12,0
1728,32209,42001,4.4716996910e-12,4.1309455922e-12,9.9896784929e-13,0
1728,10918,42001,4.4572331258e-12,2.4767393425e-12,2.6679451333e-13,0
1728,11356,42001,1.2087064252e-11,9.7275115560e-12,2.8607401474e-12,1
1728,1162,42008,2.3897258741e-12,-1.6225173753e-12,-2.5389801464e-14,0
1728,35332,42007,3.0336879137e-12,-1.6604809273e-12,1.8689884879e-12,0
1729,35332,42007,7.3668278524e-12,1.7071254331e-12,1.6781093749e-12,0
1729,1162,42008,5.4332505323e-12,-3.6262407390e-13,-4.0319531676e-13,0
1729,10918,42001,6.9541429199e-12,5.1414184578e-12,6.8277340078e-13,0
1729,11356,42001,4.7745500698e-12,-2.1862198625e-16,-2.1862198625e-17,0
1729,32209,42001,3.5095482386e-12,-3.1893805899e-12,7.4064183311e-13,0
1730,32209,42001,5.6045287549e-12,5.2740687442e-12,1.2435861527e-12,0
1730,10918,42001,5.4897711624e-12,5.4843950747e-12,1.4020642194e-12,0
1730,11356,42001,7.4528479871e-12,7.4272761463e-12,7.4270575244e-13,0
1730,1162,42008,4.6169660152e-12,-1.6762049723e-12,-2.4772199007e-13,0
1730,35332,42007,4.1624333771e-12,-2.1794963094e-12,1.6862794981e-12,0
1731,35332,42007,4.8859962488e-12,1.3278789334e-12,1.2576614377e-12,0
1731,10918,42001,4.9167041179e-12,-3.6078243093e-12,7.0879378590e-13,0
1731,11356,42001,6.6634502598e-12,7.8810842510e-13,8.2151659495e-13,0
1731,1162,42008,4.7600729524e-12,1.7437680430e-12,-1.8209239642e-15,0
1731,32209,42001,6.8748613494e-12,5.8038981610e-13,9.2385830500e-13,0
1732,32209,42001,6.7758301561e-12,6.0344779061e-12,2.0020060581e-12,0
1732,10918,42001,4.3219629658e-12,4.2352800012e-12,1.9119753201e-12,0
1732,11356,42001,4.9988561304e-12,-4.0438442117e-12,4.1713217377e-13,0
1732,35332,42007,2.4499917266e-12,2.3500268843e-12,1.4114324331e-12,0
1732,1162,42008,4.2483174782e-12,1.1466260747e-12,-5.1929651752e-13,0
1733,10918,42001,3.0542328400e-12,2.2258016326e-12,1.3675109440e-12,0
1733,11356,42001,3.9028044434e-12,2.4564792264e-12,6.6278009641e-13,0
1733,1162,42008,6.2089679668e-12,-6.7593419344e-13,-4.8490849613e-13,0
1733,35332,42007,1.5390313657e-12,5.6413950956e-13,1.2602545236e-12,0
1733,32209,42001,3.3445390116e-12,-1.0796122880e-12,1.4364342235e-12,0
1734,35332,42007,3.2953431970e-12,2.3815234618e-12,1.1012131399e-12,0
1734,10918,42001,6.6828812003e-12,4.2929993083e-12,2.3535947740e-12,0
1734,11356,42001,9.7020662485e-12,8.5593297847e-12,1.5187130749e-12,0
1734,1162,42008,3.1495767717e-12,4.8409655836e-13,-2.5723671942e-13,0
1734,32209,42001,6.1242409489e-12,4.8713918540e-12,2.2111469145e-12,0
1735,32209,42001,2.4644677974e-12,1.2427255491e-12,1.8395238747e-12,0
1735,1162,42008,2.5255019576e-12,2.0680876506e-12,-4.6996806033e-14,0
1735,10918,42001,5.8613178877e-12,-1.3236411525e-12,1.9904581401e-12,0
1735,11356,42001,9.5078325487e-12,7.8423620067e-12,2.3029492756e-12,0
1735,35332,42007,4.7810332354e-12,9.1083830812e-13,8.5722310885e-13,0
1736,10918,42001,4.9989541321e-12,-1.6244643319e-12,2.0729233954e-12,0
1736,11356,42001,5.1600676024e-12,3.7693980223e-12,2.6798890778e-12,0
1736,35332,42007,3.8196353493e-12,-1.5710716188e-12,8.8324486259e-13,0
1736,32209,42001,4.1689426388e-12,1.0684003136e-12,1.8941357511e-12,0
1736,1162,42008,2.7012136757e-12,1.7375486821e-12,5.0088300049e-13,0
1737,32209,42001,3.2241982424e-12,7.6291831153e-13,1.9696325209e-12,0
1737,1162,42008,4.1179948820e-12,1.5198164453e-12,4.3626628390e-13,0
1737,35332,42007,3.5064279825e-12,-1.6589755834e-13,3.6645861164e-13,0
1737,10918,42001,3.6296291472e-12,-6.3886619119e-13,1.6661837832e-12,0
1737,11356,42001,5.4838765044e-12,3.3928234938e-12,3.0191714272e-12,0
1738,35332,42007,3.2904656425e-12,5.2250255943e-13,5.8475696032e-13,0
1738,32209,42001,4.5018632510e-12,1.3465211871e-12,1.6911900804e-12,0
1738,10918,42001,2.4695472444e-12,2.0219816434e-12,1.6207080133e-12,0
1738,1162,42008,4.2110076673e-12,3.0137635982e-12,8.9989438126e-13,0
1738,11356,42001,5.0866800901e-12,3.5768379224e-12,3.3768552194e-12,0
1739,32209,42001,3.2053327662e-12,-1.4748598384e-12,1.8626421555e-12,0
1739,1162,42008,9.8496920279e-12,-1.4129722960e-12,7.9485955905e-13,0
1739,10918,42001,4.9783007922e-12,3.6463742370e-12,1.4712035912e-12,0
1739,11356,42001,2.7013003731e-12,1.3138540147e-12,3.5082624831e-12,0
1739,35332,42007,1.8568307904e-12,-1.1373852599e-12,3.0030589102e-13,0
1740,10918,42001,6.8090536008e-12,5.4605187234e-12,1.4688159561e-12,0
1740,11356,42001,5.2718453683e-12,3.3876708102e-12,3.1043019495e-12,0
1740,1162,42008,7.8156918429e-12,4.7658284020e-12,1.4390628965e-12,0
1740,32209,42001,1.8755031865e-12,1.5996434660e-12,1.4951996277e-12,0
1740,35332,42007,7.9168511488e-12,2.1308547476e-12,7.3134099672e-13,0
1741,35332,42007,2.7905724604e-12,2.4585152137e-12,8.4440462475e-13,0
1741,32209,42001,4.6132665781e-12,4.1936435335e-12,1.8565249995e-12,0
1741,1162,42008,9.4165857860e-12,-4.9974129454e-12,7.6494479763e-13,0
1741,10918,42001,7.0871583010e-12,-3.1549693437e-12,1.5141014527e-12,0
1741,11356,42001,5.0917447210e-12,-3.5130493624e-12,2.6741861707e-12,0
1742,10918,42001,4.8501056757e-12,2.0238949735e-12,1.2929629499e-12,0
1742,11356,42001,3.5290818171e-12,2.5048128722e-12,3.3290518791e-12,0
1742,1162,42008,3.9324206139e-12,3.1384972441e-12,9.6413191457e-13,0
1742,32209,42001,3.2526879269e-12,1.5694388499e-12,1.4100210938e-12,0
1742,35332,42007,1.5314705907e-12,-8.0295914929e-13,5.2910602139e-13,0
1743,1162,42008,3.4982311994e-12,-2.2854310882e-12,8.0318222509e-13,0
1743,35332,42007,2.3506234453e-12,1.7378699727e-12,6.4647906770e-13,0
1743,32209,42001,4.2442377112e-12,2.8821122075e-12,1.8061935434e-12,0
1743,10918,42001,8.3980473798e-12,-7.9472640716e-13,9.9091014590e-13,0
1743,11356,42001,4.8541555982e-12,2.8289242550e-12,3.3662963820e-12,0
1744,10918,42001,5.3854396327e-12,1.8299540122e-12,7.4460561630e-13,0
1744,11356,42001,3.8288160973e-12,-2.5523704986e-12,2.2551263536e-12,0
1744,1162,42008,3.9133335886e-12,9.3228215593e-13,8.4800078485e-13,0
1744,32209,42001,3.4084194561e-12,1.8590938398e-13,1.3376452964e-12,0
1744,35332,42007,2.1166771107e-12,1.3200577885e-12,5.4033250038e-13,0
1745,1162,42008,3.2661462252e-12,6.4654774157e-13,7.0584679395e-13,0
1745,32209,42001,8.4090893604e-12,5.4009131605e-12,1.7534640575e-12,0
1745,10918,42001,5.9201771124e-12,3.6304695046e-12,1.2400166820e-12,0
1745,11356,42001,8.4537377751e-12,6.6759643423e-12,2.1384865872e-12,0
1745,35332,42007,6.7613853707e-12,-1.0529212486e-12,3.4395654470e-13,0
1746,35332,42007,3.3178884780e-12,3.0449140896e-12,8.0555511554e-13,0
1746,10918,42001,3.2399179377e-12,2.3936518976e-12,1.6418283050e-12,0
1746,11356,42001,3.5169090914e-12,3.3476718075e-12,2.0963139657e-12,0
1746,1162,42008,4.6098426893e-12,-2.6592805593e-12,2.6616386981e-13,0
1746,32209,42001,6.4819855402e-12,2.9710698358e-12,1.9437310097e-12,0
1747,1162,42008,5.9770121968e-12,-1.9853767809e-12,-8.4355452804e-14,0
1747,32209,42001,2.2238235086e-12,1.4692346656e-13,1.8821315252e-12,0
1747,35332,42007,7.7490765248e-12,-7.2901463512e-12,9.3130236260e-14,0
1747,10918,42001,5.6061358437e-12,-1.3490992827e-12,1.5708049958e-12,0
1747,11356,42001,1.2777454369e-12,-2.0860627775e-13,1.7361709885e-12,0
1748,35332,42007,5.6419684843e-12,3.7286385260e-12,4.1374383292e-13,0
1748,10918,42001,8.1658185986e-12,6.0745145738e-12,1.9760582888e-12,0
1748,11356,42001,1.8475741117e-12,3.3941101641e-13,1.4124282979e-12,0
1748,1162,42008,4.0102805200e-12,-3.3429054369e-12,-7.2002235631e-13,0
1748,32209,42001,5.8259717167e-12,3.8047959987e-14,1.7512842025e-12,0
1749,32209,42001,3.5726963895e-12,-2.6916800517e-12,1.6296021812e-12,0
1749,1162,42008,3.1908010167e-12,5.7469617853e-13,-5.2125550886e-13,0
1749,10918,42001,5.4696487864e-12,-4.7559243035e-12,1.1358284348e-12,0
1749,11356,42001,4.2252570088e-12,-3.5138882243e-12,9.2965407404e-13,0
1749,35332,42007,6.1869685198e-12,2.5553816785e-12,7.8302052676e-13,0
1750,35332,42007,1.7557524163e-12,2.3338978989e-13,5.9327403098e-13,0
1750,10918,42001,9.3310525590e-12,7.7800540979e-12,1.3677819722e-12,0
1750,1162,42008,5.1379689312e-12,-1.0492816568e-12,-1.1027665147e-12,0
1750,11356,42001,6.5821998753e-12,5.1357410813e-12,1.1044611011e-12,0
1750,32209,42001,6.9240123160e-12,6.8746638728e-12,2.1571042219e-12,0
1751,32209,42001,5.8879163530e-12,-3.5863962366e-12,1.3791002449e-12,0
1751,1162,42008,1.3525992402e-12,9.8801922659e-13,-5.0422329753e-13,0
1751,10918,42001,7.6451968697e-12,4.3872312755e-12,2.1220020342e-12,0
1751,11356,42001,4.3774106012e-12,-3.4379730202e-12,1.1119687354e-12,0
1751,35332,42007,2.6396920326e-12,2.0578075293e-12,5.5320326254e-13,0
1752,10918,42001,5.8781360899e-12,2.7817106717e-12,2.1977836040e-12,0
1752,11356,42001,4.5066497497e-12,1.0567947075e-12,9.6716691889e-13,0
1752,1162,42008,3.6647399941e-12,3.4468573963e-12,-4.7338728231e-13,0
1752,35332,42007,6.4036478185e-12,-3.3269771983e-12,3.0080145763e-13,0
1752,32209,42001,8.9523073021e-12,2.8649324380e-12,1.5086496037e-12,0
1753,32209,42001,5.0004251626e-12,-1.8150288831e-12,1.0389354946e-12,0
1753,35332,42007,3.8152270746e-12,-6.4947125060e-13,6.2067335308e-14,0
1753,1162,42008,4.5561438234e-12,-1.2989412332e-12,-3.7473829681e-13,0
1753,10918,42001,5.3088345697e-12,2.7788412554e-12,2.5551403702e-12,0
1753,11356,42001,4.0386879197e-12,-3.2316329917e-12,3.6111119423e-13,0
1753,12631,42011,4.5281660492e-12,3.3122692644e-16,3.3122692644e-17,0
1754,1162,42008,3.5252345760e-12,-1.9703458668e-12,-6.6500109908e-13,0
1754,10918,42001,6.1292637507e-12,6.2106824174e-13,2.4342517932e-12,0
1754,11356,42001,1.7059200786e-12,-9.7261227922e-13,5.1908701618e-13,0
1754,32209,42001,6.4087329441e-13,4.2034684679e-13,1.0623792409e-12,0
1754,12631,42011,5.4860518306e-12,4.0258715862e-12,4.0262028131e-13,0
1754,35332,42007,3.9225273035e-12,1.1994728454e-12,5.0008840995e-14,0
1755,35332,42007,6.1282784450e-12,-4.1211570365e-12,-2.5681473779e-13,0
1755,32209,42001,2.4585054272e-12,-7.9090361816e-13,4.4319756304e-13,0
1755,10918,42001,4.1055123714e-12,1.1987359480e-12,2.1910784375e-12,0
1755,11356,42001,5.4033733843e-12,-3.3137586217e-13,-1.8164700427e-13,0
1755,1162,42008,3.3998943664e-12,3.1052894357e-12,-4.1912692966e-13,0
1755,12631,42011,8.3788811203e-12,-1.8860332473e-13,3.8375994884e-13,0
1756,1162,42008,5.8672026298e-12,-4.7618371125e-12,-6.2938258498e-13,0
1756,10918,42001,6.0304222934e-12,4.6102679541e-12,2.4127400432e-12,0
1756,11356,42001,2.1688171924e-12,-4.2744738542e-13,-5.5915892355e-13,0
1756,12631,42011,4.7212044412e-12,3.0081347612e-12,6.8457342496e-13,0
1756,32209,42001,6.8214108260e-12,3.4810254131e-12,4.9419312076e-13,0
1756,35332,42007,5.5616456636e-12,-4.1749295354e-12,-9.7879910030e-13,0
1757,32209,42001,2.5267103787e-12,-1.4040079116e-12,3.3909998294e-13,0
1757,10918,42001,4.7429640596e-12,-3.5086846335e-12,2.1967815081e-12,0
1757,11356,42001,5.0157191862e-12,-4.0986627320e-12,-9.4816456898e-13,0
1757,12631,42011,7.2738478804e-12,5.5255087843e-12,1.2371243034e-12,0
1757,1162,42008,8.0673428666e-12,7.3011325298e-13,-3.5783358159e-13,0
1757,35332,42007,4.2890352126e-12,-2.3715998311e-12,-4.8694444829e-13,0
1758,1162,42008,1.4535919345e-12,-1.3505791930e-14,-2.4893617102e-14,0
1758,10918,42001,2.3721072393e-12,7.0363936204e-13,1.6596939869e-12,0
1758,32209,42001,3.5062030788e-12,-6.8191513895e-13,2.6710367305e-13,0
1758,11356,42001,3.4780605286e-12,2.3412439103e-12,-7.4798127959e-13,0
1758,35332,42007,6.5597986859e-12,3.6766234511e-12,-4.9214595579e-13,0
1758,12631,42011,5.1607156449e-12,-4.2847350444e-12,8.0865079895e-13,0
1759,32209,42001,3.0136698627e-12,-1.2258394007e-12,4.1368773816e-13,0
1759,35332,42007,5.7597823752e-12,-2.7742663394e-12,-1.0251107576e-12,0
1759,10918,42001,6.6493610692e-12,1.8869581691e-12,2.3239822342e-12,0
1759,11356,42001,2.7403653046e-12,-1.4138567857e-12,-5.3797813573e-13,0
1759,12631,42011,1.1536782046e-11,1.0403653068e-11,1.8490161057e-12,0
1759,1162,42008,4.3414281151e-12,-3.1805707710e-14,-8.5543805726e-14,0
1760,1162,42008,3.8075415627e-12,1.3745903617e-12,1.5684339612e-13,0
1760,32209,42001,3.1401152438e-12,1.5737088008e-12,-1.1640776904e-13,0
1760,10918,42001,5.5105915841e-12,-2.1041780082e-12,1.3355590236e-12,0
1760,11356,42001,1.1002760763e-12,5.5001650920e-13,-9.9655059294e-13,0
1760,35332,42007,9.1163152232e-12,4.7472020682e-12,-5.7372952974e-13,0
1760,12631,42011,2.3355916322e-12,5.5817588825e-13,1.9048336945e-12,0
1761,35332,42007,8.4428646897e-12,-7.1668893451e-12,-1.4961992172e-12,0
1761,10918,42001,3.9949546131e-12,-3.5708894594e-12,5.3974695009e-13,0
1761,11356,42001,2.3679709993e-12,-2.1745974714e-12,-8.7021303806e-13,0
1761,32209,42001,4.1177803550e-12,-1.3105493249e-12,1.1117692213e-13,0
1761,12631,42011,6.6102277406e-12,4.8100918214e-12,2.3858428767e-12,0
1761,1162,42008,4.0404372031e-12,-1.6796624646e-12,-1.0992477299e-13,0
1762,1162,42008,2.5836577227e-12,1.8518177401e-12,-2.6942873861e-13,0
1762,32209,42001,4.5179673660e-12,-5.2440401217e-13,-2.2775672288e-13,0
1762,10918,42001,6.0986236893e-12,-3.0512338164e-12,-4.3547498716e-14,0
1762,11356,42001,4.3387133838e-12,2.6172208892e-12,-7.1417041989e-13,0
1762,12631,42011,1.8550283166e-12,5.8517746731e-13,2.4443606234e-12,0
1762,35332,42007,3.6064162218e-12,2.0821376495e-12,-9.5528773240e-13,0
1763,1162,42008,5.9787224598e-12,5.8893131582e-12,4.4939670053e-13,0
1763,10918,42001,3.1488257863e-12,-2.0584596090e-12,-5.2727758515e-13,0
1763,35332,42007,6.7370174150e-12,-6.0268702131e-12,-1.4930276286e-12,1
1763,11356,42001,5.1709202606e-12,2.6956877467e-12,-1.2143834605e-13,0
1763,12631,42011,7.8807908551e-12,7.5122027701e-13,2.5194495284e-12,0
1763,32209,42001,4.5883636060e-12,-1.4228403410e-12,-1.8853786867e-13,0
1764,1162,42008,8.3849533653e-12,-4.3784895087e-12,2.0858233633e-13,0
1764,32209,42001,2.6243674564e-12,-1.8997995766e-12,-4.2055251101e-13,0
1764,10918,42001,5.4507456825e-12,-5.0058744790e-12,-1.0899718572e-12,0
1764,11356,42001,2.0777292137e-12,8.0423722454e-13,5.6246604323e-14,0
1764,12631,42011,1.3784122942e-12,-8.7553147007e-13,2.0293092228e-12,0
1765,10918,42001,3.8968643009e-12,1.0656876547e-12,-1.1032766866e-12,0
1765,11356,42001,1.0221149434e-11,7.1251585256e-12,8.0190004310e-13,0
1765,12631,42011,8.9696375888e-12,8.0877577310e-12,2.8569453284e-12,0
1765,32209,42001,2.8968525070e-12,-1.6134150843e-12,-5.0280365763e-13,0
1765,1162,42008,5.8745130118e-12,5.0651751245e-12,4.0457090521e-13,0
1766,1162,42008,9.2715103652e-13,-7.2420031035e-13,8.0833458542e-13,0
1766,32209,42001,1.0297025461e-11,-9.4698246851e-12,-1.7978886675e-12,0
1766,10918,42001,5.8643244396e-12,-4.7227728041e-12,-2.0365807624e-12,0
1766,11356,42001,7.9440926422e-12,4.1460837374e-13,8.8610561902e-13,0
1766,12631,42011,6.8317063896e-12,-5.4665742512e-12,2.0094744271e-12,0
1767,26413,42006,4.4835159362e-12,2.6783047303e-17,2.6783047303e-18,0
1767,35332,42007,4.7196888799e-12,-9.5028262047e-17,-9.5028262047e-18,0
1767,32209,42001,4.1914089368e-12,-9.8058871074e-13,-1.7555467474e-12,0
1767,1162,42008,4.9331929205e-12,4.5714617951e-12,1.1924694396e-12,0
1767,10918,42001,4.6119586698e-12,3.9954883150e-12,-1.2861634675e-12,0
1767,11356,42001,6.6954669421e-12,3.1905131703e-12,1.6150232093e-12,0
1767,12631,42011,7.6455590760e-12,6.9552006530e-12,2.1524436140e-12,0
1768,35332,42007,7.1898115988e-12,-5.5164968923e-12,-5.5165919206e-13,0
1768,32209,42001,3.0332335074e-12,-2.2388294375e-12,-1.9112381772e-12,0
1768,1162,42008,7.7328892054e-12,-6.5532844657e-12,5.3849157225e-13,0
1768,10918,42001,1.9982892948e-12,-3.2863354901e-13,-1.3893907586e-12,0
1768,26413,42006,2.5706568709e-12,-4.4068451943e-14,-4.4041668896e-15,0
1768,11356,42001,1.9930052402e-12,-1.2776735114e-12,1.2531314671e-12,0
1768,12631,42011,3.5877011846e-12,-6.3899755388e-13,2.5170173630e-12,0
1769,35332,42007,2.6620643974e-12,1.0399168664e-13,-5.4126002339e-13,0
1769,26413,42006,6.0165881733e-12,2.1521473276e-12,2.1081056587e-13,0
1769,10918,42001,5.0181360005e-12,3.5076701048e-12,-1.2273195650e-12,0
1769,11356,42001,7.3497368703e-12,4.8983510320e-12,1.8843522489e-12,0
1769,12631,42011,3.4088380352e-12,2.4444323097e-12,1.7210952872e-12,0
1769,32209,42001,3.4248209519e-12,-1.0209496885e-12,-1.8907492060e-12,0
1769,1162,42008,1.0681327316e-11,4.0935557526e-12,9.5102771828e-13,0
1770,35332,42007,4.8472545771e-12,-3.9695672069e-12,-9.3821674408e-13,0
1770,32209,42001,8.6661431952e-12,-6.1821723374e-12,-2.6663373198e-12,0
1770,1162,42008,2.0539196371e-12,2.0397666433e-12,1.0175453464e-12,0
1770,26413,42006,6.1087822376e-12,3.7304938797e-13,2.4811550466e-13,0
1770,10918,42001,1.0226898442e-11,-9.1972412463e-12,-1.9366258889e-12,0
1770,11356,42001,2.4538831576e-12,2.3616674758e-12,2.0655173455e-12,0
1770,12631,42011,8.1965297819e-12,8.1761619302e-12,2.4828938914e-12,0
1771,10918,42001,1.1114826075e-11,7.7071915565e-12,-8.0881778727e-13,0
1771,11356,42001,6.0177192148e-12,5.9379293077e-12,2.8767700234e-12,0
1771,1162,42008,6.4352694248e-12,-4.2072437544e-12,7.6478721746e-13,0
1771,26413,42006,3.2119795062e-12,2.7635687830e-12,5.2447238296e-13,0
1771,12631,42011,5.5627291485e-12,-5.1911425761e-12,1.4827704517e-12,0
1771,32209,42001,4.9711430661e-12,-2.6875132664e-12,-2.8040337140e-12,0
1771,35332,42007,2.6894316782e-12,-1.8327260771e-12,-1.1214893518e-12,0
1772,35332,42007,9.5553640954e-13,-2.7959850876e-14,-1.1242853369e-12,0
1772,32209,42001,4.2494113412e-12,-2.2056819625e-12,-2.9721615090e-12,0
1772,26413,42006,4.7803916076e-12,-3.1703782080e-12,2.0743456217e-13,0
1772,1162,42008,3.1695473353e-12,3.0538614826e-12,8.8499159171e-13,0
1772,10918,42001,9.4362265153e-12,-3.9015066520e-12,-8.9384507083e-13,0
1772,11356,42001,1.0488160539e-11,5.4397103631e-12,3.1590189708e-12,0
1772,12631,42011,5.0630790103e-12,3.0912972967e-12,1.7333824346e-12,0
1773,10918,42001,1.5993523242e-12,-2.7645234900e-13,-7.1564434484e-13,0
1773,26413,42006,3.1296712399e-12,2.1926167652e-12,4.2669623869e-13,0
1773,32209,42001,3.8242430028e-12,-1.4050071269e-12,-2.9703781876e-12,0
1773,11356,42001,6.1115121872e-12,3.4071226299e-12,3.2301624591e-12,0
1773,1162,42008,7.7551079245e-12,-3.5204054228e-12,-5.5980266390e-14,0
1773,12631,42011,7.1674073462e-12,-3.5741467906e-12,1.3008457279e-12,0
1773,35332,42007,4.4508320731e-12,-3.8362532309e-12,-1.5079106600e-12,0
1774,35332,42007,5.1612715894e-12,4.8022588511e-12,-1.0276847749e-12,0
1774,26413,42006,4.2407794883e-12,1.8620676654e-12,6.1290300524e-13,0
1774,10918,42001,8.1686353389e-12,1.2297832373e-12,-9.2078573209e-14,0
1774,11356,42001,3.3964664046e-12,3.0841619263e-12,3.4581549293e-12,0
1774,32209,42001,7.6085421318e-12,-3.9594114217e-12,-3.1763393721e-12,0
1774,12631,42011,6.7710394059e-12,5.4356912694e-12,1.9319680018e-12,0
1774,1162,42008,2.8357972195e-12,-5.7337060214e-13,3.2453162427e-13,0
1775,1162,42008,2.7191614973e-12,1.7815946548e-12,-3.8264226984e-15,0
1775,10918,42001,3.0126958952e-12,1.5265430074e-12,-4.5993037938e-14,0
1775,26413,42006,3.9283834849e-12,3.5651423900e-13,6.4855442914e-13,0
1775,11356,42001,4.3284488558e-12,3.2475593230e-12,3.0703950091e-12,0
1775,32209,42001,3.9068590675e-12,-2.3124535417e-12,-3.2462432179e-12,0
1775,12631,42011,7.1687243102e-12,-2.2166693120e-12,9.0152529752e-13,0
1775,35332,42007,8.6482034134e-12,-6.0347898730e-12,-1.6311637622e-12,0
1776,26413,42006,2.6993318121e-12,1.5381280579e-13,6.6393570971e-13,0
1776,35332,42007,7.4928239296e-12,2.2766782985e-12,-1.4034959323e-12,0
1776,32209,42001,1.4942816283e-12,-9.7971232632e-13,-2.3972319820e-12,0
1776,10918,42001,4.0878348490e-12,7.6643024010e-14,4.3394854487e-13,0
1776,11356,42001,5.2991576134e-12,8.4499432110e-13,3.1134336038e-12,0
1776,12631,42011,5.3400180837e-12,4.1166681767e-12,1.8598495403e-12,0
1776,1162,42008,3.6138540042e-12,1.2101024019e-12,1.8960384853e-13,0
1777,10918,42001,1.4768751287e-12,1.1594502998e-12,1.5034474336e-13,0
1777,11356,42001,7.1416776099e-12,6.9253217086e-12,3.4869144576e-12,0
1777,32209,42001,3.9523022835e-12,-2.4716408408e-12,-2.5463371950e-12,0
1777,1162,42008,5.6103031287e-12,-2.7356424443e-12,-5.4110657541e-13,0
1777,12631,42011,2.6435183249e-12,2.5915597791e-12,1.4234854529e-12,0
1777,26413,42006,3.3328782533e-12,1.2880502341e-12,7.9273805482e-13,0
1777,35332,42007,1.0446601310e-11,-9.8724878802e-12,-2.3907352175e-12,1
1778,26413,42006,4.7413838882e-12,-2.0483151163e-12,5.9231338839e-13,0
1778,32209,42001,1.4711023877e-12,-1.4422163047e-12,-2.4666758817e-12,0
1778,1162,42008,3.2497017329e-12,2.5451124484e-12,3.6873311600e-13,0
1778,10918,42001,2.9190574669e-12,7.1860076830e-13,2.5506817509e-13,0
1778,11356,42001,1.3962597549e-12,9.2938291932e-13,3.7076201007e-12,0
1778,12631,42011,4.7202283049e-12,4.0500292457e-12,1.8923881329e-12,0
1779,1162,42008,3.7089717741e-12,1.7212767520e-12,1.3150521594e-13,0
1779,26413,42006,4.6909807107e-12,4.5258774038e-12,8.2968639601e-13,0
1779,10918,42001,6.4538015688e-12,2.0019936094e-12,1.0450052554e-13,0
1779,32209,42001,3.9816954657e-12,1.7258948655e-12,-2.1919914263e-12,0
1779,11356,42001,4.7327980555e-12,3.9337272980e-12,3.6111577273e-12,0
1779,12631,42011,5.1855121362e-12,3.2413761132e-12,1.9720825132e-12,0
1780,35332,42007,4.2746294372e-12,-9.7496704765e-17,-9.7496704765e-18,0
1780,32209,42001,3.3263713145e-12,-1.9246687594e-12,-1.7662410685e-12,0
1780,26413,42006,2.5456497699e-12,4.2229476564e-13,8.3461093378e-13,0
1780,10918,42001,5.0019522499e-12,-2.4855937545e-12,7.7566527472e-13,0
1780,11356,42001,1.5224193729e-12,2.5867433997e-13,3.4008584137e-12,0
1780,12631,42011,2.0475322346e-12,-3.7088338439e-13,1.1173779818e-12,0
1780,1162,42008,3.0615465734e-12,2.0928931975e-12,1.3681787136e-13,0
1781,10918,42001,3.3436979096e-12,-4.6299289719e-13,-4.1353170651e-14,0
1781,11356,42001,4.7372942303e-12,3.3710247327e-12,3.1441679562e-12,0
1781,26413,42006,8.0539534714e-12,6.9018535087e-12,1.2484394063e-12,0
1781,12631,42011,6.9236517232e-12,4.9196218904e-12,2.1284544284e-12,0
1781,35332,42007,2.5836319537e-12,1.8323629793e-12,1.8322654826e-13,0
1781,32209,42001,7.5292927804e-12,-6.3367742573e-12,-2.1311671676e-12,0
1781,1162,42008,2.2820142444e-12,2.0507913744e-12,7.6262138424e-13,0
1782,26413,42006,6.1315661400e-12,-1.2104675821e-12,1.4444304689e-12,0
1782,10918,42001,1.8839399192e-12,-3.8208987809e-13,3.1058850674e-13,0
1782,1162,42008,4.9133540727e-12,2.7716834828e-12,7.3440358425e-13,0
1782,11356,42001,3.7140813009e-12,2.8112221896e-12,2.8813191388e-12,0
1782,12631,42011,7.3576314907e-12,-6.7535900731e-12,1.1439656915e-12,0
1782,35332,42007,7.6669613084e-13,9.5201808079e-14,1.9274672907e-13,0
1782,32209,42001,8.5743685700e-12,6.7756216879e-12,-1.2330368025e-12,0
1783,32209,42001,9.1616792196e-12,-8.8392805662e-12,-1.9764641465e-12,0
1783,1162,42008,8.1096797206e-12,-1.1231302568e-12,9.7413110085e-13,0
1783,26413,42006,1.2348529434e-11,4.0756952792e-13,1.2659257452e-12,1
1783,10918,42001,6.2850130859e-12,1.4239781515e-12,4.8063155679e-13,0
1783,35332,42007,5.2573306112e-12,-2.9637196393e-12,-1.0362523486e-13,0
1783,11356,42001,5.1344787886e-12,-1.0884803660e-12,2.4317588393e-12,0
1783,12631,42011,9.3967233375e-13,7.4678640102e-13,1.5760590106e-12,0
1784,1162,42008,3.5597457283e-12,-3.1138787619e-12,7.2008028487e-13,0
1784,10918,42001,8.4805061405e-12,7.1123540638e-12,1.0688886394e-12,0
1784,35332,42007,2.9495359625e-12,-2.1263935482e-12,-3.1626458969e-13,0
1784,32209,42001,1.1105794022e-11,1.0281452123e-12,-1.4777084831e-12,0
1784,11356,42001,4.3516234870e-12,3.4639776226e-12,2.4697404089e-12,0
1784,12631,42011,1.0714123698e-11,1.0069725557e-11,2.0394624394e-12,0
1785,10918,42001,4.5433789189e-12,-3.8201405996e-12,5.3422027875e-13,0
1785,11356,42001,2.6436267257e-12,-2.1021111388e-12,1.9347733627e-12,0
1785,32209,42001,6.6573859988e-12,-6.0331736655e-12,-1.8497804955e-12,0
1785,12631,42011,4.8146297781e-12,1.5807317325e-12,2.4192025438e-12,0
1785,35332,42007,5.4057509916e-12,-2.9388978728e-12,-6.1015437697e-13,0
1785,1162,42008,6.3603541475e-12,-1.2999731551e-12,4.1192350388e-13,0
1786,26413,42006,4.5486610386e-12,-8.2641324446e-17,-8.2641324446e-18,0
1786,1162,42008,7.8225372312e-12,-5.9972008542e-12,-3.0880682173e-13,0
1786,10918,42001,5.3596670355e-12,4.9536622060e-12,1.0219221969e-12,0
1786,35332,42007,5.6668736105e-12,-5.9461611232e-13,-6.6961598820e-13,0
1786,11356,42001,6.2740946236e-12,4.9970625909e-12,2.3499801897e-12,0
1786,32209,42001,6.9083205428e-12,4.1347057297e-12,-1.3383386899e-12,0
1786,12631,42011,2.7115979357e-12,-8.6129879052e-13,1.9214058471e-12,0
1787,26413,42006,3.7554648406e-12,2.2258830028e-12,2.2258003615e-13,0
1787,1162,42008,7.3263280949e-12,-1.5377335406e-12,-1.8901593137e-13,0
1787,32209,42001,1.1327602089e-11,-9.8490563223e-12,-2.0760802380e-12,0
1787,35332,42007,5.5731248641e-12,2.6052720577e-12,-4.0908878243e-13,0
1787,10918,42001,2.1498266726e-12,-1.6025961092e-12,7.4571755604e-13,0
1787,11356,42001,4.4800845804e-12,-1.5634084393e-12,1.5011071749e-12,0
1787,12631,42011,4.5219833690e-12,4.6419960135e-13,1.7086698293e-12,0
1788,32209,42001,4.5372179013e-12,-1.4632811069e-12,-2.0781867182e-12,0
1788,35332,42007,5.2399651904e-12,-4.8958837881e-12,-8.9867716125e-13,0
1788,26413,42006,1.2340470152e-12,-8.7461106471e-14,2.1383392550e-13,0
1788,10918,42001,7.5511311842e-12,6.0728251311e-12,1.2811399923e-12,0
1788,11356,42001,4.9046531782e-12,2.5199372373e-12,1.6601626067e-12,0
1788,1162,42008,6.0195661435e-12,5.3139410285e-12,8.7866926640e-14,0
1788,12631,42011,6.3053876153e-12,3.5701842891e-13,1.3393687476e-12,0
1789,10918,42001,6.5970576193e-12,-2.5574705593e-13,1.0553659258e-12,0
1789,11356,42001,2.6022406838e-12,7.8490906174e-13,1.3452807831e-12,0
1789,35332,42007,7.6354338333e-12,3.3383834665e-12,-5.6483881459e-13,0
1789,26413,42006,8.4397292821e-12,6.3493734815e-12,8.4877127365e-13,0
1789,12631,42011,2.6261206344e-12,1.6874509900e-12,1.1839762353e-12,0
1789,32209,42001,2.3773646636e-12,3.9985417174e-14,-2.2467776631e-12,0
1789,1162,42008,3.8493768766e-12,-2.8383105458e-12,-3.6809180314e-13,0
1790,1162,42008,6.4361016294e-12,-5.9146250091e-12,-1.1688436238e-12,0
1790,26413,42006,5.5367077033e-12,-2.1457138544e-12,6.3419988821e-13,0
1790,35332,42007,4.2802253172e-12,-2.7964152460e-12,-8.4447058952e-13,0
1790,10918,42001,2.2754826559e-12,-9.5949631536e-13,1.2079756697e-12,0
1790,11356,42001,7.9396654873e-12,6.8757398001e-12,2.0069873291e-12,0
1790,32209,42001,6.0937798196e-12,5.9132144743e-12,-1.4629893397e-12,0
1790,12631,42011,3.4010029916e-12,-2.2410096930e-12,9.9696360444e-13,0
1791,32209,42001,2.7448639359e-12,2.5071476801e-13,-8.0424043715e-13,0
1791,10918,42001,1.3591033922e-12,2.5875780065e-13,1.2801507395e-12,0
1791,11356,42001,3.2192023873e-12,-2.5831533012e-12,1.4115695257e-12,0
1791,35332,42007,5.7408716778e-12,-4.2469712104e-12,-1.4524040085e-12,0
1791,12631,42011,2.1722354916e-12,3.9698189635e-13,5.4469960504e-13,0
1791,26413,42006,6.4412327543e-12,1.7895735535e-12,8.1315724357e-13,0
1791,1162,42008,9.0315376962e-12,-6.5981939196e-12,-2.0337421532e-12,0
1792,26413,42006,2.8610449320e-12,1.4473346777e-12,9.5789071133e-13,0
1792,35332,42007,6.8761507690e-12,-2.5126417073e-12,-1.7131883600e-12,0
1792,10918,42001,5.9228035927e-12,4.4417495319e-12,1.7625346805e-12,0
1792,11356,42001,7.3746689810e-12,4.3552760113e-12,1.5659749079e-12,0
1792,32209,42001,4.5547621508e-12,2.7758048454e-12,-1.2042221214e-12,0
1792,1162,42008,4.7615406142e-12,-3.8845672415e-12,-2.6993672256e-12,0
1792,12631,42011,6.3892474928e-12,-5.6865303277e-12,6.5140557957e-13,0
1793,1162,42008,1.3165406038e-12,-1.7567531635e-13,-2.6046217316e-12,0
1793,10918,42001,7.0674489319e-12,-6.1284918389e-12,1.0072876814e-12,0
1793,35332,42007,2.8490954781e-12,-2.6758218160e-12,-1.6843985777e-12,0
1793,11356,42001,5.2816662159e-12,-1.8072617186e-12,1.4940967726e-12,0
1793,12631,42011,3.7982507058e-12,3.6300968454e-12,9.3973662401e-13,0
1793,26413,42006,7.6856445083e-12,5.1485545830e-12,1.4727461696e-12,0
1793,32209,42001,4.6000095222e-12,-9.0625536805e-13,-4.1091960159e-13,0
1794,26413,42006,2.7220353946e-12,3.5032012860e-13,1.5077781825e-12,0
1794,10918,42001,5.7370296777e-12,4.4034176270e-12,7.3639403776e-13,0
1794,1162,42008,5.8122986350e-12,-2.1353017095e-12,-2.5067640263e-12,0
1794,11356,42001,4.4163578531e-12,4.0266860591e-12,1.5503676163e-12,0
1794,35332,42007,6.3600722680e-12,-6.2196647583e-12,-2.0937256987e-12,0
1794,12631,42011,3.0592093824e-12,-2.3936782872e-12,-3.0660376039e-13,0
1794,32209,42001,7.5615289813e-12,8.0996280354e-13,-4.3273784247e-13,0
1795,26413,42006,5.9830526606e-12,5.9251624348e-12,2.1002944260e-12,0
1795,32209,42001,6.3143819669e-12,-5.1282067502e-12,-3.4224115093e-13,0
1795,35332,42007,1.4916138256e-12,-6.9467727191e-13,-1.8693036386e-12,0
1795,10918,42001,3.7066198036e-12,-3.0926612334e-12,8.0914197438e-13,0
1795,11356,42001,4.1047599503e-12,-3.6940107600e-12,1.3911776541e-12,0
1795,1162,42008,6.8191398352e-12,5.4126938924e-12,-1.8354973216e-12,0
1795,12631,42011,6.5852842872e-12,5.1271001822e-12,4.8033084581e-14,0
1796,1162,42008,6.9924090699e-12,-4.8186161672e-12,-1.7176388529e-12,0
1796,26413,42006,1.8213531971e-12,-2.8403393321e-13,2.0718992968e-12,0
1796,32209,42001,4.5496978057e-12,4.1897401934e-13,-7.1381432197e-13,0
1796,10918,42001,6.1313704032e-12,4.3169530708e-12,7.4547106086e-13,0
1796,11356,42001,4.8266083001e-12,3.3414027398e-12,1.2256116690e-12,0
1796,35332,42007,7.1991120183e-12,-1.0174204168e-12,-1.9115840691e-12,0
1796,12631,42011,3.4401658503e-12,-1.0311148571e-12,3.1051477926e-14,0
1797,26413,42006,1.5601609492e-12,9.9687352070e-13,1.9489983486e-12,0
1797,1162,42008,3.6346933191e-12,3.4879280430e-12,-1.2150726945e-12,0
1797,32209,42001,9.1428107754e-12,-8.5638182199e-12,-5.8529051173e-13,0
1797,10918,42001,3.6127122647e-12,-1.7644751471e-12,7.2928315708e-13,0
1797,11356,42001,4.1508185696e-12,4.0028135173e-12,1.7822338647e-12,0
1797,12631,42011,5.4611918635e-12,3.9858854467e-12,3.8322006246e-13,0
1797,35332,42007,7.4679795481e-12,-5.8851138182e-12,-2.7606226566e-12,0
1798,35332,42007,7.1599309999e-12,2.3179682383e-12,-2.0392374540e-12,0
1798,26413,42006,2.6693880158e-12,1.2251604408e-12,2.0802605033e-12,0
1798,10918,42001,7.0669824939e-12,8.6467057865e-13,2.0846770183e-13,0
1798,1162,42008,6.6157570623e-12,-3.0688973069e-12,-2.0533565281e-12,0
1798,11356,42001,7.1802228439e-12,3.1908394082e-12,1.8493240818e-12,0
1798,32209,42001,8.1386191225e-12,-1.8964889478e-12,-6.2861129582e-13,0
1798,12631,42011,5.6624435615e-12,4.5324647735e-12,8.0076469692e-13,0
1799,26413,42006,7.9873391122e-12,6.0288399070e-12,2.0482071458e-12,0
1799,1162,42008,5.4058848279e-12,-5.2883579491e-12,-2.2983612684e-12,0
1799,10918,42001,4.5505693148e-12,2.2377900530e-12,4.5782141272e-13,0
1799,11356,42001,2.8021951317e-12,2.7483280662e-12,2.0456659822e-12,0
1799,12631,42011,6.1967138567e-12,1.1384356745e-12,7.4586316536e-13,0
1799,32209,42001,5.9977031974e-12,-5.7379105934e-12,-1.2064008969e-12,0
1799,35332,42007,4.3928910753e-12,-1.7757450482e-12,-2.5506503055e-12,0
1800,35332,42007,2.9391605174e-12,5.4114090389e-13,-2.2168946905e-12,0
1800,10918,42001,5.2394074809e-12,2.0164106476e-12,7.5541210902e-13,0
1800,11356,42001,1.8413521181e-12,1.6864171650e-12,1.5267337187e-12,0
1800,26413,42006,1.9294735747e-12,1.6045939411e-13,2.2788244707e-12,0
1800,12631,42011,1.9428707173e-12,-5.7931105297e-13,9.1203302937e-13,0
1800,32209,42001,6.1906601936e-12,-1.1803644022e-13,-1.8095259883e-12,0
1800,1162,42008,4.6812010606e-12,-1.9453144343e-13,-1.7263519118e-12,0
1801,32209,42001,4.9848041319e-12,-2.0031714252e-12,-2.0349146076e-12,0
1801,35332,42007,6.5663158465e-12,-1.4545908837e-12,-1.9376566578e-12,0
1801,26413,42006,2.0498103423e-12,-1.9230244303e-12,1.9075646723e-12,0
1801,10918,42001,2.6533484149e-12,1.1231236127e-12,8.4184869023e-13,0
1801,11356,42001,4.3106335548e-12,2.5761198318e-13,1.8108102471e-12,0
1801,1162,42008,2.7896084934e-12,-2.2661083680e-12,-1.2931433567e-12,0
1801,12631,42011,6.1626865555e-12,5.5023425737e-12,1.4225690971e-12,0
1802,26413,42006,6.5676576062e-12,-4.7982913203e-13,1.7148482913e-12,0
1802,1162,42008,6.1660453989e-12,8.8562282880e-13,-8.1612434963e-13,0
1802,10918,42001,3.5631851039e-12,-6.6684966757e-13,3.3098877028e-13,0
1802,11356,42001,6.6247208981e-12,1.7659536656e-12,1.5518780126e-12,0
1802,12631,42011,3.3225135931e-12,-2.2271067077e-12,1.7685114591e-12,0
1802,32209,42001,3.7760662355e-12,2.6027236155e-13,-2.2864678560e-12,0
1802,35332,42007,3.3470384588e-12,3.0665328442e-12,-1.3797392027e-12,0
1803,26413,42006,7.1130299492e-12,-6.1841615748e-13,1.1381512173e-12,0
1803,32209,42001,1.9970021596e-12,-1.8099979641e-12,-2.3768421156e-12,0
1803,10918,42001,3.0452849842e-12,-8.5737830758e-13,8.5810012341e-13,0
1803,11356,42001,4.6370490883e-12,-1.8018849386e-12,1.5524156906e-12,0
1803,1162,42008,6.2910634166e-12,3.1961369919e-12,-4.7894311880e-13,0
1803,12631,42011,8.8669036669e-12,8.6378190906e-12,2.2692836836e-12,0
1803,35332,42007,5.7201239753e-12,-3.5629124094e-12,-1.4684482620e-12,0
1804,32209,42001,5.2150848662e-12,2.3079249943e-12,-2.2270458966e-12,0
1804,35332,42007,3.8576338540e-12,2.4261587277e-12,-6.0386591341e-13,0
1804,10918,42001,6.8661514731e-12,4.3130081651e-12,8.4905917722e-13,0
1804,11356,42001,7.4854770868e-12,5.6414739956e-12,1.7138944842e-12,0
1804,1162,42008,5.9741188435e-12,-1.6980315271e-12,-4.3521610056e-13,0
1804,12631,42011,6.0444606541e-12,-7.1162700313e-13,2.4374888120e-12,0
1804,26413,42006,4.3409254916e-12,-1.3645830134e-12,9.6666090310e-13,0
1805,32209,42001,4.3854103843e-12,-9.0966529766e-13,-1.8051917513e-12,0
1805,10918,42001,6.9993888822e-12,-6.3753744576e-12,5.2078785480e-13,0
1805,11356,42001,7.7141003262e-12,-4.3118546418e-12,1.6521100960e-12,0
1805,1162,42008,5.0863649099e-12,-4.0276903740e-12,-1.3792545272e-12,0
1805,12631,42011,4.4141445530e-12,3.3866306592e-12,2.2634418597e-12,0
1805,26413,42006,4.8634510612e-12,-4.5957829547e-12,-8.5433635848e-14,0
1805,35332,42007,9.6857757787e-12,-8.3020718059e-12,-1.3646053668e-12,0
1806,35332,42007,4.2474584519e-12,4.1743529725e-12,-8.4542802788e-13,0
1806,26413,42006,3.9734896216e-12,-8.8794714325e-13,-1.4582495685e-13,0
1806,10918,42001,4.1180238883e-12,7.1232774952e-13,1.6032532267e-13,0
1806,11356,42001,4.1829340729e-12,3.9873524320e-12,1.7167050653e-12,0
1806,12631,42011,5.9555389239e-12,8.6810071889e-13,2.4533634173e-12,0
1806,1162,42008,3.1316912877e-12,-4.6285815799e-13,-9.4367872628e-13,0
1806,32209,42001,2.9284592709e-12,9.5144129953e-13,-1.7519450233e-12,0
1807,32209,42001,2.3360344587e-12,-1.4358193519e-12,-1.0391451365e-12,0
1807,1162,42008,5.2713038257e-12,4.1061578168e-12,-8.8185574889e-13,0
1807,10918,42001,5.2402377202e-12,4.3570743959e-12,7.7248027697e-13,0
1807,11356,42001,5.2904706904e-12,1.7210635271e-12,1.4885300662e-12,0
1807,26413,42006,3.5277183113e-12,-1.3983371014e-13,-2.5949567994e-13,0
1807,12631,42011,5.2525977633e-12,-4.3080044626e-12,1.6239744264e-12,0
1807,35332,42007,6.4651104874e-12,-9.9087449664e-13,-3.5600409573e-13,0
1808,26413,42006,4.4725194072e-12,4.0980550961e-12,2.7793785585e-14,0
1808,10918,42001,1.0713976055e-12,9.4496275111e-13,7.8050949422e-13,0
1808,35332,42007,3.0034532639e-12,2.3156842146e-12,-3.5623249810e-13,0
1808,11356,42001,3.1979761090e-12,4.4952471672e-13,1.2143985971e-12,0
1808,32209,42001,2.6839380961e-12,2.0132590960e-12,-6.4817033210e-13,0
1808,1162,42008,4.3073658518e-12,-4.1102372285e-12,-9.8598974105e-13,0
1808,12631,42011,5.9467741069e-12,5.1794129054e-12,1.6886692396e-12,0
1809,10918,42001,4.8116875248e-12,-2.7102623396e-12,2.8570425497e-13,0
1809,1162,42008,4.8508917507e-12,4.5697714859e-12,-1.7679754602e-16,0
1809,11356,42001,4.8757008456e-12,-3.3248149978e-12,6.0708429070e-13,0
1809,35332,42007,5.6744545328e-12,4.3714568054e-12,2.5848768725e-13,0
1809,26413,42006,8.4335300905e-12,-5.9759402998e-12,-1.1726842351e-12,0
1809,32209,42001,3.5806698469e-12,-2.1056090072e-12,-2.8494017348e-13,0
1809,12631,42011,8.6378050779e-12,-8.5555897121e-12,7.1926670092e-13,0
1810,1162,42008,4.3896564231e-12,1.1062121163e-12,1.2989755842e-13,0
1810,32209,42001,3.1315918262e-12,-1.8613987339e-12,-4.5927640285e-13,0
1810,26413,42006,9.2890069291e-12,5.2873332140e-12,-6.5999685311e-13,0
1810,35332,42007,3.8787444377e-12,-3.3312433770e-12,-1.2875074084e-13,0
1810,10918,42001,2.4270292811e-12,-8.4914249052e-13,-8.5105885005e-16,0
1810,11356,42001,8.5834820426e-12,7.7937818761e-12,1.2178207618e-12,0
1810,12631,42011,8.2391221520e-12,7.8121165596e-12,1.5584094622e-12,0
1811,32209,42001,5.6331858829e-12,-3.8942600365e-12,-6.4838526398e-13,0
1811,10918,42001,8.1761814718e-12,-8.0255920793e-13,-1.9341934091e-13,0
1811,11356,42001,4.1468957213e-12,3.9441861060e-12,1.5864781741e-12,0
1811,35332,42007,6.6908362213e-12,4.8570025318e-12,5.0240860071e-13,0
1811,26413,42006,8.1142863937e-12,-1.6581446412e-12,-6.3350887420e-13,0
1811,12631,42011,1.9711934065e-12,-3.9264212875e-13,9.6891099194e-13,0
1811,1162,42008,2.8707646650e-12,-2.0086510879e-12,1.5564328643e-13,0
1812,32209,42001,2.0270909980e-12,-1.4523194474e-12,-8.1964444487e-13,0
1812,26413,42006,6.6915947401e-12,3.9899297597e-12,-1.8653298502e-13,0
1812,10918,42001,2.6888570559e-12,-1.8736484499e-12,-3.1409921915e-13,0
1812,11356,42001,3.3520785596e-12,-7.5010505196e-14,1.4023817570e-12,0
1812,12631,42011,3.2155602951e-12,1.2375514106e-12,1.3153768038e-12,0
1812,1162,42008,5.4937171879e-12,4.4238851993e-12,5.0946952349e-13,0
1812,35332,42007,4.8467028576e-12,4.3222983223e-12,6.2798514852e-13,0
1813,32209,42001,3.9694201373e-12,-2.6703223777e-12,-9.0567688624e-13,0
1813,35332,42007,3.7667095079e-12,-1.3921702598e-12,8.4505936349e-13,0
1813,1162,42008,5.1646000167e-12,-2.3208330154e-12,-4.2227477244e-14,0
1813,10918,42001,2.9699151081e-12,-2.0648445216e-12,-4.3484584054e-13,0
1813,11356,42001,5.6935881041e-12,4.7363011936e-12,2.0562003702e-12,0
1813,26413,42006,2.5344890550e-12,-6.2743992130e-13,-1.8743536141e-13,0
1813,12631,42011,5.1669765221e-12,4.7073582151e-12,9.2233071622e-13,0
1814,10918,42001,7.5868859853e-12,-4.8037733699e-12,-1.3465239940e-12,0
1814,11356,42001,5.5929910959e-12,9.5307261684e-13,1.5873602324e-12,0
1814,1162,42008,5.3727804030e-12,-7.3196556967e-13,5.4379118494e-14,0
1814,32209,42001,3.3633281967e-12,2.0949465150e-13,-1.1155199205e-12,0
1814,26413,42006,5.0460039244e-12,-2.2196498303e-13,-7.3173558365e-14,0
1814,12631,42011,1.6772000808e-12,4.7770170189e-13,1.0412635867e-12,0
1814,35332,42007,1.8707513184e-12,-9.4507878077e-13,5.0793561264e-13,0
1815,32209,42001,3.6024236432e-12,2.6501923777e-12,-7.5953415299e-13,0
1815,1162,42008,3.7841871373e-12,3.7041766428e-12,8.2756582018e-13,0
1815,35332,42007,2.7147895746e-12,3.0065813454e-13,1.3682086067e-12,0
1815,10918,42001,3.8052649055e-12,2.4835243417e-12,-4.6063411412e-13,0
1815,26413,42006,3.8421903527e-12,8.5745044590e-13,4.7214978169e-13,0
1815,11356,42001,1.4119631825e-13,1.3979578735e-13,2.0325252753e-12,0
1815,12631,42011,5.2200178398e-12,4.0031493709e-12,1.1029154579e-12,0
1816,32209,42001,4.1521162742e-12,-1.8964643721e-12,-1.0443247201e-12,0
1816,10918,42001,1.0770887935e-12,9.4105297743e-13,-4.3776159133e-13,0
1816,26413,42006,3.3406296005e-12,1.7460866669e-12,7.3555316270e-13,0
1816,11356,42001,1.6801421289e-12,-1.1098377173e-12,1.5228062604e-12,0
1816,1162,42008,4.8740599581e-12,-3.4889930173e-12,5.2495233425e-13,0
1816,12631,42011,2.7828025865e-12,-5.0735796785e-13,9.6536958922e-13,0
1816,35332,42007,2.8147734598e-12,1.6738750768e-13,9.6751206021e-13,0
1817,32209,42001,6.3266686260e-12,-5.9805000168e-12,-1.4987927866e-12,0
1817,35332,42007,9.4201441360e-12,-3.7795996643e-12,6.8863954344e-13,0
1817,1162,42008,4.0159305407e-12,-3.6052705718e-12,-2.4619050462e-13,0
1817,26413,42006,3.1105165121e-12,2.1705014984e-12,9.6658668356e-13,0
1817,10918,42001,4.7593806427e-12,-3.2674942691e-12,-1.2002184578e-12,0
1817,11356,42001,4.5263848287e-12,-2.3554068868e-12,1.1151592190e-12,0
1817,12631,42011,4.4208250164e-12,3.2658820796e-12,1.7227582434e-12,0
1818,32209,42001,2.6435557154e-12,-1.0258839159e-12,-1.8027070878e-12,0
1818,26413,42006,5.9087085761e-12,1.0534627300e-12,6.6212744695e-13,0
1818,1162,42008,3.3867077975e-12,-1.2345926588e-13,1.5248729164e-13,0
1818,10918,42001,5.2029843628e-12,2.8648062520e-12,-1.0082341077e-12,0
1818,35332,42007,7.2519425881e-12,6.1538246579e-12,1.0724535878e-12,0
1818,11356,42001,8.0646906135e-12,7.3260770489e-12,1.8028144522e-12,0
1818,12631,42011,4.6823819044e-12,3.4896987917e-12,1.5537868321e-12,0
1819,26413,42006,4.3544490069e-12,-4.1538995048e-12,8.4433152646e-13,0
1819,10918,42001,3.0444570503e-12,-2.8019070581e-12,-1.0173985796e-12,0
1819,11356,42001,4.0785195905e-12,-2.9206910989e-12,1.8432268421e-12,0
1819,1162,42008,5.3296890188e-12,-9.8680883917e-13,-4.0317074086e-13,0
1819,12631,42011,4.0884287091e-12,1.4428692083e-12,2.5536327241e-12,0
1819,32209,42001,7.1393499876e-12,-9.1180532463e-13,-1.6833267196e-12,0
1819,35332,42007,5.0555955301e-12,2.8872722883e-12,9.2403513606e-13,0
1820,32209,42001,1.3805445093e-12,-1.1493389217e-12,-1.6121207384e-12,0
1820,35332,42007,1.3851511463e-12,2.3572204571e-13,1.2807316783e-12,0
1820,1162,42008,7.3545971137e-12,7.0677174578e-12,1.9297979329e-13,0
1820,10918,42001,6.4411190626e-12,3.0427063362e-12,-6.2821369692e-13,0
1820,11356,42001,6.1838049491e-12,5.2811229327e-12,1.5919609477e-12,0
1820,26413,42006,3.3316135465e-12,4.6523504189e-13,3.6212170925e-13,0
1820,12631,42011,6.7767667118e-12,-2.1513790565e-12,1.5572831625e-12,0
1821,10918,42001,5.6834238722e-12,-1.4965914602e-12,-6.9761692214e-13,0
1821,11356,42001,5.3874889130e-12,4.4683954568e-12,1.6443818828e-12,0
1821,12631,42011,1.2860675013e-12,2.6077361103e-13,1.6226247365e-12,0
1821,1162,42008,3.1146655909e-12,-3.7832132631e-13,3.5601276945e-13,0
1821,32209,42001,3.9825288698e-12,-3.5157475706e-12,-1.5742694918e-12,0
1821,26413,42006,3.1235969614e-12,1.8287097088e-12,7.1080714424e-13,0
1821,35332,42007,6.3187849346e-12,3.7085512090e-12,1.1658865460e-12,0
1822,26413,42006,5.3054201759e-12,-2.4652868519e-13,2.8716129975e-13,0
1822,32209,42001,2.9216807644e-12,4.8110916950e-13,-1.3809266301e-12,0
1822,10918,42001,7.1352624933e-12,6.2601098857e-12,1.1575891142e-13,0
1822,1162,42008,6.7051688888e-12,5.7269535479e-12,4.8631960431e-13,0
1822,35332,42007,3.9554507389e-12,1.2326584361e-12,8.5692255743e-13,0
1822,11356,42001,5.4272763544e-12,1.9574292640e-12,1.8476258597e-12,0
1822,12631,42011,2.0222368770e-12,-5.0198089167e-13,1.4486715063e-12,0
1823,1162,42008,4.5569825002e-12,3.3557550151e-12,1.0539784074e-12,0
1823,35332,42007,4.9159476320e-12,-4.5102128084e-12,5.4511830257e-13,0
1823,32209,42001,1.1563929228e-11,-1.0894141044e-11,-2.2033084967e-12,1
1823,10918,42001,8.6330665144e-12,-7.9895083890e-12,-4.7670747532e-13,0
1823,26413,42006,6.2968727873e-12,-3.2543681697e-12,2.4468474912e-14,0
1823,11356,42001,5.0347757093e-12,-4.3118375519e-12,9.4281198519e-13,0
1823,12631,42011,3.3094939860e-12,-2.1969670504e-12,7.5823897971e-13,0
1824,26413,42006,6.1337906587e-12,4.0903199468e-12,4.5569696789e-13,0
1824,10918,42001,6.4661073958e-12,6.3198690862e-12,6.3565677029e-13,0
1824,11356,42001,7.3992365436e-12,7.0590773097e-12,1.5534124545e-12,0
1824,35332,42007,3.0772379400e-12,-1.7220654936e-12,4.6741963129e-13,0
1824,12631,42011,8.0911257896e-12,-2.2298600558e-12,4.8748280394e-13,0
1824,1162,42008,2.4710491578e-12,1.1264404981e-12,1.2398190141e-12,0
1825,1162,42008,4.3540559508e-12,-8.3402337047e-13,7.8599901280e-13,0
1825,10918,42001,6.0916408988e-12,-4.6710871537e-12,-7.9804379249e-14,0
1825,11356,42001,2.2167600375e-12,-1.5724014059e-12,1.3821927351e-12,0
1825,35332,42007,2.2443019194e-12,-1.8951202218e-12,2.4784179565e-13,0
1825,26413,42006,2.6033486361e-12,-7.0134393479e-13,2.9981752982e-13,0
1825,12631,42011,3.0716703188e-12,2.7900273264e-12,3.6617059949e-13,0
1826,10918,42001,2.8086444413e-12,-2.1898016527e-12,-3.9288984226e-13,0
1826,11356,42001,2.8319507198e-12,-7.3194215185e-13,1.4199822917e-12,0
1826,35332,42007,3.3735906221e-12,1.3118830847e-12,3.6229135335e-13,0
1826,26413,42006,5.0719055726e-12,3.2439517108e-12,4.4960403422e-13,0
1826,12631,42011,3.4610554794e-12,1.1993166709e-12,5.3683806336e-13,0
1826,1162,42008,5.6873108747e-12,3.6247093171e-12,1.4973692462e-12,0
1827,26413,42006,1.6733335246e-12,9.2439618524e-13,3.2499350290e-13,0
1827,1162,42008,3.0592430182e-12,2.2570714004e-12,2.0836034435e-12,0
1827,35332,42007,3.7746563214e-12,-1.0275791443e-12,6.3749340536e-13,0
1827,10918,42001,7.8476802084e-12,6.9706816143e-12,6.3092774607e-13,0
1827,11356,42001,5.5703771410e-12,4.1520512995e-14,1.6596750317e-12,0
1827,12631,42011,8.3795817334e-12,8.2826603900e-12,1.0385158944e-12,0
1828,1162,42008,2.8083298651e-12,4.1959192128e-13,2.1379085622e-12,0
1828,10918,42001,8.6238510797e-12,-8.5131473120e-12,-5.0686761032e-13,0
1828,11356,42001,1.7432230925e-12,1.5562223072e-12,1.0826895575e-12,0
1828,12631,42011,2.2788183814e-12,1.4292361231e-12,8.3246962755e-13,0
1828,26413,42006,4.3178158120e-12,-7.0138282948e-13,1.4950894695e-13,0
1828,35332,42007,5.8866166634e-12,2.3319758553e-12,2.5530852511e-13,0
1829,26413,42006,5.1365474845e-12,3.7487235133e-13,6.0238613256e-13,0
1829,35332,42007,4.1721619079e-12,-2.8558340936e-12,-3.1900211308e-13,0
1829,10918,42001,6.3459523576e-12,5.4564014850e-12,3.1896324399e-13,0
1829,11356,42001,4.4224504525e-12,3.6612837487e-12,1.7408870423e-12,0
1829,12631,42011,5.9070406861e-12,3.1126644893e-12,9.9944915564e-13,0
1829,1162,42008,3.8288709946e-12,1.0905901498e-12,2.3456484611e-12,0
1830,26413,42006,7.4402844651e-12,3.9190619844e-12,9.4776882681e-13,0
1830,10918,42001,4.6534339205e-12,-4.0785224856e-12,-3.9315963819e-13,0
1830,11356,42001,4.0074263990e-12,1.1402654700e-12,1.3268012960e-12,0
1830,35332,42007,4.6278630551e-12,4.2502598464e-12,8.2451666985e-14,0
1830,12631,42011,3.3323915804e-12,-3.2207966962e-12,8.9250739167e-13,0
1830,1162,42008,4.1926725037e-12,5.2536378128e-13,1.6914130934e-12,0
1831,10918,42001,7.4236570358e-12,-6.3103918639e-12,-8.7453967857e-13,0
1831,11356,42001,4.8967529361e-12,-6.3495554025e-13,8.1646619628e-13,0
1831,35332,42007,4.3394458729e-12,1.9067300889e-12,-9.7730445018e-14,0
1831,26413,42006,1.8325138710e-12,-1.2666924197e-13,7.5223093174e-13,0
1831,12631,42011,7.7299497328e-12,6.7719887619e-12,1.5436289068e-12,0
1831,1162,42008,5.9140973132e-12,9.6188591941e-13,1.8254338180e-12,0
1832,26413,42006,4.8795081958e-12,1.8714912979e-12,9.6403293005e-13,0
1832,10918,42001,2.5326371743e-12,7.6782795074e-13,-1.4237678721e-12,0
1832,11356,42001,3.6678256463e-12,2.4910958813e-12,8.6983285800e-13,0
1832,35332,42007,5.7516501912e-12,9.3366798690e-13,-1.2762948994e-13,0
1832,12631,42011,1.3540391224e-12,1.8255516201e-13,1.6120825121e-12,0
1832,1162,42008,3.7209385883e-12,2.6922455659e-12,1.5219630198e-12,0
1833,1162,42008,6.5307177134e-12,1.4570420882e-12,1.3320917271e-12,0
1833,10918,42001,2.7355311028e-12,1.2153021554e-12,-5.0328681763e-13,0
1833,35332,42007,7.5147036041e-12,-2.1141952557e-12,1.1197226533e-13,0
1833,11356,42001,4.2482518359e-12,3.1485505860e-12,1.6158716718e-12,0
1833,12631,42011,3.6411572240e-12,3.5405814613e-12,2.1858373633e-12,0
1833,26413,42006,2.2626348009e-12,4.2634158306e-13,1.3321039053e-12,0
1834,26413,42006,4.0759666234e-12,3.4833670185e-12,1.2714086125e-12,0
1834,10918,42001,5.9805841501e-12,-3.4383380961e-12,-1.4791075359e-12,0
1834,11356,42001,5.1890327789e-12,-1.1182193526e-12,7.9814200555e-13,0
1834,12631,42011,1.0401522597e-11,9.1230756726e-12,3.3211309361e-12,0
1834,35332,42007,8.6310722102e-12,7.3122520891e-13,3.5730133558e-13,0
1834,1162,42008,8.6513038765e-12,1.3908697890e-13,1.2333563752e-12,0
1835,1162,42008,2.3394261859e-12,5.5332629051e-13,1.3720913413e-12,0
1835,35332,42007,4.8849708658e-12,-1.4387698282e-12,4.0293637494e-13,0
1835,10918,42001,5.2453793261e-12,4.7500724145e-12,-5.3699157904e-13,0
1835,11356,42001,6.3104513855e-12,2.8455245198e-12,1.2399345981e-12,0
1835,26413,42006,5.6801996227e-12,4.7333769945e-12,1.8148807054e-12,0
1835,12631,42011,5.1119105182e-12,3.4379522386e-12,3.3859234274e-12,0
1836,26413,42006,9.6887919793e-12,9.2191744726e-12,2.4124029816e-12,0
1836,10918,42001,5.0577723713e-12,-5.0317937743e-13,-3.6832935152e-13,0
1836,11356,42001,3.3305681128e-12,-1.3349462446e-12,1.1796341889e-12,0
1836,12631,42011,5.2851913237e-12,-5.8419934765e-13,3.2075718255e-12,0
1836,1162,42008,4.4443394398e-12,4.0088920946e-12,1.4105096190e-12,0
1836,35332,42007,2.9497482071e-12,-1.9838613243e-12,7.3361934046e-14,0
1837,26413,42006,6.5245396372e-12,2.1049935097e-12,2.5304627141e-12,0
1837,1162,42008,2.1366998973e-12,3.5920215679e-13,1.2207226947e-12,0
1837,10918,42001,9.7573042273e-12,7.4167213540e-12,-3.2372537754e-13,0
1837,35332,42007,5.0021669624e-12,-3.3109995769e-12,-1.5498010921e-13,0
1837,11356,42001,3.3182821370e-12,1.4436420209e-13,1.1899185578e-12,0
1837,12631,42011,5.3869130320e-12,4.1010119225e-12,2.7894069788e-12,0
1838,26413,42006,6.7400581683e-12,-1.1817159274e-12,2.4824294043e-12,0
1838,10918,42001,4.1481806501e-12,-3.2237002235e-12,2.0521933130e-13,0
1838,11356,42001,5.5519565840e-12,-3.8597256586e-12,6.4832376118e-13,0
1838,12631,42011,5.3774325013e-12,-1.3861611600e-13,2.6326217548e-12,0
1838,35332,42007,6.2535862166e-12,1.4877996527e-12,-2.3939772948e-13,0
1838,1162,42008,3.5677647345e-12,2.4237021063e-12,1.4211337132e-12,0
1839,1162,42008,3.5452287805e-12,1.5512438325e-12,1.4671990815e-12,0
1839,26413,42006,3.4479420883e-12,3.3082398840e-12,2.7757661575e-12,0
1839,10918,42001,6.6217290881e-12,3.1281595874e-12,-2.7604858453e-14,0
1839,35332,42007,6.4154969165e-12,-4.2024456092e-12,-3.7405888104e-13,0
1839,11356,42001,5.0161369060e-12,1.9166347980e-12,4.7385886611e-13,0
1839,12631,42011,9.7016350087e-12,7.3079112649e-12,3.0521464324e-12,0
1840,10918,42001,4.2677694448e-12,2.8864721625e-12,6.6889460635e-13,0
1840,11356,42001,4.2679987839e-12,-1.7355795256e-13,3.4247652385e-13,0
1840,26413,42006,3.4589519775e-12,5.6548993430e-13,2.4404089525e-12,0
1840,12631,42011,6.9853863518e-12,4.6163559168e-12,3.8358616937e-12,0
1840,35332,42007,2.9588217557e-12,5.1358405712e-13,-7.4772645997e-13,0
1840,1162,42008,4.0165027835e-12,3.3490604793e-12,1.7495687513e-12,0
1841,35332,42007,2.5959653357e-12,-1.5992079968e-12,-1.0983202685e-12,0
1841,1162,42008,3.4687282014e-12,-3.3030639874e-12,1.3230737606e-12,0
1841,10918,42001,2.4272677682e-12,1.6328955285e-12,1.4632233456e-12,0
1841,11356,42001,2.0862364508e-12,-1.3704692744e-12,2.6892515044e-13,0
1841,26413,42006,3.6005848445e-12,1.7041303434e-12,2.6234889111e-12,0
1841,12631,42011,5.1701803900e-12,2.2995302145e-14,3.1609623477e-12,0
1842,10918,42001,5.3811420080e-12,-9.6097300688e-13,1.2903432498e-12,0
1842,11356,42001,3.5255713616e-12,1.6932308778e-12,1.8913865009e-13,0
1842,12631,42011,4.4774596124e-12,-3.8754682106e-12,2.7551600105e-12,0
1842,1162,42008,4.4980001765e-12,2.7680112906e-12,1.3306503330e-12,0
1842,26413,42006,6.6618958841e-12,3.1927069122e-12,2.7556104725e-12,0
1842,35332,42007,6.1149438140e-12,6.8891288817e-13,-1.1227957784e-12,0
1843,26413,42006,2.8345984521e-12,1.2445011514e-12,2.8374264293e-12,0
1843,35332,42007,5.1093812372e-12,-2.3107080684e-12,-1.1424470597e-12,0
1843,1162,42008,2.7439743913e-12,8.8318844772e-13,1.2732649690e-12,0
1843,10918,42001,6.3726744948e-12,1.9678506938e-13,1.1884915412e-12,0
1843,11356,42001,8.7309119550e-12,1.7002665445e-12,4.4310245952e-14,0
1843,12631,42011,2.0123644022e-12,2.2745792044e-13,2.4238476564e-12,0
1844,10918,42001,4.5993496068e-12,2.0273309478e-12,1.7350584456e-12,0
1844,11356,42001,6.4097176622e-12,-4.5578522611e-12,-2.9965304490e-13,0
1844,12631,42011,8.9703865816e-12,7.5073875201e-12,2.2622788411e-12,0
1844,1162,42008,4.1612739240e-12,-2.8377033441e-12,9.7558593669e-13,0
1844,26413,42006,4.2914852548e-12,1.6872568167e-12,2.6578154091e-12,0
1844,35332,42007,2.0428295333e-12,-1.3148415077e-12,-1.3470537313e-12,0
1845,26413,42006,7.1180041664e-12,2.4169086842e-12,2.4261685781e-12,0
1845,35332,42007,5.8908347626e-12,-5.3817839506e-13,-1.2569945880e-12,0
1845,1162,42008,7.3126940560e-12,3.5349394387e-12,1.2737472515e-12,0
1845,10918,42001,4.5983323259e-12,3.8769983205e-12,1.6477510362e-12,0
1845,11356,42001,4.2350080727e-12,3.9467424423e-12,-1.8953125265e-13,0
1845,12631,42011,4.9426707144e-12,-9.0387599993e-13,1.8280960173e-12,0
1846,10918,42001,7.1306381548e-12,-2.4348116932e-12,1.4545878046e-12,0
1846,11356,42001,3.0396526821e-12,2.9275878036e-12,2.3672215217e-13,0
1846,12631,42011,4.2807124683e-12,1.6332892065e-12,2.0498448727e-12,0
1846,1162,42008,8.5469617727e-12,-5.3586165516e-12,3.3699638689e-13,0
1846,26413,42006,2.9906491933e-12,2.1372588643e-12,1.7179770173e-12,0
1846,35332,42007,5.8186891082e-12,-1.2726521933e-12,-1.1858736749e-12,0
1846,36733,42010,3.8199566071e-12,-1.1407612428e-16,-1.1407612428e-17,0
1847,35332,42007,2.9493043079e-12,2.3070273100e-12,-6.2407098624e-13,0
1847,36733,42010,5.1111819669e-12,4.8500955583e-12,4.8499814822e-13,0
1847,1162,42008,6.6958654089e-12,8.8269982554e-13,3.8934615376e-13,0
1847,26413,42006,7.8589968641e-12,3.2603223821e-12,1.8335099045e-12,0
1847,10918,42001,7.7674214698e-12,4.2167752809e-12,1.1345931973e-12,0
1847,11356,42001,2.5757775897e-12,9.5015082720e-13,3.1730081468e-13,0
1847,12631,42011,7.7753807180e-12,1.7915322293e-12,1.8188969034e-12,0
1848,26413,42006,6.1332697391e-12,9.5134659065e-13,2.0468161563e-12,0
1848,10918,42001,3.3826921265e-12,2.0053703051e-12,1.6575002502e-12,0
1848,11356,42001,7.4345938567e-12,5.5071275870e-12,1.2539861392e-12,0
1848,12631,42011,2.8666189099e-12,2.5426885695e-12,2.0870273719e-12,0
1848,35332,42007,3.0545821356e-12,-2.7880521530e-12,-1.0516561668e-12,0
1848,1162,42008,5.5444903317e-12,-8.9940309597e-13,5.7035633535e-14,0
1848,36733,42010,6.9068013167e-12,-4.7433158864e-12,1.0666559575e-14,0
1849,1162,42008,4.1581486250e-12,-2.3529519028e-12,-3.3338393999e-13,0
1849,10918,42001,2.2435066474e-12,2.4924991756e-14,1.3471767906e-12,0
1849,35332,42007,7.5204895102e-12,4.2403818730e-13,-5.8900778715e-13,0
1849,11356,42001,3.1358937756e-12,-2.6990852382e-12,7.9241413562e-13,0
1849,26413,42006,1.0981244776e-11,3.1350544511e-12,2.0294976130e-12,0
1849,12631,42011,5.0813443751e-12,-3.4069468710e-12,1.0155415583e-12,0
1849,36733,42010,5.2367286508e-12,3.1422697746e-12,3.2489353703e-13,0
1850,1162,42008,3.9911650548e-12,1.2960911561e-12,-5.3868087231e-13,0
1850,26413,42006,5.0712025667e-12,1.9656587655e-12,2.1695144961e-12,0
1850,10918,42001,2.7644023449e-12,7.6889586822e-14,1.0662185331e-12,0
1850,35332,42007,2.7411879963e-12,-1.2372042447e-12,-7.6408661733e-13,0
1850,11356,42001,1.9479606177e-12,1.4463385096e-12,9.5440378183e-13,0
1850,36733,42010,6.1470171580e-12,-9.7027301448e-13,2.2786623559e-13,0
1850,12631,42011,5.3547148997e-12,5.2385907582e-12,1.0777650425e-12,0
1851,10918,42001,3.6178153788e-12,2.4938827179e-12,1.1523172520e-12,0
1851,11356,42001,3.7584600164e-12,3.3669151692e-12,1.4281422262e-12,0
1851,26413,42006,6.3415945163e-12,-1.8655070610e-12,1.8125507557e-12,0
1851,12631,42011,3.7873134692e-12,-9.2848527866e-13,9.8261698439e-13,0
1851,35332,42007,3.2892158671e-12,1.5189508326e-12,-4.5227073440e-13,0
1851,1162,42008,6.1071459588e-12,-3.4942841241e-12,-5.5780288597e-13,0
1851,36733,42010,6.4710464359e-13,-1.0471179675e-13,2.1739505591e-13,0
1852,26413,42006,6.8170422441e-12,6.5158391187e-13,1.5584384557e-12,0
1852,10918,42001,3.3138790437e-12,1.4379328772e-12,1.3922078404e-12,0
1852,35332,42007,4.3591482683e-12,-3.5192933101e-12,-8.7309135422e-13,0
1852,11356,42001,3.8292456274e-12,6.1546115480e-13,1.3203652539e-12,0
1852,1162,42008,7.5878309888e-12,5.9406386828e-12,-2.4054014676e-13,0
1852,36733,42010,1.4468626533e-12,-9.0013835477e-13,1.2738122043e-13,0
1852,12631,42011,8.8071736177e-12,6.2583035333e-12,1.9959941588e-12,0
1853,1162,42008,4.4204614470e-12,-1.1092589525e-13,-3.3995158106e-13,0
1853,26413,42006,3.8377986062e-12,2.9540873634e-12,1.7293970769e-12,0
1853,10918,42001,4.5865192548e-12,-6.9104580135e-13,1.3034247533e-12,0
1853,11356,42001,2.8718711181e-12,-1.1041910816e-12,1.0399194913e-12,0
1853,12631,42011,5.5687092968e-12,2.1200157832e-12,2.1852499451e-12,0
1853,35332,42007,4.9654942458e-12,4.0004686701e-12,-2.4197368037e-13,0
1853,36733,42010,2.6935381761e-12,1.0642631699e-13,1.3802385213e-13,0
1854,26413,42006,3.9854330155e-12,-3.1613449352e-12,1.2445369017e-12,0
1854,35332,42007,5.0687574999e-12,-4.6297416476e-12,-5.7346369437e-13,1
1854,10918,42001,7.1235141553e-12,-6.1619184266e-14,1.0945297401e-12,0
1854,11356,42001,2.6874401316e-12,1.6133648546e-13,1.5118383659e-12,0
1854,36733,42010,7.3050828182e-12,2.1707459036e-12,3.5509844250e-13,0
1854,12631,42011,4.7270881004e-12,7.7051918047e-13,1.5115631111e-12,0
1854,1162,42008,6.4245686316e-12,-6.2532540220e-12,-6.8150664885e-13,0
1855,26413,42006,1.7462173258e-12,-1.5484290642e-12,8.4800312684e-13,0
1855,10918,42001,7.8631227465e-12,-1.4438577989e-12,5.6244412820e-13,0
1855,11356,42001,1.4746564202e-12,4.3713682276e-13,1.1608778040e-12,0
1855,36733,42010,3.4294260648e-12,-1.9223872157e-12,1.6285972093e-13,0
1855,12631,42011,1.8449950070e-12,1.5250005245e-12,1.7544507635e-12,0
1855,1162,42008,3.3356798417e-12,-1.5558926180e-12,-1.1905898545e-12,0
1856,10918,42001,8.2852270313e-13,-2.9811810633e-13,7.7611348689e-13,0
1856,11356,42001,5.4541061868e-12,-9.1474493138e-13,7.7664453048e-13,0
1856,12631,42011,4.0138345152e-12,-1.4495305798e-13,1.5766265371e-12,0
1856,1162,42008,3.7885292336e-12,-3.3377593610e-12,-9.8850413545e-13,0
1856,26413,42006,6.0397832927e-12,2.9130002516e-12,9.2557726557e-13,0
1856,36733,42010,1.1848002358e-11,7.2395102089e-12,8.8682214943e-13,0
1856,20590,42008,5.2201760583e-12,4.1287082224e-16,4.1287082224e-17,0
1857,20590,42008,2.7401928318e-12,4.0836479796e-13,4.0877766878e-14,0
1857,10918,42001,7.0376011989e-12,5.6621523765e-12,9.2065119645e-13,0
1857,11356,42001,4.8386269967e-12,-3.5888684035e-12,3.2274260741e-13,0
1857,26413,42006,8.3536853223e-12,-3.6832779084e-12,2.3121723653e-13,0
1857,12631,42011,3.6693405765e-12,2.7008076857e-12,1.6675540827e-12,0
1857,1162,42008,2.4696830656e-12,-1.4204923222e-12,-1.2188233502e-12,0
1857,36733,42010,5.4949347784e-12,-2.0604046736e-14,3.9975218893e-13,0
1858,26413,42006,4.6226725865e-12,2.1897310468e-12,3.5505568214e-13,0
1858,36733,42010,4.0981944721e-12,8.1032946226e-13,9.5511672379e-13,0
1858,1162,42008,2.4400950354e-12,-8.4838452100e-13,-1.2137214927e-12,0
1858,10918,42001,5.4185878527e-12,4.2443988154e-12,1.1445540475e-12,0
1858,11356,42001,2.4004912257e-12,1.6896291000e-12,-5.9007241280e-14,0
1858,20590,42008,1.0208757718e-11,2.9954365528e-12,3.4042142216e-13,0
1858,12631,42011,4.9117721305e-12,4.0962524647e-12,1.8229104723e-12,0
1859,26413,42006,7.7043668324e-12,-2.5275599311e-12,-2.1120575607e-13,0
1859,1162,42008,4.6310027388e-12,-1.8087684839e-12,-1.1593031508e-12,0
1859,36733,42010,5.2826532585e-12,1.9014986071e-12,8.3103960705e-13,0
1859,20590,42008,3.9630709193e-12,-7.9877061276e-13,2.6054436089e-13,0
1859,10918,42001,9.1881396343e-12,7.6575997389e-12,1.9078215222e-12,0
1859,11356,42001,4.9487689372e-12,2.1638556753e-12,4.2728685006e-13,0
1859,12631,42011,3.8076578858e-12,1.3769357271e-12,2.3012987321e-12,0
1860,26413,42006,4.1616258851e-12,2.1144481478e-12,-1.9632681784e-13,0
1860,1162,42008,4.9319530028e-12,2.9720458059e-12,-9.9170768587e-13,0
1860,10918,42001,7.3918646081e-12,8.7747656587e-13,1.9878802201e-12,0
1860,36733,42010,6.8676670530e-12,-2.2967950838e-12,6.9838740011e-13,0
1860,20590,42008,2.8635103638e-12,1.9788466727e-12,4.5842902816e-13,0
1860,11356,42001,3.6827021434e-12,-3.4084947954e-12,-5.8196480430e-14,0
1860,12631,42011,6.7877130073e-12,5.6863406868e-12,2.3460737249e-12,0
1861,10918,42001,6.2135124836e-12,4.2274029722e-12,2.1612322455e-12,0
1861,11356,42001,6.7175762253e-12,6.3501154088e-12,2.4012354353e-13,0
1861,12631,42011,4.2549306592e-12,2.8470011505e-12,2.7236223678e-12,0
1861,36733,42010,5.3067033927e-12,3.0717755683e-13,7.3957633547e-13,0
1861,20590,42008,3.9305210911e-12,-3.8013808507e-12,7.8290943094e-14,0
1861,26413,42006,7.4984228299e-12,-1.9662171699e-12,-2.0639782873e-13,0
1861,1162,42008,3.0985604076e-12,-2.5584387946e-12,-8.9812315293e-13,0
1862,26413,42006,1.8518993262e-12,-5.9060315670e-13,-3.3061653558e-13,0
1862,35332,42007,2.6634065184e-12,3.9936780003e-17,3.9936780003e-18,0
1862,1162,42008,2.7689945695e-12,2.7507175171e-12,-1.2171152695e-12,0
1862,10918,42001,3.6678524934e-12,1.3880148678e-13,2.0313191065e-12,0
1862,11356,42001,7.5246468898e-12,-4.0349462090e-12,-2.2491719285e-13,0
1862,36733,42010,5.7613246840e-12,3.4521216409e-12,1.1748023350e-12,0
1862,12631,42011,1.0832927699e-11,8.4687378215e-12,2.9446657967e-12,0
1862,20590,42008,4.7746072995e-12,2.3437151575e-12,3.1266245885e-13,0
1863,10918,42001,4.4465842624e-12,-2.0826344492e-12,1.8921602417e-12,0
1863,1162,42008,3.3069186857e-12,-9.9406918418e-13,-1.3054295984e-12,0
1863,35332,42007,5.9210223171e-12,-2.0721998028e-12,-2.0721598661e-13,0
1863,11356,42001,8.1659341977e-12,-5.4077445635e-12,-6.5527254104e-13,0
1863,26413,42006,5.0574976528e-12,4.3719670615e-12,-1.8882856577e-13,0
1863,12631,42011,5.0774680936e-12,4.4429833950e-12,3.1769625578e-12,0
1863,36733,42010,1.0791143912e-11,7.1341460896e-12,1.8775743123e-12,0
1863,20590,42008,8.4560986949e-12,-4.9329412798e-12,-1.8063166913e-13,0
1864,20590,42008,9.3461340656e-12,-7.5876378133e-13,-2.5650804726e-13,0
1864,10918,42001,3.3683642239e-12,1.7556652075e-12,2.0738886809e-12,0
1864,1162,42008,2.6602565915e-12,-1.3279558617e-13,-6.9338375480e-13,0
1864,11356,42001,6.3615235589e-12,5.1607245533e-12,-1.5533373426e-13,0
1864,26413,42006,9.1931559090e-12,5.4855617537e-12,6.7586210312e-13,0
1864,35332,42007,6.7149936444e-12,-3.8780656793e-13,-2.4599664340e-13,0
1864,12631,42011,9.3775073069e-12,7.1095966296e-12,3.8108703027e-12,0
1864,36733,42010,1.4570174412e-12,-5.9836778758e-13,1.6006629432e-12,0
1865,26413,42006,3.7504214603e-12,-1.5414097314e-12,6.7656403639e-13,0
1865,35332,42007,4.3773455352e-12,-6.0878263905e-13,-3.0687490730e-13,0
1865,10918,42001,2.3584004762e-12,2.2482074979e-12,2.4430952106e-12,0
1865,1162,42008,4.8632574745e-12,-3.8550207024e-12,-9.2329656325e-13,0
1865,11356,42001,4.4550080007e-12,2.8775564701e-12,8.8708230478e-14,0
1865,36733,42010,5.6483722610e-12,4.1114540435e-12,2.2040470691e-12,0
1865,12631,42011,7.1653738308e-12,-2.3201239561e-12,3.4263578547e-12,0
1865,20590,42008,4.9134419536e-12,1.7867942181e-12,-7.7828625454e-14,0
1866,26413,42006,4.3749247341e-12,-4.3692402127e-12,-5.1660010036e-14,0
1866,1162,42008,3.3735859809e-12,2.6710536663e-13,-5.6281009049e-13,0
1866,10918,42001,3.3260733197e-12,2.8593176192e-12,2.7588387831e-12,0
1866,11356,42001,4.4379948986e-12,2.5248809434e-13,2.0543153305e-13,0
1866,12631,42011,7.8019631441e-12,5.7290872775e-12,4.0137618882e-12,0
1866,35332,42007,4.9457672641e-12,-4.0638784881e-12,-7.1326275611e-13,0
1866,20590,42008,6.3166181130e-12,2.7876119586e-12,2.0089128333e-13,0
1866,36733,42010,4.7139181535e-12,1.6184515350e-12,1.6419412017e-12,0
1867,1162,42008,7.7084747680e-12,-5.2975863513e-12,-9.5051949340e-13,0
1867,20590,42008,1.9948272663e-12,-1.6869642928e-12,-8.6416257528e-15,0
1867,26413,42006,8.9968724334e-13,3.7918866776e-13,3.5458664758e-13,0
1867,10918,42001,5.9950938015e-12,8.9623745203e-13,2.2822472907e-12,0
1867,11356,42001,1.8923297806e-12,-6.5762084560e-13,4.9855628884e-13,0
1867,35332,42007,2.9526456919e-12,4.8345477321e-13,-6.6491727879e-13,0
1867,36733,42010,1.0087976388e-11,1.0050489160e-11,2.6490505223e-12,0
1867,12631,42011,5.0629757781e-12,1.4399434784e-13,3.7580805545e-12,0
1868,26413,42006,5.8058179800e-12,3.4547499733e-12,4.8108854022e-13,0
1868,1162,42008,5.0163822432e-12,4.7176746639e-12,-3.9391357491e-13,0
1868,35332,42007,7.4010481308e-12,-6.7984924194e-12,-1.3447665207e-12,0
1868,10918,42001,2.4218242569e-12,7.3662083511e-13,1.9314694926e-12,0
1868,11356,42001,3.7347862368e-12,-1.6008707687e-12,1.6950630196e-13,0
1868,36733,42010,5.4085428789e-12,-4.6823621825e-12,2.0997813579e-12,0
1868,12631,42011,4.1049477987e-12,1.1524050439e-12,3.4636958124e-12,0
1868,20590,42008,3.6137511508e-12,2.5921357643e-12,-4.8971704605e-14,0
1869,26413,42006,7.5570026136e-13,-1.7599365182e-13,7.1624516815e-13,0
1869,20590,42008,5.0143578229e-12,-5.8072617891e-13,-2.7167261220e-14,0
1869,35332,42007,5.8789877232e-12,3.3888368708e-12,-1.0058828337e-12,0
1869,1162,42008,7.3882934993e-12,-6.8343233525e-12,-8.9646906177e-13,0
1869,10918,42001,2.3436199254e-12,9.7889421975e-13,1.2635989407e-12,0
1869,11356,42001,4.8513036806e-12,4.3244443678e-12,3.8556517122e-13,0
1869,36733,42010,3.9218077691e-12,2.0754972703e-12,2.1171812242e-12,0
1869,12631,42011,3.7201258488e-12,2.1944039212e-12,3.5454426318e-12,0
1870,35332,42007,4.6100744538e-12,-1.0766353478e-12,-1.1135463684e-12,0
1870,1162,42008,6.5951778462e-12,5.4246818855e-12,-6.5120545381e-13,0
1870,36733,42010,2.8812498696e-12,-2.6065212347e-12,2.0862086091e-12,0
1870,10918,42001,7.0006561183e-12,5.3211483919e-12,1.7079661233e-12,0
1870,11356,42001,6.5008565720e-12,5.3742930039e-12,1.2638439511e-12,0
1870,12631,42011,6.4676152403e-12,1.9032895161e-12,3.1671375147e-12,0
1870,20590,42008,8.3227463332e-12,4.3800198258e-12,2.1295005408e-13,0
1870,26413,42006,9.5377932174e-12,6.5753712304e-12,1.1623374764e-12,0
1871,1162,42008,3.8423445944e-12,-2.0024907243e-13,-4.1538648159e-13,0
1871,10918,42001,2.8207424398e-12,-2.6476871077e-12,1.0204571153e-12,0
1871,11356,42001,2.8272475713e-12,-1.7195048668e-12,4.5688192358e-13,0
1871,20590,42008,7.1374763184e-12,6.8271686474e-13,6.6135982562e-13,0
1871,12631,42011,3.9834075326e-12,5.0273596704e-13,2.9327109964e-12,0
1871,26413,42006,6.7063512512e-12,-4.1340867277e-12,9.4555052062e-13,0
1871,35332,42007,4.3499194590e-12,4.6586598019e-13,-1.0669597704e-12,0
1871,36733,42010,2.4595485189e-12,3.2522363608e-14,2.0587430898e-12,0
1872,26413,42006,5.7617154745e-12,1.3399410889e-12,1.1386049452e-12,0
1872,35332,42007,4.1943112327e-12,-1.9800969228e-12,-1.2649734564e-12,0
1872,10918,42001,1.7153792312e-12,5.5119800590e-13,1.0616967672e-12,0
1872,36733,42010,8.7024197601e-12,7.2999829776e-12,2.4435292234e-12,0
1872,11356,42001,6.3679612879e-12,4.5718970629e-12,1.3175662508e-12,0
1872,12631,42011,3.1556327470e-12,-2.1251269951e-12,1.8733245147e-12,0
1872,1162,42008,1.8655111004e-12,7.2993950946e-13,-6.1746428235e-13,0
1872,20590,42008,6.3670109605e-12,1.2700935779e-13,4.3968924565e-13,0
1873,1162,42008,1.3949620085e-12,2.0971610134e-13,-4.9708575380e-13,0
1873,10918,42001,4.0244393974e-12,-1.3746396717e-12,1.1324962450e-12,0
1873,26413,42006,5.1648015171e-12,-2.9048955735e-12,4.1091868169e-13,0
1873,11356,42001,4.3881224665e-12,3.1690587091e-12,2.1752465780e-12,0
1873,20590,42008,4.8016074452e-12,-4.0073981671e-13,8.9290939195e-13,0
1873,35332,42007,6.9819596984e-12,-6.2159340008e-12,-1.6793468762e-12,0
1873,12631,42011,6.2167591616e-12,4.9515727622e-12,1.9241834514e-12,0
1873,36733,42010,2.4996756402e-12,6.3405222339e-13,1.7935198368e-12,0
1874,35332,42007,3.2115224700e-12,-2.1867093836e-12,-1.8592371577e-12,0
1874,10918,42001,2.5675240997e-12,-1.9329637505e-13,9.3760008673e-13,0
1874,11356,42001,7.7679798417e-12,4.8479397610e-12,2.1439680988e-12,0
1874,36733,42010,4.6944818471e-12,7.9699426376e-13,1.9330560420e-12,0
1874,12631,42011,2.2737494184e-12,-2.0159159457e-12,1.0116321939e-12,0
1874,26413,42006,4.7703261293e-12,1.5702262843e-12,1.9385134751e-14,0
1874,1162,42008,5.7363375691e-12,-1.9736524364e-12,-6.8117143883e-13,0
1874,20590,42008,5.4219685457e-12,5.9830668274e-13,1.0286164384e-12,0
1875,1162,42008,4.3750998700e-12,2.9182313949e-12,-3.8462290905e-15,0
1875,26413,42006,4.7755584637e-12,1.3186828687e-12,3.0539439476e-13,0
1875,10918,42001,5.1560769931e-12,1.1772128516e-12,8.3050062210e-13,0
1875,20590,42008,8.0625409528e-12,5.5789221827e-12,1.4078292348e-12,0
1875,11356,42001,4.2823277704e-12,2.5870501107e-12,2.1149174629e-12,0
1875,35332,42007,2.6442804220e-12,-2.4727859465e-13,-1.8230867533e-12,0
1875,12631,42011,7.4375970819e-12,1.8311648825e-12,1.4267610778e-12,0
1875,36733,42010,7.0551261248e-12,5.9059555813e-12,2.1125061957e-12,0
1876,10918,42001,3.5086704560e-12,-2.8879208638e-12,2.5577677380e-13,0
1876,11356,42001,5.1325948263e-12,-6.9761015574e-13,2.0199076379e-12,0
1876,26413,42006,1.7369442503e-12,8.7111525057e-13,8.2942994109e-13,0
1876,12631,42011,9.5836642913e-12,4.2879585537e-12,1.2826482054e-12,0
1876,1162,42008,2.9182636426e-12,1.2989424614e-12,9.9337480388e-14,0
1876,20590,42008,4.3445964866e-12,-2.6145959967e-12,8.6760843929e-13,0
1876,35332,42007,2.4453047789e-12,-2.1092704516e-12,-1.6276259496e-12,0
1876,36733,42010,6.1003921410e-12,-1.5588134352e-12,1.7947796987e-12,0
1877,35332,42007,4.6520414055e-12,-1.5353230281e-12,-1.8295037298e-12,0
1877,1162,42008,5.9382533509e-12,5.3341769166e-12,1.1625138072e-12,0
1877,36733,42010,4.5041550535e-12,5.1078609278e-13,8.4080939205e-13,0
1877,20590,42008,5.0304422999e-12,4.4358288094e-12,1.4798877495e-12,0
1877,26413,42006,8.4689239447e-12,-7.7991285754e-13,7.1351978856e-13,0
1877,10918,42001,4.5814493979e-12,-1.8440010288e-12,-1.8247074287e-14,0
1877,11356,42001,2.8181634655e-12,1.6220249056e-12,2.2478722130e-12,0
1877,12631,42011,4.0328549930e-12,-3.7906397208e-12,8.8918479852e-13,0
1878,26413,42006,8.9147049783e-12,7.5666001431e-12,1.1247048055e-12,0
1878,1162,42008,5.1502236002e-12,-3.4240176106e-12,3.4834457973e-13,0
1878,10918,42001,7.5479634456e-12,3.5536597966e-12,2.6345682186e-13,0
1878,11356,42001,2.5107166016e-12,-2.1428069898e-12,2.1936785909e-12,0
1878,35332,42007,2.5830653854e-12,-1.3109881404e-12,-1.2807533019e-12,0
1878,12631,42011,2.5589561997e-12,1.1490920587e-12,8.8885350000e-13,0
1878,20590,42008,4.5119442378e-12,-2.0464763112e-12,1.0160265420e-12,0
1878,36733,42010,4.6953959219e-12,3.9461114977e-12,1.7036567601e-12,0
1879,10918,42001,2.6368985120e-12,2.5579040435e-12,4.2135780423e-13,0
1879,11356,42001,2.8980345555e-12,-1.4497490880e-12,1.6162592453e-12,0
1879,1162,42008,5.2406577931e-12,3.1250057580e-12,1.3442774908e-12,0
1879,20590,42008,3.0675004498e-12,2.1863946166e-12,1.2927386215e-12,0
1879,12631,42011,4.6283231253e-12,9.6321280130e-13,7.6573438801e-13,0
1879,26413,42006,5.2288279918e-12,-2.1795947457e-12,9.2434469616e-13,0
1879,35332,42007,8.8486423981e-12,5.1803472864e-12,-1.1016022603e-12,0
1879,36733,42010,6.7244280015e-12,-3.5195043454e-12,1.1441565985e-12,0
1880,20590,42008,2.8466712766e-12,2.1976422832e-12,1.0745008673e-12,0
1880,26413,42006,2.4469324281e-12,1.8341393514e-12,4.5022150825e-13,0
1880,10918,42001,4.2032350629e-12,2.1599916112e-12,1.0524212616e-13,0
1880,11356,42001,4.2031162850e-12,2.1221854355e-12,1.2910484885e-12,0
1880,12631,42011,3.9254093921e-12,3.3892016766e-12,9.1432560406e-13,0
1880,1162,42008,2.4795754474e-12,-8.1129842288e-13,7.2067945994e-13,0
1880,35332,42007,7.4515295870e-12,-7.1042532626e-12,-1.7043640518e-12,0
1880,36733,42010,5.5504919423e-12,4.2377317205e-12,1.8285818940e-12,0
1881,20590,42008,4.8155589290e-12,-3.3658592529e-12,6.6964325549e-13,0
1881,1162,42008,1.4936434447e-12,-5.5759310072e-13,6.8494505711e-13,0
1881,10918,42001,3.7216198155e-12,1.0924691691e-13,3.8093552863e-13,0
1881,26413,42006,4.4791110605e-12,-7.5678430012e-13,7.8795175101e-13,0
1881,11356,42001,3.2160210842e-12,6.8532431898e-13,1.5315314070e-12,0
1881,12631,42011,3.3000738848e-12,3.2437960779e-12,1.1884316152e-12,0
1881,35332,42007,7.8068634765e-12,4.3686928243e-12,-1.3140813674e-12,0
1881,36733,42010,2.6089267667e-12,-2.5981308812e-12,1.5655165695e-12,0
1882,35332,42007,4.5301296027e-12,-4.3600664465e-12,-1.5520783198e-12,0
1882,10918,42001,4.6412403306e-12,3.5358770280e-12,6.7940343083e-13,0
1882,11356,42001,6.5908840582e-12,1.5192579111e-12,1.2262674918e-12,0
1882,26413,42006,2.2203127929e-12,1.7597575893e-12,8.2993340105e-13,0
1882,36733,42010,7.0996045995e-12,4.4177430869e-12,1.2772925805e-12,0
1882,12631,42011,8.7690660118e-13,-8.3515504801e-13,1.3174288099e-12,0
1882,1162,42008,3.2806564150e-12,3.0143107724e-13,6.4209421389e-13,0
1882,20590,42008,6.9487310298e-12,-2.7118881399e-12,3.8575350572e-13,0
1883,26413,42006,4.7100993444e-12,-9.1322283545e-13,1.0291006749e-12,0
1883,20590,42008,2.6809519404e-12,1.8181730113e-12,6.0764478852e-13,0
1883,10918,42001,7.3165722417e-12,-7.2110131067e-12,9.5766087335e-14,0
1883,11356,42001,2.3283798728e-12,-1.6975477681e-12,7.3960684413e-13,0
1883,12631,42011,5.8128633585e-12,7.0191922082e-13,8.9246345572e-13,0
1883,35332,42007,4.1806035990e-12,-9.2059952934e-14,-9.3969091496e-13,0
1883,36733,42010,6.5161245685e-12,-5.1218878319e-12,7.0169857493e-13,0
1883,1162,42008,4.8737114626e-12,3.4550361344e-12,9.6662621719e-13,0
1884,1162,42008,3.4595921586e-12,-1.7986476232e-12,9.8412669852e-13,0
1884,35332,42007,4.8194963722e-12,-3.0807516309e-12,-1.0290951397e-12,0
1884,10918,42001,2.6562168338e-12,3.6898368564e-13,1.5199409340e-13,0
1884,36733,42010,4.9065132409e-12,3.7964133983e-12,1.0016404884e-12,0
1884,11356,42001,2.9445889880e-12,2.0881368811e-12,4.6362655614e-13,0
1884,26413,42006,3.2288369215e-12,-3.9867274915e-13,8.3221077151e-13,0
1884,12631,42011,6.7834460981e-12,4.9228030374e-13,1.1432830807e-12,0
1884,20590,42008,8.9761516154e-12,-6.8585129993e-12,-1.3803717968e-13,0
1885,26413,42006,6.7497610238e-12,-5.5332519334e-12,1.4701729130e-13,0
1885,10918,42001,3.1562798228e-12,-1.4781053317e-12,-1.1353772493e-13,0
1885,11356,42001,1.4649909616e-12,2.8828310428e-13,2.3374985549e-13,0
1885,35332,42007,5.6056337541e-12,-4.3005061239e-12,-1.4344178926e-12,0
1885,12631,42011,2.6397323896e-12,2.6485995761e-13,9.8665258817e-13,0
1885,1162,42008,6.1259424375e-12,2.0084542113e-12,8.9314898016e-13,0
1885,36733,42010,5.3297970244e-12,-3.7271287176e-12,3.8332058484e-14,0
1885,20590,42008,8.6406197028e-12,1.6531902818e-12,-5.3061036977e-13,0
1886,35332,42007,6.6639848421e-12,-4.7036546659e-12,-1.6938563140e-12,0
1886,1162,42008,6.9099306919e-12,-2.0995872355e-12,5.5329601046e-13,0
1886,36733,42010,5.8550118839e-12,4.9944073825e-12,6.9365414025e-13,0
1886,20590,42008,8.6360079179e-12,-1.1194243148e-13,-2.8034501324e-13,0
1886,26413,42006,4.4725158888e-12,-3.1952865852e-12,-2.5962289228e-13,0
1886,10918,42001,3.8102515124e-12,2.5305179351e-12,4.2830615496e-13,0
1886,11356,42001,5.9788545155e-12,4.1172643047e-12,7.1523730153e-13,0
1886,12631,42011,8.3615420656e-12,3.7648223867e-12,9.3433897147e-13,0
1887,26413,42006,4.0269196188e-12,2.1372685040e-12,3.2095243877e-14,0
1887,10918,42001,3.5717159461e-12,-2.9858867494e-12,3.1411758291e-13,0
1887,11356,42001,4.9985881173e-12,5.3148028563e-13,6.0618283954e-13,0
1887,1162,42008,6.5511378587e-12,-4.0451858403e-12,-3.8464026523e-13,0
1887,12631,42011,2.9270505437e-12,8.4792182693e-13,1.3981951262e-12,0
1887,20590,42008,7.3756265170e-12,2.2969765699e-12,-4.9423023719e-13,0
1887,35332,42007,6.8916243902e-12,-1.1123467510e-12,-1.6515586863e-12,0
1887,36733,42010,5.3247104861e-12,-3.4679949497e-12,2.9577603601e-13,0
1888,35332,42007,6.1176349599e-12,-5.8726673234e-12,-2.1077266046e-12,0
1888,36733,42010,9.0157781901e-12,6.6481548767e-12,5.6598037391e-13,0
1888,1162,42008,6.1038760895e-12,3.8874560344e-12,3.4650709928e-13,0
1888,10918,42001,2.5998337666e-12,8.3194070871e-13,4.1945674116e-14,0
1888,11356,42001,6.0944670088e-12,2.6436001961e-12,1.0848235581e-12,0
1888,12631,42011,4.1626273776e-12,3.1800662880e-12,1.6012925492e-12,0
1888,26413,42006,5.1100814056e-12,-3.1072338273e-12,-1.0352881532e-12,0
1888,20590,42008,7.9815189186e-12,3.6939201443e-13,-2.5264340462e-13,0
1889,26413,42006,3.3316898452e-12,2.1233320338e-12,-6.0499547522e-13,0
1889,10918,42001,2.6773907390e-12,-8.4882500727e-13,-2.9872723096e-13,0
1889,11356,42001,1.2294930298e-12,-1.2241060360e-12,1.1073878633e-12,0
1889,20590,42008,6.2945284936e-12,8.1128515666e-13,-3.9015435062e-13,0
1889,12631,42011,2.6878475280e-12,-9.2129368799e-13,1.4128419002e-12,0
1889,1162,42008,6.0188746712e-12,1.3705452544e-12,1.7106104892e-13,0
1889,35332,42007,1.4138087166e-12,1.8175309937e-14,-2.6239438023e-12,0
1889,36733,42010,1.0008997141e-11,-8.6921290018e-12,4.8717908265e-14,0
1890,10918,42001,4.2130422332e-12,1.1644895599e-12,-3.9827743609e-13,0
1890,11356,42001,3.5364342803e-12,-5.6685250834e-13,8.3848406894e-13,0
1890,12631,42011,9.5150745159e-12,-8.4876149429e-12,2.2516023829e-13,0
1890,1162,42008,5.4946573351e-12,1.9411915069e-12,4.4631004190e-13,0
1890,26413,42006,1.7572338643e-12,-1.0736226479e-12,-8.9577167514e-13,0
1890,20590,42008,3.6938957644e-12,-2.9138520521e-12,-9.0130378415e-13,0
1890,35332,42007,1.1385321509e-12,-5.7601435454e-13,-1.9711199115e-12,0
1890,36733,42010,8.2143011573e-12,7.6220031774e-12,3.8714505396e-13,0
1891,26413,42006,3.4435679654e-12,3.2562365091e-12,-4.9446959423e-13,0
1891,35332,42007,2.3661602536e-12,-1.6393657241e-12,-2.5719257663e-12,0
1891,10918,42001,6.7966723112e-12,-2.2592529663e-12,-6.3512742441e-13,0
1891,11356,42001,7.9588837835e-12,1.9987725096e-12,9.6982888800e-13,0
1891,1162,42008,3.1704794302e-12,-3.0379265309e-13,4.7169008666e-13,0
1891,36733,42010,1.8567051236e-12,1.0985237222e-13,6.5794337930e-13,0
1891,20590,42008,7.5932001064e-12,7.3605329491e-12,1.7133543605e-13,0
1891,12631,42011,6.9730071744e-12,5.8530000868e-12,4.8608063917e-13,0
1892,10918,42001,8.3532711171e-12,5.7334414029e-12,-4.1537098691e-13,0
1892,11356,42001,7.3553095724e-12,7.2050795850e-12,1.5384110554e-12,0
1892,1162,42008,4.4022983742e-12,-2.8086107938e-13,4.1346087100e-13,0
1892,12631,42011,1.1997973458e-11,-5.4046859925e-12,2.9127544721e-14,0
1892,35332,42007,4.1661075066e-12,-1.3912986471e-12,-2.2750489864e-12,0
1892,20590,42008,5.5832438327e-12,-1.5014862016e-12,2.9237562988e-13,0
1892,36733,42010,4.5886743349e-12,4.2811346224e-12,6.4428253285e-13,0
1892,26413,42006,7.9889493022e-12,-4.7785670376e-12,-1.1483020569e-12,0
1893,35332,42007,8.3245035642e-12,-7.5204329196e-12,-3.0178862830e-12,0
1893,20590,42008,4.7829449114e-12,1.7450770111e-12,2.8506602986e-13,0
1893,1162,42008,5.4450212024e-12,-1.9881106814e-12,-1.3085381058e-13,0
1893,36733,42010,2.5581573958e-12,-2.7235864207e-13,1.1292354518e-12,0
1893,26413,42006,9.5580280338e-12,7.1224471060e-12,-3.4473506277e-13,0
1893,10918,42001,4.1718260397e-12,3.2052757296e-12,6.2625789672e-13,0
1893,11356,42001,1.7536112578e-12,-1.2761550789e-12,1.5805503243e-12,0
1893,12631,42011,8.4580396954e-12,7.3068659613e-12,6.8962221877e-13,0
1894,26413,42006,7.8151260560e-12,-5.9221576583e-12,-8.9708355368e-13,0
1894,20590,42008,7.7919595994e-12,6.3651348030e-12,1.6074308101e-12,0
1894,10918,42001,3.1803126160e-12,3.0949109497e-12,8.9885062312e-13,0
1894,11356,42001,3.1300921507e-12,1.6321002818e-12,1.5349466644e-12,0
1894,1162,42008,3.0786702518e-12,1.4581048605e-12,1.9482143780e-13,0
1894,35332,42007,3.5230414520e-12,1.0809170521e-12,-2.6017194147e-12,0
1894,12631,42011,3.0534906327e-12,-2.9187471207e-12,3.4851947632e-13,0
1894,36733,42010,3.0804412894e-12,3.0385795065e-12,1.0534520627e-12,0
1895,10918,42001,3.3490880684e-12,-3.4484758340e-14,1.0432126805e-12,0
1895,11356,42001,4.5938653932e-12,1.4973067190e-12,1.6558490259e-12,0
1895,12631,42011,4.8137652548e-12,4.6774069818e-12,7.8977417874e-13,0
1895,35332,42007,3.5517926053e-12,2.7100462870e-12,-1.9006641737e-12,0
1895,1162,42008,4.8405908253e-12,-5.1073517937e-14,-1.1131335127e-14,0
1895,36733,42010,7.9374771269e-12,6.2809400497e-12,2.0542589394e-12,0
1895,26413,42006,4.3307615061e-12,4.0418513480e-12,6.0426774460e-14,0
1895,20590,42008,2.6067459408e-12,1.6125701052e-12,1.6033687924e-12,0
1896,26413,42006,6.0145690262e-12,-8.5794995112e-13,2.9416043787e-13,0
1896,20590,42008,2.9551080887e-12,1.9304463101e-12,1.8076076666e-12,0
1896,1162,42008,4.4045690017e-12,-1.8900182573e-12,9.8255626880e-15,0
1896,35332,42007,8.7777028834e-12,8.6752589177e-12,-5.6277281531e-13,0
1896,36733,42010,5.7821904867e-12,-3.7662296291e-12,1.1781952382e-12,0
1896,10918,42001,2.1085047308e-12,-1.8454490825e-12,6.0561597870e-13,0
1896,11356,42001,7.3578163165e-12,-6.6367249645e-12,5.8045009895e-13,0
1896,12631,42011,5.0255482175e-12,-2.1352509082e-12,1.9976684925e-13,0
1897,10918,42001,4.8362225362e-12,-3.0527197716e-12,5.9893267647e-13,0
1897,11356,42001,5.1780745003e-12,2.2107769484e-12,7.4837976523e-13,0
1897,12631,42011,7.4844797962e-12,3.9053545384e-12,5.0551012040e-13,0
1897,26413,42006,1.3728465222e-12,-9.0910645660e-13,-1.0477058189e-14,0
1897,1162,42008,2.9664568842e-12,-2.6947676706e-12,1.4486737966e-13,0
1897,20590,42008,7.1785607140e-12,3.3258190255e-12,1.9104919121e-12,0
1897,35332,42007,4.0488425986e-12,2.3279737312e-13,-4.2825840289e-13,0
1897,36733,42010,8.6342790640e-12,7.2473590046e-12,2.2497306337e-12,0
1898,1162,42008,2.0030366033e-12,8.7105680968e-13,-1.5677254281e-13,0
1898,26413,42006,1.0840921867e-11,-1.0739094472e-12,1.9285537982e-13,0
1898,20590,42008,3.9956370238e-12,1.6118633891e-12,2.0347390496e-12,0
1898,35332,42007,6.4136057403e-12,-5.7081611526e-12,-4.1180778581e-13,0
1898,10918,42001,6.2701901940e-12,2.9145536494e-12,8.0719397055e-13,0
1898,36733,42010,4.3117684226e-12,4.2481067554e-12,2.0097258215e-12,0
1898,11356,42001,3.7471208044e-12,2.0279498306e-12,6.8681472868e-13,0
1898,12631,42011,3.0561650586e-12,2.1387831720e-12,4.0138180880e-13,0
1899,1162,42008,1.9133613176e-12,-1.2208839227e-12,-4.1591546053e-13,0
1899,35332,42007,6.3562160047e-12,2.6073898220e-12,-1.5288633460e-13,0
1899,26413,42006,4.6218444493e-12,2.9801138367e-12,2.7853356010e-13,0
1899,36733,42010,2.3734814530e-12,2.0513578570e-12,3.0840745074e-12,0
1899,10918,42001,3.6984367914e-12,-1.9934362770e-12,6.9273284358e-13,0
1899,11356,42001,7.7678697214e-12,-1.5987377130e-12,6.4935156098e-13,0
1899,12631,42011,5.2488065659e-12,3.3479521905e-12,8.2830639664e-13,0
1899,20590,42008,2.3865328132e-12,-1.0686967556e-12,1.8467408584e-12,0
1900,10918,42001,6.6781465539e-12,4.3202614230e-12,1.0083100299e-12,0
1900,11356,42001,7.0964109037e-12,2.7065965145e-12,9.7669646327e-13,0
1900,26413,42006,2.7789501397e-12,-1.9788840239e-12,1.8800742251e-13,0
1900,12631,42011,1.6017579796e-12,5.2413834183e-13,1.7294817251e-12,0
1900,1162,42008,8.9295638452e-12,3.7452700197e-12,-2.3550760925e-13,0
1900,35332,42007,4.6750733557e-12,-2.2191466918e-12,-3.1719956832e-13,0
1900,20590,42008,4.4129988026e-12,-3.4673288927e-12,1.7913931743e-12,0
1900,36733,42010,4.7933481630e-12,-1.3225041361e-12,2.1896237761e-12,0
1901,10918,42001,4.7904631858e-13,4.5839631245e-13,1.2800749578e-12,0
1901,11356,42001,4.3507630237e-12,1.5765175402e-12,9.3447096633e-13,0
1901,20590,42008,5.5182943647e-12,-8.3387176168e-13,9.7195270323e-13,0
1901,1162,42008,1.6769633192e-12,-1.2334643547e-12,-3.2847477941e-13,0
1901,12631,42011,8.9889951944e-12,5.5361191633e-12,1.6977936328e-12,0
1901,26413,42006,2.2532397654e-12,-1.0148411045e-12,-2.3910033885e-13,0
1901,35332,42007,6.2202169932e-12,5.2860325139e-12,3.7534025547e-13,0
1901,36733,42010,2.9545568203e-12,-1.6906779751e-12,2.0095707413e-12,0
1902,26413,42006,8.9597337842e-12,6.4105510294e-12,8.7981146785e-13,0
1902,35332,42007,6.5569401323e-12,1.7216891126e-12,6.8663903145e-13,0
1902,1162,42008,4.2733655402e-12,3.7762705696e-12,7.7238385483e-14,0
1902,10918,42001,4.8776523700e-12,3.2797258487e-12,1.0347034023e-12,0
1902,11356,42001,7.1319194922e-12,5.4653555903e-12,7.6049856686e-13,0
1902,36733,42010,5.6030212397e-12,3.9156231241e-12,1.9730195915e-12,0
1902,20590,42008,4.1336183766e-12,2.5936039732e-12,1.3814617207e-12,0
1902,12631,42011,6.7061864178e-12,-4.8940901863e-12,1.7488532134e-12,0
1903,1162,42008,2.7824741109e-12,2.3707673045e-12,5.1312618407e-13,0
1903,10918,42001,5.7936409080e-12,2.2665133753e-12,9.4082716691e-13,0
1903,35332,42007,4.4478313730e-12,3.8376611380e-12,1.8224484372e-12,0
1903,11356,42001,3.4687772013e-12,-2.0445920807e-12,6.8365486668e-13,0
1903,20590,42008,3.3933479874e-12,-1.9004512356e-12,1.0169088961e-12,0
1903,12631,42011,2.8809916330e-12,-2.6480708718e-12,7.5335953008e-13,0
1903,36733,42010,3.5284610395e-12,2.6905295896e-12,2.2693084147e-12,0
1903,26413,42006,4.2002342089e-12,-1.0022767783e-12,6.7339079412e-14,0
1904,26413,42006,5.3546119844e-12,3.7258143012e-12,1.0321362754e-12,0
1904,1162,42008,4.5475335536e-12,3.1148918926e-12,6.7880488728e-13,0
1904,10918,42001,4.1015805501e-12,3.8342041664e-12,1.0147564886e-12,0
1904,11356,42001,2.3814736719e-12,2.1928847368e-12,7.3973331217e-13,0
1904,35332,42007,4.8421193206e-12,1.9884772693e-12,1.9132044589e-12,0
1904,12631,42011,4.0311177850e-12,-3.3155871085e-12,7.1367553130e-13,0
1904,20590,42008,4.8608089558e-12,2.8464938359e-12,6.6504479935e-13,0
1904,36733,42010,4.3433536819e-12,5.7164041692e-13,2.0226145057e-12,0
1905,10918,42001,2.1121605536e-12,2.0812316600e-12,1.2263281304e-12,0
1905,1162,42008,6.3134997190e-12,-2.6282935267e-12,4.2108288640e-13,0
1905,11356,42001,4.5031270321e-12,3.1936465413e-12,9.0936729440e-13,0
1905,12631,42011,2.0466179121e-12,2.0991682317e-13,2.6692651544e-13,0
1905,20590,42008,3.6692698059e-12,-1.8962427552e-12,3.1416351332e-13,0
1905,26413,42006,4.0212960605e-12,1.1556517520e-12,7.4351631576e-13,0
1905,35332,42007,8.3838126205e-12,8.1412419668e-13,1.7236122499e-12,0
1905,36733,42010,5.2459563545e-12,-4.4620093079e-12,9.4831956994e-13,0
1906,35332,42007,6.1302977455e-12,-4.0027508036e-12,4.5581127776e-13,0
1906,26413,42006,6.5610157098e-12,-3.7817626380e-12,4.5113504707e-13,0
1906,36733,42010,6.3272577184e-12,2.9765482157e-12,1.6225973544e-12,0
1906,1162,42008,5.0359616112e-12,4.5574808065e-12,1.0658327928e-12,0
1906,10918,42001,5.8280997614e-12,2.3466733955e-12,1.6455403782e-12,0
1906,11356,42001,2.2050229971e-12,8.9479368115e-13,1.6625191590e-12,0
1906,20590,42008,7.8202137395e-12,-7.1536274999e-13,4.9582607306e-14,0
1906,12631,42011,8.6017485052e-12,-7.9326432300e-12,-3.1281271674e-13,0
1907,10918,42001,6.1669904950e-12,3.6676222701e-12,2.3175745824e-12,0
1907,11356,42001,4.4271682436e-12,-8.8098282241e-13,1.3533431819e-12,0
1907,1162,42008,6.5853051317e-12,-5.4998420077e-12,7.8532535908e-13,0
1907,12631,42011,5.1423652596e-12,4.4710994688e-12,-2.5623822371e-13,0
1907,26413,42006,1.6078720676e-12,1.1688770570e-12,6.5893339843e-13,0
1907,20590,42008,8.4733340050e-12,-2.8319610872e-12,-5.6619540397e-13,0
1907,35332,42007,3.7651547327e-12,1.6260177487e-12,5.9513331533e-13,0
1907,36733,42010,5.7862535839e-12,-6.8353144497e-13,8.2950830946e-13,0
1908,35332,42007,9.7766394411e-12,-5.6229081370e-12,6.0365861688e-13,0
1908,26413,42006,4.2453817837e-12,-2.5867892675e-12,5.0764541640e-13,0
1908,36733,42010,3.4714214962e-12,-3.2177463835e-12,8.2922995575e-14,0
1908,10918,42001,7.7874846072e-12,6.9412181477e-12,2.7202410322e-12,0
1908,11356,42001,3.6296318973e-12,3.2039773936e-12,1.4709459382e-12,0
1908,1162,42008,6.0664883388e-12,5.6374352230e-12,1.2619632004e-12,0
1908,20590,42008,5.2321331335e-12,-2.8572479606e-12,-1.0131065389e-12,0
1908,12631,42011,8.7078396904e-13,6.5546154381e-13,-4.0457038652e-13,0
1909,1162,42008,3.8899175358e-12,-1.1884182694e-12,1.2652097657e-12,0
1909,10918,42001,4.7291597316e-12,4.3843980212e-12,3.3580244620e-12,0
1909,11356,42001,4.2630841939e-12,2.0278879120e-12,1.8336085007e-12,0
1909,20590,42008,8.7239232650e-12,-4.7363628912e-12,-1.3798731525e-12,0
1909,12631,42011,6.4490499519e-12,-5.3636633201e-12,-1.2757319376e-12,0
1909,26413,42006,8.8230622119e-12,-3.0119459733e-13,1.7951457300e-13,0
1909,35332,42007,5.2630681897e-12,4.1047323277e-12,7.5339286745e-13,0
1909,36733,42010,5.2290106986e-12,2.5942887733e-12,1.3721608720e-13,0
1910,35332,42007,4.0032249400e-12,-2.8001919791e-12,6.9528833872e-13,0
1910,26413,42006,5.0838809082e-12,-1.2386456435e-12,2.5353841104e-13,0
1910,36733,42010,5.7009878178e-12,-2.8582097676e-12,-1.6354475953e-14,0
1910,10918,42001,8.5722153139e-12,7.7635130575e-12,3.7023496255e-12,0
1910,11356,42001,7.3868305918e-12,2.5276183189e-12,1.8157106811e-12,0
1910,1162,42008,6.0860382051e-12,4.5661907974e-12,1.3473018435e-12,0
1910,12631,42011,2.5186143182e-12,-1.6150975913e-12,-1.4896555309e-12,0
1910,20590,42008,3.9991483558e-12,2.4648162255e-12,-7.8665864069e-13,0
1911,20590,42008,9.4299727013e-12,-6.8545499683e-12,-1.3887264614e-12,0
1911,10918,42001,4.3550695277e-12,3.3181630570e-12,3.9883263000e-12,0
1911,11356,42001,4.5463247900e-12,2.0983690593e-12,1.8678958330e-12,0
1911,26413,42006,2.3788711637e-12,5.8628989336e-13,4.1365151082e-13,0
1911,12631,42011,3.7164391303e-12,-1.9648143308e-12,-2.2397488803e-12,0
1911,1162,42008,7.6869347887e-12,-6.3734740272e-12,8.3330087626e-13,0
1911,35332,42007,5.7442322819e-12,5.2404381887e-12,6.9072890620e-13,0
1911,36733,42010,3.5867986687e-12,-3.4615348413e-12,-1.9344016258e-13,0
1912,1162,42008,2.5203615494e-12,1.8834077906e-12,6.4401459836e-13,0
1912,26413,42006,6.8285158671e-12,7.0751283181e-13,-1.5665230893e-13,0
1912,10918,42001,6.0263365418e-12,5.6111109513e-12,4.2214648102e-12,0
1912,11356,42001,6.1801126096e-12,-2.7268310208e-12,1.0486771719e-12,0
1912,20590,42008,1.1859549459e-11,1.0739545020e-11,-5.7413235667e-13,0
1912,12631,42011,2.0876832186e-12,-1.8394735063e-12,-1.9342872123e-12,0
1912,35332,42007,4.1149021810e-12,-3.8044529693e-12,1.3811469801e-13,0
1912,36733,42010,7.7321779141e-12,6.6261769316e-12,7.7615218168e-14,0
1913,26413,42006,6.7971622189e-12,-5.9993940696e-12,-6.5636403806e-13,0
1913,10918,42001,3.4966178451e-12,1.7372922779e-13,4.0121863955e-12,0
1913,11356,42001,9.8973804766e-12,1.6070296116e-12,1.4138393411e-12,0
1913,20590,42008,6.1136939290e-12,-5.4093317645e-12,-9.2502040956e-13,0
1913,12631,42011,7.6963302578e-12,-1.0984270342e-13,-1.6804643955e-12,0
1913,1162,42008,1.1468087801e-11,-1.0780810452e-11,-6.7114317727e-13,0
1913,35332,42007,4.7723019595e-12,5.7597520588e-13,-1.8805389521e-13,0
1913,36733,42010,8.0890004886e-12,-3.4499893634e-12,-5.3643667713e-13,0
1914,35332,42007,1.9436185875e-12,1.5572883063e-12,-2.3117279150e-13,0
1914,1162,42008,9.2680619892e-12,6.0368301867e-12,-3.7894934787e-13,0
1914,26413,42006,4.3993896612e-12,-8.0403716636e-13,-1.1093491848e-12,0
1914,36733,42010,6.6196534933e-12,-8.6507896372e-13,-6.8010861520e-13,0
1914,10918,42001,8.7311235112e-12,7.6304984826e-12,4.3918158271e-12,0
1914,11356,42001,1.8506245993e-12,1.6592050564e-12,1.3604713731e-12,0
1914,20590,42008,7.3788919859e-12,7.2915724555e-12,-4.8051254761e-13,0
1914,12631,42011,6.3470962533e-12,4.5952531818e-13,-1.3029531528e-12,0
1915,10918,42001,5.7791719608e-12,-2.5751563324e-12,3.9261770278e-12,0
1915,11356,42001,3.0134262558e-12,-1.9228657177e-12,8.4882014721e-13,0
1915,12631,42011,7.6811815086e-12,5.5446969079e-12,-7.6947514433e-13,0
1915,20590,42008,3.9127210515e-12,-2.4364118832e-12,-5.3452946040e-13,0
1915,26413,42006,5.1414708017e-12,4.1379930907e-12,-8.1111505095e-13,0
1915,1162,42008,8.2610841630e-12,-7.0134286844e-12,-8.1746286363e-13,0
1915,35332,42007,6.1565027200e-12,-2.7105347225e-12,-5.8363868342e-13,0
1915,36733,42010,7.6757326594e-12,5.8108524764e-13,-1.7579915964e-13,0
1916,35332,42007,3.9533417248e-12,3.6716435842e-12,1.8380075536e-13,0
1916,1162,42008,3.8648686489e-12,2.9804953020e-12,-9.7516141409e-13,0
1916,36733,42010,5.1921102365e-12,9.9417531189e-13,-3.7403645002e-13,0
1916,26413,42006,6.3434523216e-12,-1.7418746911e-12,-6.0712625626e-13,0
1916,10918,42001,4.5100189035e-12,-1.1082367049e-12,3.5806860178e-12,0
1916,11356,42001,4.4186754640e-12,3.1704658756e-12,1.0763873667e-12,0
1916,20590,42008,4.3866198511e-12,1.8808440150e-13,-4.4418474525e-13,0
1916,12631,42011,5.5678882472e-12,4.5251491384e-12,4.7630409252e-13,0
1917,35332,42007,4.9508593622e-12,3.5738024396e-12,3.7857922444e-13,0
1917,36733,42010,3.1913346830e-12,2.4742998618e-12,-5.8253319339e-14,0
1917,10918,42001,3.3756648182e-12,1.4894137858e-12,3.3628651694e-12,0
1917,11356,42001,4.8159203740e-12,4.7485685243e-12,1.6393425013e-12,0
1917,20590,42008,4.2389223437e-12,-6.8508247430e-14,-1.6783946127e-13,0
1917,26413,42006,4.7974733231e-12,4.4651783415e-12,-2.7749612781e-13,0
1917,12631,42011,2.4860823224e-12,1.0304317777e-12,1.3223732341e-13,0
1917,1162,42008,2.0123056128e-12,1.9349760938e-12,-2.3167960394e-13,0
1918,26413,42006,5.4728071692e-12,4.1620521675e-12,3.9738801569e-13,0
1918,10918,42001,5.4357703827e-12,-2.7940030005e-12,2.3893430545e-12,0
1918,11356,42001,3.3030406391e-12,9.4462314709e-14,1.3283909934e-12,0
1918,12631,42011,8.5959543335e-12,1.4377184168e-12,2.1046301071e-13,0
1918,1162,42008,7.3981361468e-12,-2.0435770027e-12,-9.9978082652e-13,0
1918,35332,42007,6.7981188512e-12,-3.4492058422e-12,5.9594945392e-13,0
1918,20590,42008,6.3285966203e-12,-1.4839697277e-12,-3.0511637987e-14,0
1918,36733,42010,3.1740485100e-12,2.3549392652e-12,4.9901524553e-13,0
1919,1162,42008,5.1461022632e-12,-1.3239154547e-12,-1.0133305450e-12,0
1919,20590,42008,1.1562778257e-11,-1.3000715648e-14,4.4182457957e-13,0
1919,10918,42001,5.4397426762e-12,5.0484428603e-12,2.4557475384e-12,0
1919,26413,42006,7.6483869960e-12,-5.4927287836e-12,-1.2176540294e-13,0
1919,11356,42001,5.2851434250e-12,3.5942548481e-12,1.4850276871e-12,0
1919,35332,42007,8.0961685788e-12,5.3850874752e-12,7.2398496867e-13,0
1919,12631,42011,4.9790691018e-12,-1.3912752762e-12,6.0770181510e-13,0
1919,36733,42010,9.7324172711e-12,-1.6860622513e-12,7.0980143078e-14,0
1920,26413,42006,6.5907126360e-12,6.2342698161e-12,6.2552614303e-13,0
1920,35332,42007,7.6371681427e-12,-5.1455795846e-12,4.8944620813e-13,0
1920,1162,42008,8.6849948948e-12,-3.0743919840e-12,-1.7773888232e-12,0
1920,10918,42001,4.9373044513e-12,-2.3824467558e-12,1.4411515571e-12,0
1920,11356,42001,4.7609209701e-12,-1.1100349422e-12,1.1212623609e-12,0
1920,36733,42010,7.1849969813e-12,2.8509112989e-12,6.4189224973e-13,0
1920,12631,42011,4.1404597425e-12,4.0468853847e-12,1.1739001127e-12,0
1920,20590,42008,5.6770597268e-12,-2.7069770148e-12,-7.5354744458e-14,0
1921,20590,42008,3.5514693381e-12,-1.1777634020e-12,4.9232391218e-13,0
1921,1162,42008,4.7409350097e-12,-2.1718257011e-12,-1.3572239906e-12,0
1921,26413,42006,3.5535648469e-12,-2.7741050254e-12,2.8948665115e-13,0
1921,10918,42001,2.9505166592e-12,2.6502941133e-13,1.1358381925e-12,0
1921,11356,42001,3.0905094823e-12,1.9804693813e-12,1.1094723931e-12,0
1921,35332,42007,6.3994119309e-12,4.4396260816e-12,4.0936499742e-13,0
1921,12631,42011,7.9087469769e-12,4.7665711691e-12,1.8470386627e-12,0
1921,36733,42010,7.0100686235e-12,2.6121109322e-12,1.2492568271e-12,0
1922,26413,42006,6.6232270732e-12,3.3029797141e-12,5.4903333938e-13,0
1922,1162,42008,3.0705439893e-12,2.9272917768e-12,-1.2528355920e-12,0
1922,35332,42007,4.4401149880e-12,1.2249504976e-12,9.1230534410e-13,0
1922,36733,42010,4.4374420010e-12,-1.8522558393e-12,4.0141354999e-13,0
1922,10918,42001,4.1614176596e-12,1.3948642655e-12,7.1421352397e-13,0
1922,11356,42001,5.7946632785e-12,3.4877107462e-12,1.7309265698e-12,0
1922,20590,42008,6.7663613006e-12,-5.4122358617e-12,-1.1228541760e-12,0
1922,12631,42011,6.7975900916e-12,-1.4302140530e-13,2.0166838728e-12,0
1923,20590,42008,3.4026369747e-12,-1.3354685377e-12,-7.1546785332e-13,0
1923,35332,42007,5.2420450044e-12,-4.2191008760e-12,4.3279773592e-13,0
1923,36733,42010,4.2581203741e-12,-1.5759832995e-12,5.8881415638e-13,0
1923,1162,42008,1.3229934120e-12,-7.4169501185e-13,-2.4892404796e-13,0
1923,26413,42006,4.5971227392e-12,3.8069020278e-12,1.5296629491e-12,0
1923,10918,42001,7.6165536737e-12,-2.8945350321e-12,4.0738709798e-13,0
1923,11356,42001,4.8585465842e-12,-3.3656268191e-12,1.2336609268e-12,0
1923,12631,42011,3.1781405551e-12,-1.5044789605e-12,1.8772202471e-12,0
1924,26413,42006,2.8841536144e-12,-6.7916967135e-13,1.5421496986e-12,0
1924,10918,42001,4.9792691156e-12,1.2296929994e-12,-2.3269345034e-13,0
1924,11356,42001,5.5032495810e-12,4.8706560093e-12,1.5548060221e-12,0
1924,1162,42008,2.6811997103e-12,-6.2477744230e-13,-9.1508481086e-13,0
1924,12631,42011,2.8908842746e-12,-2.7995136123e-12,1.5513163540e-12,0
1924,20590,42008,1.5306082674e-12,1.2040808122e-12,-1.3242170176e-12,0
1924,35332,42007,3.4708168644e-12,-3.1709450193e-12,-4.0025596644e-14,0
1924,36733,42010,4.2111343385e-12,-2.4103041752e-12,4.3429163523e-13,0
1925,20590,42008,4.7339354608e-12,-2.2521505326e-13,-1.1030973347e-12,0
1925,10918,42001,8.1057372453e-13,-4.9408667413e-14,1.9881316156e-14,0
1925,11356,42001,6.5918270422e-12,4.3143858455e-12,2.1785311784e-12,0
1925,1162,42008,6.5412602652e-12,-5.5118571054e-12,-7.6492765296e-13,0
1925,26413,42006,6.5364697028e-12,2.0235594150e-12,1.3307063311e-12,0
1925,12631,42011,6.1136452718e-12,2.4929929487e-12,1.2461459581e-12,0
1925,35332,42007,1.8333600943e-12,1.7602696967e-12,4.0705484528e-13,0
1925,36733,42010,5.0499218131e-12,1.6820324007e-12,5.4438635054e-13,0
1926,26413,42006,3.1071000262e-12,-1.6024448280e-12,1.3446493174e-12,0
1926,1162,42008,8.3691327370e-12,-5.1066668594e-12,-1.5736438691e-12,0
1926,10918,42001,5.8117623256e-12,2.2651879503e-12,3.5722378168e-13,0
1926,35332,42007,8.1095429360e-12,-5.7367665005e-12,-5.3378616319e-13,0
1926,11356,42001,3.7433590477e-12,1.0323943919e-12,1.9647240300e-12,0
1926,36733,42010,4.2966845476e-12,-2.2568385307e-12,2.1928496628e-13,0
1926,12631,42011,8.1737855241e-12,3.8534175319e-12,1.1789727975e-12,0
1926,20590,42008,4.2240687211e-12,-1.6536733660e-12,-1.2872731114e-12,0
1927,10918,42001,6.6779455343e-12,-3.8148533298e-12,-1.7320292988e-13,0
1927,11356,42001,5.7819941815e-12,-1.3394855850e-12,1.3559186191e-12,0
1927,26413,42006,4.3335983962e-12,-5.9131728582e-14,8.9221831036e-13,0
1927,12631,42011,4.1630283351e-12,-2.2650277108e-12,8.4942684861e-13,0
1927,35332,42007,7.1367711726e-12,3.9190823784e-12,-4.9925816930e-13,0
1927,20590,42008,3.7500282616e-12,1.2531068732e-13,-1.2678912179e-12,0
1927,1162,42008,4.9538559063e-12,-1.4317415925e-12,-1.9103156377e-12,0
1927,36733,42010,8.3789065990e-12,5.1588220716e-12,4.8773718726e-13,0
1928,1162,42008,1.1532269089e-11,1.1981016803e-12,-1.5861477694e-12,0
1928,26413,42006,1.4470151086e-12,-9.6860507365e-13,3.7915258624e-13,0
1928,35332,42007,1.8921952487e-12,-2.3034628612e-13,-1.7737221370e-13,0
1928,20590,42008,4.1397106599e-12,2.6549006331e-12,-8.5400418185e-13,0
1928,10918,42001,2.6948195256e-12,2.3104150897e-12,3.3723887915e-13,0
1928,11356,42001,7.0785707548e-12,5.5631471865e-12,1.9027871063e-12,0
1928,12631,42011,7.3483412329e-12,-2.8094905040e-12,4.2470595653e-13,0
1928,36733,42010,6.0537203204e-12,7.5241753290e-13,3.2748501403e-13,0
1929,10918,42001,1.9750344442e-12,-8.3671935700e-13,-2.5127734259e-13,0
1929,11356,42001,3.7270977760e-12,-2.2748353579e-12,1.3158780856e-12,0
1929,12631,42011,3.7828260932e-12,1.2370460667e-13,5.7620394482e-13,0
1929,26413,42006,7.4999252484e-13,5.2792442640e-13,9.8121790724e-13,0
1929,35332,42007,2.6404778986e-12,4.5394762446e-13,-6.7048619877e-13,0
1929,36733,42010,1.9745957974e-12,6.3957014532e-13,5.6004825369e-13,0
1929,1162,42008,9.2832336785e-12,-4.7218455476e-12,-1.9259407787e-12,0
1929,20590,42008,6.0791077862e-12,1.8271524125e-12,-6.6998886904e-13,0
1930,10918,42001,3.2441618397e-12,-1.4271392028e-12,-1.5574658728e-13,0
1930,11356,42001,6.6572285259e-12,2.2740212698e-12,1.6542837069e-12,0
1930,12631,42011,5.5277981933e-12,-4.5488806554e-12,-2.8337265919e-13,0
1930,35332,42007,5.0702105712e-12,2.6145334132e-12,1.0552510100e-13,0
1930,26413,42006,8.0215436882e-12,-2.0744340345e-12,1.5034752218e-13,0
1930,1162,42008,3.5945281734e-12,1.3071638990e-12,-1.4877851904e-12,0
1930,36733,42010,6.9159001121e-12,-3.1388074903e-12,-3.8923625230e-14,0
1930,20590,42008,4.9209710103e-12,2.1707766499e-12,-1.8221350256e-13,0
1931,26413,42006,1.4346081406e-12,5.0709821030e-13,4.7846784575e-13,0
1931,1162,42008,8.1729582671e-12,-7.1924630200e-12,-1.9898489223e-12,0
1931,10918,42001,6.3680966147e-12,-5.2133863926e-12,-7.0358816768e-13,0
1931,11356,42001,6.6237471906e-12,-3.0394805888e-12,1.1522887098e-12,0
1931,20590,42008,1.8023365035e-12,-9.0545491008e-13,-1.5498265337e-13,0
1931,35332,42007,5.3669406788e-12,-2.6547168787e-12,-6.0390919503e-13,0
1931,12631,42011,1.6042012679e-12,6.8373523874e-13,-6.9165625223e-13,0
1931,36733,42010,7.5371458167e-12,-1.1776919018e-13,-3.1191163746e-13,0
1932,10918,42001,4.4383366335e-12,-6.6639715464e-13,-9.0971430969e-13,0
1932,11356,42001,9.4649026452e-12,9.2848303979e-12,1.7320006750e-12,0
1932,12631,42011,4.7535410149e-12,6.6158652371e-13,-6.1119545933e-13,0
1932,35332,42007,5.5231746536e-12,1.6850031944e-12,-5.5790392535e-13,0
1932,26413,42006,4.9727553955e-12,3.2745481991e-12,4.7562469426e-13,0
1932,1162,42008,5.9487012019e-12,4.7941949295e-12,-1.8031586070e-12,0
1932,36733,42010,5.4449100035e-12,3.3629429542e-12,2.0960824188e-13,0
1932,20590,42008,4.1519550462e-12,1.5599189481e-12,5.4223282760e-13,0
1933,26413,42006,1.5247737234e-12,5.2833464695e-13,1.4776795617e-13,0
1933,1162,42008,8.3305504644e-12,-6.7790284500e-12,-2.4068919508e-12,0
1933,10918,42001,5.1718219962e-12,1.0594375672e-13,-6.0966643081e-13,0
1933,20590,42008,7.4863015965e-12,-2.8485550097e-12,3.9092418040e-13,0
1933,11356,42001,3.2690032253e-12,-2.2262644266e-12,1.8459369143e-12,0
1933,35332,42007,3.6354463097e-12,-2.9111148046e-12,-4.2710531821e-13,0
1933,12631,42011,5.2556204043e-12,5.0980610136e-13,-4.0976695314e-13,0
1933,36733,42010,2.3208905406e-12,1.4562203812e-12,5.1282860995e-13,0
1934,35332,42007,8.0115241534e-12,6.7723630510e-12,5.6722548882e-13,0
1934,36733,42010,4.6426308115e-12,-3.0516127855e-12,4.4869774892e-13,0
1934,10918,42001,4.4855134731e-12,4.4793711795e-12,-2.8469861280e-13,0
1934,11356,42001,5.9659831722e-12,5.4163233984e-12,1.9005036532e-12,0
1934,12631,42011,3.3546099885e-12,-2.8261225477e-12,-4.1242784668e-13,0
1934,1162,42008,6.7363887911e-12,3.9248284158e-12,-1.9519313650e-12,0
1934,26413,42006,7.4777756025e-12,4.0790090035e-12,6.2358582365e-13,0
1934,20590,42008,6.3372833504e-12,2.6186861512e-12,5.3238471430e-13,0
1935,26413,42006,4.9947278425e-12,4.9507130354e-12,9.1630118569e-13,0
1935,20590,42008,2.8935878934e-12,1.9001784640e-12,7.4492406603e-13,0
1935,1162,42008,8.3517690115e-13,-4.7050797886e-13,-1.4477964524e-12,0
1935,10918,42001,2.6720618907e-12,-2.5739854526e-12,-5.3715629132e-13,0
1935,11356,42001,5.3514617641e-12,-3.6371300571e-12,1.1053520629e-12,0
1935,35332,42007,6.7488093897e-12,-4.9894107002e-12,-1.0774255087e-13,0
1935,12631,42011,3.7130936348e-12,1.1848563957e-12,-5.4324150199e-13,0
1935,36733,42010,4.7003550934e-12,-9.0449855002e-13,1.9004465386e-13,0
1936,10918,42001,6.8333006256e-12,3.9496767613e-12,-3.6870741022e-13,0
1936,11356,42001,1.1660642695e-11,1.0863665906e-11,2.0884792143e-12,0
1936,1162,42008,8.4591649980e-12,-5.9804193032e-12,-1.5351716968e-12,0
1936,12631,42011,3.7634860965e-12,2.4953306855e-12,-6.7905018663e-13,0
1936,26413,42006,6.9376033072e-12,2.2299470365e-12,1.2995403721e-12,0
1936,35332,42007,4.3800126406e-12,-2.7849358959e-12,1.8744050959e-13,0
1936,20590,42008,6.7665060745e-12,-5.7146250868e-12,3.3882889395e-13,0
1936,36733,42010,3.3578861590e-12,2.1179765668e-12,6.2752616361e-13,0
1937,35332,42007,3.6726583698e-12,-9.7045214203e-13,-3.0151294246e-13,0
1937,26413,42006,4.5222985504e-12,-1.4291492210e-12,1.1625386229e-12,0
1937,36733,42010,4.1573617335e-12,-1.3207495489e-12,-2.0430998439e-14,0
1937,1162,42008,9.9780473071e-13,9.4985831192e-13,-1.2970117063e-12,0
1937,10918,42001,5.7859661130e-12,-3.7729684852e-13,-2.4951762094e-14,0
1937,11356,42001,4.8118785987e-12,4.7985217136e-12,2.7022799442e-12,0
1937,20590,42008,7.6276247616e-12,5.4873721981e-12,8.7503504502e-13,0
1937,12631,42011,4.4926722853e-12,-1.1327749602e-12,-5.6582491156e-13,0
1938,10918,42001,7.5111867974e-12,-7.0501544564e-12,-9.6100871670e-13,0
1938,11356,42001,3.6459779222e-12,-2.1993334039e-12,1.9260318851e-12,0
1938,1162,42008,8.1680119779e-12,-4.1653931173e-12,-1.8333611861e-12,0
1938,26413,42006,3.5553728731e-12,3.2749487501e-12,1.5868940053e-12,0
1938,12631,42011,4.4331275980e-12,-3.7022098124e-13,-3.2189795929e-13,0
1938,20590,42008,4.8321918603e-12,-8.8710789592e-13,5.2083419212e-13,0
1938,35332,42007,4.4443157499e-12,4.2976644829e-12,1.5128813445e-13,0
1938,36733,42010,2.3167439658e-12,1.4864303041e-12,5.2970278677e-14,0
1939,26413,42006,3.5823519170e-12,-1.9772682767e-12,1.3363747350e-12,0
1939,10918,42001,4.8650941899e-12,4.7050145171e-12,-4.0683532929e-13,0
1939,11356,42001,6.6236321336e-12,5.8654459118e-12,2.7400600121e-12,0
1939,1162,42008,4.2653730796e-12,-1.2907887839e-12,-1.4902555097e-12,0
1939,35332,42007,8.6394032415e-13,1.4537908702e-13,1.2043128070e-13,0
1939,12631,42011,2.6356642241e-12,2.1240677574e-14,-3.3214435220e-13,0
1939,36733,42010,2.9171463346e-12,1.4550913734e-12,1.3452240148e-13,0
1939,20590,42008,6.5981692558e-12,2.8080047643e-13,3.6619899852e-13,0
1940,20590,42008,7.5197402041e-12,-6.2198809352e-12,-4.7286675999e-13,0
1940,35332,42007,6.0127679116e-12,5.3889048735e-12,3.9786842674e-13,0
1940,26413,42006,5.6266333704e-12,4.1955804798e-12,1.9633761864e-12,0
1940,10918,42001,4.9763744817e-12,-3.8387515408e-12,-6.4799656310e-13,0
1940,36733,42010,4.3322479845e-12,1.9458098677e-12,6.4298413728e-13,0
1940,11356,42001,4.6104346279e-12,-3.9928748662e-12,2.1133703985e-12,0
1940,12631,42011,3.5226894969e-12,1.9187145088e-12,3.1461516422e-13,0
1940,1162,42008,7.4412678901e-12,-7.2100316484e-12,-2.3419750644e-12,0
1941,26413,42006,9.9447500082e-12,-2.8584463191e-12,1.6268217335e-12,0
1941,20590,42008,4.7569107815e-12,4.3740991195e-12,5.5088642962e-14,0
1941,10918,42001,6.6505409516e-12,3.3339192113e-12,2.0673399730e-13,0
1941,11356,42001,5.0856005206e-12,2.6515652443e-12,2.6824749818e-12,0
1941,35332,42007,4.0007488839e-12,-3.8116228998e-12,2.8217782463e-13,0
1941,12631,42011,2.0423800134e-12,5.8778729269e-13,3.0502036961e-13,0
1941,36733,42010,4.2891927929e-12,-3.6039362997e-12,2.9436742633e-13,0
1941,1162,42008,1.0070130512e-11,6.9996053199e-12,-9.2276823045e-13,0
1942,26413,42006,2.7828821042e-12,-2.3326302169e-12,1.0661038918e-12,0
1942,10918,42001,6.1081004309e-12,-5.5691642950e-12,-2.8354271674e-13,0
1942,35332,42007,7.4297619649e-12,-5.1555214304e-13,6.2122290886e-14,0
1942,11356,42001,5.6316013169e-12,3.1926699849e-13,1.7859186419e-12,0
1942,12631,42011,2.9872956272e-12,1.6842026669e-12,4.0728198394e-13,0
1942,36733,42010,6.7745549539e-12,4.8754880670e-14,-3.7051381021e-14,0
1942,1162,42008,1.1167207511e-11,-8.3252913877e-12,-2.2347168622e-12,1
1942,20590,42008,6.3393233687e-12,-5.6822380490e-12,-6.6912705675e-13,0
1943,20590,42008,4.2848365632e-12,3.8550551298e-12,1.2339571974e-15,0
1943,35332,42007,3.8864528453e-12,1.8512041262e-12,5.3835418397e-13,0
1943,10918,42001,2.9970355212e-12,-2.2015730134e-12,-5.1429439375e-13,0
1943,11356,42001,4.4441221136e-12,3.0756690445e-12,2.3161119890e-12,0
1943,36733,42010,3.6544618928e-12,-2.1812669619e-12,-4.0080011533e-13,0
1943,12631,42011,1.9656461241e-12,-1.2179775602e-12,2.3450361778e-13,0
1943,26413,42006,4.9703470679e-12,5.3111575977e-13,1.0663820031e-12,0
1944,26413,42006,5.4512667287e-12,1.9976063223e-12,8.5824173501e-13,0
1944,10918,42001,6.2970067833e-12,2.9854898293e-12,-6.6368252877e-13,0
1944,11356,42001,8.9559198286e-12,3.1992263187e-12,2.0944022810e-12,0
1944,12631,42011,5.2264392278e-12,2.3163216966e-12,7.4874804220e-13,0
1944,35332,42007,8.4239964849e-12,-8.0513579031e-12,-9.4401791144e-13,1
1944,20590,42008,7.5804243903e-12,7.2480966374e-12,4.6417500582e-13,0
1944,36733,42010,3.7671274377e-12,1.9246898236e-12,9.6830145579e-14,0
1945,35332,42007,3.8888365135e-12,-8.6601461432e-17,-8.6601461432e-18,0
1945,36733,42010,5.1563949667e-12,-1.9934457542e-12,-1.2064574837e-14,0
1945,20590,42008,7.0458378485e-12,-6.0628120191e-12,-3.3212404248e-13,0
1945,10918,42001,4.3089854845e-12,-1.2379712759e-12,-5.3008111110e-13,0
1945,11356,42001,5.6329409650e-12,3.0444634315e-12,2.7625616299e-12,0
1945,26413,42006,6.2185559451e-12,-1.0547752092e-12,2.5769291056e-13,0
1945,12631,42011,2.9850508987e-12,2.6566045854e-12,8.9592286118e-13,0
1946,26413,42006,4.9688515571e-12,4.4589541497e-12,4.8059362188e-13,0
1946,39853,42006,5.5512379148e-12,-2.0752386119e-16,-2.0752386119e-17,0
1946,10918,42001,6.9557755349e-12,6.4854958466e-12,-2.7649920257e-13,0
1946,11356,42001,6.9445111035e-12,2.8185056195e-12,1.9580456012e-12,0
1946,12631,42011,6.8932282305e-12,-2.1010271307e-12,4.3628707956e-13,0
1946,35332,42007,3.7910027215e-12,8.5678946861e-13,8.5670286715e-14,0
1946,36733,42010,2.7733822989e-12,5.0853358022e-13,-1.7300887350e-13,0
1946,20590,42008,8.9670329052e-12,1.8813161470e-12,4.2747008090e-13,0
1947,35332,42007,4.7170847958e-12,3.1123464200e-12,3.9690492872e-13,0
1947,20590,42008,1.7490251204e-12,1.1854504795e-12,-2.7220909609e-15,0
1947,39853,42006,6.6420681878e-12,-4.8170650903e-12,-4.8172726142e-13,0
1947,36733,42010,5.6861764689e-12,3.5335429366e-12,3.1242037505e-13,0
1947,10918,42001,4.0142700826e-12,2.9357442518e-12,5.4804907464e-14,0
1947,26413,42006,3.2397644273e-12,-3.2309921628e-12,3.0040932770e-13,0
1947,11356,42001,6.7034074486e-12,4.5899520356e-12,1.9371886334e-12,0
1947,12631,42011,3.7454365667e-12,9.2149151802e-13,6.4171372738e-13,0
1948,39853,42006,6.5673148876e-12,-9.0427267631e-13,-5.7215452905e-13,0
1948,26413,42006,8.2488741566e-13,4.1182437334e-13,1.4096890019e-14,0
1948,10918,42001,5.3995070848e-12,-4.7113273758e-12,2.8868761552e-13,0
1948,11356,42001,6.1186542592e-12,4.7046683414e-12,2.6275888080e-12,0
1948,35332,42007,5.1166858409e-12,-5.0559016635e-12,-1.0868523763e-13,0
1948,20590,42008,3.6607417674e-12,1.6044034870e-13,1.0203273350e-13,0
1948,12631,42011,6.2427222637e-12,-4.2029643146e-12,2.5843939405e-13,0
1948,36733,42010,9.4264692318e-12,3.7429611679e-12,5.3807346143e-13,0
1949,35332,42007,3.9391648363e-12,3.0553703986e-12,1.9685180223e-13,0
1949,36733,42010,6.2104441523e-12,5.8759984996e-12,9.8016417405e-13,0
1949,26413,42006,2.1110081879e-12,1.9915826929e-12,4.1098198698e-13,0
1949,10918,42001,6.1945887162e-12,1.9930707175e-12,1.7493235557e-14,0
1949,11356,42001,5.3269031442e-12,4.1358119599e-12,2.4546254128e-12,0
1949,1162,42008,5.3903757053e-12,-1.2264671640e-16,-1.2264671640e-17,0
1949,12631,42011,7.6640935319e-12,5.9387422151e-12,8.5018954780e-13,0
1949,20590,42008,1.6341068200e-12,-3.0749789032e-13,4.3202896827e-14,0
1949,39853,42006,5.0011256913e-12,-3.5050673599e-13,-6.0720520265e-13,0
1950,39853,42006,5.1658355648e-12,1.6523039533e-12,-4.4197480732e-13,0
1950,1162,42008,7.5919647726e-12,5.4371184905e-12,5.4369958438e-13,0
1950,26413,42006,5.2687725750e-12,2.7848874684e-12,2.6991268585e-13,0
1950,10918,42001,5.9023238012e-12,-5.4049932641e-12,-1.3913093678e-13,0
1950,20590,42008,8.3434040569e-12,1.8113074476e-12,8.4632173511e-13,0
1950,11356,42001,8.4274574371e-12,-1.6314400762e-12,2.6907688918e-12,0
1950,35332,42007,1.6739450797e-12,-7.3786203850e-13,1.2306559838e-13,0
1950,12631,42011,4.2543941800e-12,3.1818593986e-12,9.7650403679e-13,0
1950,36733,42010,3.0631666787e-12,-2.6476002246e-12,5.2082316482e-13,0
1951,10918,42001,6.2556612089e-12,1.2751642607e-12,-3.4500643183e-13,0
1951,11356,42001,1.1189994845e-11,9.8248242116e-12,3.4080947885e-12,0
1951,12631,42011,7.7175429155e-12,-4.7795026645e-12,4.3977504106e-13,0
1951,35332,42007,4.8381919861e-12,-4.5672303021e-12,-3.3365743183e-13,0
1951,26413,42006,6.0224171666e-12,-4.4825885399e-12,1.0749846377e-13,0
1951,36733,42010,4.1683589538e-12,-1.6918106460e-12,7.1203573020e-13,0
1951,39853,42006,2.0249893585e-12,1.1209658293e-12,-3.2987822438e-13,0
1951,20590,42008,9.2802267515e-12,-3.5991062769e-12,4.9001195467e-14,0
1951,1162,42008,4.6577146533e-12,1.5980492706e-12,7.0350451144e-13,0
1952,39853,42006,5.4302282812e-12,3.8971073389e-12,5.9832509504e-14,0
1952,26413,42006,6.6370248727e-12,3.8583406967e-12,7.2659555513e-13,0
1952,1162,42008,4.2819092909e-12,3.9272662769e-12,1.0962311391e-12,0
1952,10918,42001,7.7729921607e-12,-6.7853052212e-12,-4.6662052446e-13,0
1952,20590,42008,8.4262458968e-12,4.0086408176e-12,1.0180890821e-12,0
1952,35332,42007,4.0556077516e-12,2.9965669533e-12,-3.4000736497e-14,0
1952,11356,42001,4.7944707476e-12,1.0865874518e-12,3.4848268338e-12,0
1952,36733,42010,1.5395667199e-12,-2.7407629082e-13,6.7975261305e-13,0
1952,12631,42011,3.0336557438e-12,1.6482679186e-12,4.3618156623e-13,0
1953,10918,42001,2.1244331514e-12,-6.8969878059e-13,-3.1543310118e-13,0
1953,26413,42006,2.8538284801e-12,-9.8013829641e-13,5.7547014951e-13,0
1953,1162,42008,6.1133761005e-12,-5.9302876347e-12,5.0320237567e-13,1
1953,11356,42001,6.7920885547e-12,5.5684973298e-12,3.7341096624e-12,0
1953,35332,42007,2.3692864539e-12,2.8043161854e-13,-5.9575746437e-15,0
1953,12631,42011,1.1384861363e-12,5.8774796683e-13,6.1675411893e-13,0
1953,39853,42006,6.6651429508e-12,-6.5852663135e-12,-5.9869412185e-13,1
1953,36733,42010,6.1786922522e-12,4.6031431928e-12,1.3581936285e-12,0
1953,20590,42008,9.6165999880e-12,-8.1529529212e-12,-1.8271172297e-13,0
1954,10918,42001,2.3180462184e-12,-1.0590561126e-12,-7.1988769537e-13,0
1954,26413,42006,1.6183548633e-12,-4.2639677660e-13,3.3306983962e-13,0
1954,20590,42008,3.4535209556e-12,3.0850768350e-12,-5.9901370321e-13,0
1954,11356,42001,2.9547229518e-12,-8.2185761928e-13,3.3320012686e-12,0
1954,35332,42007,7.2457683120e-12,-3.1303116557e-12,-3.1898874022e-13,0
1954,12631,42011,4.9412851143e-12,1.5067844206e-12,5.3580039133e-13,0
1954,36733,42010,6.2378057828e-12,-4.7225052361e-12,6.9347412255e-13,0
1955,10918,42001,2.3289185847e-12,6.4731066268e-13,-5.3135950151e-13,0
1955,35332,42007,5.7850900204e-12,-1.0301991369e-13,-3.2928207144e-13,0
1955,11356,42001,1.0562954097e-11,8.4321248265e-12,3.8707674081e-12,0
1955,26413,42006,2.3507915829e-12,3.7730022256e-13,4.7627738279e-13,0
1955,12631,42011,8.7677395500e-12,-4.4307391065e-12,-1.7293397786e-13,0
1955,36733,42010,5.5242508706e-12,3.7622409535e-12,1.2690427933e-12,0
1955,20590,42008,7.3237454127e-12,-5.7756778342e-12,-5.7030028472e-13,0
1956,20590,42008,3.0048811865e-12,1.2208784766e-12,-6.3634405176e-13,0
1956,26413,42006,7.4862679641e-12,-5.6239616111e-12,-5.3201419329e-13,0
1956,10918,42001,6.0003693406e-12,-4.9062049237e-12,-1.6705295785e-12,0
1956,11356,42001,4.2409139647e-12,-2.7206042713e-12,3.3168564190e-12,0
1956,35332,42007,4.6753743719e-12,-2.6751855937e-12,-6.8247957767e-13,0
1956,12631,42011,4.6048282727e-12,3.8985866571e-12,4.2702740091e-13,0
1956,36733,42010,6.3812853756e-12,-3.6875212097e-12,8.4943731432e-13,0
1957,26413,42006,3.9124183618e-12,1.6862731978e-12,-4.0287657230e-14,0
1957,10918,42001,5.3328785119e-12,-1.5341477852e-12,-2.1175187823e-12,0
1957,11356,42001,7.5970943842e-12,5.7552272086e-12,3.4333839363e-12,0
1957,12631,42011,4.6318658765e-12,-3.5265886452e-12,-1.7780615413e-14,0
1957,20590,42008,5.5651112746e-12,-3.7087220500e-12,-1.1257613047e-12,0
1957,35332,42007,3.9251591641e-12,-3.6836502773e-12,-1.3620792474e-12,0
1957,36733,42010,4.7668132239e-12,9.3211103040e-13,5.8929412371e-13,0
1958,26413,42006,3.3161661342e-12,-1.6089750492e-12,-2.4236759948e-13,0
1958,35332,42007,2.6211377939e-12,7.0547284172e-13,-7.8594179688e-13,0
1958,10918,42001,5.1724208507e-12,-3.1355767327e-12,-1.9599437179e-12,0
1958,11356,42001,5.1834623164e-12,2.9737764014e-12,3.2602947423e-12,0
1958,20590,42008,7.5160483750e-12,-4.9644403496e-12,-1.6382493745e-12,0
1958,36733,42010,2.3278016417e-12,2.1575577749e-12,4.3075378440e-13,0
1958,12631,42011,4.9518769366e-12,2.5336761749e-12,6.5588343354e-13,0
1959,26413,42006,1.7362447545e-12,1.2917337163e-12,-3.1235249714e-13,0
1959,10918,42001,4.8108464530e-12,6.7216127972e-13,-2.0920346617e-12,0
1959,11356,42001,5.6449694328e-12,3.5109090925e-12,3.1978044555e-12,0
1959,35332,42007,1.4409239160e-12,1.4409506702e-13,-1.0770693300e-12,0
1959,12631,42011,5.9318200426e-12,1.6338544967e-12,2.2539466170e-13,0
1959,36733,42010,5.6828699295e-12,-3.9202397855e-12,-5.4887004411e-13,0
1959,20590,42008,4.2809024568e-12,3.1692563562e-12,-1.2905739499e-12,0
1960,35332,42007,1.5975644272e-12,-4.4252882561e-13,-1.0475360088e-12,0
1960,36733,42010,1.6825847353e-12,-1.2897607630e-12,-4.1308609795e-13,0
1960,10918,42001,2.7893003289e-12,-1.4089956897e-13,-1.5656252922e-12,0
1960,26413,42006,5.5857281140e-12,-5.5521463224e-12,-1.1460558762e-12,0
1960,11356,42001,5.8642149305e-12,5.5753583719e-12,3.9184843003e-12,0
1960,20590,42008,8.5300824408e-12,-2.6773092350e-12,-1.7394356181e-12,0
1960,12631,42011,2.1199462670e-12,9.0680268870e-13,-2.1110092907e-15,0
1961,26413,42006,2.5688328921e-12,-2.1268196907e-12,-9.1047899131e-13,0
1961,10918,42001,6.6152889641e-12,-5.0115178580e-12,-2.1942935041e-12,0
1961,11356,42001,4.5473443106e-12,-3.4286508604e-12,2.5931367931e-12,0
1961,20590,42008,6.4511686014e-12,-2.0552270724e-12,-1.5850476977e-12,0
1961,12631,42011,6.9365103860e-12,-4.5725387081e-12,1.8585386353e-14,0
1961,35332,42007,5.0323873393e-12,2.7918189006e-12,-3.1163108849e-13,0
1961,36733,42010,3.4348735245e-12,-4.8736690200e-13,-2.9264172355e-13,0
1962,35332,42007,4.1585837921e-12,6.3331450481e-13,-5.4795633334e-13,0
1962,36733,42010,3.5555659280e-12,1.1799176280e-12,-1.4724233166e-13,0
1962,26413,42006,3.2406140000e-12,1.5908529868e-12,-1.1372277623e-12,0
1962,10918,42001,1.0332653831e-11,-2.0328215578e-12,-1.7190451377e-12,0
1962,11356,42001,7.9166291681e-12,7.2205601017e-12,3.2065340581e-12,0
1962,20590,42008,5.6226622707e-12,3.4871484719e-12,-1.6371969323e-12,0
1962,12631,42011,5.1262156955e-12,2.8313842013e-12,1.3689701462e-13,0
1963,26413,42006,4.5564510111e-12,-8.7909755647e-13,-1.1271236883e-12,0
1963,10918,42001,7.1684263287e-12,-4.2133154767e-12,-2.0714068073e-12,0
1963,11356,42001,3.4983999887e-12,-2.8796341687e-12,2.3617209083e-12,0
1963,35332,42007,4.7651106799e-12,-1.5088732176e-12,-7.2688681695e-13,0
1963,12631,42011,5.1866827070e-12,-2.9971250031e-12,-2.2159028237e-13,0
1963,20590,42008,4.5709789540e-12,-2.0869919346e-12,-1.0306008336e-12,0
1963,36733,42010,6.3606457012e-12,5.6609134880e-12,-4.1465302145e-14,0
1964,35332,42007,2.7061005011e-12,5.2363216536e-13,-3.6149243485e-13,0
1964,36733,42010,2.7729622809e-12,-2.5638739633e-12,1.7439782513e-13,0
1964,26413,42006,7.3644048903e-12,-6.2461205647e-12,-1.7090960671e-12,0
1964,10918,42001,3.1044127085e-12,1.0501311391e-12,-1.8604880822e-12,0
1964,11356,42001,7.9210548918e-12,6.6163674174e-12,3.1055434120e-12,0
1964,12631,42011,8.1516133113e-12,5.6560698917e-12,1.9333826474e-13,0
1964,20590,42008,4.7103163729e-12,-5.6371266500e-14,-1.3447456438e-12,0
1965,10918,42001,3.2856993270e-12,1.6890070744e-12,-1.7563184410e-12,0
1965,11356,42001,4.1975292590e-12,3.1741512913e-12,2.5797460584e-12,0
1965,12631,42011,7.0810315036e-12,-6.7813019296e-14,6.2963087346e-13,0
1965,26413,42006,7.2550378578e-12,3.8800095070e-12,-1.3588251387e-12,0
1965,20590,42008,3.9694608325e-12,-1.0304738614e-12,-8.7022524649e-13,0
1965,35332,42007,3.7431464306e-12,-6.1609248176e-13,-4.1279969165e-13,0
1965,36733,42010,9.2451492402e-12,7.6751112618e-12,5.6568485596e-13,0
1966,35332,42007,3.7557493243e-12,2.9844372372e-12,1.5316259143e-13,0
1966,37006,42006,5.1833894830e-12,-3.8614664294e-16,-3.8614664294e-17,0
1966,26413,42006,4.4820439913e-12,-2.4968938656e-12,-1.0461183641e-12,0
1966,36733,42010,3.0972584709e-12,-1.9483724791e-12,7.3959972902e-13,0
1966,10918,42001,7.5519291717e-12,-7.5774671521e-13,-1.3414726201e-12,0
1966,11356,42001,6.4693957973e-12,2.2538725546e-12,3.0771937410e-12,0
1966,20590,42008,8.7920146962e-12,5.3506089763e-12,-4.5725219652e-13,0
1966,12631,42011,3.5788389471e-12,5.9699679533e-13,2.9947188729e-13,0
1967,26413,42006,5.1451349901e-12,-7.3701801256e-13,-1.2884474852e-12,0
1967,20590,42008,7.0899536081e-12,-5.8250832313e-12,-6.6888831465e-13,0
1967,37006,42006,9.7409822383e-12,9.4827784500e-12,9.4823923033e-13,0
1967,10918,42001,3.5615626286e-12,2.8424222134e-12,-9.0381562027e-13,0
1967,11356,42001,5.2549965994e-12,-2.8684067930e-12,2.2148303409e-12,0
1967,35332,42007,3.5304604009e-12,1.3399614303e-12,6.5552376220e-13,0
1967,12631,42011,7.2856927155e-12,6.3855130961e-12,1.2906820614e-12,0
1967,36733,42010,5.1637422484e-12,3.8479082946e-12,1.0311794554e-12,0
1968,37006,42006,7.1824151045e-12,2.7667709895e-13,9.7590694023e-13,0
1968,26413,42006,2.7739044979e-12,-6.4095996189e-13,-1.1916459764e-12,0
1968,10918,42001,4.1765549976e-12,1.2509780897e-12,-4.6516013803e-13,0
1968,11356,42001,2.3595635430e-12,2.1654859419e-12,2.1340012949e-12,0
1968,35332,42007,2.1069942908e-12,-3.4531736614e-13,5.5044474141e-13,0
1968,12631,42011,7.5910894583e-12,-4.4346803329e-13,9.9296764060e-13,0
1968,36733,42010,4.4361465091e-12,9.0714573815e-13,9.0613825177e-13,0
1968,20590,42008,4.8580363010e-12,-1.8966532131e-12,-3.6210960099e-13,0
1969,10918,42001,2.4112128250e-12,1.3744356934e-12,-3.9493269666e-13,0
1969,20590,42008,5.3647340005e-12,2.7856528130e-12,-4.0046995532e-13,0
1969,11356,42001,5.9977946400e-12,-2.5718259618e-12,1.5257277895e-12,0
1969,35332,42007,2.5450451532e-12,-1.8136683803e-12,3.5466839668e-13,0
1969,37006,42006,1.0051034842e-11,9.3826931261e-12,1.9141762528e-12,0
1969,12631,42011,3.9753550992e-12,-2.8465873768e-12,5.4492345325e-13,0
1969,26413,42006,4.7129468040e-12,4.1522820423e-12,-9.0559114382e-13,0
1969,36733,42010,4.2361265184e-12,2.8945222612e-12,1.5876144564e-12,0
1970,26413,42006,7.2596254687e-12,-1.9755969528e-12,-5.4793620686e-13,0
1970,37006,42006,2.7493376129e-12,1.0459227051e-12,2.0187685234e-12,0
1970,10918,42001,2.4150579864e-12,-2.0880287689e-12,-5.8964561665e-13,0
1970,11356,42001,6.5506594868e-12,6.1141923558e-12,1.5796111879e-12,0
1970,12631,42011,1.4133185040e-12,1.3230027784e-12,5.8654346222e-13,0
1970,35332,42007,3.9280808748e-12,2.9594024769e-12,6.9486152694e-13,0
1970,36733,42010,4.0792212700e-12,2.5678562723e-12,1.9733761600e-12,0
1970,20590,42008,4.7567713716e-12,-1.8049878899e-12,-3.1323782081e-13,0
1971,26413,42006,3.4670837871e-12,-8.8664349710e-13,-4.2391858750e-13,0
1971,35332,42007,4.9547668172e-12,-4.8686304814e-12,-7.1183411269e-14,0
1971,37006,42006,8.5974748271e-12,7.1684444943e-12,2.7356129728e-12,0
1971,36733,42010,6.3347833461e-12,-5.9770730343e-13,1.9623421198e-12,0
1971,10918,42001,4.2688496819e-12,-1.1489451295e-12,-2.0338834380e-13,0
1971,11356,42001,6.5121999694e-13,5.7755333267e-13,1.9802316072e-12,0
1971,20590,42008,5.8259211373e-12,-4.6199762146e-12,-5.6971273503e-13,0
1971,12631,42011,6.2114258155e-12,-3.1723360910e-12,7.2656372393e-13,0
1972,37006,42006,9.4719227015e-12,-5.9951753945e-12,2.1360954333e-12,0
1972,10918,42001,5.3406878332e-12,1.3170281719e-12,1.3159662917e-13,0
1972,11356,42001,4.6923396622e-12,7.4946256896e-13,1.3331218539e-12,0
1972,12631,42011,4.4526488477e-12,-2.0954296232e-13,4.2247100757e-13,0
1972,20590,42008,7.7453122960e-12,2.1609896929e-12,-7.0232861292e-13,0
1972,26413,42006,9.6918798855e-12,-8.4329987131e-12,-1.4263037575e-12,0
1972,35332,42007,1.5040856873e-12,-3.1370883790e-13,-1.6588574554e-13,0
1972,36733,42010,6.2439445409e-12,-2.6461823785e-12,1.5797321192e-12,0
1973,37006,42006,6.0686478082e-12,5.5170679247e-12,2.6878022258e-12,0
1973,26413,42006,3.3816968273e-12,2.7968441497e-12,-1.0587095869e-12,0
1973,35332,42007,1.8550258248e-12,-8.7859178312e-13,-1.0285760209e-13,0
1973,20590,42008,2.3996730470e-12,-1.0451187825e-12,-5.9814129771e-13,0
1973,36733,42010,9.4389398492e-12,4.8038332985e-12,1.4940241002e-12,0
1973,10918,42001,1.0815217583e-11,9.6835582052e-12,1.5212839974e-12,0
1973,11356,42001,4.0708744320e-12,-2.9254640887e-12,1.3285388619e-12,0
1973,12631,42011,5.6421538658e-12,-2.4839571131e-12,4.7378779658e-13,0
1974,10918,42001,6.2636710890e-12,-1.0336359141e-12,1.3129072920e-12,0
1974,11356,42001,3.2080510213e-12,2.5473221495e-12,9.2163433513e-13,0
1974,12631,42011,4.6754984435e-12,-1.0378581505e-12,-1.9560500765e-13,0
1974,26413,42006,7.9782807648e-12,-3.7687151108e-12,-8.1096904148e-13,1
1974,37006,42006,4.0825296126e-12,3.7503094927e-12,3.0628331751e-12,0
1974,35332,42007,6.0485510926e-12,3.6085773440e-12,2.0563691577e-13,0
1974,20590,42008,3.1439807605e-12,-1.7411811529e-12,-7.6662228635e-13,0
1974,36733,42010,1.1653229993e-11,-1.0665132156e-11,6.8389828091e-13,0
1975,10918,42001,3.0647859493e-12,-1.3892955054e-12,1.0050770341e-12,0
1975,11356,42001,5.2290601043e-12,4.7374352548e-12,1.0779627315e-12,0
1975,12631,42011,1.9217689887e-12,3.0318825719e-13,-1.5850488000e-13,0
1975,37006,42006,6.8534730092e-12,6.4396241572e-12,3.7067955908e-12,0
1975,35332,42007,3.6098585110e-12,-3.1200362051e-12,-4.4757456559e-14,0
1975,36733,42010,6.3497489773e-12,4.4906007050e-12,3.6544722523e-13,0
1975,20590,42008,6.0021278814e-12,-4.6503182656e-13,-7.1007808286e-13,0
1976,10918,42001,5.2370646820e-12,-1.1713507125e-13,1.0691381985e-12,0
1976,11356,42001,4.4913542672e-13,9.1226621918e-14,8.6169813821e-13,0
1976,12631,42011,5.7790367057e-12,-4.5957380019e-12,-6.7777835972e-13,0
1976,26413,42006,4.5753892983e-12,-2.4966988618e-16,-2.4966988618e-17,0
1976,37006,42006,7.4713840258e-12,2.8520619949e-12,3.9920404050e-12,0
1976,35332,42007,2.4422652647e-12,1.4189785548e-13,-3.2901139473e-13,0
1976,20590,42008,3.7626799120e-12,-1.4735247860e-12,-1.3924914591e-12,0
1976,36733,42010,6.0740988083e-12,3.5812844992e-12,9.1841292306e-13,0
1977,10918,42001,4.3423733138e-12,1.6801433328e-12,9.5291031040e-13,0
1977,11356,42001,7.3618113557e-12,6.4443952638e-12,1.7929783439e-12,0
1977,12631,42011,4.5770709116e-12,1.3302352258e-12,-1.1833061468e-12,0
1977,26413,42006,3.6948708488e-12,2.5539761323e-12,2.5537264624e-13,0
1977,35332,42007,6.8891352604e-12,-5.0932014941e-12,-9.7232768717e-13,0
1977,37006,42006,7.7873065246e-12,1.9203520090e-12,3.2357977609e-12,0
1977,36733,42010,4.6592549089e-12,-1.4611711220e-12,3.8750498140e-13,0
1977,20590,42008,2.8241100275e-12,-9.5692213337e-14,-8.1955235729e-13,0
1978,37006,42006,8.8741843553e-12,8.7980863261e-12,4.0879386836e-12,0
1978,20590,42008,9.7485354293e-12,7.1410683369e-12,8.4219797711e-14,0
1978,35332,42007,4.1677672866e-12,3.6947350681e-12,-5.6832244374e-13,0
1978,26413,42006,5.2221987736e-12,1.7929371856e-12,4.3466636481e-13,0
1978,36733,42010,1.0190051291e-11,-5.9000566976e-12,-2.9321526218e-13,0
1978,10918,42001,2.6607619402e-12,2.3574598614e-12,1.0635584876e-12,0
1978,11356,42001,1.9906899954e-12,7.8593013537e-13,1.6550227632e-12,0
1978,12631,42011,1.9806616524e-12,3.3334842864e-13,-1.1056245006e-12,0
1979,26413,42006,2.3990322772e-12,-1.2806202557e-12,3.0660433923e-13,0
1979,10918,42001,1.9937082147e-12,-1.2137633197e-12,8.0473858625e-13,0
1979,11356,42001,9.1142285767e-12,1.1537863365e-12,2.0275839931e-12,0
1979,12631,42011,5.6032966815e-12,4.1981801929e-12,-4.0114774360e-13,0
1979,35332,42007,4.5152131004e-12,-1.4877039440e-12,-5.3572600011e-13,0
1979,36733,42010,3.1475517823e-12,-2.5114463424e-13,-6.0778195172e-13,0
1979,37006,42006,1.3052523560e-12,4.1835203991e-13,3.1915045750e-12,0
1979,20590,42008,6.5479000941e-12,-3.3179619424e-12,-5.2614167783e-13,0
1980,37006,42006,9.8417901243e-12,-3.8145780559e-12,2.7054544989e-12,0
1980,20590,42008,7.4282767638e-12,6.6587181092e-14,-3.3898417072e-13,0
1980,35332,42007,4.1851799964e-12,-2.0330963653e-12,-1.0349758843e-12,0
1980,26413,42006,6.8363553062e-12,5.6991115079e-12,8.7651549003e-13,0
1980,36733,42010,6.1868156258e-12,-6.1843073811e-12,-1.4829983171e-12,0
1980,10918,42001,7.1052399761e-12,-6.0928619881e-12,4.0425526433e-13,0
1980,11356,42001,1.4633031497e-12,7.4223126859e-13,1.4903878843e-12,0
1980,12631,42011,6.0118142553e-12,2.0496042845e-12,-3.2848759299e-13,0
1981,10918,42001,6.2589945341e-12,-5.6242241488e-13,4.6290753579e-13,0
1981,11356,42001,1.6387751253e-12,-1.2563614664e-14,1.4313761896e-12,0
1981,12631,42011,8.8202029038e-12,7.9383957276e-12,7.8258558887e-13,0
1981,26413,42006,5.4023556663e-12,-1.8820309722e-13,8.5769518030e-13,0
1981,37006,42006,5.3580495566e-12,2.7306291937e-12,2.2616729688e-12,0
1981,35332,42007,5.4516449551e-12,-5.0287409449e-12,-1.0509869307e-12,0
1981,20590,42008,5.6888614410e-12,-3.8792549204e-12,-2.6491204130e-13,0
1981,36733,42010,8.7738659564e-12,5.2193909170e-12,-9.0128849502e-13,0
1982,20590,42008,6.3375058190e-12,5.4813186719e-12,6.7120856597e-14,0
1982,35332,42007,4.3603774012e-12,3.4304047733e-12,-6.7657556955e-13,0
1982,37006,42006,5.9298573040e-12,3.4159581228e-12,3.2027863205e-12,0
1982,26413,42006,2.7549565281e-12,-2.5778627322e-12,5.9990890708e-13,0
1982,36733,42010,9.7083870571e-12,-7.7632511000e-12,-1.4129953672e-12,0
1982,10918,42001,3.3243690421e-12,-2.4787116685e-12,8.3333551753e-14,0
1982,11356,42001,6.7822220216e-12,4.5344693031e-12,1.8098768630e-12,0
1982,12631,42011,5.9704290744e-12,3.3989565868e-12,1.1434355438e-12,0
1983,26413,42006,7.2669196290e-12,-1.9785138013e-12,4.0205752695e-13,0
1983,10918,42001,2.8366113376e-12,-6.0246619135e-13,-9.4526888790e-13,0
1983,11356,42001,4.5278450068e-12,2.0463128588e-12,2.3070545578e-12,0
1983,12631,42011,4.0363340860e-12,3.7021653600e-12,1.7620477911e-12,0
1983,37006,42006,3.3919869971e-12,-2.3566939114e-12,2.4154101369e-12,0
1983,35332,42007,5.8875517711e-12,-2.2758203402e-12,-8.1629842526e-13,0
1983,20590,42008,1.9095461513e-12,1.5838084815e-12,3.3001358299e-13,0
1983,36733,42010,2.7893753250e-12,-2.7179702273e-13,-1.9205583993e-12,0
1984,35332,42007,5.5511209966e-12,4.8895824396e-12,-6.8819791570e-13,0
1984,36733,42010,5.5961740435e-12,2.2192851448e-12,-6.3211666917e-13,0
1984,26413,42006,8.0023714449e-12,4.6177266927e-12,8.6383019622e-13,0
1984,37006,42006,5.4783870253e-12,4.5469710808e-12,2.4950762957e-12,0
1984,20590,42008,5.4664448090e-12,-2.5154195845e-12,2.5258973983e-13,0
1984,10918,42001,7.7244272698e-12,-4.0058623650e-12,-1.2424915330e-12,0
1984,11356,42001,8.5687381950e-13,-1.7745891296e-13,2.0345764515e-12,0
1984,12631,42011,6.5393350744e-12,9.8361876943e-14,1.8756697938e-12,0
1985,37006,42006,6.2221514271e-12,1.3250451782e-12,1.9836183978e-12,0
1985,10918,42001,7.4890604371e-12,6.4814998119e-12,-4.5541200126e-13,0
1985,11356,42001,5.9357222560e-12,4.7192561826e-12,2.0327585443e-12,0
1985,12631,42011,5.4877180896e-12,4.6686876722e-12,2.3122197353e-12,0
1985,20590,42008,6.9944621890e-12,3.0337118646e-12,6.0246410894e-13,0
1985,26413,42006,2.7434553046e-12,-2.6460084320e-12,5.9922935302e-13,0
1985,35332,42007,4.3073010993e-12,1.9642469551e-13,-3.5655182564e-13,0
1985,36733,42010,1.0421131082e-11,-9.4949370149e-12,-2.0306704412e-12,0
1986,10918,42001,3.8073232813e-12,-1.9692484672e-12,-6.4062334085e-13,0
1986,11356,42001,7.5200316005e-12,2.9199618652e-12,2.3156320686e-12,0
1986,12631,42011,3.5384145012e-12,1.2289811366e-12,2.8946916492e-12,0
1986,26413,42006,4.4597840418e-12,1.1431520974e-12,7.1356952975e-13,0
1986,20590,42008,7.5851902069e-12,9.2398657414e-13,8.4221524495e-13,0
1986,37006,42006,6.5762189342e-12,-3.6526527878e-12,1.3331469195e-12,0
1986,35332,42007,3.1329655506e-12,2.2508807252e-12,-1.4565353867e-13,0
1986,36733,42010,9.3022016239e-12,7.6193181861e-12,-1.6268670725e-12,0
1987,37006,42006,5.1372986470e-12,4.2237331287e-12,1.5634850315e-12,0
1987,26413,42006,4.9864125985e-12,2.6807363716e-12,7.2624555368e-13,0
1987,10918,42001,6.2733377527e-12,-4.9859678771e-12,-1.3072344618e-12,0
1987,11356,42001,4.8778508313e-12,2.9998726948e-12,1.9711798117e-12,0
1987,20590,42008,4.8351071283e-12,3.5158372014e-12,1.2033681864e-12,0
1987,12631,42011,4.1298922313e-12,-3.8822945418e-12,2.3734386724e-12,0
1987,35332,42007,7.2979334753e-12,4.8353994651e-12,8.4720655725e-13,0
1987,36733,42010,5.9765988723e-12,-4.6269298984e-12,-1.9434429501e-12,0
1988,37006,42006,4.5461103557e-12,-9.0986787275e-13,5.9268961163e-13,0
1988,10918,42001,2.8408879444e-12,-9.5406908418e-13,-1.6383873564e-12,0
1988,26413,42006,5.2723076459e-12,-1.1977530487e-12,4.2717653024e-13,0
1988,11356,42001,8.3530237561e-12,7.0251836020e-12,2.5951051584e-12,0
1988,12631,42011,2.9288568340e-12,-8.1212099229e-14,2.3319826196e-12,0
1988,20590,42008,7.3055090159e-12,4.5160792756e-12,9.4086928030e-13,0
1988,35332,42007,5.0586622578e-12,-1.4424180007e-12,3.3349125036e-13,0
1988,36733,42010,4.8896509742e-12,6.0276838303e-13,-1.2931604420e-12,0
1989,10918,42001,5.8003958858e-12,-4.7464314730e-12,-1.9916541717e-12,0
1989,35332,42007,2.0126506139e-12,-2.2291279452e-13,4.5997036531e-13,0
1989,11356,42001,6.0890434501e-12,3.5845675233e-15,2.4800849815e-12,0
1989,26413,42006,5.0480467424e-12,5.0113386185e-12,1.0563724177e-12,0
1989,20590,42008,6.6682312680e-12,3.6485683397e-12,1.6375223085e-12,0
1989,37006,42006,7.4276771483e-12,5.6072904479e-12,1.1115834524e-12,0
1989,36733,42010,5.1757976155e-12,3.9853145662e-13,-1.2281928330e-12,0
1989,12631,42011,5.4561469067e-12,-8.2979410690e-15,1.9113348062e-12,0
1990,37006,42006,4.9185068210e-12,-3.9796118070e-12,1.0950800773e-12,0
1990,26413,42006,3.2463266161e-12,-2.9768330023e-12,1.8877796664e-13,0
1990,10918,42001,2.4899137389e-12,4.9960199253e-13,-1.3324077737e-12,0
1990,11356,42001,6.0636071626e-12,5.5551172628e-12,2.9613735809e-12,0
1990,12631,42011,5.0623326325e-12,-7.0006004608e-13,1.6363683732e-12,0
1990,35332,42007,2.4658096502e-12,-7.1555346608e-14,6.5612446717e-13,0
1990,20590,42008,5.5911711663e-12,-7.7657551790e-13,1.5532060386e-12,0
1990,36733,42010,3.8942973481e-12,9.6679459795e-13,-5.1308263505e-13,0
1991,35332,42007,4.7624154613e-12,-4.2135424232e-12,7.3764431934e-13,0
1991,20590,42008,4.6669149924e-12,-1.3829377921e-13,1.9273021527e-12,0
1991,36733,42010,6.0946623710e-12,4.8103873195e-12,-5.5398299480e-13,0
1991,10918,42001,5.8170077463e-12,-5.3469019322e-12,-1.8108557254e-12,0
1991,11356,42001,8.3498053773e-12,-1.6349940093e-12,2.7991305415e-12,0
1991,26413,42006,2.5346145381e-12,8.1147763993e-14,2.1571305276e-13,0
1991,12631,42011,8.0173881070e-13,-2.7988969608e-13,8.1453983082e-13,0
1991,37006,42006,6.2948118836e-12,3.6309424775e-12,1.1851114057e-12,0
1992,37006,42006,4.8894066282e-12,-1.3234931950e-12,7.1116627391e-13,0
1992,26413,42006,5.9008756677e-12,-3.1249970698e-12,1.6099961900e-13,0
1992,10918,42001,5.1861554033e-12,-2.4079251874e-12,-1.8037770773e-12,0
1992,11356,42001,5.6448510015e-12,4.6588562270e-12,2.8115692339e-12,0
1992,12631,42011,4.6648411667e-12,-1.2969262428e-12,3.4495154786e-13,0
1992,35332,42007,7.4059378401e-12,-4.7371755672e-13,3.4723208634e-13,0
1992,20590,42008,4.4606109729e-12,-9.4042243197e-13,1.2851280423e-12,0
1992,36733,42010,3.6968391796e-12,9.6383233168e-13,3.1872534837e-13,0
1993,35332,42007,8.1271688525e-12,7.9184111625e-12,1.3666552366e-12,0
1993,36733,42010,7.7745177623e-12,-2.5696611223e-12,8.8938938417e-14,0
1993,10918,42001,5.0238834417e-12,-3.5153329449e-12,-2.0950637527e-12,0
1993,20590,42008,3.7325308287e-12,1.7948615143e-13,1.1446958093e-12,0
1993,11356,42001,5.2838734186e-12,8.3363870872e-13,2.6903018188e-12,0
1993,26413,42006,2.0828071915e-12,5.6629190354e-13,4.1548018949e-13,0
1993,12631,42011,5.5265783247e-12,-8.4186338937e-13,-1.0945132708e-13,0
1993,37006,42006,4.4164691524e-12,2.8336205206e-12,1.2301977171e-12,0
1994,26413,42006,4.7400163179e-12,4.6375851491e-14,-4.1654894636e-14,0
1994,10918,42001,4.6008177191e-12,5.6772474796e-13,-1.6377050414e-12,0
1994,11356,42001,4.8843936299e-12,2.6844732801e-12,2.9764950382e-12,0
1994,20590,42008,1.8657017745e-12,-1.3504838628e-12,1.2611893815e-12,0
1994,12631,42011,4.7193166616e-12,1.1175428982e-12,-7.5332249547e-15,0
1994,37006,42006,4.4666723864e-12,-3.6402264616e-12,4.1147796287e-13,0
1994,35332,42007,2.0242696787e-12,-1.4245192629e-12,7.3524506635e-13,0
1994,36733,42010,3.6848784125e-12,1.0981018604e-12,-2.3179390026e-14,0
1995,35332,42007,5.0558797936e-12,3.2709484598e-12,1.0426974428e-12,0
1995,37006,42006,3.1779895277e-12,-5.6100506394e-14,2.7336339442e-13,0
1995,36733,42010,4.5227431605e-12,-3.4368764917e-12,5.8262666229e-13,0
1995,26413,42006,4.6154328900e-12,-3.3558396475e-12,-1.1263801619e-13,0
1995,10918,42001,3.1911603826e-12,1.2980899103e-12,-2.1560460315e-12,0
1995,11356,42001,1.2083854251e-11,9.8326234660e-12,3.4878317665e-12,1
1995,20590,42008,6.9275898039e-12,-6.3938095395e-12,3.1843724109e-13,0
1995,12631,42011,4.2643481126e-12,1.0330413658e-13,-4.6407157851e-13,0
1996,26413,42006,4.6706651033e-12,1.4385022277e-12,-8.3103003149e-14,0
1996,10918,42001,5.6348761873e-12,-5.1633480594e-12,-2.4754559907e-12,0
1996,12631,42011,5.3812721884e-12,1.7484210026e-12,-4.1212759191e-13,0
1996,20590,42008,7.7959452137e-12,3.1715181479e-12,5.4319039847e-13,0
1996,37006,42006,9.0950036817e-12,8.8477724231e-12,1.5234059155e-12,0
1996,35332,42007,8.9775856911e-12,3.9220522545e-12,1.2098145957e-12,0
1996,36733,42010,6.6081569105e-12,2.1380088730e-12,3.4495730978e-14,0
1997,37006,42006,8.3225907903e-12,-5.9776564093e-12,5.0326696171e-13,0
1997,35332,42007,4.7649904957e-12,4.1216441609e-12,1.1384390653e-12,0
1997,10918,42001,6.5727373878e-12,6.0686738541e-12,-1.3699918176e-12,0
1997,36733,42010,6.2828151127e-12,-4.1618012278e-12,8.1008598041e-14,0
1997,26413,42006,1.3616985901e-11,-1.0688941257e-11,-1.4200707660e-12,1
1997,11356,42001,5.8292386770e-12,3.2361462463e-16,3.2361462463e-17,0
1997,20590,42008,7.7853072571e-12,-5.5134497743e-12,-3.5973829911e-13,0
1997,12631,42011,7.7799556907e-12,6.5221699981e-12,6.2831886208e-13,0
1998,10918,42001,8.4205401019e-12,-7.1264075550e-12,-1.9872256647e-12,0
1998,11356,42001,5.6134048409e-12,1.5712109337e-12,1.5715345483e-13,0
1998,12631,42011,4.9492799869e-12,-1.7989611774e-12,4.5654395426e-13,0
1998,35332,42007,8.1313024792e-12,7.9606018038e-12,2.0787410458e-12,0
1998,37006,42006,1.0733426668e-11,8.2571455260e-12,1.4199683016e-12,0
1998,20590,42008,1.0406286152e-11,5.1001650073e-12,-3.0132972594e-13,0
1998,36733,42010,1.5650256884e-12,-1.3634747489e-12,-1.1561571515e-13,0
1999,35332,42007,5.6362812237e-12,2.1707277963e-12,2.3181051048e-12,0
1999,36733,42010,2.0590834142e-12,6.7447452164e-13,-8.8021408650e-14,0
1999,10918,42001,8.0591612705e-12,-2.6191964608e-12,-1.7745021635e-12,0
1999,11356,42001,3.7372835479e-12,8.1093403741e-13,2.3824685858e-13,0
1999,12631,42011,1.0693125922e-11,1.0664347264e-11,1.5238084748e-12,0
1999,37006,42006,1.0296637415e-11,-3.4081713072e-12,5.1842212606e-13,0
1999,20590,42008,3.5020819800e-12,1.0209473775e-12,-5.6409182215e-13,0
2000,37006,42006,7.5457351209e-12,4.4056950561e-12,1.3569528124e-12,0
2000,10918,42001,5.2539275266e-12,-6.4466839617e-13,-1.8889292024e-12,0
2000,11356,42001,9.6481328037e-12,8.3579826939e-12,1.0740451280e-12,0
2000,20590,42008,3.1744800596e-12,-4.4895785654e-13,-5.3133005602e-13,0
2000,35332,42007,5.1216078683e-12,-4.7652232815e-12,1.8487383113e-12,0
2000,12631,42011,6.5804328563e-12,-2.1792425049e-12,1.3758902289e-12,0
2000,36733,42010,6.8779272363e-12,2.6489478114e-12,8.0193912693e-14,0
2001,10918,42001,2.4594069203e-12,-1.1695072299e-12,-1.4711897321e-12,0
2001,26413,42006,5.7732604273e-12,-8.0002552501e-17,-8.0002552501e-18,0
2001,11356,42001,1.5722498738e-12,2.0995000698e-13,1.0950401287e-12,0
2001,35332,42007,5.1307888513e-12,-3.4979140542e-12,1.9203011482e-12,0
2001,12631,42011,6.0506583031e-12,1.9056113042e-12,1.5944403289e-12,0
2001,37006,42006,2.5735847022e-12,-2.3589043886e-12,7.5796812577e-13,0
2001,36733,42010,1.2528025236e-12,-1.2103307751e-12,-5.2187789676e-13,0
2001,20590,42008,6.6851505498e-12,-1.4347757548e-12,-6.6097825357e-13,0
2002,37006,42006,4.5961601725e-12,3.3551101182e-12,1.2258284571e-12,0
2002,20590,42008,7.4340820371e-12,4.8964578074e-12,-7.7290229640e-14,0
2002,10918,42001,3.6226904258e-12,-2.5420267726e-13,-1.2558174811e-12,0
2002,11356,42001,4.3891802164e-12,3.3224941073e-12,1.4272895394e-12,0
2002,26413,42006,5.2732059777e-12,5.0021684625e-12,5.0020884600e-13,0
2002,35332,42007,2.5923547658e-13,2.5341968316e-14,1.9702071007e-12,0
2002,12631,42011,5.5415911938e-12,-1.9699733642e-12,1.5271356168e-12,0
2002,36733,42010,3.8210782969e-12,1.6541482777e-12,-4.5284630217e-13,0
2003,26413,42006,4.6952958090e-12,-4.1456231892e-12,8.5646527073e-14,0
2003,35332,42007,4.5996052561e-12,8.5148047918e-13,1.2635140324e-12,0
2003,10918,42001,1.1719335357e-12,1.0046229839e-12,-8.0382188823e-13,0
2003,36733,42010,9.1631688214e-12,-6.1894528496e-12,-8.1482547490e-13,0
2003,11356,42001,2.7728383037e-12,2.2517340134e-12,1.6524629407e-12,0
2003,12631,42011,9.9848576749e-12,4.7513438833e-12,2.0864563440e-12,0
2003,37006,42006,5.3179509866e-12,-4.0641732365e-12,5.3604908138e-13,0
2003,20590,42008,1.5333263992e-12,-7.8601932731e-13,-1.7384077751e-13,0
2004,35332,42007,2.0651497142e-12,-1.6721975652e-12,1.2387462022e-12,0
2004,36733,42010,5.4997592327e-12,2.1839986964e-12,-7.0623579130e-13,0
2004,37006,42006,5.2485106044e-12,4.1154631450e-12,1.3116180420e-12,0
2004,20590,42008,1.0425350294e-11,6.7828589329e-12,6.3949350205e-13,0
2004,10918,42001,1.2070956553e-12,-6.5710452144e-13,-9.2630481518e-13,0
2004,11356,42001,5.9036199225e-12,3.6531242077e-12,2.0177753615e-12,0
2004,26413,42006,5.1615520069e-12,1.7351585536e-12,2.5916238243e-13,0
2004,12631,42011,6.8152941437e-12,-2.5355891723e-12,1.7211431370e-12,0
2005,26413,42006,7.3466893921e-12,-3.7014466207e-12,-1.1098227964e-13,0
2005,10918,42001,6.0215101814e-12,-5.2599515683e-12,-1.5821089630e-12,0
2005,11356,42001,3.4672247637e-12,8.6222620141e-14,2.0263976235e-12,0
2005,12631,42011,2.4788160729e-12,1.1377429519e-12,1.8245870185e-12,0
2005,37006,42006,5.6843071355e-12,-4.3484787137e-12,8.8238022131e-13,0
2005,20590,42008,6.7910852809e-12,-8.9061370706e-13,1.1898130853e-12,0
2005,35332,42007,4.1072606683e-12,2.3325013713e-12,1.1449014933e-12,0
2005,36733,42010,4.6508330931e-12,-3.0768771787e-12,-6.7023586000e-13,0
2006,35332,42007,3.8975496325e-12,-3.2784932159e-12,4.2484694629e-13,0
2006,37006,42006,1.0376414660e-11,6.0198367958e-12,5.9958665857e-13,0
2006,10918,42001,1.1329204381e-12,6.1843770152e-13,-1.0039303869e-12,0
2006,36733,42010,4.6650822921e-12,-3.9311308850e-12,-1.2771498358e-12,0
2006,11356,42001,1.0939855825e-11,9.7122970955e-12,2.9976273331e-12,0
2006,20590,42008,5.6277288132e-12,1.8118683956e-12,1.0538481101e-12,0
2006,26413,42006,7.2861490657e-12,4.9227296831e-12,3.8129068867e-13,0
2006,12631,42011,4.4743872829e-12,2.1076466968e-12,1.8605095880e-12,0
2007,26413,42006,2.3359856022e-12,-2.2104839325e-12,1.6024229542e-13,0
2007,10918,42001,3.3722637897e-12,-3.1435461907e-12,-1.9251523914e-12,0
2007,11356,42001,6.2082955945e-12,-4.2136201592e-12,2.5762329557e-12,0
2007,12631,42011,4.8142005075e-12,4.3323802582e-12,1.6415306140e-12,0
2007,37006,42006,6.9069368175e-12,-6.2492893566e-12,5.7242336384e-13,0
2007,35332,42007,4.8565944588e-12,4.6116620377e-12,4.7384873398e-13,0
2007,20590,42008,7.8282956892e-12,-6.9442954180e-12,9.1076354570e-13,0
2007,36733,42010,5.5054062160e-12,2.7235321309e-12,-5.8861649993e-13,0
2008,35332,42007,9.6718245414e-12,-8.2873519645e-12,-1.1509466429e-12,0
2008,37006,42006,4.5242378589e-12,1.1528349093e-12,-1.3800769783e-13,0
2008,36733,42010,6.8418219878e-12,-5.8883380167e-12,-1.0411028267e-12,0
2008,26413,42006,7.9070334677e-12,6.6451445826e-12,8.2475675368e-13,0
2008,10918,42001,2.1894566507e-12,-4.3841170181e-13,-1.2563528061e-12,0
2008,11356,42001,5.0133792581e-12,2.9907167820e-12,2.7181835405e-12,0
2008,12631,42011,5.6208522772e-12,1.6052977852e-12,1.9819565102e-12,0
2008,20590,42008,1.0697013284e-11,9.8411771626e-12,1.3848647612e-12,0
2009,26413,42006,2.4609818438e-12,-1.8266587940e-13,8.0649016574e-13,0
2009,10918,42001,3.9029157992e-12,2.3524111929e-12,-7.5919204074e-13,0
2009,11356,42001,5.7558865060e-12,-1.0211395835e-12,2.5349761784e-12,0
2009,37006,42006,3.2734641536e-12,-1.9316893486e-12,9.6404980230e-15,0
2009,12631,42011,1.9969329620e-12,-3.7921258493e-13,8.7760052533e-13,0
2009,35332,42007,6.0097277246e-12,1.7297784131e-12,-1.1950415812e-12,0
2009,36733,42010,6.4549252129e-12,5.7986661384e-12,-5.2868366504e-13,0
2009,20590,42008,4.3357406399e-12,-3.0225267707e-12,9.8051734640e-13,0
2010,35332,42007,5.1651002727e-12,-4.6519394521e-12,-1.1837131982e-12,0
2010,36733,42010,4.4849793279e-12,-3.6262487768e-12,-1.1562033239e-12,0
2010,37006,42006,5.5758888212e-12,-3.1717907154e-12,-7.4810807912e-13,0
2010,26413,42006,7.8473458812e-12,4.6387096548e-12,1.2703611312e-12,0
2010,10918,42001,3.2370763528e-12,1.7082002116e-12,-5.2390517996e-13,0
2010,11356,42001,7.5910331593e-12,-2.6471837295e-12,1.4344595361e-12,0
2010,12631,42011,4.3516749915e-12,2.5182367300e-12,1.3473484488e-12,0
2010,20590,42008,5.9182127950e-12,3.7240155808e-12,1.3978146901e-12,0
2011,26413,42006,2.8035127056e-12,4.0841331773e-13,1.3112104632e-12,0
2011,35332,42007,5.0238967997e-12,9.7231615107e-14,-8.2419863129e-13,0
2011,37006,42006,5.5654468986e-12,1.1706722161e-12,-3.9515041866e-13,0
2011,36733,42010,2.9351866743e-12,-6.8377420468e-13,-1.1035476668e-12,0
2011,10918,42001,9.6258292122e-12,2.9791750443e-12,-1.0903695254e-13,0
2011,11356,42001,3.3289485994e-12,-2.3201999551e-12,1.1814445399e-12,0
2011,12631,42011,3.7842434880e-12,2.2511765631e-12,1.3819049747e-12,0
2011,20590,42008,7.3550122137e-12,2.5359187931e-12,1.7948841449e-12,0
2012,37006,42006,1.7231090664e-12,-6.6277537970e-13,-7.9693896845e-13,0
2012,20590,42008,4.9439887794e-12,3.5376887445e-12,1.6590072386e-12,0
2012,10918,42001,1.7502688950e-12,5.8177244399e-17,-8.3610867091e-14,0
2012,11356,42001,5.1595597021e-12,4.9078126505e-12,1.3399763942e-12,0
2012,26413,42006,2.6943483658e-12,1.9040221907e-12,1.0013958361e-12,0
2012,35332,42007,7.8959417594e-12,2.4915872647e-12,-5.7757410166e-13,0
2012,12631,42011,3.7483049504e-12,-2.5275449731e-12,1.3261478138e-12,0
2012,36733,42010,5.4177693139e-12,1.1222668778e-12,-1.1567358068e-12,0
2013,35332,42007,1.9165264008e-12,-7.5566634789e-14,-6.7027881305e-13,0
2013,37006,42006,7.0513448621e-12,3.5032187160e-13,-3.5548945764e-13,0
2013,36733,42010,2.6631024864e-12,-2.2701185544e-12,-7.6480237728e-13,0
2013,10918,42001,3.4287228223e-12,2.4017372865e-12,5.6100563173e-14,0
2013,11356,42001,4.7709684718e-12,-4.6217887957e-12,6.5262411329e-13,0
2013,12631,42011,8.1555292542e-12,4.3969958928e-12,1.2907130148e-12,0
2013,20590,42008,3.1630343884e-12,5.5521574419e-13,1.7931307458e-12,0
2013,26413,42006,6.8124468361e-12,-9.5820731386e-13,1.3201374236e-12,0
2014,10918,42001,6.7445715747e-12,1.9759483404e-12,3.1940584936e-13,0
2014,11356,42001,4.4804820109e-12,2.5588056063e-12,5.4319225315e-13,0
2014,12631,42011,5.6329971260e-12,-1.5217033450e-12,1.3921015975e-12,0
2014,26413,42006,2.9299301622e-12,1.7854150405e-12,1.3251630723e-12,0
2014,37006,42006,3.7336140640e-12,-3.4301881263e-12,-1.1100545848e-12,0
2014,35332,42007,4.7364753577e-12,-4.7997032169e-14,-5.0785875975e-13,0
2014,20590,42008,9.7014572927e-12,8.1335585710e-12,1.9282007096e-12,0
2014,36733,42010,1.9170310842e-12,-5.4740964126e-13,-1.0379432110e-12,0
2015,26413,42006,5.6987534806e-12,4.3785205701e-12,2.1331597914e-12,0
2015,37006,42006,6.9056465266e-12,3.4257984060e-12,-3.3262687279e-13,0
2015,20590,42008,3.6271371285e-12,-2.2992662216e-13,1.9942694181e-12,0
2015,10918,42001,2.7738140901e-12,-1.1470049467e-12,7.3070051153e-13,0
2015,11356,42001,7.8742970042e-12,6.1482841920e-12,1.1493984103e-12,0
2015,35332,42007,6.0266925981e-12,1.9278836971e-12,-5.4832052717e-13,0
2015,12631,42011,1.3000420426e-12,1.2188885901e-12,1.4002161613e-12,0
2015,36733,42010,3.9413389468e-12,1.8937033922e-13,-7.1131845925e-13,0
2016,10918,42001,8.6876895988e-12,-7.8382267069e-13,5.9047447431e-13,0
2016,26413,42006,5.5996967816e-12,-4.6925547963e-12,1.1716313434e-12,0
2016,37006,42006,5.5348581407e-12,-3.2180162412e-12,-1.2564121765e-12,0
2016,35332,42007,6.6376343140e-12,2.6925144123e-12,4.8780235654e-14,0
2016,11356,42001,4.4358148631e-12,-4.7296597065e-13,1.3087210371e-13,0
2016,20590,42008,4.1147994032e-12,-3.2843464115e-12,1.4846479374e-12,0
2016,12631,42011,2.4759230495e-12,-9.4132282235e-13,1.0953192094e-12,0
2016,36733,42010,1.6129085953e-12,3.2974088103e-13,-2.8523128265e-13,0
2017,26413,42006,7.5002144373e-12,5.9054297247e-12,1.9832227092e-12,0
2017,35332,42007,4.9482051137e-12,-1.8322382991e-13,-4.3070835111e-13,0
2017,37006,42006,5.9834037960e-12,1.6782653622e-12,-4.6365670461e-13,0
2017,36733,42010,5.0445788750e-12,-4.8392745564e-13,-6.0597724130e-13,0
2017,10918,42001,2.5325188198e-12,-6.6171040181e-13,8.3865805319e-13,0
2017,11356,42001,5.4846698547e-12,-4.5337095859e-12,9.8863161041e-14,0
2017,12631,42011,1.8979940046e-12,1.5420285196e-12,8.1628403554e-13,0
2017,20590,42008,3.6350518249e-12,5.5519467549e-13,2.2345969467e-12,0
2018,10918,42001,3.2412872590e-12,-2.0538067966e-12,6.7711854372e-13,0
2018,11356,42001,2.7046800751e-12,2.4367490630e-12,4.3466389136e-14,0
2018,37006,42006,9.3315254405e-12,-7.2601929829e-12,-1.3049594938e-12,0
2018,26413,42006,4.3859799871e-12,-4.0482996049e-12,9.1387829041e-13,0
2018,12631,42011,2.5063307488e-12,6.8268772635e-13,7.2402302966e-13,0
2018,20590,42008,4.8335236051e-12,-1.9204890376e-12,1.0584303267e-12,0
2018,35332,42007,8.6494625571e-12,5.0527031441e-12,9.0329715975e-13,0
2018,36733,42010,5.5743825029e-12,1.8082090704e-13,9.3865107423e-16,0
2019,35332,42007,3.5020000185e-12,2.3770543583e-12,9.6802475427e-13,0
2019,37006,42006,7.7114377624e-12,5.3959516688e-12,-5.7219539208e-13,0
2019,36733,42010,3.7658186105e-12,-5.3895932589e-13,-6.3282389535e-13,0
2019,26413,42006,9.3629267484e-12,5.8597256858e-12,1.5181174469e-12,0
2019,10918,42001,3.3413847507e-12,-3.2724636435e-12,1.1463106008e-13,0
2019,20590,42008,4.6435685447e-12,3.8290309718e-12,1.7435861010e-12,0
2019,11356,42001,7.6023003050e-12,6.3007155243e-12,7.7565189991e-13,0
2019,12631,42011,7.2678673246e-12,6.9332284233e-12,1.4552671305e-12,0
2020,10918,42001,3.4825311325e-12,1.6815840512e-12,1.1196944405e-13,0
2020,26413,42006,9.6256831090e-12,-1.3928205731e-12,9.1496442414e-13,0
2020,37006,42006,4.7958037144e-12,-4.7857327310e-12,-7.3358959364e-13,0
2020,11356,42001,2.0269738085e-12,2.4624314873e-13,1.0649945877e-12,0
2020,12631,42011,7.9153338774e-12,-6.4482763531e-12,5.5861582217e-13,0
2020,20590,42008,6.8669968962e-12,-6.1698349699e-12,7.5420104588e-13,0
2020,35332,42007,6.9301054868e-12,6.5491822523e-12,2.0881369247e-12,0
2020,36733,42010,3.6399092047e-12,6.1343321327e-14,-2.6406468554e-13,0
2021,37006,42006,2.7142043643e-12,-3.7669621683e-13,-8.8832643694e-13,0
2021,26413,42006,6.1858136660e-12,1.8894759223e-12,1.0630706846e-12,0
2021,10918,42001,5.3927430080e-12,-1.3354696155e-12,-3.1949502194e-13,0
2021,11356,42001,2.5235475053e-12,2.0473368880e-12,1.5017482720e-12,0
2021,12631,42011,9.2429403025e-12,4.6800031058e-12,8.0149847644e-13,0
2021,20590,42008,7.8703927091e-12,1.2992395202e-12,6.3053311860e-13,0
2021,35332,42007,4.9325730419e-12,-3.5290457467e-12,1.7255091885e-12,0
2021,36733,42010,3.2096016913e-12,2.1328441114e-13,-1.7435882396e-13,0
2022,35332,42007,7.7945017095e-12,5.3718276155e-12,2.0135332236e-12,0
2022,26413,42006,8.0336906255e-12,1.1271792539e-12,9.8538639092e-13,0
2022,36733,42010,2.0362564405e-12,-1.4642614840e-12,-4.3301166014e-13,0
2022,37006,42006,3.7101807682e-12,9.0881493570e-13,-7.3116740540e-13,0
2022,10918,42001,5.4238358527e-12,3.8645480923e-12,6.6953969566e-14,0
2022,11356,42001,5.3672985744e-12,2.0319051117e-12,1.2141575182e-12,0
2022,20590,42008,7.0080733755e-12,-5.3601078787e-14,2.7140413627e-13,0
2022,12631,42011,4.1337269252e-12,2.1805766973e-12,1.2723106435e-12,0
2023,37006,42006,3.2006027086e-12,-1.7380506707e-12,-9.4000465963e-13,0
2023,26413,42006,2.9087874454e-12,5.7657852069e-13,1.1388649744e-12,0
2023,10918,42001,4.5924586837e-12,-4.5521896131e-12,-6.2843872040e-13,0
2023,20590,42008,4.1937705741e-12,-4.0717160698e-12,-1.9128904513e-13,0
2023,11356,42001,6.5303236418e-12,4.7291215145e-12,2.1492485492e-12,0
2023,12631,42011,5.6628745504e-12,-2.9780865262e-12,5.3480240159e-13,0
2023,35332,42007,7.6359836325e-12,7.5302041542e-12,2.7741103025e-12,0
2023,36733,42010,8.3202211418e-12,-6.7438971279e-12,-8.8038951749e-13,0
2024,26413,42006,5.5577029748e-12,1.8754325575e-12,1.1478667261e-12,0
2024,37006,42006,4.6586083518e-12,-4.3228767787e-12,-1.0292735249e-12,0
2024,10918,42001,6.3701579401e-12,-6.6483486848e-14,-8.3268190313e-13,0
2024,11356,42001,3.9035098545e-12,-9.5287177386e-13,1.7980808112e-12,0
2024,35332,42007,3.3052758141e-12,-6.1561818992e-13,2.7173481867e-12,0
2024,36733,42010,5.6314715731e-12,3.3416943510e-12,-4.9147911826e-13,0
2024,12631,42011,4.4371470392e-12,4.2685595624e-12,1.1138286923e-12,0
2024,20590,42008,4.4469567412e-12,-1.6484042081e-12,-1.1694853230e-12,0
2025,10918,42001,4.2440800905e-12,-6.0101476543e-13,-7.7808288501e-13,0
2025,26413,42006,6.0377063569e-12,-5.3988061995e-12,1.7013404911e-13,0
2025,37006,42006,3.5311989156e-12,3.1978229967e-12,-1.0520710658e-12,0
2025,35332,42007,6.2800672015e-12,1.2456787692e-12,2.6491276939e-12,0
2025,11356,42001,3.7597725214e-12,2.9839762029e-12,1.4816500123e-12,0
2025,12631,42011,2.5013142449e-12,-1.4920725683e-12,8.4273257649e-13,0
2025,36733,42010,6.0200753710e-12,5.7316363943e-12,6.2747487242e-14,0
2025,20590,42008,2.5184170888e-12,-1.5607008826e-12,-1.3025627491e-12,0
2026,35332,42007,7.7785793211e-12,3.8283461556e-12,2.7627108683e-12,0
2026,36733,42010,3.7071069465e-12,-7.8218397261e-14,2.1951559413e-14,0
2026,26413,42006,5.5915595049e-12,5.5279746402e-12,1.1921869928e-12,0
2026,37006,42006,3.3463000641e-12,3.3193441762e-12,-3.9833502405e-13,0
2026,10918,42001,1.5626148778e-12,-1.0628087397e-12,-8.0598149190e-13,0
2026,11356,42001,2.5026168527e-12,7.5196124543e-13,1.6041427339e-12,0
2026,12631,42011,4.8973154097e-12,3.9909427527e-12,1.3359591340e-12,0
2026,20590,42008,3.4218850994e-12,1.6970587837e-12,-8.0442222956e-13,0
2027,10918,42001,2.9587134470e-12,-1.5529037109e-12,-8.9510082282e-13,0
2027,26413,42006,9.4338911596e-12,4.0992364627e-12,1.0115676666e-12,0
2027,11356,42001,3.0848381890e-12,2.9920923172e-12,2.3567229242e-12,0
2027,37006,42006,4.0077238902e-12,-2.0713492546e-12,-7.7329648574e-13,0
2027,12631,42011,2.0084524073e-12,-1.8732970042e-12,9.9442658162e-13,0
2027,20590,42008,1.0074241367e-11,-3.3717226621e-12,-1.1971139633e-12,0
2027,35332,42007,3.7483604376e-12,-3.0552628816e-12,2.4755069631e-12,0
2027,36733,42010,4.8521420735e-12,-4.1595473295e-12,-3.4561042797e-13,0
2028,26413,42006,3.4653565818e-12,4.3392488432e-13,1.4597901155e-12,0
2028,35332,42007,7.4063959663e-12,4.7750626283e-12,2.4477429115e-12,0
2028,36733,42010,7.4912067178e-12,4.6536655633e-12,1.0167403766e-13,0
2028,37006,42006,5.8957171762e-12,-6.0551065492e-14,-5.3332293993e-14,0
2028,10918,42001,5.2781578788e-12,-4.6757157387e-12,-1.1572917170e-12,0
2028,20590,42008,1.0734850120e-11,-4.0502354574e-12,-1.4100886053e-12,0
2028,11356,42001,3.8214114379e-12,6.4151409547e-14,2.1194631588e-12,0
2028,12631,42011,6.8577205645e-12,-7.4035467439e-13,8.5212234155e-13,0
2028,33196,42009,5.9881371349e-12,-3.3771296512e-16,-3.3771296512e-17,0
2029,26413,42006,6.7922196498e-12,3.4999567235e-12,1.2238132192e-12,0
2029,10918,42001,1.6510959489e-12,5.0476406570e-13,-7.7956894611e-13,0
2029,11356,42001,8.4576471717e-13,1.2842262133e-13,1.5022338685e-12,0
2029,37006,42006,3.8925839666e-12,-1.3609750542e-12,-7.2902496629e-13,0
2029,33196,42009,4.2303400655e-12,-2.7116478820e-12,-2.7119855950e-13,0
2029,20590,42008,1.0026419648e-11,-3.2417875983e-12,-2.1171704623e-12,0
2029,12631,42011,4.8766557118e-12,3.5499667906e-12,5.1379617828e-13,0
2029,35332,42007,2.8475231266e-12,1.7300690729e-12,2.3830443830e-12,0
2029,36733,42010,6.2435171405e-12,-4.9489885009e-12,-3.3932887984e-13,0
2030,26413,42006,3.4091252687e-12,4.3088725715e-13,1.4061840023e-12,0
2030,35332,42007,7.0548988432e-12,3.4631791054e-12,2.0744440683e-12,0
2030,37006,42006,3.9236910136e-12,-2.1494681990e-12,-4.6539851310e-13,0
2030,10918,42001,2.4596576805e-12,-5.6068191219e-13,-1.0037955424e-12,0
2030,36733,42010,8.2086297186e-12,4.7587475891e-12,1.3041154694e-13,0
2030,11356,42001,3.3253288537e-12,1.4595995976e-12,1.6235695134e-12,0
2030,33196,42009,2.8491139827e-12,1.2447671782e-12,-1.4672184168e-13,0
2030,20590,42008,6.9168668314e-12,6.8893054633e-13,-1.4312939107e-12,0
2030,12631,42011,6.4612588916e-12,-3.2029045625e-12,8.3833335734e-13,0
2031,37006,42006,8.8455814104e-12,1.3340633487e-12,-2.9432255654e-13,0
2031,10918,42001,1.7802252800e-12,-5.6271847170e-13,-9.2652042806e-13,0
2031,33196,42009,4.4227386492e-12,-2.5449780295e-12,-4.0121964463e-13,0
2031,11356,42001,5.1254946484e-12,3.9302299288e-12,1.8118588175e-12,0
2031,26413,42006,6.5693954915e-12,5.2576656683e-12,1.7430029769e-12,0
2031,35332,42007,5.3656723113e-12,-4.5600937802e-12,1.9713392649e-12,0
2031,20590,42008,9.0769041644e-12,-4.3049076541e-12,-1.9917086281e-12,0
2031,12631,42011,5.4522285378e-12,3.0837544448e-12,6.7870849123e-13,0
2031,36733,42010,4.0118387998e-12,1.1383883701e-12,2.2292194284e-13,0
2032,35332,42007,4.7732698256e-12,2.4960039973e-12,1.6837569031e-12,0
2032,33196,42009,1.5357493599e-12,-1.3195952703e-12,-5.3317917166e-13,0
2032,36733,42010,7.0497804666e-12,-2.6947424058e-12,9.9873850655e-14,0
2032,10918,42001,3.2222181957e-12,-4.4771294176e-13,-1.3577465315e-12,0
2032,26413,42006,7.8655873899e-12,-7.2646203839e-12,9.0382301309e-13,0
2032,37006,42006,1.1394577490e-11,-1.0780897071e-11,-1.4632937572e-12,1
2032,11356,42001,3.8634880697e-12,-1.9283397426e-12,1.4158343321e-12,0
2032,12631,42011,7.3331386163e-12,-2.4921439211e-12,2.1143642939e-13,0
2032,20590,42008,1.8096200511e-12,7.6173534297e-13,-1.9101749859e-12,0
2033,20590,42008,3.3305944397e-12,-2.9089250596e-12,-1.7938958849e-12,0
2033,10918,42001,6.0143305094e-12,-2.5333794315e-13,-9.2786136447e-13,0
2033,11356,42001,5.1371322344e-12,1.7643536047e-12,1.1193575411e-12,0
2033,39853,42006,3.9237410953e-12,2.0982347419e-16,2.0982347419e-17,0
2033,12631,42011,5.4867108849e-12,2.2584589379e-12,7.3509097579e-13,0
2033,26413,42006,5.0288442231e-12,4.7014747507e-12,1.3163126361e-12,0
2033,35332,42007,4.4991458814e-12,-1.7898481560e-12,7.5175167209e-13,0
2033,33196,42009,6.3041256702e-12,-6.3019097746e-12,-1.1633701491e-12,0
2033,36733,42010,1.6700169612e-12,-7.1163435827e-13,7.0310012762e-13,0
2034,35332,42007,4.4007991902e-12,-3.8228966814e-12,4.3102382294e-13,0
2034,39853,42006,3.8029789632e-12,5.4464412947e-13,5.4485395294e-14,0
2034,36733,42010,5.6323950495e-12,-3.0078579835e-12,6.8144894167e-14,0
2034,33196,42009,3.3776353292e-12,3.3538818043e-12,-8.2798196869e-13,0
2034,10918,42001,7.4726883212e-12,4.8264629475e-12,-4.3856672103e-13,0
2034,11356,42001,7.0081318075e-12,-4.8684525983e-13,1.1659601925e-12,0
2034,26413,42006,3.1064101996e-12,-3.0908188324e-12,8.1968749710e-13,0
2034,12631,42011,4.3302482855e-12,3.3100842063e-12,6.3924344018e-13,0
2034,20590,42008,5.7197537081e-12,3.0520234613e-12,-1.3238531180e-12,0
2035,26413,42006,6.7469984257e-12,-3.0633945562e-12,1.0532286614e-12,0
2035,10918,42001,4.2877268414e-12,-6.8297306906e-13,-4.4676255139e-13,0
2035,11356,42001,2.0507236469e-12,1.7867386566e-12,1.0462364379e-12,0
2035,20590,42008,4.0174473998e-12,4.0092658707e-12,-7.6685644264e-13,0
2035,12631,42011,4.5313813133e-12,-3.0730045312e-12,4.8115024390e-13,0
2035,39853,42006,7.4417893811e-12,1.0793525307e-12,1.6242064837e-13,0
2035,33196,42009,5.7845303621e-12,-4.9699010493e-12,-1.3249720736e-12,0
2035,35332,42007,4.4176547615e-12,8.5242170316e-13,3.9169811634e-13,0
2035,36733,42010,3.0140854253e-12,2.4884021263e-12,-2.5617853263e-13,0
2036,26413,42006,8.0254423289e-12,6.7087320097e-12,1.1713043984e-12,0
2036,39853,42006,5.4918049629e-12,-5.2789453443e-13,1.0963119493e-13,0
2036,10918,42001,5.0009553305e-12,1.2077203057e-12,-2.1970964686e-13,0
2036,11356,42001,4.6118098530e-12,1.6282203959e-12,1.1338623529e-12,0
2036,33196,42009,1.2627600034e-12,-5.6404887434e-13,-1.3813769611e-12,0
2036,35332,42007,5.0593747198e-12,-2.7880483655e-12,-2.6994133578e-13,0
2036,12631,42011,2.6125428638e-12,2.5691241055e-12,3.3896837918e-13,0
2036,36733,42010,2.2258865464e-12,-2.1969309790e-12,-4.6804979080e-13,0
2036,20590,42008,3.9963014066e-12,-1.3909562079e-12,-1.0756579418e-12,0
2037,26413,42006,7.9914615814e-12,-7.7477172589e-12,-1.3390973779e-14,0
2037,10918,42001,7.0204054800e-12,-6.5532888411e-12,-7.1974815987e-13,0
2037,11356,42001,2.3134903374e-12,1.2559601021e-12,9.6024913142e-13,0
2037,35332,42007,3.8543005308e-12,1.8711539905e-12,2.2270035144e-13,0
2037,1339,42002,2.3566220737e-12,2.1031900859e-16,2.1031900859e-17,0
2037,12631,42011,4.8031029154e-12,-1.8801622564e-12,3.3828185396e-13,0
2037,39853,42006,4.3229640647e-12,-2.4460010077e-12,-1.3496890585e-13,0
2037,33196,42009,6.0284391238e-12,4.4467186706e-12,-9.3670509400e-13,0
2037,36733,42010,4.0015568360e-12,-3.1735476038e-12,-3.6944981824e-13,0
2037,20590,42008,6.2667360573e-12,1.3756106861e-12,-6.0092460699e-13,0
2038,26413,42006,5.2317816677e-12,5.1957799852e-12,4.6279453631e-13,0
2038,39853,42006,4.9984170569e-12,4.7284174308e-12,3.3787283724e-13,0
2038,1339,42002,7.1049769543e-12,-2.2032915196e-13,-2.2011883295e-14,0
2038,33196,42009,3.6340331806e-12,8.9500077554e-13,-8.4717124515e-13,0
2038,10918,42001,5.9410312587e-12,1.7418969391e-12,-7.7986892092e-14,0
2038,35332,42007,3.9228255809e-12,2.7803150493e-12,2.3225593539e-14,0
2038,11356,42001,6.4518865425e-12,4.3595243669e-12,1.3897864272e-12,0
2038,36733,42010,3.8252110082e-12,3.5930844375e-12,-4.7550793082e-13,0
2038,12631,42011,5.3274968024e-12,2.7410857591e-12,6.8642589731e-13,0
2038,20590,42008,8.5345734885e-12,-3.2617676966e-12,-5.2207783091e-13,0
2039,35332,42007,5.4545187211e-12,-2.8516146494e-12,-4.3494277869e-13,0
2039,36733,42010,1.6317883289e-12,1.3520888474e-12,1.5459980400e-13,0
2039,33196,42009,5.9570278809e-12,-3.0281073822e-12,-8.7881719517e-13,0
2039,10918,42001,5.3718856131e-12,4.6430991938e-12,3.3584662072e-13,0
2039,11356,42001,4.5445729071e-12,-4.8562244276e-13,1.3283819207e-12,0
2039,20590,42008,5.5832705398e-12,4.6219930506e-12,2.6430023398e-13,0
2039,39853,42006,6.4055516552e-12,-4.8260675006e-12,-1.4473391282e-13,0
2039,26413,42006,3.1247958784e-12,8.6169354544e-13,1.9896821851e-13,0
2039,12631,42011,2.6448298721e-12,1.2333050463e-12,4.5475972288e-13,0
2039,1339,42002,2.4291422267e-12,4.0221139502e-13,1.8209256207e-14,0
2040,20590,42008,8.1107296788e-12,-7.6371808787e-12,-5.6831090852e-13,0
2040,39853,42006,5.4059742844e-12,5.3972678162e-12,3.9499286880e-13,0
2040,1339,42002,2.6573171411e-12,2.4429942319e-12,2.6250867939e-13,0
2040,33196,42009,2.2590930836e-12,-1.6051503876e-13,-1.0193454169e-12,0
2040,10918,42001,6.9384330878e-12,-1.7779531479e-12,2.1411949715e-13,0
2040,11356,42001,3.5058760284e-12,1.7958602912e-12,1.3620079901e-12,0
2040,12631,42011,4.1327873047e-12,4.0331642307e-12,1.1783666022e-12,0
2040,26413,42006,9.2828612641e-13,-2.7163777946e-13,1.2871571485e-13,0
2040,35332,42007,7.8829658827e-12,-3.1628116558e-12,-1.0975418548e-12,0
2040,36733,42010,2.4308077658e-12,2.7013000798e-13,-2.9426195412e-13,0
2041,26413,42006,5.5699344959e-12,-3.2315160411e-13,-4.2936601239e-13,0
2041,35332,42007,6.5267816320e-12,1.8043318994e-12,-4.6109928684e-13,0
2041,10918,42001,7.1946538367e-12,-2.9756182919e-12,-2.7170484871e-14,0
2041,11356,42001,2.4029196488e-12,2.3520801658e-12,1.2041930138e-12,0
2041,36733,42010,2.7990540769e-12,4.3598977581e-13,-3.6450181354e-13,0
2041,39853,42006,4.6801788966e-12,-3.9575429173e-12,-7.6142293644e-16,1
2041,12631,42011,4.2580333785e-12,2.4788665442e-12,1.1178778121e-12,0
2041,33196,42009,3.2634249723e-12,-6.4322653239e-13,-8.2917026715e-13,0
2041,1339,42002,4.7064121460e-12,-4.2286257142e-12,-1.6035389203e-13,0
2041,20590,42008,6.6808129074e-12,3.5896151950e-12,2.2114137639e-13,0
2042,10918,42001,6.0986686789e-12,-3.5475765510e-12,-3.3715684580e-13,0
2042,11356,42001,5.0381028466e-12,3.0019137094e-12,1.6972183590e-12,0
2042,26413,42006,5.6220975301e-12,2.9069969790e-13,3.2616599579e-13,0
2042,1339,42002,3.2640313593e-12,1.1445544530e-12,-4.5898446728e-14,0
2042,35332,42007,2.2020183502e-12,-1.4848186691e-12,-8.5918155348e-13,0
2042,33196,42009,3.0641078431e-12,1.7299999457e-12,-5.2421074555e-13,0
2042,20590,42008,5.5942073825e-12,1.8983202609e-12,3.3479986818e-13,0
2042,12631,42011,3.9867986685e-12,2.4944068884e-12,1.6165328931e-12,0
2042,36733,42010,6.7068030896e-12,5.0367645713e-12,4.0864888417e-13,0
2043,1339,42002,6.0947637070e-12,-3.7827775678e-12,-4.2417620351e-13,0
2043,35332,42007,6.1350706399e-12,5.1143834516e-12,-1.6875839272e-13,0
2043,33196,42009,4.9444721196e-12,4.1815640054e-12,5.2413663245e-13,0
2043,36733,42010,4.3724502177e-12,-3.8229227238e-12,9.7520047619e-14,0
2043,10918,42001,3.4608760495e-12,-7.8579193030e-13,-3.9040224451e-13,0
2043,26413,42006,5.3268457752e-12,-9.8476701394e-14,-1.5382914941e-13,0
2043,11356,42001,7.6281429292e-12,-4.5603877930e-12,1.0647442192e-12,0
2043,20590,42008,3.9726542399e-12,-3.5989947420e-12,2.6579289994e-13,0
2043,12631,42011,5.5748637782e-12,5.2441268095e-12,1.9150996802e-12,0
2044,20590,42008,5.0493050837e-12,4.6224001199e-12,4.2283056579e-13,0
2044,39853,42006,5.3791586788e-12,3.2048064452e-17,3.2048064452e-18,0
2044,26413,42006,5.0143825711e-12,1.8167368324e-12,3.3692641706e-13,0
2044,10918,42001,5.6328142797e-12,4.8081415710e-12,-3.9223438217e-13,0
2044,11356,42001,1.9039573035e-12,7.2933896023e-13,1.1863626412e-12,0
2044,35332,42007,3.9652050550e-12,3.2289350437e-13,2.4582062586e-13,0
2044,33196,42009,4.5732904398e-12,3.2873081963e-12,5.1747927165e-13,0
2044,12631,42011,5.1117657681e-12,-2.1799529760e-12,1.3660959620e-12,0
2044,1339,42002,1.4157579217e-12,2.6667138422e-13,-3.9750906509e-13,0
2044,36733,42010,2.8637281792e-12,-1.4160888544e-12,2.5669696052e-13,0
2045,20590,42008,5.6133554811e-12,-3.0586800477e-12,-2.8396402605e-13,0
2045,35332,42007,4.2494502195e-12,1.9545527077e-12,3.5603372631e-13,0
2045,33196,42009,4.6678013827e-12,-2.2438637497e-12,7.9008300162e-13,0
2045,10918,42001,1.9657568415e-12,-1.4185417443e-12,-4.6579124969e-13,0
2045,36733,42010,8.0488803640e-12,-6.7383235613e-12,-6.6597560824e-13,0
2045,11356,42001,3.1167493456e-12,7.1082721922e-13,1.0787714975e-12,0
2045,26413,42006,6.6605120506e-12,-2.7839687043e-12,3.6486900225e-13,0
2045,12631,42011,6.2523492450e-12,4.0778559987e-12,2.0811820150e-12,0
2045,39853,42006,9.5684075706e-12,-7.6379815285e-12,-7.6379494805e-13,1
2045,1339,42002,2.2085081839e-12,4.5689807882e-13,-3.5181925721e-13,0
2046,33196,42009,9.4571668656e-12,2.7280719519e-12,1.1192950842e-12,0
2046,26413,42006,5.1125498594e-12,-1.8260069670e-12,-4.8860489543e-13,0
2046,20590,42008,4.3243972975e-12,1.1712846106e-12,-2.7739944202e-14,0
2046,35332,42007,5.3290160787e-12,-4.6417740415e-12,1.7066115871e-13,0
2046,10918,42001,4.3803579767e-12,1.3424617339e-12,-4.5231710686e-13,0
2046,11356,42001,6.0954544182e-12,5.5713513928e-12,1.4730845972e-12,0
2046,36733,42010,4.7086195516e-12,1.5852805087e-12,-2.8775445947e-13,0
2046,12631,42011,1.0596408925e-11,-7.2788162863e-12,1.0963879758e-12,0
2046,1339,42002,3.6235209555e-12,2.8097381329e-12,-7.0845443917e-14,0
2047,35332,42007,6.8082140389e-12,-1.8246936501e-13,-3.4701176841e-14,0
2047,1339,42002,4.5065709698e-12,3.6156937258e-12,2.9070289677e-13,0
2047,36733,42010,5.2174961917e-12,4.0144546453e-13,6.9744847369e-14,0
2047,10918,42001,3.2382472371e-12,-9.9468079252e-13,1.0354369800e-13,0
2047,11356,42001,2.5280693760e-12,2.4854914673e-12,1.5960377337e-12,0
2047,26413,42006,6.4880994767e-12,4.2391295564e-12,7.1007978610e-13,0
2047,39853,42006,4.0783072949e-12,-7.4900527687e-17,-7.4900527687e-18,0
2047,12631,42011,4.0583502929e-12,1.9953052636e-12,1.4839347278e-12,0
2047,20590,42008,4.9641865019e-12,1.0533631729e-12,-5.9964695522e-14,0
2047,33196,42009,4.7015728980e-12,4.5267960961e-12,1.1273028268e-12,0
2048,1339,42002,5.1906133203e-12,1.1786040580e-12,4.3059621776e-13,0
2048,26413,42006,4.2931118681e-12,-3.5326770857e-12,-1.6276592099e-13,0
2048,39853,42006,4.9441744322e-12,-2.1692594979e-12,-2.1693343985e-13,0
2048,10918,42001,4.2572545908e-12,1.7360485426e-12,1.0295885835e-13,0
2048,11356,42001,3.8684008975e-12,2.9843351480e-12,1.4585188118e-12,0
2048,33196,42009,1.7160260213e-12,-1.6064304194e-12,8.7715970730e-13,0
2048,12631,42011,3.0582948943e-12,1.4980217349e-13,1.2248063693e-12,0
2048,20590,42008,5.9036724245e-12,-1.0965809170e-12,1.5655398244e-13,0
2048,35332,42007,3.9365476175e-12,7.3247516507e-13,-2.3948516526e-13,0
2048,36733,42010,4.0650011398e-12,1.4030038642e-12,-1.4926320997e-13,0
2049,35332,42007,9.8677472471e-13,5.6099615165e-13,1.0177591484e-13,0
2049,36733,42010,3.6392829466e-12,2.9775578539e-12,1.3283690681e-14,0
2049,26413,42006,8.6617453244e-12,4.3185930327e-12,1.8292402773e-13,0
2049,20590,42008,5.5411012151e-12,-1.3001049976e-12,-4.3565582238e-13,0
2049,33196,42009,5.4239949303e-12,4.5347385016e-12,1.6334442957e-12,0
2049,10918,42001,4.3468607591e-12,-3.4281096756e-13,-3.9563215779e-13,0
2049,11356,42001,3.2286119482e-12,-5.9143793490e-14,1.5011666767e-12,0
2049,39853,42006,5.8403379814e-12,3.3349417003e-12,1.1656073019e-13,0
2049,1339,42002,8.1520886429e-13,6.7539360936e-13,4.5791443919e-13,0
2049,12631,42011,7.8176171756e-12,4.9531195050e-12,1.5967878151e-12,0
2050,39853,42006,1.1804113129e-11,-4.6597276396e-12,-3.4941203377e-13,0
2050,26413,42006,1.8265409823e-12,1.2491291017e-13,2.2257909670e-13,0
2050,10918,42001,5.8629666130e-12,-3.6096592278e-13,-2.5393343528e-13,0
2050,11356,42001,2.1888978243e-12,2.1879067126e-12,1.5403713189e-12,0
2050,1339,42002,3.5449367829e-12,1.4399538775e-12,3.5761040375e-13,0
2050,12631,42011,3.3428049487e-12,-1.0320530039e-12,1.0902660917e-12,0
2050,20590,42008,6.5853080271e-12,1.3912517136e-12,4.6718743685e-13,0
2050,33196,42009,3.7943679036e-12,-3.5988633491e-13,1.6135071661e-12,0
2050,35332,42007,9.2810033815e-12,-7.4318133305e-12,-3.2512425263e-13,0
2050,36733,42010,1.5078470001e-12,-9.2910944973e-13,-1.0664025509e-13,0
2051,1339,42002,2.5041112839e-12,-1.6407617154e-12,6.1639680364e-13,0
2051,26413,42006,9.1350294369e-12,9.8285048606e-13,3.5317930571e-13,0
2051,10918,42001,3.0633053514e-12,-7.8068072652e-13,-3.4439678737e-14,0
2051,11356,42001,5.5944654587e-12,-2.6829459817e-12,1.0368687041e-12,0
2051,39853,42006,2.6855795770e-12,-1.0279262360e-12,-4.5220465737e-13,0
2051,33196,42009,5.8070384642e-12,8.3388209184e-14,1.6861686402e-12,0
2051,12631,42011,4.7281828271e-12,4.5849186299e-12,1.3008713002e-12,0
2051,20590,42008,1.0075950470e-11,-6.4949901742e-12,-5.4127310007e-13,0
2051,35332,42007,5.2354195856e-12,3.2163379365e-12,-1.8392364892e-13,0
2051,36733,42010,6.5999350019e-12,-4.3941175900e-12,-5.8965099167e-13,0
2052,35332,42007,1.0914252000e-11,-9.1917430764e-12,-9.5461608965e-13,0
2052,33196,42009,3.6501212979e-12,-2.3828752408e-12,1.2748811216e-12,0
2052,36733,42010,6.1487081837e-12,4.1811953317e-12,-6.7520791564e-13,0
2052,26413,42006,6.3009332584e-12,-2.9469486177e-12,2.9414474156e-14,0
2052,10918,42001,5.3419278394e-12,2.8704418855e-12,6.0736216491e-13,0
2052,11356,42001,6.8650451384e-12,4.1638781306e-12,1.1530651463e-12,0
2052,20590,42008,8.9167771693e-12,6.4342934891e-12,-8.7675777241e-14,0
2052,12631,42011,6.3407594962e-12,5.5868140710e-12,1.6101120185e-12,0
2052,39853,42006,1.0712508719e-11,2.2557108532e-12,-2.2663357205e-13,0
2052,1339,42002,4.5423371504e-12,2.0582583138e-12,7.0776718971e-13,0
2053,26413,42006,6.5286388514e-12,-2.7578419279e-12,-2.3652204849e-13,0
2053,39853,42006,6.9019033258e-12,-4.9483743349e-12,-7.2147100554e-13,0
2053,10918,42001,4.2427235434e-12,-2.2664801604e-12,4.5929334190e-13,0
2053,11356,42001,2.6613593728e-12,-7.5823391973e-13,1.5332805336e-12,0
2053,35332,42007,7.8672915791e-12,2.2244044562e-12,-1.2436139892e-12,0
2053,33196,42009,2.2553942169e-12,-1.3691144380e-12,7.1981327722e-13,0
2053,1339,42002,6.9685544500e-12,-1.4361262613e-12,9.4243232037e-13,0
2053,12631,42011,5.6327668965e-12,3.8152096419e-12,1.4672203017e-12,0
2053,20590,42008,1.2353131830e-12,-6.0892531359e-13,2.1133116560e-13,0
2053,36733,42010,6.2102155227e-12,-9.9225111960e-14,-3.0283815446e-13,0
2054,35332,42007,3.7252487465e-12,-1.9398112781e-12,-1.4698844674e-12,0
2054,10918,42001,3.7220410653e-12,2.8021071276e-13,6.5002560770e-15,0
2054,36733,42010,5.4312113380e-12,7.1654893810e-13,-8.9574375203e-14,0
2054,1339,42002,5.6642046189e-12,-3.0186906634e-13,8.8557827531e-13,0
2054,20590,42008,3.4364466815e-12,-4.5219376091e-13,-2.9612822247e-13,0
2054,39853,42006,5.9232278198e-12,2.8983481492e-12,-4.3163619061e-13,0
2054,26413,42006,9.5577467847e-12,3.4965553473e-12,-6.8540197001e-14,0
2054,11356,42001,1.1390553717e-12,-3.7600758693e-13,1.4227458789e-12,0
2054,33196,42009,3.3465999154e-12,-2.9673653647e-12,9.4345921116e-14,0
2054,12631,42011,5.2830572040e-12,3.7296292621e-12,2.0581785256e-12,0
2055,35332,42007,6.8518214774e-12,9.4596282110e-13,-1.5707434561e-12,0
2055,36733,42010,6.6405448635e-12,6.2074016311e-12,1.2049981440e-12,0
2055,26413,42006,8.1952167087e-12,1.3310139182e-13,2.2316681261e-13,0
2055,33196,42009,3.6778267093e-12,-1.7904716788e-12,1.3968512821e-13,0
2055,1339,42002,6.8920903228e-12,4.3338399574e-13,8.8322686700e-13,0
2055,10918,42001,6.3506536160e-12,-1.2784360765e-13,1.3557006974e-13,0
2055,11356,42001,4.5230243344e-12,-1.6122907646e-12,1.1904340805e-12,0
2055,39853,42006,1.0333625356e-11,-1.0114140444e-11,-1.4430502350e-12,0
2055,12631,42011,6.0767759431e-12,4.6499544264e-12,2.1153883683e-12,0
2055,20590,42008,3.3672334585e-12,2.6529543566e-12,2.7503521796e-13,0
2056,10918,42001,8.2289110014e-12,4.8229719650e-12,4.8362109284e-13,0
2056,39853,42006,9.4120105794e-12,8.6357615952e-13,-1.3566926191e-12,0
2056,11356,42001,5.3171932266e-12,3.9833189801e-12,1.0316308392e-12,0
2056,12631,42011,3.1248453653e-12,-1.3924031682e-12,2.7040296801e-12,0
2056,20590,42008,3.1830379220e-12,1.5352737199e-12,3.1143412888e-13,0
2056,26413,42006,6.9777060920e-12,1.8563853480e-12,5.9140604412e-13,0
2056,1339,42002,1.6825883785e-12,-1.6448494799e-12,4.3776810573e-13,0
2056,35332,42007,3.4364670646e-12,1.1135889930e-12,-9.9520715265e-13,0
2056,33196,42009,7.4360201566e-12,-5.8673111611e-12,-7.1985318310e-13,0
2056,36733,42010,6.6502584213e-12,2.8528415500e-12,1.3317542482e-12,0
2057,1339,42002,9.2306658052e-12,8.8455478278e-12,9.6075351593e-13,0
2057,35332,42007,4.6453098821e-12,2.3037466832e-12,-7.4658554783e-13,0
2057,26413,42006,8.6822255146e-12,-3.2356656993e-12,-1.5607348144e-13,0
2057,36733,42010,6.7215463788e-12,-6.3137001372e-12,6.6023968800e-13,0
2057,20590,42008,3.4091911026e-12,-1.3267023259e-12,7.3427579006e-14,0
2057,10918,42001,7.8611811976e-12,-7.8045448273e-13,5.0504372382e-13,0
2057,39853,42006,3.7270912303e-12,-6.7843524963e-13,-1.4245286540e-12,0
2057,11356,42001,2.9336389305e-12,1.1140147954e-12,8.9448317202e-13,0
2057,33196,42009,3.6995789601e-12,-3.1863303505e-12,-1.4911658278e-12,0
2057,12631,42011,3.4193722616e-12,3.3714714067e-12,2.8416462944e-12,0
2058,1339,42002,3.8220520469e-12,-6.3365637112e-13,7.7952747302e-13,0
2058,39853,42006,6.0070572598e-12,4.9792373979e-12,-7.0967896441e-13,0
2058,33196,42009,7.5331071962e-12,-7.3568754597e-12,-2.0662103318e-12,0
2058,10918,42001,6.1971923599e-12,2.7633262022e-12,6.0777148978e-13,0
2058,11356,42001,3.0331808279e-12,1.7987135514e-12,7.7592101236e-13,0
2058,26413,42006,8.2469660322e-12,-5.6816448863e-12,-3.7097026151e-13,0
2058,12631,42011,4.1542227134e-12,3.7457412564e-12,3.2012402027e-12,0
2058,35332,42007,6.0897240129e-12,-2.4516377501e-12,-1.0649968393e-12,0
2058,20590,42008,3.5564416243e-12,7.8648687533e-13,2.6173435824e-13,0
2058,36733,42010,7.7877228430e-12,6.8849159701e-12,1.2084308986e-12,0
2059,26413,42006,6.0173015467e-12,-2.3229047111e-12,-1.0351200359e-12,0
2059,20590,42008,6.5289466300e-12,-2.6296959071e-12,1.2877526729e-13,0
2059,35332,42007,6.2728605831e-12,-1.0910064410e-12,-1.2301970986e-12,0
2059,10918,42001,4.9970970208e-12,-3.0992667639e-12,3.3212591014e-13,0
2059,39853,42006,3.8745001251e-12,7.7629397408e-13,-9.6554373703e-13,0
2059,11356,42001,7.1360852842e-12,4.9434724340e-12,1.2761826351e-12,0
2059,36733,42010,6.0783867540e-12,-1.4736988298e-12,7.6330523023e-13,0
2059,1339,42002,4.5197243906e-12,-1.5650967045e-12,5.5547844163e-13,0
2059,12631,42011,5.6598425774e-12,2.2654176863e-12,2.9324700209e-12,0
2059,33196,42009,4.8686111411e-12,-5.2186205283e-13,-2.5718703872e-12,0
2060,33196,42009,4.3410187340e-12,-2.6750594294e-12,-2.8033876967e-12,0
2060,1339,42002,7.3375930884e-12,7.2860173114e-12,1.1400847850e-12,0
2060,39853,42006,4.5864949413e-12,2.4029638969e-12,-2.5927458338e-13,0
2060,35332,42007,3.1710221245e-12,-2.7594274492e-12,-7.6295851048e-13,0
2060,10918,42001,6.2870515762e-13,-1.7897402845e-13,3.5032509958e-13,0
2060,11356,42001,4.4472187398e-12,6.9695327779e-13,1.1270872916e-12,0
2060,36733,42010,3.9148068924e-12,-8.9804190364e-13,7.6641198484e-13,0
2060,12631,42011,8.2565863199e-12,7.0179011166e-12,3.7374654329e-12,0
2060,26413,42006,8.6963259821e-12,-3.3816903907e-12,-1.3857803660e-12,0
2060,20590,42008,5.6525383271e-12,2.5027858810e-12,2.3992868403e-13,0
2061,20590,42008,2.2961917972e-12,8.2226340312e-13,9.7165404176e-13,0
2061,10918,42001,5.7381508808e-12,5.7369864917e-12,1.0020918214e-12,0
2061,35332,42007,1.1456104307e-11,-5.4531215283e-12,-1.6299044570e-12,0
2061,11356,42001,8.2830459571e-12,3.7943039613e-12,1.7748122859e-12,0
2061,36733,42010,1.8385514822e-12,4.9523282614e-13,1.2553470265e-12,0
2061,12631,42011,5.5700548142e-12,8.0768615009e-13,3.3597421849e-12,0
2061,39853,42006,6.5374795111e-12,1.9523120618e-12,3.8749246403e-14,0
2061,26413,42006,4.6779872731e-12,-4.4737997366e-12,-1.9314453882e-12,0
2061,1339,42002,3.7631260293e-12,5.8943146532e-13,1.3631041031e-12,0
2061,33196,42009,3.6278768982e-12,-8.7328682227e-13,-2.8990551998e-12,0
2062,20590,42008,4.6842437881e-12,-3.1935037769e-12,8.8743151574e-15,0
2062,39853,42006,9.6458392862e-12,3.7263054610e-12,1.8580870718e-13,0
2062,26413,42006,7.5362173649e-12,-1.9047821251e-13,-1.6557983477e-12,0
2062,1339,42002,1.9566004879e-12,1.4420272575e-12,1.3014809975e-12,0
2062,10918,42001,8.2453786800e-12,-8.0013379180e-12,-8.5086158957e-14,1
2062,35332,42007,9.2189188789e-12,-2.4654085391e-12,-9.5727100324e-13,0
2062,11356,42001,3.0008558668e-12,-5.6240197884e-13,1.3021842750e-12,0
2062,36733,42010,5.9247890569e-12,3.9309495295e-12,1.2303224462e-12,0
2062,12631,42011,4.6835277325e-12,2.4890172291e-12,3.0499625007e-12,0
2062,33196,42009,2.2480605208e-12,-1.8573398305e-12,-2.8465016588e-12,0
2063,20590,42008,8.6696606670e-12,-3.5260006918e-12,-2.8283322266e-13,0
2063,11356,42001,4.8525526378e-12,4.4096069582e-12,1.8189683628e-12,0
2063,12631,42011,7.2801382817e-12,-1.8016720556e-12,2.4882743310e-12,0
2063,26413,42006,9.2218092084e-12,1.5531353152e-12,-1.2247006234e-12,0
2063,1339,42002,7.2212874789e-12,-3.7890528490e-12,1.0661883387e-12,0
2063,39853,42006,5.4254356699e-12,-3.3116682442e-12,3.4947931624e-13,0
2063,35332,42007,2.8935136947e-12,-2.0888704644e-12,-1.3885984953e-12,0
2063,33196,42009,2.9723292045e-12,-4.2057150660e-13,-2.7516473656e-12,0
2063,36733,42010,4.4185618549e-12,3.9221677539e-12,1.6324617328e-12,0
2064,39853,42006,5.3495871309e-12,4.0957584646e-12,4.6922034778e-13,0
2064,26413,42006,4.0455157837e-12,2.3696818340e-13,-1.5506593398e-12,0
2064,10918,42001,2.8913364470e-12,-1.0953011967e-16,-1.0953011967e-17,0
2064,1339,42002,6.9457616786e-12,6.2425904961e-13,1.1588011503e-12,0
2064,11356,42001,1.7162789435e-12,9.0833906511e-13,1.9474030280e-12,0
2064,33196,42009,6.1730962458e-12,3.2757170871e-13,-2.4221536583e-12,0
2064,12631,42011,5.1363199317e-12,3.6433723069e-12,2.4796486355e-12,0
2064,20590,42008,4.3512503389e-12,2.7442383159e-12,3.6809985024e-14,0
2064,35332,42007,6.1618852816e-12,4.1156230659e-12,-7.8305506089e-13,0
2064,36733,42010,8.4091958557e-12,-3.8342473391e-12,1.1773821051e-12,0
2065,33196,42009,2.6549921205e-12,1.1585129533e-12,-2.1272551951e-12,0
2065,26413,42006,6.5562420414e-12,6.8530456614e-13,-1.4954390224e-12,0
2065,20590,42008,4.4207479340e-12,-3.8704954544e-12,-6.1553499607e-13,0
2065,35332,42007,8.2063135976e-12,-6.7391806997e-12,-1.5515694130e-12,0
2065,36733,42010,5.7529404330e-12,-1.8771743563e-12,3.6892450636e-13,0
2065,10918,42001,4.1089569800e-12,2.7929117412e-12,2.7928022111e-13,0
2065,39853,42006,6.0390996141e-12,-5.9166395916e-12,8.8897043303e-13,0
2065,11356,42001,2.8878146179e-12,1.2249774079e-12,2.2311298452e-12,0
2065,12631,42011,6.1825977499e-12,3.4642572821e-12,2.3610789210e-12,0
2065,1339,42002,5.2563857043e-12,-4.4930760892e-12,6.6615514180e-13,0
2066,26413,42006,1.9563311401e-12,-1.4921660777e-12,-1.8302941649e-12,0
2066,35332,42007,4.3936892823e-12,-2.4195460927e-12,-1.9048829215e-12,0
2066,1339,42002,2.4699752069e-12,2.0410465076e-12,1.0347447405e-12,0
2066,10918,42001,4.9977825002e-12,-4.0562067456e-12,-1.2634045345e-13,0
2066,39853,42006,1.3593830104e-12,5.2012326404e-13,8.5462514348e-13,0
2066,11356,42001,7.0861947775e-12,2.4359382443e-12,2.0763917716e-12,0
2066,36733,42010,1.5824627846e-12,-1.3504593556e-12,-5.1405584202e-14,0
2066,12631,42011,5.3105808163e-12,-5.4914545069e-13,2.4454046928e-12,0
2066,33196,42009,4.4930187816e-12,-7.6120807491e-13,-1.6166448865e-12,0
2066,20590,42008,2.8784974523e-12,-2.2329163185e-12,-9.9235399991e-13,0
2067,33196,42009,1.2327468243e-11,-5.2441339791e-12,-1.8224252493e-12,1
2067,10918,42001,4.6692335643e-12,-4.1554743029e-12,-5.4188788374e-13,0
2067,11356,42001,4.8092762918e-12,4.7259044811e-12,2.4375807402e-12,0
2067,1339,42002,2.6606944519e-12,1.7912660876e-12,3.2931656652e-13,0
2067,39853,42006,5.1614073931e-12,-5.3269320707e-13,8.6919934774e-13,0
2067,26413,42006,4.9852617001e-12,4.6733338432e-13,-1.4599942566e-12,0
2067,20590,42008,6.4364162075e-12,4.1161341592e-13,-8.1852242573e-13,0
2067,12631,42011,8.6335586614e-12,8.1086975549e-12,2.9191273076e-12,0
2067,35332,42007,2.9616669444e-12,-1.1990688815e-12,-2.2551644780e-12,0
2067,36733,42010,2.8035490552e-12,-2.6847122532e-12,3.1149320419e-13,0
2068,35332,42007,2.3587642464e-12,5.7001715207e-13,-1.9529989878e-12,0
2068,26413,42006,3.3489590289e-12,-1.6794230592e-12,-1.0597720739e-12,0
2068,36733,42010,5.9666804826e-12,1.3938348249e-12,-2.3761491032e-13,0
2068,1339,42002,6.0521586698e-12,4.0912374957e-13,4.3359457859e-13,0
2068,39853,42006,6.0799931360e-12,-3.7750837474e-12,-6.2327667900e-15,0
2068,10918,42001,5.2230628871e-12,-4.3525817307e-12,-9.7714605681e-13,0
2068,11356,42001,3.0017911518e-12,-4.5206701907e-14,2.2531887149e-12,0
2068,12631,42011,5.9390648005e-12,-4.1753195574e-12,2.1270212262e-12,0
2068,20590,42008,7.2707145954e-12,-2.3421284956e-12,-1.1313839628e-12,0
2069,35332,42007,2.1044346173e-12,1.0413546781e-12,-1.7397628759e-12,0
2069,36733,42010,4.4505380661e-12,2.7691485225e-12,1.8666982491e-13,0
2069,10918,42001,7.2173182652e-12,-1.9708120699e-12,-1.1742272638e-12,0
2069,39853,42006,6.4057159169e-12,4.2938250365e-12,3.4552033945e-13,0
2069,11356,42001,2.9938010239e-12,2.8521667589e-12,2.0440581474e-12,0
2069,26413,42006,6.6755195217e-12,3.8187497490e-12,-4.4560662786e-13,0
2069,12631,42011,2.9384861285e-12,2.0990186405e-12,2.1103813217e-12,0
2069,1339,42002,6.6632850507e-12,4.8037240704e-12,1.0704766561e-12,0
2069,20590,42008,4.8541520725e-12,8.6586533374e-13,-7.8182783875e-13,0
2070,35332,42007,4.6711538605e-12,-1.4033329286e-12,-1.6041534238e-12,0
2070,26413,42006,5.8206520670e-12,-4.9565343263e-12,-6.0309102142e-13,0
2070,36733,42010,6.1238394480e-12,-1.4214976124e-13,2.6225903915e-13,0
2070,10918,42001,6.0591364408e-12,2.0965811091e-12,-9.6456915289e-13,0
2070,11356,42001,6.5265804110e-12,5.3454681049e-12,2.5089096301e-12,0
2070,1339,42002,7.6365807179e-12,6.0408865205e-12,9.4596357699e-13,0
2070,12631,42011,7.2350574987e-12,2.2990327253e-12,1.6384944825e-12,0
2070,39853,42006,8.9943176533e-12,-5.6914264159e-12,-4.6391869183e-13,0
2070,20590,42008,3.8094730268e-12,-3.6297762174e-12,-1.3950840486e-12,0
2071,35332,42007,3.4165906263e-12,-1.6171244680e-12,-1.2205537178e-12,0
2071,39853,42006,4.6664301841e-12,2.9331457176e-12,-3.6583532625e-13,0
2071,10918,42001,5.5949164736e-12,-4.8866370910e-12,-1.4532328620e-12,0
2071,36733,42010,4.2063591826e-12,4.5353236776e-13,2.5808899331e-13,0
2071,11356,42001,3.4006326180e-12,-1.5340405423e-12,1.9760751797e-12,0
2071,20590,42008,4.6673758944e-12,-2.2702123958e-12,-1.7043316285e-12,0
2071,12631,42011,6.8196073309e-12,3.8784359732e-12,1.9455694648e-12,0
2071,1339,42002,3.5774654364e-12,-3.4667930969e-12,5.4034112077e-13,0
2071,26413,42006,5.0544540932e-12,1.4539200901e-12,-1.0319038752e-14,0
2072,10918,42001,1.6956388544e-12,1.2222096773e-13,-1.4410107652e-12,0
2072,11356,42001,6.0655758851e-12,2.8434765478e-12,2.3166630324e-12,0
2072,12631,42011,8.3290773245e-12,2.5724478387e-12,1.9539125258e-12,0
2072,26413,42006,4.5793189236e-12,-3.8738464914e-12,-3.7865586664e-13,0
2072,39853,42006,2.9467158630e-12,-6.3193290110e-13,-8.0165916246e-13,0
2072,20590,42008,4.5301651226e-12,-2.2088001327e-12,-1.6058612641e-12,0
2072,1339,42002,5.2236251693e-12,4.0843430279e-12,8.0457269781e-13,0
2072,35332,42007,5.9628682286e-12,-7.5887569772e-13,-1.0499004336e-12,0
2072,36733,42010,3.1524270872e-12,-2.2701498692e-12,-3.6202094656e-13,0
2073,10918,42001,6.0482892840e-13,-3.0885085121e-14,-1.4440992737e-12,0
2073,11356,42001,6.2148466616e-12,6.1976299078e-12,2.4954653274e-12,0
2073,35332,42007,9.8158522171e-12,-8.3073040308e-12,-1.6717437903e-12,0
2073,39853,42006,7.9558092720e-12,-8.9246549920e-13,-5.5973888795e-13,0
2073,1339,42002,3.8841094181e-12,-1.8320742438e-12,1.0002705583e-12,0
2073,12631,42011,4.0184236725e-12,2.2508915699e-12,2.3591688883e-12,0
2073,36733,42010,1.4952645949e-12,-4.6969687621e-13,-8.0120740957e-13,0
2073,26413,42006,6.2396756103e-12,1.1111618762e-12,-4.2285321055e-13,0
2073,20590,42008,4.6773427811e-12,-2.7514872226e-12,-1.5284099171e-12,0
2074,10918,42001,3.6518655578e-12,2.3860154688e-12,-1.2054867738e-12,0
2074,11356,42001,6.6679189146e-12,1.0586664828e-12,2.5104980691e-12,0
2074,12631,42011,7.9271450395e-12,7.4387718769e-12,2.7387088454e-12,0
2074,26413,42006,1.2213829877e-11,-7.1330370346e-12,-1.1598537323e-12,1
2074,20590,42008,4.2329425908e-12,-1.9617792844e-12,-1.9990116772e-12,0
2074,39853,42006,7.9874772899e-12,-1.4445166376e-12,-1.1137663982e-12,0
2074,1339,42002,6.8730962450e-12,5.9109360638e-12,1.5289382597e-12,0
2074,35332,42007,6.4672278103e-12,-2.0933537866e-12,-2.2926414755e-12,0
2074,36733,42010,3.8059554213e-12,2.3809108741e-12,-1.7969158825e-13,0
2075,35332,42007,1.2827474611e-11,-1.2518392282e-11,-2.8705626338e-12,1
2075,1339,42002,2.8574919497e-12,-6.7724707313e-13,1.9105211614e-12,0
2075,39853,42006,7.8188036768e-12,5.6454268174e-12,4.2440242731e-14,0
2075,36733,42010,4.0904970831e-12,2.9212176374e-12,3.0014761112e-13,0
2075,10918,42001,5.1491141406e-12,-4.5614081355e-12,-1.9409187615e-12,0
2075,11356,42001,3.7354009616e-12,-2.5237367834e-12,2.1356266500e-12,0
2075,20590,42008,2.5744543819e-12,-1.1751345436e-12,-1.7294755861e-12,0
2075,12631,42011,4.0184879517e-12,7.4755861515e-13,2.4670389787e-12,0
2076,1339,42002,6.7323329113e-12,4.5423201498e-12,2.1606485256e-12,0
2076,39853,42006,3.9117704173e-12,-3.5887379922e-13,-4.5459463595e-14,0
2076,20590,42008,5.5480926373e-12,-2.4682163488e-13,-1.5308661177e-12,0
2076,10918,42001,6.7903417461e-12,6.5749190275e-12,-8.7780618420e-13,0
2076,11356,42001,6.4384233069e-12,6.0033538835e-12,2.4923682139e-12,0
2076,36733,42010,1.8724035059e-12,-6.7639544960e-13,3.6755400172e-13,0
2076,12631,42011,3.7290655619e-12,-2.9808733864e-12,2.2238661851e-12,0
2077,10918,42001,2.8438672992e-12,-2.3337888594e-12,-6.9563763985e-13,0
2077,1339,42002,3.5494317203e-12,2.6264177892e-12,2.2441636957e-12,0
2077,11356,42001,1.7830276818e-12,-5.1367629740e-13,1.9684101361e-12,0
2077,39853,42006,4.6936264951e-12,4.9395134114e-13,5.7204991226e-14,0
2077,12631,42011,5.2254606178e-12,4.5641894086e-12,1.8694153705e-12,0
2077,36733,42010,4.4086805364e-12,4.1215631071e-12,1.0481815378e-12,0
2077,20590,42008,9.1997095997e-12,1.8680337687e-12,-1.3852240824e-12,0
2078,10918,42001,5.3635410316e-12,4.7374083201e-12,2.1336136522e-13,0
2078,11356,42001,3.8727925350e-12,3.1041324953e-12,2.2833440558e-12,0
2078,12631,42011,5.6897614769e-12,3.9951454671e-12,2.6864618729e-12,0
2078,39853,42006,7.8668383624e-12,-6.8975700712e-12,-2.5504364115e-13,0
2078,36733,42010,3.9135672291e-12,2.4540607798e-12,1.1542041332e-12,0
2078,20590,42008,7.2605003912e-12,1.3134037729e-12,-1.0196708556e-12,0
2078,1339,42002,4.0863118610e-12,-9.1871198226e-13,2.1113801226e-12,0
2079,39853,42006,4.2689689472e-12,1.6061337383e-12,-5.2381277097e-13,0
2079,1339,42002,3.3506378629e-12,2.7636996974e-12,1.9073776853e-12,0
2079,10918,42001,3.6519414035e-12,-9.8839082020e-13,3.1160349019e-13,0
2079,20590,42008,3.7093247178e-12,-1.0874451416e-13,-1.1171318404e-12,0
2079,36733,42010,4.4938636971e-12,-2.6724503384e-12,6.1004424716e-13,0
2079,11356,42001,2.2772035781e-12,-4.3260411532e-13,1.9548669684e-12,0
2079,12631,42011,5.1829124283e-12,-2.2885652259e-12,2.2477034863e-12,0
2080,36733,42010,5.7732813925e-12,4.3814277520e-12,1.0624019985e-12,0
2080,10918,42001,5.8977788281e-12,5.5203770945e-12,6.5398308873e-13,0
2080,20590,42008,4.1332126126e-12,2.8806035345e-12,-4.6609386519e-13,0
2080,39853,42006,8.1269987954e-12,-7.4957939390e-12,-7.0424952329e-13,0
2080,11356,42001,2.8470406553e-12,-2.3203452536e-13,1.3971167053e-12,0
2080,1339,42002,3.2685026481e-12,-8.7541799755e-13,1.2157472334e-12,0
2080,12631,42011,3.0917386524e-12,4.6790029775e-15,2.0182681140e-12,0
2081,20590,42008,3.5409291979e-12,8.1798602383e-14,-2.3089276537e-13,0
2081,39853,42006,3.3193333363e-12,2.9944544155e-12,-6.9811865350e-13,0
2081,1339,42002,3.0330411299e-12,1.7668686291e-12,1.7391134060e-12,0
2081,10918,42001,3.4560986893e-12,1.5612433453e-12,1.2987711324e-12,0
2081,11356,42001,2.8866679090e-12,-1.9805001829e-12,1.3524707413e-12,0
2081,12631,42011,5.1966598667e-12,4.5754607394e-12,2.0879705906e-12,0
2081,36733,42010,7.0140041787e-12,-5.0589179033e-12,5.1115697137e-13,0
2082,20590,42008,9.0166584570e-12,-3.8931285318e-12,-3.9932560529e-13,0
2082,10918,42001,5.0810351846e-12,8.3656734108e-13,1.3702057697e-12,0
2082,11356,42001,4.2361324693e-12,-3.4067770258e-12,7.2744538393e-13,0
2082,12631,42011,5.4826632450e-12,-1.4283695422e-12,1.6878888526e-12,0
2082,39853,42006,2.5072127744e-12,-1.7459659877e-12,-8.0952196215e-13,0
2082,36733,42010,9.3874696975e-12,7.9899988404e-12,1.5371718423e-12,0
2082,1339,42002,2.8422887878e-12,-7.5268530064e-13,1.2554105732e-12,0
2083,1339,42002,5.1962410966e-12,3.9159560155e-12,1.8302135991e-12,0
2083,39853,42006,5.5318147824e-12,2.3685666303e-12,-4.8341874920e-13,0
2083,10918,42001,8.4182483792e-12,7.3387623349e-12,2.1071705117e-12,0
2083,11356,42001,4.9036389719e-12,-6.2868213425e-13,4.4814179727e-14,0
2083,12631,42011,8.7558341814e-12,5.7528709154e-12,2.0380867871e-12,0
2083,20590,42008,4.1958741236e-12,-7.6763696324e-13,-2.0094057935e-13,0
2083,36733,42010,2.7372401885e-12,2.6088415691e-12,1.8450256869e-12,0
2084,10918,42001,6.8203419042e-12,5.9500388077e-12,2.4635728456e-12,0
2084,11356,42001,4.9997527176e-12,2.8882744883e-12,2.2777498027e-13,0
2084,20590,42008,9.4319694372e-12,6.5063983036e-12,6.4587717945e-13,0
2084,39853,42006,6.0712562384e-12,-2.5456405545e-12,-5.9353114089e-13,0
2084,12631,42011,3.3707077395e-12,-1.6958917076e-12,1.1246204287e-12,0
2084,1339,42002,5.5812455615e-12,3.8994535530e-12,1.6290653480e-12,0
2084,36733,42010,3.6193601364e-12,3.1010033658e-12,1.9170349360e-12,0
2085,1339,42002,2.7147007200e-13,-9.4267283218e-14,1.6873633270e-12,0
2085,39853,42006,5.1998933672e-12,-4.5539822339e-12,-1.6134720460e-12,0
2085,10918,42001,1.9259374880e-12,5.5396828997e-13,2.9751104881e-12,0
2085,11356,42001,1.3548651478e-12,6.8566195340e-13,5.4871485396e-13,0
2085,12631,42011,4.9575324198e-12,-2.2049709609e-13,1.0278148575e-12,0
2085,20590,42008,3.4028555709e-12,-9.0873241030e-13,6.7251739278e-13,0
2085,36733,42010,6.2349726130e-12,-2.5225538628e-13,1.5996876337e-12,0
2086,20590,42008,6.3658957971e-12,-6.5433470743e-13,6.3176608552e-13,0
2086,10918,42001,4.7038615186e-12,4.4073455202e-12,2.7583531374e-12,0
2086,36733,42010,6.6971171914e-12,2.7657198678e-12,1.9438991654e-12,0
2086,11356,42001,1.2971218270e-12,3.7193773984e-13,-1.4426760410e-14,0
2086,39853,42006,5.1996025455e-12,3.3045601622e-12,-1.2471286499e-12,0
2086,12631,42011,4.4623931551e-12,3.9634070183e-12,1.7222428980e-12,0
2086,1339,42002,4.6821314081e-12,4.3685567149e-12,1.6699869835e-12,0
2087,39853,42006,3.2457973207e-12,1.6524699443e-12,-1.1312767896e-12,0
2087,1339,42002,3.7002317288e-12,-1.7813328834e-12,1.2292119163e-12,0
2087,20590,42008,4.8433489943e-12,-1.1343898887e-12,3.3152371978e-13,0
2087,10918,42001,1.8596752755e-12,1.4819934348e-12,3.1399313668e-12,0
2087,11356,42001,1.0725459232e-12,9.1911048788e-13,1.2885191812e-13,0
2087,36733,42010,4.4689758600e-12,4.6305387604e-13,1.5780482423e-12,0
2087,12631,42011,3.7020826450e-12,-2.3512737937e-13,1.2423112192e-12,0
2088,39853,42006,6.2383711681e-12,-5.7036632097e-12,-1.0118861034e-12,0
2088,10918,42001,4.6830384543e-12,8.4182036461e-13,2.7503725713e-12,0
2088,11356,42001,1.5103864719e-12,1.3726294304e-12,-4.4298388373e-14,0
2088,36733,42010,5.1571987066e-12,3.0146742014e-12,1.6341095845e-12,0
2088,12631,42011,4.2837017188e-12,-1.8254001879e-12,6.6025665371e-13,0
2088,1339,42002,3.4241791759e-12,-1.9167925450e-12,1.1294038600e-12,0
2088,20590,42008,3.9047310075e-12,2.2758771866e-12,4.2777106115e-13,0
2089,1339,42002,6.4541293435e-12,5.5510144236e-12,1.4081353326e-12,0
2089,20590,42008,5.8696394204e-12,1.2128421201e-12,5.5992972458e-13,0
2089,26413,42006,4.2101070052e-12,-1.2577386921e-16,-1.2577386921e-17,0
2089,10918,42001,4.3947790679e-13,8.1845035046e-14,2.8573961568e-12,0
2089,39853,42006,3.1753013731e-12,-1.6520626344e-12,-1.3377057407e-12,0
2089,11356,42001,5.6290423863e-12,4.8778900777e-12,4.8675103093e-13,0
2089,36733,42010,2.9445099211e-12,-2.2821684208e-12,1.6731377762e-12,0
2089,12631,42011,6.1757387949e-12,-3.2828957031e-12,5.6082360598e-13,0
2090,26413,42006,6.4433918594e-12,2.5916810286e-12,2.5915552547e-13,0
2090,39853,42006,2.0075251793e-12,-8.9915953390e-13,-6.7804230017e-13,0
2090,1339,42002,4.8901543474e-12,-3.0693387746e-13,1.4649837446e-12,0
2090,10918,42001,5.1111113528e-12,-7.9261973026e-13,2.2260964743e-12,0
2090,36733,42010,9.8944710362e-12,9.8283832872e-12,2.2178333297e-12,0
2090,11356,42001,1.2274437862e-12,-7.2843180576e-14,5.0267016541e-13,0
2090,12631,42011,3.5104776959e-12,-5.1227539494e-13,5.0912816619e-13,0
2090,20590,42008,4.5449471870e-12,-2.0841224798e-12,6.3457123146e-14,0
2091,10918,42001,4.7180540267e-12,1.7462077393e-12,2.2445929137e-12,0
2091,11356,42001,8.4492196260e-12,6.8318762872e-12,1.3839078124e-12,0
2091,1339,42002,5.7714851799e-12,-7.2345143621e-13,1.2159517381e-12,0
2091,12631,42011,6.4929406525e-12,5.0231894960e-12,5.5390104186e-13,0
2091,20590,42008,4.9537968612e-12,-2.0127124660e-12,-1.4599398370e-13,0
2091,26413,42006,7.9932934205e-12,-7.5528839857e-12,-4.9613287309e-13,1
2091,39853,42006,7.6354552598e-12,-6.2036039221e-12,-1.5978481339e-12,0
2091,36733,42010,4.4127811144e-12,-2.4061199106e-12,2.4831131290e-12,0
2092,36733,42010,4.4639066857e-12,-3.5558042037e-12,1.3285328246e-12,0
2092,10918,42001,5.1952064153e-12,-1.2909096825e-12,2.0318452114e-12,0
2092,11356,42001,7.8425139700e-12,2.4390881506e-12,1.9684943300e-12,0
2092,12631,42011,3.1630240928e-12,8.9262839883e-14,7.0566428006e-13,0
2092,39853,42006,4.6190394242e-12,2.7382666418e-12,-1.1494248710e-12,0
2092,1339,42002,6.1630629282e-12,4.1268571053e-12,1.7039059787e-12,0
2092,20590,42008,4.7960032524e-12,4.3187180549e-12,6.7519067497e-13,0
2093,39853,42006,7.3298431099e-12,-3.4059460174e-12,-1.7268761358e-12,0
2093,1339,42002,2.1207665034e-12,-5.8466078814e-13,1.2538442983e-12,0
2093,10918,42001,7.7517641677e-12,6.6273541375e-12,1.9607043917e-12,0
2093,11356,42001,3.8760935960e-12,3.4489617198e-12,2.3762587155e-12,0
2093,12631,42011,2.1464143986e-12,-1.0774978989e-12,2.2627398626e-14,0
2093,20590,42008,5.3731760053e-12,2.7888707943e-12,1.0308414507e-12,0
2093,36733,42010,5.9226986889e-12,4.5321786191e-12,1.5208665296e-12,0
2094,36733,42010,3.6174922074e-12,3.9153212055e-13,1.2499194051e-12,0
2094,10918,42001,3.8849924135e-12,-3.8584979543e-12,9.7985071545e-13,0
2094,11356,42001,3.6499892086e-12,-1.1711803405e-13,2.0757194632e-12,0
2094,39853,42006,3.7812028365e-12,2.1801952972e-12,-1.2542925506e-12,0
2094,12631,42011,5.8422341985e-12,-5.4012566370e-12,-3.4790909431e-13,0
2094,1339,42002,8.6730337985e-12,1.5603781188e-12,1.0199367549e-12,0
2094,20590,42008,4.0286797803e-12,1.4647184836e-12,5.2667346872e-13,0
2095,1339,42002,2.1348986486e-12,-1.6893354384e-12,8.6042993940e-13,0
2095,39853,42006,3.3062662247e-12,-1.3080097794e-12,-9.2969530514e-13,0
2095,10918,42001,4.8099606920e-12,2.9543091010e-12,1.2198847966e-12,0
2095,11356,42001,3.8078249926e-12,2.9547277605e-12,2.3026260439e-12,0
2095,20590,42008,7.9517090161e-12,4.8754915686e-12,1.1050958666e-12,0
2095,12631,42011,6.7087200009e-12,5.2828763810e-12,2.0242825339e-13,0
2095,36733,42010,5.9057782560e-12,2.3398717229e-13,1.2985436609e-12,0
2096,10918,42001,3.8463729954e-12,-2.2829685414e-12,5.5085339040e-13,0
2096,36733,42010,6.3244350339e-12,-3.3231436375e-12,6.8965731040e-13,0
2096,11356,42001,4.2368266866e-12,8.3426825832e-13,2.3488590958e-12,0
2096,39853,42006,2.9478419526e-12,-2.7604168765e-12,-1.5361930090e-12,0
2096,12631,42011,6.5106310925e-12,6.4386992166e-12,4.4995747322e-13,0
2096,20590,42008,5.7580511534e-12,-2.7545949394e-14,1.1677747424e-12,0
2096,1339,42002,4.2816100722e-12,-2.5952826016e-12,1.6404600776e-13,0
2096,27196,42002,4.5228879668e-12,-2.4581194793e-16,-2.4581194793e-17,0
2097,36733,42010,4.2071949789e-12,1.2179187329e-12,7.6514379609e-13,0
2097,27196,42002,2.7507814091e-12,2.5538063196e-13,2.5513482001e-14,0
2097,1339,42002,6.4660450913e-12,-3.9343336862e-12,-5.1254072521e-14,0
2097,39853,42006,9.1881658085e-12,-6.1340658680e-12,-2.3148465902e-12,0
2097,20590,42008,2.6785659823e-12,-2.7795419547e-13,1.2534183117e-12,0
2097,10918,42001,1.6804147419e-12,-4.7858625668e-13,3.5479542125e-13,0
2097,11356,42001,7.0228691973e-12,6.9581468073e-12,2.9527627277e-12,0
2097,12631,42011,6.0596587253e-12,-3.0208679298e-12,1.7138341818e-13,0
2098,1339,42002,2.2431580756e-12,-8.6088530718e-13,5.4336651258e-14,0
2098,39853,42006,4.0408768265e-12,6.6125959469e-13,-1.6783543098e-12,0
2098,27196,42002,3.6459966526e-12,-2.7613134595e-12,-2.5061786395e-13,0
2098,10918,42001,8.0552843804e-12,5.2738826951e-12,7.9800165429e-13,0
2098,11356,42001,7.9644789860e-12,-1.1626628091e-13,2.8038731566e-12,0
2098,20590,42008,3.4056111515e-12,2.3983094852e-12,1.2656615416e-12,0
2098,36733,42010,3.1310871142e-12,-2.7549480935e-13,4.3612689501e-13,0
2098,12631,42011,8.9641882969e-12,1.4057142136e-12,4.9449485834e-13,0
2099,20590,42008,1.1701230180e-11,-1.0926588654e-11,5.1718464191e-14,0
2099,27196,42002,7.0378573271e-12,3.8267253352e-12,1.3205466957e-13,0
2099,36733,42010,3.1706552181e-12,1.1849875871e-12,7.8284249580e-13,0
2099,39853,42006,2.8395041424e-12,-1.6047951756e-12,-1.6736275639e-12,0
2099,10918,42001,1.7866264089e-12,6.6392221324e-13,8.5620937211e-13,0
2099,11356,42001,2.8778732971e-12,2.0047211819e-12,2.5165562670e-12,0
2099,12631,42011,2.8381888690e-12,-2.3476482965e-12,5.8801959901e-13,0
2099,1339,42002,4.4763692151e-12,2.8129128758e-12,-2.1947350352e-13,0
2100,1339,42002,8.0959465062e-13,2.8058141475e-13,-1.6072197430e-13,0
2100,10918,42001,7.4997521000e-12,5.1854915766e-12,1.4540205028e-12,0
2100,39853,42006,2.2149560132e-12,-9.5802559446e-13,-1.6795141700e-12,0
2100,11356,42001,5.2431510577e-12,1.9077180038e-12,2.7146123854e-12,0
2100,27196,42002,9.7119326681e-12,-5.9150234127e-12,-4.5944767170e-13,0
2100,12631,42011,4.9657826537e-12,1.4247530086e-12,7.8172243936e-13,0
2100,36733,42010,3.5689610456e-12,7.7985481938e-13,-1.2201035097e-13,0
2100,20590,42008,4.9349538576e-12,3.9142151622e-12,6.5155222839e-13,0
