[TELEPORT_DIAG] enabled=false threshold=0.1
Loading parameter values from /home/jba/Code/BoA/ParameterFiles/boa10-64Seg-dyn-dense-8x...
     Parameter assigned: deltaT set to 1.0E-4
     Parameter assigned: biochemDeltaT set to 0.01
     Parameter assigned: collisionDeltaT set to 1.0E-5
     No match found for parameter label brownianDeltaT ... you best check that out!
     Parameter assigned: runTime set to 0.065
     Parameter assigned: fracMove set to 0.4
     Parameter assigned: fracR set to 0.134
     Parameter assigned: fracMoveTorq set to 0.013685
     Parameter assigned: drawInterval set to 100
     Parameter assigned: toFileInterval set to 1000000000
     No match found for parameter label toQKFileInterval ... you best check that out!
     Parameter assigned: jpegQuality set to 1.0
     Parameter assigned: remoteWriteInterval set to 100000
     Parameter assigned: frameWidth set to 800
     Parameter assigned: frameHeight set to 800
     No match found for parameter label bugOff ... you best check that out!
     Parameter assigned: simOutsideBug set to false
     Parameter assigned: initialFilaments set to 8000
     Parameter assigned: initialMyoMiniFils set to 8000
     Parameter assigned: minFilLength set to 0.9
     Parameter assigned: maxFilLength set to 1.3
     Parameter assigned: stdDevActinDist set to 0.5
     Parameter assigned: boxXDim set to 28.2843
     Parameter assigned: boxYDim set to 28.2843
     Parameter assigned: boxZDim set to 0.5
     Parameter assigned: actinConc set to 20.0
     Parameter assigned: actinConcNonHydro set to 15.0
     Parameter assigned: aeta set to 1.0
     Parameter assigned: capConc set to 2.0
     Parameter assigned: nodeZone set to 0.9
     Parameter assigned: nodeRadius set to 0.025
     Parameter assigned: forminsPerNode set to 0
     No match found for parameter label myosPerNode ... you best check that out!
     Parameter assigned: nodeTransDiff set to 1.0E-16
     Parameter assigned: nodeRotDiff set to 0.001
     Parameter assigned: actinSeed set to 3
     Parameter assigned: actinOnCortex set to true
     Parameter assigned: filSegLength set to 64
     Parameter assigned: filTorqSpring set to 1.0E-20
     Parameter assigned: BTransCoeff set to 1.0
     Parameter assigned: BRotCoeff set to 0.5
     Parameter assigned: maxSegAngle set to 22.5
     Parameter assigned: maxSegDist set to 0.0108
     Parameter assigned: nodeTorqSpring set to 1.0E-20
     Parameter assigned: maxNodeTetherStrainDist set to 0.0108
     Parameter assigned: nodeTetherDetachRate set to 0.001
     Parameter assigned: forminMoves set to false
     Parameter assigned: forminRelease set to 1.0
     Parameter assigned: noMonomersSimd set to false
     Parameter assigned: filamentsAnneal set to false
     Parameter assigned: annealDist set to 0.054
     Parameter assigned: annealAngleCosine set to 0.9
     Parameter assigned: maxLinksOnSeg set to 10.0
     Parameter assigned: sideBonds set to 0
     Parameter assigned: sideBondsRelax set to false
     Parameter assigned: sideBondsStabilize set to 1.0
     Parameter assigned: bundleStableFactor set to 2.0
     Parameter assigned: filLinkSpring set to 1.0E-9
     Parameter assigned: filLinkTorqSpring set to 1.0E-19
     Parameter assigned: xLinkTransAttn set to 1.0
     Parameter assigned: xLinkRotAttn set to 1.0
     No match found for parameter label maxFilLinkDist ... you best check that out!
     No match found for parameter label linkDissolveRate ... you best check that out!
     Parameter assigned: kATPOn1 set to 1.3
     Parameter assigned: kATPOff1 set to 0.8
     Parameter assigned: kADPOff1 set to 2.7
     Parameter assigned: kATPOn1NonHydro set to 0.0
     Parameter assigned: kATPOff1NonHydro set to 0.0
     Parameter assigned: kATPOn2 set to 11.6
     Parameter assigned: kATPOff2 set to 1.4
     Parameter assigned: kADPOff2 set to 7.2
     Parameter assigned: kATPOn2WithFormin set to 0.0
     Parameter assigned: kATPOff2WithFormin set to 0.0
     Parameter assigned: kADPOff2WithFormin set to 0.0
     Parameter assigned: kATPOn2NonHydro set to 0.0
     Parameter assigned: kATPOff2NonHydro set to 0.0
     Parameter assigned: kATPOn2NonHydroWithFormin set to 0.0
     Parameter assigned: kATPOff2NonHydroWithFormin set to 0.0
     Parameter assigned: capRate set to 3.0
     Parameter assigned: cofilinRate set to 0.4
     Parameter assigned: cofilinConc set to 3.0
     Parameter assigned: cofilinRatio set to 1.1
     Parameter assigned: myosinStallForce set to 2.0
     No match found for parameter label myosinReleaseRate ... you best check that out!
     No match found for parameter label myoFBRBase ... you best check that out!
     No match found for parameter label myoFBRExp ... you best check that out!
     Parameter assigned: capNumEnd1 set to 3
     Parameter assigned: capNumEnd2 set to 3
     Parameter assigned: capNumEnd1WithNode set to 3
     Parameter assigned: capNumEnd2WithNode set to 3
     Parameter assigned: polyCompressionCutoff set to 0.0
     Parameter assigned: kRdmNuc set to 0.001
     Parameter assigned: kNodeNuc set to 10.0
     Parameter assigned: kHydrolysis set to 1.0
     Parameter assigned: kDissociation set to 1.0
     Parameter assigned: showTime set to true
     Parameter assigned: showConc set to true
     Parameter assigned: showNonHydroConc set to false
     Parameter assigned: showFilCt set to true
     Parameter assigned: showFilLinkCt set to true
     Parameter assigned: showFilSegCt set to false
     Parameter assigned: showMonCt set to true
     Parameter assigned: fixedHistScale set to 100.0
     Parameter assigned: showHistBox set to true
     Parameter assigned: showYHistTics set to true
     Parameter assigned: flatTops set to true
     Parameter assigned: maxXLinkBondAngle set to 0.6
     Parameter assigned: xLinkOnRate set to 400.0
     Parameter assigned: xLinkConc set to 1.0
     Parameter assigned: linkOffConst set to 1.0
     Parameter assigned: linkOffCoeff set to 1.0
     Parameter assigned: linkOffExp set to 2.0
     Parameter assigned: crossLinkGrabDist set to 0.05
Done... there were 9 misunderstandings.
[RNG] per-worker RNG pool: 17 MTFs, masterSeed=390904575739224727 (BOA_RNG_SEED unset)
**************************************************************
Eulerian Mesh stats:
nXBins = 143; xBinWidth = 0.2 µm
nYBins = 143; yBinWidth = 0.2 µm
binDepth = 1000
**************************************************************
MotorBindGrid3D: 143 x 143 x 4 cells (0.2 µm each)
[17:19] [phase-plan] inert-wave cull — ThreadSet activation snapshot:
[17:19]   ON   ThingStep Threads
[17:19]   ON   ThingBrownian Threads
[17:19]   ON   Myosin Threads
[17:19]   ON   MyoDimer Threads
[17:19]   OFF  Protein Node Threads
[17:19]   ON   MyoMiniFil Threads
[17:19]   OFF  Chamber Myo Threads
[17:19]   OFF  Chamber MyoDimer Threads
[17:19]   ON   Mesh Threads
[17:19]   ON   Ck Mesh Threads
[17:19]   ON   Ck Mots Threads
[17:19]   OFF  XLink Threads
[17:19]   OFF  Arp23 Threads
[17:19]   OFF  NodeLink Threads
[17:19]   OFF  Membrane Node Threads
[17:19]   OFF  ActA Threads
[17:19]   ON   MotorBindGrid3D Fill
[17:19] [phase-plan] 9 active, 8 inert (will skip dispatch)
Crazy forceSum in boxOfActin.MyoMiniFilament@38864c5f
Crazy torqueSum in boxOfActin.MyoMiniFilament@38864c5f
Crazy forceSum in boxOfActin.MyoRod@327e272f
Crazy forceSum in boxOfActin.MyoRod@777caf04
Crazy forceSum in boxOfActin.MyoRod@7d12f100
Crazy forceSum in boxOfActin.MyoRod@4641dbc0
Crazy forceSum in boxOfActin.MyoRod@5c5db78
Crazy forceSum in boxOfActin.MyoRod@1753504b
Crazy forceSum in boxOfActin.MyoRod@7da32950
Crazy forceSum in boxOfActin.MyoRod@35f472ff
Crazy forceSum in boxOfActin.MyoRod@1ec17122
Crazy forceSum in boxOfActin.MyoRod@131dabb9
Crazy forceSum in boxOfActin.MyoRod@7710e923
Crazy forceSum in boxOfActin.MyoRod@61e51eb4
Crazy forceSum in boxOfActin.MyoRod@74b83bcb
Crazy forceSum in boxOfActin.MyoRod@a061686
Crazy forceSum in boxOfActin.MyoRod@7a2faf14
Crazy forceSum in boxOfActin.MyoRod@33761e5b
Crazy forceSum in boxOfActin.MyoMiniFilament@38864c5f
Crazy torqueSum in boxOfActin.MyoMiniFilament@38864c5f
Crazy forceSum in boxOfActin.MyoRod@327e272f
Crazy forceSum in boxOfActin.MyoRod@777caf04
Crazy forceSum in boxOfActin.MyoRod@7d12f100
Crazy forceSum in boxOfActin.MyoRod@4641dbc0
Crazy forceSum in boxOfActin.MyoRod@5c5db78
Crazy forceSum in boxOfActin.MyoRod@1753504b
Crazy forceSum in boxOfActin.MyoRod@7da32950
Crazy forceSum in boxOfActin.MyoRod@35f472ff
Crazy forceSum in boxOfActin.MyoRod@1ec17122
Crazy forceSum in boxOfActin.MyoRod@131dabb9
Crazy forceSum in boxOfActin.MyoRod@7710e923
Crazy forceSum in boxOfActin.MyoRod@61e51eb4
Crazy forceSum in boxOfActin.MyoRod@74b83bcb
Crazy forceSum in boxOfActin.MyoRod@a061686
Crazy forceSum in boxOfActin.MyoRod@7a2faf14
Crazy forceSum in boxOfActin.MyoRod@33761e5b
Crazy forceSum in boxOfActin.MyoMiniFilament@38864c5f
Crazy torqueSum in boxOfActin.MyoMiniFilament@38864c5f
Crazy forceSum in boxOfActin.MyoRod@327e272f
Crazy forceSum in boxOfActin.MyoRod@777caf04
Crazy forceSum in boxOfActin.MyoRod@7d12f100
Crazy forceSum in boxOfActin.MyoRod@4641dbc0
Crazy forceSum in boxOfActin.MyoRod@5c5db78
Crazy forceSum in boxOfActin.MyoRod@1753504b
Crazy forceSum in boxOfActin.MyoRod@7da32950
Crazy forceSum in boxOfActin.MyoRod@35f472ff
Crazy forceSum in boxOfActin.MyoRod@1ec17122
Crazy forceSum in boxOfActin.MyoRod@131dabb9
Crazy forceSum in boxOfActin.MyoRod@7710e923
Crazy forceSum in boxOfActin.MyoRod@61e51eb4
Crazy forceSum in boxOfActin.MyoRod@74b83bcb
Crazy forceSum in boxOfActin.MyoRod@a061686
Crazy forceSum in boxOfActin.MyoRod@7a2faf14
Crazy forceSum in boxOfActin.MyoRod@33761e5b
Crazy forceSum in boxOfActin.MyoMiniFilament@38864c5f
Crazy torqueSum in boxOfActin.MyoMiniFilament@38864c5f
Crazy forceSum in boxOfActin.MyoRod@327e272f
Crazy forceSum in boxOfActin.MyoRod@777caf04
Crazy forceSum in boxOfActin.MyoRod@7d12f100
Crazy forceSum in boxOfActin.MyoRod@4641dbc0
Crazy forceSum in boxOfActin.MyoRod@5c5db78
Crazy forceSum in boxOfActin.MyoRod@1753504b
Crazy forceSum in boxOfActin.MyoRod@7da32950
Crazy forceSum in boxOfActin.MyoRod@35f472ff
Crazy forceSum in boxOfActin.MyoRod@1ec17122
Crazy forceSum in boxOfActin.MyoRod@131dabb9
Crazy forceSum in boxOfActin.MyoRod@7710e923
Crazy forceSum in boxOfActin.MyoRod@61e51eb4
Crazy forceSum in boxOfActin.MyoRod@74b83bcb
Crazy forceSum in boxOfActin.MyoRod@a061686
Crazy forceSum in boxOfActin.MyoRod@7a2faf14
Crazy forceSum in boxOfActin.MyoRod@33761e5b
Crazy forceSum in boxOfActin.MyoMiniFilament@38864c5f
Crazy torqueSum in boxOfActin.MyoMiniFilament@38864c5f
Crazy forceSum in boxOfActin.MyoRod@327e272f
Crazy forceSum in boxOfActin.MyoRod@777caf04
Crazy forceSum in boxOfActin.MyoRod@7d12f100
Crazy forceSum in boxOfActin.MyoRod@4641dbc0
Crazy forceSum in boxOfActin.MyoRod@5c5db78
Crazy forceSum in boxOfActin.MyoRod@1753504b
Crazy forceSum in boxOfActin.MyoRod@7da32950
Crazy forceSum in boxOfActin.MyoRod@35f472ff
Crazy forceSum in boxOfActin.MyoRod@1ec17122
Crazy forceSum in boxOfActin.MyoRod@131dabb9
Crazy forceSum in boxOfActin.MyoRod@7710e923
Crazy forceSum in boxOfActin.MyoRod@61e51eb4
Crazy forceSum in boxOfActin.MyoRod@74b83bcb
Crazy forceSum in boxOfActin.MyoRod@a061686
Crazy forceSum in boxOfActin.MyoRod@7a2faf14
Crazy forceSum in boxOfActin.MyoRod@33761e5b
Crazy forceSum in boxOfActin.MyoMiniFilament@38864c5f
Crazy torqueSum in boxOfActin.MyoMiniFilament@38864c5f
Crazy forceSum in boxOfActin.MyoRod@327e272f
Crazy forceSum in boxOfActin.MyoRod@777caf04
Crazy forceSum in boxOfActin.MyoRod@7d12f100
Crazy forceSum in boxOfActin.MyoRod@4641dbc0
Crazy forceSum in boxOfActin.MyoRod@5c5db78
Crazy forceSum in boxOfActin.MyoRod@1753504b
Crazy forceSum in boxOfActin.MyoRod@7da32950
Crazy forceSum in boxOfActin.MyoRod@35f472ff
Crazy forceSum in boxOfActin.MyoRod@1ec17122
Crazy forceSum in boxOfActin.MyoRod@131dabb9
Crazy forceSum in boxOfActin.MyoRod@7710e923
Crazy forceSum in boxOfActin.MyoRod@61e51eb4
Crazy forceSum in boxOfActin.MyoRod@74b83bcb
Crazy forceSum in boxOfActin.MyoRod@a061686
Crazy forceSum in boxOfActin.MyoRod@7a2faf14
Crazy forceSum in boxOfActin.MyoRod@33761e5b
Crazy forceSum in boxOfActin.MyoMiniFilament@38864c5f
Crazy torqueSum in boxOfActin.MyoMiniFilament@38864c5f
Crazy forceSum in boxOfActin.MyoRod@327e272f
Crazy forceSum in boxOfActin.MyoRod@777caf04
Crazy forceSum in boxOfActin.MyoRod@7d12f100
Crazy forceSum in boxOfActin.MyoRod@4641dbc0
Crazy forceSum in boxOfActin.MyoRod@5c5db78
Crazy forceSum in boxOfActin.MyoRod@1753504b
Crazy forceSum in boxOfActin.MyoRod@7da32950
Crazy forceSum in boxOfActin.MyoRod@35f472ff
Crazy forceSum in boxOfActin.MyoRod@1ec17122
Crazy forceSum in boxOfActin.MyoRod@131dabb9
Crazy forceSum in boxOfActin.MyoRod@7710e923
Crazy forceSum in boxOfActin.MyoRod@61e51eb4
Crazy forceSum in boxOfActin.MyoRod@74b83bcb
Crazy forceSum in boxOfActin.MyoRod@a061686
Crazy forceSum in boxOfActin.MyoRod@7a2faf14
Crazy forceSum in boxOfActin.MyoRod@33761e5b
Crazy forceSum in boxOfActin.MyoMiniFilament@38864c5f
Crazy torqueSum in boxOfActin.MyoMiniFilament@38864c5f
Crazy forceSum in boxOfActin.MyoRod@327e272f
Crazy forceSum in boxOfActin.MyoRod@777caf04
Crazy forceSum in boxOfActin.MyoRod@7d12f100
Crazy forceSum in boxOfActin.MyoRod@4641dbc0
Crazy forceSum in boxOfActin.MyoRod@5c5db78
Crazy forceSum in boxOfActin.MyoRod@1753504b
Crazy forceSum in boxOfActin.MyoRod@7da32950
Crazy forceSum in boxOfActin.MyoRod@35f472ff
Crazy forceSum in boxOfActin.MyoRod@1ec17122
Crazy forceSum in boxOfActin.MyoRod@131dabb9
Crazy forceSum in boxOfActin.MyoRod@7710e923
Crazy forceSum in boxOfActin.MyoRod@61e51eb4
Crazy forceSum in boxOfActin.MyoRod@74b83bcb
Crazy forceSum in boxOfActin.MyoRod@a061686
Crazy forceSum in boxOfActin.MyoRod@7a2faf14
Crazy forceSum in boxOfActin.MyoRod@33761e5b
Crazy forceSum in boxOfActin.MyoMiniFilament@38864c5f
Crazy torqueSum in boxOfActin.MyoMiniFilament@38864c5f
Crazy forceSum in boxOfActin.MyoRod@327e272f
Crazy forceSum in boxOfActin.MyoRod@777caf04
Crazy forceSum in boxOfActin.MyoRod@7d12f100
Crazy forceSum in boxOfActin.MyoRod@4641dbc0
Crazy forceSum in boxOfActin.MyoRod@5c5db78
Crazy forceSum in boxOfActin.MyoRod@1753504b
Crazy forceSum in boxOfActin.MyoRod@7da32950
Crazy forceSum in boxOfActin.MyoRod@35f472ff
Crazy forceSum in boxOfActin.MyoRod@1ec17122
Crazy forceSum in boxOfActin.MyoRod@131dabb9
Crazy forceSum in boxOfActin.MyoRod@7710e923
Crazy forceSum in boxOfActin.MyoRod@61e51eb4
Crazy forceSum in boxOfActin.MyoRod@74b83bcb
Crazy forceSum in boxOfActin.MyoRod@a061686
Crazy forceSum in boxOfActin.MyoRod@7a2faf14
Crazy forceSum in boxOfActin.MyoRod@33761e5b
Crazy forceSum in boxOfActin.MyoMiniFilament@38864c5f
Crazy torqueSum in boxOfActin.MyoMiniFilament@38864c5f
Crazy forceSum in boxOfActin.MyoRod@327e272f
Crazy forceSum in boxOfActin.MyoRod@777caf04
Crazy forceSum in boxOfActin.MyoRod@7d12f100
Crazy forceSum in boxOfActin.MyoRod@4641dbc0
Crazy forceSum in boxOfActin.MyoRod@5c5db78
Crazy forceSum in boxOfActin.MyoRod@1753504b
Crazy forceSum in boxOfActin.MyoRod@7da32950
Crazy forceSum in boxOfActin.MyoRod@35f472ff
Crazy forceSum in boxOfActin.MyoRod@1ec17122
Crazy forceSum in boxOfActin.MyoRod@131dabb9
Crazy forceSum in boxOfActin.MyoRod@7710e923
Crazy forceSum in boxOfActin.MyoRod@61e51eb4
Crazy forceSum in boxOfActin.MyoRod@74b83bcb
Crazy forceSum in boxOfActin.MyoRod@a061686
Crazy forceSum in boxOfActin.MyoRod@7a2faf14
Crazy forceSum in boxOfActin.MyoRod@33761e5b
Crazy forceSum in boxOfActin.MyoMiniFilament@38864c5f
Crazy torqueSum in boxOfActin.MyoMiniFilament@38864c5f
Crazy forceSum in boxOfActin.MyoRod@327e272f
Crazy forceSum in boxOfActin.MyoRod@777caf04
Crazy forceSum in boxOfActin.MyoRod@7d12f100
Crazy forceSum in boxOfActin.MyoRod@4641dbc0
Crazy forceSum in boxOfActin.MyoRod@5c5db78
Crazy forceSum in boxOfActin.MyoRod@1753504b
Crazy forceSum in boxOfActin.MyoRod@7da32950
Crazy forceSum in boxOfActin.MyoRod@35f472ff
Crazy forceSum in boxOfActin.MyoRod@1ec17122
Crazy forceSum in boxOfActin.MyoRod@131dabb9
Crazy forceSum in boxOfActin.MyoRod@7710e923
Crazy forceSum in boxOfActin.MyoRod@61e51eb4
Crazy forceSum in boxOfActin.MyoRod@74b83bcb
Crazy forceSum in boxOfActin.MyoRod@a061686
Crazy forceSum in boxOfActin.MyoRod@7a2faf14
Crazy forceSum in boxOfActin.MyoRod@33761e5b
Crazy forceSum in boxOfActin.MyoMiniFilament@38864c5f
Crazy torqueSum in boxOfActin.MyoMiniFilament@38864c5f
Crazy forceSum in boxOfActin.MyoRod@327e272f
Crazy forceSum in boxOfActin.MyoRod@777caf04
Crazy forceSum in boxOfActin.MyoRod@7d12f100
Crazy forceSum in boxOfActin.MyoRod@4641dbc0
Crazy forceSum in boxOfActin.MyoRod@5c5db78
Crazy forceSum in boxOfActin.MyoRod@1753504b
Crazy forceSum in boxOfActin.MyoRod@7da32950
Crazy forceSum in boxOfActin.MyoRod@35f472ff
Crazy forceSum in boxOfActin.MyoRod@1ec17122
Crazy forceSum in boxOfActin.MyoRod@131dabb9
Crazy forceSum in boxOfActin.MyoRod@7710e923
Crazy forceSum in boxOfActin.MyoRod@61e51eb4
Crazy forceSum in boxOfActin.MyoRod@74b83bcb
Crazy forceSum in boxOfActin.MyoRod@a061686
Crazy forceSum in boxOfActin.MyoRod@7a2faf14
Crazy forceSum in boxOfActin.MyoRod@33761e5b
Crazy forceSum in boxOfActin.MyoMiniFilament@38864c5f
Crazy torqueSum in boxOfActin.MyoMiniFilament@38864c5f
Crazy forceSum in boxOfActin.MyoRod@327e272f
Crazy forceSum in boxOfActin.MyoRod@777caf04
Crazy forceSum in boxOfActin.MyoRod@7d12f100
Crazy forceSum in boxOfActin.MyoRod@4641dbc0
Crazy forceSum in boxOfActin.MyoRod@5c5db78
Crazy forceSum in boxOfActin.MyoRod@1753504b
Crazy forceSum in boxOfActin.MyoRod@7da32950
Crazy forceSum in boxOfActin.MyoRod@35f472ff
Crazy forceSum in boxOfActin.MyoRod@1ec17122
Crazy forceSum in boxOfActin.MyoRod@131dabb9
Crazy forceSum in boxOfActin.MyoRod@7710e923
Crazy forceSum in boxOfActin.MyoRod@61e51eb4
Crazy forceSum in boxOfActin.MyoRod@74b83bcb
Crazy forceSum in boxOfActin.MyoRod@a061686
Crazy forceSum in boxOfActin.MyoRod@7a2faf14
Crazy forceSum in boxOfActin.MyoRod@33761e5b
Crazy forceSum in boxOfActin.MyoMiniFilament@38864c5f
Crazy torqueSum in boxOfActin.MyoMiniFilament@38864c5f
Crazy forceSum in boxOfActin.MyoRod@327e272f
Crazy forceSum in boxOfActin.MyoRod@777caf04
Crazy forceSum in boxOfActin.MyoRod@7d12f100
Crazy forceSum in boxOfActin.MyoRod@4641dbc0
Crazy forceSum in boxOfActin.MyoRod@5c5db78
Crazy forceSum in boxOfActin.MyoRod@1753504b
Crazy forceSum in boxOfActin.MyoRod@7da32950
Crazy forceSum in boxOfActin.MyoRod@35f472ff
Crazy forceSum in boxOfActin.MyoRod@1ec17122
Crazy forceSum in boxOfActin.MyoRod@131dabb9
Crazy forceSum in boxOfActin.MyoRod@7710e923
Crazy forceSum in boxOfActin.MyoRod@61e51eb4
Crazy forceSum in boxOfActin.MyoRod@74b83bcb
Crazy forceSum in boxOfActin.MyoRod@a061686
Crazy forceSum in boxOfActin.MyoRod@7a2faf14
Crazy forceSum in boxOfActin.MyoRod@33761e5b
Crazy forceSum in boxOfActin.MyoMiniFilament@38864c5f
Crazy torqueSum in boxOfActin.MyoMiniFilament@38864c5f
Crazy forceSum in boxOfActin.MyoRod@327e272f
Crazy forceSum in boxOfActin.MyoRod@777caf04
Crazy forceSum in boxOfActin.MyoRod@7d12f100
Crazy forceSum in boxOfActin.MyoRod@4641dbc0
Crazy forceSum in boxOfActin.MyoRod@5c5db78
Crazy forceSum in boxOfActin.MyoRod@1753504b
Crazy forceSum in boxOfActin.MyoRod@7da32950
Crazy forceSum in boxOfActin.MyoRod@35f472ff
Crazy forceSum in boxOfActin.MyoRod@1ec17122
Crazy forceSum in boxOfActin.MyoRod@131dabb9
Crazy forceSum in boxOfActin.MyoRod@7710e923
Crazy forceSum in boxOfActin.MyoRod@61e51eb4
Crazy forceSum in boxOfActin.MyoRod@74b83bcb
Crazy forceSum in boxOfActin.MyoRod@a061686
Crazy forceSum in boxOfActin.MyoRod@7a2faf14
Crazy forceSum in boxOfActin.MyoRod@33761e5b
Crazy forceSum in boxOfActin.MyoMiniFilament@38864c5f
Crazy torqueSum in boxOfActin.MyoMiniFilament@38864c5f
Crazy forceSum in boxOfActin.MyoRod@327e272f
Crazy forceSum in boxOfActin.MyoRod@777caf04
Crazy forceSum in boxOfActin.MyoRod@7d12f100
Crazy forceSum in boxOfActin.MyoRod@4641dbc0
Crazy forceSum in boxOfActin.MyoRod@5c5db78
Crazy forceSum in boxOfActin.MyoRod@1753504b
Crazy forceSum in boxOfActin.MyoRod@7da32950
Crazy forceSum in boxOfActin.MyoRod@35f472ff
Crazy forceSum in boxOfActin.MyoRod@1ec17122
Crazy forceSum in boxOfActin.MyoRod@131dabb9
Crazy forceSum in boxOfActin.MyoRod@7710e923
Crazy forceSum in boxOfActin.MyoRod@61e51eb4
Crazy forceSum in boxOfActin.MyoRod@74b83bcb
Crazy forceSum in boxOfActin.MyoRod@a061686
Crazy forceSum in boxOfActin.MyoRod@7a2faf14
Crazy forceSum in boxOfActin.MyoRod@33761e5b
Crazy forceSum in boxOfActin.MyoMiniFilament@38864c5f
Crazy torqueSum in boxOfActin.MyoMiniFilament@38864c5f
Crazy forceSum in boxOfActin.MyoRod@327e272f
Crazy forceSum in boxOfActin.MyoRod@777caf04
Crazy forceSum in boxOfActin.MyoRod@7d12f100
Crazy forceSum in boxOfActin.MyoRod@4641dbc0
Crazy forceSum in boxOfActin.MyoRod@5c5db78
Crazy forceSum in boxOfActin.MyoRod@1753504b
Crazy forceSum in boxOfActin.MyoRod@7da32950
Crazy forceSum in boxOfActin.MyoRod@35f472ff
Crazy forceSum in boxOfActin.MyoRod@1ec17122
Crazy forceSum in boxOfActin.MyoRod@131dabb9
Crazy forceSum in boxOfActin.MyoRod@7710e923
Crazy forceSum in boxOfActin.MyoRod@61e51eb4
Crazy forceSum in boxOfActin.MyoRod@74b83bcb
Crazy forceSum in boxOfActin.MyoRod@a061686
Crazy forceSum in boxOfActin.MyoRod@7a2faf14
Crazy forceSum in boxOfActin.MyoRod@33761e5b
Crazy forceSum in boxOfActin.MyoMiniFilament@38864c5f
Crazy torqueSum in boxOfActin.MyoMiniFilament@38864c5f
Crazy forceSum in boxOfActin.MyoRod@327e272f
Crazy forceSum in boxOfActin.MyoRod@777caf04
Crazy forceSum in boxOfActin.MyoRod@7d12f100
Crazy forceSum in boxOfActin.MyoRod@4641dbc0
Crazy forceSum in boxOfActin.MyoRod@5c5db78
Crazy forceSum in boxOfActin.MyoRod@1753504b
Crazy forceSum in boxOfActin.MyoRod@7da32950
Crazy forceSum in boxOfActin.MyoRod@35f472ff
Crazy forceSum in boxOfActin.MyoRod@1ec17122
Crazy forceSum in boxOfActin.MyoRod@131dabb9
Crazy forceSum in boxOfActin.MyoRod@7710e923
Crazy forceSum in boxOfActin.MyoRod@61e51eb4
Crazy forceSum in boxOfActin.MyoRod@74b83bcb
Crazy forceSum in boxOfActin.MyoRod@a061686
Crazy forceSum in boxOfActin.MyoRod@7a2faf14
Crazy forceSum in boxOfActin.MyoRod@33761e5b
Crazy forceSum in boxOfActin.MyoMiniFilament@38864c5f
Crazy torqueSum in boxOfActin.MyoMiniFilament@38864c5f
Crazy forceSum in boxOfActin.MyoRod@327e272f
Crazy forceSum in boxOfActin.MyoRod@777caf04
Crazy forceSum in boxOfActin.MyoRod@7d12f100
Crazy forceSum in boxOfActin.MyoRod@4641dbc0
Crazy forceSum in boxOfActin.MyoRod@5c5db78
Crazy forceSum in boxOfActin.MyoRod@1753504b
Crazy forceSum in boxOfActin.MyoRod@7da32950
Crazy forceSum in boxOfActin.MyoRod@35f472ff
Crazy forceSum in boxOfActin.MyoRod@1ec17122
Crazy forceSum in boxOfActin.MyoRod@131dabb9
Crazy forceSum in boxOfActin.MyoRod@7710e923
Crazy forceSum in boxOfActin.MyoRod@61e51eb4
Crazy forceSum in boxOfActin.MyoRod@74b83bcb
Crazy forceSum in boxOfActin.MyoRod@a061686
Crazy forceSum in boxOfActin.MyoRod@7a2faf14
Crazy forceSum in boxOfActin.MyoRod@33761e5b
Crazy forceSum in boxOfActin.MyoMiniFilament@38864c5f
Crazy torqueSum in boxOfActin.MyoMiniFilament@38864c5f
Crazy forceSum in boxOfActin.MyoRod@327e272f
Crazy forceSum in boxOfActin.MyoRod@777caf04
Crazy forceSum in boxOfActin.MyoRod@7d12f100
Crazy forceSum in boxOfActin.MyoRod@4641dbc0
Crazy forceSum in boxOfActin.MyoRod@5c5db78
Crazy forceSum in boxOfActin.MyoRod@1753504b
Crazy forceSum in boxOfActin.MyoRod@7da32950
Crazy forceSum in boxOfActin.MyoRod@35f472ff
Crazy forceSum in boxOfActin.MyoRod@1ec17122
Crazy forceSum in boxOfActin.MyoRod@131dabb9
Crazy forceSum in boxOfActin.MyoRod@7710e923
Crazy forceSum in boxOfActin.MyoRod@61e51eb4
Crazy forceSum in boxOfActin.MyoRod@74b83bcb
Crazy forceSum in boxOfActin.MyoRod@a061686
Crazy forceSum in boxOfActin.MyoRod@7a2faf14
Crazy forceSum in boxOfActin.MyoRod@33761e5b
Crazy forceSum in boxOfActin.MyoMiniFilament@38864c5f
Crazy torqueSum in boxOfActin.MyoMiniFilament@38864c5f
Crazy forceSum in boxOfActin.MyoRod@327e272f
Crazy forceSum in boxOfActin.MyoRod@777caf04
Crazy forceSum in boxOfActin.MyoRod@7d12f100
Crazy forceSum in boxOfActin.MyoRod@4641dbc0
Crazy forceSum in boxOfActin.MyoRod@5c5db78
Crazy forceSum in boxOfActin.MyoRod@1753504b
Crazy forceSum in boxOfActin.MyoRod@7da32950
Crazy forceSum in boxOfActin.MyoRod@35f472ff
Crazy forceSum in boxOfActin.MyoRod@1ec17122
Crazy forceSum in boxOfActin.MyoRod@131dabb9
Crazy forceSum in boxOfActin.MyoRod@7710e923
Crazy forceSum in boxOfActin.MyoRod@61e51eb4
Crazy forceSum in boxOfActin.MyoRod@74b83bcb
Crazy forceSum in boxOfActin.MyoRod@a061686
Crazy forceSum in boxOfActin.MyoRod@7a2faf14
Crazy forceSum in boxOfActin.MyoRod@33761e5b
Crazy forceSum in boxOfActin.MyoMiniFilament@38864c5f
Crazy torqueSum in boxOfActin.MyoMiniFilament@38864c5f
Crazy forceSum in boxOfActin.MyoRod@327e272f
Crazy forceSum in boxOfActin.MyoRod@777caf04
Crazy forceSum in boxOfActin.MyoRod@7d12f100
Crazy forceSum in boxOfActin.MyoRod@4641dbc0
Crazy forceSum in boxOfActin.MyoRod@5c5db78
Crazy forceSum in boxOfActin.MyoRod@1753504b
Crazy forceSum in boxOfActin.MyoRod@7da32950
Crazy forceSum in boxOfActin.MyoRod@35f472ff
Crazy forceSum in boxOfActin.MyoRod@1ec17122
Crazy forceSum in boxOfActin.MyoRod@131dabb9
Crazy forceSum in boxOfActin.MyoRod@7710e923
Crazy forceSum in boxOfActin.MyoRod@61e51eb4
Crazy forceSum in boxOfActin.MyoRod@74b83bcb
Crazy forceSum in boxOfActin.MyoRod@a061686
Crazy forceSum in boxOfActin.MyoRod@7a2faf14
Crazy forceSum in boxOfActin.MyoRod@33761e5b
Crazy forceSum in boxOfActin.MyoMiniFilament@38864c5f
Crazy torqueSum in boxOfActin.MyoMiniFilament@38864c5f
Crazy forceSum in boxOfActin.MyoRod@327e272f
Crazy forceSum in boxOfActin.MyoRod@777caf04
Crazy forceSum in boxOfActin.MyoRod@7d12f100
Crazy forceSum in boxOfActin.MyoRod@4641dbc0
Crazy forceSum in boxOfActin.MyoRod@5c5db78
Crazy forceSum in boxOfActin.MyoRod@1753504b
Crazy forceSum in boxOfActin.MyoRod@7da32950
Crazy forceSum in boxOfActin.MyoRod@35f472ff
Crazy forceSum in boxOfActin.MyoRod@1ec17122
Crazy forceSum in boxOfActin.MyoRod@131dabb9
Crazy forceSum in boxOfActin.MyoRod@7710e923
Crazy forceSum in boxOfActin.MyoRod@61e51eb4
Crazy forceSum in boxOfActin.MyoRod@74b83bcb
Crazy forceSum in boxOfActin.MyoRod@a061686
Crazy forceSum in boxOfActin.MyoRod@7a2faf14
Crazy forceSum in boxOfActin.MyoRod@33761e5b
Crazy forceSum in boxOfActin.MyoMiniFilament@38864c5f
Crazy torqueSum in boxOfActin.MyoMiniFilament@38864c5f
Crazy forceSum in boxOfActin.MyoRod@327e272f
Crazy forceSum in boxOfActin.MyoRod@777caf04
Crazy forceSum in boxOfActin.MyoRod@7d12f100
Crazy forceSum in boxOfActin.MyoRod@4641dbc0
Crazy forceSum in boxOfActin.MyoRod@5c5db78
Crazy forceSum in boxOfActin.MyoRod@1753504b
Crazy forceSum in boxOfActin.MyoRod@7da32950
Crazy forceSum in boxOfActin.MyoRod@35f472ff
Crazy forceSum in boxOfActin.MyoRod@1ec17122
Crazy forceSum in boxOfActin.MyoRod@131dabb9
Crazy forceSum in boxOfActin.MyoRod@7710e923
Crazy forceSum in boxOfActin.MyoRod@61e51eb4
Crazy forceSum in boxOfActin.MyoRod@74b83bcb
Crazy forceSum in boxOfActin.MyoRod@a061686
Crazy forceSum in boxOfActin.MyoRod@7a2faf14
Crazy forceSum in boxOfActin.MyoRod@33761e5b
Crazy forceSum in boxOfActin.MyoMiniFilament@38864c5f
Crazy torqueSum in boxOfActin.MyoMiniFilament@38864c5f
Crazy forceSum in boxOfActin.MyoRod@327e272f
Crazy forceSum in boxOfActin.MyoRod@777caf04
Crazy forceSum in boxOfActin.MyoRod@7d12f100
Crazy forceSum in boxOfActin.MyoRod@4641dbc0
Crazy forceSum in boxOfActin.MyoRod@5c5db78
Crazy forceSum in boxOfActin.MyoRod@1753504b
Crazy forceSum in boxOfActin.MyoRod@7da32950
Crazy forceSum in boxOfActin.MyoRod@35f472ff
Crazy forceSum in boxOfActin.MyoRod@1ec17122
Crazy forceSum in boxOfActin.MyoRod@131dabb9
Crazy forceSum in boxOfActin.MyoRod@7710e923
Crazy forceSum in boxOfActin.MyoRod@61e51eb4
Crazy forceSum in boxOfActin.MyoRod@74b83bcb
Crazy forceSum in boxOfActin.MyoRod@a061686
Crazy forceSum in boxOfActin.MyoRod@7a2faf14
Crazy forceSum in boxOfActin.MyoRod@33761e5b
Crazy forceSum in boxOfActin.MyoMiniFilament@38864c5f
Crazy torqueSum in boxOfActin.MyoMiniFilament@38864c5f
Crazy forceSum in boxOfActin.MyoRod@327e272f
Crazy forceSum in boxOfActin.MyoRod@777caf04
Crazy forceSum in boxOfActin.MyoRod@7d12f100
Crazy forceSum in boxOfActin.MyoRod@4641dbc0
Crazy forceSum in boxOfActin.MyoRod@5c5db78
Crazy forceSum in boxOfActin.MyoRod@1753504b
Crazy forceSum in boxOfActin.MyoRod@7da32950
Crazy forceSum in boxOfActin.MyoRod@35f472ff
Crazy forceSum in boxOfActin.MyoRod@1ec17122
Crazy forceSum in boxOfActin.MyoRod@131dabb9
Crazy forceSum in boxOfActin.MyoRod@7710e923
Crazy forceSum in boxOfActin.MyoRod@61e51eb4
Crazy forceSum in boxOfActin.MyoRod@74b83bcb
Crazy forceSum in boxOfActin.MyoRod@a061686
Crazy forceSum in boxOfActin.MyoRod@7a2faf14
Crazy forceSum in boxOfActin.MyoRod@33761e5b
Crazy forceSum in boxOfActin.MyoMiniFilament@38864c5f
Crazy torqueSum in boxOfActin.MyoMiniFilament@38864c5f
Crazy forceSum in boxOfActin.MyoRod@327e272f
Crazy forceSum in boxOfActin.MyoRod@777caf04
Crazy forceSum in boxOfActin.MyoRod@7d12f100
Crazy forceSum in boxOfActin.MyoRod@4641dbc0
Crazy forceSum in boxOfActin.MyoRod@5c5db78
Crazy forceSum in boxOfActin.MyoRod@1753504b
Crazy forceSum in boxOfActin.MyoRod@7da32950
Crazy forceSum in boxOfActin.MyoRod@35f472ff
Crazy forceSum in boxOfActin.MyoRod@1ec17122
Crazy forceSum in boxOfActin.MyoRod@131dabb9
Crazy forceSum in boxOfActin.MyoRod@7710e923
Crazy forceSum in boxOfActin.MyoRod@61e51eb4
Crazy forceSum in boxOfActin.MyoRod@74b83bcb
Crazy forceSum in boxOfActin.MyoRod@a061686
Crazy forceSum in boxOfActin.MyoRod@7a2faf14
Crazy forceSum in boxOfActin.MyoRod@33761e5b
Crazy forceSum in boxOfActin.MyoMiniFilament@38864c5f
Crazy torqueSum in boxOfActin.MyoMiniFilament@38864c5f
Crazy forceSum in boxOfActin.MyoRod@327e272f
Crazy forceSum in boxOfActin.MyoRod@777caf04
Crazy forceSum in boxOfActin.MyoRod@7d12f100
Crazy forceSum in boxOfActin.MyoRod@4641dbc0
Crazy forceSum in boxOfActin.MyoRod@5c5db78
Crazy forceSum in boxOfActin.MyoRod@1753504b
Crazy forceSum in boxOfActin.MyoRod@7da32950
Crazy forceSum in boxOfActin.MyoRod@35f472ff
Crazy forceSum in boxOfActin.MyoRod@1ec17122
Crazy forceSum in boxOfActin.MyoRod@131dabb9
Crazy forceSum in boxOfActin.MyoRod@7710e923
Crazy forceSum in boxOfActin.MyoRod@61e51eb4
Crazy forceSum in boxOfActin.MyoRod@74b83bcb
Crazy forceSum in boxOfActin.MyoRod@a061686
Crazy forceSum in boxOfActin.MyoRod@7a2faf14
Crazy forceSum in boxOfActin.MyoRod@33761e5b
Crazy forceSum in boxOfActin.MyoMiniFilament@38864c5f
Crazy torqueSum in boxOfActin.MyoMiniFilament@38864c5f
Crazy forceSum in boxOfActin.MyoRod@327e272f
Crazy forceSum in boxOfActin.MyoRod@777caf04
Crazy forceSum in boxOfActin.MyoRod@7d12f100
Crazy forceSum in boxOfActin.MyoRod@4641dbc0
Crazy forceSum in boxOfActin.MyoRod@5c5db78
Crazy forceSum in boxOfActin.MyoRod@1753504b
Crazy forceSum in boxOfActin.MyoRod@7da32950
Crazy forceSum in boxOfActin.MyoRod@35f472ff
Crazy forceSum in boxOfActin.MyoRod@1ec17122
Crazy forceSum in boxOfActin.MyoRod@131dabb9
Crazy forceSum in boxOfActin.MyoRod@7710e923
Crazy forceSum in boxOfActin.MyoRod@61e51eb4
Crazy forceSum in boxOfActin.MyoRod@74b83bcb
Crazy forceSum in boxOfActin.MyoRod@a061686
Crazy forceSum in boxOfActin.MyoRod@7a2faf14
Crazy forceSum in boxOfActin.MyoRod@33761e5b
Crazy forceSum in boxOfActin.MyoMiniFilament@38864c5f
Crazy torqueSum in boxOfActin.MyoMiniFilament@38864c5f
Crazy forceSum in boxOfActin.MyoRod@327e272f
Crazy forceSum in boxOfActin.MyoRod@777caf04
Crazy forceSum in boxOfActin.MyoRod@7d12f100
Crazy forceSum in boxOfActin.MyoRod@4641dbc0
Crazy forceSum in boxOfActin.MyoRod@5c5db78
Crazy forceSum in boxOfActin.MyoRod@1753504b
Crazy forceSum in boxOfActin.MyoRod@7da32950
Crazy forceSum in boxOfActin.MyoRod@35f472ff
Crazy forceSum in boxOfActin.MyoRod@1ec17122
Crazy forceSum in boxOfActin.MyoRod@131dabb9
Crazy forceSum in boxOfActin.MyoRod@7710e923
Crazy forceSum in boxOfActin.MyoRod@61e51eb4
Crazy forceSum in boxOfActin.MyoRod@74b83bcb
Crazy forceSum in boxOfActin.MyoRod@a061686
Crazy forceSum in boxOfActin.MyoRod@7a2faf14
Crazy forceSum in boxOfActin.MyoRod@33761e5b
Crazy forceSum in boxOfActin.MyoMiniFilament@38864c5f
Crazy torqueSum in boxOfActin.MyoMiniFilament@38864c5f
Crazy forceSum in boxOfActin.MyoRod@327e272f
Crazy forceSum in boxOfActin.MyoRod@777caf04
Crazy forceSum in boxOfActin.MyoRod@7d12f100
Crazy forceSum in boxOfActin.MyoRod@4641dbc0
Crazy forceSum in boxOfActin.MyoRod@5c5db78
Crazy forceSum in boxOfActin.MyoRod@1753504b
Crazy forceSum in boxOfActin.MyoRod@7da32950
Crazy forceSum in boxOfActin.MyoRod@35f472ff
Crazy forceSum in boxOfActin.MyoRod@1ec17122
Crazy forceSum in boxOfActin.MyoRod@131dabb9
Crazy forceSum in boxOfActin.MyoRod@7710e923
Crazy forceSum in boxOfActin.MyoRod@61e51eb4
Crazy forceSum in boxOfActin.MyoRod@74b83bcb
Crazy forceSum in boxOfActin.MyoRod@a061686
Crazy forceSum in boxOfActin.MyoRod@7a2faf14
Crazy forceSum in boxOfActin.MyoRod@33761e5b
Crazy forceSum in boxOfActin.MyoMiniFilament@38864c5f
Crazy torqueSum in boxOfActin.MyoMiniFilament@38864c5f
Crazy forceSum in boxOfActin.MyoRod@327e272f
Crazy forceSum in boxOfActin.MyoRod@777caf04
Crazy forceSum in boxOfActin.MyoRod@7d12f100
Crazy forceSum in boxOfActin.MyoRod@4641dbc0
Crazy forceSum in boxOfActin.MyoRod@5c5db78
Crazy forceSum in boxOfActin.MyoRod@1753504b
Crazy forceSum in boxOfActin.MyoRod@7da32950
Crazy forceSum in boxOfActin.MyoRod@35f472ff
Crazy forceSum in boxOfActin.MyoRod@1ec17122
Crazy forceSum in boxOfActin.MyoRod@131dabb9
Crazy forceSum in boxOfActin.MyoRod@7710e923
Crazy forceSum in boxOfActin.MyoRod@61e51eb4
Crazy forceSum in boxOfActin.MyoRod@74b83bcb
Crazy forceSum in boxOfActin.MyoRod@a061686
Crazy forceSum in boxOfActin.MyoRod@7a2faf14
Crazy forceSum in boxOfActin.MyoRod@33761e5b
Crazy forceSum in boxOfActin.MyoMiniFilament@38864c5f
Crazy torqueSum in boxOfActin.MyoMiniFilament@38864c5f
Crazy forceSum in boxOfActin.MyoRod@327e272f
Crazy forceSum in boxOfActin.MyoRod@777caf04
Crazy forceSum in boxOfActin.MyoRod@7d12f100
Crazy forceSum in boxOfActin.MyoRod@4641dbc0
Crazy forceSum in boxOfActin.MyoRod@5c5db78
Crazy forceSum in boxOfActin.MyoRod@1753504b
Crazy forceSum in boxOfActin.MyoRod@7da32950
Crazy forceSum in boxOfActin.MyoRod@35f472ff
Crazy forceSum in boxOfActin.MyoRod@1ec17122
Crazy forceSum in boxOfActin.MyoRod@131dabb9
Crazy forceSum in boxOfActin.MyoRod@7710e923
Crazy forceSum in boxOfActin.MyoRod@61e51eb4
Crazy forceSum in boxOfActin.MyoRod@74b83bcb
Crazy forceSum in boxOfActin.MyoRod@a061686
Crazy forceSum in boxOfActin.MyoRod@7a2faf14
Crazy forceSum in boxOfActin.MyoRod@33761e5b
Crazy forceSum in boxOfActin.MyoMiniFilament@38864c5f
Crazy torqueSum in boxOfActin.MyoMiniFilament@38864c5f
Crazy forceSum in boxOfActin.MyoRod@327e272f
Crazy forceSum in boxOfActin.MyoRod@777caf04
Crazy forceSum in boxOfActin.MyoRod@7d12f100
Crazy forceSum in boxOfActin.MyoRod@4641dbc0
Crazy forceSum in boxOfActin.MyoRod@5c5db78
Crazy forceSum in boxOfActin.MyoRod@1753504b
Crazy forceSum in boxOfActin.MyoRod@7da32950
Crazy forceSum in boxOfActin.MyoRod@35f472ff
Crazy forceSum in boxOfActin.MyoRod@1ec17122
Crazy forceSum in boxOfActin.MyoRod@131dabb9
Crazy forceSum in boxOfActin.MyoRod@7710e923
Crazy forceSum in boxOfActin.MyoRod@61e51eb4
Crazy forceSum in boxOfActin.MyoRod@74b83bcb
Crazy forceSum in boxOfActin.MyoRod@a061686
Crazy forceSum in boxOfActin.MyoRod@7a2faf14
Crazy forceSum in boxOfActin.MyoRod@33761e5b
Crazy forceSum in boxOfActin.MyoMiniFilament@38864c5f
Crazy torqueSum in boxOfActin.MyoMiniFilament@38864c5f
Crazy forceSum in boxOfActin.MyoRod@327e272f
Crazy forceSum in boxOfActin.MyoRod@777caf04
Crazy forceSum in boxOfActin.MyoRod@7d12f100
Crazy forceSum in boxOfActin.MyoRod@4641dbc0
Crazy forceSum in boxOfActin.MyoRod@5c5db78
Crazy forceSum in boxOfActin.MyoRod@1753504b
Crazy forceSum in boxOfActin.MyoRod@7da32950
Crazy forceSum in boxOfActin.MyoRod@35f472ff
Crazy forceSum in boxOfActin.MyoRod@1ec17122
Crazy forceSum in boxOfActin.MyoRod@131dabb9
Crazy forceSum in boxOfActin.MyoRod@7710e923
Crazy forceSum in boxOfActin.MyoRod@61e51eb4
Crazy forceSum in boxOfActin.MyoRod@74b83bcb
Crazy forceSum in boxOfActin.MyoRod@a061686
Crazy forceSum in boxOfActin.MyoRod@7a2faf14
Crazy forceSum in boxOfActin.MyoRod@33761e5b
Crazy forceSum in boxOfActin.MyoMiniFilament@38864c5f
Crazy torqueSum in boxOfActin.MyoMiniFilament@38864c5f
Crazy forceSum in boxOfActin.MyoRod@327e272f
Crazy forceSum in boxOfActin.MyoRod@777caf04
Crazy forceSum in boxOfActin.MyoRod@7d12f100
Crazy forceSum in boxOfActin.MyoRod@4641dbc0
Crazy forceSum in boxOfActin.MyoRod@5c5db78
Crazy forceSum in boxOfActin.MyoRod@1753504b
Crazy forceSum in boxOfActin.MyoRod@7da32950
Crazy forceSum in boxOfActin.MyoRod@35f472ff
Crazy forceSum in boxOfActin.MyoRod@1ec17122
Crazy forceSum in boxOfActin.MyoRod@131dabb9
Crazy forceSum in boxOfActin.MyoRod@7710e923
Crazy forceSum in boxOfActin.MyoRod@61e51eb4
Crazy forceSum in boxOfActin.MyoRod@74b83bcb
Crazy forceSum in boxOfActin.MyoRod@a061686
Crazy forceSum in boxOfActin.MyoRod@7a2faf14
Crazy forceSum in boxOfActin.MyoRod@33761e5b
Crazy forceSum in boxOfActin.MyoMiniFilament@38864c5f
Crazy torqueSum in boxOfActin.MyoMiniFilament@38864c5f
Crazy forceSum in boxOfActin.MyoRod@327e272f
Crazy forceSum in boxOfActin.MyoRod@777caf04
Crazy forceSum in boxOfActin.MyoRod@7d12f100
Crazy forceSum in boxOfActin.MyoRod@4641dbc0
Crazy forceSum in boxOfActin.MyoRod@5c5db78
Crazy forceSum in boxOfActin.MyoRod@1753504b
Crazy forceSum in boxOfActin.MyoRod@7da32950
Crazy forceSum in boxOfActin.MyoRod@35f472ff
Crazy forceSum in boxOfActin.MyoRod@1ec17122
Crazy forceSum in boxOfActin.MyoRod@131dabb9
Crazy forceSum in boxOfActin.MyoRod@7710e923
Crazy forceSum in boxOfActin.MyoRod@61e51eb4
Crazy forceSum in boxOfActin.MyoRod@74b83bcb
Crazy forceSum in boxOfActin.MyoRod@a061686
Crazy forceSum in boxOfActin.MyoRod@7a2faf14
Crazy forceSum in boxOfActin.MyoRod@33761e5b
Crazy forceSum in boxOfActin.MyoMiniFilament@38864c5f
Crazy torqueSum in boxOfActin.MyoMiniFilament@38864c5f
Crazy forceSum in boxOfActin.MyoRod@327e272f
Crazy forceSum in boxOfActin.MyoRod@777caf04
Crazy forceSum in boxOfActin.MyoRod@7d12f100
Crazy forceSum in boxOfActin.MyoRod@4641dbc0
Crazy forceSum in boxOfActin.MyoRod@5c5db78
Crazy forceSum in boxOfActin.MyoRod@1753504b
Crazy forceSum in boxOfActin.MyoRod@7da32950
Crazy forceSum in boxOfActin.MyoRod@35f472ff
Crazy forceSum in boxOfActin.MyoRod@1ec17122
Crazy forceSum in boxOfActin.MyoRod@131dabb9
Crazy forceSum in boxOfActin.MyoRod@7710e923
Crazy forceSum in boxOfActin.MyoRod@61e51eb4
Crazy forceSum in boxOfActin.MyoRod@74b83bcb
Crazy forceSum in boxOfActin.MyoRod@a061686
Crazy forceSum in boxOfActin.MyoRod@7a2faf14
Crazy forceSum in boxOfActin.MyoRod@33761e5b
Crazy forceSum in boxOfActin.MyoMiniFilament@38864c5f
Crazy torqueSum in boxOfActin.MyoMiniFilament@38864c5f
Crazy forceSum in boxOfActin.MyoRod@327e272f
Crazy forceSum in boxOfActin.MyoRod@777caf04
Crazy forceSum in boxOfActin.MyoRod@7d12f100
Crazy forceSum in boxOfActin.MyoRod@4641dbc0
Crazy forceSum in boxOfActin.MyoRod@5c5db78
Crazy forceSum in boxOfActin.MyoRod@1753504b
Crazy forceSum in boxOfActin.MyoRod@7da32950
Crazy forceSum in boxOfActin.MyoRod@35f472ff
Crazy forceSum in boxOfActin.MyoRod@1ec17122
Crazy forceSum in boxOfActin.MyoRod@131dabb9
Crazy forceSum in boxOfActin.MyoRod@7710e923
Crazy forceSum in boxOfActin.MyoRod@61e51eb4
Crazy forceSum in boxOfActin.MyoRod@74b83bcb
Crazy forceSum in boxOfActin.MyoRod@a061686
Crazy forceSum in boxOfActin.MyoRod@7a2faf14
Crazy forceSum in boxOfActin.MyoRod@33761e5b
Crazy forceSum in boxOfActin.MyoMiniFilament@38864c5f
Crazy torqueSum in boxOfActin.MyoMiniFilament@38864c5f
Crazy forceSum in boxOfActin.MyoRod@327e272f
Crazy forceSum in boxOfActin.MyoRod@777caf04
Crazy forceSum in boxOfActin.MyoRod@7d12f100
Crazy forceSum in boxOfActin.MyoRod@4641dbc0
Crazy forceSum in boxOfActin.MyoRod@5c5db78
Crazy forceSum in boxOfActin.MyoRod@1753504b
Crazy forceSum in boxOfActin.MyoRod@7da32950
Crazy forceSum in boxOfActin.MyoRod@35f472ff
Crazy forceSum in boxOfActin.MyoRod@1ec17122
Crazy forceSum in boxOfActin.MyoRod@131dabb9
Crazy forceSum in boxOfActin.MyoRod@7710e923
Crazy forceSum in boxOfActin.MyoRod@61e51eb4
Crazy forceSum in boxOfActin.MyoRod@74b83bcb
Crazy forceSum in boxOfActin.MyoRod@a061686
Crazy forceSum in boxOfActin.MyoRod@7a2faf14
Crazy forceSum in boxOfActin.MyoRod@33761e5b
Crazy forceSum in boxOfActin.MyoMiniFilament@38864c5f
Crazy torqueSum in boxOfActin.MyoMiniFilament@38864c5f
Crazy forceSum in boxOfActin.MyoRod@327e272f
Crazy forceSum in boxOfActin.MyoRod@777caf04
Crazy forceSum in boxOfActin.MyoRod@7d12f100
Crazy forceSum in boxOfActin.MyoRod@4641dbc0
Crazy forceSum in boxOfActin.MyoRod@5c5db78
Crazy forceSum in boxOfActin.MyoRod@1753504b
Crazy forceSum in boxOfActin.MyoRod@7da32950
Crazy forceSum in boxOfActin.MyoRod@35f472ff
Crazy forceSum in boxOfActin.MyoRod@1ec17122
Crazy forceSum in boxOfActin.MyoRod@131dabb9
Crazy forceSum in boxOfActin.MyoRod@7710e923
Crazy forceSum in boxOfActin.MyoRod@61e51eb4
Crazy forceSum in boxOfActin.MyoRod@74b83bcb
Crazy forceSum in boxOfActin.MyoRod@a061686
Crazy forceSum in boxOfActin.MyoRod@7a2faf14
Crazy forceSum in boxOfActin.MyoRod@33761e5b
Crazy forceSum in boxOfActin.MyoMiniFilament@38864c5f
Crazy torqueSum in boxOfActin.MyoMiniFilament@38864c5f
Crazy forceSum in boxOfActin.MyoRod@327e272f
Crazy forceSum in boxOfActin.MyoRod@777caf04
Crazy forceSum in boxOfActin.MyoRod@7d12f100
Crazy forceSum in boxOfActin.MyoRod@4641dbc0
Crazy forceSum in boxOfActin.MyoRod@5c5db78
Crazy forceSum in boxOfActin.MyoRod@1753504b
Crazy forceSum in boxOfActin.MyoRod@7da32950
Crazy forceSum in boxOfActin.MyoRod@35f472ff
Crazy forceSum in boxOfActin.MyoRod@1ec17122
Crazy forceSum in boxOfActin.MyoRod@131dabb9
Crazy forceSum in boxOfActin.MyoRod@7710e923
Crazy forceSum in boxOfActin.MyoRod@61e51eb4
Crazy forceSum in boxOfActin.MyoRod@74b83bcb
Crazy forceSum in boxOfActin.MyoRod@a061686
Crazy forceSum in boxOfActin.MyoRod@7a2faf14
Crazy forceSum in boxOfActin.MyoRod@33761e5b
Crazy forceSum in boxOfActin.MyoMiniFilament@38864c5f
Crazy torqueSum in boxOfActin.MyoMiniFilament@38864c5f
Crazy forceSum in boxOfActin.MyoRod@327e272f
Crazy forceSum in boxOfActin.MyoRod@777caf04
Crazy forceSum in boxOfActin.MyoRod@7d12f100
Crazy forceSum in boxOfActin.MyoRod@4641dbc0
Crazy forceSum in boxOfActin.MyoRod@5c5db78
Crazy forceSum in boxOfActin.MyoRod@1753504b
Crazy forceSum in boxOfActin.MyoRod@7da32950
Crazy forceSum in boxOfActin.MyoRod@35f472ff
Crazy forceSum in boxOfActin.MyoRod@1ec17122
Crazy forceSum in boxOfActin.MyoRod@131dabb9
Crazy forceSum in boxOfActin.MyoRod@7710e923
Crazy forceSum in boxOfActin.MyoRod@61e51eb4
Crazy forceSum in boxOfActin.MyoRod@74b83bcb
Crazy forceSum in boxOfActin.MyoRod@a061686
Crazy forceSum in boxOfActin.MyoRod@7a2faf14
Crazy forceSum in boxOfActin.MyoRod@33761e5b
Crazy forceSum in boxOfActin.MyoMiniFilament@38864c5f
Crazy torqueSum in boxOfActin.MyoMiniFilament@38864c5f
Crazy forceSum in boxOfActin.MyoRod@327e272f
Crazy forceSum in boxOfActin.MyoRod@777caf04
Crazy forceSum in boxOfActin.MyoRod@7d12f100
Crazy forceSum in boxOfActin.MyoRod@4641dbc0
Crazy forceSum in boxOfActin.MyoRod@5c5db78
Crazy forceSum in boxOfActin.MyoRod@1753504b
Crazy forceSum in boxOfActin.MyoRod@7da32950
Crazy forceSum in boxOfActin.MyoRod@35f472ff
Crazy forceSum in boxOfActin.MyoRod@1ec17122
Crazy forceSum in boxOfActin.MyoRod@131dabb9
Crazy forceSum in boxOfActin.MyoRod@7710e923
Crazy forceSum in boxOfActin.MyoRod@61e51eb4
Crazy forceSum in boxOfActin.MyoRod@74b83bcb
Crazy forceSum in boxOfActin.MyoRod@a061686
Crazy forceSum in boxOfActin.MyoRod@7a2faf14
Crazy forceSum in boxOfActin.MyoRod@33761e5b
Crazy forceSum in boxOfActin.MyoMiniFilament@38864c5f
Crazy torqueSum in boxOfActin.MyoMiniFilament@38864c5f
Crazy forceSum in boxOfActin.MyoRod@327e272f
Crazy forceSum in boxOfActin.MyoRod@777caf04
Crazy forceSum in boxOfActin.MyoRod@7d12f100
Crazy forceSum in boxOfActin.MyoRod@4641dbc0
Crazy forceSum in boxOfActin.MyoRod@5c5db78
Crazy forceSum in boxOfActin.MyoRod@1753504b
Crazy forceSum in boxOfActin.MyoRod@7da32950
Crazy forceSum in boxOfActin.MyoRod@35f472ff
Crazy forceSum in boxOfActin.MyoRod@1ec17122
Crazy forceSum in boxOfActin.MyoRod@131dabb9
Crazy forceSum in boxOfActin.MyoRod@7710e923
Crazy forceSum in boxOfActin.MyoRod@61e51eb4
Crazy forceSum in boxOfActin.MyoRod@74b83bcb
Crazy forceSum in boxOfActin.MyoRod@a061686
Crazy forceSum in boxOfActin.MyoRod@7a2faf14
Crazy forceSum in boxOfActin.MyoRod@33761e5b
Crazy forceSum in boxOfActin.MyoMiniFilament@38864c5f
Crazy torqueSum in boxOfActin.MyoMiniFilament@38864c5f
Crazy forceSum in boxOfActin.MyoRod@327e272f
Crazy forceSum in boxOfActin.MyoRod@777caf04
Crazy forceSum in boxOfActin.MyoRod@7d12f100
Crazy forceSum in boxOfActin.MyoRod@4641dbc0
Crazy forceSum in boxOfActin.MyoRod@5c5db78
Crazy forceSum in boxOfActin.MyoRod@1753504b
Crazy forceSum in boxOfActin.MyoRod@7da32950
Crazy forceSum in boxOfActin.MyoRod@35f472ff
Crazy forceSum in boxOfActin.MyoRod@1ec17122
Crazy forceSum in boxOfActin.MyoRod@131dabb9
Crazy forceSum in boxOfActin.MyoRod@7710e923
Crazy forceSum in boxOfActin.MyoRod@61e51eb4
Crazy forceSum in boxOfActin.MyoRod@74b83bcb
Crazy forceSum in boxOfActin.MyoRod@a061686
Crazy forceSum in boxOfActin.MyoRod@7a2faf14
Crazy forceSum in boxOfActin.MyoRod@33761e5b
Crazy forceSum in boxOfActin.MyoMiniFilament@38864c5f
Crazy torqueSum in boxOfActin.MyoMiniFilament@38864c5f
Crazy forceSum in boxOfActin.MyoRod@327e272f
Crazy forceSum in boxOfActin.MyoRod@777caf04
Crazy forceSum in boxOfActin.MyoRod@7d12f100
Crazy forceSum in boxOfActin.MyoRod@4641dbc0
Crazy forceSum in boxOfActin.MyoRod@5c5db78
Crazy forceSum in boxOfActin.MyoRod@1753504b
Crazy forceSum in boxOfActin.MyoRod@7da32950
Crazy forceSum in boxOfActin.MyoRod@35f472ff
Crazy forceSum in boxOfActin.MyoRod@1ec17122
Crazy forceSum in boxOfActin.MyoRod@131dabb9
Crazy forceSum in boxOfActin.MyoRod@7710e923
Crazy forceSum in boxOfActin.MyoRod@61e51eb4
Crazy forceSum in boxOfActin.MyoRod@74b83bcb
Crazy forceSum in boxOfActin.MyoRod@a061686
Crazy forceSum in boxOfActin.MyoRod@7a2faf14
Crazy forceSum in boxOfActin.MyoRod@33761e5b
Crazy forceSum in boxOfActin.MyoMiniFilament@38864c5f
Crazy torqueSum in boxOfActin.MyoMiniFilament@38864c5f
Crazy forceSum in boxOfActin.MyoRod@327e272f
Crazy forceSum in boxOfActin.MyoRod@777caf04
Crazy forceSum in boxOfActin.MyoRod@7d12f100
Crazy forceSum in boxOfActin.MyoRod@4641dbc0
Crazy forceSum in boxOfActin.MyoRod@5c5db78
Crazy forceSum in boxOfActin.MyoRod@1753504b
Crazy forceSum in boxOfActin.MyoRod@7da32950
Crazy forceSum in boxOfActin.MyoRod@35f472ff
Crazy forceSum in boxOfActin.MyoRod@1ec17122
Crazy forceSum in boxOfActin.MyoRod@131dabb9
Crazy forceSum in boxOfActin.MyoRod@7710e923
Crazy forceSum in boxOfActin.MyoRod@61e51eb4
Crazy forceSum in boxOfActin.MyoRod@74b83bcb
Crazy forceSum in boxOfActin.MyoRod@a061686
Crazy forceSum in boxOfActin.MyoRod@7a2faf14
Crazy forceSum in boxOfActin.MyoRod@33761e5b
Crazy forceSum in boxOfActin.MyoMiniFilament@38864c5f
Crazy torqueSum in boxOfActin.MyoMiniFilament@38864c5f
Crazy forceSum in boxOfActin.MyoRod@327e272f
Crazy forceSum in boxOfActin.MyoRod@777caf04
Crazy forceSum in boxOfActin.MyoRod@7d12f100
Crazy forceSum in boxOfActin.MyoRod@4641dbc0
Crazy forceSum in boxOfActin.MyoRod@5c5db78
Crazy forceSum in boxOfActin.MyoRod@1753504b
Crazy forceSum in boxOfActin.MyoRod@7da32950
Crazy forceSum in boxOfActin.MyoRod@35f472ff
Crazy forceSum in boxOfActin.MyoRod@1ec17122
Crazy forceSum in boxOfActin.MyoRod@131dabb9
Crazy forceSum in boxOfActin.MyoRod@7710e923
Crazy forceSum in boxOfActin.MyoRod@61e51eb4
Crazy forceSum in boxOfActin.MyoRod@74b83bcb
Crazy forceSum in boxOfActin.MyoRod@a061686
Crazy forceSum in boxOfActin.MyoRod@7a2faf14
Crazy forceSum in boxOfActin.MyoRod@33761e5b
Crazy forceSum in boxOfActin.MyoMiniFilament@38864c5f
Crazy torqueSum in boxOfActin.MyoMiniFilament@38864c5f
Crazy forceSum in boxOfActin.MyoRod@327e272f
Crazy forceSum in boxOfActin.MyoRod@777caf04
Crazy forceSum in boxOfActin.MyoRod@7d12f100
Crazy forceSum in boxOfActin.MyoRod@4641dbc0
Crazy forceSum in boxOfActin.MyoRod@5c5db78
Crazy forceSum in boxOfActin.MyoRod@1753504b
Crazy forceSum in boxOfActin.MyoRod@7da32950
Crazy forceSum in boxOfActin.MyoRod@35f472ff
Crazy forceSum in boxOfActin.MyoRod@1ec17122
Crazy forceSum in boxOfActin.MyoRod@131dabb9
Crazy forceSum in boxOfActin.MyoRod@7710e923
Crazy forceSum in boxOfActin.MyoRod@61e51eb4
Crazy forceSum in boxOfActin.MyoRod@74b83bcb
Crazy forceSum in boxOfActin.MyoRod@a061686
Crazy forceSum in boxOfActin.MyoRod@7a2faf14
Crazy forceSum in boxOfActin.MyoRod@33761e5b
Crazy forceSum in boxOfActin.MyoMiniFilament@38864c5f
Crazy torqueSum in boxOfActin.MyoMiniFilament@38864c5f
Crazy forceSum in boxOfActin.MyoRod@327e272f
Crazy forceSum in boxOfActin.MyoRod@777caf04
Crazy forceSum in boxOfActin.MyoRod@7d12f100
Crazy forceSum in boxOfActin.MyoRod@4641dbc0
Crazy forceSum in boxOfActin.MyoRod@5c5db78
Crazy forceSum in boxOfActin.MyoRod@1753504b
Crazy forceSum in boxOfActin.MyoRod@7da32950
Crazy forceSum in boxOfActin.MyoRod@35f472ff
Crazy forceSum in boxOfActin.MyoRod@1ec17122
Crazy forceSum in boxOfActin.MyoRod@131dabb9
Crazy forceSum in boxOfActin.MyoRod@7710e923
Crazy forceSum in boxOfActin.MyoRod@61e51eb4
Crazy forceSum in boxOfActin.MyoRod@74b83bcb
Crazy forceSum in boxOfActin.MyoRod@a061686
Crazy forceSum in boxOfActin.MyoRod@7a2faf14
Crazy forceSum in boxOfActin.MyoRod@33761e5b
Crazy forceSum in boxOfActin.MyoMiniFilament@38864c5f
Crazy torqueSum in boxOfActin.MyoMiniFilament@38864c5f
Crazy forceSum in boxOfActin.MyoRod@327e272f
Crazy forceSum in boxOfActin.MyoRod@777caf04
Crazy forceSum in boxOfActin.MyoRod@7d12f100
Crazy forceSum in boxOfActin.MyoRod@4641dbc0
Crazy forceSum in boxOfActin.MyoRod@5c5db78
Crazy forceSum in boxOfActin.MyoRod@1753504b
Crazy forceSum in boxOfActin.MyoRod@7da32950
Crazy forceSum in boxOfActin.MyoRod@35f472ff
Crazy forceSum in boxOfActin.MyoRod@1ec17122
Crazy forceSum in boxOfActin.MyoRod@131dabb9
Crazy forceSum in boxOfActin.MyoRod@7710e923
Crazy forceSum in boxOfActin.MyoRod@61e51eb4
Crazy forceSum in boxOfActin.MyoRod@74b83bcb
Crazy forceSum in boxOfActin.MyoRod@a061686
Crazy forceSum in boxOfActin.MyoRod@7a2faf14
Crazy forceSum in boxOfActin.MyoRod@33761e5b
Crazy forceSum in boxOfActin.MyoMiniFilament@38864c5f
Crazy torqueSum in boxOfActin.MyoMiniFilament@38864c5f
Crazy forceSum in boxOfActin.MyoRod@327e272f
Crazy forceSum in boxOfActin.MyoRod@777caf04
Crazy forceSum in boxOfActin.MyoRod@7d12f100
Crazy forceSum in boxOfActin.MyoRod@4641dbc0
Crazy forceSum in boxOfActin.MyoRod@5c5db78
Crazy forceSum in boxOfActin.MyoRod@1753504b
Crazy forceSum in boxOfActin.MyoRod@7da32950
Crazy forceSum in boxOfActin.MyoRod@35f472ff
Crazy forceSum in boxOfActin.MyoRod@1ec17122
Crazy forceSum in boxOfActin.MyoRod@131dabb9
Crazy forceSum in boxOfActin.MyoRod@7710e923
Crazy forceSum in boxOfActin.MyoRod@61e51eb4
Crazy forceSum in boxOfActin.MyoRod@74b83bcb
Crazy forceSum in boxOfActin.MyoRod@a061686
Crazy forceSum in boxOfActin.MyoRod@7a2faf14
Crazy forceSum in boxOfActin.MyoRod@33761e5b
Crazy forceSum in boxOfActin.MyoMiniFilament@38864c5f
Crazy torqueSum in boxOfActin.MyoMiniFilament@38864c5f
Crazy forceSum in boxOfActin.MyoRod@327e272f
Crazy forceSum in boxOfActin.MyoRod@777caf04
Crazy forceSum in boxOfActin.MyoRod@7d12f100
Crazy forceSum in boxOfActin.MyoRod@4641dbc0
Crazy forceSum in boxOfActin.MyoRod@5c5db78
Crazy forceSum in boxOfActin.MyoRod@1753504b
Crazy forceSum in boxOfActin.MyoRod@7da32950
Crazy forceSum in boxOfActin.MyoRod@35f472ff
Crazy forceSum in boxOfActin.MyoRod@1ec17122
Crazy forceSum in boxOfActin.MyoRod@131dabb9
Crazy forceSum in boxOfActin.MyoRod@7710e923
Crazy forceSum in boxOfActin.MyoRod@61e51eb4
Crazy forceSum in boxOfActin.MyoRod@74b83bcb
Crazy forceSum in boxOfActin.MyoRod@a061686
Crazy forceSum in boxOfActin.MyoRod@7a2faf14
Crazy forceSum in boxOfActin.MyoRod@33761e5b
Crazy forceSum in boxOfActin.MyoMiniFilament@38864c5f
Crazy torqueSum in boxOfActin.MyoMiniFilament@38864c5f
Crazy forceSum in boxOfActin.MyoRod@327e272f
Crazy forceSum in boxOfActin.MyoRod@777caf04
Crazy forceSum in boxOfActin.MyoRod@7d12f100
Crazy forceSum in boxOfActin.MyoRod@4641dbc0
Crazy forceSum in boxOfActin.MyoRod@5c5db78
Crazy forceSum in boxOfActin.MyoRod@1753504b
Crazy forceSum in boxOfActin.MyoRod@7da32950
Crazy forceSum in boxOfActin.MyoRod@35f472ff
Crazy forceSum in boxOfActin.MyoRod@1ec17122
Crazy forceSum in boxOfActin.MyoRod@131dabb9
Crazy forceSum in boxOfActin.MyoRod@7710e923
Crazy forceSum in boxOfActin.MyoRod@61e51eb4
Crazy forceSum in boxOfActin.MyoRod@74b83bcb
Crazy forceSum in boxOfActin.MyoRod@a061686
Crazy forceSum in boxOfActin.MyoRod@7a2faf14
Crazy forceSum in boxOfActin.MyoRod@33761e5b
Crazy forceSum in boxOfActin.MyoMiniFilament@38864c5f
Crazy torqueSum in boxOfActin.MyoMiniFilament@38864c5f
Crazy forceSum in boxOfActin.MyoRod@327e272f
Crazy forceSum in boxOfActin.MyoRod@777caf04
Crazy forceSum in boxOfActin.MyoRod@7d12f100
Crazy forceSum in boxOfActin.MyoRod@4641dbc0
Crazy forceSum in boxOfActin.MyoRod@5c5db78
Crazy forceSum in boxOfActin.MyoRod@1753504b
Crazy forceSum in boxOfActin.MyoRod@7da32950
Crazy forceSum in boxOfActin.MyoRod@35f472ff
Crazy forceSum in boxOfActin.MyoRod@1ec17122
Crazy forceSum in boxOfActin.MyoRod@131dabb9
Crazy forceSum in boxOfActin.MyoRod@7710e923
Crazy forceSum in boxOfActin.MyoRod@61e51eb4
Crazy forceSum in boxOfActin.MyoRod@74b83bcb
Crazy forceSum in boxOfActin.MyoRod@a061686
Crazy forceSum in boxOfActin.MyoRod@7a2faf14
Crazy forceSum in boxOfActin.MyoRod@33761e5b
Crazy forceSum in boxOfActin.MyoMiniFilament@38864c5f
Crazy torqueSum in boxOfActin.MyoMiniFilament@38864c5f
Crazy forceSum in boxOfActin.MyoRod@327e272f
Crazy forceSum in boxOfActin.MyoRod@777caf04
Crazy forceSum in boxOfActin.MyoRod@7d12f100
Crazy forceSum in boxOfActin.MyoRod@4641dbc0
Crazy forceSum in boxOfActin.MyoRod@5c5db78
Crazy forceSum in boxOfActin.MyoRod@1753504b
Crazy forceSum in boxOfActin.MyoRod@7da32950
Crazy forceSum in boxOfActin.MyoRod@35f472ff
Crazy forceSum in boxOfActin.MyoRod@1ec17122
Crazy forceSum in boxOfActin.MyoRod@131dabb9
Crazy forceSum in boxOfActin.MyoRod@7710e923
Crazy forceSum in boxOfActin.MyoRod@61e51eb4
Crazy forceSum in boxOfActin.MyoRod@74b83bcb
Crazy forceSum in boxOfActin.MyoRod@a061686
Crazy forceSum in boxOfActin.MyoRod@7a2faf14
Crazy forceSum in boxOfActin.MyoRod@33761e5b
Crazy forceSum in boxOfActin.MyoMiniFilament@38864c5f
Crazy torqueSum in boxOfActin.MyoMiniFilament@38864c5f
Crazy forceSum in boxOfActin.MyoRod@327e272f
Crazy forceSum in boxOfActin.MyoRod@777caf04
Crazy forceSum in boxOfActin.MyoRod@7d12f100
Crazy forceSum in boxOfActin.MyoRod@4641dbc0
Crazy forceSum in boxOfActin.MyoRod@5c5db78
Crazy forceSum in boxOfActin.MyoRod@1753504b
Crazy forceSum in boxOfActin.MyoRod@7da32950
Crazy forceSum in boxOfActin.MyoRod@35f472ff
Crazy forceSum in boxOfActin.MyoRod@1ec17122
Crazy forceSum in boxOfActin.MyoRod@131dabb9
Crazy forceSum in boxOfActin.MyoRod@7710e923
Crazy forceSum in boxOfActin.MyoRod@61e51eb4
Crazy forceSum in boxOfActin.MyoRod@74b83bcb
Crazy forceSum in boxOfActin.MyoRod@a061686
Crazy forceSum in boxOfActin.MyoRod@7a2faf14
Crazy forceSum in boxOfActin.MyoRod@33761e5b
Crazy forceSum in boxOfActin.MyoMiniFilament@38864c5f
Crazy torqueSum in boxOfActin.MyoMiniFilament@38864c5f
Crazy forceSum in boxOfActin.MyoRod@327e272f
Crazy forceSum in boxOfActin.MyoRod@777caf04
Crazy forceSum in boxOfActin.MyoRod@7d12f100
Crazy forceSum in boxOfActin.MyoRod@4641dbc0
Crazy forceSum in boxOfActin.MyoRod@5c5db78
Crazy forceSum in boxOfActin.MyoRod@1753504b
Crazy forceSum in boxOfActin.MyoRod@7da32950
Crazy forceSum in boxOfActin.MyoRod@35f472ff
Crazy forceSum in boxOfActin.MyoRod@1ec17122
Crazy forceSum in boxOfActin.MyoRod@131dabb9
Crazy forceSum in boxOfActin.MyoRod@7710e923
Crazy forceSum in boxOfActin.MyoRod@61e51eb4
Crazy forceSum in boxOfActin.MyoRod@74b83bcb
Crazy forceSum in boxOfActin.MyoRod@a061686
Crazy forceSum in boxOfActin.MyoRod@7a2faf14
Crazy forceSum in boxOfActin.MyoRod@33761e5b
Crazy forceSum in boxOfActin.MyoMiniFilament@38864c5f
Crazy torqueSum in boxOfActin.MyoMiniFilament@38864c5f
Crazy forceSum in boxOfActin.MyoRod@327e272f
Crazy forceSum in boxOfActin.MyoRod@777caf04
Crazy forceSum in boxOfActin.MyoRod@7d12f100
Crazy forceSum in boxOfActin.MyoRod@4641dbc0
Crazy forceSum in boxOfActin.MyoRod@5c5db78
Crazy forceSum in boxOfActin.MyoRod@1753504b
Crazy forceSum in boxOfActin.MyoRod@7da32950
Crazy forceSum in boxOfActin.MyoRod@35f472ff
Crazy forceSum in boxOfActin.MyoRod@1ec17122
Crazy forceSum in boxOfActin.MyoRod@131dabb9
Crazy forceSum in boxOfActin.MyoRod@7710e923
Crazy forceSum in boxOfActin.MyoRod@61e51eb4
Crazy forceSum in boxOfActin.MyoRod@74b83bcb
Crazy forceSum in boxOfActin.MyoRod@a061686
Crazy forceSum in boxOfActin.MyoRod@7a2faf14
Crazy forceSum in boxOfActin.MyoRod@33761e5b
Crazy forceSum in boxOfActin.MyoMiniFilament@38864c5f
Crazy torqueSum in boxOfActin.MyoMiniFilament@38864c5f
Crazy forceSum in boxOfActin.MyoRod@327e272f
Crazy forceSum in boxOfActin.MyoRod@777caf04
Crazy forceSum in boxOfActin.MyoRod@7d12f100
Crazy forceSum in boxOfActin.MyoRod@4641dbc0
Crazy forceSum in boxOfActin.MyoRod@5c5db78
Crazy forceSum in boxOfActin.MyoRod@1753504b
Crazy forceSum in boxOfActin.MyoRod@7da32950
Crazy forceSum in boxOfActin.MyoRod@35f472ff
Crazy forceSum in boxOfActin.MyoRod@1ec17122
Crazy forceSum in boxOfActin.MyoRod@131dabb9
Crazy forceSum in boxOfActin.MyoRod@7710e923
Crazy forceSum in boxOfActin.MyoRod@61e51eb4
Crazy forceSum in boxOfActin.MyoRod@74b83bcb
Crazy forceSum in boxOfActin.MyoRod@a061686
Crazy forceSum in boxOfActin.MyoRod@7a2faf14
Crazy forceSum in boxOfActin.MyoRod@33761e5b
Crazy forceSum in boxOfActin.MyoMiniFilament@38864c5f
Crazy torqueSum in boxOfActin.MyoMiniFilament@38864c5f
Crazy forceSum in boxOfActin.MyoRod@327e272f
Crazy forceSum in boxOfActin.MyoRod@777caf04
Crazy forceSum in boxOfActin.MyoRod@7d12f100
Crazy forceSum in boxOfActin.MyoRod@4641dbc0
Crazy forceSum in boxOfActin.MyoRod@5c5db78
Crazy forceSum in boxOfActin.MyoRod@1753504b
Crazy forceSum in boxOfActin.MyoRod@7da32950
Crazy forceSum in boxOfActin.MyoRod@35f472ff
Crazy forceSum in boxOfActin.MyoRod@1ec17122
Crazy forceSum in boxOfActin.MyoRod@131dabb9
Crazy forceSum in boxOfActin.MyoRod@7710e923
Crazy forceSum in boxOfActin.MyoRod@61e51eb4
Crazy forceSum in boxOfActin.MyoRod@74b83bcb
Crazy forceSum in boxOfActin.MyoRod@a061686
Crazy forceSum in boxOfActin.MyoRod@7a2faf14
Crazy forceSum in boxOfActin.MyoRod@33761e5b
Crazy forceSum in boxOfActin.MyoMiniFilament@38864c5f
Crazy torqueSum in boxOfActin.MyoMiniFilament@38864c5f
Crazy forceSum in boxOfActin.MyoRod@327e272f
Crazy forceSum in boxOfActin.MyoRod@777caf04
Crazy forceSum in boxOfActin.MyoRod@7d12f100
Crazy forceSum in boxOfActin.MyoRod@4641dbc0
Crazy forceSum in boxOfActin.MyoRod@5c5db78
Crazy forceSum in boxOfActin.MyoRod@1753504b
Crazy forceSum in boxOfActin.MyoRod@7da32950
Crazy forceSum in boxOfActin.MyoRod@35f472ff
Crazy forceSum in boxOfActin.MyoRod@1ec17122
Crazy forceSum in boxOfActin.MyoRod@131dabb9
Crazy forceSum in boxOfActin.MyoRod@7710e923
Crazy forceSum in boxOfActin.MyoRod@61e51eb4
Crazy forceSum in boxOfActin.MyoRod@74b83bcb
Crazy forceSum in boxOfActin.MyoRod@a061686
Crazy forceSum in boxOfActin.MyoRod@7a2faf14
Crazy forceSum in boxOfActin.MyoRod@33761e5b
Crazy forceSum in boxOfActin.MyoMiniFilament@38864c5f
Crazy torqueSum in boxOfActin.MyoMiniFilament@38864c5f
Crazy forceSum in boxOfActin.MyoRod@327e272f
Crazy forceSum in boxOfActin.MyoRod@777caf04
Crazy forceSum in boxOfActin.MyoRod@7d12f100
Crazy forceSum in boxOfActin.MyoRod@4641dbc0
Crazy forceSum in boxOfActin.MyoRod@5c5db78
Crazy forceSum in boxOfActin.MyoRod@1753504b
Crazy forceSum in boxOfActin.MyoRod@7da32950
Crazy forceSum in boxOfActin.MyoRod@35f472ff
Crazy forceSum in boxOfActin.MyoRod@1ec17122
Crazy forceSum in boxOfActin.MyoRod@131dabb9
Crazy forceSum in boxOfActin.MyoRod@7710e923
Crazy forceSum in boxOfActin.MyoRod@61e51eb4
Crazy forceSum in boxOfActin.MyoRod@74b83bcb
Crazy forceSum in boxOfActin.MyoRod@a061686
Crazy forceSum in boxOfActin.MyoRod@7a2faf14
Crazy forceSum in boxOfActin.MyoRod@33761e5b
Crazy forceSum in boxOfActin.MyoMiniFilament@38864c5f
Crazy torqueSum in boxOfActin.MyoMiniFilament@38864c5f
Crazy forceSum in boxOfActin.MyoRod@327e272f
Crazy forceSum in boxOfActin.MyoRod@777caf04
Crazy forceSum in boxOfActin.MyoRod@7d12f100
Crazy forceSum in boxOfActin.MyoRod@4641dbc0
Crazy forceSum in boxOfActin.MyoRod@5c5db78
Crazy forceSum in boxOfActin.MyoRod@1753504b
Crazy forceSum in boxOfActin.MyoRod@7da32950
Crazy forceSum in boxOfActin.MyoRod@35f472ff
Crazy forceSum in boxOfActin.MyoRod@1ec17122
Crazy forceSum in boxOfActin.MyoRod@131dabb9
Crazy forceSum in boxOfActin.MyoRod@7710e923
Crazy forceSum in boxOfActin.MyoRod@61e51eb4
Crazy forceSum in boxOfActin.MyoRod@74b83bcb
Crazy forceSum in boxOfActin.MyoRod@a061686
Crazy forceSum in boxOfActin.MyoRod@7a2faf14
Crazy forceSum in boxOfActin.MyoRod@33761e5b
Crazy forceSum in boxOfActin.MyoMiniFilament@38864c5f
Crazy torqueSum in boxOfActin.MyoMiniFilament@38864c5f
Crazy forceSum in boxOfActin.MyoRod@327e272f
Crazy forceSum in boxOfActin.MyoRod@777caf04
Crazy forceSum in boxOfActin.MyoRod@7d12f100
Crazy forceSum in boxOfActin.MyoRod@4641dbc0
Crazy forceSum in boxOfActin.MyoRod@5c5db78
Crazy forceSum in boxOfActin.MyoRod@1753504b
Crazy forceSum in boxOfActin.MyoRod@7da32950
Crazy forceSum in boxOfActin.MyoRod@35f472ff
Crazy forceSum in boxOfActin.MyoRod@1ec17122
Crazy forceSum in boxOfActin.MyoRod@131dabb9
Crazy forceSum in boxOfActin.MyoRod@7710e923
Crazy forceSum in boxOfActin.MyoRod@61e51eb4
Crazy forceSum in boxOfActin.MyoRod@74b83bcb
Crazy forceSum in boxOfActin.MyoRod@a061686
Crazy forceSum in boxOfActin.MyoRod@7a2faf14
Crazy forceSum in boxOfActin.MyoRod@33761e5b
Crazy forceSum in boxOfActin.MyoMiniFilament@38864c5f
Crazy torqueSum in boxOfActin.MyoMiniFilament@38864c5f
Crazy forceSum in boxOfActin.MyoRod@327e272f
Crazy forceSum in boxOfActin.MyoRod@777caf04
Crazy forceSum in boxOfActin.MyoRod@7d12f100
Crazy forceSum in boxOfActin.MyoRod@4641dbc0
Crazy forceSum in boxOfActin.MyoRod@5c5db78
Crazy forceSum in boxOfActin.MyoRod@1753504b
Crazy forceSum in boxOfActin.MyoRod@7da32950
Crazy forceSum in boxOfActin.MyoRod@35f472ff
Crazy forceSum in boxOfActin.MyoRod@1ec17122
Crazy forceSum in boxOfActin.MyoRod@131dabb9
Crazy forceSum in boxOfActin.MyoRod@7710e923
Crazy forceSum in boxOfActin.MyoRod@61e51eb4
Crazy forceSum in boxOfActin.MyoRod@74b83bcb
Crazy forceSum in boxOfActin.MyoRod@a061686
Crazy forceSum in boxOfActin.MyoRod@7a2faf14
Crazy forceSum in boxOfActin.MyoRod@33761e5b
Crazy forceSum in boxOfActin.MyoMiniFilament@38864c5f
Crazy torqueSum in boxOfActin.MyoMiniFilament@38864c5f
Crazy forceSum in boxOfActin.MyoRod@327e272f
Crazy forceSum in boxOfActin.MyoRod@777caf04
Crazy forceSum in boxOfActin.MyoRod@7d12f100
Crazy forceSum in boxOfActin.MyoRod@4641dbc0
Crazy forceSum in boxOfActin.MyoRod@5c5db78
Crazy forceSum in boxOfActin.MyoRod@1753504b
Crazy forceSum in boxOfActin.MyoRod@7da32950
Crazy forceSum in boxOfActin.MyoRod@35f472ff
Crazy forceSum in boxOfActin.MyoRod@1ec17122
Crazy forceSum in boxOfActin.MyoRod@131dabb9
Crazy forceSum in boxOfActin.MyoRod@7710e923
Crazy forceSum in boxOfActin.MyoRod@61e51eb4
Crazy forceSum in boxOfActin.MyoRod@74b83bcb
Crazy forceSum in boxOfActin.MyoRod@a061686
Crazy forceSum in boxOfActin.MyoRod@7a2faf14
Crazy forceSum in boxOfActin.MyoRod@33761e5b
Crazy forceSum in boxOfActin.MyoMiniFilament@38864c5f
Crazy torqueSum in boxOfActin.MyoMiniFilament@38864c5f
Crazy forceSum in boxOfActin.MyoRod@327e272f
Crazy forceSum in boxOfActin.MyoRod@777caf04
Crazy forceSum in boxOfActin.MyoRod@7d12f100
Crazy forceSum in boxOfActin.MyoRod@4641dbc0
Crazy forceSum in boxOfActin.MyoRod@5c5db78
Crazy forceSum in boxOfActin.MyoRod@1753504b
Crazy forceSum in boxOfActin.MyoRod@7da32950
Crazy forceSum in boxOfActin.MyoRod@35f472ff
Crazy forceSum in boxOfActin.MyoRod@1ec17122
Crazy forceSum in boxOfActin.MyoRod@131dabb9
Crazy forceSum in boxOfActin.MyoRod@7710e923
Crazy forceSum in boxOfActin.MyoRod@61e51eb4
Crazy forceSum in boxOfActin.MyoRod@74b83bcb
Crazy forceSum in boxOfActin.MyoRod@a061686
Crazy forceSum in boxOfActin.MyoRod@7a2faf14
Crazy forceSum in boxOfActin.MyoRod@33761e5b
Crazy forceSum in boxOfActin.MyoMiniFilament@38864c5f
Crazy torqueSum in boxOfActin.MyoMiniFilament@38864c5f
Crazy forceSum in boxOfActin.MyoRod@327e272f
Crazy forceSum in boxOfActin.MyoRod@777caf04
Crazy forceSum in boxOfActin.MyoRod@7d12f100
Crazy forceSum in boxOfActin.MyoRod@4641dbc0
Crazy forceSum in boxOfActin.MyoRod@5c5db78
Crazy forceSum in boxOfActin.MyoRod@1753504b
Crazy forceSum in boxOfActin.MyoRod@7da32950
Crazy forceSum in boxOfActin.MyoRod@35f472ff
Crazy forceSum in boxOfActin.MyoRod@1ec17122
Crazy forceSum in boxOfActin.MyoRod@131dabb9
Crazy forceSum in boxOfActin.MyoRod@7710e923
Crazy forceSum in boxOfActin.MyoRod@61e51eb4
Crazy forceSum in boxOfActin.MyoRod@74b83bcb
Crazy forceSum in boxOfActin.MyoRod@a061686
Crazy forceSum in boxOfActin.MyoRod@7a2faf14
Crazy forceSum in boxOfActin.MyoRod@33761e5b
Crazy forceSum in boxOfActin.MyoMiniFilament@38864c5f
Crazy torqueSum in boxOfActin.MyoMiniFilament@38864c5f
Crazy forceSum in boxOfActin.MyoRod@327e272f
Crazy forceSum in boxOfActin.MyoRod@777caf04
Crazy forceSum in boxOfActin.MyoRod@7d12f100
Crazy forceSum in boxOfActin.MyoRod@4641dbc0
Crazy forceSum in boxOfActin.MyoRod@5c5db78
Crazy forceSum in boxOfActin.MyoRod@1753504b
Crazy forceSum in boxOfActin.MyoRod@7da32950
Crazy forceSum in boxOfActin.MyoRod@35f472ff
Crazy forceSum in boxOfActin.MyoRod@1ec17122
Crazy forceSum in boxOfActin.MyoRod@131dabb9
Crazy forceSum in boxOfActin.MyoRod@7710e923
Crazy forceSum in boxOfActin.MyoRod@61e51eb4
Crazy forceSum in boxOfActin.MyoRod@74b83bcb
Crazy forceSum in boxOfActin.MyoRod@a061686
Crazy forceSum in boxOfActin.MyoRod@7a2faf14
Crazy forceSum in boxOfActin.MyoRod@33761e5b
Crazy forceSum in boxOfActin.MyoMiniFilament@38864c5f
Crazy torqueSum in boxOfActin.MyoMiniFilament@38864c5f
Crazy forceSum in boxOfActin.MyoRod@327e272f
Crazy forceSum in boxOfActin.MyoRod@777caf04
Crazy forceSum in boxOfActin.MyoRod@7d12f100
Crazy forceSum in boxOfActin.MyoRod@4641dbc0
Crazy forceSum in boxOfActin.MyoRod@5c5db78
Crazy forceSum in boxOfActin.MyoRod@1753504b
Crazy forceSum in boxOfActin.MyoRod@7da32950
Crazy forceSum in boxOfActin.MyoRod@35f472ff
Crazy forceSum in boxOfActin.MyoRod@1ec17122
Crazy forceSum in boxOfActin.MyoRod@131dabb9
Crazy forceSum in boxOfActin.MyoRod@7710e923
Crazy forceSum in boxOfActin.MyoRod@61e51eb4
Crazy forceSum in boxOfActin.MyoRod@74b83bcb
Crazy forceSum in boxOfActin.MyoRod@a061686
Crazy forceSum in boxOfActin.MyoRod@7a2faf14
Crazy forceSum in boxOfActin.MyoRod@33761e5b
Crazy forceSum in boxOfActin.MyoMiniFilament@38864c5f
Crazy torqueSum in boxOfActin.MyoMiniFilament@38864c5f
Crazy forceSum in boxOfActin.MyoRod@327e272f
Crazy forceSum in boxOfActin.MyoRod@777caf04
Crazy forceSum in boxOfActin.MyoRod@7d12f100
Crazy forceSum in boxOfActin.MyoRod@4641dbc0
Crazy forceSum in boxOfActin.MyoRod@5c5db78
Crazy forceSum in boxOfActin.MyoRod@1753504b
Crazy forceSum in boxOfActin.MyoRod@7da32950
Crazy forceSum in boxOfActin.MyoRod@35f472ff
Crazy forceSum in boxOfActin.MyoRod@1ec17122
Crazy forceSum in boxOfActin.MyoRod@131dabb9
Crazy forceSum in boxOfActin.MyoRod@7710e923
Crazy forceSum in boxOfActin.MyoRod@61e51eb4
Crazy forceSum in boxOfActin.MyoRod@74b83bcb
Crazy forceSum in boxOfActin.MyoRod@a061686
Crazy forceSum in boxOfActin.MyoRod@7a2faf14
Crazy forceSum in boxOfActin.MyoRod@33761e5b
Crazy forceSum in boxOfActin.MyoMiniFilament@38864c5f
Crazy torqueSum in boxOfActin.MyoMiniFilament@38864c5f
Crazy forceSum in boxOfActin.MyoRod@327e272f
Crazy forceSum in boxOfActin.MyoRod@777caf04
Crazy forceSum in boxOfActin.MyoRod@7d12f100
Crazy forceSum in boxOfActin.MyoRod@4641dbc0
Crazy forceSum in boxOfActin.MyoRod@5c5db78
Crazy forceSum in boxOfActin.MyoRod@1753504b
Crazy forceSum in boxOfActin.MyoRod@7da32950
Crazy forceSum in boxOfActin.MyoRod@35f472ff
Crazy forceSum in boxOfActin.MyoRod@1ec17122
Crazy forceSum in boxOfActin.MyoRod@131dabb9
Crazy forceSum in boxOfActin.MyoRod@7710e923
Crazy forceSum in boxOfActin.MyoRod@61e51eb4
Crazy forceSum in boxOfActin.MyoRod@74b83bcb
Crazy forceSum in boxOfActin.MyoRod@a061686
Crazy forceSum in boxOfActin.MyoRod@7a2faf14
Crazy forceSum in boxOfActin.MyoRod@33761e5b
Crazy forceSum in boxOfActin.MyoMiniFilament@38864c5f
Crazy torqueSum in boxOfActin.MyoMiniFilament@38864c5f
Crazy forceSum in boxOfActin.MyoRod@327e272f
Crazy forceSum in boxOfActin.MyoRod@777caf04
Crazy forceSum in boxOfActin.MyoRod@7d12f100
Crazy forceSum in boxOfActin.MyoRod@4641dbc0
Crazy forceSum in boxOfActin.MyoRod@5c5db78
Crazy forceSum in boxOfActin.MyoRod@1753504b
Crazy forceSum in boxOfActin.MyoRod@7da32950
Crazy forceSum in boxOfActin.MyoRod@35f472ff
Crazy forceSum in boxOfActin.MyoRod@1ec17122
Crazy forceSum in boxOfActin.MyoRod@131dabb9
Crazy forceSum in boxOfActin.MyoRod@7710e923
Crazy forceSum in boxOfActin.MyoRod@61e51eb4
Crazy forceSum in boxOfActin.MyoRod@74b83bcb
Crazy forceSum in boxOfActin.MyoRod@a061686
Crazy forceSum in boxOfActin.MyoRod@7a2faf14
Crazy forceSum in boxOfActin.MyoRod@33761e5b
Crazy forceSum in boxOfActin.MyoMiniFilament@38864c5f
Crazy torqueSum in boxOfActin.MyoMiniFilament@38864c5f
Crazy forceSum in boxOfActin.MyoRod@327e272f
Crazy forceSum in boxOfActin.MyoRod@777caf04
Crazy forceSum in boxOfActin.MyoRod@7d12f100
Crazy forceSum in boxOfActin.MyoRod@4641dbc0
Crazy forceSum in boxOfActin.MyoRod@5c5db78
Crazy forceSum in boxOfActin.MyoRod@1753504b
Crazy forceSum in boxOfActin.MyoRod@7da32950
Crazy forceSum in boxOfActin.MyoRod@35f472ff
Crazy forceSum in boxOfActin.MyoRod@1ec17122
Crazy forceSum in boxOfActin.MyoRod@131dabb9
Crazy forceSum in boxOfActin.MyoRod@7710e923
Crazy forceSum in boxOfActin.MyoRod@61e51eb4
Crazy forceSum in boxOfActin.MyoRod@74b83bcb
Crazy forceSum in boxOfActin.MyoRod@a061686
Crazy forceSum in boxOfActin.MyoRod@7a2faf14
Crazy forceSum in boxOfActin.MyoRod@33761e5b
Crazy forceSum in boxOfActin.MyoMiniFilament@38864c5f
Crazy torqueSum in boxOfActin.MyoMiniFilament@38864c5f
Crazy forceSum in boxOfActin.MyoRod@327e272f
Crazy forceSum in boxOfActin.MyoRod@777caf04
Crazy forceSum in boxOfActin.MyoRod@7d12f100
Crazy forceSum in boxOfActin.MyoRod@4641dbc0
Crazy forceSum in boxOfActin.MyoRod@5c5db78
Crazy forceSum in boxOfActin.MyoRod@1753504b
Crazy forceSum in boxOfActin.MyoRod@7da32950
Crazy forceSum in boxOfActin.MyoRod@35f472ff
Crazy forceSum in boxOfActin.MyoRod@1ec17122
Crazy forceSum in boxOfActin.MyoRod@131dabb9
Crazy forceSum in boxOfActin.MyoRod@7710e923
Crazy forceSum in boxOfActin.MyoRod@61e51eb4
Crazy forceSum in boxOfActin.MyoRod@74b83bcb
Crazy forceSum in boxOfActin.MyoRod@a061686
Crazy forceSum in boxOfActin.MyoRod@7a2faf14
Crazy forceSum in boxOfActin.MyoRod@33761e5b
Crazy forceSum in boxOfActin.MyoMiniFilament@38864c5f
Crazy torqueSum in boxOfActin.MyoMiniFilament@38864c5f
Crazy forceSum in boxOfActin.MyoRod@327e272f
Crazy forceSum in boxOfActin.MyoRod@777caf04
Crazy forceSum in boxOfActin.MyoRod@7d12f100
Crazy forceSum in boxOfActin.MyoRod@4641dbc0
Crazy forceSum in boxOfActin.MyoRod@5c5db78
Crazy forceSum in boxOfActin.MyoRod@1753504b
Crazy forceSum in boxOfActin.MyoRod@7da32950
Crazy forceSum in boxOfActin.MyoRod@35f472ff
Crazy forceSum in boxOfActin.MyoRod@1ec17122
Crazy forceSum in boxOfActin.MyoRod@131dabb9
Crazy forceSum in boxOfActin.MyoRod@7710e923
Crazy forceSum in boxOfActin.MyoRod@61e51eb4
Crazy forceSum in boxOfActin.MyoRod@74b83bcb
Crazy forceSum in boxOfActin.MyoRod@a061686
Crazy forceSum in boxOfActin.MyoRod@7a2faf14
Crazy forceSum in boxOfActin.MyoRod@33761e5b
Crazy forceSum in boxOfActin.MyoMiniFilament@38864c5f
Crazy torqueSum in boxOfActin.MyoMiniFilament@38864c5f
Crazy forceSum in boxOfActin.MyoRod@327e272f
Crazy forceSum in boxOfActin.MyoRod@777caf04
Crazy forceSum in boxOfActin.MyoRod@7d12f100
Crazy forceSum in boxOfActin.MyoRod@4641dbc0
Crazy forceSum in boxOfActin.MyoRod@5c5db78
Crazy forceSum in boxOfActin.MyoRod@1753504b
Crazy forceSum in boxOfActin.MyoRod@7da32950
Crazy forceSum in boxOfActin.MyoRod@35f472ff
Crazy forceSum in boxOfActin.MyoRod@1ec17122
Crazy forceSum in boxOfActin.MyoRod@131dabb9
Crazy forceSum in boxOfActin.MyoRod@7710e923
Crazy forceSum in boxOfActin.MyoRod@61e51eb4
Crazy forceSum in boxOfActin.MyoRod@74b83bcb
Crazy forceSum in boxOfActin.MyoRod@a061686
Crazy forceSum in boxOfActin.MyoRod@7a2faf14
Crazy forceSum in boxOfActin.MyoRod@33761e5b
Crazy forceSum in boxOfActin.MyoMiniFilament@38864c5f
Crazy torqueSum in boxOfActin.MyoMiniFilament@38864c5f
Crazy forceSum in boxOfActin.MyoRod@327e272f
Crazy forceSum in boxOfActin.MyoRod@777caf04
Crazy forceSum in boxOfActin.MyoRod@7d12f100
Crazy forceSum in boxOfActin.MyoRod@4641dbc0
Crazy forceSum in boxOfActin.MyoRod@5c5db78
Crazy forceSum in boxOfActin.MyoRod@1753504b
Crazy forceSum in boxOfActin.MyoRod@7da32950
Crazy forceSum in boxOfActin.MyoRod@35f472ff
Crazy forceSum in boxOfActin.MyoRod@1ec17122
Crazy forceSum in boxOfActin.MyoRod@131dabb9
Crazy forceSum in boxOfActin.MyoRod@7710e923
Crazy forceSum in boxOfActin.MyoRod@61e51eb4
Crazy forceSum in boxOfActin.MyoRod@74b83bcb
Crazy forceSum in boxOfActin.MyoRod@a061686
Crazy forceSum in boxOfActin.MyoRod@7a2faf14
Crazy forceSum in boxOfActin.MyoRod@33761e5b
Crazy forceSum in boxOfActin.MyoMiniFilament@38864c5f
Crazy torqueSum in boxOfActin.MyoMiniFilament@38864c5f
Crazy forceSum in boxOfActin.MyoRod@327e272f
Crazy forceSum in boxOfActin.MyoRod@777caf04
Crazy forceSum in boxOfActin.MyoRod@7d12f100
Crazy forceSum in boxOfActin.MyoRod@4641dbc0
Crazy forceSum in boxOfActin.MyoRod@5c5db78
Crazy forceSum in boxOfActin.MyoRod@1753504b
Crazy forceSum in boxOfActin.MyoRod@7da32950
Crazy forceSum in boxOfActin.MyoRod@35f472ff
Crazy forceSum in boxOfActin.MyoRod@1ec17122
Crazy forceSum in boxOfActin.MyoRod@131dabb9
Crazy forceSum in boxOfActin.MyoRod@7710e923
Crazy forceSum in boxOfActin.MyoRod@61e51eb4
Crazy forceSum in boxOfActin.MyoRod@74b83bcb
Crazy forceSum in boxOfActin.MyoRod@a061686
Crazy forceSum in boxOfActin.MyoRod@7a2faf14
Crazy forceSum in boxOfActin.MyoRod@33761e5b
Crazy forceSum in boxOfActin.MyoMiniFilament@38864c5f
Crazy torqueSum in boxOfActin.MyoMiniFilament@38864c5f
Crazy forceSum in boxOfActin.MyoRod@327e272f
Crazy forceSum in boxOfActin.MyoRod@777caf04
Crazy forceSum in boxOfActin.MyoRod@7d12f100
Crazy forceSum in boxOfActin.MyoRod@4641dbc0
Crazy forceSum in boxOfActin.MyoRod@5c5db78
Crazy forceSum in boxOfActin.MyoRod@1753504b
Crazy forceSum in boxOfActin.MyoRod@7da32950
Crazy forceSum in boxOfActin.MyoRod@35f472ff
Crazy forceSum in boxOfActin.MyoRod@1ec17122
Crazy forceSum in boxOfActin.MyoRod@131dabb9
Crazy forceSum in boxOfActin.MyoRod@7710e923
Crazy forceSum in boxOfActin.MyoRod@61e51eb4
Crazy forceSum in boxOfActin.MyoRod@74b83bcb
Crazy forceSum in boxOfActin.MyoRod@a061686
Crazy forceSum in boxOfActin.MyoRod@7a2faf14
Crazy forceSum in boxOfActin.MyoRod@33761e5b
Crazy forceSum in boxOfActin.MyoMiniFilament@38864c5f
Crazy torqueSum in boxOfActin.MyoMiniFilament@38864c5f
Crazy forceSum in boxOfActin.MyoRod@327e272f
Crazy forceSum in boxOfActin.MyoRod@777caf04
Crazy forceSum in boxOfActin.MyoRod@7d12f100
Crazy forceSum in boxOfActin.MyoRod@4641dbc0
Crazy forceSum in boxOfActin.MyoRod@5c5db78
Crazy forceSum in boxOfActin.MyoRod@1753504b
Crazy forceSum in boxOfActin.MyoRod@7da32950
Crazy forceSum in boxOfActin.MyoRod@35f472ff
Crazy forceSum in boxOfActin.MyoRod@1ec17122
Crazy forceSum in boxOfActin.MyoRod@131dabb9
Crazy forceSum in boxOfActin.MyoRod@7710e923
Crazy forceSum in boxOfActin.MyoRod@61e51eb4
Crazy forceSum in boxOfActin.MyoRod@74b83bcb
Crazy forceSum in boxOfActin.MyoRod@a061686
Crazy forceSum in boxOfActin.MyoRod@7a2faf14
Crazy forceSum in boxOfActin.MyoRod@33761e5b
Crazy forceSum in boxOfActin.MyoMiniFilament@38864c5f
Crazy torqueSum in boxOfActin.MyoMiniFilament@38864c5f
Crazy forceSum in boxOfActin.MyoRod@327e272f
Crazy forceSum in boxOfActin.MyoRod@777caf04
Crazy forceSum in boxOfActin.MyoRod@7d12f100
Crazy forceSum in boxOfActin.MyoRod@4641dbc0
Crazy forceSum in boxOfActin.MyoRod@5c5db78
Crazy forceSum in boxOfActin.MyoRod@1753504b
Crazy forceSum in boxOfActin.MyoRod@7da32950
Crazy forceSum in boxOfActin.MyoRod@35f472ff
Crazy forceSum in boxOfActin.MyoRod@1ec17122
Crazy forceSum in boxOfActin.MyoRod@131dabb9
Crazy forceSum in boxOfActin.MyoRod@7710e923
Crazy forceSum in boxOfActin.MyoRod@61e51eb4
Crazy forceSum in boxOfActin.MyoRod@74b83bcb
Crazy forceSum in boxOfActin.MyoRod@a061686
Crazy forceSum in boxOfActin.MyoRod@7a2faf14
Crazy forceSum in boxOfActin.MyoRod@33761e5b
Crazy forceSum in boxOfActin.MyoMiniFilament@38864c5f
Crazy torqueSum in boxOfActin.MyoMiniFilament@38864c5f
Crazy forceSum in boxOfActin.MyoRod@327e272f
Crazy forceSum in boxOfActin.MyoRod@777caf04
Crazy forceSum in boxOfActin.MyoRod@7d12f100
Crazy forceSum in boxOfActin.MyoRod@4641dbc0
Crazy forceSum in boxOfActin.MyoRod@5c5db78
Crazy forceSum in boxOfActin.MyoRod@1753504b
Crazy forceSum in boxOfActin.MyoRod@7da32950
Crazy forceSum in boxOfActin.MyoRod@35f472ff
Crazy forceSum in boxOfActin.MyoRod@1ec17122
Crazy forceSum in boxOfActin.MyoRod@131dabb9
Crazy forceSum in boxOfActin.MyoRod@7710e923
Crazy forceSum in boxOfActin.MyoRod@61e51eb4
Crazy forceSum in boxOfActin.MyoRod@74b83bcb
Crazy forceSum in boxOfActin.MyoRod@a061686
Crazy forceSum in boxOfActin.MyoRod@7a2faf14
Crazy forceSum in boxOfActin.MyoRod@33761e5b
Crazy forceSum in boxOfActin.MyoMiniFilament@38864c5f
Crazy torqueSum in boxOfActin.MyoMiniFilament@38864c5f
Crazy forceSum in boxOfActin.MyoRod@327e272f
Crazy forceSum in boxOfActin.MyoRod@777caf04
Crazy forceSum in boxOfActin.MyoRod@7d12f100
Crazy forceSum in boxOfActin.MyoRod@4641dbc0
Crazy forceSum in boxOfActin.MyoRod@5c5db78
Crazy forceSum in boxOfActin.MyoRod@1753504b
Crazy forceSum in boxOfActin.MyoRod@7da32950
Crazy forceSum in boxOfActin.MyoRod@35f472ff
Crazy forceSum in boxOfActin.MyoRod@1ec17122
Crazy forceSum in boxOfActin.MyoRod@131dabb9
Crazy forceSum in boxOfActin.MyoRod@7710e923
Crazy forceSum in boxOfActin.MyoRod@61e51eb4
Crazy forceSum in boxOfActin.MyoRod@74b83bcb
Crazy forceSum in boxOfActin.MyoRod@a061686
Crazy forceSum in boxOfActin.MyoRod@7a2faf14
Crazy forceSum in boxOfActin.MyoRod@33761e5b
Crazy forceSum in boxOfActin.MyoMiniFilament@38864c5f
Crazy torqueSum in boxOfActin.MyoMiniFilament@38864c5f
Crazy forceSum in boxOfActin.MyoRod@327e272f
Crazy forceSum in boxOfActin.MyoRod@777caf04
Crazy forceSum in boxOfActin.MyoRod@7d12f100
Crazy forceSum in boxOfActin.MyoRod@4641dbc0
Crazy forceSum in boxOfActin.MyoRod@5c5db78
Crazy forceSum in boxOfActin.MyoRod@1753504b
Crazy forceSum in boxOfActin.MyoRod@7da32950
Crazy forceSum in boxOfActin.MyoRod@35f472ff
Crazy forceSum in boxOfActin.MyoRod@1ec17122
Crazy forceSum in boxOfActin.MyoRod@131dabb9
Crazy forceSum in boxOfActin.MyoRod@7710e923
Crazy forceSum in boxOfActin.MyoRod@61e51eb4
Crazy forceSum in boxOfActin.MyoRod@74b83bcb
Crazy forceSum in boxOfActin.MyoRod@a061686
Crazy forceSum in boxOfActin.MyoRod@7a2faf14
Crazy forceSum in boxOfActin.MyoRod@33761e5b
Crazy forceSum in boxOfActin.MyoMiniFilament@38864c5f
Crazy torqueSum in boxOfActin.MyoMiniFilament@38864c5f
Crazy forceSum in boxOfActin.MyoRod@327e272f
Crazy forceSum in boxOfActin.MyoRod@777caf04
Crazy forceSum in boxOfActin.MyoRod@7d12f100
Crazy forceSum in boxOfActin.MyoRod@4641dbc0
Crazy forceSum in boxOfActin.MyoRod@5c5db78
Crazy forceSum in boxOfActin.MyoRod@1753504b
Crazy forceSum in boxOfActin.MyoRod@7da32950
Crazy forceSum in boxOfActin.MyoRod@35f472ff
Crazy forceSum in boxOfActin.MyoRod@1ec17122
Crazy forceSum in boxOfActin.MyoRod@131dabb9
Crazy forceSum in boxOfActin.MyoRod@7710e923
Crazy forceSum in boxOfActin.MyoRod@61e51eb4
Crazy forceSum in boxOfActin.MyoRod@74b83bcb
Crazy forceSum in boxOfActin.MyoRod@a061686
Crazy forceSum in boxOfActin.MyoRod@7a2faf14
Crazy forceSum in boxOfActin.MyoRod@33761e5b
Crazy forceSum in boxOfActin.MyoMiniFilament@38864c5f
Crazy torqueSum in boxOfActin.MyoMiniFilament@38864c5f
Crazy forceSum in boxOfActin.MyoRod@327e272f
Crazy forceSum in boxOfActin.MyoRod@777caf04
Crazy forceSum in boxOfActin.MyoRod@7d12f100
Crazy forceSum in boxOfActin.MyoRod@4641dbc0
Crazy forceSum in boxOfActin.MyoRod@5c5db78
Crazy forceSum in boxOfActin.MyoRod@1753504b
Crazy forceSum in boxOfActin.MyoRod@7da32950
Crazy forceSum in boxOfActin.MyoRod@35f472ff
Crazy forceSum in boxOfActin.MyoRod@1ec17122
Crazy forceSum in boxOfActin.MyoRod@131dabb9
Crazy forceSum in boxOfActin.MyoRod@7710e923
Crazy forceSum in boxOfActin.MyoRod@61e51eb4
Crazy forceSum in boxOfActin.MyoRod@74b83bcb
Crazy forceSum in boxOfActin.MyoRod@a061686
Crazy forceSum in boxOfActin.MyoRod@7a2faf14
Crazy forceSum in boxOfActin.MyoRod@33761e5b
Crazy forceSum in boxOfActin.MyoMiniFilament@38864c5f
Crazy torqueSum in boxOfActin.MyoMiniFilament@38864c5f
Crazy forceSum in boxOfActin.MyoRod@327e272f
Crazy forceSum in boxOfActin.MyoRod@777caf04
Crazy forceSum in boxOfActin.MyoRod@7d12f100
Crazy forceSum in boxOfActin.MyoRod@4641dbc0
Crazy forceSum in boxOfActin.MyoRod@5c5db78
Crazy forceSum in boxOfActin.MyoRod@1753504b
Crazy forceSum in boxOfActin.MyoRod@7da32950
Crazy forceSum in boxOfActin.MyoRod@35f472ff
Crazy forceSum in boxOfActin.MyoRod@1ec17122
Crazy forceSum in boxOfActin.MyoRod@131dabb9
Crazy forceSum in boxOfActin.MyoRod@7710e923
Crazy forceSum in boxOfActin.MyoRod@61e51eb4
Crazy forceSum in boxOfActin.MyoRod@74b83bcb
Crazy forceSum in boxOfActin.MyoRod@a061686
Crazy forceSum in boxOfActin.MyoRod@7a2faf14
Crazy forceSum in boxOfActin.MyoRod@33761e5b
Crazy forceSum in boxOfActin.MyoMiniFilament@38864c5f
Crazy torqueSum in boxOfActin.MyoMiniFilament@38864c5f
Crazy forceSum in boxOfActin.MyoRod@327e272f
Crazy forceSum in boxOfActin.MyoRod@777caf04
Crazy forceSum in boxOfActin.MyoRod@7d12f100
Crazy forceSum in boxOfActin.MyoRod@4641dbc0
Crazy forceSum in boxOfActin.MyoRod@5c5db78
Crazy forceSum in boxOfActin.MyoRod@1753504b
Crazy forceSum in boxOfActin.MyoRod@7da32950
Crazy forceSum in boxOfActin.MyoRod@35f472ff
Crazy forceSum in boxOfActin.MyoRod@1ec17122
Crazy forceSum in boxOfActin.MyoRod@131dabb9
Crazy forceSum in boxOfActin.MyoRod@7710e923
Crazy forceSum in boxOfActin.MyoRod@61e51eb4
Crazy forceSum in boxOfActin.MyoRod@74b83bcb
Crazy forceSum in boxOfActin.MyoRod@a061686
Crazy forceSum in boxOfActin.MyoRod@7a2faf14
Crazy forceSum in boxOfActin.MyoRod@33761e5b
Crazy forceSum in boxOfActin.MyoMiniFilament@38864c5f
Crazy torqueSum in boxOfActin.MyoMiniFilament@38864c5f
Crazy forceSum in boxOfActin.MyoRod@327e272f
Crazy forceSum in boxOfActin.MyoRod@777caf04
Crazy forceSum in boxOfActin.MyoRod@7d12f100
Crazy forceSum in boxOfActin.MyoRod@4641dbc0
Crazy forceSum in boxOfActin.MyoRod@5c5db78
Crazy forceSum in boxOfActin.MyoRod@1753504b
Crazy forceSum in boxOfActin.MyoRod@7da32950
Crazy forceSum in boxOfActin.MyoRod@35f472ff
Crazy forceSum in boxOfActin.MyoRod@1ec17122
Crazy forceSum in boxOfActin.MyoRod@131dabb9
Crazy forceSum in boxOfActin.MyoRod@7710e923
Crazy forceSum in boxOfActin.MyoRod@61e51eb4
Crazy forceSum in boxOfActin.MyoRod@74b83bcb
Crazy forceSum in boxOfActin.MyoRod@a061686
Crazy forceSum in boxOfActin.MyoRod@7a2faf14
Crazy forceSum in boxOfActin.MyoRod@33761e5b
Crazy forceSum in boxOfActin.MyoMiniFilament@38864c5f
Crazy torqueSum in boxOfActin.MyoMiniFilament@38864c5f
Crazy forceSum in boxOfActin.MyoRod@327e272f
Crazy forceSum in boxOfActin.MyoRod@777caf04
Crazy forceSum in boxOfActin.MyoRod@7d12f100
Crazy forceSum in boxOfActin.MyoRod@4641dbc0
Crazy forceSum in boxOfActin.MyoRod@5c5db78
Crazy forceSum in boxOfActin.MyoRod@1753504b
Crazy forceSum in boxOfActin.MyoRod@7da32950
Crazy forceSum in boxOfActin.MyoRod@35f472ff
Crazy forceSum in boxOfActin.MyoRod@1ec17122
Crazy forceSum in boxOfActin.MyoRod@131dabb9
Crazy forceSum in boxOfActin.MyoRod@7710e923
Crazy forceSum in boxOfActin.MyoRod@61e51eb4
Crazy forceSum in boxOfActin.MyoRod@74b83bcb
Crazy forceSum in boxOfActin.MyoRod@a061686
Crazy forceSum in boxOfActin.MyoRod@7a2faf14
Crazy forceSum in boxOfActin.MyoRod@33761e5b
Crazy forceSum in boxOfActin.MyoMiniFilament@38864c5f
Crazy torqueSum in boxOfActin.MyoMiniFilament@38864c5f
Crazy forceSum in boxOfActin.MyoRod@327e272f
Crazy forceSum in boxOfActin.MyoRod@777caf04
Crazy forceSum in boxOfActin.MyoRod@7d12f100
Crazy forceSum in boxOfActin.MyoRod@4641dbc0
Crazy forceSum in boxOfActin.MyoRod@5c5db78
Crazy forceSum in boxOfActin.MyoRod@1753504b
Crazy forceSum in boxOfActin.MyoRod@7da32950
Crazy forceSum in boxOfActin.MyoRod@35f472ff
Crazy forceSum in boxOfActin.MyoRod@1ec17122
Crazy forceSum in boxOfActin.MyoRod@131dabb9
Crazy forceSum in boxOfActin.MyoRod@7710e923
Crazy forceSum in boxOfActin.MyoRod@61e51eb4
Crazy forceSum in boxOfActin.MyoRod@74b83bcb
Crazy forceSum in boxOfActin.MyoRod@a061686
Crazy forceSum in boxOfActin.MyoRod@7a2faf14
Crazy forceSum in boxOfActin.MyoRod@33761e5b
Crazy forceSum in boxOfActin.MyoMiniFilament@38864c5f
Crazy torqueSum in boxOfActin.MyoMiniFilament@38864c5f
Crazy forceSum in boxOfActin.MyoRod@327e272f
Crazy forceSum in boxOfActin.MyoRod@777caf04
Crazy forceSum in boxOfActin.MyoRod@7d12f100
Crazy forceSum in boxOfActin.MyoRod@4641dbc0
Crazy forceSum in boxOfActin.MyoRod@5c5db78
Crazy forceSum in boxOfActin.MyoRod@1753504b
Crazy forceSum in boxOfActin.MyoRod@7da32950
Crazy forceSum in boxOfActin.MyoRod@35f472ff
Crazy forceSum in boxOfActin.MyoRod@1ec17122
Crazy forceSum in boxOfActin.MyoRod@131dabb9
Crazy forceSum in boxOfActin.MyoRod@7710e923
Crazy forceSum in boxOfActin.MyoRod@61e51eb4
Crazy forceSum in boxOfActin.MyoRod@74b83bcb
Crazy forceSum in boxOfActin.MyoRod@a061686
Crazy forceSum in boxOfActin.MyoRod@7a2faf14
Crazy forceSum in boxOfActin.MyoRod@33761e5b
Crazy forceSum in boxOfActin.MyoMiniFilament@38864c5f
Crazy torqueSum in boxOfActin.MyoMiniFilament@38864c5f
Crazy forceSum in boxOfActin.MyoRod@327e272f
Crazy forceSum in boxOfActin.MyoRod@777caf04
Crazy forceSum in boxOfActin.MyoRod@7d12f100
Crazy forceSum in boxOfActin.MyoRod@4641dbc0
Crazy forceSum in boxOfActin.MyoRod@5c5db78
Crazy forceSum in boxOfActin.MyoRod@1753504b
Crazy forceSum in boxOfActin.MyoRod@7da32950
Crazy forceSum in boxOfActin.MyoRod@35f472ff
Crazy forceSum in boxOfActin.MyoRod@1ec17122
Crazy forceSum in boxOfActin.MyoRod@131dabb9
Crazy forceSum in boxOfActin.MyoRod@7710e923
Crazy forceSum in boxOfActin.MyoRod@61e51eb4
Crazy forceSum in boxOfActin.MyoRod@74b83bcb
Crazy forceSum in boxOfActin.MyoRod@a061686
Crazy forceSum in boxOfActin.MyoRod@7a2faf14
Crazy forceSum in boxOfActin.MyoRod@33761e5b
Crazy forceSum in boxOfActin.MyoMiniFilament@38864c5f
Crazy torqueSum in boxOfActin.MyoMiniFilament@38864c5f
Crazy forceSum in boxOfActin.MyoRod@327e272f
Crazy forceSum in boxOfActin.MyoRod@777caf04
Crazy forceSum in boxOfActin.MyoRod@7d12f100
Crazy forceSum in boxOfActin.MyoRod@4641dbc0
Crazy forceSum in boxOfActin.MyoRod@5c5db78
Crazy forceSum in boxOfActin.MyoRod@1753504b
Crazy forceSum in boxOfActin.MyoRod@7da32950
Crazy forceSum in boxOfActin.MyoRod@35f472ff
Crazy forceSum in boxOfActin.MyoRod@1ec17122
Crazy forceSum in boxOfActin.MyoRod@131dabb9
Crazy forceSum in boxOfActin.MyoRod@7710e923
Crazy forceSum in boxOfActin.MyoRod@61e51eb4
Crazy forceSum in boxOfActin.MyoRod@74b83bcb
Crazy forceSum in boxOfActin.MyoRod@a061686
Crazy forceSum in boxOfActin.MyoRod@7a2faf14
Crazy forceSum in boxOfActin.MyoRod@33761e5b
Crazy forceSum in boxOfActin.MyoMiniFilament@38864c5f
Crazy torqueSum in boxOfActin.MyoMiniFilament@38864c5f
Crazy forceSum in boxOfActin.MyoRod@327e272f
Crazy forceSum in boxOfActin.MyoRod@777caf04
Crazy forceSum in boxOfActin.MyoRod@7d12f100
Crazy forceSum in boxOfActin.MyoRod@4641dbc0
Crazy forceSum in boxOfActin.MyoRod@5c5db78
Crazy forceSum in boxOfActin.MyoRod@1753504b
Crazy forceSum in boxOfActin.MyoRod@7da32950
Crazy forceSum in boxOfActin.MyoRod@35f472ff
Crazy forceSum in boxOfActin.MyoRod@1ec17122
Crazy forceSum in boxOfActin.MyoRod@131dabb9
Crazy forceSum in boxOfActin.MyoRod@7710e923
Crazy forceSum in boxOfActin.MyoRod@61e51eb4
Crazy forceSum in boxOfActin.MyoRod@74b83bcb
Crazy forceSum in boxOfActin.MyoRod@a061686
Crazy forceSum in boxOfActin.MyoRod@7a2faf14
Crazy forceSum in boxOfActin.MyoRod@33761e5b
Crazy forceSum in boxOfActin.MyoMiniFilament@38864c5f
Crazy torqueSum in boxOfActin.MyoMiniFilament@38864c5f
Crazy forceSum in boxOfActin.MyoRod@327e272f
Crazy forceSum in boxOfActin.MyoRod@777caf04
Crazy forceSum in boxOfActin.MyoRod@7d12f100
Crazy forceSum in boxOfActin.MyoRod@4641dbc0
Crazy forceSum in boxOfActin.MyoRod@5c5db78
Crazy forceSum in boxOfActin.MyoRod@1753504b
Crazy forceSum in boxOfActin.MyoRod@7da32950
Crazy forceSum in boxOfActin.MyoRod@35f472ff
Crazy forceSum in boxOfActin.MyoRod@1ec17122
Crazy forceSum in boxOfActin.MyoRod@131dabb9
Crazy forceSum in boxOfActin.MyoRod@7710e923
Crazy forceSum in boxOfActin.MyoRod@61e51eb4
Crazy forceSum in boxOfActin.MyoRod@74b83bcb
Crazy forceSum in boxOfActin.MyoRod@a061686
Crazy forceSum in boxOfActin.MyoRod@7a2faf14
Crazy forceSum in boxOfActin.MyoRod@33761e5b
Crazy forceSum in boxOfActin.MyoMiniFilament@38864c5f
Crazy torqueSum in boxOfActin.MyoMiniFilament@38864c5f
Crazy forceSum in boxOfActin.MyoRod@327e272f
Crazy forceSum in boxOfActin.MyoRod@777caf04
Crazy forceSum in boxOfActin.MyoRod@7d12f100
Crazy forceSum in boxOfActin.MyoRod@4641dbc0
Crazy forceSum in boxOfActin.MyoRod@5c5db78
Crazy forceSum in boxOfActin.MyoRod@1753504b
Crazy forceSum in boxOfActin.MyoRod@7da32950
Crazy forceSum in boxOfActin.MyoRod@35f472ff
Crazy forceSum in boxOfActin.MyoRod@1ec17122
Crazy forceSum in boxOfActin.MyoRod@131dabb9
Crazy forceSum in boxOfActin.MyoRod@7710e923
Crazy forceSum in boxOfActin.MyoRod@61e51eb4
Crazy forceSum in boxOfActin.MyoRod@74b83bcb
Crazy forceSum in boxOfActin.MyoRod@a061686
Crazy forceSum in boxOfActin.MyoRod@7a2faf14
Crazy forceSum in boxOfActin.MyoRod@33761e5b
Crazy forceSum in boxOfActin.MyoMiniFilament@38864c5f
Crazy torqueSum in boxOfActin.MyoMiniFilament@38864c5f
Crazy forceSum in boxOfActin.MyoRod@327e272f
Crazy forceSum in boxOfActin.MyoRod@777caf04
Crazy forceSum in boxOfActin.MyoRod@7d12f100
Crazy forceSum in boxOfActin.MyoRod@4641dbc0
Crazy forceSum in boxOfActin.MyoRod@5c5db78
Crazy forceSum in boxOfActin.MyoRod@1753504b
Crazy forceSum in boxOfActin.MyoRod@7da32950
Crazy forceSum in boxOfActin.MyoRod@35f472ff
Crazy forceSum in boxOfActin.MyoRod@1ec17122
Crazy forceSum in boxOfActin.MyoRod@131dabb9
Crazy forceSum in boxOfActin.MyoRod@7710e923
Crazy forceSum in boxOfActin.MyoRod@61e51eb4
Crazy forceSum in boxOfActin.MyoRod@74b83bcb
Crazy forceSum in boxOfActin.MyoRod@a061686
Crazy forceSum in boxOfActin.MyoRod@7a2faf14
Crazy forceSum in boxOfActin.MyoRod@33761e5b
Crazy forceSum in boxOfActin.MyoMiniFilament@38864c5f
Crazy torqueSum in boxOfActin.MyoMiniFilament@38864c5f
Crazy forceSum in boxOfActin.MyoRod@327e272f
Crazy forceSum in boxOfActin.MyoRod@777caf04
Crazy forceSum in boxOfActin.MyoRod@7d12f100
Crazy forceSum in boxOfActin.MyoRod@4641dbc0
Crazy forceSum in boxOfActin.MyoRod@5c5db78
Crazy forceSum in boxOfActin.MyoRod@1753504b
Crazy forceSum in boxOfActin.MyoRod@7da32950
Crazy forceSum in boxOfActin.MyoRod@35f472ff
Crazy forceSum in boxOfActin.MyoRod@1ec17122
Crazy forceSum in boxOfActin.MyoRod@131dabb9
Crazy forceSum in boxOfActin.MyoRod@7710e923
Crazy forceSum in boxOfActin.MyoRod@61e51eb4
Crazy forceSum in boxOfActin.MyoRod@74b83bcb
Crazy forceSum in boxOfActin.MyoRod@a061686
Crazy forceSum in boxOfActin.MyoRod@7a2faf14
Crazy forceSum in boxOfActin.MyoRod@33761e5b
Crazy forceSum in boxOfActin.MyoMiniFilament@38864c5f
Crazy torqueSum in boxOfActin.MyoMiniFilament@38864c5f
Crazy forceSum in boxOfActin.MyoRod@327e272f
Crazy forceSum in boxOfActin.MyoRod@777caf04
Crazy forceSum in boxOfActin.MyoRod@7d12f100
Crazy forceSum in boxOfActin.MyoRod@4641dbc0
Crazy forceSum in boxOfActin.MyoRod@5c5db78
Crazy forceSum in boxOfActin.MyoRod@1753504b
Crazy forceSum in boxOfActin.MyoRod@7da32950
Crazy forceSum in boxOfActin.MyoRod@35f472ff
Crazy forceSum in boxOfActin.MyoRod@1ec17122
Crazy forceSum in boxOfActin.MyoRod@131dabb9
Crazy forceSum in boxOfActin.MyoRod@7710e923
Crazy forceSum in boxOfActin.MyoRod@61e51eb4
Crazy forceSum in boxOfActin.MyoRod@74b83bcb
Crazy forceSum in boxOfActin.MyoRod@a061686
Crazy forceSum in boxOfActin.MyoRod@7a2faf14
Crazy forceSum in boxOfActin.MyoRod@33761e5b
Crazy forceSum in boxOfActin.MyoMiniFilament@38864c5f
Crazy torqueSum in boxOfActin.MyoMiniFilament@38864c5f
Crazy forceSum in boxOfActin.MyoRod@327e272f
Crazy forceSum in boxOfActin.MyoRod@777caf04
Crazy forceSum in boxOfActin.MyoRod@7d12f100
Crazy forceSum in boxOfActin.MyoRod@4641dbc0
Crazy forceSum in boxOfActin.MyoRod@5c5db78
Crazy forceSum in boxOfActin.MyoRod@1753504b
Crazy forceSum in boxOfActin.MyoRod@7da32950
Crazy forceSum in boxOfActin.MyoRod@35f472ff
Crazy forceSum in boxOfActin.MyoRod@1ec17122
Crazy forceSum in boxOfActin.MyoRod@131dabb9
Crazy forceSum in boxOfActin.MyoRod@7710e923
Crazy forceSum in boxOfActin.MyoRod@61e51eb4
Crazy forceSum in boxOfActin.MyoRod@74b83bcb
Crazy forceSum in boxOfActin.MyoRod@a061686
Crazy forceSum in boxOfActin.MyoRod@7a2faf14
Crazy forceSum in boxOfActin.MyoRod@33761e5b
Crazy forceSum in boxOfActin.MyoMiniFilament@38864c5f
Crazy torqueSum in boxOfActin.MyoMiniFilament@38864c5f
Crazy forceSum in boxOfActin.MyoRod@327e272f
Crazy forceSum in boxOfActin.MyoRod@777caf04
Crazy forceSum in boxOfActin.MyoRod@7d12f100
Crazy forceSum in boxOfActin.MyoRod@4641dbc0
Crazy forceSum in boxOfActin.MyoRod@5c5db78
Crazy forceSum in boxOfActin.MyoRod@1753504b
Crazy forceSum in boxOfActin.MyoRod@7da32950
Crazy forceSum in boxOfActin.MyoRod@35f472ff
Crazy forceSum in boxOfActin.MyoRod@1ec17122
Crazy forceSum in boxOfActin.MyoRod@131dabb9
Crazy forceSum in boxOfActin.MyoRod@7710e923
Crazy forceSum in boxOfActin.MyoRod@61e51eb4
Crazy forceSum in boxOfActin.MyoRod@74b83bcb
Crazy forceSum in boxOfActin.MyoRod@a061686
Crazy forceSum in boxOfActin.MyoRod@7a2faf14
Crazy forceSum in boxOfActin.MyoRod@33761e5b
Crazy forceSum in boxOfActin.MyoMiniFilament@38864c5f
Crazy torqueSum in boxOfActin.MyoMiniFilament@38864c5f
Crazy forceSum in boxOfActin.MyoRod@327e272f
Crazy forceSum in boxOfActin.MyoRod@777caf04
Crazy forceSum in boxOfActin.MyoRod@7d12f100
Crazy forceSum in boxOfActin.MyoRod@4641dbc0
Crazy forceSum in boxOfActin.MyoRod@5c5db78
Crazy forceSum in boxOfActin.MyoRod@1753504b
Crazy forceSum in boxOfActin.MyoRod@7da32950
Crazy forceSum in boxOfActin.MyoRod@35f472ff
Crazy forceSum in boxOfActin.MyoRod@1ec17122
Crazy forceSum in boxOfActin.MyoRod@131dabb9
Crazy forceSum in boxOfActin.MyoRod@7710e923
Crazy forceSum in boxOfActin.MyoRod@61e51eb4
Crazy forceSum in boxOfActin.MyoRod@74b83bcb
Crazy forceSum in boxOfActin.MyoRod@a061686
Crazy forceSum in boxOfActin.MyoRod@7a2faf14
Crazy forceSum in boxOfActin.MyoRod@33761e5b
Crazy forceSum in boxOfActin.MyoMiniFilament@38864c5f
Crazy torqueSum in boxOfActin.MyoMiniFilament@38864c5f
Crazy forceSum in boxOfActin.MyoRod@327e272f
Crazy forceSum in boxOfActin.MyoRod@777caf04
Crazy forceSum in boxOfActin.MyoRod@7d12f100
Crazy forceSum in boxOfActin.MyoRod@4641dbc0
Crazy forceSum in boxOfActin.MyoRod@5c5db78
Crazy forceSum in boxOfActin.MyoRod@1753504b
Crazy forceSum in boxOfActin.MyoRod@7da32950
Crazy forceSum in boxOfActin.MyoRod@35f472ff
Crazy forceSum in boxOfActin.MyoRod@1ec17122
Crazy forceSum in boxOfActin.MyoRod@131dabb9
Crazy forceSum in boxOfActin.MyoRod@7710e923
Crazy forceSum in boxOfActin.MyoRod@61e51eb4
Crazy forceSum in boxOfActin.MyoRod@74b83bcb
Crazy forceSum in boxOfActin.MyoRod@a061686
Crazy forceSum in boxOfActin.MyoRod@7a2faf14
Crazy forceSum in boxOfActin.MyoRod@33761e5b
Crazy forceSum in boxOfActin.MyoMiniFilament@38864c5f
Crazy torqueSum in boxOfActin.MyoMiniFilament@38864c5f
Crazy forceSum in boxOfActin.MyoRod@327e272f
Crazy forceSum in boxOfActin.MyoRod@777caf04
Crazy forceSum in boxOfActin.MyoRod@7d12f100
Crazy forceSum in boxOfActin.MyoRod@4641dbc0
Crazy forceSum in boxOfActin.MyoRod@5c5db78
Crazy forceSum in boxOfActin.MyoRod@1753504b
Crazy forceSum in boxOfActin.MyoRod@7da32950
Crazy forceSum in boxOfActin.MyoRod@35f472ff
Crazy forceSum in boxOfActin.MyoRod@1ec17122
Crazy forceSum in boxOfActin.MyoRod@131dabb9
Crazy forceSum in boxOfActin.MyoRod@7710e923
Crazy forceSum in boxOfActin.MyoRod@61e51eb4
Crazy forceSum in boxOfActin.MyoRod@74b83bcb
Crazy forceSum in boxOfActin.MyoRod@a061686
Crazy forceSum in boxOfActin.MyoRod@7a2faf14
Crazy forceSum in boxOfActin.MyoRod@33761e5b
Crazy forceSum in boxOfActin.MyoMiniFilament@38864c5f
Crazy torqueSum in boxOfActin.MyoMiniFilament@38864c5f
Crazy forceSum in boxOfActin.MyoRod@327e272f
Crazy forceSum in boxOfActin.MyoRod@777caf04
Crazy forceSum in boxOfActin.MyoRod@7d12f100
Crazy forceSum in boxOfActin.MyoRod@4641dbc0
Crazy forceSum in boxOfActin.MyoRod@5c5db78
Crazy forceSum in boxOfActin.MyoRod@1753504b
Crazy forceSum in boxOfActin.MyoRod@7da32950
Crazy forceSum in boxOfActin.MyoRod@35f472ff
Crazy forceSum in boxOfActin.MyoRod@1ec17122
Crazy forceSum in boxOfActin.MyoRod@131dabb9
Crazy forceSum in boxOfActin.MyoRod@7710e923
Crazy forceSum in boxOfActin.MyoRod@61e51eb4
Crazy forceSum in boxOfActin.MyoRod@74b83bcb
Crazy forceSum in boxOfActin.MyoRod@a061686
Crazy forceSum in boxOfActin.MyoRod@7a2faf14
Crazy forceSum in boxOfActin.MyoRod@33761e5b
Crazy forceSum in boxOfActin.MyoMiniFilament@38864c5f
Crazy torqueSum in boxOfActin.MyoMiniFilament@38864c5f
Crazy forceSum in boxOfActin.MyoRod@327e272f
Crazy forceSum in boxOfActin.MyoRod@777caf04
Crazy forceSum in boxOfActin.MyoRod@7d12f100
Crazy forceSum in boxOfActin.MyoRod@4641dbc0
Crazy forceSum in boxOfActin.MyoRod@5c5db78
Crazy forceSum in boxOfActin.MyoRod@1753504b
Crazy forceSum in boxOfActin.MyoRod@7da32950
Crazy forceSum in boxOfActin.MyoRod@35f472ff
Crazy forceSum in boxOfActin.MyoRod@1ec17122
Crazy forceSum in boxOfActin.MyoRod@131dabb9
Crazy forceSum in boxOfActin.MyoRod@7710e923
Crazy forceSum in boxOfActin.MyoRod@61e51eb4
Crazy forceSum in boxOfActin.MyoRod@74b83bcb
Crazy forceSum in boxOfActin.MyoRod@a061686
Crazy forceSum in boxOfActin.MyoRod@7a2faf14
Crazy forceSum in boxOfActin.MyoRod@33761e5b
Crazy forceSum in boxOfActin.MyoMiniFilament@38864c5f
Crazy torqueSum in boxOfActin.MyoMiniFilament@38864c5f
Crazy forceSum in boxOfActin.MyoRod@327e272f
Crazy forceSum in boxOfActin.MyoRod@777caf04
Crazy forceSum in boxOfActin.MyoRod@7d12f100
Crazy forceSum in boxOfActin.MyoRod@4641dbc0
Crazy forceSum in boxOfActin.MyoRod@5c5db78
Crazy forceSum in boxOfActin.MyoRod@1753504b
Crazy forceSum in boxOfActin.MyoRod@7da32950
Crazy forceSum in boxOfActin.MyoRod@35f472ff
Crazy forceSum in boxOfActin.MyoRod@1ec17122
Crazy forceSum in boxOfActin.MyoRod@131dabb9
Crazy forceSum in boxOfActin.MyoRod@7710e923
Crazy forceSum in boxOfActin.MyoRod@61e51eb4
Crazy forceSum in boxOfActin.MyoRod@74b83bcb
Crazy forceSum in boxOfActin.MyoRod@a061686
Crazy forceSum in boxOfActin.MyoRod@7a2faf14
Crazy forceSum in boxOfActin.MyoRod@33761e5b
Crazy forceSum in boxOfActin.MyoMiniFilament@38864c5f
Crazy torqueSum in boxOfActin.MyoMiniFilament@38864c5f
Crazy forceSum in boxOfActin.MyoRod@327e272f
Crazy forceSum in boxOfActin.MyoRod@777caf04
Crazy forceSum in boxOfActin.MyoRod@7d12f100
Crazy forceSum in boxOfActin.MyoRod@4641dbc0
Crazy forceSum in boxOfActin.MyoRod@5c5db78
Crazy forceSum in boxOfActin.MyoRod@1753504b
Crazy forceSum in boxOfActin.MyoRod@7da32950
Crazy forceSum in boxOfActin.MyoRod@35f472ff
Crazy forceSum in boxOfActin.MyoRod@1ec17122
Crazy forceSum in boxOfActin.MyoRod@131dabb9
Crazy forceSum in boxOfActin.MyoRod@7710e923
Crazy forceSum in boxOfActin.MyoRod@61e51eb4
Crazy forceSum in boxOfActin.MyoRod@74b83bcb
Crazy forceSum in boxOfActin.MyoRod@a061686
Crazy forceSum in boxOfActin.MyoRod@7a2faf14
Crazy forceSum in boxOfActin.MyoRod@33761e5b
Crazy forceSum in boxOfActin.MyoMiniFilament@38864c5f
Crazy torqueSum in boxOfActin.MyoMiniFilament@38864c5f
Crazy forceSum in boxOfActin.MyoRod@327e272f
Crazy forceSum in boxOfActin.MyoRod@777caf04
Crazy forceSum in boxOfActin.MyoRod@7d12f100
Crazy forceSum in boxOfActin.MyoRod@4641dbc0
Crazy forceSum in boxOfActin.MyoRod@5c5db78
Crazy forceSum in boxOfActin.MyoRod@1753504b
Crazy forceSum in boxOfActin.MyoRod@7da32950
Crazy forceSum in boxOfActin.MyoRod@35f472ff
Crazy forceSum in boxOfActin.MyoRod@1ec17122
Crazy forceSum in boxOfActin.MyoRod@131dabb9
Crazy forceSum in boxOfActin.MyoRod@7710e923
Crazy forceSum in boxOfActin.MyoRod@61e51eb4
Crazy forceSum in boxOfActin.MyoRod@74b83bcb
Crazy forceSum in boxOfActin.MyoRod@a061686
Crazy forceSum in boxOfActin.MyoRod@7a2faf14
Crazy forceSum in boxOfActin.MyoRod@33761e5b
Crazy forceSum in boxOfActin.MyoMiniFilament@38864c5f
Crazy torqueSum in boxOfActin.MyoMiniFilament@38864c5f
Crazy forceSum in boxOfActin.MyoRod@327e272f
Crazy forceSum in boxOfActin.MyoRod@777caf04
Crazy forceSum in boxOfActin.MyoRod@7d12f100
Crazy forceSum in boxOfActin.MyoRod@4641dbc0
Crazy forceSum in boxOfActin.MyoRod@5c5db78
Crazy forceSum in boxOfActin.MyoRod@1753504b
Crazy forceSum in boxOfActin.MyoRod@7da32950
Crazy forceSum in boxOfActin.MyoRod@35f472ff
Crazy forceSum in boxOfActin.MyoRod@1ec17122
Crazy forceSum in boxOfActin.MyoRod@131dabb9
Crazy forceSum in boxOfActin.MyoRod@7710e923
Crazy forceSum in boxOfActin.MyoRod@61e51eb4
Crazy forceSum in boxOfActin.MyoRod@74b83bcb
Crazy forceSum in boxOfActin.MyoRod@a061686
Crazy forceSum in boxOfActin.MyoRod@7a2faf14
Crazy forceSum in boxOfActin.MyoRod@33761e5b
Crazy forceSum in boxOfActin.MyoMiniFilament@38864c5f
Crazy torqueSum in boxOfActin.MyoMiniFilament@38864c5f
Crazy forceSum in boxOfActin.MyoRod@327e272f
Crazy forceSum in boxOfActin.MyoRod@777caf04
Crazy forceSum in boxOfActin.MyoRod@7d12f100
Crazy forceSum in boxOfActin.MyoRod@4641dbc0
Crazy forceSum in boxOfActin.MyoRod@5c5db78
Crazy forceSum in boxOfActin.MyoRod@1753504b
Crazy forceSum in boxOfActin.MyoRod@7da32950
Crazy forceSum in boxOfActin.MyoRod@35f472ff
Crazy forceSum in boxOfActin.MyoRod@1ec17122
Crazy forceSum in boxOfActin.MyoRod@131dabb9
Crazy forceSum in boxOfActin.MyoRod@7710e923
Crazy forceSum in boxOfActin.MyoRod@61e51eb4
Crazy forceSum in boxOfActin.MyoRod@74b83bcb
Crazy forceSum in boxOfActin.MyoRod@a061686
Crazy forceSum in boxOfActin.MyoRod@7a2faf14
Crazy forceSum in boxOfActin.MyoRod@33761e5b
Crazy forceSum in boxOfActin.MyoMiniFilament@38864c5f
Crazy torqueSum in boxOfActin.MyoMiniFilament@38864c5f
Crazy forceSum in boxOfActin.MyoRod@327e272f
Crazy forceSum in boxOfActin.MyoRod@777caf04
Crazy forceSum in boxOfActin.MyoRod@7d12f100
Crazy forceSum in boxOfActin.MyoRod@4641dbc0
Crazy forceSum in boxOfActin.MyoRod@5c5db78
Crazy forceSum in boxOfActin.MyoRod@1753504b
Crazy forceSum in boxOfActin.MyoRod@7da32950
Crazy forceSum in boxOfActin.MyoRod@35f472ff
Crazy forceSum in boxOfActin.MyoRod@1ec17122
Crazy forceSum in boxOfActin.MyoRod@131dabb9
Crazy forceSum in boxOfActin.MyoRod@7710e923
Crazy forceSum in boxOfActin.MyoRod@61e51eb4
Crazy forceSum in boxOfActin.MyoRod@74b83bcb
Crazy forceSum in boxOfActin.MyoRod@a061686
Crazy forceSum in boxOfActin.MyoRod@7a2faf14
Crazy forceSum in boxOfActin.MyoRod@33761e5b
Crazy forceSum in boxOfActin.MyoMiniFilament@38864c5f
Crazy torqueSum in boxOfActin.MyoMiniFilament@38864c5f
Crazy forceSum in boxOfActin.MyoRod@327e272f
Crazy forceSum in boxOfActin.MyoRod@777caf04
Crazy forceSum in boxOfActin.MyoRod@7d12f100
Crazy forceSum in boxOfActin.MyoRod@4641dbc0
Crazy forceSum in boxOfActin.MyoRod@5c5db78
Crazy forceSum in boxOfActin.MyoRod@1753504b
Crazy forceSum in boxOfActin.MyoRod@7da32950
Crazy forceSum in boxOfActin.MyoRod@35f472ff
Crazy forceSum in boxOfActin.MyoRod@1ec17122
Crazy forceSum in boxOfActin.MyoRod@131dabb9
Crazy forceSum in boxOfActin.MyoRod@7710e923
Crazy forceSum in boxOfActin.MyoRod@61e51eb4
Crazy forceSum in boxOfActin.MyoRod@74b83bcb
Crazy forceSum in boxOfActin.MyoRod@a061686
Crazy forceSum in boxOfActin.MyoRod@7a2faf14
Crazy forceSum in boxOfActin.MyoRod@33761e5b
Crazy forceSum in boxOfActin.MyoMiniFilament@38864c5f
Crazy torqueSum in boxOfActin.MyoMiniFilament@38864c5f
Crazy forceSum in boxOfActin.MyoRod@327e272f
Crazy forceSum in boxOfActin.MyoRod@777caf04
Crazy forceSum in boxOfActin.MyoRod@7d12f100
Crazy forceSum in boxOfActin.MyoRod@4641dbc0
Crazy forceSum in boxOfActin.MyoRod@5c5db78
Crazy forceSum in boxOfActin.MyoRod@1753504b
Crazy forceSum in boxOfActin.MyoRod@7da32950
Crazy forceSum in boxOfActin.MyoRod@35f472ff
Crazy forceSum in boxOfActin.MyoRod@1ec17122
Crazy forceSum in boxOfActin.MyoRod@131dabb9
Crazy forceSum in boxOfActin.MyoRod@7710e923
Crazy forceSum in boxOfActin.MyoRod@61e51eb4
Crazy forceSum in boxOfActin.MyoRod@74b83bcb
Crazy forceSum in boxOfActin.MyoRod@a061686
Crazy forceSum in boxOfActin.MyoRod@7a2faf14
Crazy forceSum in boxOfActin.MyoRod@33761e5b
Crazy forceSum in boxOfActin.MyoMiniFilament@38864c5f
Crazy torqueSum in boxOfActin.MyoMiniFilament@38864c5f
Crazy forceSum in boxOfActin.MyoRod@327e272f
Crazy forceSum in boxOfActin.MyoRod@777caf04
Crazy forceSum in boxOfActin.MyoRod@7d12f100
Crazy forceSum in boxOfActin.MyoRod@4641dbc0
Crazy forceSum in boxOfActin.MyoRod@5c5db78
Crazy forceSum in boxOfActin.MyoRod@1753504b
Crazy forceSum in boxOfActin.MyoRod@7da32950
Crazy forceSum in boxOfActin.MyoRod@35f472ff
Crazy forceSum in boxOfActin.MyoRod@1ec17122
Crazy forceSum in boxOfActin.MyoRod@131dabb9
Crazy forceSum in boxOfActin.MyoRod@7710e923
Crazy forceSum in boxOfActin.MyoRod@61e51eb4
Crazy forceSum in boxOfActin.MyoRod@74b83bcb
Crazy forceSum in boxOfActin.MyoRod@a061686
Crazy forceSum in boxOfActin.MyoRod@7a2faf14
Crazy forceSum in boxOfActin.MyoRod@33761e5b
Crazy forceSum in boxOfActin.MyoMiniFilament@38864c5f
Crazy torqueSum in boxOfActin.MyoMiniFilament@38864c5f
Crazy forceSum in boxOfActin.MyoRod@327e272f
Crazy forceSum in boxOfActin.MyoRod@777caf04
Crazy forceSum in boxOfActin.MyoRod@7d12f100
Crazy forceSum in boxOfActin.MyoRod@4641dbc0
Crazy forceSum in boxOfActin.MyoRod@5c5db78
Crazy forceSum in boxOfActin.MyoRod@1753504b
Crazy forceSum in boxOfActin.MyoRod@7da32950
Crazy forceSum in boxOfActin.MyoRod@35f472ff
Crazy forceSum in boxOfActin.MyoRod@1ec17122
Crazy forceSum in boxOfActin.MyoRod@131dabb9
Crazy forceSum in boxOfActin.MyoRod@7710e923
Crazy forceSum in boxOfActin.MyoRod@61e51eb4
Crazy forceSum in boxOfActin.MyoRod@74b83bcb
Crazy forceSum in boxOfActin.MyoRod@a061686
Crazy forceSum in boxOfActin.MyoRod@7a2faf14
Crazy forceSum in boxOfActin.MyoRod@33761e5b
Crazy forceSum in boxOfActin.MyoMiniFilament@38864c5f
Crazy torqueSum in boxOfActin.MyoMiniFilament@38864c5f
Crazy forceSum in boxOfActin.MyoRod@327e272f
Crazy forceSum in boxOfActin.MyoRod@777caf04
Crazy forceSum in boxOfActin.MyoRod@7d12f100
Crazy forceSum in boxOfActin.MyoRod@4641dbc0
Crazy forceSum in boxOfActin.MyoRod@5c5db78
Crazy forceSum in boxOfActin.MyoRod@1753504b
Crazy forceSum in boxOfActin.MyoRod@7da32950
Crazy forceSum in boxOfActin.MyoRod@35f472ff
Crazy forceSum in boxOfActin.MyoRod@1ec17122
Crazy forceSum in boxOfActin.MyoRod@131dabb9
Crazy forceSum in boxOfActin.MyoRod@7710e923
Crazy forceSum in boxOfActin.MyoRod@61e51eb4
Crazy forceSum in boxOfActin.MyoRod@74b83bcb
Crazy forceSum in boxOfActin.MyoRod@a061686
Crazy forceSum in boxOfActin.MyoRod@7a2faf14
Crazy forceSum in boxOfActin.MyoRod@33761e5b
Crazy forceSum in boxOfActin.MyoMiniFilament@38864c5f
Crazy torqueSum in boxOfActin.MyoMiniFilament@38864c5f
Crazy forceSum in boxOfActin.MyoRod@327e272f
Crazy forceSum in boxOfActin.MyoRod@777caf04
Crazy forceSum in boxOfActin.MyoRod@7d12f100
Crazy forceSum in boxOfActin.MyoRod@4641dbc0
Crazy forceSum in boxOfActin.MyoRod@5c5db78
Crazy forceSum in boxOfActin.MyoRod@1753504b
Crazy forceSum in boxOfActin.MyoRod@7da32950
Crazy forceSum in boxOfActin.MyoRod@35f472ff
Crazy forceSum in boxOfActin.MyoRod@1ec17122
Crazy forceSum in boxOfActin.MyoRod@131dabb9
Crazy forceSum in boxOfActin.MyoRod@7710e923
Crazy forceSum in boxOfActin.MyoRod@61e51eb4
Crazy forceSum in boxOfActin.MyoRod@74b83bcb
Crazy forceSum in boxOfActin.MyoRod@a061686
Crazy forceSum in boxOfActin.MyoRod@7a2faf14
Crazy forceSum in boxOfActin.MyoRod@33761e5b
Crazy forceSum in boxOfActin.MyoMiniFilament@38864c5f
Crazy torqueSum in boxOfActin.MyoMiniFilament@38864c5f
Crazy forceSum in boxOfActin.MyoRod@327e272f
Crazy forceSum in boxOfActin.MyoRod@777caf04
Crazy forceSum in boxOfActin.MyoRod@7d12f100
Crazy forceSum in boxOfActin.MyoRod@4641dbc0
Crazy forceSum in boxOfActin.MyoRod@5c5db78
Crazy forceSum in boxOfActin.MyoRod@1753504b
Crazy forceSum in boxOfActin.MyoRod@7da32950
Crazy forceSum in boxOfActin.MyoRod@35f472ff
Crazy forceSum in boxOfActin.MyoRod@1ec17122
Crazy forceSum in boxOfActin.MyoRod@131dabb9
Crazy forceSum in boxOfActin.MyoRod@7710e923
Crazy forceSum in boxOfActin.MyoRod@61e51eb4
Crazy forceSum in boxOfActin.MyoRod@74b83bcb
Crazy forceSum in boxOfActin.MyoRod@a061686
Crazy forceSum in boxOfActin.MyoRod@7a2faf14
Crazy forceSum in boxOfActin.MyoRod@33761e5b
Crazy forceSum in boxOfActin.MyoMiniFilament@38864c5f
Crazy torqueSum in boxOfActin.MyoMiniFilament@38864c5f
Crazy forceSum in boxOfActin.MyoRod@327e272f
Crazy forceSum in boxOfActin.MyoRod@777caf04
Crazy forceSum in boxOfActin.MyoRod@7d12f100
Crazy forceSum in boxOfActin.MyoRod@4641dbc0
Crazy forceSum in boxOfActin.MyoRod@5c5db78
Crazy forceSum in boxOfActin.MyoRod@1753504b
Crazy forceSum in boxOfActin.MyoRod@7da32950
Crazy forceSum in boxOfActin.MyoRod@35f472ff
Crazy forceSum in boxOfActin.MyoRod@1ec17122
Crazy forceSum in boxOfActin.MyoRod@131dabb9
Crazy forceSum in boxOfActin.MyoRod@7710e923
Crazy forceSum in boxOfActin.MyoRod@61e51eb4
Crazy forceSum in boxOfActin.MyoRod@74b83bcb
Crazy forceSum in boxOfActin.MyoRod@a061686
Crazy forceSum in boxOfActin.MyoRod@7a2faf14
Crazy forceSum in boxOfActin.MyoRod@33761e5b
Crazy forceSum in boxOfActin.MyoMiniFilament@38864c5f
Crazy torqueSum in boxOfActin.MyoMiniFilament@38864c5f
Crazy forceSum in boxOfActin.MyoRod@327e272f
Crazy forceSum in boxOfActin.MyoRod@777caf04
Crazy forceSum in boxOfActin.MyoRod@7d12f100
Crazy forceSum in boxOfActin.MyoRod@4641dbc0
Crazy forceSum in boxOfActin.MyoRod@5c5db78
Crazy forceSum in boxOfActin.MyoRod@1753504b
Crazy forceSum in boxOfActin.MyoRod@7da32950
Crazy forceSum in boxOfActin.MyoRod@35f472ff
Crazy forceSum in boxOfActin.MyoRod@1ec17122
Crazy forceSum in boxOfActin.MyoRod@131dabb9
Crazy forceSum in boxOfActin.MyoRod@7710e923
Crazy forceSum in boxOfActin.MyoRod@61e51eb4
Crazy forceSum in boxOfActin.MyoRod@74b83bcb
Crazy forceSum in boxOfActin.MyoRod@a061686
Crazy forceSum in boxOfActin.MyoRod@7a2faf14
Crazy forceSum in boxOfActin.MyoRod@33761e5b
Crazy forceSum in boxOfActin.MyoMiniFilament@38864c5f
Crazy torqueSum in boxOfActin.MyoMiniFilament@38864c5f
Crazy forceSum in boxOfActin.MyoRod@327e272f
Crazy forceSum in boxOfActin.MyoRod@777caf04
Crazy forceSum in boxOfActin.MyoRod@7d12f100
Crazy forceSum in boxOfActin.MyoRod@4641dbc0
Crazy forceSum in boxOfActin.MyoRod@5c5db78
Crazy forceSum in boxOfActin.MyoRod@1753504b
Crazy forceSum in boxOfActin.MyoRod@7da32950
Crazy forceSum in boxOfActin.MyoRod@35f472ff
Crazy forceSum in boxOfActin.MyoRod@1ec17122
Crazy forceSum in boxOfActin.MyoRod@131dabb9
Crazy forceSum in boxOfActin.MyoRod@7710e923
Crazy forceSum in boxOfActin.MyoRod@61e51eb4
Crazy forceSum in boxOfActin.MyoRod@74b83bcb
Crazy forceSum in boxOfActin.MyoRod@a061686
Crazy forceSum in boxOfActin.MyoRod@7a2faf14
Crazy forceSum in boxOfActin.MyoRod@33761e5b
Crazy forceSum in boxOfActin.MyoMiniFilament@38864c5f
Crazy torqueSum in boxOfActin.MyoMiniFilament@38864c5f
Crazy forceSum in boxOfActin.MyoRod@327e272f
Crazy forceSum in boxOfActin.MyoRod@777caf04
Crazy forceSum in boxOfActin.MyoRod@7d12f100
Crazy forceSum in boxOfActin.MyoRod@4641dbc0
Crazy forceSum in boxOfActin.MyoRod@5c5db78
Crazy forceSum in boxOfActin.MyoRod@1753504b
Crazy forceSum in boxOfActin.MyoRod@7da32950
Crazy forceSum in boxOfActin.MyoRod@35f472ff
Crazy forceSum in boxOfActin.MyoRod@1ec17122
Crazy forceSum in boxOfActin.MyoRod@131dabb9
Crazy forceSum in boxOfActin.MyoRod@7710e923
Crazy forceSum in boxOfActin.MyoRod@61e51eb4
Crazy forceSum in boxOfActin.MyoRod@74b83bcb
Crazy forceSum in boxOfActin.MyoRod@a061686
Crazy forceSum in boxOfActin.MyoRod@7a2faf14
Crazy forceSum in boxOfActin.MyoRod@33761e5b
Crazy forceSum in boxOfActin.MyoMiniFilament@38864c5f
Crazy torqueSum in boxOfActin.MyoMiniFilament@38864c5f
Crazy forceSum in boxOfActin.MyoRod@327e272f
Crazy forceSum in boxOfActin.MyoRod@777caf04
Crazy forceSum in boxOfActin.MyoRod@7d12f100
Crazy forceSum in boxOfActin.MyoRod@4641dbc0
Crazy forceSum in boxOfActin.MyoRod@5c5db78
Crazy forceSum in boxOfActin.MyoRod@1753504b
Crazy forceSum in boxOfActin.MyoRod@7da32950
Crazy forceSum in boxOfActin.MyoRod@35f472ff
Crazy forceSum in boxOfActin.MyoRod@1ec17122
Crazy forceSum in boxOfActin.MyoRod@131dabb9
Crazy forceSum in boxOfActin.MyoRod@7710e923
Crazy forceSum in boxOfActin.MyoRod@61e51eb4
Crazy forceSum in boxOfActin.MyoRod@74b83bcb
Crazy forceSum in boxOfActin.MyoRod@a061686
Crazy forceSum in boxOfActin.MyoRod@7a2faf14
Crazy forceSum in boxOfActin.MyoRod@33761e5b
Crazy forceSum in boxOfActin.MyoMiniFilament@38864c5f
Crazy torqueSum in boxOfActin.MyoMiniFilament@38864c5f
Crazy forceSum in boxOfActin.MyoRod@327e272f
Crazy forceSum in boxOfActin.MyoRod@777caf04
Crazy forceSum in boxOfActin.MyoRod@7d12f100
Crazy forceSum in boxOfActin.MyoRod@4641dbc0
Crazy forceSum in boxOfActin.MyoRod@5c5db78
Crazy forceSum in boxOfActin.MyoRod@1753504b
Crazy forceSum in boxOfActin.MyoRod@7da32950
Crazy forceSum in boxOfActin.MyoRod@35f472ff
Crazy forceSum in boxOfActin.MyoRod@1ec17122
Crazy forceSum in boxOfActin.MyoRod@131dabb9
Crazy forceSum in boxOfActin.MyoRod@7710e923
Crazy forceSum in boxOfActin.MyoRod@61e51eb4
Crazy forceSum in boxOfActin.MyoRod@74b83bcb
Crazy forceSum in boxOfActin.MyoRod@a061686
Crazy forceSum in boxOfActin.MyoRod@7a2faf14
Crazy forceSum in boxOfActin.MyoRod@33761e5b
Crazy forceSum in boxOfActin.MyoMiniFilament@38864c5f
Crazy torqueSum in boxOfActin.MyoMiniFilament@38864c5f
Crazy forceSum in boxOfActin.MyoRod@327e272f
Crazy forceSum in boxOfActin.MyoRod@777caf04
Crazy forceSum in boxOfActin.MyoRod@7d12f100
Crazy forceSum in boxOfActin.MyoRod@4641dbc0
Crazy forceSum in boxOfActin.MyoRod@5c5db78
Crazy forceSum in boxOfActin.MyoRod@1753504b
Crazy forceSum in boxOfActin.MyoRod@7da32950
Crazy forceSum in boxOfActin.MyoRod@35f472ff
Crazy forceSum in boxOfActin.MyoRod@1ec17122
Crazy forceSum in boxOfActin.MyoRod@131dabb9
Crazy forceSum in boxOfActin.MyoRod@7710e923
Crazy forceSum in boxOfActin.MyoRod@61e51eb4
Crazy forceSum in boxOfActin.MyoRod@74b83bcb
Crazy forceSum in boxOfActin.MyoRod@a061686
Crazy forceSum in boxOfActin.MyoRod@7a2faf14
Crazy forceSum in boxOfActin.MyoRod@33761e5b
Crazy forceSum in boxOfActin.MyoMiniFilament@38864c5f
Crazy torqueSum in boxOfActin.MyoMiniFilament@38864c5f
Crazy forceSum in boxOfActin.MyoRod@327e272f
Crazy forceSum in boxOfActin.MyoRod@777caf04
Crazy forceSum in boxOfActin.MyoRod@7d12f100
Crazy forceSum in boxOfActin.MyoRod@4641dbc0
Crazy forceSum in boxOfActin.MyoRod@5c5db78
Crazy forceSum in boxOfActin.MyoRod@1753504b
Crazy forceSum in boxOfActin.MyoRod@7da32950
Crazy forceSum in boxOfActin.MyoRod@35f472ff
Crazy forceSum in boxOfActin.MyoRod@1ec17122
Crazy forceSum in boxOfActin.MyoRod@131dabb9
Crazy forceSum in boxOfActin.MyoRod@7710e923
Crazy forceSum in boxOfActin.MyoRod@61e51eb4
Crazy forceSum in boxOfActin.MyoRod@74b83bcb
Crazy forceSum in boxOfActin.MyoRod@a061686
Crazy forceSum in boxOfActin.MyoRod@7a2faf14
Crazy forceSum in boxOfActin.MyoRod@33761e5b
Crazy forceSum in boxOfActin.MyoMiniFilament@38864c5f
Crazy torqueSum in boxOfActin.MyoMiniFilament@38864c5f
Crazy forceSum in boxOfActin.MyoRod@327e272f
Crazy forceSum in boxOfActin.MyoRod@777caf04
Crazy forceSum in boxOfActin.MyoRod@7d12f100
Crazy forceSum in boxOfActin.MyoRod@4641dbc0
Crazy forceSum in boxOfActin.MyoRod@5c5db78
Crazy forceSum in boxOfActin.MyoRod@1753504b
Crazy forceSum in boxOfActin.MyoRod@7da32950
Crazy forceSum in boxOfActin.MyoRod@35f472ff
Crazy forceSum in boxOfActin.MyoRod@1ec17122
Crazy forceSum in boxOfActin.MyoRod@131dabb9
Crazy forceSum in boxOfActin.MyoRod@7710e923
Crazy forceSum in boxOfActin.MyoRod@61e51eb4
Crazy forceSum in boxOfActin.MyoRod@74b83bcb
Crazy forceSum in boxOfActin.MyoRod@a061686
Crazy forceSum in boxOfActin.MyoRod@7a2faf14
Crazy forceSum in boxOfActin.MyoRod@33761e5b
Crazy forceSum in boxOfActin.MyoMiniFilament@38864c5f
Crazy torqueSum in boxOfActin.MyoMiniFilament@38864c5f
Crazy forceSum in boxOfActin.MyoRod@327e272f
Crazy forceSum in boxOfActin.MyoRod@777caf04
Crazy forceSum in boxOfActin.MyoRod@7d12f100
Crazy forceSum in boxOfActin.MyoRod@4641dbc0
Crazy forceSum in boxOfActin.MyoRod@5c5db78
Crazy forceSum in boxOfActin.MyoRod@1753504b
Crazy forceSum in boxOfActin.MyoRod@7da32950
Crazy forceSum in boxOfActin.MyoRod@35f472ff
Crazy forceSum in boxOfActin.MyoRod@1ec17122
Crazy forceSum in boxOfActin.MyoRod@131dabb9
Crazy forceSum in boxOfActin.MyoRod@7710e923
Crazy forceSum in boxOfActin.MyoRod@61e51eb4
Crazy forceSum in boxOfActin.MyoRod@74b83bcb
Crazy forceSum in boxOfActin.MyoRod@a061686
Crazy forceSum in boxOfActin.MyoRod@7a2faf14
Crazy forceSum in boxOfActin.MyoRod@33761e5b
Crazy forceSum in boxOfActin.MyoMiniFilament@38864c5f
Crazy torqueSum in boxOfActin.MyoMiniFilament@38864c5f
Crazy forceSum in boxOfActin.MyoRod@327e272f
Crazy forceSum in boxOfActin.MyoRod@777caf04
Crazy forceSum in boxOfActin.MyoRod@7d12f100
Crazy forceSum in boxOfActin.MyoRod@4641dbc0
Crazy forceSum in boxOfActin.MyoRod@5c5db78
Crazy forceSum in boxOfActin.MyoRod@1753504b
Crazy forceSum in boxOfActin.MyoRod@7da32950
Crazy forceSum in boxOfActin.MyoRod@35f472ff
Crazy forceSum in boxOfActin.MyoRod@1ec17122
Crazy forceSum in boxOfActin.MyoRod@131dabb9
Crazy forceSum in boxOfActin.MyoRod@7710e923
Crazy forceSum in boxOfActin.MyoRod@61e51eb4
Crazy forceSum in boxOfActin.MyoRod@74b83bcb
Crazy forceSum in boxOfActin.MyoRod@a061686
Crazy forceSum in boxOfActin.MyoRod@7a2faf14
Crazy forceSum in boxOfActin.MyoRod@33761e5b
Crazy forceSum in boxOfActin.MyoMiniFilament@38864c5f
Crazy torqueSum in boxOfActin.MyoMiniFilament@38864c5f
Crazy forceSum in boxOfActin.MyoRod@327e272f
Crazy forceSum in boxOfActin.MyoRod@777caf04
Crazy forceSum in boxOfActin.MyoRod@7d12f100
Crazy forceSum in boxOfActin.MyoRod@4641dbc0
Crazy forceSum in boxOfActin.MyoRod@5c5db78
Crazy forceSum in boxOfActin.MyoRod@1753504b
Crazy forceSum in boxOfActin.MyoRod@7da32950
Crazy forceSum in boxOfActin.MyoRod@35f472ff
Crazy forceSum in boxOfActin.MyoRod@1ec17122
Crazy forceSum in boxOfActin.MyoRod@131dabb9
Crazy forceSum in boxOfActin.MyoRod@7710e923
Crazy forceSum in boxOfActin.MyoRod@61e51eb4
Crazy forceSum in boxOfActin.MyoRod@74b83bcb
Crazy forceSum in boxOfActin.MyoRod@a061686
Crazy forceSum in boxOfActin.MyoRod@7a2faf14
Crazy forceSum in boxOfActin.MyoRod@33761e5b
Crazy forceSum in boxOfActin.MyoMiniFilament@38864c5f
Crazy torqueSum in boxOfActin.MyoMiniFilament@38864c5f
Crazy forceSum in boxOfActin.MyoRod@327e272f
Crazy forceSum in boxOfActin.MyoRod@777caf04
Crazy forceSum in boxOfActin.MyoRod@7d12f100
Crazy forceSum in boxOfActin.MyoRod@4641dbc0
Crazy forceSum in boxOfActin.MyoRod@5c5db78
Crazy forceSum in boxOfActin.MyoRod@1753504b
Crazy forceSum in boxOfActin.MyoRod@7da32950
Crazy forceSum in boxOfActin.MyoRod@35f472ff
Crazy forceSum in boxOfActin.MyoRod@1ec17122
Crazy forceSum in boxOfActin.MyoRod@131dabb9
Crazy forceSum in boxOfActin.MyoRod@7710e923
Crazy forceSum in boxOfActin.MyoRod@61e51eb4
Crazy forceSum in boxOfActin.MyoRod@74b83bcb
Crazy forceSum in boxOfActin.MyoRod@a061686
Crazy forceSum in boxOfActin.MyoRod@7a2faf14
Crazy forceSum in boxOfActin.MyoRod@33761e5b
Crazy forceSum in boxOfActin.MyoMiniFilament@38864c5f
Crazy torqueSum in boxOfActin.MyoMiniFilament@38864c5f
Crazy forceSum in boxOfActin.MyoRod@327e272f
Crazy forceSum in boxOfActin.MyoRod@777caf04
Crazy forceSum in boxOfActin.MyoRod@7d12f100
Crazy forceSum in boxOfActin.MyoRod@4641dbc0
Crazy forceSum in boxOfActin.MyoRod@5c5db78
Crazy forceSum in boxOfActin.MyoRod@1753504b
Crazy forceSum in boxOfActin.MyoRod@7da32950
Crazy forceSum in boxOfActin.MyoRod@35f472ff
Crazy forceSum in boxOfActin.MyoRod@1ec17122
Crazy forceSum in boxOfActin.MyoRod@131dabb9
Crazy forceSum in boxOfActin.MyoRod@7710e923
Crazy forceSum in boxOfActin.MyoRod@61e51eb4
Crazy forceSum in boxOfActin.MyoRod@74b83bcb
Crazy forceSum in boxOfActin.MyoRod@a061686
Crazy forceSum in boxOfActin.MyoRod@7a2faf14
Crazy forceSum in boxOfActin.MyoRod@33761e5b
Crazy forceSum in boxOfActin.MyoMiniFilament@38864c5f
Crazy torqueSum in boxOfActin.MyoMiniFilament@38864c5f
Crazy forceSum in boxOfActin.MyoRod@327e272f
Crazy forceSum in boxOfActin.MyoRod@777caf04
Crazy forceSum in boxOfActin.MyoRod@7d12f100
Crazy forceSum in boxOfActin.MyoRod@4641dbc0
Crazy forceSum in boxOfActin.MyoRod@5c5db78
Crazy forceSum in boxOfActin.MyoRod@1753504b
Crazy forceSum in boxOfActin.MyoRod@7da32950
Crazy forceSum in boxOfActin.MyoRod@35f472ff
Crazy forceSum in boxOfActin.MyoRod@1ec17122
Crazy forceSum in boxOfActin.MyoRod@131dabb9
Crazy forceSum in boxOfActin.MyoRod@7710e923
Crazy forceSum in boxOfActin.MyoRod@61e51eb4
Crazy forceSum in boxOfActin.MyoRod@74b83bcb
Crazy forceSum in boxOfActin.MyoRod@a061686
Crazy forceSum in boxOfActin.MyoRod@7a2faf14
Crazy forceSum in boxOfActin.MyoRod@33761e5b
Crazy forceSum in boxOfActin.MyoMiniFilament@38864c5f
Crazy torqueSum in boxOfActin.MyoMiniFilament@38864c5f
Crazy forceSum in boxOfActin.MyoRod@327e272f
Crazy forceSum in boxOfActin.MyoRod@777caf04
Crazy forceSum in boxOfActin.MyoRod@7d12f100
Crazy forceSum in boxOfActin.MyoRod@4641dbc0
Crazy forceSum in boxOfActin.MyoRod@5c5db78
Crazy forceSum in boxOfActin.MyoRod@1753504b
Crazy forceSum in boxOfActin.MyoRod@7da32950
Crazy forceSum in boxOfActin.MyoRod@35f472ff
Crazy forceSum in boxOfActin.MyoRod@1ec17122
Crazy forceSum in boxOfActin.MyoRod@131dabb9
Crazy forceSum in boxOfActin.MyoRod@7710e923
Crazy forceSum in boxOfActin.MyoRod@61e51eb4
Crazy forceSum in boxOfActin.MyoRod@74b83bcb
Crazy forceSum in boxOfActin.MyoRod@a061686
Crazy forceSum in boxOfActin.MyoRod@7a2faf14
Crazy forceSum in boxOfActin.MyoRod@33761e5b
Crazy forceSum in boxOfActin.MyoMiniFilament@38864c5f
Crazy torqueSum in boxOfActin.MyoMiniFilament@38864c5f
Crazy forceSum in boxOfActin.MyoRod@327e272f
Crazy forceSum in boxOfActin.MyoRod@777caf04
Crazy forceSum in boxOfActin.MyoRod@7d12f100
Crazy forceSum in boxOfActin.MyoRod@4641dbc0
Crazy forceSum in boxOfActin.MyoRod@5c5db78
Crazy forceSum in boxOfActin.MyoRod@1753504b
Crazy forceSum in boxOfActin.MyoRod@7da32950
Crazy forceSum in boxOfActin.MyoRod@35f472ff
Crazy forceSum in boxOfActin.MyoRod@1ec17122
Crazy forceSum in boxOfActin.MyoRod@131dabb9
Crazy forceSum in boxOfActin.MyoRod@7710e923
Crazy forceSum in boxOfActin.MyoRod@61e51eb4
Crazy forceSum in boxOfActin.MyoRod@74b83bcb
Crazy forceSum in boxOfActin.MyoRod@a061686
Crazy forceSum in boxOfActin.MyoRod@7a2faf14
Crazy forceSum in boxOfActin.MyoRod@33761e5b
Crazy forceSum in boxOfActin.MyoMiniFilament@38864c5f
Crazy torqueSum in boxOfActin.MyoMiniFilament@38864c5f
Crazy forceSum in boxOfActin.MyoRod@327e272f
Crazy forceSum in boxOfActin.MyoRod@777caf04
Crazy forceSum in boxOfActin.MyoRod@7d12f100
Crazy forceSum in boxOfActin.MyoRod@4641dbc0
Crazy forceSum in boxOfActin.MyoRod@5c5db78
Crazy forceSum in boxOfActin.MyoRod@1753504b
Crazy forceSum in boxOfActin.MyoRod@7da32950
Crazy forceSum in boxOfActin.MyoRod@35f472ff
Crazy forceSum in boxOfActin.MyoRod@1ec17122
Crazy forceSum in boxOfActin.MyoRod@131dabb9
Crazy forceSum in boxOfActin.MyoRod@7710e923
Crazy forceSum in boxOfActin.MyoRod@61e51eb4
Crazy forceSum in boxOfActin.MyoRod@74b83bcb
Crazy forceSum in boxOfActin.MyoRod@a061686
Crazy forceSum in boxOfActin.MyoRod@7a2faf14
Crazy forceSum in boxOfActin.MyoRod@33761e5b
Crazy forceSum in boxOfActin.MyoMiniFilament@38864c5f
Crazy torqueSum in boxOfActin.MyoMiniFilament@38864c5f
Crazy forceSum in boxOfActin.MyoRod@327e272f
Crazy forceSum in boxOfActin.MyoRod@777caf04
Crazy forceSum in boxOfActin.MyoRod@7d12f100
Crazy forceSum in boxOfActin.MyoRod@4641dbc0
Crazy forceSum in boxOfActin.MyoRod@5c5db78
Crazy forceSum in boxOfActin.MyoRod@1753504b
Crazy forceSum in boxOfActin.MyoRod@7da32950
Crazy forceSum in boxOfActin.MyoRod@35f472ff
Crazy forceSum in boxOfActin.MyoRod@1ec17122
Crazy forceSum in boxOfActin.MyoRod@131dabb9
Crazy forceSum in boxOfActin.MyoRod@7710e923
Crazy forceSum in boxOfActin.MyoRod@61e51eb4
Crazy forceSum in boxOfActin.MyoRod@74b83bcb
Crazy forceSum in boxOfActin.MyoRod@a061686
Crazy forceSum in boxOfActin.MyoRod@7a2faf14
Crazy forceSum in boxOfActin.MyoRod@33761e5b
Crazy forceSum in boxOfActin.MyoMiniFilament@38864c5f
Crazy torqueSum in boxOfActin.MyoMiniFilament@38864c5f
Crazy forceSum in boxOfActin.MyoRod@327e272f
Crazy forceSum in boxOfActin.MyoRod@777caf04
Crazy forceSum in boxOfActin.MyoRod@7d12f100
Crazy forceSum in boxOfActin.MyoRod@4641dbc0
Crazy forceSum in boxOfActin.MyoRod@5c5db78
Crazy forceSum in boxOfActin.MyoRod@1753504b
Crazy forceSum in boxOfActin.MyoRod@7da32950
Crazy forceSum in boxOfActin.MyoRod@35f472ff
Crazy forceSum in boxOfActin.MyoRod@1ec17122
Crazy forceSum in boxOfActin.MyoRod@131dabb9
Crazy forceSum in boxOfActin.MyoRod@7710e923
Crazy forceSum in boxOfActin.MyoRod@61e51eb4
Crazy forceSum in boxOfActin.MyoRod@74b83bcb
Crazy forceSum in boxOfActin.MyoRod@a061686
Crazy forceSum in boxOfActin.MyoRod@7a2faf14
Crazy forceSum in boxOfActin.MyoRod@33761e5b
Crazy forceSum in boxOfActin.MyoMiniFilament@38864c5f
Crazy torqueSum in boxOfActin.MyoMiniFilament@38864c5f
Crazy forceSum in boxOfActin.MyoRod@327e272f
Crazy forceSum in boxOfActin.MyoRod@777caf04
Crazy forceSum in boxOfActin.MyoRod@7d12f100
Crazy forceSum in boxOfActin.MyoRod@4641dbc0
Crazy forceSum in boxOfActin.MyoRod@5c5db78
Crazy forceSum in boxOfActin.MyoRod@1753504b
Crazy forceSum in boxOfActin.MyoRod@7da32950
Crazy forceSum in boxOfActin.MyoRod@35f472ff
Crazy forceSum in boxOfActin.MyoRod@1ec17122
Crazy forceSum in boxOfActin.MyoRod@131dabb9
Crazy forceSum in boxOfActin.MyoRod@7710e923
Crazy forceSum in boxOfActin.MyoRod@61e51eb4
Crazy forceSum in boxOfActin.MyoRod@74b83bcb
Crazy forceSum in boxOfActin.MyoRod@a061686
Crazy forceSum in boxOfActin.MyoRod@7a2faf14
Crazy forceSum in boxOfActin.MyoRod@33761e5b
Crazy forceSum in boxOfActin.MyoMiniFilament@38864c5f
Crazy torqueSum in boxOfActin.MyoMiniFilament@38864c5f
Crazy forceSum in boxOfActin.MyoRod@327e272f
Crazy forceSum in boxOfActin.MyoRod@777caf04
Crazy forceSum in boxOfActin.MyoRod@7d12f100
Crazy forceSum in boxOfActin.MyoRod@4641dbc0
Crazy forceSum in boxOfActin.MyoRod@5c5db78
Crazy forceSum in boxOfActin.MyoRod@1753504b
Crazy forceSum in boxOfActin.MyoRod@7da32950
Crazy forceSum in boxOfActin.MyoRod@35f472ff
Crazy forceSum in boxOfActin.MyoRod@1ec17122
Crazy forceSum in boxOfActin.MyoRod@131dabb9
Crazy forceSum in boxOfActin.MyoRod@7710e923
Crazy forceSum in boxOfActin.MyoRod@61e51eb4
Crazy forceSum in boxOfActin.MyoRod@74b83bcb
Crazy forceSum in boxOfActin.MyoRod@a061686
Crazy forceSum in boxOfActin.MyoRod@7a2faf14
Crazy forceSum in boxOfActin.MyoRod@33761e5b
Crazy forceSum in boxOfActin.MyoMiniFilament@38864c5f
Crazy torqueSum in boxOfActin.MyoMiniFilament@38864c5f
Crazy forceSum in boxOfActin.MyoRod@327e272f
Crazy forceSum in boxOfActin.MyoRod@777caf04
Crazy forceSum in boxOfActin.MyoRod@7d12f100
Crazy forceSum in boxOfActin.MyoRod@4641dbc0
Crazy forceSum in boxOfActin.MyoRod@5c5db78
Crazy forceSum in boxOfActin.MyoRod@1753504b
Crazy forceSum in boxOfActin.MyoRod@7da32950
Crazy forceSum in boxOfActin.MyoRod@35f472ff
Crazy forceSum in boxOfActin.MyoRod@1ec17122
Crazy forceSum in boxOfActin.MyoRod@131dabb9
Crazy forceSum in boxOfActin.MyoRod@7710e923
Crazy forceSum in boxOfActin.MyoRod@61e51eb4
Crazy forceSum in boxOfActin.MyoRod@74b83bcb
Crazy forceSum in boxOfActin.MyoRod@a061686
Crazy forceSum in boxOfActin.MyoRod@7a2faf14
Crazy forceSum in boxOfActin.MyoRod@33761e5b
Crazy forceSum in boxOfActin.MyoMiniFilament@38864c5f
Crazy torqueSum in boxOfActin.MyoMiniFilament@38864c5f
Crazy forceSum in boxOfActin.MyoRod@327e272f
Crazy forceSum in boxOfActin.MyoRod@777caf04
Crazy forceSum in boxOfActin.MyoRod@7d12f100
Crazy forceSum in boxOfActin.MyoRod@4641dbc0
Crazy forceSum in boxOfActin.MyoRod@5c5db78
Crazy forceSum in boxOfActin.MyoRod@1753504b
Crazy forceSum in boxOfActin.MyoRod@7da32950
Crazy forceSum in boxOfActin.MyoRod@35f472ff
Crazy forceSum in boxOfActin.MyoRod@1ec17122
Crazy forceSum in boxOfActin.MyoRod@131dabb9
Crazy forceSum in boxOfActin.MyoRod@7710e923
Crazy forceSum in boxOfActin.MyoRod@61e51eb4
Crazy forceSum in boxOfActin.MyoRod@74b83bcb
Crazy forceSum in boxOfActin.MyoRod@a061686
Crazy forceSum in boxOfActin.MyoRod@7a2faf14
Crazy forceSum in boxOfActin.MyoRod@33761e5b
Crazy forceSum in boxOfActin.MyoMiniFilament@38864c5f
Crazy torqueSum in boxOfActin.MyoMiniFilament@38864c5f
Crazy forceSum in boxOfActin.MyoRod@327e272f
Crazy forceSum in boxOfActin.MyoRod@777caf04
Crazy forceSum in boxOfActin.MyoRod@7d12f100
Crazy forceSum in boxOfActin.MyoRod@4641dbc0
Crazy forceSum in boxOfActin.MyoRod@5c5db78
Crazy forceSum in boxOfActin.MyoRod@1753504b
Crazy forceSum in boxOfActin.MyoRod@7da32950
Crazy forceSum in boxOfActin.MyoRod@35f472ff
Crazy forceSum in boxOfActin.MyoRod@1ec17122
Crazy forceSum in boxOfActin.MyoRod@131dabb9
Crazy forceSum in boxOfActin.MyoRod@7710e923
Crazy forceSum in boxOfActin.MyoRod@61e51eb4
Crazy forceSum in boxOfActin.MyoRod@74b83bcb
Crazy forceSum in boxOfActin.MyoRod@a061686
Crazy forceSum in boxOfActin.MyoRod@7a2faf14
Crazy forceSum in boxOfActin.MyoRod@33761e5b
Crazy forceSum in boxOfActin.MyoMiniFilament@38864c5f
Crazy torqueSum in boxOfActin.MyoMiniFilament@38864c5f
Crazy forceSum in boxOfActin.MyoRod@327e272f
Crazy forceSum in boxOfActin.MyoRod@777caf04
Crazy forceSum in boxOfActin.MyoRod@7d12f100
Crazy forceSum in boxOfActin.MyoRod@4641dbc0
Crazy forceSum in boxOfActin.MyoRod@5c5db78
Crazy forceSum in boxOfActin.MyoRod@1753504b
Crazy forceSum in boxOfActin.MyoRod@7da32950
Crazy forceSum in boxOfActin.MyoRod@35f472ff
Crazy forceSum in boxOfActin.MyoRod@1ec17122
Crazy forceSum in boxOfActin.MyoRod@131dabb9
Crazy forceSum in boxOfActin.MyoRod@7710e923
Crazy forceSum in boxOfActin.MyoRod@61e51eb4
Crazy forceSum in boxOfActin.MyoRod@74b83bcb
Crazy forceSum in boxOfActin.MyoRod@a061686
Crazy forceSum in boxOfActin.MyoRod@7a2faf14
Crazy forceSum in boxOfActin.MyoRod@33761e5b
Crazy forceSum in boxOfActin.MyoMiniFilament@38864c5f
Crazy torqueSum in boxOfActin.MyoMiniFilament@38864c5f
Crazy forceSum in boxOfActin.MyoRod@327e272f
Crazy forceSum in boxOfActin.MyoRod@777caf04
Crazy forceSum in boxOfActin.MyoRod@7d12f100
Crazy forceSum in boxOfActin.MyoRod@4641dbc0
Crazy forceSum in boxOfActin.MyoRod@5c5db78
Crazy forceSum in boxOfActin.MyoRod@1753504b
Crazy forceSum in boxOfActin.MyoRod@7da32950
Crazy forceSum in boxOfActin.MyoRod@35f472ff
Crazy forceSum in boxOfActin.MyoRod@1ec17122
Crazy forceSum in boxOfActin.MyoRod@131dabb9
Crazy forceSum in boxOfActin.MyoRod@7710e923
Crazy forceSum in boxOfActin.MyoRod@61e51eb4
Crazy forceSum in boxOfActin.MyoRod@74b83bcb
Crazy forceSum in boxOfActin.MyoRod@a061686
Crazy forceSum in boxOfActin.MyoRod@7a2faf14
Crazy forceSum in boxOfActin.MyoRod@33761e5b
Crazy forceSum in boxOfActin.MyoMiniFilament@38864c5f
Crazy torqueSum in boxOfActin.MyoMiniFilament@38864c5f
Crazy forceSum in boxOfActin.MyoRod@327e272f
Crazy forceSum in boxOfActin.MyoRod@777caf04
Crazy forceSum in boxOfActin.MyoRod@7d12f100
Crazy forceSum in boxOfActin.MyoRod@4641dbc0
Crazy forceSum in boxOfActin.MyoRod@5c5db78
Crazy forceSum in boxOfActin.MyoRod@1753504b
Crazy forceSum in boxOfActin.MyoRod@7da32950
Crazy forceSum in boxOfActin.MyoRod@35f472ff
Crazy forceSum in boxOfActin.MyoRod@1ec17122
Crazy forceSum in boxOfActin.MyoRod@131dabb9
Crazy forceSum in boxOfActin.MyoRod@7710e923
Crazy forceSum in boxOfActin.MyoRod@61e51eb4
Crazy forceSum in boxOfActin.MyoRod@74b83bcb
Crazy forceSum in boxOfActin.MyoRod@a061686
Crazy forceSum in boxOfActin.MyoRod@7a2faf14
Crazy forceSum in boxOfActin.MyoRod@33761e5b
Crazy forceSum in boxOfActin.MyoMiniFilament@38864c5f
Crazy torqueSum in boxOfActin.MyoMiniFilament@38864c5f
Crazy forceSum in boxOfActin.MyoRod@327e272f
Crazy forceSum in boxOfActin.MyoRod@777caf04
Crazy forceSum in boxOfActin.MyoRod@7d12f100
Crazy forceSum in boxOfActin.MyoRod@4641dbc0
Crazy forceSum in boxOfActin.MyoRod@5c5db78
Crazy forceSum in boxOfActin.MyoRod@1753504b
Crazy forceSum in boxOfActin.MyoRod@7da32950
Crazy forceSum in boxOfActin.MyoRod@35f472ff
Crazy forceSum in boxOfActin.MyoRod@1ec17122
Crazy forceSum in boxOfActin.MyoRod@131dabb9
Crazy forceSum in boxOfActin.MyoRod@7710e923
Crazy forceSum in boxOfActin.MyoRod@61e51eb4
Crazy forceSum in boxOfActin.MyoRod@74b83bcb
Crazy forceSum in boxOfActin.MyoRod@a061686
Crazy forceSum in boxOfActin.MyoRod@7a2faf14
Crazy forceSum in boxOfActin.MyoRod@33761e5b
Crazy forceSum in boxOfActin.MyoMiniFilament@38864c5f
Crazy torqueSum in boxOfActin.MyoMiniFilament@38864c5f
Crazy forceSum in boxOfActin.MyoRod@327e272f
Crazy forceSum in boxOfActin.MyoRod@777caf04
Crazy forceSum in boxOfActin.MyoRod@7d12f100
Crazy forceSum in boxOfActin.MyoRod@4641dbc0
Crazy forceSum in boxOfActin.MyoRod@5c5db78
Crazy forceSum in boxOfActin.MyoRod@1753504b
Crazy forceSum in boxOfActin.MyoRod@7da32950
Crazy forceSum in boxOfActin.MyoRod@35f472ff
Crazy forceSum in boxOfActin.MyoRod@1ec17122
Crazy forceSum in boxOfActin.MyoRod@131dabb9
Crazy forceSum in boxOfActin.MyoRod@7710e923
Crazy forceSum in boxOfActin.MyoRod@61e51eb4
Crazy forceSum in boxOfActin.MyoRod@74b83bcb
Crazy forceSum in boxOfActin.MyoRod@a061686
Crazy forceSum in boxOfActin.MyoRod@7a2faf14
Crazy forceSum in boxOfActin.MyoRod@33761e5b
Crazy forceSum in boxOfActin.MyoMiniFilament@38864c5f
Crazy torqueSum in boxOfActin.MyoMiniFilament@38864c5f
Crazy forceSum in boxOfActin.MyoRod@327e272f
Crazy forceSum in boxOfActin.MyoRod@777caf04
Crazy forceSum in boxOfActin.MyoRod@7d12f100
Crazy forceSum in boxOfActin.MyoRod@4641dbc0
Crazy forceSum in boxOfActin.MyoRod@5c5db78
Crazy forceSum in boxOfActin.MyoRod@1753504b
Crazy forceSum in boxOfActin.MyoRod@7da32950
Crazy forceSum in boxOfActin.MyoRod@35f472ff
Crazy forceSum in boxOfActin.MyoRod@1ec17122
Crazy forceSum in boxOfActin.MyoRod@131dabb9
Crazy forceSum in boxOfActin.MyoRod@7710e923
Crazy forceSum in boxOfActin.MyoRod@61e51eb4
Crazy forceSum in boxOfActin.MyoRod@74b83bcb
Crazy forceSum in boxOfActin.MyoRod@a061686
Crazy forceSum in boxOfActin.MyoRod@7a2faf14
Crazy forceSum in boxOfActin.MyoRod@33761e5b
Crazy forceSum in boxOfActin.MyoMiniFilament@38864c5f
Crazy torqueSum in boxOfActin.MyoMiniFilament@38864c5f
Crazy forceSum in boxOfActin.MyoRod@327e272f
Crazy forceSum in boxOfActin.MyoRod@777caf04
Crazy forceSum in boxOfActin.MyoRod@7d12f100
Crazy forceSum in boxOfActin.MyoRod@4641dbc0
Crazy forceSum in boxOfActin.MyoRod@5c5db78
Crazy forceSum in boxOfActin.MyoRod@1753504b
Crazy forceSum in boxOfActin.MyoRod@7da32950
Crazy forceSum in boxOfActin.MyoRod@35f472ff
Crazy forceSum in boxOfActin.MyoRod@1ec17122
Crazy forceSum in boxOfActin.MyoRod@131dabb9
Crazy forceSum in boxOfActin.MyoRod@7710e923
Crazy forceSum in boxOfActin.MyoRod@61e51eb4
Crazy forceSum in boxOfActin.MyoRod@74b83bcb
Crazy forceSum in boxOfActin.MyoRod@a061686
Crazy forceSum in boxOfActin.MyoRod@7a2faf14
Crazy forceSum in boxOfActin.MyoRod@33761e5b
Crazy forceSum in boxOfActin.MyoMiniFilament@38864c5f
Crazy torqueSum in boxOfActin.MyoMiniFilament@38864c5f
Crazy forceSum in boxOfActin.MyoRod@327e272f
Crazy forceSum in boxOfActin.MyoRod@777caf04
Crazy forceSum in boxOfActin.MyoRod@7d12f100
Crazy forceSum in boxOfActin.MyoRod@4641dbc0
Crazy forceSum in boxOfActin.MyoRod@5c5db78
Crazy forceSum in boxOfActin.MyoRod@1753504b
Crazy forceSum in boxOfActin.MyoRod@7da32950
Crazy forceSum in boxOfActin.MyoRod@35f472ff
Crazy forceSum in boxOfActin.MyoRod@1ec17122
Crazy forceSum in boxOfActin.MyoRod@131dabb9
Crazy forceSum in boxOfActin.MyoRod@7710e923
Crazy forceSum in boxOfActin.MyoRod@61e51eb4
Crazy forceSum in boxOfActin.MyoRod@74b83bcb
Crazy forceSum in boxOfActin.MyoRod@a061686
Crazy forceSum in boxOfActin.MyoRod@7a2faf14
Crazy forceSum in boxOfActin.MyoRod@33761e5b
Crazy forceSum in boxOfActin.MyoMiniFilament@38864c5f
Crazy torqueSum in boxOfActin.MyoMiniFilament@38864c5f
Crazy forceSum in boxOfActin.MyoRod@327e272f
Crazy forceSum in boxOfActin.MyoRod@777caf04
Crazy forceSum in boxOfActin.MyoRod@7d12f100
Crazy forceSum in boxOfActin.MyoRod@4641dbc0
Crazy forceSum in boxOfActin.MyoRod@5c5db78
Crazy forceSum in boxOfActin.MyoRod@1753504b
Crazy forceSum in boxOfActin.MyoRod@7da32950
Crazy forceSum in boxOfActin.MyoRod@35f472ff
Crazy forceSum in boxOfActin.MyoRod@1ec17122
Crazy forceSum in boxOfActin.MyoRod@131dabb9
Crazy forceSum in boxOfActin.MyoRod@7710e923
Crazy forceSum in boxOfActin.MyoRod@61e51eb4
Crazy forceSum in boxOfActin.MyoRod@74b83bcb
Crazy forceSum in boxOfActin.MyoRod@a061686
Crazy forceSum in boxOfActin.MyoRod@7a2faf14
Crazy forceSum in boxOfActin.MyoRod@33761e5b
Crazy forceSum in boxOfActin.MyoMiniFilament@38864c5f
Crazy torqueSum in boxOfActin.MyoMiniFilament@38864c5f
Crazy forceSum in boxOfActin.MyoRod@327e272f
Crazy forceSum in boxOfActin.MyoRod@777caf04
Crazy forceSum in boxOfActin.MyoRod@7d12f100
Crazy forceSum in boxOfActin.MyoRod@4641dbc0
Crazy forceSum in boxOfActin.MyoRod@5c5db78
Crazy forceSum in boxOfActin.MyoRod@1753504b
Crazy forceSum in boxOfActin.MyoRod@7da32950
Crazy forceSum in boxOfActin.MyoRod@35f472ff
Crazy forceSum in boxOfActin.MyoRod@1ec17122
Crazy forceSum in boxOfActin.MyoRod@131dabb9
Crazy forceSum in boxOfActin.MyoRod@7710e923
Crazy forceSum in boxOfActin.MyoRod@61e51eb4
Crazy forceSum in boxOfActin.MyoRod@74b83bcb
Crazy forceSum in boxOfActin.MyoRod@a061686
Crazy forceSum in boxOfActin.MyoRod@7a2faf14
Crazy forceSum in boxOfActin.MyoRod@33761e5b
Crazy forceSum in boxOfActin.MyoMiniFilament@38864c5f
Crazy torqueSum in boxOfActin.MyoMiniFilament@38864c5f
Crazy forceSum in boxOfActin.MyoRod@327e272f
Crazy forceSum in boxOfActin.MyoRod@777caf04
Crazy forceSum in boxOfActin.MyoRod@7d12f100
Crazy forceSum in boxOfActin.MyoRod@4641dbc0
Crazy forceSum in boxOfActin.MyoRod@5c5db78
Crazy forceSum in boxOfActin.MyoRod@1753504b
Crazy forceSum in boxOfActin.MyoRod@7da32950
Crazy forceSum in boxOfActin.MyoRod@35f472ff
Crazy forceSum in boxOfActin.MyoRod@1ec17122
Crazy forceSum in boxOfActin.MyoRod@131dabb9
Crazy forceSum in boxOfActin.MyoRod@7710e923
Crazy forceSum in boxOfActin.MyoRod@61e51eb4
Crazy forceSum in boxOfActin.MyoRod@74b83bcb
Crazy forceSum in boxOfActin.MyoRod@a061686
Crazy forceSum in boxOfActin.MyoRod@7a2faf14
Crazy forceSum in boxOfActin.MyoRod@33761e5b
Crazy forceSum in boxOfActin.MyoMiniFilament@38864c5f
Crazy torqueSum in boxOfActin.MyoMiniFilament@38864c5f
Crazy forceSum in boxOfActin.MyoRod@327e272f
Crazy forceSum in boxOfActin.MyoRod@777caf04
Crazy forceSum in boxOfActin.MyoRod@7d12f100
Crazy forceSum in boxOfActin.MyoRod@4641dbc0
Crazy forceSum in boxOfActin.MyoRod@5c5db78
Crazy forceSum in boxOfActin.MyoRod@1753504b
Crazy forceSum in boxOfActin.MyoRod@7da32950
Crazy forceSum in boxOfActin.MyoRod@35f472ff
Crazy forceSum in boxOfActin.MyoRod@1ec17122
Crazy forceSum in boxOfActin.MyoRod@131dabb9
Crazy forceSum in boxOfActin.MyoRod@7710e923
Crazy forceSum in boxOfActin.MyoRod@61e51eb4
Crazy forceSum in boxOfActin.MyoRod@74b83bcb
Crazy forceSum in boxOfActin.MyoRod@a061686
Crazy forceSum in boxOfActin.MyoRod@7a2faf14
Crazy forceSum in boxOfActin.MyoRod@33761e5b
Crazy forceSum in boxOfActin.MyoMiniFilament@38864c5f
Crazy torqueSum in boxOfActin.MyoMiniFilament@38864c5f
Crazy forceSum in boxOfActin.MyoRod@327e272f
Crazy forceSum in boxOfActin.MyoRod@777caf04
Crazy forceSum in boxOfActin.MyoRod@7d12f100
Crazy forceSum in boxOfActin.MyoRod@4641dbc0
Crazy forceSum in boxOfActin.MyoRod@5c5db78
Crazy forceSum in boxOfActin.MyoRod@1753504b
Crazy forceSum in boxOfActin.MyoRod@7da32950
Crazy forceSum in boxOfActin.MyoRod@35f472ff
Crazy forceSum in boxOfActin.MyoRod@1ec17122
Crazy forceSum in boxOfActin.MyoRod@131dabb9
Crazy forceSum in boxOfActin.MyoRod@7710e923
Crazy forceSum in boxOfActin.MyoRod@61e51eb4
Crazy forceSum in boxOfActin.MyoRod@74b83bcb
Crazy forceSum in boxOfActin.MyoRod@a061686
Crazy forceSum in boxOfActin.MyoRod@7a2faf14
Crazy forceSum in boxOfActin.MyoRod@33761e5b
Crazy forceSum in boxOfActin.MyoMiniFilament@38864c5f
Crazy torqueSum in boxOfActin.MyoMiniFilament@38864c5f
Crazy forceSum in boxOfActin.MyoRod@327e272f
Crazy forceSum in boxOfActin.MyoRod@777caf04
Crazy forceSum in boxOfActin.MyoRod@7d12f100
Crazy forceSum in boxOfActin.MyoRod@4641dbc0
Crazy forceSum in boxOfActin.MyoRod@5c5db78
Crazy forceSum in boxOfActin.MyoRod@1753504b
Crazy forceSum in boxOfActin.MyoRod@7da32950
Crazy forceSum in boxOfActin.MyoRod@35f472ff
Crazy forceSum in boxOfActin.MyoRod@1ec17122
Crazy forceSum in boxOfActin.MyoRod@131dabb9
Crazy forceSum in boxOfActin.MyoRod@7710e923
Crazy forceSum in boxOfActin.MyoRod@61e51eb4
Crazy forceSum in boxOfActin.MyoRod@74b83bcb
Crazy forceSum in boxOfActin.MyoRod@a061686
Crazy forceSum in boxOfActin.MyoRod@7a2faf14
Crazy forceSum in boxOfActin.MyoRod@33761e5b
Crazy forceSum in boxOfActin.MyoMiniFilament@38864c5f
Crazy torqueSum in boxOfActin.MyoMiniFilament@38864c5f
Crazy forceSum in boxOfActin.MyoRod@327e272f
Crazy forceSum in boxOfActin.MyoRod@777caf04
Crazy forceSum in boxOfActin.MyoRod@7d12f100
Crazy forceSum in boxOfActin.MyoRod@4641dbc0
Crazy forceSum in boxOfActin.MyoRod@5c5db78
Crazy forceSum in boxOfActin.MyoRod@1753504b
Crazy forceSum in boxOfActin.MyoRod@7da32950
Crazy forceSum in boxOfActin.MyoRod@35f472ff
Crazy forceSum in boxOfActin.MyoRod@1ec17122
Crazy forceSum in boxOfActin.MyoRod@131dabb9
Crazy forceSum in boxOfActin.MyoRod@7710e923
Crazy forceSum in boxOfActin.MyoRod@61e51eb4
Crazy forceSum in boxOfActin.MyoRod@74b83bcb
Crazy forceSum in boxOfActin.MyoRod@a061686
Crazy forceSum in boxOfActin.MyoRod@7a2faf14
Crazy forceSum in boxOfActin.MyoRod@33761e5b
Crazy forceSum in boxOfActin.MyoMiniFilament@38864c5f
Crazy torqueSum in boxOfActin.MyoMiniFilament@38864c5f
Crazy forceSum in boxOfActin.MyoRod@327e272f
Crazy forceSum in boxOfActin.MyoRod@777caf04
Crazy forceSum in boxOfActin.MyoRod@7d12f100
Crazy forceSum in boxOfActin.MyoRod@4641dbc0
Crazy forceSum in boxOfActin.MyoRod@5c5db78
Crazy forceSum in boxOfActin.MyoRod@1753504b
Crazy forceSum in boxOfActin.MyoRod@7da32950
Crazy forceSum in boxOfActin.MyoRod@35f472ff
Crazy forceSum in boxOfActin.MyoRod@1ec17122
Crazy forceSum in boxOfActin.MyoRod@131dabb9
Crazy forceSum in boxOfActin.MyoRod@7710e923
Crazy forceSum in boxOfActin.MyoRod@61e51eb4
Crazy forceSum in boxOfActin.MyoRod@74b83bcb
Crazy forceSum in boxOfActin.MyoRod@a061686
Crazy forceSum in boxOfActin.MyoRod@7a2faf14
Crazy forceSum in boxOfActin.MyoRod@33761e5b
Crazy forceSum in boxOfActin.MyoMiniFilament@38864c5f
Crazy torqueSum in boxOfActin.MyoMiniFilament@38864c5f
Crazy forceSum in boxOfActin.MyoRod@327e272f
Crazy forceSum in boxOfActin.MyoRod@777caf04
Crazy forceSum in boxOfActin.MyoRod@7d12f100
Crazy forceSum in boxOfActin.MyoRod@4641dbc0
Crazy forceSum in boxOfActin.MyoRod@5c5db78
Crazy forceSum in boxOfActin.MyoRod@1753504b
Crazy forceSum in boxOfActin.MyoRod@7da32950
Crazy forceSum in boxOfActin.MyoRod@35f472ff
Crazy forceSum in boxOfActin.MyoRod@1ec17122
Crazy forceSum in boxOfActin.MyoRod@131dabb9
Crazy forceSum in boxOfActin.MyoRod@7710e923
Crazy forceSum in boxOfActin.MyoRod@61e51eb4
Crazy forceSum in boxOfActin.MyoRod@74b83bcb
Crazy forceSum in boxOfActin.MyoRod@a061686
Crazy forceSum in boxOfActin.MyoRod@7a2faf14
Crazy forceSum in boxOfActin.MyoRod@33761e5b
Crazy forceSum in boxOfActin.MyoMiniFilament@38864c5f
Crazy torqueSum in boxOfActin.MyoMiniFilament@38864c5f
Crazy forceSum in boxOfActin.MyoRod@327e272f
Crazy forceSum in boxOfActin.MyoRod@777caf04
Crazy forceSum in boxOfActin.MyoRod@7d12f100
Crazy forceSum in boxOfActin.MyoRod@4641dbc0
Crazy forceSum in boxOfActin.MyoRod@5c5db78
Crazy forceSum in boxOfActin.MyoRod@1753504b
Crazy forceSum in boxOfActin.MyoRod@7da32950
Crazy forceSum in boxOfActin.MyoRod@35f472ff
Crazy forceSum in boxOfActin.MyoRod@1ec17122
Crazy forceSum in boxOfActin.MyoRod@131dabb9
Crazy forceSum in boxOfActin.MyoRod@7710e923
Crazy forceSum in boxOfActin.MyoRod@61e51eb4
Crazy forceSum in boxOfActin.MyoRod@74b83bcb
Crazy forceSum in boxOfActin.MyoRod@a061686
Crazy forceSum in boxOfActin.MyoRod@7a2faf14
Crazy forceSum in boxOfActin.MyoRod@33761e5b
Crazy forceSum in boxOfActin.MyoMiniFilament@38864c5f
Crazy torqueSum in boxOfActin.MyoMiniFilament@38864c5f
Crazy forceSum in boxOfActin.MyoRod@327e272f
Crazy forceSum in boxOfActin.MyoRod@777caf04
Crazy forceSum in boxOfActin.MyoRod@7d12f100
Crazy forceSum in boxOfActin.MyoRod@4641dbc0
Crazy forceSum in boxOfActin.MyoRod@5c5db78
Crazy forceSum in boxOfActin.MyoRod@1753504b
Crazy forceSum in boxOfActin.MyoRod@7da32950
Crazy forceSum in boxOfActin.MyoRod@35f472ff
Crazy forceSum in boxOfActin.MyoRod@1ec17122
Crazy forceSum in boxOfActin.MyoRod@131dabb9
Crazy forceSum in boxOfActin.MyoRod@7710e923
Crazy forceSum in boxOfActin.MyoRod@61e51eb4
Crazy forceSum in boxOfActin.MyoRod@74b83bcb
Crazy forceSum in boxOfActin.MyoRod@a061686
Crazy forceSum in boxOfActin.MyoRod@7a2faf14
Crazy forceSum in boxOfActin.MyoRod@33761e5b
Crazy forceSum in boxOfActin.MyoMiniFilament@38864c5f
Crazy torqueSum in boxOfActin.MyoMiniFilament@38864c5f
Crazy forceSum in boxOfActin.MyoRod@327e272f
Crazy forceSum in boxOfActin.MyoRod@777caf04
Crazy forceSum in boxOfActin.MyoRod@7d12f100
Crazy forceSum in boxOfActin.MyoRod@4641dbc0
Crazy forceSum in boxOfActin.MyoRod@5c5db78
Crazy forceSum in boxOfActin.MyoRod@1753504b
Crazy forceSum in boxOfActin.MyoRod@7da32950
Crazy forceSum in boxOfActin.MyoRod@35f472ff
Crazy forceSum in boxOfActin.MyoRod@1ec17122
Crazy forceSum in boxOfActin.MyoRod@131dabb9
Crazy forceSum in boxOfActin.MyoRod@7710e923
Crazy forceSum in boxOfActin.MyoRod@61e51eb4
Crazy forceSum in boxOfActin.MyoRod@74b83bcb
Crazy forceSum in boxOfActin.MyoRod@a061686
Crazy forceSum in boxOfActin.MyoRod@7a2faf14
Crazy forceSum in boxOfActin.MyoRod@33761e5b
Crazy forceSum in boxOfActin.MyoMiniFilament@38864c5f
Crazy torqueSum in boxOfActin.MyoMiniFilament@38864c5f
Crazy forceSum in boxOfActin.MyoRod@327e272f
Crazy forceSum in boxOfActin.MyoRod@777caf04
Crazy forceSum in boxOfActin.MyoRod@7d12f100
Crazy forceSum in boxOfActin.MyoRod@4641dbc0
Crazy forceSum in boxOfActin.MyoRod@5c5db78
Crazy forceSum in boxOfActin.MyoRod@1753504b
Crazy forceSum in boxOfActin.MyoRod@7da32950
Crazy forceSum in boxOfActin.MyoRod@35f472ff
Crazy forceSum in boxOfActin.MyoRod@1ec17122
Crazy forceSum in boxOfActin.MyoRod@131dabb9
Crazy forceSum in boxOfActin.MyoRod@7710e923
Crazy forceSum in boxOfActin.MyoRod@61e51eb4
Crazy forceSum in boxOfActin.MyoRod@74b83bcb
Crazy forceSum in boxOfActin.MyoRod@a061686
Crazy forceSum in boxOfActin.MyoRod@7a2faf14
Crazy forceSum in boxOfActin.MyoRod@33761e5b
Crazy forceSum in boxOfActin.MyoMiniFilament@38864c5f
Crazy torqueSum in boxOfActin.MyoMiniFilament@38864c5f
Crazy forceSum in boxOfActin.MyoRod@327e272f
Crazy forceSum in boxOfActin.MyoRod@777caf04
Crazy forceSum in boxOfActin.MyoRod@7d12f100
Crazy forceSum in boxOfActin.MyoRod@4641dbc0
Crazy forceSum in boxOfActin.MyoRod@5c5db78
Crazy forceSum in boxOfActin.MyoRod@1753504b
Crazy forceSum in boxOfActin.MyoRod@7da32950
Crazy forceSum in boxOfActin.MyoRod@35f472ff
Crazy forceSum in boxOfActin.MyoRod@1ec17122
Crazy forceSum in boxOfActin.MyoRod@131dabb9
Crazy forceSum in boxOfActin.MyoRod@7710e923
Crazy forceSum in boxOfActin.MyoRod@61e51eb4
Crazy forceSum in boxOfActin.MyoRod@74b83bcb
Crazy forceSum in boxOfActin.MyoRod@a061686
Crazy forceSum in boxOfActin.MyoRod@7a2faf14
Crazy forceSum in boxOfActin.MyoRod@33761e5b
Crazy forceSum in boxOfActin.MyoMiniFilament@38864c5f
Crazy torqueSum in boxOfActin.MyoMiniFilament@38864c5f
Crazy forceSum in boxOfActin.MyoRod@327e272f
Crazy forceSum in boxOfActin.MyoRod@777caf04
Crazy forceSum in boxOfActin.MyoRod@7d12f100
Crazy forceSum in boxOfActin.MyoRod@4641dbc0
Crazy forceSum in boxOfActin.MyoRod@5c5db78
Crazy forceSum in boxOfActin.MyoRod@1753504b
Crazy forceSum in boxOfActin.MyoRod@7da32950
Crazy forceSum in boxOfActin.MyoRod@35f472ff
Crazy forceSum in boxOfActin.MyoRod@1ec17122
Crazy forceSum in boxOfActin.MyoRod@131dabb9
Crazy forceSum in boxOfActin.MyoRod@7710e923
Crazy forceSum in boxOfActin.MyoRod@61e51eb4
Crazy forceSum in boxOfActin.MyoRod@74b83bcb
Crazy forceSum in boxOfActin.MyoRod@a061686
Crazy forceSum in boxOfActin.MyoRod@7a2faf14
Crazy forceSum in boxOfActin.MyoRod@33761e5b
Crazy forceSum in boxOfActin.MyoMiniFilament@38864c5f
Crazy torqueSum in boxOfActin.MyoMiniFilament@38864c5f
Crazy forceSum in boxOfActin.MyoRod@327e272f
Crazy forceSum in boxOfActin.MyoRod@777caf04
Crazy forceSum in boxOfActin.MyoRod@7d12f100
Crazy forceSum in boxOfActin.MyoRod@4641dbc0
Crazy forceSum in boxOfActin.MyoRod@5c5db78
Crazy forceSum in boxOfActin.MyoRod@1753504b
Crazy forceSum in boxOfActin.MyoRod@7da32950
Crazy forceSum in boxOfActin.MyoRod@35f472ff
Crazy forceSum in boxOfActin.MyoRod@1ec17122
Crazy forceSum in boxOfActin.MyoRod@131dabb9
Crazy forceSum in boxOfActin.MyoRod@7710e923
Crazy forceSum in boxOfActin.MyoRod@61e51eb4
Crazy forceSum in boxOfActin.MyoRod@74b83bcb
Crazy forceSum in boxOfActin.MyoRod@a061686
Crazy forceSum in boxOfActin.MyoRod@7a2faf14
Crazy forceSum in boxOfActin.MyoRod@33761e5b
Crazy forceSum in boxOfActin.MyoMiniFilament@38864c5f
Crazy torqueSum in boxOfActin.MyoMiniFilament@38864c5f
Crazy forceSum in boxOfActin.MyoRod@327e272f
Crazy forceSum in boxOfActin.MyoRod@777caf04
Crazy forceSum in boxOfActin.MyoRod@7d12f100
Crazy forceSum in boxOfActin.MyoRod@4641dbc0
Crazy forceSum in boxOfActin.MyoRod@5c5db78
Crazy forceSum in boxOfActin.MyoRod@1753504b
Crazy forceSum in boxOfActin.MyoRod@7da32950
Crazy forceSum in boxOfActin.MyoRod@35f472ff
Crazy forceSum in boxOfActin.MyoRod@1ec17122
Crazy forceSum in boxOfActin.MyoRod@131dabb9
Crazy forceSum in boxOfActin.MyoRod@7710e923
Crazy forceSum in boxOfActin.MyoRod@61e51eb4
Crazy forceSum in boxOfActin.MyoRod@74b83bcb
Crazy forceSum in boxOfActin.MyoRod@a061686
Crazy forceSum in boxOfActin.MyoRod@7a2faf14
Crazy forceSum in boxOfActin.MyoRod@33761e5b
Crazy forceSum in boxOfActin.MyoMiniFilament@38864c5f
Crazy torqueSum in boxOfActin.MyoMiniFilament@38864c5f
Crazy forceSum in boxOfActin.MyoRod@327e272f
Crazy forceSum in boxOfActin.MyoRod@777caf04
Crazy forceSum in boxOfActin.MyoRod@7d12f100
Crazy forceSum in boxOfActin.MyoRod@4641dbc0
Crazy forceSum in boxOfActin.MyoRod@5c5db78
Crazy forceSum in boxOfActin.MyoRod@1753504b
Crazy forceSum in boxOfActin.MyoRod@7da32950
Crazy forceSum in boxOfActin.MyoRod@35f472ff
Crazy forceSum in boxOfActin.MyoRod@1ec17122
Crazy forceSum in boxOfActin.MyoRod@131dabb9
Crazy forceSum in boxOfActin.MyoRod@7710e923
Crazy forceSum in boxOfActin.MyoRod@61e51eb4
Crazy forceSum in boxOfActin.MyoRod@74b83bcb
Crazy forceSum in boxOfActin.MyoRod@a061686
Crazy forceSum in boxOfActin.MyoRod@7a2faf14
Crazy forceSum in boxOfActin.MyoRod@33761e5b
Crazy forceSum in boxOfActin.MyoMiniFilament@38864c5f
Crazy torqueSum in boxOfActin.MyoMiniFilament@38864c5f
Crazy forceSum in boxOfActin.MyoRod@327e272f
Crazy forceSum in boxOfActin.MyoRod@777caf04
Crazy forceSum in boxOfActin.MyoRod@7d12f100
Crazy forceSum in boxOfActin.MyoRod@4641dbc0
Crazy forceSum in boxOfActin.MyoRod@5c5db78
Crazy forceSum in boxOfActin.MyoRod@1753504b
Crazy forceSum in boxOfActin.MyoRod@7da32950
Crazy forceSum in boxOfActin.MyoRod@35f472ff
Crazy forceSum in boxOfActin.MyoRod@1ec17122
Crazy forceSum in boxOfActin.MyoRod@131dabb9
Crazy forceSum in boxOfActin.MyoRod@7710e923
Crazy forceSum in boxOfActin.MyoRod@61e51eb4
Crazy forceSum in boxOfActin.MyoRod@74b83bcb
Crazy forceSum in boxOfActin.MyoRod@a061686
Crazy forceSum in boxOfActin.MyoRod@7a2faf14
Crazy forceSum in boxOfActin.MyoRod@33761e5b
Crazy forceSum in boxOfActin.MyoMiniFilament@38864c5f
Crazy torqueSum in boxOfActin.MyoMiniFilament@38864c5f
Crazy forceSum in boxOfActin.MyoRod@327e272f
Crazy forceSum in boxOfActin.MyoRod@777caf04
Crazy forceSum in boxOfActin.MyoRod@7d12f100
Crazy forceSum in boxOfActin.MyoRod@4641dbc0
Crazy forceSum in boxOfActin.MyoRod@5c5db78
Crazy forceSum in boxOfActin.MyoRod@1753504b
Crazy forceSum in boxOfActin.MyoRod@7da32950
Crazy forceSum in boxOfActin.MyoRod@35f472ff
Crazy forceSum in boxOfActin.MyoRod@1ec17122
Crazy forceSum in boxOfActin.MyoRod@131dabb9
Crazy forceSum in boxOfActin.MyoRod@7710e923
Crazy forceSum in boxOfActin.MyoRod@61e51eb4
Crazy forceSum in boxOfActin.MyoRod@74b83bcb
Crazy forceSum in boxOfActin.MyoRod@a061686
Crazy forceSum in boxOfActin.MyoRod@7a2faf14
Crazy forceSum in boxOfActin.MyoRod@33761e5b
Crazy forceSum in boxOfActin.MyoMiniFilament@38864c5f
Crazy torqueSum in boxOfActin.MyoMiniFilament@38864c5f
Crazy forceSum in boxOfActin.MyoRod@327e272f
Crazy forceSum in boxOfActin.MyoRod@777caf04
Crazy forceSum in boxOfActin.MyoRod@7d12f100
Crazy forceSum in boxOfActin.MyoRod@4641dbc0
Crazy forceSum in boxOfActin.MyoRod@5c5db78
Crazy forceSum in boxOfActin.MyoRod@1753504b
Crazy forceSum in boxOfActin.MyoRod@7da32950
Crazy forceSum in boxOfActin.MyoRod@35f472ff
Crazy forceSum in boxOfActin.MyoRod@1ec17122
Crazy forceSum in boxOfActin.MyoRod@131dabb9
Crazy forceSum in boxOfActin.MyoRod@7710e923
Crazy forceSum in boxOfActin.MyoRod@61e51eb4
Crazy forceSum in boxOfActin.MyoRod@74b83bcb
Crazy forceSum in boxOfActin.MyoRod@a061686
Crazy forceSum in boxOfActin.MyoRod@7a2faf14
Crazy forceSum in boxOfActin.MyoRod@33761e5b
Crazy forceSum in boxOfActin.MyoMiniFilament@38864c5f
Crazy torqueSum in boxOfActin.MyoMiniFilament@38864c5f
Crazy forceSum in boxOfActin.MyoRod@327e272f
Crazy forceSum in boxOfActin.MyoRod@777caf04
Crazy forceSum in boxOfActin.MyoRod@7d12f100
Crazy forceSum in boxOfActin.MyoRod@4641dbc0
Crazy forceSum in boxOfActin.MyoRod@5c5db78
Crazy forceSum in boxOfActin.MyoRod@1753504b
Crazy forceSum in boxOfActin.MyoRod@7da32950
Crazy forceSum in boxOfActin.MyoRod@35f472ff
Crazy forceSum in boxOfActin.MyoRod@1ec17122
Crazy forceSum in boxOfActin.MyoRod@131dabb9
Crazy forceSum in boxOfActin.MyoRod@7710e923
Crazy forceSum in boxOfActin.MyoRod@61e51eb4
Crazy forceSum in boxOfActin.MyoRod@74b83bcb
Crazy forceSum in boxOfActin.MyoRod@a061686
Crazy forceSum in boxOfActin.MyoRod@7a2faf14
Crazy forceSum in boxOfActin.MyoRod@33761e5b
Crazy forceSum in boxOfActin.MyoMiniFilament@38864c5f
Crazy torqueSum in boxOfActin.MyoMiniFilament@38864c5f
Crazy forceSum in boxOfActin.MyoRod@327e272f
Crazy forceSum in boxOfActin.MyoRod@777caf04
Crazy forceSum in boxOfActin.MyoRod@7d12f100
Crazy forceSum in boxOfActin.MyoRod@4641dbc0
Crazy forceSum in boxOfActin.MyoRod@5c5db78
Crazy forceSum in boxOfActin.MyoRod@1753504b
Crazy forceSum in boxOfActin.MyoRod@7da32950
Crazy forceSum in boxOfActin.MyoRod@35f472ff
Crazy forceSum in boxOfActin.MyoRod@1ec17122
Crazy forceSum in boxOfActin.MyoRod@131dabb9
Crazy forceSum in boxOfActin.MyoRod@7710e923
Crazy forceSum in boxOfActin.MyoRod@61e51eb4
Crazy forceSum in boxOfActin.MyoRod@74b83bcb
Crazy forceSum in boxOfActin.MyoRod@a061686
Crazy forceSum in boxOfActin.MyoRod@7a2faf14
Crazy forceSum in boxOfActin.MyoRod@33761e5b
Crazy forceSum in boxOfActin.MyoMiniFilament@38864c5f
Crazy torqueSum in boxOfActin.MyoMiniFilament@38864c5f
Crazy forceSum in boxOfActin.MyoRod@327e272f
Crazy forceSum in boxOfActin.MyoRod@777caf04
Crazy forceSum in boxOfActin.MyoRod@7d12f100
Crazy forceSum in boxOfActin.MyoRod@4641dbc0
Crazy forceSum in boxOfActin.MyoRod@5c5db78
Crazy forceSum in boxOfActin.MyoRod@1753504b
Crazy forceSum in boxOfActin.MyoRod@7da32950
Crazy forceSum in boxOfActin.MyoRod@35f472ff
Crazy forceSum in boxOfActin.MyoRod@1ec17122
Crazy forceSum in boxOfActin.MyoRod@131dabb9
Crazy forceSum in boxOfActin.MyoRod@7710e923
Crazy forceSum in boxOfActin.MyoRod@61e51eb4
Crazy forceSum in boxOfActin.MyoRod@74b83bcb
Crazy forceSum in boxOfActin.MyoRod@a061686
Crazy forceSum in boxOfActin.MyoRod@7a2faf14
Crazy forceSum in boxOfActin.MyoRod@33761e5b
Crazy forceSum in boxOfActin.MyoMiniFilament@38864c5f
Crazy torqueSum in boxOfActin.MyoMiniFilament@38864c5f
Crazy forceSum in boxOfActin.MyoRod@327e272f
Crazy forceSum in boxOfActin.MyoRod@777caf04
Crazy forceSum in boxOfActin.MyoRod@7d12f100
Crazy forceSum in boxOfActin.MyoRod@4641dbc0
Crazy forceSum in boxOfActin.MyoRod@5c5db78
Crazy forceSum in boxOfActin.MyoRod@1753504b
Crazy forceSum in boxOfActin.MyoRod@7da32950
Crazy forceSum in boxOfActin.MyoRod@35f472ff
Crazy forceSum in boxOfActin.MyoRod@1ec17122
Crazy forceSum in boxOfActin.MyoRod@131dabb9
Crazy forceSum in boxOfActin.MyoRod@7710e923
Crazy forceSum in boxOfActin.MyoRod@61e51eb4
Crazy forceSum in boxOfActin.MyoRod@74b83bcb
Crazy forceSum in boxOfActin.MyoRod@a061686
Crazy forceSum in boxOfActin.MyoRod@7a2faf14
Crazy forceSum in boxOfActin.MyoRod@33761e5b
Crazy forceSum in boxOfActin.MyoMiniFilament@38864c5f
Crazy torqueSum in boxOfActin.MyoMiniFilament@38864c5f
Crazy forceSum in boxOfActin.MyoRod@327e272f
Crazy forceSum in boxOfActin.MyoRod@777caf04
Crazy forceSum in boxOfActin.MyoRod@7d12f100
Crazy forceSum in boxOfActin.MyoRod@4641dbc0
Crazy forceSum in boxOfActin.MyoRod@5c5db78
Crazy forceSum in boxOfActin.MyoRod@1753504b
Crazy forceSum in boxOfActin.MyoRod@7da32950
Crazy forceSum in boxOfActin.MyoRod@35f472ff
Crazy forceSum in boxOfActin.MyoRod@1ec17122
Crazy forceSum in boxOfActin.MyoRod@131dabb9
Crazy forceSum in boxOfActin.MyoRod@7710e923
Crazy forceSum in boxOfActin.MyoRod@61e51eb4
Crazy forceSum in boxOfActin.MyoRod@74b83bcb
Crazy forceSum in boxOfActin.MyoRod@a061686
Crazy forceSum in boxOfActin.MyoRod@7a2faf14
Crazy forceSum in boxOfActin.MyoRod@33761e5b
Crazy forceSum in boxOfActin.MyoMiniFilament@38864c5f
Crazy torqueSum in boxOfActin.MyoMiniFilament@38864c5f
Crazy forceSum in boxOfActin.MyoRod@327e272f
Crazy forceSum in boxOfActin.MyoRod@777caf04
Crazy forceSum in boxOfActin.MyoRod@7d12f100
Crazy forceSum in boxOfActin.MyoRod@4641dbc0
Crazy forceSum in boxOfActin.MyoRod@5c5db78
Crazy forceSum in boxOfActin.MyoRod@1753504b
Crazy forceSum in boxOfActin.MyoRod@7da32950
Crazy forceSum in boxOfActin.MyoRod@35f472ff
Crazy forceSum in boxOfActin.MyoRod@1ec17122
Crazy forceSum in boxOfActin.MyoRod@131dabb9
Crazy forceSum in boxOfActin.MyoRod@7710e923
Crazy forceSum in boxOfActin.MyoRod@61e51eb4
Crazy forceSum in boxOfActin.MyoRod@74b83bcb
Crazy forceSum in boxOfActin.MyoRod@a061686
Crazy forceSum in boxOfActin.MyoRod@7a2faf14
Crazy forceSum in boxOfActin.MyoRod@33761e5b
Crazy forceSum in boxOfActin.MyoMiniFilament@38864c5f
Crazy torqueSum in boxOfActin.MyoMiniFilament@38864c5f
Crazy forceSum in boxOfActin.MyoRod@327e272f
Crazy forceSum in boxOfActin.MyoRod@777caf04
Crazy forceSum in boxOfActin.MyoRod@7d12f100
Crazy forceSum in boxOfActin.MyoRod@4641dbc0
Crazy forceSum in boxOfActin.MyoRod@5c5db78
Crazy forceSum in boxOfActin.MyoRod@1753504b
Crazy forceSum in boxOfActin.MyoRod@7da32950
Crazy forceSum in boxOfActin.MyoRod@35f472ff
Crazy forceSum in boxOfActin.MyoRod@1ec17122
Crazy forceSum in boxOfActin.MyoRod@131dabb9
Crazy forceSum in boxOfActin.MyoRod@7710e923
Crazy forceSum in boxOfActin.MyoRod@61e51eb4
Crazy forceSum in boxOfActin.MyoRod@74b83bcb
Crazy forceSum in boxOfActin.MyoRod@a061686
Crazy forceSum in boxOfActin.MyoRod@7a2faf14
Crazy forceSum in boxOfActin.MyoRod@33761e5b
Crazy forceSum in boxOfActin.MyoMiniFilament@38864c5f
Crazy torqueSum in boxOfActin.MyoMiniFilament@38864c5f
Crazy forceSum in boxOfActin.MyoRod@327e272f
Crazy forceSum in boxOfActin.MyoRod@777caf04
Crazy forceSum in boxOfActin.MyoRod@7d12f100
Crazy forceSum in boxOfActin.MyoRod@4641dbc0
Crazy forceSum in boxOfActin.MyoRod@5c5db78
Crazy forceSum in boxOfActin.MyoRod@1753504b
Crazy forceSum in boxOfActin.MyoRod@7da32950
Crazy forceSum in boxOfActin.MyoRod@35f472ff
Crazy forceSum in boxOfActin.MyoRod@1ec17122
Crazy forceSum in boxOfActin.MyoRod@131dabb9
Crazy forceSum in boxOfActin.MyoRod@7710e923
Crazy forceSum in boxOfActin.MyoRod@61e51eb4
Crazy forceSum in boxOfActin.MyoRod@74b83bcb
Crazy forceSum in boxOfActin.MyoRod@a061686
Crazy forceSum in boxOfActin.MyoRod@7a2faf14
Crazy forceSum in boxOfActin.MyoRod@33761e5b
Crazy forceSum in boxOfActin.MyoMiniFilament@38864c5f
Crazy torqueSum in boxOfActin.MyoMiniFilament@38864c5f
Crazy forceSum in boxOfActin.MyoRod@327e272f
Crazy forceSum in boxOfActin.MyoRod@777caf04
Crazy forceSum in boxOfActin.MyoRod@7d12f100
Crazy forceSum in boxOfActin.MyoRod@4641dbc0
Crazy forceSum in boxOfActin.MyoRod@5c5db78
Crazy forceSum in boxOfActin.MyoRod@1753504b
Crazy forceSum in boxOfActin.MyoRod@7da32950
Crazy forceSum in boxOfActin.MyoRod@35f472ff
Crazy forceSum in boxOfActin.MyoRod@1ec17122
Crazy forceSum in boxOfActin.MyoRod@131dabb9
Crazy forceSum in boxOfActin.MyoRod@7710e923
Crazy forceSum in boxOfActin.MyoRod@61e51eb4
Crazy forceSum in boxOfActin.MyoRod@74b83bcb
Crazy forceSum in boxOfActin.MyoRod@a061686
Crazy forceSum in boxOfActin.MyoRod@7a2faf14
Crazy forceSum in boxOfActin.MyoRod@33761e5b
Crazy forceSum in boxOfActin.MyoMiniFilament@38864c5f
Crazy torqueSum in boxOfActin.MyoMiniFilament@38864c5f
Crazy forceSum in boxOfActin.MyoRod@327e272f
Crazy forceSum in boxOfActin.MyoRod@777caf04
Crazy forceSum in boxOfActin.MyoRod@7d12f100
Crazy forceSum in boxOfActin.MyoRod@4641dbc0
Crazy forceSum in boxOfActin.MyoRod@5c5db78
Crazy forceSum in boxOfActin.MyoRod@1753504b
Crazy forceSum in boxOfActin.MyoRod@7da32950
Crazy forceSum in boxOfActin.MyoRod@35f472ff
Crazy forceSum in boxOfActin.MyoRod@1ec17122
Crazy forceSum in boxOfActin.MyoRod@131dabb9
Crazy forceSum in boxOfActin.MyoRod@7710e923
Crazy forceSum in boxOfActin.MyoRod@61e51eb4
Crazy forceSum in boxOfActin.MyoRod@74b83bcb
Crazy forceSum in boxOfActin.MyoRod@a061686
Crazy forceSum in boxOfActin.MyoRod@7a2faf14
Crazy forceSum in boxOfActin.MyoRod@33761e5b
Crazy forceSum in boxOfActin.MyoMiniFilament@38864c5f
Crazy torqueSum in boxOfActin.MyoMiniFilament@38864c5f
Crazy forceSum in boxOfActin.MyoRod@327e272f
Crazy forceSum in boxOfActin.MyoRod@777caf04
Crazy forceSum in boxOfActin.MyoRod@7d12f100
Crazy forceSum in boxOfActin.MyoRod@4641dbc0
Crazy forceSum in boxOfActin.MyoRod@5c5db78
Crazy forceSum in boxOfActin.MyoRod@1753504b
Crazy forceSum in boxOfActin.MyoRod@7da32950
Crazy forceSum in boxOfActin.MyoRod@35f472ff
Crazy forceSum in boxOfActin.MyoRod@1ec17122
Crazy forceSum in boxOfActin.MyoRod@131dabb9
Crazy forceSum in boxOfActin.MyoRod@7710e923
Crazy forceSum in boxOfActin.MyoRod@61e51eb4
Crazy forceSum in boxOfActin.MyoRod@74b83bcb
Crazy forceSum in boxOfActin.MyoRod@a061686
Crazy forceSum in boxOfActin.MyoRod@7a2faf14
Crazy forceSum in boxOfActin.MyoRod@33761e5b
Crazy forceSum in boxOfActin.MyoMiniFilament@38864c5f
Crazy torqueSum in boxOfActin.MyoMiniFilament@38864c5f
Crazy forceSum in boxOfActin.MyoRod@327e272f
Crazy forceSum in boxOfActin.MyoRod@777caf04
Crazy forceSum in boxOfActin.MyoRod@7d12f100
Crazy forceSum in boxOfActin.MyoRod@4641dbc0
Crazy forceSum in boxOfActin.MyoRod@5c5db78
Crazy forceSum in boxOfActin.MyoRod@1753504b
Crazy forceSum in boxOfActin.MyoRod@7da32950
Crazy forceSum in boxOfActin.MyoRod@35f472ff
Crazy forceSum in boxOfActin.MyoRod@1ec17122
Crazy forceSum in boxOfActin.MyoRod@131dabb9
Crazy forceSum in boxOfActin.MyoRod@7710e923
Crazy forceSum in boxOfActin.MyoRod@61e51eb4
Crazy forceSum in boxOfActin.MyoRod@74b83bcb
Crazy forceSum in boxOfActin.MyoRod@a061686
Crazy forceSum in boxOfActin.MyoRod@7a2faf14
Crazy forceSum in boxOfActin.MyoRod@33761e5b
Crazy forceSum in boxOfActin.MyoMiniFilament@38864c5f
Crazy torqueSum in boxOfActin.MyoMiniFilament@38864c5f
Crazy forceSum in boxOfActin.MyoRod@327e272f
Crazy forceSum in boxOfActin.MyoRod@777caf04
Crazy forceSum in boxOfActin.MyoRod@7d12f100
Crazy forceSum in boxOfActin.MyoRod@4641dbc0
Crazy forceSum in boxOfActin.MyoRod@5c5db78
Crazy forceSum in boxOfActin.MyoRod@1753504b
Crazy forceSum in boxOfActin.MyoRod@7da32950
Crazy forceSum in boxOfActin.MyoRod@35f472ff
Crazy forceSum in boxOfActin.MyoRod@1ec17122
Crazy forceSum in boxOfActin.MyoRod@131dabb9
Crazy forceSum in boxOfActin.MyoRod@7710e923
Crazy forceSum in boxOfActin.MyoRod@61e51eb4
Crazy forceSum in boxOfActin.MyoRod@74b83bcb
Crazy forceSum in boxOfActin.MyoRod@a061686
Crazy forceSum in boxOfActin.MyoRod@7a2faf14
Crazy forceSum in boxOfActin.MyoRod@33761e5b
Crazy forceSum in boxOfActin.MyoMiniFilament@38864c5f
Crazy torqueSum in boxOfActin.MyoMiniFilament@38864c5f
Crazy forceSum in boxOfActin.MyoRod@327e272f
Crazy forceSum in boxOfActin.MyoRod@777caf04
Crazy forceSum in boxOfActin.MyoRod@7d12f100
Crazy forceSum in boxOfActin.MyoRod@4641dbc0
Crazy forceSum in boxOfActin.MyoRod@5c5db78
Crazy forceSum in boxOfActin.MyoRod@1753504b
Crazy forceSum in boxOfActin.MyoRod@7da32950
Crazy forceSum in boxOfActin.MyoRod@35f472ff
Crazy forceSum in boxOfActin.MyoRod@1ec17122
Crazy forceSum in boxOfActin.MyoRod@131dabb9
Crazy forceSum in boxOfActin.MyoRod@7710e923
Crazy forceSum in boxOfActin.MyoRod@61e51eb4
Crazy forceSum in boxOfActin.MyoRod@74b83bcb
Crazy forceSum in boxOfActin.MyoRod@a061686
Crazy forceSum in boxOfActin.MyoRod@7a2faf14
Crazy forceSum in boxOfActin.MyoRod@33761e5b
Crazy forceSum in boxOfActin.MyoMiniFilament@38864c5f
Crazy torqueSum in boxOfActin.MyoMiniFilament@38864c5f
Crazy forceSum in boxOfActin.MyoRod@327e272f
Crazy forceSum in boxOfActin.MyoRod@777caf04
Crazy forceSum in boxOfActin.MyoRod@7d12f100
Crazy forceSum in boxOfActin.MyoRod@4641dbc0
Crazy forceSum in boxOfActin.MyoRod@5c5db78
Crazy forceSum in boxOfActin.MyoRod@1753504b
Crazy forceSum in boxOfActin.MyoRod@7da32950
Crazy forceSum in boxOfActin.MyoRod@35f472ff
Crazy forceSum in boxOfActin.MyoRod@1ec17122
Crazy forceSum in boxOfActin.MyoRod@131dabb9
Crazy forceSum in boxOfActin.MyoRod@7710e923
Crazy forceSum in boxOfActin.MyoRod@61e51eb4
Crazy forceSum in boxOfActin.MyoRod@74b83bcb
Crazy forceSum in boxOfActin.MyoRod@a061686
Crazy forceSum in boxOfActin.MyoRod@7a2faf14
Crazy forceSum in boxOfActin.MyoRod@33761e5b
Crazy forceSum in boxOfActin.MyoMiniFilament@38864c5f
Crazy torqueSum in boxOfActin.MyoMiniFilament@38864c5f
Crazy forceSum in boxOfActin.MyoRod@327e272f
Crazy forceSum in boxOfActin.MyoRod@777caf04
Crazy forceSum in boxOfActin.MyoRod@7d12f100
Crazy forceSum in boxOfActin.MyoRod@4641dbc0
Crazy forceSum in boxOfActin.MyoRod@5c5db78
Crazy forceSum in boxOfActin.MyoRod@1753504b
Crazy forceSum in boxOfActin.MyoRod@7da32950
Crazy forceSum in boxOfActin.MyoRod@35f472ff
Crazy forceSum in boxOfActin.MyoRod@1ec17122
Crazy forceSum in boxOfActin.MyoRod@131dabb9
Crazy forceSum in boxOfActin.MyoRod@7710e923
Crazy forceSum in boxOfActin.MyoRod@61e51eb4
Crazy forceSum in boxOfActin.MyoRod@74b83bcb
Crazy forceSum in boxOfActin.MyoRod@a061686
Crazy forceSum in boxOfActin.MyoRod@7a2faf14
Crazy forceSum in boxOfActin.MyoRod@33761e5b
Crazy forceSum in boxOfActin.MyoMiniFilament@38864c5f
Crazy torqueSum in boxOfActin.MyoMiniFilament@38864c5f
Crazy forceSum in boxOfActin.MyoRod@327e272f
Crazy forceSum in boxOfActin.MyoRod@777caf04
Crazy forceSum in boxOfActin.MyoRod@7d12f100
Crazy forceSum in boxOfActin.MyoRod@4641dbc0
Crazy forceSum in boxOfActin.MyoRod@5c5db78
Crazy forceSum in boxOfActin.MyoRod@1753504b
Crazy forceSum in boxOfActin.MyoRod@7da32950
Crazy forceSum in boxOfActin.MyoRod@35f472ff
Crazy forceSum in boxOfActin.MyoRod@1ec17122
Crazy forceSum in boxOfActin.MyoRod@131dabb9
Crazy forceSum in boxOfActin.MyoRod@7710e923
Crazy forceSum in boxOfActin.MyoRod@61e51eb4
Crazy forceSum in boxOfActin.MyoRod@74b83bcb
Crazy forceSum in boxOfActin.MyoRod@a061686
Crazy forceSum in boxOfActin.MyoRod@7a2faf14
Crazy forceSum in boxOfActin.MyoRod@33761e5b
Crazy forceSum in boxOfActin.MyoMiniFilament@38864c5f
Crazy torqueSum in boxOfActin.MyoMiniFilament@38864c5f
Crazy forceSum in boxOfActin.MyoRod@327e272f
Crazy forceSum in boxOfActin.MyoRod@777caf04
Crazy forceSum in boxOfActin.MyoRod@7d12f100
Crazy forceSum in boxOfActin.MyoRod@4641dbc0
Crazy forceSum in boxOfActin.MyoRod@5c5db78
Crazy forceSum in boxOfActin.MyoRod@1753504b
Crazy forceSum in boxOfActin.MyoRod@7da32950
Crazy forceSum in boxOfActin.MyoRod@35f472ff
Crazy forceSum in boxOfActin.MyoRod@1ec17122
Crazy forceSum in boxOfActin.MyoRod@131dabb9
Crazy forceSum in boxOfActin.MyoRod@7710e923
Crazy forceSum in boxOfActin.MyoRod@61e51eb4
Crazy forceSum in boxOfActin.MyoRod@74b83bcb
Crazy forceSum in boxOfActin.MyoRod@a061686
Crazy forceSum in boxOfActin.MyoRod@7a2faf14
Crazy forceSum in boxOfActin.MyoRod@33761e5b
Crazy forceSum in boxOfActin.MyoMiniFilament@38864c5f
Crazy torqueSum in boxOfActin.MyoMiniFilament@38864c5f
Crazy forceSum in boxOfActin.MyoRod@327e272f
Crazy forceSum in boxOfActin.MyoRod@777caf04
Crazy forceSum in boxOfActin.MyoRod@7d12f100
Crazy forceSum in boxOfActin.MyoRod@4641dbc0
Crazy forceSum in boxOfActin.MyoRod@5c5db78
Crazy forceSum in boxOfActin.MyoRod@1753504b
Crazy forceSum in boxOfActin.MyoRod@7da32950
Crazy forceSum in boxOfActin.MyoRod@35f472ff
Crazy forceSum in boxOfActin.MyoRod@1ec17122
Crazy forceSum in boxOfActin.MyoRod@131dabb9
Crazy forceSum in boxOfActin.MyoRod@7710e923
Crazy forceSum in boxOfActin.MyoRod@61e51eb4
Crazy forceSum in boxOfActin.MyoRod@74b83bcb
Crazy forceSum in boxOfActin.MyoRod@a061686
Crazy forceSum in boxOfActin.MyoRod@7a2faf14
Crazy forceSum in boxOfActin.MyoRod@33761e5b
Crazy forceSum in boxOfActin.MyoMiniFilament@38864c5f
Crazy torqueSum in boxOfActin.MyoMiniFilament@38864c5f
Crazy forceSum in boxOfActin.MyoRod@327e272f
Crazy forceSum in boxOfActin.MyoRod@777caf04
Crazy forceSum in boxOfActin.MyoRod@7d12f100
Crazy forceSum in boxOfActin.MyoRod@4641dbc0
Crazy forceSum in boxOfActin.MyoRod@5c5db78
Crazy forceSum in boxOfActin.MyoRod@1753504b
Crazy forceSum in boxOfActin.MyoRod@7da32950
Crazy forceSum in boxOfActin.MyoRod@35f472ff
Crazy forceSum in boxOfActin.MyoRod@1ec17122
Crazy forceSum in boxOfActin.MyoRod@131dabb9
Crazy forceSum in boxOfActin.MyoRod@7710e923
Crazy forceSum in boxOfActin.MyoRod@61e51eb4
Crazy forceSum in boxOfActin.MyoRod@74b83bcb
Crazy forceSum in boxOfActin.MyoRod@a061686
Crazy forceSum in boxOfActin.MyoRod@7a2faf14
Crazy forceSum in boxOfActin.MyoRod@33761e5b
Crazy forceSum in boxOfActin.MyoMiniFilament@38864c5f
Crazy torqueSum in boxOfActin.MyoMiniFilament@38864c5f
Crazy forceSum in boxOfActin.MyoRod@327e272f
Crazy forceSum in boxOfActin.MyoRod@777caf04
Crazy forceSum in boxOfActin.MyoRod@7d12f100
Crazy forceSum in boxOfActin.MyoRod@4641dbc0
Crazy forceSum in boxOfActin.MyoRod@5c5db78
Crazy forceSum in boxOfActin.MyoRod@1753504b
Crazy forceSum in boxOfActin.MyoRod@7da32950
Crazy forceSum in boxOfActin.MyoRod@35f472ff
Crazy forceSum in boxOfActin.MyoRod@1ec17122
Crazy forceSum in boxOfActin.MyoRod@131dabb9
Crazy forceSum in boxOfActin.MyoRod@7710e923
Crazy forceSum in boxOfActin.MyoRod@61e51eb4
Crazy forceSum in boxOfActin.MyoRod@74b83bcb
Crazy forceSum in boxOfActin.MyoRod@a061686
Crazy forceSum in boxOfActin.MyoRod@7a2faf14
Crazy forceSum in boxOfActin.MyoRod@33761e5b
Crazy forceSum in boxOfActin.MyoMiniFilament@38864c5f
Crazy torqueSum in boxOfActin.MyoMiniFilament@38864c5f
Crazy forceSum in boxOfActin.MyoRod@327e272f
Crazy forceSum in boxOfActin.MyoRod@777caf04
Crazy forceSum in boxOfActin.MyoRod@7d12f100
Crazy forceSum in boxOfActin.MyoRod@4641dbc0
Crazy forceSum in boxOfActin.MyoRod@5c5db78
Crazy forceSum in boxOfActin.MyoRod@1753504b
Crazy forceSum in boxOfActin.MyoRod@7da32950
Crazy forceSum in boxOfActin.MyoRod@35f472ff
Crazy forceSum in boxOfActin.MyoRod@1ec17122
Crazy forceSum in boxOfActin.MyoRod@131dabb9
Crazy forceSum in boxOfActin.MyoRod@7710e923
Crazy forceSum in boxOfActin.MyoRod@61e51eb4
Crazy forceSum in boxOfActin.MyoRod@74b83bcb
Crazy forceSum in boxOfActin.MyoRod@a061686
Crazy forceSum in boxOfActin.MyoRod@7a2faf14
Crazy forceSum in boxOfActin.MyoRod@33761e5b
Crazy forceSum in boxOfActin.MyoMiniFilament@38864c5f
Crazy torqueSum in boxOfActin.MyoMiniFilament@38864c5f
Crazy forceSum in boxOfActin.MyoRod@327e272f
Crazy forceSum in boxOfActin.MyoRod@777caf04
Crazy forceSum in boxOfActin.MyoRod@7d12f100
Crazy forceSum in boxOfActin.MyoRod@4641dbc0
Crazy forceSum in boxOfActin.MyoRod@5c5db78
Crazy forceSum in boxOfActin.MyoRod@1753504b
Crazy forceSum in boxOfActin.MyoRod@7da32950
Crazy forceSum in boxOfActin.MyoRod@35f472ff
Crazy forceSum in boxOfActin.MyoRod@1ec17122
Crazy forceSum in boxOfActin.MyoRod@131dabb9
Crazy forceSum in boxOfActin.MyoRod@7710e923
Crazy forceSum in boxOfActin.MyoRod@61e51eb4
Crazy forceSum in boxOfActin.MyoRod@74b83bcb
Crazy forceSum in boxOfActin.MyoRod@a061686
Crazy forceSum in boxOfActin.MyoRod@7a2faf14
Crazy forceSum in boxOfActin.MyoRod@33761e5b
Crazy forceSum in boxOfActin.MyoMiniFilament@38864c5f
Crazy torqueSum in boxOfActin.MyoMiniFilament@38864c5f
Crazy forceSum in boxOfActin.MyoRod@327e272f
Crazy forceSum in boxOfActin.MyoRod@777caf04
Crazy forceSum in boxOfActin.MyoRod@7d12f100
Crazy forceSum in boxOfActin.MyoRod@4641dbc0
Crazy forceSum in boxOfActin.MyoRod@5c5db78
Crazy forceSum in boxOfActin.MyoRod@1753504b
Crazy forceSum in boxOfActin.MyoRod@7da32950
Crazy forceSum in boxOfActin.MyoRod@35f472ff
Crazy forceSum in boxOfActin.MyoRod@1ec17122
Crazy forceSum in boxOfActin.MyoRod@131dabb9
Crazy forceSum in boxOfActin.MyoRod@7710e923
Crazy forceSum in boxOfActin.MyoRod@61e51eb4
Crazy forceSum in boxOfActin.MyoRod@74b83bcb
Crazy forceSum in boxOfActin.MyoRod@a061686
Crazy forceSum in boxOfActin.MyoRod@7a2faf14
Crazy forceSum in boxOfActin.MyoRod@33761e5b
Crazy forceSum in boxOfActin.MyoMiniFilament@38864c5f
Crazy torqueSum in boxOfActin.MyoMiniFilament@38864c5f
Crazy forceSum in boxOfActin.MyoRod@327e272f
Crazy forceSum in boxOfActin.MyoRod@777caf04
Crazy forceSum in boxOfActin.MyoRod@7d12f100
Crazy forceSum in boxOfActin.MyoRod@4641dbc0
Crazy forceSum in boxOfActin.MyoRod@5c5db78
Crazy forceSum in boxOfActin.MyoRod@1753504b
Crazy forceSum in boxOfActin.MyoRod@7da32950
Crazy forceSum in boxOfActin.MyoRod@35f472ff
Crazy forceSum in boxOfActin.MyoRod@1ec17122
Crazy forceSum in boxOfActin.MyoRod@131dabb9
Crazy forceSum in boxOfActin.MyoRod@7710e923
Crazy forceSum in boxOfActin.MyoRod@61e51eb4
Crazy forceSum in boxOfActin.MyoRod@74b83bcb
Crazy forceSum in boxOfActin.MyoRod@a061686
Crazy forceSum in boxOfActin.MyoRod@7a2faf14
Crazy forceSum in boxOfActin.MyoRod@33761e5b
Crazy forceSum in boxOfActin.MyoMiniFilament@38864c5f
Crazy torqueSum in boxOfActin.MyoMiniFilament@38864c5f
Crazy forceSum in boxOfActin.MyoRod@327e272f
Crazy forceSum in boxOfActin.MyoRod@777caf04
Crazy forceSum in boxOfActin.MyoRod@7d12f100
Crazy forceSum in boxOfActin.MyoRod@4641dbc0
Crazy forceSum in boxOfActin.MyoRod@5c5db78
Crazy forceSum in boxOfActin.MyoRod@1753504b
Crazy forceSum in boxOfActin.MyoRod@7da32950
Crazy forceSum in boxOfActin.MyoRod@35f472ff
Crazy forceSum in boxOfActin.MyoRod@1ec17122
Crazy forceSum in boxOfActin.MyoRod@131dabb9
Crazy forceSum in boxOfActin.MyoRod@7710e923
Crazy forceSum in boxOfActin.MyoRod@61e51eb4
Crazy forceSum in boxOfActin.MyoRod@74b83bcb
Crazy forceSum in boxOfActin.MyoRod@a061686
Crazy forceSum in boxOfActin.MyoRod@7a2faf14
Crazy forceSum in boxOfActin.MyoRod@33761e5b
Crazy forceSum in boxOfActin.MyoMiniFilament@38864c5f
Crazy torqueSum in boxOfActin.MyoMiniFilament@38864c5f
Crazy forceSum in boxOfActin.MyoRod@327e272f
Crazy forceSum in boxOfActin.MyoRod@777caf04
Crazy forceSum in boxOfActin.MyoRod@7d12f100
Crazy forceSum in boxOfActin.MyoRod@4641dbc0
Crazy forceSum in boxOfActin.MyoRod@5c5db78
Crazy forceSum in boxOfActin.MyoRod@1753504b
Crazy forceSum in boxOfActin.MyoRod@7da32950
Crazy forceSum in boxOfActin.MyoRod@35f472ff
Crazy forceSum in boxOfActin.MyoRod@1ec17122
Crazy forceSum in boxOfActin.MyoRod@131dabb9
Crazy forceSum in boxOfActin.MyoRod@7710e923
Crazy forceSum in boxOfActin.MyoRod@61e51eb4
Crazy forceSum in boxOfActin.MyoRod@74b83bcb
Crazy forceSum in boxOfActin.MyoRod@a061686
Crazy forceSum in boxOfActin.MyoRod@7a2faf14
Crazy forceSum in boxOfActin.MyoRod@33761e5b
Crazy forceSum in boxOfActin.MyoMiniFilament@38864c5f
Crazy torqueSum in boxOfActin.MyoMiniFilament@38864c5f
Crazy forceSum in boxOfActin.MyoRod@327e272f
Crazy forceSum in boxOfActin.MyoRod@777caf04
Crazy forceSum in boxOfActin.MyoRod@7d12f100
Crazy forceSum in boxOfActin.MyoRod@4641dbc0
Crazy forceSum in boxOfActin.MyoRod@5c5db78
Crazy forceSum in boxOfActin.MyoRod@1753504b
Crazy forceSum in boxOfActin.MyoRod@7da32950
Crazy forceSum in boxOfActin.MyoRod@35f472ff
Crazy forceSum in boxOfActin.MyoRod@1ec17122
Crazy forceSum in boxOfActin.MyoRod@131dabb9
Crazy forceSum in boxOfActin.MyoRod@7710e923
Crazy forceSum in boxOfActin.MyoRod@61e51eb4
Crazy forceSum in boxOfActin.MyoRod@74b83bcb
Crazy forceSum in boxOfActin.MyoRod@a061686
Crazy forceSum in boxOfActin.MyoRod@7a2faf14
Crazy forceSum in boxOfActin.MyoRod@33761e5b
Crazy forceSum in boxOfActin.MyoMiniFilament@38864c5f
Crazy torqueSum in boxOfActin.MyoMiniFilament@38864c5f
Crazy forceSum in boxOfActin.MyoRod@327e272f
Crazy forceSum in boxOfActin.MyoRod@777caf04
Crazy forceSum in boxOfActin.MyoRod@7d12f100
Crazy forceSum in boxOfActin.MyoRod@4641dbc0
Crazy forceSum in boxOfActin.MyoRod@5c5db78
Crazy forceSum in boxOfActin.MyoRod@1753504b
Crazy forceSum in boxOfActin.MyoRod@7da32950
Crazy forceSum in boxOfActin.MyoRod@35f472ff
Crazy forceSum in boxOfActin.MyoRod@1ec17122
Crazy forceSum in boxOfActin.MyoRod@131dabb9
Crazy forceSum in boxOfActin.MyoRod@7710e923
Crazy forceSum in boxOfActin.MyoRod@61e51eb4
Crazy forceSum in boxOfActin.MyoRod@74b83bcb
Crazy forceSum in boxOfActin.MyoRod@a061686
Crazy forceSum in boxOfActin.MyoRod@7a2faf14
Crazy forceSum in boxOfActin.MyoRod@33761e5b
Crazy forceSum in boxOfActin.MyoMiniFilament@38864c5f
Crazy torqueSum in boxOfActin.MyoMiniFilament@38864c5f
Crazy forceSum in boxOfActin.MyoRod@327e272f
Crazy forceSum in boxOfActin.MyoRod@777caf04
Crazy forceSum in boxOfActin.MyoRod@7d12f100
Crazy forceSum in boxOfActin.MyoRod@4641dbc0
Crazy forceSum in boxOfActin.MyoRod@5c5db78
Crazy forceSum in boxOfActin.MyoRod@1753504b
Crazy forceSum in boxOfActin.MyoRod@7da32950
Crazy forceSum in boxOfActin.MyoRod@35f472ff
Crazy forceSum in boxOfActin.MyoRod@1ec17122
Crazy forceSum in boxOfActin.MyoRod@131dabb9
Crazy forceSum in boxOfActin.MyoRod@7710e923
Crazy forceSum in boxOfActin.MyoRod@61e51eb4
Crazy forceSum in boxOfActin.MyoRod@74b83bcb
Crazy forceSum in boxOfActin.MyoRod@a061686
Crazy forceSum in boxOfActin.MyoRod@7a2faf14
Crazy forceSum in boxOfActin.MyoRod@33761e5b
Crazy forceSum in boxOfActin.MyoMiniFilament@38864c5f
Crazy torqueSum in boxOfActin.MyoMiniFilament@38864c5f
Crazy forceSum in boxOfActin.MyoRod@327e272f
Crazy forceSum in boxOfActin.MyoRod@777caf04
Crazy forceSum in boxOfActin.MyoRod@7d12f100
Crazy forceSum in boxOfActin.MyoRod@4641dbc0
Crazy forceSum in boxOfActin.MyoRod@5c5db78
Crazy forceSum in boxOfActin.MyoRod@1753504b
Crazy forceSum in boxOfActin.MyoRod@7da32950
Crazy forceSum in boxOfActin.MyoRod@35f472ff
Crazy forceSum in boxOfActin.MyoRod@1ec17122
Crazy forceSum in boxOfActin.MyoRod@131dabb9
Crazy forceSum in boxOfActin.MyoRod@7710e923
Crazy forceSum in boxOfActin.MyoRod@61e51eb4
Crazy forceSum in boxOfActin.MyoRod@74b83bcb
Crazy forceSum in boxOfActin.MyoRod@a061686
Crazy forceSum in boxOfActin.MyoRod@7a2faf14
Crazy forceSum in boxOfActin.MyoRod@33761e5b
Crazy forceSum in boxOfActin.MyoMiniFilament@38864c5f
Crazy torqueSum in boxOfActin.MyoMiniFilament@38864c5f
Crazy forceSum in boxOfActin.MyoRod@327e272f
Crazy forceSum in boxOfActin.MyoRod@777caf04
Crazy forceSum in boxOfActin.MyoRod@7d12f100
Crazy forceSum in boxOfActin.MyoRod@4641dbc0
Crazy forceSum in boxOfActin.MyoRod@5c5db78
Crazy forceSum in boxOfActin.MyoRod@1753504b
Crazy forceSum in boxOfActin.MyoRod@7da32950
Crazy forceSum in boxOfActin.MyoRod@35f472ff
Crazy forceSum in boxOfActin.MyoRod@1ec17122
Crazy forceSum in boxOfActin.MyoRod@131dabb9
Crazy forceSum in boxOfActin.MyoRod@7710e923
Crazy forceSum in boxOfActin.MyoRod@61e51eb4
Crazy forceSum in boxOfActin.MyoRod@74b83bcb
Crazy forceSum in boxOfActin.MyoRod@a061686
Crazy forceSum in boxOfActin.MyoRod@7a2faf14
Crazy forceSum in boxOfActin.MyoRod@33761e5b
Crazy forceSum in boxOfActin.MyoMiniFilament@38864c5f
Crazy torqueSum in boxOfActin.MyoMiniFilament@38864c5f
Crazy forceSum in boxOfActin.MyoRod@327e272f
Crazy forceSum in boxOfActin.MyoRod@777caf04
Crazy forceSum in boxOfActin.MyoRod@7d12f100
Crazy forceSum in boxOfActin.MyoRod@4641dbc0
Crazy forceSum in boxOfActin.MyoRod@5c5db78
Crazy forceSum in boxOfActin.MyoRod@1753504b
Crazy forceSum in boxOfActin.MyoRod@7da32950
Crazy forceSum in boxOfActin.MyoRod@35f472ff
Crazy forceSum in boxOfActin.MyoRod@1ec17122
Crazy forceSum in boxOfActin.MyoRod@131dabb9
Crazy forceSum in boxOfActin.MyoRod@7710e923
Crazy forceSum in boxOfActin.MyoRod@61e51eb4
Crazy forceSum in boxOfActin.MyoRod@74b83bcb
Crazy forceSum in boxOfActin.MyoRod@a061686
Crazy forceSum in boxOfActin.MyoRod@7a2faf14
Crazy forceSum in boxOfActin.MyoRod@33761e5b
Crazy forceSum in boxOfActin.MyoMiniFilament@38864c5f
Crazy torqueSum in boxOfActin.MyoMiniFilament@38864c5f
Crazy forceSum in boxOfActin.MyoRod@327e272f
Crazy forceSum in boxOfActin.MyoRod@777caf04
Crazy forceSum in boxOfActin.MyoRod@7d12f100
Crazy forceSum in boxOfActin.MyoRod@4641dbc0
Crazy forceSum in boxOfActin.MyoRod@5c5db78
Crazy forceSum in boxOfActin.MyoRod@1753504b
Crazy forceSum in boxOfActin.MyoRod@7da32950
Crazy forceSum in boxOfActin.MyoRod@35f472ff
Crazy forceSum in boxOfActin.MyoRod@1ec17122
Crazy forceSum in boxOfActin.MyoRod@131dabb9
Crazy forceSum in boxOfActin.MyoRod@7710e923
Crazy forceSum in boxOfActin.MyoRod@61e51eb4
Crazy forceSum in boxOfActin.MyoRod@74b83bcb
Crazy forceSum in boxOfActin.MyoRod@a061686
Crazy forceSum in boxOfActin.MyoRod@7a2faf14
Crazy forceSum in boxOfActin.MyoRod@33761e5b
Crazy forceSum in boxOfActin.MyoMiniFilament@38864c5f
Crazy torqueSum in boxOfActin.MyoMiniFilament@38864c5f
Crazy forceSum in boxOfActin.MyoRod@327e272f
Crazy forceSum in boxOfActin.MyoRod@777caf04
Crazy forceSum in boxOfActin.MyoRod@7d12f100
Crazy forceSum in boxOfActin.MyoRod@4641dbc0
Crazy forceSum in boxOfActin.MyoRod@5c5db78
Crazy forceSum in boxOfActin.MyoRod@1753504b
Crazy forceSum in boxOfActin.MyoRod@7da32950
Crazy forceSum in boxOfActin.MyoRod@35f472ff
Crazy forceSum in boxOfActin.MyoRod@1ec17122
Crazy forceSum in boxOfActin.MyoRod@131dabb9
Crazy forceSum in boxOfActin.MyoRod@7710e923
Crazy forceSum in boxOfActin.MyoRod@61e51eb4
Crazy forceSum in boxOfActin.MyoRod@74b83bcb
Crazy forceSum in boxOfActin.MyoRod@a061686
Crazy forceSum in boxOfActin.MyoRod@7a2faf14
Crazy forceSum in boxOfActin.MyoRod@33761e5b
Crazy forceSum in boxOfActin.MyoMiniFilament@38864c5f
Crazy torqueSum in boxOfActin.MyoMiniFilament@38864c5f
Crazy forceSum in boxOfActin.MyoRod@327e272f
Crazy forceSum in boxOfActin.MyoRod@777caf04
Crazy forceSum in boxOfActin.MyoRod@7d12f100
Crazy forceSum in boxOfActin.MyoRod@4641dbc0
Crazy forceSum in boxOfActin.MyoRod@5c5db78
Crazy forceSum in boxOfActin.MyoRod@1753504b
Crazy forceSum in boxOfActin.MyoRod@7da32950
Crazy forceSum in boxOfActin.MyoRod@35f472ff
Crazy forceSum in boxOfActin.MyoRod@1ec17122
Crazy forceSum in boxOfActin.MyoRod@131dabb9
Crazy forceSum in boxOfActin.MyoRod@7710e923
Crazy forceSum in boxOfActin.MyoRod@61e51eb4
Crazy forceSum in boxOfActin.MyoRod@74b83bcb
Crazy forceSum in boxOfActin.MyoRod@a061686
Crazy forceSum in boxOfActin.MyoRod@7a2faf14
Crazy forceSum in boxOfActin.MyoRod@33761e5b
Crazy forceSum in boxOfActin.MyoMiniFilament@38864c5f
Crazy torqueSum in boxOfActin.MyoMiniFilament@38864c5f
Crazy forceSum in boxOfActin.MyoRod@327e272f
Crazy forceSum in boxOfActin.MyoRod@777caf04
Crazy forceSum in boxOfActin.MyoRod@7d12f100
Crazy forceSum in boxOfActin.MyoRod@4641dbc0
Crazy forceSum in boxOfActin.MyoRod@5c5db78
Crazy forceSum in boxOfActin.MyoRod@1753504b
Crazy forceSum in boxOfActin.MyoRod@7da32950
Crazy forceSum in boxOfActin.MyoRod@35f472ff
Crazy forceSum in boxOfActin.MyoRod@1ec17122
Crazy forceSum in boxOfActin.MyoRod@131dabb9
Crazy forceSum in boxOfActin.MyoRod@7710e923
Crazy forceSum in boxOfActin.MyoRod@61e51eb4
Crazy forceSum in boxOfActin.MyoRod@74b83bcb
Crazy forceSum in boxOfActin.MyoRod@a061686
Crazy forceSum in boxOfActin.MyoRod@7a2faf14
Crazy forceSum in boxOfActin.MyoRod@33761e5b
Crazy forceSum in boxOfActin.MyoMiniFilament@38864c5f
Crazy torqueSum in boxOfActin.MyoMiniFilament@38864c5f
Crazy forceSum in boxOfActin.MyoRod@327e272f
Crazy forceSum in boxOfActin.MyoRod@777caf04
Crazy forceSum in boxOfActin.MyoRod@7d12f100
Crazy forceSum in boxOfActin.MyoRod@4641dbc0
Crazy forceSum in boxOfActin.MyoRod@5c5db78
Crazy forceSum in boxOfActin.MyoRod@1753504b
Crazy forceSum in boxOfActin.MyoRod@7da32950
Crazy forceSum in boxOfActin.MyoRod@35f472ff
Crazy forceSum in boxOfActin.MyoRod@1ec17122
Crazy forceSum in boxOfActin.MyoRod@131dabb9
Crazy forceSum in boxOfActin.MyoRod@7710e923
Crazy forceSum in boxOfActin.MyoRod@61e51eb4
Crazy forceSum in boxOfActin.MyoRod@74b83bcb
Crazy forceSum in boxOfActin.MyoRod@a061686
Crazy forceSum in boxOfActin.MyoRod@7a2faf14
Crazy forceSum in boxOfActin.MyoRod@33761e5b
Crazy forceSum in boxOfActin.MyoMiniFilament@38864c5f
Crazy torqueSum in boxOfActin.MyoMiniFilament@38864c5f
Crazy forceSum in boxOfActin.MyoRod@327e272f
Crazy forceSum in boxOfActin.MyoRod@777caf04
Crazy forceSum in boxOfActin.MyoRod@7d12f100
Crazy forceSum in boxOfActin.MyoRod@4641dbc0
Crazy forceSum in boxOfActin.MyoRod@5c5db78
Crazy forceSum in boxOfActin.MyoRod@1753504b
Crazy forceSum in boxOfActin.MyoRod@7da32950
Crazy forceSum in boxOfActin.MyoRod@35f472ff
Crazy forceSum in boxOfActin.MyoRod@1ec17122
Crazy forceSum in boxOfActin.MyoRod@131dabb9
Crazy forceSum in boxOfActin.MyoRod@7710e923
Crazy forceSum in boxOfActin.MyoRod@61e51eb4
Crazy forceSum in boxOfActin.MyoRod@74b83bcb
Crazy forceSum in boxOfActin.MyoRod@a061686
Crazy forceSum in boxOfActin.MyoRod@7a2faf14
Crazy forceSum in boxOfActin.MyoRod@33761e5b
Crazy forceSum in boxOfActin.MyoMiniFilament@38864c5f
Crazy torqueSum in boxOfActin.MyoMiniFilament@38864c5f
Crazy forceSum in boxOfActin.MyoRod@327e272f
Crazy forceSum in boxOfActin.MyoRod@777caf04
Crazy forceSum in boxOfActin.MyoRod@7d12f100
Crazy forceSum in boxOfActin.MyoRod@4641dbc0
Crazy forceSum in boxOfActin.MyoRod@5c5db78
Crazy forceSum in boxOfActin.MyoRod@1753504b
Crazy forceSum in boxOfActin.MyoRod@7da32950
Crazy forceSum in boxOfActin.MyoRod@35f472ff
Crazy forceSum in boxOfActin.MyoRod@1ec17122
Crazy forceSum in boxOfActin.MyoRod@131dabb9
Crazy forceSum in boxOfActin.MyoRod@7710e923
Crazy forceSum in boxOfActin.MyoRod@61e51eb4
Crazy forceSum in boxOfActin.MyoRod@74b83bcb
Crazy forceSum in boxOfActin.MyoRod@a061686
Crazy forceSum in boxOfActin.MyoRod@7a2faf14
Crazy forceSum in boxOfActin.MyoRod@33761e5b
Crazy forceSum in boxOfActin.MyoMiniFilament@38864c5f
Crazy torqueSum in boxOfActin.MyoMiniFilament@38864c5f
Crazy forceSum in boxOfActin.MyoRod@327e272f
Crazy forceSum in boxOfActin.MyoRod@777caf04
Crazy forceSum in boxOfActin.MyoRod@7d12f100
Crazy forceSum in boxOfActin.MyoRod@4641dbc0
Crazy forceSum in boxOfActin.MyoRod@5c5db78
Crazy forceSum in boxOfActin.MyoRod@1753504b
Crazy forceSum in boxOfActin.MyoRod@7da32950
Crazy forceSum in boxOfActin.MyoRod@35f472ff
Crazy forceSum in boxOfActin.MyoRod@1ec17122
Crazy forceSum in boxOfActin.MyoRod@131dabb9
Crazy forceSum in boxOfActin.MyoRod@7710e923
Crazy forceSum in boxOfActin.MyoRod@61e51eb4
Crazy forceSum in boxOfActin.MyoRod@74b83bcb
Crazy forceSum in boxOfActin.MyoRod@a061686
Crazy forceSum in boxOfActin.MyoRod@7a2faf14
Crazy forceSum in boxOfActin.MyoRod@33761e5b
Crazy forceSum in boxOfActin.MyoMiniFilament@38864c5f
Crazy torqueSum in boxOfActin.MyoMiniFilament@38864c5f
Crazy forceSum in boxOfActin.MyoRod@327e272f
Crazy forceSum in boxOfActin.MyoRod@777caf04
Crazy forceSum in boxOfActin.MyoRod@7d12f100
Crazy forceSum in boxOfActin.MyoRod@4641dbc0
Crazy forceSum in boxOfActin.MyoRod@5c5db78
Crazy forceSum in boxOfActin.MyoRod@1753504b
Crazy forceSum in boxOfActin.MyoRod@7da32950
Crazy forceSum in boxOfActin.MyoRod@35f472ff
Crazy forceSum in boxOfActin.MyoRod@1ec17122
Crazy forceSum in boxOfActin.MyoRod@131dabb9
Crazy forceSum in boxOfActin.MyoRod@7710e923
Crazy forceSum in boxOfActin.MyoRod@61e51eb4
Crazy forceSum in boxOfActin.MyoRod@74b83bcb
Crazy forceSum in boxOfActin.MyoRod@a061686
Crazy forceSum in boxOfActin.MyoRod@7a2faf14
Crazy forceSum in boxOfActin.MyoRod@33761e5b
Crazy forceSum in boxOfActin.MyoMiniFilament@38864c5f
Crazy torqueSum in boxOfActin.MyoMiniFilament@38864c5f
Crazy forceSum in boxOfActin.MyoRod@327e272f
Crazy forceSum in boxOfActin.MyoRod@777caf04
Crazy forceSum in boxOfActin.MyoRod@7d12f100
Crazy forceSum in boxOfActin.MyoRod@4641dbc0
Crazy forceSum in boxOfActin.MyoRod@5c5db78
Crazy forceSum in boxOfActin.MyoRod@1753504b
Crazy forceSum in boxOfActin.MyoRod@7da32950
Crazy forceSum in boxOfActin.MyoRod@35f472ff
Crazy forceSum in boxOfActin.MyoRod@1ec17122
Crazy forceSum in boxOfActin.MyoRod@131dabb9
Crazy forceSum in boxOfActin.MyoRod@7710e923
Crazy forceSum in boxOfActin.MyoRod@61e51eb4
Crazy forceSum in boxOfActin.MyoRod@74b83bcb
Crazy forceSum in boxOfActin.MyoRod@a061686
Crazy forceSum in boxOfActin.MyoRod@7a2faf14
Crazy forceSum in boxOfActin.MyoRod@33761e5b
Crazy forceSum in boxOfActin.MyoMiniFilament@38864c5f
Crazy torqueSum in boxOfActin.MyoMiniFilament@38864c5f
Crazy forceSum in boxOfActin.MyoRod@327e272f
Crazy forceSum in boxOfActin.MyoRod@777caf04
Crazy forceSum in boxOfActin.MyoRod@7d12f100
Crazy forceSum in boxOfActin.MyoRod@4641dbc0
Crazy forceSum in boxOfActin.MyoRod@5c5db78
Crazy forceSum in boxOfActin.MyoRod@1753504b
Crazy forceSum in boxOfActin.MyoRod@7da32950
Crazy forceSum in boxOfActin.MyoRod@35f472ff
Crazy forceSum in boxOfActin.MyoRod@1ec17122
Crazy forceSum in boxOfActin.MyoRod@131dabb9
Crazy forceSum in boxOfActin.MyoRod@7710e923
Crazy forceSum in boxOfActin.MyoRod@61e51eb4
Crazy forceSum in boxOfActin.MyoRod@74b83bcb
Crazy forceSum in boxOfActin.MyoRod@a061686
Crazy forceSum in boxOfActin.MyoRod@7a2faf14
Crazy forceSum in boxOfActin.MyoRod@33761e5b
Crazy forceSum in boxOfActin.MyoMiniFilament@38864c5f
Crazy torqueSum in boxOfActin.MyoMiniFilament@38864c5f
Crazy forceSum in boxOfActin.MyoRod@327e272f
Crazy forceSum in boxOfActin.MyoRod@777caf04
Crazy forceSum in boxOfActin.MyoRod@7d12f100
Crazy forceSum in boxOfActin.MyoRod@4641dbc0
Crazy forceSum in boxOfActin.MyoRod@5c5db78
Crazy forceSum in boxOfActin.MyoRod@1753504b
Crazy forceSum in boxOfActin.MyoRod@7da32950
Crazy forceSum in boxOfActin.MyoRod@35f472ff
Crazy forceSum in boxOfActin.MyoRod@1ec17122
Crazy forceSum in boxOfActin.MyoRod@131dabb9
Crazy forceSum in boxOfActin.MyoRod@7710e923
Crazy forceSum in boxOfActin.MyoRod@61e51eb4
Crazy forceSum in boxOfActin.MyoRod@74b83bcb
Crazy forceSum in boxOfActin.MyoRod@a061686
Crazy forceSum in boxOfActin.MyoRod@7a2faf14
Crazy forceSum in boxOfActin.MyoRod@33761e5b
Crazy forceSum in boxOfActin.MyoMiniFilament@38864c5f
Crazy torqueSum in boxOfActin.MyoMiniFilament@38864c5f
Crazy forceSum in boxOfActin.MyoRod@327e272f
Crazy forceSum in boxOfActin.MyoRod@777caf04
Crazy forceSum in boxOfActin.MyoRod@7d12f100
Crazy forceSum in boxOfActin.MyoRod@4641dbc0
Crazy forceSum in boxOfActin.MyoRod@5c5db78
Crazy forceSum in boxOfActin.MyoRod@1753504b
Crazy forceSum in boxOfActin.MyoRod@7da32950
Crazy forceSum in boxOfActin.MyoRod@35f472ff
Crazy forceSum in boxOfActin.MyoRod@1ec17122
Crazy forceSum in boxOfActin.MyoRod@131dabb9
Crazy forceSum in boxOfActin.MyoRod@7710e923
Crazy forceSum in boxOfActin.MyoRod@61e51eb4
Crazy forceSum in boxOfActin.MyoRod@74b83bcb
Crazy forceSum in boxOfActin.MyoRod@a061686
Crazy forceSum in boxOfActin.MyoRod@7a2faf14
Crazy forceSum in boxOfActin.MyoRod@33761e5b
Crazy forceSum in boxOfActin.MyoMiniFilament@38864c5f
Crazy torqueSum in boxOfActin.MyoMiniFilament@38864c5f
Crazy forceSum in boxOfActin.MyoRod@327e272f
Crazy forceSum in boxOfActin.MyoRod@777caf04
Crazy forceSum in boxOfActin.MyoRod@7d12f100
Crazy forceSum in boxOfActin.MyoRod@4641dbc0
Crazy forceSum in boxOfActin.MyoRod@5c5db78
Crazy forceSum in boxOfActin.MyoRod@1753504b
Crazy forceSum in boxOfActin.MyoRod@7da32950
Crazy forceSum in boxOfActin.MyoRod@35f472ff
Crazy forceSum in boxOfActin.MyoRod@1ec17122
Crazy forceSum in boxOfActin.MyoRod@131dabb9
Crazy forceSum in boxOfActin.MyoRod@7710e923
Crazy forceSum in boxOfActin.MyoRod@61e51eb4
Crazy forceSum in boxOfActin.MyoRod@74b83bcb
Crazy forceSum in boxOfActin.MyoRod@a061686
Crazy forceSum in boxOfActin.MyoRod@7a2faf14
Crazy forceSum in boxOfActin.MyoRod@33761e5b
Crazy forceSum in boxOfActin.MyoMiniFilament@38864c5f
Crazy torqueSum in boxOfActin.MyoMiniFilament@38864c5f
Crazy forceSum in boxOfActin.MyoRod@327e272f
Crazy forceSum in boxOfActin.MyoRod@777caf04
Crazy forceSum in boxOfActin.MyoRod@7d12f100
Crazy forceSum in boxOfActin.MyoRod@4641dbc0
Crazy forceSum in boxOfActin.MyoRod@5c5db78
Crazy forceSum in boxOfActin.MyoRod@1753504b
Crazy forceSum in boxOfActin.MyoRod@7da32950
Crazy forceSum in boxOfActin.MyoRod@35f472ff
Crazy forceSum in boxOfActin.MyoRod@1ec17122
Crazy forceSum in boxOfActin.MyoRod@131dabb9
Crazy forceSum in boxOfActin.MyoRod@7710e923
Crazy forceSum in boxOfActin.MyoRod@61e51eb4
Crazy forceSum in boxOfActin.MyoRod@74b83bcb
Crazy forceSum in boxOfActin.MyoRod@a061686
Crazy forceSum in boxOfActin.MyoRod@7a2faf14
Crazy forceSum in boxOfActin.MyoRod@33761e5b
Crazy forceSum in boxOfActin.MyoMiniFilament@38864c5f
Crazy torqueSum in boxOfActin.MyoMiniFilament@38864c5f
Crazy forceSum in boxOfActin.MyoRod@327e272f
Crazy forceSum in boxOfActin.MyoRod@777caf04
Crazy forceSum in boxOfActin.MyoRod@7d12f100
Crazy forceSum in boxOfActin.MyoRod@4641dbc0
Crazy forceSum in boxOfActin.MyoRod@5c5db78
Crazy forceSum in boxOfActin.MyoRod@1753504b
Crazy forceSum in boxOfActin.MyoRod@7da32950
Crazy forceSum in boxOfActin.MyoRod@35f472ff
Crazy forceSum in boxOfActin.MyoRod@1ec17122
Crazy forceSum in boxOfActin.MyoRod@131dabb9
Crazy forceSum in boxOfActin.MyoRod@7710e923
Crazy forceSum in boxOfActin.MyoRod@61e51eb4
Crazy forceSum in boxOfActin.MyoRod@74b83bcb
Crazy forceSum in boxOfActin.MyoRod@a061686
Crazy forceSum in boxOfActin.MyoRod@7a2faf14
Crazy forceSum in boxOfActin.MyoRod@33761e5b
Crazy forceSum in boxOfActin.MyoMiniFilament@38864c5f
Crazy torqueSum in boxOfActin.MyoMiniFilament@38864c5f
Crazy forceSum in boxOfActin.MyoRod@327e272f
Crazy forceSum in boxOfActin.MyoRod@777caf04
Crazy forceSum in boxOfActin.MyoRod@7d12f100
Crazy forceSum in boxOfActin.MyoRod@4641dbc0
Crazy forceSum in boxOfActin.MyoRod@5c5db78
Crazy forceSum in boxOfActin.MyoRod@1753504b
Crazy forceSum in boxOfActin.MyoRod@7da32950
Crazy forceSum in boxOfActin.MyoRod@35f472ff
Crazy forceSum in boxOfActin.MyoRod@1ec17122
Crazy forceSum in boxOfActin.MyoRod@131dabb9
Crazy forceSum in boxOfActin.MyoRod@7710e923
Crazy forceSum in boxOfActin.MyoRod@61e51eb4
Crazy forceSum in boxOfActin.MyoRod@74b83bcb
Crazy forceSum in boxOfActin.MyoRod@a061686
Crazy forceSum in boxOfActin.MyoRod@7a2faf14
Crazy forceSum in boxOfActin.MyoRod@33761e5b
Crazy forceSum in boxOfActin.MyoMiniFilament@38864c5f
Crazy torqueSum in boxOfActin.MyoMiniFilament@38864c5f
Crazy forceSum in boxOfActin.MyoRod@327e272f
Crazy forceSum in boxOfActin.MyoRod@777caf04
Crazy forceSum in boxOfActin.MyoRod@7d12f100
Crazy forceSum in boxOfActin.MyoRod@4641dbc0
Crazy forceSum in boxOfActin.MyoRod@5c5db78
Crazy forceSum in boxOfActin.MyoRod@1753504b
Crazy forceSum in boxOfActin.MyoRod@7da32950
Crazy forceSum in boxOfActin.MyoRod@35f472ff
Crazy forceSum in boxOfActin.MyoRod@1ec17122
Crazy forceSum in boxOfActin.MyoRod@131dabb9
Crazy forceSum in boxOfActin.MyoRod@7710e923
Crazy forceSum in boxOfActin.MyoRod@61e51eb4
Crazy forceSum in boxOfActin.MyoRod@74b83bcb
Crazy forceSum in boxOfActin.MyoRod@a061686
Crazy forceSum in boxOfActin.MyoRod@7a2faf14
Crazy forceSum in boxOfActin.MyoRod@33761e5b
Crazy forceSum in boxOfActin.MyoMiniFilament@38864c5f
Crazy torqueSum in boxOfActin.MyoMiniFilament@38864c5f
Crazy forceSum in boxOfActin.MyoRod@327e272f
Crazy forceSum in boxOfActin.MyoRod@777caf04
Crazy forceSum in boxOfActin.MyoRod@7d12f100
Crazy forceSum in boxOfActin.MyoRod@4641dbc0
Crazy forceSum in boxOfActin.MyoRod@5c5db78
Crazy forceSum in boxOfActin.MyoRod@1753504b
Crazy forceSum in boxOfActin.MyoRod@7da32950
Crazy forceSum in boxOfActin.MyoRod@35f472ff
Crazy forceSum in boxOfActin.MyoRod@1ec17122
Crazy forceSum in boxOfActin.MyoRod@131dabb9
Crazy forceSum in boxOfActin.MyoRod@7710e923
Crazy forceSum in boxOfActin.MyoRod@61e51eb4
Crazy forceSum in boxOfActin.MyoRod@74b83bcb
Crazy forceSum in boxOfActin.MyoRod@a061686
Crazy forceSum in boxOfActin.MyoRod@7a2faf14
Crazy forceSum in boxOfActin.MyoRod@33761e5b
Crazy forceSum in boxOfActin.MyoMiniFilament@38864c5f
Crazy torqueSum in boxOfActin.MyoMiniFilament@38864c5f
Crazy forceSum in boxOfActin.MyoRod@327e272f
Crazy forceSum in boxOfActin.MyoRod@777caf04
Crazy forceSum in boxOfActin.MyoRod@7d12f100
Crazy forceSum in boxOfActin.MyoRod@4641dbc0
Crazy forceSum in boxOfActin.MyoRod@5c5db78
Crazy forceSum in boxOfActin.MyoRod@1753504b
Crazy forceSum in boxOfActin.MyoRod@7da32950
Crazy forceSum in boxOfActin.MyoRod@35f472ff
Crazy forceSum in boxOfActin.MyoRod@1ec17122
Crazy forceSum in boxOfActin.MyoRod@131dabb9
Crazy forceSum in boxOfActin.MyoRod@7710e923
Crazy forceSum in boxOfActin.MyoRod@61e51eb4
Crazy forceSum in boxOfActin.MyoRod@74b83bcb
Crazy forceSum in boxOfActin.MyoRod@a061686
Crazy forceSum in boxOfActin.MyoRod@7a2faf14
Crazy forceSum in boxOfActin.MyoRod@33761e5b
Crazy forceSum in boxOfActin.MyoMiniFilament@38864c5f
Crazy torqueSum in boxOfActin.MyoMiniFilament@38864c5f
Crazy forceSum in boxOfActin.MyoRod@327e272f
Crazy forceSum in boxOfActin.MyoRod@777caf04
Crazy forceSum in boxOfActin.MyoRod@7d12f100
Crazy forceSum in boxOfActin.MyoRod@4641dbc0
Crazy forceSum in boxOfActin.MyoRod@5c5db78
Crazy forceSum in boxOfActin.MyoRod@1753504b
Crazy forceSum in boxOfActin.MyoRod@7da32950
Crazy forceSum in boxOfActin.MyoRod@35f472ff
Crazy forceSum in boxOfActin.MyoRod@1ec17122
Crazy forceSum in boxOfActin.MyoRod@131dabb9
Crazy forceSum in boxOfActin.MyoRod@7710e923
Crazy forceSum in boxOfActin.MyoRod@61e51eb4
Crazy forceSum in boxOfActin.MyoRod@74b83bcb
Crazy forceSum in boxOfActin.MyoRod@a061686
Crazy forceSum in boxOfActin.MyoRod@7a2faf14
Crazy forceSum in boxOfActin.MyoRod@33761e5b
Crazy forceSum in boxOfActin.MyoMiniFilament@38864c5f
Crazy torqueSum in boxOfActin.MyoMiniFilament@38864c5f
Crazy forceSum in boxOfActin.MyoRod@327e272f
Crazy forceSum in boxOfActin.MyoRod@777caf04
Crazy forceSum in boxOfActin.MyoRod@7d12f100
Crazy forceSum in boxOfActin.MyoRod@4641dbc0
Crazy forceSum in boxOfActin.MyoRod@5c5db78
Crazy forceSum in boxOfActin.MyoRod@1753504b
Crazy forceSum in boxOfActin.MyoRod@7da32950
Crazy forceSum in boxOfActin.MyoRod@35f472ff
Crazy forceSum in boxOfActin.MyoRod@1ec17122
Crazy forceSum in boxOfActin.MyoRod@131dabb9
Crazy forceSum in boxOfActin.MyoRod@7710e923
Crazy forceSum in boxOfActin.MyoRod@61e51eb4
Crazy forceSum in boxOfActin.MyoRod@74b83bcb
Crazy forceSum in boxOfActin.MyoRod@a061686
Crazy forceSum in boxOfActin.MyoRod@7a2faf14
Crazy forceSum in boxOfActin.MyoRod@33761e5b
Crazy forceSum in boxOfActin.MyoMiniFilament@38864c5f
Crazy torqueSum in boxOfActin.MyoMiniFilament@38864c5f
Crazy forceSum in boxOfActin.MyoRod@327e272f
Crazy forceSum in boxOfActin.MyoRod@777caf04
Crazy forceSum in boxOfActin.MyoRod@7d12f100
Crazy forceSum in boxOfActin.MyoRod@4641dbc0
Crazy forceSum in boxOfActin.MyoRod@5c5db78
Crazy forceSum in boxOfActin.MyoRod@1753504b
Crazy forceSum in boxOfActin.MyoRod@7da32950
Crazy forceSum in boxOfActin.MyoRod@35f472ff
Crazy forceSum in boxOfActin.MyoRod@1ec17122
Crazy forceSum in boxOfActin.MyoRod@131dabb9
Crazy forceSum in boxOfActin.MyoRod@7710e923
Crazy forceSum in boxOfActin.MyoRod@61e51eb4
Crazy forceSum in boxOfActin.MyoRod@74b83bcb
Crazy forceSum in boxOfActin.MyoRod@a061686
Crazy forceSum in boxOfActin.MyoRod@7a2faf14
Crazy forceSum in boxOfActin.MyoRod@33761e5b
Crazy forceSum in boxOfActin.MyoMiniFilament@38864c5f
Crazy torqueSum in boxOfActin.MyoMiniFilament@38864c5f
Crazy forceSum in boxOfActin.MyoRod@327e272f
Crazy forceSum in boxOfActin.MyoRod@777caf04
Crazy forceSum in boxOfActin.MyoRod@7d12f100
Crazy forceSum in boxOfActin.MyoRod@4641dbc0
Crazy forceSum in boxOfActin.MyoRod@5c5db78
Crazy forceSum in boxOfActin.MyoRod@1753504b
Crazy forceSum in boxOfActin.MyoRod@7da32950
Crazy forceSum in boxOfActin.MyoRod@35f472ff
Crazy forceSum in boxOfActin.MyoRod@1ec17122
Crazy forceSum in boxOfActin.MyoRod@131dabb9
Crazy forceSum in boxOfActin.MyoRod@7710e923
Crazy forceSum in boxOfActin.MyoRod@61e51eb4
Crazy forceSum in boxOfActin.MyoRod@74b83bcb
Crazy forceSum in boxOfActin.MyoRod@a061686
Crazy forceSum in boxOfActin.MyoRod@7a2faf14
Crazy forceSum in boxOfActin.MyoRod@33761e5b
Crazy forceSum in boxOfActin.MyoMiniFilament@38864c5f
Crazy torqueSum in boxOfActin.MyoMiniFilament@38864c5f
Crazy forceSum in boxOfActin.MyoRod@327e272f
Crazy forceSum in boxOfActin.MyoRod@777caf04
Crazy forceSum in boxOfActin.MyoRod@7d12f100
Crazy forceSum in boxOfActin.MyoRod@4641dbc0
Crazy forceSum in boxOfActin.MyoRod@5c5db78
Crazy forceSum in boxOfActin.MyoRod@1753504b
Crazy forceSum in boxOfActin.MyoRod@7da32950
Crazy forceSum in boxOfActin.MyoRod@35f472ff
Crazy forceSum in boxOfActin.MyoRod@1ec17122
Crazy forceSum in boxOfActin.MyoRod@131dabb9
Crazy forceSum in boxOfActin.MyoRod@7710e923
Crazy forceSum in boxOfActin.MyoRod@61e51eb4
Crazy forceSum in boxOfActin.MyoRod@74b83bcb
Crazy forceSum in boxOfActin.MyoRod@a061686
Crazy forceSum in boxOfActin.MyoRod@7a2faf14
Crazy forceSum in boxOfActin.MyoRod@33761e5b
Crazy forceSum in boxOfActin.MyoMiniFilament@38864c5f
Crazy torqueSum in boxOfActin.MyoMiniFilament@38864c5f
Crazy forceSum in boxOfActin.MyoRod@327e272f
Crazy forceSum in boxOfActin.MyoRod@777caf04
Crazy forceSum in boxOfActin.MyoRod@7d12f100
Crazy forceSum in boxOfActin.MyoRod@4641dbc0
Crazy forceSum in boxOfActin.MyoRod@5c5db78
Crazy forceSum in boxOfActin.MyoRod@1753504b
Crazy forceSum in boxOfActin.MyoRod@7da32950
Crazy forceSum in boxOfActin.MyoRod@35f472ff
Crazy forceSum in boxOfActin.MyoRod@1ec17122
Crazy forceSum in boxOfActin.MyoRod@131dabb9
Crazy forceSum in boxOfActin.MyoRod@7710e923
Crazy forceSum in boxOfActin.MyoRod@61e51eb4
Crazy forceSum in boxOfActin.MyoRod@74b83bcb
Crazy forceSum in boxOfActin.MyoRod@a061686
Crazy forceSum in boxOfActin.MyoRod@7a2faf14
Crazy forceSum in boxOfActin.MyoRod@33761e5b
Crazy forceSum in boxOfActin.MyoMiniFilament@38864c5f
Crazy torqueSum in boxOfActin.MyoMiniFilament@38864c5f
Crazy forceSum in boxOfActin.MyoRod@327e272f
Crazy forceSum in boxOfActin.MyoRod@777caf04
Crazy forceSum in boxOfActin.MyoRod@7d12f100
Crazy forceSum in boxOfActin.MyoRod@4641dbc0
Crazy forceSum in boxOfActin.MyoRod@5c5db78
Crazy forceSum in boxOfActin.MyoRod@1753504b
Crazy forceSum in boxOfActin.MyoRod@7da32950
Crazy forceSum in boxOfActin.MyoRod@35f472ff
Crazy forceSum in boxOfActin.MyoRod@1ec17122
Crazy forceSum in boxOfActin.MyoRod@131dabb9
Crazy forceSum in boxOfActin.MyoRod@7710e923
Crazy forceSum in boxOfActin.MyoRod@61e51eb4
Crazy forceSum in boxOfActin.MyoRod@74b83bcb
Crazy forceSum in boxOfActin.MyoRod@a061686
Crazy forceSum in boxOfActin.MyoRod@7a2faf14
Crazy forceSum in boxOfActin.MyoRod@33761e5b
Crazy forceSum in boxOfActin.MyoMiniFilament@38864c5f
Crazy torqueSum in boxOfActin.MyoMiniFilament@38864c5f
Crazy forceSum in boxOfActin.MyoRod@327e272f
Crazy forceSum in boxOfActin.MyoRod@777caf04
Crazy forceSum in boxOfActin.MyoRod@7d12f100
Crazy forceSum in boxOfActin.MyoRod@4641dbc0
Crazy forceSum in boxOfActin.MyoRod@5c5db78
Crazy forceSum in boxOfActin.MyoRod@1753504b
Crazy forceSum in boxOfActin.MyoRod@7da32950
Crazy forceSum in boxOfActin.MyoRod@35f472ff
Crazy forceSum in boxOfActin.MyoRod@1ec17122
Crazy forceSum in boxOfActin.MyoRod@131dabb9
Crazy forceSum in boxOfActin.MyoRod@7710e923
Crazy forceSum in boxOfActin.MyoRod@61e51eb4
Crazy forceSum in boxOfActin.MyoRod@74b83bcb
Crazy forceSum in boxOfActin.MyoRod@a061686
Crazy forceSum in boxOfActin.MyoRod@7a2faf14
Crazy forceSum in boxOfActin.MyoRod@33761e5b
Crazy forceSum in boxOfActin.MyoMiniFilament@38864c5f
Crazy torqueSum in boxOfActin.MyoMiniFilament@38864c5f
Crazy forceSum in boxOfActin.MyoRod@327e272f
Crazy forceSum in boxOfActin.MyoRod@777caf04
Crazy forceSum in boxOfActin.MyoRod@7d12f100
Crazy forceSum in boxOfActin.MyoRod@4641dbc0
Crazy forceSum in boxOfActin.MyoRod@5c5db78
Crazy forceSum in boxOfActin.MyoRod@1753504b
Crazy forceSum in boxOfActin.MyoRod@7da32950
Crazy forceSum in boxOfActin.MyoRod@35f472ff
Crazy forceSum in boxOfActin.MyoRod@1ec17122
Crazy forceSum in boxOfActin.MyoRod@131dabb9
Crazy forceSum in boxOfActin.MyoRod@7710e923
Crazy forceSum in boxOfActin.MyoRod@61e51eb4
Crazy forceSum in boxOfActin.MyoRod@74b83bcb
Crazy forceSum in boxOfActin.MyoRod@a061686
Crazy forceSum in boxOfActin.MyoRod@7a2faf14
Crazy forceSum in boxOfActin.MyoRod@33761e5b
Crazy forceSum in boxOfActin.MyoMiniFilament@38864c5f
Crazy torqueSum in boxOfActin.MyoMiniFilament@38864c5f
Crazy forceSum in boxOfActin.MyoRod@327e272f
Crazy forceSum in boxOfActin.MyoRod@777caf04
Crazy forceSum in boxOfActin.MyoRod@7d12f100
Crazy forceSum in boxOfActin.MyoRod@4641dbc0
Crazy forceSum in boxOfActin.MyoRod@5c5db78
Crazy forceSum in boxOfActin.MyoRod@1753504b
Crazy forceSum in boxOfActin.MyoRod@7da32950
Crazy forceSum in boxOfActin.MyoRod@35f472ff
Crazy forceSum in boxOfActin.MyoRod@1ec17122
Crazy forceSum in boxOfActin.MyoRod@131dabb9
Crazy forceSum in boxOfActin.MyoRod@7710e923
Crazy forceSum in boxOfActin.MyoRod@61e51eb4
Crazy forceSum in boxOfActin.MyoRod@74b83bcb
Crazy forceSum in boxOfActin.MyoRod@a061686
Crazy forceSum in boxOfActin.MyoRod@7a2faf14
Crazy forceSum in boxOfActin.MyoRod@33761e5b
Crazy forceSum in boxOfActin.MyoMiniFilament@38864c5f
Crazy torqueSum in boxOfActin.MyoMiniFilament@38864c5f
Crazy forceSum in boxOfActin.MyoRod@327e272f
Crazy forceSum in boxOfActin.MyoRod@777caf04
Crazy forceSum in boxOfActin.MyoRod@7d12f100
Crazy forceSum in boxOfActin.MyoRod@4641dbc0
Crazy forceSum in boxOfActin.MyoRod@5c5db78
Crazy forceSum in boxOfActin.MyoRod@1753504b
Crazy forceSum in boxOfActin.MyoRod@7da32950
Crazy forceSum in boxOfActin.MyoRod@35f472ff
Crazy forceSum in boxOfActin.MyoRod@1ec17122
Crazy forceSum in boxOfActin.MyoRod@131dabb9
Crazy forceSum in boxOfActin.MyoRod@7710e923
Crazy forceSum in boxOfActin.MyoRod@61e51eb4
Crazy forceSum in boxOfActin.MyoRod@74b83bcb
Crazy forceSum in boxOfActin.MyoRod@a061686
Crazy forceSum in boxOfActin.MyoRod@7a2faf14
Crazy forceSum in boxOfActin.MyoRod@33761e5b
Crazy forceSum in boxOfActin.MyoMiniFilament@38864c5f
Crazy torqueSum in boxOfActin.MyoMiniFilament@38864c5f
Crazy forceSum in boxOfActin.MyoRod@327e272f
Crazy forceSum in boxOfActin.MyoRod@777caf04
Crazy forceSum in boxOfActin.MyoRod@7d12f100
Crazy forceSum in boxOfActin.MyoRod@4641dbc0
Crazy forceSum in boxOfActin.MyoRod@5c5db78
Crazy forceSum in boxOfActin.MyoRod@1753504b
Crazy forceSum in boxOfActin.MyoRod@7da32950
Crazy forceSum in boxOfActin.MyoRod@35f472ff
Crazy forceSum in boxOfActin.MyoRod@1ec17122
Crazy forceSum in boxOfActin.MyoRod@131dabb9
Crazy forceSum in boxOfActin.MyoRod@7710e923
Crazy forceSum in boxOfActin.MyoRod@61e51eb4
Crazy forceSum in boxOfActin.MyoRod@74b83bcb
Crazy forceSum in boxOfActin.MyoRod@a061686
Crazy forceSum in boxOfActin.MyoRod@7a2faf14
Crazy forceSum in boxOfActin.MyoRod@33761e5b
Crazy forceSum in boxOfActin.MyoMiniFilament@38864c5f
Crazy torqueSum in boxOfActin.MyoMiniFilament@38864c5f
Crazy forceSum in boxOfActin.MyoRod@327e272f
Crazy forceSum in boxOfActin.MyoRod@777caf04
Crazy forceSum in boxOfActin.MyoRod@7d12f100
Crazy forceSum in boxOfActin.MyoRod@4641dbc0
Crazy forceSum in boxOfActin.MyoRod@5c5db78
Crazy forceSum in boxOfActin.MyoRod@1753504b
Crazy forceSum in boxOfActin.MyoRod@7da32950
Crazy forceSum in boxOfActin.MyoRod@35f472ff
Crazy forceSum in boxOfActin.MyoRod@1ec17122
Crazy forceSum in boxOfActin.MyoRod@131dabb9
Crazy forceSum in boxOfActin.MyoRod@7710e923
Crazy forceSum in boxOfActin.MyoRod@61e51eb4
Crazy forceSum in boxOfActin.MyoRod@74b83bcb
Crazy forceSum in boxOfActin.MyoRod@a061686
Crazy forceSum in boxOfActin.MyoRod@7a2faf14
Crazy forceSum in boxOfActin.MyoRod@33761e5b
Crazy forceSum in boxOfActin.MyoMiniFilament@38864c5f
Crazy torqueSum in boxOfActin.MyoMiniFilament@38864c5f
Crazy forceSum in boxOfActin.MyoRod@327e272f
Crazy forceSum in boxOfActin.MyoRod@777caf04
Crazy forceSum in boxOfActin.MyoRod@7d12f100
Crazy forceSum in boxOfActin.MyoRod@4641dbc0
Crazy forceSum in boxOfActin.MyoRod@5c5db78
Crazy forceSum in boxOfActin.MyoRod@1753504b
Crazy forceSum in boxOfActin.MyoRod@7da32950
Crazy forceSum in boxOfActin.MyoRod@35f472ff
Crazy forceSum in boxOfActin.MyoRod@1ec17122
Crazy forceSum in boxOfActin.MyoRod@131dabb9
Crazy forceSum in boxOfActin.MyoRod@7710e923
Crazy forceSum in boxOfActin.MyoRod@61e51eb4
Crazy forceSum in boxOfActin.MyoRod@74b83bcb
Crazy forceSum in boxOfActin.MyoRod@a061686
Crazy forceSum in boxOfActin.MyoRod@7a2faf14
Crazy forceSum in boxOfActin.MyoRod@33761e5b
Crazy forceSum in boxOfActin.MyoMiniFilament@38864c5f
Crazy torqueSum in boxOfActin.MyoMiniFilament@38864c5f
Crazy forceSum in boxOfActin.MyoRod@327e272f
Crazy forceSum in boxOfActin.MyoRod@777caf04
Crazy forceSum in boxOfActin.MyoRod@7d12f100
Crazy forceSum in boxOfActin.MyoRod@4641dbc0
Crazy forceSum in boxOfActin.MyoRod@5c5db78
Crazy forceSum in boxOfActin.MyoRod@1753504b
Crazy forceSum in boxOfActin.MyoRod@7da32950
Crazy forceSum in boxOfActin.MyoRod@35f472ff
Crazy forceSum in boxOfActin.MyoRod@1ec17122
Crazy forceSum in boxOfActin.MyoRod@131dabb9
Crazy forceSum in boxOfActin.MyoRod@7710e923
Crazy forceSum in boxOfActin.MyoRod@61e51eb4
Crazy forceSum in boxOfActin.MyoRod@74b83bcb
Crazy forceSum in boxOfActin.MyoRod@a061686
Crazy forceSum in boxOfActin.MyoRod@7a2faf14
Crazy forceSum in boxOfActin.MyoRod@33761e5b
Crazy forceSum in boxOfActin.MyoMiniFilament@38864c5f
Crazy torqueSum in boxOfActin.MyoMiniFilament@38864c5f
Crazy forceSum in boxOfActin.MyoRod@327e272f
Crazy forceSum in boxOfActin.MyoRod@777caf04
Crazy forceSum in boxOfActin.MyoRod@7d12f100
Crazy forceSum in boxOfActin.MyoRod@4641dbc0
Crazy forceSum in boxOfActin.MyoRod@5c5db78
Crazy forceSum in boxOfActin.MyoRod@1753504b
Crazy forceSum in boxOfActin.MyoRod@7da32950
Crazy forceSum in boxOfActin.MyoRod@35f472ff
Crazy forceSum in boxOfActin.MyoRod@1ec17122
Crazy forceSum in boxOfActin.MyoRod@131dabb9
Crazy forceSum in boxOfActin.MyoRod@7710e923
Crazy forceSum in boxOfActin.MyoRod@61e51eb4
Crazy forceSum in boxOfActin.MyoRod@74b83bcb
Crazy forceSum in boxOfActin.MyoRod@a061686
Crazy forceSum in boxOfActin.MyoRod@7a2faf14
Crazy forceSum in boxOfActin.MyoRod@33761e5b
Crazy forceSum in boxOfActin.MyoMiniFilament@38864c5f
Crazy torqueSum in boxOfActin.MyoMiniFilament@38864c5f
Crazy forceSum in boxOfActin.MyoRod@327e272f
Crazy forceSum in boxOfActin.MyoRod@777caf04
Crazy forceSum in boxOfActin.MyoRod@7d12f100
Crazy forceSum in boxOfActin.MyoRod@4641dbc0
Crazy forceSum in boxOfActin.MyoRod@5c5db78
Crazy forceSum in boxOfActin.MyoRod@1753504b
Crazy forceSum in boxOfActin.MyoRod@7da32950
Crazy forceSum in boxOfActin.MyoRod@35f472ff
Crazy forceSum in boxOfActin.MyoRod@1ec17122
Crazy forceSum in boxOfActin.MyoRod@131dabb9
Crazy forceSum in boxOfActin.MyoRod@7710e923
Crazy forceSum in boxOfActin.MyoRod@61e51eb4
Crazy forceSum in boxOfActin.MyoRod@74b83bcb
Crazy forceSum in boxOfActin.MyoRod@a061686
Crazy forceSum in boxOfActin.MyoRod@7a2faf14
Crazy forceSum in boxOfActin.MyoRod@33761e5b
Crazy forceSum in boxOfActin.MyoMiniFilament@38864c5f
Crazy torqueSum in boxOfActin.MyoMiniFilament@38864c5f
Crazy forceSum in boxOfActin.MyoRod@327e272f
Crazy forceSum in boxOfActin.MyoRod@777caf04
Crazy forceSum in boxOfActin.MyoRod@7d12f100
Crazy forceSum in boxOfActin.MyoRod@4641dbc0
Crazy forceSum in boxOfActin.MyoRod@5c5db78
Crazy forceSum in boxOfActin.MyoRod@1753504b
Crazy forceSum in boxOfActin.MyoRod@7da32950
Crazy forceSum in boxOfActin.MyoRod@35f472ff
Crazy forceSum in boxOfActin.MyoRod@1ec17122
Crazy forceSum in boxOfActin.MyoRod@131dabb9
Crazy forceSum in boxOfActin.MyoRod@7710e923
Crazy forceSum in boxOfActin.MyoRod@61e51eb4
Crazy forceSum in boxOfActin.MyoRod@74b83bcb
Crazy forceSum in boxOfActin.MyoRod@a061686
Crazy forceSum in boxOfActin.MyoRod@7a2faf14
Crazy forceSum in boxOfActin.MyoRod@33761e5b
Crazy forceSum in boxOfActin.MyoMiniFilament@38864c5f
Crazy torqueSum in boxOfActin.MyoMiniFilament@38864c5f
Crazy forceSum in boxOfActin.MyoRod@327e272f
Crazy forceSum in boxOfActin.MyoRod@777caf04
Crazy forceSum in boxOfActin.MyoRod@7d12f100
Crazy forceSum in boxOfActin.MyoRod@4641dbc0
Crazy forceSum in boxOfActin.MyoRod@5c5db78
Crazy forceSum in boxOfActin.MyoRod@1753504b
Crazy forceSum in boxOfActin.MyoRod@7da32950
Crazy forceSum in boxOfActin.MyoRod@35f472ff
Crazy forceSum in boxOfActin.MyoRod@1ec17122
Crazy forceSum in boxOfActin.MyoRod@131dabb9
Crazy forceSum in boxOfActin.MyoRod@7710e923
Crazy forceSum in boxOfActin.MyoRod@61e51eb4
Crazy forceSum in boxOfActin.MyoRod@74b83bcb
Crazy forceSum in boxOfActin.MyoRod@a061686
Crazy forceSum in boxOfActin.MyoRod@7a2faf14
Crazy forceSum in boxOfActin.MyoRod@33761e5b
Crazy forceSum in boxOfActin.MyoMiniFilament@38864c5f
Crazy torqueSum in boxOfActin.MyoMiniFilament@38864c5f
Crazy forceSum in boxOfActin.MyoRod@327e272f
Crazy forceSum in boxOfActin.MyoRod@777caf04
Crazy forceSum in boxOfActin.MyoRod@7d12f100
Crazy forceSum in boxOfActin.MyoRod@4641dbc0
Crazy forceSum in boxOfActin.MyoRod@5c5db78
Crazy forceSum in boxOfActin.MyoRod@1753504b
Crazy forceSum in boxOfActin.MyoRod@7da32950
Crazy forceSum in boxOfActin.MyoRod@35f472ff
Crazy forceSum in boxOfActin.MyoRod@1ec17122
Crazy forceSum in boxOfActin.MyoRod@131dabb9
Crazy forceSum in boxOfActin.MyoRod@7710e923
Crazy forceSum in boxOfActin.MyoRod@61e51eb4
Crazy forceSum in boxOfActin.MyoRod@74b83bcb
Crazy forceSum in boxOfActin.MyoRod@a061686
Crazy forceSum in boxOfActin.MyoRod@7a2faf14
Crazy forceSum in boxOfActin.MyoRod@33761e5b
Crazy forceSum in boxOfActin.MyoMiniFilament@38864c5f
Crazy torqueSum in boxOfActin.MyoMiniFilament@38864c5f
Crazy forceSum in boxOfActin.MyoRod@327e272f
Crazy forceSum in boxOfActin.MyoRod@777caf04
Crazy forceSum in boxOfActin.MyoRod@7d12f100
Crazy forceSum in boxOfActin.MyoRod@4641dbc0
Crazy forceSum in boxOfActin.MyoRod@5c5db78
Crazy forceSum in boxOfActin.MyoRod@1753504b
Crazy forceSum in boxOfActin.MyoRod@7da32950
Crazy forceSum in boxOfActin.MyoRod@35f472ff
Crazy forceSum in boxOfActin.MyoRod@1ec17122
Crazy forceSum in boxOfActin.MyoRod@131dabb9
Crazy forceSum in boxOfActin.MyoRod@7710e923
Crazy forceSum in boxOfActin.MyoRod@61e51eb4
Crazy forceSum in boxOfActin.MyoRod@74b83bcb
Crazy forceSum in boxOfActin.MyoRod@a061686
Crazy forceSum in boxOfActin.MyoRod@7a2faf14
Crazy forceSum in boxOfActin.MyoRod@33761e5b
Crazy forceSum in boxOfActin.MyoMiniFilament@38864c5f
Crazy torqueSum in boxOfActin.MyoMiniFilament@38864c5f
Crazy forceSum in boxOfActin.MyoRod@327e272f
Crazy forceSum in boxOfActin.MyoRod@777caf04
Crazy forceSum in boxOfActin.MyoRod@7d12f100
Crazy forceSum in boxOfActin.MyoRod@4641dbc0
Crazy forceSum in boxOfActin.MyoRod@5c5db78
Crazy forceSum in boxOfActin.MyoRod@1753504b
Crazy forceSum in boxOfActin.MyoRod@7da32950
Crazy forceSum in boxOfActin.MyoRod@35f472ff
Crazy forceSum in boxOfActin.MyoRod@1ec17122
Crazy forceSum in boxOfActin.MyoRod@131dabb9
Crazy forceSum in boxOfActin.MyoRod@7710e923
Crazy forceSum in boxOfActin.MyoRod@61e51eb4
Crazy forceSum in boxOfActin.MyoRod@74b83bcb
Crazy forceSum in boxOfActin.MyoRod@a061686
Crazy forceSum in boxOfActin.MyoRod@7a2faf14
Crazy forceSum in boxOfActin.MyoRod@33761e5b
Crazy forceSum in boxOfActin.MyoMiniFilament@38864c5f
Crazy torqueSum in boxOfActin.MyoMiniFilament@38864c5f
Crazy forceSum in boxOfActin.MyoRod@327e272f
Crazy forceSum in boxOfActin.MyoRod@777caf04
Crazy forceSum in boxOfActin.MyoRod@7d12f100
Crazy forceSum in boxOfActin.MyoRod@4641dbc0
Crazy forceSum in boxOfActin.MyoRod@5c5db78
Crazy forceSum in boxOfActin.MyoRod@1753504b
Crazy forceSum in boxOfActin.MyoRod@7da32950
Crazy forceSum in boxOfActin.MyoRod@35f472ff
Crazy forceSum in boxOfActin.MyoRod@1ec17122
Crazy forceSum in boxOfActin.MyoRod@131dabb9
Crazy forceSum in boxOfActin.MyoRod@7710e923
Crazy forceSum in boxOfActin.MyoRod@61e51eb4
Crazy forceSum in boxOfActin.MyoRod@74b83bcb
Crazy forceSum in boxOfActin.MyoRod@a061686
Crazy forceSum in boxOfActin.MyoRod@7a2faf14
Crazy forceSum in boxOfActin.MyoRod@33761e5b
Crazy forceSum in boxOfActin.MyoMiniFilament@38864c5f
Crazy torqueSum in boxOfActin.MyoMiniFilament@38864c5f
Crazy forceSum in boxOfActin.MyoRod@327e272f
Crazy forceSum in boxOfActin.MyoRod@777caf04
Crazy forceSum in boxOfActin.MyoRod@7d12f100
Crazy forceSum in boxOfActin.MyoRod@4641dbc0
Crazy forceSum in boxOfActin.MyoRod@5c5db78
Crazy forceSum in boxOfActin.MyoRod@1753504b
Crazy forceSum in boxOfActin.MyoRod@7da32950
Crazy forceSum in boxOfActin.MyoRod@35f472ff
Crazy forceSum in boxOfActin.MyoRod@1ec17122
Crazy forceSum in boxOfActin.MyoRod@131dabb9
Crazy forceSum in boxOfActin.MyoRod@7710e923
Crazy forceSum in boxOfActin.MyoRod@61e51eb4
Crazy forceSum in boxOfActin.MyoRod@74b83bcb
Crazy forceSum in boxOfActin.MyoRod@a061686
Crazy forceSum in boxOfActin.MyoRod@7a2faf14
Crazy forceSum in boxOfActin.MyoRod@33761e5b
Crazy forceSum in boxOfActin.MyoMiniFilament@38864c5f
Crazy torqueSum in boxOfActin.MyoMiniFilament@38864c5f
Crazy forceSum in boxOfActin.MyoRod@327e272f
Crazy forceSum in boxOfActin.MyoRod@777caf04
Crazy forceSum in boxOfActin.MyoRod@7d12f100
Crazy forceSum in boxOfActin.MyoRod@4641dbc0
Crazy forceSum in boxOfActin.MyoRod@5c5db78
Crazy forceSum in boxOfActin.MyoRod@1753504b
Crazy forceSum in boxOfActin.MyoRod@7da32950
Crazy forceSum in boxOfActin.MyoRod@35f472ff
Crazy forceSum in boxOfActin.MyoRod@1ec17122
Crazy forceSum in boxOfActin.MyoRod@131dabb9
Crazy forceSum in boxOfActin.MyoRod@7710e923
Crazy forceSum in boxOfActin.MyoRod@61e51eb4
Crazy forceSum in boxOfActin.MyoRod@74b83bcb
Crazy forceSum in boxOfActin.MyoRod@a061686
Crazy forceSum in boxOfActin.MyoRod@7a2faf14
Crazy forceSum in boxOfActin.MyoRod@33761e5b
Crazy forceSum in boxOfActin.MyoMiniFilament@38864c5f
Crazy torqueSum in boxOfActin.MyoMiniFilament@38864c5f
Crazy forceSum in boxOfActin.MyoRod@327e272f
Crazy forceSum in boxOfActin.MyoRod@777caf04
Crazy forceSum in boxOfActin.MyoRod@7d12f100
Crazy forceSum in boxOfActin.MyoRod@4641dbc0
Crazy forceSum in boxOfActin.MyoRod@5c5db78
Crazy forceSum in boxOfActin.MyoRod@1753504b
Crazy forceSum in boxOfActin.MyoRod@7da32950
Crazy forceSum in boxOfActin.MyoRod@35f472ff
Crazy forceSum in boxOfActin.MyoRod@1ec17122
Crazy forceSum in boxOfActin.MyoRod@131dabb9
Crazy forceSum in boxOfActin.MyoRod@7710e923
Crazy forceSum in boxOfActin.MyoRod@61e51eb4
Crazy forceSum in boxOfActin.MyoRod@74b83bcb
Crazy forceSum in boxOfActin.MyoRod@a061686
Crazy forceSum in boxOfActin.MyoRod@7a2faf14
Crazy forceSum in boxOfActin.MyoRod@33761e5b
Crazy forceSum in boxOfActin.MyoMiniFilament@38864c5f
Crazy torqueSum in boxOfActin.MyoMiniFilament@38864c5f
Crazy forceSum in boxOfActin.MyoRod@327e272f
Crazy forceSum in boxOfActin.MyoRod@777caf04
Crazy forceSum in boxOfActin.MyoRod@7d12f100
Crazy forceSum in boxOfActin.MyoRod@4641dbc0
Crazy forceSum in boxOfActin.MyoRod@5c5db78
Crazy forceSum in boxOfActin.MyoRod@1753504b
Crazy forceSum in boxOfActin.MyoRod@7da32950
Crazy forceSum in boxOfActin.MyoRod@35f472ff
Crazy forceSum in boxOfActin.MyoRod@1ec17122
Crazy forceSum in boxOfActin.MyoRod@131dabb9
Crazy forceSum in boxOfActin.MyoRod@7710e923
Crazy forceSum in boxOfActin.MyoRod@61e51eb4
Crazy forceSum in boxOfActin.MyoRod@74b83bcb
Crazy forceSum in boxOfActin.MyoRod@a061686
Crazy forceSum in boxOfActin.MyoRod@7a2faf14
Crazy forceSum in boxOfActin.MyoRod@33761e5b
Crazy forceSum in boxOfActin.MyoMiniFilament@38864c5f
Crazy torqueSum in boxOfActin.MyoMiniFilament@38864c5f
Crazy forceSum in boxOfActin.MyoRod@327e272f
Crazy forceSum in boxOfActin.MyoRod@777caf04
Crazy forceSum in boxOfActin.MyoRod@7d12f100
Crazy forceSum in boxOfActin.MyoRod@4641dbc0
Crazy forceSum in boxOfActin.MyoRod@5c5db78
Crazy forceSum in boxOfActin.MyoRod@1753504b
Crazy forceSum in boxOfActin.MyoRod@7da32950
Crazy forceSum in boxOfActin.MyoRod@35f472ff
Crazy forceSum in boxOfActin.MyoRod@1ec17122
Crazy forceSum in boxOfActin.MyoRod@131dabb9
Crazy forceSum in boxOfActin.MyoRod@7710e923
Crazy forceSum in boxOfActin.MyoRod@61e51eb4
Crazy forceSum in boxOfActin.MyoRod@74b83bcb
Crazy forceSum in boxOfActin.MyoRod@a061686
Crazy forceSum in boxOfActin.MyoRod@7a2faf14
Crazy forceSum in boxOfActin.MyoRod@33761e5b
Crazy forceSum in boxOfActin.MyoMiniFilament@38864c5f
Crazy torqueSum in boxOfActin.MyoMiniFilament@38864c5f
Crazy forceSum in boxOfActin.MyoRod@327e272f
Crazy forceSum in boxOfActin.MyoRod@777caf04
Crazy forceSum in boxOfActin.MyoRod@7d12f100
Crazy forceSum in boxOfActin.MyoRod@4641dbc0
Crazy forceSum in boxOfActin.MyoRod@5c5db78
Crazy forceSum in boxOfActin.MyoRod@1753504b
Crazy forceSum in boxOfActin.MyoRod@7da32950
Crazy forceSum in boxOfActin.MyoRod@35f472ff
Crazy forceSum in boxOfActin.MyoRod@1ec17122
Crazy forceSum in boxOfActin.MyoRod@131dabb9
Crazy forceSum in boxOfActin.MyoRod@7710e923
Crazy forceSum in boxOfActin.MyoRod@61e51eb4
Crazy forceSum in boxOfActin.MyoRod@74b83bcb
Crazy forceSum in boxOfActin.MyoRod@a061686
Crazy forceSum in boxOfActin.MyoRod@7a2faf14
Crazy forceSum in boxOfActin.MyoRod@33761e5b
Crazy forceSum in boxOfActin.MyoMiniFilament@38864c5f
Crazy torqueSum in boxOfActin.MyoMiniFilament@38864c5f
Crazy forceSum in boxOfActin.MyoRod@327e272f
Crazy forceSum in boxOfActin.MyoRod@777caf04
Crazy forceSum in boxOfActin.MyoRod@7d12f100
Crazy forceSum in boxOfActin.MyoRod@4641dbc0
Crazy forceSum in boxOfActin.MyoRod@5c5db78
Crazy forceSum in boxOfActin.MyoRod@1753504b
Crazy forceSum in boxOfActin.MyoRod@7da32950
Crazy forceSum in boxOfActin.MyoRod@35f472ff
Crazy forceSum in boxOfActin.MyoRod@1ec17122
Crazy forceSum in boxOfActin.MyoRod@131dabb9
Crazy forceSum in boxOfActin.MyoRod@7710e923
Crazy forceSum in boxOfActin.MyoRod@61e51eb4
Crazy forceSum in boxOfActin.MyoRod@74b83bcb
Crazy forceSum in boxOfActin.MyoRod@a061686
Crazy forceSum in boxOfActin.MyoRod@7a2faf14
Crazy forceSum in boxOfActin.MyoRod@33761e5b
Crazy forceSum in boxOfActin.MyoMiniFilament@38864c5f
Crazy torqueSum in boxOfActin.MyoMiniFilament@38864c5f
Crazy forceSum in boxOfActin.MyoRod@327e272f
Crazy forceSum in boxOfActin.MyoRod@777caf04
Crazy forceSum in boxOfActin.MyoRod@7d12f100
Crazy forceSum in boxOfActin.MyoRod@4641dbc0
Crazy forceSum in boxOfActin.MyoRod@5c5db78
Crazy forceSum in boxOfActin.MyoRod@1753504b
Crazy forceSum in boxOfActin.MyoRod@7da32950
Crazy forceSum in boxOfActin.MyoRod@35f472ff
Crazy forceSum in boxOfActin.MyoRod@1ec17122
Crazy forceSum in boxOfActin.MyoRod@131dabb9
Crazy forceSum in boxOfActin.MyoRod@7710e923
Crazy forceSum in boxOfActin.MyoRod@61e51eb4
Crazy forceSum in boxOfActin.MyoRod@74b83bcb
Crazy forceSum in boxOfActin.MyoRod@a061686
Crazy forceSum in boxOfActin.MyoRod@7a2faf14
Crazy forceSum in boxOfActin.MyoRod@33761e5b
Crazy forceSum in boxOfActin.MyoMiniFilament@38864c5f
Crazy torqueSum in boxOfActin.MyoMiniFilament@38864c5f
Crazy forceSum in boxOfActin.MyoRod@327e272f
Crazy forceSum in boxOfActin.MyoRod@777caf04
Crazy forceSum in boxOfActin.MyoRod@7d12f100
Crazy forceSum in boxOfActin.MyoRod@4641dbc0
Crazy forceSum in boxOfActin.MyoRod@5c5db78
Crazy forceSum in boxOfActin.MyoRod@1753504b
Crazy forceSum in boxOfActin.MyoRod@7da32950
Crazy forceSum in boxOfActin.MyoRod@35f472ff
Crazy forceSum in boxOfActin.MyoRod@1ec17122
Crazy forceSum in boxOfActin.MyoRod@131dabb9
Crazy forceSum in boxOfActin.MyoRod@7710e923
Crazy forceSum in boxOfActin.MyoRod@61e51eb4
Crazy forceSum in boxOfActin.MyoRod@74b83bcb
Crazy forceSum in boxOfActin.MyoRod@a061686
Crazy forceSum in boxOfActin.MyoRod@7a2faf14
Crazy forceSum in boxOfActin.MyoRod@33761e5b
Crazy forceSum in boxOfActin.MyoMiniFilament@38864c5f
Crazy torqueSum in boxOfActin.MyoMiniFilament@38864c5f
Crazy forceSum in boxOfActin.MyoRod@327e272f
Crazy forceSum in boxOfActin.MyoRod@777caf04
Crazy forceSum in boxOfActin.MyoRod@7d12f100
Crazy forceSum in boxOfActin.MyoRod@4641dbc0
Crazy forceSum in boxOfActin.MyoRod@5c5db78
Crazy forceSum in boxOfActin.MyoRod@1753504b
Crazy forceSum in boxOfActin.MyoRod@7da32950
Crazy forceSum in boxOfActin.MyoRod@35f472ff
Crazy forceSum in boxOfActin.MyoRod@1ec17122
Crazy forceSum in boxOfActin.MyoRod@131dabb9
Crazy forceSum in boxOfActin.MyoRod@7710e923
Crazy forceSum in boxOfActin.MyoRod@61e51eb4
Crazy forceSum in boxOfActin.MyoRod@74b83bcb
Crazy forceSum in boxOfActin.MyoRod@a061686
Crazy forceSum in boxOfActin.MyoRod@7a2faf14
Crazy forceSum in boxOfActin.MyoRod@33761e5b
Crazy forceSum in boxOfActin.MyoMiniFilament@38864c5f
Crazy torqueSum in boxOfActin.MyoMiniFilament@38864c5f
Crazy forceSum in boxOfActin.MyoRod@327e272f
Crazy forceSum in boxOfActin.MyoRod@777caf04
Crazy forceSum in boxOfActin.MyoRod@7d12f100
Crazy forceSum in boxOfActin.MyoRod@4641dbc0
Crazy forceSum in boxOfActin.MyoRod@5c5db78
Crazy forceSum in boxOfActin.MyoRod@1753504b
Crazy forceSum in boxOfActin.MyoRod@7da32950
Crazy forceSum in boxOfActin.MyoRod@35f472ff
Crazy forceSum in boxOfActin.MyoRod@1ec17122
Crazy forceSum in boxOfActin.MyoRod@131dabb9
Crazy forceSum in boxOfActin.MyoRod@7710e923
Crazy forceSum in boxOfActin.MyoRod@61e51eb4
Crazy forceSum in boxOfActin.MyoRod@74b83bcb
Crazy forceSum in boxOfActin.MyoRod@a061686
Crazy forceSum in boxOfActin.MyoRod@7a2faf14
Crazy forceSum in boxOfActin.MyoRod@33761e5b
Crazy forceSum in boxOfActin.MyoMiniFilament@38864c5f
Crazy torqueSum in boxOfActin.MyoMiniFilament@38864c5f
Crazy forceSum in boxOfActin.MyoRod@327e272f
Crazy forceSum in boxOfActin.MyoRod@777caf04
Crazy forceSum in boxOfActin.MyoRod@7d12f100
Crazy forceSum in boxOfActin.MyoRod@4641dbc0
Crazy forceSum in boxOfActin.MyoRod@5c5db78
Crazy forceSum in boxOfActin.MyoRod@1753504b
Crazy forceSum in boxOfActin.MyoRod@7da32950
Crazy forceSum in boxOfActin.MyoRod@35f472ff
Crazy forceSum in boxOfActin.MyoRod@1ec17122
Crazy forceSum in boxOfActin.MyoRod@131dabb9
Crazy forceSum in boxOfActin.MyoRod@7710e923
Crazy forceSum in boxOfActin.MyoRod@61e51eb4
Crazy forceSum in boxOfActin.MyoRod@74b83bcb
Crazy forceSum in boxOfActin.MyoRod@a061686
Crazy forceSum in boxOfActin.MyoRod@7a2faf14
Crazy forceSum in boxOfActin.MyoRod@33761e5b
Crazy forceSum in boxOfActin.MyoMiniFilament@38864c5f
Crazy torqueSum in boxOfActin.MyoMiniFilament@38864c5f
Crazy forceSum in boxOfActin.MyoRod@327e272f
Crazy forceSum in boxOfActin.MyoRod@777caf04
Crazy forceSum in boxOfActin.MyoRod@7d12f100
Crazy forceSum in boxOfActin.MyoRod@4641dbc0
Crazy forceSum in boxOfActin.MyoRod@5c5db78
Crazy forceSum in boxOfActin.MyoRod@1753504b
Crazy forceSum in boxOfActin.MyoRod@7da32950
Crazy forceSum in boxOfActin.MyoRod@35f472ff
Crazy forceSum in boxOfActin.MyoRod@1ec17122
Crazy forceSum in boxOfActin.MyoRod@131dabb9
Crazy forceSum in boxOfActin.MyoRod@7710e923
Crazy forceSum in boxOfActin.MyoRod@61e51eb4
Crazy forceSum in boxOfActin.MyoRod@74b83bcb
Crazy forceSum in boxOfActin.MyoRod@a061686
Crazy forceSum in boxOfActin.MyoRod@7a2faf14
Crazy forceSum in boxOfActin.MyoRod@33761e5b
Crazy forceSum in boxOfActin.MyoMiniFilament@38864c5f
Crazy torqueSum in boxOfActin.MyoMiniFilament@38864c5f
Crazy forceSum in boxOfActin.MyoRod@327e272f
Crazy forceSum in boxOfActin.MyoRod@777caf04
Crazy forceSum in boxOfActin.MyoRod@7d12f100
Crazy forceSum in boxOfActin.MyoRod@4641dbc0
Crazy forceSum in boxOfActin.MyoRod@5c5db78
Crazy forceSum in boxOfActin.MyoRod@1753504b
Crazy forceSum in boxOfActin.MyoRod@7da32950
Crazy forceSum in boxOfActin.MyoRod@35f472ff
Crazy forceSum in boxOfActin.MyoRod@1ec17122
Crazy forceSum in boxOfActin.MyoRod@131dabb9
Crazy forceSum in boxOfActin.MyoRod@7710e923
Crazy forceSum in boxOfActin.MyoRod@61e51eb4
Crazy forceSum in boxOfActin.MyoRod@74b83bcb
Crazy forceSum in boxOfActin.MyoRod@a061686
Crazy forceSum in boxOfActin.MyoRod@7a2faf14
Crazy forceSum in boxOfActin.MyoRod@33761e5b
Crazy forceSum in boxOfActin.MyoMiniFilament@38864c5f
Crazy torqueSum in boxOfActin.MyoMiniFilament@38864c5f
Crazy forceSum in boxOfActin.MyoRod@327e272f
Crazy forceSum in boxOfActin.MyoRod@777caf04
Crazy forceSum in boxOfActin.MyoRod@7d12f100
Crazy forceSum in boxOfActin.MyoRod@4641dbc0
Crazy forceSum in boxOfActin.MyoRod@5c5db78
Crazy forceSum in boxOfActin.MyoRod@1753504b
Crazy forceSum in boxOfActin.MyoRod@7da32950
Crazy forceSum in boxOfActin.MyoRod@35f472ff
Crazy forceSum in boxOfActin.MyoRod@1ec17122
Crazy forceSum in boxOfActin.MyoRod@131dabb9
Crazy forceSum in boxOfActin.MyoRod@7710e923
Crazy forceSum in boxOfActin.MyoRod@61e51eb4
Crazy forceSum in boxOfActin.MyoRod@74b83bcb
Crazy forceSum in boxOfActin.MyoRod@a061686
Crazy forceSum in boxOfActin.MyoRod@7a2faf14
Crazy forceSum in boxOfActin.MyoRod@33761e5b
Crazy forceSum in boxOfActin.MyoMiniFilament@38864c5f
Crazy torqueSum in boxOfActin.MyoMiniFilament@38864c5f
Crazy forceSum in boxOfActin.MyoRod@327e272f
Crazy forceSum in boxOfActin.MyoRod@777caf04
Crazy forceSum in boxOfActin.MyoRod@7d12f100
Crazy forceSum in boxOfActin.MyoRod@4641dbc0
Crazy forceSum in boxOfActin.MyoRod@5c5db78
Crazy forceSum in boxOfActin.MyoRod@1753504b
Crazy forceSum in boxOfActin.MyoRod@7da32950
Crazy forceSum in boxOfActin.MyoRod@35f472ff
Crazy forceSum in boxOfActin.MyoRod@1ec17122
Crazy forceSum in boxOfActin.MyoRod@131dabb9
Crazy forceSum in boxOfActin.MyoRod@7710e923
Crazy forceSum in boxOfActin.MyoRod@61e51eb4
Crazy forceSum in boxOfActin.MyoRod@74b83bcb
Crazy forceSum in boxOfActin.MyoRod@a061686
Crazy forceSum in boxOfActin.MyoRod@7a2faf14
Crazy forceSum in boxOfActin.MyoRod@33761e5b
Crazy forceSum in boxOfActin.MyoMiniFilament@38864c5f
Crazy torqueSum in boxOfActin.MyoMiniFilament@38864c5f
Crazy forceSum in boxOfActin.MyoRod@327e272f
Crazy forceSum in boxOfActin.MyoRod@777caf04
Crazy forceSum in boxOfActin.MyoRod@7d12f100
Crazy forceSum in boxOfActin.MyoRod@4641dbc0
Crazy forceSum in boxOfActin.MyoRod@5c5db78
Crazy forceSum in boxOfActin.MyoRod@1753504b
Crazy forceSum in boxOfActin.MyoRod@7da32950
Crazy forceSum in boxOfActin.MyoRod@35f472ff
Crazy forceSum in boxOfActin.MyoRod@1ec17122
Crazy forceSum in boxOfActin.MyoRod@131dabb9
Crazy forceSum in boxOfActin.MyoRod@7710e923
Crazy forceSum in boxOfActin.MyoRod@61e51eb4
Crazy forceSum in boxOfActin.MyoRod@74b83bcb
Crazy forceSum in boxOfActin.MyoRod@a061686
Crazy forceSum in boxOfActin.MyoRod@7a2faf14
Crazy forceSum in boxOfActin.MyoRod@33761e5b
Crazy forceSum in boxOfActin.MyoMiniFilament@38864c5f
Crazy torqueSum in boxOfActin.MyoMiniFilament@38864c5f
Crazy forceSum in boxOfActin.MyoRod@327e272f
Crazy forceSum in boxOfActin.MyoRod@777caf04
Crazy forceSum in boxOfActin.MyoRod@7d12f100
Crazy forceSum in boxOfActin.MyoRod@4641dbc0
Crazy forceSum in boxOfActin.MyoRod@5c5db78
Crazy forceSum in boxOfActin.MyoRod@1753504b
Crazy forceSum in boxOfActin.MyoRod@7da32950
Crazy forceSum in boxOfActin.MyoRod@35f472ff
Crazy forceSum in boxOfActin.MyoRod@1ec17122
Crazy forceSum in boxOfActin.MyoRod@131dabb9
Crazy forceSum in boxOfActin.MyoRod@7710e923
Crazy forceSum in boxOfActin.MyoRod@61e51eb4
Crazy forceSum in boxOfActin.MyoRod@74b83bcb
Crazy forceSum in boxOfActin.MyoRod@a061686
Crazy forceSum in boxOfActin.MyoRod@7a2faf14
Crazy forceSum in boxOfActin.MyoRod@33761e5b
Crazy forceSum in boxOfActin.MyoMiniFilament@38864c5f
Crazy torqueSum in boxOfActin.MyoMiniFilament@38864c5f
Crazy forceSum in boxOfActin.MyoRod@327e272f
Crazy forceSum in boxOfActin.MyoRod@777caf04
Crazy forceSum in boxOfActin.MyoRod@7d12f100
Crazy forceSum in boxOfActin.MyoRod@4641dbc0
Crazy forceSum in boxOfActin.MyoRod@5c5db78
Crazy forceSum in boxOfActin.MyoRod@1753504b
Crazy forceSum in boxOfActin.MyoRod@7da32950
Crazy forceSum in boxOfActin.MyoRod@35f472ff
Crazy forceSum in boxOfActin.MyoRod@1ec17122
Crazy forceSum in boxOfActin.MyoRod@131dabb9
Crazy forceSum in boxOfActin.MyoRod@7710e923
Crazy forceSum in boxOfActin.MyoRod@61e51eb4
Crazy forceSum in boxOfActin.MyoRod@74b83bcb
Crazy forceSum in boxOfActin.MyoRod@a061686
Crazy forceSum in boxOfActin.MyoRod@7a2faf14
Crazy forceSum in boxOfActin.MyoRod@33761e5b
Crazy forceSum in boxOfActin.MyoMiniFilament@38864c5f
Crazy torqueSum in boxOfActin.MyoMiniFilament@38864c5f
Crazy forceSum in boxOfActin.MyoRod@327e272f
Crazy forceSum in boxOfActin.MyoRod@777caf04
Crazy forceSum in boxOfActin.MyoRod@7d12f100
Crazy forceSum in boxOfActin.MyoRod@4641dbc0
Crazy forceSum in boxOfActin.MyoRod@5c5db78
Crazy forceSum in boxOfActin.MyoRod@1753504b
Crazy forceSum in boxOfActin.MyoRod@7da32950
Crazy forceSum in boxOfActin.MyoRod@35f472ff
Crazy forceSum in boxOfActin.MyoRod@1ec17122
Crazy forceSum in boxOfActin.MyoRod@131dabb9
Crazy forceSum in boxOfActin.MyoRod@7710e923
Crazy forceSum in boxOfActin.MyoRod@61e51eb4
Crazy forceSum in boxOfActin.MyoRod@74b83bcb
Crazy forceSum in boxOfActin.MyoRod@a061686
Crazy forceSum in boxOfActin.MyoRod@7a2faf14
Crazy forceSum in boxOfActin.MyoRod@33761e5b
Crazy forceSum in boxOfActin.MyoMiniFilament@38864c5f
Crazy torqueSum in boxOfActin.MyoMiniFilament@38864c5f
Crazy forceSum in boxOfActin.MyoRod@327e272f
Crazy forceSum in boxOfActin.MyoRod@777caf04
Crazy forceSum in boxOfActin.MyoRod@7d12f100
Crazy forceSum in boxOfActin.MyoRod@4641dbc0
Crazy forceSum in boxOfActin.MyoRod@5c5db78
Crazy forceSum in boxOfActin.MyoRod@1753504b
Crazy forceSum in boxOfActin.MyoRod@7da32950
Crazy forceSum in boxOfActin.MyoRod@35f472ff
Crazy forceSum in boxOfActin.MyoRod@1ec17122
Crazy forceSum in boxOfActin.MyoRod@131dabb9
Crazy forceSum in boxOfActin.MyoRod@7710e923
Crazy forceSum in boxOfActin.MyoRod@61e51eb4
Crazy forceSum in boxOfActin.MyoRod@74b83bcb
Crazy forceSum in boxOfActin.MyoRod@a061686
Crazy forceSum in boxOfActin.MyoRod@7a2faf14
Crazy forceSum in boxOfActin.MyoRod@33761e5b
Crazy forceSum in boxOfActin.MyoMiniFilament@38864c5f
Crazy torqueSum in boxOfActin.MyoMiniFilament@38864c5f
Crazy forceSum in boxOfActin.MyoRod@327e272f
Crazy forceSum in boxOfActin.MyoRod@777caf04
Crazy forceSum in boxOfActin.MyoRod@7d12f100
Crazy forceSum in boxOfActin.MyoRod@4641dbc0
Crazy forceSum in boxOfActin.MyoRod@5c5db78
Crazy forceSum in boxOfActin.MyoRod@1753504b
Crazy forceSum in boxOfActin.MyoRod@7da32950
Crazy forceSum in boxOfActin.MyoRod@35f472ff
Crazy forceSum in boxOfActin.MyoRod@1ec17122
Crazy forceSum in boxOfActin.MyoRod@131dabb9
Crazy forceSum in boxOfActin.MyoRod@7710e923
Crazy forceSum in boxOfActin.MyoRod@61e51eb4
Crazy forceSum in boxOfActin.MyoRod@74b83bcb
Crazy forceSum in boxOfActin.MyoRod@a061686
Crazy forceSum in boxOfActin.MyoRod@7a2faf14
Crazy forceSum in boxOfActin.MyoRod@33761e5b
Crazy forceSum in boxOfActin.MyoMiniFilament@38864c5f
Crazy torqueSum in boxOfActin.MyoMiniFilament@38864c5f
Crazy forceSum in boxOfActin.MyoRod@327e272f
Crazy forceSum in boxOfActin.MyoRod@777caf04
Crazy forceSum in boxOfActin.MyoRod@7d12f100
Crazy forceSum in boxOfActin.MyoRod@4641dbc0
Crazy forceSum in boxOfActin.MyoRod@5c5db78
Crazy forceSum in boxOfActin.MyoRod@1753504b
Crazy forceSum in boxOfActin.MyoRod@7da32950
Crazy forceSum in boxOfActin.MyoRod@35f472ff
Crazy forceSum in boxOfActin.MyoRod@1ec17122
Crazy forceSum in boxOfActin.MyoRod@131dabb9
Crazy forceSum in boxOfActin.MyoRod@7710e923
Crazy forceSum in boxOfActin.MyoRod@61e51eb4
Crazy forceSum in boxOfActin.MyoRod@74b83bcb
Crazy forceSum in boxOfActin.MyoRod@a061686
Crazy forceSum in boxOfActin.MyoRod@7a2faf14
Crazy forceSum in boxOfActin.MyoRod@33761e5b
Crazy forceSum in boxOfActin.MyoMiniFilament@38864c5f
Crazy torqueSum in boxOfActin.MyoMiniFilament@38864c5f
Crazy forceSum in boxOfActin.MyoRod@327e272f
Crazy forceSum in boxOfActin.MyoRod@777caf04
Crazy forceSum in boxOfActin.MyoRod@7d12f100
Crazy forceSum in boxOfActin.MyoRod@4641dbc0
Crazy forceSum in boxOfActin.MyoRod@5c5db78
Crazy forceSum in boxOfActin.MyoRod@1753504b
Crazy forceSum in boxOfActin.MyoRod@7da32950
Crazy forceSum in boxOfActin.MyoRod@35f472ff
Crazy forceSum in boxOfActin.MyoRod@1ec17122
Crazy forceSum in boxOfActin.MyoRod@131dabb9
Crazy forceSum in boxOfActin.MyoRod@7710e923
Crazy forceSum in boxOfActin.MyoRod@61e51eb4
Crazy forceSum in boxOfActin.MyoRod@74b83bcb
Crazy forceSum in boxOfActin.MyoRod@a061686
Crazy forceSum in boxOfActin.MyoRod@7a2faf14
Crazy forceSum in boxOfActin.MyoRod@33761e5b
Crazy forceSum in boxOfActin.MyoMiniFilament@38864c5f
Crazy torqueSum in boxOfActin.MyoMiniFilament@38864c5f
Crazy forceSum in boxOfActin.MyoRod@327e272f
Crazy forceSum in boxOfActin.MyoRod@777caf04
Crazy forceSum in boxOfActin.MyoRod@7d12f100
Crazy forceSum in boxOfActin.MyoRod@4641dbc0
Crazy forceSum in boxOfActin.MyoRod@5c5db78
Crazy forceSum in boxOfActin.MyoRod@1753504b
Crazy forceSum in boxOfActin.MyoRod@7da32950
Crazy forceSum in boxOfActin.MyoRod@35f472ff
Crazy forceSum in boxOfActin.MyoRod@1ec17122
Crazy forceSum in boxOfActin.MyoRod@131dabb9
Crazy forceSum in boxOfActin.MyoRod@7710e923
Crazy forceSum in boxOfActin.MyoRod@61e51eb4
Crazy forceSum in boxOfActin.MyoRod@74b83bcb
Crazy forceSum in boxOfActin.MyoRod@a061686
Crazy forceSum in boxOfActin.MyoRod@7a2faf14
Crazy forceSum in boxOfActin.MyoRod@33761e5b
Crazy forceSum in boxOfActin.MyoMiniFilament@38864c5f
Crazy torqueSum in boxOfActin.MyoMiniFilament@38864c5f
Crazy forceSum in boxOfActin.MyoRod@327e272f
Crazy forceSum in boxOfActin.MyoRod@777caf04
Crazy forceSum in boxOfActin.MyoRod@7d12f100
Crazy forceSum in boxOfActin.MyoRod@4641dbc0
Crazy forceSum in boxOfActin.MyoRod@5c5db78
Crazy forceSum in boxOfActin.MyoRod@1753504b
Crazy forceSum in boxOfActin.MyoRod@7da32950
Crazy forceSum in boxOfActin.MyoRod@35f472ff
Crazy forceSum in boxOfActin.MyoRod@1ec17122
Crazy forceSum in boxOfActin.MyoRod@131dabb9
Crazy forceSum in boxOfActin.MyoRod@7710e923
Crazy forceSum in boxOfActin.MyoRod@61e51eb4
Crazy forceSum in boxOfActin.MyoRod@74b83bcb
Crazy forceSum in boxOfActin.MyoRod@a061686
Crazy forceSum in boxOfActin.MyoRod@7a2faf14
Crazy forceSum in boxOfActin.MyoRod@33761e5b
Crazy forceSum in boxOfActin.MyoMiniFilament@38864c5f
Crazy torqueSum in boxOfActin.MyoMiniFilament@38864c5f
Crazy forceSum in boxOfActin.MyoRod@327e272f
Crazy forceSum in boxOfActin.MyoRod@777caf04
Crazy forceSum in boxOfActin.MyoRod@7d12f100
Crazy forceSum in boxOfActin.MyoRod@4641dbc0
Crazy forceSum in boxOfActin.MyoRod@5c5db78
Crazy forceSum in boxOfActin.MyoRod@1753504b
Crazy forceSum in boxOfActin.MyoRod@7da32950
Crazy forceSum in boxOfActin.MyoRod@35f472ff
Crazy forceSum in boxOfActin.MyoRod@1ec17122
Crazy forceSum in boxOfActin.MyoRod@131dabb9
Crazy forceSum in boxOfActin.MyoRod@7710e923
Crazy forceSum in boxOfActin.MyoRod@61e51eb4
Crazy forceSum in boxOfActin.MyoRod@74b83bcb
Crazy forceSum in boxOfActin.MyoRod@a061686
Crazy forceSum in boxOfActin.MyoRod@7a2faf14
Crazy forceSum in boxOfActin.MyoRod@33761e5b
Crazy forceSum in boxOfActin.MyoMiniFilament@38864c5f
Crazy torqueSum in boxOfActin.MyoMiniFilament@38864c5f
Crazy forceSum in boxOfActin.MyoRod@327e272f
Crazy forceSum in boxOfActin.MyoRod@777caf04
Crazy forceSum in boxOfActin.MyoRod@7d12f100
Crazy forceSum in boxOfActin.MyoRod@4641dbc0
Crazy forceSum in boxOfActin.MyoRod@5c5db78
Crazy forceSum in boxOfActin.MyoRod@1753504b
Crazy forceSum in boxOfActin.MyoRod@7da32950
Crazy forceSum in boxOfActin.MyoRod@35f472ff
Crazy forceSum in boxOfActin.MyoRod@1ec17122
Crazy forceSum in boxOfActin.MyoRod@131dabb9
Crazy forceSum in boxOfActin.MyoRod@7710e923
Crazy forceSum in boxOfActin.MyoRod@61e51eb4
Crazy forceSum in boxOfActin.MyoRod@74b83bcb
Crazy forceSum in boxOfActin.MyoRod@a061686
Crazy forceSum in boxOfActin.MyoRod@7a2faf14
Crazy forceSum in boxOfActin.MyoRod@33761e5b
Crazy forceSum in boxOfActin.MyoMiniFilament@38864c5f
Crazy torqueSum in boxOfActin.MyoMiniFilament@38864c5f
Crazy forceSum in boxOfActin.MyoRod@327e272f
Crazy forceSum in boxOfActin.MyoRod@777caf04
Crazy forceSum in boxOfActin.MyoRod@7d12f100
Crazy forceSum in boxOfActin.MyoRod@4641dbc0
Crazy forceSum in boxOfActin.MyoRod@5c5db78
Crazy forceSum in boxOfActin.MyoRod@1753504b
Crazy forceSum in boxOfActin.MyoRod@7da32950
Crazy forceSum in boxOfActin.MyoRod@35f472ff
Crazy forceSum in boxOfActin.MyoRod@1ec17122
Crazy forceSum in boxOfActin.MyoRod@131dabb9
Crazy forceSum in boxOfActin.MyoRod@7710e923
Crazy forceSum in boxOfActin.MyoRod@61e51eb4
Crazy forceSum in boxOfActin.MyoRod@74b83bcb
Crazy forceSum in boxOfActin.MyoRod@a061686
Crazy forceSum in boxOfActin.MyoRod@7a2faf14
Crazy forceSum in boxOfActin.MyoRod@33761e5b
Crazy forceSum in boxOfActin.MyoMiniFilament@38864c5f
Crazy torqueSum in boxOfActin.MyoMiniFilament@38864c5f
Crazy forceSum in boxOfActin.MyoRod@327e272f
Crazy forceSum in boxOfActin.MyoRod@777caf04
Crazy forceSum in boxOfActin.MyoRod@7d12f100
Crazy forceSum in boxOfActin.MyoRod@4641dbc0
Crazy forceSum in boxOfActin.MyoRod@5c5db78
Crazy forceSum in boxOfActin.MyoRod@1753504b
Crazy forceSum in boxOfActin.MyoRod@7da32950
Crazy forceSum in boxOfActin.MyoRod@35f472ff
Crazy forceSum in boxOfActin.MyoRod@1ec17122
Crazy forceSum in boxOfActin.MyoRod@131dabb9
Crazy forceSum in boxOfActin.MyoRod@7710e923
Crazy forceSum in boxOfActin.MyoRod@61e51eb4
Crazy forceSum in boxOfActin.MyoRod@74b83bcb
Crazy forceSum in boxOfActin.MyoRod@a061686
Crazy forceSum in boxOfActin.MyoRod@7a2faf14
Crazy forceSum in boxOfActin.MyoRod@33761e5b
Crazy forceSum in boxOfActin.MyoMiniFilament@38864c5f
Crazy torqueSum in boxOfActin.MyoMiniFilament@38864c5f
Crazy forceSum in boxOfActin.MyoRod@327e272f
Crazy forceSum in boxOfActin.MyoRod@777caf04
Crazy forceSum in boxOfActin.MyoRod@7d12f100
Crazy forceSum in boxOfActin.MyoRod@4641dbc0
Crazy forceSum in boxOfActin.MyoRod@5c5db78
Crazy forceSum in boxOfActin.MyoRod@1753504b
Crazy forceSum in boxOfActin.MyoRod@7da32950
Crazy forceSum in boxOfActin.MyoRod@35f472ff
Crazy forceSum in boxOfActin.MyoRod@1ec17122
Crazy forceSum in boxOfActin.MyoRod@131dabb9
Crazy forceSum in boxOfActin.MyoRod@7710e923
Crazy forceSum in boxOfActin.MyoRod@61e51eb4
Crazy forceSum in boxOfActin.MyoRod@74b83bcb
Crazy forceSum in boxOfActin.MyoRod@a061686
Crazy forceSum in boxOfActin.MyoRod@7a2faf14
Crazy forceSum in boxOfActin.MyoRod@33761e5b
Crazy forceSum in boxOfActin.MyoMiniFilament@38864c5f
Crazy torqueSum in boxOfActin.MyoMiniFilament@38864c5f
Crazy forceSum in boxOfActin.MyoRod@327e272f
Crazy forceSum in boxOfActin.MyoRod@777caf04
Crazy forceSum in boxOfActin.MyoRod@7d12f100
Crazy forceSum in boxOfActin.MyoRod@4641dbc0
Crazy forceSum in boxOfActin.MyoRod@5c5db78
Crazy forceSum in boxOfActin.MyoRod@1753504b
Crazy forceSum in boxOfActin.MyoRod@7da32950
Crazy forceSum in boxOfActin.MyoRod@35f472ff
Crazy forceSum in boxOfActin.MyoRod@1ec17122
Crazy forceSum in boxOfActin.MyoRod@131dabb9
Crazy forceSum in boxOfActin.MyoRod@7710e923
Crazy forceSum in boxOfActin.MyoRod@61e51eb4
Crazy forceSum in boxOfActin.MyoRod@74b83bcb
Crazy forceSum in boxOfActin.MyoRod@a061686
Crazy forceSum in boxOfActin.MyoRod@7a2faf14
Crazy forceSum in boxOfActin.MyoRod@33761e5b
Crazy forceSum in boxOfActin.MyoMiniFilament@38864c5f
Crazy torqueSum in boxOfActin.MyoMiniFilament@38864c5f
Crazy forceSum in boxOfActin.MyoRod@327e272f
Crazy forceSum in boxOfActin.MyoRod@777caf04
Crazy forceSum in boxOfActin.MyoRod@7d12f100
Crazy forceSum in boxOfActin.MyoRod@4641dbc0
Crazy forceSum in boxOfActin.MyoRod@5c5db78
Crazy forceSum in boxOfActin.MyoRod@1753504b
Crazy forceSum in boxOfActin.MyoRod@7da32950
Crazy forceSum in boxOfActin.MyoRod@35f472ff
Crazy forceSum in boxOfActin.MyoRod@1ec17122
Crazy forceSum in boxOfActin.MyoRod@131dabb9
Crazy forceSum in boxOfActin.MyoRod@7710e923
Crazy forceSum in boxOfActin.MyoRod@61e51eb4
Crazy forceSum in boxOfActin.MyoRod@74b83bcb
Crazy forceSum in boxOfActin.MyoRod@a061686
Crazy forceSum in boxOfActin.MyoRod@7a2faf14
Crazy forceSum in boxOfActin.MyoRod@33761e5b
Crazy forceSum in boxOfActin.MyoMiniFilament@38864c5f
Crazy torqueSum in boxOfActin.MyoMiniFilament@38864c5f
Crazy forceSum in boxOfActin.MyoRod@327e272f
Crazy forceSum in boxOfActin.MyoRod@777caf04
Crazy forceSum in boxOfActin.MyoRod@7d12f100
Crazy forceSum in boxOfActin.MyoRod@4641dbc0
Crazy forceSum in boxOfActin.MyoRod@5c5db78
Crazy forceSum in boxOfActin.MyoRod@1753504b
Crazy forceSum in boxOfActin.MyoRod@7da32950
Crazy forceSum in boxOfActin.MyoRod@35f472ff
Crazy forceSum in boxOfActin.MyoRod@1ec17122
Crazy forceSum in boxOfActin.MyoRod@131dabb9
Crazy forceSum in boxOfActin.MyoRod@7710e923
Crazy forceSum in boxOfActin.MyoRod@61e51eb4
Crazy forceSum in boxOfActin.MyoRod@74b83bcb
Crazy forceSum in boxOfActin.MyoRod@a061686
Crazy forceSum in boxOfActin.MyoRod@7a2faf14
Crazy forceSum in boxOfActin.MyoRod@33761e5b
Crazy forceSum in boxOfActin.MyoMiniFilament@38864c5f
Crazy torqueSum in boxOfActin.MyoMiniFilament@38864c5f
Crazy forceSum in boxOfActin.MyoRod@327e272f
Crazy forceSum in boxOfActin.MyoRod@777caf04
Crazy forceSum in boxOfActin.MyoRod@7d12f100
Crazy forceSum in boxOfActin.MyoRod@4641dbc0
Crazy forceSum in boxOfActin.MyoRod@5c5db78
Crazy forceSum in boxOfActin.MyoRod@1753504b
Crazy forceSum in boxOfActin.MyoRod@7da32950
Crazy forceSum in boxOfActin.MyoRod@35f472ff
Crazy forceSum in boxOfActin.MyoRod@1ec17122
Crazy forceSum in boxOfActin.MyoRod@131dabb9
Crazy forceSum in boxOfActin.MyoRod@7710e923
Crazy forceSum in boxOfActin.MyoRod@61e51eb4
Crazy forceSum in boxOfActin.MyoRod@74b83bcb
Crazy forceSum in boxOfActin.MyoRod@a061686
Crazy forceSum in boxOfActin.MyoRod@7a2faf14
Crazy forceSum in boxOfActin.MyoRod@33761e5b
Crazy forceSum in boxOfActin.MyoMiniFilament@38864c5f
Crazy torqueSum in boxOfActin.MyoMiniFilament@38864c5f
Crazy forceSum in boxOfActin.MyoRod@327e272f
Crazy forceSum in boxOfActin.MyoRod@777caf04
Crazy forceSum in boxOfActin.MyoRod@7d12f100
Crazy forceSum in boxOfActin.MyoRod@4641dbc0
Crazy forceSum in boxOfActin.MyoRod@5c5db78
Crazy forceSum in boxOfActin.MyoRod@1753504b
Crazy forceSum in boxOfActin.MyoRod@7da32950
Crazy forceSum in boxOfActin.MyoRod@35f472ff
Crazy forceSum in boxOfActin.MyoRod@1ec17122
Crazy forceSum in boxOfActin.MyoRod@131dabb9
Crazy forceSum in boxOfActin.MyoRod@7710e923
Crazy forceSum in boxOfActin.MyoRod@61e51eb4
Crazy forceSum in boxOfActin.MyoRod@74b83bcb
Crazy forceSum in boxOfActin.MyoRod@a061686
Crazy forceSum in boxOfActin.MyoRod@7a2faf14
Crazy forceSum in boxOfActin.MyoRod@33761e5b
Crazy forceSum in boxOfActin.MyoMiniFilament@38864c5f
Crazy torqueSum in boxOfActin.MyoMiniFilament@38864c5f
Crazy forceSum in boxOfActin.MyoRod@327e272f
Crazy forceSum in boxOfActin.MyoRod@777caf04
Crazy forceSum in boxOfActin.MyoRod@7d12f100
Crazy forceSum in boxOfActin.MyoRod@4641dbc0
Crazy forceSum in boxOfActin.MyoRod@5c5db78
Crazy forceSum in boxOfActin.MyoRod@1753504b
Crazy forceSum in boxOfActin.MyoRod@7da32950
Crazy forceSum in boxOfActin.MyoRod@35f472ff
Crazy forceSum in boxOfActin.MyoRod@1ec17122
Crazy forceSum in boxOfActin.MyoRod@131dabb9
Crazy forceSum in boxOfActin.MyoRod@7710e923
Crazy forceSum in boxOfActin.MyoRod@61e51eb4
Crazy forceSum in boxOfActin.MyoRod@74b83bcb
Crazy forceSum in boxOfActin.MyoRod@a061686
Crazy forceSum in boxOfActin.MyoRod@7a2faf14
Crazy forceSum in boxOfActin.MyoRod@33761e5b
Crazy forceSum in boxOfActin.MyoMiniFilament@38864c5f
Crazy torqueSum in boxOfActin.MyoMiniFilament@38864c5f
Crazy forceSum in boxOfActin.MyoRod@327e272f
Crazy forceSum in boxOfActin.MyoRod@777caf04
Crazy forceSum in boxOfActin.MyoRod@7d12f100
Crazy forceSum in boxOfActin.MyoRod@4641dbc0
Crazy forceSum in boxOfActin.MyoRod@5c5db78
Crazy forceSum in boxOfActin.MyoRod@1753504b
Crazy forceSum in boxOfActin.MyoRod@7da32950
Crazy forceSum in boxOfActin.MyoRod@35f472ff
Crazy forceSum in boxOfActin.MyoRod@1ec17122
Crazy forceSum in boxOfActin.MyoRod@131dabb9
Crazy forceSum in boxOfActin.MyoRod@7710e923
Crazy forceSum in boxOfActin.MyoRod@61e51eb4
Crazy forceSum in boxOfActin.MyoRod@74b83bcb
Crazy forceSum in boxOfActin.MyoRod@a061686
Crazy forceSum in boxOfActin.MyoRod@7a2faf14
Crazy forceSum in boxOfActin.MyoRod@33761e5b
Crazy forceSum in boxOfActin.MyoMiniFilament@38864c5f
Crazy torqueSum in boxOfActin.MyoMiniFilament@38864c5f
Crazy forceSum in boxOfActin.MyoRod@327e272f
Crazy forceSum in boxOfActin.MyoRod@777caf04
Crazy forceSum in boxOfActin.MyoRod@7d12f100
Crazy forceSum in boxOfActin.MyoRod@4641dbc0
Crazy forceSum in boxOfActin.MyoRod@5c5db78
Crazy forceSum in boxOfActin.MyoRod@1753504b
Crazy forceSum in boxOfActin.MyoRod@7da32950
Crazy forceSum in boxOfActin.MyoRod@35f472ff
Crazy forceSum in boxOfActin.MyoRod@1ec17122
Crazy forceSum in boxOfActin.MyoRod@131dabb9
Crazy forceSum in boxOfActin.MyoRod@7710e923
Crazy forceSum in boxOfActin.MyoRod@61e51eb4
Crazy forceSum in boxOfActin.MyoRod@74b83bcb
Crazy forceSum in boxOfActin.MyoRod@a061686
Crazy forceSum in boxOfActin.MyoRod@7a2faf14
Crazy forceSum in boxOfActin.MyoRod@33761e5b
Crazy forceSum in boxOfActin.MyoMiniFilament@38864c5f
Crazy torqueSum in boxOfActin.MyoMiniFilament@38864c5f
Crazy forceSum in boxOfActin.MyoRod@327e272f
Crazy forceSum in boxOfActin.MyoRod@777caf04
Crazy forceSum in boxOfActin.MyoRod@7d12f100
Crazy forceSum in boxOfActin.MyoRod@4641dbc0
Crazy forceSum in boxOfActin.MyoRod@5c5db78
Crazy forceSum in boxOfActin.MyoRod@1753504b
Crazy forceSum in boxOfActin.MyoRod@7da32950
Crazy forceSum in boxOfActin.MyoRod@35f472ff
Crazy forceSum in boxOfActin.MyoRod@1ec17122
Crazy forceSum in boxOfActin.MyoRod@131dabb9
Crazy forceSum in boxOfActin.MyoRod@7710e923
Crazy forceSum in boxOfActin.MyoRod@61e51eb4
Crazy forceSum in boxOfActin.MyoRod@74b83bcb
Crazy forceSum in boxOfActin.MyoRod@a061686
Crazy forceSum in boxOfActin.MyoRod@7a2faf14
Crazy forceSum in boxOfActin.MyoRod@33761e5b
Crazy forceSum in boxOfActin.MyoMiniFilament@38864c5f
Crazy torqueSum in boxOfActin.MyoMiniFilament@38864c5f
Crazy forceSum in boxOfActin.MyoRod@327e272f
Crazy forceSum in boxOfActin.MyoRod@777caf04
Crazy forceSum in boxOfActin.MyoRod@7d12f100
Crazy forceSum in boxOfActin.MyoRod@4641dbc0
Crazy forceSum in boxOfActin.MyoRod@5c5db78
Crazy forceSum in boxOfActin.MyoRod@1753504b
Crazy forceSum in boxOfActin.MyoRod@7da32950
Crazy forceSum in boxOfActin.MyoRod@35f472ff
Crazy forceSum in boxOfActin.MyoRod@1ec17122
Crazy forceSum in boxOfActin.MyoRod@131dabb9
Crazy forceSum in boxOfActin.MyoRod@7710e923
Crazy forceSum in boxOfActin.MyoRod@61e51eb4
Crazy forceSum in boxOfActin.MyoRod@74b83bcb
Crazy forceSum in boxOfActin.MyoRod@a061686
Crazy forceSum in boxOfActin.MyoRod@7a2faf14
Crazy forceSum in boxOfActin.MyoRod@33761e5b
Crazy forceSum in boxOfActin.MyoMiniFilament@38864c5f
Crazy torqueSum in boxOfActin.MyoMiniFilament@38864c5f
Crazy forceSum in boxOfActin.MyoRod@327e272f
Crazy forceSum in boxOfActin.MyoRod@777caf04
Crazy forceSum in boxOfActin.MyoRod@7d12f100
Crazy forceSum in boxOfActin.MyoRod@4641dbc0
Crazy forceSum in boxOfActin.MyoRod@5c5db78
Crazy forceSum in boxOfActin.MyoRod@1753504b
Crazy forceSum in boxOfActin.MyoRod@7da32950
Crazy forceSum in boxOfActin.MyoRod@35f472ff
Crazy forceSum in boxOfActin.MyoRod@1ec17122
Crazy forceSum in boxOfActin.MyoRod@131dabb9
Crazy forceSum in boxOfActin.MyoRod@7710e923
Crazy forceSum in boxOfActin.MyoRod@61e51eb4
Crazy forceSum in boxOfActin.MyoRod@74b83bcb
Crazy forceSum in boxOfActin.MyoRod@a061686
Crazy forceSum in boxOfActin.MyoRod@7a2faf14
Crazy forceSum in boxOfActin.MyoRod@33761e5b
Crazy forceSum in boxOfActin.MyoMiniFilament@38864c5f
Crazy torqueSum in boxOfActin.MyoMiniFilament@38864c5f
Crazy forceSum in boxOfActin.MyoRod@327e272f
Crazy forceSum in boxOfActin.MyoRod@777caf04
Crazy forceSum in boxOfActin.MyoRod@7d12f100
Crazy forceSum in boxOfActin.MyoRod@4641dbc0
Crazy forceSum in boxOfActin.MyoRod@5c5db78
Crazy forceSum in boxOfActin.MyoRod@1753504b
Crazy forceSum in boxOfActin.MyoRod@7da32950
Crazy forceSum in boxOfActin.MyoRod@35f472ff
Crazy forceSum in boxOfActin.MyoRod@1ec17122
Crazy forceSum in boxOfActin.MyoRod@131dabb9
Crazy forceSum in boxOfActin.MyoRod@7710e923
Crazy forceSum in boxOfActin.MyoRod@61e51eb4
Crazy forceSum in boxOfActin.MyoRod@74b83bcb
Crazy forceSum in boxOfActin.MyoRod@a061686
Crazy forceSum in boxOfActin.MyoRod@7a2faf14
Crazy forceSum in boxOfActin.MyoRod@33761e5b
Crazy forceSum in boxOfActin.MyoMiniFilament@38864c5f
Crazy torqueSum in boxOfActin.MyoMiniFilament@38864c5f
Crazy forceSum in boxOfActin.MyoRod@327e272f
Crazy forceSum in boxOfActin.MyoRod@777caf04
Crazy forceSum in boxOfActin.MyoRod@7d12f100
Crazy forceSum in boxOfActin.MyoRod@4641dbc0
Crazy forceSum in boxOfActin.MyoRod@5c5db78
Crazy forceSum in boxOfActin.MyoRod@1753504b
Crazy forceSum in boxOfActin.MyoRod@7da32950
Crazy forceSum in boxOfActin.MyoRod@35f472ff
Crazy forceSum in boxOfActin.MyoRod@1ec17122
Crazy forceSum in boxOfActin.MyoRod@131dabb9
Crazy forceSum in boxOfActin.MyoRod@7710e923
Crazy forceSum in boxOfActin.MyoRod@61e51eb4
Crazy forceSum in boxOfActin.MyoRod@74b83bcb
Crazy forceSum in boxOfActin.MyoRod@a061686
Crazy forceSum in boxOfActin.MyoRod@7a2faf14
Crazy forceSum in boxOfActin.MyoRod@33761e5b
Crazy forceSum in boxOfActin.MyoMiniFilament@38864c5f
Crazy torqueSum in boxOfActin.MyoMiniFilament@38864c5f
Crazy forceSum in boxOfActin.MyoRod@327e272f
Crazy forceSum in boxOfActin.MyoRod@777caf04
Crazy forceSum in boxOfActin.MyoRod@7d12f100
Crazy forceSum in boxOfActin.MyoRod@4641dbc0
Crazy forceSum in boxOfActin.MyoRod@5c5db78
Crazy forceSum in boxOfActin.MyoRod@1753504b
Crazy forceSum in boxOfActin.MyoRod@7da32950
Crazy forceSum in boxOfActin.MyoRod@35f472ff
Crazy forceSum in boxOfActin.MyoRod@1ec17122
Crazy forceSum in boxOfActin.MyoRod@131dabb9
Crazy forceSum in boxOfActin.MyoRod@7710e923
Crazy forceSum in boxOfActin.MyoRod@61e51eb4
Crazy forceSum in boxOfActin.MyoRod@74b83bcb
Crazy forceSum in boxOfActin.MyoRod@a061686
Crazy forceSum in boxOfActin.MyoRod@7a2faf14
Crazy forceSum in boxOfActin.MyoRod@33761e5b
Crazy forceSum in boxOfActin.MyoMiniFilament@38864c5f
Crazy torqueSum in boxOfActin.MyoMiniFilament@38864c5f
Crazy forceSum in boxOfActin.MyoRod@327e272f
Crazy forceSum in boxOfActin.MyoRod@777caf04
Crazy forceSum in boxOfActin.MyoRod@7d12f100
Crazy forceSum in boxOfActin.MyoRod@4641dbc0
Crazy forceSum in boxOfActin.MyoRod@5c5db78
Crazy forceSum in boxOfActin.MyoRod@1753504b
Crazy forceSum in boxOfActin.MyoRod@7da32950
Crazy forceSum in boxOfActin.MyoRod@35f472ff
Crazy forceSum in boxOfActin.MyoRod@1ec17122
Crazy forceSum in boxOfActin.MyoRod@131dabb9
Crazy forceSum in boxOfActin.MyoRod@7710e923
Crazy forceSum in boxOfActin.MyoRod@61e51eb4
Crazy forceSum in boxOfActin.MyoRod@74b83bcb
Crazy forceSum in boxOfActin.MyoRod@a061686
Crazy forceSum in boxOfActin.MyoRod@7a2faf14
Crazy forceSum in boxOfActin.MyoRod@33761e5b
Crazy forceSum in boxOfActin.MyoMiniFilament@38864c5f
Crazy torqueSum in boxOfActin.MyoMiniFilament@38864c5f
Crazy forceSum in boxOfActin.MyoRod@327e272f
Crazy forceSum in boxOfActin.MyoRod@777caf04
Crazy forceSum in boxOfActin.MyoRod@7d12f100
Crazy forceSum in boxOfActin.MyoRod@4641dbc0
Crazy forceSum in boxOfActin.MyoRod@5c5db78
Crazy forceSum in boxOfActin.MyoRod@1753504b
Crazy forceSum in boxOfActin.MyoRod@7da32950
Crazy forceSum in boxOfActin.MyoRod@35f472ff
Crazy forceSum in boxOfActin.MyoRod@1ec17122
Crazy forceSum in boxOfActin.MyoRod@131dabb9
Crazy forceSum in boxOfActin.MyoRod@7710e923
Crazy forceSum in boxOfActin.MyoRod@61e51eb4
Crazy forceSum in boxOfActin.MyoRod@74b83bcb
Crazy forceSum in boxOfActin.MyoRod@a061686
Crazy forceSum in boxOfActin.MyoRod@7a2faf14
Crazy forceSum in boxOfActin.MyoRod@33761e5b
Crazy forceSum in boxOfActin.MyoMiniFilament@38864c5f
Crazy torqueSum in boxOfActin.MyoMiniFilament@38864c5f
Crazy forceSum in boxOfActin.MyoRod@327e272f
Crazy forceSum in boxOfActin.MyoRod@777caf04
Crazy forceSum in boxOfActin.MyoRod@7d12f100
Crazy forceSum in boxOfActin.MyoRod@4641dbc0
Crazy forceSum in boxOfActin.MyoRod@5c5db78
Crazy forceSum in boxOfActin.MyoRod@1753504b
Crazy forceSum in boxOfActin.MyoRod@7da32950
Crazy forceSum in boxOfActin.MyoRod@35f472ff
Crazy forceSum in boxOfActin.MyoRod@1ec17122
Crazy forceSum in boxOfActin.MyoRod@131dabb9
Crazy forceSum in boxOfActin.MyoRod@7710e923
Crazy forceSum in boxOfActin.MyoRod@61e51eb4
Crazy forceSum in boxOfActin.MyoRod@74b83bcb
Crazy forceSum in boxOfActin.MyoRod@a061686
Crazy forceSum in boxOfActin.MyoRod@7a2faf14
Crazy forceSum in boxOfActin.MyoRod@33761e5b
Crazy forceSum in boxOfActin.MyoMiniFilament@38864c5f
Crazy torqueSum in boxOfActin.MyoMiniFilament@38864c5f
Crazy forceSum in boxOfActin.MyoRod@327e272f
Crazy forceSum in boxOfActin.MyoRod@777caf04
Crazy forceSum in boxOfActin.MyoRod@7d12f100
Crazy forceSum in boxOfActin.MyoRod@4641dbc0
Crazy forceSum in boxOfActin.MyoRod@5c5db78
Crazy forceSum in boxOfActin.MyoRod@1753504b
Crazy forceSum in boxOfActin.MyoRod@7da32950
Crazy forceSum in boxOfActin.MyoRod@35f472ff
Crazy forceSum in boxOfActin.MyoRod@1ec17122
Crazy forceSum in boxOfActin.MyoRod@131dabb9
Crazy forceSum in boxOfActin.MyoRod@7710e923
Crazy forceSum in boxOfActin.MyoRod@61e51eb4
Crazy forceSum in boxOfActin.MyoRod@74b83bcb
Crazy forceSum in boxOfActin.MyoRod@a061686
Crazy forceSum in boxOfActin.MyoRod@7a2faf14
Crazy forceSum in boxOfActin.MyoRod@33761e5b
Crazy forceSum in boxOfActin.MyoMiniFilament@38864c5f
Crazy torqueSum in boxOfActin.MyoMiniFilament@38864c5f
Crazy forceSum in boxOfActin.MyoRod@327e272f
Crazy forceSum in boxOfActin.MyoRod@777caf04
Crazy forceSum in boxOfActin.MyoRod@7d12f100
Crazy forceSum in boxOfActin.MyoRod@4641dbc0
Crazy forceSum in boxOfActin.MyoRod@5c5db78
Crazy forceSum in boxOfActin.MyoRod@1753504b
Crazy forceSum in boxOfActin.MyoRod@7da32950
Crazy forceSum in boxOfActin.MyoRod@35f472ff
Crazy forceSum in boxOfActin.MyoRod@1ec17122
Crazy forceSum in boxOfActin.MyoRod@131dabb9
Crazy forceSum in boxOfActin.MyoRod@7710e923
Crazy forceSum in boxOfActin.MyoRod@61e51eb4
Crazy forceSum in boxOfActin.MyoRod@74b83bcb
Crazy forceSum in boxOfActin.MyoRod@a061686
Crazy forceSum in boxOfActin.MyoRod@7a2faf14
Crazy forceSum in boxOfActin.MyoRod@33761e5b
Crazy forceSum in boxOfActin.MyoMiniFilament@38864c5f
Crazy torqueSum in boxOfActin.MyoMiniFilament@38864c5f
Crazy forceSum in boxOfActin.MyoRod@327e272f
Crazy forceSum in boxOfActin.MyoRod@777caf04
Crazy forceSum in boxOfActin.MyoRod@7d12f100
Crazy forceSum in boxOfActin.MyoRod@4641dbc0
Crazy forceSum in boxOfActin.MyoRod@5c5db78
Crazy forceSum in boxOfActin.MyoRod@1753504b
Crazy forceSum in boxOfActin.MyoRod@7da32950
Crazy forceSum in boxOfActin.MyoRod@35f472ff
Crazy forceSum in boxOfActin.MyoRod@1ec17122
Crazy forceSum in boxOfActin.MyoRod@131dabb9
Crazy forceSum in boxOfActin.MyoRod@7710e923
Crazy forceSum in boxOfActin.MyoRod@61e51eb4
Crazy forceSum in boxOfActin.MyoRod@74b83bcb
Crazy forceSum in boxOfActin.MyoRod@a061686
Crazy forceSum in boxOfActin.MyoRod@7a2faf14
Crazy forceSum in boxOfActin.MyoRod@33761e5b
Crazy forceSum in boxOfActin.MyoMiniFilament@38864c5f
Crazy torqueSum in boxOfActin.MyoMiniFilament@38864c5f
Crazy forceSum in boxOfActin.MyoRod@327e272f
Crazy forceSum in boxOfActin.MyoRod@777caf04
Crazy forceSum in boxOfActin.MyoRod@7d12f100
Crazy forceSum in boxOfActin.MyoRod@4641dbc0
Crazy forceSum in boxOfActin.MyoRod@5c5db78
Crazy forceSum in boxOfActin.MyoRod@1753504b
Crazy forceSum in boxOfActin.MyoRod@7da32950
Crazy forceSum in boxOfActin.MyoRod@35f472ff
Crazy forceSum in boxOfActin.MyoRod@1ec17122
Crazy forceSum in boxOfActin.MyoRod@131dabb9
Crazy forceSum in boxOfActin.MyoRod@7710e923
Crazy forceSum in boxOfActin.MyoRod@61e51eb4
Crazy forceSum in boxOfActin.MyoRod@74b83bcb
Crazy forceSum in boxOfActin.MyoRod@a061686
Crazy forceSum in boxOfActin.MyoRod@7a2faf14
Crazy forceSum in boxOfActin.MyoRod@33761e5b
Crazy forceSum in boxOfActin.MyoMiniFilament@38864c5f
Crazy torqueSum in boxOfActin.MyoMiniFilament@38864c5f
Crazy forceSum in boxOfActin.MyoRod@327e272f
Crazy forceSum in boxOfActin.MyoRod@777caf04
Crazy forceSum in boxOfActin.MyoRod@7d12f100
Crazy forceSum in boxOfActin.MyoRod@4641dbc0
Crazy forceSum in boxOfActin.MyoRod@5c5db78
Crazy forceSum in boxOfActin.MyoRod@1753504b
Crazy forceSum in boxOfActin.MyoRod@7da32950
Crazy forceSum in boxOfActin.MyoRod@35f472ff
Crazy forceSum in boxOfActin.MyoRod@1ec17122
Crazy forceSum in boxOfActin.MyoRod@131dabb9
Crazy forceSum in boxOfActin.MyoRod@7710e923
Crazy forceSum in boxOfActin.MyoRod@61e51eb4
Crazy forceSum in boxOfActin.MyoRod@74b83bcb
Crazy forceSum in boxOfActin.MyoRod@a061686
Crazy forceSum in boxOfActin.MyoRod@7a2faf14
Crazy forceSum in boxOfActin.MyoRod@33761e5b
Crazy forceSum in boxOfActin.MyoMiniFilament@38864c5f
Crazy torqueSum in boxOfActin.MyoMiniFilament@38864c5f
Crazy forceSum in boxOfActin.MyoRod@327e272f
Crazy forceSum in boxOfActin.MyoRod@777caf04
Crazy forceSum in boxOfActin.MyoRod@7d12f100
Crazy forceSum in boxOfActin.MyoRod@4641dbc0
Crazy forceSum in boxOfActin.MyoRod@5c5db78
Crazy forceSum in boxOfActin.MyoRod@1753504b
Crazy forceSum in boxOfActin.MyoRod@7da32950
Crazy forceSum in boxOfActin.MyoRod@35f472ff
Crazy forceSum in boxOfActin.MyoRod@1ec17122
Crazy forceSum in boxOfActin.MyoRod@131dabb9
Crazy forceSum in boxOfActin.MyoRod@7710e923
Crazy forceSum in boxOfActin.MyoRod@61e51eb4
Crazy forceSum in boxOfActin.MyoRod@74b83bcb
Crazy forceSum in boxOfActin.MyoRod@a061686
Crazy forceSum in boxOfActin.MyoRod@7a2faf14
Crazy forceSum in boxOfActin.MyoRod@33761e5b
Crazy forceSum in boxOfActin.MyoMiniFilament@38864c5f
Crazy torqueSum in boxOfActin.MyoMiniFilament@38864c5f
Crazy forceSum in boxOfActin.MyoRod@327e272f
Crazy forceSum in boxOfActin.MyoRod@777caf04
Crazy forceSum in boxOfActin.MyoRod@7d12f100
Crazy forceSum in boxOfActin.MyoRod@4641dbc0
Crazy forceSum in boxOfActin.MyoRod@5c5db78
Crazy forceSum in boxOfActin.MyoRod@1753504b
Crazy forceSum in boxOfActin.MyoRod@7da32950
Crazy forceSum in boxOfActin.MyoRod@35f472ff
Crazy forceSum in boxOfActin.MyoRod@1ec17122
Crazy forceSum in boxOfActin.MyoRod@131dabb9
Crazy forceSum in boxOfActin.MyoRod@7710e923
Crazy forceSum in boxOfActin.MyoRod@61e51eb4
Crazy forceSum in boxOfActin.MyoRod@74b83bcb
Crazy forceSum in boxOfActin.MyoRod@a061686
Crazy forceSum in boxOfActin.MyoRod@7a2faf14
Crazy forceSum in boxOfActin.MyoRod@33761e5b
Crazy forceSum in boxOfActin.MyoMiniFilament@38864c5f
Crazy torqueSum in boxOfActin.MyoMiniFilament@38864c5f
Crazy forceSum in boxOfActin.MyoRod@327e272f
Crazy forceSum in boxOfActin.MyoRod@777caf04
Crazy forceSum in boxOfActin.MyoRod@7d12f100
Crazy forceSum in boxOfActin.MyoRod@4641dbc0
Crazy forceSum in boxOfActin.MyoRod@5c5db78
Crazy forceSum in boxOfActin.MyoRod@1753504b
Crazy forceSum in boxOfActin.MyoRod@7da32950
Crazy forceSum in boxOfActin.MyoRod@35f472ff
Crazy forceSum in boxOfActin.MyoRod@1ec17122
Crazy forceSum in boxOfActin.MyoRod@131dabb9
Crazy forceSum in boxOfActin.MyoRod@7710e923
Crazy forceSum in boxOfActin.MyoRod@61e51eb4
Crazy forceSum in boxOfActin.MyoRod@74b83bcb
Crazy forceSum in boxOfActin.MyoRod@a061686
Crazy forceSum in boxOfActin.MyoRod@7a2faf14
Crazy forceSum in boxOfActin.MyoRod@33761e5b
Crazy forceSum in boxOfActin.MyoMiniFilament@38864c5f
Crazy torqueSum in boxOfActin.MyoMiniFilament@38864c5f
Crazy forceSum in boxOfActin.MyoRod@327e272f
Crazy forceSum in boxOfActin.MyoRod@777caf04
Crazy forceSum in boxOfActin.MyoRod@7d12f100
Crazy forceSum in boxOfActin.MyoRod@4641dbc0
Crazy forceSum in boxOfActin.MyoRod@5c5db78
Crazy forceSum in boxOfActin.MyoRod@1753504b
Crazy forceSum in boxOfActin.MyoRod@7da32950
Crazy forceSum in boxOfActin.MyoRod@35f472ff
Crazy forceSum in boxOfActin.MyoRod@1ec17122
Crazy forceSum in boxOfActin.MyoRod@131dabb9
Crazy forceSum in boxOfActin.MyoRod@7710e923
Crazy forceSum in boxOfActin.MyoRod@61e51eb4
Crazy forceSum in boxOfActin.MyoRod@74b83bcb
Crazy forceSum in boxOfActin.MyoRod@a061686
Crazy forceSum in boxOfActin.MyoRod@7a2faf14
Crazy forceSum in boxOfActin.MyoRod@33761e5b
Crazy forceSum in boxOfActin.MyoMiniFilament@38864c5f
Crazy torqueSum in boxOfActin.MyoMiniFilament@38864c5f
Crazy forceSum in boxOfActin.MyoRod@327e272f
Crazy forceSum in boxOfActin.MyoRod@777caf04
Crazy forceSum in boxOfActin.MyoRod@7d12f100
Crazy forceSum in boxOfActin.MyoRod@4641dbc0
Crazy forceSum in boxOfActin.MyoRod@5c5db78
Crazy forceSum in boxOfActin.MyoRod@1753504b
Crazy forceSum in boxOfActin.MyoRod@7da32950
Crazy forceSum in boxOfActin.MyoRod@35f472ff
Crazy forceSum in boxOfActin.MyoRod@1ec17122
Crazy forceSum in boxOfActin.MyoRod@131dabb9
Crazy forceSum in boxOfActin.MyoRod@7710e923
Crazy forceSum in boxOfActin.MyoRod@61e51eb4
Crazy forceSum in boxOfActin.MyoRod@74b83bcb
Crazy forceSum in boxOfActin.MyoRod@a061686
Crazy forceSum in boxOfActin.MyoRod@7a2faf14
Crazy forceSum in boxOfActin.MyoRod@33761e5b
Crazy forceSum in boxOfActin.MyoMiniFilament@38864c5f
Crazy torqueSum in boxOfActin.MyoMiniFilament@38864c5f
Crazy forceSum in boxOfActin.MyoRod@327e272f
Crazy forceSum in boxOfActin.MyoRod@777caf04
Crazy forceSum in boxOfActin.MyoRod@7d12f100
Crazy forceSum in boxOfActin.MyoRod@4641dbc0
Crazy forceSum in boxOfActin.MyoRod@5c5db78
Crazy forceSum in boxOfActin.MyoRod@1753504b
Crazy forceSum in boxOfActin.MyoRod@7da32950
Crazy forceSum in boxOfActin.MyoRod@35f472ff
Crazy forceSum in boxOfActin.MyoRod@1ec17122
Crazy forceSum in boxOfActin.MyoRod@131dabb9
Crazy forceSum in boxOfActin.MyoRod@7710e923
Crazy forceSum in boxOfActin.MyoRod@61e51eb4
Crazy forceSum in boxOfActin.MyoRod@74b83bcb
Crazy forceSum in boxOfActin.MyoRod@a061686
Crazy forceSum in boxOfActin.MyoRod@7a2faf14
Crazy forceSum in boxOfActin.MyoRod@33761e5b
Crazy forceSum in boxOfActin.MyoMiniFilament@38864c5f
Crazy torqueSum in boxOfActin.MyoMiniFilament@38864c5f
Crazy forceSum in boxOfActin.MyoRod@327e272f
Crazy forceSum in boxOfActin.MyoRod@777caf04
Crazy forceSum in boxOfActin.MyoRod@7d12f100
Crazy forceSum in boxOfActin.MyoRod@4641dbc0
Crazy forceSum in boxOfActin.MyoRod@5c5db78
Crazy forceSum in boxOfActin.MyoRod@1753504b
Crazy forceSum in boxOfActin.MyoRod@7da32950
Crazy forceSum in boxOfActin.MyoRod@35f472ff
Crazy forceSum in boxOfActin.MyoRod@1ec17122
Crazy forceSum in boxOfActin.MyoRod@131dabb9
Crazy forceSum in boxOfActin.MyoRod@7710e923
Crazy forceSum in boxOfActin.MyoRod@61e51eb4
Crazy forceSum in boxOfActin.MyoRod@74b83bcb
Crazy forceSum in boxOfActin.MyoRod@a061686
Crazy forceSum in boxOfActin.MyoRod@7a2faf14
Crazy forceSum in boxOfActin.MyoRod@33761e5b
Crazy forceSum in boxOfActin.MyoMiniFilament@38864c5f
Crazy torqueSum in boxOfActin.MyoMiniFilament@38864c5f
Crazy forceSum in boxOfActin.MyoRod@327e272f
Crazy forceSum in boxOfActin.MyoRod@777caf04
Crazy forceSum in boxOfActin.MyoRod@7d12f100
Crazy forceSum in boxOfActin.MyoRod@4641dbc0
Crazy forceSum in boxOfActin.MyoRod@5c5db78
Crazy forceSum in boxOfActin.MyoRod@1753504b
Crazy forceSum in boxOfActin.MyoRod@7da32950
Crazy forceSum in boxOfActin.MyoRod@35f472ff
Crazy forceSum in boxOfActin.MyoRod@1ec17122
Crazy forceSum in boxOfActin.MyoRod@131dabb9
Crazy forceSum in boxOfActin.MyoRod@7710e923
Crazy forceSum in boxOfActin.MyoRod@61e51eb4
Crazy forceSum in boxOfActin.MyoRod@74b83bcb
Crazy forceSum in boxOfActin.MyoRod@a061686
Crazy forceSum in boxOfActin.MyoRod@7a2faf14
Crazy forceSum in boxOfActin.MyoRod@33761e5b
Crazy forceSum in boxOfActin.MyoMiniFilament@38864c5f
Crazy torqueSum in boxOfActin.MyoMiniFilament@38864c5f
Crazy forceSum in boxOfActin.MyoRod@327e272f
Crazy forceSum in boxOfActin.MyoRod@777caf04
Crazy forceSum in boxOfActin.MyoRod@7d12f100
Crazy forceSum in boxOfActin.MyoRod@4641dbc0
Crazy forceSum in boxOfActin.MyoRod@5c5db78
Crazy forceSum in boxOfActin.MyoRod@1753504b
Crazy forceSum in boxOfActin.MyoRod@7da32950
Crazy forceSum in boxOfActin.MyoRod@35f472ff
Crazy forceSum in boxOfActin.MyoRod@1ec17122
Crazy forceSum in boxOfActin.MyoRod@131dabb9
Crazy forceSum in boxOfActin.MyoRod@7710e923
Crazy forceSum in boxOfActin.MyoRod@61e51eb4
Crazy forceSum in boxOfActin.MyoRod@74b83bcb
Crazy forceSum in boxOfActin.MyoRod@a061686
Crazy forceSum in boxOfActin.MyoRod@7a2faf14
Crazy forceSum in boxOfActin.MyoRod@33761e5b
Crazy forceSum in boxOfActin.MyoMiniFilament@38864c5f
Crazy torqueSum in boxOfActin.MyoMiniFilament@38864c5f
Crazy forceSum in boxOfActin.MyoRod@327e272f
Crazy forceSum in boxOfActin.MyoRod@777caf04
Crazy forceSum in boxOfActin.MyoRod@7d12f100
Crazy forceSum in boxOfActin.MyoRod@4641dbc0
Crazy forceSum in boxOfActin.MyoRod@5c5db78
Crazy forceSum in boxOfActin.MyoRod@1753504b
Crazy forceSum in boxOfActin.MyoRod@7da32950
Crazy forceSum in boxOfActin.MyoRod@35f472ff
Crazy forceSum in boxOfActin.MyoRod@1ec17122
Crazy forceSum in boxOfActin.MyoRod@131dabb9
Crazy forceSum in boxOfActin.MyoRod@7710e923
Crazy forceSum in boxOfActin.MyoRod@61e51eb4
Crazy forceSum in boxOfActin.MyoRod@74b83bcb
Crazy forceSum in boxOfActin.MyoRod@a061686
Crazy forceSum in boxOfActin.MyoRod@7a2faf14
Crazy forceSum in boxOfActin.MyoRod@33761e5b
Crazy forceSum in boxOfActin.MyoMiniFilament@38864c5f
Crazy torqueSum in boxOfActin.MyoMiniFilament@38864c5f
Crazy forceSum in boxOfActin.MyoRod@327e272f
Crazy forceSum in boxOfActin.MyoRod@777caf04
Crazy forceSum in boxOfActin.MyoRod@7d12f100
Crazy forceSum in boxOfActin.MyoRod@4641dbc0
Crazy forceSum in boxOfActin.MyoRod@5c5db78
Crazy forceSum in boxOfActin.MyoRod@1753504b
Crazy forceSum in boxOfActin.MyoRod@7da32950
Crazy forceSum in boxOfActin.MyoRod@35f472ff
Crazy forceSum in boxOfActin.MyoRod@1ec17122
Crazy forceSum in boxOfActin.MyoRod@131dabb9
Crazy forceSum in boxOfActin.MyoRod@7710e923
Crazy forceSum in boxOfActin.MyoRod@61e51eb4
Crazy forceSum in boxOfActin.MyoRod@74b83bcb
Crazy forceSum in boxOfActin.MyoRod@a061686
Crazy forceSum in boxOfActin.MyoRod@7a2faf14
Crazy forceSum in boxOfActin.MyoRod@33761e5b
Crazy forceSum in boxOfActin.MyoMiniFilament@38864c5f
Crazy torqueSum in boxOfActin.MyoMiniFilament@38864c5f
Crazy forceSum in boxOfActin.MyoRod@327e272f
Crazy forceSum in boxOfActin.MyoRod@777caf04
Crazy forceSum in boxOfActin.MyoRod@7d12f100
Crazy forceSum in boxOfActin.MyoRod@4641dbc0
Crazy forceSum in boxOfActin.MyoRod@5c5db78
Crazy forceSum in boxOfActin.MyoRod@1753504b
Crazy forceSum in boxOfActin.MyoRod@7da32950
Crazy forceSum in boxOfActin.MyoRod@35f472ff
Crazy forceSum in boxOfActin.MyoRod@1ec17122
Crazy forceSum in boxOfActin.MyoRod@131dabb9
Crazy forceSum in boxOfActin.MyoRod@7710e923
Crazy forceSum in boxOfActin.MyoRod@61e51eb4
Crazy forceSum in boxOfActin.MyoRod@74b83bcb
Crazy forceSum in boxOfActin.MyoRod@a061686
Crazy forceSum in boxOfActin.MyoRod@7a2faf14
Crazy forceSum in boxOfActin.MyoRod@33761e5b
Crazy forceSum in boxOfActin.MyoMiniFilament@38864c5f
Crazy torqueSum in boxOfActin.MyoMiniFilament@38864c5f
Crazy forceSum in boxOfActin.MyoRod@327e272f
Crazy forceSum in boxOfActin.MyoRod@777caf04
Crazy forceSum in boxOfActin.MyoRod@7d12f100
Crazy forceSum in boxOfActin.MyoRod@4641dbc0
Crazy forceSum in boxOfActin.MyoRod@5c5db78
Crazy forceSum in boxOfActin.MyoRod@1753504b
Crazy forceSum in boxOfActin.MyoRod@7da32950
Crazy forceSum in boxOfActin.MyoRod@35f472ff
Crazy forceSum in boxOfActin.MyoRod@1ec17122
Crazy forceSum in boxOfActin.MyoRod@131dabb9
Crazy forceSum in boxOfActin.MyoRod@7710e923
Crazy forceSum in boxOfActin.MyoRod@61e51eb4
Crazy forceSum in boxOfActin.MyoRod@74b83bcb
Crazy forceSum in boxOfActin.MyoRod@a061686
Crazy forceSum in boxOfActin.MyoRod@7a2faf14
Crazy forceSum in boxOfActin.MyoRod@33761e5b
Crazy forceSum in boxOfActin.MyoMiniFilament@38864c5f
Crazy torqueSum in boxOfActin.MyoMiniFilament@38864c5f
Crazy forceSum in boxOfActin.MyoRod@327e272f
Crazy forceSum in boxOfActin.MyoRod@777caf04
Crazy forceSum in boxOfActin.MyoRod@7d12f100
Crazy forceSum in boxOfActin.MyoRod@4641dbc0
Crazy forceSum in boxOfActin.MyoRod@5c5db78
Crazy forceSum in boxOfActin.MyoRod@1753504b
Crazy forceSum in boxOfActin.MyoRod@7da32950
Crazy forceSum in boxOfActin.MyoRod@35f472ff
Crazy forceSum in boxOfActin.MyoRod@1ec17122
Crazy forceSum in boxOfActin.MyoRod@131dabb9
Crazy forceSum in boxOfActin.MyoRod@7710e923
Crazy forceSum in boxOfActin.MyoRod@61e51eb4
Crazy forceSum in boxOfActin.MyoRod@74b83bcb
Crazy forceSum in boxOfActin.MyoRod@a061686
Crazy forceSum in boxOfActin.MyoRod@7a2faf14
Crazy forceSum in boxOfActin.MyoRod@33761e5b
Crazy forceSum in boxOfActin.MyoMiniFilament@38864c5f
Crazy torqueSum in boxOfActin.MyoMiniFilament@38864c5f
Crazy forceSum in boxOfActin.MyoRod@327e272f
Crazy forceSum in boxOfActin.MyoRod@777caf04
Crazy forceSum in boxOfActin.MyoRod@7d12f100
Crazy forceSum in boxOfActin.MyoRod@4641dbc0
Crazy forceSum in boxOfActin.MyoRod@5c5db78
Crazy forceSum in boxOfActin.MyoRod@1753504b
Crazy forceSum in boxOfActin.MyoRod@7da32950
Crazy forceSum in boxOfActin.MyoRod@35f472ff
Crazy forceSum in boxOfActin.MyoRod@1ec17122
Crazy forceSum in boxOfActin.MyoRod@131dabb9
Crazy forceSum in boxOfActin.MyoRod@7710e923
Crazy forceSum in boxOfActin.MyoRod@61e51eb4
Crazy forceSum in boxOfActin.MyoRod@74b83bcb
Crazy forceSum in boxOfActin.MyoRod@a061686
Crazy forceSum in boxOfActin.MyoRod@7a2faf14
Crazy forceSum in boxOfActin.MyoRod@33761e5b
Crazy forceSum in boxOfActin.MyoMiniFilament@38864c5f
Crazy torqueSum in boxOfActin.MyoMiniFilament@38864c5f
Crazy forceSum in boxOfActin.MyoRod@327e272f
Crazy forceSum in boxOfActin.MyoRod@777caf04
Crazy forceSum in boxOfActin.MyoRod@7d12f100
Crazy forceSum in boxOfActin.MyoRod@4641dbc0
Crazy forceSum in boxOfActin.MyoRod@5c5db78
Crazy forceSum in boxOfActin.MyoRod@1753504b
Crazy forceSum in boxOfActin.MyoRod@7da32950
Crazy forceSum in boxOfActin.MyoRod@35f472ff
Crazy forceSum in boxOfActin.MyoRod@1ec17122
Crazy forceSum in boxOfActin.MyoRod@131dabb9
Crazy forceSum in boxOfActin.MyoRod@7710e923
Crazy forceSum in boxOfActin.MyoRod@61e51eb4
Crazy forceSum in boxOfActin.MyoRod@74b83bcb
Crazy forceSum in boxOfActin.MyoRod@a061686
Crazy forceSum in boxOfActin.MyoRod@7a2faf14
Crazy forceSum in boxOfActin.MyoRod@33761e5b
Crazy forceSum in boxOfActin.MyoMiniFilament@38864c5f
Crazy torqueSum in boxOfActin.MyoMiniFilament@38864c5f
Crazy forceSum in boxOfActin.MyoRod@327e272f
Crazy forceSum in boxOfActin.MyoRod@777caf04
Crazy forceSum in boxOfActin.MyoRod@7d12f100
Crazy forceSum in boxOfActin.MyoRod@4641dbc0
Crazy forceSum in boxOfActin.MyoRod@5c5db78
Crazy forceSum in boxOfActin.MyoRod@1753504b
Crazy forceSum in boxOfActin.MyoRod@7da32950
Crazy forceSum in boxOfActin.MyoRod@35f472ff
Crazy forceSum in boxOfActin.MyoRod@1ec17122
Crazy forceSum in boxOfActin.MyoRod@131dabb9
Crazy forceSum in boxOfActin.MyoRod@7710e923
Crazy forceSum in boxOfActin.MyoRod@61e51eb4
Crazy forceSum in boxOfActin.MyoRod@74b83bcb
Crazy forceSum in boxOfActin.MyoRod@a061686
Crazy forceSum in boxOfActin.MyoRod@7a2faf14
Crazy forceSum in boxOfActin.MyoRod@33761e5b
Crazy forceSum in boxOfActin.MyoMiniFilament@38864c5f
Crazy torqueSum in boxOfActin.MyoMiniFilament@38864c5f
Crazy forceSum in boxOfActin.MyoRod@327e272f
Crazy forceSum in boxOfActin.MyoRod@777caf04
Crazy forceSum in boxOfActin.MyoRod@7d12f100
Crazy forceSum in boxOfActin.MyoRod@4641dbc0
Crazy forceSum in boxOfActin.MyoRod@5c5db78
Crazy forceSum in boxOfActin.MyoRod@1753504b
Crazy forceSum in boxOfActin.MyoRod@7da32950
Crazy forceSum in boxOfActin.MyoRod@35f472ff
Crazy forceSum in boxOfActin.MyoRod@1ec17122
Crazy forceSum in boxOfActin.MyoRod@131dabb9
Crazy forceSum in boxOfActin.MyoRod@7710e923
Crazy forceSum in boxOfActin.MyoRod@61e51eb4
Crazy forceSum in boxOfActin.MyoRod@74b83bcb
Crazy forceSum in boxOfActin.MyoRod@a061686
Crazy forceSum in boxOfActin.MyoRod@7a2faf14
Crazy forceSum in boxOfActin.MyoRod@33761e5b
Crazy forceSum in boxOfActin.MyoMiniFilament@38864c5f
Crazy torqueSum in boxOfActin.MyoMiniFilament@38864c5f
Crazy forceSum in boxOfActin.MyoRod@327e272f
Crazy forceSum in boxOfActin.MyoRod@777caf04
Crazy forceSum in boxOfActin.MyoRod@7d12f100
Crazy forceSum in boxOfActin.MyoRod@4641dbc0
Crazy forceSum in boxOfActin.MyoRod@5c5db78
Crazy forceSum in boxOfActin.MyoRod@1753504b
Crazy forceSum in boxOfActin.MyoRod@7da32950
Crazy forceSum in boxOfActin.MyoRod@35f472ff
Crazy forceSum in boxOfActin.MyoRod@1ec17122
Crazy forceSum in boxOfActin.MyoRod@131dabb9
Crazy forceSum in boxOfActin.MyoRod@7710e923
Crazy forceSum in boxOfActin.MyoRod@61e51eb4
Crazy forceSum in boxOfActin.MyoRod@74b83bcb
Crazy forceSum in boxOfActin.MyoRod@a061686
Crazy forceSum in boxOfActin.MyoRod@7a2faf14
Crazy forceSum in boxOfActin.MyoRod@33761e5b
Crazy forceSum in boxOfActin.MyoMiniFilament@38864c5f
Crazy torqueSum in boxOfActin.MyoMiniFilament@38864c5f
Crazy forceSum in boxOfActin.MyoRod@327e272f
Crazy forceSum in boxOfActin.MyoRod@777caf04
Crazy forceSum in boxOfActin.MyoRod@7d12f100
Crazy forceSum in boxOfActin.MyoRod@4641dbc0
Crazy forceSum in boxOfActin.MyoRod@5c5db78
Crazy forceSum in boxOfActin.MyoRod@1753504b
Crazy forceSum in boxOfActin.MyoRod@7da32950
Crazy forceSum in boxOfActin.MyoRod@35f472ff
Crazy forceSum in boxOfActin.MyoRod@1ec17122
Crazy forceSum in boxOfActin.MyoRod@131dabb9
Crazy forceSum in boxOfActin.MyoRod@7710e923
Crazy forceSum in boxOfActin.MyoRod@61e51eb4
Crazy forceSum in boxOfActin.MyoRod@74b83bcb
Crazy forceSum in boxOfActin.MyoRod@a061686
Crazy forceSum in boxOfActin.MyoRod@7a2faf14
Crazy forceSum in boxOfActin.MyoRod@33761e5b
Crazy forceSum in boxOfActin.MyoMiniFilament@38864c5f
Crazy torqueSum in boxOfActin.MyoMiniFilament@38864c5f
Crazy forceSum in boxOfActin.MyoRod@327e272f
Crazy forceSum in boxOfActin.MyoRod@777caf04
Crazy forceSum in boxOfActin.MyoRod@7d12f100
Crazy forceSum in boxOfActin.MyoRod@4641dbc0
Crazy forceSum in boxOfActin.MyoRod@5c5db78
Crazy forceSum in boxOfActin.MyoRod@1753504b
Crazy forceSum in boxOfActin.MyoRod@7da32950
Crazy forceSum in boxOfActin.MyoRod@35f472ff
Crazy forceSum in boxOfActin.MyoRod@1ec17122
Crazy forceSum in boxOfActin.MyoRod@131dabb9
Crazy forceSum in boxOfActin.MyoRod@7710e923
Crazy forceSum in boxOfActin.MyoRod@61e51eb4
Crazy forceSum in boxOfActin.MyoRod@74b83bcb
Crazy forceSum in boxOfActin.MyoRod@a061686
Crazy forceSum in boxOfActin.MyoRod@7a2faf14
Crazy forceSum in boxOfActin.MyoRod@33761e5b
Crazy forceSum in boxOfActin.MyoMiniFilament@38864c5f
Crazy torqueSum in boxOfActin.MyoMiniFilament@38864c5f
Crazy forceSum in boxOfActin.MyoRod@327e272f
Crazy forceSum in boxOfActin.MyoRod@777caf04
Crazy forceSum in boxOfActin.MyoRod@7d12f100
Crazy forceSum in boxOfActin.MyoRod@4641dbc0
Crazy forceSum in boxOfActin.MyoRod@5c5db78
Crazy forceSum in boxOfActin.MyoRod@1753504b
Crazy forceSum in boxOfActin.MyoRod@7da32950
Crazy forceSum in boxOfActin.MyoRod@35f472ff
Crazy forceSum in boxOfActin.MyoRod@1ec17122
Crazy forceSum in boxOfActin.MyoRod@131dabb9
Crazy forceSum in boxOfActin.MyoRod@7710e923
Crazy forceSum in boxOfActin.MyoRod@61e51eb4
Crazy forceSum in boxOfActin.MyoRod@74b83bcb
Crazy forceSum in boxOfActin.MyoRod@a061686
Crazy forceSum in boxOfActin.MyoRod@7a2faf14
Crazy forceSum in boxOfActin.MyoRod@33761e5b
Crazy forceSum in boxOfActin.MyoMiniFilament@38864c5f
Crazy torqueSum in boxOfActin.MyoMiniFilament@38864c5f
Crazy forceSum in boxOfActin.MyoRod@327e272f
Crazy forceSum in boxOfActin.MyoRod@777caf04
Crazy forceSum in boxOfActin.MyoRod@7d12f100
Crazy forceSum in boxOfActin.MyoRod@4641dbc0
Crazy forceSum in boxOfActin.MyoRod@5c5db78
Crazy forceSum in boxOfActin.MyoRod@1753504b
Crazy forceSum in boxOfActin.MyoRod@7da32950
Crazy forceSum in boxOfActin.MyoRod@35f472ff
Crazy forceSum in boxOfActin.MyoRod@1ec17122
Crazy forceSum in boxOfActin.MyoRod@131dabb9
Crazy forceSum in boxOfActin.MyoRod@7710e923
Crazy forceSum in boxOfActin.MyoRod@61e51eb4
Crazy forceSum in boxOfActin.MyoRod@74b83bcb
Crazy forceSum in boxOfActin.MyoRod@a061686
Crazy forceSum in boxOfActin.MyoRod@7a2faf14
Crazy forceSum in boxOfActin.MyoRod@33761e5b
Crazy forceSum in boxOfActin.MyoMiniFilament@38864c5f
Crazy torqueSum in boxOfActin.MyoMiniFilament@38864c5f
Crazy forceSum in boxOfActin.MyoRod@327e272f
Crazy forceSum in boxOfActin.MyoRod@777caf04
Crazy forceSum in boxOfActin.MyoRod@7d12f100
Crazy forceSum in boxOfActin.MyoRod@4641dbc0
Crazy forceSum in boxOfActin.MyoRod@5c5db78
Crazy forceSum in boxOfActin.MyoRod@1753504b
Crazy forceSum in boxOfActin.MyoRod@7da32950
Crazy forceSum in boxOfActin.MyoRod@35f472ff
Crazy forceSum in boxOfActin.MyoRod@1ec17122
Crazy forceSum in boxOfActin.MyoRod@131dabb9
Crazy forceSum in boxOfActin.MyoRod@7710e923
Crazy forceSum in boxOfActin.MyoRod@61e51eb4
Crazy forceSum in boxOfActin.MyoRod@74b83bcb
Crazy forceSum in boxOfActin.MyoRod@a061686
Crazy forceSum in boxOfActin.MyoRod@7a2faf14
Crazy forceSum in boxOfActin.MyoRod@33761e5b
Crazy forceSum in boxOfActin.MyoMiniFilament@38864c5f
Crazy torqueSum in boxOfActin.MyoMiniFilament@38864c5f
Crazy forceSum in boxOfActin.MyoRod@327e272f
Crazy forceSum in boxOfActin.MyoRod@777caf04
Crazy forceSum in boxOfActin.MyoRod@7d12f100
Crazy forceSum in boxOfActin.MyoRod@4641dbc0
Crazy forceSum in boxOfActin.MyoRod@5c5db78
Crazy forceSum in boxOfActin.MyoRod@1753504b
Crazy forceSum in boxOfActin.MyoRod@7da32950
Crazy forceSum in boxOfActin.MyoRod@35f472ff
Crazy forceSum in boxOfActin.MyoRod@1ec17122
Crazy forceSum in boxOfActin.MyoRod@131dabb9
Crazy forceSum in boxOfActin.MyoRod@7710e923
Crazy forceSum in boxOfActin.MyoRod@61e51eb4
Crazy forceSum in boxOfActin.MyoRod@74b83bcb
Crazy forceSum in boxOfActin.MyoRod@a061686
Crazy forceSum in boxOfActin.MyoRod@7a2faf14
Crazy forceSum in boxOfActin.MyoRod@33761e5b
Crazy forceSum in boxOfActin.MyoMiniFilament@38864c5f
Crazy torqueSum in boxOfActin.MyoMiniFilament@38864c5f
Crazy forceSum in boxOfActin.MyoRod@327e272f
Crazy forceSum in boxOfActin.MyoRod@777caf04
Crazy forceSum in boxOfActin.MyoRod@7d12f100
Crazy forceSum in boxOfActin.MyoRod@4641dbc0
Crazy forceSum in boxOfActin.MyoRod@5c5db78
Crazy forceSum in boxOfActin.MyoRod@1753504b
Crazy forceSum in boxOfActin.MyoRod@7da32950
Crazy forceSum in boxOfActin.MyoRod@35f472ff
Crazy forceSum in boxOfActin.MyoRod@1ec17122
Crazy forceSum in boxOfActin.MyoRod@131dabb9
Crazy forceSum in boxOfActin.MyoRod@7710e923
Crazy forceSum in boxOfActin.MyoRod@61e51eb4
Crazy forceSum in boxOfActin.MyoRod@74b83bcb
Crazy forceSum in boxOfActin.MyoRod@a061686
Crazy forceSum in boxOfActin.MyoRod@7a2faf14
Crazy forceSum in boxOfActin.MyoRod@33761e5b
Crazy forceSum in boxOfActin.MyoMiniFilament@38864c5f
Crazy torqueSum in boxOfActin.MyoMiniFilament@38864c5f
Crazy forceSum in boxOfActin.MyoRod@327e272f
Crazy forceSum in boxOfActin.MyoRod@777caf04
Crazy forceSum in boxOfActin.MyoRod@7d12f100
Crazy forceSum in boxOfActin.MyoRod@4641dbc0
Crazy forceSum in boxOfActin.MyoRod@5c5db78
Crazy forceSum in boxOfActin.MyoRod@1753504b
Crazy forceSum in boxOfActin.MyoRod@7da32950
Crazy forceSum in boxOfActin.MyoRod@35f472ff
Crazy forceSum in boxOfActin.MyoRod@1ec17122
Crazy forceSum in boxOfActin.MyoRod@131dabb9
Crazy forceSum in boxOfActin.MyoRod@7710e923
Crazy forceSum in boxOfActin.MyoRod@61e51eb4
Crazy forceSum in boxOfActin.MyoRod@74b83bcb
Crazy forceSum in boxOfActin.MyoRod@a061686
Crazy forceSum in boxOfActin.MyoRod@7a2faf14
Crazy forceSum in boxOfActin.MyoRod@33761e5b
Crazy forceSum in boxOfActin.MyoMiniFilament@38864c5f
Crazy torqueSum in boxOfActin.MyoMiniFilament@38864c5f
Crazy forceSum in boxOfActin.MyoRod@327e272f
Crazy forceSum in boxOfActin.MyoRod@777caf04
Crazy forceSum in boxOfActin.MyoRod@7d12f100
Crazy forceSum in boxOfActin.MyoRod@4641dbc0
Crazy forceSum in boxOfActin.MyoRod@5c5db78
Crazy forceSum in boxOfActin.MyoRod@1753504b
Crazy forceSum in boxOfActin.MyoRod@7da32950
Crazy forceSum in boxOfActin.MyoRod@35f472ff
Crazy forceSum in boxOfActin.MyoRod@1ec17122
Crazy forceSum in boxOfActin.MyoRod@131dabb9
Crazy forceSum in boxOfActin.MyoRod@7710e923
Crazy forceSum in boxOfActin.MyoRod@61e51eb4
Crazy forceSum in boxOfActin.MyoRod@74b83bcb
Crazy forceSum in boxOfActin.MyoRod@a061686
Crazy forceSum in boxOfActin.MyoRod@7a2faf14
Crazy forceSum in boxOfActin.MyoRod@33761e5b
Crazy forceSum in boxOfActin.MyoMiniFilament@38864c5f
Crazy torqueSum in boxOfActin.MyoMiniFilament@38864c5f
Crazy forceSum in boxOfActin.MyoRod@327e272f
Crazy forceSum in boxOfActin.MyoRod@777caf04
Crazy forceSum in boxOfActin.MyoRod@7d12f100
Crazy forceSum in boxOfActin.MyoRod@4641dbc0
Crazy forceSum in boxOfActin.MyoRod@5c5db78
Crazy forceSum in boxOfActin.MyoRod@1753504b
Crazy forceSum in boxOfActin.MyoRod@7da32950
Crazy forceSum in boxOfActin.MyoRod@35f472ff
Crazy forceSum in boxOfActin.MyoRod@1ec17122
Crazy forceSum in boxOfActin.MyoRod@131dabb9
Crazy forceSum in boxOfActin.MyoRod@7710e923
Crazy forceSum in boxOfActin.MyoRod@61e51eb4
Crazy forceSum in boxOfActin.MyoRod@74b83bcb
Crazy forceSum in boxOfActin.MyoRod@a061686
Crazy forceSum in boxOfActin.MyoRod@7a2faf14
Crazy forceSum in boxOfActin.MyoRod@33761e5b
Crazy forceSum in boxOfActin.MyoMiniFilament@38864c5f
Crazy torqueSum in boxOfActin.MyoMiniFilament@38864c5f
Crazy forceSum in boxOfActin.MyoRod@327e272f
Crazy forceSum in boxOfActin.MyoRod@777caf04
Crazy forceSum in boxOfActin.MyoRod@7d12f100
Crazy forceSum in boxOfActin.MyoRod@4641dbc0
Crazy forceSum in boxOfActin.MyoRod@5c5db78
Crazy forceSum in boxOfActin.MyoRod@1753504b
Crazy forceSum in boxOfActin.MyoRod@7da32950
Crazy forceSum in boxOfActin.MyoRod@35f472ff
Crazy forceSum in boxOfActin.MyoRod@1ec17122
Crazy forceSum in boxOfActin.MyoRod@131dabb9
Crazy forceSum in boxOfActin.MyoRod@7710e923
Crazy forceSum in boxOfActin.MyoRod@61e51eb4
Crazy forceSum in boxOfActin.MyoRod@74b83bcb
Crazy forceSum in boxOfActin.MyoRod@a061686
Crazy forceSum in boxOfActin.MyoRod@7a2faf14
Crazy forceSum in boxOfActin.MyoRod@33761e5b
Crazy forceSum in boxOfActin.MyoMiniFilament@38864c5f
Crazy torqueSum in boxOfActin.MyoMiniFilament@38864c5f
Crazy forceSum in boxOfActin.MyoRod@327e272f
Crazy forceSum in boxOfActin.MyoRod@777caf04
Crazy forceSum in boxOfActin.MyoRod@7d12f100
Crazy forceSum in boxOfActin.MyoRod@4641dbc0
Crazy forceSum in boxOfActin.MyoRod@5c5db78
Crazy forceSum in boxOfActin.MyoRod@1753504b
Crazy forceSum in boxOfActin.MyoRod@7da32950
Crazy forceSum in boxOfActin.MyoRod@35f472ff
Crazy forceSum in boxOfActin.MyoRod@1ec17122
Crazy forceSum in boxOfActin.MyoRod@131dabb9
Crazy forceSum in boxOfActin.MyoRod@7710e923
Crazy forceSum in boxOfActin.MyoRod@61e51eb4
Crazy forceSum in boxOfActin.MyoRod@74b83bcb
Crazy forceSum in boxOfActin.MyoRod@a061686
Crazy forceSum in boxOfActin.MyoRod@7a2faf14
Crazy forceSum in boxOfActin.MyoRod@33761e5b
Crazy forceSum in boxOfActin.MyoMiniFilament@38864c5f
Crazy torqueSum in boxOfActin.MyoMiniFilament@38864c5f
Crazy forceSum in boxOfActin.MyoRod@327e272f
Crazy forceSum in boxOfActin.MyoRod@777caf04
Crazy forceSum in boxOfActin.MyoRod@7d12f100
Crazy forceSum in boxOfActin.MyoRod@4641dbc0
Crazy forceSum in boxOfActin.MyoRod@5c5db78
Crazy forceSum in boxOfActin.MyoRod@1753504b
Crazy forceSum in boxOfActin.MyoRod@7da32950
Crazy forceSum in boxOfActin.MyoRod@35f472ff
Crazy forceSum in boxOfActin.MyoRod@1ec17122
Crazy forceSum in boxOfActin.MyoRod@131dabb9
Crazy forceSum in boxOfActin.MyoRod@7710e923
Crazy forceSum in boxOfActin.MyoRod@61e51eb4
Crazy forceSum in boxOfActin.MyoRod@74b83bcb
Crazy forceSum in boxOfActin.MyoRod@a061686
Crazy forceSum in boxOfActin.MyoRod@7a2faf14
Crazy forceSum in boxOfActin.MyoRod@33761e5b
Crazy forceSum in boxOfActin.MyoMiniFilament@38864c5f
Crazy torqueSum in boxOfActin.MyoMiniFilament@38864c5f
Crazy forceSum in boxOfActin.MyoRod@327e272f
Crazy forceSum in boxOfActin.MyoRod@777caf04
Crazy forceSum in boxOfActin.MyoRod@7d12f100
Crazy forceSum in boxOfActin.MyoRod@4641dbc0
Crazy forceSum in boxOfActin.MyoRod@5c5db78
Crazy forceSum in boxOfActin.MyoRod@1753504b
Crazy forceSum in boxOfActin.MyoRod@7da32950
Crazy forceSum in boxOfActin.MyoRod@35f472ff
Crazy forceSum in boxOfActin.MyoRod@1ec17122
Crazy forceSum in boxOfActin.MyoRod@131dabb9
Crazy forceSum in boxOfActin.MyoRod@7710e923
Crazy forceSum in boxOfActin.MyoRod@61e51eb4
Crazy forceSum in boxOfActin.MyoRod@74b83bcb
Crazy forceSum in boxOfActin.MyoRod@a061686
Crazy forceSum in boxOfActin.MyoRod@7a2faf14
Crazy forceSum in boxOfActin.MyoRod@33761e5b
Crazy forceSum in boxOfActin.MyoMiniFilament@38864c5f
Crazy torqueSum in boxOfActin.MyoMiniFilament@38864c5f
Crazy forceSum in boxOfActin.MyoRod@327e272f
Crazy forceSum in boxOfActin.MyoRod@777caf04
Crazy forceSum in boxOfActin.MyoRod@7d12f100
Crazy forceSum in boxOfActin.MyoRod@4641dbc0
Crazy forceSum in boxOfActin.MyoRod@5c5db78
Crazy forceSum in boxOfActin.MyoRod@1753504b
Crazy forceSum in boxOfActin.MyoRod@7da32950
Crazy forceSum in boxOfActin.MyoRod@35f472ff
Crazy forceSum in boxOfActin.MyoRod@1ec17122
Crazy forceSum in boxOfActin.MyoRod@131dabb9
Crazy forceSum in boxOfActin.MyoRod@7710e923
Crazy forceSum in boxOfActin.MyoRod@61e51eb4
Crazy forceSum in boxOfActin.MyoRod@74b83bcb
Crazy forceSum in boxOfActin.MyoRod@a061686
Crazy forceSum in boxOfActin.MyoRod@7a2faf14
Crazy forceSum in boxOfActin.MyoRod@33761e5b
Crazy forceSum in boxOfActin.MyoMiniFilament@38864c5f
Crazy torqueSum in boxOfActin.MyoMiniFilament@38864c5f
Crazy forceSum in boxOfActin.MyoRod@327e272f
Crazy forceSum in boxOfActin.MyoRod@777caf04
Crazy forceSum in boxOfActin.MyoRod@7d12f100
Crazy forceSum in boxOfActin.MyoRod@4641dbc0
Crazy forceSum in boxOfActin.MyoRod@5c5db78
Crazy forceSum in boxOfActin.MyoRod@1753504b
Crazy forceSum in boxOfActin.MyoRod@7da32950
Crazy forceSum in boxOfActin.MyoRod@35f472ff
Crazy forceSum in boxOfActin.MyoRod@1ec17122
Crazy forceSum in boxOfActin.MyoRod@131dabb9
Crazy forceSum in boxOfActin.MyoRod@7710e923
Crazy forceSum in boxOfActin.MyoRod@61e51eb4
Crazy forceSum in boxOfActin.MyoRod@74b83bcb
Crazy forceSum in boxOfActin.MyoRod@a061686
Crazy forceSum in boxOfActin.MyoRod@7a2faf14
Crazy forceSum in boxOfActin.MyoRod@33761e5b
Crazy forceSum in boxOfActin.MyoMiniFilament@38864c5f
Crazy torqueSum in boxOfActin.MyoMiniFilament@38864c5f
Crazy forceSum in boxOfActin.MyoRod@327e272f
Crazy forceSum in boxOfActin.MyoRod@777caf04
Crazy forceSum in boxOfActin.MyoRod@7d12f100
Crazy forceSum in boxOfActin.MyoRod@4641dbc0
Crazy forceSum in boxOfActin.MyoRod@5c5db78
Crazy forceSum in boxOfActin.MyoRod@1753504b
Crazy forceSum in boxOfActin.MyoRod@7da32950
Crazy forceSum in boxOfActin.MyoRod@35f472ff
Crazy forceSum in boxOfActin.MyoRod@1ec17122
Crazy forceSum in boxOfActin.MyoRod@131dabb9
Crazy forceSum in boxOfActin.MyoRod@7710e923
Crazy forceSum in boxOfActin.MyoRod@61e51eb4
Crazy forceSum in boxOfActin.MyoRod@74b83bcb
Crazy forceSum in boxOfActin.MyoRod@a061686
Crazy forceSum in boxOfActin.MyoRod@7a2faf14
Crazy forceSum in boxOfActin.MyoRod@33761e5b
Crazy forceSum in boxOfActin.MyoMiniFilament@38864c5f
Crazy torqueSum in boxOfActin.MyoMiniFilament@38864c5f
Crazy forceSum in boxOfActin.MyoRod@327e272f
Crazy forceSum in boxOfActin.MyoRod@777caf04
Crazy forceSum in boxOfActin.MyoRod@7d12f100
Crazy forceSum in boxOfActin.MyoRod@4641dbc0
Crazy forceSum in boxOfActin.MyoRod@5c5db78
Crazy forceSum in boxOfActin.MyoRod@1753504b
Crazy forceSum in boxOfActin.MyoRod@7da32950
Crazy forceSum in boxOfActin.MyoRod@35f472ff
Crazy forceSum in boxOfActin.MyoRod@1ec17122
Crazy forceSum in boxOfActin.MyoRod@131dabb9
Crazy forceSum in boxOfActin.MyoRod@7710e923
Crazy forceSum in boxOfActin.MyoRod@61e51eb4
Crazy forceSum in boxOfActin.MyoRod@74b83bcb
Crazy forceSum in boxOfActin.MyoRod@a061686
Crazy forceSum in boxOfActin.MyoRod@7a2faf14
Crazy forceSum in boxOfActin.MyoRod@33761e5b
Crazy forceSum in boxOfActin.MyoMiniFilament@38864c5f
Crazy torqueSum in boxOfActin.MyoMiniFilament@38864c5f
Crazy forceSum in boxOfActin.MyoRod@327e272f
Crazy forceSum in boxOfActin.MyoRod@777caf04
Crazy forceSum in boxOfActin.MyoRod@7d12f100
Crazy forceSum in boxOfActin.MyoRod@4641dbc0
Crazy forceSum in boxOfActin.MyoRod@5c5db78
Crazy forceSum in boxOfActin.MyoRod@1753504b
Crazy forceSum in boxOfActin.MyoRod@7da32950
Crazy forceSum in boxOfActin.MyoRod@35f472ff
Crazy forceSum in boxOfActin.MyoRod@1ec17122
Crazy forceSum in boxOfActin.MyoRod@131dabb9
Crazy forceSum in boxOfActin.MyoRod@7710e923
Crazy forceSum in boxOfActin.MyoRod@61e51eb4
Crazy forceSum in boxOfActin.MyoRod@74b83bcb
Crazy forceSum in boxOfActin.MyoRod@a061686
Crazy forceSum in boxOfActin.MyoRod@7a2faf14
Crazy forceSum in boxOfActin.MyoRod@33761e5b
Crazy forceSum in boxOfActin.MyoMiniFilament@38864c5f
Crazy torqueSum in boxOfActin.MyoMiniFilament@38864c5f
Crazy forceSum in boxOfActin.MyoRod@327e272f
Crazy forceSum in boxOfActin.MyoRod@777caf04
Crazy forceSum in boxOfActin.MyoRod@7d12f100
Crazy forceSum in boxOfActin.MyoRod@4641dbc0
Crazy forceSum in boxOfActin.MyoRod@5c5db78
Crazy forceSum in boxOfActin.MyoRod@1753504b
Crazy forceSum in boxOfActin.MyoRod@7da32950
Crazy forceSum in boxOfActin.MyoRod@35f472ff
Crazy forceSum in boxOfActin.MyoRod@1ec17122
Crazy forceSum in boxOfActin.MyoRod@131dabb9
Crazy forceSum in boxOfActin.MyoRod@7710e923
Crazy forceSum in boxOfActin.MyoRod@61e51eb4
Crazy forceSum in boxOfActin.MyoRod@74b83bcb
Crazy forceSum in boxOfActin.MyoRod@a061686
Crazy forceSum in boxOfActin.MyoRod@7a2faf14
Crazy forceSum in boxOfActin.MyoRod@33761e5b
Crazy forceSum in boxOfActin.MyoMiniFilament@38864c5f
Crazy torqueSum in boxOfActin.MyoMiniFilament@38864c5f
Crazy forceSum in boxOfActin.MyoRod@327e272f
Crazy forceSum in boxOfActin.MyoRod@777caf04
Crazy forceSum in boxOfActin.MyoRod@7d12f100
Crazy forceSum in boxOfActin.MyoRod@4641dbc0
Crazy forceSum in boxOfActin.MyoRod@5c5db78
Crazy forceSum in boxOfActin.MyoRod@1753504b
Crazy forceSum in boxOfActin.MyoRod@7da32950
Crazy forceSum in boxOfActin.MyoRod@35f472ff
Crazy forceSum in boxOfActin.MyoRod@1ec17122
Crazy forceSum in boxOfActin.MyoRod@131dabb9
Crazy forceSum in boxOfActin.MyoRod@7710e923
Crazy forceSum in boxOfActin.MyoRod@61e51eb4
Crazy forceSum in boxOfActin.MyoRod@74b83bcb
Crazy forceSum in boxOfActin.MyoRod@a061686
Crazy forceSum in boxOfActin.MyoRod@7a2faf14
Crazy forceSum in boxOfActin.MyoRod@33761e5b
Crazy forceSum in boxOfActin.MyoMiniFilament@38864c5f
Crazy torqueSum in boxOfActin.MyoMiniFilament@38864c5f
Crazy forceSum in boxOfActin.MyoRod@327e272f
Crazy forceSum in boxOfActin.MyoRod@777caf04
Crazy forceSum in boxOfActin.MyoRod@7d12f100
Crazy forceSum in boxOfActin.MyoRod@4641dbc0
Crazy forceSum in boxOfActin.MyoRod@5c5db78
Crazy forceSum in boxOfActin.MyoRod@1753504b
Crazy forceSum in boxOfActin.MyoRod@7da32950
Crazy forceSum in boxOfActin.MyoRod@35f472ff
Crazy forceSum in boxOfActin.MyoRod@1ec17122
Crazy forceSum in boxOfActin.MyoRod@131dabb9
Crazy forceSum in boxOfActin.MyoRod@7710e923
Crazy forceSum in boxOfActin.MyoRod@61e51eb4
Crazy forceSum in boxOfActin.MyoRod@74b83bcb
Crazy forceSum in boxOfActin.MyoRod@a061686
Crazy forceSum in boxOfActin.MyoRod@7a2faf14
Crazy forceSum in boxOfActin.MyoRod@33761e5b
Crazy forceSum in boxOfActin.MyoMiniFilament@38864c5f
Crazy torqueSum in boxOfActin.MyoMiniFilament@38864c5f
Crazy forceSum in boxOfActin.MyoRod@327e272f
Crazy forceSum in boxOfActin.MyoRod@777caf04
Crazy forceSum in boxOfActin.MyoRod@7d12f100
Crazy forceSum in boxOfActin.MyoRod@4641dbc0
Crazy forceSum in boxOfActin.MyoRod@5c5db78
Crazy forceSum in boxOfActin.MyoRod@1753504b
Crazy forceSum in boxOfActin.MyoRod@7da32950
Crazy forceSum in boxOfActin.MyoRod@35f472ff
Crazy forceSum in boxOfActin.MyoRod@1ec17122
Crazy forceSum in boxOfActin.MyoRod@131dabb9
Crazy forceSum in boxOfActin.MyoRod@7710e923
Crazy forceSum in boxOfActin.MyoRod@61e51eb4
Crazy forceSum in boxOfActin.MyoRod@74b83bcb
Crazy forceSum in boxOfActin.MyoRod@a061686
Crazy forceSum in boxOfActin.MyoRod@7a2faf14
Crazy forceSum in boxOfActin.MyoRod@33761e5b
Crazy forceSum in boxOfActin.MyoMiniFilament@38864c5f
Crazy torqueSum in boxOfActin.MyoMiniFilament@38864c5f
Crazy forceSum in boxOfActin.MyoRod@327e272f
Crazy forceSum in boxOfActin.MyoRod@777caf04
Crazy forceSum in boxOfActin.MyoRod@7d12f100
Crazy forceSum in boxOfActin.MyoRod@4641dbc0
Crazy forceSum in boxOfActin.MyoRod@5c5db78
Crazy forceSum in boxOfActin.MyoRod@1753504b
Crazy forceSum in boxOfActin.MyoRod@7da32950
Crazy forceSum in boxOfActin.MyoRod@35f472ff
Crazy forceSum in boxOfActin.MyoRod@1ec17122
Crazy forceSum in boxOfActin.MyoRod@131dabb9
Crazy forceSum in boxOfActin.MyoRod@7710e923
Crazy forceSum in boxOfActin.MyoRod@61e51eb4
Crazy forceSum in boxOfActin.MyoRod@74b83bcb
Crazy forceSum in boxOfActin.MyoRod@a061686
Crazy forceSum in boxOfActin.MyoRod@7a2faf14
Crazy forceSum in boxOfActin.MyoRod@33761e5b
Crazy forceSum in boxOfActin.MyoMiniFilament@38864c5f
Crazy torqueSum in boxOfActin.MyoMiniFilament@38864c5f
Crazy forceSum in boxOfActin.MyoRod@327e272f
Crazy forceSum in boxOfActin.MyoRod@777caf04
Crazy forceSum in boxOfActin.MyoRod@7d12f100
Crazy forceSum in boxOfActin.MyoRod@4641dbc0
Crazy forceSum in boxOfActin.MyoRod@5c5db78
Crazy forceSum in boxOfActin.MyoRod@1753504b
Crazy forceSum in boxOfActin.MyoRod@7da32950
Crazy forceSum in boxOfActin.MyoRod@35f472ff
Crazy forceSum in boxOfActin.MyoRod@1ec17122
Crazy forceSum in boxOfActin.MyoRod@131dabb9
Crazy forceSum in boxOfActin.MyoRod@7710e923
Crazy forceSum in boxOfActin.MyoRod@61e51eb4
Crazy forceSum in boxOfActin.MyoRod@74b83bcb
Crazy forceSum in boxOfActin.MyoRod@a061686
Crazy forceSum in boxOfActin.MyoRod@7a2faf14
Crazy forceSum in boxOfActin.MyoRod@33761e5b
Crazy forceSum in boxOfActin.MyoMiniFilament@38864c5f
Crazy torqueSum in boxOfActin.MyoMiniFilament@38864c5f
Crazy forceSum in boxOfActin.MyoRod@327e272f
Crazy forceSum in boxOfActin.MyoRod@777caf04
Crazy forceSum in boxOfActin.MyoRod@7d12f100
Crazy forceSum in boxOfActin.MyoRod@4641dbc0
Crazy forceSum in boxOfActin.MyoRod@5c5db78
Crazy forceSum in boxOfActin.MyoRod@1753504b
Crazy forceSum in boxOfActin.MyoRod@7da32950
Crazy forceSum in boxOfActin.MyoRod@35f472ff
Crazy forceSum in boxOfActin.MyoRod@1ec17122
Crazy forceSum in boxOfActin.MyoRod@131dabb9
Crazy forceSum in boxOfActin.MyoRod@7710e923
Crazy forceSum in boxOfActin.MyoRod@61e51eb4
Crazy forceSum in boxOfActin.MyoRod@74b83bcb
Crazy forceSum in boxOfActin.MyoRod@a061686
Crazy forceSum in boxOfActin.MyoRod@7a2faf14
Crazy forceSum in boxOfActin.MyoRod@33761e5b
Crazy forceSum in boxOfActin.MyoMiniFilament@38864c5f
Crazy torqueSum in boxOfActin.MyoMiniFilament@38864c5f
Crazy forceSum in boxOfActin.MyoRod@327e272f
Crazy forceSum in boxOfActin.MyoRod@777caf04
Crazy forceSum in boxOfActin.MyoRod@7d12f100
Crazy forceSum in boxOfActin.MyoRod@4641dbc0
Crazy forceSum in boxOfActin.MyoRod@5c5db78
Crazy forceSum in boxOfActin.MyoRod@1753504b
Crazy forceSum in boxOfActin.MyoRod@7da32950
Crazy forceSum in boxOfActin.MyoRod@35f472ff
Crazy forceSum in boxOfActin.MyoRod@1ec17122
Crazy forceSum in boxOfActin.MyoRod@131dabb9
Crazy forceSum in boxOfActin.MyoRod@7710e923
Crazy forceSum in boxOfActin.MyoRod@61e51eb4
Crazy forceSum in boxOfActin.MyoRod@74b83bcb
Crazy forceSum in boxOfActin.MyoRod@a061686
Crazy forceSum in boxOfActin.MyoRod@7a2faf14
Crazy forceSum in boxOfActin.MyoRod@33761e5b
Crazy forceSum in boxOfActin.MyoMiniFilament@38864c5f
Crazy torqueSum in boxOfActin.MyoMiniFilament@38864c5f
Crazy forceSum in boxOfActin.MyoRod@327e272f
Crazy forceSum in boxOfActin.MyoRod@777caf04
Crazy forceSum in boxOfActin.MyoRod@7d12f100
Crazy forceSum in boxOfActin.MyoRod@4641dbc0
Crazy forceSum in boxOfActin.MyoRod@5c5db78
Crazy forceSum in boxOfActin.MyoRod@1753504b
Crazy forceSum in boxOfActin.MyoRod@7da32950
Crazy forceSum in boxOfActin.MyoRod@35f472ff
Crazy forceSum in boxOfActin.MyoRod@1ec17122
Crazy forceSum in boxOfActin.MyoRod@131dabb9
Crazy forceSum in boxOfActin.MyoRod@7710e923
Crazy forceSum in boxOfActin.MyoRod@61e51eb4
Crazy forceSum in boxOfActin.MyoRod@74b83bcb
Crazy forceSum in boxOfActin.MyoRod@a061686
Crazy forceSum in boxOfActin.MyoRod@7a2faf14
Crazy forceSum in boxOfActin.MyoRod@33761e5b
Crazy forceSum in boxOfActin.MyoMiniFilament@38864c5f
Crazy torqueSum in boxOfActin.MyoMiniFilament@38864c5f
Crazy forceSum in boxOfActin.MyoRod@327e272f
Crazy forceSum in boxOfActin.MyoRod@777caf04
Crazy forceSum in boxOfActin.MyoRod@7d12f100
Crazy forceSum in boxOfActin.MyoRod@4641dbc0
Crazy forceSum in boxOfActin.MyoRod@5c5db78
Crazy forceSum in boxOfActin.MyoRod@1753504b
Crazy forceSum in boxOfActin.MyoRod@7da32950
Crazy forceSum in boxOfActin.MyoRod@35f472ff
Crazy forceSum in boxOfActin.MyoRod@1ec17122
Crazy forceSum in boxOfActin.MyoRod@131dabb9
Crazy forceSum in boxOfActin.MyoRod@7710e923
Crazy forceSum in boxOfActin.MyoRod@61e51eb4
Crazy forceSum in boxOfActin.MyoRod@74b83bcb
Crazy forceSum in boxOfActin.MyoRod@a061686
Crazy forceSum in boxOfActin.MyoRod@7a2faf14
Crazy forceSum in boxOfActin.MyoRod@33761e5b
Crazy forceSum in boxOfActin.MyoMiniFilament@38864c5f
Crazy torqueSum in boxOfActin.MyoMiniFilament@38864c5f
Crazy forceSum in boxOfActin.MyoRod@327e272f
Crazy forceSum in boxOfActin.MyoRod@777caf04
Crazy forceSum in boxOfActin.MyoRod@7d12f100
Crazy forceSum in boxOfActin.MyoRod@4641dbc0
Crazy forceSum in boxOfActin.MyoRod@5c5db78
Crazy forceSum in boxOfActin.MyoRod@1753504b
Crazy forceSum in boxOfActin.MyoRod@7da32950
Crazy forceSum in boxOfActin.MyoRod@35f472ff
Crazy forceSum in boxOfActin.MyoRod@1ec17122
Crazy forceSum in boxOfActin.MyoRod@131dabb9
Crazy forceSum in boxOfActin.MyoRod@7710e923
Crazy forceSum in boxOfActin.MyoRod@61e51eb4
Crazy forceSum in boxOfActin.MyoRod@74b83bcb
Crazy forceSum in boxOfActin.MyoRod@a061686
Crazy forceSum in boxOfActin.MyoRod@7a2faf14
Crazy forceSum in boxOfActin.MyoRod@33761e5b
Crazy forceSum in boxOfActin.MyoMiniFilament@38864c5f
Crazy torqueSum in boxOfActin.MyoMiniFilament@38864c5f
Crazy forceSum in boxOfActin.MyoRod@327e272f
Crazy forceSum in boxOfActin.MyoRod@777caf04
Crazy forceSum in boxOfActin.MyoRod@7d12f100
Crazy forceSum in boxOfActin.MyoRod@4641dbc0
Crazy forceSum in boxOfActin.MyoRod@5c5db78
Crazy forceSum in boxOfActin.MyoRod@1753504b
Crazy forceSum in boxOfActin.MyoRod@7da32950
Crazy forceSum in boxOfActin.MyoRod@35f472ff
Crazy forceSum in boxOfActin.MyoRod@1ec17122
Crazy forceSum in boxOfActin.MyoRod@131dabb9
Crazy forceSum in boxOfActin.MyoRod@7710e923
Crazy forceSum in boxOfActin.MyoRod@61e51eb4
Crazy forceSum in boxOfActin.MyoRod@74b83bcb
Crazy forceSum in boxOfActin.MyoRod@a061686
Crazy forceSum in boxOfActin.MyoRod@7a2faf14
Crazy forceSum in boxOfActin.MyoRod@33761e5b
Crazy forceSum in boxOfActin.MyoMiniFilament@38864c5f
Crazy torqueSum in boxOfActin.MyoMiniFilament@38864c5f
Crazy forceSum in boxOfActin.MyoRod@327e272f
Crazy forceSum in boxOfActin.MyoRod@777caf04
Crazy forceSum in boxOfActin.MyoRod@7d12f100
Crazy forceSum in boxOfActin.MyoRod@4641dbc0
Crazy forceSum in boxOfActin.MyoRod@5c5db78
Crazy forceSum in boxOfActin.MyoRod@1753504b
Crazy forceSum in boxOfActin.MyoRod@7da32950
Crazy forceSum in boxOfActin.MyoRod@35f472ff
Crazy forceSum in boxOfActin.MyoRod@1ec17122
Crazy forceSum in boxOfActin.MyoRod@131dabb9
Crazy forceSum in boxOfActin.MyoRod@7710e923
Crazy forceSum in boxOfActin.MyoRod@61e51eb4
Crazy forceSum in boxOfActin.MyoRod@74b83bcb
Crazy forceSum in boxOfActin.MyoRod@a061686
Crazy forceSum in boxOfActin.MyoRod@7a2faf14
Crazy forceSum in boxOfActin.MyoRod@33761e5b
Crazy forceSum in boxOfActin.MyoMiniFilament@38864c5f
Crazy torqueSum in boxOfActin.MyoMiniFilament@38864c5f
Crazy forceSum in boxOfActin.MyoRod@327e272f
Crazy forceSum in boxOfActin.MyoRod@777caf04
Crazy forceSum in boxOfActin.MyoRod@7d12f100
Crazy forceSum in boxOfActin.MyoRod@4641dbc0
Crazy forceSum in boxOfActin.MyoRod@5c5db78
Crazy forceSum in boxOfActin.MyoRod@1753504b
Crazy forceSum in boxOfActin.MyoRod@7da32950
Crazy forceSum in boxOfActin.MyoRod@35f472ff
Crazy forceSum in boxOfActin.MyoRod@1ec17122
Crazy forceSum in boxOfActin.MyoRod@131dabb9
Crazy forceSum in boxOfActin.MyoRod@7710e923
Crazy forceSum in boxOfActin.MyoRod@61e51eb4
Crazy forceSum in boxOfActin.MyoRod@74b83bcb
Crazy forceSum in boxOfActin.MyoRod@a061686
Crazy forceSum in boxOfActin.MyoRod@7a2faf14
Crazy forceSum in boxOfActin.MyoRod@33761e5b
Crazy forceSum in boxOfActin.MyoMiniFilament@38864c5f
Crazy torqueSum in boxOfActin.MyoMiniFilament@38864c5f
Crazy forceSum in boxOfActin.MyoRod@327e272f
Crazy forceSum in boxOfActin.MyoRod@777caf04
Crazy forceSum in boxOfActin.MyoRod@7d12f100
Crazy forceSum in boxOfActin.MyoRod@4641dbc0
Crazy forceSum in boxOfActin.MyoRod@5c5db78
Crazy forceSum in boxOfActin.MyoRod@1753504b
Crazy forceSum in boxOfActin.MyoRod@7da32950
Crazy forceSum in boxOfActin.MyoRod@35f472ff
Crazy forceSum in boxOfActin.MyoRod@1ec17122
Crazy forceSum in boxOfActin.MyoRod@131dabb9
Crazy forceSum in boxOfActin.MyoRod@7710e923
Crazy forceSum in boxOfActin.MyoRod@61e51eb4
Crazy forceSum in boxOfActin.MyoRod@74b83bcb
Crazy forceSum in boxOfActin.MyoRod@a061686
Crazy forceSum in boxOfActin.MyoRod@7a2faf14
Crazy forceSum in boxOfActin.MyoRod@33761e5b
Crazy forceSum in boxOfActin.MyoMiniFilament@38864c5f
Crazy torqueSum in boxOfActin.MyoMiniFilament@38864c5f
Crazy forceSum in boxOfActin.MyoRod@327e272f
Crazy forceSum in boxOfActin.MyoRod@777caf04
Crazy forceSum in boxOfActin.MyoRod@7d12f100
Crazy forceSum in boxOfActin.MyoRod@4641dbc0
Crazy forceSum in boxOfActin.MyoRod@5c5db78
Crazy forceSum in boxOfActin.MyoRod@1753504b
Crazy forceSum in boxOfActin.MyoRod@7da32950
Crazy forceSum in boxOfActin.MyoRod@35f472ff
Crazy forceSum in boxOfActin.MyoRod@1ec17122
Crazy forceSum in boxOfActin.MyoRod@131dabb9
Crazy forceSum in boxOfActin.MyoRod@7710e923
Crazy forceSum in boxOfActin.MyoRod@61e51eb4
Crazy forceSum in boxOfActin.MyoRod@74b83bcb
Crazy forceSum in boxOfActin.MyoRod@a061686
Crazy forceSum in boxOfActin.MyoRod@7a2faf14
Crazy forceSum in boxOfActin.MyoRod@33761e5b
Crazy forceSum in boxOfActin.MyoMiniFilament@38864c5f
Crazy torqueSum in boxOfActin.MyoMiniFilament@38864c5f
Crazy forceSum in boxOfActin.MyoRod@327e272f
Crazy forceSum in boxOfActin.MyoRod@777caf04
Crazy forceSum in boxOfActin.MyoRod@7d12f100
Crazy forceSum in boxOfActin.MyoRod@4641dbc0
Crazy forceSum in boxOfActin.MyoRod@5c5db78
Crazy forceSum in boxOfActin.MyoRod@1753504b
Crazy forceSum in boxOfActin.MyoRod@7da32950
Crazy forceSum in boxOfActin.MyoRod@35f472ff
Crazy forceSum in boxOfActin.MyoRod@1ec17122
Crazy forceSum in boxOfActin.MyoRod@131dabb9
Crazy forceSum in boxOfActin.MyoRod@7710e923
Crazy forceSum in boxOfActin.MyoRod@61e51eb4
Crazy forceSum in boxOfActin.MyoRod@74b83bcb
Crazy forceSum in boxOfActin.MyoRod@a061686
Crazy forceSum in boxOfActin.MyoRod@7a2faf14
Crazy forceSum in boxOfActin.MyoRod@33761e5b
Crazy forceSum in boxOfActin.MyoMiniFilament@38864c5f
Crazy torqueSum in boxOfActin.MyoMiniFilament@38864c5f
Crazy forceSum in boxOfActin.MyoRod@327e272f
Crazy forceSum in boxOfActin.MyoRod@777caf04
Crazy forceSum in boxOfActin.MyoRod@7d12f100
Crazy forceSum in boxOfActin.MyoRod@4641dbc0
Crazy forceSum in boxOfActin.MyoRod@5c5db78
Crazy forceSum in boxOfActin.MyoRod@1753504b
Crazy forceSum in boxOfActin.MyoRod@7da32950
Crazy forceSum in boxOfActin.MyoRod@35f472ff
Crazy forceSum in boxOfActin.MyoRod@1ec17122
Crazy forceSum in boxOfActin.MyoRod@131dabb9
Crazy forceSum in boxOfActin.MyoRod@7710e923
Crazy forceSum in boxOfActin.MyoRod@61e51eb4
Crazy forceSum in boxOfActin.MyoRod@74b83bcb
Crazy forceSum in boxOfActin.MyoRod@a061686
Crazy forceSum in boxOfActin.MyoRod@7a2faf14
Crazy forceSum in boxOfActin.MyoRod@33761e5b
Crazy forceSum in boxOfActin.MyoMiniFilament@38864c5f
Crazy torqueSum in boxOfActin.MyoMiniFilament@38864c5f
Crazy forceSum in boxOfActin.MyoRod@327e272f
Crazy forceSum in boxOfActin.MyoRod@777caf04
Crazy forceSum in boxOfActin.MyoRod@7d12f100
Crazy forceSum in boxOfActin.MyoRod@4641dbc0
Crazy forceSum in boxOfActin.MyoRod@5c5db78
Crazy forceSum in boxOfActin.MyoRod@1753504b
Crazy forceSum in boxOfActin.MyoRod@7da32950
Crazy forceSum in boxOfActin.MyoRod@35f472ff
Crazy forceSum in boxOfActin.MyoRod@1ec17122
Crazy forceSum in boxOfActin.MyoRod@131dabb9
Crazy forceSum in boxOfActin.MyoRod@7710e923
Crazy forceSum in boxOfActin.MyoRod@61e51eb4
Crazy forceSum in boxOfActin.MyoRod@74b83bcb
Crazy forceSum in boxOfActin.MyoRod@a061686
Crazy forceSum in boxOfActin.MyoRod@7a2faf14
Crazy forceSum in boxOfActin.MyoRod@33761e5b
Crazy forceSum in boxOfActin.MyoMiniFilament@38864c5f
Crazy torqueSum in boxOfActin.MyoMiniFilament@38864c5f
Crazy forceSum in boxOfActin.MyoRod@327e272f
Crazy forceSum in boxOfActin.MyoRod@777caf04
Crazy forceSum in boxOfActin.MyoRod@7d12f100
Crazy forceSum in boxOfActin.MyoRod@4641dbc0
Crazy forceSum in boxOfActin.MyoRod@5c5db78
Crazy forceSum in boxOfActin.MyoRod@1753504b
Crazy forceSum in boxOfActin.MyoRod@7da32950
Crazy forceSum in boxOfActin.MyoRod@35f472ff
Crazy forceSum in boxOfActin.MyoRod@1ec17122
Crazy forceSum in boxOfActin.MyoRod@131dabb9
Crazy forceSum in boxOfActin.MyoRod@7710e923
Crazy forceSum in boxOfActin.MyoRod@61e51eb4
Crazy forceSum in boxOfActin.MyoRod@74b83bcb
Crazy forceSum in boxOfActin.MyoRod@a061686
Crazy forceSum in boxOfActin.MyoRod@7a2faf14
Crazy forceSum in boxOfActin.MyoRod@33761e5b
Crazy forceSum in boxOfActin.MyoMiniFilament@38864c5f
Crazy torqueSum in boxOfActin.MyoMiniFilament@38864c5f
Crazy forceSum in boxOfActin.MyoRod@327e272f
Crazy forceSum in boxOfActin.MyoRod@777caf04
Crazy forceSum in boxOfActin.MyoRod@7d12f100
Crazy forceSum in boxOfActin.MyoRod@4641dbc0
Crazy forceSum in boxOfActin.MyoRod@5c5db78
Crazy forceSum in boxOfActin.MyoRod@1753504b
Crazy forceSum in boxOfActin.MyoRod@7da32950
Crazy forceSum in boxOfActin.MyoRod@35f472ff
Crazy forceSum in boxOfActin.MyoRod@1ec17122
Crazy forceSum in boxOfActin.MyoRod@131dabb9
Crazy forceSum in boxOfActin.MyoRod@7710e923
Crazy forceSum in boxOfActin.MyoRod@61e51eb4
Crazy forceSum in boxOfActin.MyoRod@74b83bcb
Crazy forceSum in boxOfActin.MyoRod@a061686
Crazy forceSum in boxOfActin.MyoRod@7a2faf14
Crazy forceSum in boxOfActin.MyoRod@33761e5b
Crazy forceSum in boxOfActin.MyoMiniFilament@38864c5f
Crazy torqueSum in boxOfActin.MyoMiniFilament@38864c5f
Crazy forceSum in boxOfActin.MyoRod@327e272f
Crazy forceSum in boxOfActin.MyoRod@777caf04
Crazy forceSum in boxOfActin.MyoRod@7d12f100
Crazy forceSum in boxOfActin.MyoRod@4641dbc0
Crazy forceSum in boxOfActin.MyoRod@5c5db78
Crazy forceSum in boxOfActin.MyoRod@1753504b
Crazy forceSum in boxOfActin.MyoRod@7da32950
Crazy forceSum in boxOfActin.MyoRod@35f472ff
Crazy forceSum in boxOfActin.MyoRod@1ec17122
Crazy forceSum in boxOfActin.MyoRod@131dabb9
Crazy forceSum in boxOfActin.MyoRod@7710e923
Crazy forceSum in boxOfActin.MyoRod@61e51eb4
Crazy forceSum in boxOfActin.MyoRod@74b83bcb
Crazy forceSum in boxOfActin.MyoRod@a061686
Crazy forceSum in boxOfActin.MyoRod@7a2faf14
Crazy forceSum in boxOfActin.MyoRod@33761e5b
Crazy forceSum in boxOfActin.MyoMiniFilament@38864c5f
Crazy torqueSum in boxOfActin.MyoMiniFilament@38864c5f
Crazy forceSum in boxOfActin.MyoRod@327e272f
Crazy forceSum in boxOfActin.MyoRod@777caf04
Crazy forceSum in boxOfActin.MyoRod@7d12f100
Crazy forceSum in boxOfActin.MyoRod@4641dbc0
Crazy forceSum in boxOfActin.MyoRod@5c5db78
Crazy forceSum in boxOfActin.MyoRod@1753504b
Crazy forceSum in boxOfActin.MyoRod@7da32950
Crazy forceSum in boxOfActin.MyoRod@35f472ff
Crazy forceSum in boxOfActin.MyoRod@1ec17122
Crazy forceSum in boxOfActin.MyoRod@131dabb9
Crazy forceSum in boxOfActin.MyoRod@7710e923
Crazy forceSum in boxOfActin.MyoRod@61e51eb4
Crazy forceSum in boxOfActin.MyoRod@74b83bcb
Crazy forceSum in boxOfActin.MyoRod@a061686
Crazy forceSum in boxOfActin.MyoRod@7a2faf14
Crazy forceSum in boxOfActin.MyoRod@33761e5b
Crazy forceSum in boxOfActin.MyoMiniFilament@38864c5f
Crazy torqueSum in boxOfActin.MyoMiniFilament@38864c5f
Crazy forceSum in boxOfActin.MyoRod@327e272f
Crazy forceSum in boxOfActin.MyoRod@777caf04
Crazy forceSum in boxOfActin.MyoRod@7d12f100
Crazy forceSum in boxOfActin.MyoRod@4641dbc0
Crazy forceSum in boxOfActin.MyoRod@5c5db78
Crazy forceSum in boxOfActin.MyoRod@1753504b
Crazy forceSum in boxOfActin.MyoRod@7da32950
Crazy forceSum in boxOfActin.MyoRod@35f472ff
Crazy forceSum in boxOfActin.MyoRod@1ec17122
Crazy forceSum in boxOfActin.MyoRod@131dabb9
Crazy forceSum in boxOfActin.MyoRod@7710e923
Crazy forceSum in boxOfActin.MyoRod@61e51eb4
Crazy forceSum in boxOfActin.MyoRod@74b83bcb
Crazy forceSum in boxOfActin.MyoRod@a061686
Crazy forceSum in boxOfActin.MyoRod@7a2faf14
Crazy forceSum in boxOfActin.MyoRod@33761e5b
Crazy forceSum in boxOfActin.MyoMiniFilament@38864c5f
Crazy torqueSum in boxOfActin.MyoMiniFilament@38864c5f
Crazy forceSum in boxOfActin.MyoRod@327e272f
Crazy forceSum in boxOfActin.MyoRod@777caf04
Crazy forceSum in boxOfActin.MyoRod@7d12f100
Crazy forceSum in boxOfActin.MyoRod@4641dbc0
Crazy forceSum in boxOfActin.MyoRod@5c5db78
Crazy forceSum in boxOfActin.MyoRod@1753504b
Crazy forceSum in boxOfActin.MyoRod@7da32950
Crazy forceSum in boxOfActin.MyoRod@35f472ff
Crazy forceSum in boxOfActin.MyoRod@1ec17122
Crazy forceSum in boxOfActin.MyoRod@131dabb9
Crazy forceSum in boxOfActin.MyoRod@7710e923
Crazy forceSum in boxOfActin.MyoRod@61e51eb4
Crazy forceSum in boxOfActin.MyoRod@74b83bcb
Crazy forceSum in boxOfActin.MyoRod@a061686
Crazy forceSum in boxOfActin.MyoRod@7a2faf14
Crazy forceSum in boxOfActin.MyoRod@33761e5b
Crazy forceSum in boxOfActin.MyoMiniFilament@38864c5f
Crazy torqueSum in boxOfActin.MyoMiniFilament@38864c5f
Crazy forceSum in boxOfActin.MyoRod@327e272f
Crazy forceSum in boxOfActin.MyoRod@777caf04
Crazy forceSum in boxOfActin.MyoRod@7d12f100
Crazy forceSum in boxOfActin.MyoRod@4641dbc0
Crazy forceSum in boxOfActin.MyoRod@5c5db78
Crazy forceSum in boxOfActin.MyoRod@1753504b
Crazy forceSum in boxOfActin.MyoRod@7da32950
Crazy forceSum in boxOfActin.MyoRod@35f472ff
Crazy forceSum in boxOfActin.MyoRod@1ec17122
Crazy forceSum in boxOfActin.MyoRod@131dabb9
Crazy forceSum in boxOfActin.MyoRod@7710e923
Crazy forceSum in boxOfActin.MyoRod@61e51eb4
Crazy forceSum in boxOfActin.MyoRod@74b83bcb
Crazy forceSum in boxOfActin.MyoRod@a061686
Crazy forceSum in boxOfActin.MyoRod@7a2faf14
Crazy forceSum in boxOfActin.MyoRod@33761e5b
Crazy forceSum in boxOfActin.MyoMiniFilament@38864c5f
Crazy torqueSum in boxOfActin.MyoMiniFilament@38864c5f
Crazy forceSum in boxOfActin.MyoRod@327e272f
Crazy forceSum in boxOfActin.MyoRod@777caf04
Crazy forceSum in boxOfActin.MyoRod@7d12f100
Crazy forceSum in boxOfActin.MyoRod@4641dbc0
Crazy forceSum in boxOfActin.MyoRod@5c5db78
Crazy forceSum in boxOfActin.MyoRod@1753504b
Crazy forceSum in boxOfActin.MyoRod@7da32950
Crazy forceSum in boxOfActin.MyoRod@35f472ff
Crazy forceSum in boxOfActin.MyoRod@1ec17122
Crazy forceSum in boxOfActin.MyoRod@131dabb9
Crazy forceSum in boxOfActin.MyoRod@7710e923
Crazy forceSum in boxOfActin.MyoRod@61e51eb4
Crazy forceSum in boxOfActin.MyoRod@74b83bcb
Crazy forceSum in boxOfActin.MyoRod@a061686
Crazy forceSum in boxOfActin.MyoRod@7a2faf14
Crazy forceSum in boxOfActin.MyoRod@33761e5b
Crazy forceSum in boxOfActin.MyoMiniFilament@38864c5f
Crazy torqueSum in boxOfActin.MyoMiniFilament@38864c5f
Crazy forceSum in boxOfActin.MyoRod@327e272f
Crazy forceSum in boxOfActin.MyoRod@777caf04
Crazy forceSum in boxOfActin.MyoRod@7d12f100
Crazy forceSum in boxOfActin.MyoRod@4641dbc0
Crazy forceSum in boxOfActin.MyoRod@5c5db78
Crazy forceSum in boxOfActin.MyoRod@1753504b
Crazy forceSum in boxOfActin.MyoRod@7da32950
Crazy forceSum in boxOfActin.MyoRod@35f472ff
Crazy forceSum in boxOfActin.MyoRod@1ec17122
Crazy forceSum in boxOfActin.MyoRod@131dabb9
Crazy forceSum in boxOfActin.MyoRod@7710e923
Crazy forceSum in boxOfActin.MyoRod@61e51eb4
Crazy forceSum in boxOfActin.MyoRod@74b83bcb
Crazy forceSum in boxOfActin.MyoRod@a061686
Crazy forceSum in boxOfActin.MyoRod@7a2faf14
Crazy forceSum in boxOfActin.MyoRod@33761e5b
Crazy forceSum in boxOfActin.MyoMiniFilament@38864c5f
Crazy torqueSum in boxOfActin.MyoMiniFilament@38864c5f
Crazy forceSum in boxOfActin.MyoRod@327e272f
Crazy forceSum in boxOfActin.MyoRod@777caf04
Crazy forceSum in boxOfActin.MyoRod@7d12f100
Crazy forceSum in boxOfActin.MyoRod@4641dbc0
Crazy forceSum in boxOfActin.MyoRod@5c5db78
Crazy forceSum in boxOfActin.MyoRod@1753504b
Crazy forceSum in boxOfActin.MyoRod@7da32950
Crazy forceSum in boxOfActin.MyoRod@35f472ff
Crazy forceSum in boxOfActin.MyoRod@1ec17122
Crazy forceSum in boxOfActin.MyoRod@131dabb9
Crazy forceSum in boxOfActin.MyoRod@7710e923
Crazy forceSum in boxOfActin.MyoRod@61e51eb4
Crazy forceSum in boxOfActin.MyoRod@74b83bcb
Crazy forceSum in boxOfActin.MyoRod@a061686
Crazy forceSum in boxOfActin.MyoRod@7a2faf14
Crazy forceSum in boxOfActin.MyoRod@33761e5b
Crazy forceSum in boxOfActin.MyoMiniFilament@38864c5f
Crazy torqueSum in boxOfActin.MyoMiniFilament@38864c5f
Crazy forceSum in boxOfActin.MyoRod@327e272f
Crazy forceSum in boxOfActin.MyoRod@777caf04
Crazy forceSum in boxOfActin.MyoRod@7d12f100
Crazy forceSum in boxOfActin.MyoRod@4641dbc0
Crazy forceSum in boxOfActin.MyoRod@5c5db78
Crazy forceSum in boxOfActin.MyoRod@1753504b
Crazy forceSum in boxOfActin.MyoRod@7da32950
Crazy forceSum in boxOfActin.MyoRod@35f472ff
Crazy forceSum in boxOfActin.MyoRod@1ec17122
Crazy forceSum in boxOfActin.MyoRod@131dabb9
Crazy forceSum in boxOfActin.MyoRod@7710e923
Crazy forceSum in boxOfActin.MyoRod@61e51eb4
Crazy forceSum in boxOfActin.MyoRod@74b83bcb
Crazy forceSum in boxOfActin.MyoRod@a061686
Crazy forceSum in boxOfActin.MyoRod@7a2faf14
Crazy forceSum in boxOfActin.MyoRod@33761e5b
Crazy forceSum in boxOfActin.MyoMiniFilament@38864c5f
Crazy torqueSum in boxOfActin.MyoMiniFilament@38864c5f
Crazy forceSum in boxOfActin.MyoRod@327e272f
Crazy forceSum in boxOfActin.MyoRod@777caf04
Crazy forceSum in boxOfActin.MyoRod@7d12f100
Crazy forceSum in boxOfActin.MyoRod@4641dbc0
Crazy forceSum in boxOfActin.MyoRod@5c5db78
Crazy forceSum in boxOfActin.MyoRod@1753504b
Crazy forceSum in boxOfActin.MyoRod@7da32950
Crazy forceSum in boxOfActin.MyoRod@35f472ff
Crazy forceSum in boxOfActin.MyoRod@1ec17122
Crazy forceSum in boxOfActin.MyoRod@131dabb9
Crazy forceSum in boxOfActin.MyoRod@7710e923
Crazy forceSum in boxOfActin.MyoRod@61e51eb4
Crazy forceSum in boxOfActin.MyoRod@74b83bcb
Crazy forceSum in boxOfActin.MyoRod@a061686
Crazy forceSum in boxOfActin.MyoRod@7a2faf14
Crazy forceSum in boxOfActin.MyoRod@33761e5b
Crazy forceSum in boxOfActin.MyoMiniFilament@38864c5f
Crazy torqueSum in boxOfActin.MyoMiniFilament@38864c5f
Crazy forceSum in boxOfActin.MyoRod@327e272f
Crazy forceSum in boxOfActin.MyoRod@777caf04
Crazy forceSum in boxOfActin.MyoRod@7d12f100
Crazy forceSum in boxOfActin.MyoRod@4641dbc0
Crazy forceSum in boxOfActin.MyoRod@5c5db78
Crazy forceSum in boxOfActin.MyoRod@1753504b
Crazy forceSum in boxOfActin.MyoRod@7da32950
Crazy forceSum in boxOfActin.MyoRod@35f472ff
Crazy forceSum in boxOfActin.MyoRod@1ec17122
Crazy forceSum in boxOfActin.MyoRod@131dabb9
Crazy forceSum in boxOfActin.MyoRod@7710e923
Crazy forceSum in boxOfActin.MyoRod@61e51eb4
Crazy forceSum in boxOfActin.MyoRod@74b83bcb
Crazy forceSum in boxOfActin.MyoRod@a061686
Crazy forceSum in boxOfActin.MyoRod@7a2faf14
Crazy forceSum in boxOfActin.MyoRod@33761e5b
Crazy forceSum in boxOfActin.MyoMiniFilament@38864c5f
Crazy torqueSum in boxOfActin.MyoMiniFilament@38864c5f
Crazy forceSum in boxOfActin.MyoRod@327e272f
Crazy forceSum in boxOfActin.MyoRod@777caf04
Crazy forceSum in boxOfActin.MyoRod@7d12f100
Crazy forceSum in boxOfActin.MyoRod@4641dbc0
Crazy forceSum in boxOfActin.MyoRod@5c5db78
Crazy forceSum in boxOfActin.MyoRod@1753504b
Crazy forceSum in boxOfActin.MyoRod@7da32950
Crazy forceSum in boxOfActin.MyoRod@35f472ff
Crazy forceSum in boxOfActin.MyoRod@1ec17122
Crazy forceSum in boxOfActin.MyoRod@131dabb9
Crazy forceSum in boxOfActin.MyoRod@7710e923
Crazy forceSum in boxOfActin.MyoRod@61e51eb4
Crazy forceSum in boxOfActin.MyoRod@74b83bcb
Crazy forceSum in boxOfActin.MyoRod@a061686
Crazy forceSum in boxOfActin.MyoRod@7a2faf14
Crazy forceSum in boxOfActin.MyoRod@33761e5b
Crazy forceSum in boxOfActin.MyoMiniFilament@38864c5f
Crazy torqueSum in boxOfActin.MyoMiniFilament@38864c5f
Crazy forceSum in boxOfActin.MyoRod@327e272f
Crazy forceSum in boxOfActin.MyoRod@777caf04
Crazy forceSum in boxOfActin.MyoRod@7d12f100
Crazy forceSum in boxOfActin.MyoRod@4641dbc0
Crazy forceSum in boxOfActin.MyoRod@5c5db78
Crazy forceSum in boxOfActin.MyoRod@1753504b
Crazy forceSum in boxOfActin.MyoRod@7da32950
Crazy forceSum in boxOfActin.MyoRod@35f472ff
Crazy forceSum in boxOfActin.MyoRod@1ec17122
Crazy forceSum in boxOfActin.MyoRod@131dabb9
Crazy forceSum in boxOfActin.MyoRod@7710e923
Crazy forceSum in boxOfActin.MyoRod@61e51eb4
Crazy forceSum in boxOfActin.MyoRod@74b83bcb
Crazy forceSum in boxOfActin.MyoRod@a061686
Crazy forceSum in boxOfActin.MyoRod@7a2faf14
Crazy forceSum in boxOfActin.MyoRod@33761e5b
Crazy forceSum in boxOfActin.MyoMiniFilament@38864c5f
Crazy torqueSum in boxOfActin.MyoMiniFilament@38864c5f
Crazy forceSum in boxOfActin.MyoRod@327e272f
Crazy forceSum in boxOfActin.MyoRod@777caf04
Crazy forceSum in boxOfActin.MyoRod@7d12f100
Crazy forceSum in boxOfActin.MyoRod@4641dbc0
Crazy forceSum in boxOfActin.MyoRod@5c5db78
Crazy forceSum in boxOfActin.MyoRod@1753504b
Crazy forceSum in boxOfActin.MyoRod@7da32950
Crazy forceSum in boxOfActin.MyoRod@35f472ff
Crazy forceSum in boxOfActin.MyoRod@1ec17122
Crazy forceSum in boxOfActin.MyoRod@131dabb9
Crazy forceSum in boxOfActin.MyoRod@7710e923
Crazy forceSum in boxOfActin.MyoRod@61e51eb4
Crazy forceSum in boxOfActin.MyoRod@74b83bcb
Crazy forceSum in boxOfActin.MyoRod@a061686
Crazy forceSum in boxOfActin.MyoRod@7a2faf14
Crazy forceSum in boxOfActin.MyoRod@33761e5b
Crazy forceSum in boxOfActin.MyoMiniFilament@38864c5f
Crazy torqueSum in boxOfActin.MyoMiniFilament@38864c5f
Crazy forceSum in boxOfActin.MyoRod@327e272f
Crazy forceSum in boxOfActin.MyoRod@777caf04
Crazy forceSum in boxOfActin.MyoRod@7d12f100
Crazy forceSum in boxOfActin.MyoRod@4641dbc0
Crazy forceSum in boxOfActin.MyoRod@5c5db78
Crazy forceSum in boxOfActin.MyoRod@1753504b
Crazy forceSum in boxOfActin.MyoRod@7da32950
Crazy forceSum in boxOfActin.MyoRod@35f472ff
Crazy forceSum in boxOfActin.MyoRod@1ec17122
Crazy forceSum in boxOfActin.MyoRod@131dabb9
Crazy forceSum in boxOfActin.MyoRod@7710e923
Crazy forceSum in boxOfActin.MyoRod@61e51eb4
Crazy forceSum in boxOfActin.MyoRod@74b83bcb
Crazy forceSum in boxOfActin.MyoRod@a061686
Crazy forceSum in boxOfActin.MyoRod@7a2faf14
Crazy forceSum in boxOfActin.MyoRod@33761e5b
Crazy forceSum in boxOfActin.MyoMiniFilament@38864c5f
Crazy torqueSum in boxOfActin.MyoMiniFilament@38864c5f
Crazy forceSum in boxOfActin.MyoRod@327e272f
Crazy forceSum in boxOfActin.MyoRod@777caf04
Crazy forceSum in boxOfActin.MyoRod@7d12f100
Crazy forceSum in boxOfActin.MyoRod@4641dbc0
Crazy forceSum in boxOfActin.MyoRod@5c5db78
Crazy forceSum in boxOfActin.MyoRod@1753504b
Crazy forceSum in boxOfActin.MyoRod@7da32950
Crazy forceSum in boxOfActin.MyoRod@35f472ff
Crazy forceSum in boxOfActin.MyoRod@1ec17122
Crazy forceSum in boxOfActin.MyoRod@131dabb9
Crazy forceSum in boxOfActin.MyoRod@7710e923
Crazy forceSum in boxOfActin.MyoRod@61e51eb4
Crazy forceSum in boxOfActin.MyoRod@74b83bcb
Crazy forceSum in boxOfActin.MyoRod@a061686
Crazy forceSum in boxOfActin.MyoRod@7a2faf14
Crazy forceSum in boxOfActin.MyoRod@33761e5b
Crazy forceSum in boxOfActin.MyoMiniFilament@38864c5f
Crazy torqueSum in boxOfActin.MyoMiniFilament@38864c5f
Crazy forceSum in boxOfActin.MyoRod@327e272f
Crazy forceSum in boxOfActin.MyoRod@777caf04
Crazy forceSum in boxOfActin.MyoRod@7d12f100
Crazy forceSum in boxOfActin.MyoRod@4641dbc0
Crazy forceSum in boxOfActin.MyoRod@5c5db78
Crazy forceSum in boxOfActin.MyoRod@1753504b
Crazy forceSum in boxOfActin.MyoRod@7da32950
Crazy forceSum in boxOfActin.MyoRod@35f472ff
Crazy forceSum in boxOfActin.MyoRod@1ec17122
Crazy forceSum in boxOfActin.MyoRod@131dabb9
Crazy forceSum in boxOfActin.MyoRod@7710e923
Crazy forceSum in boxOfActin.MyoRod@61e51eb4
Crazy forceSum in boxOfActin.MyoRod@74b83bcb
Crazy forceSum in boxOfActin.MyoRod@a061686
Crazy forceSum in boxOfActin.MyoRod@7a2faf14
Crazy forceSum in boxOfActin.MyoRod@33761e5b
Crazy forceSum in boxOfActin.MyoMiniFilament@38864c5f
Crazy torqueSum in boxOfActin.MyoMiniFilament@38864c5f
Crazy forceSum in boxOfActin.MyoRod@327e272f
Crazy forceSum in boxOfActin.MyoRod@777caf04
Crazy forceSum in boxOfActin.MyoRod@7d12f100
Crazy forceSum in boxOfActin.MyoRod@4641dbc0
Crazy forceSum in boxOfActin.MyoRod@5c5db78
Crazy forceSum in boxOfActin.MyoRod@1753504b
Crazy forceSum in boxOfActin.MyoRod@7da32950
Crazy forceSum in boxOfActin.MyoRod@35f472ff
Crazy forceSum in boxOfActin.MyoRod@1ec17122
Crazy forceSum in boxOfActin.MyoRod@131dabb9
Crazy forceSum in boxOfActin.MyoRod@7710e923
Crazy forceSum in boxOfActin.MyoRod@61e51eb4
Crazy forceSum in boxOfActin.MyoRod@74b83bcb
Crazy forceSum in boxOfActin.MyoRod@a061686
Crazy forceSum in boxOfActin.MyoRod@7a2faf14
Crazy forceSum in boxOfActin.MyoRod@33761e5b
Crazy forceSum in boxOfActin.MyoMiniFilament@38864c5f
Crazy torqueSum in boxOfActin.MyoMiniFilament@38864c5f
Crazy forceSum in boxOfActin.MyoRod@327e272f
Crazy forceSum in boxOfActin.MyoRod@777caf04
Crazy forceSum in boxOfActin.MyoRod@7d12f100
Crazy forceSum in boxOfActin.MyoRod@4641dbc0
Crazy forceSum in boxOfActin.MyoRod@5c5db78
Crazy forceSum in boxOfActin.MyoRod@1753504b
Crazy forceSum in boxOfActin.MyoRod@7da32950
Crazy forceSum in boxOfActin.MyoRod@35f472ff
Crazy forceSum in boxOfActin.MyoRod@1ec17122
Crazy forceSum in boxOfActin.MyoRod@131dabb9
Crazy forceSum in boxOfActin.MyoRod@7710e923
Crazy forceSum in boxOfActin.MyoRod@61e51eb4
Crazy forceSum in boxOfActin.MyoRod@74b83bcb
Crazy forceSum in boxOfActin.MyoRod@a061686
Crazy forceSum in boxOfActin.MyoRod@7a2faf14
Crazy forceSum in boxOfActin.MyoRod@33761e5b
Crazy forceSum in boxOfActin.MyoMiniFilament@38864c5f
Crazy torqueSum in boxOfActin.MyoMiniFilament@38864c5f
Crazy forceSum in boxOfActin.MyoRod@327e272f
Crazy forceSum in boxOfActin.MyoRod@777caf04
Crazy forceSum in boxOfActin.MyoRod@7d12f100
Crazy forceSum in boxOfActin.MyoRod@4641dbc0
Crazy forceSum in boxOfActin.MyoRod@5c5db78
Crazy forceSum in boxOfActin.MyoRod@1753504b
Crazy forceSum in boxOfActin.MyoRod@7da32950
Crazy forceSum in boxOfActin.MyoRod@35f472ff
Crazy forceSum in boxOfActin.MyoRod@1ec17122
Crazy forceSum in boxOfActin.MyoRod@131dabb9
Crazy forceSum in boxOfActin.MyoRod@7710e923
Crazy forceSum in boxOfActin.MyoRod@61e51eb4
Crazy forceSum in boxOfActin.MyoRod@74b83bcb
Crazy forceSum in boxOfActin.MyoRod@a061686
Crazy forceSum in boxOfActin.MyoRod@7a2faf14
Crazy forceSum in boxOfActin.MyoRod@33761e5b
Crazy forceSum in boxOfActin.MyoMiniFilament@38864c5f
Crazy torqueSum in boxOfActin.MyoMiniFilament@38864c5f
Crazy forceSum in boxOfActin.MyoRod@327e272f
Crazy forceSum in boxOfActin.MyoRod@777caf04
Crazy forceSum in boxOfActin.MyoRod@7d12f100
Crazy forceSum in boxOfActin.MyoRod@4641dbc0
Crazy forceSum in boxOfActin.MyoRod@5c5db78
Crazy forceSum in boxOfActin.MyoRod@1753504b
Crazy forceSum in boxOfActin.MyoRod@7da32950
Crazy forceSum in boxOfActin.MyoRod@35f472ff
Crazy forceSum in boxOfActin.MyoRod@1ec17122
Crazy forceSum in boxOfActin.MyoRod@131dabb9
Crazy forceSum in boxOfActin.MyoRod@7710e923
Crazy forceSum in boxOfActin.MyoRod@61e51eb4
Crazy forceSum in boxOfActin.MyoRod@74b83bcb
Crazy forceSum in boxOfActin.MyoRod@a061686
Crazy forceSum in boxOfActin.MyoRod@7a2faf14
Crazy forceSum in boxOfActin.MyoRod@33761e5b
Crazy forceSum in boxOfActin.MyoMiniFilament@38864c5f
Crazy torqueSum in boxOfActin.MyoMiniFilament@38864c5f
Crazy forceSum in boxOfActin.MyoRod@327e272f
Crazy forceSum in boxOfActin.MyoRod@777caf04
Crazy forceSum in boxOfActin.MyoRod@7d12f100
Crazy forceSum in boxOfActin.MyoRod@4641dbc0
Crazy forceSum in boxOfActin.MyoRod@5c5db78
Crazy forceSum in boxOfActin.MyoRod@1753504b
Crazy forceSum in boxOfActin.MyoRod@7da32950
Crazy forceSum in boxOfActin.MyoRod@35f472ff
Crazy forceSum in boxOfActin.MyoRod@1ec17122
Crazy forceSum in boxOfActin.MyoRod@131dabb9
Crazy forceSum in boxOfActin.MyoRod@7710e923
Crazy forceSum in boxOfActin.MyoRod@61e51eb4
Crazy forceSum in boxOfActin.MyoRod@74b83bcb
Crazy forceSum in boxOfActin.MyoRod@a061686
Crazy forceSum in boxOfActin.MyoRod@7a2faf14
Crazy forceSum in boxOfActin.MyoRod@33761e5b
Crazy forceSum in boxOfActin.MyoMiniFilament@38864c5f
Crazy torqueSum in boxOfActin.MyoMiniFilament@38864c5f
Crazy forceSum in boxOfActin.MyoRod@327e272f
Crazy forceSum in boxOfActin.MyoRod@777caf04
Crazy forceSum in boxOfActin.MyoRod@7d12f100
Crazy forceSum in boxOfActin.MyoRod@4641dbc0
Crazy forceSum in boxOfActin.MyoRod@5c5db78
Crazy forceSum in boxOfActin.MyoRod@1753504b
Crazy forceSum in boxOfActin.MyoRod@7da32950
Crazy forceSum in boxOfActin.MyoRod@35f472ff
Crazy forceSum in boxOfActin.MyoRod@1ec17122
Crazy forceSum in boxOfActin.MyoRod@131dabb9
Crazy forceSum in boxOfActin.MyoRod@7710e923
Crazy forceSum in boxOfActin.MyoRod@61e51eb4
Crazy forceSum in boxOfActin.MyoRod@74b83bcb
Crazy forceSum in boxOfActin.MyoRod@a061686
Crazy forceSum in boxOfActin.MyoRod@7a2faf14
Crazy forceSum in boxOfActin.MyoRod@33761e5b
Crazy forceSum in boxOfActin.MyoMiniFilament@38864c5f
Crazy torqueSum in boxOfActin.MyoMiniFilament@38864c5f
Crazy forceSum in boxOfActin.MyoRod@327e272f
Crazy forceSum in boxOfActin.MyoRod@777caf04
Crazy forceSum in boxOfActin.MyoRod@7d12f100
Crazy forceSum in boxOfActin.MyoRod@4641dbc0
Crazy forceSum in boxOfActin.MyoRod@5c5db78
Crazy forceSum in boxOfActin.MyoRod@1753504b
Crazy forceSum in boxOfActin.MyoRod@7da32950
Crazy forceSum in boxOfActin.MyoRod@35f472ff
Crazy forceSum in boxOfActin.MyoRod@1ec17122
Crazy forceSum in boxOfActin.MyoRod@131dabb9
Crazy forceSum in boxOfActin.MyoRod@7710e923
Crazy forceSum in boxOfActin.MyoRod@61e51eb4
Crazy forceSum in boxOfActin.MyoRod@74b83bcb
Crazy forceSum in boxOfActin.MyoRod@a061686
Crazy forceSum in boxOfActin.MyoRod@7a2faf14
Crazy forceSum in boxOfActin.MyoRod@33761e5b
Crazy forceSum in boxOfActin.MyoMiniFilament@38864c5f
Crazy torqueSum in boxOfActin.MyoMiniFilament@38864c5f
Crazy forceSum in boxOfActin.MyoRod@327e272f
Crazy forceSum in boxOfActin.MyoRod@777caf04
Crazy forceSum in boxOfActin.MyoRod@7d12f100
Crazy forceSum in boxOfActin.MyoRod@4641dbc0
Crazy forceSum in boxOfActin.MyoRod@5c5db78
Crazy forceSum in boxOfActin.MyoRod@1753504b
Crazy forceSum in boxOfActin.MyoRod@7da32950
Crazy forceSum in boxOfActin.MyoRod@35f472ff
Crazy forceSum in boxOfActin.MyoRod@1ec17122
Crazy forceSum in boxOfActin.MyoRod@131dabb9
Crazy forceSum in boxOfActin.MyoRod@7710e923
Crazy forceSum in boxOfActin.MyoRod@61e51eb4
Crazy forceSum in boxOfActin.MyoRod@74b83bcb
Crazy forceSum in boxOfActin.MyoRod@a061686
Crazy forceSum in boxOfActin.MyoRod@7a2faf14
Crazy forceSum in boxOfActin.MyoRod@33761e5b
Crazy forceSum in boxOfActin.MyoMiniFilament@38864c5f
Crazy torqueSum in boxOfActin.MyoMiniFilament@38864c5f
Crazy forceSum in boxOfActin.MyoRod@327e272f
Crazy forceSum in boxOfActin.MyoRod@777caf04
Crazy forceSum in boxOfActin.MyoRod@7d12f100
Crazy forceSum in boxOfActin.MyoRod@4641dbc0
Crazy forceSum in boxOfActin.MyoRod@5c5db78
Crazy forceSum in boxOfActin.MyoRod@1753504b
Crazy forceSum in boxOfActin.MyoRod@7da32950
Crazy forceSum in boxOfActin.MyoRod@35f472ff
Crazy forceSum in boxOfActin.MyoRod@1ec17122
Crazy forceSum in boxOfActin.MyoRod@131dabb9
Crazy forceSum in boxOfActin.MyoRod@7710e923
Crazy forceSum in boxOfActin.MyoRod@61e51eb4
Crazy forceSum in boxOfActin.MyoRod@74b83bcb
Crazy forceSum in boxOfActin.MyoRod@a061686
Crazy forceSum in boxOfActin.MyoRod@7a2faf14
Crazy forceSum in boxOfActin.MyoRod@33761e5b
Crazy forceSum in boxOfActin.MyoMiniFilament@38864c5f
Crazy torqueSum in boxOfActin.MyoMiniFilament@38864c5f
Crazy forceSum in boxOfActin.MyoRod@327e272f
Crazy forceSum in boxOfActin.MyoRod@777caf04
Crazy forceSum in boxOfActin.MyoRod@7d12f100
Crazy forceSum in boxOfActin.MyoRod@4641dbc0
Crazy forceSum in boxOfActin.MyoRod@5c5db78
Crazy forceSum in boxOfActin.MyoRod@1753504b
Crazy forceSum in boxOfActin.MyoRod@7da32950
Crazy forceSum in boxOfActin.MyoRod@35f472ff
Crazy forceSum in boxOfActin.MyoRod@1ec17122
Crazy forceSum in boxOfActin.MyoRod@131dabb9
Crazy forceSum in boxOfActin.MyoRod@7710e923
Crazy forceSum in boxOfActin.MyoRod@61e51eb4
Crazy forceSum in boxOfActin.MyoRod@74b83bcb
Crazy forceSum in boxOfActin.MyoRod@a061686
Crazy forceSum in boxOfActin.MyoRod@7a2faf14
Crazy forceSum in boxOfActin.MyoRod@33761e5b
Crazy forceSum in boxOfActin.MyoMiniFilament@38864c5f
Crazy torqueSum in boxOfActin.MyoMiniFilament@38864c5f
Crazy forceSum in boxOfActin.MyoRod@327e272f
Crazy forceSum in boxOfActin.MyoRod@777caf04
Crazy forceSum in boxOfActin.MyoRod@7d12f100
Crazy forceSum in boxOfActin.MyoRod@4641dbc0
Crazy forceSum in boxOfActin.MyoRod@5c5db78
Crazy forceSum in boxOfActin.MyoRod@1753504b
Crazy forceSum in boxOfActin.MyoRod@7da32950
Crazy forceSum in boxOfActin.MyoRod@35f472ff
Crazy forceSum in boxOfActin.MyoRod@1ec17122
Crazy forceSum in boxOfActin.MyoRod@131dabb9
Crazy forceSum in boxOfActin.MyoRod@7710e923
Crazy forceSum in boxOfActin.MyoRod@61e51eb4
Crazy forceSum in boxOfActin.MyoRod@74b83bcb
Crazy forceSum in boxOfActin.MyoRod@a061686
Crazy forceSum in boxOfActin.MyoRod@7a2faf14
Crazy forceSum in boxOfActin.MyoRod@33761e5b
Crazy forceSum in boxOfActin.MyoMiniFilament@38864c5f
Crazy torqueSum in boxOfActin.MyoMiniFilament@38864c5f
Crazy forceSum in boxOfActin.MyoRod@327e272f
Crazy forceSum in boxOfActin.MyoRod@777caf04
Crazy forceSum in boxOfActin.MyoRod@7d12f100
Crazy forceSum in boxOfActin.MyoRod@4641dbc0
Crazy forceSum in boxOfActin.MyoRod@5c5db78
Crazy forceSum in boxOfActin.MyoRod@1753504b
Crazy forceSum in boxOfActin.MyoRod@7da32950
Crazy forceSum in boxOfActin.MyoRod@35f472ff
Crazy forceSum in boxOfActin.MyoRod@1ec17122
Crazy forceSum in boxOfActin.MyoRod@131dabb9
Crazy forceSum in boxOfActin.MyoRod@7710e923
Crazy forceSum in boxOfActin.MyoRod@61e51eb4
Crazy forceSum in boxOfActin.MyoRod@74b83bcb
Crazy forceSum in boxOfActin.MyoRod@a061686
Crazy forceSum in boxOfActin.MyoRod@7a2faf14
Crazy forceSum in boxOfActin.MyoRod@33761e5b
Crazy forceSum in boxOfActin.MyoMiniFilament@38864c5f
Crazy torqueSum in boxOfActin.MyoMiniFilament@38864c5f
Crazy forceSum in boxOfActin.MyoRod@327e272f
Crazy forceSum in boxOfActin.MyoRod@777caf04
Crazy forceSum in boxOfActin.MyoRod@7d12f100
Crazy forceSum in boxOfActin.MyoRod@4641dbc0
Crazy forceSum in boxOfActin.MyoRod@5c5db78
Crazy forceSum in boxOfActin.MyoRod@1753504b
Crazy forceSum in boxOfActin.MyoRod@7da32950
Crazy forceSum in boxOfActin.MyoRod@35f472ff
Crazy forceSum in boxOfActin.MyoRod@1ec17122
Crazy forceSum in boxOfActin.MyoRod@131dabb9
Crazy forceSum in boxOfActin.MyoRod@7710e923
Crazy forceSum in boxOfActin.MyoRod@61e51eb4
Crazy forceSum in boxOfActin.MyoRod@74b83bcb
Crazy forceSum in boxOfActin.MyoRod@a061686
Crazy forceSum in boxOfActin.MyoRod@7a2faf14
Crazy forceSum in boxOfActin.MyoRod@33761e5b
Crazy forceSum in boxOfActin.MyoMiniFilament@38864c5f
Crazy torqueSum in boxOfActin.MyoMiniFilament@38864c5f
Crazy forceSum in boxOfActin.MyoRod@327e272f
Crazy forceSum in boxOfActin.MyoRod@777caf04
Crazy forceSum in boxOfActin.MyoRod@7d12f100
Crazy forceSum in boxOfActin.MyoRod@4641dbc0
Crazy forceSum in boxOfActin.MyoRod@5c5db78
Crazy forceSum in boxOfActin.MyoRod@1753504b
Crazy forceSum in boxOfActin.MyoRod@7da32950
Crazy forceSum in boxOfActin.MyoRod@35f472ff
Crazy forceSum in boxOfActin.MyoRod@1ec17122
Crazy forceSum in boxOfActin.MyoRod@131dabb9
Crazy forceSum in boxOfActin.MyoRod@7710e923
Crazy forceSum in boxOfActin.MyoRod@61e51eb4
Crazy forceSum in boxOfActin.MyoRod@74b83bcb
Crazy forceSum in boxOfActin.MyoRod@a061686
Crazy forceSum in boxOfActin.MyoRod@7a2faf14
Crazy forceSum in boxOfActin.MyoRod@33761e5b
Crazy forceSum in boxOfActin.MyoMiniFilament@38864c5f
Crazy torqueSum in boxOfActin.MyoMiniFilament@38864c5f
Crazy forceSum in boxOfActin.MyoRod@327e272f
Crazy forceSum in boxOfActin.MyoRod@777caf04
Crazy forceSum in boxOfActin.MyoRod@7d12f100
Crazy forceSum in boxOfActin.MyoRod@4641dbc0
Crazy forceSum in boxOfActin.MyoRod@5c5db78
Crazy forceSum in boxOfActin.MyoRod@1753504b
Crazy forceSum in boxOfActin.MyoRod@7da32950
Crazy forceSum in boxOfActin.MyoRod@35f472ff
Crazy forceSum in boxOfActin.MyoRod@1ec17122
Crazy forceSum in boxOfActin.MyoRod@131dabb9
Crazy forceSum in boxOfActin.MyoRod@7710e923
Crazy forceSum in boxOfActin.MyoRod@61e51eb4
Crazy forceSum in boxOfActin.MyoRod@74b83bcb
Crazy forceSum in boxOfActin.MyoRod@a061686
Crazy forceSum in boxOfActin.MyoRod@7a2faf14
Crazy forceSum in boxOfActin.MyoRod@33761e5b
Crazy forceSum in boxOfActin.MyoMiniFilament@38864c5f
Crazy torqueSum in boxOfActin.MyoMiniFilament@38864c5f
Crazy forceSum in boxOfActin.MyoRod@327e272f
Crazy forceSum in boxOfActin.MyoRod@777caf04
Crazy forceSum in boxOfActin.MyoRod@7d12f100
Crazy forceSum in boxOfActin.MyoRod@4641dbc0
Crazy forceSum in boxOfActin.MyoRod@5c5db78
Crazy forceSum in boxOfActin.MyoRod@1753504b
Crazy forceSum in boxOfActin.MyoRod@7da32950
Crazy forceSum in boxOfActin.MyoRod@35f472ff
Crazy forceSum in boxOfActin.MyoRod@1ec17122
Crazy forceSum in boxOfActin.MyoRod@131dabb9
Crazy forceSum in boxOfActin.MyoRod@7710e923
Crazy forceSum in boxOfActin.MyoRod@61e51eb4
Crazy forceSum in boxOfActin.MyoRod@74b83bcb
Crazy forceSum in boxOfActin.MyoRod@a061686
Crazy forceSum in boxOfActin.MyoRod@7a2faf14
Crazy forceSum in boxOfActin.MyoRod@33761e5b
Crazy forceSum in boxOfActin.MyoMiniFilament@38864c5f
Crazy torqueSum in boxOfActin.MyoMiniFilament@38864c5f
Crazy forceSum in boxOfActin.MyoRod@327e272f
Crazy forceSum in boxOfActin.MyoRod@777caf04
Crazy forceSum in boxOfActin.MyoRod@7d12f100
Crazy forceSum in boxOfActin.MyoRod@4641dbc0
Crazy forceSum in boxOfActin.MyoRod@5c5db78
Crazy forceSum in boxOfActin.MyoRod@1753504b
Crazy forceSum in boxOfActin.MyoRod@7da32950
Crazy forceSum in boxOfActin.MyoRod@35f472ff
Crazy forceSum in boxOfActin.MyoRod@1ec17122
Crazy forceSum in boxOfActin.MyoRod@131dabb9
Crazy forceSum in boxOfActin.MyoRod@7710e923
Crazy forceSum in boxOfActin.MyoRod@61e51eb4
Crazy forceSum in boxOfActin.MyoRod@74b83bcb
Crazy forceSum in boxOfActin.MyoRod@a061686
Crazy forceSum in boxOfActin.MyoRod@7a2faf14
Crazy forceSum in boxOfActin.MyoRod@33761e5b
Crazy forceSum in boxOfActin.MyoMiniFilament@38864c5f
Crazy torqueSum in boxOfActin.MyoMiniFilament@38864c5f
Crazy forceSum in boxOfActin.MyoRod@327e272f
Crazy forceSum in boxOfActin.MyoRod@777caf04
Crazy forceSum in boxOfActin.MyoRod@7d12f100
Crazy forceSum in boxOfActin.MyoRod@4641dbc0
Crazy forceSum in boxOfActin.MyoRod@5c5db78
Crazy forceSum in boxOfActin.MyoRod@1753504b
Crazy forceSum in boxOfActin.MyoRod@7da32950
Crazy forceSum in boxOfActin.MyoRod@35f472ff
Crazy forceSum in boxOfActin.MyoRod@1ec17122
Crazy forceSum in boxOfActin.MyoRod@131dabb9
Crazy forceSum in boxOfActin.MyoRod@7710e923
Crazy forceSum in boxOfActin.MyoRod@61e51eb4
Crazy forceSum in boxOfActin.MyoRod@74b83bcb
Crazy forceSum in boxOfActin.MyoRod@a061686
Crazy forceSum in boxOfActin.MyoRod@7a2faf14
Crazy forceSum in boxOfActin.MyoRod@33761e5b
Crazy forceSum in boxOfActin.MyoMiniFilament@38864c5f
Crazy torqueSum in boxOfActin.MyoMiniFilament@38864c5f
Crazy forceSum in boxOfActin.MyoRod@327e272f
Crazy forceSum in boxOfActin.MyoRod@777caf04
Crazy forceSum in boxOfActin.MyoRod@7d12f100
Crazy forceSum in boxOfActin.MyoRod@4641dbc0
Crazy forceSum in boxOfActin.MyoRod@5c5db78
Crazy forceSum in boxOfActin.MyoRod@1753504b
Crazy forceSum in boxOfActin.MyoRod@7da32950
Crazy forceSum in boxOfActin.MyoRod@35f472ff
Crazy forceSum in boxOfActin.MyoRod@1ec17122
Crazy forceSum in boxOfActin.MyoRod@131dabb9
Crazy forceSum in boxOfActin.MyoRod@7710e923
Crazy forceSum in boxOfActin.MyoRod@61e51eb4
Crazy forceSum in boxOfActin.MyoRod@74b83bcb
Crazy forceSum in boxOfActin.MyoRod@a061686
Crazy forceSum in boxOfActin.MyoRod@7a2faf14
Crazy forceSum in boxOfActin.MyoRod@33761e5b
Crazy forceSum in boxOfActin.MyoMiniFilament@38864c5f
Crazy torqueSum in boxOfActin.MyoMiniFilament@38864c5f
Crazy forceSum in boxOfActin.MyoRod@327e272f
Crazy forceSum in boxOfActin.MyoRod@777caf04
Crazy forceSum in boxOfActin.MyoRod@7d12f100
Crazy forceSum in boxOfActin.MyoRod@4641dbc0
Crazy forceSum in boxOfActin.MyoRod@5c5db78
Crazy forceSum in boxOfActin.MyoRod@1753504b
Crazy forceSum in boxOfActin.MyoRod@7da32950
Crazy forceSum in boxOfActin.MyoRod@35f472ff
Crazy forceSum in boxOfActin.MyoRod@1ec17122
Crazy forceSum in boxOfActin.MyoRod@131dabb9
Crazy forceSum in boxOfActin.MyoRod@7710e923
Crazy forceSum in boxOfActin.MyoRod@61e51eb4
Crazy forceSum in boxOfActin.MyoRod@74b83bcb
Crazy forceSum in boxOfActin.MyoRod@a061686
Crazy forceSum in boxOfActin.MyoRod@7a2faf14
Crazy forceSum in boxOfActin.MyoRod@33761e5b
Crazy forceSum in boxOfActin.MyoMiniFilament@38864c5f
Crazy torqueSum in boxOfActin.MyoMiniFilament@38864c5f
Crazy forceSum in boxOfActin.MyoRod@327e272f
Crazy forceSum in boxOfActin.MyoRod@777caf04
Crazy forceSum in boxOfActin.MyoRod@7d12f100
Crazy forceSum in boxOfActin.MyoRod@4641dbc0
Crazy forceSum in boxOfActin.MyoRod@5c5db78
Crazy forceSum in boxOfActin.MyoRod@1753504b
Crazy forceSum in boxOfActin.MyoRod@7da32950
Crazy forceSum in boxOfActin.MyoRod@35f472ff
Crazy forceSum in boxOfActin.MyoRod@1ec17122
Crazy forceSum in boxOfActin.MyoRod@131dabb9
Crazy forceSum in boxOfActin.MyoRod@7710e923
Crazy forceSum in boxOfActin.MyoRod@61e51eb4
Crazy forceSum in boxOfActin.MyoRod@74b83bcb
Crazy forceSum in boxOfActin.MyoRod@a061686
Crazy forceSum in boxOfActin.MyoRod@7a2faf14
Crazy forceSum in boxOfActin.MyoRod@33761e5b
Crazy forceSum in boxOfActin.MyoMiniFilament@38864c5f
Crazy torqueSum in boxOfActin.MyoMiniFilament@38864c5f
Crazy forceSum in boxOfActin.MyoRod@327e272f
Crazy forceSum in boxOfActin.MyoRod@777caf04
Crazy forceSum in boxOfActin.MyoRod@7d12f100
Crazy forceSum in boxOfActin.MyoRod@4641dbc0
Crazy forceSum in boxOfActin.MyoRod@5c5db78
Crazy forceSum in boxOfActin.MyoRod@1753504b
Crazy forceSum in boxOfActin.MyoRod@7da32950
Crazy forceSum in boxOfActin.MyoRod@35f472ff
Crazy forceSum in boxOfActin.MyoRod@1ec17122
Crazy forceSum in boxOfActin.MyoRod@131dabb9
Crazy forceSum in boxOfActin.MyoRod@7710e923
Crazy forceSum in boxOfActin.MyoRod@61e51eb4
Crazy forceSum in boxOfActin.MyoRod@74b83bcb
Crazy forceSum in boxOfActin.MyoRod@a061686
Crazy forceSum in boxOfActin.MyoRod@7a2faf14
Crazy forceSum in boxOfActin.MyoRod@33761e5b
Crazy forceSum in boxOfActin.MyoMiniFilament@38864c5f
Crazy torqueSum in boxOfActin.MyoMiniFilament@38864c5f
Crazy forceSum in boxOfActin.MyoRod@327e272f
Crazy forceSum in boxOfActin.MyoRod@777caf04
Crazy forceSum in boxOfActin.MyoRod@7d12f100
Crazy forceSum in boxOfActin.MyoRod@4641dbc0
Crazy forceSum in boxOfActin.MyoRod@5c5db78
Crazy forceSum in boxOfActin.MyoRod@1753504b
Crazy forceSum in boxOfActin.MyoRod@7da32950
Crazy forceSum in boxOfActin.MyoRod@35f472ff
Crazy forceSum in boxOfActin.MyoRod@1ec17122
Crazy forceSum in boxOfActin.MyoRod@131dabb9
Crazy forceSum in boxOfActin.MyoRod@7710e923
Crazy forceSum in boxOfActin.MyoRod@61e51eb4
Crazy forceSum in boxOfActin.MyoRod@74b83bcb
Crazy forceSum in boxOfActin.MyoRod@a061686
Crazy forceSum in boxOfActin.MyoRod@7a2faf14
Crazy forceSum in boxOfActin.MyoRod@33761e5b
Crazy forceSum in boxOfActin.MyoMiniFilament@38864c5f
Crazy torqueSum in boxOfActin.MyoMiniFilament@38864c5f
Crazy forceSum in boxOfActin.MyoRod@327e272f
Crazy forceSum in boxOfActin.MyoRod@777caf04
Crazy forceSum in boxOfActin.MyoRod@7d12f100
Crazy forceSum in boxOfActin.MyoRod@4641dbc0
Crazy forceSum in boxOfActin.MyoRod@5c5db78
Crazy forceSum in boxOfActin.MyoRod@1753504b
Crazy forceSum in boxOfActin.MyoRod@7da32950
Crazy forceSum in boxOfActin.MyoRod@35f472ff
Crazy forceSum in boxOfActin.MyoRod@1ec17122
Crazy forceSum in boxOfActin.MyoRod@131dabb9
Crazy forceSum in boxOfActin.MyoRod@7710e923
Crazy forceSum in boxOfActin.MyoRod@61e51eb4
Crazy forceSum in boxOfActin.MyoRod@74b83bcb
Crazy forceSum in boxOfActin.MyoRod@a061686
Crazy forceSum in boxOfActin.MyoRod@7a2faf14
Crazy forceSum in boxOfActin.MyoRod@33761e5b
Crazy forceSum in boxOfActin.MyoMiniFilament@38864c5f
Crazy torqueSum in boxOfActin.MyoMiniFilament@38864c5f
Crazy forceSum in boxOfActin.MyoRod@327e272f
Crazy forceSum in boxOfActin.MyoRod@777caf04
Crazy forceSum in boxOfActin.MyoRod@7d12f100
Crazy forceSum in boxOfActin.MyoRod@4641dbc0
Crazy forceSum in boxOfActin.MyoRod@5c5db78
Crazy forceSum in boxOfActin.MyoRod@1753504b
Crazy forceSum in boxOfActin.MyoRod@7da32950
Crazy forceSum in boxOfActin.MyoRod@35f472ff
Crazy forceSum in boxOfActin.MyoRod@1ec17122
Crazy forceSum in boxOfActin.MyoRod@131dabb9
Crazy forceSum in boxOfActin.MyoRod@7710e923
Crazy forceSum in boxOfActin.MyoRod@61e51eb4
Crazy forceSum in boxOfActin.MyoRod@74b83bcb
Crazy forceSum in boxOfActin.MyoRod@a061686
Crazy forceSum in boxOfActin.MyoRod@7a2faf14
Crazy forceSum in boxOfActin.MyoRod@33761e5b
Crazy forceSum in boxOfActin.MyoMiniFilament@38864c5f
Crazy torqueSum in boxOfActin.MyoMiniFilament@38864c5f
Crazy forceSum in boxOfActin.MyoRod@327e272f
Crazy forceSum in boxOfActin.MyoRod@777caf04
Crazy forceSum in boxOfActin.MyoRod@7d12f100
Crazy forceSum in boxOfActin.MyoRod@4641dbc0
Crazy forceSum in boxOfActin.MyoRod@5c5db78
Crazy forceSum in boxOfActin.MyoRod@1753504b
Crazy forceSum in boxOfActin.MyoRod@7da32950
Crazy forceSum in boxOfActin.MyoRod@35f472ff
Crazy forceSum in boxOfActin.MyoRod@1ec17122
Crazy forceSum in boxOfActin.MyoRod@131dabb9
Crazy forceSum in boxOfActin.MyoRod@7710e923
Crazy forceSum in boxOfActin.MyoRod@61e51eb4
Crazy forceSum in boxOfActin.MyoRod@74b83bcb
Crazy forceSum in boxOfActin.MyoRod@a061686
Crazy forceSum in boxOfActin.MyoRod@7a2faf14
Crazy forceSum in boxOfActin.MyoRod@33761e5b
Crazy forceSum in boxOfActin.MyoMiniFilament@38864c5f
Crazy torqueSum in boxOfActin.MyoMiniFilament@38864c5f
Crazy forceSum in boxOfActin.MyoRod@327e272f
Crazy forceSum in boxOfActin.MyoRod@777caf04
Crazy forceSum in boxOfActin.MyoRod@7d12f100
Crazy forceSum in boxOfActin.MyoRod@4641dbc0
Crazy forceSum in boxOfActin.MyoRod@5c5db78
Crazy forceSum in boxOfActin.MyoRod@1753504b
Crazy forceSum in boxOfActin.MyoRod@7da32950
Crazy forceSum in boxOfActin.MyoRod@35f472ff
Crazy forceSum in boxOfActin.MyoRod@1ec17122
Crazy forceSum in boxOfActin.MyoRod@131dabb9
Crazy forceSum in boxOfActin.MyoRod@7710e923
Crazy forceSum in boxOfActin.MyoRod@61e51eb4
Crazy forceSum in boxOfActin.MyoRod@74b83bcb
Crazy forceSum in boxOfActin.MyoRod@a061686
Crazy forceSum in boxOfActin.MyoRod@7a2faf14
Crazy forceSum in boxOfActin.MyoRod@33761e5b
Crazy forceSum in boxOfActin.MyoMiniFilament@38864c5f
Crazy torqueSum in boxOfActin.MyoMiniFilament@38864c5f
Crazy forceSum in boxOfActin.MyoRod@327e272f
Crazy forceSum in boxOfActin.MyoRod@777caf04
Crazy forceSum in boxOfActin.MyoRod@7d12f100
Crazy forceSum in boxOfActin.MyoRod@4641dbc0
Crazy forceSum in boxOfActin.MyoRod@5c5db78
Crazy forceSum in boxOfActin.MyoRod@1753504b
Crazy forceSum in boxOfActin.MyoRod@7da32950
Crazy forceSum in boxOfActin.MyoRod@35f472ff
Crazy forceSum in boxOfActin.MyoRod@1ec17122
Crazy forceSum in boxOfActin.MyoRod@131dabb9
Crazy forceSum in boxOfActin.MyoRod@7710e923
Crazy forceSum in boxOfActin.MyoRod@61e51eb4
Crazy forceSum in boxOfActin.MyoRod@74b83bcb
Crazy forceSum in boxOfActin.MyoRod@a061686
Crazy forceSum in boxOfActin.MyoRod@7a2faf14
Crazy forceSum in boxOfActin.MyoRod@33761e5b
Crazy forceSum in boxOfActin.MyoMiniFilament@38864c5f
Crazy torqueSum in boxOfActin.MyoMiniFilament@38864c5f
Crazy forceSum in boxOfActin.MyoRod@327e272f
Crazy forceSum in boxOfActin.MyoRod@777caf04
Crazy forceSum in boxOfActin.MyoRod@7d12f100
Crazy forceSum in boxOfActin.MyoRod@4641dbc0
Crazy forceSum in boxOfActin.MyoRod@5c5db78
Crazy forceSum in boxOfActin.MyoRod@1753504b
Crazy forceSum in boxOfActin.MyoRod@7da32950
Crazy forceSum in boxOfActin.MyoRod@35f472ff
Crazy forceSum in boxOfActin.MyoRod@1ec17122
Crazy forceSum in boxOfActin.MyoRod@131dabb9
Crazy forceSum in boxOfActin.MyoRod@7710e923
Crazy forceSum in boxOfActin.MyoRod@61e51eb4
Crazy forceSum in boxOfActin.MyoRod@74b83bcb
Crazy forceSum in boxOfActin.MyoRod@a061686
Crazy forceSum in boxOfActin.MyoRod@7a2faf14
Crazy forceSum in boxOfActin.MyoRod@33761e5b
Crazy forceSum in boxOfActin.MyoMiniFilament@38864c5f
Crazy torqueSum in boxOfActin.MyoMiniFilament@38864c5f
Crazy forceSum in boxOfActin.MyoRod@327e272f
Crazy forceSum in boxOfActin.MyoRod@777caf04
Crazy forceSum in boxOfActin.MyoRod@7d12f100
Crazy forceSum in boxOfActin.MyoRod@4641dbc0
Crazy forceSum in boxOfActin.MyoRod@5c5db78
Crazy forceSum in boxOfActin.MyoRod@1753504b
Crazy forceSum in boxOfActin.MyoRod@7da32950
Crazy forceSum in boxOfActin.MyoRod@35f472ff
Crazy forceSum in boxOfActin.MyoRod@1ec17122
Crazy forceSum in boxOfActin.MyoRod@131dabb9
Crazy forceSum in boxOfActin.MyoRod@7710e923
Crazy forceSum in boxOfActin.MyoRod@61e51eb4
Crazy forceSum in boxOfActin.MyoRod@74b83bcb
Crazy forceSum in boxOfActin.MyoRod@a061686
Crazy forceSum in boxOfActin.MyoRod@7a2faf14
Crazy forceSum in boxOfActin.MyoRod@33761e5b
Crazy forceSum in boxOfActin.MyoMiniFilament@38864c5f
Crazy torqueSum in boxOfActin.MyoMiniFilament@38864c5f
Crazy forceSum in boxOfActin.MyoRod@327e272f
Crazy forceSum in boxOfActin.MyoRod@777caf04
Crazy forceSum in boxOfActin.MyoRod@7d12f100
Crazy forceSum in boxOfActin.MyoRod@4641dbc0
Crazy forceSum in boxOfActin.MyoRod@5c5db78
Crazy forceSum in boxOfActin.MyoRod@1753504b
Crazy forceSum in boxOfActin.MyoRod@7da32950
Crazy forceSum in boxOfActin.MyoRod@35f472ff
Crazy forceSum in boxOfActin.MyoRod@1ec17122
Crazy forceSum in boxOfActin.MyoRod@131dabb9
Crazy forceSum in boxOfActin.MyoRod@7710e923
Crazy forceSum in boxOfActin.MyoRod@61e51eb4
Crazy forceSum in boxOfActin.MyoRod@74b83bcb
Crazy forceSum in boxOfActin.MyoRod@a061686
Crazy forceSum in boxOfActin.MyoRod@7a2faf14
Crazy forceSum in boxOfActin.MyoRod@33761e5b
Crazy forceSum in boxOfActin.MyoMiniFilament@38864c5f
Crazy torqueSum in boxOfActin.MyoMiniFilament@38864c5f
Crazy forceSum in boxOfActin.MyoRod@327e272f
Crazy forceSum in boxOfActin.MyoRod@777caf04
Crazy forceSum in boxOfActin.MyoRod@7d12f100
Crazy forceSum in boxOfActin.MyoRod@4641dbc0
Crazy forceSum in boxOfActin.MyoRod@5c5db78
Crazy forceSum in boxOfActin.MyoRod@1753504b
Crazy forceSum in boxOfActin.MyoRod@7da32950
Crazy forceSum in boxOfActin.MyoRod@35f472ff
Crazy forceSum in boxOfActin.MyoRod@1ec17122
Crazy forceSum in boxOfActin.MyoRod@131dabb9
Crazy forceSum in boxOfActin.MyoRod@7710e923
Crazy forceSum in boxOfActin.MyoRod@61e51eb4
Crazy forceSum in boxOfActin.MyoRod@74b83bcb
Crazy forceSum in boxOfActin.MyoRod@a061686
Crazy forceSum in boxOfActin.MyoRod@7a2faf14
Crazy forceSum in boxOfActin.MyoRod@33761e5b
Crazy forceSum in boxOfActin.MyoMiniFilament@38864c5f
Crazy torqueSum in boxOfActin.MyoMiniFilament@38864c5f
Crazy forceSum in boxOfActin.MyoRod@327e272f
Crazy forceSum in boxOfActin.MyoRod@777caf04
Crazy forceSum in boxOfActin.MyoRod@7d12f100
Crazy forceSum in boxOfActin.MyoRod@4641dbc0
Crazy forceSum in boxOfActin.MyoRod@5c5db78
Crazy forceSum in boxOfActin.MyoRod@1753504b
Crazy forceSum in boxOfActin.MyoRod@7da32950
Crazy forceSum in boxOfActin.MyoRod@35f472ff
Crazy forceSum in boxOfActin.MyoRod@1ec17122
Crazy forceSum in boxOfActin.MyoRod@131dabb9
Crazy forceSum in boxOfActin.MyoRod@7710e923
Crazy forceSum in boxOfActin.MyoRod@61e51eb4
Crazy forceSum in boxOfActin.MyoRod@74b83bcb
Crazy forceSum in boxOfActin.MyoRod@a061686
Crazy forceSum in boxOfActin.MyoRod@7a2faf14
Crazy forceSum in boxOfActin.MyoRod@33761e5b
Crazy forceSum in boxOfActin.MyoMiniFilament@38864c5f
Crazy torqueSum in boxOfActin.MyoMiniFilament@38864c5f
Crazy forceSum in boxOfActin.MyoRod@327e272f
Crazy forceSum in boxOfActin.MyoRod@777caf04
Crazy forceSum in boxOfActin.MyoRod@7d12f100
Crazy forceSum in boxOfActin.MyoRod@4641dbc0
Crazy forceSum in boxOfActin.MyoRod@5c5db78
Crazy forceSum in boxOfActin.MyoRod@1753504b
Crazy forceSum in boxOfActin.MyoRod@7da32950
Crazy forceSum in boxOfActin.MyoRod@35f472ff
Crazy forceSum in boxOfActin.MyoRod@1ec17122
Crazy forceSum in boxOfActin.MyoRod@131dabb9
Crazy forceSum in boxOfActin.MyoRod@7710e923
Crazy forceSum in boxOfActin.MyoRod@61e51eb4
Crazy forceSum in boxOfActin.MyoRod@74b83bcb
Crazy forceSum in boxOfActin.MyoRod@a061686
Crazy forceSum in boxOfActin.MyoRod@7a2faf14
Crazy forceSum in boxOfActin.MyoRod@33761e5b
Crazy forceSum in boxOfActin.MyoMiniFilament@38864c5f
Crazy torqueSum in boxOfActin.MyoMiniFilament@38864c5f
Crazy forceSum in boxOfActin.MyoRod@327e272f
Crazy forceSum in boxOfActin.MyoRod@777caf04
Crazy forceSum in boxOfActin.MyoRod@7d12f100
Crazy forceSum in boxOfActin.MyoRod@4641dbc0
Crazy forceSum in boxOfActin.MyoRod@5c5db78
Crazy forceSum in boxOfActin.MyoRod@1753504b
Crazy forceSum in boxOfActin.MyoRod@7da32950
Crazy forceSum in boxOfActin.MyoRod@35f472ff
Crazy forceSum in boxOfActin.MyoRod@1ec17122
Crazy forceSum in boxOfActin.MyoRod@131dabb9
Crazy forceSum in boxOfActin.MyoRod@7710e923
Crazy forceSum in boxOfActin.MyoRod@61e51eb4
Crazy forceSum in boxOfActin.MyoRod@74b83bcb
Crazy forceSum in boxOfActin.MyoRod@a061686
Crazy forceSum in boxOfActin.MyoRod@7a2faf14
Crazy forceSum in boxOfActin.MyoRod@33761e5b
Crazy forceSum in boxOfActin.MyoMiniFilament@38864c5f
Crazy torqueSum in boxOfActin.MyoMiniFilament@38864c5f
Crazy forceSum in boxOfActin.MyoRod@327e272f
Crazy forceSum in boxOfActin.MyoRod@777caf04
Crazy forceSum in boxOfActin.MyoRod@7d12f100
Crazy forceSum in boxOfActin.MyoRod@4641dbc0
Crazy forceSum in boxOfActin.MyoRod@5c5db78
Crazy forceSum in boxOfActin.MyoRod@1753504b
Crazy forceSum in boxOfActin.MyoRod@7da32950
Crazy forceSum in boxOfActin.MyoRod@35f472ff
Crazy forceSum in boxOfActin.MyoRod@1ec17122
Crazy forceSum in boxOfActin.MyoRod@131dabb9
Crazy forceSum in boxOfActin.MyoRod@7710e923
Crazy forceSum in boxOfActin.MyoRod@61e51eb4
Crazy forceSum in boxOfActin.MyoRod@74b83bcb
Crazy forceSum in boxOfActin.MyoRod@a061686
Crazy forceSum in boxOfActin.MyoRod@7a2faf14
Crazy forceSum in boxOfActin.MyoRod@33761e5b
Crazy forceSum in boxOfActin.MyoMiniFilament@38864c5f
Crazy torqueSum in boxOfActin.MyoMiniFilament@38864c5f
Crazy forceSum in boxOfActin.MyoRod@327e272f
Crazy forceSum in boxOfActin.MyoRod@777caf04
Crazy forceSum in boxOfActin.MyoRod@7d12f100
Crazy forceSum in boxOfActin.MyoRod@4641dbc0
Crazy forceSum in boxOfActin.MyoRod@5c5db78
Crazy forceSum in boxOfActin.MyoRod@1753504b
Crazy forceSum in boxOfActin.MyoRod@7da32950
Crazy forceSum in boxOfActin.MyoRod@35f472ff
Crazy forceSum in boxOfActin.MyoRod@1ec17122
Crazy forceSum in boxOfActin.MyoRod@131dabb9
Crazy forceSum in boxOfActin.MyoRod@7710e923
Crazy forceSum in boxOfActin.MyoRod@61e51eb4
Crazy forceSum in boxOfActin.MyoRod@74b83bcb
Crazy forceSum in boxOfActin.MyoRod@a061686
Crazy forceSum in boxOfActin.MyoRod@7a2faf14
Crazy forceSum in boxOfActin.MyoRod@33761e5b
Crazy forceSum in boxOfActin.MyoMiniFilament@38864c5f
Crazy torqueSum in boxOfActin.MyoMiniFilament@38864c5f
Crazy forceSum in boxOfActin.MyoRod@327e272f
Crazy forceSum in boxOfActin.MyoRod@777caf04
Crazy forceSum in boxOfActin.MyoRod@7d12f100
Crazy forceSum in boxOfActin.MyoRod@4641dbc0
Crazy forceSum in boxOfActin.MyoRod@5c5db78
Crazy forceSum in boxOfActin.MyoRod@1753504b
Crazy forceSum in boxOfActin.MyoRod@7da32950
Crazy forceSum in boxOfActin.MyoRod@35f472ff
Crazy forceSum in boxOfActin.MyoRod@1ec17122
Crazy forceSum in boxOfActin.MyoRod@131dabb9
Crazy forceSum in boxOfActin.MyoRod@7710e923
Crazy forceSum in boxOfActin.MyoRod@61e51eb4
Crazy forceSum in boxOfActin.MyoRod@74b83bcb
Crazy forceSum in boxOfActin.MyoRod@a061686
Crazy forceSum in boxOfActin.MyoRod@7a2faf14
Crazy forceSum in boxOfActin.MyoRod@33761e5b
Crazy forceSum in boxOfActin.MyoMiniFilament@38864c5f
Crazy torqueSum in boxOfActin.MyoMiniFilament@38864c5f
Crazy forceSum in boxOfActin.MyoRod@327e272f
Crazy forceSum in boxOfActin.MyoRod@777caf04
Crazy forceSum in boxOfActin.MyoRod@7d12f100
Crazy forceSum in boxOfActin.MyoRod@4641dbc0
Crazy forceSum in boxOfActin.MyoRod@5c5db78
Crazy forceSum in boxOfActin.MyoRod@1753504b
Crazy forceSum in boxOfActin.MyoRod@7da32950
Crazy forceSum in boxOfActin.MyoRod@35f472ff
Crazy forceSum in boxOfActin.MyoRod@1ec17122
Crazy forceSum in boxOfActin.MyoRod@131dabb9
Crazy forceSum in boxOfActin.MyoRod@7710e923
Crazy forceSum in boxOfActin.MyoRod@61e51eb4
Crazy forceSum in boxOfActin.MyoRod@74b83bcb
Crazy forceSum in boxOfActin.MyoRod@a061686
Crazy forceSum in boxOfActin.MyoRod@7a2faf14
Crazy forceSum in boxOfActin.MyoRod@33761e5b
Crazy forceSum in boxOfActin.MyoMiniFilament@38864c5f
Crazy torqueSum in boxOfActin.MyoMiniFilament@38864c5f
Crazy forceSum in boxOfActin.MyoRod@327e272f
Crazy forceSum in boxOfActin.MyoRod@777caf04
Crazy forceSum in boxOfActin.MyoRod@7d12f100
Crazy forceSum in boxOfActin.MyoRod@4641dbc0
Crazy forceSum in boxOfActin.MyoRod@5c5db78
Crazy forceSum in boxOfActin.MyoRod@1753504b
Crazy forceSum in boxOfActin.MyoRod@7da32950
Crazy forceSum in boxOfActin.MyoRod@35f472ff
Crazy forceSum in boxOfActin.MyoRod@1ec17122
Crazy forceSum in boxOfActin.MyoRod@131dabb9
Crazy forceSum in boxOfActin.MyoRod@7710e923
Crazy forceSum in boxOfActin.MyoRod@61e51eb4
Crazy forceSum in boxOfActin.MyoRod@74b83bcb
Crazy forceSum in boxOfActin.MyoRod@a061686
Crazy forceSum in boxOfActin.MyoRod@7a2faf14
Crazy forceSum in boxOfActin.MyoRod@33761e5b
Crazy forceSum in boxOfActin.MyoMiniFilament@38864c5f
Crazy torqueSum in boxOfActin.MyoMiniFilament@38864c5f
Crazy forceSum in boxOfActin.MyoRod@327e272f
Crazy forceSum in boxOfActin.MyoRod@777caf04
Crazy forceSum in boxOfActin.MyoRod@7d12f100
Crazy forceSum in boxOfActin.MyoRod@4641dbc0
Crazy forceSum in boxOfActin.MyoRod@5c5db78
Crazy forceSum in boxOfActin.MyoRod@1753504b
Crazy forceSum in boxOfActin.MyoRod@7da32950
Crazy forceSum in boxOfActin.MyoRod@35f472ff
Crazy forceSum in boxOfActin.MyoRod@1ec17122
Crazy forceSum in boxOfActin.MyoRod@131dabb9
Crazy forceSum in boxOfActin.MyoRod@7710e923
Crazy forceSum in boxOfActin.MyoRod@61e51eb4
Crazy forceSum in boxOfActin.MyoRod@74b83bcb
Crazy forceSum in boxOfActin.MyoRod@a061686
Crazy forceSum in boxOfActin.MyoRod@7a2faf14
Crazy forceSum in boxOfActin.MyoRod@33761e5b
Crazy forceSum in boxOfActin.MyoMiniFilament@38864c5f
Crazy torqueSum in boxOfActin.MyoMiniFilament@38864c5f
Crazy forceSum in boxOfActin.MyoRod@327e272f
Crazy forceSum in boxOfActin.MyoRod@777caf04
Crazy forceSum in boxOfActin.MyoRod@7d12f100
Crazy forceSum in boxOfActin.MyoRod@4641dbc0
Crazy forceSum in boxOfActin.MyoRod@5c5db78
Crazy forceSum in boxOfActin.MyoRod@1753504b
Crazy forceSum in boxOfActin.MyoRod@7da32950
Crazy forceSum in boxOfActin.MyoRod@35f472ff
Crazy forceSum in boxOfActin.MyoRod@1ec17122
Crazy forceSum in boxOfActin.MyoRod@131dabb9
Crazy forceSum in boxOfActin.MyoRod@7710e923
Crazy forceSum in boxOfActin.MyoRod@61e51eb4
Crazy forceSum in boxOfActin.MyoRod@74b83bcb
Crazy forceSum in boxOfActin.MyoRod@a061686
Crazy forceSum in boxOfActin.MyoRod@7a2faf14
Crazy forceSum in boxOfActin.MyoRod@33761e5b
Crazy forceSum in boxOfActin.MyoMiniFilament@38864c5f
Crazy torqueSum in boxOfActin.MyoMiniFilament@38864c5f
Crazy forceSum in boxOfActin.MyoRod@327e272f
Crazy forceSum in boxOfActin.MyoRod@777caf04
Crazy forceSum in boxOfActin.MyoRod@7d12f100
Crazy forceSum in boxOfActin.MyoRod@4641dbc0
Crazy forceSum in boxOfActin.MyoRod@5c5db78
Crazy forceSum in boxOfActin.MyoRod@1753504b
Crazy forceSum in boxOfActin.MyoRod@7da32950
Crazy forceSum in boxOfActin.MyoRod@35f472ff
Crazy forceSum in boxOfActin.MyoRod@1ec17122
Crazy forceSum in boxOfActin.MyoRod@131dabb9
Crazy forceSum in boxOfActin.MyoRod@7710e923
Crazy forceSum in boxOfActin.MyoRod@61e51eb4
Crazy forceSum in boxOfActin.MyoRod@74b83bcb
Crazy forceSum in boxOfActin.MyoRod@a061686
Crazy forceSum in boxOfActin.MyoRod@7a2faf14
Crazy forceSum in boxOfActin.MyoRod@33761e5b
Crazy forceSum in boxOfActin.MyoMiniFilament@38864c5f
Crazy torqueSum in boxOfActin.MyoMiniFilament@38864c5f
Crazy forceSum in boxOfActin.MyoRod@327e272f
Crazy forceSum in boxOfActin.MyoRod@777caf04
Crazy forceSum in boxOfActin.MyoRod@7d12f100
Crazy forceSum in boxOfActin.MyoRod@4641dbc0
Crazy forceSum in boxOfActin.MyoRod@5c5db78
Crazy forceSum in boxOfActin.MyoRod@1753504b
Crazy forceSum in boxOfActin.MyoRod@7da32950
Crazy forceSum in boxOfActin.MyoRod@35f472ff
Crazy forceSum in boxOfActin.MyoRod@1ec17122
Crazy forceSum in boxOfActin.MyoRod@131dabb9
Crazy forceSum in boxOfActin.MyoRod@7710e923
Crazy forceSum in boxOfActin.MyoRod@61e51eb4
Crazy forceSum in boxOfActin.MyoRod@74b83bcb
Crazy forceSum in boxOfActin.MyoRod@a061686
Crazy forceSum in boxOfActin.MyoRod@7a2faf14
Crazy forceSum in boxOfActin.MyoRod@33761e5b
Crazy forceSum in boxOfActin.MyoMiniFilament@38864c5f
Crazy torqueSum in boxOfActin.MyoMiniFilament@38864c5f
Crazy forceSum in boxOfActin.MyoRod@327e272f
Crazy forceSum in boxOfActin.MyoRod@777caf04
Crazy forceSum in boxOfActin.MyoRod@7d12f100
Crazy forceSum in boxOfActin.MyoRod@4641dbc0
Crazy forceSum in boxOfActin.MyoRod@5c5db78
Crazy forceSum in boxOfActin.MyoRod@1753504b
Crazy forceSum in boxOfActin.MyoRod@7da32950
Crazy forceSum in boxOfActin.MyoRod@35f472ff
Crazy forceSum in boxOfActin.MyoRod@1ec17122
Crazy forceSum in boxOfActin.MyoRod@131dabb9
Crazy forceSum in boxOfActin.MyoRod@7710e923
Crazy forceSum in boxOfActin.MyoRod@61e51eb4
Crazy forceSum in boxOfActin.MyoRod@74b83bcb
Crazy forceSum in boxOfActin.MyoRod@a061686
Crazy forceSum in boxOfActin.MyoRod@7a2faf14
Crazy forceSum in boxOfActin.MyoRod@33761e5b
Crazy forceSum in boxOfActin.MyoMiniFilament@38864c5f
Crazy torqueSum in boxOfActin.MyoMiniFilament@38864c5f
Crazy forceSum in boxOfActin.MyoRod@327e272f
Crazy forceSum in boxOfActin.MyoRod@777caf04
Crazy forceSum in boxOfActin.MyoRod@7d12f100
Crazy forceSum in boxOfActin.MyoRod@4641dbc0
Crazy forceSum in boxOfActin.MyoRod@5c5db78
Crazy forceSum in boxOfActin.MyoRod@1753504b
Crazy forceSum in boxOfActin.MyoRod@7da32950
Crazy forceSum in boxOfActin.MyoRod@35f472ff
Crazy forceSum in boxOfActin.MyoRod@1ec17122
Crazy forceSum in boxOfActin.MyoRod@131dabb9
Crazy forceSum in boxOfActin.MyoRod@7710e923
Crazy forceSum in boxOfActin.MyoRod@61e51eb4
Crazy forceSum in boxOfActin.MyoRod@74b83bcb
Crazy forceSum in boxOfActin.MyoRod@a061686
Crazy forceSum in boxOfActin.MyoRod@7a2faf14
Crazy forceSum in boxOfActin.MyoRod@33761e5b
Crazy forceSum in boxOfActin.MyoMiniFilament@38864c5f
Crazy torqueSum in boxOfActin.MyoMiniFilament@38864c5f
Crazy forceSum in boxOfActin.MyoRod@327e272f
Crazy forceSum in boxOfActin.MyoRod@777caf04
Crazy forceSum in boxOfActin.MyoRod@7d12f100
Crazy forceSum in boxOfActin.MyoRod@4641dbc0
Crazy forceSum in boxOfActin.MyoRod@5c5db78
Crazy forceSum in boxOfActin.MyoRod@1753504b
Crazy forceSum in boxOfActin.MyoRod@7da32950
Crazy forceSum in boxOfActin.MyoRod@35f472ff
Crazy forceSum in boxOfActin.MyoRod@1ec17122
Crazy forceSum in boxOfActin.MyoRod@131dabb9
Crazy forceSum in boxOfActin.MyoRod@7710e923
Crazy forceSum in boxOfActin.MyoRod@61e51eb4
Crazy forceSum in boxOfActin.MyoRod@74b83bcb
Crazy forceSum in boxOfActin.MyoRod@a061686
Crazy forceSum in boxOfActin.MyoRod@7a2faf14
Crazy forceSum in boxOfActin.MyoRod@33761e5b
Crazy forceSum in boxOfActin.MyoMiniFilament@38864c5f
Crazy torqueSum in boxOfActin.MyoMiniFilament@38864c5f
Crazy forceSum in boxOfActin.MyoRod@327e272f
Crazy forceSum in boxOfActin.MyoRod@777caf04
Crazy forceSum in boxOfActin.MyoRod@7d12f100
Crazy forceSum in boxOfActin.MyoRod@4641dbc0
Crazy forceSum in boxOfActin.MyoRod@5c5db78
Crazy forceSum in boxOfActin.MyoRod@1753504b
Crazy forceSum in boxOfActin.MyoRod@7da32950
Crazy forceSum in boxOfActin.MyoRod@35f472ff
Crazy forceSum in boxOfActin.MyoRod@1ec17122
Crazy forceSum in boxOfActin.MyoRod@131dabb9
Crazy forceSum in boxOfActin.MyoRod@7710e923
Crazy forceSum in boxOfActin.MyoRod@61e51eb4
Crazy forceSum in boxOfActin.MyoRod@74b83bcb
Crazy forceSum in boxOfActin.MyoRod@a061686
Crazy forceSum in boxOfActin.MyoRod@7a2faf14
Crazy forceSum in boxOfActin.MyoRod@33761e5b
Crazy forceSum in boxOfActin.MyoMiniFilament@38864c5f
Crazy torqueSum in boxOfActin.MyoMiniFilament@38864c5f
Crazy forceSum in boxOfActin.MyoRod@327e272f
Crazy forceSum in boxOfActin.MyoRod@777caf04
Crazy forceSum in boxOfActin.MyoRod@7d12f100
Crazy forceSum in boxOfActin.MyoRod@4641dbc0
Crazy forceSum in boxOfActin.MyoRod@5c5db78
Crazy forceSum in boxOfActin.MyoRod@1753504b
Crazy forceSum in boxOfActin.MyoRod@7da32950
Crazy forceSum in boxOfActin.MyoRod@35f472ff
Crazy forceSum in boxOfActin.MyoRod@1ec17122
Crazy forceSum in boxOfActin.MyoRod@131dabb9
Crazy forceSum in boxOfActin.MyoRod@7710e923
Crazy forceSum in boxOfActin.MyoRod@61e51eb4
Crazy forceSum in boxOfActin.MyoRod@74b83bcb
Crazy forceSum in boxOfActin.MyoRod@a061686
Crazy forceSum in boxOfActin.MyoRod@7a2faf14
Crazy forceSum in boxOfActin.MyoRod@33761e5b
Crazy forceSum in boxOfActin.MyoMiniFilament@38864c5f
Crazy torqueSum in boxOfActin.MyoMiniFilament@38864c5f
Crazy forceSum in boxOfActin.MyoRod@327e272f
Crazy forceSum in boxOfActin.MyoRod@777caf04
Crazy forceSum in boxOfActin.MyoRod@7d12f100
Crazy forceSum in boxOfActin.MyoRod@4641dbc0
Crazy forceSum in boxOfActin.MyoRod@5c5db78
Crazy forceSum in boxOfActin.MyoRod@1753504b
Crazy forceSum in boxOfActin.MyoRod@7da32950
Crazy forceSum in boxOfActin.MyoRod@35f472ff
Crazy forceSum in boxOfActin.MyoRod@1ec17122
Crazy forceSum in boxOfActin.MyoRod@131dabb9
Crazy forceSum in boxOfActin.MyoRod@7710e923
Crazy forceSum in boxOfActin.MyoRod@61e51eb4
Crazy forceSum in boxOfActin.MyoRod@74b83bcb
Crazy forceSum in boxOfActin.MyoRod@a061686
Crazy forceSum in boxOfActin.MyoRod@7a2faf14
Crazy forceSum in boxOfActin.MyoRod@33761e5b
Crazy forceSum in boxOfActin.MyoMiniFilament@38864c5f
Crazy torqueSum in boxOfActin.MyoMiniFilament@38864c5f
Crazy forceSum in boxOfActin.MyoRod@327e272f
Crazy forceSum in boxOfActin.MyoRod@777caf04
Crazy forceSum in boxOfActin.MyoRod@7d12f100
Crazy forceSum in boxOfActin.MyoRod@4641dbc0
Crazy forceSum in boxOfActin.MyoRod@5c5db78
Crazy forceSum in boxOfActin.MyoRod@1753504b
Crazy forceSum in boxOfActin.MyoRod@7da32950
Crazy forceSum in boxOfActin.MyoRod@35f472ff
Crazy forceSum in boxOfActin.MyoRod@1ec17122
Crazy forceSum in boxOfActin.MyoRod@131dabb9
Crazy forceSum in boxOfActin.MyoRod@7710e923
Crazy forceSum in boxOfActin.MyoRod@61e51eb4
Crazy forceSum in boxOfActin.MyoRod@74b83bcb
Crazy forceSum in boxOfActin.MyoRod@a061686
Crazy forceSum in boxOfActin.MyoRod@7a2faf14
Crazy forceSum in boxOfActin.MyoRod@33761e5b
Crazy forceSum in boxOfActin.MyoMiniFilament@38864c5f
Crazy torqueSum in boxOfActin.MyoMiniFilament@38864c5f
Crazy forceSum in boxOfActin.MyoRod@327e272f
Crazy forceSum in boxOfActin.MyoRod@777caf04
Crazy forceSum in boxOfActin.MyoRod@7d12f100
Crazy forceSum in boxOfActin.MyoRod@4641dbc0
Crazy forceSum in boxOfActin.MyoRod@5c5db78
Crazy forceSum in boxOfActin.MyoRod@1753504b
Crazy forceSum in boxOfActin.MyoRod@7da32950
Crazy forceSum in boxOfActin.MyoRod@35f472ff
Crazy forceSum in boxOfActin.MyoRod@1ec17122
Crazy forceSum in boxOfActin.MyoRod@131dabb9
Crazy forceSum in boxOfActin.MyoRod@7710e923
Crazy forceSum in boxOfActin.MyoRod@61e51eb4
Crazy forceSum in boxOfActin.MyoRod@74b83bcb
Crazy forceSum in boxOfActin.MyoRod@a061686
Crazy forceSum in boxOfActin.MyoRod@7a2faf14
Crazy forceSum in boxOfActin.MyoRod@33761e5b
Crazy forceSum in boxOfActin.MyoMiniFilament@38864c5f
Crazy torqueSum in boxOfActin.MyoMiniFilament@38864c5f
Crazy forceSum in boxOfActin.MyoRod@327e272f
Crazy forceSum in boxOfActin.MyoRod@777caf04
Crazy forceSum in boxOfActin.MyoRod@7d12f100
Crazy forceSum in boxOfActin.MyoRod@4641dbc0
Crazy forceSum in boxOfActin.MyoRod@5c5db78
Crazy forceSum in boxOfActin.MyoRod@1753504b
Crazy forceSum in boxOfActin.MyoRod@7da32950
Crazy forceSum in boxOfActin.MyoRod@35f472ff
Crazy forceSum in boxOfActin.MyoRod@1ec17122
Crazy forceSum in boxOfActin.MyoRod@131dabb9
Crazy forceSum in boxOfActin.MyoRod@7710e923
Crazy forceSum in boxOfActin.MyoRod@61e51eb4
Crazy forceSum in boxOfActin.MyoRod@74b83bcb
Crazy forceSum in boxOfActin.MyoRod@a061686
Crazy forceSum in boxOfActin.MyoRod@7a2faf14
Crazy forceSum in boxOfActin.MyoRod@33761e5b
Crazy forceSum in boxOfActin.MyoMiniFilament@38864c5f
Crazy torqueSum in boxOfActin.MyoMiniFilament@38864c5f
Crazy forceSum in boxOfActin.MyoRod@327e272f
Crazy forceSum in boxOfActin.MyoRod@777caf04
Crazy forceSum in boxOfActin.MyoRod@7d12f100
Crazy forceSum in boxOfActin.MyoRod@4641dbc0
Crazy forceSum in boxOfActin.MyoRod@5c5db78
Crazy forceSum in boxOfActin.MyoRod@1753504b
Crazy forceSum in boxOfActin.MyoRod@7da32950
Crazy forceSum in boxOfActin.MyoRod@35f472ff
Crazy forceSum in boxOfActin.MyoRod@1ec17122
Crazy forceSum in boxOfActin.MyoRod@131dabb9
Crazy forceSum in boxOfActin.MyoRod@7710e923
Crazy forceSum in boxOfActin.MyoRod@61e51eb4
Crazy forceSum in boxOfActin.MyoRod@74b83bcb
Crazy forceSum in boxOfActin.MyoRod@a061686
Crazy forceSum in boxOfActin.MyoRod@7a2faf14
Crazy forceSum in boxOfActin.MyoRod@33761e5b
Crazy forceSum in boxOfActin.MyoMiniFilament@38864c5f
Crazy torqueSum in boxOfActin.MyoMiniFilament@38864c5f
Crazy forceSum in boxOfActin.MyoRod@327e272f
Crazy forceSum in boxOfActin.MyoRod@777caf04
Crazy forceSum in boxOfActin.MyoRod@7d12f100
Crazy forceSum in boxOfActin.MyoRod@4641dbc0
Crazy forceSum in boxOfActin.MyoRod@5c5db78
Crazy forceSum in boxOfActin.MyoRod@1753504b
Crazy forceSum in boxOfActin.MyoRod@7da32950
Crazy forceSum in boxOfActin.MyoRod@35f472ff
Crazy forceSum in boxOfActin.MyoRod@1ec17122
Crazy forceSum in boxOfActin.MyoRod@131dabb9
Crazy forceSum in boxOfActin.MyoRod@7710e923
Crazy forceSum in boxOfActin.MyoRod@61e51eb4
Crazy forceSum in boxOfActin.MyoRod@74b83bcb
Crazy forceSum in boxOfActin.MyoRod@a061686
Crazy forceSum in boxOfActin.MyoRod@7a2faf14
Crazy forceSum in boxOfActin.MyoRod@33761e5b
Crazy forceSum in boxOfActin.MyoMiniFilament@38864c5f
Crazy torqueSum in boxOfActin.MyoMiniFilament@38864c5f
Crazy forceSum in boxOfActin.MyoRod@327e272f
Crazy forceSum in boxOfActin.MyoRod@777caf04
Crazy forceSum in boxOfActin.MyoRod@7d12f100
Crazy forceSum in boxOfActin.MyoRod@4641dbc0
Crazy forceSum in boxOfActin.MyoRod@5c5db78
Crazy forceSum in boxOfActin.MyoRod@1753504b
Crazy forceSum in boxOfActin.MyoRod@7da32950
Crazy forceSum in boxOfActin.MyoRod@35f472ff
Crazy forceSum in boxOfActin.MyoRod@1ec17122
Crazy forceSum in boxOfActin.MyoRod@131dabb9
Crazy forceSum in boxOfActin.MyoRod@7710e923
Crazy forceSum in boxOfActin.MyoRod@61e51eb4
Crazy forceSum in boxOfActin.MyoRod@74b83bcb
Crazy forceSum in boxOfActin.MyoRod@a061686
Crazy forceSum in boxOfActin.MyoRod@7a2faf14
Crazy forceSum in boxOfActin.MyoRod@33761e5b
Crazy forceSum in boxOfActin.MyoMiniFilament@38864c5f
Crazy torqueSum in boxOfActin.MyoMiniFilament@38864c5f
Crazy forceSum in boxOfActin.MyoRod@327e272f
Crazy forceSum in boxOfActin.MyoRod@777caf04
Crazy forceSum in boxOfActin.MyoRod@7d12f100
Crazy forceSum in boxOfActin.MyoRod@4641dbc0
Crazy forceSum in boxOfActin.MyoRod@5c5db78
Crazy forceSum in boxOfActin.MyoRod@1753504b
Crazy forceSum in boxOfActin.MyoRod@7da32950
Crazy forceSum in boxOfActin.MyoRod@35f472ff
Crazy forceSum in boxOfActin.MyoRod@1ec17122
Crazy forceSum in boxOfActin.MyoRod@131dabb9
Crazy forceSum in boxOfActin.MyoRod@7710e923
Crazy forceSum in boxOfActin.MyoRod@61e51eb4
Crazy forceSum in boxOfActin.MyoRod@74b83bcb
Crazy forceSum in boxOfActin.MyoRod@a061686
Crazy forceSum in boxOfActin.MyoRod@7a2faf14
Crazy forceSum in boxOfActin.MyoRod@33761e5b
Crazy forceSum in boxOfActin.MyoMiniFilament@38864c5f
Crazy torqueSum in boxOfActin.MyoMiniFilament@38864c5f
Crazy forceSum in boxOfActin.MyoRod@327e272f
Crazy forceSum in boxOfActin.MyoRod@777caf04
Crazy forceSum in boxOfActin.MyoRod@7d12f100
Crazy forceSum in boxOfActin.MyoRod@4641dbc0
Crazy forceSum in boxOfActin.MyoRod@5c5db78
Crazy forceSum in boxOfActin.MyoRod@1753504b
Crazy forceSum in boxOfActin.MyoRod@7da32950
Crazy forceSum in boxOfActin.MyoRod@35f472ff
Crazy forceSum in boxOfActin.MyoRod@1ec17122
Crazy forceSum in boxOfActin.MyoRod@131dabb9
Crazy forceSum in boxOfActin.MyoRod@7710e923
Crazy forceSum in boxOfActin.MyoRod@61e51eb4
Crazy forceSum in boxOfActin.MyoRod@74b83bcb
Crazy forceSum in boxOfActin.MyoRod@a061686
Crazy forceSum in boxOfActin.MyoRod@7a2faf14
Crazy forceSum in boxOfActin.MyoRod@33761e5b
Crazy forceSum in boxOfActin.MyoMiniFilament@38864c5f
Crazy torqueSum in boxOfActin.MyoMiniFilament@38864c5f
Crazy forceSum in boxOfActin.MyoRod@327e272f
Crazy forceSum in boxOfActin.MyoRod@777caf04
Crazy forceSum in boxOfActin.MyoRod@7d12f100
Crazy forceSum in boxOfActin.MyoRod@4641dbc0
Crazy forceSum in boxOfActin.MyoRod@5c5db78
Crazy forceSum in boxOfActin.MyoRod@1753504b
Crazy forceSum in boxOfActin.MyoRod@7da32950
Crazy forceSum in boxOfActin.MyoRod@35f472ff
Crazy forceSum in boxOfActin.MyoRod@1ec17122
Crazy forceSum in boxOfActin.MyoRod@131dabb9
Crazy forceSum in boxOfActin.MyoRod@7710e923
Crazy forceSum in boxOfActin.MyoRod@61e51eb4
Crazy forceSum in boxOfActin.MyoRod@74b83bcb
Crazy forceSum in boxOfActin.MyoRod@a061686
Crazy forceSum in boxOfActin.MyoRod@7a2faf14
Crazy forceSum in boxOfActin.MyoRod@33761e5b
Crazy forceSum in boxOfActin.MyoMiniFilament@38864c5f
Crazy torqueSum in boxOfActin.MyoMiniFilament@38864c5f
Crazy forceSum in boxOfActin.MyoRod@327e272f
Crazy forceSum in boxOfActin.MyoRod@777caf04
Crazy forceSum in boxOfActin.MyoRod@7d12f100
Crazy forceSum in boxOfActin.MyoRod@4641dbc0
Crazy forceSum in boxOfActin.MyoRod@5c5db78
Crazy forceSum in boxOfActin.MyoRod@1753504b
Crazy forceSum in boxOfActin.MyoRod@7da32950
Crazy forceSum in boxOfActin.MyoRod@35f472ff
Crazy forceSum in boxOfActin.MyoRod@1ec17122
Crazy forceSum in boxOfActin.MyoRod@131dabb9
Crazy forceSum in boxOfActin.MyoRod@7710e923
Crazy forceSum in boxOfActin.MyoRod@61e51eb4
Crazy forceSum in boxOfActin.MyoRod@74b83bcb
Crazy forceSum in boxOfActin.MyoRod@a061686
Crazy forceSum in boxOfActin.MyoRod@7a2faf14
Crazy forceSum in boxOfActin.MyoRod@33761e5b
Crazy forceSum in boxOfActin.MyoMiniFilament@38864c5f
Crazy torqueSum in boxOfActin.MyoMiniFilament@38864c5f
Crazy forceSum in boxOfActin.MyoRod@327e272f
Crazy forceSum in boxOfActin.MyoRod@777caf04
Crazy forceSum in boxOfActin.MyoRod@7d12f100
Crazy forceSum in boxOfActin.MyoRod@4641dbc0
Crazy forceSum in boxOfActin.MyoRod@5c5db78
Crazy forceSum in boxOfActin.MyoRod@1753504b
Crazy forceSum in boxOfActin.MyoRod@7da32950
Crazy forceSum in boxOfActin.MyoRod@35f472ff
Crazy forceSum in boxOfActin.MyoRod@1ec17122
Crazy forceSum in boxOfActin.MyoRod@131dabb9
Crazy forceSum in boxOfActin.MyoRod@7710e923
Crazy forceSum in boxOfActin.MyoRod@61e51eb4
Crazy forceSum in boxOfActin.MyoRod@74b83bcb
Crazy forceSum in boxOfActin.MyoRod@a061686
Crazy forceSum in boxOfActin.MyoRod@7a2faf14
Crazy forceSum in boxOfActin.MyoRod@33761e5b
Crazy forceSum in boxOfActin.MyoMiniFilament@38864c5f
Crazy torqueSum in boxOfActin.MyoMiniFilament@38864c5f
Crazy forceSum in boxOfActin.MyoRod@327e272f
Crazy forceSum in boxOfActin.MyoRod@777caf04
Crazy forceSum in boxOfActin.MyoRod@7d12f100
Crazy forceSum in boxOfActin.MyoRod@4641dbc0
Crazy forceSum in boxOfActin.MyoRod@5c5db78
Crazy forceSum in boxOfActin.MyoRod@1753504b
Crazy forceSum in boxOfActin.MyoRod@7da32950
Crazy forceSum in boxOfActin.MyoRod@35f472ff
Crazy forceSum in boxOfActin.MyoRod@1ec17122
Crazy forceSum in boxOfActin.MyoRod@131dabb9
Crazy forceSum in boxOfActin.MyoRod@7710e923
Crazy forceSum in boxOfActin.MyoRod@61e51eb4
Crazy forceSum in boxOfActin.MyoRod@74b83bcb
Crazy forceSum in boxOfActin.MyoRod@a061686
Crazy forceSum in boxOfActin.MyoRod@7a2faf14
Crazy forceSum in boxOfActin.MyoRod@33761e5b
Crazy forceSum in boxOfActin.MyoMiniFilament@38864c5f
Crazy torqueSum in boxOfActin.MyoMiniFilament@38864c5f
Crazy forceSum in boxOfActin.MyoRod@327e272f
Crazy forceSum in boxOfActin.MyoRod@777caf04
Crazy forceSum in boxOfActin.MyoRod@7d12f100
Crazy forceSum in boxOfActin.MyoRod@4641dbc0
Crazy forceSum in boxOfActin.MyoRod@5c5db78
Crazy forceSum in boxOfActin.MyoRod@1753504b
Crazy forceSum in boxOfActin.MyoRod@7da32950
Crazy forceSum in boxOfActin.MyoRod@35f472ff
Crazy forceSum in boxOfActin.MyoRod@1ec17122
Crazy forceSum in boxOfActin.MyoRod@131dabb9
Crazy forceSum in boxOfActin.MyoRod@7710e923
Crazy forceSum in boxOfActin.MyoRod@61e51eb4
Crazy forceSum in boxOfActin.MyoRod@74b83bcb
Crazy forceSum in boxOfActin.MyoRod@a061686
Crazy forceSum in boxOfActin.MyoRod@7a2faf14
Crazy forceSum in boxOfActin.MyoRod@33761e5b
Crazy forceSum in boxOfActin.MyoMiniFilament@38864c5f
Crazy torqueSum in boxOfActin.MyoMiniFilament@38864c5f
Crazy forceSum in boxOfActin.MyoRod@327e272f
Crazy forceSum in boxOfActin.MyoRod@777caf04
Crazy forceSum in boxOfActin.MyoRod@7d12f100
Crazy forceSum in boxOfActin.MyoRod@4641dbc0
Crazy forceSum in boxOfActin.MyoRod@5c5db78
Crazy forceSum in boxOfActin.MyoRod@1753504b
Crazy forceSum in boxOfActin.MyoRod@7da32950
Crazy forceSum in boxOfActin.MyoRod@35f472ff
Crazy forceSum in boxOfActin.MyoRod@1ec17122
Crazy forceSum in boxOfActin.MyoRod@131dabb9
Crazy forceSum in boxOfActin.MyoRod@7710e923
Crazy forceSum in boxOfActin.MyoRod@61e51eb4
Crazy forceSum in boxOfActin.MyoRod@74b83bcb
Crazy forceSum in boxOfActin.MyoRod@a061686
Crazy forceSum in boxOfActin.MyoRod@7a2faf14
Crazy forceSum in boxOfActin.MyoRod@33761e5b
Crazy forceSum in boxOfActin.MyoMiniFilament@38864c5f
Crazy torqueSum in boxOfActin.MyoMiniFilament@38864c5f
Crazy forceSum in boxOfActin.MyoRod@327e272f
Crazy forceSum in boxOfActin.MyoRod@777caf04
Crazy forceSum in boxOfActin.MyoRod@7d12f100
Crazy forceSum in boxOfActin.MyoRod@4641dbc0
Crazy forceSum in boxOfActin.MyoRod@5c5db78
Crazy forceSum in boxOfActin.MyoRod@1753504b
Crazy forceSum in boxOfActin.MyoRod@7da32950
Crazy forceSum in boxOfActin.MyoRod@35f472ff
Crazy forceSum in boxOfActin.MyoRod@1ec17122
Crazy forceSum in boxOfActin.MyoRod@131dabb9
Crazy forceSum in boxOfActin.MyoRod@7710e923
Crazy forceSum in boxOfActin.MyoRod@61e51eb4
Crazy forceSum in boxOfActin.MyoRod@74b83bcb
Crazy forceSum in boxOfActin.MyoRod@a061686
Crazy forceSum in boxOfActin.MyoRod@7a2faf14
Crazy forceSum in boxOfActin.MyoRod@33761e5b
Crazy forceSum in boxOfActin.MyoMiniFilament@38864c5f
Crazy torqueSum in boxOfActin.MyoMiniFilament@38864c5f
Crazy forceSum in boxOfActin.MyoRod@327e272f
Crazy forceSum in boxOfActin.MyoRod@777caf04
Crazy forceSum in boxOfActin.MyoRod@7d12f100
Crazy forceSum in boxOfActin.MyoRod@4641dbc0
Crazy forceSum in boxOfActin.MyoRod@5c5db78
Crazy forceSum in boxOfActin.MyoRod@1753504b
Crazy forceSum in boxOfActin.MyoRod@7da32950
Crazy forceSum in boxOfActin.MyoRod@35f472ff
Crazy forceSum in boxOfActin.MyoRod@1ec17122
Crazy forceSum in boxOfActin.MyoRod@131dabb9
Crazy forceSum in boxOfActin.MyoRod@7710e923
Crazy forceSum in boxOfActin.MyoRod@61e51eb4
Crazy forceSum in boxOfActin.MyoRod@74b83bcb
Crazy forceSum in boxOfActin.MyoRod@a061686
Crazy forceSum in boxOfActin.MyoRod@7a2faf14
Crazy forceSum in boxOfActin.MyoRod@33761e5b
Crazy forceSum in boxOfActin.MyoMiniFilament@38864c5f
Crazy torqueSum in boxOfActin.MyoMiniFilament@38864c5f
Crazy forceSum in boxOfActin.MyoRod@327e272f
Crazy forceSum in boxOfActin.MyoRod@777caf04
Crazy forceSum in boxOfActin.MyoRod@7d12f100
Crazy forceSum in boxOfActin.MyoRod@4641dbc0
Crazy forceSum in boxOfActin.MyoRod@5c5db78
Crazy forceSum in boxOfActin.MyoRod@1753504b
Crazy forceSum in boxOfActin.MyoRod@7da32950
Crazy forceSum in boxOfActin.MyoRod@35f472ff
Crazy forceSum in boxOfActin.MyoRod@1ec17122
Crazy forceSum in boxOfActin.MyoRod@131dabb9
Crazy forceSum in boxOfActin.MyoRod@7710e923
Crazy forceSum in boxOfActin.MyoRod@61e51eb4
Crazy forceSum in boxOfActin.MyoRod@74b83bcb
Crazy forceSum in boxOfActin.MyoRod@a061686
Crazy forceSum in boxOfActin.MyoRod@7a2faf14
Crazy forceSum in boxOfActin.MyoRod@33761e5b
Crazy forceSum in boxOfActin.MyoMiniFilament@38864c5f
Crazy torqueSum in boxOfActin.MyoMiniFilament@38864c5f
Crazy forceSum in boxOfActin.MyoRod@327e272f
Crazy forceSum in boxOfActin.MyoRod@777caf04
Crazy forceSum in boxOfActin.MyoRod@7d12f100
Crazy forceSum in boxOfActin.MyoRod@4641dbc0
Crazy forceSum in boxOfActin.MyoRod@5c5db78
Crazy forceSum in boxOfActin.MyoRod@1753504b
Crazy forceSum in boxOfActin.MyoRod@7da32950
Crazy forceSum in boxOfActin.MyoRod@35f472ff
Crazy forceSum in boxOfActin.MyoRod@1ec17122
Crazy forceSum in boxOfActin.MyoRod@131dabb9
Crazy forceSum in boxOfActin.MyoRod@7710e923
Crazy forceSum in boxOfActin.MyoRod@61e51eb4
Crazy forceSum in boxOfActin.MyoRod@74b83bcb
Crazy forceSum in boxOfActin.MyoRod@a061686
Crazy forceSum in boxOfActin.MyoRod@7a2faf14
Crazy forceSum in boxOfActin.MyoRod@33761e5b
Crazy forceSum in boxOfActin.MyoMiniFilament@38864c5f
Crazy torqueSum in boxOfActin.MyoMiniFilament@38864c5f
Crazy forceSum in boxOfActin.MyoRod@327e272f
Crazy forceSum in boxOfActin.MyoRod@777caf04
Crazy forceSum in boxOfActin.MyoRod@7d12f100
Crazy forceSum in boxOfActin.MyoRod@4641dbc0
Crazy forceSum in boxOfActin.MyoRod@5c5db78
Crazy forceSum in boxOfActin.MyoRod@1753504b
Crazy forceSum in boxOfActin.MyoRod@7da32950
Crazy forceSum in boxOfActin.MyoRod@35f472ff
Crazy forceSum in boxOfActin.MyoRod@1ec17122
Crazy forceSum in boxOfActin.MyoRod@131dabb9
Crazy forceSum in boxOfActin.MyoRod@7710e923
Crazy forceSum in boxOfActin.MyoRod@61e51eb4
Crazy forceSum in boxOfActin.MyoRod@74b83bcb
Crazy forceSum in boxOfActin.MyoRod@a061686
Crazy forceSum in boxOfActin.MyoRod@7a2faf14
Crazy forceSum in boxOfActin.MyoRod@33761e5b
Crazy forceSum in boxOfActin.MyoMiniFilament@38864c5f
Crazy torqueSum in boxOfActin.MyoMiniFilament@38864c5f
Crazy forceSum in boxOfActin.MyoRod@327e272f
Crazy forceSum in boxOfActin.MyoRod@777caf04
Crazy forceSum in boxOfActin.MyoRod@7d12f100
Crazy forceSum in boxOfActin.MyoRod@4641dbc0
Crazy forceSum in boxOfActin.MyoRod@5c5db78
Crazy forceSum in boxOfActin.MyoRod@1753504b
Crazy forceSum in boxOfActin.MyoRod@7da32950
Crazy forceSum in boxOfActin.MyoRod@35f472ff
Crazy forceSum in boxOfActin.MyoRod@1ec17122
Crazy forceSum in boxOfActin.MyoRod@131dabb9
Crazy forceSum in boxOfActin.MyoRod@7710e923
Crazy forceSum in boxOfActin.MyoRod@61e51eb4
Crazy forceSum in boxOfActin.MyoRod@74b83bcb
Crazy forceSum in boxOfActin.MyoRod@a061686
Crazy forceSum in boxOfActin.MyoRod@7a2faf14
Crazy forceSum in boxOfActin.MyoRod@33761e5b
Crazy forceSum in boxOfActin.MyoMiniFilament@38864c5f
Crazy torqueSum in boxOfActin.MyoMiniFilament@38864c5f
Crazy forceSum in boxOfActin.MyoRod@327e272f
Crazy forceSum in boxOfActin.MyoRod@777caf04
Crazy forceSum in boxOfActin.MyoRod@7d12f100
Crazy forceSum in boxOfActin.MyoRod@4641dbc0
Crazy forceSum in boxOfActin.MyoRod@5c5db78
Crazy forceSum in boxOfActin.MyoRod@1753504b
Crazy forceSum in boxOfActin.MyoRod@7da32950
Crazy forceSum in boxOfActin.MyoRod@35f472ff
Crazy forceSum in boxOfActin.MyoRod@1ec17122
Crazy forceSum in boxOfActin.MyoRod@131dabb9
Crazy forceSum in boxOfActin.MyoRod@7710e923
Crazy forceSum in boxOfActin.MyoRod@61e51eb4
Crazy forceSum in boxOfActin.MyoRod@74b83bcb
Crazy forceSum in boxOfActin.MyoRod@a061686
Crazy forceSum in boxOfActin.MyoRod@7a2faf14
Crazy forceSum in boxOfActin.MyoRod@33761e5b
Crazy forceSum in boxOfActin.MyoMiniFilament@38864c5f
Crazy torqueSum in boxOfActin.MyoMiniFilament@38864c5f
Crazy forceSum in boxOfActin.MyoRod@327e272f
Crazy forceSum in boxOfActin.MyoRod@777caf04
Crazy forceSum in boxOfActin.MyoRod@7d12f100
Crazy forceSum in boxOfActin.MyoRod@4641dbc0
Crazy forceSum in boxOfActin.MyoRod@5c5db78
Crazy forceSum in boxOfActin.MyoRod@1753504b
Crazy forceSum in boxOfActin.MyoRod@7da32950
Crazy forceSum in boxOfActin.MyoRod@35f472ff
Crazy forceSum in boxOfActin.MyoRod@1ec17122
Crazy forceSum in boxOfActin.MyoRod@131dabb9
Crazy forceSum in boxOfActin.MyoRod@7710e923
Crazy forceSum in boxOfActin.MyoRod@61e51eb4
Crazy forceSum in boxOfActin.MyoRod@74b83bcb
Crazy forceSum in boxOfActin.MyoRod@a061686
Crazy forceSum in boxOfActin.MyoRod@7a2faf14
Crazy forceSum in boxOfActin.MyoRod@33761e5b
[GATHER] call=1000 totalDirty=0 maxThread=0 cumAvg=417797.9 cumMaxPerThread=88063
Crazy forceSum in boxOfActin.MyoMiniFilament@38864c5f
Crazy torqueSum in boxOfActin.MyoMiniFilament@38864c5f
Crazy forceSum in boxOfActin.MyoRod@327e272f
Crazy forceSum in boxOfActin.MyoRod@777caf04
Crazy forceSum in boxOfActin.MyoRod@7d12f100
Crazy forceSum in boxOfActin.MyoRod@4641dbc0
Crazy forceSum in boxOfActin.MyoRod@5c5db78
Crazy forceSum in boxOfActin.MyoRod@1753504b
Crazy forceSum in boxOfActin.MyoRod@7da32950
Crazy forceSum in boxOfActin.MyoRod@35f472ff
Crazy forceSum in boxOfActin.MyoRod@1ec17122
Crazy forceSum in boxOfActin.MyoRod@131dabb9
Crazy forceSum in boxOfActin.MyoRod@7710e923
Crazy forceSum in boxOfActin.MyoRod@61e51eb4
Crazy forceSum in boxOfActin.MyoRod@74b83bcb
Crazy forceSum in boxOfActin.MyoRod@a061686
Crazy forceSum in boxOfActin.MyoRod@7a2faf14
Crazy forceSum in boxOfActin.MyoRod@33761e5b
Crazy forceSum in boxOfActin.MyoMiniFilament@38864c5f
Crazy torqueSum in boxOfActin.MyoMiniFilament@38864c5f
Crazy forceSum in boxOfActin.MyoRod@327e272f
Crazy forceSum in boxOfActin.MyoRod@777caf04
Crazy forceSum in boxOfActin.MyoRod@7d12f100
Crazy forceSum in boxOfActin.MyoRod@4641dbc0
Crazy forceSum in boxOfActin.MyoRod@5c5db78
Crazy forceSum in boxOfActin.MyoRod@1753504b
Crazy forceSum in boxOfActin.MyoRod@7da32950
Crazy forceSum in boxOfActin.MyoRod@35f472ff
Crazy forceSum in boxOfActin.MyoRod@1ec17122
Crazy forceSum in boxOfActin.MyoRod@131dabb9
Crazy forceSum in boxOfActin.MyoRod@7710e923
Crazy forceSum in boxOfActin.MyoRod@61e51eb4
Crazy forceSum in boxOfActin.MyoRod@74b83bcb
Crazy forceSum in boxOfActin.MyoRod@a061686
Crazy forceSum in boxOfActin.MyoRod@7a2faf14
Crazy forceSum in boxOfActin.MyoRod@33761e5b
Crazy forceSum in boxOfActin.MyoMiniFilament@38864c5f
Crazy torqueSum in boxOfActin.MyoMiniFilament@38864c5f
Crazy forceSum in boxOfActin.MyoRod@327e272f
Crazy forceSum in boxOfActin.MyoRod@777caf04
Crazy forceSum in boxOfActin.MyoRod@7d12f100
Crazy forceSum in boxOfActin.MyoRod@4641dbc0
Crazy forceSum in boxOfActin.MyoRod@5c5db78
Crazy forceSum in boxOfActin.MyoRod@1753504b
Crazy forceSum in boxOfActin.MyoRod@7da32950
Crazy forceSum in boxOfActin.MyoRod@35f472ff
Crazy forceSum in boxOfActin.MyoRod@1ec17122
Crazy forceSum in boxOfActin.MyoRod@131dabb9
Crazy forceSum in boxOfActin.MyoRod@7710e923
Crazy forceSum in boxOfActin.MyoRod@61e51eb4
Crazy forceSum in boxOfActin.MyoRod@74b83bcb
Crazy forceSum in boxOfActin.MyoRod@a061686
Crazy forceSum in boxOfActin.MyoRod@7a2faf14
Crazy forceSum in boxOfActin.MyoRod@33761e5b
Crazy forceSum in boxOfActin.MyoMiniFilament@38864c5f
Crazy torqueSum in boxOfActin.MyoMiniFilament@38864c5f
Crazy forceSum in boxOfActin.MyoRod@327e272f
Crazy forceSum in boxOfActin.MyoRod@777caf04
Crazy forceSum in boxOfActin.MyoRod@7d12f100
Crazy forceSum in boxOfActin.MyoRod@4641dbc0
Crazy forceSum in boxOfActin.MyoRod@5c5db78
Crazy forceSum in boxOfActin.MyoRod@1753504b
Crazy forceSum in boxOfActin.MyoRod@7da32950
Crazy forceSum in boxOfActin.MyoRod@35f472ff
Crazy forceSum in boxOfActin.MyoRod@1ec17122
Crazy forceSum in boxOfActin.MyoRod@131dabb9
Crazy forceSum in boxOfActin.MyoRod@7710e923
Crazy forceSum in boxOfActin.MyoRod@61e51eb4
Crazy forceSum in boxOfActin.MyoRod@74b83bcb
Crazy forceSum in boxOfActin.MyoRod@a061686
Crazy forceSum in boxOfActin.MyoRod@7a2faf14
Crazy forceSum in boxOfActin.MyoRod@33761e5b
Crazy forceSum in boxOfActin.MyoMiniFilament@38864c5f
Crazy torqueSum in boxOfActin.MyoMiniFilament@38864c5f
Crazy forceSum in boxOfActin.MyoRod@327e272f
Crazy forceSum in boxOfActin.MyoRod@777caf04
Crazy forceSum in boxOfActin.MyoRod@7d12f100
Crazy forceSum in boxOfActin.MyoRod@4641dbc0
Crazy forceSum in boxOfActin.MyoRod@5c5db78
Crazy forceSum in boxOfActin.MyoRod@1753504b
Crazy forceSum in boxOfActin.MyoRod@7da32950
Crazy forceSum in boxOfActin.MyoRod@35f472ff
Crazy forceSum in boxOfActin.MyoRod@1ec17122
Crazy forceSum in boxOfActin.MyoRod@131dabb9
Crazy forceSum in boxOfActin.MyoRod@7710e923
Crazy forceSum in boxOfActin.MyoRod@61e51eb4
Crazy forceSum in boxOfActin.MyoRod@74b83bcb
Crazy forceSum in boxOfActin.MyoRod@a061686
Crazy forceSum in boxOfActin.MyoRod@7a2faf14
Crazy forceSum in boxOfActin.MyoRod@33761e5b
Crazy forceSum in boxOfActin.MyoMiniFilament@38864c5f
Crazy torqueSum in boxOfActin.MyoMiniFilament@38864c5f
Crazy forceSum in boxOfActin.MyoRod@327e272f
Crazy forceSum in boxOfActin.MyoRod@777caf04
Crazy forceSum in boxOfActin.MyoRod@7d12f100
Crazy forceSum in boxOfActin.MyoRod@4641dbc0
Crazy forceSum in boxOfActin.MyoRod@5c5db78
Crazy forceSum in boxOfActin.MyoRod@1753504b
Crazy forceSum in boxOfActin.MyoRod@7da32950
Crazy forceSum in boxOfActin.MyoRod@35f472ff
Crazy forceSum in boxOfActin.MyoRod@1ec17122
Crazy forceSum in boxOfActin.MyoRod@131dabb9
Crazy forceSum in boxOfActin.MyoRod@7710e923
Crazy forceSum in boxOfActin.MyoRod@61e51eb4
Crazy forceSum in boxOfActin.MyoRod@74b83bcb
Crazy forceSum in boxOfActin.MyoRod@a061686
Crazy forceSum in boxOfActin.MyoRod@7a2faf14
Crazy forceSum in boxOfActin.MyoRod@33761e5b
Crazy forceSum in boxOfActin.MyoMiniFilament@38864c5f
Crazy torqueSum in boxOfActin.MyoMiniFilament@38864c5f
Crazy forceSum in boxOfActin.MyoRod@327e272f
Crazy forceSum in boxOfActin.MyoRod@777caf04
Crazy forceSum in boxOfActin.MyoRod@7d12f100
Crazy forceSum in boxOfActin.MyoRod@4641dbc0
Crazy forceSum in boxOfActin.MyoRod@5c5db78
Crazy forceSum in boxOfActin.MyoRod@1753504b
Crazy forceSum in boxOfActin.MyoRod@7da32950
Crazy forceSum in boxOfActin.MyoRod@35f472ff
Crazy forceSum in boxOfActin.MyoRod@1ec17122
Crazy forceSum in boxOfActin.MyoRod@131dabb9
Crazy forceSum in boxOfActin.MyoRod@7710e923
Crazy forceSum in boxOfActin.MyoRod@61e51eb4
Crazy forceSum in boxOfActin.MyoRod@74b83bcb
Crazy forceSum in boxOfActin.MyoRod@a061686
Crazy forceSum in boxOfActin.MyoRod@7a2faf14
Crazy forceSum in boxOfActin.MyoRod@33761e5b
Crazy forceSum in boxOfActin.MyoMiniFilament@38864c5f
Crazy torqueSum in boxOfActin.MyoMiniFilament@38864c5f
Crazy forceSum in boxOfActin.MyoRod@327e272f
Crazy forceSum in boxOfActin.MyoRod@777caf04
Crazy forceSum in boxOfActin.MyoRod@7d12f100
Crazy forceSum in boxOfActin.MyoRod@4641dbc0
Crazy forceSum in boxOfActin.MyoRod@5c5db78
Crazy forceSum in boxOfActin.MyoRod@1753504b
Crazy forceSum in boxOfActin.MyoRod@7da32950
Crazy forceSum in boxOfActin.MyoRod@35f472ff
Crazy forceSum in boxOfActin.MyoRod@1ec17122
Crazy forceSum in boxOfActin.MyoRod@131dabb9
Crazy forceSum in boxOfActin.MyoRod@7710e923
Crazy forceSum in boxOfActin.MyoRod@61e51eb4
Crazy forceSum in boxOfActin.MyoRod@74b83bcb
Crazy forceSum in boxOfActin.MyoRod@a061686
Crazy forceSum in boxOfActin.MyoRod@7a2faf14
Crazy forceSum in boxOfActin.MyoRod@33761e5b
Crazy forceSum in boxOfActin.MyoMiniFilament@38864c5f
Crazy torqueSum in boxOfActin.MyoMiniFilament@38864c5f
Crazy forceSum in boxOfActin.MyoRod@327e272f
Crazy forceSum in boxOfActin.MyoRod@777caf04
Crazy forceSum in boxOfActin.MyoRod@7d12f100
Crazy forceSum in boxOfActin.MyoRod@4641dbc0
Crazy forceSum in boxOfActin.MyoRod@5c5db78
Crazy forceSum in boxOfActin.MyoRod@1753504b
Crazy forceSum in boxOfActin.MyoRod@7da32950
Crazy forceSum in boxOfActin.MyoRod@35f472ff
Crazy forceSum in boxOfActin.MyoRod@1ec17122
Crazy forceSum in boxOfActin.MyoRod@131dabb9
Crazy forceSum in boxOfActin.MyoRod@7710e923
Crazy forceSum in boxOfActin.MyoRod@61e51eb4
Crazy forceSum in boxOfActin.MyoRod@74b83bcb
Crazy forceSum in boxOfActin.MyoRod@a061686
Crazy forceSum in boxOfActin.MyoRod@7a2faf14
Crazy forceSum in boxOfActin.MyoRod@33761e5b
Crazy forceSum in boxOfActin.MyoMiniFilament@38864c5f
Crazy torqueSum in boxOfActin.MyoMiniFilament@38864c5f
Crazy forceSum in boxOfActin.MyoRod@327e272f
Crazy forceSum in boxOfActin.MyoRod@777caf04
Crazy forceSum in boxOfActin.MyoRod@7d12f100
Crazy forceSum in boxOfActin.MyoRod@4641dbc0
Crazy forceSum in boxOfActin.MyoRod@5c5db78
Crazy forceSum in boxOfActin.MyoRod@1753504b
Crazy forceSum in boxOfActin.MyoRod@7da32950
Crazy forceSum in boxOfActin.MyoRod@35f472ff
Crazy forceSum in boxOfActin.MyoRod@1ec17122
Crazy forceSum in boxOfActin.MyoRod@131dabb9
Crazy forceSum in boxOfActin.MyoRod@7710e923
Crazy forceSum in boxOfActin.MyoRod@61e51eb4
Crazy forceSum in boxOfActin.MyoRod@74b83bcb
Crazy forceSum in boxOfActin.MyoRod@a061686
Crazy forceSum in boxOfActin.MyoRod@7a2faf14
Crazy forceSum in boxOfActin.MyoRod@33761e5b
Crazy forceSum in boxOfActin.MyoMiniFilament@38864c5f
Crazy torqueSum in boxOfActin.MyoMiniFilament@38864c5f
Crazy forceSum in boxOfActin.MyoRod@327e272f
Crazy forceSum in boxOfActin.MyoRod@777caf04
Crazy forceSum in boxOfActin.MyoRod@7d12f100
Crazy forceSum in boxOfActin.MyoRod@4641dbc0
Crazy forceSum in boxOfActin.MyoRod@5c5db78
Crazy forceSum in boxOfActin.MyoRod@1753504b
Crazy forceSum in boxOfActin.MyoRod@7da32950
Crazy forceSum in boxOfActin.MyoRod@35f472ff
Crazy forceSum in boxOfActin.MyoRod@1ec17122
Crazy forceSum in boxOfActin.MyoRod@131dabb9
Crazy forceSum in boxOfActin.MyoRod@7710e923
Crazy forceSum in boxOfActin.MyoRod@61e51eb4
Crazy forceSum in boxOfActin.MyoRod@74b83bcb
Crazy forceSum in boxOfActin.MyoRod@a061686
Crazy forceSum in boxOfActin.MyoRod@7a2faf14
Crazy forceSum in boxOfActin.MyoRod@33761e5b
Crazy forceSum in boxOfActin.MyoMiniFilament@38864c5f
Crazy torqueSum in boxOfActin.MyoMiniFilament@38864c5f
Crazy forceSum in boxOfActin.MyoRod@327e272f
Crazy forceSum in boxOfActin.MyoRod@777caf04
Crazy forceSum in boxOfActin.MyoRod@7d12f100
Crazy forceSum in boxOfActin.MyoRod@4641dbc0
Crazy forceSum in boxOfActin.MyoRod@5c5db78
Crazy forceSum in boxOfActin.MyoRod@1753504b
Crazy forceSum in boxOfActin.MyoRod@7da32950
Crazy forceSum in boxOfActin.MyoRod@35f472ff
Crazy forceSum in boxOfActin.MyoRod@1ec17122
Crazy forceSum in boxOfActin.MyoRod@131dabb9
Crazy forceSum in boxOfActin.MyoRod@7710e923
Crazy forceSum in boxOfActin.MyoRod@61e51eb4
Crazy forceSum in boxOfActin.MyoRod@74b83bcb
Crazy forceSum in boxOfActin.MyoRod@a061686
Crazy forceSum in boxOfActin.MyoRod@7a2faf14
Crazy forceSum in boxOfActin.MyoRod@33761e5b
Crazy forceSum in boxOfActin.MyoMiniFilament@38864c5f
Crazy torqueSum in boxOfActin.MyoMiniFilament@38864c5f
Crazy forceSum in boxOfActin.MyoRod@327e272f
Crazy forceSum in boxOfActin.MyoRod@777caf04
Crazy forceSum in boxOfActin.MyoRod@7d12f100
Crazy forceSum in boxOfActin.MyoRod@4641dbc0
Crazy forceSum in boxOfActin.MyoRod@5c5db78
Crazy forceSum in boxOfActin.MyoRod@1753504b
Crazy forceSum in boxOfActin.MyoRod@7da32950
Crazy forceSum in boxOfActin.MyoRod@35f472ff
Crazy forceSum in boxOfActin.MyoRod@1ec17122
Crazy forceSum in boxOfActin.MyoRod@131dabb9
Crazy forceSum in boxOfActin.MyoRod@7710e923
Crazy forceSum in boxOfActin.MyoRod@61e51eb4
Crazy forceSum in boxOfActin.MyoRod@74b83bcb
Crazy forceSum in boxOfActin.MyoRod@a061686
Crazy forceSum in boxOfActin.MyoRod@7a2faf14
Crazy forceSum in boxOfActin.MyoRod@33761e5b
Crazy forceSum in boxOfActin.MyoMiniFilament@38864c5f
Crazy torqueSum in boxOfActin.MyoMiniFilament@38864c5f
Crazy forceSum in boxOfActin.MyoRod@327e272f
Crazy forceSum in boxOfActin.MyoRod@777caf04
Crazy forceSum in boxOfActin.MyoRod@7d12f100
Crazy forceSum in boxOfActin.MyoRod@4641dbc0
Crazy forceSum in boxOfActin.MyoRod@5c5db78
Crazy forceSum in boxOfActin.MyoRod@1753504b
Crazy forceSum in boxOfActin.MyoRod@7da32950
Crazy forceSum in boxOfActin.MyoRod@35f472ff
Crazy forceSum in boxOfActin.MyoRod@1ec17122
Crazy forceSum in boxOfActin.MyoRod@131dabb9
Crazy forceSum in boxOfActin.MyoRod@7710e923
Crazy forceSum in boxOfActin.MyoRod@61e51eb4
Crazy forceSum in boxOfActin.MyoRod@74b83bcb
Crazy forceSum in boxOfActin.MyoRod@a061686
Crazy forceSum in boxOfActin.MyoRod@7a2faf14
Crazy forceSum in boxOfActin.MyoRod@33761e5b
Crazy forceSum in boxOfActin.MyoMiniFilament@38864c5f
Crazy torqueSum in boxOfActin.MyoMiniFilament@38864c5f
Crazy forceSum in boxOfActin.MyoRod@327e272f
Crazy forceSum in boxOfActin.MyoRod@777caf04
Crazy forceSum in boxOfActin.MyoRod@7d12f100
Crazy forceSum in boxOfActin.MyoRod@4641dbc0
Crazy forceSum in boxOfActin.MyoRod@5c5db78
Crazy forceSum in boxOfActin.MyoRod@1753504b
Crazy forceSum in boxOfActin.MyoRod@7da32950
Crazy forceSum in boxOfActin.MyoRod@35f472ff
Crazy forceSum in boxOfActin.MyoRod@1ec17122
Crazy forceSum in boxOfActin.MyoRod@131dabb9
Crazy forceSum in boxOfActin.MyoRod@7710e923
Crazy forceSum in boxOfActin.MyoRod@61e51eb4
Crazy forceSum in boxOfActin.MyoRod@74b83bcb
Crazy forceSum in boxOfActin.MyoRod@a061686
Crazy forceSum in boxOfActin.MyoRod@7a2faf14
Crazy forceSum in boxOfActin.MyoRod@33761e5b
Crazy forceSum in boxOfActin.MyoMiniFilament@38864c5f
Crazy torqueSum in boxOfActin.MyoMiniFilament@38864c5f
Crazy forceSum in boxOfActin.MyoRod@327e272f
Crazy forceSum in boxOfActin.MyoRod@777caf04
Crazy forceSum in boxOfActin.MyoRod@7d12f100
Crazy forceSum in boxOfActin.MyoRod@4641dbc0
Crazy forceSum in boxOfActin.MyoRod@5c5db78
Crazy forceSum in boxOfActin.MyoRod@1753504b
Crazy forceSum in boxOfActin.MyoRod@7da32950
Crazy forceSum in boxOfActin.MyoRod@35f472ff
Crazy forceSum in boxOfActin.MyoRod@1ec17122
Crazy forceSum in boxOfActin.MyoRod@131dabb9
Crazy forceSum in boxOfActin.MyoRod@7710e923
Crazy forceSum in boxOfActin.MyoRod@61e51eb4
Crazy forceSum in boxOfActin.MyoRod@74b83bcb
Crazy forceSum in boxOfActin.MyoRod@a061686
Crazy forceSum in boxOfActin.MyoRod@7a2faf14
Crazy forceSum in boxOfActin.MyoRod@33761e5b
Crazy forceSum in boxOfActin.MyoMiniFilament@38864c5f
Crazy torqueSum in boxOfActin.MyoMiniFilament@38864c5f
Crazy forceSum in boxOfActin.MyoRod@327e272f
Crazy forceSum in boxOfActin.MyoRod@777caf04
Crazy forceSum in boxOfActin.MyoRod@7d12f100
Crazy forceSum in boxOfActin.MyoRod@4641dbc0
Crazy forceSum in boxOfActin.MyoRod@5c5db78
Crazy forceSum in boxOfActin.MyoRod@1753504b
Crazy forceSum in boxOfActin.MyoRod@7da32950
Crazy forceSum in boxOfActin.MyoRod@35f472ff
Crazy forceSum in boxOfActin.MyoRod@1ec17122
Crazy forceSum in boxOfActin.MyoRod@131dabb9
Crazy forceSum in boxOfActin.MyoRod@7710e923
Crazy forceSum in boxOfActin.MyoRod@61e51eb4
Crazy forceSum in boxOfActin.MyoRod@74b83bcb
Crazy forceSum in boxOfActin.MyoRod@a061686
Crazy forceSum in boxOfActin.MyoRod@7a2faf14
Crazy forceSum in boxOfActin.MyoRod@33761e5b
Crazy forceSum in boxOfActin.MyoMiniFilament@38864c5f
Crazy torqueSum in boxOfActin.MyoMiniFilament@38864c5f
Crazy forceSum in boxOfActin.MyoRod@327e272f
Crazy forceSum in boxOfActin.MyoRod@777caf04
Crazy forceSum in boxOfActin.MyoRod@7d12f100
Crazy forceSum in boxOfActin.MyoRod@4641dbc0
Crazy forceSum in boxOfActin.MyoRod@5c5db78
Crazy forceSum in boxOfActin.MyoRod@1753504b
Crazy forceSum in boxOfActin.MyoRod@7da32950
Crazy forceSum in boxOfActin.MyoRod@35f472ff
Crazy forceSum in boxOfActin.MyoRod@1ec17122
Crazy forceSum in boxOfActin.MyoRod@131dabb9
Crazy forceSum in boxOfActin.MyoRod@7710e923
Crazy forceSum in boxOfActin.MyoRod@61e51eb4
Crazy forceSum in boxOfActin.MyoRod@74b83bcb
Crazy forceSum in boxOfActin.MyoRod@a061686
Crazy forceSum in boxOfActin.MyoRod@7a2faf14
Crazy forceSum in boxOfActin.MyoRod@33761e5b
Crazy forceSum in boxOfActin.MyoMiniFilament@38864c5f
Crazy torqueSum in boxOfActin.MyoMiniFilament@38864c5f
Crazy forceSum in boxOfActin.MyoRod@327e272f
Crazy forceSum in boxOfActin.MyoRod@777caf04
Crazy forceSum in boxOfActin.MyoRod@7d12f100
Crazy forceSum in boxOfActin.MyoRod@4641dbc0
Crazy forceSum in boxOfActin.MyoRod@5c5db78
Crazy forceSum in boxOfActin.MyoRod@1753504b
Crazy forceSum in boxOfActin.MyoRod@7da32950
Crazy forceSum in boxOfActin.MyoRod@35f472ff
Crazy forceSum in boxOfActin.MyoRod@1ec17122
Crazy forceSum in boxOfActin.MyoRod@131dabb9
Crazy forceSum in boxOfActin.MyoRod@7710e923
Crazy forceSum in boxOfActin.MyoRod@61e51eb4
Crazy forceSum in boxOfActin.MyoRod@74b83bcb
Crazy forceSum in boxOfActin.MyoRod@a061686
Crazy forceSum in boxOfActin.MyoRod@7a2faf14
Crazy forceSum in boxOfActin.MyoRod@33761e5b
Crazy forceSum in boxOfActin.MyoMiniFilament@38864c5f
Crazy torqueSum in boxOfActin.MyoMiniFilament@38864c5f
Crazy forceSum in boxOfActin.MyoRod@327e272f
Crazy forceSum in boxOfActin.MyoRod@777caf04
Crazy forceSum in boxOfActin.MyoRod@7d12f100
Crazy forceSum in boxOfActin.MyoRod@4641dbc0
Crazy forceSum in boxOfActin.MyoRod@5c5db78
Crazy forceSum in boxOfActin.MyoRod@1753504b
Crazy forceSum in boxOfActin.MyoRod@7da32950
Crazy forceSum in boxOfActin.MyoRod@35f472ff
Crazy forceSum in boxOfActin.MyoRod@1ec17122
Crazy forceSum in boxOfActin.MyoRod@131dabb9
Crazy forceSum in boxOfActin.MyoRod@7710e923
Crazy forceSum in boxOfActin.MyoRod@61e51eb4
Crazy forceSum in boxOfActin.MyoRod@74b83bcb
Crazy forceSum in boxOfActin.MyoRod@a061686
Crazy forceSum in boxOfActin.MyoRod@7a2faf14
Crazy forceSum in boxOfActin.MyoRod@33761e5b
Crazy forceSum in boxOfActin.MyoMiniFilament@38864c5f
Crazy torqueSum in boxOfActin.MyoMiniFilament@38864c5f
Crazy forceSum in boxOfActin.MyoRod@327e272f
Crazy forceSum in boxOfActin.MyoRod@777caf04
Crazy forceSum in boxOfActin.MyoRod@7d12f100
Crazy forceSum in boxOfActin.MyoRod@4641dbc0
Crazy forceSum in boxOfActin.MyoRod@5c5db78
Crazy forceSum in boxOfActin.MyoRod@1753504b
Crazy forceSum in boxOfActin.MyoRod@7da32950
Crazy forceSum in boxOfActin.MyoRod@35f472ff
Crazy forceSum in boxOfActin.MyoRod@1ec17122
Crazy forceSum in boxOfActin.MyoRod@131dabb9
Crazy forceSum in boxOfActin.MyoRod@7710e923
Crazy forceSum in boxOfActin.MyoRod@61e51eb4
Crazy forceSum in boxOfActin.MyoRod@74b83bcb
Crazy forceSum in boxOfActin.MyoRod@a061686
Crazy forceSum in boxOfActin.MyoRod@7a2faf14
Crazy forceSum in boxOfActin.MyoRod@33761e5b
Crazy forceSum in boxOfActin.MyoMiniFilament@38864c5f
Crazy torqueSum in boxOfActin.MyoMiniFilament@38864c5f
Crazy forceSum in boxOfActin.MyoRod@327e272f
Crazy forceSum in boxOfActin.MyoRod@777caf04
Crazy forceSum in boxOfActin.MyoRod@7d12f100
Crazy forceSum in boxOfActin.MyoRod@4641dbc0
Crazy forceSum in boxOfActin.MyoRod@5c5db78
Crazy forceSum in boxOfActin.MyoRod@1753504b
Crazy forceSum in boxOfActin.MyoRod@7da32950
Crazy forceSum in boxOfActin.MyoRod@35f472ff
Crazy forceSum in boxOfActin.MyoRod@1ec17122
Crazy forceSum in boxOfActin.MyoRod@131dabb9
Crazy forceSum in boxOfActin.MyoRod@7710e923
Crazy forceSum in boxOfActin.MyoRod@61e51eb4
Crazy forceSum in boxOfActin.MyoRod@74b83bcb
Crazy forceSum in boxOfActin.MyoRod@a061686
Crazy forceSum in boxOfActin.MyoRod@7a2faf14
Crazy forceSum in boxOfActin.MyoRod@33761e5b
Crazy forceSum in boxOfActin.MyoMiniFilament@38864c5f
Crazy torqueSum in boxOfActin.MyoMiniFilament@38864c5f
Crazy forceSum in boxOfActin.MyoRod@327e272f
Crazy forceSum in boxOfActin.MyoRod@777caf04
Crazy forceSum in boxOfActin.MyoRod@7d12f100
Crazy forceSum in boxOfActin.MyoRod@4641dbc0
Crazy forceSum in boxOfActin.MyoRod@5c5db78
Crazy forceSum in boxOfActin.MyoRod@1753504b
Crazy forceSum in boxOfActin.MyoRod@7da32950
Crazy forceSum in boxOfActin.MyoRod@35f472ff
Crazy forceSum in boxOfActin.MyoRod@1ec17122
Crazy forceSum in boxOfActin.MyoRod@131dabb9
Crazy forceSum in boxOfActin.MyoRod@7710e923
Crazy forceSum in boxOfActin.MyoRod@61e51eb4
Crazy forceSum in boxOfActin.MyoRod@74b83bcb
Crazy forceSum in boxOfActin.MyoRod@a061686
Crazy forceSum in boxOfActin.MyoRod@7a2faf14
Crazy forceSum in boxOfActin.MyoRod@33761e5b
Crazy forceSum in boxOfActin.MyoMiniFilament@38864c5f
Crazy torqueSum in boxOfActin.MyoMiniFilament@38864c5f
Crazy forceSum in boxOfActin.MyoRod@327e272f
Crazy forceSum in boxOfActin.MyoRod@777caf04
Crazy forceSum in boxOfActin.MyoRod@7d12f100
Crazy forceSum in boxOfActin.MyoRod@4641dbc0
Crazy forceSum in boxOfActin.MyoRod@5c5db78
Crazy forceSum in boxOfActin.MyoRod@1753504b
Crazy forceSum in boxOfActin.MyoRod@7da32950
Crazy forceSum in boxOfActin.MyoRod@35f472ff
Crazy forceSum in boxOfActin.MyoRod@1ec17122
Crazy forceSum in boxOfActin.MyoRod@131dabb9
Crazy forceSum in boxOfActin.MyoRod@7710e923
Crazy forceSum in boxOfActin.MyoRod@61e51eb4
Crazy forceSum in boxOfActin.MyoRod@74b83bcb
Crazy forceSum in boxOfActin.MyoRod@a061686
Crazy forceSum in boxOfActin.MyoRod@7a2faf14
Crazy forceSum in boxOfActin.MyoRod@33761e5b
Crazy forceSum in boxOfActin.MyoMiniFilament@38864c5f
Crazy torqueSum in boxOfActin.MyoMiniFilament@38864c5f
Crazy forceSum in boxOfActin.MyoRod@327e272f
Crazy forceSum in boxOfActin.MyoRod@777caf04
Crazy forceSum in boxOfActin.MyoRod@7d12f100
Crazy forceSum in boxOfActin.MyoRod@4641dbc0
Crazy forceSum in boxOfActin.MyoRod@5c5db78
Crazy forceSum in boxOfActin.MyoRod@1753504b
Crazy forceSum in boxOfActin.MyoRod@7da32950
Crazy forceSum in boxOfActin.MyoRod@35f472ff
Crazy forceSum in boxOfActin.MyoRod@1ec17122
Crazy forceSum in boxOfActin.MyoRod@131dabb9
Crazy forceSum in boxOfActin.MyoRod@7710e923
Crazy forceSum in boxOfActin.MyoRod@61e51eb4
Crazy forceSum in boxOfActin.MyoRod@74b83bcb
Crazy forceSum in boxOfActin.MyoRod@a061686
Crazy forceSum in boxOfActin.MyoRod@7a2faf14
Crazy forceSum in boxOfActin.MyoRod@33761e5b
Crazy forceSum in boxOfActin.MyoMiniFilament@38864c5f
Crazy torqueSum in boxOfActin.MyoMiniFilament@38864c5f
Crazy forceSum in boxOfActin.MyoRod@327e272f
Crazy forceSum in boxOfActin.MyoRod@777caf04
Crazy forceSum in boxOfActin.MyoRod@7d12f100
Crazy forceSum in boxOfActin.MyoRod@4641dbc0
Crazy forceSum in boxOfActin.MyoRod@5c5db78
Crazy forceSum in boxOfActin.MyoRod@1753504b
Crazy forceSum in boxOfActin.MyoRod@7da32950
Crazy forceSum in boxOfActin.MyoRod@35f472ff
Crazy forceSum in boxOfActin.MyoRod@1ec17122
Crazy forceSum in boxOfActin.MyoRod@131dabb9
Crazy forceSum in boxOfActin.MyoRod@7710e923
Crazy forceSum in boxOfActin.MyoRod@61e51eb4
Crazy forceSum in boxOfActin.MyoRod@74b83bcb
Crazy forceSum in boxOfActin.MyoRod@a061686
Crazy forceSum in boxOfActin.MyoRod@7a2faf14
Crazy forceSum in boxOfActin.MyoRod@33761e5b
Crazy forceSum in boxOfActin.MyoMiniFilament@38864c5f
Crazy torqueSum in boxOfActin.MyoMiniFilament@38864c5f
Crazy forceSum in boxOfActin.MyoRod@327e272f
Crazy forceSum in boxOfActin.MyoRod@777caf04
Crazy forceSum in boxOfActin.MyoRod@7d12f100
Crazy forceSum in boxOfActin.MyoRod@4641dbc0
Crazy forceSum in boxOfActin.MyoRod@5c5db78
Crazy forceSum in boxOfActin.MyoRod@1753504b
Crazy forceSum in boxOfActin.MyoRod@7da32950
Crazy forceSum in boxOfActin.MyoRod@35f472ff
Crazy forceSum in boxOfActin.MyoRod@1ec17122
Crazy forceSum in boxOfActin.MyoRod@131dabb9
Crazy forceSum in boxOfActin.MyoRod@7710e923
Crazy forceSum in boxOfActin.MyoRod@61e51eb4
Crazy forceSum in boxOfActin.MyoRod@74b83bcb
Crazy forceSum in boxOfActin.MyoRod@a061686
Crazy forceSum in boxOfActin.MyoRod@7a2faf14
Crazy forceSum in boxOfActin.MyoRod@33761e5b
Crazy forceSum in boxOfActin.MyoMiniFilament@38864c5f
Crazy torqueSum in boxOfActin.MyoMiniFilament@38864c5f
Crazy forceSum in boxOfActin.MyoRod@327e272f
Crazy forceSum in boxOfActin.MyoRod@777caf04
Crazy forceSum in boxOfActin.MyoRod@7d12f100
Crazy forceSum in boxOfActin.MyoRod@4641dbc0
Crazy forceSum in boxOfActin.MyoRod@5c5db78
Crazy forceSum in boxOfActin.MyoRod@1753504b
Crazy forceSum in boxOfActin.MyoRod@7da32950
Crazy forceSum in boxOfActin.MyoRod@35f472ff
Crazy forceSum in boxOfActin.MyoRod@1ec17122
Crazy forceSum in boxOfActin.MyoRod@131dabb9
Crazy forceSum in boxOfActin.MyoRod@7710e923
Crazy forceSum in boxOfActin.MyoRod@61e51eb4
Crazy forceSum in boxOfActin.MyoRod@74b83bcb
Crazy forceSum in boxOfActin.MyoRod@a061686
Crazy forceSum in boxOfActin.MyoRod@7a2faf14
Crazy forceSum in boxOfActin.MyoRod@33761e5b
Crazy forceSum in boxOfActin.MyoMiniFilament@38864c5f
Crazy torqueSum in boxOfActin.MyoMiniFilament@38864c5f
Crazy forceSum in boxOfActin.MyoRod@327e272f
Crazy forceSum in boxOfActin.MyoRod@777caf04
Crazy forceSum in boxOfActin.MyoRod@7d12f100
Crazy forceSum in boxOfActin.MyoRod@4641dbc0
Crazy forceSum in boxOfActin.MyoRod@5c5db78
Crazy forceSum in boxOfActin.MyoRod@1753504b
Crazy forceSum in boxOfActin.MyoRod@7da32950
Crazy forceSum in boxOfActin.MyoRod@35f472ff
Crazy forceSum in boxOfActin.MyoRod@1ec17122
Crazy forceSum in boxOfActin.MyoRod@131dabb9
Crazy forceSum in boxOfActin.MyoRod@7710e923
Crazy forceSum in boxOfActin.MyoRod@61e51eb4
Crazy forceSum in boxOfActin.MyoRod@74b83bcb
Crazy forceSum in boxOfActin.MyoRod@a061686
Crazy forceSum in boxOfActin.MyoRod@7a2faf14
Crazy forceSum in boxOfActin.MyoRod@33761e5b
Crazy forceSum in boxOfActin.MyoMiniFilament@38864c5f
Crazy torqueSum in boxOfActin.MyoMiniFilament@38864c5f
Crazy forceSum in boxOfActin.MyoRod@327e272f
Crazy forceSum in boxOfActin.MyoRod@777caf04
Crazy forceSum in boxOfActin.MyoRod@7d12f100
Crazy forceSum in boxOfActin.MyoRod@4641dbc0
Crazy forceSum in boxOfActin.MyoRod@5c5db78
Crazy forceSum in boxOfActin.MyoRod@1753504b
Crazy forceSum in boxOfActin.MyoRod@7da32950
Crazy forceSum in boxOfActin.MyoRod@35f472ff
Crazy forceSum in boxOfActin.MyoRod@1ec17122
Crazy forceSum in boxOfActin.MyoRod@131dabb9
Crazy forceSum in boxOfActin.MyoRod@7710e923
Crazy forceSum in boxOfActin.MyoRod@61e51eb4
Crazy forceSum in boxOfActin.MyoRod@74b83bcb
Crazy forceSum in boxOfActin.MyoRod@a061686
Crazy forceSum in boxOfActin.MyoRod@7a2faf14
Crazy forceSum in boxOfActin.MyoRod@33761e5b
Crazy forceSum in boxOfActin.MyoMiniFilament@38864c5f
Crazy torqueSum in boxOfActin.MyoMiniFilament@38864c5f
Crazy forceSum in boxOfActin.MyoRod@327e272f
Crazy forceSum in boxOfActin.MyoRod@777caf04
Crazy forceSum in boxOfActin.MyoRod@7d12f100
Crazy forceSum in boxOfActin.MyoRod@4641dbc0
Crazy forceSum in boxOfActin.MyoRod@5c5db78
Crazy forceSum in boxOfActin.MyoRod@1753504b
Crazy forceSum in boxOfActin.MyoRod@7da32950
Crazy forceSum in boxOfActin.MyoRod@35f472ff
Crazy forceSum in boxOfActin.MyoRod@1ec17122
Crazy forceSum in boxOfActin.MyoRod@131dabb9
Crazy forceSum in boxOfActin.MyoRod@7710e923
Crazy forceSum in boxOfActin.MyoRod@61e51eb4
Crazy forceSum in boxOfActin.MyoRod@74b83bcb
Crazy forceSum in boxOfActin.MyoRod@a061686
Crazy forceSum in boxOfActin.MyoRod@7a2faf14
Crazy forceSum in boxOfActin.MyoRod@33761e5b
Crazy forceSum in boxOfActin.MyoMiniFilament@38864c5f
Crazy torqueSum in boxOfActin.MyoMiniFilament@38864c5f
Crazy forceSum in boxOfActin.MyoRod@327e272f
Crazy forceSum in boxOfActin.MyoRod@777caf04
Crazy forceSum in boxOfActin.MyoRod@7d12f100
Crazy forceSum in boxOfActin.MyoRod@4641dbc0
Crazy forceSum in boxOfActin.MyoRod@5c5db78
Crazy forceSum in boxOfActin.MyoRod@1753504b
Crazy forceSum in boxOfActin.MyoRod@7da32950
Crazy forceSum in boxOfActin.MyoRod@35f472ff
Crazy forceSum in boxOfActin.MyoRod@1ec17122
Crazy forceSum in boxOfActin.MyoRod@131dabb9
Crazy forceSum in boxOfActin.MyoRod@7710e923
Crazy forceSum in boxOfActin.MyoRod@61e51eb4
Crazy forceSum in boxOfActin.MyoRod@74b83bcb
Crazy forceSum in boxOfActin.MyoRod@a061686
Crazy forceSum in boxOfActin.MyoRod@7a2faf14
Crazy forceSum in boxOfActin.MyoRod@33761e5b
Crazy forceSum in boxOfActin.MyoMiniFilament@38864c5f
Crazy torqueSum in boxOfActin.MyoMiniFilament@38864c5f
Crazy forceSum in boxOfActin.MyoRod@327e272f
Crazy forceSum in boxOfActin.MyoRod@777caf04
Crazy forceSum in boxOfActin.MyoRod@7d12f100
Crazy forceSum in boxOfActin.MyoRod@4641dbc0
Crazy forceSum in boxOfActin.MyoRod@5c5db78
Crazy forceSum in boxOfActin.MyoRod@1753504b
Crazy forceSum in boxOfActin.MyoRod@7da32950
Crazy forceSum in boxOfActin.MyoRod@35f472ff
Crazy forceSum in boxOfActin.MyoRod@1ec17122
Crazy forceSum in boxOfActin.MyoRod@131dabb9
Crazy forceSum in boxOfActin.MyoRod@7710e923
Crazy forceSum in boxOfActin.MyoRod@61e51eb4
Crazy forceSum in boxOfActin.MyoRod@74b83bcb
Crazy forceSum in boxOfActin.MyoRod@a061686
Crazy forceSum in boxOfActin.MyoRod@7a2faf14
Crazy forceSum in boxOfActin.MyoRod@33761e5b
Crazy forceSum in boxOfActin.MyoMiniFilament@38864c5f
Crazy torqueSum in boxOfActin.MyoMiniFilament@38864c5f
Crazy forceSum in boxOfActin.MyoRod@327e272f
Crazy forceSum in boxOfActin.MyoRod@777caf04
Crazy forceSum in boxOfActin.MyoRod@7d12f100
Crazy forceSum in boxOfActin.MyoRod@4641dbc0
Crazy forceSum in boxOfActin.MyoRod@5c5db78
Crazy forceSum in boxOfActin.MyoRod@1753504b
Crazy forceSum in boxOfActin.MyoRod@7da32950
Crazy forceSum in boxOfActin.MyoRod@35f472ff
Crazy forceSum in boxOfActin.MyoRod@1ec17122
Crazy forceSum in boxOfActin.MyoRod@131dabb9
Crazy forceSum in boxOfActin.MyoRod@7710e923
Crazy forceSum in boxOfActin.MyoRod@61e51eb4
Crazy forceSum in boxOfActin.MyoRod@74b83bcb
Crazy forceSum in boxOfActin.MyoRod@a061686
Crazy forceSum in boxOfActin.MyoRod@7a2faf14
Crazy forceSum in boxOfActin.MyoRod@33761e5b
Crazy forceSum in boxOfActin.MyoMiniFilament@38864c5f
Crazy torqueSum in boxOfActin.MyoMiniFilament@38864c5f
Crazy forceSum in boxOfActin.MyoRod@327e272f
Crazy forceSum in boxOfActin.MyoRod@777caf04
Crazy forceSum in boxOfActin.MyoRod@7d12f100
Crazy forceSum in boxOfActin.MyoRod@4641dbc0
Crazy forceSum in boxOfActin.MyoRod@5c5db78
Crazy forceSum in boxOfActin.MyoRod@1753504b
Crazy forceSum in boxOfActin.MyoRod@7da32950
Crazy forceSum in boxOfActin.MyoRod@35f472ff
Crazy forceSum in boxOfActin.MyoRod@1ec17122
Crazy forceSum in boxOfActin.MyoRod@131dabb9
Crazy forceSum in boxOfActin.MyoRod@7710e923
Crazy forceSum in boxOfActin.MyoRod@61e51eb4
Crazy forceSum in boxOfActin.MyoRod@74b83bcb
Crazy forceSum in boxOfActin.MyoRod@a061686
Crazy forceSum in boxOfActin.MyoRod@7a2faf14
Crazy forceSum in boxOfActin.MyoRod@33761e5b
Crazy forceSum in boxOfActin.MyoMiniFilament@38864c5f
Crazy torqueSum in boxOfActin.MyoMiniFilament@38864c5f
Crazy forceSum in boxOfActin.MyoRod@327e272f
Crazy forceSum in boxOfActin.MyoRod@777caf04
Crazy forceSum in boxOfActin.MyoRod@7d12f100
Crazy forceSum in boxOfActin.MyoRod@4641dbc0
Crazy forceSum in boxOfActin.MyoRod@5c5db78
Crazy forceSum in boxOfActin.MyoRod@1753504b
Crazy forceSum in boxOfActin.MyoRod@7da32950
Crazy forceSum in boxOfActin.MyoRod@35f472ff
Crazy forceSum in boxOfActin.MyoRod@1ec17122
Crazy forceSum in boxOfActin.MyoRod@131dabb9
Crazy forceSum in boxOfActin.MyoRod@7710e923
Crazy forceSum in boxOfActin.MyoRod@61e51eb4
Crazy forceSum in boxOfActin.MyoRod@74b83bcb
Crazy forceSum in boxOfActin.MyoRod@a061686
Crazy forceSum in boxOfActin.MyoRod@7a2faf14
Crazy forceSum in boxOfActin.MyoRod@33761e5b
Crazy forceSum in boxOfActin.MyoMiniFilament@38864c5f
Crazy torqueSum in boxOfActin.MyoMiniFilament@38864c5f
Crazy forceSum in boxOfActin.MyoRod@327e272f
Crazy forceSum in boxOfActin.MyoRod@777caf04
Crazy forceSum in boxOfActin.MyoRod@7d12f100
Crazy forceSum in boxOfActin.MyoRod@4641dbc0
Crazy forceSum in boxOfActin.MyoRod@5c5db78
Crazy forceSum in boxOfActin.MyoRod@1753504b
Crazy forceSum in boxOfActin.MyoRod@7da32950
Crazy forceSum in boxOfActin.MyoRod@35f472ff
Crazy forceSum in boxOfActin.MyoRod@1ec17122
Crazy forceSum in boxOfActin.MyoRod@131dabb9
Crazy forceSum in boxOfActin.MyoRod@7710e923
Crazy forceSum in boxOfActin.MyoRod@61e51eb4
Crazy forceSum in boxOfActin.MyoRod@74b83bcb
Crazy forceSum in boxOfActin.MyoRod@a061686
Crazy forceSum in boxOfActin.MyoRod@7a2faf14
Crazy forceSum in boxOfActin.MyoRod@33761e5b
Crazy forceSum in boxOfActin.MyoMiniFilament@38864c5f
Crazy torqueSum in boxOfActin.MyoMiniFilament@38864c5f
Crazy forceSum in boxOfActin.MyoRod@327e272f
Crazy forceSum in boxOfActin.MyoRod@777caf04
Crazy forceSum in boxOfActin.MyoRod@7d12f100
Crazy forceSum in boxOfActin.MyoRod@4641dbc0
Crazy forceSum in boxOfActin.MyoRod@5c5db78
Crazy forceSum in boxOfActin.MyoRod@1753504b
Crazy forceSum in boxOfActin.MyoRod@7da32950
Crazy forceSum in boxOfActin.MyoRod@35f472ff
Crazy forceSum in boxOfActin.MyoRod@1ec17122
Crazy forceSum in boxOfActin.MyoRod@131dabb9
Crazy forceSum in boxOfActin.MyoRod@7710e923
Crazy forceSum in boxOfActin.MyoRod@61e51eb4
Crazy forceSum in boxOfActin.MyoRod@74b83bcb
Crazy forceSum in boxOfActin.MyoRod@a061686
Crazy forceSum in boxOfActin.MyoRod@7a2faf14
Crazy forceSum in boxOfActin.MyoRod@33761e5b
Crazy forceSum in boxOfActin.MyoMiniFilament@38864c5f
Crazy torqueSum in boxOfActin.MyoMiniFilament@38864c5f
Crazy forceSum in boxOfActin.MyoRod@327e272f
Crazy forceSum in boxOfActin.MyoRod@777caf04
Crazy forceSum in boxOfActin.MyoRod@7d12f100
Crazy forceSum in boxOfActin.MyoRod@4641dbc0
Crazy forceSum in boxOfActin.MyoRod@5c5db78
Crazy forceSum in boxOfActin.MyoRod@1753504b
Crazy forceSum in boxOfActin.MyoRod@7da32950
Crazy forceSum in boxOfActin.MyoRod@35f472ff
Crazy forceSum in boxOfActin.MyoRod@1ec17122
Crazy forceSum in boxOfActin.MyoRod@131dabb9
Crazy forceSum in boxOfActin.MyoRod@7710e923
Crazy forceSum in boxOfActin.MyoRod@61e51eb4
Crazy forceSum in boxOfActin.MyoRod@74b83bcb
Crazy forceSum in boxOfActin.MyoRod@a061686
Crazy forceSum in boxOfActin.MyoRod@7a2faf14
Crazy forceSum in boxOfActin.MyoRod@33761e5b
Crazy forceSum in boxOfActin.MyoMiniFilament@38864c5f
Crazy torqueSum in boxOfActin.MyoMiniFilament@38864c5f
Crazy forceSum in boxOfActin.MyoRod@327e272f
Crazy forceSum in boxOfActin.MyoRod@777caf04
Crazy forceSum in boxOfActin.MyoRod@7d12f100
Crazy forceSum in boxOfActin.MyoRod@4641dbc0
Crazy forceSum in boxOfActin.MyoRod@5c5db78
Crazy forceSum in boxOfActin.MyoRod@1753504b
Crazy forceSum in boxOfActin.MyoRod@7da32950
Crazy forceSum in boxOfActin.MyoRod@35f472ff
Crazy forceSum in boxOfActin.MyoRod@1ec17122
Crazy forceSum in boxOfActin.MyoRod@131dabb9
Crazy forceSum in boxOfActin.MyoRod@7710e923
Crazy forceSum in boxOfActin.MyoRod@61e51eb4
Crazy forceSum in boxOfActin.MyoRod@74b83bcb
Crazy forceSum in boxOfActin.MyoRod@a061686
Crazy forceSum in boxOfActin.MyoRod@7a2faf14
Crazy forceSum in boxOfActin.MyoRod@33761e5b
Crazy forceSum in boxOfActin.MyoMiniFilament@38864c5f
Crazy torqueSum in boxOfActin.MyoMiniFilament@38864c5f
Crazy forceSum in boxOfActin.MyoRod@327e272f
Crazy forceSum in boxOfActin.MyoRod@777caf04
Crazy forceSum in boxOfActin.MyoRod@7d12f100
Crazy forceSum in boxOfActin.MyoRod@4641dbc0
Crazy forceSum in boxOfActin.MyoRod@5c5db78
Crazy forceSum in boxOfActin.MyoRod@1753504b
Crazy forceSum in boxOfActin.MyoRod@7da32950
Crazy forceSum in boxOfActin.MyoRod@35f472ff
Crazy forceSum in boxOfActin.MyoRod@1ec17122
Crazy forceSum in boxOfActin.MyoRod@131dabb9
Crazy forceSum in boxOfActin.MyoRod@7710e923
Crazy forceSum in boxOfActin.MyoRod@61e51eb4
Crazy forceSum in boxOfActin.MyoRod@74b83bcb
Crazy forceSum in boxOfActin.MyoRod@a061686
Crazy forceSum in boxOfActin.MyoRod@7a2faf14
Crazy forceSum in boxOfActin.MyoRod@33761e5b
Crazy forceSum in boxOfActin.MyoMiniFilament@38864c5f
Crazy torqueSum in boxOfActin.MyoMiniFilament@38864c5f
Crazy forceSum in boxOfActin.MyoRod@327e272f
Crazy forceSum in boxOfActin.MyoRod@777caf04
Crazy forceSum in boxOfActin.MyoRod@7d12f100
Crazy forceSum in boxOfActin.MyoRod@4641dbc0
Crazy forceSum in boxOfActin.MyoRod@5c5db78
Crazy forceSum in boxOfActin.MyoRod@1753504b
Crazy forceSum in boxOfActin.MyoRod@7da32950
Crazy forceSum in boxOfActin.MyoRod@35f472ff
Crazy forceSum in boxOfActin.MyoRod@1ec17122
Crazy forceSum in boxOfActin.MyoRod@131dabb9
Crazy forceSum in boxOfActin.MyoRod@7710e923
Crazy forceSum in boxOfActin.MyoRod@61e51eb4
Crazy forceSum in boxOfActin.MyoRod@74b83bcb
Crazy forceSum in boxOfActin.MyoRod@a061686
Crazy forceSum in boxOfActin.MyoRod@7a2faf14
Crazy forceSum in boxOfActin.MyoRod@33761e5b
Crazy forceSum in boxOfActin.MyoMiniFilament@38864c5f
Crazy torqueSum in boxOfActin.MyoMiniFilament@38864c5f
Crazy forceSum in boxOfActin.MyoRod@327e272f
Crazy forceSum in boxOfActin.MyoRod@777caf04
Crazy forceSum in boxOfActin.MyoRod@7d12f100
Crazy forceSum in boxOfActin.MyoRod@4641dbc0
Crazy forceSum in boxOfActin.MyoRod@5c5db78
Crazy forceSum in boxOfActin.MyoRod@1753504b
Crazy forceSum in boxOfActin.MyoRod@7da32950
Crazy forceSum in boxOfActin.MyoRod@35f472ff
Crazy forceSum in boxOfActin.MyoRod@1ec17122
Crazy forceSum in boxOfActin.MyoRod@131dabb9
Crazy forceSum in boxOfActin.MyoRod@7710e923
Crazy forceSum in boxOfActin.MyoRod@61e51eb4
Crazy forceSum in boxOfActin.MyoRod@74b83bcb
Crazy forceSum in boxOfActin.MyoRod@a061686
Crazy forceSum in boxOfActin.MyoRod@7a2faf14
Crazy forceSum in boxOfActin.MyoRod@33761e5b
Crazy forceSum in boxOfActin.MyoMiniFilament@38864c5f
Crazy torqueSum in boxOfActin.MyoMiniFilament@38864c5f
Crazy forceSum in boxOfActin.MyoRod@327e272f
Crazy forceSum in boxOfActin.MyoRod@777caf04
Crazy forceSum in boxOfActin.MyoRod@7d12f100
Crazy forceSum in boxOfActin.MyoRod@4641dbc0
Crazy forceSum in boxOfActin.MyoRod@5c5db78
Crazy forceSum in boxOfActin.MyoRod@1753504b
Crazy forceSum in boxOfActin.MyoRod@7da32950
Crazy forceSum in boxOfActin.MyoRod@35f472ff
Crazy forceSum in boxOfActin.MyoRod@1ec17122
Crazy forceSum in boxOfActin.MyoRod@131dabb9
Crazy forceSum in boxOfActin.MyoRod@7710e923
Crazy forceSum in boxOfActin.MyoRod@61e51eb4
Crazy forceSum in boxOfActin.MyoRod@74b83bcb
Crazy forceSum in boxOfActin.MyoRod@a061686
Crazy forceSum in boxOfActin.MyoRod@7a2faf14
Crazy forceSum in boxOfActin.MyoRod@33761e5b
Crazy forceSum in boxOfActin.MyoMiniFilament@38864c5f
Crazy torqueSum in boxOfActin.MyoMiniFilament@38864c5f
Crazy forceSum in boxOfActin.MyoRod@327e272f
Crazy forceSum in boxOfActin.MyoRod@777caf04
Crazy forceSum in boxOfActin.MyoRod@7d12f100
Crazy forceSum in boxOfActin.MyoRod@4641dbc0
Crazy forceSum in boxOfActin.MyoRod@5c5db78
Crazy forceSum in boxOfActin.MyoRod@1753504b
Crazy forceSum in boxOfActin.MyoRod@7da32950
Crazy forceSum in boxOfActin.MyoRod@35f472ff
Crazy forceSum in boxOfActin.MyoRod@1ec17122
Crazy forceSum in boxOfActin.MyoRod@131dabb9
Crazy forceSum in boxOfActin.MyoRod@7710e923
Crazy forceSum in boxOfActin.MyoRod@61e51eb4
Crazy forceSum in boxOfActin.MyoRod@74b83bcb
Crazy forceSum in boxOfActin.MyoRod@a061686
Crazy forceSum in boxOfActin.MyoRod@7a2faf14
Crazy forceSum in boxOfActin.MyoRod@33761e5b
Crazy forceSum in boxOfActin.MyoMiniFilament@38864c5f
Crazy torqueSum in boxOfActin.MyoMiniFilament@38864c5f
Crazy forceSum in boxOfActin.MyoRod@327e272f
Crazy forceSum in boxOfActin.MyoRod@777caf04
Crazy forceSum in boxOfActin.MyoRod@7d12f100
Crazy forceSum in boxOfActin.MyoRod@4641dbc0
Crazy forceSum in boxOfActin.MyoRod@5c5db78
Crazy forceSum in boxOfActin.MyoRod@1753504b
Crazy forceSum in boxOfActin.MyoRod@7da32950
Crazy forceSum in boxOfActin.MyoRod@35f472ff
Crazy forceSum in boxOfActin.MyoRod@1ec17122
Crazy forceSum in boxOfActin.MyoRod@131dabb9
Crazy forceSum in boxOfActin.MyoRod@7710e923
Crazy forceSum in boxOfActin.MyoRod@61e51eb4
Crazy forceSum in boxOfActin.MyoRod@74b83bcb
Crazy forceSum in boxOfActin.MyoRod@a061686
Crazy forceSum in boxOfActin.MyoRod@7a2faf14
Crazy forceSum in boxOfActin.MyoRod@33761e5b
Crazy forceSum in boxOfActin.MyoMiniFilament@38864c5f
Crazy torqueSum in boxOfActin.MyoMiniFilament@38864c5f
Crazy forceSum in boxOfActin.MyoRod@327e272f
Crazy forceSum in boxOfActin.MyoRod@777caf04
Crazy forceSum in boxOfActin.MyoRod@7d12f100
Crazy forceSum in boxOfActin.MyoRod@4641dbc0
Crazy forceSum in boxOfActin.MyoRod@5c5db78
Crazy forceSum in boxOfActin.MyoRod@1753504b
Crazy forceSum in boxOfActin.MyoRod@7da32950
Crazy forceSum in boxOfActin.MyoRod@35f472ff
Crazy forceSum in boxOfActin.MyoRod@1ec17122
Crazy forceSum in boxOfActin.MyoRod@131dabb9
Crazy forceSum in boxOfActin.MyoRod@7710e923
Crazy forceSum in boxOfActin.MyoRod@61e51eb4
Crazy forceSum in boxOfActin.MyoRod@74b83bcb
Crazy forceSum in boxOfActin.MyoRod@a061686
Crazy forceSum in boxOfActin.MyoRod@7a2faf14
Crazy forceSum in boxOfActin.MyoRod@33761e5b
Crazy forceSum in boxOfActin.MyoMiniFilament@38864c5f
Crazy torqueSum in boxOfActin.MyoMiniFilament@38864c5f
Crazy forceSum in boxOfActin.MyoRod@327e272f
Crazy forceSum in boxOfActin.MyoRod@777caf04
Crazy forceSum in boxOfActin.MyoRod@7d12f100
Crazy forceSum in boxOfActin.MyoRod@4641dbc0
Crazy forceSum in boxOfActin.MyoRod@5c5db78
Crazy forceSum in boxOfActin.MyoRod@1753504b
Crazy forceSum in boxOfActin.MyoRod@7da32950
Crazy forceSum in boxOfActin.MyoRod@35f472ff
Crazy forceSum in boxOfActin.MyoRod@1ec17122
Crazy forceSum in boxOfActin.MyoRod@131dabb9
Crazy forceSum in boxOfActin.MyoRod@7710e923
Crazy forceSum in boxOfActin.MyoRod@61e51eb4
Crazy forceSum in boxOfActin.MyoRod@74b83bcb
Crazy forceSum in boxOfActin.MyoRod@a061686
Crazy forceSum in boxOfActin.MyoRod@7a2faf14
Crazy forceSum in boxOfActin.MyoRod@33761e5b
Crazy forceSum in boxOfActin.MyoMiniFilament@38864c5f
Crazy torqueSum in boxOfActin.MyoMiniFilament@38864c5f
Crazy forceSum in boxOfActin.MyoRod@327e272f
Crazy forceSum in boxOfActin.MyoRod@777caf04
Crazy forceSum in boxOfActin.MyoRod@7d12f100
Crazy forceSum in boxOfActin.MyoRod@4641dbc0
Crazy forceSum in boxOfActin.MyoRod@5c5db78
Crazy forceSum in boxOfActin.MyoRod@1753504b
Crazy forceSum in boxOfActin.MyoRod@7da32950
Crazy forceSum in boxOfActin.MyoRod@35f472ff
Crazy forceSum in boxOfActin.MyoRod@1ec17122
Crazy forceSum in boxOfActin.MyoRod@131dabb9
Crazy forceSum in boxOfActin.MyoRod@7710e923
Crazy forceSum in boxOfActin.MyoRod@61e51eb4
Crazy forceSum in boxOfActin.MyoRod@74b83bcb
Crazy forceSum in boxOfActin.MyoRod@a061686
Crazy forceSum in boxOfActin.MyoRod@7a2faf14
Crazy forceSum in boxOfActin.MyoRod@33761e5b
Crazy forceSum in boxOfActin.MyoMiniFilament@38864c5f
Crazy torqueSum in boxOfActin.MyoMiniFilament@38864c5f
Crazy forceSum in boxOfActin.MyoRod@327e272f
Crazy forceSum in boxOfActin.MyoRod@777caf04
Crazy forceSum in boxOfActin.MyoRod@7d12f100
Crazy forceSum in boxOfActin.MyoRod@4641dbc0
Crazy forceSum in boxOfActin.MyoRod@5c5db78
Crazy forceSum in boxOfActin.MyoRod@1753504b
Crazy forceSum in boxOfActin.MyoRod@7da32950
Crazy forceSum in boxOfActin.MyoRod@35f472ff
Crazy forceSum in boxOfActin.MyoRod@1ec17122
Crazy forceSum in boxOfActin.MyoRod@131dabb9
Crazy forceSum in boxOfActin.MyoRod@7710e923
Crazy forceSum in boxOfActin.MyoRod@61e51eb4
Crazy forceSum in boxOfActin.MyoRod@74b83bcb
Crazy forceSum in boxOfActin.MyoRod@a061686
Crazy forceSum in boxOfActin.MyoRod@7a2faf14
Crazy forceSum in boxOfActin.MyoRod@33761e5b
Crazy forceSum in boxOfActin.MyoMiniFilament@38864c5f
Crazy torqueSum in boxOfActin.MyoMiniFilament@38864c5f
Crazy forceSum in boxOfActin.MyoRod@327e272f
Crazy forceSum in boxOfActin.MyoRod@777caf04
Crazy forceSum in boxOfActin.MyoRod@7d12f100
Crazy forceSum in boxOfActin.MyoRod@4641dbc0
Crazy forceSum in boxOfActin.MyoRod@5c5db78
Crazy forceSum in boxOfActin.MyoRod@1753504b
Crazy forceSum in boxOfActin.MyoRod@7da32950
Crazy forceSum in boxOfActin.MyoRod@35f472ff
Crazy forceSum in boxOfActin.MyoRod@1ec17122
Crazy forceSum in boxOfActin.MyoRod@131dabb9
Crazy forceSum in boxOfActin.MyoRod@7710e923
Crazy forceSum in boxOfActin.MyoRod@61e51eb4
Crazy forceSum in boxOfActin.MyoRod@74b83bcb
Crazy forceSum in boxOfActin.MyoRod@a061686
Crazy forceSum in boxOfActin.MyoRod@7a2faf14
Crazy forceSum in boxOfActin.MyoRod@33761e5b
Crazy forceSum in boxOfActin.MyoMiniFilament@38864c5f
Crazy torqueSum in boxOfActin.MyoMiniFilament@38864c5f
Crazy forceSum in boxOfActin.MyoRod@327e272f
Crazy forceSum in boxOfActin.MyoRod@777caf04
Crazy forceSum in boxOfActin.MyoRod@7d12f100
Crazy forceSum in boxOfActin.MyoRod@4641dbc0
Crazy forceSum in boxOfActin.MyoRod@5c5db78
Crazy forceSum in boxOfActin.MyoRod@1753504b
Crazy forceSum in boxOfActin.MyoRod@7da32950
Crazy forceSum in boxOfActin.MyoRod@35f472ff
Crazy forceSum in boxOfActin.MyoRod@1ec17122
Crazy forceSum in boxOfActin.MyoRod@131dabb9
Crazy forceSum in boxOfActin.MyoRod@7710e923
Crazy forceSum in boxOfActin.MyoRod@61e51eb4
Crazy forceSum in boxOfActin.MyoRod@74b83bcb
Crazy forceSum in boxOfActin.MyoRod@a061686
Crazy forceSum in boxOfActin.MyoRod@7a2faf14
Crazy forceSum in boxOfActin.MyoRod@33761e5b
Crazy forceSum in boxOfActin.MyoMiniFilament@38864c5f
Crazy torqueSum in boxOfActin.MyoMiniFilament@38864c5f
Crazy forceSum in boxOfActin.MyoRod@327e272f
Crazy forceSum in boxOfActin.MyoRod@777caf04
Crazy forceSum in boxOfActin.MyoRod@7d12f100
Crazy forceSum in boxOfActin.MyoRod@4641dbc0
Crazy forceSum in boxOfActin.MyoRod@5c5db78
Crazy forceSum in boxOfActin.MyoRod@1753504b
Crazy forceSum in boxOfActin.MyoRod@7da32950
Crazy forceSum in boxOfActin.MyoRod@35f472ff
Crazy forceSum in boxOfActin.MyoRod@1ec17122
Crazy forceSum in boxOfActin.MyoRod@131dabb9
Crazy forceSum in boxOfActin.MyoRod@7710e923
Crazy forceSum in boxOfActin.MyoRod@61e51eb4
Crazy forceSum in boxOfActin.MyoRod@74b83bcb
Crazy forceSum in boxOfActin.MyoRod@a061686
Crazy forceSum in boxOfActin.MyoRod@7a2faf14
Crazy forceSum in boxOfActin.MyoRod@33761e5b
Crazy forceSum in boxOfActin.MyoMiniFilament@38864c5f
Crazy torqueSum in boxOfActin.MyoMiniFilament@38864c5f
Crazy forceSum in boxOfActin.MyoRod@327e272f
Crazy forceSum in boxOfActin.MyoRod@777caf04
Crazy forceSum in boxOfActin.MyoRod@7d12f100
Crazy forceSum in boxOfActin.MyoRod@4641dbc0
Crazy forceSum in boxOfActin.MyoRod@5c5db78
Crazy forceSum in boxOfActin.MyoRod@1753504b
Crazy forceSum in boxOfActin.MyoRod@7da32950
Crazy forceSum in boxOfActin.MyoRod@35f472ff
Crazy forceSum in boxOfActin.MyoRod@1ec17122
Crazy forceSum in boxOfActin.MyoRod@131dabb9
Crazy forceSum in boxOfActin.MyoRod@7710e923
Crazy forceSum in boxOfActin.MyoRod@61e51eb4
Crazy forceSum in boxOfActin.MyoRod@74b83bcb
Crazy forceSum in boxOfActin.MyoRod@a061686
Crazy forceSum in boxOfActin.MyoRod@7a2faf14
Crazy forceSum in boxOfActin.MyoRod@33761e5b
Crazy forceSum in boxOfActin.MyoMiniFilament@38864c5f
Crazy torqueSum in boxOfActin.MyoMiniFilament@38864c5f
Crazy forceSum in boxOfActin.MyoRod@327e272f
Crazy forceSum in boxOfActin.MyoRod@777caf04
Crazy forceSum in boxOfActin.MyoRod@7d12f100
Crazy forceSum in boxOfActin.MyoRod@4641dbc0
Crazy forceSum in boxOfActin.MyoRod@5c5db78
Crazy forceSum in boxOfActin.MyoRod@1753504b
Crazy forceSum in boxOfActin.MyoRod@7da32950
Crazy forceSum in boxOfActin.MyoRod@35f472ff
Crazy forceSum in boxOfActin.MyoRod@1ec17122
Crazy forceSum in boxOfActin.MyoRod@131dabb9
Crazy forceSum in boxOfActin.MyoRod@7710e923
Crazy forceSum in boxOfActin.MyoRod@61e51eb4
Crazy forceSum in boxOfActin.MyoRod@74b83bcb
Crazy forceSum in boxOfActin.MyoRod@a061686
Crazy forceSum in boxOfActin.MyoRod@7a2faf14
Crazy forceSum in boxOfActin.MyoRod@33761e5b
Crazy forceSum in boxOfActin.MyoMiniFilament@38864c5f
Crazy torqueSum in boxOfActin.MyoMiniFilament@38864c5f
Crazy forceSum in boxOfActin.MyoRod@327e272f
Crazy forceSum in boxOfActin.MyoRod@777caf04
Crazy forceSum in boxOfActin.MyoRod@7d12f100
Crazy forceSum in boxOfActin.MyoRod@4641dbc0
Crazy forceSum in boxOfActin.MyoRod@5c5db78
Crazy forceSum in boxOfActin.MyoRod@1753504b
Crazy forceSum in boxOfActin.MyoRod@7da32950
Crazy forceSum in boxOfActin.MyoRod@35f472ff
Crazy forceSum in boxOfActin.MyoRod@1ec17122
Crazy forceSum in boxOfActin.MyoRod@131dabb9
Crazy forceSum in boxOfActin.MyoRod@7710e923
Crazy forceSum in boxOfActin.MyoRod@61e51eb4
Crazy forceSum in boxOfActin.MyoRod@74b83bcb
Crazy forceSum in boxOfActin.MyoRod@a061686
Crazy forceSum in boxOfActin.MyoRod@7a2faf14
Crazy forceSum in boxOfActin.MyoRod@33761e5b
Crazy forceSum in boxOfActin.MyoMiniFilament@38864c5f
Crazy torqueSum in boxOfActin.MyoMiniFilament@38864c5f
Crazy forceSum in boxOfActin.MyoRod@327e272f
Crazy forceSum in boxOfActin.MyoRod@777caf04
Crazy forceSum in boxOfActin.MyoRod@7d12f100
Crazy forceSum in boxOfActin.MyoRod@4641dbc0
Crazy forceSum in boxOfActin.MyoRod@5c5db78
Crazy forceSum in boxOfActin.MyoRod@1753504b
Crazy forceSum in boxOfActin.MyoRod@7da32950
Crazy forceSum in boxOfActin.MyoRod@35f472ff
Crazy forceSum in boxOfActin.MyoRod@1ec17122
Crazy forceSum in boxOfActin.MyoRod@131dabb9
Crazy forceSum in boxOfActin.MyoRod@7710e923
Crazy forceSum in boxOfActin.MyoRod@61e51eb4
Crazy forceSum in boxOfActin.MyoRod@74b83bcb
Crazy forceSum in boxOfActin.MyoRod@a061686
Crazy forceSum in boxOfActin.MyoRod@7a2faf14
Crazy forceSum in boxOfActin.MyoRod@33761e5b
Crazy forceSum in boxOfActin.MyoMiniFilament@38864c5f
Crazy torqueSum in boxOfActin.MyoMiniFilament@38864c5f
Crazy forceSum in boxOfActin.MyoRod@327e272f
Crazy forceSum in boxOfActin.MyoRod@777caf04
Crazy forceSum in boxOfActin.MyoRod@7d12f100
Crazy forceSum in boxOfActin.MyoRod@4641dbc0
Crazy forceSum in boxOfActin.MyoRod@5c5db78
Crazy forceSum in boxOfActin.MyoRod@1753504b
Crazy forceSum in boxOfActin.MyoRod@7da32950
Crazy forceSum in boxOfActin.MyoRod@35f472ff
Crazy forceSum in boxOfActin.MyoRod@1ec17122
Crazy forceSum in boxOfActin.MyoRod@131dabb9
Crazy forceSum in boxOfActin.MyoRod@7710e923
Crazy forceSum in boxOfActin.MyoRod@61e51eb4
Crazy forceSum in boxOfActin.MyoRod@74b83bcb
Crazy forceSum in boxOfActin.MyoRod@a061686
Crazy forceSum in boxOfActin.MyoRod@7a2faf14
Crazy forceSum in boxOfActin.MyoRod@33761e5b
Crazy forceSum in boxOfActin.MyoMiniFilament@38864c5f
Crazy torqueSum in boxOfActin.MyoMiniFilament@38864c5f
Crazy forceSum in boxOfActin.MyoRod@327e272f
Crazy forceSum in boxOfActin.MyoRod@777caf04
Crazy forceSum in boxOfActin.MyoRod@7d12f100
Crazy forceSum in boxOfActin.MyoRod@4641dbc0
Crazy forceSum in boxOfActin.MyoRod@5c5db78
Crazy forceSum in boxOfActin.MyoRod@1753504b
Crazy forceSum in boxOfActin.MyoRod@7da32950
Crazy forceSum in boxOfActin.MyoRod@35f472ff
Crazy forceSum in boxOfActin.MyoRod@1ec17122
Crazy forceSum in boxOfActin.MyoRod@131dabb9
Crazy forceSum in boxOfActin.MyoRod@7710e923
Crazy forceSum in boxOfActin.MyoRod@61e51eb4
Crazy forceSum in boxOfActin.MyoRod@74b83bcb
Crazy forceSum in boxOfActin.MyoRod@a061686
Crazy forceSum in boxOfActin.MyoRod@7a2faf14
Crazy forceSum in boxOfActin.MyoRod@33761e5b
Crazy forceSum in boxOfActin.MyoMiniFilament@38864c5f
Crazy torqueSum in boxOfActin.MyoMiniFilament@38864c5f
Crazy forceSum in boxOfActin.MyoRod@327e272f
Crazy forceSum in boxOfActin.MyoRod@777caf04
Crazy forceSum in boxOfActin.MyoRod@7d12f100
Crazy forceSum in boxOfActin.MyoRod@4641dbc0
Crazy forceSum in boxOfActin.MyoRod@5c5db78
Crazy forceSum in boxOfActin.MyoRod@1753504b
Crazy forceSum in boxOfActin.MyoRod@7da32950
Crazy forceSum in boxOfActin.MyoRod@35f472ff
Crazy forceSum in boxOfActin.MyoRod@1ec17122
Crazy forceSum in boxOfActin.MyoRod@131dabb9
Crazy forceSum in boxOfActin.MyoRod@7710e923
Crazy forceSum in boxOfActin.MyoRod@61e51eb4
Crazy forceSum in boxOfActin.MyoRod@74b83bcb
Crazy forceSum in boxOfActin.MyoRod@a061686
Crazy forceSum in boxOfActin.MyoRod@7a2faf14
Crazy forceSum in boxOfActin.MyoRod@33761e5b
Crazy forceSum in boxOfActin.MyoMiniFilament@38864c5f
Crazy torqueSum in boxOfActin.MyoMiniFilament@38864c5f
Crazy forceSum in boxOfActin.MyoRod@327e272f
Crazy forceSum in boxOfActin.MyoRod@777caf04
Crazy forceSum in boxOfActin.MyoRod@7d12f100
Crazy forceSum in boxOfActin.MyoRod@4641dbc0
Crazy forceSum in boxOfActin.MyoRod@5c5db78
Crazy forceSum in boxOfActin.MyoRod@1753504b
Crazy forceSum in boxOfActin.MyoRod@7da32950
Crazy forceSum in boxOfActin.MyoRod@35f472ff
Crazy forceSum in boxOfActin.MyoRod@1ec17122
Crazy forceSum in boxOfActin.MyoRod@131dabb9
Crazy forceSum in boxOfActin.MyoRod@7710e923
Crazy forceSum in boxOfActin.MyoRod@61e51eb4
Crazy forceSum in boxOfActin.MyoRod@74b83bcb
Crazy forceSum in boxOfActin.MyoRod@a061686
Crazy forceSum in boxOfActin.MyoRod@7a2faf14
Crazy forceSum in boxOfActin.MyoRod@33761e5b
Crazy forceSum in boxOfActin.MyoMiniFilament@38864c5f
Crazy torqueSum in boxOfActin.MyoMiniFilament@38864c5f
Crazy forceSum in boxOfActin.MyoRod@327e272f
Crazy forceSum in boxOfActin.MyoRod@777caf04
Crazy forceSum in boxOfActin.MyoRod@7d12f100
Crazy forceSum in boxOfActin.MyoRod@4641dbc0
Crazy forceSum in boxOfActin.MyoRod@5c5db78
Crazy forceSum in boxOfActin.MyoRod@1753504b
Crazy forceSum in boxOfActin.MyoRod@7da32950
Crazy forceSum in boxOfActin.MyoRod@35f472ff
Crazy forceSum in boxOfActin.MyoRod@1ec17122
Crazy forceSum in boxOfActin.MyoRod@131dabb9
Crazy forceSum in boxOfActin.MyoRod@7710e923
Crazy forceSum in boxOfActin.MyoRod@61e51eb4
Crazy forceSum in boxOfActin.MyoRod@74b83bcb
Crazy forceSum in boxOfActin.MyoRod@a061686
Crazy forceSum in boxOfActin.MyoRod@7a2faf14
Crazy forceSum in boxOfActin.MyoRod@33761e5b
Crazy forceSum in boxOfActin.MyoMiniFilament@38864c5f
Crazy torqueSum in boxOfActin.MyoMiniFilament@38864c5f
Crazy forceSum in boxOfActin.MyoRod@327e272f
Crazy forceSum in boxOfActin.MyoRod@777caf04
Crazy forceSum in boxOfActin.MyoRod@7d12f100
Crazy forceSum in boxOfActin.MyoRod@4641dbc0
Crazy forceSum in boxOfActin.MyoRod@5c5db78
Crazy forceSum in boxOfActin.MyoRod@1753504b
Crazy forceSum in boxOfActin.MyoRod@7da32950
Crazy forceSum in boxOfActin.MyoRod@35f472ff
Crazy forceSum in boxOfActin.MyoRod@1ec17122
Crazy forceSum in boxOfActin.MyoRod@131dabb9
Crazy forceSum in boxOfActin.MyoRod@7710e923
Crazy forceSum in boxOfActin.MyoRod@61e51eb4
Crazy forceSum in boxOfActin.MyoRod@74b83bcb
Crazy forceSum in boxOfActin.MyoRod@a061686
Crazy forceSum in boxOfActin.MyoRod@7a2faf14
Crazy forceSum in boxOfActin.MyoRod@33761e5b
Crazy forceSum in boxOfActin.MyoMiniFilament@38864c5f
Crazy torqueSum in boxOfActin.MyoMiniFilament@38864c5f
Crazy forceSum in boxOfActin.MyoRod@327e272f
Crazy forceSum in boxOfActin.MyoRod@777caf04
Crazy forceSum in boxOfActin.MyoRod@7d12f100
Crazy forceSum in boxOfActin.MyoRod@4641dbc0
Crazy forceSum in boxOfActin.MyoRod@5c5db78
Crazy forceSum in boxOfActin.MyoRod@1753504b
Crazy forceSum in boxOfActin.MyoRod@7da32950
Crazy forceSum in boxOfActin.MyoRod@35f472ff
Crazy forceSum in boxOfActin.MyoRod@1ec17122
Crazy forceSum in boxOfActin.MyoRod@131dabb9
Crazy forceSum in boxOfActin.MyoRod@7710e923
Crazy forceSum in boxOfActin.MyoRod@61e51eb4
Crazy forceSum in boxOfActin.MyoRod@74b83bcb
Crazy forceSum in boxOfActin.MyoRod@a061686
Crazy forceSum in boxOfActin.MyoRod@7a2faf14
Crazy forceSum in boxOfActin.MyoRod@33761e5b
Crazy forceSum in boxOfActin.MyoMiniFilament@38864c5f
Crazy torqueSum in boxOfActin.MyoMiniFilament@38864c5f
Crazy forceSum in boxOfActin.MyoRod@327e272f
Crazy forceSum in boxOfActin.MyoRod@777caf04
Crazy forceSum in boxOfActin.MyoRod@7d12f100
Crazy forceSum in boxOfActin.MyoRod@4641dbc0
Crazy forceSum in boxOfActin.MyoRod@5c5db78
Crazy forceSum in boxOfActin.MyoRod@1753504b
Crazy forceSum in boxOfActin.MyoRod@7da32950
Crazy forceSum in boxOfActin.MyoRod@35f472ff
Crazy forceSum in boxOfActin.MyoRod@1ec17122
Crazy forceSum in boxOfActin.MyoRod@131dabb9
Crazy forceSum in boxOfActin.MyoRod@7710e923
Crazy forceSum in boxOfActin.MyoRod@61e51eb4
Crazy forceSum in boxOfActin.MyoRod@74b83bcb
Crazy forceSum in boxOfActin.MyoRod@a061686
Crazy forceSum in boxOfActin.MyoRod@7a2faf14
Crazy forceSum in boxOfActin.MyoRod@33761e5b
Crazy forceSum in boxOfActin.MyoMiniFilament@38864c5f
Crazy torqueSum in boxOfActin.MyoMiniFilament@38864c5f
Crazy forceSum in boxOfActin.MyoRod@327e272f
Crazy forceSum in boxOfActin.MyoRod@777caf04
Crazy forceSum in boxOfActin.MyoRod@7d12f100
Crazy forceSum in boxOfActin.MyoRod@4641dbc0
Crazy forceSum in boxOfActin.MyoRod@5c5db78
Crazy forceSum in boxOfActin.MyoRod@1753504b
Crazy forceSum in boxOfActin.MyoRod@7da32950
Crazy forceSum in boxOfActin.MyoRod@35f472ff
Crazy forceSum in boxOfActin.MyoRod@1ec17122
Crazy forceSum in boxOfActin.MyoRod@131dabb9
Crazy forceSum in boxOfActin.MyoRod@7710e923
Crazy forceSum in boxOfActin.MyoRod@61e51eb4
Crazy forceSum in boxOfActin.MyoRod@74b83bcb
Crazy forceSum in boxOfActin.MyoRod@a061686
Crazy forceSum in boxOfActin.MyoRod@7a2faf14
Crazy forceSum in boxOfActin.MyoRod@33761e5b
Crazy forceSum in boxOfActin.MyoMiniFilament@38864c5f
Crazy torqueSum in boxOfActin.MyoMiniFilament@38864c5f
Crazy forceSum in boxOfActin.MyoRod@327e272f
Crazy forceSum in boxOfActin.MyoRod@777caf04
Crazy forceSum in boxOfActin.MyoRod@7d12f100
Crazy forceSum in boxOfActin.MyoRod@4641dbc0
Crazy forceSum in boxOfActin.MyoRod@5c5db78
Crazy forceSum in boxOfActin.MyoRod@1753504b
Crazy forceSum in boxOfActin.MyoRod@7da32950
Crazy forceSum in boxOfActin.MyoRod@35f472ff
Crazy forceSum in boxOfActin.MyoRod@1ec17122
Crazy forceSum in boxOfActin.MyoRod@131dabb9
Crazy forceSum in boxOfActin.MyoRod@7710e923
Crazy forceSum in boxOfActin.MyoRod@61e51eb4
Crazy forceSum in boxOfActin.MyoRod@74b83bcb
Crazy forceSum in boxOfActin.MyoRod@a061686
Crazy forceSum in boxOfActin.MyoRod@7a2faf14
Crazy forceSum in boxOfActin.MyoRod@33761e5b
Crazy forceSum in boxOfActin.MyoMiniFilament@38864c5f
Crazy torqueSum in boxOfActin.MyoMiniFilament@38864c5f
Crazy forceSum in boxOfActin.MyoRod@327e272f
Crazy forceSum in boxOfActin.MyoRod@777caf04
Crazy forceSum in boxOfActin.MyoRod@7d12f100
Crazy forceSum in boxOfActin.MyoRod@4641dbc0
Crazy forceSum in boxOfActin.MyoRod@5c5db78
Crazy forceSum in boxOfActin.MyoRod@1753504b
Crazy forceSum in boxOfActin.MyoRod@7da32950
Crazy forceSum in boxOfActin.MyoRod@35f472ff
Crazy forceSum in boxOfActin.MyoRod@1ec17122
Crazy forceSum in boxOfActin.MyoRod@131dabb9
Crazy forceSum in boxOfActin.MyoRod@7710e923
Crazy forceSum in boxOfActin.MyoRod@61e51eb4
Crazy forceSum in boxOfActin.MyoRod@74b83bcb
Crazy forceSum in boxOfActin.MyoRod@a061686
Crazy forceSum in boxOfActin.MyoRod@7a2faf14
Crazy forceSum in boxOfActin.MyoRod@33761e5b
Crazy forceSum in boxOfActin.MyoMiniFilament@38864c5f
Crazy torqueSum in boxOfActin.MyoMiniFilament@38864c5f
Crazy forceSum in boxOfActin.MyoRod@327e272f
Crazy forceSum in boxOfActin.MyoRod@777caf04
Crazy forceSum in boxOfActin.MyoRod@7d12f100
Crazy forceSum in boxOfActin.MyoRod@4641dbc0
Crazy forceSum in boxOfActin.MyoRod@5c5db78
Crazy forceSum in boxOfActin.MyoRod@1753504b
Crazy forceSum in boxOfActin.MyoRod@7da32950
Crazy forceSum in boxOfActin.MyoRod@35f472ff
Crazy forceSum in boxOfActin.MyoRod@1ec17122
Crazy forceSum in boxOfActin.MyoRod@131dabb9
Crazy forceSum in boxOfActin.MyoRod@7710e923
Crazy forceSum in boxOfActin.MyoRod@61e51eb4
Crazy forceSum in boxOfActin.MyoRod@74b83bcb
Crazy forceSum in boxOfActin.MyoRod@a061686
Crazy forceSum in boxOfActin.MyoRod@7a2faf14
Crazy forceSum in boxOfActin.MyoRod@33761e5b
Crazy forceSum in boxOfActin.MyoMiniFilament@38864c5f
Crazy torqueSum in boxOfActin.MyoMiniFilament@38864c5f
Crazy forceSum in boxOfActin.MyoRod@327e272f
Crazy forceSum in boxOfActin.MyoRod@777caf04
Crazy forceSum in boxOfActin.MyoRod@7d12f100
Crazy forceSum in boxOfActin.MyoRod@4641dbc0
Crazy forceSum in boxOfActin.MyoRod@5c5db78
Crazy forceSum in boxOfActin.MyoRod@1753504b
Crazy forceSum in boxOfActin.MyoRod@7da32950
Crazy forceSum in boxOfActin.MyoRod@35f472ff
Crazy forceSum in boxOfActin.MyoRod@1ec17122
Crazy forceSum in boxOfActin.MyoRod@131dabb9
Crazy forceSum in boxOfActin.MyoRod@7710e923
Crazy forceSum in boxOfActin.MyoRod@61e51eb4
Crazy forceSum in boxOfActin.MyoRod@74b83bcb
Crazy forceSum in boxOfActin.MyoRod@a061686
Crazy forceSum in boxOfActin.MyoRod@7a2faf14
Crazy forceSum in boxOfActin.MyoRod@33761e5b
Crazy forceSum in boxOfActin.MyoMiniFilament@38864c5f
Crazy torqueSum in boxOfActin.MyoMiniFilament@38864c5f
Crazy forceSum in boxOfActin.MyoRod@327e272f
Crazy forceSum in boxOfActin.MyoRod@777caf04
Crazy forceSum in boxOfActin.MyoRod@7d12f100
Crazy forceSum in boxOfActin.MyoRod@4641dbc0
Crazy forceSum in boxOfActin.MyoRod@5c5db78
Crazy forceSum in boxOfActin.MyoRod@1753504b
Crazy forceSum in boxOfActin.MyoRod@7da32950
Crazy forceSum in boxOfActin.MyoRod@35f472ff
Crazy forceSum in boxOfActin.MyoRod@1ec17122
Crazy forceSum in boxOfActin.MyoRod@131dabb9
Crazy forceSum in boxOfActin.MyoRod@7710e923
Crazy forceSum in boxOfActin.MyoRod@61e51eb4
Crazy forceSum in boxOfActin.MyoRod@74b83bcb
Crazy forceSum in boxOfActin.MyoRod@a061686
Crazy forceSum in boxOfActin.MyoRod@7a2faf14
Crazy forceSum in boxOfActin.MyoRod@33761e5b
Crazy forceSum in boxOfActin.MyoMiniFilament@38864c5f
Crazy torqueSum in boxOfActin.MyoMiniFilament@38864c5f
Crazy forceSum in boxOfActin.MyoRod@327e272f
Crazy forceSum in boxOfActin.MyoRod@777caf04
Crazy forceSum in boxOfActin.MyoRod@7d12f100
Crazy forceSum in boxOfActin.MyoRod@4641dbc0
Crazy forceSum in boxOfActin.MyoRod@5c5db78
Crazy forceSum in boxOfActin.MyoRod@1753504b
Crazy forceSum in boxOfActin.MyoRod@7da32950
Crazy forceSum in boxOfActin.MyoRod@35f472ff
Crazy forceSum in boxOfActin.MyoRod@1ec17122
Crazy forceSum in boxOfActin.MyoRod@131dabb9
Crazy forceSum in boxOfActin.MyoRod@7710e923
Crazy forceSum in boxOfActin.MyoRod@61e51eb4
Crazy forceSum in boxOfActin.MyoRod@74b83bcb
Crazy forceSum in boxOfActin.MyoRod@a061686
Crazy forceSum in boxOfActin.MyoRod@7a2faf14
Crazy forceSum in boxOfActin.MyoRod@33761e5b
Crazy forceSum in boxOfActin.MyoMiniFilament@38864c5f
Crazy torqueSum in boxOfActin.MyoMiniFilament@38864c5f
Crazy forceSum in boxOfActin.MyoRod@327e272f
Crazy forceSum in boxOfActin.MyoRod@777caf04
Crazy forceSum in boxOfActin.MyoRod@7d12f100
Crazy forceSum in boxOfActin.MyoRod@4641dbc0
Crazy forceSum in boxOfActin.MyoRod@5c5db78
Crazy forceSum in boxOfActin.MyoRod@1753504b
Crazy forceSum in boxOfActin.MyoRod@7da32950
Crazy forceSum in boxOfActin.MyoRod@35f472ff
Crazy forceSum in boxOfActin.MyoRod@1ec17122
Crazy forceSum in boxOfActin.MyoRod@131dabb9
Crazy forceSum in boxOfActin.MyoRod@7710e923
Crazy forceSum in boxOfActin.MyoRod@61e51eb4
Crazy forceSum in boxOfActin.MyoRod@74b83bcb
Crazy forceSum in boxOfActin.MyoRod@a061686
Crazy forceSum in boxOfActin.MyoRod@7a2faf14
Crazy forceSum in boxOfActin.MyoRod@33761e5b
Crazy forceSum in boxOfActin.MyoMiniFilament@38864c5f
Crazy torqueSum in boxOfActin.MyoMiniFilament@38864c5f
Crazy forceSum in boxOfActin.MyoRod@327e272f
Crazy forceSum in boxOfActin.MyoRod@777caf04
Crazy forceSum in boxOfActin.MyoRod@7d12f100
Crazy forceSum in boxOfActin.MyoRod@4641dbc0
Crazy forceSum in boxOfActin.MyoRod@5c5db78
Crazy forceSum in boxOfActin.MyoRod@1753504b
Crazy forceSum in boxOfActin.MyoRod@7da32950
Crazy forceSum in boxOfActin.MyoRod@35f472ff
Crazy forceSum in boxOfActin.MyoRod@1ec17122
Crazy forceSum in boxOfActin.MyoRod@131dabb9
Crazy forceSum in boxOfActin.MyoRod@7710e923
Crazy forceSum in boxOfActin.MyoRod@61e51eb4
Crazy forceSum in boxOfActin.MyoRod@74b83bcb
Crazy forceSum in boxOfActin.MyoRod@a061686
Crazy forceSum in boxOfActin.MyoRod@7a2faf14
Crazy forceSum in boxOfActin.MyoRod@33761e5b
Crazy forceSum in boxOfActin.MyoMiniFilament@38864c5f
Crazy torqueSum in boxOfActin.MyoMiniFilament@38864c5f
Crazy forceSum in boxOfActin.MyoRod@327e272f
Crazy forceSum in boxOfActin.MyoRod@777caf04
Crazy forceSum in boxOfActin.MyoRod@7d12f100
Crazy forceSum in boxOfActin.MyoRod@4641dbc0
Crazy forceSum in boxOfActin.MyoRod@5c5db78
Crazy forceSum in boxOfActin.MyoRod@1753504b
Crazy forceSum in boxOfActin.MyoRod@7da32950
Crazy forceSum in boxOfActin.MyoRod@35f472ff
Crazy forceSum in boxOfActin.MyoRod@1ec17122
Crazy forceSum in boxOfActin.MyoRod@131dabb9
Crazy forceSum in boxOfActin.MyoRod@7710e923
Crazy forceSum in boxOfActin.MyoRod@61e51eb4
Crazy forceSum in boxOfActin.MyoRod@74b83bcb
Crazy forceSum in boxOfActin.MyoRod@a061686
Crazy forceSum in boxOfActin.MyoRod@7a2faf14
Crazy forceSum in boxOfActin.MyoRod@33761e5b
Crazy forceSum in boxOfActin.MyoMiniFilament@38864c5f
Crazy torqueSum in boxOfActin.MyoMiniFilament@38864c5f
Crazy forceSum in boxOfActin.MyoRod@327e272f
Crazy forceSum in boxOfActin.MyoRod@777caf04
Crazy forceSum in boxOfActin.MyoRod@7d12f100
Crazy forceSum in boxOfActin.MyoRod@4641dbc0
Crazy forceSum in boxOfActin.MyoRod@5c5db78
Crazy forceSum in boxOfActin.MyoRod@1753504b
Crazy forceSum in boxOfActin.MyoRod@7da32950
Crazy forceSum in boxOfActin.MyoRod@35f472ff
Crazy forceSum in boxOfActin.MyoRod@1ec17122
Crazy forceSum in boxOfActin.MyoRod@131dabb9
Crazy forceSum in boxOfActin.MyoRod@7710e923
Crazy forceSum in boxOfActin.MyoRod@61e51eb4
Crazy forceSum in boxOfActin.MyoRod@74b83bcb
Crazy forceSum in boxOfActin.MyoRod@a061686
Crazy forceSum in boxOfActin.MyoRod@7a2faf14
Crazy forceSum in boxOfActin.MyoRod@33761e5b
Crazy forceSum in boxOfActin.MyoMiniFilament@38864c5f
Crazy torqueSum in boxOfActin.MyoMiniFilament@38864c5f
Crazy forceSum in boxOfActin.MyoRod@327e272f
Crazy forceSum in boxOfActin.MyoRod@777caf04
Crazy forceSum in boxOfActin.MyoRod@7d12f100
Crazy forceSum in boxOfActin.MyoRod@4641dbc0
Crazy forceSum in boxOfActin.MyoRod@5c5db78
Crazy forceSum in boxOfActin.MyoRod@1753504b
Crazy forceSum in boxOfActin.MyoRod@7da32950
Crazy forceSum in boxOfActin.MyoRod@35f472ff
Crazy forceSum in boxOfActin.MyoRod@1ec17122
Crazy forceSum in boxOfActin.MyoRod@131dabb9
Crazy forceSum in boxOfActin.MyoRod@7710e923
Crazy forceSum in boxOfActin.MyoRod@61e51eb4
Crazy forceSum in boxOfActin.MyoRod@74b83bcb
Crazy forceSum in boxOfActin.MyoRod@a061686
Crazy forceSum in boxOfActin.MyoRod@7a2faf14
Crazy forceSum in boxOfActin.MyoRod@33761e5b
Crazy forceSum in boxOfActin.MyoMiniFilament@38864c5f
Crazy torqueSum in boxOfActin.MyoMiniFilament@38864c5f
Crazy forceSum in boxOfActin.MyoRod@327e272f
Crazy forceSum in boxOfActin.MyoRod@777caf04
Crazy forceSum in boxOfActin.MyoRod@7d12f100
Crazy forceSum in boxOfActin.MyoRod@4641dbc0
Crazy forceSum in boxOfActin.MyoRod@5c5db78
Crazy forceSum in boxOfActin.MyoRod@1753504b
Crazy forceSum in boxOfActin.MyoRod@7da32950
Crazy forceSum in boxOfActin.MyoRod@35f472ff
Crazy forceSum in boxOfActin.MyoRod@1ec17122
Crazy forceSum in boxOfActin.MyoRod@131dabb9
Crazy forceSum in boxOfActin.MyoRod@7710e923
Crazy forceSum in boxOfActin.MyoRod@61e51eb4
Crazy forceSum in boxOfActin.MyoRod@74b83bcb
Crazy forceSum in boxOfActin.MyoRod@a061686
Crazy forceSum in boxOfActin.MyoRod@7a2faf14
Crazy forceSum in boxOfActin.MyoRod@33761e5b
Crazy forceSum in boxOfActin.MyoMiniFilament@38864c5f
Crazy torqueSum in boxOfActin.MyoMiniFilament@38864c5f
Crazy forceSum in boxOfActin.MyoRod@327e272f
Crazy forceSum in boxOfActin.MyoRod@777caf04
Crazy forceSum in boxOfActin.MyoRod@7d12f100
Crazy forceSum in boxOfActin.MyoRod@4641dbc0
Crazy forceSum in boxOfActin.MyoRod@5c5db78
Crazy forceSum in boxOfActin.MyoRod@1753504b
Crazy forceSum in boxOfActin.MyoRod@7da32950
Crazy forceSum in boxOfActin.MyoRod@35f472ff
Crazy forceSum in boxOfActin.MyoRod@1ec17122
Crazy forceSum in boxOfActin.MyoRod@131dabb9
Crazy forceSum in boxOfActin.MyoRod@7710e923
Crazy forceSum in boxOfActin.MyoRod@61e51eb4
Crazy forceSum in boxOfActin.MyoRod@74b83bcb
Crazy forceSum in boxOfActin.MyoRod@a061686
Crazy forceSum in boxOfActin.MyoRod@7a2faf14
Crazy forceSum in boxOfActin.MyoRod@33761e5b
Crazy forceSum in boxOfActin.MyoMiniFilament@38864c5f
Crazy torqueSum in boxOfActin.MyoMiniFilament@38864c5f
Crazy forceSum in boxOfActin.MyoRod@327e272f
Crazy forceSum in boxOfActin.MyoRod@777caf04
Crazy forceSum in boxOfActin.MyoRod@7d12f100
Crazy forceSum in boxOfActin.MyoRod@4641dbc0
Crazy forceSum in boxOfActin.MyoRod@5c5db78
Crazy forceSum in boxOfActin.MyoRod@1753504b
Crazy forceSum in boxOfActin.MyoRod@7da32950
Crazy forceSum in boxOfActin.MyoRod@35f472ff
Crazy forceSum in boxOfActin.MyoRod@1ec17122
Crazy forceSum in boxOfActin.MyoRod@131dabb9
Crazy forceSum in boxOfActin.MyoRod@7710e923
Crazy forceSum in boxOfActin.MyoRod@61e51eb4
Crazy forceSum in boxOfActin.MyoRod@74b83bcb
Crazy forceSum in boxOfActin.MyoRod@a061686
Crazy forceSum in boxOfActin.MyoRod@7a2faf14
Crazy forceSum in boxOfActin.MyoRod@33761e5b
Crazy forceSum in boxOfActin.MyoMiniFilament@38864c5f
Crazy torqueSum in boxOfActin.MyoMiniFilament@38864c5f
Crazy forceSum in boxOfActin.MyoRod@327e272f
Crazy forceSum in boxOfActin.MyoRod@777caf04
Crazy forceSum in boxOfActin.MyoRod@7d12f100
Crazy forceSum in boxOfActin.MyoRod@4641dbc0
Crazy forceSum in boxOfActin.MyoRod@5c5db78
Crazy forceSum in boxOfActin.MyoRod@1753504b
Crazy forceSum in boxOfActin.MyoRod@7da32950
Crazy forceSum in boxOfActin.MyoRod@35f472ff
Crazy forceSum in boxOfActin.MyoRod@1ec17122
Crazy forceSum in boxOfActin.MyoRod@131dabb9
Crazy forceSum in boxOfActin.MyoRod@7710e923
Crazy forceSum in boxOfActin.MyoRod@61e51eb4
Crazy forceSum in boxOfActin.MyoRod@74b83bcb
Crazy forceSum in boxOfActin.MyoRod@a061686
Crazy forceSum in boxOfActin.MyoRod@7a2faf14
Crazy forceSum in boxOfActin.MyoRod@33761e5b
Crazy forceSum in boxOfActin.MyoMiniFilament@38864c5f
Crazy torqueSum in boxOfActin.MyoMiniFilament@38864c5f
Crazy forceSum in boxOfActin.MyoRod@327e272f
Crazy forceSum in boxOfActin.MyoRod@777caf04
Crazy forceSum in boxOfActin.MyoRod@7d12f100
Crazy forceSum in boxOfActin.MyoRod@4641dbc0
Crazy forceSum in boxOfActin.MyoRod@5c5db78
Crazy forceSum in boxOfActin.MyoRod@1753504b
Crazy forceSum in boxOfActin.MyoRod@7da32950
Crazy forceSum in boxOfActin.MyoRod@35f472ff
Crazy forceSum in boxOfActin.MyoRod@1ec17122
Crazy forceSum in boxOfActin.MyoRod@131dabb9
Crazy forceSum in boxOfActin.MyoRod@7710e923
Crazy forceSum in boxOfActin.MyoRod@61e51eb4
Crazy forceSum in boxOfActin.MyoRod@74b83bcb
Crazy forceSum in boxOfActin.MyoRod@a061686
Crazy forceSum in boxOfActin.MyoRod@7a2faf14
Crazy forceSum in boxOfActin.MyoRod@33761e5b
Crazy forceSum in boxOfActin.MyoMiniFilament@38864c5f
Crazy torqueSum in boxOfActin.MyoMiniFilament@38864c5f
Crazy forceSum in boxOfActin.MyoRod@327e272f
Crazy forceSum in boxOfActin.MyoRod@777caf04
Crazy forceSum in boxOfActin.MyoRod@7d12f100
Crazy forceSum in boxOfActin.MyoRod@4641dbc0
Crazy forceSum in boxOfActin.MyoRod@5c5db78
Crazy forceSum in boxOfActin.MyoRod@1753504b
Crazy forceSum in boxOfActin.MyoRod@7da32950
Crazy forceSum in boxOfActin.MyoRod@35f472ff
Crazy forceSum in boxOfActin.MyoRod@1ec17122
Crazy forceSum in boxOfActin.MyoRod@131dabb9
Crazy forceSum in boxOfActin.MyoRod@7710e923
Crazy forceSum in boxOfActin.MyoRod@61e51eb4
Crazy forceSum in boxOfActin.MyoRod@74b83bcb
Crazy forceSum in boxOfActin.MyoRod@a061686
Crazy forceSum in boxOfActin.MyoRod@7a2faf14
Crazy forceSum in boxOfActin.MyoRod@33761e5b
Crazy forceSum in boxOfActin.MyoMiniFilament@38864c5f
Crazy torqueSum in boxOfActin.MyoMiniFilament@38864c5f
Crazy forceSum in boxOfActin.MyoRod@327e272f
Crazy forceSum in boxOfActin.MyoRod@777caf04
Crazy forceSum in boxOfActin.MyoRod@7d12f100
Crazy forceSum in boxOfActin.MyoRod@4641dbc0
Crazy forceSum in boxOfActin.MyoRod@5c5db78
Crazy forceSum in boxOfActin.MyoRod@1753504b
Crazy forceSum in boxOfActin.MyoRod@7da32950
Crazy forceSum in boxOfActin.MyoRod@35f472ff
Crazy forceSum in boxOfActin.MyoRod@1ec17122
Crazy forceSum in boxOfActin.MyoRod@131dabb9
Crazy forceSum in boxOfActin.MyoRod@7710e923
Crazy forceSum in boxOfActin.MyoRod@61e51eb4
Crazy forceSum in boxOfActin.MyoRod@74b83bcb
Crazy forceSum in boxOfActin.MyoRod@a061686
Crazy forceSum in boxOfActin.MyoRod@7a2faf14
Crazy forceSum in boxOfActin.MyoRod@33761e5b
Crazy forceSum in boxOfActin.MyoMiniFilament@38864c5f
Crazy torqueSum in boxOfActin.MyoMiniFilament@38864c5f
Crazy forceSum in boxOfActin.MyoRod@327e272f
Crazy forceSum in boxOfActin.MyoRod@777caf04
Crazy forceSum in boxOfActin.MyoRod@7d12f100
Crazy forceSum in boxOfActin.MyoRod@4641dbc0
Crazy forceSum in boxOfActin.MyoRod@5c5db78
Crazy forceSum in boxOfActin.MyoRod@1753504b
Crazy forceSum in boxOfActin.MyoRod@7da32950
Crazy forceSum in boxOfActin.MyoRod@35f472ff
Crazy forceSum in boxOfActin.MyoRod@1ec17122
Crazy forceSum in boxOfActin.MyoRod@131dabb9
Crazy forceSum in boxOfActin.MyoRod@7710e923
Crazy forceSum in boxOfActin.MyoRod@61e51eb4
Crazy forceSum in boxOfActin.MyoRod@74b83bcb
Crazy forceSum in boxOfActin.MyoRod@a061686
Crazy forceSum in boxOfActin.MyoRod@7a2faf14
Crazy forceSum in boxOfActin.MyoRod@33761e5b
Crazy forceSum in boxOfActin.MyoMiniFilament@38864c5f
Crazy torqueSum in boxOfActin.MyoMiniFilament@38864c5f
Crazy forceSum in boxOfActin.MyoRod@327e272f
Crazy forceSum in boxOfActin.MyoRod@777caf04
Crazy forceSum in boxOfActin.MyoRod@7d12f100
Crazy forceSum in boxOfActin.MyoRod@4641dbc0
Crazy forceSum in boxOfActin.MyoRod@5c5db78
Crazy forceSum in boxOfActin.MyoRod@1753504b
Crazy forceSum in boxOfActin.MyoRod@7da32950
Crazy forceSum in boxOfActin.MyoRod@35f472ff
Crazy forceSum in boxOfActin.MyoRod@1ec17122
Crazy forceSum in boxOfActin.MyoRod@131dabb9
Crazy forceSum in boxOfActin.MyoRod@7710e923
Crazy forceSum in boxOfActin.MyoRod@61e51eb4
Crazy forceSum in boxOfActin.MyoRod@74b83bcb
Crazy forceSum in boxOfActin.MyoRod@a061686
Crazy forceSum in boxOfActin.MyoRod@7a2faf14
Crazy forceSum in boxOfActin.MyoRod@33761e5b
Crazy forceSum in boxOfActin.MyoMiniFilament@38864c5f
Crazy torqueSum in boxOfActin.MyoMiniFilament@38864c5f
Crazy forceSum in boxOfActin.MyoRod@327e272f
Crazy forceSum in boxOfActin.MyoRod@777caf04
Crazy forceSum in boxOfActin.MyoRod@7d12f100
Crazy forceSum in boxOfActin.MyoRod@4641dbc0
Crazy forceSum in boxOfActin.MyoRod@5c5db78
Crazy forceSum in boxOfActin.MyoRod@1753504b
Crazy forceSum in boxOfActin.MyoRod@7da32950
Crazy forceSum in boxOfActin.MyoRod@35f472ff
Crazy forceSum in boxOfActin.MyoRod@1ec17122
Crazy forceSum in boxOfActin.MyoRod@131dabb9
Crazy forceSum in boxOfActin.MyoRod@7710e923
Crazy forceSum in boxOfActin.MyoRod@61e51eb4
Crazy forceSum in boxOfActin.MyoRod@74b83bcb
Crazy forceSum in boxOfActin.MyoRod@a061686
Crazy forceSum in boxOfActin.MyoRod@7a2faf14
Crazy forceSum in boxOfActin.MyoRod@33761e5b
Crazy forceSum in boxOfActin.MyoMiniFilament@38864c5f
Crazy torqueSum in boxOfActin.MyoMiniFilament@38864c5f
Crazy forceSum in boxOfActin.MyoRod@327e272f
Crazy forceSum in boxOfActin.MyoRod@777caf04
Crazy forceSum in boxOfActin.MyoRod@7d12f100
Crazy forceSum in boxOfActin.MyoRod@4641dbc0
Crazy forceSum in boxOfActin.MyoRod@5c5db78
Crazy forceSum in boxOfActin.MyoRod@1753504b
Crazy forceSum in boxOfActin.MyoRod@7da32950
Crazy forceSum in boxOfActin.MyoRod@35f472ff
Crazy forceSum in boxOfActin.MyoRod@1ec17122
Crazy forceSum in boxOfActin.MyoRod@131dabb9
Crazy forceSum in boxOfActin.MyoRod@7710e923
Crazy forceSum in boxOfActin.MyoRod@61e51eb4
Crazy forceSum in boxOfActin.MyoRod@74b83bcb
Crazy forceSum in boxOfActin.MyoRod@a061686
Crazy forceSum in boxOfActin.MyoRod@7a2faf14
Crazy forceSum in boxOfActin.MyoRod@33761e5b
Crazy forceSum in boxOfActin.MyoMiniFilament@38864c5f
Crazy torqueSum in boxOfActin.MyoMiniFilament@38864c5f
Crazy forceSum in boxOfActin.MyoRod@327e272f
Crazy forceSum in boxOfActin.MyoRod@777caf04
Crazy forceSum in boxOfActin.MyoRod@7d12f100
Crazy forceSum in boxOfActin.MyoRod@4641dbc0
Crazy forceSum in boxOfActin.MyoRod@5c5db78
Crazy forceSum in boxOfActin.MyoRod@1753504b
Crazy forceSum in boxOfActin.MyoRod@7da32950
Crazy forceSum in boxOfActin.MyoRod@35f472ff
Crazy forceSum in boxOfActin.MyoRod@1ec17122
Crazy forceSum in boxOfActin.MyoRod@131dabb9
Crazy forceSum in boxOfActin.MyoRod@7710e923
Crazy forceSum in boxOfActin.MyoRod@61e51eb4
Crazy forceSum in boxOfActin.MyoRod@74b83bcb
Crazy forceSum in boxOfActin.MyoRod@a061686
Crazy forceSum in boxOfActin.MyoRod@7a2faf14
Crazy forceSum in boxOfActin.MyoRod@33761e5b
Crazy forceSum in boxOfActin.MyoMiniFilament@38864c5f
Crazy torqueSum in boxOfActin.MyoMiniFilament@38864c5f
Crazy forceSum in boxOfActin.MyoRod@327e272f
Crazy forceSum in boxOfActin.MyoRod@777caf04
Crazy forceSum in boxOfActin.MyoRod@7d12f100
Crazy forceSum in boxOfActin.MyoRod@4641dbc0
Crazy forceSum in boxOfActin.MyoRod@5c5db78
Crazy forceSum in boxOfActin.MyoRod@1753504b
Crazy forceSum in boxOfActin.MyoRod@7da32950
Crazy forceSum in boxOfActin.MyoRod@35f472ff
Crazy forceSum in boxOfActin.MyoRod@1ec17122
Crazy forceSum in boxOfActin.MyoRod@131dabb9
Crazy forceSum in boxOfActin.MyoRod@7710e923
Crazy forceSum in boxOfActin.MyoRod@61e51eb4
Crazy forceSum in boxOfActin.MyoRod@74b83bcb
Crazy forceSum in boxOfActin.MyoRod@a061686
Crazy forceSum in boxOfActin.MyoRod@7a2faf14
Crazy forceSum in boxOfActin.MyoRod@33761e5b
Crazy forceSum in boxOfActin.MyoMiniFilament@38864c5f
Crazy torqueSum in boxOfActin.MyoMiniFilament@38864c5f
Crazy forceSum in boxOfActin.MyoRod@327e272f
Crazy forceSum in boxOfActin.MyoRod@777caf04
Crazy forceSum in boxOfActin.MyoRod@7d12f100
Crazy forceSum in boxOfActin.MyoRod@4641dbc0
Crazy forceSum in boxOfActin.MyoRod@5c5db78
Crazy forceSum in boxOfActin.MyoRod@1753504b
Crazy forceSum in boxOfActin.MyoRod@7da32950
Crazy forceSum in boxOfActin.MyoRod@35f472ff
Crazy forceSum in boxOfActin.MyoRod@1ec17122
Crazy forceSum in boxOfActin.MyoRod@131dabb9
Crazy forceSum in boxOfActin.MyoRod@7710e923
Crazy forceSum in boxOfActin.MyoRod@61e51eb4
Crazy forceSum in boxOfActin.MyoRod@74b83bcb
Crazy forceSum in boxOfActin.MyoRod@a061686
Crazy forceSum in boxOfActin.MyoRod@7a2faf14
Crazy forceSum in boxOfActin.MyoRod@33761e5b
Crazy forceSum in boxOfActin.MyoMiniFilament@38864c5f
Crazy torqueSum in boxOfActin.MyoMiniFilament@38864c5f
Crazy forceSum in boxOfActin.MyoRod@327e272f
Crazy forceSum in boxOfActin.MyoRod@777caf04
Crazy forceSum in boxOfActin.MyoRod@7d12f100
Crazy forceSum in boxOfActin.MyoRod@4641dbc0
Crazy forceSum in boxOfActin.MyoRod@5c5db78
Crazy forceSum in boxOfActin.MyoRod@1753504b
Crazy forceSum in boxOfActin.MyoRod@7da32950
Crazy forceSum in boxOfActin.MyoRod@35f472ff
Crazy forceSum in boxOfActin.MyoRod@1ec17122
Crazy forceSum in boxOfActin.MyoRod@131dabb9
Crazy forceSum in boxOfActin.MyoRod@7710e923
Crazy forceSum in boxOfActin.MyoRod@61e51eb4
Crazy forceSum in boxOfActin.MyoRod@74b83bcb
Crazy forceSum in boxOfActin.MyoRod@a061686
Crazy forceSum in boxOfActin.MyoRod@7a2faf14
Crazy forceSum in boxOfActin.MyoRod@33761e5b
Crazy forceSum in boxOfActin.MyoMiniFilament@38864c5f
Crazy torqueSum in boxOfActin.MyoMiniFilament@38864c5f
Crazy forceSum in boxOfActin.MyoRod@327e272f
Crazy forceSum in boxOfActin.MyoRod@777caf04
Crazy forceSum in boxOfActin.MyoRod@7d12f100
Crazy forceSum in boxOfActin.MyoRod@4641dbc0
Crazy forceSum in boxOfActin.MyoRod@5c5db78
Crazy forceSum in boxOfActin.MyoRod@1753504b
Crazy forceSum in boxOfActin.MyoRod@7da32950
Crazy forceSum in boxOfActin.MyoRod@35f472ff
Crazy forceSum in boxOfActin.MyoRod@1ec17122
Crazy forceSum in boxOfActin.MyoRod@131dabb9
Crazy forceSum in boxOfActin.MyoRod@7710e923
Crazy forceSum in boxOfActin.MyoRod@61e51eb4
Crazy forceSum in boxOfActin.MyoRod@74b83bcb
Crazy forceSum in boxOfActin.MyoRod@a061686
Crazy forceSum in boxOfActin.MyoRod@7a2faf14
Crazy forceSum in boxOfActin.MyoRod@33761e5b
Crazy forceSum in boxOfActin.MyoMiniFilament@38864c5f
Crazy torqueSum in boxOfActin.MyoMiniFilament@38864c5f
Crazy forceSum in boxOfActin.MyoRod@327e272f
Crazy forceSum in boxOfActin.MyoRod@777caf04
Crazy forceSum in boxOfActin.MyoRod@7d12f100
Crazy forceSum in boxOfActin.MyoRod@4641dbc0
Crazy forceSum in boxOfActin.MyoRod@5c5db78
Crazy forceSum in boxOfActin.MyoRod@1753504b
Crazy forceSum in boxOfActin.MyoRod@7da32950
Crazy forceSum in boxOfActin.MyoRod@35f472ff
Crazy forceSum in boxOfActin.MyoRod@1ec17122
Crazy forceSum in boxOfActin.MyoRod@131dabb9
Crazy forceSum in boxOfActin.MyoRod@7710e923
Crazy forceSum in boxOfActin.MyoRod@61e51eb4
Crazy forceSum in boxOfActin.MyoRod@74b83bcb
Crazy forceSum in boxOfActin.MyoRod@a061686
Crazy forceSum in boxOfActin.MyoRod@7a2faf14
Crazy forceSum in boxOfActin.MyoRod@33761e5b
Crazy forceSum in boxOfActin.MyoMiniFilament@38864c5f
Crazy torqueSum in boxOfActin.MyoMiniFilament@38864c5f
Crazy forceSum in boxOfActin.MyoRod@327e272f
Crazy forceSum in boxOfActin.MyoRod@777caf04
Crazy forceSum in boxOfActin.MyoRod@7d12f100
Crazy forceSum in boxOfActin.MyoRod@4641dbc0
Crazy forceSum in boxOfActin.MyoRod@5c5db78
Crazy forceSum in boxOfActin.MyoRod@1753504b
Crazy forceSum in boxOfActin.MyoRod@7da32950
Crazy forceSum in boxOfActin.MyoRod@35f472ff
Crazy forceSum in boxOfActin.MyoRod@1ec17122
Crazy forceSum in boxOfActin.MyoRod@131dabb9
Crazy forceSum in boxOfActin.MyoRod@7710e923
Crazy forceSum in boxOfActin.MyoRod@61e51eb4
Crazy forceSum in boxOfActin.MyoRod@74b83bcb
Crazy forceSum in boxOfActin.MyoRod@a061686
Crazy forceSum in boxOfActin.MyoRod@7a2faf14
Crazy forceSum in boxOfActin.MyoRod@33761e5b
Crazy forceSum in boxOfActin.MyoMiniFilament@38864c5f
Crazy torqueSum in boxOfActin.MyoMiniFilament@38864c5f
Crazy forceSum in boxOfActin.MyoRod@327e272f
Crazy forceSum in boxOfActin.MyoRod@777caf04
Crazy forceSum in boxOfActin.MyoRod@7d12f100
Crazy forceSum in boxOfActin.MyoRod@4641dbc0
Crazy forceSum in boxOfActin.MyoRod@5c5db78
Crazy forceSum in boxOfActin.MyoRod@1753504b
Crazy forceSum in boxOfActin.MyoRod@7da32950
Crazy forceSum in boxOfActin.MyoRod@35f472ff
Crazy forceSum in boxOfActin.MyoRod@1ec17122
Crazy forceSum in boxOfActin.MyoRod@131dabb9
Crazy forceSum in boxOfActin.MyoRod@7710e923
Crazy forceSum in boxOfActin.MyoRod@61e51eb4
Crazy forceSum in boxOfActin.MyoRod@74b83bcb
Crazy forceSum in boxOfActin.MyoRod@a061686
Crazy forceSum in boxOfActin.MyoRod@7a2faf14
Crazy forceSum in boxOfActin.MyoRod@33761e5b
Crazy forceSum in boxOfActin.MyoMiniFilament@38864c5f
Crazy torqueSum in boxOfActin.MyoMiniFilament@38864c5f
Crazy forceSum in boxOfActin.MyoRod@327e272f
Crazy forceSum in boxOfActin.MyoRod@777caf04
Crazy forceSum in boxOfActin.MyoRod@7d12f100
Crazy forceSum in boxOfActin.MyoRod@4641dbc0
Crazy forceSum in boxOfActin.MyoRod@5c5db78
Crazy forceSum in boxOfActin.MyoRod@1753504b
Crazy forceSum in boxOfActin.MyoRod@7da32950
Crazy forceSum in boxOfActin.MyoRod@35f472ff
Crazy forceSum in boxOfActin.MyoRod@1ec17122
Crazy forceSum in boxOfActin.MyoRod@131dabb9
Crazy forceSum in boxOfActin.MyoRod@7710e923
Crazy forceSum in boxOfActin.MyoRod@61e51eb4
Crazy forceSum in boxOfActin.MyoRod@74b83bcb
Crazy forceSum in boxOfActin.MyoRod@a061686
Crazy forceSum in boxOfActin.MyoRod@7a2faf14
Crazy forceSum in boxOfActin.MyoRod@33761e5b
Crazy forceSum in boxOfActin.MyoMiniFilament@38864c5f
Crazy torqueSum in boxOfActin.MyoMiniFilament@38864c5f
Crazy forceSum in boxOfActin.MyoRod@327e272f
Crazy forceSum in boxOfActin.MyoRod@777caf04
Crazy forceSum in boxOfActin.MyoRod@7d12f100
Crazy forceSum in boxOfActin.MyoRod@4641dbc0
Crazy forceSum in boxOfActin.MyoRod@5c5db78
Crazy forceSum in boxOfActin.MyoRod@1753504b
Crazy forceSum in boxOfActin.MyoRod@7da32950
Crazy forceSum in boxOfActin.MyoRod@35f472ff
Crazy forceSum in boxOfActin.MyoRod@1ec17122
Crazy forceSum in boxOfActin.MyoRod@131dabb9
Crazy forceSum in boxOfActin.MyoRod@7710e923
Crazy forceSum in boxOfActin.MyoRod@61e51eb4
Crazy forceSum in boxOfActin.MyoRod@74b83bcb
Crazy forceSum in boxOfActin.MyoRod@a061686
Crazy forceSum in boxOfActin.MyoRod@7a2faf14
Crazy forceSum in boxOfActin.MyoRod@33761e5b
Crazy forceSum in boxOfActin.MyoMiniFilament@38864c5f
Crazy torqueSum in boxOfActin.MyoMiniFilament@38864c5f
Crazy forceSum in boxOfActin.MyoRod@327e272f
Crazy forceSum in boxOfActin.MyoRod@777caf04
Crazy forceSum in boxOfActin.MyoRod@7d12f100
Crazy forceSum in boxOfActin.MyoRod@4641dbc0
Crazy forceSum in boxOfActin.MyoRod@5c5db78
Crazy forceSum in boxOfActin.MyoRod@1753504b
Crazy forceSum in boxOfActin.MyoRod@7da32950
Crazy forceSum in boxOfActin.MyoRod@35f472ff
Crazy forceSum in boxOfActin.MyoRod@1ec17122
Crazy forceSum in boxOfActin.MyoRod@131dabb9
Crazy forceSum in boxOfActin.MyoRod@7710e923
Crazy forceSum in boxOfActin.MyoRod@61e51eb4
Crazy forceSum in boxOfActin.MyoRod@74b83bcb
Crazy forceSum in boxOfActin.MyoRod@a061686
Crazy forceSum in boxOfActin.MyoRod@7a2faf14
Crazy forceSum in boxOfActin.MyoRod@33761e5b
Crazy forceSum in boxOfActin.MyoMiniFilament@38864c5f
Crazy torqueSum in boxOfActin.MyoMiniFilament@38864c5f
Crazy forceSum in boxOfActin.MyoRod@327e272f
Crazy forceSum in boxOfActin.MyoRod@777caf04
Crazy forceSum in boxOfActin.MyoRod@7d12f100
Crazy forceSum in boxOfActin.MyoRod@4641dbc0
Crazy forceSum in boxOfActin.MyoRod@5c5db78
Crazy forceSum in boxOfActin.MyoRod@1753504b
Crazy forceSum in boxOfActin.MyoRod@7da32950
Crazy forceSum in boxOfActin.MyoRod@35f472ff
Crazy forceSum in boxOfActin.MyoRod@1ec17122
Crazy forceSum in boxOfActin.MyoRod@131dabb9
Crazy forceSum in boxOfActin.MyoRod@7710e923
Crazy forceSum in boxOfActin.MyoRod@61e51eb4
Crazy forceSum in boxOfActin.MyoRod@74b83bcb
Crazy forceSum in boxOfActin.MyoRod@a061686
Crazy forceSum in boxOfActin.MyoRod@7a2faf14
Crazy forceSum in boxOfActin.MyoRod@33761e5b
Crazy forceSum in boxOfActin.MyoMiniFilament@38864c5f
Crazy torqueSum in boxOfActin.MyoMiniFilament@38864c5f
Crazy forceSum in boxOfActin.MyoRod@327e272f
Crazy forceSum in boxOfActin.MyoRod@777caf04
Crazy forceSum in boxOfActin.MyoRod@7d12f100
Crazy forceSum in boxOfActin.MyoRod@4641dbc0
Crazy forceSum in boxOfActin.MyoRod@5c5db78
Crazy forceSum in boxOfActin.MyoRod@1753504b
Crazy forceSum in boxOfActin.MyoRod@7da32950
Crazy forceSum in boxOfActin.MyoRod@35f472ff
Crazy forceSum in boxOfActin.MyoRod@1ec17122
Crazy forceSum in boxOfActin.MyoRod@131dabb9
Crazy forceSum in boxOfActin.MyoRod@7710e923
Crazy forceSum in boxOfActin.MyoRod@61e51eb4
Crazy forceSum in boxOfActin.MyoRod@74b83bcb
Crazy forceSum in boxOfActin.MyoRod@a061686
Crazy forceSum in boxOfActin.MyoRod@7a2faf14
Crazy forceSum in boxOfActin.MyoRod@33761e5b
Crazy forceSum in boxOfActin.MyoMiniFilament@38864c5f
Crazy torqueSum in boxOfActin.MyoMiniFilament@38864c5f
Crazy forceSum in boxOfActin.MyoRod@327e272f
Crazy forceSum in boxOfActin.MyoRod@777caf04
Crazy forceSum in boxOfActin.MyoRod@7d12f100
Crazy forceSum in boxOfActin.MyoRod@4641dbc0
Crazy forceSum in boxOfActin.MyoRod@5c5db78
Crazy forceSum in boxOfActin.MyoRod@1753504b
Crazy forceSum in boxOfActin.MyoRod@7da32950
Crazy forceSum in boxOfActin.MyoRod@35f472ff
Crazy forceSum in boxOfActin.MyoRod@1ec17122
Crazy forceSum in boxOfActin.MyoRod@131dabb9
Crazy forceSum in boxOfActin.MyoRod@7710e923
Crazy forceSum in boxOfActin.MyoRod@61e51eb4
Crazy forceSum in boxOfActin.MyoRod@74b83bcb
Crazy forceSum in boxOfActin.MyoRod@a061686
Crazy forceSum in boxOfActin.MyoRod@7a2faf14
Crazy forceSum in boxOfActin.MyoRod@33761e5b
Crazy forceSum in boxOfActin.MyoMiniFilament@38864c5f
Crazy torqueSum in boxOfActin.MyoMiniFilament@38864c5f
Crazy forceSum in boxOfActin.MyoRod@327e272f
Crazy forceSum in boxOfActin.MyoRod@777caf04
Crazy forceSum in boxOfActin.MyoRod@7d12f100
Crazy forceSum in boxOfActin.MyoRod@4641dbc0
Crazy forceSum in boxOfActin.MyoRod@5c5db78
Crazy forceSum in boxOfActin.MyoRod@1753504b
Crazy forceSum in boxOfActin.MyoRod@7da32950
Crazy forceSum in boxOfActin.MyoRod@35f472ff
Crazy forceSum in boxOfActin.MyoRod@1ec17122
Crazy forceSum in boxOfActin.MyoRod@131dabb9
Crazy forceSum in boxOfActin.MyoRod@7710e923
Crazy forceSum in boxOfActin.MyoRod@61e51eb4
Crazy forceSum in boxOfActin.MyoRod@74b83bcb
Crazy forceSum in boxOfActin.MyoRod@a061686
Crazy forceSum in boxOfActin.MyoRod@7a2faf14
Crazy forceSum in boxOfActin.MyoRod@33761e5b
Crazy forceSum in boxOfActin.MyoMiniFilament@38864c5f
Crazy torqueSum in boxOfActin.MyoMiniFilament@38864c5f
Crazy forceSum in boxOfActin.MyoRod@327e272f
Crazy forceSum in boxOfActin.MyoRod@777caf04
Crazy forceSum in boxOfActin.MyoRod@7d12f100
Crazy forceSum in boxOfActin.MyoRod@4641dbc0
Crazy forceSum in boxOfActin.MyoRod@5c5db78
Crazy forceSum in boxOfActin.MyoRod@1753504b
Crazy forceSum in boxOfActin.MyoRod@7da32950
Crazy forceSum in boxOfActin.MyoRod@35f472ff
Crazy forceSum in boxOfActin.MyoRod@1ec17122
Crazy forceSum in boxOfActin.MyoRod@131dabb9
Crazy forceSum in boxOfActin.MyoRod@7710e923
Crazy forceSum in boxOfActin.MyoRod@61e51eb4
Crazy forceSum in boxOfActin.MyoRod@74b83bcb
Crazy forceSum in boxOfActin.MyoRod@a061686
Crazy forceSum in boxOfActin.MyoRod@7a2faf14
Crazy forceSum in boxOfActin.MyoRod@33761e5b
Crazy forceSum in boxOfActin.MyoMiniFilament@38864c5f
Crazy torqueSum in boxOfActin.MyoMiniFilament@38864c5f
Crazy forceSum in boxOfActin.MyoRod@327e272f
Crazy forceSum in boxOfActin.MyoRod@777caf04
Crazy forceSum in boxOfActin.MyoRod@7d12f100
Crazy forceSum in boxOfActin.MyoRod@4641dbc0
Crazy forceSum in boxOfActin.MyoRod@5c5db78
Crazy forceSum in boxOfActin.MyoRod@1753504b
Crazy forceSum in boxOfActin.MyoRod@7da32950
Crazy forceSum in boxOfActin.MyoRod@35f472ff
Crazy forceSum in boxOfActin.MyoRod@1ec17122
Crazy forceSum in boxOfActin.MyoRod@131dabb9
Crazy forceSum in boxOfActin.MyoRod@7710e923
Crazy forceSum in boxOfActin.MyoRod@61e51eb4
Crazy forceSum in boxOfActin.MyoRod@74b83bcb
Crazy forceSum in boxOfActin.MyoRod@a061686
Crazy forceSum in boxOfActin.MyoRod@7a2faf14
Crazy forceSum in boxOfActin.MyoRod@33761e5b
Crazy forceSum in boxOfActin.MyoMiniFilament@38864c5f
Crazy torqueSum in boxOfActin.MyoMiniFilament@38864c5f
Crazy forceSum in boxOfActin.MyoRod@327e272f
Crazy forceSum in boxOfActin.MyoRod@777caf04
Crazy forceSum in boxOfActin.MyoRod@7d12f100
Crazy forceSum in boxOfActin.MyoRod@4641dbc0
Crazy forceSum in boxOfActin.MyoRod@5c5db78
Crazy forceSum in boxOfActin.MyoRod@1753504b
Crazy forceSum in boxOfActin.MyoRod@7da32950
Crazy forceSum in boxOfActin.MyoRod@35f472ff
Crazy forceSum in boxOfActin.MyoRod@1ec17122
Crazy forceSum in boxOfActin.MyoRod@131dabb9
Crazy forceSum in boxOfActin.MyoRod@7710e923
Crazy forceSum in boxOfActin.MyoRod@61e51eb4
Crazy forceSum in boxOfActin.MyoRod@74b83bcb
Crazy forceSum in boxOfActin.MyoRod@a061686
Crazy forceSum in boxOfActin.MyoRod@7a2faf14
Crazy forceSum in boxOfActin.MyoRod@33761e5b
Crazy forceSum in boxOfActin.MyoMiniFilament@38864c5f
Crazy torqueSum in boxOfActin.MyoMiniFilament@38864c5f
Crazy forceSum in boxOfActin.MyoRod@327e272f
Crazy forceSum in boxOfActin.MyoRod@777caf04
Crazy forceSum in boxOfActin.MyoRod@7d12f100
Crazy forceSum in boxOfActin.MyoRod@4641dbc0
Crazy forceSum in boxOfActin.MyoRod@5c5db78
Crazy forceSum in boxOfActin.MyoRod@1753504b
Crazy forceSum in boxOfActin.MyoRod@7da32950
Crazy forceSum in boxOfActin.MyoRod@35f472ff
Crazy forceSum in boxOfActin.MyoRod@1ec17122
Crazy forceSum in boxOfActin.MyoRod@131dabb9
Crazy forceSum in boxOfActin.MyoRod@7710e923
Crazy forceSum in boxOfActin.MyoRod@61e51eb4
Crazy forceSum in boxOfActin.MyoRod@74b83bcb
Crazy forceSum in boxOfActin.MyoRod@a061686
Crazy forceSum in boxOfActin.MyoRod@7a2faf14
Crazy forceSum in boxOfActin.MyoRod@33761e5b
Crazy forceSum in boxOfActin.MyoMiniFilament@38864c5f
Crazy torqueSum in boxOfActin.MyoMiniFilament@38864c5f
Crazy forceSum in boxOfActin.MyoRod@327e272f
Crazy forceSum in boxOfActin.MyoRod@777caf04
Crazy forceSum in boxOfActin.MyoRod@7d12f100
Crazy forceSum in boxOfActin.MyoRod@4641dbc0
Crazy forceSum in boxOfActin.MyoRod@5c5db78
Crazy forceSum in boxOfActin.MyoRod@1753504b
Crazy forceSum in boxOfActin.MyoRod@7da32950
Crazy forceSum in boxOfActin.MyoRod@35f472ff
Crazy forceSum in boxOfActin.MyoRod@1ec17122
Crazy forceSum in boxOfActin.MyoRod@131dabb9
Crazy forceSum in boxOfActin.MyoRod@7710e923
Crazy forceSum in boxOfActin.MyoRod@61e51eb4
Crazy forceSum in boxOfActin.MyoRod@74b83bcb
Crazy forceSum in boxOfActin.MyoRod@a061686
Crazy forceSum in boxOfActin.MyoRod@7a2faf14
Crazy forceSum in boxOfActin.MyoRod@33761e5b
Crazy forceSum in boxOfActin.MyoMiniFilament@38864c5f
Crazy torqueSum in boxOfActin.MyoMiniFilament@38864c5f
Crazy forceSum in boxOfActin.MyoRod@327e272f
Crazy forceSum in boxOfActin.MyoRod@777caf04
Crazy forceSum in boxOfActin.MyoRod@7d12f100
Crazy forceSum in boxOfActin.MyoRod@4641dbc0
Crazy forceSum in boxOfActin.MyoRod@5c5db78
Crazy forceSum in boxOfActin.MyoRod@1753504b
Crazy forceSum in boxOfActin.MyoRod@7da32950
Crazy forceSum in boxOfActin.MyoRod@35f472ff
Crazy forceSum in boxOfActin.MyoRod@1ec17122
Crazy forceSum in boxOfActin.MyoRod@131dabb9
Crazy forceSum in boxOfActin.MyoRod@7710e923
Crazy forceSum in boxOfActin.MyoRod@61e51eb4
Crazy forceSum in boxOfActin.MyoRod@74b83bcb
Crazy forceSum in boxOfActin.MyoRod@a061686
Crazy forceSum in boxOfActin.MyoRod@7a2faf14
Crazy forceSum in boxOfActin.MyoRod@33761e5b
Crazy forceSum in boxOfActin.MyoMiniFilament@38864c5f
Crazy torqueSum in boxOfActin.MyoMiniFilament@38864c5f
Crazy forceSum in boxOfActin.MyoRod@327e272f
Crazy forceSum in boxOfActin.MyoRod@777caf04
Crazy forceSum in boxOfActin.MyoRod@7d12f100
Crazy forceSum in boxOfActin.MyoRod@4641dbc0
Crazy forceSum in boxOfActin.MyoRod@5c5db78
Crazy forceSum in boxOfActin.MyoRod@1753504b
Crazy forceSum in boxOfActin.MyoRod@7da32950
Crazy forceSum in boxOfActin.MyoRod@35f472ff
Crazy forceSum in boxOfActin.MyoRod@1ec17122
Crazy forceSum in boxOfActin.MyoRod@131dabb9
Crazy forceSum in boxOfActin.MyoRod@7710e923
Crazy forceSum in boxOfActin.MyoRod@61e51eb4
Crazy forceSum in boxOfActin.MyoRod@74b83bcb
Crazy forceSum in boxOfActin.MyoRod@a061686
Crazy forceSum in boxOfActin.MyoRod@7a2faf14
Crazy forceSum in boxOfActin.MyoRod@33761e5b
Crazy forceSum in boxOfActin.MyoMiniFilament@38864c5f
Crazy torqueSum in boxOfActin.MyoMiniFilament@38864c5f
Crazy forceSum in boxOfActin.MyoRod@327e272f
Crazy forceSum in boxOfActin.MyoRod@777caf04
Crazy forceSum in boxOfActin.MyoRod@7d12f100
Crazy forceSum in boxOfActin.MyoRod@4641dbc0
Crazy forceSum in boxOfActin.MyoRod@5c5db78
Crazy forceSum in boxOfActin.MyoRod@1753504b
Crazy forceSum in boxOfActin.MyoRod@7da32950
Crazy forceSum in boxOfActin.MyoRod@35f472ff
Crazy forceSum in boxOfActin.MyoRod@1ec17122
Crazy forceSum in boxOfActin.MyoRod@131dabb9
Crazy forceSum in boxOfActin.MyoRod@7710e923
Crazy forceSum in boxOfActin.MyoRod@61e51eb4
Crazy forceSum in boxOfActin.MyoRod@74b83bcb
Crazy forceSum in boxOfActin.MyoRod@a061686
Crazy forceSum in boxOfActin.MyoRod@7a2faf14
Crazy forceSum in boxOfActin.MyoRod@33761e5b
Crazy forceSum in boxOfActin.MyoMiniFilament@38864c5f
Crazy torqueSum in boxOfActin.MyoMiniFilament@38864c5f
Crazy forceSum in boxOfActin.MyoRod@327e272f
Crazy forceSum in boxOfActin.MyoRod@777caf04
Crazy forceSum in boxOfActin.MyoRod@7d12f100
Crazy forceSum in boxOfActin.MyoRod@4641dbc0
Crazy forceSum in boxOfActin.MyoRod@5c5db78
Crazy forceSum in boxOfActin.MyoRod@1753504b
Crazy forceSum in boxOfActin.MyoRod@7da32950
Crazy forceSum in boxOfActin.MyoRod@35f472ff
Crazy forceSum in boxOfActin.MyoRod@1ec17122
Crazy forceSum in boxOfActin.MyoRod@131dabb9
Crazy forceSum in boxOfActin.MyoRod@7710e923
Crazy forceSum in boxOfActin.MyoRod@61e51eb4
Crazy forceSum in boxOfActin.MyoRod@74b83bcb
Crazy forceSum in boxOfActin.MyoRod@a061686
Crazy forceSum in boxOfActin.MyoRod@7a2faf14
Crazy forceSum in boxOfActin.MyoRod@33761e5b
Crazy forceSum in boxOfActin.MyoMiniFilament@38864c5f
Crazy torqueSum in boxOfActin.MyoMiniFilament@38864c5f
Crazy forceSum in boxOfActin.MyoRod@327e272f
Crazy forceSum in boxOfActin.MyoRod@777caf04
Crazy forceSum in boxOfActin.MyoRod@7d12f100
Crazy forceSum in boxOfActin.MyoRod@4641dbc0
Crazy forceSum in boxOfActin.MyoRod@5c5db78
Crazy forceSum in boxOfActin.MyoRod@1753504b
Crazy forceSum in boxOfActin.MyoRod@7da32950
Crazy forceSum in boxOfActin.MyoRod@35f472ff
Crazy forceSum in boxOfActin.MyoRod@1ec17122
Crazy forceSum in boxOfActin.MyoRod@131dabb9
Crazy forceSum in boxOfActin.MyoRod@7710e923
Crazy forceSum in boxOfActin.MyoRod@61e51eb4
Crazy forceSum in boxOfActin.MyoRod@74b83bcb
Crazy forceSum in boxOfActin.MyoRod@a061686
Crazy forceSum in boxOfActin.MyoRod@7a2faf14
Crazy forceSum in boxOfActin.MyoRod@33761e5b
Crazy forceSum in boxOfActin.MyoMiniFilament@38864c5f
Crazy torqueSum in boxOfActin.MyoMiniFilament@38864c5f
Crazy forceSum in boxOfActin.MyoRod@327e272f
Crazy forceSum in boxOfActin.MyoRod@777caf04
Crazy forceSum in boxOfActin.MyoRod@7d12f100
Crazy forceSum in boxOfActin.MyoRod@4641dbc0
Crazy forceSum in boxOfActin.MyoRod@5c5db78
Crazy forceSum in boxOfActin.MyoRod@1753504b
Crazy forceSum in boxOfActin.MyoRod@7da32950
Crazy forceSum in boxOfActin.MyoRod@35f472ff
Crazy forceSum in boxOfActin.MyoRod@1ec17122
Crazy forceSum in boxOfActin.MyoRod@131dabb9
Crazy forceSum in boxOfActin.MyoRod@7710e923
Crazy forceSum in boxOfActin.MyoRod@61e51eb4
Crazy forceSum in boxOfActin.MyoRod@74b83bcb
Crazy forceSum in boxOfActin.MyoRod@a061686
Crazy forceSum in boxOfActin.MyoRod@7a2faf14
Crazy forceSum in boxOfActin.MyoRod@33761e5b
Crazy forceSum in boxOfActin.MyoMiniFilament@38864c5f
Crazy torqueSum in boxOfActin.MyoMiniFilament@38864c5f
Crazy forceSum in boxOfActin.MyoRod@327e272f
Crazy forceSum in boxOfActin.MyoRod@777caf04
Crazy forceSum in boxOfActin.MyoRod@7d12f100
Crazy forceSum in boxOfActin.MyoRod@4641dbc0
Crazy forceSum in boxOfActin.MyoRod@5c5db78
Crazy forceSum in boxOfActin.MyoRod@1753504b
Crazy forceSum in boxOfActin.MyoRod@7da32950
Crazy forceSum in boxOfActin.MyoRod@35f472ff
Crazy forceSum in boxOfActin.MyoRod@1ec17122
Crazy forceSum in boxOfActin.MyoRod@131dabb9
Crazy forceSum in boxOfActin.MyoRod@7710e923
Crazy forceSum in boxOfActin.MyoRod@61e51eb4
Crazy forceSum in boxOfActin.MyoRod@74b83bcb
Crazy forceSum in boxOfActin.MyoRod@a061686
Crazy forceSum in boxOfActin.MyoRod@7a2faf14
Crazy forceSum in boxOfActin.MyoRod@33761e5b
Crazy forceSum in boxOfActin.MyoMiniFilament@38864c5f
Crazy torqueSum in boxOfActin.MyoMiniFilament@38864c5f
Crazy forceSum in boxOfActin.MyoRod@327e272f
Crazy forceSum in boxOfActin.MyoRod@777caf04
Crazy forceSum in boxOfActin.MyoRod@7d12f100
Crazy forceSum in boxOfActin.MyoRod@4641dbc0
Crazy forceSum in boxOfActin.MyoRod@5c5db78
Crazy forceSum in boxOfActin.MyoRod@1753504b
Crazy forceSum in boxOfActin.MyoRod@7da32950
Crazy forceSum in boxOfActin.MyoRod@35f472ff
Crazy forceSum in boxOfActin.MyoRod@1ec17122
Crazy forceSum in boxOfActin.MyoRod@131dabb9
Crazy forceSum in boxOfActin.MyoRod@7710e923
Crazy forceSum in boxOfActin.MyoRod@61e51eb4
Crazy forceSum in boxOfActin.MyoRod@74b83bcb
Crazy forceSum in boxOfActin.MyoRod@a061686
Crazy forceSum in boxOfActin.MyoRod@7a2faf14
Crazy forceSum in boxOfActin.MyoRod@33761e5b
Crazy forceSum in boxOfActin.MyoMiniFilament@38864c5f
Crazy torqueSum in boxOfActin.MyoMiniFilament@38864c5f
Crazy forceSum in boxOfActin.MyoRod@327e272f
Crazy forceSum in boxOfActin.MyoRod@777caf04
Crazy forceSum in boxOfActin.MyoRod@7d12f100
Crazy forceSum in boxOfActin.MyoRod@4641dbc0
Crazy forceSum in boxOfActin.MyoRod@5c5db78
Crazy forceSum in boxOfActin.MyoRod@1753504b
Crazy forceSum in boxOfActin.MyoRod@7da32950
Crazy forceSum in boxOfActin.MyoRod@35f472ff
Crazy forceSum in boxOfActin.MyoRod@1ec17122
Crazy forceSum in boxOfActin.MyoRod@131dabb9
Crazy forceSum in boxOfActin.MyoRod@7710e923
Crazy forceSum in boxOfActin.MyoRod@61e51eb4
Crazy forceSum in boxOfActin.MyoRod@74b83bcb
Crazy forceSum in boxOfActin.MyoRod@a061686
Crazy forceSum in boxOfActin.MyoRod@7a2faf14
Crazy forceSum in boxOfActin.MyoRod@33761e5b
Crazy forceSum in boxOfActin.MyoMiniFilament@38864c5f
Crazy torqueSum in boxOfActin.MyoMiniFilament@38864c5f
Crazy forceSum in boxOfActin.MyoRod@327e272f
Crazy forceSum in boxOfActin.MyoRod@777caf04
Crazy forceSum in boxOfActin.MyoRod@7d12f100
Crazy forceSum in boxOfActin.MyoRod@4641dbc0
Crazy forceSum in boxOfActin.MyoRod@5c5db78
Crazy forceSum in boxOfActin.MyoRod@1753504b
Crazy forceSum in boxOfActin.MyoRod@7da32950
Crazy forceSum in boxOfActin.MyoRod@35f472ff
Crazy forceSum in boxOfActin.MyoRod@1ec17122
Crazy forceSum in boxOfActin.MyoRod@131dabb9
Crazy forceSum in boxOfActin.MyoRod@7710e923
Crazy forceSum in boxOfActin.MyoRod@61e51eb4
Crazy forceSum in boxOfActin.MyoRod@74b83bcb
Crazy forceSum in boxOfActin.MyoRod@a061686
Crazy forceSum in boxOfActin.MyoRod@7a2faf14
Crazy forceSum in boxOfActin.MyoRod@33761e5b
Crazy forceSum in boxOfActin.MyoMiniFilament@38864c5f
Crazy torqueSum in boxOfActin.MyoMiniFilament@38864c5f
Crazy forceSum in boxOfActin.MyoRod@327e272f
Crazy forceSum in boxOfActin.MyoRod@777caf04
Crazy forceSum in boxOfActin.MyoRod@7d12f100
Crazy forceSum in boxOfActin.MyoRod@4641dbc0
Crazy forceSum in boxOfActin.MyoRod@5c5db78
Crazy forceSum in boxOfActin.MyoRod@1753504b
Crazy forceSum in boxOfActin.MyoRod@7da32950
Crazy forceSum in boxOfActin.MyoRod@35f472ff
Crazy forceSum in boxOfActin.MyoRod@1ec17122
Crazy forceSum in boxOfActin.MyoRod@131dabb9
Crazy forceSum in boxOfActin.MyoRod@7710e923
Crazy forceSum in boxOfActin.MyoRod@61e51eb4
Crazy forceSum in boxOfActin.MyoRod@74b83bcb
Crazy forceSum in boxOfActin.MyoRod@a061686
Crazy forceSum in boxOfActin.MyoRod@7a2faf14
Crazy forceSum in boxOfActin.MyoRod@33761e5b
Crazy forceSum in boxOfActin.MyoMiniFilament@38864c5f
Crazy torqueSum in boxOfActin.MyoMiniFilament@38864c5f
Crazy forceSum in boxOfActin.MyoRod@327e272f
Crazy forceSum in boxOfActin.MyoRod@777caf04
Crazy forceSum in boxOfActin.MyoRod@7d12f100
Crazy forceSum in boxOfActin.MyoRod@4641dbc0
Crazy forceSum in boxOfActin.MyoRod@5c5db78
Crazy forceSum in boxOfActin.MyoRod@1753504b
Crazy forceSum in boxOfActin.MyoRod@7da32950
Crazy forceSum in boxOfActin.MyoRod@35f472ff
Crazy forceSum in boxOfActin.MyoRod@1ec17122
Crazy forceSum in boxOfActin.MyoRod@131dabb9
Crazy forceSum in boxOfActin.MyoRod@7710e923
Crazy forceSum in boxOfActin.MyoRod@61e51eb4
Crazy forceSum in boxOfActin.MyoRod@74b83bcb
Crazy forceSum in boxOfActin.MyoRod@a061686
Crazy forceSum in boxOfActin.MyoRod@7a2faf14
Crazy forceSum in boxOfActin.MyoRod@33761e5b
Crazy forceSum in boxOfActin.MyoMiniFilament@38864c5f
Crazy torqueSum in boxOfActin.MyoMiniFilament@38864c5f
Crazy forceSum in boxOfActin.MyoRod@327e272f
Crazy forceSum in boxOfActin.MyoRod@777caf04
Crazy forceSum in boxOfActin.MyoRod@7d12f100
Crazy forceSum in boxOfActin.MyoRod@4641dbc0
Crazy forceSum in boxOfActin.MyoRod@5c5db78
Crazy forceSum in boxOfActin.MyoRod@1753504b
Crazy forceSum in boxOfActin.MyoRod@7da32950
Crazy forceSum in boxOfActin.MyoRod@35f472ff
Crazy forceSum in boxOfActin.MyoRod@1ec17122
Crazy forceSum in boxOfActin.MyoRod@131dabb9
Crazy forceSum in boxOfActin.MyoRod@7710e923
Crazy forceSum in boxOfActin.MyoRod@61e51eb4
Crazy forceSum in boxOfActin.MyoRod@74b83bcb
Crazy forceSum in boxOfActin.MyoRod@a061686
Crazy forceSum in boxOfActin.MyoRod@7a2faf14
Crazy forceSum in boxOfActin.MyoRod@33761e5b
Crazy forceSum in boxOfActin.MyoMiniFilament@38864c5f
Crazy torqueSum in boxOfActin.MyoMiniFilament@38864c5f
Crazy forceSum in boxOfActin.MyoRod@327e272f
Crazy forceSum in boxOfActin.MyoRod@777caf04
Crazy forceSum in boxOfActin.MyoRod@7d12f100
Crazy forceSum in boxOfActin.MyoRod@4641dbc0
Crazy forceSum in boxOfActin.MyoRod@5c5db78
Crazy forceSum in boxOfActin.MyoRod@1753504b
Crazy forceSum in boxOfActin.MyoRod@7da32950
Crazy forceSum in boxOfActin.MyoRod@35f472ff
Crazy forceSum in boxOfActin.MyoRod@1ec17122
Crazy forceSum in boxOfActin.MyoRod@131dabb9
Crazy forceSum in boxOfActin.MyoRod@7710e923
Crazy forceSum in boxOfActin.MyoRod@61e51eb4
Crazy forceSum in boxOfActin.MyoRod@74b83bcb
Crazy forceSum in boxOfActin.MyoRod@a061686
Crazy forceSum in boxOfActin.MyoRod@7a2faf14
Crazy forceSum in boxOfActin.MyoRod@33761e5b
Crazy forceSum in boxOfActin.MyoMiniFilament@38864c5f
Crazy torqueSum in boxOfActin.MyoMiniFilament@38864c5f
Crazy forceSum in boxOfActin.MyoRod@327e272f
Crazy forceSum in boxOfActin.MyoRod@777caf04
Crazy forceSum in boxOfActin.MyoRod@7d12f100
Crazy forceSum in boxOfActin.MyoRod@4641dbc0
Crazy forceSum in boxOfActin.MyoRod@5c5db78
Crazy forceSum in boxOfActin.MyoRod@1753504b
Crazy forceSum in boxOfActin.MyoRod@7da32950
Crazy forceSum in boxOfActin.MyoRod@35f472ff
Crazy forceSum in boxOfActin.MyoRod@1ec17122
Crazy forceSum in boxOfActin.MyoRod@131dabb9
Crazy forceSum in boxOfActin.MyoRod@7710e923
Crazy forceSum in boxOfActin.MyoRod@61e51eb4
Crazy forceSum in boxOfActin.MyoRod@74b83bcb
Crazy forceSum in boxOfActin.MyoRod@a061686
Crazy forceSum in boxOfActin.MyoRod@7a2faf14
Crazy forceSum in boxOfActin.MyoRod@33761e5b
Crazy forceSum in boxOfActin.MyoMiniFilament@38864c5f
Crazy torqueSum in boxOfActin.MyoMiniFilament@38864c5f
Crazy forceSum in boxOfActin.MyoRod@327e272f
Crazy forceSum in boxOfActin.MyoRod@777caf04
Crazy forceSum in boxOfActin.MyoRod@7d12f100
Crazy forceSum in boxOfActin.MyoRod@4641dbc0
Crazy forceSum in boxOfActin.MyoRod@5c5db78
Crazy forceSum in boxOfActin.MyoRod@1753504b
Crazy forceSum in boxOfActin.MyoRod@7da32950
Crazy forceSum in boxOfActin.MyoRod@35f472ff
Crazy forceSum in boxOfActin.MyoRod@1ec17122
Crazy forceSum in boxOfActin.MyoRod@131dabb9
Crazy forceSum in boxOfActin.MyoRod@7710e923
Crazy forceSum in boxOfActin.MyoRod@61e51eb4
Crazy forceSum in boxOfActin.MyoRod@74b83bcb
Crazy forceSum in boxOfActin.MyoRod@a061686
Crazy forceSum in boxOfActin.MyoRod@7a2faf14
Crazy forceSum in boxOfActin.MyoRod@33761e5b
Crazy forceSum in boxOfActin.MyoMiniFilament@38864c5f
Crazy torqueSum in boxOfActin.MyoMiniFilament@38864c5f
Crazy forceSum in boxOfActin.MyoRod@327e272f
Crazy forceSum in boxOfActin.MyoRod@777caf04
Crazy forceSum in boxOfActin.MyoRod@7d12f100
Crazy forceSum in boxOfActin.MyoRod@4641dbc0
Crazy forceSum in boxOfActin.MyoRod@5c5db78
Crazy forceSum in boxOfActin.MyoRod@1753504b
Crazy forceSum in boxOfActin.MyoRod@7da32950
Crazy forceSum in boxOfActin.MyoRod@35f472ff
Crazy forceSum in boxOfActin.MyoRod@1ec17122
Crazy forceSum in boxOfActin.MyoRod@131dabb9
Crazy forceSum in boxOfActin.MyoRod@7710e923
Crazy forceSum in boxOfActin.MyoRod@61e51eb4
Crazy forceSum in boxOfActin.MyoRod@74b83bcb
Crazy forceSum in boxOfActin.MyoRod@a061686
Crazy forceSum in boxOfActin.MyoRod@7a2faf14
Crazy forceSum in boxOfActin.MyoRod@33761e5b
Crazy forceSum in boxOfActin.MyoMiniFilament@38864c5f
Crazy torqueSum in boxOfActin.MyoMiniFilament@38864c5f
Crazy forceSum in boxOfActin.MyoRod@327e272f
Crazy forceSum in boxOfActin.MyoRod@777caf04
Crazy forceSum in boxOfActin.MyoRod@7d12f100
Crazy forceSum in boxOfActin.MyoRod@4641dbc0
Crazy forceSum in boxOfActin.MyoRod@5c5db78
Crazy forceSum in boxOfActin.MyoRod@1753504b
Crazy forceSum in boxOfActin.MyoRod@7da32950
Crazy forceSum in boxOfActin.MyoRod@35f472ff
Crazy forceSum in boxOfActin.MyoRod@1ec17122
Crazy forceSum in boxOfActin.MyoRod@131dabb9
Crazy forceSum in boxOfActin.MyoRod@7710e923
Crazy forceSum in boxOfActin.MyoRod@61e51eb4
Crazy forceSum in boxOfActin.MyoRod@74b83bcb
Crazy forceSum in boxOfActin.MyoRod@a061686
Crazy forceSum in boxOfActin.MyoRod@7a2faf14
Crazy forceSum in boxOfActin.MyoRod@33761e5b
Crazy forceSum in boxOfActin.MyoMiniFilament@38864c5f
Crazy torqueSum in boxOfActin.MyoMiniFilament@38864c5f
Crazy forceSum in boxOfActin.MyoRod@327e272f
Crazy forceSum in boxOfActin.MyoRod@777caf04
Crazy forceSum in boxOfActin.MyoRod@7d12f100
Crazy forceSum in boxOfActin.MyoRod@4641dbc0
Crazy forceSum in boxOfActin.MyoRod@5c5db78
Crazy forceSum in boxOfActin.MyoRod@1753504b
Crazy forceSum in boxOfActin.MyoRod@7da32950
Crazy forceSum in boxOfActin.MyoRod@35f472ff
Crazy forceSum in boxOfActin.MyoRod@1ec17122
Crazy forceSum in boxOfActin.MyoRod@131dabb9
Crazy forceSum in boxOfActin.MyoRod@7710e923
Crazy forceSum in boxOfActin.MyoRod@61e51eb4
Crazy forceSum in boxOfActin.MyoRod@74b83bcb
Crazy forceSum in boxOfActin.MyoRod@a061686
Crazy forceSum in boxOfActin.MyoRod@7a2faf14
Crazy forceSum in boxOfActin.MyoRod@33761e5b
Crazy forceSum in boxOfActin.MyoMiniFilament@38864c5f
Crazy torqueSum in boxOfActin.MyoMiniFilament@38864c5f
Crazy forceSum in boxOfActin.MyoRod@327e272f
Crazy forceSum in boxOfActin.MyoRod@777caf04
Crazy forceSum in boxOfActin.MyoRod@7d12f100
Crazy forceSum in boxOfActin.MyoRod@4641dbc0
Crazy forceSum in boxOfActin.MyoRod@5c5db78
Crazy forceSum in boxOfActin.MyoRod@1753504b
Crazy forceSum in boxOfActin.MyoRod@7da32950
Crazy forceSum in boxOfActin.MyoRod@35f472ff
Crazy forceSum in boxOfActin.MyoRod@1ec17122
Crazy forceSum in boxOfActin.MyoRod@131dabb9
Crazy forceSum in boxOfActin.MyoRod@7710e923
Crazy forceSum in boxOfActin.MyoRod@61e51eb4
Crazy forceSum in boxOfActin.MyoRod@74b83bcb
Crazy forceSum in boxOfActin.MyoRod@a061686
Crazy forceSum in boxOfActin.MyoRod@7a2faf14
Crazy forceSum in boxOfActin.MyoRod@33761e5b
Crazy forceSum in boxOfActin.MyoMiniFilament@38864c5f
Crazy torqueSum in boxOfActin.MyoMiniFilament@38864c5f
Crazy forceSum in boxOfActin.MyoRod@327e272f
Crazy forceSum in boxOfActin.MyoRod@777caf04
Crazy forceSum in boxOfActin.MyoRod@7d12f100
Crazy forceSum in boxOfActin.MyoRod@4641dbc0
Crazy forceSum in boxOfActin.MyoRod@5c5db78
Crazy forceSum in boxOfActin.MyoRod@1753504b
Crazy forceSum in boxOfActin.MyoRod@7da32950
Crazy forceSum in boxOfActin.MyoRod@35f472ff
Crazy forceSum in boxOfActin.MyoRod@1ec17122
Crazy forceSum in boxOfActin.MyoRod@131dabb9
Crazy forceSum in boxOfActin.MyoRod@7710e923
Crazy forceSum in boxOfActin.MyoRod@61e51eb4
Crazy forceSum in boxOfActin.MyoRod@74b83bcb
Crazy forceSum in boxOfActin.MyoRod@a061686
Crazy forceSum in boxOfActin.MyoRod@7a2faf14
Crazy forceSum in boxOfActin.MyoRod@33761e5b
Crazy forceSum in boxOfActin.MyoMiniFilament@38864c5f
Crazy torqueSum in boxOfActin.MyoMiniFilament@38864c5f
Crazy forceSum in boxOfActin.MyoRod@327e272f
Crazy forceSum in boxOfActin.MyoRod@777caf04
Crazy forceSum in boxOfActin.MyoRod@7d12f100
Crazy forceSum in boxOfActin.MyoRod@4641dbc0
Crazy forceSum in boxOfActin.MyoRod@5c5db78
Crazy forceSum in boxOfActin.MyoRod@1753504b
Crazy forceSum in boxOfActin.MyoRod@7da32950
Crazy forceSum in boxOfActin.MyoRod@35f472ff
Crazy forceSum in boxOfActin.MyoRod@1ec17122
Crazy forceSum in boxOfActin.MyoRod@131dabb9
Crazy forceSum in boxOfActin.MyoRod@7710e923
Crazy forceSum in boxOfActin.MyoRod@61e51eb4
Crazy forceSum in boxOfActin.MyoRod@74b83bcb
Crazy forceSum in boxOfActin.MyoRod@a061686
Crazy forceSum in boxOfActin.MyoRod@7a2faf14
Crazy forceSum in boxOfActin.MyoRod@33761e5b
Crazy forceSum in boxOfActin.MyoMiniFilament@38864c5f
Crazy torqueSum in boxOfActin.MyoMiniFilament@38864c5f
Crazy forceSum in boxOfActin.MyoRod@327e272f
Crazy forceSum in boxOfActin.MyoRod@777caf04
Crazy forceSum in boxOfActin.MyoRod@7d12f100
Crazy forceSum in boxOfActin.MyoRod@4641dbc0
Crazy forceSum in boxOfActin.MyoRod@5c5db78
Crazy forceSum in boxOfActin.MyoRod@1753504b
Crazy forceSum in boxOfActin.MyoRod@7da32950
Crazy forceSum in boxOfActin.MyoRod@35f472ff
Crazy forceSum in boxOfActin.MyoRod@1ec17122
Crazy forceSum in boxOfActin.MyoRod@131dabb9
Crazy forceSum in boxOfActin.MyoRod@7710e923
Crazy forceSum in boxOfActin.MyoRod@61e51eb4
Crazy forceSum in boxOfActin.MyoRod@74b83bcb
Crazy forceSum in boxOfActin.MyoRod@a061686
Crazy forceSum in boxOfActin.MyoRod@7a2faf14
Crazy forceSum in boxOfActin.MyoRod@33761e5b
Crazy forceSum in boxOfActin.MyoMiniFilament@38864c5f
Crazy torqueSum in boxOfActin.MyoMiniFilament@38864c5f
Crazy forceSum in boxOfActin.MyoRod@327e272f
Crazy forceSum in boxOfActin.MyoRod@777caf04
Crazy forceSum in boxOfActin.MyoRod@7d12f100
Crazy forceSum in boxOfActin.MyoRod@4641dbc0
Crazy forceSum in boxOfActin.MyoRod@5c5db78
Crazy forceSum in boxOfActin.MyoRod@1753504b
Crazy forceSum in boxOfActin.MyoRod@7da32950
Crazy forceSum in boxOfActin.MyoRod@35f472ff
Crazy forceSum in boxOfActin.MyoRod@1ec17122
Crazy forceSum in boxOfActin.MyoRod@131dabb9
Crazy forceSum in boxOfActin.MyoRod@7710e923
Crazy forceSum in boxOfActin.MyoRod@61e51eb4
Crazy forceSum in boxOfActin.MyoRod@74b83bcb
Crazy forceSum in boxOfActin.MyoRod@a061686
Crazy forceSum in boxOfActin.MyoRod@7a2faf14
Crazy forceSum in boxOfActin.MyoRod@33761e5b
Crazy forceSum in boxOfActin.MyoMiniFilament@38864c5f
Crazy torqueSum in boxOfActin.MyoMiniFilament@38864c5f
Crazy forceSum in boxOfActin.MyoRod@327e272f
Crazy forceSum in boxOfActin.MyoRod@777caf04
Crazy forceSum in boxOfActin.MyoRod@7d12f100
Crazy forceSum in boxOfActin.MyoRod@4641dbc0
Crazy forceSum in boxOfActin.MyoRod@5c5db78
Crazy forceSum in boxOfActin.MyoRod@1753504b
Crazy forceSum in boxOfActin.MyoRod@7da32950
Crazy forceSum in boxOfActin.MyoRod@35f472ff
Crazy forceSum in boxOfActin.MyoRod@1ec17122
Crazy forceSum in boxOfActin.MyoRod@131dabb9
Crazy forceSum in boxOfActin.MyoRod@7710e923
Crazy forceSum in boxOfActin.MyoRod@61e51eb4
Crazy forceSum in boxOfActin.MyoRod@74b83bcb
Crazy forceSum in boxOfActin.MyoRod@a061686
Crazy forceSum in boxOfActin.MyoRod@7a2faf14
Crazy forceSum in boxOfActin.MyoRod@33761e5b
Crazy forceSum in boxOfActin.MyoMiniFilament@38864c5f
Crazy torqueSum in boxOfActin.MyoMiniFilament@38864c5f
Crazy forceSum in boxOfActin.MyoRod@327e272f
Crazy forceSum in boxOfActin.MyoRod@777caf04
Crazy forceSum in boxOfActin.MyoRod@7d12f100
Crazy forceSum in boxOfActin.MyoRod@4641dbc0
Crazy forceSum in boxOfActin.MyoRod@5c5db78
Crazy forceSum in boxOfActin.MyoRod@1753504b
Crazy forceSum in boxOfActin.MyoRod@7da32950
Crazy forceSum in boxOfActin.MyoRod@35f472ff
Crazy forceSum in boxOfActin.MyoRod@1ec17122
Crazy forceSum in boxOfActin.MyoRod@131dabb9
Crazy forceSum in boxOfActin.MyoRod@7710e923
Crazy forceSum in boxOfActin.MyoRod@61e51eb4
Crazy forceSum in boxOfActin.MyoRod@74b83bcb
Crazy forceSum in boxOfActin.MyoRod@a061686
Crazy forceSum in boxOfActin.MyoRod@7a2faf14
Crazy forceSum in boxOfActin.MyoRod@33761e5b
Crazy forceSum in boxOfActin.MyoMiniFilament@38864c5f
Crazy torqueSum in boxOfActin.MyoMiniFilament@38864c5f
Crazy forceSum in boxOfActin.MyoRod@327e272f
Crazy forceSum in boxOfActin.MyoRod@777caf04
Crazy forceSum in boxOfActin.MyoRod@7d12f100
Crazy forceSum in boxOfActin.MyoRod@4641dbc0
Crazy forceSum in boxOfActin.MyoRod@5c5db78
Crazy forceSum in boxOfActin.MyoRod@1753504b
Crazy forceSum in boxOfActin.MyoRod@7da32950
Crazy forceSum in boxOfActin.MyoRod@35f472ff
Crazy forceSum in boxOfActin.MyoRod@1ec17122
Crazy forceSum in boxOfActin.MyoRod@131dabb9
Crazy forceSum in boxOfActin.MyoRod@7710e923
Crazy forceSum in boxOfActin.MyoRod@61e51eb4
Crazy forceSum in boxOfActin.MyoRod@74b83bcb
Crazy forceSum in boxOfActin.MyoRod@a061686
Crazy forceSum in boxOfActin.MyoRod@7a2faf14
Crazy forceSum in boxOfActin.MyoRod@33761e5b
Crazy forceSum in boxOfActin.MyoMiniFilament@38864c5f
Crazy torqueSum in boxOfActin.MyoMiniFilament@38864c5f
Crazy forceSum in boxOfActin.MyoRod@327e272f
Crazy forceSum in boxOfActin.MyoRod@777caf04
Crazy forceSum in boxOfActin.MyoRod@7d12f100
Crazy forceSum in boxOfActin.MyoRod@4641dbc0
Crazy forceSum in boxOfActin.MyoRod@5c5db78
Crazy forceSum in boxOfActin.MyoRod@1753504b
Crazy forceSum in boxOfActin.MyoRod@7da32950
Crazy forceSum in boxOfActin.MyoRod@35f472ff
Crazy forceSum in boxOfActin.MyoRod@1ec17122
Crazy forceSum in boxOfActin.MyoRod@131dabb9
Crazy forceSum in boxOfActin.MyoRod@7710e923
Crazy forceSum in boxOfActin.MyoRod@61e51eb4
Crazy forceSum in boxOfActin.MyoRod@74b83bcb
Crazy forceSum in boxOfActin.MyoRod@a061686
Crazy forceSum in boxOfActin.MyoRod@7a2faf14
Crazy forceSum in boxOfActin.MyoRod@33761e5b
Crazy forceSum in boxOfActin.MyoMiniFilament@38864c5f
Crazy torqueSum in boxOfActin.MyoMiniFilament@38864c5f
Crazy forceSum in boxOfActin.MyoRod@327e272f
Crazy forceSum in boxOfActin.MyoRod@777caf04
Crazy forceSum in boxOfActin.MyoRod@7d12f100
Crazy forceSum in boxOfActin.MyoRod@4641dbc0
Crazy forceSum in boxOfActin.MyoRod@5c5db78
Crazy forceSum in boxOfActin.MyoRod@1753504b
Crazy forceSum in boxOfActin.MyoRod@7da32950
Crazy forceSum in boxOfActin.MyoRod@35f472ff
Crazy forceSum in boxOfActin.MyoRod@1ec17122
Crazy forceSum in boxOfActin.MyoRod@131dabb9
Crazy forceSum in boxOfActin.MyoRod@7710e923
Crazy forceSum in boxOfActin.MyoRod@61e51eb4
Crazy forceSum in boxOfActin.MyoRod@74b83bcb
Crazy forceSum in boxOfActin.MyoRod@a061686
Crazy forceSum in boxOfActin.MyoRod@7a2faf14
Crazy forceSum in boxOfActin.MyoRod@33761e5b
Crazy forceSum in boxOfActin.MyoMiniFilament@38864c5f
Crazy torqueSum in boxOfActin.MyoMiniFilament@38864c5f
Crazy forceSum in boxOfActin.MyoRod@327e272f
Crazy forceSum in boxOfActin.MyoRod@777caf04
Crazy forceSum in boxOfActin.MyoRod@7d12f100
Crazy forceSum in boxOfActin.MyoRod@4641dbc0
Crazy forceSum in boxOfActin.MyoRod@5c5db78
Crazy forceSum in boxOfActin.MyoRod@1753504b
Crazy forceSum in boxOfActin.MyoRod@7da32950
Crazy forceSum in boxOfActin.MyoRod@35f472ff
Crazy forceSum in boxOfActin.MyoRod@1ec17122
Crazy forceSum in boxOfActin.MyoRod@131dabb9
Crazy forceSum in boxOfActin.MyoRod@7710e923
Crazy forceSum in boxOfActin.MyoRod@61e51eb4
Crazy forceSum in boxOfActin.MyoRod@74b83bcb
Crazy forceSum in boxOfActin.MyoRod@a061686
Crazy forceSum in boxOfActin.MyoRod@7a2faf14
Crazy forceSum in boxOfActin.MyoRod@33761e5b
Crazy forceSum in boxOfActin.MyoMiniFilament@38864c5f
Crazy torqueSum in boxOfActin.MyoMiniFilament@38864c5f
Crazy forceSum in boxOfActin.MyoRod@327e272f
Crazy forceSum in boxOfActin.MyoRod@777caf04
Crazy forceSum in boxOfActin.MyoRod@7d12f100
Crazy forceSum in boxOfActin.MyoRod@4641dbc0
Crazy forceSum in boxOfActin.MyoRod@5c5db78
Crazy forceSum in boxOfActin.MyoRod@1753504b
Crazy forceSum in boxOfActin.MyoRod@7da32950
Crazy forceSum in boxOfActin.MyoRod@35f472ff
Crazy forceSum in boxOfActin.MyoRod@1ec17122
Crazy forceSum in boxOfActin.MyoRod@131dabb9
Crazy forceSum in boxOfActin.MyoRod@7710e923
Crazy forceSum in boxOfActin.MyoRod@61e51eb4
Crazy forceSum in boxOfActin.MyoRod@74b83bcb
Crazy forceSum in boxOfActin.MyoRod@a061686
Crazy forceSum in boxOfActin.MyoRod@7a2faf14
Crazy forceSum in boxOfActin.MyoRod@33761e5b
Crazy forceSum in boxOfActin.MyoMiniFilament@38864c5f
Crazy torqueSum in boxOfActin.MyoMiniFilament@38864c5f
Crazy forceSum in boxOfActin.MyoRod@327e272f
Crazy forceSum in boxOfActin.MyoRod@777caf04
Crazy forceSum in boxOfActin.MyoRod@7d12f100
Crazy forceSum in boxOfActin.MyoRod@4641dbc0
Crazy forceSum in boxOfActin.MyoRod@5c5db78
Crazy forceSum in boxOfActin.MyoRod@1753504b
Crazy forceSum in boxOfActin.MyoRod@7da32950
Crazy forceSum in boxOfActin.MyoRod@35f472ff
Crazy forceSum in boxOfActin.MyoRod@1ec17122
Crazy forceSum in boxOfActin.MyoRod@131dabb9
Crazy forceSum in boxOfActin.MyoRod@7710e923
Crazy forceSum in boxOfActin.MyoRod@61e51eb4
Crazy forceSum in boxOfActin.MyoRod@74b83bcb
Crazy forceSum in boxOfActin.MyoRod@a061686
Crazy forceSum in boxOfActin.MyoRod@7a2faf14
Crazy forceSum in boxOfActin.MyoRod@33761e5b
Crazy forceSum in boxOfActin.MyoMiniFilament@38864c5f
Crazy torqueSum in boxOfActin.MyoMiniFilament@38864c5f
Crazy forceSum in boxOfActin.MyoRod@327e272f
Crazy forceSum in boxOfActin.MyoRod@777caf04
Crazy forceSum in boxOfActin.MyoRod@7d12f100
Crazy forceSum in boxOfActin.MyoRod@4641dbc0
Crazy forceSum in boxOfActin.MyoRod@5c5db78
Crazy forceSum in boxOfActin.MyoRod@1753504b
Crazy forceSum in boxOfActin.MyoRod@7da32950
Crazy forceSum in boxOfActin.MyoRod@35f472ff
Crazy forceSum in boxOfActin.MyoRod@1ec17122
Crazy forceSum in boxOfActin.MyoRod@131dabb9
Crazy forceSum in boxOfActin.MyoRod@7710e923
Crazy forceSum in boxOfActin.MyoRod@61e51eb4
Crazy forceSum in boxOfActin.MyoRod@74b83bcb
Crazy forceSum in boxOfActin.MyoRod@a061686
Crazy forceSum in boxOfActin.MyoRod@7a2faf14
Crazy forceSum in boxOfActin.MyoRod@33761e5b
Crazy forceSum in boxOfActin.MyoMiniFilament@38864c5f
Crazy torqueSum in boxOfActin.MyoMiniFilament@38864c5f
Crazy forceSum in boxOfActin.MyoRod@327e272f
Crazy forceSum in boxOfActin.MyoRod@777caf04
Crazy forceSum in boxOfActin.MyoRod@7d12f100
Crazy forceSum in boxOfActin.MyoRod@4641dbc0
Crazy forceSum in boxOfActin.MyoRod@5c5db78
Crazy forceSum in boxOfActin.MyoRod@1753504b
Crazy forceSum in boxOfActin.MyoRod@7da32950
Crazy forceSum in boxOfActin.MyoRod@35f472ff
Crazy forceSum in boxOfActin.MyoRod@1ec17122
Crazy forceSum in boxOfActin.MyoRod@131dabb9
Crazy forceSum in boxOfActin.MyoRod@7710e923
Crazy forceSum in boxOfActin.MyoRod@61e51eb4
Crazy forceSum in boxOfActin.MyoRod@74b83bcb
Crazy forceSum in boxOfActin.MyoRod@a061686
Crazy forceSum in boxOfActin.MyoRod@7a2faf14
Crazy forceSum in boxOfActin.MyoRod@33761e5b
Crazy forceSum in boxOfActin.MyoMiniFilament@38864c5f
Crazy torqueSum in boxOfActin.MyoMiniFilament@38864c5f
Crazy forceSum in boxOfActin.MyoRod@327e272f
Crazy forceSum in boxOfActin.MyoRod@777caf04
Crazy forceSum in boxOfActin.MyoRod@7d12f100
Crazy forceSum in boxOfActin.MyoRod@4641dbc0
Crazy forceSum in boxOfActin.MyoRod@5c5db78
Crazy forceSum in boxOfActin.MyoRod@1753504b
Crazy forceSum in boxOfActin.MyoRod@7da32950
Crazy forceSum in boxOfActin.MyoRod@35f472ff
Crazy forceSum in boxOfActin.MyoRod@1ec17122
Crazy forceSum in boxOfActin.MyoRod@131dabb9
Crazy forceSum in boxOfActin.MyoRod@7710e923
Crazy forceSum in boxOfActin.MyoRod@61e51eb4
Crazy forceSum in boxOfActin.MyoRod@74b83bcb
Crazy forceSum in boxOfActin.MyoRod@a061686
Crazy forceSum in boxOfActin.MyoRod@7a2faf14
Crazy forceSum in boxOfActin.MyoRod@33761e5b
Crazy forceSum in boxOfActin.MyoMiniFilament@38864c5f
Crazy torqueSum in boxOfActin.MyoMiniFilament@38864c5f
Crazy forceSum in boxOfActin.MyoRod@327e272f
Crazy forceSum in boxOfActin.MyoRod@777caf04
Crazy forceSum in boxOfActin.MyoRod@7d12f100
Crazy forceSum in boxOfActin.MyoRod@4641dbc0
Crazy forceSum in boxOfActin.MyoRod@5c5db78
Crazy forceSum in boxOfActin.MyoRod@1753504b
Crazy forceSum in boxOfActin.MyoRod@7da32950
Crazy forceSum in boxOfActin.MyoRod@35f472ff
Crazy forceSum in boxOfActin.MyoRod@1ec17122
Crazy forceSum in boxOfActin.MyoRod@131dabb9
Crazy forceSum in boxOfActin.MyoRod@7710e923
Crazy forceSum in boxOfActin.MyoRod@61e51eb4
Crazy forceSum in boxOfActin.MyoRod@74b83bcb
Crazy forceSum in boxOfActin.MyoRod@a061686
Crazy forceSum in boxOfActin.MyoRod@7a2faf14
Crazy forceSum in boxOfActin.MyoRod@33761e5b
Crazy forceSum in boxOfActin.MyoMiniFilament@38864c5f
Crazy torqueSum in boxOfActin.MyoMiniFilament@38864c5f
Crazy forceSum in boxOfActin.MyoRod@327e272f
Crazy forceSum in boxOfActin.MyoRod@777caf04
Crazy forceSum in boxOfActin.MyoRod@7d12f100
Crazy forceSum in boxOfActin.MyoRod@4641dbc0
Crazy forceSum in boxOfActin.MyoRod@5c5db78
Crazy forceSum in boxOfActin.MyoRod@1753504b
Crazy forceSum in boxOfActin.MyoRod@7da32950
Crazy forceSum in boxOfActin.MyoRod@35f472ff
Crazy forceSum in boxOfActin.MyoRod@1ec17122
Crazy forceSum in boxOfActin.MyoRod@131dabb9
Crazy forceSum in boxOfActin.MyoRod@7710e923
Crazy forceSum in boxOfActin.MyoRod@61e51eb4
Crazy forceSum in boxOfActin.MyoRod@74b83bcb
Crazy forceSum in boxOfActin.MyoRod@a061686
Crazy forceSum in boxOfActin.MyoRod@7a2faf14
Crazy forceSum in boxOfActin.MyoRod@33761e5b
Crazy forceSum in boxOfActin.MyoMiniFilament@38864c5f
Crazy torqueSum in boxOfActin.MyoMiniFilament@38864c5f
Crazy forceSum in boxOfActin.MyoRod@327e272f
Crazy forceSum in boxOfActin.MyoRod@777caf04
Crazy forceSum in boxOfActin.MyoRod@7d12f100
Crazy forceSum in boxOfActin.MyoRod@4641dbc0
Crazy forceSum in boxOfActin.MyoRod@5c5db78
Crazy forceSum in boxOfActin.MyoRod@1753504b
Crazy forceSum in boxOfActin.MyoRod@7da32950
Crazy forceSum in boxOfActin.MyoRod@35f472ff
Crazy forceSum in boxOfActin.MyoRod@1ec17122
Crazy forceSum in boxOfActin.MyoRod@131dabb9
Crazy forceSum in boxOfActin.MyoRod@7710e923
Crazy forceSum in boxOfActin.MyoRod@61e51eb4
Crazy forceSum in boxOfActin.MyoRod@74b83bcb
Crazy forceSum in boxOfActin.MyoRod@a061686
Crazy forceSum in boxOfActin.MyoRod@7a2faf14
Crazy forceSum in boxOfActin.MyoRod@33761e5b
Crazy forceSum in boxOfActin.MyoMiniFilament@38864c5f
Crazy torqueSum in boxOfActin.MyoMiniFilament@38864c5f
Crazy forceSum in boxOfActin.MyoRod@327e272f
Crazy forceSum in boxOfActin.MyoRod@777caf04
Crazy forceSum in boxOfActin.MyoRod@7d12f100
Crazy forceSum in boxOfActin.MyoRod@4641dbc0
Crazy forceSum in boxOfActin.MyoRod@5c5db78
Crazy forceSum in boxOfActin.MyoRod@1753504b
Crazy forceSum in boxOfActin.MyoRod@7da32950
Crazy forceSum in boxOfActin.MyoRod@35f472ff
Crazy forceSum in boxOfActin.MyoRod@1ec17122
Crazy forceSum in boxOfActin.MyoRod@131dabb9
Crazy forceSum in boxOfActin.MyoRod@7710e923
Crazy forceSum in boxOfActin.MyoRod@61e51eb4
Crazy forceSum in boxOfActin.MyoRod@74b83bcb
Crazy forceSum in boxOfActin.MyoRod@a061686
Crazy forceSum in boxOfActin.MyoRod@7a2faf14
Crazy forceSum in boxOfActin.MyoRod@33761e5b
Crazy forceSum in boxOfActin.MyoMiniFilament@38864c5f
Crazy torqueSum in boxOfActin.MyoMiniFilament@38864c5f
Crazy forceSum in boxOfActin.MyoRod@327e272f
Crazy forceSum in boxOfActin.MyoRod@777caf04
Crazy forceSum in boxOfActin.MyoRod@7d12f100
Crazy forceSum in boxOfActin.MyoRod@4641dbc0
Crazy forceSum in boxOfActin.MyoRod@5c5db78
Crazy forceSum in boxOfActin.MyoRod@1753504b
Crazy forceSum in boxOfActin.MyoRod@7da32950
Crazy forceSum in boxOfActin.MyoRod@35f472ff
Crazy forceSum in boxOfActin.MyoRod@1ec17122
Crazy forceSum in boxOfActin.MyoRod@131dabb9
Crazy forceSum in boxOfActin.MyoRod@7710e923
Crazy forceSum in boxOfActin.MyoRod@61e51eb4
Crazy forceSum in boxOfActin.MyoRod@74b83bcb
Crazy forceSum in boxOfActin.MyoRod@a061686
Crazy forceSum in boxOfActin.MyoRod@7a2faf14
Crazy forceSum in boxOfActin.MyoRod@33761e5b
Crazy forceSum in boxOfActin.MyoMiniFilament@38864c5f
Crazy torqueSum in boxOfActin.MyoMiniFilament@38864c5f
Crazy forceSum in boxOfActin.MyoRod@327e272f
Crazy forceSum in boxOfActin.MyoRod@777caf04
Crazy forceSum in boxOfActin.MyoRod@7d12f100
Crazy forceSum in boxOfActin.MyoRod@4641dbc0
Crazy forceSum in boxOfActin.MyoRod@5c5db78
Crazy forceSum in boxOfActin.MyoRod@1753504b
Crazy forceSum in boxOfActin.MyoRod@7da32950
Crazy forceSum in boxOfActin.MyoRod@35f472ff
Crazy forceSum in boxOfActin.MyoRod@1ec17122
Crazy forceSum in boxOfActin.MyoRod@131dabb9
Crazy forceSum in boxOfActin.MyoRod@7710e923
Crazy forceSum in boxOfActin.MyoRod@61e51eb4
Crazy forceSum in boxOfActin.MyoRod@74b83bcb
Crazy forceSum in boxOfActin.MyoRod@a061686
Crazy forceSum in boxOfActin.MyoRod@7a2faf14
Crazy forceSum in boxOfActin.MyoRod@33761e5b
Crazy forceSum in boxOfActin.MyoMiniFilament@38864c5f
Crazy torqueSum in boxOfActin.MyoMiniFilament@38864c5f
Crazy forceSum in boxOfActin.MyoRod@327e272f
Crazy forceSum in boxOfActin.MyoRod@777caf04
Crazy forceSum in boxOfActin.MyoRod@7d12f100
Crazy forceSum in boxOfActin.MyoRod@4641dbc0
Crazy forceSum in boxOfActin.MyoRod@5c5db78
Crazy forceSum in boxOfActin.MyoRod@1753504b
Crazy forceSum in boxOfActin.MyoRod@7da32950
Crazy forceSum in boxOfActin.MyoRod@35f472ff
Crazy forceSum in boxOfActin.MyoRod@1ec17122
Crazy forceSum in boxOfActin.MyoRod@131dabb9
Crazy forceSum in boxOfActin.MyoRod@7710e923
Crazy forceSum in boxOfActin.MyoRod@61e51eb4
Crazy forceSum in boxOfActin.MyoRod@74b83bcb
Crazy forceSum in boxOfActin.MyoRod@a061686
Crazy forceSum in boxOfActin.MyoRod@7a2faf14
Crazy forceSum in boxOfActin.MyoRod@33761e5b
Crazy forceSum in boxOfActin.MyoMiniFilament@38864c5f
Crazy torqueSum in boxOfActin.MyoMiniFilament@38864c5f
Crazy forceSum in boxOfActin.MyoRod@327e272f
Crazy forceSum in boxOfActin.MyoRod@777caf04
Crazy forceSum in boxOfActin.MyoRod@7d12f100
Crazy forceSum in boxOfActin.MyoRod@4641dbc0
Crazy forceSum in boxOfActin.MyoRod@5c5db78
Crazy forceSum in boxOfActin.MyoRod@1753504b
Crazy forceSum in boxOfActin.MyoRod@7da32950
Crazy forceSum in boxOfActin.MyoRod@35f472ff
Crazy forceSum in boxOfActin.MyoRod@1ec17122
Crazy forceSum in boxOfActin.MyoRod@131dabb9
Crazy forceSum in boxOfActin.MyoRod@7710e923
Crazy forceSum in boxOfActin.MyoRod@61e51eb4
Crazy forceSum in boxOfActin.MyoRod@74b83bcb
Crazy forceSum in boxOfActin.MyoRod@a061686
Crazy forceSum in boxOfActin.MyoRod@7a2faf14
Crazy forceSum in boxOfActin.MyoRod@33761e5b
Crazy forceSum in boxOfActin.MyoMiniFilament@38864c5f
Crazy torqueSum in boxOfActin.MyoMiniFilament@38864c5f
Crazy forceSum in boxOfActin.MyoRod@327e272f
Crazy forceSum in boxOfActin.MyoRod@777caf04
Crazy forceSum in boxOfActin.MyoRod@7d12f100
Crazy forceSum in boxOfActin.MyoRod@4641dbc0
Crazy forceSum in boxOfActin.MyoRod@5c5db78
Crazy forceSum in boxOfActin.MyoRod@1753504b
Crazy forceSum in boxOfActin.MyoRod@7da32950
Crazy forceSum in boxOfActin.MyoRod@35f472ff
Crazy forceSum in boxOfActin.MyoRod@1ec17122
Crazy forceSum in boxOfActin.MyoRod@131dabb9
Crazy forceSum in boxOfActin.MyoRod@7710e923
Crazy forceSum in boxOfActin.MyoRod@61e51eb4
Crazy forceSum in boxOfActin.MyoRod@74b83bcb
Crazy forceSum in boxOfActin.MyoRod@a061686
Crazy forceSum in boxOfActin.MyoRod@7a2faf14
Crazy forceSum in boxOfActin.MyoRod@33761e5b
Crazy forceSum in boxOfActin.MyoMiniFilament@38864c5f
Crazy torqueSum in boxOfActin.MyoMiniFilament@38864c5f
Crazy forceSum in boxOfActin.MyoRod@327e272f
Crazy forceSum in boxOfActin.MyoRod@777caf04
Crazy forceSum in boxOfActin.MyoRod@7d12f100
Crazy forceSum in boxOfActin.MyoRod@4641dbc0
Crazy forceSum in boxOfActin.MyoRod@5c5db78
Crazy forceSum in boxOfActin.MyoRod@1753504b
Crazy forceSum in boxOfActin.MyoRod@7da32950
Crazy forceSum in boxOfActin.MyoRod@35f472ff
Crazy forceSum in boxOfActin.MyoRod@1ec17122
Crazy forceSum in boxOfActin.MyoRod@131dabb9
Crazy forceSum in boxOfActin.MyoRod@7710e923
Crazy forceSum in boxOfActin.MyoRod@61e51eb4
Crazy forceSum in boxOfActin.MyoRod@74b83bcb
Crazy forceSum in boxOfActin.MyoRod@a061686
Crazy forceSum in boxOfActin.MyoRod@7a2faf14
Crazy forceSum in boxOfActin.MyoRod@33761e5b
Crazy forceSum in boxOfActin.MyoMiniFilament@38864c5f
Crazy torqueSum in boxOfActin.MyoMiniFilament@38864c5f
Crazy forceSum in boxOfActin.MyoRod@327e272f
Crazy forceSum in boxOfActin.MyoRod@777caf04
Crazy forceSum in boxOfActin.MyoRod@7d12f100
Crazy forceSum in boxOfActin.MyoRod@4641dbc0
Crazy forceSum in boxOfActin.MyoRod@5c5db78
Crazy forceSum in boxOfActin.MyoRod@1753504b
Crazy forceSum in boxOfActin.MyoRod@7da32950
Crazy forceSum in boxOfActin.MyoRod@35f472ff
Crazy forceSum in boxOfActin.MyoRod@1ec17122
Crazy forceSum in boxOfActin.MyoRod@131dabb9
Crazy forceSum in boxOfActin.MyoRod@7710e923
Crazy forceSum in boxOfActin.MyoRod@61e51eb4
Crazy forceSum in boxOfActin.MyoRod@74b83bcb
Crazy forceSum in boxOfActin.MyoRod@a061686
Crazy forceSum in boxOfActin.MyoRod@7a2faf14
Crazy forceSum in boxOfActin.MyoRod@33761e5b
Crazy forceSum in boxOfActin.MyoMiniFilament@38864c5f
Crazy torqueSum in boxOfActin.MyoMiniFilament@38864c5f
Crazy forceSum in boxOfActin.MyoRod@327e272f
Crazy forceSum in boxOfActin.MyoRod@777caf04
Crazy forceSum in boxOfActin.MyoRod@7d12f100
Crazy forceSum in boxOfActin.MyoRod@4641dbc0
Crazy forceSum in boxOfActin.MyoRod@5c5db78
Crazy forceSum in boxOfActin.MyoRod@1753504b
Crazy forceSum in boxOfActin.MyoRod@7da32950
Crazy forceSum in boxOfActin.MyoRod@35f472ff
Crazy forceSum in boxOfActin.MyoRod@1ec17122
Crazy forceSum in boxOfActin.MyoRod@131dabb9
Crazy forceSum in boxOfActin.MyoRod@7710e923
Crazy forceSum in boxOfActin.MyoRod@61e51eb4
Crazy forceSum in boxOfActin.MyoRod@74b83bcb
Crazy forceSum in boxOfActin.MyoRod@a061686
Crazy forceSum in boxOfActin.MyoRod@7a2faf14
Crazy forceSum in boxOfActin.MyoRod@33761e5b
Crazy forceSum in boxOfActin.MyoMiniFilament@38864c5f
Crazy torqueSum in boxOfActin.MyoMiniFilament@38864c5f
Crazy forceSum in boxOfActin.MyoRod@327e272f
Crazy forceSum in boxOfActin.MyoRod@777caf04
Crazy forceSum in boxOfActin.MyoRod@7d12f100
Crazy forceSum in boxOfActin.MyoRod@4641dbc0
Crazy forceSum in boxOfActin.MyoRod@5c5db78
Crazy forceSum in boxOfActin.MyoRod@1753504b
Crazy forceSum in boxOfActin.MyoRod@7da32950
Crazy forceSum in boxOfActin.MyoRod@35f472ff
Crazy forceSum in boxOfActin.MyoRod@1ec17122
Crazy forceSum in boxOfActin.MyoRod@131dabb9
Crazy forceSum in boxOfActin.MyoRod@7710e923
Crazy forceSum in boxOfActin.MyoRod@61e51eb4
Crazy forceSum in boxOfActin.MyoRod@74b83bcb
Crazy forceSum in boxOfActin.MyoRod@a061686
Crazy forceSum in boxOfActin.MyoRod@7a2faf14
Crazy forceSum in boxOfActin.MyoRod@33761e5b
Crazy forceSum in boxOfActin.MyoMiniFilament@38864c5f
Crazy torqueSum in boxOfActin.MyoMiniFilament@38864c5f
Crazy forceSum in boxOfActin.MyoRod@327e272f
Crazy forceSum in boxOfActin.MyoRod@777caf04
Crazy forceSum in boxOfActin.MyoRod@7d12f100
Crazy forceSum in boxOfActin.MyoRod@4641dbc0
Crazy forceSum in boxOfActin.MyoRod@5c5db78
Crazy forceSum in boxOfActin.MyoRod@1753504b
Crazy forceSum in boxOfActin.MyoRod@7da32950
Crazy forceSum in boxOfActin.MyoRod@35f472ff
Crazy forceSum in boxOfActin.MyoRod@1ec17122
Crazy forceSum in boxOfActin.MyoRod@131dabb9
Crazy forceSum in boxOfActin.MyoRod@7710e923
Crazy forceSum in boxOfActin.MyoRod@61e51eb4
Crazy forceSum in boxOfActin.MyoRod@74b83bcb
Crazy forceSum in boxOfActin.MyoRod@a061686
Crazy forceSum in boxOfActin.MyoRod@7a2faf14
Crazy forceSum in boxOfActin.MyoRod@33761e5b
Crazy forceSum in boxOfActin.MyoMiniFilament@38864c5f
Crazy torqueSum in boxOfActin.MyoMiniFilament@38864c5f
Crazy forceSum in boxOfActin.MyoRod@327e272f
Crazy forceSum in boxOfActin.MyoRod@777caf04
Crazy forceSum in boxOfActin.MyoRod@7d12f100
Crazy forceSum in boxOfActin.MyoRod@4641dbc0
Crazy forceSum in boxOfActin.MyoRod@5c5db78
Crazy forceSum in boxOfActin.MyoRod@1753504b
Crazy forceSum in boxOfActin.MyoRod@7da32950
Crazy forceSum in boxOfActin.MyoRod@35f472ff
Crazy forceSum in boxOfActin.MyoRod@1ec17122
Crazy forceSum in boxOfActin.MyoRod@131dabb9
Crazy forceSum in boxOfActin.MyoRod@7710e923
Crazy forceSum in boxOfActin.MyoRod@61e51eb4
Crazy forceSum in boxOfActin.MyoRod@74b83bcb
Crazy forceSum in boxOfActin.MyoRod@a061686
Crazy forceSum in boxOfActin.MyoRod@7a2faf14
Crazy forceSum in boxOfActin.MyoRod@33761e5b
Crazy forceSum in boxOfActin.MyoMiniFilament@38864c5f
Crazy torqueSum in boxOfActin.MyoMiniFilament@38864c5f
Crazy forceSum in boxOfActin.MyoRod@327e272f
Crazy forceSum in boxOfActin.MyoRod@777caf04
Crazy forceSum in boxOfActin.MyoRod@7d12f100
Crazy forceSum in boxOfActin.MyoRod@4641dbc0
Crazy forceSum in boxOfActin.MyoRod@5c5db78
Crazy forceSum in boxOfActin.MyoRod@1753504b
Crazy forceSum in boxOfActin.MyoRod@7da32950
Crazy forceSum in boxOfActin.MyoRod@35f472ff
Crazy forceSum in boxOfActin.MyoRod@1ec17122
Crazy forceSum in boxOfActin.MyoRod@131dabb9
Crazy forceSum in boxOfActin.MyoRod@7710e923
Crazy forceSum in boxOfActin.MyoRod@61e51eb4
Crazy forceSum in boxOfActin.MyoRod@74b83bcb
Crazy forceSum in boxOfActin.MyoRod@a061686
Crazy forceSum in boxOfActin.MyoRod@7a2faf14
Crazy forceSum in boxOfActin.MyoRod@33761e5b
Crazy forceSum in boxOfActin.MyoMiniFilament@38864c5f
Crazy torqueSum in boxOfActin.MyoMiniFilament@38864c5f
Crazy forceSum in boxOfActin.MyoRod@327e272f
Crazy forceSum in boxOfActin.MyoRod@777caf04
Crazy forceSum in boxOfActin.MyoRod@7d12f100
Crazy forceSum in boxOfActin.MyoRod@4641dbc0
Crazy forceSum in boxOfActin.MyoRod@5c5db78
Crazy forceSum in boxOfActin.MyoRod@1753504b
Crazy forceSum in boxOfActin.MyoRod@7da32950
Crazy forceSum in boxOfActin.MyoRod@35f472ff
Crazy forceSum in boxOfActin.MyoRod@1ec17122
Crazy forceSum in boxOfActin.MyoRod@131dabb9
Crazy forceSum in boxOfActin.MyoRod@7710e923
Crazy forceSum in boxOfActin.MyoRod@61e51eb4
Crazy forceSum in boxOfActin.MyoRod@74b83bcb
Crazy forceSum in boxOfActin.MyoRod@a061686
Crazy forceSum in boxOfActin.MyoRod@7a2faf14
Crazy forceSum in boxOfActin.MyoRod@33761e5b
collisionTime = 0.0
myosinTime = 0.0

*** step() per-force profile (BOA_STEP_PROFILE=1) ***
  Force                                     sec    pct          calls      ns/call
  F1/F2  FilSeg boundary collision        4.807   7.8%       31315128          154
  F3     FilSeg chain link spring        16.637  27.2%       31315128          531
  F4     FilSeg chain torsion spring      4.742   7.7%       31315128          151
  F5/F6  FilSeg node tether               0.684   1.1%       31315128           22
  F7     MyoMini boundary collision       1.774   2.9%        5279997          336
  F8-F10 MyoMotor tipLink (motor-fil)    32.604  53.2%      168959904          193
  TOTAL (sum of buckets)                 61.247
  Note: bucket sums are wall × thread-count (each worker accumulates its own time).
[STATS] bindEvents=52612
[STATS] filLinks=3871 (active=3871 inactive=844)
[STATS] linkCtMean=2732.17 (samples=660) linkCtMeanSettled=3623.64 (samples=335) finalActive=3871
[STATS] filFilBroadphase active=false filsegMeshFillSkipped=0 candPairs=0 candMaxPerSeg=0 overflowSegs=0 drainCalls=0
[STATS] fActin segs=47706 monomers=3330665 fActinUM=1.73 meanSegLenUM=0.191 freePoolUM=18.27
[STATS] mem usedHeapMB=8989.3 maxHeapMB=25769.8
[STATS] percolation filaments=8000 activeLinks=3027 linksPerFil=0.378 largestComp=8 (0.1% of fils) spanX=0.06 spanY=0.07 spanZ=0.78 spanFrac=0.07 percolates=false

*** [STEP_PROFILE] window=[300,660) steps=360 path=CPU wall=116508.5ms (323.6346 ms/step) ***
  --- every-step phases (ms/step) ---
    exec                  0.00000  (n/a CPU)
    pack                  0.00000  (n/a CPU)
    crosslinkForce        1.73889
    meshFill              5.99722
    cpuIntegrate         52.29167
      step               40.35556
      gatherForces       25.31111
      brownian           25.20278
  --- biochem-cadence phases (amortized ms/step | per-fire ms | fires) ---
    crosslinkFormation    0.00000 |   0.0000 | 3
    biochem               8.48611 |   8.4861 | 360
    sync                  0.00000 |   0.0000 | 0
  --- 'other' decomposition (ms/step) ---
    jointsCpu            53.74055
    motorFilCol          50.02778
    recompute            22.61348
    resetCt              19.88333
    moveDrains            0.00000  (n/a CPU)
    membrane              1.48068
    safepoint             0.00532
    output                0.00086
    cleanup              14.40833
    cleanupTail           0.00764
    gc(of residual)       0.01944  [subset of otherResidual: JVM GC pauses]
  --- totals (ms/step) ---
    total(wall)         323.63459
    host(=tot-exec)     323.63459
    otherResidual         2.08327  (of which gc=0.0194, non-gc=2.0638)

[STATS] checkBugInsideFireCt=0
[STATS] addLinkForcesFireCt=0
[STATS] addTorsionFireCt=0
[STATS] meshFillFilSegFireCt=0
[STATS] meshAllSegsFireCt=0
[STATS] mbg3dFillFilSegFireCt=0
[STATS] updatePosFromBindFireCt=0
[STATS] updatePosFromStepFireCt=0
[STATS] validateSegFireCt=0
[STATS] anchorFireCt=0
[STATS] filSegInitFireCt=0
[STATS] motorInitFireCt=0
[STATS] meanBoundMotors=1552.344
ThingStep Threads took 95.685000 seconds.
ThingBrownian Threads took 16.312000 seconds.
Myosin Threads took 18.835000 seconds.
MyoDimer Threads took 10.978000 seconds.
Protein Node Threads took 0.000000 seconds.
MyoMiniFil Threads took 5.537000 seconds.
Chamber Myo Threads took 0.000000 seconds.
Chamber MyoDimer Threads took 0.000000 seconds.
Mesh Threads took 2.366000 seconds.
Ck Mesh Threads took 1.063000 seconds.
Ck Mots Threads took 26.878000 seconds.
XLink Threads took 0.502000 seconds.
Arp23 Threads took 0.000000 seconds.
NodeLink Threads took 0.000000 seconds.
Membrane Node Threads took 0.000000 seconds.
ActA Threads took 0.000000 seconds.
MotorBindGrid3D Fill took 5.795000 seconds.
Finished closing JSON plots!
