[TELEPORT_DIAG] enabled=false threshold=0.1
Loading parameter values from /home/jba/Code/BoA/RUN_LOGS/2026-06-08_scaling_study/16x_cpu_K1.pf...
     Parameter assigned: deltaT set to 1.0E-5
     Parameter assigned: biochemDeltaT set to 0.01
     Parameter assigned: collisionDeltaT set to 1.0E-5
     Parameter assigned: brownianDeltaT set to 1.0E-5
     Parameter assigned: runTime set to 0.002
     Parameter assigned: toFileInterval set to 5000
     Parameter assigned: remoteWriteInterval set to 1000
     Parameter assigned: fracMove set to 0.5
     Parameter assigned: fracR set to 0.1
     Parameter assigned: fracMoveTorq set to 0.2
     Parameter assigned: boxXDim set to 56.0
     Parameter assigned: boxYDim set to 56.0
     Parameter assigned: boxZDim set to 0.5
     Parameter assigned: aeta set to 0.1
     Parameter assigned: noMonomersSimd set to true
     Parameter assigned: kRdmNuc set to 0.0
     Parameter assigned: kNodeNuc set to 0.0
     Parameter assigned: initialFilaments set to 6400
     Parameter assigned: minFilLength set to 1.0
     Parameter assigned: maxFilLength set to 3.0
     Parameter assigned: initialMyoMiniFils set to 0
     Parameter assigned: equilNodes set to 0
     Parameter assigned: glidingAssay set to true
     Parameter assigned: externalDensitySweep set to true
     Parameter assigned: fixedMyosinDensity set to 500.0
     Parameter assigned: fixedMyosinZValue set to -0.05
     Parameter assigned: glidingFilamentLength set to 2.0
     Parameter assigned: filSegLength set to 64
Done... there were 0 misunderstandings.
**************************************************************
Eulerian Mesh stats:
nXBins = 281; xBinWidth = 0.2 µm
nYBins = 281; yBinWidth = 0.2 µm
binDepth = 1000
**************************************************************
MotorBindGrid3D: 281 x 281 x 4 cells (0.2 µm each)
[18:53] [phase-plan] inert-wave cull — ThreadSet activation snapshot:
[18:53]   ON   ThingStep Threads
[18:53]   ON   ThingBrownian Threads
[18:53]   ON   Myosin Threads
[18:53]   OFF  MyoDimer Threads
[18:53]   OFF  Protein Node Threads
[18:53]   OFF  MyoMiniFil Threads
[18:53]   OFF  Chamber Myo Threads
[18:53]   OFF  Chamber MyoDimer Threads
[18:53]   ON   Mesh Threads
[18:53]   ON   Ck Mesh Threads
[18:53]   ON   Ck Mots Threads
[18:53]   OFF  XLink Threads
[18:53]   OFF  Arp23 Threads
[18:53]   OFF  NodeLink Threads
[18:53]   OFF  Membrane Node Threads
[18:53]   OFF  ActA Threads
[18:53]   ON   MotorBindGrid3D Fill
[18:53] [phase-plan] 7 active, 10 inert (will skip dispatch)

Exception: java.lang.OutOfMemoryError thrown from the UncaughtExceptionHandler in thread "Thread-15"
Exception in VM (AttachListener::init) : 
java.lang.OutOfMemoryError: Java heap space
Exception in VM (AttachListener::init) : 
java.lang.OutOfMemoryError: Java heap space
2026-06-08 18:56:28
Full thread dump OpenJDK 64-Bit Server VM (21.0.11+10-1-22.04.2-Ubuntu mixed mode, sharing):

Threads class SMR info:
_java_thread_list=0x00007f90780025b0, length=266, elements={
0x00007f91880e8960, 0x00007f91880e9ef0, 0x00007f91880eb7d0, 0x00007f91880ece30,
0x00007f91880ee3f0, 0x00007f91880effd0, 0x00007f91880f16b0, 0x00007f91880fdbb0,
0x00007f9188101230, 0x00007f91881af110, 0x00007f91881b0a10, 0x00007f91881b1bb0,
0x00007f91881b2de0, 0x00007f91881b42a0, 0x00007f91881b5ec0, 0x00007f91881b7110,
0x00007f91881b8360, 0x00007f91881b95c0, 0x00007f91881ba820, 0x00007f91881bba90,
0x00007f91881bcd00, 0x00007f91881bdeb0, 0x00007f91881bf450, 0x00007f91881c0ad0,
0x00007f91881c3e20, 0x00007f91881c4d70, 0x00007f91881c6200, 0x00007f91881c7680,
0x00007f91881c8fb0, 0x00007f91881ca660, 0x00007f91881cbbf0, 0x00007f91881cd2b0,
0x00007f91881ce980, 0x00007f91881d0050, 0x00007f91881d15e0, 0x00007f91881d2b70,
0x00007f91881d4100, 0x00007f91881d57f0, 0x00007f91881d6ef0, 0x00007f91881d85f0,
0x00007f91881dc6c0, 0x00007f91881dad50, 0x00007f91881dda00, 0x00007f91881ded30,
0x00007f91881e06e0, 0x00007f91881e1e10, 0x00007f91881e3550, 0x00007f91881e4c10,
0x00007f91881e6300, 0x00007f91881e7a20, 0x00007f91881e8fc0, 0x00007f91881ea560,
0x00007f91881ebaf0, 0x00007f91881ed260, 0x00007f91881ee9e0, 0x00007f91881f0160,
0x00007f91881f1eb0, 0x00007f91881f3150, 0x00007f91881f46e0, 0x00007f91881f5c70,
0x00007f91881f72b0, 0x00007f91881f8670, 0x00007f91881f9e30, 0x00007f91881fb5f0,
0x00007f91881fcdc0, 0x00007f91881fe590, 0x00007f91881ffb20, 0x00007f9188201300,
0x00007f9188202af0, 0x00007f91882042e0, 0x00007f9188205ae0, 0x00007f91882072e0,
0x00007f9188209940, 0x00007f918820a5e0, 0x00007f918820e3f0, 0x00007f918820f820,
0x00007f91882109b0, 0x00007f9188211df0, 0x00007f9188212f90, 0x00007f91882143e0,
0x00007f9188215c30, 0x00007f9188217480, 0x00007f9188218a10, 0x00007f918821a270,
0x00007f918821b800, 0x00007f918821d070, 0x00007f918821e8f0, 0x00007f9188220170,
0x00007f91882fded0, 0x00007f91882fed30, 0x00007f91882ed930, 0x00007f91882eebe0,
0x00007f9188304f00, 0x00007f91883063c0, 0x00007f9188327520, 0x00007f91883289f0,
0x00007f9188329b90, 0x00007f918832b070, 0x00007f918832c210, 0x00007f918832d380,
0x00007f918832e2a0, 0x00007f918832f3d0, 0x00007f9188330cc0, 0x00007f9188332250,
0x00007f9188334080, 0x00007f9188335160, 0x00007f9188336a70, 0x00007f9188338000,
0x00007f9188339920, 0x00007f918833b130, 0x00007f918833ca60, 0x00007f918833d9f0,
0x00007f918833e400, 0x00007f918833fd20, 0x00007f9188340ec0, 0x00007f9188342420,
0x00007f91883435f0, 0x00007f9188344fa0, 0x00007f9188346910, 0x00007f9188348280,
0x00007f918834e680, 0x00007f918834fcf0, 0x00007f91883514b0, 0x00007f9188352a50,
0x00007f9188353fe0, 0x00007f9188355980, 0x00007f9188357650, 0x00007f9188359000,
0x00007f918835a5a0, 0x00007f918835bb70, 0x00007f918835d110, 0x00007f918835e6b0,
0x00007f918835fc60, 0x00007f9188360e50, 0x00007f9188362000, 0x00007f91883631b0,
0x00007f9188364760, 0x00007f9188365dd0, 0x00007f9188367370, 0x00007f9188368910,
0x00007f9188369ec0, 0x00007f918836b470, 0x00007f918836cc90, 0x00007f918836e230,
0x00007f918836f7e0, 0x00007f9188370d90, 0x00007f9188372330, 0x00007f91883738d0,
0x00007f9188374e80, 0x00007f9188376430, 0x00007f91883779d0, 0x00007f9188378f70,
0x00007f918837a520, 0x00007f918837bc30, 0x00007f918837d1d0, 0x00007f918837e770,
0x00007f918837fd10, 0x00007f91883812b0, 0x00007f9188382ae0, 0x00007f9188384090,
0x00007f9188385630, 0x00007f9188386bd0, 0x00007f9188388180, 0x00007f9188389730,
0x00007f918838acd0, 0x00007f918838c270, 0x00007f918838d810, 0x00007f918838edb0,
0x00007f91882f5f80, 0x00007f91882f6690, 0x00007f91882f7310, 0x00007f91882f7a20,
0x00007f91882f86b0, 0x00007f91882f8dc0, 0x00007f91882f9a60, 0x00007f91882fa710,
0x00007f91882fb3c0, 0x00007f91882fc080, 0x00007f91882fcd40, 0x00007f9188306e60,
0x00007f9188307b30, 0x00007f9188308810, 0x00007f91883094f0, 0x00007f918830a370,
0x00007f918830b960, 0x00007f918830ce50, 0x00007f918830dfe0, 0x00007f918830f5f0,
0x00007f9188310b20, 0x00007f9188312140, 0x00007f9188313660, 0x00007f9188314f10,
0x00007f9188316540, 0x00007f9188317b50, 0x00007f9188319050, 0x00007f918831a5d0,
0x00007f918831bb70, 0x00007f918831d1d0, 0x00007f918831e6d0, 0x00007f918831fd20,
0x00007f91883217d0, 0x00007f91883232f0, 0x00007f9188324540, 0x00007f9188325af0,
0x00007f91883a12b0, 0x00007f91883a2450, 0x00007f91883a39f0, 0x00007f91883a5220,
0x00007f91883a67d0, 0x00007f91883a7d70, 0x00007f91883a9310, 0x00007f91883aa8c0,
0x00007f91883abe70, 0x00007f91883ad410, 0x00007f91883ae5d0, 0x00007f91883af780,
0x00007f91883b13f0, 0x00007f91883b27f0, 0x00007f91883b3ad0, 0x00007f91883b4bb0,
0x00007f91883b7320, 0x00007f91883b86f0, 0x00007f91883b7fe0, 0x00007f91883b9570,
0x00007f91883bad80, 0x00007f91883bc320, 0x00007f91883bd8c0, 0x00007f91883bee70,
0x00007f91883c0400, 0x00007f91883c19a0, 0x00007f91883c2f40, 0x00007f91883c44f0,
0x00007f91883c83f0, 0x00007f91883c7720, 0x00007f91883c9520, 0x00007f91883cb1b0,
0x00007f91883cbee0, 0x00007f91883cd480, 0x00007f91883cea20, 0x00007f91883cffd0,
0x00007f91883d17e0, 0x00007f91883d2d80, 0x00007f91883d4320, 0x00007f91883d58d0,
0x00007f91883d6e60, 0x00007f91883d8400, 0x00007f91883d99a0, 0x00007f91883daf50,
0x00007f91883de280, 0x00007f91883dda80, 0x00007f91883df1c0, 0x00007f91883e0770,
0x00007f91883e1d00, 0x00007f91883e32a0, 0x00007f91883e4840, 0x00007f91883e5df0,
0x00007f91883e7720, 0x00007f91883e8cc0, 0x00007f91883ea250, 0x00007f91883eb7f0,
0x00007f91883ec9a0, 0x00007f91883edf50, 0x00007f91883ef4e0, 0x00007f91883f0690,
0x00007f91883fc900, 0x00007f9188020450
}

"Reference Handler" #9 [1076427] daemon prio=10 os_prio=0 cpu=1.36ms elapsed=205.07s tid=0x00007f91880e8960 nid=1076427 waiting on condition  [0x00007f918c29d000]
   java.lang.Thread.State: RUNNABLE
	at java.lang.ref.Reference.waitForReferencePendingList(java.base@21.0.11/Native Method)
	at java.lang.ref.Reference.processPendingReferences(java.base@21.0.11/Reference.java:246)
	at java.lang.ref.Reference$ReferenceHandler.run(java.base@21.0.11/Reference.java:208)

"Finalizer" #10 [1076428] daemon prio=8 os_prio=0 cpu=0.12ms elapsed=205.07s tid=0x00007f91880e9ef0 nid=1076428 in Object.wait()  [0x00007f918c19d000]
   java.lang.Thread.State: WAITING (on object monitor)
	at java.lang.Object.wait0(java.base@21.0.11/Native Method)
	- waiting on <0x000000013861e840> (a java.lang.ref.NativeReferenceQueue$Lock)
	at java.lang.Object.wait(java.base@21.0.11/Object.java:366)
	at java.lang.Object.wait(java.base@21.0.11/Object.java:339)
	at java.lang.ref.NativeReferenceQueue.await(java.base@21.0.11/NativeReferenceQueue.java:48)
	at java.lang.ref.ReferenceQueue.remove0(java.base@21.0.11/ReferenceQueue.java:158)
	at java.lang.ref.NativeReferenceQueue.remove(java.base@21.0.11/NativeReferenceQueue.java:89)
	- locked <0x000000013861e840> (a java.lang.ref.NativeReferenceQueue$Lock)
	at java.lang.ref.Finalizer$FinalizerThread.run(java.base@21.0.11/Finalizer.java:173)

"Signal Dispatcher" #11 [1076429] daemon prio=9 os_prio=0 cpu=0.43ms elapsed=205.07s tid=0x00007f91880eb7d0 nid=1076429 waiting on condition  [0x0000000000000000]
   java.lang.Thread.State: RUNNABLE

"Service Thread" #12 [1076430] daemon prio=9 os_prio=0 cpu=2.65ms elapsed=205.07s tid=0x00007f91880ece30 nid=1076430 runnable  [0x0000000000000000]
   java.lang.Thread.State: RUNNABLE

"Monitor Deflation Thread" #13 [1076431] daemon prio=9 os_prio=0 cpu=12.53ms elapsed=205.07s tid=0x00007f91880ee3f0 nid=1076431 runnable  [0x0000000000000000]
   java.lang.Thread.State: RUNNABLE

"C2 CompilerThread0" #14 [1076432] daemon prio=9 os_prio=0 cpu=2497.52ms elapsed=205.07s tid=0x00007f91880effd0 nid=1076432 waiting on condition  [0x0000000000000000]
   java.lang.Thread.State: RUNNABLE
   No compile task

"C1 CompilerThread0" #22 [1076433] daemon prio=9 os_prio=0 cpu=165.05ms elapsed=205.07s tid=0x00007f91880f16b0 nid=1076433 waiting on condition  [0x0000000000000000]
   java.lang.Thread.State: RUNNABLE
   No compile task

"Notification Thread" #26 [1076434] daemon prio=9 os_prio=0 cpu=0.06ms elapsed=205.07s tid=0x00007f91880fdbb0 nid=1076434 runnable  [0x0000000000000000]
   java.lang.Thread.State: RUNNABLE

"Common-Cleaner" #27 [1076435] daemon prio=8 os_prio=0 cpu=2.42ms elapsed=205.07s tid=0x00007f9188101230 nid=1076435 waiting on condition  [0x00007f914cd66000]
   java.lang.Thread.State: TIMED_WAITING (parking)
	at jdk.internal.misc.Unsafe.park(java.base@21.0.11/Native Method)
	at java.util.concurrent.locks.AbstractQueuedSynchronizer$ConditionObject.newConditionNode(java.base@21.0.11/AbstractQueuedSynchronizer.java:1668)
	at java.util.concurrent.locks.AbstractQueuedSynchronizer$ConditionObject.await(java.base@21.0.11/AbstractQueuedSynchronizer.java:1873)
	at java.lang.ref.ReferenceQueue.await(java.base@21.0.11/ReferenceQueue.java:71)
	at java.lang.ref.ReferenceQueue.remove0(java.base@21.0.11/ReferenceQueue.java:143)
	at java.lang.ref.ReferenceQueue.remove(java.base@21.0.11/ReferenceQueue.java:218)
	at jdk.internal.ref.CleanerImpl.run(java.base@21.0.11/CleanerImpl.java:140)
	at java.lang.Thread.runWith(java.base@21.0.11/Thread.java:1596)
	at java.lang.Thread.run(java.base@21.0.11/Thread.java:1583)
	at jdk.internal.misc.InnocuousThread.run(java.base@21.0.11/InnocuousThread.java:186)

"Thread-0" #28 [1076439] daemon prio=5 os_prio=0 cpu=3120.96ms elapsed=204.97s tid=0x00007f91881af110 nid=1076439 in Object.wait()  [0x00007f914c687000]
   java.lang.Thread.State: WAITING (on object monitor)
	at java.lang.Object.wait0(java.base@21.0.11/Native Method)
	- waiting on <no object reference available>
	at java.lang.Object.wait(java.base@21.0.11/Object.java:366)
	at java.lang.Object.wait(java.base@21.0.11/Object.java:339)
	at boxOfActin.Barrier.threadDone(Barrier.java:40)
	- locked <0x00000001386908d0> (a java.lang.Object)
	at boxOfActin.ThreadSet.done(ThreadSet.java:54)
	at boxOfActin.ThreadSet$ThreadSpawn.run(ThreadSet.java:41)

"Thread-1" #29 [1076440] daemon prio=5 os_prio=0 cpu=2386.14ms elapsed=204.97s tid=0x00007f91881b0a10 nid=1076440 in Object.wait()  [0x00007f914c587000]
   java.lang.Thread.State: WAITING (on object monitor)
	at java.lang.Object.wait0(java.base@21.0.11/Native Method)
	- waiting on <no object reference available>
	at java.lang.Object.wait(java.base@21.0.11/Object.java:366)
	at java.lang.Object.wait(java.base@21.0.11/Object.java:339)
	at boxOfActin.Barrier.threadDone(Barrier.java:40)
	- locked <0x00000001386908d0> (a java.lang.Object)
	at boxOfActin.ThreadSet.done(ThreadSet.java:54)
	at boxOfActin.ThreadSet$ThreadSpawn.run(ThreadSet.java:41)

"Thread-2" #30 [1076441] daemon prio=5 os_prio=0 cpu=2343.75ms elapsed=204.97s tid=0x00007f91881b1bb0 nid=1076441 in Object.wait()  [0x00007f914c487000]
   java.lang.Thread.State: WAITING (on object monitor)
	at java.lang.Object.wait0(java.base@21.0.11/Native Method)
	- waiting on <no object reference available>
	at java.lang.Object.wait(java.base@21.0.11/Object.java:366)
	at java.lang.Object.wait(java.base@21.0.11/Object.java:339)
	at boxOfActin.Barrier.threadDone(Barrier.java:40)
	- locked <0x00000001386908d0> (a java.lang.Object)
	at boxOfActin.ThreadSet.done(ThreadSet.java:54)
	at boxOfActin.ThreadSet$ThreadSpawn.run(ThreadSet.java:41)

"Thread-3" #31 [1076442] daemon prio=5 os_prio=0 cpu=2370.25ms elapsed=204.97s tid=0x00007f91881b2de0 nid=1076442 in Object.wait()  [0x00007f914c387000]
   java.lang.Thread.State: WAITING (on object monitor)
	at java.lang.Object.wait0(java.base@21.0.11/Native Method)
	- waiting on <no object reference available>
	at java.lang.Object.wait(java.base@21.0.11/Object.java:366)
	at java.lang.Object.wait(java.base@21.0.11/Object.java:339)
	at boxOfActin.Barrier.threadDone(Barrier.java:40)
	- locked <0x00000001386908d0> (a java.lang.Object)
	at boxOfActin.ThreadSet.done(ThreadSet.java:54)
	at boxOfActin.ThreadSet$ThreadSpawn.run(ThreadSet.java:41)

"Thread-4" #32 [1076443] daemon prio=5 os_prio=0 cpu=2284.81ms elapsed=204.97s tid=0x00007f91881b42a0 nid=1076443 in Object.wait()  [0x00007f914c287000]
   java.lang.Thread.State: WAITING (on object monitor)
	at java.lang.Object.wait0(java.base@21.0.11/Native Method)
	- waiting on <no object reference available>
	at java.lang.Object.wait(java.base@21.0.11/Object.java:366)
	at java.lang.Object.wait(java.base@21.0.11/Object.java:339)
	at boxOfActin.Barrier.threadDone(Barrier.java:40)
	- locked <0x00000001386908d0> (a java.lang.Object)
	at boxOfActin.ThreadSet.done(ThreadSet.java:54)
	at boxOfActin.ThreadSet$ThreadSpawn.run(ThreadSet.java:41)

"Thread-5" #33 [1076444] daemon prio=5 os_prio=0 cpu=2352.64ms elapsed=204.97s tid=0x00007f91881b5ec0 nid=1076444 in Object.wait()  [0x00007f914c187000]
   java.lang.Thread.State: WAITING (on object monitor)
	at java.lang.Object.wait0(java.base@21.0.11/Native Method)
	- waiting on <no object reference available>
	at java.lang.Object.wait(java.base@21.0.11/Object.java:366)
	at java.lang.Object.wait(java.base@21.0.11/Object.java:339)
	at boxOfActin.Barrier.threadDone(Barrier.java:40)
	- locked <0x00000001386908d0> (a java.lang.Object)
	at boxOfActin.ThreadSet.done(ThreadSet.java:54)
	at boxOfActin.ThreadSet$ThreadSpawn.run(ThreadSet.java:41)

"Thread-6" #34 [1076445] daemon prio=5 os_prio=0 cpu=2372.11ms elapsed=204.97s tid=0x00007f91881b7110 nid=1076445 in Object.wait()  [0x00007f913dffe000]
   java.lang.Thread.State: WAITING (on object monitor)
	at java.lang.Object.wait0(java.base@21.0.11/Native Method)
	- waiting on <no object reference available>
	at java.lang.Object.wait(java.base@21.0.11/Object.java:366)
	at java.lang.Object.wait(java.base@21.0.11/Object.java:339)
	at boxOfActin.Barrier.threadDone(Barrier.java:40)
	- locked <0x00000001386908d0> (a java.lang.Object)
	at boxOfActin.ThreadSet.done(ThreadSet.java:54)
	at boxOfActin.ThreadSet$ThreadSpawn.run(ThreadSet.java:41)

"Thread-7" #35 [1076446] daemon prio=5 os_prio=0 cpu=2368.31ms elapsed=204.97s tid=0x00007f91881b8360 nid=1076446 in Object.wait()  [0x00007f913defe000]
   java.lang.Thread.State: WAITING (on object monitor)
	at java.lang.Object.wait0(java.base@21.0.11/Native Method)
	- waiting on <no object reference available>
	at java.lang.Object.wait(java.base@21.0.11/Object.java:366)
	at java.lang.Object.wait(java.base@21.0.11/Object.java:339)
	at boxOfActin.Barrier.threadDone(Barrier.java:40)
	- locked <0x00000001386908d0> (a java.lang.Object)
	at boxOfActin.ThreadSet.done(ThreadSet.java:54)
	at boxOfActin.ThreadSet$ThreadSpawn.run(ThreadSet.java:41)

"Thread-8" #36 [1076447] daemon prio=5 os_prio=0 cpu=2282.82ms elapsed=204.97s tid=0x00007f91881b95c0 nid=1076447 in Object.wait()  [0x00007f913ddfe000]
   java.lang.Thread.State: WAITING (on object monitor)
	at java.lang.Object.wait0(java.base@21.0.11/Native Method)
	- waiting on <no object reference available>
	at java.lang.Object.wait(java.base@21.0.11/Object.java:366)
	at java.lang.Object.wait(java.base@21.0.11/Object.java:339)
	at boxOfActin.Barrier.threadDone(Barrier.java:40)
	- locked <0x00000001386908d0> (a java.lang.Object)
	at boxOfActin.ThreadSet.done(ThreadSet.java:54)
	at boxOfActin.ThreadSet$ThreadSpawn.run(ThreadSet.java:41)

"Thread-9" #37 [1076448] daemon prio=5 os_prio=0 cpu=2332.10ms elapsed=204.97s tid=0x00007f91881ba820 nid=1076448 in Object.wait()  [0x00007f913dcfe000]
   java.lang.Thread.State: WAITING (on object monitor)
	at java.lang.Object.wait0(java.base@21.0.11/Native Method)
	- waiting on <no object reference available>
	at java.lang.Object.wait(java.base@21.0.11/Object.java:366)
	at java.lang.Object.wait(java.base@21.0.11/Object.java:339)
	at boxOfActin.Barrier.threadDone(Barrier.java:40)
	- locked <0x00000001386908d0> (a java.lang.Object)
	at boxOfActin.ThreadSet.done(ThreadSet.java:54)
	at boxOfActin.ThreadSet$ThreadSpawn.run(ThreadSet.java:41)

"Thread-10" #38 [1076449] daemon prio=5 os_prio=0 cpu=2337.70ms elapsed=204.97s tid=0x00007f91881bba90 nid=1076449 in Object.wait()  [0x00007f913dbfe000]
   java.lang.Thread.State: WAITING (on object monitor)
	at java.lang.Object.wait0(java.base@21.0.11/Native Method)
	- waiting on <no object reference available>
	at java.lang.Object.wait(java.base@21.0.11/Object.java:366)
	at java.lang.Object.wait(java.base@21.0.11/Object.java:339)
	at boxOfActin.Barrier.threadDone(Barrier.java:40)
	- locked <0x00000001386908d0> (a java.lang.Object)
	at boxOfActin.ThreadSet.done(ThreadSet.java:54)
	at boxOfActin.ThreadSet$ThreadSpawn.run(ThreadSet.java:41)

"Thread-11" #39 [1076450] daemon prio=5 os_prio=0 cpu=2244.25ms elapsed=204.97s tid=0x00007f91881bcd00 nid=1076450 in Object.wait()  [0x00007f913dafe000]
   java.lang.Thread.State: WAITING (on object monitor)
	at java.lang.Object.wait0(java.base@21.0.11/Native Method)
	- waiting on <no object reference available>
	at java.lang.Object.wait(java.base@21.0.11/Object.java:366)
	at java.lang.Object.wait(java.base@21.0.11/Object.java:339)
	at boxOfActin.Barrier.threadDone(Barrier.java:40)
	- locked <0x00000001386908d0> (a java.lang.Object)
	at boxOfActin.ThreadSet.done(ThreadSet.java:54)
	at boxOfActin.ThreadSet$ThreadSpawn.run(ThreadSet.java:41)

"Thread-12" #40 [1076451] daemon prio=5 os_prio=0 cpu=2386.70ms elapsed=204.97s tid=0x00007f91881bdeb0 nid=1076451 in Object.wait()  [0x00007f913d9fe000]
   java.lang.Thread.State: WAITING (on object monitor)
	at java.lang.Object.wait0(java.base@21.0.11/Native Method)
	- waiting on <no object reference available>
	at java.lang.Object.wait(java.base@21.0.11/Object.java:366)
	at java.lang.Object.wait(java.base@21.0.11/Object.java:339)
	at boxOfActin.Barrier.threadDone(Barrier.java:40)
	- locked <0x00000001386908d0> (a java.lang.Object)
	at boxOfActin.ThreadSet.done(ThreadSet.java:54)
	at boxOfActin.ThreadSet$ThreadSpawn.run(ThreadSet.java:41)

"Thread-13" #41 [1076452] daemon prio=5 os_prio=0 cpu=2350.03ms elapsed=204.97s tid=0x00007f91881bf450 nid=1076452 in Object.wait()  [0x00007f913d8fe000]
   java.lang.Thread.State: WAITING (on object monitor)
	at java.lang.Object.wait0(java.base@21.0.11/Native Method)
	- waiting on <no object reference available>
	at java.lang.Object.wait(java.base@21.0.11/Object.java:366)
	at java.lang.Object.wait(java.base@21.0.11/Object.java:339)
	at boxOfActin.Barrier.threadDone(Barrier.java:40)
	- locked <0x00000001386908d0> (a java.lang.Object)
	at boxOfActin.ThreadSet.done(ThreadSet.java:54)
	at boxOfActin.ThreadSet$ThreadSpawn.run(ThreadSet.java:41)

"Thread-14" #42 [1076453] daemon prio=5 os_prio=0 cpu=2371.45ms elapsed=204.97s tid=0x00007f91881c0ad0 nid=1076453 in Object.wait()  [0x00007f913d7fe000]
   java.lang.Thread.State: WAITING (on object monitor)
	at java.lang.Object.wait0(java.base@21.0.11/Native Method)
	- waiting on <no object reference available>
	at java.lang.Object.wait(java.base@21.0.11/Object.java:366)
	at java.lang.Object.wait(java.base@21.0.11/Object.java:339)
	at boxOfActin.Barrier.threadDone(Barrier.java:40)
	- locked <0x00000001386908d0> (a java.lang.Object)
	at boxOfActin.ThreadSet.done(ThreadSet.java:54)
	at boxOfActin.ThreadSet$ThreadSpawn.run(ThreadSet.java:41)

"Thread-16" #44 [1076455] daemon prio=5 os_prio=0 cpu=2109.60ms elapsed=204.97s tid=0x00007f91881c3e20 nid=1076455 in Object.wait()  [0x00007f913d5fe000]
   java.lang.Thread.State: WAITING (on object monitor)
	at java.lang.Object.wait0(java.base@21.0.11/Native Method)
	- waiting on <no object reference available>
	at java.lang.Object.wait(java.base@21.0.11/Object.java:366)
	at java.lang.Object.wait(java.base@21.0.11/Object.java:339)
	at boxOfActin.Barrier.threadDone(Barrier.java:49)
	- locked <0x000000013861ebd8> (a java.lang.Object)
	at boxOfActin.ThreadSet.done(ThreadSet.java:54)
	at boxOfActin.ThreadSet$ThreadSpawn.run(ThreadSet.java:41)

"Thread-17" #45 [1076456] daemon prio=5 os_prio=0 cpu=2189.93ms elapsed=204.97s tid=0x00007f91881c4d70 nid=1076456 in Object.wait()  [0x00007f913d4fe000]
   java.lang.Thread.State: WAITING (on object monitor)
	at java.lang.Object.wait0(java.base@21.0.11/Native Method)
	- waiting on <no object reference available>
	at java.lang.Object.wait(java.base@21.0.11/Object.java:366)
	at java.lang.Object.wait(java.base@21.0.11/Object.java:339)
	at boxOfActin.Barrier.threadDone(Barrier.java:49)
	- locked <0x000000013861ebd8> (a java.lang.Object)
	at boxOfActin.ThreadSet.done(ThreadSet.java:54)
	at boxOfActin.ThreadSet$ThreadSpawn.run(ThreadSet.java:41)

"Thread-18" #46 [1076457] daemon prio=5 os_prio=0 cpu=2188.41ms elapsed=204.97s tid=0x00007f91881c6200 nid=1076457 in Object.wait()  [0x00007f913d3fe000]
   java.lang.Thread.State: WAITING (on object monitor)
	at java.lang.Object.wait0(java.base@21.0.11/Native Method)
	- waiting on <no object reference available>
	at java.lang.Object.wait(java.base@21.0.11/Object.java:366)
	at java.lang.Object.wait(java.base@21.0.11/Object.java:339)
	at boxOfActin.Barrier.threadDone(Barrier.java:49)
	- locked <0x000000013861ebd8> (a java.lang.Object)
	at boxOfActin.ThreadSet.done(ThreadSet.java:54)
	at boxOfActin.ThreadSet$ThreadSpawn.run(ThreadSet.java:41)

"Thread-19" #47 [1076458] daemon prio=5 os_prio=0 cpu=2089.11ms elapsed=204.97s tid=0x00007f91881c7680 nid=1076458 in Object.wait()  [0x00007f913d2fe000]
   java.lang.Thread.State: WAITING (on object monitor)
	at java.lang.Object.wait0(java.base@21.0.11/Native Method)
	- waiting on <no object reference available>
	at java.lang.Object.wait(java.base@21.0.11/Object.java:366)
	at java.lang.Object.wait(java.base@21.0.11/Object.java:339)
	at boxOfActin.Barrier.threadDone(Barrier.java:49)
	- locked <0x000000013861ebd8> (a java.lang.Object)
	at boxOfActin.ThreadSet.done(ThreadSet.java:54)
	at boxOfActin.ThreadSet$ThreadSpawn.run(ThreadSet.java:41)

"Thread-20" #48 [1076459] daemon prio=5 os_prio=0 cpu=2222.97ms elapsed=204.97s tid=0x00007f91881c8fb0 nid=1076459 in Object.wait()  [0x00007f913d1fe000]
   java.lang.Thread.State: WAITING (on object monitor)
	at java.lang.Object.wait0(java.base@21.0.11/Native Method)
	- waiting on <no object reference available>
	at java.lang.Object.wait(java.base@21.0.11/Object.java:366)
	at java.lang.Object.wait(java.base@21.0.11/Object.java:339)
	at boxOfActin.Barrier.threadDone(Barrier.java:49)
	- locked <0x000000013861ebd8> (a java.lang.Object)
	at boxOfActin.ThreadSet.done(ThreadSet.java:54)
	at boxOfActin.ThreadSet$ThreadSpawn.run(ThreadSet.java:41)

"Thread-21" #49 [1076460] daemon prio=5 os_prio=0 cpu=2188.77ms elapsed=204.97s tid=0x00007f91881ca660 nid=1076460 in Object.wait()  [0x00007f913d0fe000]
   java.lang.Thread.State: WAITING (on object monitor)
	at java.lang.Object.wait0(java.base@21.0.11/Native Method)
	- waiting on <no object reference available>
	at java.lang.Object.wait(java.base@21.0.11/Object.java:366)
	at java.lang.Object.wait(java.base@21.0.11/Object.java:339)
	at boxOfActin.Barrier.threadDone(Barrier.java:49)
	- locked <0x000000013861ebd8> (a java.lang.Object)
	at boxOfActin.ThreadSet.done(ThreadSet.java:54)
	at boxOfActin.ThreadSet$ThreadSpawn.run(ThreadSet.java:41)

"Thread-22" #50 [1076461] daemon prio=5 os_prio=0 cpu=2165.46ms elapsed=204.97s tid=0x00007f91881cbbf0 nid=1076461 in Object.wait()  [0x00007f913cffe000]
   java.lang.Thread.State: WAITING (on object monitor)
	at java.lang.Object.wait0(java.base@21.0.11/Native Method)
	- waiting on <no object reference available>
	at java.lang.Object.wait(java.base@21.0.11/Object.java:366)
	at java.lang.Object.wait(java.base@21.0.11/Object.java:339)
	at boxOfActin.Barrier.threadDone(Barrier.java:49)
	- locked <0x000000013861ebd8> (a java.lang.Object)
	at boxOfActin.ThreadSet.done(ThreadSet.java:54)
	at boxOfActin.ThreadSet$ThreadSpawn.run(ThreadSet.java:41)

"Thread-23" #51 [1076462] daemon prio=5 os_prio=0 cpu=2193.64ms elapsed=204.97s tid=0x00007f91881cd2b0 nid=1076462 in Object.wait()  [0x00007f913cefe000]
   java.lang.Thread.State: WAITING (on object monitor)
	at java.lang.Object.wait0(java.base@21.0.11/Native Method)
	- waiting on <no object reference available>
	at java.lang.Object.wait(java.base@21.0.11/Object.java:366)
	at java.lang.Object.wait(java.base@21.0.11/Object.java:339)
	at boxOfActin.Barrier.threadDone(Barrier.java:49)
	- locked <0x000000013861ebd8> (a java.lang.Object)
	at boxOfActin.ThreadSet.done(ThreadSet.java:54)
	at boxOfActin.ThreadSet$ThreadSpawn.run(ThreadSet.java:41)

"Thread-24" #52 [1076463] daemon prio=5 os_prio=0 cpu=2140.51ms elapsed=204.97s tid=0x00007f91881ce980 nid=1076463 in Object.wait()  [0x00007f913cdfe000]
   java.lang.Thread.State: WAITING (on object monitor)
	at java.lang.Object.wait0(java.base@21.0.11/Native Method)
	- waiting on <no object reference available>
	at java.lang.Object.wait(java.base@21.0.11/Object.java:366)
	at java.lang.Object.wait(java.base@21.0.11/Object.java:339)
	at boxOfActin.Barrier.threadDone(Barrier.java:49)
	- locked <0x000000013861ebd8> (a java.lang.Object)
	at boxOfActin.ThreadSet.done(ThreadSet.java:54)
	at boxOfActin.ThreadSet$ThreadSpawn.run(ThreadSet.java:41)

"Thread-25" #53 [1076464] daemon prio=5 os_prio=0 cpu=2190.48ms elapsed=204.97s tid=0x00007f91881d0050 nid=1076464 in Object.wait()  [0x00007f913ccfe000]
   java.lang.Thread.State: WAITING (on object monitor)
	at java.lang.Object.wait0(java.base@21.0.11/Native Method)
	- waiting on <no object reference available>
	at java.lang.Object.wait(java.base@21.0.11/Object.java:366)
	at java.lang.Object.wait(java.base@21.0.11/Object.java:339)
	at boxOfActin.Barrier.threadDone(Barrier.java:49)
	- locked <0x000000013861ebd8> (a java.lang.Object)
	at boxOfActin.ThreadSet.done(ThreadSet.java:54)
	at boxOfActin.ThreadSet$ThreadSpawn.run(ThreadSet.java:41)

"Thread-26" #54 [1076465] daemon prio=5 os_prio=0 cpu=2168.08ms elapsed=204.97s tid=0x00007f91881d15e0 nid=1076465 in Object.wait()  [0x00007f913cbfe000]
   java.lang.Thread.State: WAITING (on object monitor)
	at java.lang.Object.wait0(java.base@21.0.11/Native Method)
	- waiting on <no object reference available>
	at java.lang.Object.wait(java.base@21.0.11/Object.java:366)
	at java.lang.Object.wait(java.base@21.0.11/Object.java:339)
	at boxOfActin.Barrier.threadDone(Barrier.java:49)
	- locked <0x000000013861ebd8> (a java.lang.Object)
	at boxOfActin.ThreadSet.done(ThreadSet.java:54)
	at boxOfActin.ThreadSet$ThreadSpawn.run(ThreadSet.java:41)

"Thread-27" #55 [1076466] daemon prio=5 os_prio=0 cpu=2169.32ms elapsed=204.97s tid=0x00007f91881d2b70 nid=1076466 in Object.wait()  [0x00007f913cafe000]
   java.lang.Thread.State: WAITING (on object monitor)
	at java.lang.Object.wait0(java.base@21.0.11/Native Method)
	- waiting on <no object reference available>
	at java.lang.Object.wait(java.base@21.0.11/Object.java:366)
	at java.lang.Object.wait(java.base@21.0.11/Object.java:339)
	at boxOfActin.Barrier.threadDone(Barrier.java:49)
	- locked <0x000000013861ebd8> (a java.lang.Object)
	at boxOfActin.ThreadSet.done(ThreadSet.java:54)
	at boxOfActin.ThreadSet$ThreadSpawn.run(ThreadSet.java:41)

"Thread-28" #56 [1076467] daemon prio=5 os_prio=0 cpu=2077.62ms elapsed=204.97s tid=0x00007f91881d4100 nid=1076467 in Object.wait()  [0x00007f913c9fe000]
   java.lang.Thread.State: WAITING (on object monitor)
	at java.lang.Object.wait0(java.base@21.0.11/Native Method)
	- waiting on <no object reference available>
	at java.lang.Object.wait(java.base@21.0.11/Object.java:366)
	at java.lang.Object.wait(java.base@21.0.11/Object.java:339)
	at boxOfActin.Barrier.threadDone(Barrier.java:49)
	- locked <0x000000013861ebd8> (a java.lang.Object)
	at boxOfActin.ThreadSet.done(ThreadSet.java:54)
	at boxOfActin.ThreadSet$ThreadSpawn.run(ThreadSet.java:41)

"Thread-29" #57 [1076468] daemon prio=5 os_prio=0 cpu=2126.31ms elapsed=204.97s tid=0x00007f91881d57f0 nid=1076468 in Object.wait()  [0x00007f913c8fe000]
   java.lang.Thread.State: WAITING (on object monitor)
	at java.lang.Object.wait0(java.base@21.0.11/Native Method)
	- waiting on <no object reference available>
	at java.lang.Object.wait(java.base@21.0.11/Object.java:366)
	at java.lang.Object.wait(java.base@21.0.11/Object.java:339)
	at boxOfActin.Barrier.threadDone(Barrier.java:49)
	- locked <0x000000013861ebd8> (a java.lang.Object)
	at boxOfActin.ThreadSet.done(ThreadSet.java:54)
	at boxOfActin.ThreadSet$ThreadSpawn.run(ThreadSet.java:41)

"Thread-30" #58 [1076469] daemon prio=5 os_prio=0 cpu=2209.25ms elapsed=204.97s tid=0x00007f91881d6ef0 nid=1076469 in Object.wait()  [0x00007f913c7fe000]
   java.lang.Thread.State: WAITING (on object monitor)
	at java.lang.Object.wait0(java.base@21.0.11/Native Method)
	- waiting on <no object reference available>
	at java.lang.Object.wait(java.base@21.0.11/Object.java:366)
	at java.lang.Object.wait(java.base@21.0.11/Object.java:339)
	at boxOfActin.Barrier.threadDone(Barrier.java:49)
	- locked <0x000000013861ebd8> (a java.lang.Object)
	at boxOfActin.ThreadSet.done(ThreadSet.java:54)
	at boxOfActin.ThreadSet$ThreadSpawn.run(ThreadSet.java:41)

"Thread-31" #59 [1076470] daemon prio=5 os_prio=0 cpu=2141.54ms elapsed=204.97s tid=0x00007f91881d85f0 nid=1076470 in Object.wait()  [0x00007f913c6fe000]
   java.lang.Thread.State: WAITING (on object monitor)
	at java.lang.Object.wait0(java.base@21.0.11/Native Method)
	- waiting on <no object reference available>
	at java.lang.Object.wait(java.base@21.0.11/Object.java:366)
	at java.lang.Object.wait(java.base@21.0.11/Object.java:339)
	at boxOfActin.Barrier.threadDone(Barrier.java:49)
	- locked <0x000000013861ebd8> (a java.lang.Object)
	at boxOfActin.ThreadSet.done(ThreadSet.java:54)
	at boxOfActin.ThreadSet$ThreadSpawn.run(ThreadSet.java:41)

"Thread-32" #60 [1076471] daemon prio=5 os_prio=0 cpu=0.07ms elapsed=204.97s tid=0x00007f91881dc6c0 nid=1076471 in Object.wait()  [0x00007f913c5fe000]
   java.lang.Thread.State: WAITING (on object monitor)
	at java.lang.Object.wait0(java.base@21.0.11/Native Method)
	- waiting on <no object reference available>
	at java.lang.Object.wait(java.base@21.0.11/Object.java:366)
	at java.lang.Object.wait(java.base@21.0.11/Object.java:339)
	at boxOfActin.Barrier.threadDone(Barrier.java:49)
	- locked <0x0000000138690c40> (a java.lang.Object)
	at boxOfActin.ThreadSet.done(ThreadSet.java:54)
	at boxOfActin.ThreadSet$ThreadSpawn.run(ThreadSet.java:38)

"Thread-33" #61 [1076472] daemon prio=5 os_prio=0 cpu=0.05ms elapsed=204.97s tid=0x00007f91881dad50 nid=1076472 in Object.wait()  [0x00007f913c4fe000]
   java.lang.Thread.State: WAITING (on object monitor)
	at java.lang.Object.wait0(java.base@21.0.11/Native Method)
	- waiting on <0x0000000138690c40> (a java.lang.Object)
	at java.lang.Object.wait(java.base@21.0.11/Object.java:366)
	at java.lang.Object.wait(java.base@21.0.11/Object.java:339)
	at boxOfActin.Barrier.threadDone(Barrier.java:49)
	- locked <0x0000000138690c40> (a java.lang.Object)
	at boxOfActin.ThreadSet.done(ThreadSet.java:54)
	at boxOfActin.ThreadSet$ThreadSpawn.run(ThreadSet.java:38)

"Thread-34" #62 [1076473] daemon prio=5 os_prio=0 cpu=0.05ms elapsed=204.97s tid=0x00007f91881dda00 nid=1076473 in Object.wait()  [0x00007f913c3fe000]
   java.lang.Thread.State: WAITING (on object monitor)
	at java.lang.Object.wait0(java.base@21.0.11/Native Method)
	- waiting on <0x0000000138690c40> (a java.lang.Object)
	at java.lang.Object.wait(java.base@21.0.11/Object.java:366)
	at java.lang.Object.wait(java.base@21.0.11/Object.java:339)
	at boxOfActin.Barrier.threadDone(Barrier.java:49)
	- locked <0x0000000138690c40> (a java.lang.Object)
	at boxOfActin.ThreadSet.done(ThreadSet.java:54)
	at boxOfActin.ThreadSet$ThreadSpawn.run(ThreadSet.java:38)

"Thread-35" #63 [1076474] daemon prio=5 os_prio=0 cpu=0.07ms elapsed=204.97s tid=0x00007f91881ded30 nid=1076474 in Object.wait()  [0x00007f913c2fe000]
   java.lang.Thread.State: WAITING (on object monitor)
	at java.lang.Object.wait0(java.base@21.0.11/Native Method)
	- waiting on <0x0000000138690c40> (a java.lang.Object)
	at java.lang.Object.wait(java.base@21.0.11/Object.java:366)
	at java.lang.Object.wait(java.base@21.0.11/Object.java:339)
	at boxOfActin.Barrier.threadDone(Barrier.java:49)
	- locked <0x0000000138690c40> (a java.lang.Object)
	at boxOfActin.ThreadSet.done(ThreadSet.java:54)
	at boxOfActin.ThreadSet$ThreadSpawn.run(ThreadSet.java:38)

"Thread-36" #64 [1076475] daemon prio=5 os_prio=0 cpu=0.08ms elapsed=204.97s tid=0x00007f91881e06e0 nid=1076475 in Object.wait()  [0x00007f913c1fe000]
   java.lang.Thread.State: WAITING (on object monitor)
	at java.lang.Object.wait0(java.base@21.0.11/Native Method)
	- waiting on <no object reference available>
	at java.lang.Object.wait(java.base@21.0.11/Object.java:366)
	at java.lang.Object.wait(java.base@21.0.11/Object.java:339)
	at boxOfActin.Barrier.threadDone(Barrier.java:49)
	- locked <0x0000000138690c40> (a java.lang.Object)
	at boxOfActin.ThreadSet.done(ThreadSet.java:54)
	at boxOfActin.ThreadSet$ThreadSpawn.run(ThreadSet.java:38)

"Thread-37" #65 [1076476] daemon prio=5 os_prio=0 cpu=0.09ms elapsed=204.97s tid=0x00007f91881e1e10 nid=1076476 in Object.wait()  [0x00007f913c0fe000]
   java.lang.Thread.State: WAITING (on object monitor)
	at java.lang.Object.wait0(java.base@21.0.11/Native Method)
	- waiting on <no object reference available>
	at java.lang.Object.wait(java.base@21.0.11/Object.java:366)
	at java.lang.Object.wait(java.base@21.0.11/Object.java:339)
	at boxOfActin.Barrier.threadDone(Barrier.java:49)
	- locked <0x0000000138690c40> (a java.lang.Object)
	at boxOfActin.ThreadSet.done(ThreadSet.java:54)
	at boxOfActin.ThreadSet$ThreadSpawn.run(ThreadSet.java:38)

"Thread-38" #66 [1076488] daemon prio=5 os_prio=0 cpu=0.17ms elapsed=204.97s tid=0x00007f91881e3550 nid=1076488 in Object.wait()  [0x00007f90ea4f3000]
   java.lang.Thread.State: WAITING (on object monitor)
	at java.lang.Object.wait0(java.base@21.0.11/Native Method)
	- waiting on <no object reference available>
	at java.lang.Object.wait(java.base@21.0.11/Object.java:366)
	at java.lang.Object.wait(java.base@21.0.11/Object.java:339)
	at boxOfActin.Barrier.threadDone(Barrier.java:49)
	- locked <0x0000000138690c40> (a java.lang.Object)
	at boxOfActin.ThreadSet.done(ThreadSet.java:54)
	at boxOfActin.ThreadSet$ThreadSpawn.run(ThreadSet.java:38)

"Thread-39" #78 [1076489] daemon prio=5 os_prio=0 cpu=0.07ms elapsed=204.97s tid=0x00007f91881e4c10 nid=1076489 in Object.wait()  [0x00007f90ea3f3000]
   java.lang.Thread.State: WAITING (on object monitor)
	at java.lang.Object.wait0(java.base@21.0.11/Native Method)
	- waiting on <no object reference available>
	at java.lang.Object.wait(java.base@21.0.11/Object.java:366)
	at java.lang.Object.wait(java.base@21.0.11/Object.java:339)
	at boxOfActin.Barrier.threadDone(Barrier.java:49)
	- locked <0x0000000138690c40> (a java.lang.Object)
	at boxOfActin.ThreadSet.done(ThreadSet.java:54)
	at boxOfActin.ThreadSet$ThreadSpawn.run(ThreadSet.java:38)

"Thread-40" #79 [1076490] daemon prio=5 os_prio=0 cpu=0.11ms elapsed=204.97s tid=0x00007f91881e6300 nid=1076490 in Object.wait()  [0x00007f90ea2f3000]
   java.lang.Thread.State: WAITING (on object monitor)
	at java.lang.Object.wait0(java.base@21.0.11/Native Method)
	- waiting on <no object reference available>
	at java.lang.Object.wait(java.base@21.0.11/Object.java:366)
	at java.lang.Object.wait(java.base@21.0.11/Object.java:339)
	at boxOfActin.Barrier.threadDone(Barrier.java:49)
	- locked <0x0000000138690c40> (a java.lang.Object)
	at boxOfActin.ThreadSet.done(ThreadSet.java:54)
	at boxOfActin.ThreadSet$ThreadSpawn.run(ThreadSet.java:38)

"Thread-41" #80 [1076491] daemon prio=5 os_prio=0 cpu=0.07ms elapsed=204.97s tid=0x00007f91881e7a20 nid=1076491 in Object.wait()  [0x00007f90ea1f3000]
   java.lang.Thread.State: WAITING (on object monitor)
	at java.lang.Object.wait0(java.base@21.0.11/Native Method)
	- waiting on <no object reference available>
	at java.lang.Object.wait(java.base@21.0.11/Object.java:366)
	at java.lang.Object.wait(java.base@21.0.11/Object.java:339)
	at boxOfActin.Barrier.threadDone(Barrier.java:49)
	- locked <0x0000000138690c40> (a java.lang.Object)
	at boxOfActin.ThreadSet.done(ThreadSet.java:54)
	at boxOfActin.ThreadSet$ThreadSpawn.run(ThreadSet.java:38)

"Thread-42" #81 [1076492] daemon prio=5 os_prio=0 cpu=0.07ms elapsed=204.97s tid=0x00007f91881e8fc0 nid=1076492 in Object.wait()  [0x00007f90ea0f3000]
   java.lang.Thread.State: WAITING (on object monitor)
	at java.lang.Object.wait0(java.base@21.0.11/Native Method)
	- waiting on <no object reference available>
	at java.lang.Object.wait(java.base@21.0.11/Object.java:366)
	at java.lang.Object.wait(java.base@21.0.11/Object.java:339)
	at boxOfActin.Barrier.threadDone(Barrier.java:49)
	- locked <0x0000000138690c40> (a java.lang.Object)
	at boxOfActin.ThreadSet.done(ThreadSet.java:54)
	at boxOfActin.ThreadSet$ThreadSpawn.run(ThreadSet.java:38)

"Thread-43" #82 [1076493] daemon prio=5 os_prio=0 cpu=0.05ms elapsed=204.97s tid=0x00007f91881ea560 nid=1076493 in Object.wait()  [0x00007f90e9ff3000]
   java.lang.Thread.State: WAITING (on object monitor)
	at java.lang.Object.wait0(java.base@21.0.11/Native Method)
	- waiting on <no object reference available>
	at java.lang.Object.wait(java.base@21.0.11/Object.java:366)
	at java.lang.Object.wait(java.base@21.0.11/Object.java:339)
	at boxOfActin.Barrier.threadDone(Barrier.java:49)
	- locked <0x0000000138690c40> (a java.lang.Object)
	at boxOfActin.ThreadSet.done(ThreadSet.java:54)
	at boxOfActin.ThreadSet$ThreadSpawn.run(ThreadSet.java:38)

"Thread-44" #83 [1076494] daemon prio=5 os_prio=0 cpu=0.06ms elapsed=204.97s tid=0x00007f91881ebaf0 nid=1076494 in Object.wait()  [0x00007f90e9ef3000]
   java.lang.Thread.State: WAITING (on object monitor)
	at java.lang.Object.wait0(java.base@21.0.11/Native Method)
	- waiting on <no object reference available>
	at java.lang.Object.wait(java.base@21.0.11/Object.java:366)
	at java.lang.Object.wait(java.base@21.0.11/Object.java:339)
	at boxOfActin.Barrier.threadDone(Barrier.java:49)
	- locked <0x0000000138690c40> (a java.lang.Object)
	at boxOfActin.ThreadSet.done(ThreadSet.java:54)
	at boxOfActin.ThreadSet$ThreadSpawn.run(ThreadSet.java:38)

"Thread-45" #84 [1076495] daemon prio=5 os_prio=0 cpu=0.05ms elapsed=204.97s tid=0x00007f91881ed260 nid=1076495 in Object.wait()  [0x00007f90e9df3000]
   java.lang.Thread.State: WAITING (on object monitor)
	at java.lang.Object.wait0(java.base@21.0.11/Native Method)
	- waiting on <no object reference available>
	at java.lang.Object.wait(java.base@21.0.11/Object.java:366)
	at java.lang.Object.wait(java.base@21.0.11/Object.java:339)
	at boxOfActin.Barrier.threadDone(Barrier.java:49)
	- locked <0x0000000138690c40> (a java.lang.Object)
	at boxOfActin.ThreadSet.done(ThreadSet.java:54)
	at boxOfActin.ThreadSet$ThreadSpawn.run(ThreadSet.java:38)

"Thread-46" #85 [1076496] daemon prio=5 os_prio=0 cpu=0.10ms elapsed=204.97s tid=0x00007f91881ee9e0 nid=1076496 in Object.wait()  [0x00007f90e9cf3000]
   java.lang.Thread.State: WAITING (on object monitor)
	at java.lang.Object.wait0(java.base@21.0.11/Native Method)
	- waiting on <no object reference available>
	at java.lang.Object.wait(java.base@21.0.11/Object.java:366)
	at java.lang.Object.wait(java.base@21.0.11/Object.java:339)
	at boxOfActin.Barrier.threadDone(Barrier.java:49)
	- locked <0x0000000138690c40> (a java.lang.Object)
	at boxOfActin.ThreadSet.done(ThreadSet.java:54)
	at boxOfActin.ThreadSet$ThreadSpawn.run(ThreadSet.java:38)

"Thread-47" #86 [1076497] daemon prio=5 os_prio=0 cpu=0.05ms elapsed=204.97s tid=0x00007f91881f0160 nid=1076497 in Object.wait()  [0x00007f90e9bf3000]
   java.lang.Thread.State: WAITING (on object monitor)
	at java.lang.Object.wait0(java.base@21.0.11/Native Method)
	- waiting on <no object reference available>
	at java.lang.Object.wait(java.base@21.0.11/Object.java:366)
	at java.lang.Object.wait(java.base@21.0.11/Object.java:339)
	at boxOfActin.Barrier.threadDone(Barrier.java:49)
	- locked <0x0000000138690c40> (a java.lang.Object)
	at boxOfActin.ThreadSet.done(ThreadSet.java:54)
	at boxOfActin.ThreadSet$ThreadSpawn.run(ThreadSet.java:38)

"Thread-48" #87 [1076498] daemon prio=5 os_prio=0 cpu=0.09ms elapsed=204.97s tid=0x00007f91881f1eb0 nid=1076498 in Object.wait()  [0x00007f90e9af3000]
   java.lang.Thread.State: WAITING (on object monitor)
	at java.lang.Object.wait0(java.base@21.0.11/Native Method)
	- waiting on <no object reference available>
	at java.lang.Object.wait(java.base@21.0.11/Object.java:366)
	at java.lang.Object.wait(java.base@21.0.11/Object.java:339)
	at boxOfActin.Barrier.threadDone(Barrier.java:49)
	- locked <0x0000000138690da0> (a java.lang.Object)
	at boxOfActin.ThreadSet.done(ThreadSet.java:54)
	at boxOfActin.ThreadSet$ThreadSpawn.run(ThreadSet.java:38)

"Thread-49" #88 [1076499] daemon prio=5 os_prio=0 cpu=0.06ms elapsed=204.97s tid=0x00007f91881f3150 nid=1076499 in Object.wait()  [0x00007f90e99f3000]
   java.lang.Thread.State: WAITING (on object monitor)
	at java.lang.Object.wait0(java.base@21.0.11/Native Method)
	- waiting on <no object reference available>
	at java.lang.Object.wait(java.base@21.0.11/Object.java:366)
	at java.lang.Object.wait(java.base@21.0.11/Object.java:339)
	at boxOfActin.Barrier.threadDone(Barrier.java:49)
	- locked <0x0000000138690da0> (a java.lang.Object)
	at boxOfActin.ThreadSet.done(ThreadSet.java:54)
	at boxOfActin.ThreadSet$ThreadSpawn.run(ThreadSet.java:38)

"Thread-50" #89 [1076500] daemon prio=5 os_prio=0 cpu=0.11ms elapsed=204.97s tid=0x00007f91881f46e0 nid=1076500 in Object.wait()  [0x00007f90e98f3000]
   java.lang.Thread.State: WAITING (on object monitor)
	at java.lang.Object.wait0(java.base@21.0.11/Native Method)
	- waiting on <no object reference available>
	at java.lang.Object.wait(java.base@21.0.11/Object.java:366)
	at java.lang.Object.wait(java.base@21.0.11/Object.java:339)
	at boxOfActin.Barrier.threadDone(Barrier.java:49)
	- locked <0x0000000138690da0> (a java.lang.Object)
	at boxOfActin.ThreadSet.done(ThreadSet.java:54)
	at boxOfActin.ThreadSet$ThreadSpawn.run(ThreadSet.java:38)

"Thread-51" #90 [1076501] daemon prio=5 os_prio=0 cpu=0.05ms elapsed=204.97s tid=0x00007f91881f5c70 nid=1076501 in Object.wait()  [0x00007f90e97f3000]
   java.lang.Thread.State: WAITING (on object monitor)
	at java.lang.Object.wait0(java.base@21.0.11/Native Method)
	- waiting on <no object reference available>
	at java.lang.Object.wait(java.base@21.0.11/Object.java:366)
	at java.lang.Object.wait(java.base@21.0.11/Object.java:339)
	at boxOfActin.Barrier.threadDone(Barrier.java:49)
	- locked <0x0000000138690da0> (a java.lang.Object)
	at boxOfActin.ThreadSet.done(ThreadSet.java:54)
	at boxOfActin.ThreadSet$ThreadSpawn.run(ThreadSet.java:38)

"Thread-52" #91 [1076502] daemon prio=5 os_prio=0 cpu=0.06ms elapsed=204.97s tid=0x00007f91881f72b0 nid=1076502 in Object.wait()  [0x00007f90e96f3000]
   java.lang.Thread.State: WAITING (on object monitor)
	at java.lang.Object.wait0(java.base@21.0.11/Native Method)
	- waiting on <no object reference available>
	at java.lang.Object.wait(java.base@21.0.11/Object.java:366)
	at java.lang.Object.wait(java.base@21.0.11/Object.java:339)
	at boxOfActin.Barrier.threadDone(Barrier.java:49)
	- locked <0x0000000138690da0> (a java.lang.Object)
	at boxOfActin.ThreadSet.done(ThreadSet.java:54)
	at boxOfActin.ThreadSet$ThreadSpawn.run(ThreadSet.java:38)

"Thread-53" #92 [1076503] daemon prio=5 os_prio=0 cpu=0.13ms elapsed=204.97s tid=0x00007f91881f8670 nid=1076503 in Object.wait()  [0x00007f90e95f3000]
   java.lang.Thread.State: WAITING (on object monitor)
	at java.lang.Object.wait0(java.base@21.0.11/Native Method)
	- waiting on <no object reference available>
	at java.lang.Object.wait(java.base@21.0.11/Object.java:366)
	at java.lang.Object.wait(java.base@21.0.11/Object.java:339)
	at boxOfActin.Barrier.threadDone(Barrier.java:49)
	- locked <0x0000000138690da0> (a java.lang.Object)
	at boxOfActin.ThreadSet.done(ThreadSet.java:54)
	at boxOfActin.ThreadSet$ThreadSpawn.run(ThreadSet.java:38)

"Thread-54" #93 [1076504] daemon prio=5 os_prio=0 cpu=0.07ms elapsed=204.97s tid=0x00007f91881f9e30 nid=1076504 in Object.wait()  [0x00007f90e94f3000]
   java.lang.Thread.State: WAITING (on object monitor)
	at java.lang.Object.wait0(java.base@21.0.11/Native Method)
	- waiting on <no object reference available>
	at java.lang.Object.wait(java.base@21.0.11/Object.java:366)
	at java.lang.Object.wait(java.base@21.0.11/Object.java:339)
	at boxOfActin.Barrier.threadDone(Barrier.java:49)
	- locked <0x0000000138690da0> (a java.lang.Object)
	at boxOfActin.ThreadSet.done(ThreadSet.java:54)
	at boxOfActin.ThreadSet$ThreadSpawn.run(ThreadSet.java:38)

"Thread-55" #94 [1076505] daemon prio=5 os_prio=0 cpu=0.11ms elapsed=204.97s tid=0x00007f91881fb5f0 nid=1076505 in Object.wait()  [0x00007f90e93f3000]
   java.lang.Thread.State: WAITING (on object monitor)
	at java.lang.Object.wait0(java.base@21.0.11/Native Method)
	- waiting on <no object reference available>
	at java.lang.Object.wait(java.base@21.0.11/Object.java:366)
	at java.lang.Object.wait(java.base@21.0.11/Object.java:339)
	at boxOfActin.Barrier.threadDone(Barrier.java:49)
	- locked <0x0000000138690da0> (a java.lang.Object)
	at boxOfActin.ThreadSet.done(ThreadSet.java:54)
	at boxOfActin.ThreadSet$ThreadSpawn.run(ThreadSet.java:38)

"Thread-56" #95 [1076506] daemon prio=5 os_prio=0 cpu=0.08ms elapsed=204.97s tid=0x00007f91881fcdc0 nid=1076506 in Object.wait()  [0x00007f90e92f3000]
   java.lang.Thread.State: WAITING (on object monitor)
	at java.lang.Object.wait0(java.base@21.0.11/Native Method)
	- waiting on <no object reference available>
	at java.lang.Object.wait(java.base@21.0.11/Object.java:366)
	at java.lang.Object.wait(java.base@21.0.11/Object.java:339)
	at boxOfActin.Barrier.threadDone(Barrier.java:49)
	- locked <0x0000000138690da0> (a java.lang.Object)
	at boxOfActin.ThreadSet.done(ThreadSet.java:54)
	at boxOfActin.ThreadSet$ThreadSpawn.run(ThreadSet.java:38)

"Thread-57" #96 [1076507] daemon prio=5 os_prio=0 cpu=0.07ms elapsed=204.97s tid=0x00007f91881fe590 nid=1076507 in Object.wait()  [0x00007f90e91f3000]
   java.lang.Thread.State: WAITING (on object monitor)
	at java.lang.Object.wait0(java.base@21.0.11/Native Method)
	- waiting on <no object reference available>
	at java.lang.Object.wait(java.base@21.0.11/Object.java:366)
	at java.lang.Object.wait(java.base@21.0.11/Object.java:339)
	at boxOfActin.Barrier.threadDone(Barrier.java:49)
	- locked <0x0000000138690da0> (a java.lang.Object)
	at boxOfActin.ThreadSet.done(ThreadSet.java:54)
	at boxOfActin.ThreadSet$ThreadSpawn.run(ThreadSet.java:38)

"Thread-58" #97 [1076508] daemon prio=5 os_prio=0 cpu=0.07ms elapsed=204.97s tid=0x00007f91881ffb20 nid=1076508 in Object.wait()  [0x00007f90e90f3000]
   java.lang.Thread.State: WAITING (on object monitor)
	at java.lang.Object.wait0(java.base@21.0.11/Native Method)
	- waiting on <no object reference available>
	at java.lang.Object.wait(java.base@21.0.11/Object.java:366)
	at java.lang.Object.wait(java.base@21.0.11/Object.java:339)
	at boxOfActin.Barrier.threadDone(Barrier.java:49)
	- locked <0x0000000138690da0> (a java.lang.Object)
	at boxOfActin.ThreadSet.done(ThreadSet.java:54)
	at boxOfActin.ThreadSet$ThreadSpawn.run(ThreadSet.java:38)

"Thread-59" #98 [1076509] daemon prio=5 os_prio=0 cpu=0.06ms elapsed=204.97s tid=0x00007f9188201300 nid=1076509 in Object.wait()  [0x00007f90e8ff3000]
   java.lang.Thread.State: WAITING (on object monitor)
	at java.lang.Object.wait0(java.base@21.0.11/Native Method)
	- waiting on <no object reference available>
	at java.lang.Object.wait(java.base@21.0.11/Object.java:366)
	at java.lang.Object.wait(java.base@21.0.11/Object.java:339)
	at boxOfActin.Barrier.threadDone(Barrier.java:49)
	- locked <0x0000000138690da0> (a java.lang.Object)
	at boxOfActin.ThreadSet.done(ThreadSet.java:54)
	at boxOfActin.ThreadSet$ThreadSpawn.run(ThreadSet.java:38)

"Thread-60" #99 [1076510] daemon prio=5 os_prio=0 cpu=0.07ms elapsed=204.97s tid=0x00007f9188202af0 nid=1076510 in Object.wait()  [0x00007f90e8ef3000]
   java.lang.Thread.State: WAITING (on object monitor)
	at java.lang.Object.wait0(java.base@21.0.11/Native Method)
	- waiting on <no object reference available>
	at java.lang.Object.wait(java.base@21.0.11/Object.java:366)
	at java.lang.Object.wait(java.base@21.0.11/Object.java:339)
	at boxOfActin.Barrier.threadDone(Barrier.java:49)
	- locked <0x0000000138690da0> (a java.lang.Object)
	at boxOfActin.ThreadSet.done(ThreadSet.java:54)
	at boxOfActin.ThreadSet$ThreadSpawn.run(ThreadSet.java:38)

"Thread-61" #100 [1076511] daemon prio=5 os_prio=0 cpu=0.06ms elapsed=204.97s tid=0x00007f91882042e0 nid=1076511 in Object.wait()  [0x00007f90e8df3000]
   java.lang.Thread.State: WAITING (on object monitor)
	at java.lang.Object.wait0(java.base@21.0.11/Native Method)
	- waiting on <no object reference available>
	at java.lang.Object.wait(java.base@21.0.11/Object.java:366)
	at java.lang.Object.wait(java.base@21.0.11/Object.java:339)
	at boxOfActin.Barrier.threadDone(Barrier.java:49)
	- locked <0x0000000138690da0> (a java.lang.Object)
	at boxOfActin.ThreadSet.done(ThreadSet.java:54)
	at boxOfActin.ThreadSet$ThreadSpawn.run(ThreadSet.java:38)

"Thread-62" #101 [1076512] daemon prio=5 os_prio=0 cpu=0.07ms elapsed=204.97s tid=0x00007f9188205ae0 nid=1076512 in Object.wait()  [0x00007f90e8cf3000]
   java.lang.Thread.State: WAITING (on object monitor)
	at java.lang.Object.wait0(java.base@21.0.11/Native Method)
	- waiting on <no object reference available>
	at java.lang.Object.wait(java.base@21.0.11/Object.java:366)
	at java.lang.Object.wait(java.base@21.0.11/Object.java:339)
	at boxOfActin.Barrier.threadDone(Barrier.java:49)
	- locked <0x0000000138690da0> (a java.lang.Object)
	at boxOfActin.ThreadSet.done(ThreadSet.java:54)
	at boxOfActin.ThreadSet$ThreadSpawn.run(ThreadSet.java:38)

"Thread-63" #102 [1076513] daemon prio=5 os_prio=0 cpu=0.05ms elapsed=204.97s tid=0x00007f91882072e0 nid=1076513 in Object.wait()  [0x00007f90e8bf3000]
   java.lang.Thread.State: WAITING (on object monitor)
	at java.lang.Object.wait0(java.base@21.0.11/Native Method)
	- waiting on <no object reference available>
	at java.lang.Object.wait(java.base@21.0.11/Object.java:366)
	at java.lang.Object.wait(java.base@21.0.11/Object.java:339)
	at boxOfActin.Barrier.threadDone(Barrier.java:49)
	- locked <0x0000000138690da0> (a java.lang.Object)
	at boxOfActin.ThreadSet.done(ThreadSet.java:54)
	at boxOfActin.ThreadSet$ThreadSpawn.run(ThreadSet.java:38)

"Thread-64" #103 [1076514] daemon prio=5 os_prio=0 cpu=1818.25ms elapsed=204.96s tid=0x00007f9188209940 nid=1076514 in Object.wait()  [0x00007f90e8af3000]
   java.lang.Thread.State: WAITING (on object monitor)
	at java.lang.Object.wait0(java.base@21.0.11/Native Method)
	- waiting on <no object reference available>
	at java.lang.Object.wait(java.base@21.0.11/Object.java:366)
	at java.lang.Object.wait(java.base@21.0.11/Object.java:339)
	at boxOfActin.Barrier.threadDone(Barrier.java:49)
	- locked <0x000000012a0e6468> (a java.lang.Object)
	at boxOfActin.ThreadSet.done(ThreadSet.java:54)
	at boxOfActin.ThreadSet$ThreadSpawn.run(ThreadSet.java:41)

"Thread-65" #104 [1076515] daemon prio=5 os_prio=0 cpu=1762.38ms elapsed=204.96s tid=0x00007f918820a5e0 nid=1076515 in Object.wait()  [0x00007f90e89f3000]
   java.lang.Thread.State: WAITING (on object monitor)
	at java.lang.Object.wait0(java.base@21.0.11/Native Method)
	- waiting on <no object reference available>
	at java.lang.Object.wait(java.base@21.0.11/Object.java:366)
	at java.lang.Object.wait(java.base@21.0.11/Object.java:339)
	at boxOfActin.Barrier.threadDone(Barrier.java:49)
	- locked <0x000000012a0e6468> (a java.lang.Object)
	at boxOfActin.ThreadSet.done(ThreadSet.java:54)
	at boxOfActin.ThreadSet$ThreadSpawn.run(ThreadSet.java:41)

"Thread-66" #105 [1076516] daemon prio=5 os_prio=0 cpu=1780.65ms elapsed=204.96s tid=0x00007f918820e3f0 nid=1076516 in Object.wait()  [0x00007f90e88f3000]
   java.lang.Thread.State: WAITING (on object monitor)
	at java.lang.Object.wait0(java.base@21.0.11/Native Method)
	- waiting on <no object reference available>
	at java.lang.Object.wait(java.base@21.0.11/Object.java:366)
	at java.lang.Object.wait(java.base@21.0.11/Object.java:339)
	at boxOfActin.Barrier.threadDone(Barrier.java:49)
	- locked <0x000000012a0e6468> (a java.lang.Object)
	at boxOfActin.ThreadSet.done(ThreadSet.java:54)
	at boxOfActin.ThreadSet$ThreadSpawn.run(ThreadSet.java:41)

"Thread-67" #106 [1076517] daemon prio=5 os_prio=0 cpu=1848.27ms elapsed=204.96s tid=0x00007f918820f820 nid=1076517 in Object.wait()  [0x00007f90e87f3000]
   java.lang.Thread.State: WAITING (on object monitor)
	at java.lang.Object.wait0(java.base@21.0.11/Native Method)
	- waiting on <no object reference available>
	at java.lang.Object.wait(java.base@21.0.11/Object.java:366)
	at java.lang.Object.wait(java.base@21.0.11/Object.java:339)
	at boxOfActin.Barrier.threadDone(Barrier.java:49)
	- locked <0x000000012a0e6468> (a java.lang.Object)
	at boxOfActin.ThreadSet.done(ThreadSet.java:54)
	at boxOfActin.ThreadSet$ThreadSpawn.run(ThreadSet.java:41)

"Thread-68" #107 [1076518] daemon prio=5 os_prio=0 cpu=1833.80ms elapsed=204.96s tid=0x00007f91882109b0 nid=1076518 in Object.wait()  [0x00007f90e86f3000]
   java.lang.Thread.State: WAITING (on object monitor)
	at java.lang.Object.wait0(java.base@21.0.11/Native Method)
	- waiting on <no object reference available>
	at java.lang.Object.wait(java.base@21.0.11/Object.java:366)
	at java.lang.Object.wait(java.base@21.0.11/Object.java:339)
	at boxOfActin.Barrier.threadDone(Barrier.java:49)
	- locked <0x000000012a0e6468> (a java.lang.Object)
	at boxOfActin.ThreadSet.done(ThreadSet.java:54)
	at boxOfActin.ThreadSet$ThreadSpawn.run(ThreadSet.java:41)

"Thread-69" #108 [1076519] daemon prio=5 os_prio=0 cpu=1836.58ms elapsed=204.96s tid=0x00007f9188211df0 nid=1076519 in Object.wait()  [0x00007f90e85f3000]
   java.lang.Thread.State: WAITING (on object monitor)
	at java.lang.Object.wait0(java.base@21.0.11/Native Method)
	- waiting on <no object reference available>
	at java.lang.Object.wait(java.base@21.0.11/Object.java:366)
	at java.lang.Object.wait(java.base@21.0.11/Object.java:339)
	at boxOfActin.Barrier.threadDone(Barrier.java:49)
	- locked <0x000000012a0e6468> (a java.lang.Object)
	at boxOfActin.ThreadSet.done(ThreadSet.java:54)
	at boxOfActin.ThreadSet$ThreadSpawn.run(ThreadSet.java:41)

"Thread-70" #109 [1076520] daemon prio=5 os_prio=0 cpu=1837.02ms elapsed=204.96s tid=0x00007f9188212f90 nid=1076520 in Object.wait()  [0x00007f90e84f3000]
   java.lang.Thread.State: WAITING (on object monitor)
	at java.lang.Object.wait0(java.base@21.0.11/Native Method)
	- waiting on <no object reference available>
	at java.lang.Object.wait(java.base@21.0.11/Object.java:366)
	at java.lang.Object.wait(java.base@21.0.11/Object.java:339)
	at boxOfActin.Barrier.threadDone(Barrier.java:49)
	- locked <0x000000012a0e6468> (a java.lang.Object)
	at boxOfActin.ThreadSet.done(ThreadSet.java:54)
	at boxOfActin.ThreadSet$ThreadSpawn.run(ThreadSet.java:41)

"Thread-71" #110 [1076521] daemon prio=5 os_prio=0 cpu=1846.28ms elapsed=204.96s tid=0x00007f91882143e0 nid=1076521 in Object.wait()  [0x00007f90e83f3000]
   java.lang.Thread.State: WAITING (on object monitor)
	at java.lang.Object.wait0(java.base@21.0.11/Native Method)
	- waiting on <no object reference available>
	at java.lang.Object.wait(java.base@21.0.11/Object.java:366)
	at java.lang.Object.wait(java.base@21.0.11/Object.java:339)
	at boxOfActin.Barrier.threadDone(Barrier.java:49)
	- locked <0x000000012a0e6468> (a java.lang.Object)
	at boxOfActin.ThreadSet.done(ThreadSet.java:54)
	at boxOfActin.ThreadSet$ThreadSpawn.run(ThreadSet.java:41)

"Thread-72" #111 [1076522] daemon prio=5 os_prio=0 cpu=1820.11ms elapsed=204.96s tid=0x00007f9188215c30 nid=1076522 in Object.wait()  [0x00007f90e82f3000]
   java.lang.Thread.State: WAITING (on object monitor)
	at java.lang.Object.wait0(java.base@21.0.11/Native Method)
	- waiting on <no object reference available>
	at java.lang.Object.wait(java.base@21.0.11/Object.java:366)
	at java.lang.Object.wait(java.base@21.0.11/Object.java:339)
	at boxOfActin.Barrier.threadDone(Barrier.java:49)
	- locked <0x000000012a0e6468> (a java.lang.Object)
	at boxOfActin.ThreadSet.done(ThreadSet.java:54)
	at boxOfActin.ThreadSet$ThreadSpawn.run(ThreadSet.java:41)

"Thread-73" #112 [1076523] daemon prio=5 os_prio=0 cpu=1815.07ms elapsed=204.96s tid=0x00007f9188217480 nid=1076523 in Object.wait()  [0x00007f90e81f3000]
   java.lang.Thread.State: WAITING (on object monitor)
	at java.lang.Object.wait0(java.base@21.0.11/Native Method)
	- waiting on <no object reference available>
	at java.lang.Object.wait(java.base@21.0.11/Object.java:366)
	at java.lang.Object.wait(java.base@21.0.11/Object.java:339)
	at boxOfActin.Barrier.threadDone(Barrier.java:49)
	- locked <0x000000012a0e6468> (a java.lang.Object)
	at boxOfActin.ThreadSet.done(ThreadSet.java:54)
	at boxOfActin.ThreadSet$ThreadSpawn.run(ThreadSet.java:41)

"Thread-74" #113 [1076524] daemon prio=5 os_prio=0 cpu=1794.09ms elapsed=204.95s tid=0x00007f9188218a10 nid=1076524 in Object.wait()  [0x00007f8f63ffe000]
   java.lang.Thread.State: WAITING (on object monitor)
	at java.lang.Object.wait0(java.base@21.0.11/Native Method)
	- waiting on <no object reference available>
	at java.lang.Object.wait(java.base@21.0.11/Object.java:366)
	at java.lang.Object.wait(java.base@21.0.11/Object.java:339)
	at boxOfActin.Barrier.threadDone(Barrier.java:49)
	- locked <0x000000012a0e6468> (a java.lang.Object)
	at boxOfActin.ThreadSet.done(ThreadSet.java:54)
	at boxOfActin.ThreadSet$ThreadSpawn.run(ThreadSet.java:41)

"Thread-75" #114 [1076525] daemon prio=5 os_prio=0 cpu=1847.63ms elapsed=204.95s tid=0x00007f918821a270 nid=1076525 in Object.wait()  [0x00007f8f63efe000]
   java.lang.Thread.State: WAITING (on object monitor)
	at java.lang.Object.wait0(java.base@21.0.11/Native Method)
	- waiting on <no object reference available>
	at java.lang.Object.wait(java.base@21.0.11/Object.java:366)
	at java.lang.Object.wait(java.base@21.0.11/Object.java:339)
	at boxOfActin.Barrier.threadDone(Barrier.java:49)
	- locked <0x000000012a0e6468> (a java.lang.Object)
	at boxOfActin.ThreadSet.done(ThreadSet.java:54)
	at boxOfActin.ThreadSet$ThreadSpawn.run(ThreadSet.java:41)

"Thread-76" #115 [1076526] daemon prio=5 os_prio=0 cpu=1823.22ms elapsed=204.95s tid=0x00007f918821b800 nid=1076526 in Object.wait()  [0x00007f8f63dfe000]
   java.lang.Thread.State: WAITING (on object monitor)
	at java.lang.Object.wait0(java.base@21.0.11/Native Method)
	- waiting on <no object reference available>
	at java.lang.Object.wait(java.base@21.0.11/Object.java:366)
	at java.lang.Object.wait(java.base@21.0.11/Object.java:339)
	at boxOfActin.Barrier.threadDone(Barrier.java:49)
	- locked <0x000000012a0e6468> (a java.lang.Object)
	at boxOfActin.ThreadSet.done(ThreadSet.java:54)
	at boxOfActin.ThreadSet$ThreadSpawn.run(ThreadSet.java:41)

"Thread-77" #116 [1076527] daemon prio=5 os_prio=0 cpu=1836.75ms elapsed=204.95s tid=0x00007f918821d070 nid=1076527 in Object.wait()  [0x00007f8f63cfe000]
   java.lang.Thread.State: WAITING (on object monitor)
	at java.lang.Object.wait0(java.base@21.0.11/Native Method)
	- waiting on <no object reference available>
	at java.lang.Object.wait(java.base@21.0.11/Object.java:366)
	at java.lang.Object.wait(java.base@21.0.11/Object.java:339)
	at boxOfActin.Barrier.threadDone(Barrier.java:49)
	- locked <0x000000012a0e6468> (a java.lang.Object)
	at boxOfActin.ThreadSet.done(ThreadSet.java:54)
	at boxOfActin.ThreadSet$ThreadSpawn.run(ThreadSet.java:41)

"Thread-78" #117 [1076528] daemon prio=5 os_prio=0 cpu=1855.26ms elapsed=204.95s tid=0x00007f918821e8f0 nid=1076528 in Object.wait()  [0x00007f8f63bfe000]
   java.lang.Thread.State: WAITING (on object monitor)
	at java.lang.Object.wait0(java.base@21.0.11/Native Method)
	- waiting on <no object reference available>
	at java.lang.Object.wait(java.base@21.0.11/Object.java:366)
	at java.lang.Object.wait(java.base@21.0.11/Object.java:339)
	at boxOfActin.Barrier.threadDone(Barrier.java:49)
	- locked <0x000000012a0e6468> (a java.lang.Object)
	at boxOfActin.ThreadSet.done(ThreadSet.java:54)
	at boxOfActin.ThreadSet$ThreadSpawn.run(ThreadSet.java:41)

"Thread-79" #118 [1076529] daemon prio=5 os_prio=0 cpu=1816.76ms elapsed=204.95s tid=0x00007f9188220170 nid=1076529 in Object.wait()  [0x00007f8f63afe000]
   java.lang.Thread.State: WAITING (on object monitor)
	at java.lang.Object.wait0(java.base@21.0.11/Native Method)
	- waiting on <no object reference available>
	at java.lang.Object.wait(java.base@21.0.11/Object.java:366)
	at java.lang.Object.wait(java.base@21.0.11/Object.java:339)
	at boxOfActin.Barrier.threadDone(Barrier.java:49)
	- locked <0x000000012a0e6468> (a java.lang.Object)
	at boxOfActin.ThreadSet.done(ThreadSet.java:54)
	at boxOfActin.ThreadSet$ThreadSpawn.run(ThreadSet.java:41)

"Thread-80" #122 [1076595] daemon prio=5 os_prio=0 cpu=0.11ms elapsed=190.54s tid=0x00007f91882fded0 nid=1076595 in Object.wait()  [0x00007f8f636fc000]
   java.lang.Thread.State: WAITING (on object monitor)
	at java.lang.Object.wait0(java.base@21.0.11/Native Method)
	- waiting on <no object reference available>
	at java.lang.Object.wait(java.base@21.0.11/Object.java:366)
	at java.lang.Object.wait(java.base@21.0.11/Object.java:339)
	at boxOfActin.Barrier.threadDone(Barrier.java:49)
	- locked <0x00000005e1691f58> (a java.lang.Object)
	at boxOfActin.ThreadSet.done(ThreadSet.java:54)
	at boxOfActin.ThreadSet$ThreadSpawn.run(ThreadSet.java:38)

"Thread-81" #123 [1076596] daemon prio=5 os_prio=0 cpu=0.09ms elapsed=190.54s tid=0x00007f91882fed30 nid=1076596 in Object.wait()  [0x00007f914ca66000]
   java.lang.Thread.State: WAITING (on object monitor)
	at java.lang.Object.wait0(java.base@21.0.11/Native Method)
	- waiting on <no object reference available>
	at java.lang.Object.wait(java.base@21.0.11/Object.java:366)
	at java.lang.Object.wait(java.base@21.0.11/Object.java:339)
	at boxOfActin.Barrier.threadDone(Barrier.java:49)
	- locked <0x00000005e1691f58> (a java.lang.Object)
	at boxOfActin.ThreadSet.done(ThreadSet.java:54)
	at boxOfActin.ThreadSet$ThreadSpawn.run(ThreadSet.java:38)

"Thread-82" #124 [1076597] daemon prio=5 os_prio=0 cpu=0.11ms elapsed=190.54s tid=0x00007f91882ed930 nid=1076597 in Object.wait()  [0x00007f8f635fc000]
   java.lang.Thread.State: WAITING (on object monitor)
	at java.lang.Object.wait0(java.base@21.0.11/Native Method)
	- waiting on <no object reference available>
	at java.lang.Object.wait(java.base@21.0.11/Object.java:366)
	at java.lang.Object.wait(java.base@21.0.11/Object.java:339)
	at boxOfActin.Barrier.threadDone(Barrier.java:49)
	- locked <0x00000005e1691f58> (a java.lang.Object)
	at boxOfActin.ThreadSet.done(ThreadSet.java:54)
	at boxOfActin.ThreadSet$ThreadSpawn.run(ThreadSet.java:38)

"Thread-83" #125 [1076598] daemon prio=5 os_prio=0 cpu=0.10ms elapsed=190.54s tid=0x00007f91882eebe0 nid=1076598 in Object.wait()  [0x00007f8f633f5000]
   java.lang.Thread.State: WAITING (on object monitor)
	at java.lang.Object.wait0(java.base@21.0.11/Native Method)
	- waiting on <no object reference available>
	at java.lang.Object.wait(java.base@21.0.11/Object.java:366)
	at java.lang.Object.wait(java.base@21.0.11/Object.java:339)
	at boxOfActin.Barrier.threadDone(Barrier.java:49)
	- locked <0x00000005e1691f58> (a java.lang.Object)
	at boxOfActin.ThreadSet.done(ThreadSet.java:54)
	at boxOfActin.ThreadSet$ThreadSpawn.run(ThreadSet.java:38)

"Thread-84" #126 [1076599] daemon prio=5 os_prio=0 cpu=0.12ms elapsed=190.54s tid=0x00007f9188304f00 nid=1076599 in Object.wait()  [0x00007f8f632f5000]
   java.lang.Thread.State: WAITING (on object monitor)
	at java.lang.Object.wait0(java.base@21.0.11/Native Method)
	- waiting on <no object reference available>
	at java.lang.Object.wait(java.base@21.0.11/Object.java:366)
	at java.lang.Object.wait(java.base@21.0.11/Object.java:339)
	at boxOfActin.Barrier.threadDone(Barrier.java:49)
	- locked <0x00000005e1691f58> (a java.lang.Object)
	at boxOfActin.ThreadSet.done(ThreadSet.java:54)
	at boxOfActin.ThreadSet$ThreadSpawn.run(ThreadSet.java:38)

"Thread-85" #127 [1076600] daemon prio=5 os_prio=0 cpu=0.12ms elapsed=190.54s tid=0x00007f91883063c0 nid=1076600 in Object.wait()  [0x00007f8f631f5000]
   java.lang.Thread.State: WAITING (on object monitor)
	at java.lang.Object.wait0(java.base@21.0.11/Native Method)
	- waiting on <no object reference available>
	at java.lang.Object.wait(java.base@21.0.11/Object.java:366)
	at java.lang.Object.wait(java.base@21.0.11/Object.java:339)
	at boxOfActin.Barrier.threadDone(Barrier.java:49)
	- locked <0x00000005e1691f58> (a java.lang.Object)
	at boxOfActin.ThreadSet.done(ThreadSet.java:54)
	at boxOfActin.ThreadSet$ThreadSpawn.run(ThreadSet.java:38)

"Thread-86" #128 [1076601] daemon prio=5 os_prio=0 cpu=0.12ms elapsed=190.37s tid=0x00007f9188327520 nid=1076601 in Object.wait()  [0x00007f8f630f5000]
   java.lang.Thread.State: WAITING (on object monitor)
	at java.lang.Object.wait0(java.base@21.0.11/Native Method)
	- waiting on <no object reference available>
	at java.lang.Object.wait(java.base@21.0.11/Object.java:366)
	at java.lang.Object.wait(java.base@21.0.11/Object.java:339)
	at boxOfActin.Barrier.threadDone(Barrier.java:49)
	- locked <0x00000005e1691f58> (a java.lang.Object)
	at boxOfActin.ThreadSet.done(ThreadSet.java:54)
	at boxOfActin.ThreadSet$ThreadSpawn.run(ThreadSet.java:38)

"Thread-87" #129 [1076602] daemon prio=5 os_prio=0 cpu=0.09ms elapsed=190.37s tid=0x00007f91883289f0 nid=1076602 in Object.wait()  [0x00007f8f62ff5000]
   java.lang.Thread.State: WAITING (on object monitor)
	at java.lang.Object.wait0(java.base@21.0.11/Native Method)
	- waiting on <no object reference available>
	at java.lang.Object.wait(java.base@21.0.11/Object.java:366)
	at java.lang.Object.wait(java.base@21.0.11/Object.java:339)
	at boxOfActin.Barrier.threadDone(Barrier.java:49)
	- locked <0x00000005e1691f58> (a java.lang.Object)
	at boxOfActin.ThreadSet.done(ThreadSet.java:54)
	at boxOfActin.ThreadSet$ThreadSpawn.run(ThreadSet.java:38)

"Thread-88" #130 [1076603] daemon prio=5 os_prio=0 cpu=0.10ms elapsed=190.37s tid=0x00007f9188329b90 nid=1076603 in Object.wait()  [0x00007f8f62ef5000]
   java.lang.Thread.State: WAITING (on object monitor)
	at java.lang.Object.wait0(java.base@21.0.11/Native Method)
	- waiting on <no object reference available>
	at java.lang.Object.wait(java.base@21.0.11/Object.java:366)
	at java.lang.Object.wait(java.base@21.0.11/Object.java:339)
	at boxOfActin.Barrier.threadDone(Barrier.java:49)
	- locked <0x00000005e1691f58> (a java.lang.Object)
	at boxOfActin.ThreadSet.done(ThreadSet.java:54)
	at boxOfActin.ThreadSet$ThreadSpawn.run(ThreadSet.java:38)

"Thread-89" #131 [1076604] daemon prio=5 os_prio=0 cpu=0.08ms elapsed=190.37s tid=0x00007f918832b070 nid=1076604 in Object.wait()  [0x00007f8f62df5000]
   java.lang.Thread.State: WAITING (on object monitor)
	at java.lang.Object.wait0(java.base@21.0.11/Native Method)
	- waiting on <no object reference available>
	at java.lang.Object.wait(java.base@21.0.11/Object.java:366)
	at java.lang.Object.wait(java.base@21.0.11/Object.java:339)
	at boxOfActin.Barrier.threadDone(Barrier.java:49)
	- locked <0x00000005e1691f58> (a java.lang.Object)
	at boxOfActin.ThreadSet.done(ThreadSet.java:54)
	at boxOfActin.ThreadSet$ThreadSpawn.run(ThreadSet.java:38)

"Thread-90" #132 [1076605] daemon prio=5 os_prio=0 cpu=0.10ms elapsed=190.37s tid=0x00007f918832c210 nid=1076605 in Object.wait()  [0x00007f8f62cf5000]
   java.lang.Thread.State: WAITING (on object monitor)
	at java.lang.Object.wait0(java.base@21.0.11/Native Method)
	- waiting on <no object reference available>
	at java.lang.Object.wait(java.base@21.0.11/Object.java:366)
	at java.lang.Object.wait(java.base@21.0.11/Object.java:339)
	at boxOfActin.Barrier.threadDone(Barrier.java:49)
	- locked <0x00000005e1691f58> (a java.lang.Object)
	at boxOfActin.ThreadSet.done(ThreadSet.java:54)
	at boxOfActin.ThreadSet$ThreadSpawn.run(ThreadSet.java:38)

"Thread-91" #133 [1076606] daemon prio=5 os_prio=0 cpu=0.06ms elapsed=190.37s tid=0x00007f918832d380 nid=1076606 in Object.wait()  [0x00007f914cc66000]
   java.lang.Thread.State: WAITING (on object monitor)
	at java.lang.Object.wait0(java.base@21.0.11/Native Method)
	- waiting on <no object reference available>
	at java.lang.Object.wait(java.base@21.0.11/Object.java:366)
	at java.lang.Object.wait(java.base@21.0.11/Object.java:339)
	at boxOfActin.Barrier.threadDone(Barrier.java:49)
	- locked <0x00000005e1691f58> (a java.lang.Object)
	at boxOfActin.ThreadSet.done(ThreadSet.java:54)
	at boxOfActin.ThreadSet$ThreadSpawn.run(ThreadSet.java:38)

"Thread-92" #134 [1076607] daemon prio=5 os_prio=0 cpu=0.10ms elapsed=190.37s tid=0x00007f918832e2a0 nid=1076607 in Object.wait()  [0x00007f8f62bf5000]
   java.lang.Thread.State: WAITING (on object monitor)
	at java.lang.Object.wait0(java.base@21.0.11/Native Method)
	- waiting on <no object reference available>
	at java.lang.Object.wait(java.base@21.0.11/Object.java:366)
	at java.lang.Object.wait(java.base@21.0.11/Object.java:339)
	at boxOfActin.Barrier.threadDone(Barrier.java:49)
	- locked <0x00000005e1691f58> (a java.lang.Object)
	at boxOfActin.ThreadSet.done(ThreadSet.java:54)
	at boxOfActin.ThreadSet$ThreadSpawn.run(ThreadSet.java:38)

"Thread-93" #135 [1076608] daemon prio=5 os_prio=0 cpu=0.06ms elapsed=190.37s tid=0x00007f918832f3d0 nid=1076608 in Object.wait()  [0x00007f8f62af5000]
   java.lang.Thread.State: WAITING (on object monitor)
	at java.lang.Object.wait0(java.base@21.0.11/Native Method)
	- waiting on <no object reference available>
	at java.lang.Object.wait(java.base@21.0.11/Object.java:366)
	at java.lang.Object.wait(java.base@21.0.11/Object.java:339)
	at boxOfActin.Barrier.threadDone(Barrier.java:49)
	- locked <0x00000005e1691f58> (a java.lang.Object)
	at boxOfActin.ThreadSet.done(ThreadSet.java:54)
	at boxOfActin.ThreadSet$ThreadSpawn.run(ThreadSet.java:38)

"Thread-94" #136 [1076609] daemon prio=5 os_prio=0 cpu=0.04ms elapsed=190.37s tid=0x00007f9188330cc0 nid=1076609 in Object.wait()  [0x00007f8f629f5000]
   java.lang.Thread.State: WAITING (on object monitor)
	at java.lang.Object.wait0(java.base@21.0.11/Native Method)
	- waiting on <no object reference available>
	at java.lang.Object.wait(java.base@21.0.11/Object.java:366)
	at java.lang.Object.wait(java.base@21.0.11/Object.java:339)
	at boxOfActin.Barrier.threadDone(Barrier.java:49)
	- locked <0x00000005e1691f58> (a java.lang.Object)
	at boxOfActin.ThreadSet.done(ThreadSet.java:54)
	at boxOfActin.ThreadSet$ThreadSpawn.run(ThreadSet.java:38)

"Thread-95" #137 [1076610] daemon prio=5 os_prio=0 cpu=0.05ms elapsed=190.37s tid=0x00007f9188332250 nid=1076610 in Object.wait()  [0x00007f8f628f5000]
   java.lang.Thread.State: WAITING (on object monitor)
	at java.lang.Object.wait0(java.base@21.0.11/Native Method)
	- waiting on <no object reference available>
	at java.lang.Object.wait(java.base@21.0.11/Object.java:366)
	at java.lang.Object.wait(java.base@21.0.11/Object.java:339)
	at boxOfActin.Barrier.threadDone(Barrier.java:49)
	- locked <0x00000005e1691f58> (a java.lang.Object)
	at boxOfActin.ThreadSet.done(ThreadSet.java:54)
	at boxOfActin.ThreadSet$ThreadSpawn.run(ThreadSet.java:38)

"Thread-96" #138 [1076611] daemon prio=5 os_prio=0 cpu=0.04ms elapsed=190.37s tid=0x00007f9188334080 nid=1076611 in Object.wait()  [0x00007f8f627f5000]
   java.lang.Thread.State: WAITING (on object monitor)
	at java.lang.Object.wait0(java.base@21.0.11/Native Method)
	- waiting on <no object reference available>
	at java.lang.Object.wait(java.base@21.0.11/Object.java:366)
	at java.lang.Object.wait(java.base@21.0.11/Object.java:339)
	at boxOfActin.Barrier.threadDone(Barrier.java:49)
	- locked <0x000000060d73e2d8> (a java.lang.Object)
	at boxOfActin.ThreadSet.done(ThreadSet.java:54)
	at boxOfActin.ThreadSet$ThreadSpawn.run(ThreadSet.java:38)

"Thread-97" #139 [1076612] daemon prio=5 os_prio=0 cpu=0.04ms elapsed=190.37s tid=0x00007f9188335160 nid=1076612 in Object.wait()  [0x00007f8f626f5000]
   java.lang.Thread.State: WAITING (on object monitor)
	at java.lang.Object.wait0(java.base@21.0.11/Native Method)
	- waiting on <no object reference available>
	at java.lang.Object.wait(java.base@21.0.11/Object.java:366)
	at java.lang.Object.wait(java.base@21.0.11/Object.java:339)
	at boxOfActin.Barrier.threadDone(Barrier.java:49)
	- locked <0x000000060d73e2d8> (a java.lang.Object)
	at boxOfActin.ThreadSet.done(ThreadSet.java:54)
	at boxOfActin.ThreadSet$ThreadSpawn.run(ThreadSet.java:38)

"Thread-98" #140 [1076613] daemon prio=5 os_prio=0 cpu=0.04ms elapsed=190.37s tid=0x00007f9188336a70 nid=1076613 in Object.wait()  [0x00007f8f625f5000]
   java.lang.Thread.State: WAITING (on object monitor)
	at java.lang.Object.wait0(java.base@21.0.11/Native Method)
	- waiting on <no object reference available>
	at java.lang.Object.wait(java.base@21.0.11/Object.java:366)
	at java.lang.Object.wait(java.base@21.0.11/Object.java:339)
	at boxOfActin.Barrier.threadDone(Barrier.java:49)
	- locked <0x000000060d73e2d8> (a java.lang.Object)
	at boxOfActin.ThreadSet.done(ThreadSet.java:54)
	at boxOfActin.ThreadSet$ThreadSpawn.run(ThreadSet.java:38)

"Thread-99" #141 [1076614] daemon prio=5 os_prio=0 cpu=0.09ms elapsed=190.37s tid=0x00007f9188338000 nid=1076614 in Object.wait()  [0x00007f8f624f5000]
   java.lang.Thread.State: WAITING (on object monitor)
	at java.lang.Object.wait0(java.base@21.0.11/Native Method)
	- waiting on <no object reference available>
	at java.lang.Object.wait(java.base@21.0.11/Object.java:366)
	at java.lang.Object.wait(java.base@21.0.11/Object.java:339)
	at boxOfActin.Barrier.threadDone(Barrier.java:49)
	- locked <0x000000060d73e2d8> (a java.lang.Object)
	at boxOfActin.ThreadSet.done(ThreadSet.java:54)
	at boxOfActin.ThreadSet$ThreadSpawn.run(ThreadSet.java:38)

"Thread-100" #142 [1076615] daemon prio=5 os_prio=0 cpu=0.05ms elapsed=190.37s tid=0x00007f9188339920 nid=1076615 in Object.wait()  [0x00007f8f623f5000]
   java.lang.Thread.State: WAITING (on object monitor)
	at java.lang.Object.wait0(java.base@21.0.11/Native Method)
	- waiting on <no object reference available>
	at java.lang.Object.wait(java.base@21.0.11/Object.java:366)
	at java.lang.Object.wait(java.base@21.0.11/Object.java:339)
	at boxOfActin.Barrier.threadDone(Barrier.java:49)
	- locked <0x000000060d73e2d8> (a java.lang.Object)
	at boxOfActin.ThreadSet.done(ThreadSet.java:54)
	at boxOfActin.ThreadSet$ThreadSpawn.run(ThreadSet.java:38)

"Thread-101" #143 [1076616] daemon prio=5 os_prio=0 cpu=0.08ms elapsed=190.37s tid=0x00007f918833b130 nid=1076616 in Object.wait()  [0x00007f8f622f5000]
   java.lang.Thread.State: WAITING (on object monitor)
	at java.lang.Object.wait0(java.base@21.0.11/Native Method)
	- waiting on <no object reference available>
	at java.lang.Object.wait(java.base@21.0.11/Object.java:366)
	at java.lang.Object.wait(java.base@21.0.11/Object.java:339)
	at boxOfActin.Barrier.threadDone(Barrier.java:49)
	- locked <0x000000060d73e2d8> (a java.lang.Object)
	at boxOfActin.ThreadSet.done(ThreadSet.java:54)
	at boxOfActin.ThreadSet$ThreadSpawn.run(ThreadSet.java:38)

"Thread-102" #144 [1076617] daemon prio=5 os_prio=0 cpu=0.06ms elapsed=190.37s tid=0x00007f918833ca60 nid=1076617 in Object.wait()  [0x00007f8f621f5000]
   java.lang.Thread.State: WAITING (on object monitor)
	at java.lang.Object.wait0(java.base@21.0.11/Native Method)
	- waiting on <no object reference available>
	at java.lang.Object.wait(java.base@21.0.11/Object.java:366)
	at java.lang.Object.wait(java.base@21.0.11/Object.java:339)
	at boxOfActin.Barrier.threadDone(Barrier.java:49)
	- locked <0x000000060d73e2d8> (a java.lang.Object)
	at boxOfActin.ThreadSet.done(ThreadSet.java:54)
	at boxOfActin.ThreadSet$ThreadSpawn.run(ThreadSet.java:38)

"Thread-103" #145 [1076618] daemon prio=5 os_prio=0 cpu=0.09ms elapsed=190.37s tid=0x00007f918833d9f0 nid=1076618 in Object.wait()  [0x00007f914cb66000]
   java.lang.Thread.State: WAITING (on object monitor)
	at java.lang.Object.wait0(java.base@21.0.11/Native Method)
	- waiting on <no object reference available>
	at java.lang.Object.wait(java.base@21.0.11/Object.java:366)
	at java.lang.Object.wait(java.base@21.0.11/Object.java:339)
	at boxOfActin.Barrier.threadDone(Barrier.java:49)
	- locked <0x000000060d73e2d8> (a java.lang.Object)
	at boxOfActin.ThreadSet.done(ThreadSet.java:54)
	at boxOfActin.ThreadSet$ThreadSpawn.run(ThreadSet.java:38)

"Thread-104" #146 [1076619] daemon prio=5 os_prio=0 cpu=0.10ms elapsed=190.37s tid=0x00007f918833e400 nid=1076619 in Object.wait()  [0x00007f8f620f5000]
   java.lang.Thread.State: WAITING (on object monitor)
	at java.lang.Object.wait0(java.base@21.0.11/Native Method)
	- waiting on <no object reference available>
	at java.lang.Object.wait(java.base@21.0.11/Object.java:366)
	at java.lang.Object.wait(java.base@21.0.11/Object.java:339)
	at boxOfActin.Barrier.threadDone(Barrier.java:49)
	- locked <0x000000060d73e2d8> (a java.lang.Object)
	at boxOfActin.ThreadSet.done(ThreadSet.java:54)
	at boxOfActin.ThreadSet$ThreadSpawn.run(ThreadSet.java:38)

"Thread-105" #147 [1076620] daemon prio=5 os_prio=0 cpu=0.09ms elapsed=190.37s tid=0x00007f918833fd20 nid=1076620 in Object.wait()  [0x00007f8f61ff5000]
   java.lang.Thread.State: WAITING (on object monitor)
	at java.lang.Object.wait0(java.base@21.0.11/Native Method)
	- waiting on <no object reference available>
	at java.lang.Object.wait(java.base@21.0.11/Object.java:366)
	at java.lang.Object.wait(java.base@21.0.11/Object.java:339)
	at boxOfActin.Barrier.threadDone(Barrier.java:49)
	- locked <0x000000060d73e2d8> (a java.lang.Object)
	at boxOfActin.ThreadSet.done(ThreadSet.java:54)
	at boxOfActin.ThreadSet$ThreadSpawn.run(ThreadSet.java:38)

"Thread-106" #148 [1076621] daemon prio=5 os_prio=0 cpu=0.08ms elapsed=190.37s tid=0x00007f9188340ec0 nid=1076621 in Object.wait()  [0x00007f8f61ef5000]
   java.lang.Thread.State: WAITING (on object monitor)
	at java.lang.Object.wait0(java.base@21.0.11/Native Method)
	- waiting on <no object reference available>
	at java.lang.Object.wait(java.base@21.0.11/Object.java:366)
	at java.lang.Object.wait(java.base@21.0.11/Object.java:339)
	at boxOfActin.Barrier.threadDone(Barrier.java:49)
	- locked <0x000000060d73e2d8> (a java.lang.Object)
	at boxOfActin.ThreadSet.done(ThreadSet.java:54)
	at boxOfActin.ThreadSet$ThreadSpawn.run(ThreadSet.java:38)

"Thread-107" #149 [1076622] daemon prio=5 os_prio=0 cpu=0.07ms elapsed=190.37s tid=0x00007f9188342420 nid=1076622 in Object.wait()  [0x00007f8f61df5000]
   java.lang.Thread.State: WAITING (on object monitor)
	at java.lang.Object.wait0(java.base@21.0.11/Native Method)
	- waiting on <no object reference available>
	at java.lang.Object.wait(java.base@21.0.11/Object.java:366)
	at java.lang.Object.wait(java.base@21.0.11/Object.java:339)
	at boxOfActin.Barrier.threadDone(Barrier.java:49)
	- locked <0x000000060d73e2d8> (a java.lang.Object)
	at boxOfActin.ThreadSet.done(ThreadSet.java:54)
	at boxOfActin.ThreadSet$ThreadSpawn.run(ThreadSet.java:38)

"Thread-108" #150 [1076623] daemon prio=5 os_prio=0 cpu=0.06ms elapsed=190.37s tid=0x00007f91883435f0 nid=1076623 in Object.wait()  [0x00007f8f61cf5000]
   java.lang.Thread.State: WAITING (on object monitor)
	at java.lang.Object.wait0(java.base@21.0.11/Native Method)
	- waiting on <no object reference available>
	at java.lang.Object.wait(java.base@21.0.11/Object.java:366)
	at java.lang.Object.wait(java.base@21.0.11/Object.java:339)
	at boxOfActin.Barrier.threadDone(Barrier.java:49)
	- locked <0x000000060d73e2d8> (a java.lang.Object)
	at boxOfActin.ThreadSet.done(ThreadSet.java:54)
	at boxOfActin.ThreadSet$ThreadSpawn.run(ThreadSet.java:38)

"Thread-109" #151 [1076624] daemon prio=5 os_prio=0 cpu=0.10ms elapsed=190.37s tid=0x00007f9188344fa0 nid=1076624 in Object.wait()  [0x00007f8f61bf5000]
   java.lang.Thread.State: WAITING (on object monitor)
	at java.lang.Object.wait0(java.base@21.0.11/Native Method)
	- waiting on <no object reference available>
	at java.lang.Object.wait(java.base@21.0.11/Object.java:366)
	at java.lang.Object.wait(java.base@21.0.11/Object.java:339)
	at boxOfActin.Barrier.threadDone(Barrier.java:49)
	- locked <0x000000060d73e2d8> (a java.lang.Object)
	at boxOfActin.ThreadSet.done(ThreadSet.java:54)
	at boxOfActin.ThreadSet$ThreadSpawn.run(ThreadSet.java:38)

"Thread-110" #152 [1076625] daemon prio=5 os_prio=0 cpu=0.06ms elapsed=190.37s tid=0x00007f9188346910 nid=1076625 in Object.wait()  [0x00007f8f61af5000]
   java.lang.Thread.State: WAITING (on object monitor)
	at java.lang.Object.wait0(java.base@21.0.11/Native Method)
	- waiting on <no object reference available>
	at java.lang.Object.wait(java.base@21.0.11/Object.java:366)
	at java.lang.Object.wait(java.base@21.0.11/Object.java:339)
	at boxOfActin.Barrier.threadDone(Barrier.java:49)
	- locked <0x000000060d73e2d8> (a java.lang.Object)
	at boxOfActin.ThreadSet.done(ThreadSet.java:54)
	at boxOfActin.ThreadSet$ThreadSpawn.run(ThreadSet.java:38)

"Thread-111" #153 [1076626] daemon prio=5 os_prio=0 cpu=0.05ms elapsed=190.37s tid=0x00007f9188348280 nid=1076626 in Object.wait()  [0x00007f8f619f5000]
   java.lang.Thread.State: WAITING (on object monitor)
	at java.lang.Object.wait0(java.base@21.0.11/Native Method)
	- waiting on <no object reference available>
	at java.lang.Object.wait(java.base@21.0.11/Object.java:366)
	at java.lang.Object.wait(java.base@21.0.11/Object.java:339)
	at boxOfActin.Barrier.threadDone(Barrier.java:49)
	- locked <0x000000060d73e2d8> (a java.lang.Object)
	at boxOfActin.ThreadSet.done(ThreadSet.java:54)
	at boxOfActin.ThreadSet$ThreadSpawn.run(ThreadSet.java:38)

"Thread-112" #154 [1076627] daemon prio=5 os_prio=0 cpu=343.27ms elapsed=190.37s tid=0x00007f918834e680 nid=1076627 in Object.wait()  [0x00007f8f618f5000]
   java.lang.Thread.State: WAITING (on object monitor)
	at java.lang.Object.wait0(java.base@21.0.11/Native Method)
	- waiting on <no object reference available>
	at java.lang.Object.wait(java.base@21.0.11/Object.java:366)
	at java.lang.Object.wait(java.base@21.0.11/Object.java:339)
	at boxOfActin.Barrier.threadDone(Barrier.java:49)
	- locked <0x000000060c6f42f0> (a java.lang.Object)
	at boxOfActin.ThreadSet.done(ThreadSet.java:54)
	at boxOfActin.ThreadSet$ThreadSpawn.run(ThreadSet.java:41)

"Thread-113" #155 [1076628] daemon prio=5 os_prio=0 cpu=350.69ms elapsed=190.37s tid=0x00007f918834fcf0 nid=1076628 in Object.wait()  [0x00007f8f617f5000]
   java.lang.Thread.State: WAITING (on object monitor)
	at java.lang.Object.wait0(java.base@21.0.11/Native Method)
	- waiting on <no object reference available>
	at java.lang.Object.wait(java.base@21.0.11/Object.java:366)
	at java.lang.Object.wait(java.base@21.0.11/Object.java:339)
	at boxOfActin.Barrier.threadDone(Barrier.java:49)
	- locked <0x000000060c6f42f0> (a java.lang.Object)
	at boxOfActin.ThreadSet.done(ThreadSet.java:54)
	at boxOfActin.ThreadSet$ThreadSpawn.run(ThreadSet.java:41)

"Thread-114" #156 [1076629] daemon prio=5 os_prio=0 cpu=346.03ms elapsed=190.37s tid=0x00007f91883514b0 nid=1076629 in Object.wait()  [0x00007f8f616f5000]
   java.lang.Thread.State: WAITING (on object monitor)
	at java.lang.Object.wait0(java.base@21.0.11/Native Method)
	- waiting on <no object reference available>
	at java.lang.Object.wait(java.base@21.0.11/Object.java:366)
	at java.lang.Object.wait(java.base@21.0.11/Object.java:339)
	at boxOfActin.Barrier.threadDone(Barrier.java:49)
	- locked <0x000000060c6f42f0> (a java.lang.Object)
	at boxOfActin.ThreadSet.done(ThreadSet.java:54)
	at boxOfActin.ThreadSet$ThreadSpawn.run(ThreadSet.java:41)

"Thread-115" #157 [1076630] daemon prio=5 os_prio=0 cpu=342.40ms elapsed=190.37s tid=0x00007f9188352a50 nid=1076630 in Object.wait()  [0x00007f8f615f5000]
   java.lang.Thread.State: WAITING (on object monitor)
	at java.lang.Object.wait0(java.base@21.0.11/Native Method)
	- waiting on <no object reference available>
	at java.lang.Object.wait(java.base@21.0.11/Object.java:366)
	at java.lang.Object.wait(java.base@21.0.11/Object.java:339)
	at boxOfActin.Barrier.threadDone(Barrier.java:49)
	- locked <0x000000060c6f42f0> (a java.lang.Object)
	at boxOfActin.ThreadSet.done(ThreadSet.java:54)
	at boxOfActin.ThreadSet$ThreadSpawn.run(ThreadSet.java:41)

"Thread-116" #158 [1076631] daemon prio=5 os_prio=0 cpu=335.34ms elapsed=190.37s tid=0x00007f9188353fe0 nid=1076631 in Object.wait()  [0x00007f8f614f5000]
   java.lang.Thread.State: WAITING (on object monitor)
	at java.lang.Object.wait0(java.base@21.0.11/Native Method)
	- waiting on <no object reference available>
	at java.lang.Object.wait(java.base@21.0.11/Object.java:366)
	at java.lang.Object.wait(java.base@21.0.11/Object.java:339)
	at boxOfActin.Barrier.threadDone(Barrier.java:49)
	- locked <0x000000060c6f42f0> (a java.lang.Object)
	at boxOfActin.ThreadSet.done(ThreadSet.java:54)
	at boxOfActin.ThreadSet$ThreadSpawn.run(ThreadSet.java:41)

"Thread-117" #159 [1076632] daemon prio=5 os_prio=0 cpu=323.16ms elapsed=190.37s tid=0x00007f9188355980 nid=1076632 in Object.wait()  [0x00007f8f613f5000]
   java.lang.Thread.State: WAITING (on object monitor)
	at java.lang.Object.wait0(java.base@21.0.11/Native Method)
	- waiting on <no object reference available>
	at java.lang.Object.wait(java.base@21.0.11/Object.java:366)
	at java.lang.Object.wait(java.base@21.0.11/Object.java:339)
	at boxOfActin.Barrier.threadDone(Barrier.java:49)
	- locked <0x000000060c6f42f0> (a java.lang.Object)
	at boxOfActin.ThreadSet.done(ThreadSet.java:54)
	at boxOfActin.ThreadSet$ThreadSpawn.run(ThreadSet.java:41)

"Thread-118" #160 [1076633] daemon prio=5 os_prio=0 cpu=313.95ms elapsed=190.37s tid=0x00007f9188357650 nid=1076633 in Object.wait()  [0x00007f8f612f5000]
   java.lang.Thread.State: WAITING (on object monitor)
	at java.lang.Object.wait0(java.base@21.0.11/Native Method)
	- waiting on <no object reference available>
	at java.lang.Object.wait(java.base@21.0.11/Object.java:366)
	at java.lang.Object.wait(java.base@21.0.11/Object.java:339)
	at boxOfActin.Barrier.threadDone(Barrier.java:49)
	- locked <0x000000060c6f42f0> (a java.lang.Object)
	at boxOfActin.ThreadSet.done(ThreadSet.java:54)
	at boxOfActin.ThreadSet$ThreadSpawn.run(ThreadSet.java:41)

"Thread-119" #161 [1076634] daemon prio=5 os_prio=0 cpu=330.49ms elapsed=190.37s tid=0x00007f9188359000 nid=1076634 in Object.wait()  [0x00007f8f611f5000]
   java.lang.Thread.State: WAITING (on object monitor)
	at java.lang.Object.wait0(java.base@21.0.11/Native Method)
	- waiting on <no object reference available>
	at java.lang.Object.wait(java.base@21.0.11/Object.java:366)
	at java.lang.Object.wait(java.base@21.0.11/Object.java:339)
	at boxOfActin.Barrier.threadDone(Barrier.java:49)
	- locked <0x000000060c6f42f0> (a java.lang.Object)
	at boxOfActin.ThreadSet.done(ThreadSet.java:54)
	at boxOfActin.ThreadSet$ThreadSpawn.run(ThreadSet.java:41)

"Thread-120" #162 [1076635] daemon prio=5 os_prio=0 cpu=304.18ms elapsed=190.37s tid=0x00007f918835a5a0 nid=1076635 in Object.wait()  [0x00007f8f610f5000]
   java.lang.Thread.State: WAITING (on object monitor)
	at java.lang.Object.wait0(java.base@21.0.11/Native Method)
	- waiting on <no object reference available>
	at java.lang.Object.wait(java.base@21.0.11/Object.java:366)
	at java.lang.Object.wait(java.base@21.0.11/Object.java:339)
	at boxOfActin.Barrier.threadDone(Barrier.java:49)
	- locked <0x000000060c6f42f0> (a java.lang.Object)
	at boxOfActin.ThreadSet.done(ThreadSet.java:54)
	at boxOfActin.ThreadSet$ThreadSpawn.run(ThreadSet.java:41)

"Thread-121" #163 [1076636] daemon prio=5 os_prio=0 cpu=313.44ms elapsed=190.37s tid=0x00007f918835bb70 nid=1076636 in Object.wait()  [0x00007f8f60ff5000]
   java.lang.Thread.State: WAITING (on object monitor)
	at java.lang.Object.wait0(java.base@21.0.11/Native Method)
	- waiting on <no object reference available>
	at java.lang.Object.wait(java.base@21.0.11/Object.java:366)
	at java.lang.Object.wait(java.base@21.0.11/Object.java:339)
	at boxOfActin.Barrier.threadDone(Barrier.java:49)
	- locked <0x000000060c6f42f0> (a java.lang.Object)
	at boxOfActin.ThreadSet.done(ThreadSet.java:54)
	at boxOfActin.ThreadSet$ThreadSpawn.run(ThreadSet.java:41)

"Thread-122" #164 [1076637] daemon prio=5 os_prio=0 cpu=305.91ms elapsed=190.37s tid=0x00007f918835d110 nid=1076637 in Object.wait()  [0x00007f8f60ef5000]
   java.lang.Thread.State: WAITING (on object monitor)
	at java.lang.Object.wait0(java.base@21.0.11/Native Method)
	- waiting on <no object reference available>
	at java.lang.Object.wait(java.base@21.0.11/Object.java:366)
	at java.lang.Object.wait(java.base@21.0.11/Object.java:339)
	at boxOfActin.Barrier.threadDone(Barrier.java:49)
	- locked <0x000000060c6f42f0> (a java.lang.Object)
	at boxOfActin.ThreadSet.done(ThreadSet.java:54)
	at boxOfActin.ThreadSet$ThreadSpawn.run(ThreadSet.java:41)

"Thread-123" #165 [1076638] daemon prio=5 os_prio=0 cpu=323.46ms elapsed=190.37s tid=0x00007f918835e6b0 nid=1076638 in Object.wait()  [0x00007f8f60df5000]
   java.lang.Thread.State: WAITING (on object monitor)
	at java.lang.Object.wait0(java.base@21.0.11/Native Method)
	- waiting on <no object reference available>
	at java.lang.Object.wait(java.base@21.0.11/Object.java:366)
	at java.lang.Object.wait(java.base@21.0.11/Object.java:339)
	at boxOfActin.Barrier.threadDone(Barrier.java:49)
	- locked <0x000000060c6f42f0> (a java.lang.Object)
	at boxOfActin.ThreadSet.done(ThreadSet.java:54)
	at boxOfActin.ThreadSet$ThreadSpawn.run(ThreadSet.java:41)

"Thread-124" #166 [1076639] daemon prio=5 os_prio=0 cpu=312.98ms elapsed=190.37s tid=0x00007f918835fc60 nid=1076639 in Object.wait()  [0x00007f8f60cf5000]
   java.lang.Thread.State: WAITING (on object monitor)
	at java.lang.Object.wait0(java.base@21.0.11/Native Method)
	- waiting on <no object reference available>
	at java.lang.Object.wait(java.base@21.0.11/Object.java:366)
	at java.lang.Object.wait(java.base@21.0.11/Object.java:339)
	at boxOfActin.Barrier.threadDone(Barrier.java:49)
	- locked <0x000000060c6f42f0> (a java.lang.Object)
	at boxOfActin.ThreadSet.done(ThreadSet.java:54)
	at boxOfActin.ThreadSet$ThreadSpawn.run(ThreadSet.java:41)

"Thread-125" #167 [1076640] daemon prio=5 os_prio=0 cpu=312.44ms elapsed=190.37s tid=0x00007f9188360e50 nid=1076640 in Object.wait()  [0x00007f8f60bf5000]
   java.lang.Thread.State: WAITING (on object monitor)
	at java.lang.Object.wait0(java.base@21.0.11/Native Method)
	- waiting on <no object reference available>
	at java.lang.Object.wait(java.base@21.0.11/Object.java:366)
	at java.lang.Object.wait(java.base@21.0.11/Object.java:339)
	at boxOfActin.Barrier.threadDone(Barrier.java:49)
	- locked <0x000000060c6f42f0> (a java.lang.Object)
	at boxOfActin.ThreadSet.done(ThreadSet.java:54)
	at boxOfActin.ThreadSet$ThreadSpawn.run(ThreadSet.java:41)

"Thread-126" #168 [1076641] daemon prio=5 os_prio=0 cpu=322.68ms elapsed=190.37s tid=0x00007f9188362000 nid=1076641 in Object.wait()  [0x00007f8f60af5000]
   java.lang.Thread.State: WAITING (on object monitor)
	at java.lang.Object.wait0(java.base@21.0.11/Native Method)
	- waiting on <no object reference available>
	at java.lang.Object.wait(java.base@21.0.11/Object.java:366)
	at java.lang.Object.wait(java.base@21.0.11/Object.java:339)
	at boxOfActin.Barrier.threadDone(Barrier.java:49)
	- locked <0x000000060c6f42f0> (a java.lang.Object)
	at boxOfActin.ThreadSet.done(ThreadSet.java:54)
	at boxOfActin.ThreadSet$ThreadSpawn.run(ThreadSet.java:41)

"Thread-127" #169 [1076642] daemon prio=5 os_prio=0 cpu=315.86ms elapsed=190.37s tid=0x00007f91883631b0 nid=1076642 in Object.wait()  [0x00007f8f609f5000]
   java.lang.Thread.State: WAITING (on object monitor)
	at java.lang.Object.wait0(java.base@21.0.11/Native Method)
	- waiting on <no object reference available>
	at java.lang.Object.wait(java.base@21.0.11/Object.java:366)
	at java.lang.Object.wait(java.base@21.0.11/Object.java:339)
	at boxOfActin.Barrier.threadDone(Barrier.java:49)
	- locked <0x000000060c6f42f0> (a java.lang.Object)
	at boxOfActin.ThreadSet.done(ThreadSet.java:54)
	at boxOfActin.ThreadSet$ThreadSpawn.run(ThreadSet.java:41)

"Thread-128" #170 [1076643] daemon prio=5 os_prio=0 cpu=97.96ms elapsed=190.37s tid=0x00007f9188364760 nid=1076643 in Object.wait()  [0x00007f8f608f5000]
   java.lang.Thread.State: WAITING (on object monitor)
	at java.lang.Object.wait0(java.base@21.0.11/Native Method)
	- waiting on <no object reference available>
	at java.lang.Object.wait(java.base@21.0.11/Object.java:366)
	at java.lang.Object.wait(java.base@21.0.11/Object.java:339)
	at boxOfActin.Barrier.threadDone(Barrier.java:49)
	- locked <0x0000000604e2a290> (a java.lang.Object)
	at boxOfActin.ThreadSet.done(ThreadSet.java:54)
	at boxOfActin.ThreadSet$ThreadSpawn.run(ThreadSet.java:41)

"Thread-129" #171 [1076644] daemon prio=5 os_prio=0 cpu=104.79ms elapsed=190.37s tid=0x00007f9188365dd0 nid=1076644 in Object.wait()  [0x00007f8f607f5000]
   java.lang.Thread.State: WAITING (on object monitor)
	at java.lang.Object.wait0(java.base@21.0.11/Native Method)
	- waiting on <no object reference available>
	at java.lang.Object.wait(java.base@21.0.11/Object.java:366)
	at java.lang.Object.wait(java.base@21.0.11/Object.java:339)
	at boxOfActin.Barrier.threadDone(Barrier.java:49)
	- locked <0x0000000604e2a290> (a java.lang.Object)
	at boxOfActin.ThreadSet.done(ThreadSet.java:54)
	at boxOfActin.ThreadSet$ThreadSpawn.run(ThreadSet.java:41)

"Thread-130" #172 [1076645] daemon prio=5 os_prio=0 cpu=104.89ms elapsed=190.37s tid=0x00007f9188367370 nid=1076645 in Object.wait()  [0x00007f8f606f5000]
   java.lang.Thread.State: WAITING (on object monitor)
	at java.lang.Object.wait0(java.base@21.0.11/Native Method)
	- waiting on <no object reference available>
	at java.lang.Object.wait(java.base@21.0.11/Object.java:366)
	at java.lang.Object.wait(java.base@21.0.11/Object.java:339)
	at boxOfActin.Barrier.threadDone(Barrier.java:49)
	- locked <0x0000000604e2a290> (a java.lang.Object)
	at boxOfActin.ThreadSet.done(ThreadSet.java:54)
	at boxOfActin.ThreadSet$ThreadSpawn.run(ThreadSet.java:41)

"Thread-131" #173 [1076646] daemon prio=5 os_prio=0 cpu=121.72ms elapsed=190.37s tid=0x00007f9188368910 nid=1076646 in Object.wait()  [0x00007f8f605f5000]
   java.lang.Thread.State: WAITING (on object monitor)
	at java.lang.Object.wait0(java.base@21.0.11/Native Method)
	- waiting on <no object reference available>
	at java.lang.Object.wait(java.base@21.0.11/Object.java:366)
	at java.lang.Object.wait(java.base@21.0.11/Object.java:339)
	at boxOfActin.Barrier.threadDone(Barrier.java:49)
	- locked <0x0000000604e2a290> (a java.lang.Object)
	at boxOfActin.ThreadSet.done(ThreadSet.java:54)
	at boxOfActin.ThreadSet$ThreadSpawn.run(ThreadSet.java:41)

"Thread-132" #174 [1076647] daemon prio=5 os_prio=0 cpu=100.66ms elapsed=190.37s tid=0x00007f9188369ec0 nid=1076647 in Object.wait()  [0x00007f8f604f5000]
   java.lang.Thread.State: WAITING (on object monitor)
	at java.lang.Object.wait0(java.base@21.0.11/Native Method)
	- waiting on <no object reference available>
	at java.lang.Object.wait(java.base@21.0.11/Object.java:366)
	at java.lang.Object.wait(java.base@21.0.11/Object.java:339)
	at boxOfActin.Barrier.threadDone(Barrier.java:49)
	- locked <0x0000000604e2a290> (a java.lang.Object)
	at boxOfActin.ThreadSet.done(ThreadSet.java:54)
	at boxOfActin.ThreadSet$ThreadSpawn.run(ThreadSet.java:41)

"Thread-133" #175 [1076648] daemon prio=5 os_prio=0 cpu=116.37ms elapsed=190.37s tid=0x00007f918836b470 nid=1076648 in Object.wait()  [0x00007f8f603f5000]
   java.lang.Thread.State: WAITING (on object monitor)
	at java.lang.Object.wait0(java.base@21.0.11/Native Method)
	- waiting on <no object reference available>
	at java.lang.Object.wait(java.base@21.0.11/Object.java:366)
	at java.lang.Object.wait(java.base@21.0.11/Object.java:339)
	at boxOfActin.Barrier.threadDone(Barrier.java:49)
	- locked <0x0000000604e2a290> (a java.lang.Object)
	at boxOfActin.ThreadSet.done(ThreadSet.java:54)
	at boxOfActin.ThreadSet$ThreadSpawn.run(ThreadSet.java:41)

"Thread-134" #176 [1076649] daemon prio=5 os_prio=0 cpu=101.61ms elapsed=190.37s tid=0x00007f918836cc90 nid=1076649 in Object.wait()  [0x00007f8f602f5000]
   java.lang.Thread.State: WAITING (on object monitor)
	at java.lang.Object.wait0(java.base@21.0.11/Native Method)
	- waiting on <no object reference available>
	at java.lang.Object.wait(java.base@21.0.11/Object.java:366)
	at java.lang.Object.wait(java.base@21.0.11/Object.java:339)
	at boxOfActin.Barrier.threadDone(Barrier.java:49)
	- locked <0x0000000604e2a290> (a java.lang.Object)
	at boxOfActin.ThreadSet.done(ThreadSet.java:54)
	at boxOfActin.ThreadSet$ThreadSpawn.run(ThreadSet.java:41)

"Thread-135" #177 [1076650] daemon prio=5 os_prio=0 cpu=123.66ms elapsed=190.37s tid=0x00007f918836e230 nid=1076650 in Object.wait()  [0x00007f8f601f5000]
   java.lang.Thread.State: WAITING (on object monitor)
	at java.lang.Object.wait0(java.base@21.0.11/Native Method)
	- waiting on <no object reference available>
	at java.lang.Object.wait(java.base@21.0.11/Object.java:366)
	at java.lang.Object.wait(java.base@21.0.11/Object.java:339)
	at boxOfActin.Barrier.threadDone(Barrier.java:49)
	- locked <0x0000000604e2a290> (a java.lang.Object)
	at boxOfActin.ThreadSet.done(ThreadSet.java:54)
	at boxOfActin.ThreadSet$ThreadSpawn.run(ThreadSet.java:41)

"Thread-136" #178 [1076651] daemon prio=5 os_prio=0 cpu=125.34ms elapsed=190.37s tid=0x00007f918836f7e0 nid=1076651 in Object.wait()  [0x00007f8f07ffe000]
   java.lang.Thread.State: WAITING (on object monitor)
	at java.lang.Object.wait0(java.base@21.0.11/Native Method)
	- waiting on <no object reference available>
	at java.lang.Object.wait(java.base@21.0.11/Object.java:366)
	at java.lang.Object.wait(java.base@21.0.11/Object.java:339)
	at boxOfActin.Barrier.threadDone(Barrier.java:49)
	- locked <0x0000000604e2a290> (a java.lang.Object)
	at boxOfActin.ThreadSet.done(ThreadSet.java:54)
	at boxOfActin.ThreadSet$ThreadSpawn.run(ThreadSet.java:41)

"Thread-137" #179 [1076652] daemon prio=5 os_prio=0 cpu=107.81ms elapsed=190.37s tid=0x00007f9188370d90 nid=1076652 in Object.wait()  [0x00007f8f07efe000]
   java.lang.Thread.State: WAITING (on object monitor)
	at java.lang.Object.wait0(java.base@21.0.11/Native Method)
	- waiting on <no object reference available>
	at java.lang.Object.wait(java.base@21.0.11/Object.java:366)
	at java.lang.Object.wait(java.base@21.0.11/Object.java:339)
	at boxOfActin.Barrier.threadDone(Barrier.java:49)
	- locked <0x0000000604e2a290> (a java.lang.Object)
	at boxOfActin.ThreadSet.done(ThreadSet.java:54)
	at boxOfActin.ThreadSet$ThreadSpawn.run(ThreadSet.java:41)

"Thread-138" #180 [1076653] daemon prio=5 os_prio=0 cpu=123.12ms elapsed=190.37s tid=0x00007f9188372330 nid=1076653 in Object.wait()  [0x00007f8f07dfe000]
   java.lang.Thread.State: WAITING (on object monitor)
	at java.lang.Object.wait0(java.base@21.0.11/Native Method)
	- waiting on <no object reference available>
	at java.lang.Object.wait(java.base@21.0.11/Object.java:366)
	at java.lang.Object.wait(java.base@21.0.11/Object.java:339)
	at boxOfActin.Barrier.threadDone(Barrier.java:49)
	- locked <0x0000000604e2a290> (a java.lang.Object)
	at boxOfActin.ThreadSet.done(ThreadSet.java:54)
	at boxOfActin.ThreadSet$ThreadSpawn.run(ThreadSet.java:41)

"Thread-139" #181 [1076654] daemon prio=5 os_prio=0 cpu=122.29ms elapsed=190.37s tid=0x00007f91883738d0 nid=1076654 in Object.wait()  [0x00007f8f07cfe000]
   java.lang.Thread.State: WAITING (on object monitor)
	at java.lang.Object.wait0(java.base@21.0.11/Native Method)
	- waiting on <no object reference available>
	at java.lang.Object.wait(java.base@21.0.11/Object.java:366)
	at java.lang.Object.wait(java.base@21.0.11/Object.java:339)
	at boxOfActin.Barrier.threadDone(Barrier.java:49)
	- locked <0x0000000604e2a290> (a java.lang.Object)
	at boxOfActin.ThreadSet.done(ThreadSet.java:54)
	at boxOfActin.ThreadSet$ThreadSpawn.run(ThreadSet.java:41)

"Thread-140" #182 [1076655] daemon prio=5 os_prio=0 cpu=121.20ms elapsed=190.37s tid=0x00007f9188374e80 nid=1076655 in Object.wait()  [0x00007f8f07bfe000]
   java.lang.Thread.State: WAITING (on object monitor)
	at java.lang.Object.wait0(java.base@21.0.11/Native Method)
	- waiting on <no object reference available>
	at java.lang.Object.wait(java.base@21.0.11/Object.java:366)
	at java.lang.Object.wait(java.base@21.0.11/Object.java:339)
	at boxOfActin.Barrier.threadDone(Barrier.java:49)
	- locked <0x0000000604e2a290> (a java.lang.Object)
	at boxOfActin.ThreadSet.done(ThreadSet.java:54)
	at boxOfActin.ThreadSet$ThreadSpawn.run(ThreadSet.java:41)

"Thread-141" #183 [1076656] daemon prio=5 os_prio=0 cpu=109.67ms elapsed=190.37s tid=0x00007f9188376430 nid=1076656 in Object.wait()  [0x00007f8f07afe000]
   java.lang.Thread.State: WAITING (on object monitor)
	at java.lang.Object.wait0(java.base@21.0.11/Native Method)
	- waiting on <no object reference available>
	at java.lang.Object.wait(java.base@21.0.11/Object.java:366)
	at java.lang.Object.wait(java.base@21.0.11/Object.java:339)
	at boxOfActin.Barrier.threadDone(Barrier.java:49)
	- locked <0x0000000604e2a290> (a java.lang.Object)
	at boxOfActin.ThreadSet.done(ThreadSet.java:54)
	at boxOfActin.ThreadSet$ThreadSpawn.run(ThreadSet.java:41)

"Thread-142" #184 [1076657] daemon prio=5 os_prio=0 cpu=122.69ms elapsed=190.37s tid=0x00007f91883779d0 nid=1076657 in Object.wait()  [0x00007f8f079fe000]
   java.lang.Thread.State: WAITING (on object monitor)
	at java.lang.Object.wait0(java.base@21.0.11/Native Method)
	- waiting on <no object reference available>
	at java.lang.Object.wait(java.base@21.0.11/Object.java:366)
	at java.lang.Object.wait(java.base@21.0.11/Object.java:339)
	at boxOfActin.Barrier.threadDone(Barrier.java:49)
	- locked <0x0000000604e2a290> (a java.lang.Object)
	at boxOfActin.ThreadSet.done(ThreadSet.java:54)
	at boxOfActin.ThreadSet$ThreadSpawn.run(ThreadSet.java:41)

"Thread-143" #185 [1076658] daemon prio=5 os_prio=0 cpu=95.65ms elapsed=190.37s tid=0x00007f9188378f70 nid=1076658 in Object.wait()  [0x00007f8f078fe000]
   java.lang.Thread.State: WAITING (on object monitor)
	at java.lang.Object.wait0(java.base@21.0.11/Native Method)
	- waiting on <no object reference available>
	at java.lang.Object.wait(java.base@21.0.11/Object.java:366)
	at java.lang.Object.wait(java.base@21.0.11/Object.java:339)
	at boxOfActin.Barrier.threadDone(Barrier.java:49)
	- locked <0x0000000604e2a290> (a java.lang.Object)
	at boxOfActin.ThreadSet.done(ThreadSet.java:54)
	at boxOfActin.ThreadSet$ThreadSpawn.run(ThreadSet.java:41)

"Thread-144" #186 [1076659] daemon prio=5 os_prio=0 cpu=2391.33ms elapsed=190.37s tid=0x00007f918837a520 nid=1076659 in Object.wait()  [0x00007f8f077fe000]
   java.lang.Thread.State: WAITING (on object monitor)
	at java.lang.Object.wait0(java.base@21.0.11/Native Method)
	- waiting on <no object reference available>
	at java.lang.Object.wait(java.base@21.0.11/Object.java:366)
	at java.lang.Object.wait(java.base@21.0.11/Object.java:339)
	at boxOfActin.Barrier.threadDone(Barrier.java:49)
	- locked <0x0000000600f3e898> (a java.lang.Object)
	at boxOfActin.ThreadSet.done(ThreadSet.java:54)
	at boxOfActin.ThreadSet$ThreadSpawn.run(ThreadSet.java:41)

"Thread-145" #187 [1076660] daemon prio=5 os_prio=0 cpu=2387.92ms elapsed=190.37s tid=0x00007f918837bc30 nid=1076660 in Object.wait()  [0x00007f8f076fe000]
   java.lang.Thread.State: WAITING (on object monitor)
	at java.lang.Object.wait0(java.base@21.0.11/Native Method)
	- waiting on <no object reference available>
	at java.lang.Object.wait(java.base@21.0.11/Object.java:366)
	at java.lang.Object.wait(java.base@21.0.11/Object.java:339)
	at boxOfActin.Barrier.threadDone(Barrier.java:49)
	- locked <0x0000000600f3e898> (a java.lang.Object)
	at boxOfActin.ThreadSet.done(ThreadSet.java:54)
	at boxOfActin.ThreadSet$ThreadSpawn.run(ThreadSet.java:41)

"Thread-146" #188 [1076661] daemon prio=5 os_prio=0 cpu=2387.42ms elapsed=190.37s tid=0x00007f918837d1d0 nid=1076661 in Object.wait()  [0x00007f8f075fe000]
   java.lang.Thread.State: WAITING (on object monitor)
	at java.lang.Object.wait0(java.base@21.0.11/Native Method)
	- waiting on <no object reference available>
	at java.lang.Object.wait(java.base@21.0.11/Object.java:366)
	at java.lang.Object.wait(java.base@21.0.11/Object.java:339)
	at boxOfActin.Barrier.threadDone(Barrier.java:49)
	- locked <0x0000000600f3e898> (a java.lang.Object)
	at boxOfActin.ThreadSet.done(ThreadSet.java:54)
	at boxOfActin.ThreadSet$ThreadSpawn.run(ThreadSet.java:41)

"Thread-147" #189 [1076662] daemon prio=5 os_prio=0 cpu=2396.02ms elapsed=190.37s tid=0x00007f918837e770 nid=1076662 in Object.wait()  [0x00007f8f074fe000]
   java.lang.Thread.State: WAITING (on object monitor)
	at java.lang.Object.wait0(java.base@21.0.11/Native Method)
	- waiting on <no object reference available>
	at java.lang.Object.wait(java.base@21.0.11/Object.java:366)
	at java.lang.Object.wait(java.base@21.0.11/Object.java:339)
	at boxOfActin.Barrier.threadDone(Barrier.java:49)
	- locked <0x0000000600f3e898> (a java.lang.Object)
	at boxOfActin.ThreadSet.done(ThreadSet.java:54)
	at boxOfActin.ThreadSet$ThreadSpawn.run(ThreadSet.java:41)

"Thread-148" #190 [1076663] daemon prio=5 os_prio=0 cpu=2418.34ms elapsed=190.37s tid=0x00007f918837fd10 nid=1076663 in Object.wait()  [0x00007f8f073fe000]
   java.lang.Thread.State: WAITING (on object monitor)
	at java.lang.Object.wait0(java.base@21.0.11/Native Method)
	- waiting on <no object reference available>
	at java.lang.Object.wait(java.base@21.0.11/Object.java:366)
	at java.lang.Object.wait(java.base@21.0.11/Object.java:339)
	at boxOfActin.Barrier.threadDone(Barrier.java:49)
	- locked <0x0000000600f3e898> (a java.lang.Object)
	at boxOfActin.ThreadSet.done(ThreadSet.java:54)
	at boxOfActin.ThreadSet$ThreadSpawn.run(ThreadSet.java:41)

"Thread-149" #191 [1076664] daemon prio=5 os_prio=0 cpu=2403.54ms elapsed=190.37s tid=0x00007f91883812b0 nid=1076664 in Object.wait()  [0x00007f8f072fe000]
   java.lang.Thread.State: WAITING (on object monitor)
	at java.lang.Object.wait0(java.base@21.0.11/Native Method)
	- waiting on <no object reference available>
	at java.lang.Object.wait(java.base@21.0.11/Object.java:366)
	at java.lang.Object.wait(java.base@21.0.11/Object.java:339)
	at boxOfActin.Barrier.threadDone(Barrier.java:49)
	- locked <0x0000000600f3e898> (a java.lang.Object)
	at boxOfActin.ThreadSet.done(ThreadSet.java:54)
	at boxOfActin.ThreadSet$ThreadSpawn.run(ThreadSet.java:41)

"Thread-150" #192 [1076665] daemon prio=5 os_prio=0 cpu=2346.40ms elapsed=190.37s tid=0x00007f9188382ae0 nid=1076665 in Object.wait()  [0x00007f8f071fe000]
   java.lang.Thread.State: WAITING (on object monitor)
	at java.lang.Object.wait0(java.base@21.0.11/Native Method)
	- waiting on <no object reference available>
	at java.lang.Object.wait(java.base@21.0.11/Object.java:366)
	at java.lang.Object.wait(java.base@21.0.11/Object.java:339)
	at boxOfActin.Barrier.threadDone(Barrier.java:49)
	- locked <0x0000000600f3e898> (a java.lang.Object)
	at boxOfActin.ThreadSet.done(ThreadSet.java:54)
	at boxOfActin.ThreadSet$ThreadSpawn.run(ThreadSet.java:41)

"Thread-151" #193 [1076666] daemon prio=5 os_prio=0 cpu=2373.52ms elapsed=190.37s tid=0x00007f9188384090 nid=1076666 in Object.wait()  [0x00007f8f070fe000]
   java.lang.Thread.State: WAITING (on object monitor)
	at java.lang.Object.wait0(java.base@21.0.11/Native Method)
	- waiting on <no object reference available>
	at java.lang.Object.wait(java.base@21.0.11/Object.java:366)
	at java.lang.Object.wait(java.base@21.0.11/Object.java:339)
	at boxOfActin.Barrier.threadDone(Barrier.java:49)
	- locked <0x0000000600f3e898> (a java.lang.Object)
	at boxOfActin.ThreadSet.done(ThreadSet.java:54)
	at boxOfActin.ThreadSet$ThreadSpawn.run(ThreadSet.java:41)

"Thread-152" #194 [1076667] daemon prio=5 os_prio=0 cpu=2426.74ms elapsed=190.37s tid=0x00007f9188385630 nid=1076667 in Object.wait()  [0x00007f8f06ffe000]
   java.lang.Thread.State: WAITING (on object monitor)
	at java.lang.Object.wait0(java.base@21.0.11/Native Method)
	- waiting on <no object reference available>
	at java.lang.Object.wait(java.base@21.0.11/Object.java:366)
	at java.lang.Object.wait(java.base@21.0.11/Object.java:339)
	at boxOfActin.Barrier.threadDone(Barrier.java:49)
	- locked <0x0000000600f3e898> (a java.lang.Object)
	at boxOfActin.ThreadSet.done(ThreadSet.java:54)
	at boxOfActin.ThreadSet$ThreadSpawn.run(ThreadSet.java:41)

"Thread-153" #195 [1076668] daemon prio=5 os_prio=0 cpu=2380.71ms elapsed=190.37s tid=0x00007f9188386bd0 nid=1076668 in Object.wait()  [0x00007f8f06efe000]
   java.lang.Thread.State: WAITING (on object monitor)
	at java.lang.Object.wait0(java.base@21.0.11/Native Method)
	- waiting on <no object reference available>
	at java.lang.Object.wait(java.base@21.0.11/Object.java:366)
	at java.lang.Object.wait(java.base@21.0.11/Object.java:339)
	at boxOfActin.Barrier.threadDone(Barrier.java:49)
	- locked <0x0000000600f3e898> (a java.lang.Object)
	at boxOfActin.ThreadSet.done(ThreadSet.java:54)
	at boxOfActin.ThreadSet$ThreadSpawn.run(ThreadSet.java:41)

"Thread-154" #196 [1076669] daemon prio=5 os_prio=0 cpu=2354.45ms elapsed=190.37s tid=0x00007f9188388180 nid=1076669 in Object.wait()  [0x00007f8f06dfe000]
   java.lang.Thread.State: WAITING (on object monitor)
	at java.lang.Object.wait0(java.base@21.0.11/Native Method)
	- waiting on <no object reference available>
	at java.lang.Object.wait(java.base@21.0.11/Object.java:366)
	at java.lang.Object.wait(java.base@21.0.11/Object.java:339)
	at boxOfActin.Barrier.threadDone(Barrier.java:49)
	- locked <0x0000000600f3e898> (a java.lang.Object)
	at boxOfActin.ThreadSet.done(ThreadSet.java:54)
	at boxOfActin.ThreadSet$ThreadSpawn.run(ThreadSet.java:41)

"Thread-155" #197 [1076670] daemon prio=5 os_prio=0 cpu=2365.13ms elapsed=190.37s tid=0x00007f9188389730 nid=1076670 in Object.wait()  [0x00007f8f06cfe000]
   java.lang.Thread.State: WAITING (on object monitor)
	at java.lang.Object.wait0(java.base@21.0.11/Native Method)
	- waiting on <no object reference available>
	at java.lang.Object.wait(java.base@21.0.11/Object.java:366)
	at java.lang.Object.wait(java.base@21.0.11/Object.java:339)
	at boxOfActin.Barrier.threadDone(Barrier.java:49)
	- locked <0x0000000600f3e898> (a java.lang.Object)
	at boxOfActin.ThreadSet.done(ThreadSet.java:54)
	at boxOfActin.ThreadSet$ThreadSpawn.run(ThreadSet.java:41)

"Thread-156" #198 [1076671] daemon prio=5 os_prio=0 cpu=2365.31ms elapsed=190.37s tid=0x00007f918838acd0 nid=1076671 in Object.wait()  [0x00007f8f06bfe000]
   java.lang.Thread.State: WAITING (on object monitor)
	at java.lang.Object.wait0(java.base@21.0.11/Native Method)
	- waiting on <no object reference available>
	at java.lang.Object.wait(java.base@21.0.11/Object.java:366)
	at java.lang.Object.wait(java.base@21.0.11/Object.java:339)
	at boxOfActin.Barrier.threadDone(Barrier.java:49)
	- locked <0x0000000600f3e898> (a java.lang.Object)
	at boxOfActin.ThreadSet.done(ThreadSet.java:54)
	at boxOfActin.ThreadSet$ThreadSpawn.run(ThreadSet.java:41)

"Thread-157" #199 [1076672] daemon prio=5 os_prio=0 cpu=2417.65ms elapsed=190.37s tid=0x00007f918838c270 nid=1076672 in Object.wait()  [0x00007f8f06afe000]
   java.lang.Thread.State: WAITING (on object monitor)
	at java.lang.Object.wait0(java.base@21.0.11/Native Method)
	- waiting on <no object reference available>
	at java.lang.Object.wait(java.base@21.0.11/Object.java:366)
	at java.lang.Object.wait(java.base@21.0.11/Object.java:339)
	at boxOfActin.Barrier.threadDone(Barrier.java:49)
	- locked <0x0000000600f3e898> (a java.lang.Object)
	at boxOfActin.ThreadSet.done(ThreadSet.java:54)
	at boxOfActin.ThreadSet$ThreadSpawn.run(ThreadSet.java:41)

"Thread-158" #200 [1076673] daemon prio=5 os_prio=0 cpu=2378.19ms elapsed=190.37s tid=0x00007f918838d810 nid=1076673 in Object.wait()  [0x00007f8f069fe000]
   java.lang.Thread.State: WAITING (on object monitor)
	at java.lang.Object.wait0(java.base@21.0.11/Native Method)
	- waiting on <no object reference available>
	at java.lang.Object.wait(java.base@21.0.11/Object.java:366)
	at java.lang.Object.wait(java.base@21.0.11/Object.java:339)
	at boxOfActin.Barrier.threadDone(Barrier.java:49)
	- locked <0x0000000600f3e898> (a java.lang.Object)
	at boxOfActin.ThreadSet.done(ThreadSet.java:54)
	at boxOfActin.ThreadSet$ThreadSpawn.run(ThreadSet.java:41)

"Thread-159" #201 [1076674] daemon prio=5 os_prio=0 cpu=2379.01ms elapsed=190.37s tid=0x00007f918838edb0 nid=1076674 in Object.wait()  [0x00007f8f068fe000]
   java.lang.Thread.State: WAITING (on object monitor)
	at java.lang.Object.wait0(java.base@21.0.11/Native Method)
	- waiting on <no object reference available>
	at java.lang.Object.wait(java.base@21.0.11/Object.java:366)
	at java.lang.Object.wait(java.base@21.0.11/Object.java:339)
	at boxOfActin.Barrier.threadDone(Barrier.java:49)
	- locked <0x0000000600f3e898> (a java.lang.Object)
	at boxOfActin.ThreadSet.done(ThreadSet.java:54)
	at boxOfActin.ThreadSet$ThreadSpawn.run(ThreadSet.java:41)

"Thread-160" #202 [1076680] daemon prio=5 os_prio=0 cpu=0.13ms elapsed=187.69s tid=0x00007f91882f5f80 nid=1076680 in Object.wait()  [0x00007f8f637fc000]
   java.lang.Thread.State: WAITING (on object monitor)
	at java.lang.Object.wait0(java.base@21.0.11/Native Method)
	- waiting on <no object reference available>
	at java.lang.Object.wait(java.base@21.0.11/Object.java:366)
	at java.lang.Object.wait(java.base@21.0.11/Object.java:339)
	at boxOfActin.Barrier.threadDone(Barrier.java:49)
	- locked <0x00000003e6a7ea08> (a java.lang.Object)
	at boxOfActin.ThreadSet.done(ThreadSet.java:54)
	at boxOfActin.ThreadSet$ThreadSpawn.run(ThreadSet.java:38)

"Thread-161" #203 [1076681] daemon prio=5 os_prio=0 cpu=0.13ms elapsed=187.69s tid=0x00007f91882f6690 nid=1076681 in Object.wait()  [0x00007f8f067fe000]
   java.lang.Thread.State: WAITING (on object monitor)
	at java.lang.Object.wait0(java.base@21.0.11/Native Method)
	- waiting on <no object reference available>
	at java.lang.Object.wait(java.base@21.0.11/Object.java:366)
	at java.lang.Object.wait(java.base@21.0.11/Object.java:339)
	at boxOfActin.Barrier.threadDone(Barrier.java:49)
	- locked <0x00000003e6a7ea08> (a java.lang.Object)
	at boxOfActin.ThreadSet.done(ThreadSet.java:54)
	at boxOfActin.ThreadSet$ThreadSpawn.run(ThreadSet.java:38)

"Thread-162" #204 [1076682] daemon prio=5 os_prio=0 cpu=0.14ms elapsed=187.69s tid=0x00007f91882f7310 nid=1076682 in Object.wait()  [0x00007f8f066fe000]
   java.lang.Thread.State: WAITING (on object monitor)
	at java.lang.Object.wait0(java.base@21.0.11/Native Method)
	- waiting on <no object reference available>
	at java.lang.Object.wait(java.base@21.0.11/Object.java:366)
	at java.lang.Object.wait(java.base@21.0.11/Object.java:339)
	at boxOfActin.Barrier.threadDone(Barrier.java:49)
	- locked <0x00000003e6a7ea08> (a java.lang.Object)
	at boxOfActin.ThreadSet.done(ThreadSet.java:54)
	at boxOfActin.ThreadSet$ThreadSpawn.run(ThreadSet.java:38)

"Thread-163" #205 [1076683] daemon prio=5 os_prio=0 cpu=0.14ms elapsed=187.69s tid=0x00007f91882f7a20 nid=1076683 in Object.wait()  [0x00007f8f065fe000]
   java.lang.Thread.State: WAITING (on object monitor)
	at java.lang.Object.wait0(java.base@21.0.11/Native Method)
	- waiting on <no object reference available>
	at java.lang.Object.wait(java.base@21.0.11/Object.java:366)
	at java.lang.Object.wait(java.base@21.0.11/Object.java:339)
	at boxOfActin.Barrier.threadDone(Barrier.java:49)
	- locked <0x00000003e6a7ea08> (a java.lang.Object)
	at boxOfActin.ThreadSet.done(ThreadSet.java:54)
	at boxOfActin.ThreadSet$ThreadSpawn.run(ThreadSet.java:38)

"Thread-164" #206 [1076684] daemon prio=5 os_prio=0 cpu=0.14ms elapsed=187.69s tid=0x00007f91882f86b0 nid=1076684 in Object.wait()  [0x00007f8f064fe000]
   java.lang.Thread.State: WAITING (on object monitor)
	at java.lang.Object.wait0(java.base@21.0.11/Native Method)
	- waiting on <no object reference available>
	at java.lang.Object.wait(java.base@21.0.11/Object.java:366)
	at java.lang.Object.wait(java.base@21.0.11/Object.java:339)
	at boxOfActin.Barrier.threadDone(Barrier.java:49)
	- locked <0x00000003e6a7ea08> (a java.lang.Object)
	at boxOfActin.ThreadSet.done(ThreadSet.java:54)
	at boxOfActin.ThreadSet$ThreadSpawn.run(ThreadSet.java:38)

"Thread-165" #207 [1076685] daemon prio=5 os_prio=0 cpu=0.14ms elapsed=187.69s tid=0x00007f91882f8dc0 nid=1076685 in Object.wait()  [0x00007f8f063fe000]
   java.lang.Thread.State: WAITING (on object monitor)
	at java.lang.Object.wait0(java.base@21.0.11/Native Method)
	- waiting on <no object reference available>
	at java.lang.Object.wait(java.base@21.0.11/Object.java:366)
	at java.lang.Object.wait(java.base@21.0.11/Object.java:339)
	at boxOfActin.Barrier.threadDone(Barrier.java:49)
	- locked <0x00000003e6a7ea08> (a java.lang.Object)
	at boxOfActin.ThreadSet.done(ThreadSet.java:54)
	at boxOfActin.ThreadSet$ThreadSpawn.run(ThreadSet.java:38)

"Thread-166" #208 [1076686] daemon prio=5 os_prio=0 cpu=0.14ms elapsed=187.69s tid=0x00007f91882f9a60 nid=1076686 in Object.wait()  [0x00007f8f062fe000]
   java.lang.Thread.State: WAITING (on object monitor)
	at java.lang.Object.wait0(java.base@21.0.11/Native Method)
	- waiting on <no object reference available>
	at java.lang.Object.wait(java.base@21.0.11/Object.java:366)
	at java.lang.Object.wait(java.base@21.0.11/Object.java:339)
	at boxOfActin.Barrier.threadDone(Barrier.java:49)
	- locked <0x00000003e6a7ea08> (a java.lang.Object)
	at boxOfActin.ThreadSet.done(ThreadSet.java:54)
	at boxOfActin.ThreadSet$ThreadSpawn.run(ThreadSet.java:38)

"Thread-167" #209 [1076687] daemon prio=5 os_prio=0 cpu=0.12ms elapsed=187.69s tid=0x00007f91882fa710 nid=1076687 in Object.wait()  [0x00007f8f061fe000]
   java.lang.Thread.State: WAITING (on object monitor)
	at java.lang.Object.wait0(java.base@21.0.11/Native Method)
	- waiting on <no object reference available>
	at java.lang.Object.wait(java.base@21.0.11/Object.java:366)
	at java.lang.Object.wait(java.base@21.0.11/Object.java:339)
	at boxOfActin.Barrier.threadDone(Barrier.java:49)
	- locked <0x00000003e6a7ea08> (a java.lang.Object)
	at boxOfActin.ThreadSet.done(ThreadSet.java:54)
	at boxOfActin.ThreadSet$ThreadSpawn.run(ThreadSet.java:38)

"Thread-168" #210 [1076688] daemon prio=5 os_prio=0 cpu=0.13ms elapsed=187.69s tid=0x00007f91882fb3c0 nid=1076688 in Object.wait()  [0x00007f8f060fe000]
   java.lang.Thread.State: WAITING (on object monitor)
	at java.lang.Object.wait0(java.base@21.0.11/Native Method)
	- waiting on <no object reference available>
	at java.lang.Object.wait(java.base@21.0.11/Object.java:366)
	at java.lang.Object.wait(java.base@21.0.11/Object.java:339)
	at boxOfActin.Barrier.threadDone(Barrier.java:49)
	- locked <0x00000003e6a7ea08> (a java.lang.Object)
	at boxOfActin.ThreadSet.done(ThreadSet.java:54)
	at boxOfActin.ThreadSet$ThreadSpawn.run(ThreadSet.java:38)

"Thread-169" #211 [1076689] daemon prio=5 os_prio=0 cpu=0.12ms elapsed=187.69s tid=0x00007f91882fc080 nid=1076689 in Object.wait()  [0x00007f8f05ffe000]
   java.lang.Thread.State: WAITING (on object monitor)
	at java.lang.Object.wait0(java.base@21.0.11/Native Method)
	- waiting on <no object reference available>
	at java.lang.Object.wait(java.base@21.0.11/Object.java:366)
	at java.lang.Object.wait(java.base@21.0.11/Object.java:339)
	at boxOfActin.Barrier.threadDone(Barrier.java:49)
	- locked <0x00000003e6a7ea08> (a java.lang.Object)
	at boxOfActin.ThreadSet.done(ThreadSet.java:54)
	at boxOfActin.ThreadSet$ThreadSpawn.run(ThreadSet.java:38)

"Thread-170" #212 [1076690] daemon prio=5 os_prio=0 cpu=0.12ms elapsed=187.69s tid=0x00007f91882fcd40 nid=1076690 in Object.wait()  [0x00007f8f05efe000]
   java.lang.Thread.State: WAITING (on object monitor)
	at java.lang.Object.wait0(java.base@21.0.11/Native Method)
	- waiting on <no object reference available>
	at java.lang.Object.wait(java.base@21.0.11/Object.java:366)
	at java.lang.Object.wait(java.base@21.0.11/Object.java:339)
	at boxOfActin.Barrier.threadDone(Barrier.java:49)
	- locked <0x00000003e6a7ea08> (a java.lang.Object)
	at boxOfActin.ThreadSet.done(ThreadSet.java:54)
	at boxOfActin.ThreadSet$ThreadSpawn.run(ThreadSet.java:38)

"Thread-171" #213 [1076691] daemon prio=5 os_prio=0 cpu=0.16ms elapsed=187.69s tid=0x00007f9188306e60 nid=1076691 in Object.wait()  [0x00007f8f05dfe000]
   java.lang.Thread.State: WAITING (on object monitor)
	at java.lang.Object.wait0(java.base@21.0.11/Native Method)
	- waiting on <no object reference available>
	at java.lang.Object.wait(java.base@21.0.11/Object.java:366)
	at java.lang.Object.wait(java.base@21.0.11/Object.java:339)
	at boxOfActin.Barrier.threadDone(Barrier.java:49)
	- locked <0x00000003e6a7ea08> (a java.lang.Object)
	at boxOfActin.ThreadSet.done(ThreadSet.java:54)
	at boxOfActin.ThreadSet$ThreadSpawn.run(ThreadSet.java:38)

"Thread-172" #214 [1076692] daemon prio=5 os_prio=0 cpu=0.11ms elapsed=187.69s tid=0x00007f9188307b30 nid=1076692 in Object.wait()  [0x00007f8f05cfe000]
   java.lang.Thread.State: WAITING (on object monitor)
	at java.lang.Object.wait0(java.base@21.0.11/Native Method)
	- waiting on <no object reference available>
	at java.lang.Object.wait(java.base@21.0.11/Object.java:366)
	at java.lang.Object.wait(java.base@21.0.11/Object.java:339)
	at boxOfActin.Barrier.threadDone(Barrier.java:49)
	- locked <0x00000003e6a7ea08> (a java.lang.Object)
	at boxOfActin.ThreadSet.done(ThreadSet.java:54)
	at boxOfActin.ThreadSet$ThreadSpawn.run(ThreadSet.java:38)

"Thread-173" #215 [1076693] daemon prio=5 os_prio=0 cpu=0.18ms elapsed=187.69s tid=0x00007f9188308810 nid=1076693 in Object.wait()  [0x00007f8f05bfe000]
   java.lang.Thread.State: WAITING (on object monitor)
	at java.lang.Object.wait0(java.base@21.0.11/Native Method)
	- waiting on <no object reference available>
	at java.lang.Object.wait(java.base@21.0.11/Object.java:366)
	at java.lang.Object.wait(java.base@21.0.11/Object.java:339)
	at boxOfActin.Barrier.threadDone(Barrier.java:49)
	- locked <0x00000003e6a7ea08> (a java.lang.Object)
	at boxOfActin.ThreadSet.done(ThreadSet.java:54)
	at boxOfActin.ThreadSet$ThreadSpawn.run(ThreadSet.java:38)

"Thread-174" #216 [1076694] daemon prio=5 os_prio=0 cpu=0.13ms elapsed=187.69s tid=0x00007f91883094f0 nid=1076694 in Object.wait()  [0x00007f8f05afe000]
   java.lang.Thread.State: WAITING (on object monitor)
	at java.lang.Object.wait0(java.base@21.0.11/Native Method)
	- waiting on <no object reference available>
	at java.lang.Object.wait(java.base@21.0.11/Object.java:366)
	at java.lang.Object.wait(java.base@21.0.11/Object.java:339)
	at boxOfActin.Barrier.threadDone(Barrier.java:49)
	- locked <0x00000003e6a7ea08> (a java.lang.Object)
	at boxOfActin.ThreadSet.done(ThreadSet.java:54)
	at boxOfActin.ThreadSet$ThreadSpawn.run(ThreadSet.java:38)

"Thread-175" #217 [1076695] daemon prio=5 os_prio=0 cpu=0.10ms elapsed=187.69s tid=0x00007f918830a370 nid=1076695 in Object.wait()  [0x00007f8f059fe000]
   java.lang.Thread.State: WAITING (on object monitor)
	at java.lang.Object.wait0(java.base@21.0.11/Native Method)
	- waiting on <no object reference available>
	at java.lang.Object.wait(java.base@21.0.11/Object.java:366)
	at java.lang.Object.wait(java.base@21.0.11/Object.java:339)
	at boxOfActin.Barrier.threadDone(Barrier.java:49)
	- locked <0x00000003e6a7ea08> (a java.lang.Object)
	at boxOfActin.ThreadSet.done(ThreadSet.java:54)
	at boxOfActin.ThreadSet$ThreadSpawn.run(ThreadSet.java:38)

"Thread-176" #218 [1076696] daemon prio=5 os_prio=0 cpu=2.34ms elapsed=187.69s tid=0x00007f918830b960 nid=1076696 in Object.wait()  [0x00007f8f058fe000]
   java.lang.Thread.State: WAITING (on object monitor)
	at java.lang.Object.wait0(java.base@21.0.11/Native Method)
	- waiting on <no object reference available>
	at java.lang.Object.wait(java.base@21.0.11/Object.java:366)
	at java.lang.Object.wait(java.base@21.0.11/Object.java:339)
	at boxOfActin.Barrier.threadDone(Barrier.java:49)
	- locked <0x00000003e6b43c40> (a java.lang.Object)
	at boxOfActin.ThreadSet.done(ThreadSet.java:54)
	at boxOfActin.ThreadSet$ThreadSpawn.run(ThreadSet.java:41)

"Thread-177" #219 [1076697] daemon prio=5 os_prio=0 cpu=2.52ms elapsed=187.69s tid=0x00007f918830ce50 nid=1076697 in Object.wait()  [0x00007f8f057fe000]
   java.lang.Thread.State: WAITING (on object monitor)
	at java.lang.Object.wait0(java.base@21.0.11/Native Method)
	- waiting on <no object reference available>
	at java.lang.Object.wait(java.base@21.0.11/Object.java:366)
	at java.lang.Object.wait(java.base@21.0.11/Object.java:339)
	at boxOfActin.Barrier.threadDone(Barrier.java:49)
	- locked <0x00000003e6b43c40> (a java.lang.Object)
	at boxOfActin.ThreadSet.done(ThreadSet.java:54)
	at boxOfActin.ThreadSet$ThreadSpawn.run(ThreadSet.java:41)

"Thread-178" #220 [1076698] daemon prio=5 os_prio=0 cpu=2.64ms elapsed=187.69s tid=0x00007f918830dfe0 nid=1076698 in Object.wait()  [0x00007f8f056fe000]
   java.lang.Thread.State: WAITING (on object monitor)
	at java.lang.Object.wait0(java.base@21.0.11/Native Method)
	- waiting on <no object reference available>
	at java.lang.Object.wait(java.base@21.0.11/Object.java:366)
	at java.lang.Object.wait(java.base@21.0.11/Object.java:339)
	at boxOfActin.Barrier.threadDone(Barrier.java:49)
	- locked <0x00000003e6b43c40> (a java.lang.Object)
	at boxOfActin.ThreadSet.done(ThreadSet.java:54)
	at boxOfActin.ThreadSet$ThreadSpawn.run(ThreadSet.java:41)

"Thread-179" #221 [1076699] daemon prio=5 os_prio=0 cpu=2.54ms elapsed=187.69s tid=0x00007f918830f5f0 nid=1076699 in Object.wait()  [0x00007f8f055fe000]
   java.lang.Thread.State: WAITING (on object monitor)
	at java.lang.Object.wait0(java.base@21.0.11/Native Method)
	- waiting on <no object reference available>
	at java.lang.Object.wait(java.base@21.0.11/Object.java:366)
	at java.lang.Object.wait(java.base@21.0.11/Object.java:339)
	at boxOfActin.Barrier.threadDone(Barrier.java:49)
	- locked <0x00000003e6b43c40> (a java.lang.Object)
	at boxOfActin.ThreadSet.done(ThreadSet.java:54)
	at boxOfActin.ThreadSet$ThreadSpawn.run(ThreadSet.java:41)

"Thread-180" #222 [1076700] daemon prio=5 os_prio=0 cpu=3.00ms elapsed=187.69s tid=0x00007f9188310b20 nid=1076700 in Object.wait()  [0x00007f8f054fe000]
   java.lang.Thread.State: WAITING (on object monitor)
	at java.lang.Object.wait0(java.base@21.0.11/Native Method)
	- waiting on <no object reference available>
	at java.lang.Object.wait(java.base@21.0.11/Object.java:366)
	at java.lang.Object.wait(java.base@21.0.11/Object.java:339)
	at boxOfActin.Barrier.threadDone(Barrier.java:49)
	- locked <0x00000003e6b43c40> (a java.lang.Object)
	at boxOfActin.ThreadSet.done(ThreadSet.java:54)
	at boxOfActin.ThreadSet$ThreadSpawn.run(ThreadSet.java:41)

"Thread-181" #223 [1076701] daemon prio=5 os_prio=0 cpu=2.95ms elapsed=187.69s tid=0x00007f9188312140 nid=1076701 in Object.wait()  [0x00007f8f053fe000]
   java.lang.Thread.State: WAITING (on object monitor)
	at java.lang.Object.wait0(java.base@21.0.11/Native Method)
	- waiting on <no object reference available>
	at java.lang.Object.wait(java.base@21.0.11/Object.java:366)
	at java.lang.Object.wait(java.base@21.0.11/Object.java:339)
	at boxOfActin.Barrier.threadDone(Barrier.java:49)
	- locked <0x00000003e6b43c40> (a java.lang.Object)
	at boxOfActin.ThreadSet.done(ThreadSet.java:54)
	at boxOfActin.ThreadSet$ThreadSpawn.run(ThreadSet.java:41)

"Thread-182" #224 [1076702] daemon prio=5 os_prio=0 cpu=2.88ms elapsed=187.69s tid=0x00007f9188313660 nid=1076702 in Object.wait()  [0x00007f8f052fe000]
   java.lang.Thread.State: WAITING (on object monitor)
	at java.lang.Object.wait0(java.base@21.0.11/Native Method)
	- waiting on <no object reference available>
	at java.lang.Object.wait(java.base@21.0.11/Object.java:366)
	at java.lang.Object.wait(java.base@21.0.11/Object.java:339)
	at boxOfActin.Barrier.threadDone(Barrier.java:49)
	- locked <0x00000003e6b43c40> (a java.lang.Object)
	at boxOfActin.ThreadSet.done(ThreadSet.java:54)
	at boxOfActin.ThreadSet$ThreadSpawn.run(ThreadSet.java:41)

"Thread-183" #225 [1076703] daemon prio=5 os_prio=0 cpu=2.94ms elapsed=187.69s tid=0x00007f9188314f10 nid=1076703 in Object.wait()  [0x00007f8f051fe000]
   java.lang.Thread.State: WAITING (on object monitor)
	at java.lang.Object.wait0(java.base@21.0.11/Native Method)
	- waiting on <no object reference available>
	at java.lang.Object.wait(java.base@21.0.11/Object.java:366)
	at java.lang.Object.wait(java.base@21.0.11/Object.java:339)
	at boxOfActin.Barrier.threadDone(Barrier.java:49)
	- locked <0x00000003e6b43c40> (a java.lang.Object)
	at boxOfActin.ThreadSet.done(ThreadSet.java:54)
	at boxOfActin.ThreadSet$ThreadSpawn.run(ThreadSet.java:41)

"Thread-184" #226 [1076704] daemon prio=5 os_prio=0 cpu=0.08ms elapsed=187.69s tid=0x00007f9188316540 nid=1076704 in Object.wait()  [0x00007f8f050fe000]
   java.lang.Thread.State: WAITING (on object monitor)
	at java.lang.Object.wait0(java.base@21.0.11/Native Method)
	- waiting on <no object reference available>
	at java.lang.Object.wait(java.base@21.0.11/Object.java:366)
	at java.lang.Object.wait(java.base@21.0.11/Object.java:339)
	at boxOfActin.Barrier.threadDone(Barrier.java:49)
	- locked <0x00000003e6b58418> (a java.lang.Object)
	at boxOfActin.ThreadSet.done(ThreadSet.java:54)
	at boxOfActin.ThreadSet$ThreadSpawn.run(ThreadSet.java:38)

"Thread-185" #227 [1076705] daemon prio=5 os_prio=0 cpu=0.10ms elapsed=187.69s tid=0x00007f9188317b50 nid=1076705 in Object.wait()  [0x00007f8f04ffe000]
   java.lang.Thread.State: WAITING (on object monitor)
	at java.lang.Object.wait0(java.base@21.0.11/Native Method)
	- waiting on <no object reference available>
	at java.lang.Object.wait(java.base@21.0.11/Object.java:366)
	at java.lang.Object.wait(java.base@21.0.11/Object.java:339)
	at boxOfActin.Barrier.threadDone(Barrier.java:49)
	- locked <0x00000003e6b58418> (a java.lang.Object)
	at boxOfActin.ThreadSet.done(ThreadSet.java:54)
	at boxOfActin.ThreadSet$ThreadSpawn.run(ThreadSet.java:38)

"Thread-186" #228 [1076706] daemon prio=5 os_prio=0 cpu=0.05ms elapsed=187.69s tid=0x00007f9188319050 nid=1076706 in Object.wait()  [0x00007f8f04efe000]
   java.lang.Thread.State: WAITING (on object monitor)
	at java.lang.Object.wait0(java.base@21.0.11/Native Method)
	- waiting on <no object reference available>
	at java.lang.Object.wait(java.base@21.0.11/Object.java:366)
	at java.lang.Object.wait(java.base@21.0.11/Object.java:339)
	at boxOfActin.Barrier.threadDone(Barrier.java:49)
	- locked <0x00000003e6b58418> (a java.lang.Object)
	at boxOfActin.ThreadSet.done(ThreadSet.java:54)
	at boxOfActin.ThreadSet$ThreadSpawn.run(ThreadSet.java:38)

"Thread-187" #229 [1076707] daemon prio=5 os_prio=0 cpu=0.06ms elapsed=187.69s tid=0x00007f918831a5d0 nid=1076707 in Object.wait()  [0x00007f8f04dfe000]
   java.lang.Thread.State: WAITING (on object monitor)
	at java.lang.Object.wait0(java.base@21.0.11/Native Method)
	- waiting on <no object reference available>
	at java.lang.Object.wait(java.base@21.0.11/Object.java:366)
	at java.lang.Object.wait(java.base@21.0.11/Object.java:339)
	at boxOfActin.Barrier.threadDone(Barrier.java:49)
	- locked <0x00000003e6b58418> (a java.lang.Object)
	at boxOfActin.ThreadSet.done(ThreadSet.java:54)
	at boxOfActin.ThreadSet$ThreadSpawn.run(ThreadSet.java:38)

"Thread-188" #230 [1076708] daemon prio=5 os_prio=0 cpu=0.05ms elapsed=187.69s tid=0x00007f918831bb70 nid=1076708 in Object.wait()  [0x00007f8f04cfe000]
   java.lang.Thread.State: WAITING (on object monitor)
	at java.lang.Object.wait0(java.base@21.0.11/Native Method)
	- waiting on <no object reference available>
	at java.lang.Object.wait(java.base@21.0.11/Object.java:366)
	at java.lang.Object.wait(java.base@21.0.11/Object.java:339)
	at boxOfActin.Barrier.threadDone(Barrier.java:49)
	- locked <0x00000003e6b58418> (a java.lang.Object)
	at boxOfActin.ThreadSet.done(ThreadSet.java:54)
	at boxOfActin.ThreadSet$ThreadSpawn.run(ThreadSet.java:38)

"Thread-189" #231 [1076709] daemon prio=5 os_prio=0 cpu=0.05ms elapsed=187.69s tid=0x00007f918831d1d0 nid=1076709 in Object.wait()  [0x00007f8f04bfe000]
   java.lang.Thread.State: WAITING (on object monitor)
	at java.lang.Object.wait0(java.base@21.0.11/Native Method)
	- waiting on <no object reference available>
	at java.lang.Object.wait(java.base@21.0.11/Object.java:366)
	at java.lang.Object.wait(java.base@21.0.11/Object.java:339)
	at boxOfActin.Barrier.threadDone(Barrier.java:49)
	- locked <0x00000003e6b58418> (a java.lang.Object)
	at boxOfActin.ThreadSet.done(ThreadSet.java:54)
	at boxOfActin.ThreadSet$ThreadSpawn.run(ThreadSet.java:38)

"Thread-190" #232 [1076710] daemon prio=5 os_prio=0 cpu=0.04ms elapsed=187.69s tid=0x00007f918831e6d0 nid=1076710 in Object.wait()  [0x00007f8f04afe000]
   java.lang.Thread.State: WAITING (on object monitor)
	at java.lang.Object.wait0(java.base@21.0.11/Native Method)
	- waiting on <no object reference available>
	at java.lang.Object.wait(java.base@21.0.11/Object.java:366)
	at java.lang.Object.wait(java.base@21.0.11/Object.java:339)
	at boxOfActin.Barrier.threadDone(Barrier.java:49)
	- locked <0x00000003e6b58418> (a java.lang.Object)
	at boxOfActin.ThreadSet.done(ThreadSet.java:54)
	at boxOfActin.ThreadSet$ThreadSpawn.run(ThreadSet.java:38)

"Thread-191" #233 [1076711] daemon prio=5 os_prio=0 cpu=0.04ms elapsed=187.69s tid=0x00007f918831fd20 nid=1076711 in Object.wait()  [0x00007f8f049fe000]
   java.lang.Thread.State: WAITING (on object monitor)
	at java.lang.Object.wait0(java.base@21.0.11/Native Method)
	- waiting on <no object reference available>
	at java.lang.Object.wait(java.base@21.0.11/Object.java:366)
	at java.lang.Object.wait(java.base@21.0.11/Object.java:339)
	at boxOfActin.Barrier.threadDone(Barrier.java:49)
	- locked <0x00000003e6b58418> (a java.lang.Object)
	at boxOfActin.ThreadSet.done(ThreadSet.java:54)
	at boxOfActin.ThreadSet$ThreadSpawn.run(ThreadSet.java:38)

"Thread-192" #234 [1076712] daemon prio=5 os_prio=0 cpu=0.09ms elapsed=187.69s tid=0x00007f91883217d0 nid=1076712 in Object.wait()  [0x00007f8f048fe000]
   java.lang.Thread.State: WAITING (on object monitor)
	at java.lang.Object.wait0(java.base@21.0.11/Native Method)
	- waiting on <no object reference available>
	at java.lang.Object.wait(java.base@21.0.11/Object.java:366)
	at java.lang.Object.wait(java.base@21.0.11/Object.java:339)
	at boxOfActin.Barrier.threadDone(Barrier.java:49)
	- locked <0x00000003e6f29e08> (a java.lang.Object)
	at boxOfActin.ThreadSet.done(ThreadSet.java:54)
	at boxOfActin.ThreadSet$ThreadSpawn.run(ThreadSet.java:38)

"Thread-193" #235 [1076713] daemon prio=5 os_prio=0 cpu=0.07ms elapsed=187.69s tid=0x00007f91883232f0 nid=1076713 in Object.wait()  [0x00007f8f047fe000]
   java.lang.Thread.State: WAITING (on object monitor)
	at java.lang.Object.wait0(java.base@21.0.11/Native Method)
	- waiting on <no object reference available>
	at java.lang.Object.wait(java.base@21.0.11/Object.java:366)
	at java.lang.Object.wait(java.base@21.0.11/Object.java:339)
	at boxOfActin.Barrier.threadDone(Barrier.java:49)
	- locked <0x00000003e6f29e08> (a java.lang.Object)
	at boxOfActin.ThreadSet.done(ThreadSet.java:54)
	at boxOfActin.ThreadSet$ThreadSpawn.run(ThreadSet.java:38)

"Thread-194" #236 [1076714] daemon prio=5 os_prio=0 cpu=0.10ms elapsed=187.69s tid=0x00007f9188324540 nid=1076714 in Object.wait()  [0x00007f8f046fe000]
   java.lang.Thread.State: WAITING (on object monitor)
	at java.lang.Object.wait0(java.base@21.0.11/Native Method)
	- waiting on <no object reference available>
	at java.lang.Object.wait(java.base@21.0.11/Object.java:366)
	at java.lang.Object.wait(java.base@21.0.11/Object.java:339)
	at boxOfActin.Barrier.threadDone(Barrier.java:49)
	- locked <0x00000003e6f29e08> (a java.lang.Object)
	at boxOfActin.ThreadSet.done(ThreadSet.java:54)
	at boxOfActin.ThreadSet$ThreadSpawn.run(ThreadSet.java:38)

"Thread-195" #237 [1076715] daemon prio=5 os_prio=0 cpu=0.05ms elapsed=187.69s tid=0x00007f9188325af0 nid=1076715 in Object.wait()  [0x00007f8f045fe000]
   java.lang.Thread.State: WAITING (on object monitor)
	at java.lang.Object.wait0(java.base@21.0.11/Native Method)
	- waiting on <no object reference available>
	at java.lang.Object.wait(java.base@21.0.11/Object.java:366)
	at java.lang.Object.wait(java.base@21.0.11/Object.java:339)
	at boxOfActin.Barrier.threadDone(Barrier.java:49)
	- locked <0x00000003e6f29e08> (a java.lang.Object)
	at boxOfActin.ThreadSet.done(ThreadSet.java:54)
	at boxOfActin.ThreadSet$ThreadSpawn.run(ThreadSet.java:38)

"Thread-196" #238 [1076716] daemon prio=5 os_prio=0 cpu=0.05ms elapsed=187.69s tid=0x00007f91883a12b0 nid=1076716 in Object.wait()  [0x00007f8f044fe000]
   java.lang.Thread.State: WAITING (on object monitor)
	at java.lang.Object.wait0(java.base@21.0.11/Native Method)
	- waiting on <no object reference available>
	at java.lang.Object.wait(java.base@21.0.11/Object.java:366)
	at java.lang.Object.wait(java.base@21.0.11/Object.java:339)
	at boxOfActin.Barrier.threadDone(Barrier.java:49)
	- locked <0x00000003e6f29e08> (a java.lang.Object)
	at boxOfActin.ThreadSet.done(ThreadSet.java:54)
	at boxOfActin.ThreadSet$ThreadSpawn.run(ThreadSet.java:38)

"Thread-197" #239 [1076717] daemon prio=5 os_prio=0 cpu=0.04ms elapsed=187.69s tid=0x00007f91883a2450 nid=1076717 in Object.wait()  [0x00007f8f043fe000]
   java.lang.Thread.State: WAITING (on object monitor)
	at java.lang.Object.wait0(java.base@21.0.11/Native Method)
	- waiting on <no object reference available>
	at java.lang.Object.wait(java.base@21.0.11/Object.java:366)
	at java.lang.Object.wait(java.base@21.0.11/Object.java:339)
	at boxOfActin.Barrier.threadDone(Barrier.java:49)
	- locked <0x00000003e6f29e08> (a java.lang.Object)
	at boxOfActin.ThreadSet.done(ThreadSet.java:54)
	at boxOfActin.ThreadSet$ThreadSpawn.run(ThreadSet.java:38)

"Thread-198" #240 [1076718] daemon prio=5 os_prio=0 cpu=0.04ms elapsed=187.69s tid=0x00007f91883a39f0 nid=1076718 in Object.wait()  [0x00007f8f042fe000]
   java.lang.Thread.State: WAITING (on object monitor)
	at java.lang.Object.wait0(java.base@21.0.11/Native Method)
	- waiting on <no object reference available>
	at java.lang.Object.wait(java.base@21.0.11/Object.java:366)
	at java.lang.Object.wait(java.base@21.0.11/Object.java:339)
	at boxOfActin.Barrier.threadDone(Barrier.java:49)
	- locked <0x00000003e6f29e08> (a java.lang.Object)
	at boxOfActin.ThreadSet.done(ThreadSet.java:54)
	at boxOfActin.ThreadSet$ThreadSpawn.run(ThreadSet.java:38)

"Thread-199" #241 [1076719] daemon prio=5 os_prio=0 cpu=0.05ms elapsed=187.69s tid=0x00007f91883a5220 nid=1076719 in Object.wait()  [0x00007f8f041fe000]
   java.lang.Thread.State: WAITING (on object monitor)
	at java.lang.Object.wait0(java.base@21.0.11/Native Method)
	- waiting on <no object reference available>
	at java.lang.Object.wait(java.base@21.0.11/Object.java:366)
	at java.lang.Object.wait(java.base@21.0.11/Object.java:339)
	at boxOfActin.Barrier.threadDone(Barrier.java:49)
	- locked <0x00000003e6f29e08> (a java.lang.Object)
	at boxOfActin.ThreadSet.done(ThreadSet.java:54)
	at boxOfActin.ThreadSet$ThreadSpawn.run(ThreadSet.java:38)

"Thread-200" #242 [1076720] daemon prio=5 os_prio=0 cpu=0.05ms elapsed=187.69s tid=0x00007f91883a67d0 nid=1076720 in Object.wait()  [0x00007f8f040fe000]
   java.lang.Thread.State: WAITING (on object monitor)
	at java.lang.Object.wait0(java.base@21.0.11/Native Method)
	- waiting on <no object reference available>
	at java.lang.Object.wait(java.base@21.0.11/Object.java:366)
	at java.lang.Object.wait(java.base@21.0.11/Object.java:339)
	at boxOfActin.Barrier.threadDone(Barrier.java:49)
	- locked <0x00000003e6f29e08> (a java.lang.Object)
	at boxOfActin.ThreadSet.done(ThreadSet.java:54)
	at boxOfActin.ThreadSet$ThreadSpawn.run(ThreadSet.java:38)

"Thread-201" #243 [1076721] daemon prio=5 os_prio=0 cpu=0.04ms elapsed=187.69s tid=0x00007f91883a7d70 nid=1076721 in Object.wait()  [0x00007f8effffe000]
   java.lang.Thread.State: WAITING (on object monitor)
	at java.lang.Object.wait0(java.base@21.0.11/Native Method)
	- waiting on <no object reference available>
	at java.lang.Object.wait(java.base@21.0.11/Object.java:366)
	at java.lang.Object.wait(java.base@21.0.11/Object.java:339)
	at boxOfActin.Barrier.threadDone(Barrier.java:49)
	- locked <0x00000003e6f29e08> (a java.lang.Object)
	at boxOfActin.ThreadSet.done(ThreadSet.java:54)
	at boxOfActin.ThreadSet$ThreadSpawn.run(ThreadSet.java:38)

"Thread-202" #244 [1076722] daemon prio=5 os_prio=0 cpu=0.05ms elapsed=187.69s tid=0x00007f91883a9310 nid=1076722 in Object.wait()  [0x00007f8effefe000]
   java.lang.Thread.State: WAITING (on object monitor)
	at java.lang.Object.wait0(java.base@21.0.11/Native Method)
	- waiting on <no object reference available>
	at java.lang.Object.wait(java.base@21.0.11/Object.java:366)
	at java.lang.Object.wait(java.base@21.0.11/Object.java:339)
	at boxOfActin.Barrier.threadDone(Barrier.java:49)
	- locked <0x00000003e6f29e08> (a java.lang.Object)
	at boxOfActin.ThreadSet.done(ThreadSet.java:54)
	at boxOfActin.ThreadSet$ThreadSpawn.run(ThreadSet.java:38)

"Thread-203" #245 [1076723] daemon prio=5 os_prio=0 cpu=0.04ms elapsed=187.69s tid=0x00007f91883aa8c0 nid=1076723 in Object.wait()  [0x00007f8effdfe000]
   java.lang.Thread.State: WAITING (on object monitor)
	at java.lang.Object.wait0(java.base@21.0.11/Native Method)
	- waiting on <no object reference available>
	at java.lang.Object.wait(java.base@21.0.11/Object.java:366)
	at java.lang.Object.wait(java.base@21.0.11/Object.java:339)
	at boxOfActin.Barrier.threadDone(Barrier.java:49)
	- locked <0x00000003e6f29e08> (a java.lang.Object)
	at boxOfActin.ThreadSet.done(ThreadSet.java:54)
	at boxOfActin.ThreadSet$ThreadSpawn.run(ThreadSet.java:38)

"Thread-204" #246 [1076724] daemon prio=5 os_prio=0 cpu=0.05ms elapsed=187.69s tid=0x00007f91883abe70 nid=1076724 in Object.wait()  [0x00007f8effcfe000]
   java.lang.Thread.State: WAITING (on object monitor)
	at java.lang.Object.wait0(java.base@21.0.11/Native Method)
	- waiting on <no object reference available>
	at java.lang.Object.wait(java.base@21.0.11/Object.java:366)
	at java.lang.Object.wait(java.base@21.0.11/Object.java:339)
	at boxOfActin.Barrier.threadDone(Barrier.java:49)
	- locked <0x00000003e6f29e08> (a java.lang.Object)
	at boxOfActin.ThreadSet.done(ThreadSet.java:54)
	at boxOfActin.ThreadSet$ThreadSpawn.run(ThreadSet.java:38)

"Thread-205" #247 [1076725] daemon prio=5 os_prio=0 cpu=0.05ms elapsed=187.69s tid=0x00007f91883ad410 nid=1076725 in Object.wait()  [0x00007f8effbfe000]
   java.lang.Thread.State: WAITING (on object monitor)
	at java.lang.Object.wait0(java.base@21.0.11/Native Method)
	- waiting on <no object reference available>
	at java.lang.Object.wait(java.base@21.0.11/Object.java:366)
	at java.lang.Object.wait(java.base@21.0.11/Object.java:339)
	at boxOfActin.Barrier.threadDone(Barrier.java:49)
	- locked <0x00000003e6f29e08> (a java.lang.Object)
	at boxOfActin.ThreadSet.done(ThreadSet.java:54)
	at boxOfActin.ThreadSet$ThreadSpawn.run(ThreadSet.java:38)

"Thread-206" #248 [1076726] daemon prio=5 os_prio=0 cpu=0.05ms elapsed=187.69s tid=0x00007f91883ae5d0 nid=1076726 in Object.wait()  [0x00007f8effafe000]
   java.lang.Thread.State: WAITING (on object monitor)
	at java.lang.Object.wait0(java.base@21.0.11/Native Method)
	- waiting on <no object reference available>
	at java.lang.Object.wait(java.base@21.0.11/Object.java:366)
	at java.lang.Object.wait(java.base@21.0.11/Object.java:339)
	at boxOfActin.Barrier.threadDone(Barrier.java:49)
	- locked <0x00000003e6f29e08> (a java.lang.Object)
	at boxOfActin.ThreadSet.done(ThreadSet.java:54)
	at boxOfActin.ThreadSet$ThreadSpawn.run(ThreadSet.java:38)

"Thread-207" #249 [1076727] daemon prio=5 os_prio=0 cpu=0.04ms elapsed=187.69s tid=0x00007f91883af780 nid=1076727 in Object.wait()  [0x00007f8eff9fe000]
   java.lang.Thread.State: WAITING (on object monitor)
	at java.lang.Object.wait0(java.base@21.0.11/Native Method)
	- waiting on <no object reference available>
	at java.lang.Object.wait(java.base@21.0.11/Object.java:366)
	at java.lang.Object.wait(java.base@21.0.11/Object.java:339)
	at boxOfActin.Barrier.threadDone(Barrier.java:49)
	- locked <0x00000003e6f29e08> (a java.lang.Object)
	at boxOfActin.ThreadSet.done(ThreadSet.java:54)
	at boxOfActin.ThreadSet$ThreadSpawn.run(ThreadSet.java:38)

"Thread-208" #250 [1076728] daemon prio=5 os_prio=0 cpu=0.09ms elapsed=187.68s tid=0x00007f91883b13f0 nid=1076728 in Object.wait()  [0x00007f8eff8fe000]
   java.lang.Thread.State: WAITING (on object monitor)
	at java.lang.Object.wait0(java.base@21.0.11/Native Method)
	- waiting on <no object reference available>
	at java.lang.Object.wait(java.base@21.0.11/Object.java:366)
	at java.lang.Object.wait(java.base@21.0.11/Object.java:339)
	at boxOfActin.Barrier.threadDone(Barrier.java:49)
	- locked <0x00000003e6f2b8c8> (a java.lang.Object)
	at boxOfActin.ThreadSet.done(ThreadSet.java:54)
	at boxOfActin.ThreadSet$ThreadSpawn.run(ThreadSet.java:38)

"Thread-209" #251 [1076729] daemon prio=5 os_prio=0 cpu=0.06ms elapsed=187.68s tid=0x00007f91883b27f0 nid=1076729 in Object.wait()  [0x00007f8eff7fe000]
   java.lang.Thread.State: WAITING (on object monitor)
	at java.lang.Object.wait0(java.base@21.0.11/Native Method)
	- waiting on <no object reference available>
	at java.lang.Object.wait(java.base@21.0.11/Object.java:366)
	at java.lang.Object.wait(java.base@21.0.11/Object.java:339)
	at boxOfActin.Barrier.threadDone(Barrier.java:49)
	- locked <0x00000003e6f2b8c8> (a java.lang.Object)
	at boxOfActin.ThreadSet.done(ThreadSet.java:54)
	at boxOfActin.ThreadSet$ThreadSpawn.run(ThreadSet.java:38)

"Thread-210" #252 [1076730] daemon prio=5 os_prio=0 cpu=0.09ms elapsed=187.68s tid=0x00007f91883b3ad0 nid=1076730 in Object.wait()  [0x00007f8eff6fe000]
   java.lang.Thread.State: WAITING (on object monitor)
	at java.lang.Object.wait0(java.base@21.0.11/Native Method)
	- waiting on <no object reference available>
	at java.lang.Object.wait(java.base@21.0.11/Object.java:366)
	at java.lang.Object.wait(java.base@21.0.11/Object.java:339)
	at boxOfActin.Barrier.threadDone(Barrier.java:49)
	- locked <0x00000003e6f2b8c8> (a java.lang.Object)
	at boxOfActin.ThreadSet.done(ThreadSet.java:54)
	at boxOfActin.ThreadSet$ThreadSpawn.run(ThreadSet.java:38)

"Thread-211" #253 [1076731] daemon prio=5 os_prio=0 cpu=0.16ms elapsed=187.68s tid=0x00007f91883b4bb0 nid=1076731 in Object.wait()  [0x00007f8eff5fe000]
   java.lang.Thread.State: WAITING (on object monitor)
	at java.lang.Object.wait0(java.base@21.0.11/Native Method)
	- waiting on <no object reference available>
	at java.lang.Object.wait(java.base@21.0.11/Object.java:366)
	at java.lang.Object.wait(java.base@21.0.11/Object.java:339)
	at boxOfActin.Barrier.threadDone(Barrier.java:49)
	- locked <0x00000003e6f2b8c8> (a java.lang.Object)
	at boxOfActin.ThreadSet.done(ThreadSet.java:54)
	at boxOfActin.ThreadSet$ThreadSpawn.run(ThreadSet.java:38)

"Thread-212" #254 [1076732] daemon prio=5 os_prio=0 cpu=0.10ms elapsed=187.68s tid=0x00007f91883b7320 nid=1076732 in Object.wait()  [0x00007f8eff4fe000]
   java.lang.Thread.State: WAITING (on object monitor)
	at java.lang.Object.wait0(java.base@21.0.11/Native Method)
	- waiting on <no object reference available>
	at java.lang.Object.wait(java.base@21.0.11/Object.java:366)
	at java.lang.Object.wait(java.base@21.0.11/Object.java:339)
	at boxOfActin.Barrier.threadDone(Barrier.java:49)
	- locked <0x00000003e6f2b8c8> (a java.lang.Object)
	at boxOfActin.ThreadSet.done(ThreadSet.java:54)
	at boxOfActin.ThreadSet$ThreadSpawn.run(ThreadSet.java:38)

"Thread-213" #255 [1076733] daemon prio=5 os_prio=0 cpu=0.08ms elapsed=187.68s tid=0x00007f91883b86f0 nid=1076733 in Object.wait()  [0x00007f8eff3fe000]
   java.lang.Thread.State: WAITING (on object monitor)
	at java.lang.Object.wait0(java.base@21.0.11/Native Method)
	- waiting on <no object reference available>
	at java.lang.Object.wait(java.base@21.0.11/Object.java:366)
	at java.lang.Object.wait(java.base@21.0.11/Object.java:339)
	at boxOfActin.Barrier.threadDone(Barrier.java:49)
	- locked <0x00000003e6f2b8c8> (a java.lang.Object)
	at boxOfActin.ThreadSet.done(ThreadSet.java:54)
	at boxOfActin.ThreadSet$ThreadSpawn.run(ThreadSet.java:38)

"Thread-214" #256 [1076734] daemon prio=5 os_prio=0 cpu=0.05ms elapsed=187.68s tid=0x00007f91883b7fe0 nid=1076734 in Object.wait()  [0x00007f8eff2fe000]
   java.lang.Thread.State: WAITING (on object monitor)
	at java.lang.Object.wait0(java.base@21.0.11/Native Method)
	- waiting on <no object reference available>
	at java.lang.Object.wait(java.base@21.0.11/Object.java:366)
	at java.lang.Object.wait(java.base@21.0.11/Object.java:339)
	at boxOfActin.Barrier.threadDone(Barrier.java:49)
	- locked <0x00000003e6f2b8c8> (a java.lang.Object)
	at boxOfActin.ThreadSet.done(ThreadSet.java:54)
	at boxOfActin.ThreadSet$ThreadSpawn.run(ThreadSet.java:38)

"Thread-215" #257 [1076735] daemon prio=5 os_prio=0 cpu=0.09ms elapsed=187.68s tid=0x00007f91883b9570 nid=1076735 in Object.wait()  [0x00007f8eff1fe000]
   java.lang.Thread.State: WAITING (on object monitor)
	at java.lang.Object.wait0(java.base@21.0.11/Native Method)
	- waiting on <no object reference available>
	at java.lang.Object.wait(java.base@21.0.11/Object.java:366)
	at java.lang.Object.wait(java.base@21.0.11/Object.java:339)
	at boxOfActin.Barrier.threadDone(Barrier.java:49)
	- locked <0x00000003e6f2b8c8> (a java.lang.Object)
	at boxOfActin.ThreadSet.done(ThreadSet.java:54)
	at boxOfActin.ThreadSet$ThreadSpawn.run(ThreadSet.java:38)

"Thread-216" #258 [1076736] daemon prio=5 os_prio=0 cpu=0.04ms elapsed=187.68s tid=0x00007f91883bad80 nid=1076736 in Object.wait()  [0x00007f8eff0fe000]
   java.lang.Thread.State: WAITING (on object monitor)
	at java.lang.Object.wait0(java.base@21.0.11/Native Method)
	- waiting on <no object reference available>
	at java.lang.Object.wait(java.base@21.0.11/Object.java:366)
	at java.lang.Object.wait(java.base@21.0.11/Object.java:339)
	at boxOfActin.Barrier.threadDone(Barrier.java:49)
	- locked <0x00000003e6f2b8c8> (a java.lang.Object)
	at boxOfActin.ThreadSet.done(ThreadSet.java:54)
	at boxOfActin.ThreadSet$ThreadSpawn.run(ThreadSet.java:38)

"Thread-217" #259 [1076737] daemon prio=5 os_prio=0 cpu=0.05ms elapsed=187.68s tid=0x00007f91883bc320 nid=1076737 in Object.wait()  [0x00007f8efeffe000]
   java.lang.Thread.State: WAITING (on object monitor)
	at java.lang.Object.wait0(java.base@21.0.11/Native Method)
	- waiting on <no object reference available>
	at java.lang.Object.wait(java.base@21.0.11/Object.java:366)
	at java.lang.Object.wait(java.base@21.0.11/Object.java:339)
	at boxOfActin.Barrier.threadDone(Barrier.java:49)
	- locked <0x00000003e6f2b8c8> (a java.lang.Object)
	at boxOfActin.ThreadSet.done(ThreadSet.java:54)
	at boxOfActin.ThreadSet$ThreadSpawn.run(ThreadSet.java:38)

"Thread-218" #260 [1076738] daemon prio=5 os_prio=0 cpu=0.05ms elapsed=187.68s tid=0x00007f91883bd8c0 nid=1076738 in Object.wait()  [0x00007f8efeefe000]
   java.lang.Thread.State: WAITING (on object monitor)
	at java.lang.Object.wait0(java.base@21.0.11/Native Method)
	- waiting on <no object reference available>
	at java.lang.Object.wait(java.base@21.0.11/Object.java:366)
	at java.lang.Object.wait(java.base@21.0.11/Object.java:339)
	at boxOfActin.Barrier.threadDone(Barrier.java:49)
	- locked <0x00000003e6f2b8c8> (a java.lang.Object)
	at boxOfActin.ThreadSet.done(ThreadSet.java:54)
	at boxOfActin.ThreadSet$ThreadSpawn.run(ThreadSet.java:38)

"Thread-219" #261 [1076739] daemon prio=5 os_prio=0 cpu=0.05ms elapsed=187.68s tid=0x00007f91883bee70 nid=1076739 in Object.wait()  [0x00007f8efedfe000]
   java.lang.Thread.State: WAITING (on object monitor)
	at java.lang.Object.wait0(java.base@21.0.11/Native Method)
	- waiting on <no object reference available>
	at java.lang.Object.wait(java.base@21.0.11/Object.java:366)
	at java.lang.Object.wait(java.base@21.0.11/Object.java:339)
	at boxOfActin.Barrier.threadDone(Barrier.java:49)
	- locked <0x00000003e6f2b8c8> (a java.lang.Object)
	at boxOfActin.ThreadSet.done(ThreadSet.java:54)
	at boxOfActin.ThreadSet$ThreadSpawn.run(ThreadSet.java:38)

"Thread-220" #262 [1076740] daemon prio=5 os_prio=0 cpu=0.04ms elapsed=187.68s tid=0x00007f91883c0400 nid=1076740 in Object.wait()  [0x00007f8efecfe000]
   java.lang.Thread.State: WAITING (on object monitor)
	at java.lang.Object.wait0(java.base@21.0.11/Native Method)
	- waiting on <no object reference available>
	at java.lang.Object.wait(java.base@21.0.11/Object.java:366)
	at java.lang.Object.wait(java.base@21.0.11/Object.java:339)
	at boxOfActin.Barrier.threadDone(Barrier.java:49)
	- locked <0x00000003e6f2b8c8> (a java.lang.Object)
	at boxOfActin.ThreadSet.done(ThreadSet.java:54)
	at boxOfActin.ThreadSet$ThreadSpawn.run(ThreadSet.java:38)

"Thread-221" #263 [1076741] daemon prio=5 os_prio=0 cpu=0.06ms elapsed=187.68s tid=0x00007f91883c19a0 nid=1076741 in Object.wait()  [0x00007f8efebfe000]
   java.lang.Thread.State: WAITING (on object monitor)
	at java.lang.Object.wait0(java.base@21.0.11/Native Method)
	- waiting on <no object reference available>
	at java.lang.Object.wait(java.base@21.0.11/Object.java:366)
	at java.lang.Object.wait(java.base@21.0.11/Object.java:339)
	at boxOfActin.Barrier.threadDone(Barrier.java:49)
	- locked <0x00000003e6f2b8c8> (a java.lang.Object)
	at boxOfActin.ThreadSet.done(ThreadSet.java:54)
	at boxOfActin.ThreadSet$ThreadSpawn.run(ThreadSet.java:38)

"Thread-222" #264 [1076742] daemon prio=5 os_prio=0 cpu=0.07ms elapsed=187.68s tid=0x00007f91883c2f40 nid=1076742 in Object.wait()  [0x00007f8efeafe000]
   java.lang.Thread.State: WAITING (on object monitor)
	at java.lang.Object.wait0(java.base@21.0.11/Native Method)
	- waiting on <no object reference available>
	at java.lang.Object.wait(java.base@21.0.11/Object.java:366)
	at java.lang.Object.wait(java.base@21.0.11/Object.java:339)
	at boxOfActin.Barrier.threadDone(Barrier.java:49)
	- locked <0x00000003e6f2b8c8> (a java.lang.Object)
	at boxOfActin.ThreadSet.done(ThreadSet.java:54)
	at boxOfActin.ThreadSet$ThreadSpawn.run(ThreadSet.java:38)

"Thread-223" #265 [1076743] daemon prio=5 os_prio=0 cpu=0.05ms elapsed=187.68s tid=0x00007f91883c44f0 nid=1076743 in Object.wait()  [0x00007f8efe9fe000]
   java.lang.Thread.State: WAITING (on object monitor)
	at java.lang.Object.wait0(java.base@21.0.11/Native Method)
	- waiting on <no object reference available>
	at java.lang.Object.wait(java.base@21.0.11/Object.java:366)
	at java.lang.Object.wait(java.base@21.0.11/Object.java:339)
	at boxOfActin.Barrier.threadDone(Barrier.java:49)
	- locked <0x00000003e6f2b8c8> (a java.lang.Object)
	at boxOfActin.ThreadSet.done(ThreadSet.java:54)
	at boxOfActin.ThreadSet$ThreadSpawn.run(ThreadSet.java:38)

"Thread-224" #266 [1076744] daemon prio=5 os_prio=0 cpu=0.05ms elapsed=187.68s tid=0x00007f91883c83f0 nid=1076744 in Object.wait()  [0x00007f8efe8fe000]
   java.lang.Thread.State: WAITING (on object monitor)
	at java.lang.Object.wait0(java.base@21.0.11/Native Method)
	- waiting on <no object reference available>
	at java.lang.Object.wait(java.base@21.0.11/Object.java:366)
	at java.lang.Object.wait(java.base@21.0.11/Object.java:339)
	at boxOfActin.Barrier.threadDone(Barrier.java:49)
	- locked <0x00000003e6f40f48> (a java.lang.Object)
	at boxOfActin.ThreadSet.done(ThreadSet.java:54)
	at boxOfActin.ThreadSet$ThreadSpawn.run(ThreadSet.java:38)

"Thread-225" #267 [1076745] daemon prio=5 os_prio=0 cpu=0.07ms elapsed=187.68s tid=0x00007f91883c7720 nid=1076745 in Object.wait()  [0x00007f8efe7fe000]
   java.lang.Thread.State: WAITING (on object monitor)
	at java.lang.Object.wait0(java.base@21.0.11/Native Method)
	- waiting on <no object reference available>
	at java.lang.Object.wait(java.base@21.0.11/Object.java:366)
	at java.lang.Object.wait(java.base@21.0.11/Object.java:339)
	at boxOfActin.Barrier.threadDone(Barrier.java:49)
	- locked <0x00000003e6f40f48> (a java.lang.Object)
	at boxOfActin.ThreadSet.done(ThreadSet.java:54)
	at boxOfActin.ThreadSet$ThreadSpawn.run(ThreadSet.java:38)

"Thread-226" #268 [1076746] daemon prio=5 os_prio=0 cpu=0.05ms elapsed=187.68s tid=0x00007f91883c9520 nid=1076746 in Object.wait()  [0x00007f8efe6fe000]
   java.lang.Thread.State: WAITING (on object monitor)
	at java.lang.Object.wait0(java.base@21.0.11/Native Method)
	- waiting on <no object reference available>
	at java.lang.Object.wait(java.base@21.0.11/Object.java:366)
	at java.lang.Object.wait(java.base@21.0.11/Object.java:339)
	at boxOfActin.Barrier.threadDone(Barrier.java:49)
	- locked <0x00000003e6f40f48> (a java.lang.Object)
	at boxOfActin.ThreadSet.done(ThreadSet.java:54)
	at boxOfActin.ThreadSet$ThreadSpawn.run(ThreadSet.java:38)

"Thread-227" #269 [1076747] daemon prio=5 os_prio=0 cpu=0.09ms elapsed=187.68s tid=0x00007f91883cb1b0 nid=1076747 in Object.wait()  [0x00007f8efe5fe000]
   java.lang.Thread.State: WAITING (on object monitor)
	at java.lang.Object.wait0(java.base@21.0.11/Native Method)
	- waiting on <no object reference available>
	at java.lang.Object.wait(java.base@21.0.11/Object.java:366)
	at java.lang.Object.wait(java.base@21.0.11/Object.java:339)
	at boxOfActin.Barrier.threadDone(Barrier.java:49)
	- locked <0x00000003e6f40f48> (a java.lang.Object)
	at boxOfActin.ThreadSet.done(ThreadSet.java:54)
	at boxOfActin.ThreadSet$ThreadSpawn.run(ThreadSet.java:38)

"Thread-228" #270 [1076748] daemon prio=5 os_prio=0 cpu=0.04ms elapsed=187.68s tid=0x00007f91883cbee0 nid=1076748 in Object.wait()  [0x00007f8efe4fe000]
   java.lang.Thread.State: WAITING (on object monitor)
	at java.lang.Object.wait0(java.base@21.0.11/Native Method)
	- waiting on <no object reference available>
	at java.lang.Object.wait(java.base@21.0.11/Object.java:366)
	at java.lang.Object.wait(java.base@21.0.11/Object.java:339)
	at boxOfActin.Barrier.threadDone(Barrier.java:49)
	- locked <0x00000003e6f40f48> (a java.lang.Object)
	at boxOfActin.ThreadSet.done(ThreadSet.java:54)
	at boxOfActin.ThreadSet$ThreadSpawn.run(ThreadSet.java:38)

"Thread-229" #271 [1076749] daemon prio=5 os_prio=0 cpu=0.07ms elapsed=187.68s tid=0x00007f91883cd480 nid=1076749 in Object.wait()  [0x00007f8efe3fe000]
   java.lang.Thread.State: WAITING (on object monitor)
	at java.lang.Object.wait0(java.base@21.0.11/Native Method)
	- waiting on <no object reference available>
	at java.lang.Object.wait(java.base@21.0.11/Object.java:366)
	at java.lang.Object.wait(java.base@21.0.11/Object.java:339)
	at boxOfActin.Barrier.threadDone(Barrier.java:49)
	- locked <0x00000003e6f40f48> (a java.lang.Object)
	at boxOfActin.ThreadSet.done(ThreadSet.java:54)
	at boxOfActin.ThreadSet$ThreadSpawn.run(ThreadSet.java:38)

"Thread-230" #272 [1076750] daemon prio=5 os_prio=0 cpu=0.06ms elapsed=187.68s tid=0x00007f91883cea20 nid=1076750 in Object.wait()  [0x00007f8efe2fe000]
   java.lang.Thread.State: WAITING (on object monitor)
	at java.lang.Object.wait0(java.base@21.0.11/Native Method)
	- waiting on <no object reference available>
	at java.lang.Object.wait(java.base@21.0.11/Object.java:366)
	at java.lang.Object.wait(java.base@21.0.11/Object.java:339)
	at boxOfActin.Barrier.threadDone(Barrier.java:49)
	- locked <0x00000003e6f40f48> (a java.lang.Object)
	at boxOfActin.ThreadSet.done(ThreadSet.java:54)
	at boxOfActin.ThreadSet$ThreadSpawn.run(ThreadSet.java:38)

"Thread-231" #273 [1076751] daemon prio=5 os_prio=0 cpu=0.13ms elapsed=187.68s tid=0x00007f91883cffd0 nid=1076751 in Object.wait()  [0x00007f8efe1fe000]
   java.lang.Thread.State: WAITING (on object monitor)
	at java.lang.Object.wait0(java.base@21.0.11/Native Method)
	- waiting on <no object reference available>
	at java.lang.Object.wait(java.base@21.0.11/Object.java:366)
	at java.lang.Object.wait(java.base@21.0.11/Object.java:339)
	at boxOfActin.Barrier.threadDone(Barrier.java:49)
	- locked <0x00000003e6f40f48> (a java.lang.Object)
	at boxOfActin.ThreadSet.done(ThreadSet.java:54)
	at boxOfActin.ThreadSet$ThreadSpawn.run(ThreadSet.java:38)

"Thread-232" #274 [1076752] daemon prio=5 os_prio=0 cpu=0.07ms elapsed=187.68s tid=0x00007f91883d17e0 nid=1076752 in Object.wait()  [0x00007f8efe0fe000]
   java.lang.Thread.State: WAITING (on object monitor)
	at java.lang.Object.wait0(java.base@21.0.11/Native Method)
	- waiting on <no object reference available>
	at java.lang.Object.wait(java.base@21.0.11/Object.java:366)
	at java.lang.Object.wait(java.base@21.0.11/Object.java:339)
	at boxOfActin.Barrier.threadDone(Barrier.java:49)
	- locked <0x00000003e6f40f48> (a java.lang.Object)
	at boxOfActin.ThreadSet.done(ThreadSet.java:54)
	at boxOfActin.ThreadSet$ThreadSpawn.run(ThreadSet.java:38)

"Thread-233" #275 [1076753] daemon prio=5 os_prio=0 cpu=0.11ms elapsed=187.68s tid=0x00007f91883d2d80 nid=1076753 in Object.wait()  [0x00007f8efdffe000]
   java.lang.Thread.State: WAITING (on object monitor)
	at java.lang.Object.wait0(java.base@21.0.11/Native Method)
	- waiting on <no object reference available>
	at java.lang.Object.wait(java.base@21.0.11/Object.java:366)
	at java.lang.Object.wait(java.base@21.0.11/Object.java:339)
	at boxOfActin.Barrier.threadDone(Barrier.java:49)
	- locked <0x00000003e6f40f48> (a java.lang.Object)
	at boxOfActin.ThreadSet.done(ThreadSet.java:54)
	at boxOfActin.ThreadSet$ThreadSpawn.run(ThreadSet.java:38)

"Thread-234" #276 [1076754] daemon prio=5 os_prio=0 cpu=0.07ms elapsed=187.68s tid=0x00007f91883d4320 nid=1076754 in Object.wait()  [0x00007f8efdefe000]
   java.lang.Thread.State: WAITING (on object monitor)
	at java.lang.Object.wait0(java.base@21.0.11/Native Method)
	- waiting on <no object reference available>
	at java.lang.Object.wait(java.base@21.0.11/Object.java:366)
	at java.lang.Object.wait(java.base@21.0.11/Object.java:339)
	at boxOfActin.Barrier.threadDone(Barrier.java:49)
	- locked <0x00000003e6f40f48> (a java.lang.Object)
	at boxOfActin.ThreadSet.done(ThreadSet.java:54)
	at boxOfActin.ThreadSet$ThreadSpawn.run(ThreadSet.java:38)

"Thread-235" #277 [1076755] daemon prio=5 os_prio=0 cpu=0.11ms elapsed=187.68s tid=0x00007f91883d58d0 nid=1076755 in Object.wait()  [0x00007f8efddfe000]
   java.lang.Thread.State: WAITING (on object monitor)
	at java.lang.Object.wait0(java.base@21.0.11/Native Method)
	- waiting on <no object reference available>
	at java.lang.Object.wait(java.base@21.0.11/Object.java:366)
	at java.lang.Object.wait(java.base@21.0.11/Object.java:339)
	at boxOfActin.Barrier.threadDone(Barrier.java:49)
	- locked <0x00000003e6f40f48> (a java.lang.Object)
	at boxOfActin.ThreadSet.done(ThreadSet.java:54)
	at boxOfActin.ThreadSet$ThreadSpawn.run(ThreadSet.java:38)

"Thread-236" #278 [1076756] daemon prio=5 os_prio=0 cpu=0.07ms elapsed=187.68s tid=0x00007f91883d6e60 nid=1076756 in Object.wait()  [0x00007f8efdcfe000]
   java.lang.Thread.State: WAITING (on object monitor)
	at java.lang.Object.wait0(java.base@21.0.11/Native Method)
	- waiting on <no object reference available>
	at java.lang.Object.wait(java.base@21.0.11/Object.java:366)
	at java.lang.Object.wait(java.base@21.0.11/Object.java:339)
	at boxOfActin.Barrier.threadDone(Barrier.java:49)
	- locked <0x00000003e6f40f48> (a java.lang.Object)
	at boxOfActin.ThreadSet.done(ThreadSet.java:54)
	at boxOfActin.ThreadSet$ThreadSpawn.run(ThreadSet.java:38)

"Thread-237" #279 [1076757] daemon prio=5 os_prio=0 cpu=0.11ms elapsed=187.68s tid=0x00007f91883d8400 nid=1076757 in Object.wait()  [0x00007f8efdbfe000]
   java.lang.Thread.State: WAITING (on object monitor)
	at java.lang.Object.wait0(java.base@21.0.11/Native Method)
	- waiting on <no object reference available>
	at java.lang.Object.wait(java.base@21.0.11/Object.java:366)
	at java.lang.Object.wait(java.base@21.0.11/Object.java:339)
	at boxOfActin.Barrier.threadDone(Barrier.java:49)
	- locked <0x00000003e6f40f48> (a java.lang.Object)
	at boxOfActin.ThreadSet.done(ThreadSet.java:54)
	at boxOfActin.ThreadSet$ThreadSpawn.run(ThreadSet.java:38)

"Thread-238" #280 [1076758] daemon prio=5 os_prio=0 cpu=0.07ms elapsed=187.68s tid=0x00007f91883d99a0 nid=1076758 in Object.wait()  [0x00007f8efdafe000]
   java.lang.Thread.State: WAITING (on object monitor)
	at java.lang.Object.wait0(java.base@21.0.11/Native Method)
	- waiting on <no object reference available>
	at java.lang.Object.wait(java.base@21.0.11/Object.java:366)
	at java.lang.Object.wait(java.base@21.0.11/Object.java:339)
	at boxOfActin.Barrier.threadDone(Barrier.java:49)
	- locked <0x00000003e6f40f48> (a java.lang.Object)
	at boxOfActin.ThreadSet.done(ThreadSet.java:54)
	at boxOfActin.ThreadSet$ThreadSpawn.run(ThreadSet.java:38)

"Thread-239" #281 [1076759] daemon prio=5 os_prio=0 cpu=0.09ms elapsed=187.68s tid=0x00007f91883daf50 nid=1076759 in Object.wait()  [0x00007f8efd9fe000]
   java.lang.Thread.State: WAITING (on object monitor)
	at java.lang.Object.wait0(java.base@21.0.11/Native Method)
	- waiting on <no object reference available>
	at java.lang.Object.wait(java.base@21.0.11/Object.java:366)
	at java.lang.Object.wait(java.base@21.0.11/Object.java:339)
	at boxOfActin.Barrier.threadDone(Barrier.java:49)
	- locked <0x00000003e6f40f48> (a java.lang.Object)
	at boxOfActin.ThreadSet.done(ThreadSet.java:54)
	at boxOfActin.ThreadSet$ThreadSpawn.run(ThreadSet.java:38)

"Thread-240" #282 [1076760] daemon prio=5 os_prio=0 cpu=599.15ms elapsed=187.68s tid=0x00007f91883de280 nid=1076760 in Object.wait()  [0x00007f8efd8fe000]
   java.lang.Thread.State: WAITING (on object monitor)
	at java.lang.Object.wait0(java.base@21.0.11/Native Method)
	- waiting on <no object reference available>
	at java.lang.Object.wait(java.base@21.0.11/Object.java:366)
	at java.lang.Object.wait(java.base@21.0.11/Object.java:339)
	at boxOfActin.Barrier.threadDone(Barrier.java:49)
	- locked <0x00000003e6f427f0> (a java.lang.Object)
	at boxOfActin.ThreadSet.done(ThreadSet.java:54)
	at boxOfActin.ThreadSet$ThreadSpawn.run(ThreadSet.java:41)

"Thread-241" #283 [1076761] daemon prio=5 os_prio=0 cpu=601.20ms elapsed=187.68s tid=0x00007f91883dda80 nid=1076761 in Object.wait()  [0x00007f8efd7fe000]
   java.lang.Thread.State: WAITING (on object monitor)
	at java.lang.Object.wait0(java.base@21.0.11/Native Method)
	- waiting on <no object reference available>
	at java.lang.Object.wait(java.base@21.0.11/Object.java:366)
	at java.lang.Object.wait(java.base@21.0.11/Object.java:339)
	at boxOfActin.Barrier.threadDone(Barrier.java:49)
	- locked <0x00000003e6f427f0> (a java.lang.Object)
	at boxOfActin.ThreadSet.done(ThreadSet.java:54)
	at boxOfActin.ThreadSet$ThreadSpawn.run(ThreadSet.java:41)

"Thread-242" #284 [1076762] daemon prio=5 os_prio=0 cpu=588.68ms elapsed=187.68s tid=0x00007f91883df1c0 nid=1076762 in Object.wait()  [0x00007f8efd6fe000]
   java.lang.Thread.State: WAITING (on object monitor)
	at java.lang.Object.wait0(java.base@21.0.11/Native Method)
	- waiting on <no object reference available>
	at java.lang.Object.wait(java.base@21.0.11/Object.java:366)
	at java.lang.Object.wait(java.base@21.0.11/Object.java:339)
	at boxOfActin.Barrier.threadDone(Barrier.java:49)
	- locked <0x00000003e6f427f0> (a java.lang.Object)
	at boxOfActin.ThreadSet.done(ThreadSet.java:54)
	at boxOfActin.ThreadSet$ThreadSpawn.run(ThreadSet.java:41)

"Thread-243" #285 [1076763] daemon prio=5 os_prio=0 cpu=568.60ms elapsed=187.68s tid=0x00007f91883e0770 nid=1076763 in Object.wait()  [0x00007f8efd5fe000]
   java.lang.Thread.State: WAITING (on object monitor)
	at java.lang.Object.wait0(java.base@21.0.11/Native Method)
	- waiting on <no object reference available>
	at java.lang.Object.wait(java.base@21.0.11/Object.java:366)
	at java.lang.Object.wait(java.base@21.0.11/Object.java:339)
	at boxOfActin.Barrier.threadDone(Barrier.java:49)
	- locked <0x00000003e6f427f0> (a java.lang.Object)
	at boxOfActin.ThreadSet.done(ThreadSet.java:54)
	at boxOfActin.ThreadSet$ThreadSpawn.run(ThreadSet.java:41)

"Thread-244" #286 [1076764] daemon prio=5 os_prio=0 cpu=544.30ms elapsed=187.68s tid=0x00007f91883e1d00 nid=1076764 in Object.wait()  [0x00007f8efd4fe000]
   java.lang.Thread.State: WAITING (on object monitor)
	at java.lang.Object.wait0(java.base@21.0.11/Native Method)
	- waiting on <no object reference available>
	at java.lang.Object.wait(java.base@21.0.11/Object.java:366)
	at java.lang.Object.wait(java.base@21.0.11/Object.java:339)
	at boxOfActin.Barrier.threadDone(Barrier.java:49)
	- locked <0x00000003e6f427f0> (a java.lang.Object)
	at boxOfActin.ThreadSet.done(ThreadSet.java:54)
	at boxOfActin.ThreadSet$ThreadSpawn.run(ThreadSet.java:41)

"Thread-245" #287 [1076765] daemon prio=5 os_prio=0 cpu=529.76ms elapsed=187.68s tid=0x00007f91883e32a0 nid=1076765 in Object.wait()  [0x00007f8efd3fe000]
   java.lang.Thread.State: WAITING (on object monitor)
	at java.lang.Object.wait0(java.base@21.0.11/Native Method)
	- waiting on <no object reference available>
	at java.lang.Object.wait(java.base@21.0.11/Object.java:366)
	at java.lang.Object.wait(java.base@21.0.11/Object.java:339)
	at boxOfActin.Barrier.threadDone(Barrier.java:49)
	- locked <0x00000003e6f427f0> (a java.lang.Object)
	at boxOfActin.ThreadSet.done(ThreadSet.java:54)
	at boxOfActin.ThreadSet$ThreadSpawn.run(ThreadSet.java:41)

"Thread-246" #288 [1076766] daemon prio=5 os_prio=0 cpu=548.01ms elapsed=187.68s tid=0x00007f91883e4840 nid=1076766 in Object.wait()  [0x00007f8efd2fe000]
   java.lang.Thread.State: WAITING (on object monitor)
	at java.lang.Object.wait0(java.base@21.0.11/Native Method)
	- waiting on <no object reference available>
	at java.lang.Object.wait(java.base@21.0.11/Object.java:366)
	at java.lang.Object.wait(java.base@21.0.11/Object.java:339)
	at boxOfActin.Barrier.threadDone(Barrier.java:49)
	- locked <0x00000003e6f427f0> (a java.lang.Object)
	at boxOfActin.ThreadSet.done(ThreadSet.java:54)
	at boxOfActin.ThreadSet$ThreadSpawn.run(ThreadSet.java:41)

"Thread-247" #289 [1076767] daemon prio=5 os_prio=0 cpu=536.54ms elapsed=187.68s tid=0x00007f91883e5df0 nid=1076767 in Object.wait()  [0x00007f8efd1fe000]
   java.lang.Thread.State: WAITING (on object monitor)
	at java.lang.Object.wait0(java.base@21.0.11/Native Method)
	- waiting on <no object reference available>
	at java.lang.Object.wait(java.base@21.0.11/Object.java:366)
	at java.lang.Object.wait(java.base@21.0.11/Object.java:339)
	at boxOfActin.Barrier.threadDone(Barrier.java:49)
	- locked <0x00000003e6f427f0> (a java.lang.Object)
	at boxOfActin.ThreadSet.done(ThreadSet.java:54)
	at boxOfActin.ThreadSet$ThreadSpawn.run(ThreadSet.java:41)

"Thread-248" #290 [1076768] daemon prio=5 os_prio=0 cpu=514.70ms elapsed=187.68s tid=0x00007f91883e7720 nid=1076768 in Object.wait()  [0x00007f8efd0fe000]
   java.lang.Thread.State: WAITING (on object monitor)
	at java.lang.Object.wait0(java.base@21.0.11/Native Method)
	- waiting on <no object reference available>
	at java.lang.Object.wait(java.base@21.0.11/Object.java:366)
	at java.lang.Object.wait(java.base@21.0.11/Object.java:339)
	at boxOfActin.Barrier.threadDone(Barrier.java:49)
	- locked <0x00000003e6f427f0> (a java.lang.Object)
	at boxOfActin.ThreadSet.done(ThreadSet.java:54)
	at boxOfActin.ThreadSet$ThreadSpawn.run(ThreadSet.java:41)

"Thread-249" #291 [1076769] daemon prio=5 os_prio=0 cpu=535.60ms elapsed=187.68s tid=0x00007f91883e8cc0 nid=1076769 in Object.wait()  [0x00007f8efcffe000]
   java.lang.Thread.State: WAITING (on object monitor)
	at java.lang.Object.wait0(java.base@21.0.11/Native Method)
	- waiting on <no object reference available>
	at java.lang.Object.wait(java.base@21.0.11/Object.java:366)
	at java.lang.Object.wait(java.base@21.0.11/Object.java:339)
	at boxOfActin.Barrier.threadDone(Barrier.java:49)
	- locked <0x00000003e6f427f0> (a java.lang.Object)
	at boxOfActin.ThreadSet.done(ThreadSet.java:54)
	at boxOfActin.ThreadSet$ThreadSpawn.run(ThreadSet.java:41)

"Thread-250" #292 [1076770] daemon prio=5 os_prio=0 cpu=494.80ms elapsed=187.68s tid=0x00007f91883ea250 nid=1076770 in Object.wait()  [0x00007f8efcefe000]
   java.lang.Thread.State: WAITING (on object monitor)
	at java.lang.Object.wait0(java.base@21.0.11/Native Method)
	- waiting on <no object reference available>
	at java.lang.Object.wait(java.base@21.0.11/Object.java:366)
	at java.lang.Object.wait(java.base@21.0.11/Object.java:339)
	at boxOfActin.Barrier.threadDone(Barrier.java:49)
	- locked <0x00000003e6f427f0> (a java.lang.Object)
	at boxOfActin.ThreadSet.done(ThreadSet.java:54)
	at boxOfActin.ThreadSet$ThreadSpawn.run(ThreadSet.java:41)

"Thread-251" #293 [1076771] daemon prio=5 os_prio=0 cpu=518.77ms elapsed=187.68s tid=0x00007f91883eb7f0 nid=1076771 in Object.wait()  [0x00007f8efcdfe000]
   java.lang.Thread.State: WAITING (on object monitor)
	at java.lang.Object.wait0(java.base@21.0.11/Native Method)
	- waiting on <no object reference available>
	at java.lang.Object.wait(java.base@21.0.11/Object.java:366)
	at java.lang.Object.wait(java.base@21.0.11/Object.java:339)
	at boxOfActin.Barrier.threadDone(Barrier.java:49)
	- locked <0x00000003e6f427f0> (a java.lang.Object)
	at boxOfActin.ThreadSet.done(ThreadSet.java:54)
	at boxOfActin.ThreadSet$ThreadSpawn.run(ThreadSet.java:41)

"Thread-252" #294 [1076772] daemon prio=5 os_prio=0 cpu=505.20ms elapsed=187.68s tid=0x00007f91883ec9a0 nid=1076772 in Object.wait()  [0x00007f8efccfe000]
   java.lang.Thread.State: WAITING (on object monitor)
	at java.lang.Object.wait0(java.base@21.0.11/Native Method)
	- waiting on <no object reference available>
	at java.lang.Object.wait(java.base@21.0.11/Object.java:366)
	at java.lang.Object.wait(java.base@21.0.11/Object.java:339)
	at boxOfActin.Barrier.threadDone(Barrier.java:49)
	- locked <0x00000003e6f427f0> (a java.lang.Object)
	at boxOfActin.ThreadSet.done(ThreadSet.java:54)
	at boxOfActin.ThreadSet$ThreadSpawn.run(ThreadSet.java:41)

"Thread-253" #295 [1076773] daemon prio=5 os_prio=0 cpu=523.81ms elapsed=187.68s tid=0x00007f91883edf50 nid=1076773 in Object.wait()  [0x00007f8efcbfe000]
   java.lang.Thread.State: WAITING (on object monitor)
	at java.lang.Object.wait0(java.base@21.0.11/Native Method)
	- waiting on <no object reference available>
	at java.lang.Object.wait(java.base@21.0.11/Object.java:366)
	at java.lang.Object.wait(java.base@21.0.11/Object.java:339)
	at boxOfActin.Barrier.threadDone(Barrier.java:49)
	- locked <0x00000003e6f427f0> (a java.lang.Object)
	at boxOfActin.ThreadSet.done(ThreadSet.java:54)
	at boxOfActin.ThreadSet$ThreadSpawn.run(ThreadSet.java:41)

"Thread-254" #296 [1076774] daemon prio=5 os_prio=0 cpu=526.44ms elapsed=187.68s tid=0x00007f91883ef4e0 nid=1076774 in Object.wait()  [0x00007f8efcafe000]
   java.lang.Thread.State: WAITING (on object monitor)
	at java.lang.Object.wait0(java.base@21.0.11/Native Method)
	- waiting on <no object reference available>
	at java.lang.Object.wait(java.base@21.0.11/Object.java:366)
	at java.lang.Object.wait(java.base@21.0.11/Object.java:339)
	at boxOfActin.Barrier.threadDone(Barrier.java:49)
	- locked <0x00000003e6f427f0> (a java.lang.Object)
	at boxOfActin.ThreadSet.done(ThreadSet.java:54)
	at boxOfActin.ThreadSet$ThreadSpawn.run(ThreadSet.java:41)

"Thread-255" #297 [1076775] daemon prio=5 os_prio=0 cpu=515.02ms elapsed=187.68s tid=0x00007f91883f0690 nid=1076775 in Object.wait()  [0x00007f8efc9fe000]
   java.lang.Thread.State: WAITING (on object monitor)
	at java.lang.Object.wait0(java.base@21.0.11/Native Method)
	- waiting on <no object reference available>
	at java.lang.Object.wait(java.base@21.0.11/Object.java:366)
	at java.lang.Object.wait(java.base@21.0.11/Object.java:339)
	at boxOfActin.Barrier.threadDone(Barrier.java:49)
	- locked <0x00000003e6f427f0> (a java.lang.Object)
	at boxOfActin.ThreadSet.done(ThreadSet.java:54)
	at boxOfActin.ThreadSet$ThreadSpawn.run(ThreadSet.java:41)

"Thread-256" #298 [1076777] prio=5 os_prio=0 cpu=4411.65ms elapsed=187.66s tid=0x00007f91883fc900 nid=1076777 in Object.wait()  [0x00007f8efc7fe000]
   java.lang.Thread.State: WAITING (on object monitor)
	at java.lang.Object.wait0(java.base@21.0.11/Native Method)
	- waiting on <no object reference available>
	at java.lang.Object.wait(java.base@21.0.11/Object.java:366)
	at java.lang.Object.wait(java.base@21.0.11/Object.java:339)
	at boxOfActin.Barrier.waitOnThreads(Barrier.java:30)
	- locked <0x00000001386908d0> (a java.lang.Object)
	at boxOfActin.ThreadSet.gather(ThreadSet.java:53)
	at boxOfActin.Thing$ThingStepThreads.regroup(Thing.java:259)
	at boxOfActin.BoxOfActin.waitOnAllThreadSets(BoxOfActin.java:973)
	at boxOfActin.BoxOfActin.doLoop(BoxOfActin.java:1200)
	- locked <0x000000011ec71588> (a java.lang.Object)
	at boxOfActin.BoxOfActin$TimeLoop.run(BoxOfActin.java:851)

"DestroyJavaVM" #299 [1076419] prio=5 os_prio=0 cpu=12433.08ms elapsed=187.66s tid=0x00007f9188020450 nid=1076419 waiting on condition  [0x0000000000000000]
   java.lang.Thread.State: RUNNABLE

"GC Thread#12" os_prio=0 cpu=117389.05ms elapsed=204.77s tid=0x00007f90e401e970 nid=1076534 runnable  

"G1 Conc#2" os_prio=0 cpu=6147.63ms elapsed=204.93s tid=0x00007f9140001cc0 nid=1076531 runnable  

"G1 Conc#1" os_prio=0 cpu=6040.51ms elapsed=204.93s tid=0x00007f9140000d80 nid=1076530 runnable  

"GC Thread#11" os_prio=0 cpu=117739.43ms elapsed=204.97s tid=0x00007f90e4012290 nid=1076487 runnable  

"GC Thread#10" os_prio=0 cpu=117670.56ms elapsed=204.97s tid=0x00007f90e4011320 nid=1076486 runnable  

"GC Thread#9" os_prio=0 cpu=117599.10ms elapsed=204.97s tid=0x00007f90e40103b0 nid=1076485 runnable  

"GC Thread#8" os_prio=0 cpu=117833.10ms elapsed=204.97s tid=0x00007f90e400f440 nid=1076484 runnable  

"GC Thread#7" os_prio=0 cpu=117271.59ms elapsed=204.97s tid=0x00007f90e400e4d0 nid=1076483 runnable  

"GC Thread#6" os_prio=0 cpu=118021.03ms elapsed=204.97s tid=0x00007f90e400d560 nid=1076482 runnable  

"GC Thread#5" os_prio=0 cpu=117238.72ms elapsed=204.97s tid=0x00007f90e400c630 nid=1076481 runnable  

"GC Thread#4" os_prio=0 cpu=117896.72ms elapsed=204.97s tid=0x00007f90e400b730 nid=1076480 runnable  

"GC Thread#3" os_prio=0 cpu=117755.34ms elapsed=204.97s tid=0x00007f90e400a830 nid=1076479 runnable  

"GC Thread#2" os_prio=0 cpu=117209.24ms elapsed=204.97s tid=0x00007f90e4009930 nid=1076478 runnable  

"GC Thread#1" os_prio=0 cpu=117386.84ms elapsed=204.97s tid=0x00007f90e4008a30 nid=1076477 runnable  

"VM Thread" os_prio=0 cpu=529.38ms elapsed=205.08s tid=0x00007f91880df500 nid=1076426 runnable  

"VM Periodic Task Thread" os_prio=0 cpu=75.82ms elapsed=205.08s tid=0x00007f91880cd470 nid=1076425 waiting on condition  

"G1 Service" os_prio=0 cpu=6.89ms elapsed=205.09s tid=0x00007f91880b3cd0 nid=1076424 runnable  

"G1 Refine#0" os_prio=0 cpu=134.39ms elapsed=205.09s tid=0x00007f91880b2cf0 nid=1076423 runnable  

"G1 Conc#0" os_prio=0 cpu=6153.76ms elapsed=205.09s tid=0x00007f918805d290 nid=1076422 runnable  

"G1 Main Marker" os_prio=0 cpu=1.61ms elapsed=205.09s tid=0x00007f918805c2d0 nid=1076421 runnable  

"GC Thread#0" os_prio=0 cpu=117469.98ms elapsed=205.09s tid=0x00007f918804cd40 nid=1076420 runnable  

JNI global refs: 17, weak refs: 0

Heap
 garbage-first heap   total 29360128K, used 29348140K [0x0000000100000000, 0x0000000800000000)
  region size 16384K, 0 young (0K), 0 survivors (0K)
 Metaspace       used 3475K, committed 3648K, reserved 1114112K
  class space    used 212K, committed 320K, reserved 1048576K

2026-06-08 18:56:31
Full thread dump OpenJDK 64-Bit Server VM (21.0.11+10-1-22.04.2-Ubuntu mixed mode, sharing):

Threads class SMR info:
_java_thread_list=0x00007f90780025b0, length=266, elements={
0x00007f91880e8960, 0x00007f91880e9ef0, 0x00007f91880eb7d0, 0x00007f91880ece30,
0x00007f91880ee3f0, 0x00007f91880effd0, 0x00007f91880f16b0, 0x00007f91880fdbb0,
0x00007f9188101230, 0x00007f91881af110, 0x00007f91881b0a10, 0x00007f91881b1bb0,
0x00007f91881b2de0, 0x00007f91881b42a0, 0x00007f91881b5ec0, 0x00007f91881b7110,
0x00007f91881b8360, 0x00007f91881b95c0, 0x00007f91881ba820, 0x00007f91881bba90,
0x00007f91881bcd00, 0x00007f91881bdeb0, 0x00007f91881bf450, 0x00007f91881c0ad0,
0x00007f91881c3e20, 0x00007f91881c4d70, 0x00007f91881c6200, 0x00007f91881c7680,
0x00007f91881c8fb0, 0x00007f91881ca660, 0x00007f91881cbbf0, 0x00007f91881cd2b0,
0x00007f91881ce980, 0x00007f91881d0050, 0x00007f91881d15e0, 0x00007f91881d2b70,
0x00007f91881d4100, 0x00007f91881d57f0, 0x00007f91881d6ef0, 0x00007f91881d85f0,
0x00007f91881dc6c0, 0x00007f91881dad50, 0x00007f91881dda00, 0x00007f91881ded30,
0x00007f91881e06e0, 0x00007f91881e1e10, 0x00007f91881e3550, 0x00007f91881e4c10,
0x00007f91881e6300, 0x00007f91881e7a20, 0x00007f91881e8fc0, 0x00007f91881ea560,
0x00007f91881ebaf0, 0x00007f91881ed260, 0x00007f91881ee9e0, 0x00007f91881f0160,
0x00007f91881f1eb0, 0x00007f91881f3150, 0x00007f91881f46e0, 0x00007f91881f5c70,
0x00007f91881f72b0, 0x00007f91881f8670, 0x00007f91881f9e30, 0x00007f91881fb5f0,
0x00007f91881fcdc0, 0x00007f91881fe590, 0x00007f91881ffb20, 0x00007f9188201300,
0x00007f9188202af0, 0x00007f91882042e0, 0x00007f9188205ae0, 0x00007f91882072e0,
0x00007f9188209940, 0x00007f918820a5e0, 0x00007f918820e3f0, 0x00007f918820f820,
0x00007f91882109b0, 0x00007f9188211df0, 0x00007f9188212f90, 0x00007f91882143e0,
0x00007f9188215c30, 0x00007f9188217480, 0x00007f9188218a10, 0x00007f918821a270,
0x00007f918821b800, 0x00007f918821d070, 0x00007f918821e8f0, 0x00007f9188220170,
0x00007f91882fded0, 0x00007f91882fed30, 0x00007f91882ed930, 0x00007f91882eebe0,
0x00007f9188304f00, 0x00007f91883063c0, 0x00007f9188327520, 0x00007f91883289f0,
0x00007f9188329b90, 0x00007f918832b070, 0x00007f918832c210, 0x00007f918832d380,
0x00007f918832e2a0, 0x00007f918832f3d0, 0x00007f9188330cc0, 0x00007f9188332250,
0x00007f9188334080, 0x00007f9188335160, 0x00007f9188336a70, 0x00007f9188338000,
0x00007f9188339920, 0x00007f918833b130, 0x00007f918833ca60, 0x00007f918833d9f0,
0x00007f918833e400, 0x00007f918833fd20, 0x00007f9188340ec0, 0x00007f9188342420,
0x00007f91883435f0, 0x00007f9188344fa0, 0x00007f9188346910, 0x00007f9188348280,
0x00007f918834e680, 0x00007f918834fcf0, 0x00007f91883514b0, 0x00007f9188352a50,
0x00007f9188353fe0, 0x00007f9188355980, 0x00007f9188357650, 0x00007f9188359000,
0x00007f918835a5a0, 0x00007f918835bb70, 0x00007f918835d110, 0x00007f918835e6b0,
0x00007f918835fc60, 0x00007f9188360e50, 0x00007f9188362000, 0x00007f91883631b0,
0x00007f9188364760, 0x00007f9188365dd0, 0x00007f9188367370, 0x00007f9188368910,
0x00007f9188369ec0, 0x00007f918836b470, 0x00007f918836cc90, 0x00007f918836e230,
0x00007f918836f7e0, 0x00007f9188370d90, 0x00007f9188372330, 0x00007f91883738d0,
0x00007f9188374e80, 0x00007f9188376430, 0x00007f91883779d0, 0x00007f9188378f70,
0x00007f918837a520, 0x00007f918837bc30, 0x00007f918837d1d0, 0x00007f918837e770,
0x00007f918837fd10, 0x00007f91883812b0, 0x00007f9188382ae0, 0x00007f9188384090,
0x00007f9188385630, 0x00007f9188386bd0, 0x00007f9188388180, 0x00007f9188389730,
0x00007f918838acd0, 0x00007f918838c270, 0x00007f918838d810, 0x00007f918838edb0,
0x00007f91882f5f80, 0x00007f91882f6690, 0x00007f91882f7310, 0x00007f91882f7a20,
0x00007f91882f86b0, 0x00007f91882f8dc0, 0x00007f91882f9a60, 0x00007f91882fa710,
0x00007f91882fb3c0, 0x00007f91882fc080, 0x00007f91882fcd40, 0x00007f9188306e60,
0x00007f9188307b30, 0x00007f9188308810, 0x00007f91883094f0, 0x00007f918830a370,
0x00007f918830b960, 0x00007f918830ce50, 0x00007f918830dfe0, 0x00007f918830f5f0,
0x00007f9188310b20, 0x00007f9188312140, 0x00007f9188313660, 0x00007f9188314f10,
0x00007f9188316540, 0x00007f9188317b50, 0x00007f9188319050, 0x00007f918831a5d0,
0x00007f918831bb70, 0x00007f918831d1d0, 0x00007f918831e6d0, 0x00007f918831fd20,
0x00007f91883217d0, 0x00007f91883232f0, 0x00007f9188324540, 0x00007f9188325af0,
0x00007f91883a12b0, 0x00007f91883a2450, 0x00007f91883a39f0, 0x00007f91883a5220,
0x00007f91883a67d0, 0x00007f91883a7d70, 0x00007f91883a9310, 0x00007f91883aa8c0,
0x00007f91883abe70, 0x00007f91883ad410, 0x00007f91883ae5d0, 0x00007f91883af780,
0x00007f91883b13f0, 0x00007f91883b27f0, 0x00007f91883b3ad0, 0x00007f91883b4bb0,
0x00007f91883b7320, 0x00007f91883b86f0, 0x00007f91883b7fe0, 0x00007f91883b9570,
0x00007f91883bad80, 0x00007f91883bc320, 0x00007f91883bd8c0, 0x00007f91883bee70,
0x00007f91883c0400, 0x00007f91883c19a0, 0x00007f91883c2f40, 0x00007f91883c44f0,
0x00007f91883c83f0, 0x00007f91883c7720, 0x00007f91883c9520, 0x00007f91883cb1b0,
0x00007f91883cbee0, 0x00007f91883cd480, 0x00007f91883cea20, 0x00007f91883cffd0,
0x00007f91883d17e0, 0x00007f91883d2d80, 0x00007f91883d4320, 0x00007f91883d58d0,
0x00007f91883d6e60, 0x00007f91883d8400, 0x00007f91883d99a0, 0x00007f91883daf50,
0x00007f91883de280, 0x00007f91883dda80, 0x00007f91883df1c0, 0x00007f91883e0770,
0x00007f91883e1d00, 0x00007f91883e32a0, 0x00007f91883e4840, 0x00007f91883e5df0,
0x00007f91883e7720, 0x00007f91883e8cc0, 0x00007f91883ea250, 0x00007f91883eb7f0,
0x00007f91883ec9a0, 0x00007f91883edf50, 0x00007f91883ef4e0, 0x00007f91883f0690,
0x00007f91883fc900, 0x00007f9188020450
}

"Reference Handler" #9 [1076427] daemon prio=10 os_prio=0 cpu=1.36ms elapsed=208.47s tid=0x00007f91880e8960 nid=1076427 waiting on condition  [0x00007f918c29d000]
   java.lang.Thread.State: RUNNABLE
	at java.lang.ref.Reference.waitForReferencePendingList(java.base@21.0.11/Native Method)
	at java.lang.ref.Reference.processPendingReferences(java.base@21.0.11/Reference.java:246)
	at java.lang.ref.Reference$ReferenceHandler.run(java.base@21.0.11/Reference.java:208)

"Finalizer" #10 [1076428] daemon prio=8 os_prio=0 cpu=0.12ms elapsed=208.47s tid=0x00007f91880e9ef0 nid=1076428 in Object.wait()  [0x00007f918c19d000]
   java.lang.Thread.State: WAITING (on object monitor)
	at java.lang.Object.wait0(java.base@21.0.11/Native Method)
	- waiting on <0x000000013861e840> (a java.lang.ref.NativeReferenceQueue$Lock)
	at java.lang.Object.wait(java.base@21.0.11/Object.java:366)
	at java.lang.Object.wait(java.base@21.0.11/Object.java:339)
	at java.lang.ref.NativeReferenceQueue.await(java.base@21.0.11/NativeReferenceQueue.java:48)
	at java.lang.ref.ReferenceQueue.remove0(java.base@21.0.11/ReferenceQueue.java:158)
	at java.lang.ref.NativeReferenceQueue.remove(java.base@21.0.11/NativeReferenceQueue.java:89)
	- locked <0x000000013861e840> (a java.lang.ref.NativeReferenceQueue$Lock)
	at java.lang.ref.Finalizer$FinalizerThread.run(java.base@21.0.11/Finalizer.java:173)

"Signal Dispatcher" #11 [1076429] daemon prio=9 os_prio=0 cpu=0.51ms elapsed=208.47s tid=0x00007f91880eb7d0 nid=1076429 waiting on condition  [0x0000000000000000]
   java.lang.Thread.State: RUNNABLE

"Service Thread" #12 [1076430] daemon prio=9 os_prio=0 cpu=2.65ms elapsed=208.47s tid=0x00007f91880ece30 nid=1076430 runnable  [0x0000000000000000]
   java.lang.Thread.State: RUNNABLE

"Monitor Deflation Thread" #13 [1076431] daemon prio=9 os_prio=0 cpu=12.72ms elapsed=208.47s tid=0x00007f91880ee3f0 nid=1076431 runnable  [0x0000000000000000]
   java.lang.Thread.State: RUNNABLE

"C2 CompilerThread0" #14 [1076432] daemon prio=9 os_prio=0 cpu=2497.52ms elapsed=208.47s tid=0x00007f91880effd0 nid=1076432 waiting on condition  [0x0000000000000000]
   java.lang.Thread.State: RUNNABLE
   No compile task

"C1 CompilerThread0" #22 [1076433] daemon prio=9 os_prio=0 cpu=165.05ms elapsed=208.47s tid=0x00007f91880f16b0 nid=1076433 waiting on condition  [0x0000000000000000]
   java.lang.Thread.State: RUNNABLE
   No compile task

"Notification Thread" #26 [1076434] daemon prio=9 os_prio=0 cpu=0.06ms elapsed=208.47s tid=0x00007f91880fdbb0 nid=1076434 runnable  [0x0000000000000000]
   java.lang.Thread.State: RUNNABLE

"Common-Cleaner" #27 [1076435] daemon prio=8 os_prio=0 cpu=2.52ms elapsed=208.46s tid=0x00007f9188101230 nid=1076435 waiting on condition  [0x00007f914cd66000]
   java.lang.Thread.State: TIMED_WAITING (parking)
	at jdk.internal.misc.Unsafe.park(java.base@21.0.11/Native Method)
	at java.util.concurrent.locks.AbstractQueuedSynchronizer$ConditionObject.newConditionNode(java.base@21.0.11/AbstractQueuedSynchronizer.java:1668)
	at java.util.concurrent.locks.AbstractQueuedSynchronizer$ConditionObject.await(java.base@21.0.11/AbstractQueuedSynchronizer.java:1873)
	at java.lang.ref.ReferenceQueue.await(java.base@21.0.11/ReferenceQueue.java:71)
	at java.lang.ref.ReferenceQueue.remove0(java.base@21.0.11/ReferenceQueue.java:143)
	at java.lang.ref.ReferenceQueue.remove(java.base@21.0.11/ReferenceQueue.java:218)
	at jdk.internal.ref.CleanerImpl.run(java.base@21.0.11/CleanerImpl.java:140)
	at java.lang.Thread.runWith(java.base@21.0.11/Thread.java:1596)
	at java.lang.Thread.run(java.base@21.0.11/Thread.java:1583)
	at jdk.internal.misc.InnocuousThread.run(java.base@21.0.11/InnocuousThread.java:186)

"Thread-0" #28 [1076439] daemon prio=5 os_prio=0 cpu=3120.96ms elapsed=208.37s tid=0x00007f91881af110 nid=1076439 in Object.wait()  [0x00007f914c687000]
   java.lang.Thread.State: WAITING (on object monitor)
	at java.lang.Object.wait0(java.base@21.0.11/Native Method)
	- waiting on <no object reference available>
	at java.lang.Object.wait(java.base@21.0.11/Object.java:366)
	at java.lang.Object.wait(java.base@21.0.11/Object.java:339)
	at boxOfActin.Barrier.threadDone(Barrier.java:40)
	- locked <0x00000001386908d0> (a java.lang.Object)
	at boxOfActin.ThreadSet.done(ThreadSet.java:54)
	at boxOfActin.ThreadSet$ThreadSpawn.run(ThreadSet.java:41)

"Thread-1" #29 [1076440] daemon prio=5 os_prio=0 cpu=2386.14ms elapsed=208.37s tid=0x00007f91881b0a10 nid=1076440 in Object.wait()  [0x00007f914c587000]
   java.lang.Thread.State: WAITING (on object monitor)
	at java.lang.Object.wait0(java.base@21.0.11/Native Method)
	- waiting on <no object reference available>
	at java.lang.Object.wait(java.base@21.0.11/Object.java:366)
	at java.lang.Object.wait(java.base@21.0.11/Object.java:339)
	at boxOfActin.Barrier.threadDone(Barrier.java:40)
	- locked <0x00000001386908d0> (a java.lang.Object)
	at boxOfActin.ThreadSet.done(ThreadSet.java:54)
	at boxOfActin.ThreadSet$ThreadSpawn.run(ThreadSet.java:41)

"Thread-2" #30 [1076441] daemon prio=5 os_prio=0 cpu=2343.75ms elapsed=208.37s tid=0x00007f91881b1bb0 nid=1076441 in Object.wait()  [0x00007f914c487000]
   java.lang.Thread.State: WAITING (on object monitor)
	at java.lang.Object.wait0(java.base@21.0.11/Native Method)
	- waiting on <no object reference available>
	at java.lang.Object.wait(java.base@21.0.11/Object.java:366)
	at java.lang.Object.wait(java.base@21.0.11/Object.java:339)
	at boxOfActin.Barrier.threadDone(Barrier.java:40)
	- locked <0x00000001386908d0> (a java.lang.Object)
	at boxOfActin.ThreadSet.done(ThreadSet.java:54)
	at boxOfActin.ThreadSet$ThreadSpawn.run(ThreadSet.java:41)

"Thread-3" #31 [1076442] daemon prio=5 os_prio=0 cpu=2370.25ms elapsed=208.37s tid=0x00007f91881b2de0 nid=1076442 in Object.wait()  [0x00007f914c387000]
   java.lang.Thread.State: WAITING (on object monitor)
	at java.lang.Object.wait0(java.base@21.0.11/Native Method)
	- waiting on <no object reference available>
	at java.lang.Object.wait(java.base@21.0.11/Object.java:366)
	at java.lang.Object.wait(java.base@21.0.11/Object.java:339)
	at boxOfActin.Barrier.threadDone(Barrier.java:40)
	- locked <0x00000001386908d0> (a java.lang.Object)
	at boxOfActin.ThreadSet.done(ThreadSet.java:54)
	at boxOfActin.ThreadSet$ThreadSpawn.run(ThreadSet.java:41)

"Thread-4" #32 [1076443] daemon prio=5 os_prio=0 cpu=2284.81ms elapsed=208.37s tid=0x00007f91881b42a0 nid=1076443 in Object.wait()  [0x00007f914c287000]
   java.lang.Thread.State: WAITING (on object monitor)
	at java.lang.Object.wait0(java.base@21.0.11/Native Method)
	- waiting on <no object reference available>
	at java.lang.Object.wait(java.base@21.0.11/Object.java:366)
	at java.lang.Object.wait(java.base@21.0.11/Object.java:339)
	at boxOfActin.Barrier.threadDone(Barrier.java:40)
	- locked <0x00000001386908d0> (a java.lang.Object)
	at boxOfActin.ThreadSet.done(ThreadSet.java:54)
	at boxOfActin.ThreadSet$ThreadSpawn.run(ThreadSet.java:41)

"Thread-5" #33 [1076444] daemon prio=5 os_prio=0 cpu=2352.64ms elapsed=208.37s tid=0x00007f91881b5ec0 nid=1076444 in Object.wait()  [0x00007f914c187000]
   java.lang.Thread.State: WAITING (on object monitor)
	at java.lang.Object.wait0(java.base@21.0.11/Native Method)
	- waiting on <no object reference available>
	at java.lang.Object.wait(java.base@21.0.11/Object.java:366)
	at java.lang.Object.wait(java.base@21.0.11/Object.java:339)
	at boxOfActin.Barrier.threadDone(Barrier.java:40)
	- locked <0x00000001386908d0> (a java.lang.Object)
	at boxOfActin.ThreadSet.done(ThreadSet.java:54)
	at boxOfActin.ThreadSet$ThreadSpawn.run(ThreadSet.java:41)

"Thread-6" #34 [1076445] daemon prio=5 os_prio=0 cpu=2372.11ms elapsed=208.37s tid=0x00007f91881b7110 nid=1076445 in Object.wait()  [0x00007f913dffe000]
   java.lang.Thread.State: WAITING (on object monitor)
	at java.lang.Object.wait0(java.base@21.0.11/Native Method)
	- waiting on <no object reference available>
	at java.lang.Object.wait(java.base@21.0.11/Object.java:366)
	at java.lang.Object.wait(java.base@21.0.11/Object.java:339)
	at boxOfActin.Barrier.threadDone(Barrier.java:40)
	- locked <0x00000001386908d0> (a java.lang.Object)
	at boxOfActin.ThreadSet.done(ThreadSet.java:54)
	at boxOfActin.ThreadSet$ThreadSpawn.run(ThreadSet.java:41)

"Thread-7" #35 [1076446] daemon prio=5 os_prio=0 cpu=2368.31ms elapsed=208.37s tid=0x00007f91881b8360 nid=1076446 in Object.wait()  [0x00007f913defe000]
   java.lang.Thread.State: WAITING (on object monitor)
	at java.lang.Object.wait0(java.base@21.0.11/Native Method)
	- waiting on <no object reference available>
	at java.lang.Object.wait(java.base@21.0.11/Object.java:366)
	at java.lang.Object.wait(java.base@21.0.11/Object.java:339)
	at boxOfActin.Barrier.threadDone(Barrier.java:40)
	- locked <0x00000001386908d0> (a java.lang.Object)
	at boxOfActin.ThreadSet.done(ThreadSet.java:54)
	at boxOfActin.ThreadSet$ThreadSpawn.run(ThreadSet.java:41)

"Thread-8" #36 [1076447] daemon prio=5 os_prio=0 cpu=2282.82ms elapsed=208.37s tid=0x00007f91881b95c0 nid=1076447 in Object.wait()  [0x00007f913ddfe000]
   java.lang.Thread.State: WAITING (on object monitor)
	at java.lang.Object.wait0(java.base@21.0.11/Native Method)
	- waiting on <no object reference available>
	at java.lang.Object.wait(java.base@21.0.11/Object.java:366)
	at java.lang.Object.wait(java.base@21.0.11/Object.java:339)
	at boxOfActin.Barrier.threadDone(Barrier.java:40)
	- locked <0x00000001386908d0> (a java.lang.Object)
	at boxOfActin.ThreadSet.done(ThreadSet.java:54)
	at boxOfActin.ThreadSet$ThreadSpawn.run(ThreadSet.java:41)

"Thread-9" #37 [1076448] daemon prio=5 os_prio=0 cpu=2332.10ms elapsed=208.37s tid=0x00007f91881ba820 nid=1076448 in Object.wait()  [0x00007f913dcfe000]
   java.lang.Thread.State: WAITING (on object monitor)
	at java.lang.Object.wait0(java.base@21.0.11/Native Method)
	- waiting on <no object reference available>
	at java.lang.Object.wait(java.base@21.0.11/Object.java:366)
	at java.lang.Object.wait(java.base@21.0.11/Object.java:339)
	at boxOfActin.Barrier.threadDone(Barrier.java:40)
	- locked <0x00000001386908d0> (a java.lang.Object)
	at boxOfActin.ThreadSet.done(ThreadSet.java:54)
	at boxOfActin.ThreadSet$ThreadSpawn.run(ThreadSet.java:41)

"Thread-10" #38 [1076449] daemon prio=5 os_prio=0 cpu=2337.70ms elapsed=208.37s tid=0x00007f91881bba90 nid=1076449 in Object.wait()  [0x00007f913dbfe000]
   java.lang.Thread.State: WAITING (on object monitor)
	at java.lang.Object.wait0(java.base@21.0.11/Native Method)
	- waiting on <no object reference available>
	at java.lang.Object.wait(java.base@21.0.11/Object.java:366)
	at java.lang.Object.wait(java.base@21.0.11/Object.java:339)
	at boxOfActin.Barrier.threadDone(Barrier.java:40)
	- locked <0x00000001386908d0> (a java.lang.Object)
	at boxOfActin.ThreadSet.done(ThreadSet.java:54)
	at boxOfActin.ThreadSet$ThreadSpawn.run(ThreadSet.java:41)

"Thread-11" #39 [1076450] daemon prio=5 os_prio=0 cpu=2244.25ms elapsed=208.37s tid=0x00007f91881bcd00 nid=1076450 in Object.wait()  [0x00007f913dafe000]
   java.lang.Thread.State: WAITING (on object monitor)
	at java.lang.Object.wait0(java.base@21.0.11/Native Method)
	- waiting on <no object reference available>
	at java.lang.Object.wait(java.base@21.0.11/Object.java:366)
	at java.lang.Object.wait(java.base@21.0.11/Object.java:339)
	at boxOfActin.Barrier.threadDone(Barrier.java:40)
	- locked <0x00000001386908d0> (a java.lang.Object)
	at boxOfActin.ThreadSet.done(ThreadSet.java:54)
	at boxOfActin.ThreadSet$ThreadSpawn.run(ThreadSet.java:41)

"Thread-12" #40 [1076451] daemon prio=5 os_prio=0 cpu=2386.70ms elapsed=208.37s tid=0x00007f91881bdeb0 nid=1076451 in Object.wait()  [0x00007f913d9fe000]
   java.lang.Thread.State: WAITING (on object monitor)
	at java.lang.Object.wait0(java.base@21.0.11/Native Method)
	- waiting on <no object reference available>
	at java.lang.Object.wait(java.base@21.0.11/Object.java:366)
	at java.lang.Object.wait(java.base@21.0.11/Object.java:339)
	at boxOfActin.Barrier.threadDone(Barrier.java:40)
	- locked <0x00000001386908d0> (a java.lang.Object)
	at boxOfActin.ThreadSet.done(ThreadSet.java:54)
	at boxOfActin.ThreadSet$ThreadSpawn.run(ThreadSet.java:41)

"Thread-13" #41 [1076452] daemon prio=5 os_prio=0 cpu=2350.03ms elapsed=208.37s tid=0x00007f91881bf450 nid=1076452 in Object.wait()  [0x00007f913d8fe000]
   java.lang.Thread.State: WAITING (on object monitor)
	at java.lang.Object.wait0(java.base@21.0.11/Native Method)
	- waiting on <no object reference available>
	at java.lang.Object.wait(java.base@21.0.11/Object.java:366)
	at java.lang.Object.wait(java.base@21.0.11/Object.java:339)
	at boxOfActin.Barrier.threadDone(Barrier.java:40)
	- locked <0x00000001386908d0> (a java.lang.Object)
	at boxOfActin.ThreadSet.done(ThreadSet.java:54)
	at boxOfActin.ThreadSet$ThreadSpawn.run(ThreadSet.java:41)

"Thread-14" #42 [1076453] daemon prio=5 os_prio=0 cpu=2371.45ms elapsed=208.37s tid=0x00007f91881c0ad0 nid=1076453 in Object.wait()  [0x00007f913d7fe000]
   java.lang.Thread.State: WAITING (on object monitor)
	at java.lang.Object.wait0(java.base@21.0.11/Native Method)
	- waiting on <no object reference available>
	at java.lang.Object.wait(java.base@21.0.11/Object.java:366)
	at java.lang.Object.wait(java.base@21.0.11/Object.java:339)
	at boxOfActin.Barrier.threadDone(Barrier.java:40)
	- locked <0x00000001386908d0> (a java.lang.Object)
	at boxOfActin.ThreadSet.done(ThreadSet.java:54)
	at boxOfActin.ThreadSet$ThreadSpawn.run(ThreadSet.java:41)

"Thread-16" #44 [1076455] daemon prio=5 os_prio=0 cpu=2109.60ms elapsed=208.37s tid=0x00007f91881c3e20 nid=1076455 in Object.wait()  [0x00007f913d5fe000]
   java.lang.Thread.State: WAITING (on object monitor)
	at java.lang.Object.wait0(java.base@21.0.11/Native Method)
	- waiting on <no object reference available>
	at java.lang.Object.wait(java.base@21.0.11/Object.java:366)
	at java.lang.Object.wait(java.base@21.0.11/Object.java:339)
	at boxOfActin.Barrier.threadDone(Barrier.java:49)
	- locked <0x000000013861ebd8> (a java.lang.Object)
	at boxOfActin.ThreadSet.done(ThreadSet.java:54)
	at boxOfActin.ThreadSet$ThreadSpawn.run(ThreadSet.java:41)

"Thread-17" #45 [1076456] daemon prio=5 os_prio=0 cpu=2189.93ms elapsed=208.37s tid=0x00007f91881c4d70 nid=1076456 in Object.wait()  [0x00007f913d4fe000]
   java.lang.Thread.State: WAITING (on object monitor)
	at java.lang.Object.wait0(java.base@21.0.11/Native Method)
	- waiting on <no object reference available>
	at java.lang.Object.wait(java.base@21.0.11/Object.java:366)
	at java.lang.Object.wait(java.base@21.0.11/Object.java:339)
	at boxOfActin.Barrier.threadDone(Barrier.java:49)
	- locked <0x000000013861ebd8> (a java.lang.Object)
	at boxOfActin.ThreadSet.done(ThreadSet.java:54)
	at boxOfActin.ThreadSet$ThreadSpawn.run(ThreadSet.java:41)

"Thread-18" #46 [1076457] daemon prio=5 os_prio=0 cpu=2188.41ms elapsed=208.37s tid=0x00007f91881c6200 nid=1076457 in Object.wait()  [0x00007f913d3fe000]
   java.lang.Thread.State: WAITING (on object monitor)
	at java.lang.Object.wait0(java.base@21.0.11/Native Method)
	- waiting on <no object reference available>
	at java.lang.Object.wait(java.base@21.0.11/Object.java:366)
	at java.lang.Object.wait(java.base@21.0.11/Object.java:339)
	at boxOfActin.Barrier.threadDone(Barrier.java:49)
	- locked <0x000000013861ebd8> (a java.lang.Object)
	at boxOfActin.ThreadSet.done(ThreadSet.java:54)
	at boxOfActin.ThreadSet$ThreadSpawn.run(ThreadSet.java:41)

"Thread-19" #47 [1076458] daemon prio=5 os_prio=0 cpu=2089.11ms elapsed=208.37s tid=0x00007f91881c7680 nid=1076458 in Object.wait()  [0x00007f913d2fe000]
   java.lang.Thread.State: WAITING (on object monitor)
	at java.lang.Object.wait0(java.base@21.0.11/Native Method)
	- waiting on <no object reference available>
	at java.lang.Object.wait(java.base@21.0.11/Object.java:366)
	at java.lang.Object.wait(java.base@21.0.11/Object.java:339)
	at boxOfActin.Barrier.threadDone(Barrier.java:49)
	- locked <0x000000013861ebd8> (a java.lang.Object)
	at boxOfActin.ThreadSet.done(ThreadSet.java:54)
	at boxOfActin.ThreadSet$ThreadSpawn.run(ThreadSet.java:41)

"Thread-20" #48 [1076459] daemon prio=5 os_prio=0 cpu=2222.97ms elapsed=208.37s tid=0x00007f91881c8fb0 nid=1076459 in Object.wait()  [0x00007f913d1fe000]
   java.lang.Thread.State: WAITING (on object monitor)
	at java.lang.Object.wait0(java.base@21.0.11/Native Method)
	- waiting on <no object reference available>
	at java.lang.Object.wait(java.base@21.0.11/Object.java:366)
	at java.lang.Object.wait(java.base@21.0.11/Object.java:339)
	at boxOfActin.Barrier.threadDone(Barrier.java:49)
	- locked <0x000000013861ebd8> (a java.lang.Object)
	at boxOfActin.ThreadSet.done(ThreadSet.java:54)
	at boxOfActin.ThreadSet$ThreadSpawn.run(ThreadSet.java:41)

"Thread-21" #49 [1076460] daemon prio=5 os_prio=0 cpu=2188.77ms elapsed=208.37s tid=0x00007f91881ca660 nid=1076460 in Object.wait()  [0x00007f913d0fe000]
   java.lang.Thread.State: WAITING (on object monitor)
	at java.lang.Object.wait0(java.base@21.0.11/Native Method)
	- waiting on <no object reference available>
	at java.lang.Object.wait(java.base@21.0.11/Object.java:366)
	at java.lang.Object.wait(java.base@21.0.11/Object.java:339)
	at boxOfActin.Barrier.threadDone(Barrier.java:49)
	- locked <0x000000013861ebd8> (a java.lang.Object)
	at boxOfActin.ThreadSet.done(ThreadSet.java:54)
	at boxOfActin.ThreadSet$ThreadSpawn.run(ThreadSet.java:41)

"Thread-22" #50 [1076461] daemon prio=5 os_prio=0 cpu=2165.46ms elapsed=208.37s tid=0x00007f91881cbbf0 nid=1076461 in Object.wait()  [0x00007f913cffe000]
   java.lang.Thread.State: WAITING (on object monitor)
	at java.lang.Object.wait0(java.base@21.0.11/Native Method)
	- waiting on <no object reference available>
	at java.lang.Object.wait(java.base@21.0.11/Object.java:366)
	at java.lang.Object.wait(java.base@21.0.11/Object.java:339)
	at boxOfActin.Barrier.threadDone(Barrier.java:49)
	- locked <0x000000013861ebd8> (a java.lang.Object)
	at boxOfActin.ThreadSet.done(ThreadSet.java:54)
	at boxOfActin.ThreadSet$ThreadSpawn.run(ThreadSet.java:41)

"Thread-23" #51 [1076462] daemon prio=5 os_prio=0 cpu=2193.64ms elapsed=208.37s tid=0x00007f91881cd2b0 nid=1076462 in Object.wait()  [0x00007f913cefe000]
   java.lang.Thread.State: WAITING (on object monitor)
	at java.lang.Object.wait0(java.base@21.0.11/Native Method)
	- waiting on <no object reference available>
	at java.lang.Object.wait(java.base@21.0.11/Object.java:366)
	at java.lang.Object.wait(java.base@21.0.11/Object.java:339)
	at boxOfActin.Barrier.threadDone(Barrier.java:49)
	- locked <0x000000013861ebd8> (a java.lang.Object)
	at boxOfActin.ThreadSet.done(ThreadSet.java:54)
	at boxOfActin.ThreadSet$ThreadSpawn.run(ThreadSet.java:41)

"Thread-24" #52 [1076463] daemon prio=5 os_prio=0 cpu=2140.51ms elapsed=208.37s tid=0x00007f91881ce980 nid=1076463 in Object.wait()  [0x00007f913cdfe000]
   java.lang.Thread.State: WAITING (on object monitor)
	at java.lang.Object.wait0(java.base@21.0.11/Native Method)
	- waiting on <no object reference available>
	at java.lang.Object.wait(java.base@21.0.11/Object.java:366)
	at java.lang.Object.wait(java.base@21.0.11/Object.java:339)
	at boxOfActin.Barrier.threadDone(Barrier.java:49)
	- locked <0x000000013861ebd8> (a java.lang.Object)
	at boxOfActin.ThreadSet.done(ThreadSet.java:54)
	at boxOfActin.ThreadSet$ThreadSpawn.run(ThreadSet.java:41)

"Thread-25" #53 [1076464] daemon prio=5 os_prio=0 cpu=2190.48ms elapsed=208.37s tid=0x00007f91881d0050 nid=1076464 in Object.wait()  [0x00007f913ccfe000]
   java.lang.Thread.State: WAITING (on object monitor)
	at java.lang.Object.wait0(java.base@21.0.11/Native Method)
	- waiting on <no object reference available>
	at java.lang.Object.wait(java.base@21.0.11/Object.java:366)
	at java.lang.Object.wait(java.base@21.0.11/Object.java:339)
	at boxOfActin.Barrier.threadDone(Barrier.java:49)
	- locked <0x000000013861ebd8> (a java.lang.Object)
	at boxOfActin.ThreadSet.done(ThreadSet.java:54)
	at boxOfActin.ThreadSet$ThreadSpawn.run(ThreadSet.java:41)

"Thread-26" #54 [1076465] daemon prio=5 os_prio=0 cpu=2168.08ms elapsed=208.37s tid=0x00007f91881d15e0 nid=1076465 in Object.wait()  [0x00007f913cbfe000]
   java.lang.Thread.State: WAITING (on object monitor)
	at java.lang.Object.wait0(java.base@21.0.11/Native Method)
	- waiting on <no object reference available>
	at java.lang.Object.wait(java.base@21.0.11/Object.java:366)
	at java.lang.Object.wait(java.base@21.0.11/Object.java:339)
	at boxOfActin.Barrier.threadDone(Barrier.java:49)
	- locked <0x000000013861ebd8> (a java.lang.Object)
	at boxOfActin.ThreadSet.done(ThreadSet.java:54)
	at boxOfActin.ThreadSet$ThreadSpawn.run(ThreadSet.java:41)

"Thread-27" #55 [1076466] daemon prio=5 os_prio=0 cpu=2169.32ms elapsed=208.37s tid=0x00007f91881d2b70 nid=1076466 in Object.wait()  [0x00007f913cafe000]
   java.lang.Thread.State: WAITING (on object monitor)
	at java.lang.Object.wait0(java.base@21.0.11/Native Method)
	- waiting on <no object reference available>
	at java.lang.Object.wait(java.base@21.0.11/Object.java:366)
	at java.lang.Object.wait(java.base@21.0.11/Object.java:339)
	at boxOfActin.Barrier.threadDone(Barrier.java:49)
	- locked <0x000000013861ebd8> (a java.lang.Object)
	at boxOfActin.ThreadSet.done(ThreadSet.java:54)
	at boxOfActin.ThreadSet$ThreadSpawn.run(ThreadSet.java:41)

"Thread-28" #56 [1076467] daemon prio=5 os_prio=0 cpu=2077.62ms elapsed=208.37s tid=0x00007f91881d4100 nid=1076467 in Object.wait()  [0x00007f913c9fe000]
   java.lang.Thread.State: WAITING (on object monitor)
	at java.lang.Object.wait0(java.base@21.0.11/Native Method)
	- waiting on <no object reference available>
	at java.lang.Object.wait(java.base@21.0.11/Object.java:366)
	at java.lang.Object.wait(java.base@21.0.11/Object.java:339)
	at boxOfActin.Barrier.threadDone(Barrier.java:49)
	- locked <0x000000013861ebd8> (a java.lang.Object)
	at boxOfActin.ThreadSet.done(ThreadSet.java:54)
	at boxOfActin.ThreadSet$ThreadSpawn.run(ThreadSet.java:41)

"Thread-29" #57 [1076468] daemon prio=5 os_prio=0 cpu=2126.31ms elapsed=208.37s tid=0x00007f91881d57f0 nid=1076468 in Object.wait()  [0x00007f913c8fe000]
   java.lang.Thread.State: WAITING (on object monitor)
	at java.lang.Object.wait0(java.base@21.0.11/Native Method)
	- waiting on <no object reference available>
	at java.lang.Object.wait(java.base@21.0.11/Object.java:366)
	at java.lang.Object.wait(java.base@21.0.11/Object.java:339)
	at boxOfActin.Barrier.threadDone(Barrier.java:49)
	- locked <0x000000013861ebd8> (a java.lang.Object)
	at boxOfActin.ThreadSet.done(ThreadSet.java:54)
	at boxOfActin.ThreadSet$ThreadSpawn.run(ThreadSet.java:41)

"Thread-30" #58 [1076469] daemon prio=5 os_prio=0 cpu=2209.25ms elapsed=208.37s tid=0x00007f91881d6ef0 nid=1076469 in Object.wait()  [0x00007f913c7fe000]
   java.lang.Thread.State: WAITING (on object monitor)
	at java.lang.Object.wait0(java.base@21.0.11/Native Method)
	- waiting on <no object reference available>
	at java.lang.Object.wait(java.base@21.0.11/Object.java:366)
	at java.lang.Object.wait(java.base@21.0.11/Object.java:339)
	at boxOfActin.Barrier.threadDone(Barrier.java:49)
	- locked <0x000000013861ebd8> (a java.lang.Object)
	at boxOfActin.ThreadSet.done(ThreadSet.java:54)
	at boxOfActin.ThreadSet$ThreadSpawn.run(ThreadSet.java:41)

"Thread-31" #59 [1076470] daemon prio=5 os_prio=0 cpu=2141.54ms elapsed=208.37s tid=0x00007f91881d85f0 nid=1076470 in Object.wait()  [0x00007f913c6fe000]
   java.lang.Thread.State: WAITING (on object monitor)
	at java.lang.Object.wait0(java.base@21.0.11/Native Method)
	- waiting on <no object reference available>
	at java.lang.Object.wait(java.base@21.0.11/Object.java:366)
	at java.lang.Object.wait(java.base@21.0.11/Object.java:339)
	at boxOfActin.Barrier.threadDone(Barrier.java:49)
	- locked <0x000000013861ebd8> (a java.lang.Object)
	at boxOfActin.ThreadSet.done(ThreadSet.java:54)
	at boxOfActin.ThreadSet$ThreadSpawn.run(ThreadSet.java:41)

"Thread-32" #60 [1076471] daemon prio=5 os_prio=0 cpu=0.07ms elapsed=208.36s tid=0x00007f91881dc6c0 nid=1076471 in Object.wait()  [0x00007f913c5fe000]
   java.lang.Thread.State: WAITING (on object monitor)
	at java.lang.Object.wait0(java.base@21.0.11/Native Method)
	- waiting on <no object reference available>
	at java.lang.Object.wait(java.base@21.0.11/Object.java:366)
	at java.lang.Object.wait(java.base@21.0.11/Object.java:339)
	at boxOfActin.Barrier.threadDone(Barrier.java:49)
	- locked <0x0000000138690c40> (a java.lang.Object)
	at boxOfActin.ThreadSet.done(ThreadSet.java:54)
	at boxOfActin.ThreadSet$ThreadSpawn.run(ThreadSet.java:38)

"Thread-33" #61 [1076472] daemon prio=5 os_prio=0 cpu=0.05ms elapsed=208.36s tid=0x00007f91881dad50 nid=1076472 in Object.wait()  [0x00007f913c4fe000]
   java.lang.Thread.State: WAITING (on object monitor)
	at java.lang.Object.wait0(java.base@21.0.11/Native Method)
	- waiting on <0x0000000138690c40> (a java.lang.Object)
	at java.lang.Object.wait(java.base@21.0.11/Object.java:366)
	at java.lang.Object.wait(java.base@21.0.11/Object.java:339)
	at boxOfActin.Barrier.threadDone(Barrier.java:49)
	- locked <0x0000000138690c40> (a java.lang.Object)
	at boxOfActin.ThreadSet.done(ThreadSet.java:54)
	at boxOfActin.ThreadSet$ThreadSpawn.run(ThreadSet.java:38)

"Thread-34" #62 [1076473] daemon prio=5 os_prio=0 cpu=0.05ms elapsed=208.36s tid=0x00007f91881dda00 nid=1076473 in Object.wait()  [0x00007f913c3fe000]
   java.lang.Thread.State: WAITING (on object monitor)
	at java.lang.Object.wait0(java.base@21.0.11/Native Method)
	- waiting on <0x0000000138690c40> (a java.lang.Object)
	at java.lang.Object.wait(java.base@21.0.11/Object.java:366)
	at java.lang.Object.wait(java.base@21.0.11/Object.java:339)
	at boxOfActin.Barrier.threadDone(Barrier.java:49)
	- locked <0x0000000138690c40> (a java.lang.Object)
	at boxOfActin.ThreadSet.done(ThreadSet.java:54)
	at boxOfActin.ThreadSet$ThreadSpawn.run(ThreadSet.java:38)

"Thread-35" #63 [1076474] daemon prio=5 os_prio=0 cpu=0.07ms elapsed=208.36s tid=0x00007f91881ded30 nid=1076474 in Object.wait()  [0x00007f913c2fe000]
   java.lang.Thread.State: WAITING (on object monitor)
	at java.lang.Object.wait0(java.base@21.0.11/Native Method)
	- waiting on <0x0000000138690c40> (a java.lang.Object)
	at java.lang.Object.wait(java.base@21.0.11/Object.java:366)
	at java.lang.Object.wait(java.base@21.0.11/Object.java:339)
	at boxOfActin.Barrier.threadDone(Barrier.java:49)
	- locked <0x0000000138690c40> (a java.lang.Object)
	at boxOfActin.ThreadSet.done(ThreadSet.java:54)
	at boxOfActin.ThreadSet$ThreadSpawn.run(ThreadSet.java:38)

"Thread-36" #64 [1076475] daemon prio=5 os_prio=0 cpu=0.08ms elapsed=208.36s tid=0x00007f91881e06e0 nid=1076475 in Object.wait()  [0x00007f913c1fe000]
   java.lang.Thread.State: WAITING (on object monitor)
	at java.lang.Object.wait0(java.base@21.0.11/Native Method)
	- waiting on <no object reference available>
	at java.lang.Object.wait(java.base@21.0.11/Object.java:366)
	at java.lang.Object.wait(java.base@21.0.11/Object.java:339)
	at boxOfActin.Barrier.threadDone(Barrier.java:49)
	- locked <0x0000000138690c40> (a java.lang.Object)
	at boxOfActin.ThreadSet.done(ThreadSet.java:54)
	at boxOfActin.ThreadSet$ThreadSpawn.run(ThreadSet.java:38)

"Thread-37" #65 [1076476] daemon prio=5 os_prio=0 cpu=0.09ms elapsed=208.36s tid=0x00007f91881e1e10 nid=1076476 in Object.wait()  [0x00007f913c0fe000]
   java.lang.Thread.State: WAITING (on object monitor)
	at java.lang.Object.wait0(java.base@21.0.11/Native Method)
	- waiting on <no object reference available>
	at java.lang.Object.wait(java.base@21.0.11/Object.java:366)
	at java.lang.Object.wait(java.base@21.0.11/Object.java:339)
	at boxOfActin.Barrier.threadDone(Barrier.java:49)
	- locked <0x0000000138690c40> (a java.lang.Object)
	at boxOfActin.ThreadSet.done(ThreadSet.java:54)
	at boxOfActin.ThreadSet$ThreadSpawn.run(ThreadSet.java:38)

"Thread-38" #66 [1076488] daemon prio=5 os_prio=0 cpu=0.17ms elapsed=208.36s tid=0x00007f91881e3550 nid=1076488 in Object.wait()  [0x00007f90ea4f3000]
   java.lang.Thread.State: WAITING (on object monitor)
	at java.lang.Object.wait0(java.base@21.0.11/Native Method)
	- waiting on <no object reference available>
	at java.lang.Object.wait(java.base@21.0.11/Object.java:366)
	at java.lang.Object.wait(java.base@21.0.11/Object.java:339)
	at boxOfActin.Barrier.threadDone(Barrier.java:49)
	- locked <0x0000000138690c40> (a java.lang.Object)
	at boxOfActin.ThreadSet.done(ThreadSet.java:54)
	at boxOfActin.ThreadSet$ThreadSpawn.run(ThreadSet.java:38)

"Thread-39" #78 [1076489] daemon prio=5 os_prio=0 cpu=0.07ms elapsed=208.36s tid=0x00007f91881e4c10 nid=1076489 in Object.wait()  [0x00007f90ea3f3000]
   java.lang.Thread.State: WAITING (on object monitor)
	at java.lang.Object.wait0(java.base@21.0.11/Native Method)
	- waiting on <no object reference available>
	at java.lang.Object.wait(java.base@21.0.11/Object.java:366)
	at java.lang.Object.wait(java.base@21.0.11/Object.java:339)
	at boxOfActin.Barrier.threadDone(Barrier.java:49)
	- locked <0x0000000138690c40> (a java.lang.Object)
	at boxOfActin.ThreadSet.done(ThreadSet.java:54)
	at boxOfActin.ThreadSet$ThreadSpawn.run(ThreadSet.java:38)

"Thread-40" #79 [1076490] daemon prio=5 os_prio=0 cpu=0.11ms elapsed=208.36s tid=0x00007f91881e6300 nid=1076490 in Object.wait()  [0x00007f90ea2f3000]
   java.lang.Thread.State: WAITING (on object monitor)
	at java.lang.Object.wait0(java.base@21.0.11/Native Method)
	- waiting on <no object reference available>
	at java.lang.Object.wait(java.base@21.0.11/Object.java:366)
	at java.lang.Object.wait(java.base@21.0.11/Object.java:339)
	at boxOfActin.Barrier.threadDone(Barrier.java:49)
	- locked <0x0000000138690c40> (a java.lang.Object)
	at boxOfActin.ThreadSet.done(ThreadSet.java:54)
	at boxOfActin.ThreadSet$ThreadSpawn.run(ThreadSet.java:38)

"Thread-41" #80 [1076491] daemon prio=5 os_prio=0 cpu=0.07ms elapsed=208.36s tid=0x00007f91881e7a20 nid=1076491 in Object.wait()  [0x00007f90ea1f3000]
   java.lang.Thread.State: WAITING (on object monitor)
	at java.lang.Object.wait0(java.base@21.0.11/Native Method)
	- waiting on <no object reference available>
	at java.lang.Object.wait(java.base@21.0.11/Object.java:366)
	at java.lang.Object.wait(java.base@21.0.11/Object.java:339)
	at boxOfActin.Barrier.threadDone(Barrier.java:49)
	- locked <0x0000000138690c40> (a java.lang.Object)
	at boxOfActin.ThreadSet.done(ThreadSet.java:54)
	at boxOfActin.ThreadSet$ThreadSpawn.run(ThreadSet.java:38)

"Thread-42" #81 [1076492] daemon prio=5 os_prio=0 cpu=0.07ms elapsed=208.36s tid=0x00007f91881e8fc0 nid=1076492 in Object.wait()  [0x00007f90ea0f3000]
   java.lang.Thread.State: WAITING (on object monitor)
	at java.lang.Object.wait0(java.base@21.0.11/Native Method)
	- waiting on <no object reference available>
	at java.lang.Object.wait(java.base@21.0.11/Object.java:366)
	at java.lang.Object.wait(java.base@21.0.11/Object.java:339)
	at boxOfActin.Barrier.threadDone(Barrier.java:49)
	- locked <0x0000000138690c40> (a java.lang.Object)
	at boxOfActin.ThreadSet.done(ThreadSet.java:54)
	at boxOfActin.ThreadSet$ThreadSpawn.run(ThreadSet.java:38)

"Thread-43" #82 [1076493] daemon prio=5 os_prio=0 cpu=0.05ms elapsed=208.36s tid=0x00007f91881ea560 nid=1076493 in Object.wait()  [0x00007f90e9ff3000]
   java.lang.Thread.State: WAITING (on object monitor)
	at java.lang.Object.wait0(java.base@21.0.11/Native Method)
	- waiting on <no object reference available>
	at java.lang.Object.wait(java.base@21.0.11/Object.java:366)
	at java.lang.Object.wait(java.base@21.0.11/Object.java:339)
	at boxOfActin.Barrier.threadDone(Barrier.java:49)
	- locked <0x0000000138690c40> (a java.lang.Object)
	at boxOfActin.ThreadSet.done(ThreadSet.java:54)
	at boxOfActin.ThreadSet$ThreadSpawn.run(ThreadSet.java:38)

"Thread-44" #83 [1076494] daemon prio=5 os_prio=0 cpu=0.06ms elapsed=208.36s tid=0x00007f91881ebaf0 nid=1076494 in Object.wait()  [0x00007f90e9ef3000]
   java.lang.Thread.State: WAITING (on object monitor)
	at java.lang.Object.wait0(java.base@21.0.11/Native Method)
	- waiting on <no object reference available>
	at java.lang.Object.wait(java.base@21.0.11/Object.java:366)
	at java.lang.Object.wait(java.base@21.0.11/Object.java:339)
	at boxOfActin.Barrier.threadDone(Barrier.java:49)
	- locked <0x0000000138690c40> (a java.lang.Object)
	at boxOfActin.ThreadSet.done(ThreadSet.java:54)
	at boxOfActin.ThreadSet$ThreadSpawn.run(ThreadSet.java:38)

"Thread-45" #84 [1076495] daemon prio=5 os_prio=0 cpu=0.05ms elapsed=208.36s tid=0x00007f91881ed260 nid=1076495 in Object.wait()  [0x00007f90e9df3000]
   java.lang.Thread.State: WAITING (on object monitor)
	at java.lang.Object.wait0(java.base@21.0.11/Native Method)
	- waiting on <no object reference available>
	at java.lang.Object.wait(java.base@21.0.11/Object.java:366)
	at java.lang.Object.wait(java.base@21.0.11/Object.java:339)
	at boxOfActin.Barrier.threadDone(Barrier.java:49)
	- locked <0x0000000138690c40> (a java.lang.Object)
	at boxOfActin.ThreadSet.done(ThreadSet.java:54)
	at boxOfActin.ThreadSet$ThreadSpawn.run(ThreadSet.java:38)

"Thread-46" #85 [1076496] daemon prio=5 os_prio=0 cpu=0.10ms elapsed=208.36s tid=0x00007f91881ee9e0 nid=1076496 in Object.wait()  [0x00007f90e9cf3000]
   java.lang.Thread.State: WAITING (on object monitor)
	at java.lang.Object.wait0(java.base@21.0.11/Native Method)
	- waiting on <no object reference available>
	at java.lang.Object.wait(java.base@21.0.11/Object.java:366)
	at java.lang.Object.wait(java.base@21.0.11/Object.java:339)
	at boxOfActin.Barrier.threadDone(Barrier.java:49)
	- locked <0x0000000138690c40> (a java.lang.Object)
	at boxOfActin.ThreadSet.done(ThreadSet.java:54)
	at boxOfActin.ThreadSet$ThreadSpawn.run(ThreadSet.java:38)

"Thread-47" #86 [1076497] daemon prio=5 os_prio=0 cpu=0.05ms elapsed=208.36s tid=0x00007f91881f0160 nid=1076497 in Object.wait()  [0x00007f90e9bf3000]
   java.lang.Thread.State: WAITING (on object monitor)
	at java.lang.Object.wait0(java.base@21.0.11/Native Method)
	- waiting on <no object reference available>
	at java.lang.Object.wait(java.base@21.0.11/Object.java:366)
	at java.lang.Object.wait(java.base@21.0.11/Object.java:339)
	at boxOfActin.Barrier.threadDone(Barrier.java:49)
	- locked <0x0000000138690c40> (a java.lang.Object)
	at boxOfActin.ThreadSet.done(ThreadSet.java:54)
	at boxOfActin.ThreadSet$ThreadSpawn.run(ThreadSet.java:38)

"Thread-48" #87 [1076498] daemon prio=5 os_prio=0 cpu=0.09ms elapsed=208.36s tid=0x00007f91881f1eb0 nid=1076498 in Object.wait()  [0x00007f90e9af3000]
   java.lang.Thread.State: WAITING (on object monitor)
	at java.lang.Object.wait0(java.base@21.0.11/Native Method)
	- waiting on <no object reference available>
	at java.lang.Object.wait(java.base@21.0.11/Object.java:366)
	at java.lang.Object.wait(java.base@21.0.11/Object.java:339)
	at boxOfActin.Barrier.threadDone(Barrier.java:49)
	- locked <0x0000000138690da0> (a java.lang.Object)
	at boxOfActin.ThreadSet.done(ThreadSet.java:54)
	at boxOfActin.ThreadSet$ThreadSpawn.run(ThreadSet.java:38)

"Thread-49" #88 [1076499] daemon prio=5 os_prio=0 cpu=0.06ms elapsed=208.36s tid=0x00007f91881f3150 nid=1076499 in Object.wait()  [0x00007f90e99f3000]
   java.lang.Thread.State: WAITING (on object monitor)
	at java.lang.Object.wait0(java.base@21.0.11/Native Method)
	- waiting on <no object reference available>
	at java.lang.Object.wait(java.base@21.0.11/Object.java:366)
	at java.lang.Object.wait(java.base@21.0.11/Object.java:339)
	at boxOfActin.Barrier.threadDone(Barrier.java:49)
	- locked <0x0000000138690da0> (a java.lang.Object)
	at boxOfActin.ThreadSet.done(ThreadSet.java:54)
	at boxOfActin.ThreadSet$ThreadSpawn.run(ThreadSet.java:38)

"Thread-50" #89 [1076500] daemon prio=5 os_prio=0 cpu=0.11ms elapsed=208.36s tid=0x00007f91881f46e0 nid=1076500 in Object.wait()  [0x00007f90e98f3000]
   java.lang.Thread.State: WAITING (on object monitor)
	at java.lang.Object.wait0(java.base@21.0.11/Native Method)
	- waiting on <no object reference available>
	at java.lang.Object.wait(java.base@21.0.11/Object.java:366)
	at java.lang.Object.wait(java.base@21.0.11/Object.java:339)
	at boxOfActin.Barrier.threadDone(Barrier.java:49)
	- locked <0x0000000138690da0> (a java.lang.Object)
	at boxOfActin.ThreadSet.done(ThreadSet.java:54)
	at boxOfActin.ThreadSet$ThreadSpawn.run(ThreadSet.java:38)

"Thread-51" #90 [1076501] daemon prio=5 os_prio=0 cpu=0.05ms elapsed=208.36s tid=0x00007f91881f5c70 nid=1076501 in Object.wait()  [0x00007f90e97f3000]
   java.lang.Thread.State: WAITING (on object monitor)
	at java.lang.Object.wait0(java.base@21.0.11/Native Method)
	- waiting on <no object reference available>
	at java.lang.Object.wait(java.base@21.0.11/Object.java:366)
	at java.lang.Object.wait(java.base@21.0.11/Object.java:339)
	at boxOfActin.Barrier.threadDone(Barrier.java:49)
	- locked <0x0000000138690da0> (a java.lang.Object)
	at boxOfActin.ThreadSet.done(ThreadSet.java:54)
	at boxOfActin.ThreadSet$ThreadSpawn.run(ThreadSet.java:38)

"Thread-52" #91 [1076502] daemon prio=5 os_prio=0 cpu=0.06ms elapsed=208.36s tid=0x00007f91881f72b0 nid=1076502 in Object.wait()  [0x00007f90e96f3000]
   java.lang.Thread.State: WAITING (on object monitor)
	at java.lang.Object.wait0(java.base@21.0.11/Native Method)
	- waiting on <no object reference available>
	at java.lang.Object.wait(java.base@21.0.11/Object.java:366)
	at java.lang.Object.wait(java.base@21.0.11/Object.java:339)
	at boxOfActin.Barrier.threadDone(Barrier.java:49)
	- locked <0x0000000138690da0> (a java.lang.Object)
	at boxOfActin.ThreadSet.done(ThreadSet.java:54)
	at boxOfActin.ThreadSet$ThreadSpawn.run(ThreadSet.java:38)

"Thread-53" #92 [1076503] daemon prio=5 os_prio=0 cpu=0.13ms elapsed=208.36s tid=0x00007f91881f8670 nid=1076503 in Object.wait()  [0x00007f90e95f3000]
   java.lang.Thread.State: WAITING (on object monitor)
	at java.lang.Object.wait0(java.base@21.0.11/Native Method)
	- waiting on <no object reference available>
	at java.lang.Object.wait(java.base@21.0.11/Object.java:366)
	at java.lang.Object.wait(java.base@21.0.11/Object.java:339)
	at boxOfActin.Barrier.threadDone(Barrier.java:49)
	- locked <0x0000000138690da0> (a java.lang.Object)
	at boxOfActin.ThreadSet.done(ThreadSet.java:54)
	at boxOfActin.ThreadSet$ThreadSpawn.run(ThreadSet.java:38)

"Thread-54" #93 [1076504] daemon prio=5 os_prio=0 cpu=0.07ms elapsed=208.36s tid=0x00007f91881f9e30 nid=1076504 in Object.wait()  [0x00007f90e94f3000]
   java.lang.Thread.State: WAITING (on object monitor)
	at java.lang.Object.wait0(java.base@21.0.11/Native Method)
	- waiting on <no object reference available>
	at java.lang.Object.wait(java.base@21.0.11/Object.java:366)
	at java.lang.Object.wait(java.base@21.0.11/Object.java:339)
	at boxOfActin.Barrier.threadDone(Barrier.java:49)
	- locked <0x0000000138690da0> (a java.lang.Object)
	at boxOfActin.ThreadSet.done(ThreadSet.java:54)
	at boxOfActin.ThreadSet$ThreadSpawn.run(ThreadSet.java:38)

"Thread-55" #94 [1076505] daemon prio=5 os_prio=0 cpu=0.11ms elapsed=208.36s tid=0x00007f91881fb5f0 nid=1076505 in Object.wait()  [0x00007f90e93f3000]
   java.lang.Thread.State: WAITING (on object monitor)
	at java.lang.Object.wait0(java.base@21.0.11/Native Method)
	- waiting on <no object reference available>
	at java.lang.Object.wait(java.base@21.0.11/Object.java:366)
	at java.lang.Object.wait(java.base@21.0.11/Object.java:339)
	at boxOfActin.Barrier.threadDone(Barrier.java:49)
	- locked <0x0000000138690da0> (a java.lang.Object)
	at boxOfActin.ThreadSet.done(ThreadSet.java:54)
	at boxOfActin.ThreadSet$ThreadSpawn.run(ThreadSet.java:38)

"Thread-56" #95 [1076506] daemon prio=5 os_prio=0 cpu=0.08ms elapsed=208.36s tid=0x00007f91881fcdc0 nid=1076506 in Object.wait()  [0x00007f90e92f3000]
   java.lang.Thread.State: WAITING (on object monitor)
	at java.lang.Object.wait0(java.base@21.0.11/Native Method)
	- waiting on <no object reference available>
	at java.lang.Object.wait(java.base@21.0.11/Object.java:366)
	at java.lang.Object.wait(java.base@21.0.11/Object.java:339)
	at boxOfActin.Barrier.threadDone(Barrier.java:49)
	- locked <0x0000000138690da0> (a java.lang.Object)
	at boxOfActin.ThreadSet.done(ThreadSet.java:54)
	at boxOfActin.ThreadSet$ThreadSpawn.run(ThreadSet.java:38)

"Thread-57" #96 [1076507] daemon prio=5 os_prio=0 cpu=0.07ms elapsed=208.36s tid=0x00007f91881fe590 nid=1076507 in Object.wait()  [0x00007f90e91f3000]
   java.lang.Thread.State: WAITING (on object monitor)
	at java.lang.Object.wait0(java.base@21.0.11/Native Method)
	- waiting on <no object reference available>
	at java.lang.Object.wait(java.base@21.0.11/Object.java:366)
	at java.lang.Object.wait(java.base@21.0.11/Object.java:339)
	at boxOfActin.Barrier.threadDone(Barrier.java:49)
	- locked <0x0000000138690da0> (a java.lang.Object)
	at boxOfActin.ThreadSet.done(ThreadSet.java:54)
	at boxOfActin.ThreadSet$ThreadSpawn.run(ThreadSet.java:38)

"Thread-58" #97 [1076508] daemon prio=5 os_prio=0 cpu=0.07ms elapsed=208.36s tid=0x00007f91881ffb20 nid=1076508 in Object.wait()  [0x00007f90e90f3000]
   java.lang.Thread.State: WAITING (on object monitor)
	at java.lang.Object.wait0(java.base@21.0.11/Native Method)
	- waiting on <no object reference available>
	at java.lang.Object.wait(java.base@21.0.11/Object.java:366)
	at java.lang.Object.wait(java.base@21.0.11/Object.java:339)
	at boxOfActin.Barrier.threadDone(Barrier.java:49)
	- locked <0x0000000138690da0> (a java.lang.Object)
	at boxOfActin.ThreadSet.done(ThreadSet.java:54)
	at boxOfActin.ThreadSet$ThreadSpawn.run(ThreadSet.java:38)

"Thread-59" #98 [1076509] daemon prio=5 os_prio=0 cpu=0.06ms elapsed=208.36s tid=0x00007f9188201300 nid=1076509 in Object.wait()  [0x00007f90e8ff3000]
   java.lang.Thread.State: WAITING (on object monitor)
	at java.lang.Object.wait0(java.base@21.0.11/Native Method)
	- waiting on <no object reference available>
	at java.lang.Object.wait(java.base@21.0.11/Object.java:366)
	at java.lang.Object.wait(java.base@21.0.11/Object.java:339)
	at boxOfActin.Barrier.threadDone(Barrier.java:49)
	- locked <0x0000000138690da0> (a java.lang.Object)
	at boxOfActin.ThreadSet.done(ThreadSet.java:54)
	at boxOfActin.ThreadSet$ThreadSpawn.run(ThreadSet.java:38)

"Thread-60" #99 [1076510] daemon prio=5 os_prio=0 cpu=0.07ms elapsed=208.36s tid=0x00007f9188202af0 nid=1076510 in Object.wait()  [0x00007f90e8ef3000]
   java.lang.Thread.State: WAITING (on object monitor)
	at java.lang.Object.wait0(java.base@21.0.11/Native Method)
	- waiting on <no object reference available>
	at java.lang.Object.wait(java.base@21.0.11/Object.java:366)
	at java.lang.Object.wait(java.base@21.0.11/Object.java:339)
	at boxOfActin.Barrier.threadDone(Barrier.java:49)
	- locked <0x0000000138690da0> (a java.lang.Object)
	at boxOfActin.ThreadSet.done(ThreadSet.java:54)
	at boxOfActin.ThreadSet$ThreadSpawn.run(ThreadSet.java:38)

"Thread-61" #100 [1076511] daemon prio=5 os_prio=0 cpu=0.06ms elapsed=208.36s tid=0x00007f91882042e0 nid=1076511 in Object.wait()  [0x00007f90e8df3000]
   java.lang.Thread.State: WAITING (on object monitor)
	at java.lang.Object.wait0(java.base@21.0.11/Native Method)
	- waiting on <no object reference available>
	at java.lang.Object.wait(java.base@21.0.11/Object.java:366)
	at java.lang.Object.wait(java.base@21.0.11/Object.java:339)
	at boxOfActin.Barrier.threadDone(Barrier.java:49)
	- locked <0x0000000138690da0> (a java.lang.Object)
	at boxOfActin.ThreadSet.done(ThreadSet.java:54)
	at boxOfActin.ThreadSet$ThreadSpawn.run(ThreadSet.java:38)

"Thread-62" #101 [1076512] daemon prio=5 os_prio=0 cpu=0.07ms elapsed=208.36s tid=0x00007f9188205ae0 nid=1076512 in Object.wait()  [0x00007f90e8cf3000]
   java.lang.Thread.State: WAITING (on object monitor)
	at java.lang.Object.wait0(java.base@21.0.11/Native Method)
	- waiting on <no object reference available>
	at java.lang.Object.wait(java.base@21.0.11/Object.java:366)
	at java.lang.Object.wait(java.base@21.0.11/Object.java:339)
	at boxOfActin.Barrier.threadDone(Barrier.java:49)
	- locked <0x0000000138690da0> (a java.lang.Object)
	at boxOfActin.ThreadSet.done(ThreadSet.java:54)
	at boxOfActin.ThreadSet$ThreadSpawn.run(ThreadSet.java:38)

"Thread-63" #102 [1076513] daemon prio=5 os_prio=0 cpu=0.05ms elapsed=208.36s tid=0x00007f91882072e0 nid=1076513 in Object.wait()  [0x00007f90e8bf3000]
   java.lang.Thread.State: WAITING (on object monitor)
	at java.lang.Object.wait0(java.base@21.0.11/Native Method)
	- waiting on <no object reference available>
	at java.lang.Object.wait(java.base@21.0.11/Object.java:366)
	at java.lang.Object.wait(java.base@21.0.11/Object.java:339)
	at boxOfActin.Barrier.threadDone(Barrier.java:49)
	- locked <0x0000000138690da0> (a java.lang.Object)
	at boxOfActin.ThreadSet.done(ThreadSet.java:54)
	at boxOfActin.ThreadSet$ThreadSpawn.run(ThreadSet.java:38)

"Thread-64" #103 [1076514] daemon prio=5 os_prio=0 cpu=1818.25ms elapsed=208.35s tid=0x00007f9188209940 nid=1076514 in Object.wait()  [0x00007f90e8af3000]
   java.lang.Thread.State: WAITING (on object monitor)
	at java.lang.Object.wait0(java.base@21.0.11/Native Method)
	- waiting on <no object reference available>
	at java.lang.Object.wait(java.base@21.0.11/Object.java:366)
	at java.lang.Object.wait(java.base@21.0.11/Object.java:339)
	at boxOfActin.Barrier.threadDone(Barrier.java:49)
	- locked <0x000000012a0e6468> (a java.lang.Object)
	at boxOfActin.ThreadSet.done(ThreadSet.java:54)
	at boxOfActin.ThreadSet$ThreadSpawn.run(ThreadSet.java:41)

"Thread-65" #104 [1076515] daemon prio=5 os_prio=0 cpu=1762.38ms elapsed=208.35s tid=0x00007f918820a5e0 nid=1076515 in Object.wait()  [0x00007f90e89f3000]
   java.lang.Thread.State: WAITING (on object monitor)
	at java.lang.Object.wait0(java.base@21.0.11/Native Method)
	- waiting on <no object reference available>
	at java.lang.Object.wait(java.base@21.0.11/Object.java:366)
	at java.lang.Object.wait(java.base@21.0.11/Object.java:339)
	at boxOfActin.Barrier.threadDone(Barrier.java:49)
	- locked <0x000000012a0e6468> (a java.lang.Object)
	at boxOfActin.ThreadSet.done(ThreadSet.java:54)
	at boxOfActin.ThreadSet$ThreadSpawn.run(ThreadSet.java:41)

"Thread-66" #105 [1076516] daemon prio=5 os_prio=0 cpu=1780.65ms elapsed=208.35s tid=0x00007f918820e3f0 nid=1076516 in Object.wait()  [0x00007f90e88f3000]
   java.lang.Thread.State: WAITING (on object monitor)
	at java.lang.Object.wait0(java.base@21.0.11/Native Method)
	- waiting on <no object reference available>
	at java.lang.Object.wait(java.base@21.0.11/Object.java:366)
	at java.lang.Object.wait(java.base@21.0.11/Object.java:339)
	at boxOfActin.Barrier.threadDone(Barrier.java:49)
	- locked <0x000000012a0e6468> (a java.lang.Object)
	at boxOfActin.ThreadSet.done(ThreadSet.java:54)
	at boxOfActin.ThreadSet$ThreadSpawn.run(ThreadSet.java:41)

"Thread-67" #106 [1076517] daemon prio=5 os_prio=0 cpu=1848.27ms elapsed=208.35s tid=0x00007f918820f820 nid=1076517 in Object.wait()  [0x00007f90e87f3000]
   java.lang.Thread.State: WAITING (on object monitor)
	at java.lang.Object.wait0(java.base@21.0.11/Native Method)
	- waiting on <no object reference available>
	at java.lang.Object.wait(java.base@21.0.11/Object.java:366)
	at java.lang.Object.wait(java.base@21.0.11/Object.java:339)
	at boxOfActin.Barrier.threadDone(Barrier.java:49)
	- locked <0x000000012a0e6468> (a java.lang.Object)
	at boxOfActin.ThreadSet.done(ThreadSet.java:54)
	at boxOfActin.ThreadSet$ThreadSpawn.run(ThreadSet.java:41)

"Thread-68" #107 [1076518] daemon prio=5 os_prio=0 cpu=1833.80ms elapsed=208.35s tid=0x00007f91882109b0 nid=1076518 in Object.wait()  [0x00007f90e86f3000]
   java.lang.Thread.State: WAITING (on object monitor)
	at java.lang.Object.wait0(java.base@21.0.11/Native Method)
	- waiting on <no object reference available>
	at java.lang.Object.wait(java.base@21.0.11/Object.java:366)
	at java.lang.Object.wait(java.base@21.0.11/Object.java:339)
	at boxOfActin.Barrier.threadDone(Barrier.java:49)
	- locked <0x000000012a0e6468> (a java.lang.Object)
	at boxOfActin.ThreadSet.done(ThreadSet.java:54)
	at boxOfActin.ThreadSet$ThreadSpawn.run(ThreadSet.java:41)

"Thread-69" #108 [1076519] daemon prio=5 os_prio=0 cpu=1836.58ms elapsed=208.35s tid=0x00007f9188211df0 nid=1076519 in Object.wait()  [0x00007f90e85f3000]
   java.lang.Thread.State: WAITING (on object monitor)
	at java.lang.Object.wait0(java.base@21.0.11/Native Method)
	- waiting on <no object reference available>
	at java.lang.Object.wait(java.base@21.0.11/Object.java:366)
	at java.lang.Object.wait(java.base@21.0.11/Object.java:339)
	at boxOfActin.Barrier.threadDone(Barrier.java:49)
	- locked <0x000000012a0e6468> (a java.lang.Object)
	at boxOfActin.ThreadSet.done(ThreadSet.java:54)
	at boxOfActin.ThreadSet$ThreadSpawn.run(ThreadSet.java:41)

"Thread-70" #109 [1076520] daemon prio=5 os_prio=0 cpu=1837.02ms elapsed=208.35s tid=0x00007f9188212f90 nid=1076520 in Object.wait()  [0x00007f90e84f3000]
   java.lang.Thread.State: WAITING (on object monitor)
	at java.lang.Object.wait0(java.base@21.0.11/Native Method)
	- waiting on <no object reference available>
	at java.lang.Object.wait(java.base@21.0.11/Object.java:366)
	at java.lang.Object.wait(java.base@21.0.11/Object.java:339)
	at boxOfActin.Barrier.threadDone(Barrier.java:49)
	- locked <0x000000012a0e6468> (a java.lang.Object)
	at boxOfActin.ThreadSet.done(ThreadSet.java:54)
	at boxOfActin.ThreadSet$ThreadSpawn.run(ThreadSet.java:41)

"Thread-71" #110 [1076521] daemon prio=5 os_prio=0 cpu=1846.28ms elapsed=208.35s tid=0x00007f91882143e0 nid=1076521 in Object.wait()  [0x00007f90e83f3000]
   java.lang.Thread.State: WAITING (on object monitor)
	at java.lang.Object.wait0(java.base@21.0.11/Native Method)
	- waiting on <no object reference available>
	at java.lang.Object.wait(java.base@21.0.11/Object.java:366)
	at java.lang.Object.wait(java.base@21.0.11/Object.java:339)
	at boxOfActin.Barrier.threadDone(Barrier.java:49)
	- locked <0x000000012a0e6468> (a java.lang.Object)
	at boxOfActin.ThreadSet.done(ThreadSet.java:54)
	at boxOfActin.ThreadSet$ThreadSpawn.run(ThreadSet.java:41)

"Thread-72" #111 [1076522] daemon prio=5 os_prio=0 cpu=1820.11ms elapsed=208.35s tid=0x00007f9188215c30 nid=1076522 in Object.wait()  [0x00007f90e82f3000]
   java.lang.Thread.State: WAITING (on object monitor)
	at java.lang.Object.wait0(java.base@21.0.11/Native Method)
	- waiting on <no object reference available>
	at java.lang.Object.wait(java.base@21.0.11/Object.java:366)
	at java.lang.Object.wait(java.base@21.0.11/Object.java:339)
	at boxOfActin.Barrier.threadDone(Barrier.java:49)
	- locked <0x000000012a0e6468> (a java.lang.Object)
	at boxOfActin.ThreadSet.done(ThreadSet.java:54)
	at boxOfActin.ThreadSet$ThreadSpawn.run(ThreadSet.java:41)

"Thread-73" #112 [1076523] daemon prio=5 os_prio=0 cpu=1815.07ms elapsed=208.35s tid=0x00007f9188217480 nid=1076523 in Object.wait()  [0x00007f90e81f3000]
   java.lang.Thread.State: WAITING (on object monitor)
	at java.lang.Object.wait0(java.base@21.0.11/Native Method)
	- waiting on <no object reference available>
	at java.lang.Object.wait(java.base@21.0.11/Object.java:366)
	at java.lang.Object.wait(java.base@21.0.11/Object.java:339)
	at boxOfActin.Barrier.threadDone(Barrier.java:49)
	- locked <0x000000012a0e6468> (a java.lang.Object)
	at boxOfActin.ThreadSet.done(ThreadSet.java:54)
	at boxOfActin.ThreadSet$ThreadSpawn.run(ThreadSet.java:41)

"Thread-74" #113 [1076524] daemon prio=5 os_prio=0 cpu=1794.09ms elapsed=208.35s tid=0x00007f9188218a10 nid=1076524 in Object.wait()  [0x00007f8f63ffe000]
   java.lang.Thread.State: WAITING (on object monitor)
	at java.lang.Object.wait0(java.base@21.0.11/Native Method)
	- waiting on <no object reference available>
	at java.lang.Object.wait(java.base@21.0.11/Object.java:366)
	at java.lang.Object.wait(java.base@21.0.11/Object.java:339)
	at boxOfActin.Barrier.threadDone(Barrier.java:49)
	- locked <0x000000012a0e6468> (a java.lang.Object)
	at boxOfActin.ThreadSet.done(ThreadSet.java:54)
	at boxOfActin.ThreadSet$ThreadSpawn.run(ThreadSet.java:41)

"Thread-75" #114 [1076525] daemon prio=5 os_prio=0 cpu=1847.63ms elapsed=208.35s tid=0x00007f918821a270 nid=1076525 in Object.wait()  [0x00007f8f63efe000]
   java.lang.Thread.State: WAITING (on object monitor)
	at java.lang.Object.wait0(java.base@21.0.11/Native Method)
	- waiting on <no object reference available>
	at java.lang.Object.wait(java.base@21.0.11/Object.java:366)
	at java.lang.Object.wait(java.base@21.0.11/Object.java:339)
	at boxOfActin.Barrier.threadDone(Barrier.java:49)
	- locked <0x000000012a0e6468> (a java.lang.Object)
	at boxOfActin.ThreadSet.done(ThreadSet.java:54)
	at boxOfActin.ThreadSet$ThreadSpawn.run(ThreadSet.java:41)

"Thread-76" #115 [1076526] daemon prio=5 os_prio=0 cpu=1823.22ms elapsed=208.35s tid=0x00007f918821b800 nid=1076526 in Object.wait()  [0x00007f8f63dfe000]
   java.lang.Thread.State: WAITING (on object monitor)
	at java.lang.Object.wait0(java.base@21.0.11/Native Method)
	- waiting on <no object reference available>
	at java.lang.Object.wait(java.base@21.0.11/Object.java:366)
	at java.lang.Object.wait(java.base@21.0.11/Object.java:339)
	at boxOfActin.Barrier.threadDone(Barrier.java:49)
	- locked <0x000000012a0e6468> (a java.lang.Object)
	at boxOfActin.ThreadSet.done(ThreadSet.java:54)
	at boxOfActin.ThreadSet$ThreadSpawn.run(ThreadSet.java:41)

"Thread-77" #116 [1076527] daemon prio=5 os_prio=0 cpu=1836.75ms elapsed=208.35s tid=0x00007f918821d070 nid=1076527 in Object.wait()  [0x00007f8f63cfe000]
   java.lang.Thread.State: WAITING (on object monitor)
	at java.lang.Object.wait0(java.base@21.0.11/Native Method)
	- waiting on <no object reference available>
	at java.lang.Object.wait(java.base@21.0.11/Object.java:366)
	at java.lang.Object.wait(java.base@21.0.11/Object.java:339)
	at boxOfActin.Barrier.threadDone(Barrier.java:49)
	- locked <0x000000012a0e6468> (a java.lang.Object)
	at boxOfActin.ThreadSet.done(ThreadSet.java:54)
	at boxOfActin.ThreadSet$ThreadSpawn.run(ThreadSet.java:41)

"Thread-78" #117 [1076528] daemon prio=5 os_prio=0 cpu=1855.26ms elapsed=208.35s tid=0x00007f918821e8f0 nid=1076528 in Object.wait()  [0x00007f8f63bfe000]
   java.lang.Thread.State: WAITING (on object monitor)
	at java.lang.Object.wait0(java.base@21.0.11/Native Method)
	- waiting on <no object reference available>
	at java.lang.Object.wait(java.base@21.0.11/Object.java:366)
	at java.lang.Object.wait(java.base@21.0.11/Object.java:339)
	at boxOfActin.Barrier.threadDone(Barrier.java:49)
	- locked <0x000000012a0e6468> (a java.lang.Object)
	at boxOfActin.ThreadSet.done(ThreadSet.java:54)
	at boxOfActin.ThreadSet$ThreadSpawn.run(ThreadSet.java:41)

"Thread-79" #118 [1076529] daemon prio=5 os_prio=0 cpu=1816.76ms elapsed=208.35s tid=0x00007f9188220170 nid=1076529 in Object.wait()  [0x00007f8f63afe000]
   java.lang.Thread.State: WAITING (on object monitor)
	at java.lang.Object.wait0(java.base@21.0.11/Native Method)
	- waiting on <no object reference available>
	at java.lang.Object.wait(java.base@21.0.11/Object.java:366)
	at java.lang.Object.wait(java.base@21.0.11/Object.java:339)
	at boxOfActin.Barrier.threadDone(Barrier.java:49)
	- locked <0x000000012a0e6468> (a java.lang.Object)
	at boxOfActin.ThreadSet.done(ThreadSet.java:54)
	at boxOfActin.ThreadSet$ThreadSpawn.run(ThreadSet.java:41)

"Thread-80" #122 [1076595] daemon prio=5 os_prio=0 cpu=0.11ms elapsed=193.94s tid=0x00007f91882fded0 nid=1076595 in Object.wait()  [0x00007f8f636fc000]
   java.lang.Thread.State: WAITING (on object monitor)
	at java.lang.Object.wait0(java.base@21.0.11/Native Method)
	- waiting on <no object reference available>
	at java.lang.Object.wait(java.base@21.0.11/Object.java:366)
	at java.lang.Object.wait(java.base@21.0.11/Object.java:339)
	at boxOfActin.Barrier.threadDone(Barrier.java:49)
	- locked <0x00000005e1691f58> (a java.lang.Object)
	at boxOfActin.ThreadSet.done(ThreadSet.java:54)
	at boxOfActin.ThreadSet$ThreadSpawn.run(ThreadSet.java:38)

"Thread-81" #123 [1076596] daemon prio=5 os_prio=0 cpu=0.09ms elapsed=193.94s tid=0x00007f91882fed30 nid=1076596 in Object.wait()  [0x00007f914ca66000]
   java.lang.Thread.State: WAITING (on object monitor)
	at java.lang.Object.wait0(java.base@21.0.11/Native Method)
	- waiting on <no object reference available>
	at java.lang.Object.wait(java.base@21.0.11/Object.java:366)
	at java.lang.Object.wait(java.base@21.0.11/Object.java:339)
	at boxOfActin.Barrier.threadDone(Barrier.java:49)
	- locked <0x00000005e1691f58> (a java.lang.Object)
	at boxOfActin.ThreadSet.done(ThreadSet.java:54)
	at boxOfActin.ThreadSet$ThreadSpawn.run(ThreadSet.java:38)

"Thread-82" #124 [1076597] daemon prio=5 os_prio=0 cpu=0.11ms elapsed=193.94s tid=0x00007f91882ed930 nid=1076597 in Object.wait()  [0x00007f8f635fc000]
   java.lang.Thread.State: WAITING (on object monitor)
	at java.lang.Object.wait0(java.base@21.0.11/Native Method)
	- waiting on <no object reference available>
	at java.lang.Object.wait(java.base@21.0.11/Object.java:366)
	at java.lang.Object.wait(java.base@21.0.11/Object.java:339)
	at boxOfActin.Barrier.threadDone(Barrier.java:49)
	- locked <0x00000005e1691f58> (a java.lang.Object)
	at boxOfActin.ThreadSet.done(ThreadSet.java:54)
	at boxOfActin.ThreadSet$ThreadSpawn.run(ThreadSet.java:38)

"Thread-83" #125 [1076598] daemon prio=5 os_prio=0 cpu=0.10ms elapsed=193.94s tid=0x00007f91882eebe0 nid=1076598 in Object.wait()  [0x00007f8f633f5000]
   java.lang.Thread.State: WAITING (on object monitor)
	at java.lang.Object.wait0(java.base@21.0.11/Native Method)
	- waiting on <no object reference available>
	at java.lang.Object.wait(java.base@21.0.11/Object.java:366)
	at java.lang.Object.wait(java.base@21.0.11/Object.java:339)
	at boxOfActin.Barrier.threadDone(Barrier.java:49)
	- locked <0x00000005e1691f58> (a java.lang.Object)
	at boxOfActin.ThreadSet.done(ThreadSet.java:54)
	at boxOfActin.ThreadSet$ThreadSpawn.run(ThreadSet.java:38)

"Thread-84" #126 [1076599] daemon prio=5 os_prio=0 cpu=0.12ms elapsed=193.94s tid=0x00007f9188304f00 nid=1076599 in Object.wait()  [0x00007f8f632f5000]
   java.lang.Thread.State: WAITING (on object monitor)
	at java.lang.Object.wait0(java.base@21.0.11/Native Method)
	- waiting on <no object reference available>
	at java.lang.Object.wait(java.base@21.0.11/Object.java:366)
	at java.lang.Object.wait(java.base@21.0.11/Object.java:339)
	at boxOfActin.Barrier.threadDone(Barrier.java:49)
	- locked <0x00000005e1691f58> (a java.lang.Object)
	at boxOfActin.ThreadSet.done(ThreadSet.java:54)
	at boxOfActin.ThreadSet$ThreadSpawn.run(ThreadSet.java:38)

"Thread-85" #127 [1076600] daemon prio=5 os_prio=0 cpu=0.12ms elapsed=193.94s tid=0x00007f91883063c0 nid=1076600 in Object.wait()  [0x00007f8f631f5000]
   java.lang.Thread.State: WAITING (on object monitor)
	at java.lang.Object.wait0(java.base@21.0.11/Native Method)
	- waiting on <no object reference available>
	at java.lang.Object.wait(java.base@21.0.11/Object.java:366)
	at java.lang.Object.wait(java.base@21.0.11/Object.java:339)
	at boxOfActin.Barrier.threadDone(Barrier.java:49)
	- locked <0x00000005e1691f58> (a java.lang.Object)
	at boxOfActin.ThreadSet.done(ThreadSet.java:54)
	at boxOfActin.ThreadSet$ThreadSpawn.run(ThreadSet.java:38)

"Thread-86" #128 [1076601] daemon prio=5 os_prio=0 cpu=0.12ms elapsed=193.77s tid=0x00007f9188327520 nid=1076601 in Object.wait()  [0x00007f8f630f5000]
   java.lang.Thread.State: WAITING (on object monitor)
	at java.lang.Object.wait0(java.base@21.0.11/Native Method)
	- waiting on <no object reference available>
	at java.lang.Object.wait(java.base@21.0.11/Object.java:366)
	at java.lang.Object.wait(java.base@21.0.11/Object.java:339)
	at boxOfActin.Barrier.threadDone(Barrier.java:49)
	- locked <0x00000005e1691f58> (a java.lang.Object)
	at boxOfActin.ThreadSet.done(ThreadSet.java:54)
	at boxOfActin.ThreadSet$ThreadSpawn.run(ThreadSet.java:38)

"Thread-87" #129 [1076602] daemon prio=5 os_prio=0 cpu=0.09ms elapsed=193.77s tid=0x00007f91883289f0 nid=1076602 in Object.wait()  [0x00007f8f62ff5000]
   java.lang.Thread.State: WAITING (on object monitor)
	at java.lang.Object.wait0(java.base@21.0.11/Native Method)
	- waiting on <no object reference available>
	at java.lang.Object.wait(java.base@21.0.11/Object.java:366)
	at java.lang.Object.wait(java.base@21.0.11/Object.java:339)
	at boxOfActin.Barrier.threadDone(Barrier.java:49)
	- locked <0x00000005e1691f58> (a java.lang.Object)
	at boxOfActin.ThreadSet.done(ThreadSet.java:54)
	at boxOfActin.ThreadSet$ThreadSpawn.run(ThreadSet.java:38)

"Thread-88" #130 [1076603] daemon prio=5 os_prio=0 cpu=0.10ms elapsed=193.77s tid=0x00007f9188329b90 nid=1076603 in Object.wait()  [0x00007f8f62ef5000]
   java.lang.Thread.State: WAITING (on object monitor)
	at java.lang.Object.wait0(java.base@21.0.11/Native Method)
	- waiting on <no object reference available>
	at java.lang.Object.wait(java.base@21.0.11/Object.java:366)
	at java.lang.Object.wait(java.base@21.0.11/Object.java:339)
	at boxOfActin.Barrier.threadDone(Barrier.java:49)
	- locked <0x00000005e1691f58> (a java.lang.Object)
	at boxOfActin.ThreadSet.done(ThreadSet.java:54)
	at boxOfActin.ThreadSet$ThreadSpawn.run(ThreadSet.java:38)

"Thread-89" #131 [1076604] daemon prio=5 os_prio=0 cpu=0.08ms elapsed=193.77s tid=0x00007f918832b070 nid=1076604 in Object.wait()  [0x00007f8f62df5000]
   java.lang.Thread.State: WAITING (on object monitor)
	at java.lang.Object.wait0(java.base@21.0.11/Native Method)
	- waiting on <no object reference available>
	at java.lang.Object.wait(java.base@21.0.11/Object.java:366)
	at java.lang.Object.wait(java.base@21.0.11/Object.java:339)
	at boxOfActin.Barrier.threadDone(Barrier.java:49)
	- locked <0x00000005e1691f58> (a java.lang.Object)
	at boxOfActin.ThreadSet.done(ThreadSet.java:54)
	at boxOfActin.ThreadSet$ThreadSpawn.run(ThreadSet.java:38)

"Thread-90" #132 [1076605] daemon prio=5 os_prio=0 cpu=0.10ms elapsed=193.77s tid=0x00007f918832c210 nid=1076605 in Object.wait()  [0x00007f8f62cf5000]
   java.lang.Thread.State: WAITING (on object monitor)
	at java.lang.Object.wait0(java.base@21.0.11/Native Method)
	- waiting on <no object reference available>
	at java.lang.Object.wait(java.base@21.0.11/Object.java:366)
	at java.lang.Object.wait(java.base@21.0.11/Object.java:339)
	at boxOfActin.Barrier.threadDone(Barrier.java:49)
	- locked <0x00000005e1691f58> (a java.lang.Object)
	at boxOfActin.ThreadSet.done(ThreadSet.java:54)
	at boxOfActin.ThreadSet$ThreadSpawn.run(ThreadSet.java:38)

"Thread-91" #133 [1076606] daemon prio=5 os_prio=0 cpu=0.06ms elapsed=193.77s tid=0x00007f918832d380 nid=1076606 in Object.wait()  [0x00007f914cc66000]
   java.lang.Thread.State: WAITING (on object monitor)
	at java.lang.Object.wait0(java.base@21.0.11/Native Method)
	- waiting on <no object reference available>
	at java.lang.Object.wait(java.base@21.0.11/Object.java:366)
	at java.lang.Object.wait(java.base@21.0.11/Object.java:339)
	at boxOfActin.Barrier.threadDone(Barrier.java:49)
	- locked <0x00000005e1691f58> (a java.lang.Object)
	at boxOfActin.ThreadSet.done(ThreadSet.java:54)
	at boxOfActin.ThreadSet$ThreadSpawn.run(ThreadSet.java:38)

"Thread-92" #134 [1076607] daemon prio=5 os_prio=0 cpu=0.10ms elapsed=193.77s tid=0x00007f918832e2a0 nid=1076607 in Object.wait()  [0x00007f8f62bf5000]
   java.lang.Thread.State: WAITING (on object monitor)
	at java.lang.Object.wait0(java.base@21.0.11/Native Method)
	- waiting on <no object reference available>
	at java.lang.Object.wait(java.base@21.0.11/Object.java:366)
	at java.lang.Object.wait(java.base@21.0.11/Object.java:339)
	at boxOfActin.Barrier.threadDone(Barrier.java:49)
	- locked <0x00000005e1691f58> (a java.lang.Object)
	at boxOfActin.ThreadSet.done(ThreadSet.java:54)
	at boxOfActin.ThreadSet$ThreadSpawn.run(ThreadSet.java:38)

"Thread-93" #135 [1076608] daemon prio=5 os_prio=0 cpu=0.06ms elapsed=193.77s tid=0x00007f918832f3d0 nid=1076608 in Object.wait()  [0x00007f8f62af5000]
   java.lang.Thread.State: WAITING (on object monitor)
	at java.lang.Object.wait0(java.base@21.0.11/Native Method)
	- waiting on <no object reference available>
	at java.lang.Object.wait(java.base@21.0.11/Object.java:366)
	at java.lang.Object.wait(java.base@21.0.11/Object.java:339)
	at boxOfActin.Barrier.threadDone(Barrier.java:49)
	- locked <0x00000005e1691f58> (a java.lang.Object)
	at boxOfActin.ThreadSet.done(ThreadSet.java:54)
	at boxOfActin.ThreadSet$ThreadSpawn.run(ThreadSet.java:38)

"Thread-94" #136 [1076609] daemon prio=5 os_prio=0 cpu=0.04ms elapsed=193.77s tid=0x00007f9188330cc0 nid=1076609 in Object.wait()  [0x00007f8f629f5000]
   java.lang.Thread.State: WAITING (on object monitor)
	at java.lang.Object.wait0(java.base@21.0.11/Native Method)
	- waiting on <no object reference available>
	at java.lang.Object.wait(java.base@21.0.11/Object.java:366)
	at java.lang.Object.wait(java.base@21.0.11/Object.java:339)
	at boxOfActin.Barrier.threadDone(Barrier.java:49)
	- locked <0x00000005e1691f58> (a java.lang.Object)
	at boxOfActin.ThreadSet.done(ThreadSet.java:54)
	at boxOfActin.ThreadSet$ThreadSpawn.run(ThreadSet.java:38)

"Thread-95" #137 [1076610] daemon prio=5 os_prio=0 cpu=0.05ms elapsed=193.77s tid=0x00007f9188332250 nid=1076610 in Object.wait()  [0x00007f8f628f5000]
   java.lang.Thread.State: WAITING (on object monitor)
	at java.lang.Object.wait0(java.base@21.0.11/Native Method)
	- waiting on <no object reference available>
	at java.lang.Object.wait(java.base@21.0.11/Object.java:366)
	at java.lang.Object.wait(java.base@21.0.11/Object.java:339)
	at boxOfActin.Barrier.threadDone(Barrier.java:49)
	- locked <0x00000005e1691f58> (a java.lang.Object)
	at boxOfActin.ThreadSet.done(ThreadSet.java:54)
	at boxOfActin.ThreadSet$ThreadSpawn.run(ThreadSet.java:38)

"Thread-96" #138 [1076611] daemon prio=5 os_prio=0 cpu=0.04ms elapsed=193.77s tid=0x00007f9188334080 nid=1076611 in Object.wait()  [0x00007f8f627f5000]
   java.lang.Thread.State: WAITING (on object monitor)
	at java.lang.Object.wait0(java.base@21.0.11/Native Method)
	- waiting on <no object reference available>
	at java.lang.Object.wait(java.base@21.0.11/Object.java:366)
	at java.lang.Object.wait(java.base@21.0.11/Object.java:339)
	at boxOfActin.Barrier.threadDone(Barrier.java:49)
	- locked <0x000000060d73e2d8> (a java.lang.Object)
	at boxOfActin.ThreadSet.done(ThreadSet.java:54)
	at boxOfActin.ThreadSet$ThreadSpawn.run(ThreadSet.java:38)

"Thread-97" #139 [1076612] daemon prio=5 os_prio=0 cpu=0.04ms elapsed=193.77s tid=0x00007f9188335160 nid=1076612 in Object.wait()  [0x00007f8f626f5000]
   java.lang.Thread.State: WAITING (on object monitor)
	at java.lang.Object.wait0(java.base@21.0.11/Native Method)
	- waiting on <no object reference available>
	at java.lang.Object.wait(java.base@21.0.11/Object.java:366)
	at java.lang.Object.wait(java.base@21.0.11/Object.java:339)
	at boxOfActin.Barrier.threadDone(Barrier.java:49)
	- locked <0x000000060d73e2d8> (a java.lang.Object)
	at boxOfActin.ThreadSet.done(ThreadSet.java:54)
	at boxOfActin.ThreadSet$ThreadSpawn.run(ThreadSet.java:38)

"Thread-98" #140 [1076613] daemon prio=5 os_prio=0 cpu=0.04ms elapsed=193.77s tid=0x00007f9188336a70 nid=1076613 in Object.wait()  [0x00007f8f625f5000]
   java.lang.Thread.State: WAITING (on object monitor)
	at java.lang.Object.wait0(java.base@21.0.11/Native Method)
	- waiting on <no object reference available>
	at java.lang.Object.wait(java.base@21.0.11/Object.java:366)
	at java.lang.Object.wait(java.base@21.0.11/Object.java:339)
	at boxOfActin.Barrier.threadDone(Barrier.java:49)
	- locked <0x000000060d73e2d8> (a java.lang.Object)
	at boxOfActin.ThreadSet.done(ThreadSet.java:54)
	at boxOfActin.ThreadSet$ThreadSpawn.run(ThreadSet.java:38)

"Thread-99" #141 [1076614] daemon prio=5 os_prio=0 cpu=0.09ms elapsed=193.77s tid=0x00007f9188338000 nid=1076614 in Object.wait()  [0x00007f8f624f5000]
   java.lang.Thread.State: WAITING (on object monitor)
	at java.lang.Object.wait0(java.base@21.0.11/Native Method)
	- waiting on <no object reference available>
	at java.lang.Object.wait(java.base@21.0.11/Object.java:366)
	at java.lang.Object.wait(java.base@21.0.11/Object.java:339)
	at boxOfActin.Barrier.threadDone(Barrier.java:49)
	- locked <0x000000060d73e2d8> (a java.lang.Object)
	at boxOfActin.ThreadSet.done(ThreadSet.java:54)
	at boxOfActin.ThreadSet$ThreadSpawn.run(ThreadSet.java:38)

"Thread-100" #142 [1076615] daemon prio=5 os_prio=0 cpu=0.05ms elapsed=193.77s tid=0x00007f9188339920 nid=1076615 in Object.wait()  [0x00007f8f623f5000]
   java.lang.Thread.State: WAITING (on object monitor)
	at java.lang.Object.wait0(java.base@21.0.11/Native Method)
	- waiting on <no object reference available>
	at java.lang.Object.wait(java.base@21.0.11/Object.java:366)
	at java.lang.Object.wait(java.base@21.0.11/Object.java:339)
	at boxOfActin.Barrier.threadDone(Barrier.java:49)
	- locked <0x000000060d73e2d8> (a java.lang.Object)
	at boxOfActin.ThreadSet.done(ThreadSet.java:54)
	at boxOfActin.ThreadSet$ThreadSpawn.run(ThreadSet.java:38)

"Thread-101" #143 [1076616] daemon prio=5 os_prio=0 cpu=0.08ms elapsed=193.77s tid=0x00007f918833b130 nid=1076616 in Object.wait()  [0x00007f8f622f5000]
   java.lang.Thread.State: WAITING (on object monitor)
	at java.lang.Object.wait0(java.base@21.0.11/Native Method)
	- waiting on <no object reference available>
	at java.lang.Object.wait(java.base@21.0.11/Object.java:366)
	at java.lang.Object.wait(java.base@21.0.11/Object.java:339)
	at boxOfActin.Barrier.threadDone(Barrier.java:49)
	- locked <0x000000060d73e2d8> (a java.lang.Object)
	at boxOfActin.ThreadSet.done(ThreadSet.java:54)
	at boxOfActin.ThreadSet$ThreadSpawn.run(ThreadSet.java:38)

"Thread-102" #144 [1076617] daemon prio=5 os_prio=0 cpu=0.06ms elapsed=193.77s tid=0x00007f918833ca60 nid=1076617 in Object.wait()  [0x00007f8f621f5000]
   java.lang.Thread.State: WAITING (on object monitor)
	at java.lang.Object.wait0(java.base@21.0.11/Native Method)
	- waiting on <no object reference available>
	at java.lang.Object.wait(java.base@21.0.11/Object.java:366)
	at java.lang.Object.wait(java.base@21.0.11/Object.java:339)
	at boxOfActin.Barrier.threadDone(Barrier.java:49)
	- locked <0x000000060d73e2d8> (a java.lang.Object)
	at boxOfActin.ThreadSet.done(ThreadSet.java:54)
	at boxOfActin.ThreadSet$ThreadSpawn.run(ThreadSet.java:38)

"Thread-103" #145 [1076618] daemon prio=5 os_prio=0 cpu=0.09ms elapsed=193.77s tid=0x00007f918833d9f0 nid=1076618 in Object.wait()  [0x00007f914cb66000]
   java.lang.Thread.State: WAITING (on object monitor)
	at java.lang.Object.wait0(java.base@21.0.11/Native Method)
	- waiting on <no object reference available>
	at java.lang.Object.wait(java.base@21.0.11/Object.java:366)
	at java.lang.Object.wait(java.base@21.0.11/Object.java:339)
	at boxOfActin.Barrier.threadDone(Barrier.java:49)
	- locked <0x000000060d73e2d8> (a java.lang.Object)
	at boxOfActin.ThreadSet.done(ThreadSet.java:54)
	at boxOfActin.ThreadSet$ThreadSpawn.run(ThreadSet.java:38)

"Thread-104" #146 [1076619] daemon prio=5 os_prio=0 cpu=0.10ms elapsed=193.77s tid=0x00007f918833e400 nid=1076619 in Object.wait()  [0x00007f8f620f5000]
   java.lang.Thread.State: WAITING (on object monitor)
	at java.lang.Object.wait0(java.base@21.0.11/Native Method)
	- waiting on <no object reference available>
	at java.lang.Object.wait(java.base@21.0.11/Object.java:366)
	at java.lang.Object.wait(java.base@21.0.11/Object.java:339)
	at boxOfActin.Barrier.threadDone(Barrier.java:49)
	- locked <0x000000060d73e2d8> (a java.lang.Object)
	at boxOfActin.ThreadSet.done(ThreadSet.java:54)
	at boxOfActin.ThreadSet$ThreadSpawn.run(ThreadSet.java:38)

"Thread-105" #147 [1076620] daemon prio=5 os_prio=0 cpu=0.09ms elapsed=193.77s tid=0x00007f918833fd20 nid=1076620 in Object.wait()  [0x00007f8f61ff5000]
   java.lang.Thread.State: WAITING (on object monitor)
	at java.lang.Object.wait0(java.base@21.0.11/Native Method)
	- waiting on <no object reference available>
	at java.lang.Object.wait(java.base@21.0.11/Object.java:366)
	at java.lang.Object.wait(java.base@21.0.11/Object.java:339)
	at boxOfActin.Barrier.threadDone(Barrier.java:49)
	- locked <0x000000060d73e2d8> (a java.lang.Object)
	at boxOfActin.ThreadSet.done(ThreadSet.java:54)
	at boxOfActin.ThreadSet$ThreadSpawn.run(ThreadSet.java:38)

"Thread-106" #148 [1076621] daemon prio=5 os_prio=0 cpu=0.08ms elapsed=193.77s tid=0x00007f9188340ec0 nid=1076621 in Object.wait()  [0x00007f8f61ef5000]
   java.lang.Thread.State: WAITING (on object monitor)
	at java.lang.Object.wait0(java.base@21.0.11/Native Method)
	- waiting on <no object reference available>
	at java.lang.Object.wait(java.base@21.0.11/Object.java:366)
	at java.lang.Object.wait(java.base@21.0.11/Object.java:339)
	at boxOfActin.Barrier.threadDone(Barrier.java:49)
	- locked <0x000000060d73e2d8> (a java.lang.Object)
	at boxOfActin.ThreadSet.done(ThreadSet.java:54)
	at boxOfActin.ThreadSet$ThreadSpawn.run(ThreadSet.java:38)

"Thread-107" #149 [1076622] daemon prio=5 os_prio=0 cpu=0.07ms elapsed=193.77s tid=0x00007f9188342420 nid=1076622 in Object.wait()  [0x00007f8f61df5000]
   java.lang.Thread.State: WAITING (on object monitor)
	at java.lang.Object.wait0(java.base@21.0.11/Native Method)
	- waiting on <no object reference available>
	at java.lang.Object.wait(java.base@21.0.11/Object.java:366)
	at java.lang.Object.wait(java.base@21.0.11/Object.java:339)
	at boxOfActin.Barrier.threadDone(Barrier.java:49)
	- locked <0x000000060d73e2d8> (a java.lang.Object)
	at boxOfActin.ThreadSet.done(ThreadSet.java:54)
	at boxOfActin.ThreadSet$ThreadSpawn.run(ThreadSet.java:38)

"Thread-108" #150 [1076623] daemon prio=5 os_prio=0 cpu=0.06ms elapsed=193.77s tid=0x00007f91883435f0 nid=1076623 in Object.wait()  [0x00007f8f61cf5000]
   java.lang.Thread.State: WAITING (on object monitor)
	at java.lang.Object.wait0(java.base@21.0.11/Native Method)
	- waiting on <no object reference available>
	at java.lang.Object.wait(java.base@21.0.11/Object.java:366)
	at java.lang.Object.wait(java.base@21.0.11/Object.java:339)
	at boxOfActin.Barrier.threadDone(Barrier.java:49)
	- locked <0x000000060d73e2d8> (a java.lang.Object)
	at boxOfActin.ThreadSet.done(ThreadSet.java:54)
	at boxOfActin.ThreadSet$ThreadSpawn.run(ThreadSet.java:38)

"Thread-109" #151 [1076624] daemon prio=5 os_prio=0 cpu=0.10ms elapsed=193.77s tid=0x00007f9188344fa0 nid=1076624 in Object.wait()  [0x00007f8f61bf5000]
   java.lang.Thread.State: WAITING (on object monitor)
	at java.lang.Object.wait0(java.base@21.0.11/Native Method)
	- waiting on <no object reference available>
	at java.lang.Object.wait(java.base@21.0.11/Object.java:366)
	at java.lang.Object.wait(java.base@21.0.11/Object.java:339)
	at boxOfActin.Barrier.threadDone(Barrier.java:49)
	- locked <0x000000060d73e2d8> (a java.lang.Object)
	at boxOfActin.ThreadSet.done(ThreadSet.java:54)
	at boxOfActin.ThreadSet$ThreadSpawn.run(ThreadSet.java:38)

"Thread-110" #152 [1076625] daemon prio=5 os_prio=0 cpu=0.06ms elapsed=193.77s tid=0x00007f9188346910 nid=1076625 in Object.wait()  [0x00007f8f61af5000]
   java.lang.Thread.State: WAITING (on object monitor)
	at java.lang.Object.wait0(java.base@21.0.11/Native Method)
	- waiting on <no object reference available>
	at java.lang.Object.wait(java.base@21.0.11/Object.java:366)
	at java.lang.Object.wait(java.base@21.0.11/Object.java:339)
	at boxOfActin.Barrier.threadDone(Barrier.java:49)
	- locked <0x000000060d73e2d8> (a java.lang.Object)
	at boxOfActin.ThreadSet.done(ThreadSet.java:54)
	at boxOfActin.ThreadSet$ThreadSpawn.run(ThreadSet.java:38)

"Thread-111" #153 [1076626] daemon prio=5 os_prio=0 cpu=0.05ms elapsed=193.77s tid=0x00007f9188348280 nid=1076626 in Object.wait()  [0x00007f8f619f5000]
   java.lang.Thread.State: WAITING (on object monitor)
	at java.lang.Object.wait0(java.base@21.0.11/Native Method)
	- waiting on <no object reference available>
	at java.lang.Object.wait(java.base@21.0.11/Object.java:366)
	at java.lang.Object.wait(java.base@21.0.11/Object.java:339)
	at boxOfActin.Barrier.threadDone(Barrier.java:49)
	- locked <0x000000060d73e2d8> (a java.lang.Object)
	at boxOfActin.ThreadSet.done(ThreadSet.java:54)
	at boxOfActin.ThreadSet$ThreadSpawn.run(ThreadSet.java:38)

"Thread-112" #154 [1076627] daemon prio=5 os_prio=0 cpu=343.27ms elapsed=193.76s tid=0x00007f918834e680 nid=1076627 in Object.wait()  [0x00007f8f618f5000]
   java.lang.Thread.State: WAITING (on object monitor)
	at java.lang.Object.wait0(java.base@21.0.11/Native Method)
	- waiting on <no object reference available>
	at java.lang.Object.wait(java.base@21.0.11/Object.java:366)
	at java.lang.Object.wait(java.base@21.0.11/Object.java:339)
	at boxOfActin.Barrier.threadDone(Barrier.java:49)
	- locked <0x000000060c6f42f0> (a java.lang.Object)
	at boxOfActin.ThreadSet.done(ThreadSet.java:54)
	at boxOfActin.ThreadSet$ThreadSpawn.run(ThreadSet.java:41)

"Thread-113" #155 [1076628] daemon prio=5 os_prio=0 cpu=350.69ms elapsed=193.76s tid=0x00007f918834fcf0 nid=1076628 in Object.wait()  [0x00007f8f617f5000]
   java.lang.Thread.State: WAITING (on object monitor)
	at java.lang.Object.wait0(java.base@21.0.11/Native Method)
	- waiting on <no object reference available>
	at java.lang.Object.wait(java.base@21.0.11/Object.java:366)
	at java.lang.Object.wait(java.base@21.0.11/Object.java:339)
	at boxOfActin.Barrier.threadDone(Barrier.java:49)
	- locked <0x000000060c6f42f0> (a java.lang.Object)
	at boxOfActin.ThreadSet.done(ThreadSet.java:54)
	at boxOfActin.ThreadSet$ThreadSpawn.run(ThreadSet.java:41)

"Thread-114" #156 [1076629] daemon prio=5 os_prio=0 cpu=346.03ms elapsed=193.76s tid=0x00007f91883514b0 nid=1076629 in Object.wait()  [0x00007f8f616f5000]
   java.lang.Thread.State: WAITING (on object monitor)
	at java.lang.Object.wait0(java.base@21.0.11/Native Method)
	- waiting on <no object reference available>
	at java.lang.Object.wait(java.base@21.0.11/Object.java:366)
	at java.lang.Object.wait(java.base@21.0.11/Object.java:339)
	at boxOfActin.Barrier.threadDone(Barrier.java:49)
	- locked <0x000000060c6f42f0> (a java.lang.Object)
	at boxOfActin.ThreadSet.done(ThreadSet.java:54)
	at boxOfActin.ThreadSet$ThreadSpawn.run(ThreadSet.java:41)

"Thread-115" #157 [1076630] daemon prio=5 os_prio=0 cpu=342.40ms elapsed=193.76s tid=0x00007f9188352a50 nid=1076630 in Object.wait()  [0x00007f8f615f5000]
   java.lang.Thread.State: WAITING (on object monitor)
	at java.lang.Object.wait0(java.base@21.0.11/Native Method)
	- waiting on <no object reference available>
	at java.lang.Object.wait(java.base@21.0.11/Object.java:366)
	at java.lang.Object.wait(java.base@21.0.11/Object.java:339)
	at boxOfActin.Barrier.threadDone(Barrier.java:49)
	- locked <0x000000060c6f42f0> (a java.lang.Object)
	at boxOfActin.ThreadSet.done(ThreadSet.java:54)
	at boxOfActin.ThreadSet$ThreadSpawn.run(ThreadSet.java:41)

"Thread-116" #158 [1076631] daemon prio=5 os_prio=0 cpu=335.34ms elapsed=193.76s tid=0x00007f9188353fe0 nid=1076631 in Object.wait()  [0x00007f8f614f5000]
   java.lang.Thread.State: WAITING (on object monitor)
	at java.lang.Object.wait0(java.base@21.0.11/Native Method)
	- waiting on <no object reference available>
	at java.lang.Object.wait(java.base@21.0.11/Object.java:366)
	at java.lang.Object.wait(java.base@21.0.11/Object.java:339)
	at boxOfActin.Barrier.threadDone(Barrier.java:49)
	- locked <0x000000060c6f42f0> (a java.lang.Object)
	at boxOfActin.ThreadSet.done(ThreadSet.java:54)
	at boxOfActin.ThreadSet$ThreadSpawn.run(ThreadSet.java:41)

"Thread-117" #159 [1076632] daemon prio=5 os_prio=0 cpu=323.16ms elapsed=193.76s tid=0x00007f9188355980 nid=1076632 in Object.wait()  [0x00007f8f613f5000]
   java.lang.Thread.State: WAITING (on object monitor)
	at java.lang.Object.wait0(java.base@21.0.11/Native Method)
	- waiting on <no object reference available>
	at java.lang.Object.wait(java.base@21.0.11/Object.java:366)
	at java.lang.Object.wait(java.base@21.0.11/Object.java:339)
	at boxOfActin.Barrier.threadDone(Barrier.java:49)
	- locked <0x000000060c6f42f0> (a java.lang.Object)
	at boxOfActin.ThreadSet.done(ThreadSet.java:54)
	at boxOfActin.ThreadSet$ThreadSpawn.run(ThreadSet.java:41)

"Thread-118" #160 [1076633] daemon prio=5 os_prio=0 cpu=313.95ms elapsed=193.76s tid=0x00007f9188357650 nid=1076633 in Object.wait()  [0x00007f8f612f5000]
   java.lang.Thread.State: WAITING (on object monitor)
	at java.lang.Object.wait0(java.base@21.0.11/Native Method)
	- waiting on <no object reference available>
	at java.lang.Object.wait(java.base@21.0.11/Object.java:366)
	at java.lang.Object.wait(java.base@21.0.11/Object.java:339)
	at boxOfActin.Barrier.threadDone(Barrier.java:49)
	- locked <0x000000060c6f42f0> (a java.lang.Object)
	at boxOfActin.ThreadSet.done(ThreadSet.java:54)
	at boxOfActin.ThreadSet$ThreadSpawn.run(ThreadSet.java:41)

"Thread-119" #161 [1076634] daemon prio=5 os_prio=0 cpu=330.49ms elapsed=193.76s tid=0x00007f9188359000 nid=1076634 in Object.wait()  [0x00007f8f611f5000]
   java.lang.Thread.State: WAITING (on object monitor)
	at java.lang.Object.wait0(java.base@21.0.11/Native Method)
	- waiting on <no object reference available>
	at java.lang.Object.wait(java.base@21.0.11/Object.java:366)
	at java.lang.Object.wait(java.base@21.0.11/Object.java:339)
	at boxOfActin.Barrier.threadDone(Barrier.java:49)
	- locked <0x000000060c6f42f0> (a java.lang.Object)
	at boxOfActin.ThreadSet.done(ThreadSet.java:54)
	at boxOfActin.ThreadSet$ThreadSpawn.run(ThreadSet.java:41)

"Thread-120" #162 [1076635] daemon prio=5 os_prio=0 cpu=304.18ms elapsed=193.76s tid=0x00007f918835a5a0 nid=1076635 in Object.wait()  [0x00007f8f610f5000]
   java.lang.Thread.State: WAITING (on object monitor)
	at java.lang.Object.wait0(java.base@21.0.11/Native Method)
	- waiting on <no object reference available>
	at java.lang.Object.wait(java.base@21.0.11/Object.java:366)
	at java.lang.Object.wait(java.base@21.0.11/Object.java:339)
	at boxOfActin.Barrier.threadDone(Barrier.java:49)
	- locked <0x000000060c6f42f0> (a java.lang.Object)
	at boxOfActin.ThreadSet.done(ThreadSet.java:54)
	at boxOfActin.ThreadSet$ThreadSpawn.run(ThreadSet.java:41)

"Thread-121" #163 [1076636] daemon prio=5 os_prio=0 cpu=313.44ms elapsed=193.76s tid=0x00007f918835bb70 nid=1076636 in Object.wait()  [0x00007f8f60ff5000]
   java.lang.Thread.State: WAITING (on object monitor)
	at java.lang.Object.wait0(java.base@21.0.11/Native Method)
	- waiting on <no object reference available>
	at java.lang.Object.wait(java.base@21.0.11/Object.java:366)
	at java.lang.Object.wait(java.base@21.0.11/Object.java:339)
	at boxOfActin.Barrier.threadDone(Barrier.java:49)
	- locked <0x000000060c6f42f0> (a java.lang.Object)
	at boxOfActin.ThreadSet.done(ThreadSet.java:54)
	at boxOfActin.ThreadSet$ThreadSpawn.run(ThreadSet.java:41)

"Thread-122" #164 [1076637] daemon prio=5 os_prio=0 cpu=305.91ms elapsed=193.76s tid=0x00007f918835d110 nid=1076637 in Object.wait()  [0x00007f8f60ef5000]
   java.lang.Thread.State: WAITING (on object monitor)
	at java.lang.Object.wait0(java.base@21.0.11/Native Method)
	- waiting on <no object reference available>
	at java.lang.Object.wait(java.base@21.0.11/Object.java:366)
	at java.lang.Object.wait(java.base@21.0.11/Object.java:339)
	at boxOfActin.Barrier.threadDone(Barrier.java:49)
	- locked <0x000000060c6f42f0> (a java.lang.Object)
	at boxOfActin.ThreadSet.done(ThreadSet.java:54)
	at boxOfActin.ThreadSet$ThreadSpawn.run(ThreadSet.java:41)

"Thread-123" #165 [1076638] daemon prio=5 os_prio=0 cpu=323.46ms elapsed=193.76s tid=0x00007f918835e6b0 nid=1076638 in Object.wait()  [0x00007f8f60df5000]
   java.lang.Thread.State: WAITING (on object monitor)
	at java.lang.Object.wait0(java.base@21.0.11/Native Method)
	- waiting on <no object reference available>
	at java.lang.Object.wait(java.base@21.0.11/Object.java:366)
	at java.lang.Object.wait(java.base@21.0.11/Object.java:339)
	at boxOfActin.Barrier.threadDone(Barrier.java:49)
	- locked <0x000000060c6f42f0> (a java.lang.Object)
	at boxOfActin.ThreadSet.done(ThreadSet.java:54)
	at boxOfActin.ThreadSet$ThreadSpawn.run(ThreadSet.java:41)

"Thread-124" #166 [1076639] daemon prio=5 os_prio=0 cpu=312.98ms elapsed=193.76s tid=0x00007f918835fc60 nid=1076639 in Object.wait()  [0x00007f8f60cf5000]
   java.lang.Thread.State: WAITING (on object monitor)
	at java.lang.Object.wait0(java.base@21.0.11/Native Method)
	- waiting on <no object reference available>
	at java.lang.Object.wait(java.base@21.0.11/Object.java:366)
	at java.lang.Object.wait(java.base@21.0.11/Object.java:339)
	at boxOfActin.Barrier.threadDone(Barrier.java:49)
	- locked <0x000000060c6f42f0> (a java.lang.Object)
	at boxOfActin.ThreadSet.done(ThreadSet.java:54)
	at boxOfActin.ThreadSet$ThreadSpawn.run(ThreadSet.java:41)

"Thread-125" #167 [1076640] daemon prio=5 os_prio=0 cpu=312.44ms elapsed=193.76s tid=0x00007f9188360e50 nid=1076640 in Object.wait()  [0x00007f8f60bf5000]
   java.lang.Thread.State: WAITING (on object monitor)
	at java.lang.Object.wait0(java.base@21.0.11/Native Method)
	- waiting on <no object reference available>
	at java.lang.Object.wait(java.base@21.0.11/Object.java:366)
	at java.lang.Object.wait(java.base@21.0.11/Object.java:339)
	at boxOfActin.Barrier.threadDone(Barrier.java:49)
	- locked <0x000000060c6f42f0> (a java.lang.Object)
	at boxOfActin.ThreadSet.done(ThreadSet.java:54)
	at boxOfActin.ThreadSet$ThreadSpawn.run(ThreadSet.java:41)

"Thread-126" #168 [1076641] daemon prio=5 os_prio=0 cpu=322.68ms elapsed=193.76s tid=0x00007f9188362000 nid=1076641 in Object.wait()  [0x00007f8f60af5000]
   java.lang.Thread.State: WAITING (on object monitor)
	at java.lang.Object.wait0(java.base@21.0.11/Native Method)
	- waiting on <no object reference available>
	at java.lang.Object.wait(java.base@21.0.11/Object.java:366)
	at java.lang.Object.wait(java.base@21.0.11/Object.java:339)
	at boxOfActin.Barrier.threadDone(Barrier.java:49)
	- locked <0x000000060c6f42f0> (a java.lang.Object)
	at boxOfActin.ThreadSet.done(ThreadSet.java:54)
	at boxOfActin.ThreadSet$ThreadSpawn.run(ThreadSet.java:41)

"Thread-127" #169 [1076642] daemon prio=5 os_prio=0 cpu=315.86ms elapsed=193.76s tid=0x00007f91883631b0 nid=1076642 in Object.wait()  [0x00007f8f609f5000]
   java.lang.Thread.State: WAITING (on object monitor)
	at java.lang.Object.wait0(java.base@21.0.11/Native Method)
	- waiting on <no object reference available>
	at java.lang.Object.wait(java.base@21.0.11/Object.java:366)
	at java.lang.Object.wait(java.base@21.0.11/Object.java:339)
	at boxOfActin.Barrier.threadDone(Barrier.java:49)
	- locked <0x000000060c6f42f0> (a java.lang.Object)
	at boxOfActin.ThreadSet.done(ThreadSet.java:54)
	at boxOfActin.ThreadSet$ThreadSpawn.run(ThreadSet.java:41)

"Thread-128" #170 [1076643] daemon prio=5 os_prio=0 cpu=97.96ms elapsed=193.76s tid=0x00007f9188364760 nid=1076643 in Object.wait()  [0x00007f8f608f5000]
   java.lang.Thread.State: WAITING (on object monitor)
	at java.lang.Object.wait0(java.base@21.0.11/Native Method)
	- waiting on <no object reference available>
	at java.lang.Object.wait(java.base@21.0.11/Object.java:366)
	at java.lang.Object.wait(java.base@21.0.11/Object.java:339)
	at boxOfActin.Barrier.threadDone(Barrier.java:49)
	- locked <0x0000000604e2a290> (a java.lang.Object)
	at boxOfActin.ThreadSet.done(ThreadSet.java:54)
	at boxOfActin.ThreadSet$ThreadSpawn.run(ThreadSet.java:41)

"Thread-129" #171 [1076644] daemon prio=5 os_prio=0 cpu=104.79ms elapsed=193.76s tid=0x00007f9188365dd0 nid=1076644 in Object.wait()  [0x00007f8f607f5000]
   java.lang.Thread.State: WAITING (on object monitor)
	at java.lang.Object.wait0(java.base@21.0.11/Native Method)
	- waiting on <no object reference available>
	at java.lang.Object.wait(java.base@21.0.11/Object.java:366)
	at java.lang.Object.wait(java.base@21.0.11/Object.java:339)
	at boxOfActin.Barrier.threadDone(Barrier.java:49)
	- locked <0x0000000604e2a290> (a java.lang.Object)
	at boxOfActin.ThreadSet.done(ThreadSet.java:54)
	at boxOfActin.ThreadSet$ThreadSpawn.run(ThreadSet.java:41)

"Thread-130" #172 [1076645] daemon prio=5 os_prio=0 cpu=104.89ms elapsed=193.76s tid=0x00007f9188367370 nid=1076645 in Object.wait()  [0x00007f8f606f5000]
   java.lang.Thread.State: WAITING (on object monitor)
	at java.lang.Object.wait0(java.base@21.0.11/Native Method)
	- waiting on <no object reference available>
	at java.lang.Object.wait(java.base@21.0.11/Object.java:366)
	at java.lang.Object.wait(java.base@21.0.11/Object.java:339)
	at boxOfActin.Barrier.threadDone(Barrier.java:49)
	- locked <0x0000000604e2a290> (a java.lang.Object)
	at boxOfActin.ThreadSet.done(ThreadSet.java:54)
	at boxOfActin.ThreadSet$ThreadSpawn.run(ThreadSet.java:41)

"Thread-131" #173 [1076646] daemon prio=5 os_prio=0 cpu=121.72ms elapsed=193.76s tid=0x00007f9188368910 nid=1076646 in Object.wait()  [0x00007f8f605f5000]
   java.lang.Thread.State: WAITING (on object monitor)
	at java.lang.Object.wait0(java.base@21.0.11/Native Method)
	- waiting on <no object reference available>
	at java.lang.Object.wait(java.base@21.0.11/Object.java:366)
	at java.lang.Object.wait(java.base@21.0.11/Object.java:339)
	at boxOfActin.Barrier.threadDone(Barrier.java:49)
	- locked <0x0000000604e2a290> (a java.lang.Object)
	at boxOfActin.ThreadSet.done(ThreadSet.java:54)
	at boxOfActin.ThreadSet$ThreadSpawn.run(ThreadSet.java:41)

"Thread-132" #174 [1076647] daemon prio=5 os_prio=0 cpu=100.66ms elapsed=193.76s tid=0x00007f9188369ec0 nid=1076647 in Object.wait()  [0x00007f8f604f5000]
   java.lang.Thread.State: WAITING (on object monitor)
	at java.lang.Object.wait0(java.base@21.0.11/Native Method)
	- waiting on <no object reference available>
	at java.lang.Object.wait(java.base@21.0.11/Object.java:366)
	at java.lang.Object.wait(java.base@21.0.11/Object.java:339)
	at boxOfActin.Barrier.threadDone(Barrier.java:49)
	- locked <0x0000000604e2a290> (a java.lang.Object)
	at boxOfActin.ThreadSet.done(ThreadSet.java:54)
	at boxOfActin.ThreadSet$ThreadSpawn.run(ThreadSet.java:41)

"Thread-133" #175 [1076648] daemon prio=5 os_prio=0 cpu=116.37ms elapsed=193.76s tid=0x00007f918836b470 nid=1076648 in Object.wait()  [0x00007f8f603f5000]
   java.lang.Thread.State: WAITING (on object monitor)
	at java.lang.Object.wait0(java.base@21.0.11/Native Method)
	- waiting on <no object reference available>
	at java.lang.Object.wait(java.base@21.0.11/Object.java:366)
	at java.lang.Object.wait(java.base@21.0.11/Object.java:339)
	at boxOfActin.Barrier.threadDone(Barrier.java:49)
	- locked <0x0000000604e2a290> (a java.lang.Object)
	at boxOfActin.ThreadSet.done(ThreadSet.java:54)
	at boxOfActin.ThreadSet$ThreadSpawn.run(ThreadSet.java:41)

"Thread-134" #176 [1076649] daemon prio=5 os_prio=0 cpu=101.61ms elapsed=193.76s tid=0x00007f918836cc90 nid=1076649 in Object.wait()  [0x00007f8f602f5000]
   java.lang.Thread.State: WAITING (on object monitor)
	at java.lang.Object.wait0(java.base@21.0.11/Native Method)
	- waiting on <no object reference available>
	at java.lang.Object.wait(java.base@21.0.11/Object.java:366)
	at java.lang.Object.wait(java.base@21.0.11/Object.java:339)
	at boxOfActin.Barrier.threadDone(Barrier.java:49)
	- locked <0x0000000604e2a290> (a java.lang.Object)
	at boxOfActin.ThreadSet.done(ThreadSet.java:54)
	at boxOfActin.ThreadSet$ThreadSpawn.run(ThreadSet.java:41)

"Thread-135" #177 [1076650] daemon prio=5 os_prio=0 cpu=123.66ms elapsed=193.76s tid=0x00007f918836e230 nid=1076650 in Object.wait()  [0x00007f8f601f5000]
   java.lang.Thread.State: WAITING (on object monitor)
	at java.lang.Object.wait0(java.base@21.0.11/Native Method)
	- waiting on <no object reference available>
	at java.lang.Object.wait(java.base@21.0.11/Object.java:366)
	at java.lang.Object.wait(java.base@21.0.11/Object.java:339)
	at boxOfActin.Barrier.threadDone(Barrier.java:49)
	- locked <0x0000000604e2a290> (a java.lang.Object)
	at boxOfActin.ThreadSet.done(ThreadSet.java:54)
	at boxOfActin.ThreadSet$ThreadSpawn.run(ThreadSet.java:41)

"Thread-136" #178 [1076651] daemon prio=5 os_prio=0 cpu=125.34ms elapsed=193.76s tid=0x00007f918836f7e0 nid=1076651 in Object.wait()  [0x00007f8f07ffe000]
   java.lang.Thread.State: WAITING (on object monitor)
	at java.lang.Object.wait0(java.base@21.0.11/Native Method)
	- waiting on <no object reference available>
	at java.lang.Object.wait(java.base@21.0.11/Object.java:366)
	at java.lang.Object.wait(java.base@21.0.11/Object.java:339)
	at boxOfActin.Barrier.threadDone(Barrier.java:49)
	- locked <0x0000000604e2a290> (a java.lang.Object)
	at boxOfActin.ThreadSet.done(ThreadSet.java:54)
	at boxOfActin.ThreadSet$ThreadSpawn.run(ThreadSet.java:41)

"Thread-137" #179 [1076652] daemon prio=5 os_prio=0 cpu=107.81ms elapsed=193.76s tid=0x00007f9188370d90 nid=1076652 in Object.wait()  [0x00007f8f07efe000]
   java.lang.Thread.State: WAITING (on object monitor)
	at java.lang.Object.wait0(java.base@21.0.11/Native Method)
	- waiting on <no object reference available>
	at java.lang.Object.wait(java.base@21.0.11/Object.java:366)
	at java.lang.Object.wait(java.base@21.0.11/Object.java:339)
	at boxOfActin.Barrier.threadDone(Barrier.java:49)
	- locked <0x0000000604e2a290> (a java.lang.Object)
	at boxOfActin.ThreadSet.done(ThreadSet.java:54)
	at boxOfActin.ThreadSet$ThreadSpawn.run(ThreadSet.java:41)

"Thread-138" #180 [1076653] daemon prio=5 os_prio=0 cpu=123.12ms elapsed=193.76s tid=0x00007f9188372330 nid=1076653 in Object.wait()  [0x00007f8f07dfe000]
   java.lang.Thread.State: WAITING (on object monitor)
	at java.lang.Object.wait0(java.base@21.0.11/Native Method)
	- waiting on <no object reference available>
	at java.lang.Object.wait(java.base@21.0.11/Object.java:366)
	at java.lang.Object.wait(java.base@21.0.11/Object.java:339)
	at boxOfActin.Barrier.threadDone(Barrier.java:49)
	- locked <0x0000000604e2a290> (a java.lang.Object)
	at boxOfActin.ThreadSet.done(ThreadSet.java:54)
	at boxOfActin.ThreadSet$ThreadSpawn.run(ThreadSet.java:41)

"Thread-139" #181 [1076654] daemon prio=5 os_prio=0 cpu=122.29ms elapsed=193.76s tid=0x00007f91883738d0 nid=1076654 in Object.wait()  [0x00007f8f07cfe000]
   java.lang.Thread.State: WAITING (on object monitor)
	at java.lang.Object.wait0(java.base@21.0.11/Native Method)
	- waiting on <no object reference available>
	at java.lang.Object.wait(java.base@21.0.11/Object.java:366)
	at java.lang.Object.wait(java.base@21.0.11/Object.java:339)
	at boxOfActin.Barrier.threadDone(Barrier.java:49)
	- locked <0x0000000604e2a290> (a java.lang.Object)
	at boxOfActin.ThreadSet.done(ThreadSet.java:54)
	at boxOfActin.ThreadSet$ThreadSpawn.run(ThreadSet.java:41)

"Thread-140" #182 [1076655] daemon prio=5 os_prio=0 cpu=121.20ms elapsed=193.76s tid=0x00007f9188374e80 nid=1076655 in Object.wait()  [0x00007f8f07bfe000]
   java.lang.Thread.State: WAITING (on object monitor)
	at java.lang.Object.wait0(java.base@21.0.11/Native Method)
	- waiting on <no object reference available>
	at java.lang.Object.wait(java.base@21.0.11/Object.java:366)
	at java.lang.Object.wait(java.base@21.0.11/Object.java:339)
	at boxOfActin.Barrier.threadDone(Barrier.java:49)
	- locked <0x0000000604e2a290> (a java.lang.Object)
	at boxOfActin.ThreadSet.done(ThreadSet.java:54)
	at boxOfActin.ThreadSet$ThreadSpawn.run(ThreadSet.java:41)

"Thread-141" #183 [1076656] daemon prio=5 os_prio=0 cpu=109.67ms elapsed=193.76s tid=0x00007f9188376430 nid=1076656 in Object.wait()  [0x00007f8f07afe000]
   java.lang.Thread.State: WAITING (on object monitor)
	at java.lang.Object.wait0(java.base@21.0.11/Native Method)
	- waiting on <no object reference available>
	at java.lang.Object.wait(java.base@21.0.11/Object.java:366)
	at java.lang.Object.wait(java.base@21.0.11/Object.java:339)
	at boxOfActin.Barrier.threadDone(Barrier.java:49)
	- locked <0x0000000604e2a290> (a java.lang.Object)
	at boxOfActin.ThreadSet.done(ThreadSet.java:54)
	at boxOfActin.ThreadSet$ThreadSpawn.run(ThreadSet.java:41)

"Thread-142" #184 [1076657] daemon prio=5 os_prio=0 cpu=122.69ms elapsed=193.76s tid=0x00007f91883779d0 nid=1076657 in Object.wait()  [0x00007f8f079fe000]
   java.lang.Thread.State: WAITING (on object monitor)
	at java.lang.Object.wait0(java.base@21.0.11/Native Method)
	- waiting on <no object reference available>
	at java.lang.Object.wait(java.base@21.0.11/Object.java:366)
	at java.lang.Object.wait(java.base@21.0.11/Object.java:339)
	at boxOfActin.Barrier.threadDone(Barrier.java:49)
	- locked <0x0000000604e2a290> (a java.lang.Object)
	at boxOfActin.ThreadSet.done(ThreadSet.java:54)
	at boxOfActin.ThreadSet$ThreadSpawn.run(ThreadSet.java:41)

"Thread-143" #185 [1076658] daemon prio=5 os_prio=0 cpu=95.65ms elapsed=193.76s tid=0x00007f9188378f70 nid=1076658 in Object.wait()  [0x00007f8f078fe000]
   java.lang.Thread.State: WAITING (on object monitor)
	at java.lang.Object.wait0(java.base@21.0.11/Native Method)
	- waiting on <no object reference available>
	at java.lang.Object.wait(java.base@21.0.11/Object.java:366)
	at java.lang.Object.wait(java.base@21.0.11/Object.java:339)
	at boxOfActin.Barrier.threadDone(Barrier.java:49)
	- locked <0x0000000604e2a290> (a java.lang.Object)
	at boxOfActin.ThreadSet.done(ThreadSet.java:54)
	at boxOfActin.ThreadSet$ThreadSpawn.run(ThreadSet.java:41)

"Thread-144" #186 [1076659] daemon prio=5 os_prio=0 cpu=2391.33ms elapsed=193.76s tid=0x00007f918837a520 nid=1076659 in Object.wait()  [0x00007f8f077fe000]
   java.lang.Thread.State: WAITING (on object monitor)
	at java.lang.Object.wait0(java.base@21.0.11/Native Method)
	- waiting on <no object reference available>
	at java.lang.Object.wait(java.base@21.0.11/Object.java:366)
	at java.lang.Object.wait(java.base@21.0.11/Object.java:339)
	at boxOfActin.Barrier.threadDone(Barrier.java:49)
	- locked <0x0000000600f3e898> (a java.lang.Object)
	at boxOfActin.ThreadSet.done(ThreadSet.java:54)
	at boxOfActin.ThreadSet$ThreadSpawn.run(ThreadSet.java:41)

"Thread-145" #187 [1076660] daemon prio=5 os_prio=0 cpu=2387.92ms elapsed=193.76s tid=0x00007f918837bc30 nid=1076660 in Object.wait()  [0x00007f8f076fe000]
   java.lang.Thread.State: WAITING (on object monitor)
	at java.lang.Object.wait0(java.base@21.0.11/Native Method)
	- waiting on <no object reference available>
	at java.lang.Object.wait(java.base@21.0.11/Object.java:366)
	at java.lang.Object.wait(java.base@21.0.11/Object.java:339)
	at boxOfActin.Barrier.threadDone(Barrier.java:49)
	- locked <0x0000000600f3e898> (a java.lang.Object)
	at boxOfActin.ThreadSet.done(ThreadSet.java:54)
	at boxOfActin.ThreadSet$ThreadSpawn.run(ThreadSet.java:41)

"Thread-146" #188 [1076661] daemon prio=5 os_prio=0 cpu=2387.42ms elapsed=193.76s tid=0x00007f918837d1d0 nid=1076661 in Object.wait()  [0x00007f8f075fe000]
   java.lang.Thread.State: WAITING (on object monitor)
	at java.lang.Object.wait0(java.base@21.0.11/Native Method)
	- waiting on <no object reference available>
	at java.lang.Object.wait(java.base@21.0.11/Object.java:366)
	at java.lang.Object.wait(java.base@21.0.11/Object.java:339)
	at boxOfActin.Barrier.threadDone(Barrier.java:49)
	- locked <0x0000000600f3e898> (a java.lang.Object)
	at boxOfActin.ThreadSet.done(ThreadSet.java:54)
	at boxOfActin.ThreadSet$ThreadSpawn.run(ThreadSet.java:41)

"Thread-147" #189 [1076662] daemon prio=5 os_prio=0 cpu=2396.02ms elapsed=193.76s tid=0x00007f918837e770 nid=1076662 in Object.wait()  [0x00007f8f074fe000]
   java.lang.Thread.State: WAITING (on object monitor)
	at java.lang.Object.wait0(java.base@21.0.11/Native Method)
	- waiting on <no object reference available>
	at java.lang.Object.wait(java.base@21.0.11/Object.java:366)
	at java.lang.Object.wait(java.base@21.0.11/Object.java:339)
	at boxOfActin.Barrier.threadDone(Barrier.java:49)
	- locked <0x0000000600f3e898> (a java.lang.Object)
	at boxOfActin.ThreadSet.done(ThreadSet.java:54)
	at boxOfActin.ThreadSet$ThreadSpawn.run(ThreadSet.java:41)

"Thread-148" #190 [1076663] daemon prio=5 os_prio=0 cpu=2418.34ms elapsed=193.76s tid=0x00007f918837fd10 nid=1076663 in Object.wait()  [0x00007f8f073fe000]
   java.lang.Thread.State: WAITING (on object monitor)
	at java.lang.Object.wait0(java.base@21.0.11/Native Method)
	- waiting on <no object reference available>
	at java.lang.Object.wait(java.base@21.0.11/Object.java:366)
	at java.lang.Object.wait(java.base@21.0.11/Object.java:339)
	at boxOfActin.Barrier.threadDone(Barrier.java:49)
	- locked <0x0000000600f3e898> (a java.lang.Object)
	at boxOfActin.ThreadSet.done(ThreadSet.java:54)
	at boxOfActin.ThreadSet$ThreadSpawn.run(ThreadSet.java:41)

"Thread-149" #191 [1076664] daemon prio=5 os_prio=0 cpu=2403.54ms elapsed=193.76s tid=0x00007f91883812b0 nid=1076664 in Object.wait()  [0x00007f8f072fe000]
   java.lang.Thread.State: WAITING (on object monitor)
	at java.lang.Object.wait0(java.base@21.0.11/Native Method)
	- waiting on <no object reference available>
	at java.lang.Object.wait(java.base@21.0.11/Object.java:366)
	at java.lang.Object.wait(java.base@21.0.11/Object.java:339)
	at boxOfActin.Barrier.threadDone(Barrier.java:49)
	- locked <0x0000000600f3e898> (a java.lang.Object)
	at boxOfActin.ThreadSet.done(ThreadSet.java:54)
	at boxOfActin.ThreadSet$ThreadSpawn.run(ThreadSet.java:41)

"Thread-150" #192 [1076665] daemon prio=5 os_prio=0 cpu=2346.40ms elapsed=193.76s tid=0x00007f9188382ae0 nid=1076665 in Object.wait()  [0x00007f8f071fe000]
   java.lang.Thread.State: WAITING (on object monitor)
	at java.lang.Object.wait0(java.base@21.0.11/Native Method)
	- waiting on <no object reference available>
	at java.lang.Object.wait(java.base@21.0.11/Object.java:366)
	at java.lang.Object.wait(java.base@21.0.11/Object.java:339)
	at boxOfActin.Barrier.threadDone(Barrier.java:49)
	- locked <0x0000000600f3e898> (a java.lang.Object)
	at boxOfActin.ThreadSet.done(ThreadSet.java:54)
	at boxOfActin.ThreadSet$ThreadSpawn.run(ThreadSet.java:41)

"Thread-151" #193 [1076666] daemon prio=5 os_prio=0 cpu=2373.52ms elapsed=193.76s tid=0x00007f9188384090 nid=1076666 in Object.wait()  [0x00007f8f070fe000]
   java.lang.Thread.State: WAITING (on object monitor)
	at java.lang.Object.wait0(java.base@21.0.11/Native Method)
	- waiting on <no object reference available>
	at java.lang.Object.wait(java.base@21.0.11/Object.java:366)
	at java.lang.Object.wait(java.base@21.0.11/Object.java:339)
	at boxOfActin.Barrier.threadDone(Barrier.java:49)
	- locked <0x0000000600f3e898> (a java.lang.Object)
	at boxOfActin.ThreadSet.done(ThreadSet.java:54)
	at boxOfActin.ThreadSet$ThreadSpawn.run(ThreadSet.java:41)

"Thread-152" #194 [1076667] daemon prio=5 os_prio=0 cpu=2426.74ms elapsed=193.76s tid=0x00007f9188385630 nid=1076667 in Object.wait()  [0x00007f8f06ffe000]
   java.lang.Thread.State: WAITING (on object monitor)
	at java.lang.Object.wait0(java.base@21.0.11/Native Method)
	- waiting on <no object reference available>
	at java.lang.Object.wait(java.base@21.0.11/Object.java:366)
	at java.lang.Object.wait(java.base@21.0.11/Object.java:339)
	at boxOfActin.Barrier.threadDone(Barrier.java:49)
	- locked <0x0000000600f3e898> (a java.lang.Object)
	at boxOfActin.ThreadSet.done(ThreadSet.java:54)
	at boxOfActin.ThreadSet$ThreadSpawn.run(ThreadSet.java:41)

"Thread-153" #195 [1076668] daemon prio=5 os_prio=0 cpu=2380.71ms elapsed=193.76s tid=0x00007f9188386bd0 nid=1076668 in Object.wait()  [0x00007f8f06efe000]
   java.lang.Thread.State: WAITING (on object monitor)
	at java.lang.Object.wait0(java.base@21.0.11/Native Method)
	- waiting on <no object reference available>
	at java.lang.Object.wait(java.base@21.0.11/Object.java:366)
	at java.lang.Object.wait(java.base@21.0.11/Object.java:339)
	at boxOfActin.Barrier.threadDone(Barrier.java:49)
	- locked <0x0000000600f3e898> (a java.lang.Object)
	at boxOfActin.ThreadSet.done(ThreadSet.java:54)
	at boxOfActin.ThreadSet$ThreadSpawn.run(ThreadSet.java:41)

"Thread-154" #196 [1076669] daemon prio=5 os_prio=0 cpu=2354.45ms elapsed=193.76s tid=0x00007f9188388180 nid=1076669 in Object.wait()  [0x00007f8f06dfe000]
   java.lang.Thread.State: WAITING (on object monitor)
	at java.lang.Object.wait0(java.base@21.0.11/Native Method)
	- waiting on <no object reference available>
	at java.lang.Object.wait(java.base@21.0.11/Object.java:366)
	at java.lang.Object.wait(java.base@21.0.11/Object.java:339)
	at boxOfActin.Barrier.threadDone(Barrier.java:49)
	- locked <0x0000000600f3e898> (a java.lang.Object)
	at boxOfActin.ThreadSet.done(ThreadSet.java:54)
	at boxOfActin.ThreadSet$ThreadSpawn.run(ThreadSet.java:41)

"Thread-155" #197 [1076670] daemon prio=5 os_prio=0 cpu=2365.13ms elapsed=193.76s tid=0x00007f9188389730 nid=1076670 in Object.wait()  [0x00007f8f06cfe000]
   java.lang.Thread.State: WAITING (on object monitor)
	at java.lang.Object.wait0(java.base@21.0.11/Native Method)
	- waiting on <no object reference available>
	at java.lang.Object.wait(java.base@21.0.11/Object.java:366)
	at java.lang.Object.wait(java.base@21.0.11/Object.java:339)
	at boxOfActin.Barrier.threadDone(Barrier.java:49)
	- locked <0x0000000600f3e898> (a java.lang.Object)
	at boxOfActin.ThreadSet.done(ThreadSet.java:54)
	at boxOfActin.ThreadSet$ThreadSpawn.run(ThreadSet.java:41)

"Thread-156" #198 [1076671] daemon prio=5 os_prio=0 cpu=2365.31ms elapsed=193.76s tid=0x00007f918838acd0 nid=1076671 in Object.wait()  [0x00007f8f06bfe000]
   java.lang.Thread.State: WAITING (on object monitor)
	at java.lang.Object.wait0(java.base@21.0.11/Native Method)
	- waiting on <no object reference available>
	at java.lang.Object.wait(java.base@21.0.11/Object.java:366)
	at java.lang.Object.wait(java.base@21.0.11/Object.java:339)
	at boxOfActin.Barrier.threadDone(Barrier.java:49)
	- locked <0x0000000600f3e898> (a java.lang.Object)
	at boxOfActin.ThreadSet.done(ThreadSet.java:54)
	at boxOfActin.ThreadSet$ThreadSpawn.run(ThreadSet.java:41)

"Thread-157" #199 [1076672] daemon prio=5 os_prio=0 cpu=2417.65ms elapsed=193.76s tid=0x00007f918838c270 nid=1076672 in Object.wait()  [0x00007f8f06afe000]
   java.lang.Thread.State: WAITING (on object monitor)
	at java.lang.Object.wait0(java.base@21.0.11/Native Method)
	- waiting on <no object reference available>
	at java.lang.Object.wait(java.base@21.0.11/Object.java:366)
	at java.lang.Object.wait(java.base@21.0.11/Object.java:339)
	at boxOfActin.Barrier.threadDone(Barrier.java:49)
	- locked <0x0000000600f3e898> (a java.lang.Object)
	at boxOfActin.ThreadSet.done(ThreadSet.java:54)
	at boxOfActin.ThreadSet$ThreadSpawn.run(ThreadSet.java:41)

"Thread-158" #200 [1076673] daemon prio=5 os_prio=0 cpu=2378.19ms elapsed=193.76s tid=0x00007f918838d810 nid=1076673 in Object.wait()  [0x00007f8f069fe000]
   java.lang.Thread.State: WAITING (on object monitor)
	at java.lang.Object.wait0(java.base@21.0.11/Native Method)
	- waiting on <no object reference available>
	at java.lang.Object.wait(java.base@21.0.11/Object.java:366)
	at java.lang.Object.wait(java.base@21.0.11/Object.java:339)
	at boxOfActin.Barrier.threadDone(Barrier.java:49)
	- locked <0x0000000600f3e898> (a java.lang.Object)
	at boxOfActin.ThreadSet.done(ThreadSet.java:54)
	at boxOfActin.ThreadSet$ThreadSpawn.run(ThreadSet.java:41)

"Thread-159" #201 [1076674] daemon prio=5 os_prio=0 cpu=2379.01ms elapsed=193.76s tid=0x00007f918838edb0 nid=1076674 in Object.wait()  [0x00007f8f068fe000]
   java.lang.Thread.State: WAITING (on object monitor)
	at java.lang.Object.wait0(java.base@21.0.11/Native Method)
	- waiting on <no object reference available>
	at java.lang.Object.wait(java.base@21.0.11/Object.java:366)
	at java.lang.Object.wait(java.base@21.0.11/Object.java:339)
	at boxOfActin.Barrier.threadDone(Barrier.java:49)
	- locked <0x0000000600f3e898> (a java.lang.Object)
	at boxOfActin.ThreadSet.done(ThreadSet.java:54)
	at boxOfActin.ThreadSet$ThreadSpawn.run(ThreadSet.java:41)

"Thread-160" #202 [1076680] daemon prio=5 os_prio=0 cpu=0.13ms elapsed=191.09s tid=0x00007f91882f5f80 nid=1076680 in Object.wait()  [0x00007f8f637fc000]
   java.lang.Thread.State: WAITING (on object monitor)
	at java.lang.Object.wait0(java.base@21.0.11/Native Method)
	- waiting on <no object reference available>
	at java.lang.Object.wait(java.base@21.0.11/Object.java:366)
	at java.lang.Object.wait(java.base@21.0.11/Object.java:339)
	at boxOfActin.Barrier.threadDone(Barrier.java:49)
	- locked <0x00000003e6a7ea08> (a java.lang.Object)
	at boxOfActin.ThreadSet.done(ThreadSet.java:54)
	at boxOfActin.ThreadSet$ThreadSpawn.run(ThreadSet.java:38)

"Thread-161" #203 [1076681] daemon prio=5 os_prio=0 cpu=0.13ms elapsed=191.09s tid=0x00007f91882f6690 nid=1076681 in Object.wait()  [0x00007f8f067fe000]
   java.lang.Thread.State: WAITING (on object monitor)
	at java.lang.Object.wait0(java.base@21.0.11/Native Method)
	- waiting on <no object reference available>
	at java.lang.Object.wait(java.base@21.0.11/Object.java:366)
	at java.lang.Object.wait(java.base@21.0.11/Object.java:339)
	at boxOfActin.Barrier.threadDone(Barrier.java:49)
	- locked <0x00000003e6a7ea08> (a java.lang.Object)
	at boxOfActin.ThreadSet.done(ThreadSet.java:54)
	at boxOfActin.ThreadSet$ThreadSpawn.run(ThreadSet.java:38)

"Thread-162" #204 [1076682] daemon prio=5 os_prio=0 cpu=0.14ms elapsed=191.09s tid=0x00007f91882f7310 nid=1076682 in Object.wait()  [0x00007f8f066fe000]
   java.lang.Thread.State: WAITING (on object monitor)
	at java.lang.Object.wait0(java.base@21.0.11/Native Method)
	- waiting on <no object reference available>
	at java.lang.Object.wait(java.base@21.0.11/Object.java:366)
	at java.lang.Object.wait(java.base@21.0.11/Object.java:339)
	at boxOfActin.Barrier.threadDone(Barrier.java:49)
	- locked <0x00000003e6a7ea08> (a java.lang.Object)
	at boxOfActin.ThreadSet.done(ThreadSet.java:54)
	at boxOfActin.ThreadSet$ThreadSpawn.run(ThreadSet.java:38)

"Thread-163" #205 [1076683] daemon prio=5 os_prio=0 cpu=0.14ms elapsed=191.09s tid=0x00007f91882f7a20 nid=1076683 in Object.wait()  [0x00007f8f065fe000]
   java.lang.Thread.State: WAITING (on object monitor)
	at java.lang.Object.wait0(java.base@21.0.11/Native Method)
	- waiting on <no object reference available>
	at java.lang.Object.wait(java.base@21.0.11/Object.java:366)
	at java.lang.Object.wait(java.base@21.0.11/Object.java:339)
	at boxOfActin.Barrier.threadDone(Barrier.java:49)
	- locked <0x00000003e6a7ea08> (a java.lang.Object)
	at boxOfActin.ThreadSet.done(ThreadSet.java:54)
	at boxOfActin.ThreadSet$ThreadSpawn.run(ThreadSet.java:38)

"Thread-164" #206 [1076684] daemon prio=5 os_prio=0 cpu=0.14ms elapsed=191.09s tid=0x00007f91882f86b0 nid=1076684 in Object.wait()  [0x00007f8f064fe000]
   java.lang.Thread.State: WAITING (on object monitor)
	at java.lang.Object.wait0(java.base@21.0.11/Native Method)
	- waiting on <no object reference available>
	at java.lang.Object.wait(java.base@21.0.11/Object.java:366)
	at java.lang.Object.wait(java.base@21.0.11/Object.java:339)
	at boxOfActin.Barrier.threadDone(Barrier.java:49)
	- locked <0x00000003e6a7ea08> (a java.lang.Object)
	at boxOfActin.ThreadSet.done(ThreadSet.java:54)
	at boxOfActin.ThreadSet$ThreadSpawn.run(ThreadSet.java:38)

"Thread-165" #207 [1076685] daemon prio=5 os_prio=0 cpu=0.14ms elapsed=191.09s tid=0x00007f91882f8dc0 nid=1076685 in Object.wait()  [0x00007f8f063fe000]
   java.lang.Thread.State: WAITING (on object monitor)
	at java.lang.Object.wait0(java.base@21.0.11/Native Method)
	- waiting on <no object reference available>
	at java.lang.Object.wait(java.base@21.0.11/Object.java:366)
	at java.lang.Object.wait(java.base@21.0.11/Object.java:339)
	at boxOfActin.Barrier.threadDone(Barrier.java:49)
	- locked <0x00000003e6a7ea08> (a java.lang.Object)
	at boxOfActin.ThreadSet.done(ThreadSet.java:54)
	at boxOfActin.ThreadSet$ThreadSpawn.run(ThreadSet.java:38)

"Thread-166" #208 [1076686] daemon prio=5 os_prio=0 cpu=0.14ms elapsed=191.09s tid=0x00007f91882f9a60 nid=1076686 in Object.wait()  [0x00007f8f062fe000]
   java.lang.Thread.State: WAITING (on object monitor)
	at java.lang.Object.wait0(java.base@21.0.11/Native Method)
	- waiting on <no object reference available>
	at java.lang.Object.wait(java.base@21.0.11/Object.java:366)
	at java.lang.Object.wait(java.base@21.0.11/Object.java:339)
	at boxOfActin.Barrier.threadDone(Barrier.java:49)
	- locked <0x00000003e6a7ea08> (a java.lang.Object)
	at boxOfActin.ThreadSet.done(ThreadSet.java:54)
	at boxOfActin.ThreadSet$ThreadSpawn.run(ThreadSet.java:38)

"Thread-167" #209 [1076687] daemon prio=5 os_prio=0 cpu=0.12ms elapsed=191.09s tid=0x00007f91882fa710 nid=1076687 in Object.wait()  [0x00007f8f061fe000]
   java.lang.Thread.State: WAITING (on object monitor)
	at java.lang.Object.wait0(java.base@21.0.11/Native Method)
	- waiting on <no object reference available>
	at java.lang.Object.wait(java.base@21.0.11/Object.java:366)
	at java.lang.Object.wait(java.base@21.0.11/Object.java:339)
	at boxOfActin.Barrier.threadDone(Barrier.java:49)
	- locked <0x00000003e6a7ea08> (a java.lang.Object)
	at boxOfActin.ThreadSet.done(ThreadSet.java:54)
	at boxOfActin.ThreadSet$ThreadSpawn.run(ThreadSet.java:38)

"Thread-168" #210 [1076688] daemon prio=5 os_prio=0 cpu=0.13ms elapsed=191.09s tid=0x00007f91882fb3c0 nid=1076688 in Object.wait()  [0x00007f8f060fe000]
   java.lang.Thread.State: WAITING (on object monitor)
	at java.lang.Object.wait0(java.base@21.0.11/Native Method)
	- waiting on <no object reference available>
	at java.lang.Object.wait(java.base@21.0.11/Object.java:366)
	at java.lang.Object.wait(java.base@21.0.11/Object.java:339)
	at boxOfActin.Barrier.threadDone(Barrier.java:49)
	- locked <0x00000003e6a7ea08> (a java.lang.Object)
	at boxOfActin.ThreadSet.done(ThreadSet.java:54)
	at boxOfActin.ThreadSet$ThreadSpawn.run(ThreadSet.java:38)

"Thread-169" #211 [1076689] daemon prio=5 os_prio=0 cpu=0.12ms elapsed=191.09s tid=0x00007f91882fc080 nid=1076689 in Object.wait()  [0x00007f8f05ffe000]
   java.lang.Thread.State: WAITING (on object monitor)
	at java.lang.Object.wait0(java.base@21.0.11/Native Method)
	- waiting on <no object reference available>
	at java.lang.Object.wait(java.base@21.0.11/Object.java:366)
	at java.lang.Object.wait(java.base@21.0.11/Object.java:339)
	at boxOfActin.Barrier.threadDone(Barrier.java:49)
	- locked <0x00000003e6a7ea08> (a java.lang.Object)
	at boxOfActin.ThreadSet.done(ThreadSet.java:54)
	at boxOfActin.ThreadSet$ThreadSpawn.run(ThreadSet.java:38)

"Thread-170" #212 [1076690] daemon prio=5 os_prio=0 cpu=0.12ms elapsed=191.09s tid=0x00007f91882fcd40 nid=1076690 in Object.wait()  [0x00007f8f05efe000]
   java.lang.Thread.State: WAITING (on object monitor)
	at java.lang.Object.wait0(java.base@21.0.11/Native Method)
	- waiting on <no object reference available>
	at java.lang.Object.wait(java.base@21.0.11/Object.java:366)
	at java.lang.Object.wait(java.base@21.0.11/Object.java:339)
	at boxOfActin.Barrier.threadDone(Barrier.java:49)
	- locked <0x00000003e6a7ea08> (a java.lang.Object)
	at boxOfActin.ThreadSet.done(ThreadSet.java:54)
	at boxOfActin.ThreadSet$ThreadSpawn.run(ThreadSet.java:38)

"Thread-171" #213 [1076691] daemon prio=5 os_prio=0 cpu=0.16ms elapsed=191.09s tid=0x00007f9188306e60 nid=1076691 in Object.wait()  [0x00007f8f05dfe000]
   java.lang.Thread.State: WAITING (on object monitor)
	at java.lang.Object.wait0(java.base@21.0.11/Native Method)
	- waiting on <no object reference available>
	at java.lang.Object.wait(java.base@21.0.11/Object.java:366)
	at java.lang.Object.wait(java.base@21.0.11/Object.java:339)
	at boxOfActin.Barrier.threadDone(Barrier.java:49)
	- locked <0x00000003e6a7ea08> (a java.lang.Object)
	at boxOfActin.ThreadSet.done(ThreadSet.java:54)
	at boxOfActin.ThreadSet$ThreadSpawn.run(ThreadSet.java:38)

"Thread-172" #214 [1076692] daemon prio=5 os_prio=0 cpu=0.11ms elapsed=191.09s tid=0x00007f9188307b30 nid=1076692 in Object.wait()  [0x00007f8f05cfe000]
   java.lang.Thread.State: WAITING (on object monitor)
	at java.lang.Object.wait0(java.base@21.0.11/Native Method)
	- waiting on <no object reference available>
	at java.lang.Object.wait(java.base@21.0.11/Object.java:366)
	at java.lang.Object.wait(java.base@21.0.11/Object.java:339)
	at boxOfActin.Barrier.threadDone(Barrier.java:49)
	- locked <0x00000003e6a7ea08> (a java.lang.Object)
	at boxOfActin.ThreadSet.done(ThreadSet.java:54)
	at boxOfActin.ThreadSet$ThreadSpawn.run(ThreadSet.java:38)

"Thread-173" #215 [1076693] daemon prio=5 os_prio=0 cpu=0.18ms elapsed=191.09s tid=0x00007f9188308810 nid=1076693 in Object.wait()  [0x00007f8f05bfe000]
   java.lang.Thread.State: WAITING (on object monitor)
	at java.lang.Object.wait0(java.base@21.0.11/Native Method)
	- waiting on <no object reference available>
	at java.lang.Object.wait(java.base@21.0.11/Object.java:366)
	at java.lang.Object.wait(java.base@21.0.11/Object.java:339)
	at boxOfActin.Barrier.threadDone(Barrier.java:49)
	- locked <0x00000003e6a7ea08> (a java.lang.Object)
	at boxOfActin.ThreadSet.done(ThreadSet.java:54)
	at boxOfActin.ThreadSet$ThreadSpawn.run(ThreadSet.java:38)

"Thread-174" #216 [1076694] daemon prio=5 os_prio=0 cpu=0.13ms elapsed=191.09s tid=0x00007f91883094f0 nid=1076694 in Object.wait()  [0x00007f8f05afe000]
   java.lang.Thread.State: WAITING (on object monitor)
	at java.lang.Object.wait0(java.base@21.0.11/Native Method)
	- waiting on <no object reference available>
	at java.lang.Object.wait(java.base@21.0.11/Object.java:366)
	at java.lang.Object.wait(java.base@21.0.11/Object.java:339)
	at boxOfActin.Barrier.threadDone(Barrier.java:49)
	- locked <0x00000003e6a7ea08> (a java.lang.Object)
	at boxOfActin.ThreadSet.done(ThreadSet.java:54)
	at boxOfActin.ThreadSet$ThreadSpawn.run(ThreadSet.java:38)

"Thread-175" #217 [1076695] daemon prio=5 os_prio=0 cpu=0.10ms elapsed=191.08s tid=0x00007f918830a370 nid=1076695 in Object.wait()  [0x00007f8f059fe000]
   java.lang.Thread.State: WAITING (on object monitor)
	at java.lang.Object.wait0(java.base@21.0.11/Native Method)
	- waiting on <no object reference available>
	at java.lang.Object.wait(java.base@21.0.11/Object.java:366)
	at java.lang.Object.wait(java.base@21.0.11/Object.java:339)
	at boxOfActin.Barrier.threadDone(Barrier.java:49)
	- locked <0x00000003e6a7ea08> (a java.lang.Object)
	at boxOfActin.ThreadSet.done(ThreadSet.java:54)
	at boxOfActin.ThreadSet$ThreadSpawn.run(ThreadSet.java:38)

"Thread-176" #218 [1076696] daemon prio=5 os_prio=0 cpu=2.34ms elapsed=191.08s tid=0x00007f918830b960 nid=1076696 in Object.wait()  [0x00007f8f058fe000]
   java.lang.Thread.State: WAITING (on object monitor)
	at java.lang.Object.wait0(java.base@21.0.11/Native Method)
	- waiting on <no object reference available>
	at java.lang.Object.wait(java.base@21.0.11/Object.java:366)
	at java.lang.Object.wait(java.base@21.0.11/Object.java:339)
	at boxOfActin.Barrier.threadDone(Barrier.java:49)
	- locked <0x00000003e6b43c40> (a java.lang.Object)
	at boxOfActin.ThreadSet.done(ThreadSet.java:54)
	at boxOfActin.ThreadSet$ThreadSpawn.run(ThreadSet.java:41)

"Thread-177" #219 [1076697] daemon prio=5 os_prio=0 cpu=2.52ms elapsed=191.08s tid=0x00007f918830ce50 nid=1076697 in Object.wait()  [0x00007f8f057fe000]
   java.lang.Thread.State: WAITING (on object monitor)
	at java.lang.Object.wait0(java.base@21.0.11/Native Method)
	- waiting on <no object reference available>
	at java.lang.Object.wait(java.base@21.0.11/Object.java:366)
	at java.lang.Object.wait(java.base@21.0.11/Object.java:339)
	at boxOfActin.Barrier.threadDone(Barrier.java:49)
	- locked <0x00000003e6b43c40> (a java.lang.Object)
	at boxOfActin.ThreadSet.done(ThreadSet.java:54)
	at boxOfActin.ThreadSet$ThreadSpawn.run(ThreadSet.java:41)

"Thread-178" #220 [1076698] daemon prio=5 os_prio=0 cpu=2.64ms elapsed=191.08s tid=0x00007f918830dfe0 nid=1076698 in Object.wait()  [0x00007f8f056fe000]
   java.lang.Thread.State: WAITING (on object monitor)
	at java.lang.Object.wait0(java.base@21.0.11/Native Method)
	- waiting on <no object reference available>
	at java.lang.Object.wait(java.base@21.0.11/Object.java:366)
	at java.lang.Object.wait(java.base@21.0.11/Object.java:339)
	at boxOfActin.Barrier.threadDone(Barrier.java:49)
	- locked <0x00000003e6b43c40> (a java.lang.Object)
	at boxOfActin.ThreadSet.done(ThreadSet.java:54)
	at boxOfActin.ThreadSet$ThreadSpawn.run(ThreadSet.java:41)

"Thread-179" #221 [1076699] daemon prio=5 os_prio=0 cpu=2.54ms elapsed=191.08s tid=0x00007f918830f5f0 nid=1076699 in Object.wait()  [0x00007f8f055fe000]
   java.lang.Thread.State: WAITING (on object monitor)
	at java.lang.Object.wait0(java.base@21.0.11/Native Method)
	- waiting on <no object reference available>
	at java.lang.Object.wait(java.base@21.0.11/Object.java:366)
	at java.lang.Object.wait(java.base@21.0.11/Object.java:339)
	at boxOfActin.Barrier.threadDone(Barrier.java:49)
	- locked <0x00000003e6b43c40> (a java.lang.Object)
	at boxOfActin.ThreadSet.done(ThreadSet.java:54)
	at boxOfActin.ThreadSet$ThreadSpawn.run(ThreadSet.java:41)

"Thread-180" #222 [1076700] daemon prio=5 os_prio=0 cpu=3.00ms elapsed=191.08s tid=0x00007f9188310b20 nid=1076700 in Object.wait()  [0x00007f8f054fe000]
   java.lang.Thread.State: WAITING (on object monitor)
	at java.lang.Object.wait0(java.base@21.0.11/Native Method)
	- waiting on <no object reference available>
	at java.lang.Object.wait(java.base@21.0.11/Object.java:366)
	at java.lang.Object.wait(java.base@21.0.11/Object.java:339)
	at boxOfActin.Barrier.threadDone(Barrier.java:49)
	- locked <0x00000003e6b43c40> (a java.lang.Object)
	at boxOfActin.ThreadSet.done(ThreadSet.java:54)
	at boxOfActin.ThreadSet$ThreadSpawn.run(ThreadSet.java:41)

"Thread-181" #223 [1076701] daemon prio=5 os_prio=0 cpu=2.95ms elapsed=191.08s tid=0x00007f9188312140 nid=1076701 in Object.wait()  [0x00007f8f053fe000]
   java.lang.Thread.State: WAITING (on object monitor)
	at java.lang.Object.wait0(java.base@21.0.11/Native Method)
	- waiting on <no object reference available>
	at java.lang.Object.wait(java.base@21.0.11/Object.java:366)
	at java.lang.Object.wait(java.base@21.0.11/Object.java:339)
	at boxOfActin.Barrier.threadDone(Barrier.java:49)
	- locked <0x00000003e6b43c40> (a java.lang.Object)
	at boxOfActin.ThreadSet.done(ThreadSet.java:54)
	at boxOfActin.ThreadSet$ThreadSpawn.run(ThreadSet.java:41)

"Thread-182" #224 [1076702] daemon prio=5 os_prio=0 cpu=2.88ms elapsed=191.08s tid=0x00007f9188313660 nid=1076702 in Object.wait()  [0x00007f8f052fe000]
   java.lang.Thread.State: WAITING (on object monitor)
	at java.lang.Object.wait0(java.base@21.0.11/Native Method)
	- waiting on <no object reference available>
	at java.lang.Object.wait(java.base@21.0.11/Object.java:366)
	at java.lang.Object.wait(java.base@21.0.11/Object.java:339)
	at boxOfActin.Barrier.threadDone(Barrier.java:49)
	- locked <0x00000003e6b43c40> (a java.lang.Object)
	at boxOfActin.ThreadSet.done(ThreadSet.java:54)
	at boxOfActin.ThreadSet$ThreadSpawn.run(ThreadSet.java:41)

"Thread-183" #225 [1076703] daemon prio=5 os_prio=0 cpu=2.94ms elapsed=191.08s tid=0x00007f9188314f10 nid=1076703 in Object.wait()  [0x00007f8f051fe000]
   java.lang.Thread.State: WAITING (on object monitor)
	at java.lang.Object.wait0(java.base@21.0.11/Native Method)
	- waiting on <no object reference available>
	at java.lang.Object.wait(java.base@21.0.11/Object.java:366)
	at java.lang.Object.wait(java.base@21.0.11/Object.java:339)
	at boxOfActin.Barrier.threadDone(Barrier.java:49)
	- locked <0x00000003e6b43c40> (a java.lang.Object)
	at boxOfActin.ThreadSet.done(ThreadSet.java:54)
	at boxOfActin.ThreadSet$ThreadSpawn.run(ThreadSet.java:41)

"Thread-184" #226 [1076704] daemon prio=5 os_prio=0 cpu=0.08ms elapsed=191.08s tid=0x00007f9188316540 nid=1076704 in Object.wait()  [0x00007f8f050fe000]
   java.lang.Thread.State: WAITING (on object monitor)
	at java.lang.Object.wait0(java.base@21.0.11/Native Method)
	- waiting on <no object reference available>
	at java.lang.Object.wait(java.base@21.0.11/Object.java:366)
	at java.lang.Object.wait(java.base@21.0.11/Object.java:339)
	at boxOfActin.Barrier.threadDone(Barrier.java:49)
	- locked <0x00000003e6b58418> (a java.lang.Object)
	at boxOfActin.ThreadSet.done(ThreadSet.java:54)
	at boxOfActin.ThreadSet$ThreadSpawn.run(ThreadSet.java:38)

"Thread-185" #227 [1076705] daemon prio=5 os_prio=0 cpu=0.10ms elapsed=191.08s tid=0x00007f9188317b50 nid=1076705 in Object.wait()  [0x00007f8f04ffe000]
   java.lang.Thread.State: WAITING (on object monitor)
	at java.lang.Object.wait0(java.base@21.0.11/Native Method)
	- waiting on <no object reference available>
	at java.lang.Object.wait(java.base@21.0.11/Object.java:366)
	at java.lang.Object.wait(java.base@21.0.11/Object.java:339)
	at boxOfActin.Barrier.threadDone(Barrier.java:49)
	- locked <0x00000003e6b58418> (a java.lang.Object)
	at boxOfActin.ThreadSet.done(ThreadSet.java:54)
	at boxOfActin.ThreadSet$ThreadSpawn.run(ThreadSet.java:38)

"Thread-186" #228 [1076706] daemon prio=5 os_prio=0 cpu=0.05ms elapsed=191.08s tid=0x00007f9188319050 nid=1076706 in Object.wait()  [0x00007f8f04efe000]
   java.lang.Thread.State: WAITING (on object monitor)
	at java.lang.Object.wait0(java.base@21.0.11/Native Method)
	- waiting on <no object reference available>
	at java.lang.Object.wait(java.base@21.0.11/Object.java:366)
	at java.lang.Object.wait(java.base@21.0.11/Object.java:339)
	at boxOfActin.Barrier.threadDone(Barrier.java:49)
	- locked <0x00000003e6b58418> (a java.lang.Object)
	at boxOfActin.ThreadSet.done(ThreadSet.java:54)
	at boxOfActin.ThreadSet$ThreadSpawn.run(ThreadSet.java:38)

"Thread-187" #229 [1076707] daemon prio=5 os_prio=0 cpu=0.06ms elapsed=191.08s tid=0x00007f918831a5d0 nid=1076707 in Object.wait()  [0x00007f8f04dfe000]
   java.lang.Thread.State: WAITING (on object monitor)
	at java.lang.Object.wait0(java.base@21.0.11/Native Method)
	- waiting on <no object reference available>
	at java.lang.Object.wait(java.base@21.0.11/Object.java:366)
	at java.lang.Object.wait(java.base@21.0.11/Object.java:339)
	at boxOfActin.Barrier.threadDone(Barrier.java:49)
	- locked <0x00000003e6b58418> (a java.lang.Object)
	at boxOfActin.ThreadSet.done(ThreadSet.java:54)
	at boxOfActin.ThreadSet$ThreadSpawn.run(ThreadSet.java:38)

"Thread-188" #230 [1076708] daemon prio=5 os_prio=0 cpu=0.05ms elapsed=191.08s tid=0x00007f918831bb70 nid=1076708 in Object.wait()  [0x00007f8f04cfe000]
   java.lang.Thread.State: WAITING (on object monitor)
	at java.lang.Object.wait0(java.base@21.0.11/Native Method)
	- waiting on <no object reference available>
	at java.lang.Object.wait(java.base@21.0.11/Object.java:366)
	at java.lang.Object.wait(java.base@21.0.11/Object.java:339)
	at boxOfActin.Barrier.threadDone(Barrier.java:49)
	- locked <0x00000003e6b58418> (a java.lang.Object)
	at boxOfActin.ThreadSet.done(ThreadSet.java:54)
	at boxOfActin.ThreadSet$ThreadSpawn.run(ThreadSet.java:38)

"Thread-189" #231 [1076709] daemon prio=5 os_prio=0 cpu=0.05ms elapsed=191.08s tid=0x00007f918831d1d0 nid=1076709 in Object.wait()  [0x00007f8f04bfe000]
   java.lang.Thread.State: WAITING (on object monitor)
	at java.lang.Object.wait0(java.base@21.0.11/Native Method)
	- waiting on <no object reference available>
	at java.lang.Object.wait(java.base@21.0.11/Object.java:366)
	at java.lang.Object.wait(java.base@21.0.11/Object.java:339)
	at boxOfActin.Barrier.threadDone(Barrier.java:49)
	- locked <0x00000003e6b58418> (a java.lang.Object)
	at boxOfActin.ThreadSet.done(ThreadSet.java:54)
	at boxOfActin.ThreadSet$ThreadSpawn.run(ThreadSet.java:38)

"Thread-190" #232 [1076710] daemon prio=5 os_prio=0 cpu=0.04ms elapsed=191.08s tid=0x00007f918831e6d0 nid=1076710 in Object.wait()  [0x00007f8f04afe000]
   java.lang.Thread.State: WAITING (on object monitor)
	at java.lang.Object.wait0(java.base@21.0.11/Native Method)
	- waiting on <no object reference available>
	at java.lang.Object.wait(java.base@21.0.11/Object.java:366)
	at java.lang.Object.wait(java.base@21.0.11/Object.java:339)
	at boxOfActin.Barrier.threadDone(Barrier.java:49)
	- locked <0x00000003e6b58418> (a java.lang.Object)
	at boxOfActin.ThreadSet.done(ThreadSet.java:54)
	at boxOfActin.ThreadSet$ThreadSpawn.run(ThreadSet.java:38)

"Thread-191" #233 [1076711] daemon prio=5 os_prio=0 cpu=0.04ms elapsed=191.08s tid=0x00007f918831fd20 nid=1076711 in Object.wait()  [0x00007f8f049fe000]
   java.lang.Thread.State: WAITING (on object monitor)
	at java.lang.Object.wait0(java.base@21.0.11/Native Method)
	- waiting on <no object reference available>
	at java.lang.Object.wait(java.base@21.0.11/Object.java:366)
	at java.lang.Object.wait(java.base@21.0.11/Object.java:339)
	at boxOfActin.Barrier.threadDone(Barrier.java:49)
	- locked <0x00000003e6b58418> (a java.lang.Object)
	at boxOfActin.ThreadSet.done(ThreadSet.java:54)
	at boxOfActin.ThreadSet$ThreadSpawn.run(ThreadSet.java:38)

"Thread-192" #234 [1076712] daemon prio=5 os_prio=0 cpu=0.09ms elapsed=191.08s tid=0x00007f91883217d0 nid=1076712 in Object.wait()  [0x00007f8f048fe000]
   java.lang.Thread.State: WAITING (on object monitor)
	at java.lang.Object.wait0(java.base@21.0.11/Native Method)
	- waiting on <no object reference available>
	at java.lang.Object.wait(java.base@21.0.11/Object.java:366)
	at java.lang.Object.wait(java.base@21.0.11/Object.java:339)
	at boxOfActin.Barrier.threadDone(Barrier.java:49)
	- locked <0x00000003e6f29e08> (a java.lang.Object)
	at boxOfActin.ThreadSet.done(ThreadSet.java:54)
	at boxOfActin.ThreadSet$ThreadSpawn.run(ThreadSet.java:38)

"Thread-193" #235 [1076713] daemon prio=5 os_prio=0 cpu=0.07ms elapsed=191.08s tid=0x00007f91883232f0 nid=1076713 in Object.wait()  [0x00007f8f047fe000]
   java.lang.Thread.State: WAITING (on object monitor)
	at java.lang.Object.wait0(java.base@21.0.11/Native Method)
	- waiting on <no object reference available>
	at java.lang.Object.wait(java.base@21.0.11/Object.java:366)
	at java.lang.Object.wait(java.base@21.0.11/Object.java:339)
	at boxOfActin.Barrier.threadDone(Barrier.java:49)
	- locked <0x00000003e6f29e08> (a java.lang.Object)
	at boxOfActin.ThreadSet.done(ThreadSet.java:54)
	at boxOfActin.ThreadSet$ThreadSpawn.run(ThreadSet.java:38)

"Thread-194" #236 [1076714] daemon prio=5 os_prio=0 cpu=0.10ms elapsed=191.08s tid=0x00007f9188324540 nid=1076714 in Object.wait()  [0x00007f8f046fe000]
   java.lang.Thread.State: WAITING (on object monitor)
	at java.lang.Object.wait0(java.base@21.0.11/Native Method)
	- waiting on <no object reference available>
	at java.lang.Object.wait(java.base@21.0.11/Object.java:366)
	at java.lang.Object.wait(java.base@21.0.11/Object.java:339)
	at boxOfActin.Barrier.threadDone(Barrier.java:49)
	- locked <0x00000003e6f29e08> (a java.lang.Object)
	at boxOfActin.ThreadSet.done(ThreadSet.java:54)
	at boxOfActin.ThreadSet$ThreadSpawn.run(ThreadSet.java:38)

"Thread-195" #237 [1076715] daemon prio=5 os_prio=0 cpu=0.05ms elapsed=191.08s tid=0x00007f9188325af0 nid=1076715 in Object.wait()  [0x00007f8f045fe000]
   java.lang.Thread.State: WAITING (on object monitor)
	at java.lang.Object.wait0(java.base@21.0.11/Native Method)
	- waiting on <no object reference available>
	at java.lang.Object.wait(java.base@21.0.11/Object.java:366)
	at java.lang.Object.wait(java.base@21.0.11/Object.java:339)
	at boxOfActin.Barrier.threadDone(Barrier.java:49)
	- locked <0x00000003e6f29e08> (a java.lang.Object)
	at boxOfActin.ThreadSet.done(ThreadSet.java:54)
	at boxOfActin.ThreadSet$ThreadSpawn.run(ThreadSet.java:38)

"Thread-196" #238 [1076716] daemon prio=5 os_prio=0 cpu=0.05ms elapsed=191.08s tid=0x00007f91883a12b0 nid=1076716 in Object.wait()  [0x00007f8f044fe000]
   java.lang.Thread.State: WAITING (on object monitor)
	at java.lang.Object.wait0(java.base@21.0.11/Native Method)
	- waiting on <no object reference available>
	at java.lang.Object.wait(java.base@21.0.11/Object.java:366)
	at java.lang.Object.wait(java.base@21.0.11/Object.java:339)
	at boxOfActin.Barrier.threadDone(Barrier.java:49)
	- locked <0x00000003e6f29e08> (a java.lang.Object)
	at boxOfActin.ThreadSet.done(ThreadSet.java:54)
	at boxOfActin.ThreadSet$ThreadSpawn.run(ThreadSet.java:38)

"Thread-197" #239 [1076717] daemon prio=5 os_prio=0 cpu=0.04ms elapsed=191.08s tid=0x00007f91883a2450 nid=1076717 in Object.wait()  [0x00007f8f043fe000]
   java.lang.Thread.State: WAITING (on object monitor)
	at java.lang.Object.wait0(java.base@21.0.11/Native Method)
	- waiting on <no object reference available>
	at java.lang.Object.wait(java.base@21.0.11/Object.java:366)
	at java.lang.Object.wait(java.base@21.0.11/Object.java:339)
	at boxOfActin.Barrier.threadDone(Barrier.java:49)
	- locked <0x00000003e6f29e08> (a java.lang.Object)
	at boxOfActin.ThreadSet.done(ThreadSet.java:54)
	at boxOfActin.ThreadSet$ThreadSpawn.run(ThreadSet.java:38)

"Thread-198" #240 [1076718] daemon prio=5 os_prio=0 cpu=0.04ms elapsed=191.08s tid=0x00007f91883a39f0 nid=1076718 in Object.wait()  [0x00007f8f042fe000]
   java.lang.Thread.State: WAITING (on object monitor)
	at java.lang.Object.wait0(java.base@21.0.11/Native Method)
	- waiting on <no object reference available>
	at java.lang.Object.wait(java.base@21.0.11/Object.java:366)
	at java.lang.Object.wait(java.base@21.0.11/Object.java:339)
	at boxOfActin.Barrier.threadDone(Barrier.java:49)
	- locked <0x00000003e6f29e08> (a java.lang.Object)
	at boxOfActin.ThreadSet.done(ThreadSet.java:54)
	at boxOfActin.ThreadSet$ThreadSpawn.run(ThreadSet.java:38)

"Thread-199" #241 [1076719] daemon prio=5 os_prio=0 cpu=0.05ms elapsed=191.08s tid=0x00007f91883a5220 nid=1076719 in Object.wait()  [0x00007f8f041fe000]
   java.lang.Thread.State: WAITING (on object monitor)
	at java.lang.Object.wait0(java.base@21.0.11/Native Method)
	- waiting on <no object reference available>
	at java.lang.Object.wait(java.base@21.0.11/Object.java:366)
	at java.lang.Object.wait(java.base@21.0.11/Object.java:339)
	at boxOfActin.Barrier.threadDone(Barrier.java:49)
	- locked <0x00000003e6f29e08> (a java.lang.Object)
	at boxOfActin.ThreadSet.done(ThreadSet.java:54)
	at boxOfActin.ThreadSet$ThreadSpawn.run(ThreadSet.java:38)

"Thread-200" #242 [1076720] daemon prio=5 os_prio=0 cpu=0.05ms elapsed=191.08s tid=0x00007f91883a67d0 nid=1076720 in Object.wait()  [0x00007f8f040fe000]
   java.lang.Thread.State: WAITING (on object monitor)
	at java.lang.Object.wait0(java.base@21.0.11/Native Method)
	- waiting on <no object reference available>
	at java.lang.Object.wait(java.base@21.0.11/Object.java:366)
	at java.lang.Object.wait(java.base@21.0.11/Object.java:339)
	at boxOfActin.Barrier.threadDone(Barrier.java:49)
	- locked <0x00000003e6f29e08> (a java.lang.Object)
	at boxOfActin.ThreadSet.done(ThreadSet.java:54)
	at boxOfActin.ThreadSet$ThreadSpawn.run(ThreadSet.java:38)

"Thread-201" #243 [1076721] daemon prio=5 os_prio=0 cpu=0.04ms elapsed=191.08s tid=0x00007f91883a7d70 nid=1076721 in Object.wait()  [0x00007f8effffe000]
   java.lang.Thread.State: WAITING (on object monitor)
	at java.lang.Object.wait0(java.base@21.0.11/Native Method)
	- waiting on <no object reference available>
	at java.lang.Object.wait(java.base@21.0.11/Object.java:366)
	at java.lang.Object.wait(java.base@21.0.11/Object.java:339)
	at boxOfActin.Barrier.threadDone(Barrier.java:49)
	- locked <0x00000003e6f29e08> (a java.lang.Object)
	at boxOfActin.ThreadSet.done(ThreadSet.java:54)
	at boxOfActin.ThreadSet$ThreadSpawn.run(ThreadSet.java:38)

"Thread-202" #244 [1076722] daemon prio=5 os_prio=0 cpu=0.05ms elapsed=191.08s tid=0x00007f91883a9310 nid=1076722 in Object.wait()  [0x00007f8effefe000]
   java.lang.Thread.State: WAITING (on object monitor)
	at java.lang.Object.wait0(java.base@21.0.11/Native Method)
	- waiting on <no object reference available>
	at java.lang.Object.wait(java.base@21.0.11/Object.java:366)
	at java.lang.Object.wait(java.base@21.0.11/Object.java:339)
	at boxOfActin.Barrier.threadDone(Barrier.java:49)
	- locked <0x00000003e6f29e08> (a java.lang.Object)
	at boxOfActin.ThreadSet.done(ThreadSet.java:54)
	at boxOfActin.ThreadSet$ThreadSpawn.run(ThreadSet.java:38)

"Thread-203" #245 [1076723] daemon prio=5 os_prio=0 cpu=0.04ms elapsed=191.08s tid=0x00007f91883aa8c0 nid=1076723 in Object.wait()  [0x00007f8effdfe000]
   java.lang.Thread.State: WAITING (on object monitor)
	at java.lang.Object.wait0(java.base@21.0.11/Native Method)
	- waiting on <no object reference available>
	at java.lang.Object.wait(java.base@21.0.11/Object.java:366)
	at java.lang.Object.wait(java.base@21.0.11/Object.java:339)
	at boxOfActin.Barrier.threadDone(Barrier.java:49)
	- locked <0x00000003e6f29e08> (a java.lang.Object)
	at boxOfActin.ThreadSet.done(ThreadSet.java:54)
	at boxOfActin.ThreadSet$ThreadSpawn.run(ThreadSet.java:38)

"Thread-204" #246 [1076724] daemon prio=5 os_prio=0 cpu=0.05ms elapsed=191.08s tid=0x00007f91883abe70 nid=1076724 in Object.wait()  [0x00007f8effcfe000]
   java.lang.Thread.State: WAITING (on object monitor)
	at java.lang.Object.wait0(java.base@21.0.11/Native Method)
	- waiting on <no object reference available>
	at java.lang.Object.wait(java.base@21.0.11/Object.java:366)
	at java.lang.Object.wait(java.base@21.0.11/Object.java:339)
	at boxOfActin.Barrier.threadDone(Barrier.java:49)
	- locked <0x00000003e6f29e08> (a java.lang.Object)
	at boxOfActin.ThreadSet.done(ThreadSet.java:54)
	at boxOfActin.ThreadSet$ThreadSpawn.run(ThreadSet.java:38)

"Thread-205" #247 [1076725] daemon prio=5 os_prio=0 cpu=0.05ms elapsed=191.08s tid=0x00007f91883ad410 nid=1076725 in Object.wait()  [0x00007f8effbfe000]
   java.lang.Thread.State: WAITING (on object monitor)
	at java.lang.Object.wait0(java.base@21.0.11/Native Method)
	- waiting on <no object reference available>
	at java.lang.Object.wait(java.base@21.0.11/Object.java:366)
	at java.lang.Object.wait(java.base@21.0.11/Object.java:339)
	at boxOfActin.Barrier.threadDone(Barrier.java:49)
	- locked <0x00000003e6f29e08> (a java.lang.Object)
	at boxOfActin.ThreadSet.done(ThreadSet.java:54)
	at boxOfActin.ThreadSet$ThreadSpawn.run(ThreadSet.java:38)

"Thread-206" #248 [1076726] daemon prio=5 os_prio=0 cpu=0.05ms elapsed=191.08s tid=0x00007f91883ae5d0 nid=1076726 in Object.wait()  [0x00007f8effafe000]
   java.lang.Thread.State: WAITING (on object monitor)
	at java.lang.Object.wait0(java.base@21.0.11/Native Method)
	- waiting on <no object reference available>
	at java.lang.Object.wait(java.base@21.0.11/Object.java:366)
	at java.lang.Object.wait(java.base@21.0.11/Object.java:339)
	at boxOfActin.Barrier.threadDone(Barrier.java:49)
	- locked <0x00000003e6f29e08> (a java.lang.Object)
	at boxOfActin.ThreadSet.done(ThreadSet.java:54)
	at boxOfActin.ThreadSet$ThreadSpawn.run(ThreadSet.java:38)

"Thread-207" #249 [1076727] daemon prio=5 os_prio=0 cpu=0.04ms elapsed=191.08s tid=0x00007f91883af780 nid=1076727 in Object.wait()  [0x00007f8eff9fe000]
   java.lang.Thread.State: WAITING (on object monitor)
	at java.lang.Object.wait0(java.base@21.0.11/Native Method)
	- waiting on <no object reference available>
	at java.lang.Object.wait(java.base@21.0.11/Object.java:366)
	at java.lang.Object.wait(java.base@21.0.11/Object.java:339)
	at boxOfActin.Barrier.threadDone(Barrier.java:49)
	- locked <0x00000003e6f29e08> (a java.lang.Object)
	at boxOfActin.ThreadSet.done(ThreadSet.java:54)
	at boxOfActin.ThreadSet$ThreadSpawn.run(ThreadSet.java:38)

"Thread-208" #250 [1076728] daemon prio=5 os_prio=0 cpu=0.09ms elapsed=191.08s tid=0x00007f91883b13f0 nid=1076728 in Object.wait()  [0x00007f8eff8fe000]
   java.lang.Thread.State: WAITING (on object monitor)
	at java.lang.Object.wait0(java.base@21.0.11/Native Method)
	- waiting on <no object reference available>
	at java.lang.Object.wait(java.base@21.0.11/Object.java:366)
	at java.lang.Object.wait(java.base@21.0.11/Object.java:339)
	at boxOfActin.Barrier.threadDone(Barrier.java:49)
	- locked <0x00000003e6f2b8c8> (a java.lang.Object)
	at boxOfActin.ThreadSet.done(ThreadSet.java:54)
	at boxOfActin.ThreadSet$ThreadSpawn.run(ThreadSet.java:38)

"Thread-209" #251 [1076729] daemon prio=5 os_prio=0 cpu=0.06ms elapsed=191.08s tid=0x00007f91883b27f0 nid=1076729 in Object.wait()  [0x00007f8eff7fe000]
   java.lang.Thread.State: WAITING (on object monitor)
	at java.lang.Object.wait0(java.base@21.0.11/Native Method)
	- waiting on <no object reference available>
	at java.lang.Object.wait(java.base@21.0.11/Object.java:366)
	at java.lang.Object.wait(java.base@21.0.11/Object.java:339)
	at boxOfActin.Barrier.threadDone(Barrier.java:49)
	- locked <0x00000003e6f2b8c8> (a java.lang.Object)
	at boxOfActin.ThreadSet.done(ThreadSet.java:54)
	at boxOfActin.ThreadSet$ThreadSpawn.run(ThreadSet.java:38)

"Thread-210" #252 [1076730] daemon prio=5 os_prio=0 cpu=0.09ms elapsed=191.08s tid=0x00007f91883b3ad0 nid=1076730 in Object.wait()  [0x00007f8eff6fe000]
   java.lang.Thread.State: WAITING (on object monitor)
	at java.lang.Object.wait0(java.base@21.0.11/Native Method)
	- waiting on <no object reference available>
	at java.lang.Object.wait(java.base@21.0.11/Object.java:366)
	at java.lang.Object.wait(java.base@21.0.11/Object.java:339)
	at boxOfActin.Barrier.threadDone(Barrier.java:49)
	- locked <0x00000003e6f2b8c8> (a java.lang.Object)
	at boxOfActin.ThreadSet.done(ThreadSet.java:54)
	at boxOfActin.ThreadSet$ThreadSpawn.run(ThreadSet.java:38)

"Thread-211" #253 [1076731] daemon prio=5 os_prio=0 cpu=0.16ms elapsed=191.08s tid=0x00007f91883b4bb0 nid=1076731 in Object.wait()  [0x00007f8eff5fe000]
   java.lang.Thread.State: WAITING (on object monitor)
	at java.lang.Object.wait0(java.base@21.0.11/Native Method)
	- waiting on <no object reference available>
	at java.lang.Object.wait(java.base@21.0.11/Object.java:366)
	at java.lang.Object.wait(java.base@21.0.11/Object.java:339)
	at boxOfActin.Barrier.threadDone(Barrier.java:49)
	- locked <0x00000003e6f2b8c8> (a java.lang.Object)
	at boxOfActin.ThreadSet.done(ThreadSet.java:54)
	at boxOfActin.ThreadSet$ThreadSpawn.run(ThreadSet.java:38)

"Thread-212" #254 [1076732] daemon prio=5 os_prio=0 cpu=0.10ms elapsed=191.08s tid=0x00007f91883b7320 nid=1076732 in Object.wait()  [0x00007f8eff4fe000]
   java.lang.Thread.State: WAITING (on object monitor)
	at java.lang.Object.wait0(java.base@21.0.11/Native Method)
	- waiting on <no object reference available>
	at java.lang.Object.wait(java.base@21.0.11/Object.java:366)
	at java.lang.Object.wait(java.base@21.0.11/Object.java:339)
	at boxOfActin.Barrier.threadDone(Barrier.java:49)
	- locked <0x00000003e6f2b8c8> (a java.lang.Object)
	at boxOfActin.ThreadSet.done(ThreadSet.java:54)
	at boxOfActin.ThreadSet$ThreadSpawn.run(ThreadSet.java:38)

"Thread-213" #255 [1076733] daemon prio=5 os_prio=0 cpu=0.08ms elapsed=191.08s tid=0x00007f91883b86f0 nid=1076733 in Object.wait()  [0x00007f8eff3fe000]
   java.lang.Thread.State: WAITING (on object monitor)
	at java.lang.Object.wait0(java.base@21.0.11/Native Method)
	- waiting on <no object reference available>
	at java.lang.Object.wait(java.base@21.0.11/Object.java:366)
	at java.lang.Object.wait(java.base@21.0.11/Object.java:339)
	at boxOfActin.Barrier.threadDone(Barrier.java:49)
	- locked <0x00000003e6f2b8c8> (a java.lang.Object)
	at boxOfActin.ThreadSet.done(ThreadSet.java:54)
	at boxOfActin.ThreadSet$ThreadSpawn.run(ThreadSet.java:38)

"Thread-214" #256 [1076734] daemon prio=5 os_prio=0 cpu=0.05ms elapsed=191.08s tid=0x00007f91883b7fe0 nid=1076734 in Object.wait()  [0x00007f8eff2fe000]
   java.lang.Thread.State: WAITING (on object monitor)
	at java.lang.Object.wait0(java.base@21.0.11/Native Method)
	- waiting on <no object reference available>
	at java.lang.Object.wait(java.base@21.0.11/Object.java:366)
	at java.lang.Object.wait(java.base@21.0.11/Object.java:339)
	at boxOfActin.Barrier.threadDone(Barrier.java:49)
	- locked <0x00000003e6f2b8c8> (a java.lang.Object)
	at boxOfActin.ThreadSet.done(ThreadSet.java:54)
	at boxOfActin.ThreadSet$ThreadSpawn.run(ThreadSet.java:38)

"Thread-215" #257 [1076735] daemon prio=5 os_prio=0 cpu=0.09ms elapsed=191.08s tid=0x00007f91883b9570 nid=1076735 in Object.wait()  [0x00007f8eff1fe000]
   java.lang.Thread.State: WAITING (on object monitor)
	at java.lang.Object.wait0(java.base@21.0.11/Native Method)
	- waiting on <no object reference available>
	at java.lang.Object.wait(java.base@21.0.11/Object.java:366)
	at java.lang.Object.wait(java.base@21.0.11/Object.java:339)
	at boxOfActin.Barrier.threadDone(Barrier.java:49)
	- locked <0x00000003e6f2b8c8> (a java.lang.Object)
	at boxOfActin.ThreadSet.done(ThreadSet.java:54)
	at boxOfActin.ThreadSet$ThreadSpawn.run(ThreadSet.java:38)

"Thread-216" #258 [1076736] daemon prio=5 os_prio=0 cpu=0.04ms elapsed=191.08s tid=0x00007f91883bad80 nid=1076736 in Object.wait()  [0x00007f8eff0fe000]
   java.lang.Thread.State: WAITING (on object monitor)
	at java.lang.Object.wait0(java.base@21.0.11/Native Method)
	- waiting on <no object reference available>
	at java.lang.Object.wait(java.base@21.0.11/Object.java:366)
	at java.lang.Object.wait(java.base@21.0.11/Object.java:339)
	at boxOfActin.Barrier.threadDone(Barrier.java:49)
	- locked <0x00000003e6f2b8c8> (a java.lang.Object)
	at boxOfActin.ThreadSet.done(ThreadSet.java:54)
	at boxOfActin.ThreadSet$ThreadSpawn.run(ThreadSet.java:38)

"Thread-217" #259 [1076737] daemon prio=5 os_prio=0 cpu=0.05ms elapsed=191.08s tid=0x00007f91883bc320 nid=1076737 in Object.wait()  [0x00007f8efeffe000]
   java.lang.Thread.State: WAITING (on object monitor)
	at java.lang.Object.wait0(java.base@21.0.11/Native Method)
	- waiting on <no object reference available>
	at java.lang.Object.wait(java.base@21.0.11/Object.java:366)
	at java.lang.Object.wait(java.base@21.0.11/Object.java:339)
	at boxOfActin.Barrier.threadDone(Barrier.java:49)
	- locked <0x00000003e6f2b8c8> (a java.lang.Object)
	at boxOfActin.ThreadSet.done(ThreadSet.java:54)
	at boxOfActin.ThreadSet$ThreadSpawn.run(ThreadSet.java:38)

"Thread-218" #260 [1076738] daemon prio=5 os_prio=0 cpu=0.05ms elapsed=191.08s tid=0x00007f91883bd8c0 nid=1076738 in Object.wait()  [0x00007f8efeefe000]
   java.lang.Thread.State: WAITING (on object monitor)
	at java.lang.Object.wait0(java.base@21.0.11/Native Method)
	- waiting on <no object reference available>
	at java.lang.Object.wait(java.base@21.0.11/Object.java:366)
	at java.lang.Object.wait(java.base@21.0.11/Object.java:339)
	at boxOfActin.Barrier.threadDone(Barrier.java:49)
	- locked <0x00000003e6f2b8c8> (a java.lang.Object)
	at boxOfActin.ThreadSet.done(ThreadSet.java:54)
	at boxOfActin.ThreadSet$ThreadSpawn.run(ThreadSet.java:38)

"Thread-219" #261 [1076739] daemon prio=5 os_prio=0 cpu=0.05ms elapsed=191.08s tid=0x00007f91883bee70 nid=1076739 in Object.wait()  [0x00007f8efedfe000]
   java.lang.Thread.State: WAITING (on object monitor)
	at java.lang.Object.wait0(java.base@21.0.11/Native Method)
	- waiting on <no object reference available>
	at java.lang.Object.wait(java.base@21.0.11/Object.java:366)
	at java.lang.Object.wait(java.base@21.0.11/Object.java:339)
	at boxOfActin.Barrier.threadDone(Barrier.java:49)
	- locked <0x00000003e6f2b8c8> (a java.lang.Object)
	at boxOfActin.ThreadSet.done(ThreadSet.java:54)
	at boxOfActin.ThreadSet$ThreadSpawn.run(ThreadSet.java:38)

"Thread-220" #262 [1076740] daemon prio=5 os_prio=0 cpu=0.04ms elapsed=191.08s tid=0x00007f91883c0400 nid=1076740 in Object.wait()  [0x00007f8efecfe000]
   java.lang.Thread.State: WAITING (on object monitor)
	at java.lang.Object.wait0(java.base@21.0.11/Native Method)
	- waiting on <no object reference available>
	at java.lang.Object.wait(java.base@21.0.11/Object.java:366)
	at java.lang.Object.wait(java.base@21.0.11/Object.java:339)
	at boxOfActin.Barrier.threadDone(Barrier.java:49)
	- locked <0x00000003e6f2b8c8> (a java.lang.Object)
	at boxOfActin.ThreadSet.done(ThreadSet.java:54)
	at boxOfActin.ThreadSet$ThreadSpawn.run(ThreadSet.java:38)

"Thread-221" #263 [1076741] daemon prio=5 os_prio=0 cpu=0.06ms elapsed=191.08s tid=0x00007f91883c19a0 nid=1076741 in Object.wait()  [0x00007f8efebfe000]
   java.lang.Thread.State: WAITING (on object monitor)
	at java.lang.Object.wait0(java.base@21.0.11/Native Method)
	- waiting on <no object reference available>
	at java.lang.Object.wait(java.base@21.0.11/Object.java:366)
	at java.lang.Object.wait(java.base@21.0.11/Object.java:339)
	at boxOfActin.Barrier.threadDone(Barrier.java:49)
	- locked <0x00000003e6f2b8c8> (a java.lang.Object)
	at boxOfActin.ThreadSet.done(ThreadSet.java:54)
	at boxOfActin.ThreadSet$ThreadSpawn.run(ThreadSet.java:38)

"Thread-222" #264 [1076742] daemon prio=5 os_prio=0 cpu=0.07ms elapsed=191.08s tid=0x00007f91883c2f40 nid=1076742 in Object.wait()  [0x00007f8efeafe000]
   java.lang.Thread.State: WAITING (on object monitor)
	at java.lang.Object.wait0(java.base@21.0.11/Native Method)
	- waiting on <no object reference available>
	at java.lang.Object.wait(java.base@21.0.11/Object.java:366)
	at java.lang.Object.wait(java.base@21.0.11/Object.java:339)
	at boxOfActin.Barrier.threadDone(Barrier.java:49)
	- locked <0x00000003e6f2b8c8> (a java.lang.Object)
	at boxOfActin.ThreadSet.done(ThreadSet.java:54)
	at boxOfActin.ThreadSet$ThreadSpawn.run(ThreadSet.java:38)

"Thread-223" #265 [1076743] daemon prio=5 os_prio=0 cpu=0.05ms elapsed=191.08s tid=0x00007f91883c44f0 nid=1076743 in Object.wait()  [0x00007f8efe9fe000]
   java.lang.Thread.State: WAITING (on object monitor)
	at java.lang.Object.wait0(java.base@21.0.11/Native Method)
	- waiting on <no object reference available>
	at java.lang.Object.wait(java.base@21.0.11/Object.java:366)
	at java.lang.Object.wait(java.base@21.0.11/Object.java:339)
	at boxOfActin.Barrier.threadDone(Barrier.java:49)
	- locked <0x00000003e6f2b8c8> (a java.lang.Object)
	at boxOfActin.ThreadSet.done(ThreadSet.java:54)
	at boxOfActin.ThreadSet$ThreadSpawn.run(ThreadSet.java:38)

"Thread-224" #266 [1076744] daemon prio=5 os_prio=0 cpu=0.05ms elapsed=191.08s tid=0x00007f91883c83f0 nid=1076744 in Object.wait()  [0x00007f8efe8fe000]
   java.lang.Thread.State: WAITING (on object monitor)
	at java.lang.Object.wait0(java.base@21.0.11/Native Method)
	- waiting on <no object reference available>
	at java.lang.Object.wait(java.base@21.0.11/Object.java:366)
	at java.lang.Object.wait(java.base@21.0.11/Object.java:339)
	at boxOfActin.Barrier.threadDone(Barrier.java:49)
	- locked <0x00000003e6f40f48> (a java.lang.Object)
	at boxOfActin.ThreadSet.done(ThreadSet.java:54)
	at boxOfActin.ThreadSet$ThreadSpawn.run(ThreadSet.java:38)

"Thread-225" #267 [1076745] daemon prio=5 os_prio=0 cpu=0.07ms elapsed=191.08s tid=0x00007f91883c7720 nid=1076745 in Object.wait()  [0x00007f8efe7fe000]
   java.lang.Thread.State: WAITING (on object monitor)
	at java.lang.Object.wait0(java.base@21.0.11/Native Method)
	- waiting on <no object reference available>
	at java.lang.Object.wait(java.base@21.0.11/Object.java:366)
	at java.lang.Object.wait(java.base@21.0.11/Object.java:339)
	at boxOfActin.Barrier.threadDone(Barrier.java:49)
	- locked <0x00000003e6f40f48> (a java.lang.Object)
	at boxOfActin.ThreadSet.done(ThreadSet.java:54)
	at boxOfActin.ThreadSet$ThreadSpawn.run(ThreadSet.java:38)

"Thread-226" #268 [1076746] daemon prio=5 os_prio=0 cpu=0.05ms elapsed=191.08s tid=0x00007f91883c9520 nid=1076746 in Object.wait()  [0x00007f8efe6fe000]
   java.lang.Thread.State: WAITING (on object monitor)
	at java.lang.Object.wait0(java.base@21.0.11/Native Method)
	- waiting on <no object reference available>
	at java.lang.Object.wait(java.base@21.0.11/Object.java:366)
	at java.lang.Object.wait(java.base@21.0.11/Object.java:339)
	at boxOfActin.Barrier.threadDone(Barrier.java:49)
	- locked <0x00000003e6f40f48> (a java.lang.Object)
	at boxOfActin.ThreadSet.done(ThreadSet.java:54)
	at boxOfActin.ThreadSet$ThreadSpawn.run(ThreadSet.java:38)

"Thread-227" #269 [1076747] daemon prio=5 os_prio=0 cpu=0.09ms elapsed=191.08s tid=0x00007f91883cb1b0 nid=1076747 in Object.wait()  [0x00007f8efe5fe000]
   java.lang.Thread.State: WAITING (on object monitor)
	at java.lang.Object.wait0(java.base@21.0.11/Native Method)
	- waiting on <no object reference available>
	at java.lang.Object.wait(java.base@21.0.11/Object.java:366)
	at java.lang.Object.wait(java.base@21.0.11/Object.java:339)
	at boxOfActin.Barrier.threadDone(Barrier.java:49)
	- locked <0x00000003e6f40f48> (a java.lang.Object)
	at boxOfActin.ThreadSet.done(ThreadSet.java:54)
	at boxOfActin.ThreadSet$ThreadSpawn.run(ThreadSet.java:38)

"Thread-228" #270 [1076748] daemon prio=5 os_prio=0 cpu=0.04ms elapsed=191.08s tid=0x00007f91883cbee0 nid=1076748 in Object.wait()  [0x00007f8efe4fe000]
   java.lang.Thread.State: WAITING (on object monitor)
	at java.lang.Object.wait0(java.base@21.0.11/Native Method)
	- waiting on <no object reference available>
	at java.lang.Object.wait(java.base@21.0.11/Object.java:366)
	at java.lang.Object.wait(java.base@21.0.11/Object.java:339)
	at boxOfActin.Barrier.threadDone(Barrier.java:49)
	- locked <0x00000003e6f40f48> (a java.lang.Object)
	at boxOfActin.ThreadSet.done(ThreadSet.java:54)
	at boxOfActin.ThreadSet$ThreadSpawn.run(ThreadSet.java:38)

"Thread-229" #271 [1076749] daemon prio=5 os_prio=0 cpu=0.07ms elapsed=191.08s tid=0x00007f91883cd480 nid=1076749 in Object.wait()  [0x00007f8efe3fe000]
   java.lang.Thread.State: WAITING (on object monitor)
	at java.lang.Object.wait0(java.base@21.0.11/Native Method)
	- waiting on <no object reference available>
	at java.lang.Object.wait(java.base@21.0.11/Object.java:366)
	at java.lang.Object.wait(java.base@21.0.11/Object.java:339)
	at boxOfActin.Barrier.threadDone(Barrier.java:49)
	- locked <0x00000003e6f40f48> (a java.lang.Object)
	at boxOfActin.ThreadSet.done(ThreadSet.java:54)
	at boxOfActin.ThreadSet$ThreadSpawn.run(ThreadSet.java:38)

"Thread-230" #272 [1076750] daemon prio=5 os_prio=0 cpu=0.06ms elapsed=191.08s tid=0x00007f91883cea20 nid=1076750 in Object.wait()  [0x00007f8efe2fe000]
   java.lang.Thread.State: WAITING (on object monitor)
	at java.lang.Object.wait0(java.base@21.0.11/Native Method)
	- waiting on <no object reference available>
	at java.lang.Object.wait(java.base@21.0.11/Object.java:366)
	at java.lang.Object.wait(java.base@21.0.11/Object.java:339)
	at boxOfActin.Barrier.threadDone(Barrier.java:49)
	- locked <0x00000003e6f40f48> (a java.lang.Object)
	at boxOfActin.ThreadSet.done(ThreadSet.java:54)
	at boxOfActin.ThreadSet$ThreadSpawn.run(ThreadSet.java:38)

"Thread-231" #273 [1076751] daemon prio=5 os_prio=0 cpu=0.13ms elapsed=191.08s tid=0x00007f91883cffd0 nid=1076751 in Object.wait()  [0x00007f8efe1fe000]
   java.lang.Thread.State: WAITING (on object monitor)
	at java.lang.Object.wait0(java.base@21.0.11/Native Method)
	- waiting on <no object reference available>
	at java.lang.Object.wait(java.base@21.0.11/Object.java:366)
	at java.lang.Object.wait(java.base@21.0.11/Object.java:339)
	at boxOfActin.Barrier.threadDone(Barrier.java:49)
	- locked <0x00000003e6f40f48> (a java.lang.Object)
	at boxOfActin.ThreadSet.done(ThreadSet.java:54)
	at boxOfActin.ThreadSet$ThreadSpawn.run(ThreadSet.java:38)

"Thread-232" #274 [1076752] daemon prio=5 os_prio=0 cpu=0.07ms elapsed=191.08s tid=0x00007f91883d17e0 nid=1076752 in Object.wait()  [0x00007f8efe0fe000]
   java.lang.Thread.State: WAITING (on object monitor)
	at java.lang.Object.wait0(java.base@21.0.11/Native Method)
	- waiting on <no object reference available>
	at java.lang.Object.wait(java.base@21.0.11/Object.java:366)
	at java.lang.Object.wait(java.base@21.0.11/Object.java:339)
	at boxOfActin.Barrier.threadDone(Barrier.java:49)
	- locked <0x00000003e6f40f48> (a java.lang.Object)
	at boxOfActin.ThreadSet.done(ThreadSet.java:54)
	at boxOfActin.ThreadSet$ThreadSpawn.run(ThreadSet.java:38)

"Thread-233" #275 [1076753] daemon prio=5 os_prio=0 cpu=0.11ms elapsed=191.08s tid=0x00007f91883d2d80 nid=1076753 in Object.wait()  [0x00007f8efdffe000]
   java.lang.Thread.State: WAITING (on object monitor)
	at java.lang.Object.wait0(java.base@21.0.11/Native Method)
	- waiting on <no object reference available>
	at java.lang.Object.wait(java.base@21.0.11/Object.java:366)
	at java.lang.Object.wait(java.base@21.0.11/Object.java:339)
	at boxOfActin.Barrier.threadDone(Barrier.java:49)
	- locked <0x00000003e6f40f48> (a java.lang.Object)
	at boxOfActin.ThreadSet.done(ThreadSet.java:54)
	at boxOfActin.ThreadSet$ThreadSpawn.run(ThreadSet.java:38)

"Thread-234" #276 [1076754] daemon prio=5 os_prio=0 cpu=0.07ms elapsed=191.08s tid=0x00007f91883d4320 nid=1076754 in Object.wait()  [0x00007f8efdefe000]
   java.lang.Thread.State: WAITING (on object monitor)
	at java.lang.Object.wait0(java.base@21.0.11/Native Method)
	- waiting on <no object reference available>
	at java.lang.Object.wait(java.base@21.0.11/Object.java:366)
	at java.lang.Object.wait(java.base@21.0.11/Object.java:339)
	at boxOfActin.Barrier.threadDone(Barrier.java:49)
	- locked <0x00000003e6f40f48> (a java.lang.Object)
	at boxOfActin.ThreadSet.done(ThreadSet.java:54)
	at boxOfActin.ThreadSet$ThreadSpawn.run(ThreadSet.java:38)

"Thread-235" #277 [1076755] daemon prio=5 os_prio=0 cpu=0.11ms elapsed=191.08s tid=0x00007f91883d58d0 nid=1076755 in Object.wait()  [0x00007f8efddfe000]
   java.lang.Thread.State: WAITING (on object monitor)
	at java.lang.Object.wait0(java.base@21.0.11/Native Method)
	- waiting on <no object reference available>
	at java.lang.Object.wait(java.base@21.0.11/Object.java:366)
	at java.lang.Object.wait(java.base@21.0.11/Object.java:339)
	at boxOfActin.Barrier.threadDone(Barrier.java:49)
	- locked <0x00000003e6f40f48> (a java.lang.Object)
	at boxOfActin.ThreadSet.done(ThreadSet.java:54)
	at boxOfActin.ThreadSet$ThreadSpawn.run(ThreadSet.java:38)

"Thread-236" #278 [1076756] daemon prio=5 os_prio=0 cpu=0.07ms elapsed=191.08s tid=0x00007f91883d6e60 nid=1076756 in Object.wait()  [0x00007f8efdcfe000]
   java.lang.Thread.State: WAITING (on object monitor)
	at java.lang.Object.wait0(java.base@21.0.11/Native Method)
	- waiting on <no object reference available>
	at java.lang.Object.wait(java.base@21.0.11/Object.java:366)
	at java.lang.Object.wait(java.base@21.0.11/Object.java:339)
	at boxOfActin.Barrier.threadDone(Barrier.java:49)
	- locked <0x00000003e6f40f48> (a java.lang.Object)
	at boxOfActin.ThreadSet.done(ThreadSet.java:54)
	at boxOfActin.ThreadSet$ThreadSpawn.run(ThreadSet.java:38)

"Thread-237" #279 [1076757] daemon prio=5 os_prio=0 cpu=0.11ms elapsed=191.08s tid=0x00007f91883d8400 nid=1076757 in Object.wait()  [0x00007f8efdbfe000]
   java.lang.Thread.State: WAITING (on object monitor)
	at java.lang.Object.wait0(java.base@21.0.11/Native Method)
	- waiting on <no object reference available>
	at java.lang.Object.wait(java.base@21.0.11/Object.java:366)
	at java.lang.Object.wait(java.base@21.0.11/Object.java:339)
	at boxOfActin.Barrier.threadDone(Barrier.java:49)
	- locked <0x00000003e6f40f48> (a java.lang.Object)
	at boxOfActin.ThreadSet.done(ThreadSet.java:54)
	at boxOfActin.ThreadSet$ThreadSpawn.run(ThreadSet.java:38)

"Thread-238" #280 [1076758] daemon prio=5 os_prio=0 cpu=0.07ms elapsed=191.08s tid=0x00007f91883d99a0 nid=1076758 in Object.wait()  [0x00007f8efdafe000]
   java.lang.Thread.State: WAITING (on object monitor)
	at java.lang.Object.wait0(java.base@21.0.11/Native Method)
	- waiting on <no object reference available>
	at java.lang.Object.wait(java.base@21.0.11/Object.java:366)
	at java.lang.Object.wait(java.base@21.0.11/Object.java:339)
	at boxOfActin.Barrier.threadDone(Barrier.java:49)
	- locked <0x00000003e6f40f48> (a java.lang.Object)
	at boxOfActin.ThreadSet.done(ThreadSet.java:54)
	at boxOfActin.ThreadSet$ThreadSpawn.run(ThreadSet.java:38)

"Thread-239" #281 [1076759] daemon prio=5 os_prio=0 cpu=0.09ms elapsed=191.08s tid=0x00007f91883daf50 nid=1076759 in Object.wait()  [0x00007f8efd9fe000]
   java.lang.Thread.State: WAITING (on object monitor)
	at java.lang.Object.wait0(java.base@21.0.11/Native Method)
	- waiting on <no object reference available>
	at java.lang.Object.wait(java.base@21.0.11/Object.java:366)
	at java.lang.Object.wait(java.base@21.0.11/Object.java:339)
	at boxOfActin.Barrier.threadDone(Barrier.java:49)
	- locked <0x00000003e6f40f48> (a java.lang.Object)
	at boxOfActin.ThreadSet.done(ThreadSet.java:54)
	at boxOfActin.ThreadSet$ThreadSpawn.run(ThreadSet.java:38)

"Thread-240" #282 [1076760] daemon prio=5 os_prio=0 cpu=599.15ms elapsed=191.08s tid=0x00007f91883de280 nid=1076760 in Object.wait()  [0x00007f8efd8fe000]
   java.lang.Thread.State: WAITING (on object monitor)
	at java.lang.Object.wait0(java.base@21.0.11/Native Method)
	- waiting on <no object reference available>
	at java.lang.Object.wait(java.base@21.0.11/Object.java:366)
	at java.lang.Object.wait(java.base@21.0.11/Object.java:339)
	at boxOfActin.Barrier.threadDone(Barrier.java:49)
	- locked <0x00000003e6f427f0> (a java.lang.Object)
	at boxOfActin.ThreadSet.done(ThreadSet.java:54)
	at boxOfActin.ThreadSet$ThreadSpawn.run(ThreadSet.java:41)

"Thread-241" #283 [1076761] daemon prio=5 os_prio=0 cpu=601.20ms elapsed=191.08s tid=0x00007f91883dda80 nid=1076761 in Object.wait()  [0x00007f8efd7fe000]
   java.lang.Thread.State: WAITING (on object monitor)
	at java.lang.Object.wait0(java.base@21.0.11/Native Method)
	- waiting on <no object reference available>
	at java.lang.Object.wait(java.base@21.0.11/Object.java:366)
	at java.lang.Object.wait(java.base@21.0.11/Object.java:339)
	at boxOfActin.Barrier.threadDone(Barrier.java:49)
	- locked <0x00000003e6f427f0> (a java.lang.Object)
	at boxOfActin.ThreadSet.done(ThreadSet.java:54)
	at boxOfActin.ThreadSet$ThreadSpawn.run(ThreadSet.java:41)

"Thread-242" #284 [1076762] daemon prio=5 os_prio=0 cpu=588.68ms elapsed=191.08s tid=0x00007f91883df1c0 nid=1076762 in Object.wait()  [0x00007f8efd6fe000]
   java.lang.Thread.State: WAITING (on object monitor)
	at java.lang.Object.wait0(java.base@21.0.11/Native Method)
	- waiting on <no object reference available>
	at java.lang.Object.wait(java.base@21.0.11/Object.java:366)
	at java.lang.Object.wait(java.base@21.0.11/Object.java:339)
	at boxOfActin.Barrier.threadDone(Barrier.java:49)
	- locked <0x00000003e6f427f0> (a java.lang.Object)
	at boxOfActin.ThreadSet.done(ThreadSet.java:54)
	at boxOfActin.ThreadSet$ThreadSpawn.run(ThreadSet.java:41)

"Thread-243" #285 [1076763] daemon prio=5 os_prio=0 cpu=568.60ms elapsed=191.08s tid=0x00007f91883e0770 nid=1076763 in Object.wait()  [0x00007f8efd5fe000]
   java.lang.Thread.State: WAITING (on object monitor)
	at java.lang.Object.wait0(java.base@21.0.11/Native Method)
	- waiting on <no object reference available>
	at java.lang.Object.wait(java.base@21.0.11/Object.java:366)
	at java.lang.Object.wait(java.base@21.0.11/Object.java:339)
	at boxOfActin.Barrier.threadDone(Barrier.java:49)
	- locked <0x00000003e6f427f0> (a java.lang.Object)
	at boxOfActin.ThreadSet.done(ThreadSet.java:54)
	at boxOfActin.ThreadSet$ThreadSpawn.run(ThreadSet.java:41)

"Thread-244" #286 [1076764] daemon prio=5 os_prio=0 cpu=544.30ms elapsed=191.08s tid=0x00007f91883e1d00 nid=1076764 in Object.wait()  [0x00007f8efd4fe000]
   java.lang.Thread.State: WAITING (on object monitor)
	at java.lang.Object.wait0(java.base@21.0.11/Native Method)
	- waiting on <no object reference available>
	at java.lang.Object.wait(java.base@21.0.11/Object.java:366)
	at java.lang.Object.wait(java.base@21.0.11/Object.java:339)
	at boxOfActin.Barrier.threadDone(Barrier.java:49)
	- locked <0x00000003e6f427f0> (a java.lang.Object)
	at boxOfActin.ThreadSet.done(ThreadSet.java:54)
	at boxOfActin.ThreadSet$ThreadSpawn.run(ThreadSet.java:41)

"Thread-245" #287 [1076765] daemon prio=5 os_prio=0 cpu=529.76ms elapsed=191.08s tid=0x00007f91883e32a0 nid=1076765 in Object.wait()  [0x00007f8efd3fe000]
   java.lang.Thread.State: WAITING (on object monitor)
	at java.lang.Object.wait0(java.base@21.0.11/Native Method)
	- waiting on <no object reference available>
	at java.lang.Object.wait(java.base@21.0.11/Object.java:366)
	at java.lang.Object.wait(java.base@21.0.11/Object.java:339)
	at boxOfActin.Barrier.threadDone(Barrier.java:49)
	- locked <0x00000003e6f427f0> (a java.lang.Object)
	at boxOfActin.ThreadSet.done(ThreadSet.java:54)
	at boxOfActin.ThreadSet$ThreadSpawn.run(ThreadSet.java:41)

"Thread-246" #288 [1076766] daemon prio=5 os_prio=0 cpu=548.01ms elapsed=191.08s tid=0x00007f91883e4840 nid=1076766 in Object.wait()  [0x00007f8efd2fe000]
   java.lang.Thread.State: WAITING (on object monitor)
	at java.lang.Object.wait0(java.base@21.0.11/Native Method)
	- waiting on <no object reference available>
	at java.lang.Object.wait(java.base@21.0.11/Object.java:366)
	at java.lang.Object.wait(java.base@21.0.11/Object.java:339)
	at boxOfActin.Barrier.threadDone(Barrier.java:49)
	- locked <0x00000003e6f427f0> (a java.lang.Object)
	at boxOfActin.ThreadSet.done(ThreadSet.java:54)
	at boxOfActin.ThreadSet$ThreadSpawn.run(ThreadSet.java:41)

"Thread-247" #289 [1076767] daemon prio=5 os_prio=0 cpu=536.54ms elapsed=191.08s tid=0x00007f91883e5df0 nid=1076767 in Object.wait()  [0x00007f8efd1fe000]
   java.lang.Thread.State: WAITING (on object monitor)
	at java.lang.Object.wait0(java.base@21.0.11/Native Method)
	- waiting on <no object reference available>
	at java.lang.Object.wait(java.base@21.0.11/Object.java:366)
	at java.lang.Object.wait(java.base@21.0.11/Object.java:339)
	at boxOfActin.Barrier.threadDone(Barrier.java:49)
	- locked <0x00000003e6f427f0> (a java.lang.Object)
	at boxOfActin.ThreadSet.done(ThreadSet.java:54)
	at boxOfActin.ThreadSet$ThreadSpawn.run(ThreadSet.java:41)

"Thread-248" #290 [1076768] daemon prio=5 os_prio=0 cpu=514.70ms elapsed=191.08s tid=0x00007f91883e7720 nid=1076768 in Object.wait()  [0x00007f8efd0fe000]
   java.lang.Thread.State: WAITING (on object monitor)
	at java.lang.Object.wait0(java.base@21.0.11/Native Method)
	- waiting on <no object reference available>
	at java.lang.Object.wait(java.base@21.0.11/Object.java:366)
	at java.lang.Object.wait(java.base@21.0.11/Object.java:339)
	at boxOfActin.Barrier.threadDone(Barrier.java:49)
	- locked <0x00000003e6f427f0> (a java.lang.Object)
	at boxOfActin.ThreadSet.done(ThreadSet.java:54)
	at boxOfActin.ThreadSet$ThreadSpawn.run(ThreadSet.java:41)

"Thread-249" #291 [1076769] daemon prio=5 os_prio=0 cpu=535.60ms elapsed=191.08s tid=0x00007f91883e8cc0 nid=1076769 in Object.wait()  [0x00007f8efcffe000]
   java.lang.Thread.State: WAITING (on object monitor)
	at java.lang.Object.wait0(java.base@21.0.11/Native Method)
	- waiting on <no object reference available>
	at java.lang.Object.wait(java.base@21.0.11/Object.java:366)
	at java.lang.Object.wait(java.base@21.0.11/Object.java:339)
	at boxOfActin.Barrier.threadDone(Barrier.java:49)
	- locked <0x00000003e6f427f0> (a java.lang.Object)
	at boxOfActin.ThreadSet.done(ThreadSet.java:54)
	at boxOfActin.ThreadSet$ThreadSpawn.run(ThreadSet.java:41)

"Thread-250" #292 [1076770] daemon prio=5 os_prio=0 cpu=494.80ms elapsed=191.08s tid=0x00007f91883ea250 nid=1076770 in Object.wait()  [0x00007f8efcefe000]
   java.lang.Thread.State: WAITING (on object monitor)
	at java.lang.Object.wait0(java.base@21.0.11/Native Method)
	- waiting on <no object reference available>
	at java.lang.Object.wait(java.base@21.0.11/Object.java:366)
	at java.lang.Object.wait(java.base@21.0.11/Object.java:339)
	at boxOfActin.Barrier.threadDone(Barrier.java:49)
	- locked <0x00000003e6f427f0> (a java.lang.Object)
	at boxOfActin.ThreadSet.done(ThreadSet.java:54)
	at boxOfActin.ThreadSet$ThreadSpawn.run(ThreadSet.java:41)

"Thread-251" #293 [1076771] daemon prio=5 os_prio=0 cpu=518.77ms elapsed=191.08s tid=0x00007f91883eb7f0 nid=1076771 in Object.wait()  [0x00007f8efcdfe000]
   java.lang.Thread.State: WAITING (on object monitor)
	at java.lang.Object.wait0(java.base@21.0.11/Native Method)
	- waiting on <no object reference available>
	at java.lang.Object.wait(java.base@21.0.11/Object.java:366)
	at java.lang.Object.wait(java.base@21.0.11/Object.java:339)
	at boxOfActin.Barrier.threadDone(Barrier.java:49)
	- locked <0x00000003e6f427f0> (a java.lang.Object)
	at boxOfActin.ThreadSet.done(ThreadSet.java:54)
	at boxOfActin.ThreadSet$ThreadSpawn.run(ThreadSet.java:41)

"Thread-252" #294 [1076772] daemon prio=5 os_prio=0 cpu=505.20ms elapsed=191.08s tid=0x00007f91883ec9a0 nid=1076772 in Object.wait()  [0x00007f8efccfe000]
   java.lang.Thread.State: WAITING (on object monitor)
	at java.lang.Object.wait0(java.base@21.0.11/Native Method)
	- waiting on <no object reference available>
	at java.lang.Object.wait(java.base@21.0.11/Object.java:366)
	at java.lang.Object.wait(java.base@21.0.11/Object.java:339)
	at boxOfActin.Barrier.threadDone(Barrier.java:49)
	- locked <0x00000003e6f427f0> (a java.lang.Object)
	at boxOfActin.ThreadSet.done(ThreadSet.java:54)
	at boxOfActin.ThreadSet$ThreadSpawn.run(ThreadSet.java:41)

"Thread-253" #295 [1076773] daemon prio=5 os_prio=0 cpu=523.81ms elapsed=191.08s tid=0x00007f91883edf50 nid=1076773 in Object.wait()  [0x00007f8efcbfe000]
   java.lang.Thread.State: WAITING (on object monitor)
	at java.lang.Object.wait0(java.base@21.0.11/Native Method)
	- waiting on <no object reference available>
	at java.lang.Object.wait(java.base@21.0.11/Object.java:366)
	at java.lang.Object.wait(java.base@21.0.11/Object.java:339)
	at boxOfActin.Barrier.threadDone(Barrier.java:49)
	- locked <0x00000003e6f427f0> (a java.lang.Object)
	at boxOfActin.ThreadSet.done(ThreadSet.java:54)
	at boxOfActin.ThreadSet$ThreadSpawn.run(ThreadSet.java:41)

"Thread-254" #296 [1076774] daemon prio=5 os_prio=0 cpu=526.44ms elapsed=191.08s tid=0x00007f91883ef4e0 nid=1076774 in Object.wait()  [0x00007f8efcafe000]
   java.lang.Thread.State: WAITING (on object monitor)
	at java.lang.Object.wait0(java.base@21.0.11/Native Method)
	- waiting on <no object reference available>
	at java.lang.Object.wait(java.base@21.0.11/Object.java:366)
	at java.lang.Object.wait(java.base@21.0.11/Object.java:339)
	at boxOfActin.Barrier.threadDone(Barrier.java:49)
	- locked <0x00000003e6f427f0> (a java.lang.Object)
	at boxOfActin.ThreadSet.done(ThreadSet.java:54)
	at boxOfActin.ThreadSet$ThreadSpawn.run(ThreadSet.java:41)

"Thread-255" #297 [1076775] daemon prio=5 os_prio=0 cpu=515.02ms elapsed=191.08s tid=0x00007f91883f0690 nid=1076775 in Object.wait()  [0x00007f8efc9fe000]
   java.lang.Thread.State: WAITING (on object monitor)
	at java.lang.Object.wait0(java.base@21.0.11/Native Method)
	- waiting on <no object reference available>
	at java.lang.Object.wait(java.base@21.0.11/Object.java:366)
	at java.lang.Object.wait(java.base@21.0.11/Object.java:339)
	at boxOfActin.Barrier.threadDone(Barrier.java:49)
	- locked <0x00000003e6f427f0> (a java.lang.Object)
	at boxOfActin.ThreadSet.done(ThreadSet.java:54)
	at boxOfActin.ThreadSet$ThreadSpawn.run(ThreadSet.java:41)

"Thread-256" #298 [1076777] prio=5 os_prio=0 cpu=4411.65ms elapsed=191.06s tid=0x00007f91883fc900 nid=1076777 in Object.wait()  [0x00007f8efc7fe000]
   java.lang.Thread.State: WAITING (on object monitor)
	at java.lang.Object.wait0(java.base@21.0.11/Native Method)
	- waiting on <no object reference available>
	at java.lang.Object.wait(java.base@21.0.11/Object.java:366)
	at java.lang.Object.wait(java.base@21.0.11/Object.java:339)
	at boxOfActin.Barrier.waitOnThreads(Barrier.java:30)
	- locked <0x00000001386908d0> (a java.lang.Object)
	at boxOfActin.ThreadSet.gather(ThreadSet.java:53)
	at boxOfActin.Thing$ThingStepThreads.regroup(Thing.java:259)
	at boxOfActin.BoxOfActin.waitOnAllThreadSets(BoxOfActin.java:973)
	at boxOfActin.BoxOfActin.doLoop(BoxOfActin.java:1200)
	- locked <0x000000011ec71588> (a java.lang.Object)
	at boxOfActin.BoxOfActin$TimeLoop.run(BoxOfActin.java:851)

"DestroyJavaVM" #299 [1076419] prio=5 os_prio=0 cpu=12433.08ms elapsed=191.06s tid=0x00007f9188020450 nid=1076419 waiting on condition  [0x0000000000000000]
   java.lang.Thread.State: RUNNABLE

"GC Thread#12" os_prio=0 cpu=120720.46ms elapsed=208.16s tid=0x00007f90e401e970 nid=1076534 runnable  

"G1 Conc#2" os_prio=0 cpu=6147.64ms elapsed=208.33s tid=0x00007f9140001cc0 nid=1076531 runnable  

"G1 Conc#1" os_prio=0 cpu=6040.52ms elapsed=208.33s tid=0x00007f9140000d80 nid=1076530 runnable  

"GC Thread#11" os_prio=0 cpu=121040.41ms elapsed=208.37s tid=0x00007f90e4012290 nid=1076487 runnable  

"GC Thread#10" os_prio=0 cpu=120980.60ms elapsed=208.37s tid=0x00007f90e4011320 nid=1076486 runnable  

"GC Thread#9" os_prio=0 cpu=120866.47ms elapsed=208.37s tid=0x00007f90e40103b0 nid=1076485 runnable  

"GC Thread#8" os_prio=0 cpu=121150.70ms elapsed=208.37s tid=0x00007f90e400f440 nid=1076484 runnable  

"GC Thread#7" os_prio=0 cpu=120544.74ms elapsed=208.37s tid=0x00007f90e400e4d0 nid=1076483 runnable  

"GC Thread#6" os_prio=0 cpu=121311.03ms elapsed=208.37s tid=0x00007f90e400d560 nid=1076482 runnable  

"GC Thread#5" os_prio=0 cpu=120556.34ms elapsed=208.37s tid=0x00007f90e400c630 nid=1076481 runnable  

"GC Thread#4" os_prio=0 cpu=121179.67ms elapsed=208.37s tid=0x00007f90e400b730 nid=1076480 runnable  

"GC Thread#3" os_prio=0 cpu=121068.77ms elapsed=208.37s tid=0x00007f90e400a830 nid=1076479 runnable  

"GC Thread#2" os_prio=0 cpu=120513.90ms elapsed=208.37s tid=0x00007f90e4009930 nid=1076478 runnable  

"GC Thread#1" os_prio=0 cpu=120617.95ms elapsed=208.37s tid=0x00007f90e4008a30 nid=1076477 runnable  

"VM Thread" os_prio=0 cpu=552.32ms elapsed=208.48s tid=0x00007f91880df500 nid=1076426 runnable  

"VM Periodic Task Thread" os_prio=0 cpu=77.08ms elapsed=208.48s tid=0x00007f91880cd470 nid=1076425 waiting on condition  

"G1 Service" os_prio=0 cpu=6.94ms elapsed=208.49s tid=0x00007f91880b3cd0 nid=1076424 runnable  

"G1 Refine#0" os_prio=0 cpu=134.42ms elapsed=208.49s tid=0x00007f91880b2cf0 nid=1076423 runnable  

"G1 Conc#0" os_prio=0 cpu=6153.77ms elapsed=208.49s tid=0x00007f918805d290 nid=1076422 runnable  

"G1 Main Marker" os_prio=0 cpu=1.64ms elapsed=208.49s tid=0x00007f918805c2d0 nid=1076421 runnable  

"GC Thread#0" os_prio=0 cpu=120779.95ms elapsed=208.49s tid=0x00007f918804cd40 nid=1076420 runnable  

JNI global refs: 17, weak refs: 0

Heap
 garbage-first heap   total 29360128K, used 29348140K [0x0000000100000000, 0x0000000800000000)
  region size 16384K, 0 young (0K), 0 survivors (0K)
 Metaspace       used 3475K, committed 3648K, reserved 1114112K
  class space    used 212K, committed 320K, reserved 1048576K

2026-06-08 18:56:31
Full thread dump OpenJDK 64-Bit Server VM (21.0.11+10-1-22.04.2-Ubuntu mixed mode, sharing):

Threads class SMR info:
_java_thread_list=0x00007f90780025b0, length=266, elements={
0x00007f91880e8960, 0x00007f91880e9ef0, 0x00007f91880eb7d0, 0x00007f91880ece30,
0x00007f91880ee3f0, 0x00007f91880effd0, 0x00007f91880f16b0, 0x00007f91880fdbb0,
0x00007f9188101230, 0x00007f91881af110, 0x00007f91881b0a10, 0x00007f91881b1bb0,
0x00007f91881b2de0, 0x00007f91881b42a0, 0x00007f91881b5ec0, 0x00007f91881b7110,
0x00007f91881b8360, 0x00007f91881b95c0, 0x00007f91881ba820, 0x00007f91881bba90,
0x00007f91881bcd00, 0x00007f91881bdeb0, 0x00007f91881bf450, 0x00007f91881c0ad0,
0x00007f91881c3e20, 0x00007f91881c4d70, 0x00007f91881c6200, 0x00007f91881c7680,
0x00007f91881c8fb0, 0x00007f91881ca660, 0x00007f91881cbbf0, 0x00007f91881cd2b0,
0x00007f91881ce980, 0x00007f91881d0050, 0x00007f91881d15e0, 0x00007f91881d2b70,
0x00007f91881d4100, 0x00007f91881d57f0, 0x00007f91881d6ef0, 0x00007f91881d85f0,
0x00007f91881dc6c0, 0x00007f91881dad50, 0x00007f91881dda00, 0x00007f91881ded30,
0x00007f91881e06e0, 0x00007f91881e1e10, 0x00007f91881e3550, 0x00007f91881e4c10,
0x00007f91881e6300, 0x00007f91881e7a20, 0x00007f91881e8fc0, 0x00007f91881ea560,
0x00007f91881ebaf0, 0x00007f91881ed260, 0x00007f91881ee9e0, 0x00007f91881f0160,
0x00007f91881f1eb0, 0x00007f91881f3150, 0x00007f91881f46e0, 0x00007f91881f5c70,
0x00007f91881f72b0, 0x00007f91881f8670, 0x00007f91881f9e30, 0x00007f91881fb5f0,
0x00007f91881fcdc0, 0x00007f91881fe590, 0x00007f91881ffb20, 0x00007f9188201300,
0x00007f9188202af0, 0x00007f91882042e0, 0x00007f9188205ae0, 0x00007f91882072e0,
0x00007f9188209940, 0x00007f918820a5e0, 0x00007f918820e3f0, 0x00007f918820f820,
0x00007f91882109b0, 0x00007f9188211df0, 0x00007f9188212f90, 0x00007f91882143e0,
0x00007f9188215c30, 0x00007f9188217480, 0x00007f9188218a10, 0x00007f918821a270,
0x00007f918821b800, 0x00007f918821d070, 0x00007f918821e8f0, 0x00007f9188220170,
0x00007f91882fded0, 0x00007f91882fed30, 0x00007f91882ed930, 0x00007f91882eebe0,
0x00007f9188304f00, 0x00007f91883063c0, 0x00007f9188327520, 0x00007f91883289f0,
0x00007f9188329b90, 0x00007f918832b070, 0x00007f918832c210, 0x00007f918832d380,
0x00007f918832e2a0, 0x00007f918832f3d0, 0x00007f9188330cc0, 0x00007f9188332250,
0x00007f9188334080, 0x00007f9188335160, 0x00007f9188336a70, 0x00007f9188338000,
0x00007f9188339920, 0x00007f918833b130, 0x00007f918833ca60, 0x00007f918833d9f0,
0x00007f918833e400, 0x00007f918833fd20, 0x00007f9188340ec0, 0x00007f9188342420,
0x00007f91883435f0, 0x00007f9188344fa0, 0x00007f9188346910, 0x00007f9188348280,
0x00007f918834e680, 0x00007f918834fcf0, 0x00007f91883514b0, 0x00007f9188352a50,
0x00007f9188353fe0, 0x00007f9188355980, 0x00007f9188357650, 0x00007f9188359000,
0x00007f918835a5a0, 0x00007f918835bb70, 0x00007f918835d110, 0x00007f918835e6b0,
0x00007f918835fc60, 0x00007f9188360e50, 0x00007f9188362000, 0x00007f91883631b0,
0x00007f9188364760, 0x00007f9188365dd0, 0x00007f9188367370, 0x00007f9188368910,
0x00007f9188369ec0, 0x00007f918836b470, 0x00007f918836cc90, 0x00007f918836e230,
0x00007f918836f7e0, 0x00007f9188370d90, 0x00007f9188372330, 0x00007f91883738d0,
0x00007f9188374e80, 0x00007f9188376430, 0x00007f91883779d0, 0x00007f9188378f70,
0x00007f918837a520, 0x00007f918837bc30, 0x00007f918837d1d0, 0x00007f918837e770,
0x00007f918837fd10, 0x00007f91883812b0, 0x00007f9188382ae0, 0x00007f9188384090,
0x00007f9188385630, 0x00007f9188386bd0, 0x00007f9188388180, 0x00007f9188389730,
0x00007f918838acd0, 0x00007f918838c270, 0x00007f918838d810, 0x00007f918838edb0,
0x00007f91882f5f80, 0x00007f91882f6690, 0x00007f91882f7310, 0x00007f91882f7a20,
0x00007f91882f86b0, 0x00007f91882f8dc0, 0x00007f91882f9a60, 0x00007f91882fa710,
0x00007f91882fb3c0, 0x00007f91882fc080, 0x00007f91882fcd40, 0x00007f9188306e60,
0x00007f9188307b30, 0x00007f9188308810, 0x00007f91883094f0, 0x00007f918830a370,
0x00007f918830b960, 0x00007f918830ce50, 0x00007f918830dfe0, 0x00007f918830f5f0,
0x00007f9188310b20, 0x00007f9188312140, 0x00007f9188313660, 0x00007f9188314f10,
0x00007f9188316540, 0x00007f9188317b50, 0x00007f9188319050, 0x00007f918831a5d0,
0x00007f918831bb70, 0x00007f918831d1d0, 0x00007f918831e6d0, 0x00007f918831fd20,
0x00007f91883217d0, 0x00007f91883232f0, 0x00007f9188324540, 0x00007f9188325af0,
0x00007f91883a12b0, 0x00007f91883a2450, 0x00007f91883a39f0, 0x00007f91883a5220,
0x00007f91883a67d0, 0x00007f91883a7d70, 0x00007f91883a9310, 0x00007f91883aa8c0,
0x00007f91883abe70, 0x00007f91883ad410, 0x00007f91883ae5d0, 0x00007f91883af780,
0x00007f91883b13f0, 0x00007f91883b27f0, 0x00007f91883b3ad0, 0x00007f91883b4bb0,
0x00007f91883b7320, 0x00007f91883b86f0, 0x00007f91883b7fe0, 0x00007f91883b9570,
0x00007f91883bad80, 0x00007f91883bc320, 0x00007f91883bd8c0, 0x00007f91883bee70,
0x00007f91883c0400, 0x00007f91883c19a0, 0x00007f91883c2f40, 0x00007f91883c44f0,
0x00007f91883c83f0, 0x00007f91883c7720, 0x00007f91883c9520, 0x00007f91883cb1b0,
0x00007f91883cbee0, 0x00007f91883cd480, 0x00007f91883cea20, 0x00007f91883cffd0,
0x00007f91883d17e0, 0x00007f91883d2d80, 0x00007f91883d4320, 0x00007f91883d58d0,
0x00007f91883d6e60, 0x00007f91883d8400, 0x00007f91883d99a0, 0x00007f91883daf50,
0x00007f91883de280, 0x00007f91883dda80, 0x00007f91883df1c0, 0x00007f91883e0770,
0x00007f91883e1d00, 0x00007f91883e32a0, 0x00007f91883e4840, 0x00007f91883e5df0,
0x00007f91883e7720, 0x00007f91883e8cc0, 0x00007f91883ea250, 0x00007f91883eb7f0,
0x00007f91883ec9a0, 0x00007f91883edf50, 0x00007f91883ef4e0, 0x00007f91883f0690,
0x00007f91883fc900, 0x00007f9188020450
}

"Reference Handler" #9 [1076427] daemon prio=10 os_prio=0 cpu=1.36ms elapsed=208.48s tid=0x00007f91880e8960 nid=1076427 waiting on condition  [0x00007f918c29d000]
   java.lang.Thread.State: RUNNABLE
	at java.lang.ref.Reference.waitForReferencePendingList(java.base@21.0.11/Native Method)
	at java.lang.ref.Reference.processPendingReferences(java.base@21.0.11/Reference.java:246)
	at java.lang.ref.Reference$ReferenceHandler.run(java.base@21.0.11/Reference.java:208)

"Finalizer" #10 [1076428] daemon prio=8 os_prio=0 cpu=0.12ms elapsed=208.48s tid=0x00007f91880e9ef0 nid=1076428 in Object.wait()  [0x00007f918c19d000]
   java.lang.Thread.State: WAITING (on object monitor)
	at java.lang.Object.wait0(java.base@21.0.11/Native Method)
	- waiting on <0x000000013861e840> (a java.lang.ref.NativeReferenceQueue$Lock)
	at java.lang.Object.wait(java.base@21.0.11/Object.java:366)
	at java.lang.Object.wait(java.base@21.0.11/Object.java:339)
	at java.lang.ref.NativeReferenceQueue.await(java.base@21.0.11/NativeReferenceQueue.java:48)
	at java.lang.ref.ReferenceQueue.remove0(java.base@21.0.11/ReferenceQueue.java:158)
	at java.lang.ref.NativeReferenceQueue.remove(java.base@21.0.11/NativeReferenceQueue.java:89)
	- locked <0x000000013861e840> (a java.lang.ref.NativeReferenceQueue$Lock)
	at java.lang.ref.Finalizer$FinalizerThread.run(java.base@21.0.11/Finalizer.java:173)

"Signal Dispatcher" #11 [1076429] daemon prio=9 os_prio=0 cpu=0.54ms elapsed=208.48s tid=0x00007f91880eb7d0 nid=1076429 waiting on condition  [0x0000000000000000]
   java.lang.Thread.State: RUNNABLE

"Service Thread" #12 [1076430] daemon prio=9 os_prio=0 cpu=2.65ms elapsed=208.48s tid=0x00007f91880ece30 nid=1076430 runnable  [0x0000000000000000]
   java.lang.Thread.State: RUNNABLE

"Monitor Deflation Thread" #13 [1076431] daemon prio=9 os_prio=0 cpu=12.72ms elapsed=208.47s tid=0x00007f91880ee3f0 nid=1076431 runnable  [0x0000000000000000]
   java.lang.Thread.State: RUNNABLE

"C2 CompilerThread0" #14 [1076432] daemon prio=9 os_prio=0 cpu=2497.52ms elapsed=208.47s tid=0x00007f91880effd0 nid=1076432 waiting on condition  [0x0000000000000000]
   java.lang.Thread.State: RUNNABLE
   No compile task

"C1 CompilerThread0" #22 [1076433] daemon prio=9 os_prio=0 cpu=165.05ms elapsed=208.47s tid=0x00007f91880f16b0 nid=1076433 waiting on condition  [0x0000000000000000]
   java.lang.Thread.State: RUNNABLE
   No compile task

"Notification Thread" #26 [1076434] daemon prio=9 os_prio=0 cpu=0.06ms elapsed=208.47s tid=0x00007f91880fdbb0 nid=1076434 runnable  [0x0000000000000000]
   java.lang.Thread.State: RUNNABLE

"Common-Cleaner" #27 [1076435] daemon prio=8 os_prio=0 cpu=2.52ms elapsed=208.47s tid=0x00007f9188101230 nid=1076435 waiting on condition  [0x00007f914cd66000]
   java.lang.Thread.State: TIMED_WAITING (parking)
	at jdk.internal.misc.Unsafe.park(java.base@21.0.11/Native Method)
	at java.util.concurrent.locks.AbstractQueuedSynchronizer$ConditionObject.newConditionNode(java.base@21.0.11/AbstractQueuedSynchronizer.java:1668)
	at java.util.concurrent.locks.AbstractQueuedSynchronizer$ConditionObject.await(java.base@21.0.11/AbstractQueuedSynchronizer.java:1873)
	at java.lang.ref.ReferenceQueue.await(java.base@21.0.11/ReferenceQueue.java:71)
	at java.lang.ref.ReferenceQueue.remove0(java.base@21.0.11/ReferenceQueue.java:143)
	at java.lang.ref.ReferenceQueue.remove(java.base@21.0.11/ReferenceQueue.java:218)
	at jdk.internal.ref.CleanerImpl.run(java.base@21.0.11/CleanerImpl.java:140)
	at java.lang.Thread.runWith(java.base@21.0.11/Thread.java:1596)
	at java.lang.Thread.run(java.base@21.0.11/Thread.java:1583)
	at jdk.internal.misc.InnocuousThread.run(java.base@21.0.11/InnocuousThread.java:186)

"Thread-0" #28 [1076439] daemon prio=5 os_prio=0 cpu=3120.96ms elapsed=208.38s tid=0x00007f91881af110 nid=1076439 in Object.wait()  [0x00007f914c687000]
   java.lang.Thread.State: WAITING (on object monitor)
	at java.lang.Object.wait0(java.base@21.0.11/Native Method)
	- waiting on <no object reference available>
	at java.lang.Object.wait(java.base@21.0.11/Object.java:366)
	at java.lang.Object.wait(java.base@21.0.11/Object.java:339)
	at boxOfActin.Barrier.threadDone(Barrier.java:40)
	- locked <0x00000001386908d0> (a java.lang.Object)
	at boxOfActin.ThreadSet.done(ThreadSet.java:54)
	at boxOfActin.ThreadSet$ThreadSpawn.run(ThreadSet.java:41)

"Thread-1" #29 [1076440] daemon prio=5 os_prio=0 cpu=2386.14ms elapsed=208.38s tid=0x00007f91881b0a10 nid=1076440 in Object.wait()  [0x00007f914c587000]
   java.lang.Thread.State: WAITING (on object monitor)
	at java.lang.Object.wait0(java.base@21.0.11/Native Method)
	- waiting on <no object reference available>
	at java.lang.Object.wait(java.base@21.0.11/Object.java:366)
	at java.lang.Object.wait(java.base@21.0.11/Object.java:339)
	at boxOfActin.Barrier.threadDone(Barrier.java:40)
	- locked <0x00000001386908d0> (a java.lang.Object)
	at boxOfActin.ThreadSet.done(ThreadSet.java:54)
	at boxOfActin.ThreadSet$ThreadSpawn.run(ThreadSet.java:41)

"Thread-2" #30 [1076441] daemon prio=5 os_prio=0 cpu=2343.75ms elapsed=208.38s tid=0x00007f91881b1bb0 nid=1076441 in Object.wait()  [0x00007f914c487000]
   java.lang.Thread.State: WAITING (on object monitor)
	at java.lang.Object.wait0(java.base@21.0.11/Native Method)
	- waiting on <no object reference available>
	at java.lang.Object.wait(java.base@21.0.11/Object.java:366)
	at java.lang.Object.wait(java.base@21.0.11/Object.java:339)
	at boxOfActin.Barrier.threadDone(Barrier.java:40)
	- locked <0x00000001386908d0> (a java.lang.Object)
	at boxOfActin.ThreadSet.done(ThreadSet.java:54)
	at boxOfActin.ThreadSet$ThreadSpawn.run(ThreadSet.java:41)

"Thread-3" #31 [1076442] daemon prio=5 os_prio=0 cpu=2370.25ms elapsed=208.38s tid=0x00007f91881b2de0 nid=1076442 in Object.wait()  [0x00007f914c387000]
   java.lang.Thread.State: WAITING (on object monitor)
	at java.lang.Object.wait0(java.base@21.0.11/Native Method)
	- waiting on <no object reference available>
	at java.lang.Object.wait(java.base@21.0.11/Object.java:366)
	at java.lang.Object.wait(java.base@21.0.11/Object.java:339)
	at boxOfActin.Barrier.threadDone(Barrier.java:40)
	- locked <0x00000001386908d0> (a java.lang.Object)
	at boxOfActin.ThreadSet.done(ThreadSet.java:54)
	at boxOfActin.ThreadSet$ThreadSpawn.run(ThreadSet.java:41)

"Thread-4" #32 [1076443] daemon prio=5 os_prio=0 cpu=2284.81ms elapsed=208.38s tid=0x00007f91881b42a0 nid=1076443 in Object.wait()  [0x00007f914c287000]
   java.lang.Thread.State: WAITING (on object monitor)
	at java.lang.Object.wait0(java.base@21.0.11/Native Method)
	- waiting on <no object reference available>
	at java.lang.Object.wait(java.base@21.0.11/Object.java:366)
	at java.lang.Object.wait(java.base@21.0.11/Object.java:339)
	at boxOfActin.Barrier.threadDone(Barrier.java:40)
	- locked <0x00000001386908d0> (a java.lang.Object)
	at boxOfActin.ThreadSet.done(ThreadSet.java:54)
	at boxOfActin.ThreadSet$ThreadSpawn.run(ThreadSet.java:41)

"Thread-5" #33 [1076444] daemon prio=5 os_prio=0 cpu=2352.64ms elapsed=208.38s tid=0x00007f91881b5ec0 nid=1076444 in Object.wait()  [0x00007f914c187000]
   java.lang.Thread.State: WAITING (on object monitor)
	at java.lang.Object.wait0(java.base@21.0.11/Native Method)
	- waiting on <no object reference available>
	at java.lang.Object.wait(java.base@21.0.11/Object.java:366)
	at java.lang.Object.wait(java.base@21.0.11/Object.java:339)
	at boxOfActin.Barrier.threadDone(Barrier.java:40)
	- locked <0x00000001386908d0> (a java.lang.Object)
	at boxOfActin.ThreadSet.done(ThreadSet.java:54)
	at boxOfActin.ThreadSet$ThreadSpawn.run(ThreadSet.java:41)

"Thread-6" #34 [1076445] daemon prio=5 os_prio=0 cpu=2372.11ms elapsed=208.38s tid=0x00007f91881b7110 nid=1076445 in Object.wait()  [0x00007f913dffe000]
   java.lang.Thread.State: WAITING (on object monitor)
	at java.lang.Object.wait0(java.base@21.0.11/Native Method)
	- waiting on <no object reference available>
	at java.lang.Object.wait(java.base@21.0.11/Object.java:366)
	at java.lang.Object.wait(java.base@21.0.11/Object.java:339)
	at boxOfActin.Barrier.threadDone(Barrier.java:40)
	- locked <0x00000001386908d0> (a java.lang.Object)
	at boxOfActin.ThreadSet.done(ThreadSet.java:54)
	at boxOfActin.ThreadSet$ThreadSpawn.run(ThreadSet.java:41)

"Thread-7" #35 [1076446] daemon prio=5 os_prio=0 cpu=2368.31ms elapsed=208.38s tid=0x00007f91881b8360 nid=1076446 in Object.wait()  [0x00007f913defe000]
   java.lang.Thread.State: WAITING (on object monitor)
	at java.lang.Object.wait0(java.base@21.0.11/Native Method)
	- waiting on <no object reference available>
	at java.lang.Object.wait(java.base@21.0.11/Object.java:366)
	at java.lang.Object.wait(java.base@21.0.11/Object.java:339)
	at boxOfActin.Barrier.threadDone(Barrier.java:40)
	- locked <0x00000001386908d0> (a java.lang.Object)
	at boxOfActin.ThreadSet.done(ThreadSet.java:54)
	at boxOfActin.ThreadSet$ThreadSpawn.run(ThreadSet.java:41)

"Thread-8" #36 [1076447] daemon prio=5 os_prio=0 cpu=2282.82ms elapsed=208.38s tid=0x00007f91881b95c0 nid=1076447 in Object.wait()  [0x00007f913ddfe000]
   java.lang.Thread.State: WAITING (on object monitor)
	at java.lang.Object.wait0(java.base@21.0.11/Native Method)
	- waiting on <no object reference available>
	at java.lang.Object.wait(java.base@21.0.11/Object.java:366)
	at java.lang.Object.wait(java.base@21.0.11/Object.java:339)
	at boxOfActin.Barrier.threadDone(Barrier.java:40)
	- locked <0x00000001386908d0> (a java.lang.Object)
	at boxOfActin.ThreadSet.done(ThreadSet.java:54)
	at boxOfActin.ThreadSet$ThreadSpawn.run(ThreadSet.java:41)

"Thread-9" #37 [1076448] daemon prio=5 os_prio=0 cpu=2332.10ms elapsed=208.38s tid=0x00007f91881ba820 nid=1076448 in Object.wait()  [0x00007f913dcfe000]
   java.lang.Thread.State: WAITING (on object monitor)
	at java.lang.Object.wait0(java.base@21.0.11/Native Method)
	- waiting on <no object reference available>
	at java.lang.Object.wait(java.base@21.0.11/Object.java:366)
	at java.lang.Object.wait(java.base@21.0.11/Object.java:339)
	at boxOfActin.Barrier.threadDone(Barrier.java:40)
	- locked <0x00000001386908d0> (a java.lang.Object)
	at boxOfActin.ThreadSet.done(ThreadSet.java:54)
	at boxOfActin.ThreadSet$ThreadSpawn.run(ThreadSet.java:41)

"Thread-10" #38 [1076449] daemon prio=5 os_prio=0 cpu=2337.70ms elapsed=208.38s tid=0x00007f91881bba90 nid=1076449 in Object.wait()  [0x00007f913dbfe000]
   java.lang.Thread.State: WAITING (on object monitor)
	at java.lang.Object.wait0(java.base@21.0.11/Native Method)
	- waiting on <no object reference available>
	at java.lang.Object.wait(java.base@21.0.11/Object.java:366)
	at java.lang.Object.wait(java.base@21.0.11/Object.java:339)
	at boxOfActin.Barrier.threadDone(Barrier.java:40)
	- locked <0x00000001386908d0> (a java.lang.Object)
	at boxOfActin.ThreadSet.done(ThreadSet.java:54)
	at boxOfActin.ThreadSet$ThreadSpawn.run(ThreadSet.java:41)

"Thread-11" #39 [1076450] daemon prio=5 os_prio=0 cpu=2244.25ms elapsed=208.38s tid=0x00007f91881bcd00 nid=1076450 in Object.wait()  [0x00007f913dafe000]
   java.lang.Thread.State: WAITING (on object monitor)
	at java.lang.Object.wait0(java.base@21.0.11/Native Method)
	- waiting on <no object reference available>
	at java.lang.Object.wait(java.base@21.0.11/Object.java:366)
	at java.lang.Object.wait(java.base@21.0.11/Object.java:339)
	at boxOfActin.Barrier.threadDone(Barrier.java:40)
	- locked <0x00000001386908d0> (a java.lang.Object)
	at boxOfActin.ThreadSet.done(ThreadSet.java:54)
	at boxOfActin.ThreadSet$ThreadSpawn.run(ThreadSet.java:41)

"Thread-12" #40 [1076451] daemon prio=5 os_prio=0 cpu=2386.70ms elapsed=208.38s tid=0x00007f91881bdeb0 nid=1076451 in Object.wait()  [0x00007f913d9fe000]
   java.lang.Thread.State: WAITING (on object monitor)
	at java.lang.Object.wait0(java.base@21.0.11/Native Method)
	- waiting on <no object reference available>
	at java.lang.Object.wait(java.base@21.0.11/Object.java:366)
	at java.lang.Object.wait(java.base@21.0.11/Object.java:339)
	at boxOfActin.Barrier.threadDone(Barrier.java:40)
	- locked <0x00000001386908d0> (a java.lang.Object)
	at boxOfActin.ThreadSet.done(ThreadSet.java:54)
	at boxOfActin.ThreadSet$ThreadSpawn.run(ThreadSet.java:41)

"Thread-13" #41 [1076452] daemon prio=5 os_prio=0 cpu=2350.03ms elapsed=208.38s tid=0x00007f91881bf450 nid=1076452 in Object.wait()  [0x00007f913d8fe000]
   java.lang.Thread.State: WAITING (on object monitor)
	at java.lang.Object.wait0(java.base@21.0.11/Native Method)
	- waiting on <no object reference available>
	at java.lang.Object.wait(java.base@21.0.11/Object.java:366)
	at java.lang.Object.wait(java.base@21.0.11/Object.java:339)
	at boxOfActin.Barrier.threadDone(Barrier.java:40)
	- locked <0x00000001386908d0> (a java.lang.Object)
	at boxOfActin.ThreadSet.done(ThreadSet.java:54)
	at boxOfActin.ThreadSet$ThreadSpawn.run(ThreadSet.java:41)

"Thread-14" #42 [1076453] daemon prio=5 os_prio=0 cpu=2371.45ms elapsed=208.38s tid=0x00007f91881c0ad0 nid=1076453 in Object.wait()  [0x00007f913d7fe000]
   java.lang.Thread.State: WAITING (on object monitor)
	at java.lang.Object.wait0(java.base@21.0.11/Native Method)
	- waiting on <no object reference available>
	at java.lang.Object.wait(java.base@21.0.11/Object.java:366)
	at java.lang.Object.wait(java.base@21.0.11/Object.java:339)
	at boxOfActin.Barrier.threadDone(Barrier.java:40)
	- locked <0x00000001386908d0> (a java.lang.Object)
	at boxOfActin.ThreadSet.done(ThreadSet.java:54)
	at boxOfActin.ThreadSet$ThreadSpawn.run(ThreadSet.java:41)

"Thread-16" #44 [1076455] daemon prio=5 os_prio=0 cpu=2109.60ms elapsed=208.38s tid=0x00007f91881c3e20 nid=1076455 in Object.wait()  [0x00007f913d5fe000]
   java.lang.Thread.State: WAITING (on object monitor)
	at java.lang.Object.wait0(java.base@21.0.11/Native Method)
	- waiting on <no object reference available>
	at java.lang.Object.wait(java.base@21.0.11/Object.java:366)
	at java.lang.Object.wait(java.base@21.0.11/Object.java:339)
	at boxOfActin.Barrier.threadDone(Barrier.java:49)
	- locked <0x000000013861ebd8> (a java.lang.Object)
	at boxOfActin.ThreadSet.done(ThreadSet.java:54)
	at boxOfActin.ThreadSet$ThreadSpawn.run(ThreadSet.java:41)

"Thread-17" #45 [1076456] daemon prio=5 os_prio=0 cpu=2189.93ms elapsed=208.38s tid=0x00007f91881c4d70 nid=1076456 in Object.wait()  [0x00007f913d4fe000]
   java.lang.Thread.State: WAITING (on object monitor)
	at java.lang.Object.wait0(java.base@21.0.11/Native Method)
	- waiting on <no object reference available>
	at java.lang.Object.wait(java.base@21.0.11/Object.java:366)
	at java.lang.Object.wait(java.base@21.0.11/Object.java:339)
	at boxOfActin.Barrier.threadDone(Barrier.java:49)
	- locked <0x000000013861ebd8> (a java.lang.Object)
	at boxOfActin.ThreadSet.done(ThreadSet.java:54)
	at boxOfActin.ThreadSet$ThreadSpawn.run(ThreadSet.java:41)

"Thread-18" #46 [1076457] daemon prio=5 os_prio=0 cpu=2188.41ms elapsed=208.38s tid=0x00007f91881c6200 nid=1076457 in Object.wait()  [0x00007f913d3fe000]
   java.lang.Thread.State: WAITING (on object monitor)
	at java.lang.Object.wait0(java.base@21.0.11/Native Method)
	- waiting on <no object reference available>
	at java.lang.Object.wait(java.base@21.0.11/Object.java:366)
	at java.lang.Object.wait(java.base@21.0.11/Object.java:339)
	at boxOfActin.Barrier.threadDone(Barrier.java:49)
	- locked <0x000000013861ebd8> (a java.lang.Object)
	at boxOfActin.ThreadSet.done(ThreadSet.java:54)
	at boxOfActin.ThreadSet$ThreadSpawn.run(ThreadSet.java:41)

"Thread-19" #47 [1076458] daemon prio=5 os_prio=0 cpu=2089.11ms elapsed=208.38s tid=0x00007f91881c7680 nid=1076458 in Object.wait()  [0x00007f913d2fe000]
   java.lang.Thread.State: WAITING (on object monitor)
	at java.lang.Object.wait0(java.base@21.0.11/Native Method)
	- waiting on <no object reference available>
	at java.lang.Object.wait(java.base@21.0.11/Object.java:366)
	at java.lang.Object.wait(java.base@21.0.11/Object.java:339)
	at boxOfActin.Barrier.threadDone(Barrier.java:49)
	- locked <0x000000013861ebd8> (a java.lang.Object)
	at boxOfActin.ThreadSet.done(ThreadSet.java:54)
	at boxOfActin.ThreadSet$ThreadSpawn.run(ThreadSet.java:41)

"Thread-20" #48 [1076459] daemon prio=5 os_prio=0 cpu=2222.97ms elapsed=208.37s tid=0x00007f91881c8fb0 nid=1076459 in Object.wait()  [0x00007f913d1fe000]
   java.lang.Thread.State: WAITING (on object monitor)
	at java.lang.Object.wait0(java.base@21.0.11/Native Method)
	- waiting on <no object reference available>
	at java.lang.Object.wait(java.base@21.0.11/Object.java:366)
	at java.lang.Object.wait(java.base@21.0.11/Object.java:339)
	at boxOfActin.Barrier.threadDone(Barrier.java:49)
	- locked <0x000000013861ebd8> (a java.lang.Object)
	at boxOfActin.ThreadSet.done(ThreadSet.java:54)
	at boxOfActin.ThreadSet$ThreadSpawn.run(ThreadSet.java:41)

"Thread-21" #49 [1076460] daemon prio=5 os_prio=0 cpu=2188.77ms elapsed=208.37s tid=0x00007f91881ca660 nid=1076460 in Object.wait()  [0x00007f913d0fe000]
   java.lang.Thread.State: WAITING (on object monitor)
	at java.lang.Object.wait0(java.base@21.0.11/Native Method)
	- waiting on <no object reference available>
	at java.lang.Object.wait(java.base@21.0.11/Object.java:366)
	at java.lang.Object.wait(java.base@21.0.11/Object.java:339)
	at boxOfActin.Barrier.threadDone(Barrier.java:49)
	- locked <0x000000013861ebd8> (a java.lang.Object)
	at boxOfActin.ThreadSet.done(ThreadSet.java:54)
	at boxOfActin.ThreadSet$ThreadSpawn.run(ThreadSet.java:41)

"Thread-22" #50 [1076461] daemon prio=5 os_prio=0 cpu=2165.46ms elapsed=208.37s tid=0x00007f91881cbbf0 nid=1076461 in Object.wait()  [0x00007f913cffe000]
   java.lang.Thread.State: WAITING (on object monitor)
	at java.lang.Object.wait0(java.base@21.0.11/Native Method)
	- waiting on <no object reference available>
	at java.lang.Object.wait(java.base@21.0.11/Object.java:366)
	at java.lang.Object.wait(java.base@21.0.11/Object.java:339)
	at boxOfActin.Barrier.threadDone(Barrier.java:49)
	- locked <0x000000013861ebd8> (a java.lang.Object)
	at boxOfActin.ThreadSet.done(ThreadSet.java:54)
	at boxOfActin.ThreadSet$ThreadSpawn.run(ThreadSet.java:41)

"Thread-23" #51 [1076462] daemon prio=5 os_prio=0 cpu=2193.64ms elapsed=208.37s tid=0x00007f91881cd2b0 nid=1076462 in Object.wait()  [0x00007f913cefe000]
   java.lang.Thread.State: WAITING (on object monitor)
	at java.lang.Object.wait0(java.base@21.0.11/Native Method)
	- waiting on <no object reference available>
	at java.lang.Object.wait(java.base@21.0.11/Object.java:366)
	at java.lang.Object.wait(java.base@21.0.11/Object.java:339)
	at boxOfActin.Barrier.threadDone(Barrier.java:49)
	- locked <0x000000013861ebd8> (a java.lang.Object)
	at boxOfActin.ThreadSet.done(ThreadSet.java:54)
	at boxOfActin.ThreadSet$ThreadSpawn.run(ThreadSet.java:41)

"Thread-24" #52 [1076463] daemon prio=5 os_prio=0 cpu=2140.51ms elapsed=208.37s tid=0x00007f91881ce980 nid=1076463 in Object.wait()  [0x00007f913cdfe000]
   java.lang.Thread.State: WAITING (on object monitor)
	at java.lang.Object.wait0(java.base@21.0.11/Native Method)
	- waiting on <no object reference available>
	at java.lang.Object.wait(java.base@21.0.11/Object.java:366)
	at java.lang.Object.wait(java.base@21.0.11/Object.java:339)
	at boxOfActin.Barrier.threadDone(Barrier.java:49)
	- locked <0x000000013861ebd8> (a java.lang.Object)
	at boxOfActin.ThreadSet.done(ThreadSet.java:54)
	at boxOfActin.ThreadSet$ThreadSpawn.run(ThreadSet.java:41)

"Thread-25" #53 [1076464] daemon prio=5 os_prio=0 cpu=2190.48ms elapsed=208.37s tid=0x00007f91881d0050 nid=1076464 in Object.wait()  [0x00007f913ccfe000]
   java.lang.Thread.State: WAITING (on object monitor)
	at java.lang.Object.wait0(java.base@21.0.11/Native Method)
	- waiting on <no object reference available>
	at java.lang.Object.wait(java.base@21.0.11/Object.java:366)
	at java.lang.Object.wait(java.base@21.0.11/Object.java:339)
	at boxOfActin.Barrier.threadDone(Barrier.java:49)
	- locked <0x000000013861ebd8> (a java.lang.Object)
	at boxOfActin.ThreadSet.done(ThreadSet.java:54)
	at boxOfActin.ThreadSet$ThreadSpawn.run(ThreadSet.java:41)

"Thread-26" #54 [1076465] daemon prio=5 os_prio=0 cpu=2168.08ms elapsed=208.37s tid=0x00007f91881d15e0 nid=1076465 in Object.wait()  [0x00007f913cbfe000]
   java.lang.Thread.State: WAITING (on object monitor)
	at java.lang.Object.wait0(java.base@21.0.11/Native Method)
	- waiting on <no object reference available>
	at java.lang.Object.wait(java.base@21.0.11/Object.java:366)
	at java.lang.Object.wait(java.base@21.0.11/Object.java:339)
	at boxOfActin.Barrier.threadDone(Barrier.java:49)
	- locked <0x000000013861ebd8> (a java.lang.Object)
	at boxOfActin.ThreadSet.done(ThreadSet.java:54)
	at boxOfActin.ThreadSet$ThreadSpawn.run(ThreadSet.java:41)

"Thread-27" #55 [1076466] daemon prio=5 os_prio=0 cpu=2169.32ms elapsed=208.37s tid=0x00007f91881d2b70 nid=1076466 in Object.wait()  [0x00007f913cafe000]
   java.lang.Thread.State: WAITING (on object monitor)
	at java.lang.Object.wait0(java.base@21.0.11/Native Method)
	- waiting on <no object reference available>
	at java.lang.Object.wait(java.base@21.0.11/Object.java:366)
	at java.lang.Object.wait(java.base@21.0.11/Object.java:339)
	at boxOfActin.Barrier.threadDone(Barrier.java:49)
	- locked <0x000000013861ebd8> (a java.lang.Object)
	at boxOfActin.ThreadSet.done(ThreadSet.java:54)
	at boxOfActin.ThreadSet$ThreadSpawn.run(ThreadSet.java:41)

"Thread-28" #56 [1076467] daemon prio=5 os_prio=0 cpu=2077.62ms elapsed=208.37s tid=0x00007f91881d4100 nid=1076467 in Object.wait()  [0x00007f913c9fe000]
   java.lang.Thread.State: WAITING (on object monitor)
	at java.lang.Object.wait0(java.base@21.0.11/Native Method)
	- waiting on <no object reference available>
	at java.lang.Object.wait(java.base@21.0.11/Object.java:366)
	at java.lang.Object.wait(java.base@21.0.11/Object.java:339)
	at boxOfActin.Barrier.threadDone(Barrier.java:49)
	- locked <0x000000013861ebd8> (a java.lang.Object)
	at boxOfActin.ThreadSet.done(ThreadSet.java:54)
	at boxOfActin.ThreadSet$ThreadSpawn.run(ThreadSet.java:41)

"Thread-29" #57 [1076468] daemon prio=5 os_prio=0 cpu=2126.31ms elapsed=208.37s tid=0x00007f91881d57f0 nid=1076468 in Object.wait()  [0x00007f913c8fe000]
   java.lang.Thread.State: WAITING (on object monitor)
	at java.lang.Object.wait0(java.base@21.0.11/Native Method)
	- waiting on <no object reference available>
	at java.lang.Object.wait(java.base@21.0.11/Object.java:366)
	at java.lang.Object.wait(java.base@21.0.11/Object.java:339)
	at boxOfActin.Barrier.threadDone(Barrier.java:49)
	- locked <0x000000013861ebd8> (a java.lang.Object)
	at boxOfActin.ThreadSet.done(ThreadSet.java:54)
	at boxOfActin.ThreadSet$ThreadSpawn.run(ThreadSet.java:41)

"Thread-30" #58 [1076469] daemon prio=5 os_prio=0 cpu=2209.25ms elapsed=208.37s tid=0x00007f91881d6ef0 nid=1076469 in Object.wait()  [0x00007f913c7fe000]
   java.lang.Thread.State: WAITING (on object monitor)
	at java.lang.Object.wait0(java.base@21.0.11/Native Method)
	- waiting on <no object reference available>
	at java.lang.Object.wait(java.base@21.0.11/Object.java:366)
	at java.lang.Object.wait(java.base@21.0.11/Object.java:339)
	at boxOfActin.Barrier.threadDone(Barrier.java:49)
	- locked <0x000000013861ebd8> (a java.lang.Object)
	at boxOfActin.ThreadSet.done(ThreadSet.java:54)
	at boxOfActin.ThreadSet$ThreadSpawn.run(ThreadSet.java:41)

"Thread-31" #59 [1076470] daemon prio=5 os_prio=0 cpu=2141.54ms elapsed=208.37s tid=0x00007f91881d85f0 nid=1076470 in Object.wait()  [0x00007f913c6fe000]
   java.lang.Thread.State: WAITING (on object monitor)
	at java.lang.Object.wait0(java.base@21.0.11/Native Method)
	- waiting on <no object reference available>
	at java.lang.Object.wait(java.base@21.0.11/Object.java:366)
	at java.lang.Object.wait(java.base@21.0.11/Object.java:339)
	at boxOfActin.Barrier.threadDone(Barrier.java:49)
	- locked <0x000000013861ebd8> (a java.lang.Object)
	at boxOfActin.ThreadSet.done(ThreadSet.java:54)
	at boxOfActin.ThreadSet$ThreadSpawn.run(ThreadSet.java:41)

"Thread-32" #60 [1076471] daemon prio=5 os_prio=0 cpu=0.07ms elapsed=208.37s tid=0x00007f91881dc6c0 nid=1076471 in Object.wait()  [0x00007f913c5fe000]
   java.lang.Thread.State: WAITING (on object monitor)
	at java.lang.Object.wait0(java.base@21.0.11/Native Method)
	- waiting on <no object reference available>
	at java.lang.Object.wait(java.base@21.0.11/Object.java:366)
	at java.lang.Object.wait(java.base@21.0.11/Object.java:339)
	at boxOfActin.Barrier.threadDone(Barrier.java:49)
	- locked <0x0000000138690c40> (a java.lang.Object)
	at boxOfActin.ThreadSet.done(ThreadSet.java:54)
	at boxOfActin.ThreadSet$ThreadSpawn.run(ThreadSet.java:38)

"Thread-33" #61 [1076472] daemon prio=5 os_prio=0 cpu=0.05ms elapsed=208.37s tid=0x00007f91881dad50 nid=1076472 in Object.wait()  [0x00007f913c4fe000]
   java.lang.Thread.State: WAITING (on object monitor)
	at java.lang.Object.wait0(java.base@21.0.11/Native Method)
	- waiting on <0x0000000138690c40> (a java.lang.Object)
	at java.lang.Object.wait(java.base@21.0.11/Object.java:366)
	at java.lang.Object.wait(java.base@21.0.11/Object.java:339)
	at boxOfActin.Barrier.threadDone(Barrier.java:49)
	- locked <0x0000000138690c40> (a java.lang.Object)
	at boxOfActin.ThreadSet.done(ThreadSet.java:54)
	at boxOfActin.ThreadSet$ThreadSpawn.run(ThreadSet.java:38)

"Thread-34" #62 [1076473] daemon prio=5 os_prio=0 cpu=0.05ms elapsed=208.37s tid=0x00007f91881dda00 nid=1076473 in Object.wait()  [0x00007f913c3fe000]
   java.lang.Thread.State: WAITING (on object monitor)
	at java.lang.Object.wait0(java.base@21.0.11/Native Method)
	- waiting on <0x0000000138690c40> (a java.lang.Object)
	at java.lang.Object.wait(java.base@21.0.11/Object.java:366)
	at java.lang.Object.wait(java.base@21.0.11/Object.java:339)
	at boxOfActin.Barrier.threadDone(Barrier.java:49)
	- locked <0x0000000138690c40> (a java.lang.Object)
	at boxOfActin.ThreadSet.done(ThreadSet.java:54)
	at boxOfActin.ThreadSet$ThreadSpawn.run(ThreadSet.java:38)

"Thread-35" #63 [1076474] daemon prio=5 os_prio=0 cpu=0.07ms elapsed=208.37s tid=0x00007f91881ded30 nid=1076474 in Object.wait()  [0x00007f913c2fe000]
   java.lang.Thread.State: WAITING (on object monitor)
	at java.lang.Object.wait0(java.base@21.0.11/Native Method)
	- waiting on <0x0000000138690c40> (a java.lang.Object)
	at java.lang.Object.wait(java.base@21.0.11/Object.java:366)
	at java.lang.Object.wait(java.base@21.0.11/Object.java:339)
	at boxOfActin.Barrier.threadDone(Barrier.java:49)
	- locked <0x0000000138690c40> (a java.lang.Object)
	at boxOfActin.ThreadSet.done(ThreadSet.java:54)
	at boxOfActin.ThreadSet$ThreadSpawn.run(ThreadSet.java:38)

"Thread-36" #64 [1076475] daemon prio=5 os_prio=0 cpu=0.08ms elapsed=208.37s tid=0x00007f91881e06e0 nid=1076475 in Object.wait()  [0x00007f913c1fe000]
   java.lang.Thread.State: WAITING (on object monitor)
	at java.lang.Object.wait0(java.base@21.0.11/Native Method)
	- waiting on <no object reference available>
	at java.lang.Object.wait(java.base@21.0.11/Object.java:366)
	at java.lang.Object.wait(java.base@21.0.11/Object.java:339)
	at boxOfActin.Barrier.threadDone(Barrier.java:49)
	- locked <0x0000000138690c40> (a java.lang.Object)
	at boxOfActin.ThreadSet.done(ThreadSet.java:54)
	at boxOfActin.ThreadSet$ThreadSpawn.run(ThreadSet.java:38)

"Thread-37" #65 [1076476] daemon prio=5 os_prio=0 cpu=0.09ms elapsed=208.37s tid=0x00007f91881e1e10 nid=1076476 in Object.wait()  [0x00007f913c0fe000]
   java.lang.Thread.State: WAITING (on object monitor)
	at java.lang.Object.wait0(java.base@21.0.11/Native Method)
	- waiting on <no object reference available>
	at java.lang.Object.wait(java.base@21.0.11/Object.java:366)
	at java.lang.Object.wait(java.base@21.0.11/Object.java:339)
	at boxOfActin.Barrier.threadDone(Barrier.java:49)
	- locked <0x0000000138690c40> (a java.lang.Object)
	at boxOfActin.ThreadSet.done(ThreadSet.java:54)
	at boxOfActin.ThreadSet$ThreadSpawn.run(ThreadSet.java:38)

"Thread-38" #66 [1076488] daemon prio=5 os_prio=0 cpu=0.17ms elapsed=208.37s tid=0x00007f91881e3550 nid=1076488 in Object.wait()  [0x00007f90ea4f3000]
   java.lang.Thread.State: WAITING (on object monitor)
	at java.lang.Object.wait0(java.base@21.0.11/Native Method)
	- waiting on <no object reference available>
	at java.lang.Object.wait(java.base@21.0.11/Object.java:366)
	at java.lang.Object.wait(java.base@21.0.11/Object.java:339)
	at boxOfActin.Barrier.threadDone(Barrier.java:49)
	- locked <0x0000000138690c40> (a java.lang.Object)
	at boxOfActin.ThreadSet.done(ThreadSet.java:54)
	at boxOfActin.ThreadSet$ThreadSpawn.run(ThreadSet.java:38)

"Thread-39" #78 [1076489] daemon prio=5 os_prio=0 cpu=0.07ms elapsed=208.37s tid=0x00007f91881e4c10 nid=1076489 in Object.wait()  [0x00007f90ea3f3000]
   java.lang.Thread.State: WAITING (on object monitor)
	at java.lang.Object.wait0(java.base@21.0.11/Native Method)
	- waiting on <no object reference available>
	at java.lang.Object.wait(java.base@21.0.11/Object.java:366)
	at java.lang.Object.wait(java.base@21.0.11/Object.java:339)
	at boxOfActin.Barrier.threadDone(Barrier.java:49)
	- locked <0x0000000138690c40> (a java.lang.Object)
	at boxOfActin.ThreadSet.done(ThreadSet.java:54)
	at boxOfActin.ThreadSet$ThreadSpawn.run(ThreadSet.java:38)

"Thread-40" #79 [1076490] daemon prio=5 os_prio=0 cpu=0.11ms elapsed=208.37s tid=0x00007f91881e6300 nid=1076490 in Object.wait()  [0x00007f90ea2f3000]
   java.lang.Thread.State: WAITING (on object monitor)
	at java.lang.Object.wait0(java.base@21.0.11/Native Method)
	- waiting on <no object reference available>
	at java.lang.Object.wait(java.base@21.0.11/Object.java:366)
	at java.lang.Object.wait(java.base@21.0.11/Object.java:339)
	at boxOfActin.Barrier.threadDone(Barrier.java:49)
	- locked <0x0000000138690c40> (a java.lang.Object)
	at boxOfActin.ThreadSet.done(ThreadSet.java:54)
	at boxOfActin.ThreadSet$ThreadSpawn.run(ThreadSet.java:38)

"Thread-41" #80 [1076491] daemon prio=5 os_prio=0 cpu=0.07ms elapsed=208.37s tid=0x00007f91881e7a20 nid=1076491 in Object.wait()  [0x00007f90ea1f3000]
   java.lang.Thread.State: WAITING (on object monitor)
	at java.lang.Object.wait0(java.base@21.0.11/Native Method)
	- waiting on <no object reference available>
	at java.lang.Object.wait(java.base@21.0.11/Object.java:366)
	at java.lang.Object.wait(java.base@21.0.11/Object.java:339)
	at boxOfActin.Barrier.threadDone(Barrier.java:49)
	- locked <0x0000000138690c40> (a java.lang.Object)
	at boxOfActin.ThreadSet.done(ThreadSet.java:54)
	at boxOfActin.ThreadSet$ThreadSpawn.run(ThreadSet.java:38)

"Thread-42" #81 [1076492] daemon prio=5 os_prio=0 cpu=0.07ms elapsed=208.37s tid=0x00007f91881e8fc0 nid=1076492 in Object.wait()  [0x00007f90ea0f3000]
   java.lang.Thread.State: WAITING (on object monitor)
	at java.lang.Object.wait0(java.base@21.0.11/Native Method)
	- waiting on <no object reference available>
	at java.lang.Object.wait(java.base@21.0.11/Object.java:366)
	at java.lang.Object.wait(java.base@21.0.11/Object.java:339)
	at boxOfActin.Barrier.threadDone(Barrier.java:49)
	- locked <0x0000000138690c40> (a java.lang.Object)
	at boxOfActin.ThreadSet.done(ThreadSet.java:54)
	at boxOfActin.ThreadSet$ThreadSpawn.run(ThreadSet.java:38)

"Thread-43" #82 [1076493] daemon prio=5 os_prio=0 cpu=0.05ms elapsed=208.37s tid=0x00007f91881ea560 nid=1076493 in Object.wait()  [0x00007f90e9ff3000]
   java.lang.Thread.State: WAITING (on object monitor)
	at java.lang.Object.wait0(java.base@21.0.11/Native Method)
	- waiting on <no object reference available>
	at java.lang.Object.wait(java.base@21.0.11/Object.java:366)
	at java.lang.Object.wait(java.base@21.0.11/Object.java:339)
	at boxOfActin.Barrier.threadDone(Barrier.java:49)
	- locked <0x0000000138690c40> (a java.lang.Object)
	at boxOfActin.ThreadSet.done(ThreadSet.java:54)
	at boxOfActin.ThreadSet$ThreadSpawn.run(ThreadSet.java:38)

"Thread-44" #83 [1076494] daemon prio=5 os_prio=0 cpu=0.06ms elapsed=208.37s tid=0x00007f91881ebaf0 nid=1076494 in Object.wait()  [0x00007f90e9ef3000]
   java.lang.Thread.State: WAITING (on object monitor)
	at java.lang.Object.wait0(java.base@21.0.11/Native Method)
	- waiting on <no object reference available>
	at java.lang.Object.wait(java.base@21.0.11/Object.java:366)
	at java.lang.Object.wait(java.base@21.0.11/Object.java:339)
	at boxOfActin.Barrier.threadDone(Barrier.java:49)
	- locked <0x0000000138690c40> (a java.lang.Object)
	at boxOfActin.ThreadSet.done(ThreadSet.java:54)
	at boxOfActin.ThreadSet$ThreadSpawn.run(ThreadSet.java:38)

"Thread-45" #84 [1076495] daemon prio=5 os_prio=0 cpu=0.05ms elapsed=208.37s tid=0x00007f91881ed260 nid=1076495 in Object.wait()  [0x00007f90e9df3000]
   java.lang.Thread.State: WAITING (on object monitor)
	at java.lang.Object.wait0(java.base@21.0.11/Native Method)
	- waiting on <no object reference available>
	at java.lang.Object.wait(java.base@21.0.11/Object.java:366)
	at java.lang.Object.wait(java.base@21.0.11/Object.java:339)
	at boxOfActin.Barrier.threadDone(Barrier.java:49)
	- locked <0x0000000138690c40> (a java.lang.Object)
	at boxOfActin.ThreadSet.done(ThreadSet.java:54)
	at boxOfActin.ThreadSet$ThreadSpawn.run(ThreadSet.java:38)

"Thread-46" #85 [1076496] daemon prio=5 os_prio=0 cpu=0.10ms elapsed=208.37s tid=0x00007f91881ee9e0 nid=1076496 in Object.wait()  [0x00007f90e9cf3000]
   java.lang.Thread.State: WAITING (on object monitor)
	at java.lang.Object.wait0(java.base@21.0.11/Native Method)
	- waiting on <no object reference available>
	at java.lang.Object.wait(java.base@21.0.11/Object.java:366)
	at java.lang.Object.wait(java.base@21.0.11/Object.java:339)
	at boxOfActin.Barrier.threadDone(Barrier.java:49)
	- locked <0x0000000138690c40> (a java.lang.Object)
	at boxOfActin.ThreadSet.done(ThreadSet.java:54)
	at boxOfActin.ThreadSet$ThreadSpawn.run(ThreadSet.java:38)

"Thread-47" #86 [1076497] daemon prio=5 os_prio=0 cpu=0.05ms elapsed=208.37s tid=0x00007f91881f0160 nid=1076497 in Object.wait()  [0x00007f90e9bf3000]
   java.lang.Thread.State: WAITING (on object monitor)
	at java.lang.Object.wait0(java.base@21.0.11/Native Method)
	- waiting on <no object reference available>
	at java.lang.Object.wait(java.base@21.0.11/Object.java:366)
	at java.lang.Object.wait(java.base@21.0.11/Object.java:339)
	at boxOfActin.Barrier.threadDone(Barrier.java:49)
	- locked <0x0000000138690c40> (a java.lang.Object)
	at boxOfActin.ThreadSet.done(ThreadSet.java:54)
	at boxOfActin.ThreadSet$ThreadSpawn.run(ThreadSet.java:38)

"Thread-48" #87 [1076498] daemon prio=5 os_prio=0 cpu=0.09ms elapsed=208.37s tid=0x00007f91881f1eb0 nid=1076498 in Object.wait()  [0x00007f90e9af3000]
   java.lang.Thread.State: WAITING (on object monitor)
	at java.lang.Object.wait0(java.base@21.0.11/Native Method)
	- waiting on <no object reference available>
	at java.lang.Object.wait(java.base@21.0.11/Object.java:366)
	at java.lang.Object.wait(java.base@21.0.11/Object.java:339)
	at boxOfActin.Barrier.threadDone(Barrier.java:49)
	- locked <0x0000000138690da0> (a java.lang.Object)
	at boxOfActin.ThreadSet.done(ThreadSet.java:54)
	at boxOfActin.ThreadSet$ThreadSpawn.run(ThreadSet.java:38)

"Thread-49" #88 [1076499] daemon prio=5 os_prio=0 cpu=0.06ms elapsed=208.37s tid=0x00007f91881f3150 nid=1076499 in Object.wait()  [0x00007f90e99f3000]
   java.lang.Thread.State: WAITING (on object monitor)
	at java.lang.Object.wait0(java.base@21.0.11/Native Method)
	- waiting on <no object reference available>
	at java.lang.Object.wait(java.base@21.0.11/Object.java:366)
	at java.lang.Object.wait(java.base@21.0.11/Object.java:339)
	at boxOfActin.Barrier.threadDone(Barrier.java:49)
	- locked <0x0000000138690da0> (a java.lang.Object)
	at boxOfActin.ThreadSet.done(ThreadSet.java:54)
	at boxOfActin.ThreadSet$ThreadSpawn.run(ThreadSet.java:38)

"Thread-50" #89 [1076500] daemon prio=5 os_prio=0 cpu=0.11ms elapsed=208.37s tid=0x00007f91881f46e0 nid=1076500 in Object.wait()  [0x00007f90e98f3000]
   java.lang.Thread.State: WAITING (on object monitor)
	at java.lang.Object.wait0(java.base@21.0.11/Native Method)
	- waiting on <no object reference available>
	at java.lang.Object.wait(java.base@21.0.11/Object.java:366)
	at java.lang.Object.wait(java.base@21.0.11/Object.java:339)
	at boxOfActin.Barrier.threadDone(Barrier.java:49)
	- locked <0x0000000138690da0> (a java.lang.Object)
	at boxOfActin.ThreadSet.done(ThreadSet.java:54)
	at boxOfActin.ThreadSet$ThreadSpawn.run(ThreadSet.java:38)

"Thread-51" #90 [1076501] daemon prio=5 os_prio=0 cpu=0.05ms elapsed=208.37s tid=0x00007f91881f5c70 nid=1076501 in Object.wait()  [0x00007f90e97f3000]
   java.lang.Thread.State: WAITING (on object monitor)
	at java.lang.Object.wait0(java.base@21.0.11/Native Method)
	- waiting on <no object reference available>
	at java.lang.Object.wait(java.base@21.0.11/Object.java:366)
	at java.lang.Object.wait(java.base@21.0.11/Object.java:339)
	at boxOfActin.Barrier.threadDone(Barrier.java:49)
	- locked <0x0000000138690da0> (a java.lang.Object)
	at boxOfActin.ThreadSet.done(ThreadSet.java:54)
	at boxOfActin.ThreadSet$ThreadSpawn.run(ThreadSet.java:38)

"Thread-52" #91 [1076502] daemon prio=5 os_prio=0 cpu=0.06ms elapsed=208.37s tid=0x00007f91881f72b0 nid=1076502 in Object.wait()  [0x00007f90e96f3000]
   java.lang.Thread.State: WAITING (on object monitor)
	at java.lang.Object.wait0(java.base@21.0.11/Native Method)
	- waiting on <no object reference available>
	at java.lang.Object.wait(java.base@21.0.11/Object.java:366)
	at java.lang.Object.wait(java.base@21.0.11/Object.java:339)
	at boxOfActin.Barrier.threadDone(Barrier.java:49)
	- locked <0x0000000138690da0> (a java.lang.Object)
	at boxOfActin.ThreadSet.done(ThreadSet.java:54)
	at boxOfActin.ThreadSet$ThreadSpawn.run(ThreadSet.java:38)

"Thread-53" #92 [1076503] daemon prio=5 os_prio=0 cpu=0.13ms elapsed=208.37s tid=0x00007f91881f8670 nid=1076503 in Object.wait()  [0x00007f90e95f3000]
   java.lang.Thread.State: WAITING (on object monitor)
	at java.lang.Object.wait0(java.base@21.0.11/Native Method)
	- waiting on <no object reference available>
	at java.lang.Object.wait(java.base@21.0.11/Object.java:366)
	at java.lang.Object.wait(java.base@21.0.11/Object.java:339)
	at boxOfActin.Barrier.threadDone(Barrier.java:49)
	- locked <0x0000000138690da0> (a java.lang.Object)
	at boxOfActin.ThreadSet.done(ThreadSet.java:54)
	at boxOfActin.ThreadSet$ThreadSpawn.run(ThreadSet.java:38)

"Thread-54" #93 [1076504] daemon prio=5 os_prio=0 cpu=0.07ms elapsed=208.37s tid=0x00007f91881f9e30 nid=1076504 in Object.wait()  [0x00007f90e94f3000]
   java.lang.Thread.State: WAITING (on object monitor)
	at java.lang.Object.wait0(java.base@21.0.11/Native Method)
	- waiting on <no object reference available>
	at java.lang.Object.wait(java.base@21.0.11/Object.java:366)
	at java.lang.Object.wait(java.base@21.0.11/Object.java:339)
	at boxOfActin.Barrier.threadDone(Barrier.java:49)
	- locked <0x0000000138690da0> (a java.lang.Object)
	at boxOfActin.ThreadSet.done(ThreadSet.java:54)
	at boxOfActin.ThreadSet$ThreadSpawn.run(ThreadSet.java:38)

"Thread-55" #94 [1076505] daemon prio=5 os_prio=0 cpu=0.11ms elapsed=208.37s tid=0x00007f91881fb5f0 nid=1076505 in Object.wait()  [0x00007f90e93f3000]
   java.lang.Thread.State: WAITING (on object monitor)
	at java.lang.Object.wait0(java.base@21.0.11/Native Method)
	- waiting on <no object reference available>
	at java.lang.Object.wait(java.base@21.0.11/Object.java:366)
	at java.lang.Object.wait(java.base@21.0.11/Object.java:339)
	at boxOfActin.Barrier.threadDone(Barrier.java:49)
	- locked <0x0000000138690da0> (a java.lang.Object)
	at boxOfActin.ThreadSet.done(ThreadSet.java:54)
	at boxOfActin.ThreadSet$ThreadSpawn.run(ThreadSet.java:38)

"Thread-56" #95 [1076506] daemon prio=5 os_prio=0 cpu=0.08ms elapsed=208.37s tid=0x00007f91881fcdc0 nid=1076506 in Object.wait()  [0x00007f90e92f3000]
   java.lang.Thread.State: WAITING (on object monitor)
	at java.lang.Object.wait0(java.base@21.0.11/Native Method)
	- waiting on <no object reference available>
	at java.lang.Object.wait(java.base@21.0.11/Object.java:366)
	at java.lang.Object.wait(java.base@21.0.11/Object.java:339)
	at boxOfActin.Barrier.threadDone(Barrier.java:49)
	- locked <0x0000000138690da0> (a java.lang.Object)
	at boxOfActin.ThreadSet.done(ThreadSet.java:54)
	at boxOfActin.ThreadSet$ThreadSpawn.run(ThreadSet.java:38)

"Thread-57" #96 [1076507] daemon prio=5 os_prio=0 cpu=0.07ms elapsed=208.37s tid=0x00007f91881fe590 nid=1076507 in Object.wait()  [0x00007f90e91f3000]
   java.lang.Thread.State: WAITING (on object monitor)
	at java.lang.Object.wait0(java.base@21.0.11/Native Method)
	- waiting on <no object reference available>
	at java.lang.Object.wait(java.base@21.0.11/Object.java:366)
	at java.lang.Object.wait(java.base@21.0.11/Object.java:339)
	at boxOfActin.Barrier.threadDone(Barrier.java:49)
	- locked <0x0000000138690da0> (a java.lang.Object)
	at boxOfActin.ThreadSet.done(ThreadSet.java:54)
	at boxOfActin.ThreadSet$ThreadSpawn.run(ThreadSet.java:38)

"Thread-58" #97 [1076508] daemon prio=5 os_prio=0 cpu=0.07ms elapsed=208.37s tid=0x00007f91881ffb20 nid=1076508 in Object.wait()  [0x00007f90e90f3000]
   java.lang.Thread.State: WAITING (on object monitor)
	at java.lang.Object.wait0(java.base@21.0.11/Native Method)
	- waiting on <no object reference available>
	at java.lang.Object.wait(java.base@21.0.11/Object.java:366)
	at java.lang.Object.wait(java.base@21.0.11/Object.java:339)
	at boxOfActin.Barrier.threadDone(Barrier.java:49)
	- locked <0x0000000138690da0> (a java.lang.Object)
	at boxOfActin.ThreadSet.done(ThreadSet.java:54)
	at boxOfActin.ThreadSet$ThreadSpawn.run(ThreadSet.java:38)

"Thread-59" #98 [1076509] daemon prio=5 os_prio=0 cpu=0.06ms elapsed=208.37s tid=0x00007f9188201300 nid=1076509 in Object.wait()  [0x00007f90e8ff3000]
   java.lang.Thread.State: WAITING (on object monitor)
	at java.lang.Object.wait0(java.base@21.0.11/Native Method)
	- waiting on <no object reference available>
	at java.lang.Object.wait(java.base@21.0.11/Object.java:366)
	at java.lang.Object.wait(java.base@21.0.11/Object.java:339)
	at boxOfActin.Barrier.threadDone(Barrier.java:49)
	- locked <0x0000000138690da0> (a java.lang.Object)
	at boxOfActin.ThreadSet.done(ThreadSet.java:54)
	at boxOfActin.ThreadSet$ThreadSpawn.run(ThreadSet.java:38)

"Thread-60" #99 [1076510] daemon prio=5 os_prio=0 cpu=0.07ms elapsed=208.37s tid=0x00007f9188202af0 nid=1076510 in Object.wait()  [0x00007f90e8ef3000]
   java.lang.Thread.State: WAITING (on object monitor)
	at java.lang.Object.wait0(java.base@21.0.11/Native Method)
	- waiting on <no object reference available>
	at java.lang.Object.wait(java.base@21.0.11/Object.java:366)
	at java.lang.Object.wait(java.base@21.0.11/Object.java:339)
	at boxOfActin.Barrier.threadDone(Barrier.java:49)
	- locked <0x0000000138690da0> (a java.lang.Object)
	at boxOfActin.ThreadSet.done(ThreadSet.java:54)
	at boxOfActin.ThreadSet$ThreadSpawn.run(ThreadSet.java:38)

"Thread-61" #100 [1076511] daemon prio=5 os_prio=0 cpu=0.06ms elapsed=208.37s tid=0x00007f91882042e0 nid=1076511 in Object.wait()  [0x00007f90e8df3000]
   java.lang.Thread.State: WAITING (on object monitor)
	at java.lang.Object.wait0(java.base@21.0.11/Native Method)
	- waiting on <no object reference available>
	at java.lang.Object.wait(java.base@21.0.11/Object.java:366)
	at java.lang.Object.wait(java.base@21.0.11/Object.java:339)
	at boxOfActin.Barrier.threadDone(Barrier.java:49)
	- locked <0x0000000138690da0> (a java.lang.Object)
	at boxOfActin.ThreadSet.done(ThreadSet.java:54)
	at boxOfActin.ThreadSet$ThreadSpawn.run(ThreadSet.java:38)

"Thread-62" #101 [1076512] daemon prio=5 os_prio=0 cpu=0.07ms elapsed=208.37s tid=0x00007f9188205ae0 nid=1076512 in Object.wait()  [0x00007f90e8cf3000]
   java.lang.Thread.State: WAITING (on object monitor)
	at java.lang.Object.wait0(java.base@21.0.11/Native Method)
	- waiting on <no object reference available>
	at java.lang.Object.wait(java.base@21.0.11/Object.java:366)
	at java.lang.Object.wait(java.base@21.0.11/Object.java:339)
	at boxOfActin.Barrier.threadDone(Barrier.java:49)
	- locked <0x0000000138690da0> (a java.lang.Object)
	at boxOfActin.ThreadSet.done(ThreadSet.java:54)
	at boxOfActin.ThreadSet$ThreadSpawn.run(ThreadSet.java:38)

"Thread-63" #102 [1076513] daemon prio=5 os_prio=0 cpu=0.05ms elapsed=208.37s tid=0x00007f91882072e0 nid=1076513 in Object.wait()  [0x00007f90e8bf3000]
   java.lang.Thread.State: WAITING (on object monitor)
	at java.lang.Object.wait0(java.base@21.0.11/Native Method)
	- waiting on <no object reference available>
	at java.lang.Object.wait(java.base@21.0.11/Object.java:366)
	at java.lang.Object.wait(java.base@21.0.11/Object.java:339)
	at boxOfActin.Barrier.threadDone(Barrier.java:49)
	- locked <0x0000000138690da0> (a java.lang.Object)
	at boxOfActin.ThreadSet.done(ThreadSet.java:54)
	at boxOfActin.ThreadSet$ThreadSpawn.run(ThreadSet.java:38)

"Thread-64" #103 [1076514] daemon prio=5 os_prio=0 cpu=1818.25ms elapsed=208.36s tid=0x00007f9188209940 nid=1076514 in Object.wait()  [0x00007f90e8af3000]
   java.lang.Thread.State: WAITING (on object monitor)
	at java.lang.Object.wait0(java.base@21.0.11/Native Method)
	- waiting on <no object reference available>
	at java.lang.Object.wait(java.base@21.0.11/Object.java:366)
	at java.lang.Object.wait(java.base@21.0.11/Object.java:339)
	at boxOfActin.Barrier.threadDone(Barrier.java:49)
	- locked <0x000000012a0e6468> (a java.lang.Object)
	at boxOfActin.ThreadSet.done(ThreadSet.java:54)
	at boxOfActin.ThreadSet$ThreadSpawn.run(ThreadSet.java:41)

"Thread-65" #104 [1076515] daemon prio=5 os_prio=0 cpu=1762.38ms elapsed=208.36s tid=0x00007f918820a5e0 nid=1076515 in Object.wait()  [0x00007f90e89f3000]
   java.lang.Thread.State: WAITING (on object monitor)
	at java.lang.Object.wait0(java.base@21.0.11/Native Method)
	- waiting on <no object reference available>
	at java.lang.Object.wait(java.base@21.0.11/Object.java:366)
	at java.lang.Object.wait(java.base@21.0.11/Object.java:339)
	at boxOfActin.Barrier.threadDone(Barrier.java:49)
	- locked <0x000000012a0e6468> (a java.lang.Object)
	at boxOfActin.ThreadSet.done(ThreadSet.java:54)
	at boxOfActin.ThreadSet$ThreadSpawn.run(ThreadSet.java:41)

"Thread-66" #105 [1076516] daemon prio=5 os_prio=0 cpu=1780.65ms elapsed=208.36s tid=0x00007f918820e3f0 nid=1076516 in Object.wait()  [0x00007f90e88f3000]
   java.lang.Thread.State: WAITING (on object monitor)
	at java.lang.Object.wait0(java.base@21.0.11/Native Method)
	- waiting on <no object reference available>
	at java.lang.Object.wait(java.base@21.0.11/Object.java:366)
	at java.lang.Object.wait(java.base@21.0.11/Object.java:339)
	at boxOfActin.Barrier.threadDone(Barrier.java:49)
	- locked <0x000000012a0e6468> (a java.lang.Object)
	at boxOfActin.ThreadSet.done(ThreadSet.java:54)
	at boxOfActin.ThreadSet$ThreadSpawn.run(ThreadSet.java:41)

"Thread-67" #106 [1076517] daemon prio=5 os_prio=0 cpu=1848.27ms elapsed=208.36s tid=0x00007f918820f820 nid=1076517 in Object.wait()  [0x00007f90e87f3000]
   java.lang.Thread.State: WAITING (on object monitor)
	at java.lang.Object.wait0(java.base@21.0.11/Native Method)
	- waiting on <no object reference available>
	at java.lang.Object.wait(java.base@21.0.11/Object.java:366)
	at java.lang.Object.wait(java.base@21.0.11/Object.java:339)
	at boxOfActin.Barrier.threadDone(Barrier.java:49)
	- locked <0x000000012a0e6468> (a java.lang.Object)
	at boxOfActin.ThreadSet.done(ThreadSet.java:54)
	at boxOfActin.ThreadSet$ThreadSpawn.run(ThreadSet.java:41)

"Thread-68" #107 [1076518] daemon prio=5 os_prio=0 cpu=1833.80ms elapsed=208.36s tid=0x00007f91882109b0 nid=1076518 in Object.wait()  [0x00007f90e86f3000]
   java.lang.Thread.State: WAITING (on object monitor)
	at java.lang.Object.wait0(java.base@21.0.11/Native Method)
	- waiting on <no object reference available>
	at java.lang.Object.wait(java.base@21.0.11/Object.java:366)
	at java.lang.Object.wait(java.base@21.0.11/Object.java:339)
	at boxOfActin.Barrier.threadDone(Barrier.java:49)
	- locked <0x000000012a0e6468> (a java.lang.Object)
	at boxOfActin.ThreadSet.done(ThreadSet.java:54)
	at boxOfActin.ThreadSet$ThreadSpawn.run(ThreadSet.java:41)

"Thread-69" #108 [1076519] daemon prio=5 os_prio=0 cpu=1836.58ms elapsed=208.36s tid=0x00007f9188211df0 nid=1076519 in Object.wait()  [0x00007f90e85f3000]
   java.lang.Thread.State: WAITING (on object monitor)
	at java.lang.Object.wait0(java.base@21.0.11/Native Method)
	- waiting on <no object reference available>
	at java.lang.Object.wait(java.base@21.0.11/Object.java:366)
	at java.lang.Object.wait(java.base@21.0.11/Object.java:339)
	at boxOfActin.Barrier.threadDone(Barrier.java:49)
	- locked <0x000000012a0e6468> (a java.lang.Object)
	at boxOfActin.ThreadSet.done(ThreadSet.java:54)
	at boxOfActin.ThreadSet$ThreadSpawn.run(ThreadSet.java:41)

"Thread-70" #109 [1076520] daemon prio=5 os_prio=0 cpu=1837.02ms elapsed=208.36s tid=0x00007f9188212f90 nid=1076520 in Object.wait()  [0x00007f90e84f3000]
   java.lang.Thread.State: WAITING (on object monitor)
	at java.lang.Object.wait0(java.base@21.0.11/Native Method)
	- waiting on <no object reference available>
	at java.lang.Object.wait(java.base@21.0.11/Object.java:366)
	at java.lang.Object.wait(java.base@21.0.11/Object.java:339)
	at boxOfActin.Barrier.threadDone(Barrier.java:49)
	- locked <0x000000012a0e6468> (a java.lang.Object)
	at boxOfActin.ThreadSet.done(ThreadSet.java:54)
	at boxOfActin.ThreadSet$ThreadSpawn.run(ThreadSet.java:41)

"Thread-71" #110 [1076521] daemon prio=5 os_prio=0 cpu=1846.28ms elapsed=208.36s tid=0x00007f91882143e0 nid=1076521 in Object.wait()  [0x00007f90e83f3000]
   java.lang.Thread.State: WAITING (on object monitor)
	at java.lang.Object.wait0(java.base@21.0.11/Native Method)
	- waiting on <no object reference available>
	at java.lang.Object.wait(java.base@21.0.11/Object.java:366)
	at java.lang.Object.wait(java.base@21.0.11/Object.java:339)
	at boxOfActin.Barrier.threadDone(Barrier.java:49)
	- locked <0x000000012a0e6468> (a java.lang.Object)
	at boxOfActin.ThreadSet.done(ThreadSet.java:54)
	at boxOfActin.ThreadSet$ThreadSpawn.run(ThreadSet.java:41)

"Thread-72" #111 [1076522] daemon prio=5 os_prio=0 cpu=1820.11ms elapsed=208.36s tid=0x00007f9188215c30 nid=1076522 in Object.wait()  [0x00007f90e82f3000]
   java.lang.Thread.State: WAITING (on object monitor)
	at java.lang.Object.wait0(java.base@21.0.11/Native Method)
	- waiting on <no object reference available>
	at java.lang.Object.wait(java.base@21.0.11/Object.java:366)
	at java.lang.Object.wait(java.base@21.0.11/Object.java:339)
	at boxOfActin.Barrier.threadDone(Barrier.java:49)
	- locked <0x000000012a0e6468> (a java.lang.Object)
	at boxOfActin.ThreadSet.done(ThreadSet.java:54)
	at boxOfActin.ThreadSet$ThreadSpawn.run(ThreadSet.java:41)

"Thread-73" #112 [1076523] daemon prio=5 os_prio=0 cpu=1815.07ms elapsed=208.36s tid=0x00007f9188217480 nid=1076523 in Object.wait()  [0x00007f90e81f3000]
   java.lang.Thread.State: WAITING (on object monitor)
	at java.lang.Object.wait0(java.base@21.0.11/Native Method)
	- waiting on <no object reference available>
	at java.lang.Object.wait(java.base@21.0.11/Object.java:366)
	at java.lang.Object.wait(java.base@21.0.11/Object.java:339)
	at boxOfActin.Barrier.threadDone(Barrier.java:49)
	- locked <0x000000012a0e6468> (a java.lang.Object)
	at boxOfActin.ThreadSet.done(ThreadSet.java:54)
	at boxOfActin.ThreadSet$ThreadSpawn.run(ThreadSet.java:41)

"Thread-74" #113 [1076524] daemon prio=5 os_prio=0 cpu=1794.09ms elapsed=208.36s tid=0x00007f9188218a10 nid=1076524 in Object.wait()  [0x00007f8f63ffe000]
   java.lang.Thread.State: WAITING (on object monitor)
	at java.lang.Object.wait0(java.base@21.0.11/Native Method)
	- waiting on <no object reference available>
	at java.lang.Object.wait(java.base@21.0.11/Object.java:366)
	at java.lang.Object.wait(java.base@21.0.11/Object.java:339)
	at boxOfActin.Barrier.threadDone(Barrier.java:49)
	- locked <0x000000012a0e6468> (a java.lang.Object)
	at boxOfActin.ThreadSet.done(ThreadSet.java:54)
	at boxOfActin.ThreadSet$ThreadSpawn.run(ThreadSet.java:41)

"Thread-75" #114 [1076525] daemon prio=5 os_prio=0 cpu=1847.63ms elapsed=208.36s tid=0x00007f918821a270 nid=1076525 in Object.wait()  [0x00007f8f63efe000]
   java.lang.Thread.State: WAITING (on object monitor)
	at java.lang.Object.wait0(java.base@21.0.11/Native Method)
	- waiting on <no object reference available>
	at java.lang.Object.wait(java.base@21.0.11/Object.java:366)
	at java.lang.Object.wait(java.base@21.0.11/Object.java:339)
	at boxOfActin.Barrier.threadDone(Barrier.java:49)
	- locked <0x000000012a0e6468> (a java.lang.Object)
	at boxOfActin.ThreadSet.done(ThreadSet.java:54)
	at boxOfActin.ThreadSet$ThreadSpawn.run(ThreadSet.java:41)

"Thread-76" #115 [1076526] daemon prio=5 os_prio=0 cpu=1823.22ms elapsed=208.36s tid=0x00007f918821b800 nid=1076526 in Object.wait()  [0x00007f8f63dfe000]
   java.lang.Thread.State: WAITING (on object monitor)
	at java.lang.Object.wait0(java.base@21.0.11/Native Method)
	- waiting on <no object reference available>
	at java.lang.Object.wait(java.base@21.0.11/Object.java:366)
	at java.lang.Object.wait(java.base@21.0.11/Object.java:339)
	at boxOfActin.Barrier.threadDone(Barrier.java:49)
	- locked <0x000000012a0e6468> (a java.lang.Object)
	at boxOfActin.ThreadSet.done(ThreadSet.java:54)
	at boxOfActin.ThreadSet$ThreadSpawn.run(ThreadSet.java:41)

"Thread-77" #116 [1076527] daemon prio=5 os_prio=0 cpu=1836.75ms elapsed=208.36s tid=0x00007f918821d070 nid=1076527 in Object.wait()  [0x00007f8f63cfe000]
   java.lang.Thread.State: WAITING (on object monitor)
	at java.lang.Object.wait0(java.base@21.0.11/Native Method)
	- waiting on <no object reference available>
	at java.lang.Object.wait(java.base@21.0.11/Object.java:366)
	at java.lang.Object.wait(java.base@21.0.11/Object.java:339)
	at boxOfActin.Barrier.threadDone(Barrier.java:49)
	- locked <0x000000012a0e6468> (a java.lang.Object)
	at boxOfActin.ThreadSet.done(ThreadSet.java:54)
	at boxOfActin.ThreadSet$ThreadSpawn.run(ThreadSet.java:41)

"Thread-78" #117 [1076528] daemon prio=5 os_prio=0 cpu=1855.26ms elapsed=208.36s tid=0x00007f918821e8f0 nid=1076528 in Object.wait()  [0x00007f8f63bfe000]
   java.lang.Thread.State: WAITING (on object monitor)
	at java.lang.Object.wait0(java.base@21.0.11/Native Method)
	- waiting on <no object reference available>
	at java.lang.Object.wait(java.base@21.0.11/Object.java:366)
	at java.lang.Object.wait(java.base@21.0.11/Object.java:339)
	at boxOfActin.Barrier.threadDone(Barrier.java:49)
	- locked <0x000000012a0e6468> (a java.lang.Object)
	at boxOfActin.ThreadSet.done(ThreadSet.java:54)
	at boxOfActin.ThreadSet$ThreadSpawn.run(ThreadSet.java:41)

"Thread-79" #118 [1076529] daemon prio=5 os_prio=0 cpu=1816.76ms elapsed=208.36s tid=0x00007f9188220170 nid=1076529 in Object.wait()  [0x00007f8f63afe000]
   java.lang.Thread.State: WAITING (on object monitor)
	at java.lang.Object.wait0(java.base@21.0.11/Native Method)
	- waiting on <no object reference available>
	at java.lang.Object.wait(java.base@21.0.11/Object.java:366)
	at java.lang.Object.wait(java.base@21.0.11/Object.java:339)
	at boxOfActin.Barrier.threadDone(Barrier.java:49)
	- locked <0x000000012a0e6468> (a java.lang.Object)
	at boxOfActin.ThreadSet.done(ThreadSet.java:54)
	at boxOfActin.ThreadSet$ThreadSpawn.run(ThreadSet.java:41)

"Thread-80" #122 [1076595] daemon prio=5 os_prio=0 cpu=0.11ms elapsed=193.95s tid=0x00007f91882fded0 nid=1076595 in Object.wait()  [0x00007f8f636fc000]
   java.lang.Thread.State: WAITING (on object monitor)
	at java.lang.Object.wait0(java.base@21.0.11/Native Method)
	- waiting on <no object reference available>
	at java.lang.Object.wait(java.base@21.0.11/Object.java:366)
	at java.lang.Object.wait(java.base@21.0.11/Object.java:339)
	at boxOfActin.Barrier.threadDone(Barrier.java:49)
	- locked <0x00000005e1691f58> (a java.lang.Object)
	at boxOfActin.ThreadSet.done(ThreadSet.java:54)
	at boxOfActin.ThreadSet$ThreadSpawn.run(ThreadSet.java:38)

"Thread-81" #123 [1076596] daemon prio=5 os_prio=0 cpu=0.09ms elapsed=193.95s tid=0x00007f91882fed30 nid=1076596 in Object.wait()  [0x00007f914ca66000]
   java.lang.Thread.State: WAITING (on object monitor)
	at java.lang.Object.wait0(java.base@21.0.11/Native Method)
	- waiting on <no object reference available>
	at java.lang.Object.wait(java.base@21.0.11/Object.java:366)
	at java.lang.Object.wait(java.base@21.0.11/Object.java:339)
	at boxOfActin.Barrier.threadDone(Barrier.java:49)
	- locked <0x00000005e1691f58> (a java.lang.Object)
	at boxOfActin.ThreadSet.done(ThreadSet.java:54)
	at boxOfActin.ThreadSet$ThreadSpawn.run(ThreadSet.java:38)

"Thread-82" #124 [1076597] daemon prio=5 os_prio=0 cpu=0.11ms elapsed=193.95s tid=0x00007f91882ed930 nid=1076597 in Object.wait()  [0x00007f8f635fc000]
   java.lang.Thread.State: WAITING (on object monitor)
	at java.lang.Object.wait0(java.base@21.0.11/Native Method)
	- waiting on <no object reference available>
	at java.lang.Object.wait(java.base@21.0.11/Object.java:366)
	at java.lang.Object.wait(java.base@21.0.11/Object.java:339)
	at boxOfActin.Barrier.threadDone(Barrier.java:49)
	- locked <0x00000005e1691f58> (a java.lang.Object)
	at boxOfActin.ThreadSet.done(ThreadSet.java:54)
	at boxOfActin.ThreadSet$ThreadSpawn.run(ThreadSet.java:38)

"Thread-83" #125 [1076598] daemon prio=5 os_prio=0 cpu=0.10ms elapsed=193.95s tid=0x00007f91882eebe0 nid=1076598 in Object.wait()  [0x00007f8f633f5000]
   java.lang.Thread.State: WAITING (on object monitor)
	at java.lang.Object.wait0(java.base@21.0.11/Native Method)
	- waiting on <no object reference available>
	at java.lang.Object.wait(java.base@21.0.11/Object.java:366)
	at java.lang.Object.wait(java.base@21.0.11/Object.java:339)
	at boxOfActin.Barrier.threadDone(Barrier.java:49)
	- locked <0x00000005e1691f58> (a java.lang.Object)
	at boxOfActin.ThreadSet.done(ThreadSet.java:54)
	at boxOfActin.ThreadSet$ThreadSpawn.run(ThreadSet.java:38)

"Thread-84" #126 [1076599] daemon prio=5 os_prio=0 cpu=0.12ms elapsed=193.95s tid=0x00007f9188304f00 nid=1076599 in Object.wait()  [0x00007f8f632f5000]
   java.lang.Thread.State: WAITING (on object monitor)
	at java.lang.Object.wait0(java.base@21.0.11/Native Method)
	- waiting on <no object reference available>
	at java.lang.Object.wait(java.base@21.0.11/Object.java:366)
	at java.lang.Object.wait(java.base@21.0.11/Object.java:339)
	at boxOfActin.Barrier.threadDone(Barrier.java:49)
	- locked <0x00000005e1691f58> (a java.lang.Object)
	at boxOfActin.ThreadSet.done(ThreadSet.java:54)
	at boxOfActin.ThreadSet$ThreadSpawn.run(ThreadSet.java:38)

"Thread-85" #127 [1076600] daemon prio=5 os_prio=0 cpu=0.12ms elapsed=193.95s tid=0x00007f91883063c0 nid=1076600 in Object.wait()  [0x00007f8f631f5000]
   java.lang.Thread.State: WAITING (on object monitor)
	at java.lang.Object.wait0(java.base@21.0.11/Native Method)
	- waiting on <no object reference available>
	at java.lang.Object.wait(java.base@21.0.11/Object.java:366)
	at java.lang.Object.wait(java.base@21.0.11/Object.java:339)
	at boxOfActin.Barrier.threadDone(Barrier.java:49)
	- locked <0x00000005e1691f58> (a java.lang.Object)
	at boxOfActin.ThreadSet.done(ThreadSet.java:54)
	at boxOfActin.ThreadSet$ThreadSpawn.run(ThreadSet.java:38)

"Thread-86" #128 [1076601] daemon prio=5 os_prio=0 cpu=0.12ms elapsed=193.78s tid=0x00007f9188327520 nid=1076601 in Object.wait()  [0x00007f8f630f5000]
   java.lang.Thread.State: WAITING (on object monitor)
	at java.lang.Object.wait0(java.base@21.0.11/Native Method)
	- waiting on <no object reference available>
	at java.lang.Object.wait(java.base@21.0.11/Object.java:366)
	at java.lang.Object.wait(java.base@21.0.11/Object.java:339)
	at boxOfActin.Barrier.threadDone(Barrier.java:49)
	- locked <0x00000005e1691f58> (a java.lang.Object)
	at boxOfActin.ThreadSet.done(ThreadSet.java:54)
	at boxOfActin.ThreadSet$ThreadSpawn.run(ThreadSet.java:38)

"Thread-87" #129 [1076602] daemon prio=5 os_prio=0 cpu=0.09ms elapsed=193.78s tid=0x00007f91883289f0 nid=1076602 in Object.wait()  [0x00007f8f62ff5000]
   java.lang.Thread.State: WAITING (on object monitor)
	at java.lang.Object.wait0(java.base@21.0.11/Native Method)
	- waiting on <no object reference available>
	at java.lang.Object.wait(java.base@21.0.11/Object.java:366)
	at java.lang.Object.wait(java.base@21.0.11/Object.java:339)
	at boxOfActin.Barrier.threadDone(Barrier.java:49)
	- locked <0x00000005e1691f58> (a java.lang.Object)
	at boxOfActin.ThreadSet.done(ThreadSet.java:54)
	at boxOfActin.ThreadSet$ThreadSpawn.run(ThreadSet.java:38)

"Thread-88" #130 [1076603] daemon prio=5 os_prio=0 cpu=0.10ms elapsed=193.78s tid=0x00007f9188329b90 nid=1076603 in Object.wait()  [0x00007f8f62ef5000]
   java.lang.Thread.State: WAITING (on object monitor)
	at java.lang.Object.wait0(java.base@21.0.11/Native Method)
	- waiting on <no object reference available>
	at java.lang.Object.wait(java.base@21.0.11/Object.java:366)
	at java.lang.Object.wait(java.base@21.0.11/Object.java:339)
	at boxOfActin.Barrier.threadDone(Barrier.java:49)
	- locked <0x00000005e1691f58> (a java.lang.Object)
	at boxOfActin.ThreadSet.done(ThreadSet.java:54)
	at boxOfActin.ThreadSet$ThreadSpawn.run(ThreadSet.java:38)

"Thread-89" #131 [1076604] daemon prio=5 os_prio=0 cpu=0.08ms elapsed=193.78s tid=0x00007f918832b070 nid=1076604 in Object.wait()  [0x00007f8f62df5000]
   java.lang.Thread.State: WAITING (on object monitor)
	at java.lang.Object.wait0(java.base@21.0.11/Native Method)
	- waiting on <no object reference available>
	at java.lang.Object.wait(java.base@21.0.11/Object.java:366)
	at java.lang.Object.wait(java.base@21.0.11/Object.java:339)
	at boxOfActin.Barrier.threadDone(Barrier.java:49)
	- locked <0x00000005e1691f58> (a java.lang.Object)
	at boxOfActin.ThreadSet.done(ThreadSet.java:54)
	at boxOfActin.ThreadSet$ThreadSpawn.run(ThreadSet.java:38)

"Thread-90" #132 [1076605] daemon prio=5 os_prio=0 cpu=0.10ms elapsed=193.78s tid=0x00007f918832c210 nid=1076605 in Object.wait()  [0x00007f8f62cf5000]
   java.lang.Thread.State: WAITING (on object monitor)
	at java.lang.Object.wait0(java.base@21.0.11/Native Method)
	- waiting on <no object reference available>
	at java.lang.Object.wait(java.base@21.0.11/Object.java:366)
	at java.lang.Object.wait(java.base@21.0.11/Object.java:339)
	at boxOfActin.Barrier.threadDone(Barrier.java:49)
	- locked <0x00000005e1691f58> (a java.lang.Object)
	at boxOfActin.ThreadSet.done(ThreadSet.java:54)
	at boxOfActin.ThreadSet$ThreadSpawn.run(ThreadSet.java:38)

"Thread-91" #133 [1076606] daemon prio=5 os_prio=0 cpu=0.06ms elapsed=193.78s tid=0x00007f918832d380 nid=1076606 in Object.wait()  [0x00007f914cc66000]
   java.lang.Thread.State: WAITING (on object monitor)
	at java.lang.Object.wait0(java.base@21.0.11/Native Method)
	- waiting on <no object reference available>
	at java.lang.Object.wait(java.base@21.0.11/Object.java:366)
	at java.lang.Object.wait(java.base@21.0.11/Object.java:339)
	at boxOfActin.Barrier.threadDone(Barrier.java:49)
	- locked <0x00000005e1691f58> (a java.lang.Object)
	at boxOfActin.ThreadSet.done(ThreadSet.java:54)
	at boxOfActin.ThreadSet$ThreadSpawn.run(ThreadSet.java:38)

"Thread-92" #134 [1076607] daemon prio=5 os_prio=0 cpu=0.10ms elapsed=193.78s tid=0x00007f918832e2a0 nid=1076607 in Object.wait()  [0x00007f8f62bf5000]
   java.lang.Thread.State: WAITING (on object monitor)
	at java.lang.Object.wait0(java.base@21.0.11/Native Method)
	- waiting on <no object reference available>
	at java.lang.Object.wait(java.base@21.0.11/Object.java:366)
	at java.lang.Object.wait(java.base@21.0.11/Object.java:339)
	at boxOfActin.Barrier.threadDone(Barrier.java:49)
	- locked <0x00000005e1691f58> (a java.lang.Object)
	at boxOfActin.ThreadSet.done(ThreadSet.java:54)
	at boxOfActin.ThreadSet$ThreadSpawn.run(ThreadSet.java:38)

"Thread-93" #135 [1076608] daemon prio=5 os_prio=0 cpu=0.06ms elapsed=193.78s tid=0x00007f918832f3d0 nid=1076608 in Object.wait()  [0x00007f8f62af5000]
   java.lang.Thread.State: WAITING (on object monitor)
	at java.lang.Object.wait0(java.base@21.0.11/Native Method)
	- waiting on <no object reference available>
	at java.lang.Object.wait(java.base@21.0.11/Object.java:366)
	at java.lang.Object.wait(java.base@21.0.11/Object.java:339)
	at boxOfActin.Barrier.threadDone(Barrier.java:49)
	- locked <0x00000005e1691f58> (a java.lang.Object)
	at boxOfActin.ThreadSet.done(ThreadSet.java:54)
	at boxOfActin.ThreadSet$ThreadSpawn.run(ThreadSet.java:38)

"Thread-94" #136 [1076609] daemon prio=5 os_prio=0 cpu=0.04ms elapsed=193.78s tid=0x00007f9188330cc0 nid=1076609 in Object.wait()  [0x00007f8f629f5000]
   java.lang.Thread.State: WAITING (on object monitor)
	at java.lang.Object.wait0(java.base@21.0.11/Native Method)
	- waiting on <no object reference available>
	at java.lang.Object.wait(java.base@21.0.11/Object.java:366)
	at java.lang.Object.wait(java.base@21.0.11/Object.java:339)
	at boxOfActin.Barrier.threadDone(Barrier.java:49)
	- locked <0x00000005e1691f58> (a java.lang.Object)
	at boxOfActin.ThreadSet.done(ThreadSet.java:54)
	at boxOfActin.ThreadSet$ThreadSpawn.run(ThreadSet.java:38)

"Thread-95" #137 [1076610] daemon prio=5 os_prio=0 cpu=0.05ms elapsed=193.78s tid=0x00007f9188332250 nid=1076610 in Object.wait()  [0x00007f8f628f5000]
   java.lang.Thread.State: WAITING (on object monitor)
	at java.lang.Object.wait0(java.base@21.0.11/Native Method)
	- waiting on <no object reference available>
	at java.lang.Object.wait(java.base@21.0.11/Object.java:366)
	at java.lang.Object.wait(java.base@21.0.11/Object.java:339)
	at boxOfActin.Barrier.threadDone(Barrier.java:49)
	- locked <0x00000005e1691f58> (a java.lang.Object)
	at boxOfActin.ThreadSet.done(ThreadSet.java:54)
	at boxOfActin.ThreadSet$ThreadSpawn.run(ThreadSet.java:38)

"Thread-96" #138 [1076611] daemon prio=5 os_prio=0 cpu=0.04ms elapsed=193.78s tid=0x00007f9188334080 nid=1076611 in Object.wait()  [0x00007f8f627f5000]
   java.lang.Thread.State: WAITING (on object monitor)
	at java.lang.Object.wait0(java.base@21.0.11/Native Method)
	- waiting on <no object reference available>
	at java.lang.Object.wait(java.base@21.0.11/Object.java:366)
	at java.lang.Object.wait(java.base@21.0.11/Object.java:339)
	at boxOfActin.Barrier.threadDone(Barrier.java:49)
	- locked <0x000000060d73e2d8> (a java.lang.Object)
	at boxOfActin.ThreadSet.done(ThreadSet.java:54)
	at boxOfActin.ThreadSet$ThreadSpawn.run(ThreadSet.java:38)

"Thread-97" #139 [1076612] daemon prio=5 os_prio=0 cpu=0.04ms elapsed=193.78s tid=0x00007f9188335160 nid=1076612 in Object.wait()  [0x00007f8f626f5000]
   java.lang.Thread.State: WAITING (on object monitor)
	at java.lang.Object.wait0(java.base@21.0.11/Native Method)
	- waiting on <no object reference available>
	at java.lang.Object.wait(java.base@21.0.11/Object.java:366)
	at java.lang.Object.wait(java.base@21.0.11/Object.java:339)
	at boxOfActin.Barrier.threadDone(Barrier.java:49)
	- locked <0x000000060d73e2d8> (a java.lang.Object)
	at boxOfActin.ThreadSet.done(ThreadSet.java:54)
	at boxOfActin.ThreadSet$ThreadSpawn.run(ThreadSet.java:38)

"Thread-98" #140 [1076613] daemon prio=5 os_prio=0 cpu=0.04ms elapsed=193.78s tid=0x00007f9188336a70 nid=1076613 in Object.wait()  [0x00007f8f625f5000]
   java.lang.Thread.State: WAITING (on object monitor)
	at java.lang.Object.wait0(java.base@21.0.11/Native Method)
	- waiting on <no object reference available>
	at java.lang.Object.wait(java.base@21.0.11/Object.java:366)
	at java.lang.Object.wait(java.base@21.0.11/Object.java:339)
	at boxOfActin.Barrier.threadDone(Barrier.java:49)
	- locked <0x000000060d73e2d8> (a java.lang.Object)
	at boxOfActin.ThreadSet.done(ThreadSet.java:54)
	at boxOfActin.ThreadSet$ThreadSpawn.run(ThreadSet.java:38)

"Thread-99" #141 [1076614] daemon prio=5 os_prio=0 cpu=0.09ms elapsed=193.78s tid=0x00007f9188338000 nid=1076614 in Object.wait()  [0x00007f8f624f5000]
   java.lang.Thread.State: WAITING (on object monitor)
	at java.lang.Object.wait0(java.base@21.0.11/Native Method)
	- waiting on <no object reference available>
	at java.lang.Object.wait(java.base@21.0.11/Object.java:366)
	at java.lang.Object.wait(java.base@21.0.11/Object.java:339)
	at boxOfActin.Barrier.threadDone(Barrier.java:49)
	- locked <0x000000060d73e2d8> (a java.lang.Object)
	at boxOfActin.ThreadSet.done(ThreadSet.java:54)
	at boxOfActin.ThreadSet$ThreadSpawn.run(ThreadSet.java:38)

"Thread-100" #142 [1076615] daemon prio=5 os_prio=0 cpu=0.05ms elapsed=193.78s tid=0x00007f9188339920 nid=1076615 in Object.wait()  [0x00007f8f623f5000]
   java.lang.Thread.State: WAITING (on object monitor)
	at java.lang.Object.wait0(java.base@21.0.11/Native Method)
	- waiting on <no object reference available>
	at java.lang.Object.wait(java.base@21.0.11/Object.java:366)
	at java.lang.Object.wait(java.base@21.0.11/Object.java:339)
	at boxOfActin.Barrier.threadDone(Barrier.java:49)
	- locked <0x000000060d73e2d8> (a java.lang.Object)
	at boxOfActin.ThreadSet.done(ThreadSet.java:54)
	at boxOfActin.ThreadSet$ThreadSpawn.run(ThreadSet.java:38)

"Thread-101" #143 [1076616] daemon prio=5 os_prio=0 cpu=0.08ms elapsed=193.78s tid=0x00007f918833b130 nid=1076616 in Object.wait()  [0x00007f8f622f5000]
   java.lang.Thread.State: WAITING (on object monitor)
	at java.lang.Object.wait0(java.base@21.0.11/Native Method)
	- waiting on <no object reference available>
	at java.lang.Object.wait(java.base@21.0.11/Object.java:366)
	at java.lang.Object.wait(java.base@21.0.11/Object.java:339)
	at boxOfActin.Barrier.threadDone(Barrier.java:49)
	- locked <0x000000060d73e2d8> (a java.lang.Object)
	at boxOfActin.ThreadSet.done(ThreadSet.java:54)
	at boxOfActin.ThreadSet$ThreadSpawn.run(ThreadSet.java:38)

"Thread-102" #144 [1076617] daemon prio=5 os_prio=0 cpu=0.06ms elapsed=193.78s tid=0x00007f918833ca60 nid=1076617 in Object.wait()  [0x00007f8f621f5000]
   java.lang.Thread.State: WAITING (on object monitor)
	at java.lang.Object.wait0(java.base@21.0.11/Native Method)
	- waiting on <no object reference available>
	at java.lang.Object.wait(java.base@21.0.11/Object.java:366)
	at java.lang.Object.wait(java.base@21.0.11/Object.java:339)
	at boxOfActin.Barrier.threadDone(Barrier.java:49)
	- locked <0x000000060d73e2d8> (a java.lang.Object)
	at boxOfActin.ThreadSet.done(ThreadSet.java:54)
	at boxOfActin.ThreadSet$ThreadSpawn.run(ThreadSet.java:38)

"Thread-103" #145 [1076618] daemon prio=5 os_prio=0 cpu=0.09ms elapsed=193.78s tid=0x00007f918833d9f0 nid=1076618 in Object.wait()  [0x00007f914cb66000]
   java.lang.Thread.State: WAITING (on object monitor)
	at java.lang.Object.wait0(java.base@21.0.11/Native Method)
	- waiting on <no object reference available>
	at java.lang.Object.wait(java.base@21.0.11/Object.java:366)
	at java.lang.Object.wait(java.base@21.0.11/Object.java:339)
	at boxOfActin.Barrier.threadDone(Barrier.java:49)
	- locked <0x000000060d73e2d8> (a java.lang.Object)
	at boxOfActin.ThreadSet.done(ThreadSet.java:54)
	at boxOfActin.ThreadSet$ThreadSpawn.run(ThreadSet.java:38)

"Thread-104" #146 [1076619] daemon prio=5 os_prio=0 cpu=0.10ms elapsed=193.78s tid=0x00007f918833e400 nid=1076619 in Object.wait()  [0x00007f8f620f5000]
   java.lang.Thread.State: WAITING (on object monitor)
	at java.lang.Object.wait0(java.base@21.0.11/Native Method)
	- waiting on <no object reference available>
	at java.lang.Object.wait(java.base@21.0.11/Object.java:366)
	at java.lang.Object.wait(java.base@21.0.11/Object.java:339)
	at boxOfActin.Barrier.threadDone(Barrier.java:49)
	- locked <0x000000060d73e2d8> (a java.lang.Object)
	at boxOfActin.ThreadSet.done(ThreadSet.java:54)
	at boxOfActin.ThreadSet$ThreadSpawn.run(ThreadSet.java:38)

"Thread-105" #147 [1076620] daemon prio=5 os_prio=0 cpu=0.09ms elapsed=193.77s tid=0x00007f918833fd20 nid=1076620 in Object.wait()  [0x00007f8f61ff5000]
   java.lang.Thread.State: WAITING (on object monitor)
	at java.lang.Object.wait0(java.base@21.0.11/Native Method)
	- waiting on <no object reference available>
	at java.lang.Object.wait(java.base@21.0.11/Object.java:366)
	at java.lang.Object.wait(java.base@21.0.11/Object.java:339)
	at boxOfActin.Barrier.threadDone(Barrier.java:49)
	- locked <0x000000060d73e2d8> (a java.lang.Object)
	at boxOfActin.ThreadSet.done(ThreadSet.java:54)
	at boxOfActin.ThreadSet$ThreadSpawn.run(ThreadSet.java:38)

"Thread-106" #148 [1076621] daemon prio=5 os_prio=0 cpu=0.08ms elapsed=193.77s tid=0x00007f9188340ec0 nid=1076621 in Object.wait()  [0x00007f8f61ef5000]
   java.lang.Thread.State: WAITING (on object monitor)
	at java.lang.Object.wait0(java.base@21.0.11/Native Method)
	- waiting on <no object reference available>
	at java.lang.Object.wait(java.base@21.0.11/Object.java:366)
	at java.lang.Object.wait(java.base@21.0.11/Object.java:339)
	at boxOfActin.Barrier.threadDone(Barrier.java:49)
	- locked <0x000000060d73e2d8> (a java.lang.Object)
	at boxOfActin.ThreadSet.done(ThreadSet.java:54)
	at boxOfActin.ThreadSet$ThreadSpawn.run(ThreadSet.java:38)

"Thread-107" #149 [1076622] daemon prio=5 os_prio=0 cpu=0.07ms elapsed=193.77s tid=0x00007f9188342420 nid=1076622 in Object.wait()  [0x00007f8f61df5000]
   java.lang.Thread.State: WAITING (on object monitor)
	at java.lang.Object.wait0(java.base@21.0.11/Native Method)
	- waiting on <no object reference available>
	at java.lang.Object.wait(java.base@21.0.11/Object.java:366)
	at java.lang.Object.wait(java.base@21.0.11/Object.java:339)
	at boxOfActin.Barrier.threadDone(Barrier.java:49)
	- locked <0x000000060d73e2d8> (a java.lang.Object)
	at boxOfActin.ThreadSet.done(ThreadSet.java:54)
	at boxOfActin.ThreadSet$ThreadSpawn.run(ThreadSet.java:38)

"Thread-108" #150 [1076623] daemon prio=5 os_prio=0 cpu=0.06ms elapsed=193.77s tid=0x00007f91883435f0 nid=1076623 in Object.wait()  [0x00007f8f61cf5000]
   java.lang.Thread.State: WAITING (on object monitor)
	at java.lang.Object.wait0(java.base@21.0.11/Native Method)
	- waiting on <no object reference available>
	at java.lang.Object.wait(java.base@21.0.11/Object.java:366)
	at java.lang.Object.wait(java.base@21.0.11/Object.java:339)
	at boxOfActin.Barrier.threadDone(Barrier.java:49)
	- locked <0x000000060d73e2d8> (a java.lang.Object)
	at boxOfActin.ThreadSet.done(ThreadSet.java:54)
	at boxOfActin.ThreadSet$ThreadSpawn.run(ThreadSet.java:38)

"Thread-109" #151 [1076624] daemon prio=5 os_prio=0 cpu=0.10ms elapsed=193.77s tid=0x00007f9188344fa0 nid=1076624 in Object.wait()  [0x00007f8f61bf5000]
   java.lang.Thread.State: WAITING (on object monitor)
	at java.lang.Object.wait0(java.base@21.0.11/Native Method)
	- waiting on <no object reference available>
	at java.lang.Object.wait(java.base@21.0.11/Object.java:366)
	at java.lang.Object.wait(java.base@21.0.11/Object.java:339)
	at boxOfActin.Barrier.threadDone(Barrier.java:49)
	- locked <0x000000060d73e2d8> (a java.lang.Object)
	at boxOfActin.ThreadSet.done(ThreadSet.java:54)
	at boxOfActin.ThreadSet$ThreadSpawn.run(ThreadSet.java:38)

"Thread-110" #152 [1076625] daemon prio=5 os_prio=0 cpu=0.06ms elapsed=193.77s tid=0x00007f9188346910 nid=1076625 in Object.wait()  [0x00007f8f61af5000]
   java.lang.Thread.State: WAITING (on object monitor)
	at java.lang.Object.wait0(java.base@21.0.11/Native Method)
	- waiting on <no object reference available>
	at java.lang.Object.wait(java.base@21.0.11/Object.java:366)
	at java.lang.Object.wait(java.base@21.0.11/Object.java:339)
	at boxOfActin.Barrier.threadDone(Barrier.java:49)
	- locked <0x000000060d73e2d8> (a java.lang.Object)
	at boxOfActin.ThreadSet.done(ThreadSet.java:54)
	at boxOfActin.ThreadSet$ThreadSpawn.run(ThreadSet.java:38)

"Thread-111" #153 [1076626] daemon prio=5 os_prio=0 cpu=0.05ms elapsed=193.77s tid=0x00007f9188348280 nid=1076626 in Object.wait()  [0x00007f8f619f5000]
   java.lang.Thread.State: WAITING (on object monitor)
	at java.lang.Object.wait0(java.base@21.0.11/Native Method)
	- waiting on <no object reference available>
	at java.lang.Object.wait(java.base@21.0.11/Object.java:366)
	at java.lang.Object.wait(java.base@21.0.11/Object.java:339)
	at boxOfActin.Barrier.threadDone(Barrier.java:49)
	- locked <0x000000060d73e2d8> (a java.lang.Object)
	at boxOfActin.ThreadSet.done(ThreadSet.java:54)
	at boxOfActin.ThreadSet$ThreadSpawn.run(ThreadSet.java:38)

"Thread-112" #154 [1076627] daemon prio=5 os_prio=0 cpu=343.27ms elapsed=193.77s tid=0x00007f918834e680 nid=1076627 in Object.wait()  [0x00007f8f618f5000]
   java.lang.Thread.State: WAITING (on object monitor)
	at java.lang.Object.wait0(java.base@21.0.11/Native Method)
	- waiting on <no object reference available>
	at java.lang.Object.wait(java.base@21.0.11/Object.java:366)
	at java.lang.Object.wait(java.base@21.0.11/Object.java:339)
	at boxOfActin.Barrier.threadDone(Barrier.java:49)
	- locked <0x000000060c6f42f0> (a java.lang.Object)
	at boxOfActin.ThreadSet.done(ThreadSet.java:54)
	at boxOfActin.ThreadSet$ThreadSpawn.run(ThreadSet.java:41)

"Thread-113" #155 [1076628] daemon prio=5 os_prio=0 cpu=350.69ms elapsed=193.77s tid=0x00007f918834fcf0 nid=1076628 in Object.wait()  [0x00007f8f617f5000]
   java.lang.Thread.State: WAITING (on object monitor)
	at java.lang.Object.wait0(java.base@21.0.11/Native Method)
	- waiting on <no object reference available>
	at java.lang.Object.wait(java.base@21.0.11/Object.java:366)
	at java.lang.Object.wait(java.base@21.0.11/Object.java:339)
	at boxOfActin.Barrier.threadDone(Barrier.java:49)
	- locked <0x000000060c6f42f0> (a java.lang.Object)
	at boxOfActin.ThreadSet.done(ThreadSet.java:54)
	at boxOfActin.ThreadSet$ThreadSpawn.run(ThreadSet.java:41)

"Thread-114" #156 [1076629] daemon prio=5 os_prio=0 cpu=346.03ms elapsed=193.77s tid=0x00007f91883514b0 nid=1076629 in Object.wait()  [0x00007f8f616f5000]
   java.lang.Thread.State: WAITING (on object monitor)
	at java.lang.Object.wait0(java.base@21.0.11/Native Method)
	- waiting on <no object reference available>
	at java.lang.Object.wait(java.base@21.0.11/Object.java:366)
	at java.lang.Object.wait(java.base@21.0.11/Object.java:339)
	at boxOfActin.Barrier.threadDone(Barrier.java:49)
	- locked <0x000000060c6f42f0> (a java.lang.Object)
	at boxOfActin.ThreadSet.done(ThreadSet.java:54)
	at boxOfActin.ThreadSet$ThreadSpawn.run(ThreadSet.java:41)

"Thread-115" #157 [1076630] daemon prio=5 os_prio=0 cpu=342.40ms elapsed=193.77s tid=0x00007f9188352a50 nid=1076630 in Object.wait()  [0x00007f8f615f5000]
   java.lang.Thread.State: WAITING (on object monitor)
	at java.lang.Object.wait0(java.base@21.0.11/Native Method)
	- waiting on <no object reference available>
	at java.lang.Object.wait(java.base@21.0.11/Object.java:366)
	at java.lang.Object.wait(java.base@21.0.11/Object.java:339)
	at boxOfActin.Barrier.threadDone(Barrier.java:49)
	- locked <0x000000060c6f42f0> (a java.lang.Object)
	at boxOfActin.ThreadSet.done(ThreadSet.java:54)
	at boxOfActin.ThreadSet$ThreadSpawn.run(ThreadSet.java:41)

"Thread-116" #158 [1076631] daemon prio=5 os_prio=0 cpu=335.34ms elapsed=193.77s tid=0x00007f9188353fe0 nid=1076631 in Object.wait()  [0x00007f8f614f5000]
   java.lang.Thread.State: WAITING (on object monitor)
	at java.lang.Object.wait0(java.base@21.0.11/Native Method)
	- waiting on <no object reference available>
	at java.lang.Object.wait(java.base@21.0.11/Object.java:366)
	at java.lang.Object.wait(java.base@21.0.11/Object.java:339)
	at boxOfActin.Barrier.threadDone(Barrier.java:49)
	- locked <0x000000060c6f42f0> (a java.lang.Object)
	at boxOfActin.ThreadSet.done(ThreadSet.java:54)
	at boxOfActin.ThreadSet$ThreadSpawn.run(ThreadSet.java:41)

"Thread-117" #159 [1076632] daemon prio=5 os_prio=0 cpu=323.16ms elapsed=193.77s tid=0x00007f9188355980 nid=1076632 in Object.wait()  [0x00007f8f613f5000]
   java.lang.Thread.State: WAITING (on object monitor)
	at java.lang.Object.wait0(java.base@21.0.11/Native Method)
	- waiting on <no object reference available>
	at java.lang.Object.wait(java.base@21.0.11/Object.java:366)
	at java.lang.Object.wait(java.base@21.0.11/Object.java:339)
	at boxOfActin.Barrier.threadDone(Barrier.java:49)
	- locked <0x000000060c6f42f0> (a java.lang.Object)
	at boxOfActin.ThreadSet.done(ThreadSet.java:54)
	at boxOfActin.ThreadSet$ThreadSpawn.run(ThreadSet.java:41)

"Thread-118" #160 [1076633] daemon prio=5 os_prio=0 cpu=313.95ms elapsed=193.77s tid=0x00007f9188357650 nid=1076633 in Object.wait()  [0x00007f8f612f5000]
   java.lang.Thread.State: WAITING (on object monitor)
	at java.lang.Object.wait0(java.base@21.0.11/Native Method)
	- waiting on <no object reference available>
	at java.lang.Object.wait(java.base@21.0.11/Object.java:366)
	at java.lang.Object.wait(java.base@21.0.11/Object.java:339)
	at boxOfActin.Barrier.threadDone(Barrier.java:49)
	- locked <0x000000060c6f42f0> (a java.lang.Object)
	at boxOfActin.ThreadSet.done(ThreadSet.java:54)
	at boxOfActin.ThreadSet$ThreadSpawn.run(ThreadSet.java:41)

"Thread-119" #161 [1076634] daemon prio=5 os_prio=0 cpu=330.49ms elapsed=193.77s tid=0x00007f9188359000 nid=1076634 in Object.wait()  [0x00007f8f611f5000]
   java.lang.Thread.State: WAITING (on object monitor)
	at java.lang.Object.wait0(java.base@21.0.11/Native Method)
	- waiting on <no object reference available>
	at java.lang.Object.wait(java.base@21.0.11/Object.java:366)
	at java.lang.Object.wait(java.base@21.0.11/Object.java:339)
	at boxOfActin.Barrier.threadDone(Barrier.java:49)
	- locked <0x000000060c6f42f0> (a java.lang.Object)
	at boxOfActin.ThreadSet.done(ThreadSet.java:54)
	at boxOfActin.ThreadSet$ThreadSpawn.run(ThreadSet.java:41)

"Thread-120" #162 [1076635] daemon prio=5 os_prio=0 cpu=304.18ms elapsed=193.77s tid=0x00007f918835a5a0 nid=1076635 in Object.wait()  [0x00007f8f610f5000]
   java.lang.Thread.State: WAITING (on object monitor)
	at java.lang.Object.wait0(java.base@21.0.11/Native Method)
	- waiting on <no object reference available>
	at java.lang.Object.wait(java.base@21.0.11/Object.java:366)
	at java.lang.Object.wait(java.base@21.0.11/Object.java:339)
	at boxOfActin.Barrier.threadDone(Barrier.java:49)
	- locked <0x000000060c6f42f0> (a java.lang.Object)
	at boxOfActin.ThreadSet.done(ThreadSet.java:54)
	at boxOfActin.ThreadSet$ThreadSpawn.run(ThreadSet.java:41)

"Thread-121" #163 [1076636] daemon prio=5 os_prio=0 cpu=313.44ms elapsed=193.77s tid=0x00007f918835bb70 nid=1076636 in Object.wait()  [0x00007f8f60ff5000]
   java.lang.Thread.State: WAITING (on object monitor)
	at java.lang.Object.wait0(java.base@21.0.11/Native Method)
	- waiting on <no object reference available>
	at java.lang.Object.wait(java.base@21.0.11/Object.java:366)
	at java.lang.Object.wait(java.base@21.0.11/Object.java:339)
	at boxOfActin.Barrier.threadDone(Barrier.java:49)
	- locked <0x000000060c6f42f0> (a java.lang.Object)
	at boxOfActin.ThreadSet.done(ThreadSet.java:54)
	at boxOfActin.ThreadSet$ThreadSpawn.run(ThreadSet.java:41)

"Thread-122" #164 [1076637] daemon prio=5 os_prio=0 cpu=305.91ms elapsed=193.77s tid=0x00007f918835d110 nid=1076637 in Object.wait()  [0x00007f8f60ef5000]
   java.lang.Thread.State: WAITING (on object monitor)
	at java.lang.Object.wait0(java.base@21.0.11/Native Method)
	- waiting on <no object reference available>
	at java.lang.Object.wait(java.base@21.0.11/Object.java:366)
	at java.lang.Object.wait(java.base@21.0.11/Object.java:339)
	at boxOfActin.Barrier.threadDone(Barrier.java:49)
	- locked <0x000000060c6f42f0> (a java.lang.Object)
	at boxOfActin.ThreadSet.done(ThreadSet.java:54)
	at boxOfActin.ThreadSet$ThreadSpawn.run(ThreadSet.java:41)

"Thread-123" #165 [1076638] daemon prio=5 os_prio=0 cpu=323.46ms elapsed=193.77s tid=0x00007f918835e6b0 nid=1076638 in Object.wait()  [0x00007f8f60df5000]
   java.lang.Thread.State: WAITING (on object monitor)
	at java.lang.Object.wait0(java.base@21.0.11/Native Method)
	- waiting on <no object reference available>
	at java.lang.Object.wait(java.base@21.0.11/Object.java:366)
	at java.lang.Object.wait(java.base@21.0.11/Object.java:339)
	at boxOfActin.Barrier.threadDone(Barrier.java:49)
	- locked <0x000000060c6f42f0> (a java.lang.Object)
	at boxOfActin.ThreadSet.done(ThreadSet.java:54)
	at boxOfActin.ThreadSet$ThreadSpawn.run(ThreadSet.java:41)

"Thread-124" #166 [1076639] daemon prio=5 os_prio=0 cpu=312.98ms elapsed=193.77s tid=0x00007f918835fc60 nid=1076639 in Object.wait()  [0x00007f8f60cf5000]
   java.lang.Thread.State: WAITING (on object monitor)
	at java.lang.Object.wait0(java.base@21.0.11/Native Method)
	- waiting on <no object reference available>
	at java.lang.Object.wait(java.base@21.0.11/Object.java:366)
	at java.lang.Object.wait(java.base@21.0.11/Object.java:339)
	at boxOfActin.Barrier.threadDone(Barrier.java:49)
	- locked <0x000000060c6f42f0> (a java.lang.Object)
	at boxOfActin.ThreadSet.done(ThreadSet.java:54)
	at boxOfActin.ThreadSet$ThreadSpawn.run(ThreadSet.java:41)

"Thread-125" #167 [1076640] daemon prio=5 os_prio=0 cpu=312.44ms elapsed=193.77s tid=0x00007f9188360e50 nid=1076640 in Object.wait()  [0x00007f8f60bf5000]
   java.lang.Thread.State: WAITING (on object monitor)
	at java.lang.Object.wait0(java.base@21.0.11/Native Method)
	- waiting on <no object reference available>
	at java.lang.Object.wait(java.base@21.0.11/Object.java:366)
	at java.lang.Object.wait(java.base@21.0.11/Object.java:339)
	at boxOfActin.Barrier.threadDone(Barrier.java:49)
	- locked <0x000000060c6f42f0> (a java.lang.Object)
	at boxOfActin.ThreadSet.done(ThreadSet.java:54)
	at boxOfActin.ThreadSet$ThreadSpawn.run(ThreadSet.java:41)

"Thread-126" #168 [1076641] daemon prio=5 os_prio=0 cpu=322.68ms elapsed=193.77s tid=0x00007f9188362000 nid=1076641 in Object.wait()  [0x00007f8f60af5000]
   java.lang.Thread.State: WAITING (on object monitor)
	at java.lang.Object.wait0(java.base@21.0.11/Native Method)
	- waiting on <no object reference available>
	at java.lang.Object.wait(java.base@21.0.11/Object.java:366)
	at java.lang.Object.wait(java.base@21.0.11/Object.java:339)
	at boxOfActin.Barrier.threadDone(Barrier.java:49)
	- locked <0x000000060c6f42f0> (a java.lang.Object)
	at boxOfActin.ThreadSet.done(ThreadSet.java:54)
	at boxOfActin.ThreadSet$ThreadSpawn.run(ThreadSet.java:41)

"Thread-127" #169 [1076642] daemon prio=5 os_prio=0 cpu=315.86ms elapsed=193.77s tid=0x00007f91883631b0 nid=1076642 in Object.wait()  [0x00007f8f609f5000]
   java.lang.Thread.State: WAITING (on object monitor)
	at java.lang.Object.wait0(java.base@21.0.11/Native Method)
	- waiting on <no object reference available>
	at java.lang.Object.wait(java.base@21.0.11/Object.java:366)
	at java.lang.Object.wait(java.base@21.0.11/Object.java:339)
	at boxOfActin.Barrier.threadDone(Barrier.java:49)
	- locked <0x000000060c6f42f0> (a java.lang.Object)
	at boxOfActin.ThreadSet.done(ThreadSet.java:54)
	at boxOfActin.ThreadSet$ThreadSpawn.run(ThreadSet.java:41)

"Thread-128" #170 [1076643] daemon prio=5 os_prio=0 cpu=97.96ms elapsed=193.77s tid=0x00007f9188364760 nid=1076643 in Object.wait()  [0x00007f8f608f5000]
   java.lang.Thread.State: WAITING (on object monitor)
	at java.lang.Object.wait0(java.base@21.0.11/Native Method)
	- waiting on <no object reference available>
	at java.lang.Object.wait(java.base@21.0.11/Object.java:366)
	at java.lang.Object.wait(java.base@21.0.11/Object.java:339)
	at boxOfActin.Barrier.threadDone(Barrier.java:49)
	- locked <0x0000000604e2a290> (a java.lang.Object)
	at boxOfActin.ThreadSet.done(ThreadSet.java:54)
	at boxOfActin.ThreadSet$ThreadSpawn.run(ThreadSet.java:41)

"Thread-129" #171 [1076644] daemon prio=5 os_prio=0 cpu=104.79ms elapsed=193.77s tid=0x00007f9188365dd0 nid=1076644 in Object.wait()  [0x00007f8f607f5000]
   java.lang.Thread.State: WAITING (on object monitor)
	at java.lang.Object.wait0(java.base@21.0.11/Native Method)
	- waiting on <no object reference available>
	at java.lang.Object.wait(java.base@21.0.11/Object.java:366)
	at java.lang.Object.wait(java.base@21.0.11/Object.java:339)
	at boxOfActin.Barrier.threadDone(Barrier.java:49)
	- locked <0x0000000604e2a290> (a java.lang.Object)
	at boxOfActin.ThreadSet.done(ThreadSet.java:54)
	at boxOfActin.ThreadSet$ThreadSpawn.run(ThreadSet.java:41)

"Thread-130" #172 [1076645] daemon prio=5 os_prio=0 cpu=104.89ms elapsed=193.77s tid=0x00007f9188367370 nid=1076645 in Object.wait()  [0x00007f8f606f5000]
   java.lang.Thread.State: WAITING (on object monitor)
	at java.lang.Object.wait0(java.base@21.0.11/Native Method)
	- waiting on <no object reference available>
	at java.lang.Object.wait(java.base@21.0.11/Object.java:366)
	at java.lang.Object.wait(java.base@21.0.11/Object.java:339)
	at boxOfActin.Barrier.threadDone(Barrier.java:49)
	- locked <0x0000000604e2a290> (a java.lang.Object)
	at boxOfActin.ThreadSet.done(ThreadSet.java:54)
	at boxOfActin.ThreadSet$ThreadSpawn.run(ThreadSet.java:41)

"Thread-131" #173 [1076646] daemon prio=5 os_prio=0 cpu=121.72ms elapsed=193.77s tid=0x00007f9188368910 nid=1076646 in Object.wait()  [0x00007f8f605f5000]
   java.lang.Thread.State: WAITING (on object monitor)
	at java.lang.Object.wait0(java.base@21.0.11/Native Method)
	- waiting on <no object reference available>
	at java.lang.Object.wait(java.base@21.0.11/Object.java:366)
	at java.lang.Object.wait(java.base@21.0.11/Object.java:339)
	at boxOfActin.Barrier.threadDone(Barrier.java:49)
	- locked <0x0000000604e2a290> (a java.lang.Object)
	at boxOfActin.ThreadSet.done(ThreadSet.java:54)
	at boxOfActin.ThreadSet$ThreadSpawn.run(ThreadSet.java:41)

"Thread-132" #174 [1076647] daemon prio=5 os_prio=0 cpu=100.66ms elapsed=193.77s tid=0x00007f9188369ec0 nid=1076647 in Object.wait()  [0x00007f8f604f5000]
   java.lang.Thread.State: WAITING (on object monitor)
	at java.lang.Object.wait0(java.base@21.0.11/Native Method)
	- waiting on <no object reference available>
	at java.lang.Object.wait(java.base@21.0.11/Object.java:366)
	at java.lang.Object.wait(java.base@21.0.11/Object.java:339)
	at boxOfActin.Barrier.threadDone(Barrier.java:49)
	- locked <0x0000000604e2a290> (a java.lang.Object)
	at boxOfActin.ThreadSet.done(ThreadSet.java:54)
	at boxOfActin.ThreadSet$ThreadSpawn.run(ThreadSet.java:41)

"Thread-133" #175 [1076648] daemon prio=5 os_prio=0 cpu=116.37ms elapsed=193.77s tid=0x00007f918836b470 nid=1076648 in Object.wait()  [0x00007f8f603f5000]
   java.lang.Thread.State: WAITING (on object monitor)
	at java.lang.Object.wait0(java.base@21.0.11/Native Method)
	- waiting on <no object reference available>
	at java.lang.Object.wait(java.base@21.0.11/Object.java:366)
	at java.lang.Object.wait(java.base@21.0.11/Object.java:339)
	at boxOfActin.Barrier.threadDone(Barrier.java:49)
	- locked <0x0000000604e2a290> (a java.lang.Object)
	at boxOfActin.ThreadSet.done(ThreadSet.java:54)
	at boxOfActin.ThreadSet$ThreadSpawn.run(ThreadSet.java:41)

"Thread-134" #176 [1076649] daemon prio=5 os_prio=0 cpu=101.61ms elapsed=193.77s tid=0x00007f918836cc90 nid=1076649 in Object.wait()  [0x00007f8f602f5000]
   java.lang.Thread.State: WAITING (on object monitor)
	at java.lang.Object.wait0(java.base@21.0.11/Native Method)
	- waiting on <no object reference available>
	at java.lang.Object.wait(java.base@21.0.11/Object.java:366)
	at java.lang.Object.wait(java.base@21.0.11/Object.java:339)
	at boxOfActin.Barrier.threadDone(Barrier.java:49)
	- locked <0x0000000604e2a290> (a java.lang.Object)
	at boxOfActin.ThreadSet.done(ThreadSet.java:54)
	at boxOfActin.ThreadSet$ThreadSpawn.run(ThreadSet.java:41)

"Thread-135" #177 [1076650] daemon prio=5 os_prio=0 cpu=123.66ms elapsed=193.77s tid=0x00007f918836e230 nid=1076650 in Object.wait()  [0x00007f8f601f5000]
   java.lang.Thread.State: WAITING (on object monitor)
	at java.lang.Object.wait0(java.base@21.0.11/Native Method)
	- waiting on <no object reference available>
	at java.lang.Object.wait(java.base@21.0.11/Object.java:366)
	at java.lang.Object.wait(java.base@21.0.11/Object.java:339)
	at boxOfActin.Barrier.threadDone(Barrier.java:49)
	- locked <0x0000000604e2a290> (a java.lang.Object)
	at boxOfActin.ThreadSet.done(ThreadSet.java:54)
	at boxOfActin.ThreadSet$ThreadSpawn.run(ThreadSet.java:41)

"Thread-136" #178 [1076651] daemon prio=5 os_prio=0 cpu=125.34ms elapsed=193.77s tid=0x00007f918836f7e0 nid=1076651 in Object.wait()  [0x00007f8f07ffe000]
   java.lang.Thread.State: WAITING (on object monitor)
	at java.lang.Object.wait0(java.base@21.0.11/Native Method)
	- waiting on <no object reference available>
	at java.lang.Object.wait(java.base@21.0.11/Object.java:366)
	at java.lang.Object.wait(java.base@21.0.11/Object.java:339)
	at boxOfActin.Barrier.threadDone(Barrier.java:49)
	- locked <0x0000000604e2a290> (a java.lang.Object)
	at boxOfActin.ThreadSet.done(ThreadSet.java:54)
	at boxOfActin.ThreadSet$ThreadSpawn.run(ThreadSet.java:41)

"Thread-137" #179 [1076652] daemon prio=5 os_prio=0 cpu=107.81ms elapsed=193.77s tid=0x00007f9188370d90 nid=1076652 in Object.wait()  [0x00007f8f07efe000]
   java.lang.Thread.State: WAITING (on object monitor)
	at java.lang.Object.wait0(java.base@21.0.11/Native Method)
	- waiting on <no object reference available>
	at java.lang.Object.wait(java.base@21.0.11/Object.java:366)
	at java.lang.Object.wait(java.base@21.0.11/Object.java:339)
	at boxOfActin.Barrier.threadDone(Barrier.java:49)
	- locked <0x0000000604e2a290> (a java.lang.Object)
	at boxOfActin.ThreadSet.done(ThreadSet.java:54)
	at boxOfActin.ThreadSet$ThreadSpawn.run(ThreadSet.java:41)

"Thread-138" #180 [1076653] daemon prio=5 os_prio=0 cpu=123.12ms elapsed=193.77s tid=0x00007f9188372330 nid=1076653 in Object.wait()  [0x00007f8f07dfe000]
   java.lang.Thread.State: WAITING (on object monitor)
	at java.lang.Object.wait0(java.base@21.0.11/Native Method)
	- waiting on <no object reference available>
	at java.lang.Object.wait(java.base@21.0.11/Object.java:366)
	at java.lang.Object.wait(java.base@21.0.11/Object.java:339)
	at boxOfActin.Barrier.threadDone(Barrier.java:49)
	- locked <0x0000000604e2a290> (a java.lang.Object)
	at boxOfActin.ThreadSet.done(ThreadSet.java:54)
	at boxOfActin.ThreadSet$ThreadSpawn.run(ThreadSet.java:41)

"Thread-139" #181 [1076654] daemon prio=5 os_prio=0 cpu=122.29ms elapsed=193.77s tid=0x00007f91883738d0 nid=1076654 in Object.wait()  [0x00007f8f07cfe000]
   java.lang.Thread.State: WAITING (on object monitor)
	at java.lang.Object.wait0(java.base@21.0.11/Native Method)
	- waiting on <no object reference available>
	at java.lang.Object.wait(java.base@21.0.11/Object.java:366)
	at java.lang.Object.wait(java.base@21.0.11/Object.java:339)
	at boxOfActin.Barrier.threadDone(Barrier.java:49)
	- locked <0x0000000604e2a290> (a java.lang.Object)
	at boxOfActin.ThreadSet.done(ThreadSet.java:54)
	at boxOfActin.ThreadSet$ThreadSpawn.run(ThreadSet.java:41)

"Thread-140" #182 [1076655] daemon prio=5 os_prio=0 cpu=121.20ms elapsed=193.77s tid=0x00007f9188374e80 nid=1076655 in Object.wait()  [0x00007f8f07bfe000]
   java.lang.Thread.State: WAITING (on object monitor)
	at java.lang.Object.wait0(java.base@21.0.11/Native Method)
	- waiting on <no object reference available>
	at java.lang.Object.wait(java.base@21.0.11/Object.java:366)
	at java.lang.Object.wait(java.base@21.0.11/Object.java:339)
	at boxOfActin.Barrier.threadDone(Barrier.java:49)
	- locked <0x0000000604e2a290> (a java.lang.Object)
	at boxOfActin.ThreadSet.done(ThreadSet.java:54)
	at boxOfActin.ThreadSet$ThreadSpawn.run(ThreadSet.java:41)

"Thread-141" #183 [1076656] daemon prio=5 os_prio=0 cpu=109.67ms elapsed=193.77s tid=0x00007f9188376430 nid=1076656 in Object.wait()  [0x00007f8f07afe000]
   java.lang.Thread.State: WAITING (on object monitor)
	at java.lang.Object.wait0(java.base@21.0.11/Native Method)
	- waiting on <no object reference available>
	at java.lang.Object.wait(java.base@21.0.11/Object.java:366)
	at java.lang.Object.wait(java.base@21.0.11/Object.java:339)
	at boxOfActin.Barrier.threadDone(Barrier.java:49)
	- locked <0x0000000604e2a290> (a java.lang.Object)
	at boxOfActin.ThreadSet.done(ThreadSet.java:54)
	at boxOfActin.ThreadSet$ThreadSpawn.run(ThreadSet.java:41)

"Thread-142" #184 [1076657] daemon prio=5 os_prio=0 cpu=122.69ms elapsed=193.77s tid=0x00007f91883779d0 nid=1076657 in Object.wait()  [0x00007f8f079fe000]
   java.lang.Thread.State: WAITING (on object monitor)
	at java.lang.Object.wait0(java.base@21.0.11/Native Method)
	- waiting on <no object reference available>
	at java.lang.Object.wait(java.base@21.0.11/Object.java:366)
	at java.lang.Object.wait(java.base@21.0.11/Object.java:339)
	at boxOfActin.Barrier.threadDone(Barrier.java:49)
	- locked <0x0000000604e2a290> (a java.lang.Object)
	at boxOfActin.ThreadSet.done(ThreadSet.java:54)
	at boxOfActin.ThreadSet$ThreadSpawn.run(ThreadSet.java:41)

"Thread-143" #185 [1076658] daemon prio=5 os_prio=0 cpu=95.65ms elapsed=193.77s tid=0x00007f9188378f70 nid=1076658 in Object.wait()  [0x00007f8f078fe000]
   java.lang.Thread.State: WAITING (on object monitor)
	at java.lang.Object.wait0(java.base@21.0.11/Native Method)
	- waiting on <no object reference available>
	at java.lang.Object.wait(java.base@21.0.11/Object.java:366)
	at java.lang.Object.wait(java.base@21.0.11/Object.java:339)
	at boxOfActin.Barrier.threadDone(Barrier.java:49)
	- locked <0x0000000604e2a290> (a java.lang.Object)
	at boxOfActin.ThreadSet.done(ThreadSet.java:54)
	at boxOfActin.ThreadSet$ThreadSpawn.run(ThreadSet.java:41)

"Thread-144" #186 [1076659] daemon prio=5 os_prio=0 cpu=2391.33ms elapsed=193.77s tid=0x00007f918837a520 nid=1076659 in Object.wait()  [0x00007f8f077fe000]
   java.lang.Thread.State: WAITING (on object monitor)
	at java.lang.Object.wait0(java.base@21.0.11/Native Method)
	- waiting on <no object reference available>
	at java.lang.Object.wait(java.base@21.0.11/Object.java:366)
	at java.lang.Object.wait(java.base@21.0.11/Object.java:339)
	at boxOfActin.Barrier.threadDone(Barrier.java:49)
	- locked <0x0000000600f3e898> (a java.lang.Object)
	at boxOfActin.ThreadSet.done(ThreadSet.java:54)
	at boxOfActin.ThreadSet$ThreadSpawn.run(ThreadSet.java:41)

"Thread-145" #187 [1076660] daemon prio=5 os_prio=0 cpu=2387.92ms elapsed=193.77s tid=0x00007f918837bc30 nid=1076660 in Object.wait()  [0x00007f8f076fe000]
   java.lang.Thread.State: WAITING (on object monitor)
	at java.lang.Object.wait0(java.base@21.0.11/Native Method)
	- waiting on <no object reference available>
	at java.lang.Object.wait(java.base@21.0.11/Object.java:366)
	at java.lang.Object.wait(java.base@21.0.11/Object.java:339)
	at boxOfActin.Barrier.threadDone(Barrier.java:49)
	- locked <0x0000000600f3e898> (a java.lang.Object)
	at boxOfActin.ThreadSet.done(ThreadSet.java:54)
	at boxOfActin.ThreadSet$ThreadSpawn.run(ThreadSet.java:41)

"Thread-146" #188 [1076661] daemon prio=5 os_prio=0 cpu=2387.42ms elapsed=193.77s tid=0x00007f918837d1d0 nid=1076661 in Object.wait()  [0x00007f8f075fe000]
   java.lang.Thread.State: WAITING (on object monitor)
	at java.lang.Object.wait0(java.base@21.0.11/Native Method)
	- waiting on <no object reference available>
	at java.lang.Object.wait(java.base@21.0.11/Object.java:366)
	at java.lang.Object.wait(java.base@21.0.11/Object.java:339)
	at boxOfActin.Barrier.threadDone(Barrier.java:49)
	- locked <0x0000000600f3e898> (a java.lang.Object)
	at boxOfActin.ThreadSet.done(ThreadSet.java:54)
	at boxOfActin.ThreadSet$ThreadSpawn.run(ThreadSet.java:41)

"Thread-147" #189 [1076662] daemon prio=5 os_prio=0 cpu=2396.02ms elapsed=193.77s tid=0x00007f918837e770 nid=1076662 in Object.wait()  [0x00007f8f074fe000]
   java.lang.Thread.State: WAITING (on object monitor)
	at java.lang.Object.wait0(java.base@21.0.11/Native Method)
	- waiting on <no object reference available>
	at java.lang.Object.wait(java.base@21.0.11/Object.java:366)
	at java.lang.Object.wait(java.base@21.0.11/Object.java:339)
	at boxOfActin.Barrier.threadDone(Barrier.java:49)
	- locked <0x0000000600f3e898> (a java.lang.Object)
	at boxOfActin.ThreadSet.done(ThreadSet.java:54)
	at boxOfActin.ThreadSet$ThreadSpawn.run(ThreadSet.java:41)

"Thread-148" #190 [1076663] daemon prio=5 os_prio=0 cpu=2418.34ms elapsed=193.77s tid=0x00007f918837fd10 nid=1076663 in Object.wait()  [0x00007f8f073fe000]
   java.lang.Thread.State: WAITING (on object monitor)
	at java.lang.Object.wait0(java.base@21.0.11/Native Method)
	- waiting on <no object reference available>
	at java.lang.Object.wait(java.base@21.0.11/Object.java:366)
	at java.lang.Object.wait(java.base@21.0.11/Object.java:339)
	at boxOfActin.Barrier.threadDone(Barrier.java:49)
	- locked <0x0000000600f3e898> (a java.lang.Object)
	at boxOfActin.ThreadSet.done(ThreadSet.java:54)
	at boxOfActin.ThreadSet$ThreadSpawn.run(ThreadSet.java:41)

"Thread-149" #191 [1076664] daemon prio=5 os_prio=0 cpu=2403.54ms elapsed=193.77s tid=0x00007f91883812b0 nid=1076664 in Object.wait()  [0x00007f8f072fe000]
   java.lang.Thread.State: WAITING (on object monitor)
	at java.lang.Object.wait0(java.base@21.0.11/Native Method)
	- waiting on <no object reference available>
	at java.lang.Object.wait(java.base@21.0.11/Object.java:366)
	at java.lang.Object.wait(java.base@21.0.11/Object.java:339)
	at boxOfActin.Barrier.threadDone(Barrier.java:49)
	- locked <0x0000000600f3e898> (a java.lang.Object)
	at boxOfActin.ThreadSet.done(ThreadSet.java:54)
	at boxOfActin.ThreadSet$ThreadSpawn.run(ThreadSet.java:41)

"Thread-150" #192 [1076665] daemon prio=5 os_prio=0 cpu=2346.40ms elapsed=193.77s tid=0x00007f9188382ae0 nid=1076665 in Object.wait()  [0x00007f8f071fe000]
   java.lang.Thread.State: WAITING (on object monitor)
	at java.lang.Object.wait0(java.base@21.0.11/Native Method)
	- waiting on <no object reference available>
	at java.lang.Object.wait(java.base@21.0.11/Object.java:366)
	at java.lang.Object.wait(java.base@21.0.11/Object.java:339)
	at boxOfActin.Barrier.threadDone(Barrier.java:49)
	- locked <0x0000000600f3e898> (a java.lang.Object)
	at boxOfActin.ThreadSet.done(ThreadSet.java:54)
	at boxOfActin.ThreadSet$ThreadSpawn.run(ThreadSet.java:41)

"Thread-151" #193 [1076666] daemon prio=5 os_prio=0 cpu=2373.52ms elapsed=193.77s tid=0x00007f9188384090 nid=1076666 in Object.wait()  [0x00007f8f070fe000]
   java.lang.Thread.State: WAITING (on object monitor)
	at java.lang.Object.wait0(java.base@21.0.11/Native Method)
	- waiting on <no object reference available>
	at java.lang.Object.wait(java.base@21.0.11/Object.java:366)
	at java.lang.Object.wait(java.base@21.0.11/Object.java:339)
	at boxOfActin.Barrier.threadDone(Barrier.java:49)
	- locked <0x0000000600f3e898> (a java.lang.Object)
	at boxOfActin.ThreadSet.done(ThreadSet.java:54)
	at boxOfActin.ThreadSet$ThreadSpawn.run(ThreadSet.java:41)

"Thread-152" #194 [1076667] daemon prio=5 os_prio=0 cpu=2426.74ms elapsed=193.77s tid=0x00007f9188385630 nid=1076667 in Object.wait()  [0x00007f8f06ffe000]
   java.lang.Thread.State: WAITING (on object monitor)
	at java.lang.Object.wait0(java.base@21.0.11/Native Method)
	- waiting on <no object reference available>
	at java.lang.Object.wait(java.base@21.0.11/Object.java:366)
	at java.lang.Object.wait(java.base@21.0.11/Object.java:339)
	at boxOfActin.Barrier.threadDone(Barrier.java:49)
	- locked <0x0000000600f3e898> (a java.lang.Object)
	at boxOfActin.ThreadSet.done(ThreadSet.java:54)
	at boxOfActin.ThreadSet$ThreadSpawn.run(ThreadSet.java:41)

"Thread-153" #195 [1076668] daemon prio=5 os_prio=0 cpu=2380.71ms elapsed=193.77s tid=0x00007f9188386bd0 nid=1076668 in Object.wait()  [0x00007f8f06efe000]
   java.lang.Thread.State: WAITING (on object monitor)
	at java.lang.Object.wait0(java.base@21.0.11/Native Method)
	- waiting on <no object reference available>
	at java.lang.Object.wait(java.base@21.0.11/Object.java:366)
	at java.lang.Object.wait(java.base@21.0.11/Object.java:339)
	at boxOfActin.Barrier.threadDone(Barrier.java:49)
	- locked <0x0000000600f3e898> (a java.lang.Object)
	at boxOfActin.ThreadSet.done(ThreadSet.java:54)
	at boxOfActin.ThreadSet$ThreadSpawn.run(ThreadSet.java:41)

"Thread-154" #196 [1076669] daemon prio=5 os_prio=0 cpu=2354.45ms elapsed=193.77s tid=0x00007f9188388180 nid=1076669 in Object.wait()  [0x00007f8f06dfe000]
   java.lang.Thread.State: WAITING (on object monitor)
	at java.lang.Object.wait0(java.base@21.0.11/Native Method)
	- waiting on <no object reference available>
	at java.lang.Object.wait(java.base@21.0.11/Object.java:366)
	at java.lang.Object.wait(java.base@21.0.11/Object.java:339)
	at boxOfActin.Barrier.threadDone(Barrier.java:49)
	- locked <0x0000000600f3e898> (a java.lang.Object)
	at boxOfActin.ThreadSet.done(ThreadSet.java:54)
	at boxOfActin.ThreadSet$ThreadSpawn.run(ThreadSet.java:41)

"Thread-155" #197 [1076670] daemon prio=5 os_prio=0 cpu=2365.13ms elapsed=193.77s tid=0x00007f9188389730 nid=1076670 in Object.wait()  [0x00007f8f06cfe000]
   java.lang.Thread.State: WAITING (on object monitor)
	at java.lang.Object.wait0(java.base@21.0.11/Native Method)
	- waiting on <no object reference available>
	at java.lang.Object.wait(java.base@21.0.11/Object.java:366)
	at java.lang.Object.wait(java.base@21.0.11/Object.java:339)
	at boxOfActin.Barrier.threadDone(Barrier.java:49)
	- locked <0x0000000600f3e898> (a java.lang.Object)
	at boxOfActin.ThreadSet.done(ThreadSet.java:54)
	at boxOfActin.ThreadSet$ThreadSpawn.run(ThreadSet.java:41)

"Thread-156" #198 [1076671] daemon prio=5 os_prio=0 cpu=2365.31ms elapsed=193.77s tid=0x00007f918838acd0 nid=1076671 in Object.wait()  [0x00007f8f06bfe000]
   java.lang.Thread.State: WAITING (on object monitor)
	at java.lang.Object.wait0(java.base@21.0.11/Native Method)
	- waiting on <no object reference available>
	at java.lang.Object.wait(java.base@21.0.11/Object.java:366)
	at java.lang.Object.wait(java.base@21.0.11/Object.java:339)
	at boxOfActin.Barrier.threadDone(Barrier.java:49)
	- locked <0x0000000600f3e898> (a java.lang.Object)
	at boxOfActin.ThreadSet.done(ThreadSet.java:54)
	at boxOfActin.ThreadSet$ThreadSpawn.run(ThreadSet.java:41)

"Thread-157" #199 [1076672] daemon prio=5 os_prio=0 cpu=2417.65ms elapsed=193.77s tid=0x00007f918838c270 nid=1076672 in Object.wait()  [0x00007f8f06afe000]
   java.lang.Thread.State: WAITING (on object monitor)
	at java.lang.Object.wait0(java.base@21.0.11/Native Method)
	- waiting on <no object reference available>
	at java.lang.Object.wait(java.base@21.0.11/Object.java:366)
	at java.lang.Object.wait(java.base@21.0.11/Object.java:339)
	at boxOfActin.Barrier.threadDone(Barrier.java:49)
	- locked <0x0000000600f3e898> (a java.lang.Object)
	at boxOfActin.ThreadSet.done(ThreadSet.java:54)
	at boxOfActin.ThreadSet$ThreadSpawn.run(ThreadSet.java:41)

"Thread-158" #200 [1076673] daemon prio=5 os_prio=0 cpu=2378.19ms elapsed=193.77s tid=0x00007f918838d810 nid=1076673 in Object.wait()  [0x00007f8f069fe000]
   java.lang.Thread.State: WAITING (on object monitor)
	at java.lang.Object.wait0(java.base@21.0.11/Native Method)
	- waiting on <no object reference available>
	at java.lang.Object.wait(java.base@21.0.11/Object.java:366)
	at java.lang.Object.wait(java.base@21.0.11/Object.java:339)
	at boxOfActin.Barrier.threadDone(Barrier.java:49)
	- locked <0x0000000600f3e898> (a java.lang.Object)
	at boxOfActin.ThreadSet.done(ThreadSet.java:54)
	at boxOfActin.ThreadSet$ThreadSpawn.run(ThreadSet.java:41)

"Thread-159" #201 [1076674] daemon prio=5 os_prio=0 cpu=2379.01ms elapsed=193.77s tid=0x00007f918838edb0 nid=1076674 in Object.wait()  [0x00007f8f068fe000]
   java.lang.Thread.State: WAITING (on object monitor)
	at java.lang.Object.wait0(java.base@21.0.11/Native Method)
	- waiting on <no object reference available>
	at java.lang.Object.wait(java.base@21.0.11/Object.java:366)
	at java.lang.Object.wait(java.base@21.0.11/Object.java:339)
	at boxOfActin.Barrier.threadDone(Barrier.java:49)
	- locked <0x0000000600f3e898> (a java.lang.Object)
	at boxOfActin.ThreadSet.done(ThreadSet.java:54)
	at boxOfActin.ThreadSet$ThreadSpawn.run(ThreadSet.java:41)

"Thread-160" #202 [1076680] daemon prio=5 os_prio=0 cpu=0.13ms elapsed=191.09s tid=0x00007f91882f5f80 nid=1076680 in Object.wait()  [0x00007f8f637fc000]
   java.lang.Thread.State: WAITING (on object monitor)
	at java.lang.Object.wait0(java.base@21.0.11/Native Method)
	- waiting on <no object reference available>
	at java.lang.Object.wait(java.base@21.0.11/Object.java:366)
	at java.lang.Object.wait(java.base@21.0.11/Object.java:339)
	at boxOfActin.Barrier.threadDone(Barrier.java:49)
	- locked <0x00000003e6a7ea08> (a java.lang.Object)
	at boxOfActin.ThreadSet.done(ThreadSet.java:54)
	at boxOfActin.ThreadSet$ThreadSpawn.run(ThreadSet.java:38)

"Thread-161" #203 [1076681] daemon prio=5 os_prio=0 cpu=0.13ms elapsed=191.09s tid=0x00007f91882f6690 nid=1076681 in Object.wait()  [0x00007f8f067fe000]
   java.lang.Thread.State: WAITING (on object monitor)
	at java.lang.Object.wait0(java.base@21.0.11/Native Method)
	- waiting on <no object reference available>
	at java.lang.Object.wait(java.base@21.0.11/Object.java:366)
	at java.lang.Object.wait(java.base@21.0.11/Object.java:339)
	at boxOfActin.Barrier.threadDone(Barrier.java:49)
	- locked <0x00000003e6a7ea08> (a java.lang.Object)
	at boxOfActin.ThreadSet.done(ThreadSet.java:54)
	at boxOfActin.ThreadSet$ThreadSpawn.run(ThreadSet.java:38)

"Thread-162" #204 [1076682] daemon prio=5 os_prio=0 cpu=0.14ms elapsed=191.09s tid=0x00007f91882f7310 nid=1076682 in Object.wait()  [0x00007f8f066fe000]
   java.lang.Thread.State: WAITING (on object monitor)
	at java.lang.Object.wait0(java.base@21.0.11/Native Method)
	- waiting on <no object reference available>
	at java.lang.Object.wait(java.base@21.0.11/Object.java:366)
	at java.lang.Object.wait(java.base@21.0.11/Object.java:339)
	at boxOfActin.Barrier.threadDone(Barrier.java:49)
	- locked <0x00000003e6a7ea08> (a java.lang.Object)
	at boxOfActin.ThreadSet.done(ThreadSet.java:54)
	at boxOfActin.ThreadSet$ThreadSpawn.run(ThreadSet.java:38)

"Thread-163" #205 [1076683] daemon prio=5 os_prio=0 cpu=0.14ms elapsed=191.09s tid=0x00007f91882f7a20 nid=1076683 in Object.wait()  [0x00007f8f065fe000]
   java.lang.Thread.State: WAITING (on object monitor)
	at java.lang.Object.wait0(java.base@21.0.11/Native Method)
	- waiting on <no object reference available>
	at java.lang.Object.wait(java.base@21.0.11/Object.java:366)
	at java.lang.Object.wait(java.base@21.0.11/Object.java:339)
	at boxOfActin.Barrier.threadDone(Barrier.java:49)
	- locked <0x00000003e6a7ea08> (a java.lang.Object)
	at boxOfActin.ThreadSet.done(ThreadSet.java:54)
	at boxOfActin.ThreadSet$ThreadSpawn.run(ThreadSet.java:38)

"Thread-164" #206 [1076684] daemon prio=5 os_prio=0 cpu=0.14ms elapsed=191.09s tid=0x00007f91882f86b0 nid=1076684 in Object.wait()  [0x00007f8f064fe000]
   java.lang.Thread.State: WAITING (on object monitor)
	at java.lang.Object.wait0(java.base@21.0.11/Native Method)
	- waiting on <no object reference available>
	at java.lang.Object.wait(java.base@21.0.11/Object.java:366)
	at java.lang.Object.wait(java.base@21.0.11/Object.java:339)
	at boxOfActin.Barrier.threadDone(Barrier.java:49)
	- locked <0x00000003e6a7ea08> (a java.lang.Object)
	at boxOfActin.ThreadSet.done(ThreadSet.java:54)
	at boxOfActin.ThreadSet$ThreadSpawn.run(ThreadSet.java:38)

"Thread-165" #207 [1076685] daemon prio=5 os_prio=0 cpu=0.14ms elapsed=191.09s tid=0x00007f91882f8dc0 nid=1076685 in Object.wait()  [0x00007f8f063fe000]
   java.lang.Thread.State: WAITING (on object monitor)
	at java.lang.Object.wait0(java.base@21.0.11/Native Method)
	- waiting on <no object reference available>
	at java.lang.Object.wait(java.base@21.0.11/Object.java:366)
	at java.lang.Object.wait(java.base@21.0.11/Object.java:339)
	at boxOfActin.Barrier.threadDone(Barrier.java:49)
	- locked <0x00000003e6a7ea08> (a java.lang.Object)
	at boxOfActin.ThreadSet.done(ThreadSet.java:54)
	at boxOfActin.ThreadSet$ThreadSpawn.run(ThreadSet.java:38)

"Thread-166" #208 [1076686] daemon prio=5 os_prio=0 cpu=0.14ms elapsed=191.09s tid=0x00007f91882f9a60 nid=1076686 in Object.wait()  [0x00007f8f062fe000]
   java.lang.Thread.State: WAITING (on object monitor)
	at java.lang.Object.wait0(java.base@21.0.11/Native Method)
	- waiting on <no object reference available>
	at java.lang.Object.wait(java.base@21.0.11/Object.java:366)
	at java.lang.Object.wait(java.base@21.0.11/Object.java:339)
	at boxOfActin.Barrier.threadDone(Barrier.java:49)
	- locked <0x00000003e6a7ea08> (a java.lang.Object)
	at boxOfActin.ThreadSet.done(ThreadSet.java:54)
	at boxOfActin.ThreadSet$ThreadSpawn.run(ThreadSet.java:38)

"Thread-167" #209 [1076687] daemon prio=5 os_prio=0 cpu=0.12ms elapsed=191.09s tid=0x00007f91882fa710 nid=1076687 in Object.wait()  [0x00007f8f061fe000]
   java.lang.Thread.State: WAITING (on object monitor)
	at java.lang.Object.wait0(java.base@21.0.11/Native Method)
	- waiting on <no object reference available>
	at java.lang.Object.wait(java.base@21.0.11/Object.java:366)
	at java.lang.Object.wait(java.base@21.0.11/Object.java:339)
	at boxOfActin.Barrier.threadDone(Barrier.java:49)
	- locked <0x00000003e6a7ea08> (a java.lang.Object)
	at boxOfActin.ThreadSet.done(ThreadSet.java:54)
	at boxOfActin.ThreadSet$ThreadSpawn.run(ThreadSet.java:38)

"Thread-168" #210 [1076688] daemon prio=5 os_prio=0 cpu=0.13ms elapsed=191.09s tid=0x00007f91882fb3c0 nid=1076688 in Object.wait()  [0x00007f8f060fe000]
   java.lang.Thread.State: WAITING (on object monitor)
	at java.lang.Object.wait0(java.base@21.0.11/Native Method)
	- waiting on <no object reference available>
	at java.lang.Object.wait(java.base@21.0.11/Object.java:366)
	at java.lang.Object.wait(java.base@21.0.11/Object.java:339)
	at boxOfActin.Barrier.threadDone(Barrier.java:49)
	- locked <0x00000003e6a7ea08> (a java.lang.Object)
	at boxOfActin.ThreadSet.done(ThreadSet.java:54)
	at boxOfActin.ThreadSet$ThreadSpawn.run(ThreadSet.java:38)

"Thread-169" #211 [1076689] daemon prio=5 os_prio=0 cpu=0.12ms elapsed=191.09s tid=0x00007f91882fc080 nid=1076689 in Object.wait()  [0x00007f8f05ffe000]
   java.lang.Thread.State: WAITING (on object monitor)
	at java.lang.Object.wait0(java.base@21.0.11/Native Method)
	- waiting on <no object reference available>
	at java.lang.Object.wait(java.base@21.0.11/Object.java:366)
	at java.lang.Object.wait(java.base@21.0.11/Object.java:339)
	at boxOfActin.Barrier.threadDone(Barrier.java:49)
	- locked <0x00000003e6a7ea08> (a java.lang.Object)
	at boxOfActin.ThreadSet.done(ThreadSet.java:54)
	at boxOfActin.ThreadSet$ThreadSpawn.run(ThreadSet.java:38)

"Thread-170" #212 [1076690] daemon prio=5 os_prio=0 cpu=0.12ms elapsed=191.09s tid=0x00007f91882fcd40 nid=1076690 in Object.wait()  [0x00007f8f05efe000]
   java.lang.Thread.State: WAITING (on object monitor)
	at java.lang.Object.wait0(java.base@21.0.11/Native Method)
	- waiting on <no object reference available>
	at java.lang.Object.wait(java.base@21.0.11/Object.java:366)
	at java.lang.Object.wait(java.base@21.0.11/Object.java:339)
	at boxOfActin.Barrier.threadDone(Barrier.java:49)
	- locked <0x00000003e6a7ea08> (a java.lang.Object)
	at boxOfActin.ThreadSet.done(ThreadSet.java:54)
	at boxOfActin.ThreadSet$ThreadSpawn.run(ThreadSet.java:38)

"Thread-171" #213 [1076691] daemon prio=5 os_prio=0 cpu=0.16ms elapsed=191.09s tid=0x00007f9188306e60 nid=1076691 in Object.wait()  [0x00007f8f05dfe000]
   java.lang.Thread.State: WAITING (on object monitor)
	at java.lang.Object.wait0(java.base@21.0.11/Native Method)
	- waiting on <no object reference available>
	at java.lang.Object.wait(java.base@21.0.11/Object.java:366)
	at java.lang.Object.wait(java.base@21.0.11/Object.java:339)
	at boxOfActin.Barrier.threadDone(Barrier.java:49)
	- locked <0x00000003e6a7ea08> (a java.lang.Object)
	at boxOfActin.ThreadSet.done(ThreadSet.java:54)
	at boxOfActin.ThreadSet$ThreadSpawn.run(ThreadSet.java:38)

"Thread-172" #214 [1076692] daemon prio=5 os_prio=0 cpu=0.11ms elapsed=191.09s tid=0x00007f9188307b30 nid=1076692 in Object.wait()  [0x00007f8f05cfe000]
   java.lang.Thread.State: WAITING (on object monitor)
	at java.lang.Object.wait0(java.base@21.0.11/Native Method)
	- waiting on <no object reference available>
	at java.lang.Object.wait(java.base@21.0.11/Object.java:366)
	at java.lang.Object.wait(java.base@21.0.11/Object.java:339)
	at boxOfActin.Barrier.threadDone(Barrier.java:49)
	- locked <0x00000003e6a7ea08> (a java.lang.Object)
	at boxOfActin.ThreadSet.done(ThreadSet.java:54)
	at boxOfActin.ThreadSet$ThreadSpawn.run(ThreadSet.java:38)

"Thread-173" #215 [1076693] daemon prio=5 os_prio=0 cpu=0.18ms elapsed=191.09s tid=0x00007f9188308810 nid=1076693 in Object.wait()  [0x00007f8f05bfe000]
   java.lang.Thread.State: WAITING (on object monitor)
	at java.lang.Object.wait0(java.base@21.0.11/Native Method)
	- waiting on <no object reference available>
	at java.lang.Object.wait(java.base@21.0.11/Object.java:366)
	at java.lang.Object.wait(java.base@21.0.11/Object.java:339)
	at boxOfActin.Barrier.threadDone(Barrier.java:49)
	- locked <0x00000003e6a7ea08> (a java.lang.Object)
	at boxOfActin.ThreadSet.done(ThreadSet.java:54)
	at boxOfActin.ThreadSet$ThreadSpawn.run(ThreadSet.java:38)

"Thread-174" #216 [1076694] daemon prio=5 os_prio=0 cpu=0.13ms elapsed=191.09s tid=0x00007f91883094f0 nid=1076694 in Object.wait()  [0x00007f8f05afe000]
   java.lang.Thread.State: WAITING (on object monitor)
	at java.lang.Object.wait0(java.base@21.0.11/Native Method)
	- waiting on <no object reference available>
	at java.lang.Object.wait(java.base@21.0.11/Object.java:366)
	at java.lang.Object.wait(java.base@21.0.11/Object.java:339)
	at boxOfActin.Barrier.threadDone(Barrier.java:49)
	- locked <0x00000003e6a7ea08> (a java.lang.Object)
	at boxOfActin.ThreadSet.done(ThreadSet.java:54)
	at boxOfActin.ThreadSet$ThreadSpawn.run(ThreadSet.java:38)

"Thread-175" #217 [1076695] daemon prio=5 os_prio=0 cpu=0.10ms elapsed=191.09s tid=0x00007f918830a370 nid=1076695 in Object.wait()  [0x00007f8f059fe000]
   java.lang.Thread.State: WAITING (on object monitor)
	at java.lang.Object.wait0(java.base@21.0.11/Native Method)
	- waiting on <no object reference available>
	at java.lang.Object.wait(java.base@21.0.11/Object.java:366)
	at java.lang.Object.wait(java.base@21.0.11/Object.java:339)
	at boxOfActin.Barrier.threadDone(Barrier.java:49)
	- locked <0x00000003e6a7ea08> (a java.lang.Object)
	at boxOfActin.ThreadSet.done(ThreadSet.java:54)
	at boxOfActin.ThreadSet$ThreadSpawn.run(ThreadSet.java:38)

"Thread-176" #218 [1076696] daemon prio=5 os_prio=0 cpu=2.34ms elapsed=191.09s tid=0x00007f918830b960 nid=1076696 in Object.wait()  [0x00007f8f058fe000]
   java.lang.Thread.State: WAITING (on object monitor)
	at java.lang.Object.wait0(java.base@21.0.11/Native Method)
	- waiting on <no object reference available>
	at java.lang.Object.wait(java.base@21.0.11/Object.java:366)
	at java.lang.Object.wait(java.base@21.0.11/Object.java:339)
	at boxOfActin.Barrier.threadDone(Barrier.java:49)
	- locked <0x00000003e6b43c40> (a java.lang.Object)
	at boxOfActin.ThreadSet.done(ThreadSet.java:54)
	at boxOfActin.ThreadSet$ThreadSpawn.run(ThreadSet.java:41)

"Thread-177" #219 [1076697] daemon prio=5 os_prio=0 cpu=2.52ms elapsed=191.09s tid=0x00007f918830ce50 nid=1076697 in Object.wait()  [0x00007f8f057fe000]
   java.lang.Thread.State: WAITING (on object monitor)
	at java.lang.Object.wait0(java.base@21.0.11/Native Method)
	- waiting on <no object reference available>
	at java.lang.Object.wait(java.base@21.0.11/Object.java:366)
	at java.lang.Object.wait(java.base@21.0.11/Object.java:339)
	at boxOfActin.Barrier.threadDone(Barrier.java:49)
	- locked <0x00000003e6b43c40> (a java.lang.Object)
	at boxOfActin.ThreadSet.done(ThreadSet.java:54)
	at boxOfActin.ThreadSet$ThreadSpawn.run(ThreadSet.java:41)

"Thread-178" #220 [1076698] daemon prio=5 os_prio=0 cpu=2.64ms elapsed=191.09s tid=0x00007f918830dfe0 nid=1076698 in Object.wait()  [0x00007f8f056fe000]
   java.lang.Thread.State: WAITING (on object monitor)
	at java.lang.Object.wait0(java.base@21.0.11/Native Method)
	- waiting on <no object reference available>
	at java.lang.Object.wait(java.base@21.0.11/Object.java:366)
	at java.lang.Object.wait(java.base@21.0.11/Object.java:339)
	at boxOfActin.Barrier.threadDone(Barrier.java:49)
	- locked <0x00000003e6b43c40> (a java.lang.Object)
	at boxOfActin.ThreadSet.done(ThreadSet.java:54)
	at boxOfActin.ThreadSet$ThreadSpawn.run(ThreadSet.java:41)

"Thread-179" #221 [1076699] daemon prio=5 os_prio=0 cpu=2.54ms elapsed=191.09s tid=0x00007f918830f5f0 nid=1076699 in Object.wait()  [0x00007f8f055fe000]
   java.lang.Thread.State: WAITING (on object monitor)
	at java.lang.Object.wait0(java.base@21.0.11/Native Method)
	- waiting on <no object reference available>
	at java.lang.Object.wait(java.base@21.0.11/Object.java:366)
	at java.lang.Object.wait(java.base@21.0.11/Object.java:339)
	at boxOfActin.Barrier.threadDone(Barrier.java:49)
	- locked <0x00000003e6b43c40> (a java.lang.Object)
	at boxOfActin.ThreadSet.done(ThreadSet.java:54)
	at boxOfActin.ThreadSet$ThreadSpawn.run(ThreadSet.java:41)

"Thread-180" #222 [1076700] daemon prio=5 os_prio=0 cpu=3.00ms elapsed=191.09s tid=0x00007f9188310b20 nid=1076700 in Object.wait()  [0x00007f8f054fe000]
   java.lang.Thread.State: WAITING (on object monitor)
	at java.lang.Object.wait0(java.base@21.0.11/Native Method)
	- waiting on <no object reference available>
	at java.lang.Object.wait(java.base@21.0.11/Object.java:366)
	at java.lang.Object.wait(java.base@21.0.11/Object.java:339)
	at boxOfActin.Barrier.threadDone(Barrier.java:49)
	- locked <0x00000003e6b43c40> (a java.lang.Object)
	at boxOfActin.ThreadSet.done(ThreadSet.java:54)
	at boxOfActin.ThreadSet$ThreadSpawn.run(ThreadSet.java:41)

"Thread-181" #223 [1076701] daemon prio=5 os_prio=0 cpu=2.95ms elapsed=191.09s tid=0x00007f9188312140 nid=1076701 in Object.wait()  [0x00007f8f053fe000]
   java.lang.Thread.State: WAITING (on object monitor)
	at java.lang.Object.wait0(java.base@21.0.11/Native Method)
	- waiting on <no object reference available>
	at java.lang.Object.wait(java.base@21.0.11/Object.java:366)
	at java.lang.Object.wait(java.base@21.0.11/Object.java:339)
	at boxOfActin.Barrier.threadDone(Barrier.java:49)
	- locked <0x00000003e6b43c40> (a java.lang.Object)
	at boxOfActin.ThreadSet.done(ThreadSet.java:54)
	at boxOfActin.ThreadSet$ThreadSpawn.run(ThreadSet.java:41)

"Thread-182" #224 [1076702] daemon prio=5 os_prio=0 cpu=2.88ms elapsed=191.09s tid=0x00007f9188313660 nid=1076702 in Object.wait()  [0x00007f8f052fe000]
   java.lang.Thread.State: WAITING (on object monitor)
	at java.lang.Object.wait0(java.base@21.0.11/Native Method)
	- waiting on <no object reference available>
	at java.lang.Object.wait(java.base@21.0.11/Object.java:366)
	at java.lang.Object.wait(java.base@21.0.11/Object.java:339)
	at boxOfActin.Barrier.threadDone(Barrier.java:49)
	- locked <0x00000003e6b43c40> (a java.lang.Object)
	at boxOfActin.ThreadSet.done(ThreadSet.java:54)
	at boxOfActin.ThreadSet$ThreadSpawn.run(ThreadSet.java:41)

"Thread-183" #225 [1076703] daemon prio=5 os_prio=0 cpu=2.94ms elapsed=191.09s tid=0x00007f9188314f10 nid=1076703 in Object.wait()  [0x00007f8f051fe000]
   java.lang.Thread.State: WAITING (on object monitor)
	at java.lang.Object.wait0(java.base@21.0.11/Native Method)
	- waiting on <no object reference available>
	at java.lang.Object.wait(java.base@21.0.11/Object.java:366)
	at java.lang.Object.wait(java.base@21.0.11/Object.java:339)
	at boxOfActin.Barrier.threadDone(Barrier.java:49)
	- locked <0x00000003e6b43c40> (a java.lang.Object)
	at boxOfActin.ThreadSet.done(ThreadSet.java:54)
	at boxOfActin.ThreadSet$ThreadSpawn.run(ThreadSet.java:41)

"Thread-184" #226 [1076704] daemon prio=5 os_prio=0 cpu=0.08ms elapsed=191.09s tid=0x00007f9188316540 nid=1076704 in Object.wait()  [0x00007f8f050fe000]
   java.lang.Thread.State: WAITING (on object monitor)
	at java.lang.Object.wait0(java.base@21.0.11/Native Method)
	- waiting on <no object reference available>
	at java.lang.Object.wait(java.base@21.0.11/Object.java:366)
	at java.lang.Object.wait(java.base@21.0.11/Object.java:339)
	at boxOfActin.Barrier.threadDone(Barrier.java:49)
	- locked <0x00000003e6b58418> (a java.lang.Object)
	at boxOfActin.ThreadSet.done(ThreadSet.java:54)
	at boxOfActin.ThreadSet$ThreadSpawn.run(ThreadSet.java:38)

"Thread-185" #227 [1076705] daemon prio=5 os_prio=0 cpu=0.10ms elapsed=191.09s tid=0x00007f9188317b50 nid=1076705 in Object.wait()  [0x00007f8f04ffe000]
   java.lang.Thread.State: WAITING (on object monitor)
	at java.lang.Object.wait0(java.base@21.0.11/Native Method)
	- waiting on <no object reference available>
	at java.lang.Object.wait(java.base@21.0.11/Object.java:366)
	at java.lang.Object.wait(java.base@21.0.11/Object.java:339)
	at boxOfActin.Barrier.threadDone(Barrier.java:49)
	- locked <0x00000003e6b58418> (a java.lang.Object)
	at boxOfActin.ThreadSet.done(ThreadSet.java:54)
	at boxOfActin.ThreadSet$ThreadSpawn.run(ThreadSet.java:38)

"Thread-186" #228 [1076706] daemon prio=5 os_prio=0 cpu=0.05ms elapsed=191.09s tid=0x00007f9188319050 nid=1076706 in Object.wait()  [0x00007f8f04efe000]
   java.lang.Thread.State: WAITING (on object monitor)
	at java.lang.Object.wait0(java.base@21.0.11/Native Method)
	- waiting on <no object reference available>
	at java.lang.Object.wait(java.base@21.0.11/Object.java:366)
	at java.lang.Object.wait(java.base@21.0.11/Object.java:339)
	at boxOfActin.Barrier.threadDone(Barrier.java:49)
	- locked <0x00000003e6b58418> (a java.lang.Object)
	at boxOfActin.ThreadSet.done(ThreadSet.java:54)
	at boxOfActin.ThreadSet$ThreadSpawn.run(ThreadSet.java:38)

"Thread-187" #229 [1076707] daemon prio=5 os_prio=0 cpu=0.06ms elapsed=191.09s tid=0x00007f918831a5d0 nid=1076707 in Object.wait()  [0x00007f8f04dfe000]
   java.lang.Thread.State: WAITING (on object monitor)
	at java.lang.Object.wait0(java.base@21.0.11/Native Method)
	- waiting on <no object reference available>
	at java.lang.Object.wait(java.base@21.0.11/Object.java:366)
	at java.lang.Object.wait(java.base@21.0.11/Object.java:339)
	at boxOfActin.Barrier.threadDone(Barrier.java:49)
	- locked <0x00000003e6b58418> (a java.lang.Object)
	at boxOfActin.ThreadSet.done(ThreadSet.java:54)
	at boxOfActin.ThreadSet$ThreadSpawn.run(ThreadSet.java:38)

"Thread-188" #230 [1076708] daemon prio=5 os_prio=0 cpu=0.05ms elapsed=191.09s tid=0x00007f918831bb70 nid=1076708 in Object.wait()  [0x00007f8f04cfe000]
   java.lang.Thread.State: WAITING (on object monitor)
	at java.lang.Object.wait0(java.base@21.0.11/Native Method)
	- waiting on <no object reference available>
	at java.lang.Object.wait(java.base@21.0.11/Object.java:366)
	at java.lang.Object.wait(java.base@21.0.11/Object.java:339)
	at boxOfActin.Barrier.threadDone(Barrier.java:49)
	- locked <0x00000003e6b58418> (a java.lang.Object)
	at boxOfActin.ThreadSet.done(ThreadSet.java:54)
	at boxOfActin.ThreadSet$ThreadSpawn.run(ThreadSet.java:38)

"Thread-189" #231 [1076709] daemon prio=5 os_prio=0 cpu=0.05ms elapsed=191.09s tid=0x00007f918831d1d0 nid=1076709 in Object.wait()  [0x00007f8f04bfe000]
   java.lang.Thread.State: WAITING (on object monitor)
	at java.lang.Object.wait0(java.base@21.0.11/Native Method)
	- waiting on <no object reference available>
	at java.lang.Object.wait(java.base@21.0.11/Object.java:366)
	at java.lang.Object.wait(java.base@21.0.11/Object.java:339)
	at boxOfActin.Barrier.threadDone(Barrier.java:49)
	- locked <0x00000003e6b58418> (a java.lang.Object)
	at boxOfActin.ThreadSet.done(ThreadSet.java:54)
	at boxOfActin.ThreadSet$ThreadSpawn.run(ThreadSet.java:38)

"Thread-190" #232 [1076710] daemon prio=5 os_prio=0 cpu=0.04ms elapsed=191.09s tid=0x00007f918831e6d0 nid=1076710 in Object.wait()  [0x00007f8f04afe000]
   java.lang.Thread.State: WAITING (on object monitor)
	at java.lang.Object.wait0(java.base@21.0.11/Native Method)
	- waiting on <no object reference available>
	at java.lang.Object.wait(java.base@21.0.11/Object.java:366)
	at java.lang.Object.wait(java.base@21.0.11/Object.java:339)
	at boxOfActin.Barrier.threadDone(Barrier.java:49)
	- locked <0x00000003e6b58418> (a java.lang.Object)
	at boxOfActin.ThreadSet.done(ThreadSet.java:54)
	at boxOfActin.ThreadSet$ThreadSpawn.run(ThreadSet.java:38)

"Thread-191" #233 [1076711] daemon prio=5 os_prio=0 cpu=0.04ms elapsed=191.09s tid=0x00007f918831fd20 nid=1076711 in Object.wait()  [0x00007f8f049fe000]
   java.lang.Thread.State: WAITING (on object monitor)
	at java.lang.Object.wait0(java.base@21.0.11/Native Method)
	- waiting on <no object reference available>
	at java.lang.Object.wait(java.base@21.0.11/Object.java:366)
	at java.lang.Object.wait(java.base@21.0.11/Object.java:339)
	at boxOfActin.Barrier.threadDone(Barrier.java:49)
	- locked <0x00000003e6b58418> (a java.lang.Object)
	at boxOfActin.ThreadSet.done(ThreadSet.java:54)
	at boxOfActin.ThreadSet$ThreadSpawn.run(ThreadSet.java:38)

"Thread-192" #234 [1076712] daemon prio=5 os_prio=0 cpu=0.09ms elapsed=191.09s tid=0x00007f91883217d0 nid=1076712 in Object.wait()  [0x00007f8f048fe000]
   java.lang.Thread.State: WAITING (on object monitor)
	at java.lang.Object.wait0(java.base@21.0.11/Native Method)
	- waiting on <no object reference available>
	at java.lang.Object.wait(java.base@21.0.11/Object.java:366)
	at java.lang.Object.wait(java.base@21.0.11/Object.java:339)
	at boxOfActin.Barrier.threadDone(Barrier.java:49)
	- locked <0x00000003e6f29e08> (a java.lang.Object)
	at boxOfActin.ThreadSet.done(ThreadSet.java:54)
	at boxOfActin.ThreadSet$ThreadSpawn.run(ThreadSet.java:38)

"Thread-193" #235 [1076713] daemon prio=5 os_prio=0 cpu=0.07ms elapsed=191.09s tid=0x00007f91883232f0 nid=1076713 in Object.wait()  [0x00007f8f047fe000]
   java.lang.Thread.State: WAITING (on object monitor)
	at java.lang.Object.wait0(java.base@21.0.11/Native Method)
	- waiting on <no object reference available>
	at java.lang.Object.wait(java.base@21.0.11/Object.java:366)
	at java.lang.Object.wait(java.base@21.0.11/Object.java:339)
	at boxOfActin.Barrier.threadDone(Barrier.java:49)
	- locked <0x00000003e6f29e08> (a java.lang.Object)
	at boxOfActin.ThreadSet.done(ThreadSet.java:54)
	at boxOfActin.ThreadSet$ThreadSpawn.run(ThreadSet.java:38)

"Thread-194" #236 [1076714] daemon prio=5 os_prio=0 cpu=0.10ms elapsed=191.09s tid=0x00007f9188324540 nid=1076714 in Object.wait()  [0x00007f8f046fe000]
   java.lang.Thread.State: WAITING (on object monitor)
	at java.lang.Object.wait0(java.base@21.0.11/Native Method)
	- waiting on <no object reference available>
	at java.lang.Object.wait(java.base@21.0.11/Object.java:366)
	at java.lang.Object.wait(java.base@21.0.11/Object.java:339)
	at boxOfActin.Barrier.threadDone(Barrier.java:49)
	- locked <0x00000003e6f29e08> (a java.lang.Object)
	at boxOfActin.ThreadSet.done(ThreadSet.java:54)
	at boxOfActin.ThreadSet$ThreadSpawn.run(ThreadSet.java:38)

"Thread-195" #237 [1076715] daemon prio=5 os_prio=0 cpu=0.05ms elapsed=191.09s tid=0x00007f9188325af0 nid=1076715 in Object.wait()  [0x00007f8f045fe000]
   java.lang.Thread.State: WAITING (on object monitor)
	at java.lang.Object.wait0(java.base@21.0.11/Native Method)
	- waiting on <no object reference available>
	at java.lang.Object.wait(java.base@21.0.11/Object.java:366)
	at java.lang.Object.wait(java.base@21.0.11/Object.java:339)
	at boxOfActin.Barrier.threadDone(Barrier.java:49)
	- locked <0x00000003e6f29e08> (a java.lang.Object)
	at boxOfActin.ThreadSet.done(ThreadSet.java:54)
	at boxOfActin.ThreadSet$ThreadSpawn.run(ThreadSet.java:38)

"Thread-196" #238 [1076716] daemon prio=5 os_prio=0 cpu=0.05ms elapsed=191.09s tid=0x00007f91883a12b0 nid=1076716 in Object.wait()  [0x00007f8f044fe000]
   java.lang.Thread.State: WAITING (on object monitor)
	at java.lang.Object.wait0(java.base@21.0.11/Native Method)
	- waiting on <no object reference available>
	at java.lang.Object.wait(java.base@21.0.11/Object.java:366)
	at java.lang.Object.wait(java.base@21.0.11/Object.java:339)
	at boxOfActin.Barrier.threadDone(Barrier.java:49)
	- locked <0x00000003e6f29e08> (a java.lang.Object)
	at boxOfActin.ThreadSet.done(ThreadSet.java:54)
	at boxOfActin.ThreadSet$ThreadSpawn.run(ThreadSet.java:38)

"Thread-197" #239 [1076717] daemon prio=5 os_prio=0 cpu=0.04ms elapsed=191.09s tid=0x00007f91883a2450 nid=1076717 in Object.wait()  [0x00007f8f043fe000]
   java.lang.Thread.State: WAITING (on object monitor)
	at java.lang.Object.wait0(java.base@21.0.11/Native Method)
	- waiting on <no object reference available>
	at java.lang.Object.wait(java.base@21.0.11/Object.java:366)
	at java.lang.Object.wait(java.base@21.0.11/Object.java:339)
	at boxOfActin.Barrier.threadDone(Barrier.java:49)
	- locked <0x00000003e6f29e08> (a java.lang.Object)
	at boxOfActin.ThreadSet.done(ThreadSet.java:54)
	at boxOfActin.ThreadSet$ThreadSpawn.run(ThreadSet.java:38)

"Thread-198" #240 [1076718] daemon prio=5 os_prio=0 cpu=0.04ms elapsed=191.09s tid=0x00007f91883a39f0 nid=1076718 in Object.wait()  [0x00007f8f042fe000]
   java.lang.Thread.State: WAITING (on object monitor)
	at java.lang.Object.wait0(java.base@21.0.11/Native Method)
	- waiting on <no object reference available>
	at java.lang.Object.wait(java.base@21.0.11/Object.java:366)
	at java.lang.Object.wait(java.base@21.0.11/Object.java:339)
	at boxOfActin.Barrier.threadDone(Barrier.java:49)
	- locked <0x00000003e6f29e08> (a java.lang.Object)
	at boxOfActin.ThreadSet.done(ThreadSet.java:54)
	at boxOfActin.ThreadSet$ThreadSpawn.run(ThreadSet.java:38)

"Thread-199" #241 [1076719] daemon prio=5 os_prio=0 cpu=0.05ms elapsed=191.09s tid=0x00007f91883a5220 nid=1076719 in Object.wait()  [0x00007f8f041fe000]
   java.lang.Thread.State: WAITING (on object monitor)
	at java.lang.Object.wait0(java.base@21.0.11/Native Method)
	- waiting on <no object reference available>
	at java.lang.Object.wait(java.base@21.0.11/Object.java:366)
	at java.lang.Object.wait(java.base@21.0.11/Object.java:339)
	at boxOfActin.Barrier.threadDone(Barrier.java:49)
	- locked <0x00000003e6f29e08> (a java.lang.Object)
	at boxOfActin.ThreadSet.done(ThreadSet.java:54)
	at boxOfActin.ThreadSet$ThreadSpawn.run(ThreadSet.java:38)

"Thread-200" #242 [1076720] daemon prio=5 os_prio=0 cpu=0.05ms elapsed=191.09s tid=0x00007f91883a67d0 nid=1076720 in Object.wait()  [0x00007f8f040fe000]
   java.lang.Thread.State: WAITING (on object monitor)
	at java.lang.Object.wait0(java.base@21.0.11/Native Method)
	- waiting on <no object reference available>
	at java.lang.Object.wait(java.base@21.0.11/Object.java:366)
	at java.lang.Object.wait(java.base@21.0.11/Object.java:339)
	at boxOfActin.Barrier.threadDone(Barrier.java:49)
	- locked <0x00000003e6f29e08> (a java.lang.Object)
	at boxOfActin.ThreadSet.done(ThreadSet.java:54)
	at boxOfActin.ThreadSet$ThreadSpawn.run(ThreadSet.java:38)

"Thread-201" #243 [1076721] daemon prio=5 os_prio=0 cpu=0.04ms elapsed=191.09s tid=0x00007f91883a7d70 nid=1076721 in Object.wait()  [0x00007f8effffe000]
   java.lang.Thread.State: WAITING (on object monitor)
	at java.lang.Object.wait0(java.base@21.0.11/Native Method)
	- waiting on <no object reference available>
	at java.lang.Object.wait(java.base@21.0.11/Object.java:366)
	at java.lang.Object.wait(java.base@21.0.11/Object.java:339)
	at boxOfActin.Barrier.threadDone(Barrier.java:49)
	- locked <0x00000003e6f29e08> (a java.lang.Object)
	at boxOfActin.ThreadSet.done(ThreadSet.java:54)
	at boxOfActin.ThreadSet$ThreadSpawn.run(ThreadSet.java:38)

"Thread-202" #244 [1076722] daemon prio=5 os_prio=0 cpu=0.05ms elapsed=191.09s tid=0x00007f91883a9310 nid=1076722 in Object.wait()  [0x00007f8effefe000]
   java.lang.Thread.State: WAITING (on object monitor)
	at java.lang.Object.wait0(java.base@21.0.11/Native Method)
	- waiting on <no object reference available>
	at java.lang.Object.wait(java.base@21.0.11/Object.java:366)
	at java.lang.Object.wait(java.base@21.0.11/Object.java:339)
	at boxOfActin.Barrier.threadDone(Barrier.java:49)
	- locked <0x00000003e6f29e08> (a java.lang.Object)
	at boxOfActin.ThreadSet.done(ThreadSet.java:54)
	at boxOfActin.ThreadSet$ThreadSpawn.run(ThreadSet.java:38)

"Thread-203" #245 [1076723] daemon prio=5 os_prio=0 cpu=0.04ms elapsed=191.09s tid=0x00007f91883aa8c0 nid=1076723 in Object.wait()  [0x00007f8effdfe000]
   java.lang.Thread.State: WAITING (on object monitor)
	at java.lang.Object.wait0(java.base@21.0.11/Native Method)
	- waiting on <no object reference available>
	at java.lang.Object.wait(java.base@21.0.11/Object.java:366)
	at java.lang.Object.wait(java.base@21.0.11/Object.java:339)
	at boxOfActin.Barrier.threadDone(Barrier.java:49)
	- locked <0x00000003e6f29e08> (a java.lang.Object)
	at boxOfActin.ThreadSet.done(ThreadSet.java:54)
	at boxOfActin.ThreadSet$ThreadSpawn.run(ThreadSet.java:38)

"Thread-204" #246 [1076724] daemon prio=5 os_prio=0 cpu=0.05ms elapsed=191.09s tid=0x00007f91883abe70 nid=1076724 in Object.wait()  [0x00007f8effcfe000]
   java.lang.Thread.State: WAITING (on object monitor)
	at java.lang.Object.wait0(java.base@21.0.11/Native Method)
	- waiting on <no object reference available>
	at java.lang.Object.wait(java.base@21.0.11/Object.java:366)
	at java.lang.Object.wait(java.base@21.0.11/Object.java:339)
	at boxOfActin.Barrier.threadDone(Barrier.java:49)
	- locked <0x00000003e6f29e08> (a java.lang.Object)
	at boxOfActin.ThreadSet.done(ThreadSet.java:54)
	at boxOfActin.ThreadSet$ThreadSpawn.run(ThreadSet.java:38)

"Thread-205" #247 [1076725] daemon prio=5 os_prio=0 cpu=0.05ms elapsed=191.09s tid=0x00007f91883ad410 nid=1076725 in Object.wait()  [0x00007f8effbfe000]
   java.lang.Thread.State: WAITING (on object monitor)
	at java.lang.Object.wait0(java.base@21.0.11/Native Method)
	- waiting on <no object reference available>
	at java.lang.Object.wait(java.base@21.0.11/Object.java:366)
	at java.lang.Object.wait(java.base@21.0.11/Object.java:339)
	at boxOfActin.Barrier.threadDone(Barrier.java:49)
	- locked <0x00000003e6f29e08> (a java.lang.Object)
	at boxOfActin.ThreadSet.done(ThreadSet.java:54)
	at boxOfActin.ThreadSet$ThreadSpawn.run(ThreadSet.java:38)

"Thread-206" #248 [1076726] daemon prio=5 os_prio=0 cpu=0.05ms elapsed=191.09s tid=0x00007f91883ae5d0 nid=1076726 in Object.wait()  [0x00007f8effafe000]
   java.lang.Thread.State: WAITING (on object monitor)
	at java.lang.Object.wait0(java.base@21.0.11/Native Method)
	- waiting on <no object reference available>
	at java.lang.Object.wait(java.base@21.0.11/Object.java:366)
	at java.lang.Object.wait(java.base@21.0.11/Object.java:339)
	at boxOfActin.Barrier.threadDone(Barrier.java:49)
	- locked <0x00000003e6f29e08> (a java.lang.Object)
	at boxOfActin.ThreadSet.done(ThreadSet.java:54)
	at boxOfActin.ThreadSet$ThreadSpawn.run(ThreadSet.java:38)

"Thread-207" #249 [1076727] daemon prio=5 os_prio=0 cpu=0.04ms elapsed=191.09s tid=0x00007f91883af780 nid=1076727 in Object.wait()  [0x00007f8eff9fe000]
   java.lang.Thread.State: WAITING (on object monitor)
	at java.lang.Object.wait0(java.base@21.0.11/Native Method)
	- waiting on <no object reference available>
	at java.lang.Object.wait(java.base@21.0.11/Object.java:366)
	at java.lang.Object.wait(java.base@21.0.11/Object.java:339)
	at boxOfActin.Barrier.threadDone(Barrier.java:49)
	- locked <0x00000003e6f29e08> (a java.lang.Object)
	at boxOfActin.ThreadSet.done(ThreadSet.java:54)
	at boxOfActin.ThreadSet$ThreadSpawn.run(ThreadSet.java:38)

"Thread-208" #250 [1076728] daemon prio=5 os_prio=0 cpu=0.09ms elapsed=191.09s tid=0x00007f91883b13f0 nid=1076728 in Object.wait()  [0x00007f8eff8fe000]
   java.lang.Thread.State: WAITING (on object monitor)
	at java.lang.Object.wait0(java.base@21.0.11/Native Method)
	- waiting on <no object reference available>
	at java.lang.Object.wait(java.base@21.0.11/Object.java:366)
	at java.lang.Object.wait(java.base@21.0.11/Object.java:339)
	at boxOfActin.Barrier.threadDone(Barrier.java:49)
	- locked <0x00000003e6f2b8c8> (a java.lang.Object)
	at boxOfActin.ThreadSet.done(ThreadSet.java:54)
	at boxOfActin.ThreadSet$ThreadSpawn.run(ThreadSet.java:38)

"Thread-209" #251 [1076729] daemon prio=5 os_prio=0 cpu=0.06ms elapsed=191.09s tid=0x00007f91883b27f0 nid=1076729 in Object.wait()  [0x00007f8eff7fe000]
   java.lang.Thread.State: WAITING (on object monitor)
	at java.lang.Object.wait0(java.base@21.0.11/Native Method)
	- waiting on <no object reference available>
	at java.lang.Object.wait(java.base@21.0.11/Object.java:366)
	at java.lang.Object.wait(java.base@21.0.11/Object.java:339)
	at boxOfActin.Barrier.threadDone(Barrier.java:49)
	- locked <0x00000003e6f2b8c8> (a java.lang.Object)
	at boxOfActin.ThreadSet.done(ThreadSet.java:54)
	at boxOfActin.ThreadSet$ThreadSpawn.run(ThreadSet.java:38)

"Thread-210" #252 [1076730] daemon prio=5 os_prio=0 cpu=0.09ms elapsed=191.09s tid=0x00007f91883b3ad0 nid=1076730 in Object.wait()  [0x00007f8eff6fe000]
   java.lang.Thread.State: WAITING (on object monitor)
	at java.lang.Object.wait0(java.base@21.0.11/Native Method)
	- waiting on <no object reference available>
	at java.lang.Object.wait(java.base@21.0.11/Object.java:366)
	at java.lang.Object.wait(java.base@21.0.11/Object.java:339)
	at boxOfActin.Barrier.threadDone(Barrier.java:49)
	- locked <0x00000003e6f2b8c8> (a java.lang.Object)
	at boxOfActin.ThreadSet.done(ThreadSet.java:54)
	at boxOfActin.ThreadSet$ThreadSpawn.run(ThreadSet.java:38)

"Thread-211" #253 [1076731] daemon prio=5 os_prio=0 cpu=0.16ms elapsed=191.09s tid=0x00007f91883b4bb0 nid=1076731 in Object.wait()  [0x00007f8eff5fe000]
   java.lang.Thread.State: WAITING (on object monitor)
	at java.lang.Object.wait0(java.base@21.0.11/Native Method)
	- waiting on <no object reference available>
	at java.lang.Object.wait(java.base@21.0.11/Object.java:366)
	at java.lang.Object.wait(java.base@21.0.11/Object.java:339)
	at boxOfActin.Barrier.threadDone(Barrier.java:49)
	- locked <0x00000003e6f2b8c8> (a java.lang.Object)
	at boxOfActin.ThreadSet.done(ThreadSet.java:54)
	at boxOfActin.ThreadSet$ThreadSpawn.run(ThreadSet.java:38)

"Thread-212" #254 [1076732] daemon prio=5 os_prio=0 cpu=0.10ms elapsed=191.09s tid=0x00007f91883b7320 nid=1076732 in Object.wait()  [0x00007f8eff4fe000]
   java.lang.Thread.State: WAITING (on object monitor)
	at java.lang.Object.wait0(java.base@21.0.11/Native Method)
	- waiting on <no object reference available>
	at java.lang.Object.wait(java.base@21.0.11/Object.java:366)
	at java.lang.Object.wait(java.base@21.0.11/Object.java:339)
	at boxOfActin.Barrier.threadDone(Barrier.java:49)
	- locked <0x00000003e6f2b8c8> (a java.lang.Object)
	at boxOfActin.ThreadSet.done(ThreadSet.java:54)
	at boxOfActin.ThreadSet$ThreadSpawn.run(ThreadSet.java:38)

"Thread-213" #255 [1076733] daemon prio=5 os_prio=0 cpu=0.08ms elapsed=191.09s tid=0x00007f91883b86f0 nid=1076733 in Object.wait()  [0x00007f8eff3fe000]
   java.lang.Thread.State: WAITING (on object monitor)
	at java.lang.Object.wait0(java.base@21.0.11/Native Method)
	- waiting on <no object reference available>
	at java.lang.Object.wait(java.base@21.0.11/Object.java:366)
	at java.lang.Object.wait(java.base@21.0.11/Object.java:339)
	at boxOfActin.Barrier.threadDone(Barrier.java:49)
	- locked <0x00000003e6f2b8c8> (a java.lang.Object)
	at boxOfActin.ThreadSet.done(ThreadSet.java:54)
	at boxOfActin.ThreadSet$ThreadSpawn.run(ThreadSet.java:38)

"Thread-214" #256 [1076734] daemon prio=5 os_prio=0 cpu=0.05ms elapsed=191.09s tid=0x00007f91883b7fe0 nid=1076734 in Object.wait()  [0x00007f8eff2fe000]
   java.lang.Thread.State: WAITING (on object monitor)
	at java.lang.Object.wait0(java.base@21.0.11/Native Method)
	- waiting on <no object reference available>
	at java.lang.Object.wait(java.base@21.0.11/Object.java:366)
	at java.lang.Object.wait(java.base@21.0.11/Object.java:339)
	at boxOfActin.Barrier.threadDone(Barrier.java:49)
	- locked <0x00000003e6f2b8c8> (a java.lang.Object)
	at boxOfActin.ThreadSet.done(ThreadSet.java:54)
	at boxOfActin.ThreadSet$ThreadSpawn.run(ThreadSet.java:38)

"Thread-215" #257 [1076735] daemon prio=5 os_prio=0 cpu=0.09ms elapsed=191.09s tid=0x00007f91883b9570 nid=1076735 in Object.wait()  [0x00007f8eff1fe000]
   java.lang.Thread.State: WAITING (on object monitor)
	at java.lang.Object.wait0(java.base@21.0.11/Native Method)
	- waiting on <no object reference available>
	at java.lang.Object.wait(java.base@21.0.11/Object.java:366)
	at java.lang.Object.wait(java.base@21.0.11/Object.java:339)
	at boxOfActin.Barrier.threadDone(Barrier.java:49)
	- locked <0x00000003e6f2b8c8> (a java.lang.Object)
	at boxOfActin.ThreadSet.done(ThreadSet.java:54)
	at boxOfActin.ThreadSet$ThreadSpawn.run(ThreadSet.java:38)

"Thread-216" #258 [1076736] daemon prio=5 os_prio=0 cpu=0.04ms elapsed=191.09s tid=0x00007f91883bad80 nid=1076736 in Object.wait()  [0x00007f8eff0fe000]
   java.lang.Thread.State: WAITING (on object monitor)
	at java.lang.Object.wait0(java.base@21.0.11/Native Method)
	- waiting on <no object reference available>
	at java.lang.Object.wait(java.base@21.0.11/Object.java:366)
	at java.lang.Object.wait(java.base@21.0.11/Object.java:339)
	at boxOfActin.Barrier.threadDone(Barrier.java:49)
	- locked <0x00000003e6f2b8c8> (a java.lang.Object)
	at boxOfActin.ThreadSet.done(ThreadSet.java:54)
	at boxOfActin.ThreadSet$ThreadSpawn.run(ThreadSet.java:38)

"Thread-217" #259 [1076737] daemon prio=5 os_prio=0 cpu=0.05ms elapsed=191.09s tid=0x00007f91883bc320 nid=1076737 in Object.wait()  [0x00007f8efeffe000]
   java.lang.Thread.State: WAITING (on object monitor)
	at java.lang.Object.wait0(java.base@21.0.11/Native Method)
	- waiting on <no object reference available>
	at java.lang.Object.wait(java.base@21.0.11/Object.java:366)
	at java.lang.Object.wait(java.base@21.0.11/Object.java:339)
	at boxOfActin.Barrier.threadDone(Barrier.java:49)
	- locked <0x00000003e6f2b8c8> (a java.lang.Object)
	at boxOfActin.ThreadSet.done(ThreadSet.java:54)
	at boxOfActin.ThreadSet$ThreadSpawn.run(ThreadSet.java:38)

"Thread-218" #260 [1076738] daemon prio=5 os_prio=0 cpu=0.05ms elapsed=191.09s tid=0x00007f91883bd8c0 nid=1076738 in Object.wait()  [0x00007f8efeefe000]
   java.lang.Thread.State: WAITING (on object monitor)
	at java.lang.Object.wait0(java.base@21.0.11/Native Method)
	- waiting on <no object reference available>
	at java.lang.Object.wait(java.base@21.0.11/Object.java:366)
	at java.lang.Object.wait(java.base@21.0.11/Object.java:339)
	at boxOfActin.Barrier.threadDone(Barrier.java:49)
	- locked <0x00000003e6f2b8c8> (a java.lang.Object)
	at boxOfActin.ThreadSet.done(ThreadSet.java:54)
	at boxOfActin.ThreadSet$ThreadSpawn.run(ThreadSet.java:38)

"Thread-219" #261 [1076739] daemon prio=5 os_prio=0 cpu=0.05ms elapsed=191.09s tid=0x00007f91883bee70 nid=1076739 in Object.wait()  [0x00007f8efedfe000]
   java.lang.Thread.State: WAITING (on object monitor)
	at java.lang.Object.wait0(java.base@21.0.11/Native Method)
	- waiting on <no object reference available>
	at java.lang.Object.wait(java.base@21.0.11/Object.java:366)
	at java.lang.Object.wait(java.base@21.0.11/Object.java:339)
	at boxOfActin.Barrier.threadDone(Barrier.java:49)
	- locked <0x00000003e6f2b8c8> (a java.lang.Object)
	at boxOfActin.ThreadSet.done(ThreadSet.java:54)
	at boxOfActin.ThreadSet$ThreadSpawn.run(ThreadSet.java:38)

"Thread-220" #262 [1076740] daemon prio=5 os_prio=0 cpu=0.04ms elapsed=191.09s tid=0x00007f91883c0400 nid=1076740 in Object.wait()  [0x00007f8efecfe000]
   java.lang.Thread.State: WAITING (on object monitor)
	at java.lang.Object.wait0(java.base@21.0.11/Native Method)
	- waiting on <no object reference available>
	at java.lang.Object.wait(java.base@21.0.11/Object.java:366)
	at java.lang.Object.wait(java.base@21.0.11/Object.java:339)
	at boxOfActin.Barrier.threadDone(Barrier.java:49)
	- locked <0x00000003e6f2b8c8> (a java.lang.Object)
	at boxOfActin.ThreadSet.done(ThreadSet.java:54)
	at boxOfActin.ThreadSet$ThreadSpawn.run(ThreadSet.java:38)

"Thread-221" #263 [1076741] daemon prio=5 os_prio=0 cpu=0.06ms elapsed=191.09s tid=0x00007f91883c19a0 nid=1076741 in Object.wait()  [0x00007f8efebfe000]
   java.lang.Thread.State: WAITING (on object monitor)
	at java.lang.Object.wait0(java.base@21.0.11/Native Method)
	- waiting on <no object reference available>
	at java.lang.Object.wait(java.base@21.0.11/Object.java:366)
	at java.lang.Object.wait(java.base@21.0.11/Object.java:339)
	at boxOfActin.Barrier.threadDone(Barrier.java:49)
	- locked <0x00000003e6f2b8c8> (a java.lang.Object)
	at boxOfActin.ThreadSet.done(ThreadSet.java:54)
	at boxOfActin.ThreadSet$ThreadSpawn.run(ThreadSet.java:38)

"Thread-222" #264 [1076742] daemon prio=5 os_prio=0 cpu=0.07ms elapsed=191.09s tid=0x00007f91883c2f40 nid=1076742 in Object.wait()  [0x00007f8efeafe000]
   java.lang.Thread.State: WAITING (on object monitor)
	at java.lang.Object.wait0(java.base@21.0.11/Native Method)
	- waiting on <no object reference available>
	at java.lang.Object.wait(java.base@21.0.11/Object.java:366)
	at java.lang.Object.wait(java.base@21.0.11/Object.java:339)
	at boxOfActin.Barrier.threadDone(Barrier.java:49)
	- locked <0x00000003e6f2b8c8> (a java.lang.Object)
	at boxOfActin.ThreadSet.done(ThreadSet.java:54)
	at boxOfActin.ThreadSet$ThreadSpawn.run(ThreadSet.java:38)

"Thread-223" #265 [1076743] daemon prio=5 os_prio=0 cpu=0.05ms elapsed=191.09s tid=0x00007f91883c44f0 nid=1076743 in Object.wait()  [0x00007f8efe9fe000]
   java.lang.Thread.State: WAITING (on object monitor)
	at java.lang.Object.wait0(java.base@21.0.11/Native Method)
	- waiting on <no object reference available>
	at java.lang.Object.wait(java.base@21.0.11/Object.java:366)
	at java.lang.Object.wait(java.base@21.0.11/Object.java:339)
	at boxOfActin.Barrier.threadDone(Barrier.java:49)
	- locked <0x00000003e6f2b8c8> (a java.lang.Object)
	at boxOfActin.ThreadSet.done(ThreadSet.java:54)
	at boxOfActin.ThreadSet$ThreadSpawn.run(ThreadSet.java:38)

"Thread-224" #266 [1076744] daemon prio=5 os_prio=0 cpu=0.05ms elapsed=191.09s tid=0x00007f91883c83f0 nid=1076744 in Object.wait()  [0x00007f8efe8fe000]
   java.lang.Thread.State: WAITING (on object monitor)
	at java.lang.Object.wait0(java.base@21.0.11/Native Method)
	- waiting on <no object reference available>
	at java.lang.Object.wait(java.base@21.0.11/Object.java:366)
	at java.lang.Object.wait(java.base@21.0.11/Object.java:339)
	at boxOfActin.Barrier.threadDone(Barrier.java:49)
	- locked <0x00000003e6f40f48> (a java.lang.Object)
	at boxOfActin.ThreadSet.done(ThreadSet.java:54)
	at boxOfActin.ThreadSet$ThreadSpawn.run(ThreadSet.java:38)

"Thread-225" #267 [1076745] daemon prio=5 os_prio=0 cpu=0.07ms elapsed=191.09s tid=0x00007f91883c7720 nid=1076745 in Object.wait()  [0x00007f8efe7fe000]
   java.lang.Thread.State: WAITING (on object monitor)
	at java.lang.Object.wait0(java.base@21.0.11/Native Method)
	- waiting on <no object reference available>
	at java.lang.Object.wait(java.base@21.0.11/Object.java:366)
	at java.lang.Object.wait(java.base@21.0.11/Object.java:339)
	at boxOfActin.Barrier.threadDone(Barrier.java:49)
	- locked <0x00000003e6f40f48> (a java.lang.Object)
	at boxOfActin.ThreadSet.done(ThreadSet.java:54)
	at boxOfActin.ThreadSet$ThreadSpawn.run(ThreadSet.java:38)

"Thread-226" #268 [1076746] daemon prio=5 os_prio=0 cpu=0.05ms elapsed=191.09s tid=0x00007f91883c9520 nid=1076746 in Object.wait()  [0x00007f8efe6fe000]
   java.lang.Thread.State: WAITING (on object monitor)
	at java.lang.Object.wait0(java.base@21.0.11/Native Method)
	- waiting on <no object reference available>
	at java.lang.Object.wait(java.base@21.0.11/Object.java:366)
	at java.lang.Object.wait(java.base@21.0.11/Object.java:339)
	at boxOfActin.Barrier.threadDone(Barrier.java:49)
	- locked <0x00000003e6f40f48> (a java.lang.Object)
	at boxOfActin.ThreadSet.done(ThreadSet.java:54)
	at boxOfActin.ThreadSet$ThreadSpawn.run(ThreadSet.java:38)

"Thread-227" #269 [1076747] daemon prio=5 os_prio=0 cpu=0.09ms elapsed=191.09s tid=0x00007f91883cb1b0 nid=1076747 in Object.wait()  [0x00007f8efe5fe000]
   java.lang.Thread.State: WAITING (on object monitor)
	at java.lang.Object.wait0(java.base@21.0.11/Native Method)
	- waiting on <no object reference available>
	at java.lang.Object.wait(java.base@21.0.11/Object.java:366)
	at java.lang.Object.wait(java.base@21.0.11/Object.java:339)
	at boxOfActin.Barrier.threadDone(Barrier.java:49)
	- locked <0x00000003e6f40f48> (a java.lang.Object)
	at boxOfActin.ThreadSet.done(ThreadSet.java:54)
	at boxOfActin.ThreadSet$ThreadSpawn.run(ThreadSet.java:38)

"Thread-228" #270 [1076748] daemon prio=5 os_prio=0 cpu=0.04ms elapsed=191.09s tid=0x00007f91883cbee0 nid=1076748 in Object.wait()  [0x00007f8efe4fe000]
   java.lang.Thread.State: WAITING (on object monitor)
	at java.lang.Object.wait0(java.base@21.0.11/Native Method)
	- waiting on <no object reference available>
	at java.lang.Object.wait(java.base@21.0.11/Object.java:366)
	at java.lang.Object.wait(java.base@21.0.11/Object.java:339)
	at boxOfActin.Barrier.threadDone(Barrier.java:49)
	- locked <0x00000003e6f40f48> (a java.lang.Object)
	at boxOfActin.ThreadSet.done(ThreadSet.java:54)
	at boxOfActin.ThreadSet$ThreadSpawn.run(ThreadSet.java:38)

"Thread-229" #271 [1076749] daemon prio=5 os_prio=0 cpu=0.07ms elapsed=191.09s tid=0x00007f91883cd480 nid=1076749 in Object.wait()  [0x00007f8efe3fe000]
   java.lang.Thread.State: WAITING (on object monitor)
	at java.lang.Object.wait0(java.base@21.0.11/Native Method)
	- waiting on <no object reference available>
	at java.lang.Object.wait(java.base@21.0.11/Object.java:366)
	at java.lang.Object.wait(java.base@21.0.11/Object.java:339)
	at boxOfActin.Barrier.threadDone(Barrier.java:49)
	- locked <0x00000003e6f40f48> (a java.lang.Object)
	at boxOfActin.ThreadSet.done(ThreadSet.java:54)
	at boxOfActin.ThreadSet$ThreadSpawn.run(ThreadSet.java:38)

"Thread-230" #272 [1076750] daemon prio=5 os_prio=0 cpu=0.06ms elapsed=191.09s tid=0x00007f91883cea20 nid=1076750 in Object.wait()  [0x00007f8efe2fe000]
   java.lang.Thread.State: WAITING (on object monitor)
	at java.lang.Object.wait0(java.base@21.0.11/Native Method)
	- waiting on <no object reference available>
	at java.lang.Object.wait(java.base@21.0.11/Object.java:366)
	at java.lang.Object.wait(java.base@21.0.11/Object.java:339)
	at boxOfActin.Barrier.threadDone(Barrier.java:49)
	- locked <0x00000003e6f40f48> (a java.lang.Object)
	at boxOfActin.ThreadSet.done(ThreadSet.java:54)
	at boxOfActin.ThreadSet$ThreadSpawn.run(ThreadSet.java:38)

"Thread-231" #273 [1076751] daemon prio=5 os_prio=0 cpu=0.13ms elapsed=191.09s tid=0x00007f91883cffd0 nid=1076751 in Object.wait()  [0x00007f8efe1fe000]
   java.lang.Thread.State: WAITING (on object monitor)
	at java.lang.Object.wait0(java.base@21.0.11/Native Method)
	- waiting on <no object reference available>
	at java.lang.Object.wait(java.base@21.0.11/Object.java:366)
	at java.lang.Object.wait(java.base@21.0.11/Object.java:339)
	at boxOfActin.Barrier.threadDone(Barrier.java:49)
	- locked <0x00000003e6f40f48> (a java.lang.Object)
	at boxOfActin.ThreadSet.done(ThreadSet.java:54)
	at boxOfActin.ThreadSet$ThreadSpawn.run(ThreadSet.java:38)

"Thread-232" #274 [1076752] daemon prio=5 os_prio=0 cpu=0.07ms elapsed=191.09s tid=0x00007f91883d17e0 nid=1076752 in Object.wait()  [0x00007f8efe0fe000]
   java.lang.Thread.State: WAITING (on object monitor)
	at java.lang.Object.wait0(java.base@21.0.11/Native Method)
	- waiting on <no object reference available>
	at java.lang.Object.wait(java.base@21.0.11/Object.java:366)
	at java.lang.Object.wait(java.base@21.0.11/Object.java:339)
	at boxOfActin.Barrier.threadDone(Barrier.java:49)
	- locked <0x00000003e6f40f48> (a java.lang.Object)
	at boxOfActin.ThreadSet.done(ThreadSet.java:54)
	at boxOfActin.ThreadSet$ThreadSpawn.run(ThreadSet.java:38)

"Thread-233" #275 [1076753] daemon prio=5 os_prio=0 cpu=0.11ms elapsed=191.09s tid=0x00007f91883d2d80 nid=1076753 in Object.wait()  [0x00007f8efdffe000]
   java.lang.Thread.State: WAITING (on object monitor)
	at java.lang.Object.wait0(java.base@21.0.11/Native Method)
	- waiting on <no object reference available>
	at java.lang.Object.wait(java.base@21.0.11/Object.java:366)
	at java.lang.Object.wait(java.base@21.0.11/Object.java:339)
	at boxOfActin.Barrier.threadDone(Barrier.java:49)
	- locked <0x00000003e6f40f48> (a java.lang.Object)
	at boxOfActin.ThreadSet.done(ThreadSet.java:54)
	at boxOfActin.ThreadSet$ThreadSpawn.run(ThreadSet.java:38)

"Thread-234" #276 [1076754] daemon prio=5 os_prio=0 cpu=0.07ms elapsed=191.09s tid=0x00007f91883d4320 nid=1076754 in Object.wait()  [0x00007f8efdefe000]
   java.lang.Thread.State: WAITING (on object monitor)
	at java.lang.Object.wait0(java.base@21.0.11/Native Method)
	- waiting on <no object reference available>
	at java.lang.Object.wait(java.base@21.0.11/Object.java:366)
	at java.lang.Object.wait(java.base@21.0.11/Object.java:339)
	at boxOfActin.Barrier.threadDone(Barrier.java:49)
	- locked <0x00000003e6f40f48> (a java.lang.Object)
	at boxOfActin.ThreadSet.done(ThreadSet.java:54)
	at boxOfActin.ThreadSet$ThreadSpawn.run(ThreadSet.java:38)

"Thread-235" #277 [1076755] daemon prio=5 os_prio=0 cpu=0.11ms elapsed=191.09s tid=0x00007f91883d58d0 nid=1076755 in Object.wait()  [0x00007f8efddfe000]
   java.lang.Thread.State: WAITING (on object monitor)
	at java.lang.Object.wait0(java.base@21.0.11/Native Method)
	- waiting on <no object reference available>
	at java.lang.Object.wait(java.base@21.0.11/Object.java:366)
	at java.lang.Object.wait(java.base@21.0.11/Object.java:339)
	at boxOfActin.Barrier.threadDone(Barrier.java:49)
	- locked <0x00000003e6f40f48> (a java.lang.Object)
	at boxOfActin.ThreadSet.done(ThreadSet.java:54)
	at boxOfActin.ThreadSet$ThreadSpawn.run(ThreadSet.java:38)

"Thread-236" #278 [1076756] daemon prio=5 os_prio=0 cpu=0.07ms elapsed=191.09s tid=0x00007f91883d6e60 nid=1076756 in Object.wait()  [0x00007f8efdcfe000]
   java.lang.Thread.State: WAITING (on object monitor)
	at java.lang.Object.wait0(java.base@21.0.11/Native Method)
	- waiting on <no object reference available>
	at java.lang.Object.wait(java.base@21.0.11/Object.java:366)
	at java.lang.Object.wait(java.base@21.0.11/Object.java:339)
	at boxOfActin.Barrier.threadDone(Barrier.java:49)
	- locked <0x00000003e6f40f48> (a java.lang.Object)
	at boxOfActin.ThreadSet.done(ThreadSet.java:54)
	at boxOfActin.ThreadSet$ThreadSpawn.run(ThreadSet.java:38)

"Thread-237" #279 [1076757] daemon prio=5 os_prio=0 cpu=0.11ms elapsed=191.09s tid=0x00007f91883d8400 nid=1076757 in Object.wait()  [0x00007f8efdbfe000]
   java.lang.Thread.State: WAITING (on object monitor)
	at java.lang.Object.wait0(java.base@21.0.11/Native Method)
	- waiting on <no object reference available>
	at java.lang.Object.wait(java.base@21.0.11/Object.java:366)
	at java.lang.Object.wait(java.base@21.0.11/Object.java:339)
	at boxOfActin.Barrier.threadDone(Barrier.java:49)
	- locked <0x00000003e6f40f48> (a java.lang.Object)
	at boxOfActin.ThreadSet.done(ThreadSet.java:54)
	at boxOfActin.ThreadSet$ThreadSpawn.run(ThreadSet.java:38)

"Thread-238" #280 [1076758] daemon prio=5 os_prio=0 cpu=0.07ms elapsed=191.09s tid=0x00007f91883d99a0 nid=1076758 in Object.wait()  [0x00007f8efdafe000]
   java.lang.Thread.State: WAITING (on object monitor)
	at java.lang.Object.wait0(java.base@21.0.11/Native Method)
	- waiting on <no object reference available>
	at java.lang.Object.wait(java.base@21.0.11/Object.java:366)
	at java.lang.Object.wait(java.base@21.0.11/Object.java:339)
	at boxOfActin.Barrier.threadDone(Barrier.java:49)
	- locked <0x00000003e6f40f48> (a java.lang.Object)
	at boxOfActin.ThreadSet.done(ThreadSet.java:54)
	at boxOfActin.ThreadSet$ThreadSpawn.run(ThreadSet.java:38)

"Thread-239" #281 [1076759] daemon prio=5 os_prio=0 cpu=0.09ms elapsed=191.09s tid=0x00007f91883daf50 nid=1076759 in Object.wait()  [0x00007f8efd9fe000]
   java.lang.Thread.State: WAITING (on object monitor)
	at java.lang.Object.wait0(java.base@21.0.11/Native Method)
	- waiting on <no object reference available>
	at java.lang.Object.wait(java.base@21.0.11/Object.java:366)
	at java.lang.Object.wait(java.base@21.0.11/Object.java:339)
	at boxOfActin.Barrier.threadDone(Barrier.java:49)
	- locked <0x00000003e6f40f48> (a java.lang.Object)
	at boxOfActin.ThreadSet.done(ThreadSet.java:54)
	at boxOfActin.ThreadSet$ThreadSpawn.run(ThreadSet.java:38)

"Thread-240" #282 [1076760] daemon prio=5 os_prio=0 cpu=599.15ms elapsed=191.09s tid=0x00007f91883de280 nid=1076760 in Object.wait()  [0x00007f8efd8fe000]
   java.lang.Thread.State: WAITING (on object monitor)
	at java.lang.Object.wait0(java.base@21.0.11/Native Method)
	- waiting on <no object reference available>
	at java.lang.Object.wait(java.base@21.0.11/Object.java:366)
	at java.lang.Object.wait(java.base@21.0.11/Object.java:339)
	at boxOfActin.Barrier.threadDone(Barrier.java:49)
	- locked <0x00000003e6f427f0> (a java.lang.Object)
	at boxOfActin.ThreadSet.done(ThreadSet.java:54)
	at boxOfActin.ThreadSet$ThreadSpawn.run(ThreadSet.java:41)

"Thread-241" #283 [1076761] daemon prio=5 os_prio=0 cpu=601.20ms elapsed=191.09s tid=0x00007f91883dda80 nid=1076761 in Object.wait()  [0x00007f8efd7fe000]
   java.lang.Thread.State: WAITING (on object monitor)
	at java.lang.Object.wait0(java.base@21.0.11/Native Method)
	- waiting on <no object reference available>
	at java.lang.Object.wait(java.base@21.0.11/Object.java:366)
	at java.lang.Object.wait(java.base@21.0.11/Object.java:339)
	at boxOfActin.Barrier.threadDone(Barrier.java:49)
	- locked <0x00000003e6f427f0> (a java.lang.Object)
	at boxOfActin.ThreadSet.done(ThreadSet.java:54)
	at boxOfActin.ThreadSet$ThreadSpawn.run(ThreadSet.java:41)

"Thread-242" #284 [1076762] daemon prio=5 os_prio=0 cpu=588.68ms elapsed=191.09s tid=0x00007f91883df1c0 nid=1076762 in Object.wait()  [0x00007f8efd6fe000]
   java.lang.Thread.State: WAITING (on object monitor)
	at java.lang.Object.wait0(java.base@21.0.11/Native Method)
	- waiting on <no object reference available>
	at java.lang.Object.wait(java.base@21.0.11/Object.java:366)
	at java.lang.Object.wait(java.base@21.0.11/Object.java:339)
	at boxOfActin.Barrier.threadDone(Barrier.java:49)
	- locked <0x00000003e6f427f0> (a java.lang.Object)
	at boxOfActin.ThreadSet.done(ThreadSet.java:54)
	at boxOfActin.ThreadSet$ThreadSpawn.run(ThreadSet.java:41)

"Thread-243" #285 [1076763] daemon prio=5 os_prio=0 cpu=568.60ms elapsed=191.09s tid=0x00007f91883e0770 nid=1076763 in Object.wait()  [0x00007f8efd5fe000]
   java.lang.Thread.State: WAITING (on object monitor)
	at java.lang.Object.wait0(java.base@21.0.11/Native Method)
	- waiting on <no object reference available>
	at java.lang.Object.wait(java.base@21.0.11/Object.java:366)
	at java.lang.Object.wait(java.base@21.0.11/Object.java:339)
	at boxOfActin.Barrier.threadDone(Barrier.java:49)
	- locked <0x00000003e6f427f0> (a java.lang.Object)
	at boxOfActin.ThreadSet.done(ThreadSet.java:54)
	at boxOfActin.ThreadSet$ThreadSpawn.run(ThreadSet.java:41)

"Thread-244" #286 [1076764] daemon prio=5 os_prio=0 cpu=544.30ms elapsed=191.09s tid=0x00007f91883e1d00 nid=1076764 in Object.wait()  [0x00007f8efd4fe000]
   java.lang.Thread.State: WAITING (on object monitor)
	at java.lang.Object.wait0(java.base@21.0.11/Native Method)
	- waiting on <no object reference available>
	at java.lang.Object.wait(java.base@21.0.11/Object.java:366)
	at java.lang.Object.wait(java.base@21.0.11/Object.java:339)
	at boxOfActin.Barrier.threadDone(Barrier.java:49)
	- locked <0x00000003e6f427f0> (a java.lang.Object)
	at boxOfActin.ThreadSet.done(ThreadSet.java:54)
	at boxOfActin.ThreadSet$ThreadSpawn.run(ThreadSet.java:41)

"Thread-245" #287 [1076765] daemon prio=5 os_prio=0 cpu=529.76ms elapsed=191.09s tid=0x00007f91883e32a0 nid=1076765 in Object.wait()  [0x00007f8efd3fe000]
   java.lang.Thread.State: WAITING (on object monitor)
	at java.lang.Object.wait0(java.base@21.0.11/Native Method)
	- waiting on <no object reference available>
	at java.lang.Object.wait(java.base@21.0.11/Object.java:366)
	at java.lang.Object.wait(java.base@21.0.11/Object.java:339)
	at boxOfActin.Barrier.threadDone(Barrier.java:49)
	- locked <0x00000003e6f427f0> (a java.lang.Object)
	at boxOfActin.ThreadSet.done(ThreadSet.java:54)
	at boxOfActin.ThreadSet$ThreadSpawn.run(ThreadSet.java:41)

"Thread-246" #288 [1076766] daemon prio=5 os_prio=0 cpu=548.01ms elapsed=191.09s tid=0x00007f91883e4840 nid=1076766 in Object.wait()  [0x00007f8efd2fe000]
   java.lang.Thread.State: WAITING (on object monitor)
	at java.lang.Object.wait0(java.base@21.0.11/Native Method)
	- waiting on <no object reference available>
	at java.lang.Object.wait(java.base@21.0.11/Object.java:366)
	at java.lang.Object.wait(java.base@21.0.11/Object.java:339)
	at boxOfActin.Barrier.threadDone(Barrier.java:49)
	- locked <0x00000003e6f427f0> (a java.lang.Object)
	at boxOfActin.ThreadSet.done(ThreadSet.java:54)
	at boxOfActin.ThreadSet$ThreadSpawn.run(ThreadSet.java:41)

"Thread-247" #289 [1076767] daemon prio=5 os_prio=0 cpu=536.54ms elapsed=191.09s tid=0x00007f91883e5df0 nid=1076767 in Object.wait()  [0x00007f8efd1fe000]
   java.lang.Thread.State: WAITING (on object monitor)
	at java.lang.Object.wait0(java.base@21.0.11/Native Method)
	- waiting on <no object reference available>
	at java.lang.Object.wait(java.base@21.0.11/Object.java:366)
	at java.lang.Object.wait(java.base@21.0.11/Object.java:339)
	at boxOfActin.Barrier.threadDone(Barrier.java:49)
	- locked <0x00000003e6f427f0> (a java.lang.Object)
	at boxOfActin.ThreadSet.done(ThreadSet.java:54)
	at boxOfActin.ThreadSet$ThreadSpawn.run(ThreadSet.java:41)

"Thread-248" #290 [1076768] daemon prio=5 os_prio=0 cpu=514.70ms elapsed=191.09s tid=0x00007f91883e7720 nid=1076768 in Object.wait()  [0x00007f8efd0fe000]
   java.lang.Thread.State: WAITING (on object monitor)
	at java.lang.Object.wait0(java.base@21.0.11/Native Method)
	- waiting on <no object reference available>
	at java.lang.Object.wait(java.base@21.0.11/Object.java:366)
	at java.lang.Object.wait(java.base@21.0.11/Object.java:339)
	at boxOfActin.Barrier.threadDone(Barrier.java:49)
	- locked <0x00000003e6f427f0> (a java.lang.Object)
	at boxOfActin.ThreadSet.done(ThreadSet.java:54)
	at boxOfActin.ThreadSet$ThreadSpawn.run(ThreadSet.java:41)

"Thread-249" #291 [1076769] daemon prio=5 os_prio=0 cpu=535.60ms elapsed=191.09s tid=0x00007f91883e8cc0 nid=1076769 in Object.wait()  [0x00007f8efcffe000]
   java.lang.Thread.State: WAITING (on object monitor)
	at java.lang.Object.wait0(java.base@21.0.11/Native Method)
	- waiting on <no object reference available>
	at java.lang.Object.wait(java.base@21.0.11/Object.java:366)
	at java.lang.Object.wait(java.base@21.0.11/Object.java:339)
	at boxOfActin.Barrier.threadDone(Barrier.java:49)
	- locked <0x00000003e6f427f0> (a java.lang.Object)
	at boxOfActin.ThreadSet.done(ThreadSet.java:54)
	at boxOfActin.ThreadSet$ThreadSpawn.run(ThreadSet.java:41)

"Thread-250" #292 [1076770] daemon prio=5 os_prio=0 cpu=494.80ms elapsed=191.09s tid=0x00007f91883ea250 nid=1076770 in Object.wait()  [0x00007f8efcefe000]
   java.lang.Thread.State: WAITING (on object monitor)
	at java.lang.Object.wait0(java.base@21.0.11/Native Method)
	- waiting on <no object reference available>
	at java.lang.Object.wait(java.base@21.0.11/Object.java:366)
	at java.lang.Object.wait(java.base@21.0.11/Object.java:339)
	at boxOfActin.Barrier.threadDone(Barrier.java:49)
	- locked <0x00000003e6f427f0> (a java.lang.Object)
	at boxOfActin.ThreadSet.done(ThreadSet.java:54)
	at boxOfActin.ThreadSet$ThreadSpawn.run(ThreadSet.java:41)

"Thread-251" #293 [1076771] daemon prio=5 os_prio=0 cpu=518.77ms elapsed=191.09s tid=0x00007f91883eb7f0 nid=1076771 in Object.wait()  [0x00007f8efcdfe000]
   java.lang.Thread.State: WAITING (on object monitor)
	at java.lang.Object.wait0(java.base@21.0.11/Native Method)
	- waiting on <no object reference available>
	at java.lang.Object.wait(java.base@21.0.11/Object.java:366)
	at java.lang.Object.wait(java.base@21.0.11/Object.java:339)
	at boxOfActin.Barrier.threadDone(Barrier.java:49)
	- locked <0x00000003e6f427f0> (a java.lang.Object)
	at boxOfActin.ThreadSet.done(ThreadSet.java:54)
	at boxOfActin.ThreadSet$ThreadSpawn.run(ThreadSet.java:41)

"Thread-252" #294 [1076772] daemon prio=5 os_prio=0 cpu=505.20ms elapsed=191.09s tid=0x00007f91883ec9a0 nid=1076772 in Object.wait()  [0x00007f8efccfe000]
   java.lang.Thread.State: WAITING (on object monitor)
	at java.lang.Object.wait0(java.base@21.0.11/Native Method)
	- waiting on <no object reference available>
	at java.lang.Object.wait(java.base@21.0.11/Object.java:366)
	at java.lang.Object.wait(java.base@21.0.11/Object.java:339)
	at boxOfActin.Barrier.threadDone(Barrier.java:49)
	- locked <0x00000003e6f427f0> (a java.lang.Object)
	at boxOfActin.ThreadSet.done(ThreadSet.java:54)
	at boxOfActin.ThreadSet$ThreadSpawn.run(ThreadSet.java:41)

"Thread-253" #295 [1076773] daemon prio=5 os_prio=0 cpu=523.81ms elapsed=191.09s tid=0x00007f91883edf50 nid=1076773 in Object.wait()  [0x00007f8efcbfe000]
   java.lang.Thread.State: WAITING (on object monitor)
	at java.lang.Object.wait0(java.base@21.0.11/Native Method)
	- waiting on <no object reference available>
	at java.lang.Object.wait(java.base@21.0.11/Object.java:366)
	at java.lang.Object.wait(java.base@21.0.11/Object.java:339)
	at boxOfActin.Barrier.threadDone(Barrier.java:49)
	- locked <0x00000003e6f427f0> (a java.lang.Object)
	at boxOfActin.ThreadSet.done(ThreadSet.java:54)
	at boxOfActin.ThreadSet$ThreadSpawn.run(ThreadSet.java:41)

"Thread-254" #296 [1076774] daemon prio=5 os_prio=0 cpu=526.44ms elapsed=191.09s tid=0x00007f91883ef4e0 nid=1076774 in Object.wait()  [0x00007f8efcafe000]
   java.lang.Thread.State: WAITING (on object monitor)
	at java.lang.Object.wait0(java.base@21.0.11/Native Method)
	- waiting on <no object reference available>
	at java.lang.Object.wait(java.base@21.0.11/Object.java:366)
	at java.lang.Object.wait(java.base@21.0.11/Object.java:339)
	at boxOfActin.Barrier.threadDone(Barrier.java:49)
	- locked <0x00000003e6f427f0> (a java.lang.Object)
	at boxOfActin.ThreadSet.done(ThreadSet.java:54)
	at boxOfActin.ThreadSet$ThreadSpawn.run(ThreadSet.java:41)

"Thread-255" #297 [1076775] daemon prio=5 os_prio=0 cpu=515.02ms elapsed=191.09s tid=0x00007f91883f0690 nid=1076775 in Object.wait()  [0x00007f8efc9fe000]
   java.lang.Thread.State: WAITING (on object monitor)
	at java.lang.Object.wait0(java.base@21.0.11/Native Method)
	- waiting on <no object reference available>
	at java.lang.Object.wait(java.base@21.0.11/Object.java:366)
	at java.lang.Object.wait(java.base@21.0.11/Object.java:339)
	at boxOfActin.Barrier.threadDone(Barrier.java:49)
	- locked <0x00000003e6f427f0> (a java.lang.Object)
	at boxOfActin.ThreadSet.done(ThreadSet.java:54)
	at boxOfActin.ThreadSet$ThreadSpawn.run(ThreadSet.java:41)

"Thread-256" #298 [1076777] prio=5 os_prio=0 cpu=4411.65ms elapsed=191.07s tid=0x00007f91883fc900 nid=1076777 in Object.wait()  [0x00007f8efc7fe000]
   java.lang.Thread.State: WAITING (on object monitor)
	at java.lang.Object.wait0(java.base@21.0.11/Native Method)
	- waiting on <no object reference available>
	at java.lang.Object.wait(java.base@21.0.11/Object.java:366)
	at java.lang.Object.wait(java.base@21.0.11/Object.java:339)
	at boxOfActin.Barrier.waitOnThreads(Barrier.java:30)
	- locked <0x00000001386908d0> (a java.lang.Object)
	at boxOfActin.ThreadSet.gather(ThreadSet.java:53)
	at boxOfActin.Thing$ThingStepThreads.regroup(Thing.java:259)
	at boxOfActin.BoxOfActin.waitOnAllThreadSets(BoxOfActin.java:973)
	at boxOfActin.BoxOfActin.doLoop(BoxOfActin.java:1200)
	- locked <0x000000011ec71588> (a java.lang.Object)
	at boxOfActin.BoxOfActin$TimeLoop.run(BoxOfActin.java:851)

"DestroyJavaVM" #299 [1076419] prio=5 os_prio=0 cpu=12433.08ms elapsed=191.07s tid=0x00007f9188020450 nid=1076419 waiting on condition  [0x0000000000000000]
   java.lang.Thread.State: RUNNABLE

"GC Thread#12" os_prio=0 cpu=120720.46ms elapsed=208.17s tid=0x00007f90e401e970 nid=1076534 runnable  

"G1 Conc#2" os_prio=0 cpu=6147.64ms elapsed=208.34s tid=0x00007f9140001cc0 nid=1076531 runnable  

"G1 Conc#1" os_prio=0 cpu=6040.52ms elapsed=208.34s tid=0x00007f9140000d80 nid=1076530 runnable  

"GC Thread#11" os_prio=0 cpu=121040.41ms elapsed=208.38s tid=0x00007f90e4012290 nid=1076487 runnable  

"GC Thread#10" os_prio=0 cpu=120980.60ms elapsed=208.38s tid=0x00007f90e4011320 nid=1076486 runnable  

"GC Thread#9" os_prio=0 cpu=120866.47ms elapsed=208.38s tid=0x00007f90e40103b0 nid=1076485 runnable  

"GC Thread#8" os_prio=0 cpu=121150.70ms elapsed=208.38s tid=0x00007f90e400f440 nid=1076484 runnable  

"GC Thread#7" os_prio=0 cpu=120544.74ms elapsed=208.38s tid=0x00007f90e400e4d0 nid=1076483 runnable  

"GC Thread#6" os_prio=0 cpu=121311.03ms elapsed=208.38s tid=0x00007f90e400d560 nid=1076482 runnable  

"GC Thread#5" os_prio=0 cpu=120556.34ms elapsed=208.38s tid=0x00007f90e400c630 nid=1076481 runnable  

"GC Thread#4" os_prio=0 cpu=121179.67ms elapsed=208.38s tid=0x00007f90e400b730 nid=1076480 runnable  

"GC Thread#3" os_prio=0 cpu=121068.77ms elapsed=208.38s tid=0x00007f90e400a830 nid=1076479 runnable  

"GC Thread#2" os_prio=0 cpu=120513.90ms elapsed=208.38s tid=0x00007f90e4009930 nid=1076478 runnable  

"GC Thread#1" os_prio=0 cpu=120617.95ms elapsed=208.38s tid=0x00007f90e4008a30 nid=1076477 runnable  

"VM Thread" os_prio=0 cpu=560.52ms elapsed=208.49s tid=0x00007f91880df500 nid=1076426 runnable  

"VM Periodic Task Thread" os_prio=0 cpu=77.08ms elapsed=208.49s tid=0x00007f91880cd470 nid=1076425 waiting on condition  

"G1 Service" os_prio=0 cpu=6.94ms elapsed=208.49s tid=0x00007f91880b3cd0 nid=1076424 runnable  

"G1 Refine#0" os_prio=0 cpu=134.42ms elapsed=208.49s tid=0x00007f91880b2cf0 nid=1076423 runnable  

"G1 Conc#0" os_prio=0 cpu=6153.77ms elapsed=208.49s tid=0x00007f918805d290 nid=1076422 runnable  

"G1 Main Marker" os_prio=0 cpu=1.64ms elapsed=208.49s tid=0x00007f918805c2d0 nid=1076421 runnable  

"GC Thread#0" os_prio=0 cpu=120779.95ms elapsed=208.49s tid=0x00007f918804cd40 nid=1076420 runnable  

JNI global refs: 17, weak refs: 0

Heap
 garbage-first heap   total 29360128K, used 29348140K [0x0000000100000000, 0x0000000800000000)
  region size 16384K, 0 young (0K), 0 survivors (0K)
 Metaspace       used 3475K, committed 3648K, reserved 1114112K
  class space    used 212K, committed 320K, reserved 1048576K

2026-06-08 18:56:34
Full thread dump OpenJDK 64-Bit Server VM (21.0.11+10-1-22.04.2-Ubuntu mixed mode, sharing):

Threads class SMR info:
_java_thread_list=0x00007f90780025b0, length=266, elements={
0x00007f91880e8960, 0x00007f91880e9ef0, 0x00007f91880eb7d0, 0x00007f91880ece30,
0x00007f91880ee3f0, 0x00007f91880effd0, 0x00007f91880f16b0, 0x00007f91880fdbb0,
0x00007f9188101230, 0x00007f91881af110, 0x00007f91881b0a10, 0x00007f91881b1bb0,
0x00007f91881b2de0, 0x00007f91881b42a0, 0x00007f91881b5ec0, 0x00007f91881b7110,
0x00007f91881b8360, 0x00007f91881b95c0, 0x00007f91881ba820, 0x00007f91881bba90,
0x00007f91881bcd00, 0x00007f91881bdeb0, 0x00007f91881bf450, 0x00007f91881c0ad0,
0x00007f91881c3e20, 0x00007f91881c4d70, 0x00007f91881c6200, 0x00007f91881c7680,
0x00007f91881c8fb0, 0x00007f91881ca660, 0x00007f91881cbbf0, 0x00007f91881cd2b0,
0x00007f91881ce980, 0x00007f91881d0050, 0x00007f91881d15e0, 0x00007f91881d2b70,
0x00007f91881d4100, 0x00007f91881d57f0, 0x00007f91881d6ef0, 0x00007f91881d85f0,
0x00007f91881dc6c0, 0x00007f91881dad50, 0x00007f91881dda00, 0x00007f91881ded30,
0x00007f91881e06e0, 0x00007f91881e1e10, 0x00007f91881e3550, 0x00007f91881e4c10,
0x00007f91881e6300, 0x00007f91881e7a20, 0x00007f91881e8fc0, 0x00007f91881ea560,
0x00007f91881ebaf0, 0x00007f91881ed260, 0x00007f91881ee9e0, 0x00007f91881f0160,
0x00007f91881f1eb0, 0x00007f91881f3150, 0x00007f91881f46e0, 0x00007f91881f5c70,
0x00007f91881f72b0, 0x00007f91881f8670, 0x00007f91881f9e30, 0x00007f91881fb5f0,
0x00007f91881fcdc0, 0x00007f91881fe590, 0x00007f91881ffb20, 0x00007f9188201300,
0x00007f9188202af0, 0x00007f91882042e0, 0x00007f9188205ae0, 0x00007f91882072e0,
0x00007f9188209940, 0x00007f918820a5e0, 0x00007f918820e3f0, 0x00007f918820f820,
0x00007f91882109b0, 0x00007f9188211df0, 0x00007f9188212f90, 0x00007f91882143e0,
0x00007f9188215c30, 0x00007f9188217480, 0x00007f9188218a10, 0x00007f918821a270,
0x00007f918821b800, 0x00007f918821d070, 0x00007f918821e8f0, 0x00007f9188220170,
0x00007f91882fded0, 0x00007f91882fed30, 0x00007f91882ed930, 0x00007f91882eebe0,
0x00007f9188304f00, 0x00007f91883063c0, 0x00007f9188327520, 0x00007f91883289f0,
0x00007f9188329b90, 0x00007f918832b070, 0x00007f918832c210, 0x00007f918832d380,
0x00007f918832e2a0, 0x00007f918832f3d0, 0x00007f9188330cc0, 0x00007f9188332250,
0x00007f9188334080, 0x00007f9188335160, 0x00007f9188336a70, 0x00007f9188338000,
0x00007f9188339920, 0x00007f918833b130, 0x00007f918833ca60, 0x00007f918833d9f0,
0x00007f918833e400, 0x00007f918833fd20, 0x00007f9188340ec0, 0x00007f9188342420,
0x00007f91883435f0, 0x00007f9188344fa0, 0x00007f9188346910, 0x00007f9188348280,
0x00007f918834e680, 0x00007f918834fcf0, 0x00007f91883514b0, 0x00007f9188352a50,
0x00007f9188353fe0, 0x00007f9188355980, 0x00007f9188357650, 0x00007f9188359000,
0x00007f918835a5a0, 0x00007f918835bb70, 0x00007f918835d110, 0x00007f918835e6b0,
0x00007f918835fc60, 0x00007f9188360e50, 0x00007f9188362000, 0x00007f91883631b0,
0x00007f9188364760, 0x00007f9188365dd0, 0x00007f9188367370, 0x00007f9188368910,
0x00007f9188369ec0, 0x00007f918836b470, 0x00007f918836cc90, 0x00007f918836e230,
0x00007f918836f7e0, 0x00007f9188370d90, 0x00007f9188372330, 0x00007f91883738d0,
0x00007f9188374e80, 0x00007f9188376430, 0x00007f91883779d0, 0x00007f9188378f70,
0x00007f918837a520, 0x00007f918837bc30, 0x00007f918837d1d0, 0x00007f918837e770,
0x00007f918837fd10, 0x00007f91883812b0, 0x00007f9188382ae0, 0x00007f9188384090,
0x00007f9188385630, 0x00007f9188386bd0, 0x00007f9188388180, 0x00007f9188389730,
0x00007f918838acd0, 0x00007f918838c270, 0x00007f918838d810, 0x00007f918838edb0,
0x00007f91882f5f80, 0x00007f91882f6690, 0x00007f91882f7310, 0x00007f91882f7a20,
0x00007f91882f86b0, 0x00007f91882f8dc0, 0x00007f91882f9a60, 0x00007f91882fa710,
0x00007f91882fb3c0, 0x00007f91882fc080, 0x00007f91882fcd40, 0x00007f9188306e60,
0x00007f9188307b30, 0x00007f9188308810, 0x00007f91883094f0, 0x00007f918830a370,
0x00007f918830b960, 0x00007f918830ce50, 0x00007f918830dfe0, 0x00007f918830f5f0,
0x00007f9188310b20, 0x00007f9188312140, 0x00007f9188313660, 0x00007f9188314f10,
0x00007f9188316540, 0x00007f9188317b50, 0x00007f9188319050, 0x00007f918831a5d0,
0x00007f918831bb70, 0x00007f918831d1d0, 0x00007f918831e6d0, 0x00007f918831fd20,
0x00007f91883217d0, 0x00007f91883232f0, 0x00007f9188324540, 0x00007f9188325af0,
0x00007f91883a12b0, 0x00007f91883a2450, 0x00007f91883a39f0, 0x00007f91883a5220,
0x00007f91883a67d0, 0x00007f91883a7d70, 0x00007f91883a9310, 0x00007f91883aa8c0,
0x00007f91883abe70, 0x00007f91883ad410, 0x00007f91883ae5d0, 0x00007f91883af780,
0x00007f91883b13f0, 0x00007f91883b27f0, 0x00007f91883b3ad0, 0x00007f91883b4bb0,
0x00007f91883b7320, 0x00007f91883b86f0, 0x00007f91883b7fe0, 0x00007f91883b9570,
0x00007f91883bad80, 0x00007f91883bc320, 0x00007f91883bd8c0, 0x00007f91883bee70,
0x00007f91883c0400, 0x00007f91883c19a0, 0x00007f91883c2f40, 0x00007f91883c44f0,
0x00007f91883c83f0, 0x00007f91883c7720, 0x00007f91883c9520, 0x00007f91883cb1b0,
0x00007f91883cbee0, 0x00007f91883cd480, 0x00007f91883cea20, 0x00007f91883cffd0,
0x00007f91883d17e0, 0x00007f91883d2d80, 0x00007f91883d4320, 0x00007f91883d58d0,
0x00007f91883d6e60, 0x00007f91883d8400, 0x00007f91883d99a0, 0x00007f91883daf50,
0x00007f91883de280, 0x00007f91883dda80, 0x00007f91883df1c0, 0x00007f91883e0770,
0x00007f91883e1d00, 0x00007f91883e32a0, 0x00007f91883e4840, 0x00007f91883e5df0,
0x00007f91883e7720, 0x00007f91883e8cc0, 0x00007f91883ea250, 0x00007f91883eb7f0,
0x00007f91883ec9a0, 0x00007f91883edf50, 0x00007f91883ef4e0, 0x00007f91883f0690,
0x00007f91883fc900, 0x00007f9188020450
}

"Reference Handler" #9 [1076427] daemon prio=10 os_prio=0 cpu=1.36ms elapsed=211.80s tid=0x00007f91880e8960 nid=1076427 waiting on condition  [0x00007f918c29d000]
   java.lang.Thread.State: RUNNABLE
	at java.lang.ref.Reference.waitForReferencePendingList(java.base@21.0.11/Native Method)
	at java.lang.ref.Reference.processPendingReferences(java.base@21.0.11/Reference.java:246)
	at java.lang.ref.Reference$ReferenceHandler.run(java.base@21.0.11/Reference.java:208)

"Finalizer" #10 [1076428] daemon prio=8 os_prio=0 cpu=0.12ms elapsed=211.80s tid=0x00007f91880e9ef0 nid=1076428 in Object.wait()  [0x00007f918c19d000]
   java.lang.Thread.State: WAITING (on object monitor)
	at java.lang.Object.wait0(java.base@21.0.11/Native Method)
	- waiting on <0x000000013861e840> (a java.lang.ref.NativeReferenceQueue$Lock)
	at java.lang.Object.wait(java.base@21.0.11/Object.java:366)
	at java.lang.Object.wait(java.base@21.0.11/Object.java:339)
	at java.lang.ref.NativeReferenceQueue.await(java.base@21.0.11/NativeReferenceQueue.java:48)
	at java.lang.ref.ReferenceQueue.remove0(java.base@21.0.11/ReferenceQueue.java:158)
	at java.lang.ref.NativeReferenceQueue.remove(java.base@21.0.11/NativeReferenceQueue.java:89)
	- locked <0x000000013861e840> (a java.lang.ref.NativeReferenceQueue$Lock)
	at java.lang.ref.Finalizer$FinalizerThread.run(java.base@21.0.11/Finalizer.java:173)

"Signal Dispatcher" #11 [1076429] daemon prio=9 os_prio=0 cpu=0.63ms elapsed=211.80s tid=0x00007f91880eb7d0 nid=1076429 waiting on condition  [0x0000000000000000]
   java.lang.Thread.State: RUNNABLE

"Service Thread" #12 [1076430] daemon prio=9 os_prio=0 cpu=2.65ms elapsed=211.80s tid=0x00007f91880ece30 nid=1076430 runnable  [0x0000000000000000]
   java.lang.Thread.State: RUNNABLE

"Monitor Deflation Thread" #13 [1076431] daemon prio=9 os_prio=0 cpu=12.90ms elapsed=211.80s tid=0x00007f91880ee3f0 nid=1076431 runnable  [0x0000000000000000]
   java.lang.Thread.State: RUNNABLE

"C2 CompilerThread0" #14 [1076432] daemon prio=9 os_prio=0 cpu=2497.56ms elapsed=211.80s tid=0x00007f91880effd0 nid=1076432 waiting on condition  [0x0000000000000000]
   java.lang.Thread.State: RUNNABLE
   No compile task

"C1 CompilerThread0" #22 [1076433] daemon prio=9 os_prio=0 cpu=165.10ms elapsed=211.80s tid=0x00007f91880f16b0 nid=1076433 waiting on condition  [0x0000000000000000]
   java.lang.Thread.State: RUNNABLE
   No compile task

"Notification Thread" #26 [1076434] daemon prio=9 os_prio=0 cpu=0.06ms elapsed=211.80s tid=0x00007f91880fdbb0 nid=1076434 runnable  [0x0000000000000000]
   java.lang.Thread.State: RUNNABLE

"Common-Cleaner" #27 [1076435] daemon prio=8 os_prio=0 cpu=2.63ms elapsed=211.80s tid=0x00007f9188101230 nid=1076435 waiting on condition  [0x00007f914cd66000]
   java.lang.Thread.State: TIMED_WAITING (parking)
	at jdk.internal.misc.Unsafe.park(java.base@21.0.11/Native Method)
	at java.util.concurrent.locks.AbstractQueuedSynchronizer$ConditionObject.newConditionNode(java.base@21.0.11/AbstractQueuedSynchronizer.java:1668)
	at java.util.concurrent.locks.AbstractQueuedSynchronizer$ConditionObject.await(java.base@21.0.11/AbstractQueuedSynchronizer.java:1873)
	at java.lang.ref.ReferenceQueue.await(java.base@21.0.11/ReferenceQueue.java:71)
	at java.lang.ref.ReferenceQueue.remove0(java.base@21.0.11/ReferenceQueue.java:143)
	at java.lang.ref.ReferenceQueue.remove(java.base@21.0.11/ReferenceQueue.java:218)
	at jdk.internal.ref.CleanerImpl.run(java.base@21.0.11/CleanerImpl.java:140)
	at java.lang.Thread.runWith(java.base@21.0.11/Thread.java:1596)
	at java.lang.Thread.run(java.base@21.0.11/Thread.java:1583)
	at jdk.internal.misc.InnocuousThread.run(java.base@21.0.11/InnocuousThread.java:186)

"Thread-0" #28 [1076439] daemon prio=5 os_prio=0 cpu=3120.96ms elapsed=211.70s tid=0x00007f91881af110 nid=1076439 in Object.wait()  [0x00007f914c687000]
   java.lang.Thread.State: WAITING (on object monitor)
	at java.lang.Object.wait0(java.base@21.0.11/Native Method)
	- waiting on <no object reference available>
	at java.lang.Object.wait(java.base@21.0.11/Object.java:366)
	at java.lang.Object.wait(java.base@21.0.11/Object.java:339)
	at boxOfActin.Barrier.threadDone(Barrier.java:40)
	- locked <0x00000001386908d0> (a java.lang.Object)
	at boxOfActin.ThreadSet.done(ThreadSet.java:54)
	at boxOfActin.ThreadSet$ThreadSpawn.run(ThreadSet.java:41)

"Thread-1" #29 [1076440] daemon prio=5 os_prio=0 cpu=2386.14ms elapsed=211.70s tid=0x00007f91881b0a10 nid=1076440 in Object.wait()  [0x00007f914c587000]
   java.lang.Thread.State: WAITING (on object monitor)
	at java.lang.Object.wait0(java.base@21.0.11/Native Method)
	- waiting on <no object reference available>
	at java.lang.Object.wait(java.base@21.0.11/Object.java:366)
	at java.lang.Object.wait(java.base@21.0.11/Object.java:339)
	at boxOfActin.Barrier.threadDone(Barrier.java:40)
	- locked <0x00000001386908d0> (a java.lang.Object)
	at boxOfActin.ThreadSet.done(ThreadSet.java:54)
	at boxOfActin.ThreadSet$ThreadSpawn.run(ThreadSet.java:41)

"Thread-2" #30 [1076441] daemon prio=5 os_prio=0 cpu=2343.75ms elapsed=211.70s tid=0x00007f91881b1bb0 nid=1076441 in Object.wait()  [0x00007f914c487000]
   java.lang.Thread.State: WAITING (on object monitor)
	at java.lang.Object.wait0(java.base@21.0.11/Native Method)
	- waiting on <no object reference available>
	at java.lang.Object.wait(java.base@21.0.11/Object.java:366)
	at java.lang.Object.wait(java.base@21.0.11/Object.java:339)
	at boxOfActin.Barrier.threadDone(Barrier.java:40)
	- locked <0x00000001386908d0> (a java.lang.Object)
	at boxOfActin.ThreadSet.done(ThreadSet.java:54)
	at boxOfActin.ThreadSet$ThreadSpawn.run(ThreadSet.java:41)

"Thread-3" #31 [1076442] daemon prio=5 os_prio=0 cpu=2370.25ms elapsed=211.70s tid=0x00007f91881b2de0 nid=1076442 in Object.wait()  [0x00007f914c387000]
   java.lang.Thread.State: WAITING (on object monitor)
	at java.lang.Object.wait0(java.base@21.0.11/Native Method)
	- waiting on <no object reference available>
	at java.lang.Object.wait(java.base@21.0.11/Object.java:366)
	at java.lang.Object.wait(java.base@21.0.11/Object.java:339)
	at boxOfActin.Barrier.threadDone(Barrier.java:40)
	- locked <0x00000001386908d0> (a java.lang.Object)
	at boxOfActin.ThreadSet.done(ThreadSet.java:54)
	at boxOfActin.ThreadSet$ThreadSpawn.run(ThreadSet.java:41)

"Thread-4" #32 [1076443] daemon prio=5 os_prio=0 cpu=2284.81ms elapsed=211.70s tid=0x00007f91881b42a0 nid=1076443 in Object.wait()  [0x00007f914c287000]
   java.lang.Thread.State: WAITING (on object monitor)
	at java.lang.Object.wait0(java.base@21.0.11/Native Method)
	- waiting on <no object reference available>
	at java.lang.Object.wait(java.base@21.0.11/Object.java:366)
	at java.lang.Object.wait(java.base@21.0.11/Object.java:339)
	at boxOfActin.Barrier.threadDone(Barrier.java:40)
	- locked <0x00000001386908d0> (a java.lang.Object)
	at boxOfActin.ThreadSet.done(ThreadSet.java:54)
	at boxOfActin.ThreadSet$ThreadSpawn.run(ThreadSet.java:41)

"Thread-5" #33 [1076444] daemon prio=5 os_prio=0 cpu=2352.64ms elapsed=211.70s tid=0x00007f91881b5ec0 nid=1076444 in Object.wait()  [0x00007f914c187000]
   java.lang.Thread.State: WAITING (on object monitor)
	at java.lang.Object.wait0(java.base@21.0.11/Native Method)
	- waiting on <no object reference available>
	at java.lang.Object.wait(java.base@21.0.11/Object.java:366)
	at java.lang.Object.wait(java.base@21.0.11/Object.java:339)
	at boxOfActin.Barrier.threadDone(Barrier.java:40)
	- locked <0x00000001386908d0> (a java.lang.Object)
	at boxOfActin.ThreadSet.done(ThreadSet.java:54)
	at boxOfActin.ThreadSet$ThreadSpawn.run(ThreadSet.java:41)

"Thread-6" #34 [1076445] daemon prio=5 os_prio=0 cpu=2372.11ms elapsed=211.70s tid=0x00007f91881b7110 nid=1076445 in Object.wait()  [0x00007f913dffe000]
   java.lang.Thread.State: WAITING (on object monitor)
	at java.lang.Object.wait0(java.base@21.0.11/Native Method)
	- waiting on <no object reference available>
	at java.lang.Object.wait(java.base@21.0.11/Object.java:366)
	at java.lang.Object.wait(java.base@21.0.11/Object.java:339)
	at boxOfActin.Barrier.threadDone(Barrier.java:40)
	- locked <0x00000001386908d0> (a java.lang.Object)
	at boxOfActin.ThreadSet.done(ThreadSet.java:54)
	at boxOfActin.ThreadSet$ThreadSpawn.run(ThreadSet.java:41)

"Thread-7" #35 [1076446] daemon prio=5 os_prio=0 cpu=2368.31ms elapsed=211.70s tid=0x00007f91881b8360 nid=1076446 in Object.wait()  [0x00007f913defe000]
   java.lang.Thread.State: WAITING (on object monitor)
	at java.lang.Object.wait0(java.base@21.0.11/Native Method)
	- waiting on <no object reference available>
	at java.lang.Object.wait(java.base@21.0.11/Object.java:366)
	at java.lang.Object.wait(java.base@21.0.11/Object.java:339)
	at boxOfActin.Barrier.threadDone(Barrier.java:40)
	- locked <0x00000001386908d0> (a java.lang.Object)
	at boxOfActin.ThreadSet.done(ThreadSet.java:54)
	at boxOfActin.ThreadSet$ThreadSpawn.run(ThreadSet.java:41)

"Thread-8" #36 [1076447] daemon prio=5 os_prio=0 cpu=2282.82ms elapsed=211.70s tid=0x00007f91881b95c0 nid=1076447 in Object.wait()  [0x00007f913ddfe000]
   java.lang.Thread.State: WAITING (on object monitor)
	at java.lang.Object.wait0(java.base@21.0.11/Native Method)
	- waiting on <no object reference available>
	at java.lang.Object.wait(java.base@21.0.11/Object.java:366)
	at java.lang.Object.wait(java.base@21.0.11/Object.java:339)
	at boxOfActin.Barrier.threadDone(Barrier.java:40)
	- locked <0x00000001386908d0> (a java.lang.Object)
	at boxOfActin.ThreadSet.done(ThreadSet.java:54)
	at boxOfActin.ThreadSet$ThreadSpawn.run(ThreadSet.java:41)

"Thread-9" #37 [1076448] daemon prio=5 os_prio=0 cpu=2332.10ms elapsed=211.70s tid=0x00007f91881ba820 nid=1076448 in Object.wait()  [0x00007f913dcfe000]
   java.lang.Thread.State: WAITING (on object monitor)
	at java.lang.Object.wait0(java.base@21.0.11/Native Method)
	- waiting on <no object reference available>
	at java.lang.Object.wait(java.base@21.0.11/Object.java:366)
	at java.lang.Object.wait(java.base@21.0.11/Object.java:339)
	at boxOfActin.Barrier.threadDone(Barrier.java:40)
	- locked <0x00000001386908d0> (a java.lang.Object)
	at boxOfActin.ThreadSet.done(ThreadSet.java:54)
	at boxOfActin.ThreadSet$ThreadSpawn.run(ThreadSet.java:41)

"Thread-10" #38 [1076449] daemon prio=5 os_prio=0 cpu=2337.70ms elapsed=211.70s tid=0x00007f91881bba90 nid=1076449 in Object.wait()  [0x00007f913dbfe000]
   java.lang.Thread.State: WAITING (on object monitor)
	at java.lang.Object.wait0(java.base@21.0.11/Native Method)
	- waiting on <no object reference available>
	at java.lang.Object.wait(java.base@21.0.11/Object.java:366)
	at java.lang.Object.wait(java.base@21.0.11/Object.java:339)
	at boxOfActin.Barrier.threadDone(Barrier.java:40)
	- locked <0x00000001386908d0> (a java.lang.Object)
	at boxOfActin.ThreadSet.done(ThreadSet.java:54)
	at boxOfActin.ThreadSet$ThreadSpawn.run(ThreadSet.java:41)

"Thread-11" #39 [1076450] daemon prio=5 os_prio=0 cpu=2244.25ms elapsed=211.70s tid=0x00007f91881bcd00 nid=1076450 in Object.wait()  [0x00007f913dafe000]
   java.lang.Thread.State: WAITING (on object monitor)
	at java.lang.Object.wait0(java.base@21.0.11/Native Method)
	- waiting on <no object reference available>
	at java.lang.Object.wait(java.base@21.0.11/Object.java:366)
	at java.lang.Object.wait(java.base@21.0.11/Object.java:339)
	at boxOfActin.Barrier.threadDone(Barrier.java:40)
	- locked <0x00000001386908d0> (a java.lang.Object)
	at boxOfActin.ThreadSet.done(ThreadSet.java:54)
	at boxOfActin.ThreadSet$ThreadSpawn.run(ThreadSet.java:41)

"Thread-12" #40 [1076451] daemon prio=5 os_prio=0 cpu=2386.70ms elapsed=211.70s tid=0x00007f91881bdeb0 nid=1076451 in Object.wait()  [0x00007f913d9fe000]
   java.lang.Thread.State: WAITING (on object monitor)
	at java.lang.Object.wait0(java.base@21.0.11/Native Method)
	- waiting on <no object reference available>
	at java.lang.Object.wait(java.base@21.0.11/Object.java:366)
	at java.lang.Object.wait(java.base@21.0.11/Object.java:339)
	at boxOfActin.Barrier.threadDone(Barrier.java:40)
	- locked <0x00000001386908d0> (a java.lang.Object)
	at boxOfActin.ThreadSet.done(ThreadSet.java:54)
	at boxOfActin.ThreadSet$ThreadSpawn.run(ThreadSet.java:41)

"Thread-13" #41 [1076452] daemon prio=5 os_prio=0 cpu=2350.03ms elapsed=211.70s tid=0x00007f91881bf450 nid=1076452 in Object.wait()  [0x00007f913d8fe000]
   java.lang.Thread.State: WAITING (on object monitor)
	at java.lang.Object.wait0(java.base@21.0.11/Native Method)
	- waiting on <no object reference available>
	at java.lang.Object.wait(java.base@21.0.11/Object.java:366)
	at java.lang.Object.wait(java.base@21.0.11/Object.java:339)
	at boxOfActin.Barrier.threadDone(Barrier.java:40)
	- locked <0x00000001386908d0> (a java.lang.Object)
	at boxOfActin.ThreadSet.done(ThreadSet.java:54)
	at boxOfActin.ThreadSet$ThreadSpawn.run(ThreadSet.java:41)

"Thread-14" #42 [1076453] daemon prio=5 os_prio=0 cpu=2371.45ms elapsed=211.70s tid=0x00007f91881c0ad0 nid=1076453 in Object.wait()  [0x00007f913d7fe000]
   java.lang.Thread.State: WAITING (on object monitor)
	at java.lang.Object.wait0(java.base@21.0.11/Native Method)
	- waiting on <no object reference available>
	at java.lang.Object.wait(java.base@21.0.11/Object.java:366)
	at java.lang.Object.wait(java.base@21.0.11/Object.java:339)
	at boxOfActin.Barrier.threadDone(Barrier.java:40)
	- locked <0x00000001386908d0> (a java.lang.Object)
	at boxOfActin.ThreadSet.done(ThreadSet.java:54)
	at boxOfActin.ThreadSet$ThreadSpawn.run(ThreadSet.java:41)

"Thread-16" #44 [1076455] daemon prio=5 os_prio=0 cpu=2109.60ms elapsed=211.70s tid=0x00007f91881c3e20 nid=1076455 in Object.wait()  [0x00007f913d5fe000]
   java.lang.Thread.State: WAITING (on object monitor)
	at java.lang.Object.wait0(java.base@21.0.11/Native Method)
	- waiting on <no object reference available>
	at java.lang.Object.wait(java.base@21.0.11/Object.java:366)
	at java.lang.Object.wait(java.base@21.0.11/Object.java:339)
	at boxOfActin.Barrier.threadDone(Barrier.java:49)
	- locked <0x000000013861ebd8> (a java.lang.Object)
	at boxOfActin.ThreadSet.done(ThreadSet.java:54)
	at boxOfActin.ThreadSet$ThreadSpawn.run(ThreadSet.java:41)

"Thread-17" #45 [1076456] daemon prio=5 os_prio=0 cpu=2189.93ms elapsed=211.70s tid=0x00007f91881c4d70 nid=1076456 in Object.wait()  [0x00007f913d4fe000]
   java.lang.Thread.State: WAITING (on object monitor)
	at java.lang.Object.wait0(java.base@21.0.11/Native Method)
	- waiting on <no object reference available>
	at java.lang.Object.wait(java.base@21.0.11/Object.java:366)
	at java.lang.Object.wait(java.base@21.0.11/Object.java:339)
	at boxOfActin.Barrier.threadDone(Barrier.java:49)
	- locked <0x000000013861ebd8> (a java.lang.Object)
	at boxOfActin.ThreadSet.done(ThreadSet.java:54)
	at boxOfActin.ThreadSet$ThreadSpawn.run(ThreadSet.java:41)

"Thread-18" #46 [1076457] daemon prio=5 os_prio=0 cpu=2188.41ms elapsed=211.70s tid=0x00007f91881c6200 nid=1076457 in Object.wait()  [0x00007f913d3fe000]
   java.lang.Thread.State: WAITING (on object monitor)
	at java.lang.Object.wait0(java.base@21.0.11/Native Method)
	- waiting on <no object reference available>
	at java.lang.Object.wait(java.base@21.0.11/Object.java:366)
	at java.lang.Object.wait(java.base@21.0.11/Object.java:339)
	at boxOfActin.Barrier.threadDone(Barrier.java:49)
	- locked <0x000000013861ebd8> (a java.lang.Object)
	at boxOfActin.ThreadSet.done(ThreadSet.java:54)
	at boxOfActin.ThreadSet$ThreadSpawn.run(ThreadSet.java:41)

"Thread-19" #47 [1076458] daemon prio=5 os_prio=0 cpu=2089.11ms elapsed=211.70s tid=0x00007f91881c7680 nid=1076458 in Object.wait()  [0x00007f913d2fe000]
   java.lang.Thread.State: WAITING (on object monitor)
	at java.lang.Object.wait0(java.base@21.0.11/Native Method)
	- waiting on <no object reference available>
	at java.lang.Object.wait(java.base@21.0.11/Object.java:366)
	at java.lang.Object.wait(java.base@21.0.11/Object.java:339)
	at boxOfActin.Barrier.threadDone(Barrier.java:49)
	- locked <0x000000013861ebd8> (a java.lang.Object)
	at boxOfActin.ThreadSet.done(ThreadSet.java:54)
	at boxOfActin.ThreadSet$ThreadSpawn.run(ThreadSet.java:41)

"Thread-20" #48 [1076459] daemon prio=5 os_prio=0 cpu=2222.97ms elapsed=211.70s tid=0x00007f91881c8fb0 nid=1076459 in Object.wait()  [0x00007f913d1fe000]
   java.lang.Thread.State: WAITING (on object monitor)
	at java.lang.Object.wait0(java.base@21.0.11/Native Method)
	- waiting on <no object reference available>
	at java.lang.Object.wait(java.base@21.0.11/Object.java:366)
	at java.lang.Object.wait(java.base@21.0.11/Object.java:339)
	at boxOfActin.Barrier.threadDone(Barrier.java:49)
	- locked <0x000000013861ebd8> (a java.lang.Object)
	at boxOfActin.ThreadSet.done(ThreadSet.java:54)
	at boxOfActin.ThreadSet$ThreadSpawn.run(ThreadSet.java:41)

"Thread-21" #49 [1076460] daemon prio=5 os_prio=0 cpu=2188.77ms elapsed=211.70s tid=0x00007f91881ca660 nid=1076460 in Object.wait()  [0x00007f913d0fe000]
   java.lang.Thread.State: WAITING (on object monitor)
	at java.lang.Object.wait0(java.base@21.0.11/Native Method)
	- waiting on <no object reference available>
	at java.lang.Object.wait(java.base@21.0.11/Object.java:366)
	at java.lang.Object.wait(java.base@21.0.11/Object.java:339)
	at boxOfActin.Barrier.threadDone(Barrier.java:49)
	- locked <0x000000013861ebd8> (a java.lang.Object)
	at boxOfActin.ThreadSet.done(ThreadSet.java:54)
	at boxOfActin.ThreadSet$ThreadSpawn.run(ThreadSet.java:41)

"Thread-22" #50 [1076461] daemon prio=5 os_prio=0 cpu=2165.46ms elapsed=211.70s tid=0x00007f91881cbbf0 nid=1076461 in Object.wait()  [0x00007f913cffe000]
   java.lang.Thread.State: WAITING (on object monitor)
	at java.lang.Object.wait0(java.base@21.0.11/Native Method)
	- waiting on <no object reference available>
	at java.lang.Object.wait(java.base@21.0.11/Object.java:366)
	at java.lang.Object.wait(java.base@21.0.11/Object.java:339)
	at boxOfActin.Barrier.threadDone(Barrier.java:49)
	- locked <0x000000013861ebd8> (a java.lang.Object)
	at boxOfActin.ThreadSet.done(ThreadSet.java:54)
	at boxOfActin.ThreadSet$ThreadSpawn.run(ThreadSet.java:41)

"Thread-23" #51 [1076462] daemon prio=5 os_prio=0 cpu=2193.64ms elapsed=211.70s tid=0x00007f91881cd2b0 nid=1076462 in Object.wait()  [0x00007f913cefe000]
   java.lang.Thread.State: WAITING (on object monitor)
	at java.lang.Object.wait0(java.base@21.0.11/Native Method)
	- waiting on <no object reference available>
	at java.lang.Object.wait(java.base@21.0.11/Object.java:366)
	at java.lang.Object.wait(java.base@21.0.11/Object.java:339)
	at boxOfActin.Barrier.threadDone(Barrier.java:49)
	- locked <0x000000013861ebd8> (a java.lang.Object)
	at boxOfActin.ThreadSet.done(ThreadSet.java:54)
	at boxOfActin.ThreadSet$ThreadSpawn.run(ThreadSet.java:41)

"Thread-24" #52 [1076463] daemon prio=5 os_prio=0 cpu=2140.51ms elapsed=211.70s tid=0x00007f91881ce980 nid=1076463 in Object.wait()  [0x00007f913cdfe000]
   java.lang.Thread.State: WAITING (on object monitor)
	at java.lang.Object.wait0(java.base@21.0.11/Native Method)
	- waiting on <no object reference available>
	at java.lang.Object.wait(java.base@21.0.11/Object.java:366)
	at java.lang.Object.wait(java.base@21.0.11/Object.java:339)
	at boxOfActin.Barrier.threadDone(Barrier.java:49)
	- locked <0x000000013861ebd8> (a java.lang.Object)
	at boxOfActin.ThreadSet.done(ThreadSet.java:54)
	at boxOfActin.ThreadSet$ThreadSpawn.run(ThreadSet.java:41)

"Thread-25" #53 [1076464] daemon prio=5 os_prio=0 cpu=2190.48ms elapsed=211.70s tid=0x00007f91881d0050 nid=1076464 in Object.wait()  [0x00007f913ccfe000]
   java.lang.Thread.State: WAITING (on object monitor)
	at java.lang.Object.wait0(java.base@21.0.11/Native Method)
	- waiting on <no object reference available>
	at java.lang.Object.wait(java.base@21.0.11/Object.java:366)
	at java.lang.Object.wait(java.base@21.0.11/Object.java:339)
	at boxOfActin.Barrier.threadDone(Barrier.java:49)
	- locked <0x000000013861ebd8> (a java.lang.Object)
	at boxOfActin.ThreadSet.done(ThreadSet.java:54)
	at boxOfActin.ThreadSet$ThreadSpawn.run(ThreadSet.java:41)

"Thread-26" #54 [1076465] daemon prio=5 os_prio=0 cpu=2168.08ms elapsed=211.70s tid=0x00007f91881d15e0 nid=1076465 in Object.wait()  [0x00007f913cbfe000]
   java.lang.Thread.State: WAITING (on object monitor)
	at java.lang.Object.wait0(java.base@21.0.11/Native Method)
	- waiting on <no object reference available>
	at java.lang.Object.wait(java.base@21.0.11/Object.java:366)
	at java.lang.Object.wait(java.base@21.0.11/Object.java:339)
	at boxOfActin.Barrier.threadDone(Barrier.java:49)
	- locked <0x000000013861ebd8> (a java.lang.Object)
	at boxOfActin.ThreadSet.done(ThreadSet.java:54)
	at boxOfActin.ThreadSet$ThreadSpawn.run(ThreadSet.java:41)

"Thread-27" #55 [1076466] daemon prio=5 os_prio=0 cpu=2169.32ms elapsed=211.70s tid=0x00007f91881d2b70 nid=1076466 in Object.wait()  [0x00007f913cafe000]
   java.lang.Thread.State: WAITING (on object monitor)
	at java.lang.Object.wait0(java.base@21.0.11/Native Method)
	- waiting on <no object reference available>
	at java.lang.Object.wait(java.base@21.0.11/Object.java:366)
	at java.lang.Object.wait(java.base@21.0.11/Object.java:339)
	at boxOfActin.Barrier.threadDone(Barrier.java:49)
	- locked <0x000000013861ebd8> (a java.lang.Object)
	at boxOfActin.ThreadSet.done(ThreadSet.java:54)
	at boxOfActin.ThreadSet$ThreadSpawn.run(ThreadSet.java:41)

"Thread-28" #56 [1076467] daemon prio=5 os_prio=0 cpu=2077.62ms elapsed=211.70s tid=0x00007f91881d4100 nid=1076467 in Object.wait()  [0x00007f913c9fe000]
   java.lang.Thread.State: WAITING (on object monitor)
	at java.lang.Object.wait0(java.base@21.0.11/Native Method)
	- waiting on <no object reference available>
	at java.lang.Object.wait(java.base@21.0.11/Object.java:366)
	at java.lang.Object.wait(java.base@21.0.11/Object.java:339)
	at boxOfActin.Barrier.threadDone(Barrier.java:49)
	- locked <0x000000013861ebd8> (a java.lang.Object)
	at boxOfActin.ThreadSet.done(ThreadSet.java:54)
	at boxOfActin.ThreadSet$ThreadSpawn.run(ThreadSet.java:41)

"Thread-29" #57 [1076468] daemon prio=5 os_prio=0 cpu=2126.31ms elapsed=211.70s tid=0x00007f91881d57f0 nid=1076468 in Object.wait()  [0x00007f913c8fe000]
   java.lang.Thread.State: WAITING (on object monitor)
	at java.lang.Object.wait0(java.base@21.0.11/Native Method)
	- waiting on <no object reference available>
	at java.lang.Object.wait(java.base@21.0.11/Object.java:366)
	at java.lang.Object.wait(java.base@21.0.11/Object.java:339)
	at boxOfActin.Barrier.threadDone(Barrier.java:49)
	- locked <0x000000013861ebd8> (a java.lang.Object)
	at boxOfActin.ThreadSet.done(ThreadSet.java:54)
	at boxOfActin.ThreadSet$ThreadSpawn.run(ThreadSet.java:41)

"Thread-30" #58 [1076469] daemon prio=5 os_prio=0 cpu=2209.25ms elapsed=211.70s tid=0x00007f91881d6ef0 nid=1076469 in Object.wait()  [0x00007f913c7fe000]
   java.lang.Thread.State: WAITING (on object monitor)
	at java.lang.Object.wait0(java.base@21.0.11/Native Method)
	- waiting on <no object reference available>
	at java.lang.Object.wait(java.base@21.0.11/Object.java:366)
	at java.lang.Object.wait(java.base@21.0.11/Object.java:339)
	at boxOfActin.Barrier.threadDone(Barrier.java:49)
	- locked <0x000000013861ebd8> (a java.lang.Object)
	at boxOfActin.ThreadSet.done(ThreadSet.java:54)
	at boxOfActin.ThreadSet$ThreadSpawn.run(ThreadSet.java:41)

"Thread-31" #59 [1076470] daemon prio=5 os_prio=0 cpu=2141.54ms elapsed=211.70s tid=0x00007f91881d85f0 nid=1076470 in Object.wait()  [0x00007f913c6fe000]
   java.lang.Thread.State: WAITING (on object monitor)
	at java.lang.Object.wait0(java.base@21.0.11/Native Method)
	- waiting on <no object reference available>
	at java.lang.Object.wait(java.base@21.0.11/Object.java:366)
	at java.lang.Object.wait(java.base@21.0.11/Object.java:339)
	at boxOfActin.Barrier.threadDone(Barrier.java:49)
	- locked <0x000000013861ebd8> (a java.lang.Object)
	at boxOfActin.ThreadSet.done(ThreadSet.java:54)
	at boxOfActin.ThreadSet$ThreadSpawn.run(ThreadSet.java:41)

"Thread-32" #60 [1076471] daemon prio=5 os_prio=0 cpu=0.07ms elapsed=211.70s tid=0x00007f91881dc6c0 nid=1076471 in Object.wait()  [0x00007f913c5fe000]
   java.lang.Thread.State: WAITING (on object monitor)
	at java.lang.Object.wait0(java.base@21.0.11/Native Method)
	- waiting on <no object reference available>
	at java.lang.Object.wait(java.base@21.0.11/Object.java:366)
	at java.lang.Object.wait(java.base@21.0.11/Object.java:339)
	at boxOfActin.Barrier.threadDone(Barrier.java:49)
	- locked <0x0000000138690c40> (a java.lang.Object)
	at boxOfActin.ThreadSet.done(ThreadSet.java:54)
	at boxOfActin.ThreadSet$ThreadSpawn.run(ThreadSet.java:38)

"Thread-33" #61 [1076472] daemon prio=5 os_prio=0 cpu=0.05ms elapsed=211.70s tid=0x00007f91881dad50 nid=1076472 in Object.wait()  [0x00007f913c4fe000]
   java.lang.Thread.State: WAITING (on object monitor)
	at java.lang.Object.wait0(java.base@21.0.11/Native Method)
	- waiting on <0x0000000138690c40> (a java.lang.Object)
	at java.lang.Object.wait(java.base@21.0.11/Object.java:366)
	at java.lang.Object.wait(java.base@21.0.11/Object.java:339)
	at boxOfActin.Barrier.threadDone(Barrier.java:49)
	- locked <0x0000000138690c40> (a java.lang.Object)
	at boxOfActin.ThreadSet.done(ThreadSet.java:54)
	at boxOfActin.ThreadSet$ThreadSpawn.run(ThreadSet.java:38)

"Thread-34" #62 [1076473] daemon prio=5 os_prio=0 cpu=0.05ms elapsed=211.70s tid=0x00007f91881dda00 nid=1076473 in Object.wait()  [0x00007f913c3fe000]
   java.lang.Thread.State: WAITING (on object monitor)
	at java.lang.Object.wait0(java.base@21.0.11/Native Method)
	- waiting on <0x0000000138690c40> (a java.lang.Object)
	at java.lang.Object.wait(java.base@21.0.11/Object.java:366)
	at java.lang.Object.wait(java.base@21.0.11/Object.java:339)
	at boxOfActin.Barrier.threadDone(Barrier.java:49)
	- locked <0x0000000138690c40> (a java.lang.Object)
	at boxOfActin.ThreadSet.done(ThreadSet.java:54)
	at boxOfActin.ThreadSet$ThreadSpawn.run(ThreadSet.java:38)

"Thread-35" #63 [1076474] daemon prio=5 os_prio=0 cpu=0.07ms elapsed=211.70s tid=0x00007f91881ded30 nid=1076474 in Object.wait()  [0x00007f913c2fe000]
   java.lang.Thread.State: WAITING (on object monitor)
	at java.lang.Object.wait0(java.base@21.0.11/Native Method)
	- waiting on <0x0000000138690c40> (a java.lang.Object)
	at java.lang.Object.wait(java.base@21.0.11/Object.java:366)
	at java.lang.Object.wait(java.base@21.0.11/Object.java:339)
	at boxOfActin.Barrier.threadDone(Barrier.java:49)
	- locked <0x0000000138690c40> (a java.lang.Object)
	at boxOfActin.ThreadSet.done(ThreadSet.java:54)
	at boxOfActin.ThreadSet$ThreadSpawn.run(ThreadSet.java:38)

"Thread-36" #64 [1076475] daemon prio=5 os_prio=0 cpu=0.08ms elapsed=211.70s tid=0x00007f91881e06e0 nid=1076475 in Object.wait()  [0x00007f913c1fe000]
   java.lang.Thread.State: WAITING (on object monitor)
	at java.lang.Object.wait0(java.base@21.0.11/Native Method)
	- waiting on <no object reference available>
	at java.lang.Object.wait(java.base@21.0.11/Object.java:366)
	at java.lang.Object.wait(java.base@21.0.11/Object.java:339)
	at boxOfActin.Barrier.threadDone(Barrier.java:49)
	- locked <0x0000000138690c40> (a java.lang.Object)
	at boxOfActin.ThreadSet.done(ThreadSet.java:54)
	at boxOfActin.ThreadSet$ThreadSpawn.run(ThreadSet.java:38)

"Thread-37" #65 [1076476] daemon prio=5 os_prio=0 cpu=0.09ms elapsed=211.70s tid=0x00007f91881e1e10 nid=1076476 in Object.wait()  [0x00007f913c0fe000]
   java.lang.Thread.State: WAITING (on object monitor)
	at java.lang.Object.wait0(java.base@21.0.11/Native Method)
	- waiting on <no object reference available>
	at java.lang.Object.wait(java.base@21.0.11/Object.java:366)
	at java.lang.Object.wait(java.base@21.0.11/Object.java:339)
	at boxOfActin.Barrier.threadDone(Barrier.java:49)
	- locked <0x0000000138690c40> (a java.lang.Object)
	at boxOfActin.ThreadSet.done(ThreadSet.java:54)
	at boxOfActin.ThreadSet$ThreadSpawn.run(ThreadSet.java:38)

"Thread-38" #66 [1076488] daemon prio=5 os_prio=0 cpu=0.17ms elapsed=211.69s tid=0x00007f91881e3550 nid=1076488 in Object.wait()  [0x00007f90ea4f3000]
   java.lang.Thread.State: WAITING (on object monitor)
	at java.lang.Object.wait0(java.base@21.0.11/Native Method)
	- waiting on <no object reference available>
	at java.lang.Object.wait(java.base@21.0.11/Object.java:366)
	at java.lang.Object.wait(java.base@21.0.11/Object.java:339)
	at boxOfActin.Barrier.threadDone(Barrier.java:49)
	- locked <0x0000000138690c40> (a java.lang.Object)
	at boxOfActin.ThreadSet.done(ThreadSet.java:54)
	at boxOfActin.ThreadSet$ThreadSpawn.run(ThreadSet.java:38)

"Thread-39" #78 [1076489] daemon prio=5 os_prio=0 cpu=0.07ms elapsed=211.69s tid=0x00007f91881e4c10 nid=1076489 in Object.wait()  [0x00007f90ea3f3000]
   java.lang.Thread.State: WAITING (on object monitor)
	at java.lang.Object.wait0(java.base@21.0.11/Native Method)
	- waiting on <no object reference available>
	at java.lang.Object.wait(java.base@21.0.11/Object.java:366)
	at java.lang.Object.wait(java.base@21.0.11/Object.java:339)
	at boxOfActin.Barrier.threadDone(Barrier.java:49)
	- locked <0x0000000138690c40> (a java.lang.Object)
	at boxOfActin.ThreadSet.done(ThreadSet.java:54)
	at boxOfActin.ThreadSet$ThreadSpawn.run(ThreadSet.java:38)

"Thread-40" #79 [1076490] daemon prio=5 os_prio=0 cpu=0.11ms elapsed=211.69s tid=0x00007f91881e6300 nid=1076490 in Object.wait()  [0x00007f90ea2f3000]
   java.lang.Thread.State: WAITING (on object monitor)
	at java.lang.Object.wait0(java.base@21.0.11/Native Method)
	- waiting on <no object reference available>
	at java.lang.Object.wait(java.base@21.0.11/Object.java:366)
	at java.lang.Object.wait(java.base@21.0.11/Object.java:339)
	at boxOfActin.Barrier.threadDone(Barrier.java:49)
	- locked <0x0000000138690c40> (a java.lang.Object)
	at boxOfActin.ThreadSet.done(ThreadSet.java:54)
	at boxOfActin.ThreadSet$ThreadSpawn.run(ThreadSet.java:38)

"Thread-41" #80 [1076491] daemon prio=5 os_prio=0 cpu=0.07ms elapsed=211.69s tid=0x00007f91881e7a20 nid=1076491 in Object.wait()  [0x00007f90ea1f3000]
   java.lang.Thread.State: WAITING (on object monitor)
	at java.lang.Object.wait0(java.base@21.0.11/Native Method)
	- waiting on <no object reference available>
	at java.lang.Object.wait(java.base@21.0.11/Object.java:366)
	at java.lang.Object.wait(java.base@21.0.11/Object.java:339)
	at boxOfActin.Barrier.threadDone(Barrier.java:49)
	- locked <0x0000000138690c40> (a java.lang.Object)
	at boxOfActin.ThreadSet.done(ThreadSet.java:54)
	at boxOfActin.ThreadSet$ThreadSpawn.run(ThreadSet.java:38)

"Thread-42" #81 [1076492] daemon prio=5 os_prio=0 cpu=0.07ms elapsed=211.69s tid=0x00007f91881e8fc0 nid=1076492 in Object.wait()  [0x00007f90ea0f3000]
   java.lang.Thread.State: WAITING (on object monitor)
	at java.lang.Object.wait0(java.base@21.0.11/Native Method)
	- waiting on <no object reference available>
	at java.lang.Object.wait(java.base@21.0.11/Object.java:366)
	at java.lang.Object.wait(java.base@21.0.11/Object.java:339)
	at boxOfActin.Barrier.threadDone(Barrier.java:49)
	- locked <0x0000000138690c40> (a java.lang.Object)
	at boxOfActin.ThreadSet.done(ThreadSet.java:54)
	at boxOfActin.ThreadSet$ThreadSpawn.run(ThreadSet.java:38)

"Thread-43" #82 [1076493] daemon prio=5 os_prio=0 cpu=0.05ms elapsed=211.69s tid=0x00007f91881ea560 nid=1076493 in Object.wait()  [0x00007f90e9ff3000]
   java.lang.Thread.State: WAITING (on object monitor)
	at java.lang.Object.wait0(java.base@21.0.11/Native Method)
	- waiting on <no object reference available>
	at java.lang.Object.wait(java.base@21.0.11/Object.java:366)
	at java.lang.Object.wait(java.base@21.0.11/Object.java:339)
	at boxOfActin.Barrier.threadDone(Barrier.java:49)
	- locked <0x0000000138690c40> (a java.lang.Object)
	at boxOfActin.ThreadSet.done(ThreadSet.java:54)
	at boxOfActin.ThreadSet$ThreadSpawn.run(ThreadSet.java:38)

"Thread-44" #83 [1076494] daemon prio=5 os_prio=0 cpu=0.06ms elapsed=211.69s tid=0x00007f91881ebaf0 nid=1076494 in Object.wait()  [0x00007f90e9ef3000]
   java.lang.Thread.State: WAITING (on object monitor)
	at java.lang.Object.wait0(java.base@21.0.11/Native Method)
	- waiting on <no object reference available>
	at java.lang.Object.wait(java.base@21.0.11/Object.java:366)
	at java.lang.Object.wait(java.base@21.0.11/Object.java:339)
	at boxOfActin.Barrier.threadDone(Barrier.java:49)
	- locked <0x0000000138690c40> (a java.lang.Object)
	at boxOfActin.ThreadSet.done(ThreadSet.java:54)
	at boxOfActin.ThreadSet$ThreadSpawn.run(ThreadSet.java:38)

"Thread-45" #84 [1076495] daemon prio=5 os_prio=0 cpu=0.05ms elapsed=211.69s tid=0x00007f91881ed260 nid=1076495 in Object.wait()  [0x00007f90e9df3000]
   java.lang.Thread.State: WAITING (on object monitor)
	at java.lang.Object.wait0(java.base@21.0.11/Native Method)
	- waiting on <no object reference available>
	at java.lang.Object.wait(java.base@21.0.11/Object.java:366)
	at java.lang.Object.wait(java.base@21.0.11/Object.java:339)
	at boxOfActin.Barrier.threadDone(Barrier.java:49)
	- locked <0x0000000138690c40> (a java.lang.Object)
	at boxOfActin.ThreadSet.done(ThreadSet.java:54)
	at boxOfActin.ThreadSet$ThreadSpawn.run(ThreadSet.java:38)

"Thread-46" #85 [1076496] daemon prio=5 os_prio=0 cpu=0.10ms elapsed=211.69s tid=0x00007f91881ee9e0 nid=1076496 in Object.wait()  [0x00007f90e9cf3000]
   java.lang.Thread.State: WAITING (on object monitor)
	at java.lang.Object.wait0(java.base@21.0.11/Native Method)
	- waiting on <no object reference available>
	at java.lang.Object.wait(java.base@21.0.11/Object.java:366)
	at java.lang.Object.wait(java.base@21.0.11/Object.java:339)
	at boxOfActin.Barrier.threadDone(Barrier.java:49)
	- locked <0x0000000138690c40> (a java.lang.Object)
	at boxOfActin.ThreadSet.done(ThreadSet.java:54)
	at boxOfActin.ThreadSet$ThreadSpawn.run(ThreadSet.java:38)

"Thread-47" #86 [1076497] daemon prio=5 os_prio=0 cpu=0.05ms elapsed=211.69s tid=0x00007f91881f0160 nid=1076497 in Object.wait()  [0x00007f90e9bf3000]
   java.lang.Thread.State: WAITING (on object monitor)
	at java.lang.Object.wait0(java.base@21.0.11/Native Method)
	- waiting on <no object reference available>
	at java.lang.Object.wait(java.base@21.0.11/Object.java:366)
	at java.lang.Object.wait(java.base@21.0.11/Object.java:339)
	at boxOfActin.Barrier.threadDone(Barrier.java:49)
	- locked <0x0000000138690c40> (a java.lang.Object)
	at boxOfActin.ThreadSet.done(ThreadSet.java:54)
	at boxOfActin.ThreadSet$ThreadSpawn.run(ThreadSet.java:38)

"Thread-48" #87 [1076498] daemon prio=5 os_prio=0 cpu=0.09ms elapsed=211.69s tid=0x00007f91881f1eb0 nid=1076498 in Object.wait()  [0x00007f90e9af3000]
   java.lang.Thread.State: WAITING (on object monitor)
	at java.lang.Object.wait0(java.base@21.0.11/Native Method)
	- waiting on <no object reference available>
	at java.lang.Object.wait(java.base@21.0.11/Object.java:366)
	at java.lang.Object.wait(java.base@21.0.11/Object.java:339)
	at boxOfActin.Barrier.threadDone(Barrier.java:49)
	- locked <0x0000000138690da0> (a java.lang.Object)
	at boxOfActin.ThreadSet.done(ThreadSet.java:54)
	at boxOfActin.ThreadSet$ThreadSpawn.run(ThreadSet.java:38)

"Thread-49" #88 [1076499] daemon prio=5 os_prio=0 cpu=0.06ms elapsed=211.69s tid=0x00007f91881f3150 nid=1076499 in Object.wait()  [0x00007f90e99f3000]
   java.lang.Thread.State: WAITING (on object monitor)
	at java.lang.Object.wait0(java.base@21.0.11/Native Method)
	- waiting on <no object reference available>
	at java.lang.Object.wait(java.base@21.0.11/Object.java:366)
	at java.lang.Object.wait(java.base@21.0.11/Object.java:339)
	at boxOfActin.Barrier.threadDone(Barrier.java:49)
	- locked <0x0000000138690da0> (a java.lang.Object)
	at boxOfActin.ThreadSet.done(ThreadSet.java:54)
	at boxOfActin.ThreadSet$ThreadSpawn.run(ThreadSet.java:38)

"Thread-50" #89 [1076500] daemon prio=5 os_prio=0 cpu=0.11ms elapsed=211.69s tid=0x00007f91881f46e0 nid=1076500 in Object.wait()  [0x00007f90e98f3000]
   java.lang.Thread.State: WAITING (on object monitor)
	at java.lang.Object.wait0(java.base@21.0.11/Native Method)
	- waiting on <no object reference available>
	at java.lang.Object.wait(java.base@21.0.11/Object.java:366)
	at java.lang.Object.wait(java.base@21.0.11/Object.java:339)
	at boxOfActin.Barrier.threadDone(Barrier.java:49)
	- locked <0x0000000138690da0> (a java.lang.Object)
	at boxOfActin.ThreadSet.done(ThreadSet.java:54)
	at boxOfActin.ThreadSet$ThreadSpawn.run(ThreadSet.java:38)

"Thread-51" #90 [1076501] daemon prio=5 os_prio=0 cpu=0.05ms elapsed=211.69s tid=0x00007f91881f5c70 nid=1076501 in Object.wait()  [0x00007f90e97f3000]
   java.lang.Thread.State: WAITING (on object monitor)
	at java.lang.Object.wait0(java.base@21.0.11/Native Method)
	- waiting on <no object reference available>
	at java.lang.Object.wait(java.base@21.0.11/Object.java:366)
	at java.lang.Object.wait(java.base@21.0.11/Object.java:339)
	at boxOfActin.Barrier.threadDone(Barrier.java:49)
	- locked <0x0000000138690da0> (a java.lang.Object)
	at boxOfActin.ThreadSet.done(ThreadSet.java:54)
	at boxOfActin.ThreadSet$ThreadSpawn.run(ThreadSet.java:38)

"Thread-52" #91 [1076502] daemon prio=5 os_prio=0 cpu=0.06ms elapsed=211.69s tid=0x00007f91881f72b0 nid=1076502 in Object.wait()  [0x00007f90e96f3000]
   java.lang.Thread.State: WAITING (on object monitor)
	at java.lang.Object.wait0(java.base@21.0.11/Native Method)
	- waiting on <no object reference available>
	at java.lang.Object.wait(java.base@21.0.11/Object.java:366)
	at java.lang.Object.wait(java.base@21.0.11/Object.java:339)
	at boxOfActin.Barrier.threadDone(Barrier.java:49)
	- locked <0x0000000138690da0> (a java.lang.Object)
	at boxOfActin.ThreadSet.done(ThreadSet.java:54)
	at boxOfActin.ThreadSet$ThreadSpawn.run(ThreadSet.java:38)

"Thread-53" #92 [1076503] daemon prio=5 os_prio=0 cpu=0.13ms elapsed=211.69s tid=0x00007f91881f8670 nid=1076503 in Object.wait()  [0x00007f90e95f3000]
   java.lang.Thread.State: WAITING (on object monitor)
	at java.lang.Object.wait0(java.base@21.0.11/Native Method)
	- waiting on <no object reference available>
	at java.lang.Object.wait(java.base@21.0.11/Object.java:366)
	at java.lang.Object.wait(java.base@21.0.11/Object.java:339)
	at boxOfActin.Barrier.threadDone(Barrier.java:49)
	- locked <0x0000000138690da0> (a java.lang.Object)
	at boxOfActin.ThreadSet.done(ThreadSet.java:54)
	at boxOfActin.ThreadSet$ThreadSpawn.run(ThreadSet.java:38)

"Thread-54" #93 [1076504] daemon prio=5 os_prio=0 cpu=0.07ms elapsed=211.69s tid=0x00007f91881f9e30 nid=1076504 in Object.wait()  [0x00007f90e94f3000]
   java.lang.Thread.State: WAITING (on object monitor)
	at java.lang.Object.wait0(java.base@21.0.11/Native Method)
	- waiting on <no object reference available>
	at java.lang.Object.wait(java.base@21.0.11/Object.java:366)
	at java.lang.Object.wait(java.base@21.0.11/Object.java:339)
	at boxOfActin.Barrier.threadDone(Barrier.java:49)
	- locked <0x0000000138690da0> (a java.lang.Object)
	at boxOfActin.ThreadSet.done(ThreadSet.java:54)
	at boxOfActin.ThreadSet$ThreadSpawn.run(ThreadSet.java:38)

"Thread-55" #94 [1076505] daemon prio=5 os_prio=0 cpu=0.11ms elapsed=211.69s tid=0x00007f91881fb5f0 nid=1076505 in Object.wait()  [0x00007f90e93f3000]
   java.lang.Thread.State: WAITING (on object monitor)
	at java.lang.Object.wait0(java.base@21.0.11/Native Method)
	- waiting on <no object reference available>
	at java.lang.Object.wait(java.base@21.0.11/Object.java:366)
	at java.lang.Object.wait(java.base@21.0.11/Object.java:339)
	at boxOfActin.Barrier.threadDone(Barrier.java:49)
	- locked <0x0000000138690da0> (a java.lang.Object)
	at boxOfActin.ThreadSet.done(ThreadSet.java:54)
	at boxOfActin.ThreadSet$ThreadSpawn.run(ThreadSet.java:38)

"Thread-56" #95 [1076506] daemon prio=5 os_prio=0 cpu=0.08ms elapsed=211.69s tid=0x00007f91881fcdc0 nid=1076506 in Object.wait()  [0x00007f90e92f3000]
   java.lang.Thread.State: WAITING (on object monitor)
	at java.lang.Object.wait0(java.base@21.0.11/Native Method)
	- waiting on <no object reference available>
	at java.lang.Object.wait(java.base@21.0.11/Object.java:366)
	at java.lang.Object.wait(java.base@21.0.11/Object.java:339)
	at boxOfActin.Barrier.threadDone(Barrier.java:49)
	- locked <0x0000000138690da0> (a java.lang.Object)
	at boxOfActin.ThreadSet.done(ThreadSet.java:54)
	at boxOfActin.ThreadSet$ThreadSpawn.run(ThreadSet.java:38)

"Thread-57" #96 [1076507] daemon prio=5 os_prio=0 cpu=0.07ms elapsed=211.69s tid=0x00007f91881fe590 nid=1076507 in Object.wait()  [0x00007f90e91f3000]
   java.lang.Thread.State: WAITING (on object monitor)
	at java.lang.Object.wait0(java.base@21.0.11/Native Method)
	- waiting on <no object reference available>
	at java.lang.Object.wait(java.base@21.0.11/Object.java:366)
	at java.lang.Object.wait(java.base@21.0.11/Object.java:339)
	at boxOfActin.Barrier.threadDone(Barrier.java:49)
	- locked <0x0000000138690da0> (a java.lang.Object)
	at boxOfActin.ThreadSet.done(ThreadSet.java:54)
	at boxOfActin.ThreadSet$ThreadSpawn.run(ThreadSet.java:38)

"Thread-58" #97 [1076508] daemon prio=5 os_prio=0 cpu=0.07ms elapsed=211.69s tid=0x00007f91881ffb20 nid=1076508 in Object.wait()  [0x00007f90e90f3000]
   java.lang.Thread.State: WAITING (on object monitor)
	at java.lang.Object.wait0(java.base@21.0.11/Native Method)
	- waiting on <no object reference available>
	at java.lang.Object.wait(java.base@21.0.11/Object.java:366)
	at java.lang.Object.wait(java.base@21.0.11/Object.java:339)
	at boxOfActin.Barrier.threadDone(Barrier.java:49)
	- locked <0x0000000138690da0> (a java.lang.Object)
	at boxOfActin.ThreadSet.done(ThreadSet.java:54)
	at boxOfActin.ThreadSet$ThreadSpawn.run(ThreadSet.java:38)

"Thread-59" #98 [1076509] daemon prio=5 os_prio=0 cpu=0.06ms elapsed=211.69s tid=0x00007f9188201300 nid=1076509 in Object.wait()  [0x00007f90e8ff3000]
   java.lang.Thread.State: WAITING (on object monitor)
	at java.lang.Object.wait0(java.base@21.0.11/Native Method)
	- waiting on <no object reference available>
	at java.lang.Object.wait(java.base@21.0.11/Object.java:366)
	at java.lang.Object.wait(java.base@21.0.11/Object.java:339)
	at boxOfActin.Barrier.threadDone(Barrier.java:49)
	- locked <0x0000000138690da0> (a java.lang.Object)
	at boxOfActin.ThreadSet.done(ThreadSet.java:54)
	at boxOfActin.ThreadSet$ThreadSpawn.run(ThreadSet.java:38)

"Thread-60" #99 [1076510] daemon prio=5 os_prio=0 cpu=0.07ms elapsed=211.69s tid=0x00007f9188202af0 nid=1076510 in Object.wait()  [0x00007f90e8ef3000]
   java.lang.Thread.State: WAITING (on object monitor)
	at java.lang.Object.wait0(java.base@21.0.11/Native Method)
	- waiting on <no object reference available>
	at java.lang.Object.wait(java.base@21.0.11/Object.java:366)
	at java.lang.Object.wait(java.base@21.0.11/Object.java:339)
	at boxOfActin.Barrier.threadDone(Barrier.java:49)
	- locked <0x0000000138690da0> (a java.lang.Object)
	at boxOfActin.ThreadSet.done(ThreadSet.java:54)
	at boxOfActin.ThreadSet$ThreadSpawn.run(ThreadSet.java:38)

"Thread-61" #100 [1076511] daemon prio=5 os_prio=0 cpu=0.06ms elapsed=211.69s tid=0x00007f91882042e0 nid=1076511 in Object.wait()  [0x00007f90e8df3000]
   java.lang.Thread.State: WAITING (on object monitor)
	at java.lang.Object.wait0(java.base@21.0.11/Native Method)
	- waiting on <no object reference available>
	at java.lang.Object.wait(java.base@21.0.11/Object.java:366)
	at java.lang.Object.wait(java.base@21.0.11/Object.java:339)
	at boxOfActin.Barrier.threadDone(Barrier.java:49)
	- locked <0x0000000138690da0> (a java.lang.Object)
	at boxOfActin.ThreadSet.done(ThreadSet.java:54)
	at boxOfActin.ThreadSet$ThreadSpawn.run(ThreadSet.java:38)

"Thread-62" #101 [1076512] daemon prio=5 os_prio=0 cpu=0.07ms elapsed=211.69s tid=0x00007f9188205ae0 nid=1076512 in Object.wait()  [0x00007f90e8cf3000]
   java.lang.Thread.State: WAITING (on object monitor)
	at java.lang.Object.wait0(java.base@21.0.11/Native Method)
	- waiting on <no object reference available>
	at java.lang.Object.wait(java.base@21.0.11/Object.java:366)
	at java.lang.Object.wait(java.base@21.0.11/Object.java:339)
	at boxOfActin.Barrier.threadDone(Barrier.java:49)
	- locked <0x0000000138690da0> (a java.lang.Object)
	at boxOfActin.ThreadSet.done(ThreadSet.java:54)
	at boxOfActin.ThreadSet$ThreadSpawn.run(ThreadSet.java:38)

"Thread-63" #102 [1076513] daemon prio=5 os_prio=0 cpu=0.05ms elapsed=211.69s tid=0x00007f91882072e0 nid=1076513 in Object.wait()  [0x00007f90e8bf3000]
   java.lang.Thread.State: WAITING (on object monitor)
	at java.lang.Object.wait0(java.base@21.0.11/Native Method)
	- waiting on <no object reference available>
	at java.lang.Object.wait(java.base@21.0.11/Object.java:366)
	at java.lang.Object.wait(java.base@21.0.11/Object.java:339)
	at boxOfActin.Barrier.threadDone(Barrier.java:49)
	- locked <0x0000000138690da0> (a java.lang.Object)
	at boxOfActin.ThreadSet.done(ThreadSet.java:54)
	at boxOfActin.ThreadSet$ThreadSpawn.run(ThreadSet.java:38)

"Thread-64" #103 [1076514] daemon prio=5 os_prio=0 cpu=1818.25ms elapsed=211.68s tid=0x00007f9188209940 nid=1076514 in Object.wait()  [0x00007f90e8af3000]
   java.lang.Thread.State: WAITING (on object monitor)
	at java.lang.Object.wait0(java.base@21.0.11/Native Method)
	- waiting on <no object reference available>
	at java.lang.Object.wait(java.base@21.0.11/Object.java:366)
	at java.lang.Object.wait(java.base@21.0.11/Object.java:339)
	at boxOfActin.Barrier.threadDone(Barrier.java:49)
	- locked <0x000000012a0e6468> (a java.lang.Object)
	at boxOfActin.ThreadSet.done(ThreadSet.java:54)
	at boxOfActin.ThreadSet$ThreadSpawn.run(ThreadSet.java:41)

"Thread-65" #104 [1076515] daemon prio=5 os_prio=0 cpu=1762.38ms elapsed=211.68s tid=0x00007f918820a5e0 nid=1076515 in Object.wait()  [0x00007f90e89f3000]
   java.lang.Thread.State: WAITING (on object monitor)
	at java.lang.Object.wait0(java.base@21.0.11/Native Method)
	- waiting on <no object reference available>
	at java.lang.Object.wait(java.base@21.0.11/Object.java:366)
	at java.lang.Object.wait(java.base@21.0.11/Object.java:339)
	at boxOfActin.Barrier.threadDone(Barrier.java:49)
	- locked <0x000000012a0e6468> (a java.lang.Object)
	at boxOfActin.ThreadSet.done(ThreadSet.java:54)
	at boxOfActin.ThreadSet$ThreadSpawn.run(ThreadSet.java:41)

"Thread-66" #105 [1076516] daemon prio=5 os_prio=0 cpu=1780.65ms elapsed=211.68s tid=0x00007f918820e3f0 nid=1076516 in Object.wait()  [0x00007f90e88f3000]
   java.lang.Thread.State: WAITING (on object monitor)
	at java.lang.Object.wait0(java.base@21.0.11/Native Method)
	- waiting on <no object reference available>
	at java.lang.Object.wait(java.base@21.0.11/Object.java:366)
	at java.lang.Object.wait(java.base@21.0.11/Object.java:339)
	at boxOfActin.Barrier.threadDone(Barrier.java:49)
	- locked <0x000000012a0e6468> (a java.lang.Object)
	at boxOfActin.ThreadSet.done(ThreadSet.java:54)
	at boxOfActin.ThreadSet$ThreadSpawn.run(ThreadSet.java:41)

"Thread-67" #106 [1076517] daemon prio=5 os_prio=0 cpu=1848.27ms elapsed=211.68s tid=0x00007f918820f820 nid=1076517 in Object.wait()  [0x00007f90e87f3000]
   java.lang.Thread.State: WAITING (on object monitor)
	at java.lang.Object.wait0(java.base@21.0.11/Native Method)
	- waiting on <no object reference available>
	at java.lang.Object.wait(java.base@21.0.11/Object.java:366)
	at java.lang.Object.wait(java.base@21.0.11/Object.java:339)
	at boxOfActin.Barrier.threadDone(Barrier.java:49)
	- locked <0x000000012a0e6468> (a java.lang.Object)
	at boxOfActin.ThreadSet.done(ThreadSet.java:54)
	at boxOfActin.ThreadSet$ThreadSpawn.run(ThreadSet.java:41)

"Thread-68" #107 [1076518] daemon prio=5 os_prio=0 cpu=1833.80ms elapsed=211.68s tid=0x00007f91882109b0 nid=1076518 in Object.wait()  [0x00007f90e86f3000]
   java.lang.Thread.State: WAITING (on object monitor)
	at java.lang.Object.wait0(java.base@21.0.11/Native Method)
	- waiting on <no object reference available>
	at java.lang.Object.wait(java.base@21.0.11/Object.java:366)
	at java.lang.Object.wait(java.base@21.0.11/Object.java:339)
	at boxOfActin.Barrier.threadDone(Barrier.java:49)
	- locked <0x000000012a0e6468> (a java.lang.Object)
	at boxOfActin.ThreadSet.done(ThreadSet.java:54)
	at boxOfActin.ThreadSet$ThreadSpawn.run(ThreadSet.java:41)

"Thread-69" #108 [1076519] daemon prio=5 os_prio=0 cpu=1836.58ms elapsed=211.68s tid=0x00007f9188211df0 nid=1076519 in Object.wait()  [0x00007f90e85f3000]
   java.lang.Thread.State: WAITING (on object monitor)
	at java.lang.Object.wait0(java.base@21.0.11/Native Method)
	- waiting on <no object reference available>
	at java.lang.Object.wait(java.base@21.0.11/Object.java:366)
	at java.lang.Object.wait(java.base@21.0.11/Object.java:339)
	at boxOfActin.Barrier.threadDone(Barrier.java:49)
	- locked <0x000000012a0e6468> (a java.lang.Object)
	at boxOfActin.ThreadSet.done(ThreadSet.java:54)
	at boxOfActin.ThreadSet$ThreadSpawn.run(ThreadSet.java:41)

"Thread-70" #109 [1076520] daemon prio=5 os_prio=0 cpu=1837.02ms elapsed=211.68s tid=0x00007f9188212f90 nid=1076520 in Object.wait()  [0x00007f90e84f3000]
   java.lang.Thread.State: WAITING (on object monitor)
	at java.lang.Object.wait0(java.base@21.0.11/Native Method)
	- waiting on <no object reference available>
	at java.lang.Object.wait(java.base@21.0.11/Object.java:366)
	at java.lang.Object.wait(java.base@21.0.11/Object.java:339)
	at boxOfActin.Barrier.threadDone(Barrier.java:49)
	- locked <0x000000012a0e6468> (a java.lang.Object)
	at boxOfActin.ThreadSet.done(ThreadSet.java:54)
	at boxOfActin.ThreadSet$ThreadSpawn.run(ThreadSet.java:41)

"Thread-71" #110 [1076521] daemon prio=5 os_prio=0 cpu=1846.28ms elapsed=211.68s tid=0x00007f91882143e0 nid=1076521 in Object.wait()  [0x00007f90e83f3000]
   java.lang.Thread.State: WAITING (on object monitor)
	at java.lang.Object.wait0(java.base@21.0.11/Native Method)
	- waiting on <no object reference available>
	at java.lang.Object.wait(java.base@21.0.11/Object.java:366)
	at java.lang.Object.wait(java.base@21.0.11/Object.java:339)
	at boxOfActin.Barrier.threadDone(Barrier.java:49)
	- locked <0x000000012a0e6468> (a java.lang.Object)
	at boxOfActin.ThreadSet.done(ThreadSet.java:54)
	at boxOfActin.ThreadSet$ThreadSpawn.run(ThreadSet.java:41)

"Thread-72" #111 [1076522] daemon prio=5 os_prio=0 cpu=1820.11ms elapsed=211.68s tid=0x00007f9188215c30 nid=1076522 in Object.wait()  [0x00007f90e82f3000]
   java.lang.Thread.State: WAITING (on object monitor)
	at java.lang.Object.wait0(java.base@21.0.11/Native Method)
	- waiting on <no object reference available>
	at java.lang.Object.wait(java.base@21.0.11/Object.java:366)
	at java.lang.Object.wait(java.base@21.0.11/Object.java:339)
	at boxOfActin.Barrier.threadDone(Barrier.java:49)
	- locked <0x000000012a0e6468> (a java.lang.Object)
	at boxOfActin.ThreadSet.done(ThreadSet.java:54)
	at boxOfActin.ThreadSet$ThreadSpawn.run(ThreadSet.java:41)

"Thread-73" #112 [1076523] daemon prio=5 os_prio=0 cpu=1815.07ms elapsed=211.68s tid=0x00007f9188217480 nid=1076523 in Object.wait()  [0x00007f90e81f3000]
   java.lang.Thread.State: WAITING (on object monitor)
	at java.lang.Object.wait0(java.base@21.0.11/Native Method)
	- waiting on <no object reference available>
	at java.lang.Object.wait(java.base@21.0.11/Object.java:366)
	at java.lang.Object.wait(java.base@21.0.11/Object.java:339)
	at boxOfActin.Barrier.threadDone(Barrier.java:49)
	- locked <0x000000012a0e6468> (a java.lang.Object)
	at boxOfActin.ThreadSet.done(ThreadSet.java:54)
	at boxOfActin.ThreadSet$ThreadSpawn.run(ThreadSet.java:41)

"Thread-74" #113 [1076524] daemon prio=5 os_prio=0 cpu=1794.09ms elapsed=211.68s tid=0x00007f9188218a10 nid=1076524 in Object.wait()  [0x00007f8f63ffe000]
   java.lang.Thread.State: WAITING (on object monitor)
	at java.lang.Object.wait0(java.base@21.0.11/Native Method)
	- waiting on <no object reference available>
	at java.lang.Object.wait(java.base@21.0.11/Object.java:366)
	at java.lang.Object.wait(java.base@21.0.11/Object.java:339)
	at boxOfActin.Barrier.threadDone(Barrier.java:49)
	- locked <0x000000012a0e6468> (a java.lang.Object)
	at boxOfActin.ThreadSet.done(ThreadSet.java:54)
	at boxOfActin.ThreadSet$ThreadSpawn.run(ThreadSet.java:41)

"Thread-75" #114 [1076525] daemon prio=5 os_prio=0 cpu=1847.63ms elapsed=211.68s tid=0x00007f918821a270 nid=1076525 in Object.wait()  [0x00007f8f63efe000]
   java.lang.Thread.State: WAITING (on object monitor)
	at java.lang.Object.wait0(java.base@21.0.11/Native Method)
	- waiting on <no object reference available>
	at java.lang.Object.wait(java.base@21.0.11/Object.java:366)
	at java.lang.Object.wait(java.base@21.0.11/Object.java:339)
	at boxOfActin.Barrier.threadDone(Barrier.java:49)
	- locked <0x000000012a0e6468> (a java.lang.Object)
	at boxOfActin.ThreadSet.done(ThreadSet.java:54)
	at boxOfActin.ThreadSet$ThreadSpawn.run(ThreadSet.java:41)

"Thread-76" #115 [1076526] daemon prio=5 os_prio=0 cpu=1823.22ms elapsed=211.68s tid=0x00007f918821b800 nid=1076526 in Object.wait()  [0x00007f8f63dfe000]
   java.lang.Thread.State: WAITING (on object monitor)
	at java.lang.Object.wait0(java.base@21.0.11/Native Method)
	- waiting on <no object reference available>
	at java.lang.Object.wait(java.base@21.0.11/Object.java:366)
	at java.lang.Object.wait(java.base@21.0.11/Object.java:339)
	at boxOfActin.Barrier.threadDone(Barrier.java:49)
	- locked <0x000000012a0e6468> (a java.lang.Object)
	at boxOfActin.ThreadSet.done(ThreadSet.java:54)
	at boxOfActin.ThreadSet$ThreadSpawn.run(ThreadSet.java:41)

"Thread-77" #116 [1076527] daemon prio=5 os_prio=0 cpu=1836.75ms elapsed=211.68s tid=0x00007f918821d070 nid=1076527 in Object.wait()  [0x00007f8f63cfe000]
   java.lang.Thread.State: WAITING (on object monitor)
	at java.lang.Object.wait0(java.base@21.0.11/Native Method)
	- waiting on <no object reference available>
	at java.lang.Object.wait(java.base@21.0.11/Object.java:366)
	at java.lang.Object.wait(java.base@21.0.11/Object.java:339)
	at boxOfActin.Barrier.threadDone(Barrier.java:49)
	- locked <0x000000012a0e6468> (a java.lang.Object)
	at boxOfActin.ThreadSet.done(ThreadSet.java:54)
	at boxOfActin.ThreadSet$ThreadSpawn.run(ThreadSet.java:41)

"Thread-78" #117 [1076528] daemon prio=5 os_prio=0 cpu=1855.26ms elapsed=211.68s tid=0x00007f918821e8f0 nid=1076528 in Object.wait()  [0x00007f8f63bfe000]
   java.lang.Thread.State: WAITING (on object monitor)
	at java.lang.Object.wait0(java.base@21.0.11/Native Method)
	- waiting on <no object reference available>
	at java.lang.Object.wait(java.base@21.0.11/Object.java:366)
	at java.lang.Object.wait(java.base@21.0.11/Object.java:339)
	at boxOfActin.Barrier.threadDone(Barrier.java:49)
	- locked <0x000000012a0e6468> (a java.lang.Object)
	at boxOfActin.ThreadSet.done(ThreadSet.java:54)
	at boxOfActin.ThreadSet$ThreadSpawn.run(ThreadSet.java:41)

"Thread-79" #118 [1076529] daemon prio=5 os_prio=0 cpu=1816.76ms elapsed=211.68s tid=0x00007f9188220170 nid=1076529 in Object.wait()  [0x00007f8f63afe000]
   java.lang.Thread.State: WAITING (on object monitor)
	at java.lang.Object.wait0(java.base@21.0.11/Native Method)
	- waiting on <no object reference available>
	at java.lang.Object.wait(java.base@21.0.11/Object.java:366)
	at java.lang.Object.wait(java.base@21.0.11/Object.java:339)
	at boxOfActin.Barrier.threadDone(Barrier.java:49)
	- locked <0x000000012a0e6468> (a java.lang.Object)
	at boxOfActin.ThreadSet.done(ThreadSet.java:54)
	at boxOfActin.ThreadSet$ThreadSpawn.run(ThreadSet.java:41)

"Thread-80" #122 [1076595] daemon prio=5 os_prio=0 cpu=0.11ms elapsed=197.27s tid=0x00007f91882fded0 nid=1076595 in Object.wait()  [0x00007f8f636fc000]
   java.lang.Thread.State: WAITING (on object monitor)
	at java.lang.Object.wait0(java.base@21.0.11/Native Method)
	- waiting on <no object reference available>
	at java.lang.Object.wait(java.base@21.0.11/Object.java:366)
	at java.lang.Object.wait(java.base@21.0.11/Object.java:339)
	at boxOfActin.Barrier.threadDone(Barrier.java:49)
	- locked <0x00000005e1691f58> (a java.lang.Object)
	at boxOfActin.ThreadSet.done(ThreadSet.java:54)
	at boxOfActin.ThreadSet$ThreadSpawn.run(ThreadSet.java:38)

"Thread-81" #123 [1076596] daemon prio=5 os_prio=0 cpu=0.09ms elapsed=197.27s tid=0x00007f91882fed30 nid=1076596 in Object.wait()  [0x00007f914ca66000]
   java.lang.Thread.State: WAITING (on object monitor)
	at java.lang.Object.wait0(java.base@21.0.11/Native Method)
	- waiting on <no object reference available>
	at java.lang.Object.wait(java.base@21.0.11/Object.java:366)
	at java.lang.Object.wait(java.base@21.0.11/Object.java:339)
	at boxOfActin.Barrier.threadDone(Barrier.java:49)
	- locked <0x00000005e1691f58> (a java.lang.Object)
	at boxOfActin.ThreadSet.done(ThreadSet.java:54)
	at boxOfActin.ThreadSet$ThreadSpawn.run(ThreadSet.java:38)

"Thread-82" #124 [1076597] daemon prio=5 os_prio=0 cpu=0.11ms elapsed=197.27s tid=0x00007f91882ed930 nid=1076597 in Object.wait()  [0x00007f8f635fc000]
   java.lang.Thread.State: WAITING (on object monitor)
	at java.lang.Object.wait0(java.base@21.0.11/Native Method)
	- waiting on <no object reference available>
	at java.lang.Object.wait(java.base@21.0.11/Object.java:366)
	at java.lang.Object.wait(java.base@21.0.11/Object.java:339)
	at boxOfActin.Barrier.threadDone(Barrier.java:49)
	- locked <0x00000005e1691f58> (a java.lang.Object)
	at boxOfActin.ThreadSet.done(ThreadSet.java:54)
	at boxOfActin.ThreadSet$ThreadSpawn.run(ThreadSet.java:38)

"Thread-83" #125 [1076598] daemon prio=5 os_prio=0 cpu=0.10ms elapsed=197.27s tid=0x00007f91882eebe0 nid=1076598 in Object.wait()  [0x00007f8f633f5000]
   java.lang.Thread.State: WAITING (on object monitor)
	at java.lang.Object.wait0(java.base@21.0.11/Native Method)
	- waiting on <no object reference available>
	at java.lang.Object.wait(java.base@21.0.11/Object.java:366)
	at java.lang.Object.wait(java.base@21.0.11/Object.java:339)
	at boxOfActin.Barrier.threadDone(Barrier.java:49)
	- locked <0x00000005e1691f58> (a java.lang.Object)
	at boxOfActin.ThreadSet.done(ThreadSet.java:54)
	at boxOfActin.ThreadSet$ThreadSpawn.run(ThreadSet.java:38)

"Thread-84" #126 [1076599] daemon prio=5 os_prio=0 cpu=0.12ms elapsed=197.27s tid=0x00007f9188304f00 nid=1076599 in Object.wait()  [0x00007f8f632f5000]
   java.lang.Thread.State: WAITING (on object monitor)
	at java.lang.Object.wait0(java.base@21.0.11/Native Method)
	- waiting on <no object reference available>
	at java.lang.Object.wait(java.base@21.0.11/Object.java:366)
	at java.lang.Object.wait(java.base@21.0.11/Object.java:339)
	at boxOfActin.Barrier.threadDone(Barrier.java:49)
	- locked <0x00000005e1691f58> (a java.lang.Object)
	at boxOfActin.ThreadSet.done(ThreadSet.java:54)
	at boxOfActin.ThreadSet$ThreadSpawn.run(ThreadSet.java:38)

"Thread-85" #127 [1076600] daemon prio=5 os_prio=0 cpu=0.12ms elapsed=197.27s tid=0x00007f91883063c0 nid=1076600 in Object.wait()  [0x00007f8f631f5000]
   java.lang.Thread.State: WAITING (on object monitor)
	at java.lang.Object.wait0(java.base@21.0.11/Native Method)
	- waiting on <no object reference available>
	at java.lang.Object.wait(java.base@21.0.11/Object.java:366)
	at java.lang.Object.wait(java.base@21.0.11/Object.java:339)
	at boxOfActin.Barrier.threadDone(Barrier.java:49)
	- locked <0x00000005e1691f58> (a java.lang.Object)
	at boxOfActin.ThreadSet.done(ThreadSet.java:54)
	at boxOfActin.ThreadSet$ThreadSpawn.run(ThreadSet.java:38)

"Thread-86" #128 [1076601] daemon prio=5 os_prio=0 cpu=0.12ms elapsed=197.10s tid=0x00007f9188327520 nid=1076601 in Object.wait()  [0x00007f8f630f5000]
   java.lang.Thread.State: WAITING (on object monitor)
	at java.lang.Object.wait0(java.base@21.0.11/Native Method)
	- waiting on <no object reference available>
	at java.lang.Object.wait(java.base@21.0.11/Object.java:366)
	at java.lang.Object.wait(java.base@21.0.11/Object.java:339)
	at boxOfActin.Barrier.threadDone(Barrier.java:49)
	- locked <0x00000005e1691f58> (a java.lang.Object)
	at boxOfActin.ThreadSet.done(ThreadSet.java:54)
	at boxOfActin.ThreadSet$ThreadSpawn.run(ThreadSet.java:38)

"Thread-87" #129 [1076602] daemon prio=5 os_prio=0 cpu=0.09ms elapsed=197.10s tid=0x00007f91883289f0 nid=1076602 in Object.wait()  [0x00007f8f62ff5000]
   java.lang.Thread.State: WAITING (on object monitor)
	at java.lang.Object.wait0(java.base@21.0.11/Native Method)
	- waiting on <no object reference available>
	at java.lang.Object.wait(java.base@21.0.11/Object.java:366)
	at java.lang.Object.wait(java.base@21.0.11/Object.java:339)
	at boxOfActin.Barrier.threadDone(Barrier.java:49)
	- locked <0x00000005e1691f58> (a java.lang.Object)
	at boxOfActin.ThreadSet.done(ThreadSet.java:54)
	at boxOfActin.ThreadSet$ThreadSpawn.run(ThreadSet.java:38)

"Thread-88" #130 [1076603] daemon prio=5 os_prio=0 cpu=0.10ms elapsed=197.10s tid=0x00007f9188329b90 nid=1076603 in Object.wait()  [0x00007f8f62ef5000]
   java.lang.Thread.State: WAITING (on object monitor)
	at java.lang.Object.wait0(java.base@21.0.11/Native Method)
	- waiting on <no object reference available>
	at java.lang.Object.wait(java.base@21.0.11/Object.java:366)
	at java.lang.Object.wait(java.base@21.0.11/Object.java:339)
	at boxOfActin.Barrier.threadDone(Barrier.java:49)
	- locked <0x00000005e1691f58> (a java.lang.Object)
	at boxOfActin.ThreadSet.done(ThreadSet.java:54)
	at boxOfActin.ThreadSet$ThreadSpawn.run(ThreadSet.java:38)

"Thread-89" #131 [1076604] daemon prio=5 os_prio=0 cpu=0.08ms elapsed=197.10s tid=0x00007f918832b070 nid=1076604 in Object.wait()  [0x00007f8f62df5000]
   java.lang.Thread.State: WAITING (on object monitor)
	at java.lang.Object.wait0(java.base@21.0.11/Native Method)
	- waiting on <no object reference available>
	at java.lang.Object.wait(java.base@21.0.11/Object.java:366)
	at java.lang.Object.wait(java.base@21.0.11/Object.java:339)
	at boxOfActin.Barrier.threadDone(Barrier.java:49)
	- locked <0x00000005e1691f58> (a java.lang.Object)
	at boxOfActin.ThreadSet.done(ThreadSet.java:54)
	at boxOfActin.ThreadSet$ThreadSpawn.run(ThreadSet.java:38)

"Thread-90" #132 [1076605] daemon prio=5 os_prio=0 cpu=0.10ms elapsed=197.10s tid=0x00007f918832c210 nid=1076605 in Object.wait()  [0x00007f8f62cf5000]
   java.lang.Thread.State: WAITING (on object monitor)
	at java.lang.Object.wait0(java.base@21.0.11/Native Method)
	- waiting on <no object reference available>
	at java.lang.Object.wait(java.base@21.0.11/Object.java:366)
	at java.lang.Object.wait(java.base@21.0.11/Object.java:339)
	at boxOfActin.Barrier.threadDone(Barrier.java:49)
	- locked <0x00000005e1691f58> (a java.lang.Object)
	at boxOfActin.ThreadSet.done(ThreadSet.java:54)
	at boxOfActin.ThreadSet$ThreadSpawn.run(ThreadSet.java:38)

"Thread-91" #133 [1076606] daemon prio=5 os_prio=0 cpu=0.06ms elapsed=197.10s tid=0x00007f918832d380 nid=1076606 in Object.wait()  [0x00007f914cc66000]
   java.lang.Thread.State: WAITING (on object monitor)
	at java.lang.Object.wait0(java.base@21.0.11/Native Method)
	- waiting on <no object reference available>
	at java.lang.Object.wait(java.base@21.0.11/Object.java:366)
	at java.lang.Object.wait(java.base@21.0.11/Object.java:339)
	at boxOfActin.Barrier.threadDone(Barrier.java:49)
	- locked <0x00000005e1691f58> (a java.lang.Object)
	at boxOfActin.ThreadSet.done(ThreadSet.java:54)
	at boxOfActin.ThreadSet$ThreadSpawn.run(ThreadSet.java:38)

"Thread-92" #134 [1076607] daemon prio=5 os_prio=0 cpu=0.10ms elapsed=197.10s tid=0x00007f918832e2a0 nid=1076607 in Object.wait()  [0x00007f8f62bf5000]
   java.lang.Thread.State: WAITING (on object monitor)
	at java.lang.Object.wait0(java.base@21.0.11/Native Method)
	- waiting on <no object reference available>
	at java.lang.Object.wait(java.base@21.0.11/Object.java:366)
	at java.lang.Object.wait(java.base@21.0.11/Object.java:339)
	at boxOfActin.Barrier.threadDone(Barrier.java:49)
	- locked <0x00000005e1691f58> (a java.lang.Object)
	at boxOfActin.ThreadSet.done(ThreadSet.java:54)
	at boxOfActin.ThreadSet$ThreadSpawn.run(ThreadSet.java:38)

"Thread-93" #135 [1076608] daemon prio=5 os_prio=0 cpu=0.06ms elapsed=197.10s tid=0x00007f918832f3d0 nid=1076608 in Object.wait()  [0x00007f8f62af5000]
   java.lang.Thread.State: WAITING (on object monitor)
	at java.lang.Object.wait0(java.base@21.0.11/Native Method)
	- waiting on <no object reference available>
	at java.lang.Object.wait(java.base@21.0.11/Object.java:366)
	at java.lang.Object.wait(java.base@21.0.11/Object.java:339)
	at boxOfActin.Barrier.threadDone(Barrier.java:49)
	- locked <0x00000005e1691f58> (a java.lang.Object)
	at boxOfActin.ThreadSet.done(ThreadSet.java:54)
	at boxOfActin.ThreadSet$ThreadSpawn.run(ThreadSet.java:38)

"Thread-94" #136 [1076609] daemon prio=5 os_prio=0 cpu=0.04ms elapsed=197.10s tid=0x00007f9188330cc0 nid=1076609 in Object.wait()  [0x00007f8f629f5000]
   java.lang.Thread.State: WAITING (on object monitor)
	at java.lang.Object.wait0(java.base@21.0.11/Native Method)
	- waiting on <no object reference available>
	at java.lang.Object.wait(java.base@21.0.11/Object.java:366)
	at java.lang.Object.wait(java.base@21.0.11/Object.java:339)
	at boxOfActin.Barrier.threadDone(Barrier.java:49)
	- locked <0x00000005e1691f58> (a java.lang.Object)
	at boxOfActin.ThreadSet.done(ThreadSet.java:54)
	at boxOfActin.ThreadSet$ThreadSpawn.run(ThreadSet.java:38)

"Thread-95" #137 [1076610] daemon prio=5 os_prio=0 cpu=0.05ms elapsed=197.10s tid=0x00007f9188332250 nid=1076610 in Object.wait()  [0x00007f8f628f5000]
   java.lang.Thread.State: WAITING (on object monitor)
	at java.lang.Object.wait0(java.base@21.0.11/Native Method)
	- waiting on <no object reference available>
	at java.lang.Object.wait(java.base@21.0.11/Object.java:366)
	at java.lang.Object.wait(java.base@21.0.11/Object.java:339)
	at boxOfActin.Barrier.threadDone(Barrier.java:49)
	- locked <0x00000005e1691f58> (a java.lang.Object)
	at boxOfActin.ThreadSet.done(ThreadSet.java:54)
	at boxOfActin.ThreadSet$ThreadSpawn.run(ThreadSet.java:38)

"Thread-96" #138 [1076611] daemon prio=5 os_prio=0 cpu=0.04ms elapsed=197.10s tid=0x00007f9188334080 nid=1076611 in Object.wait()  [0x00007f8f627f5000]
   java.lang.Thread.State: WAITING (on object monitor)
	at java.lang.Object.wait0(java.base@21.0.11/Native Method)
	- waiting on <no object reference available>
	at java.lang.Object.wait(java.base@21.0.11/Object.java:366)
	at java.lang.Object.wait(java.base@21.0.11/Object.java:339)
	at boxOfActin.Barrier.threadDone(Barrier.java:49)
	- locked <0x000000060d73e2d8> (a java.lang.Object)
	at boxOfActin.ThreadSet.done(ThreadSet.java:54)
	at boxOfActin.ThreadSet$ThreadSpawn.run(ThreadSet.java:38)

"Thread-97" #139 [1076612] daemon prio=5 os_prio=0 cpu=0.04ms elapsed=197.10s tid=0x00007f9188335160 nid=1076612 in Object.wait()  [0x00007f8f626f5000]
   java.lang.Thread.State: WAITING (on object monitor)
	at java.lang.Object.wait0(java.base@21.0.11/Native Method)
	- waiting on <no object reference available>
	at java.lang.Object.wait(java.base@21.0.11/Object.java:366)
	at java.lang.Object.wait(java.base@21.0.11/Object.java:339)
	at boxOfActin.Barrier.threadDone(Barrier.java:49)
	- locked <0x000000060d73e2d8> (a java.lang.Object)
	at boxOfActin.ThreadSet.done(ThreadSet.java:54)
	at boxOfActin.ThreadSet$ThreadSpawn.run(ThreadSet.java:38)

"Thread-98" #140 [1076613] daemon prio=5 os_prio=0 cpu=0.04ms elapsed=197.10s tid=0x00007f9188336a70 nid=1076613 in Object.wait()  [0x00007f8f625f5000]
   java.lang.Thread.State: WAITING (on object monitor)
	at java.lang.Object.wait0(java.base@21.0.11/Native Method)
	- waiting on <no object reference available>
	at java.lang.Object.wait(java.base@21.0.11/Object.java:366)
	at java.lang.Object.wait(java.base@21.0.11/Object.java:339)
	at boxOfActin.Barrier.threadDone(Barrier.java:49)
	- locked <0x000000060d73e2d8> (a java.lang.Object)
	at boxOfActin.ThreadSet.done(ThreadSet.java:54)
	at boxOfActin.ThreadSet$ThreadSpawn.run(ThreadSet.java:38)

"Thread-99" #141 [1076614] daemon prio=5 os_prio=0 cpu=0.09ms elapsed=197.10s tid=0x00007f9188338000 nid=1076614 in Object.wait()  [0x00007f8f624f5000]
   java.lang.Thread.State: WAITING (on object monitor)
	at java.lang.Object.wait0(java.base@21.0.11/Native Method)
	- waiting on <no object reference available>
	at java.lang.Object.wait(java.base@21.0.11/Object.java:366)
	at java.lang.Object.wait(java.base@21.0.11/Object.java:339)
	at boxOfActin.Barrier.threadDone(Barrier.java:49)
	- locked <0x000000060d73e2d8> (a java.lang.Object)
	at boxOfActin.ThreadSet.done(ThreadSet.java:54)
	at boxOfActin.ThreadSet$ThreadSpawn.run(ThreadSet.java:38)

"Thread-100" #142 [1076615] daemon prio=5 os_prio=0 cpu=0.05ms elapsed=197.10s tid=0x00007f9188339920 nid=1076615 in Object.wait()  [0x00007f8f623f5000]
   java.lang.Thread.State: WAITING (on object monitor)
	at java.lang.Object.wait0(java.base@21.0.11/Native Method)
	- waiting on <no object reference available>
	at java.lang.Object.wait(java.base@21.0.11/Object.java:366)
	at java.lang.Object.wait(java.base@21.0.11/Object.java:339)
	at boxOfActin.Barrier.threadDone(Barrier.java:49)
	- locked <0x000000060d73e2d8> (a java.lang.Object)
	at boxOfActin.ThreadSet.done(ThreadSet.java:54)
	at boxOfActin.ThreadSet$ThreadSpawn.run(ThreadSet.java:38)

"Thread-101" #143 [1076616] daemon prio=5 os_prio=0 cpu=0.08ms elapsed=197.10s tid=0x00007f918833b130 nid=1076616 in Object.wait()  [0x00007f8f622f5000]
   java.lang.Thread.State: WAITING (on object monitor)
	at java.lang.Object.wait0(java.base@21.0.11/Native Method)
	- waiting on <no object reference available>
	at java.lang.Object.wait(java.base@21.0.11/Object.java:366)
	at java.lang.Object.wait(java.base@21.0.11/Object.java:339)
	at boxOfActin.Barrier.threadDone(Barrier.java:49)
	- locked <0x000000060d73e2d8> (a java.lang.Object)
	at boxOfActin.ThreadSet.done(ThreadSet.java:54)
	at boxOfActin.ThreadSet$ThreadSpawn.run(ThreadSet.java:38)

"Thread-102" #144 [1076617] daemon prio=5 os_prio=0 cpu=0.06ms elapsed=197.10s tid=0x00007f918833ca60 nid=1076617 in Object.wait()  [0x00007f8f621f5000]
   java.lang.Thread.State: WAITING (on object monitor)
	at java.lang.Object.wait0(java.base@21.0.11/Native Method)
	- waiting on <no object reference available>
	at java.lang.Object.wait(java.base@21.0.11/Object.java:366)
	at java.lang.Object.wait(java.base@21.0.11/Object.java:339)
	at boxOfActin.Barrier.threadDone(Barrier.java:49)
	- locked <0x000000060d73e2d8> (a java.lang.Object)
	at boxOfActin.ThreadSet.done(ThreadSet.java:54)
	at boxOfActin.ThreadSet$ThreadSpawn.run(ThreadSet.java:38)

"Thread-103" #145 [1076618] daemon prio=5 os_prio=0 cpu=0.09ms elapsed=197.10s tid=0x00007f918833d9f0 nid=1076618 in Object.wait()  [0x00007f914cb66000]
   java.lang.Thread.State: WAITING (on object monitor)
	at java.lang.Object.wait0(java.base@21.0.11/Native Method)
	- waiting on <no object reference available>
	at java.lang.Object.wait(java.base@21.0.11/Object.java:366)
	at java.lang.Object.wait(java.base@21.0.11/Object.java:339)
	at boxOfActin.Barrier.threadDone(Barrier.java:49)
	- locked <0x000000060d73e2d8> (a java.lang.Object)
	at boxOfActin.ThreadSet.done(ThreadSet.java:54)
	at boxOfActin.ThreadSet$ThreadSpawn.run(ThreadSet.java:38)

"Thread-104" #146 [1076619] daemon prio=5 os_prio=0 cpu=0.10ms elapsed=197.10s tid=0x00007f918833e400 nid=1076619 in Object.wait()  [0x00007f8f620f5000]
   java.lang.Thread.State: WAITING (on object monitor)
	at java.lang.Object.wait0(java.base@21.0.11/Native Method)
	- waiting on <no object reference available>
	at java.lang.Object.wait(java.base@21.0.11/Object.java:366)
	at java.lang.Object.wait(java.base@21.0.11/Object.java:339)
	at boxOfActin.Barrier.threadDone(Barrier.java:49)
	- locked <0x000000060d73e2d8> (a java.lang.Object)
	at boxOfActin.ThreadSet.done(ThreadSet.java:54)
	at boxOfActin.ThreadSet$ThreadSpawn.run(ThreadSet.java:38)

"Thread-105" #147 [1076620] daemon prio=5 os_prio=0 cpu=0.09ms elapsed=197.10s tid=0x00007f918833fd20 nid=1076620 in Object.wait()  [0x00007f8f61ff5000]
   java.lang.Thread.State: WAITING (on object monitor)
	at java.lang.Object.wait0(java.base@21.0.11/Native Method)
	- waiting on <no object reference available>
	at java.lang.Object.wait(java.base@21.0.11/Object.java:366)
	at java.lang.Object.wait(java.base@21.0.11/Object.java:339)
	at boxOfActin.Barrier.threadDone(Barrier.java:49)
	- locked <0x000000060d73e2d8> (a java.lang.Object)
	at boxOfActin.ThreadSet.done(ThreadSet.java:54)
	at boxOfActin.ThreadSet$ThreadSpawn.run(ThreadSet.java:38)

"Thread-106" #148 [1076621] daemon prio=5 os_prio=0 cpu=0.08ms elapsed=197.10s tid=0x00007f9188340ec0 nid=1076621 in Object.wait()  [0x00007f8f61ef5000]
   java.lang.Thread.State: WAITING (on object monitor)
	at java.lang.Object.wait0(java.base@21.0.11/Native Method)
	- waiting on <no object reference available>
	at java.lang.Object.wait(java.base@21.0.11/Object.java:366)
	at java.lang.Object.wait(java.base@21.0.11/Object.java:339)
	at boxOfActin.Barrier.threadDone(Barrier.java:49)
	- locked <0x000000060d73e2d8> (a java.lang.Object)
	at boxOfActin.ThreadSet.done(ThreadSet.java:54)
	at boxOfActin.ThreadSet$ThreadSpawn.run(ThreadSet.java:38)

"Thread-107" #149 [1076622] daemon prio=5 os_prio=0 cpu=0.07ms elapsed=197.10s tid=0x00007f9188342420 nid=1076622 in Object.wait()  [0x00007f8f61df5000]
   java.lang.Thread.State: WAITING (on object monitor)
	at java.lang.Object.wait0(java.base@21.0.11/Native Method)
	- waiting on <no object reference available>
	at java.lang.Object.wait(java.base@21.0.11/Object.java:366)
	at java.lang.Object.wait(java.base@21.0.11/Object.java:339)
	at boxOfActin.Barrier.threadDone(Barrier.java:49)
	- locked <0x000000060d73e2d8> (a java.lang.Object)
	at boxOfActin.ThreadSet.done(ThreadSet.java:54)
	at boxOfActin.ThreadSet$ThreadSpawn.run(ThreadSet.java:38)

"Thread-108" #150 [1076623] daemon prio=5 os_prio=0 cpu=0.06ms elapsed=197.10s tid=0x00007f91883435f0 nid=1076623 in Object.wait()  [0x00007f8f61cf5000]
   java.lang.Thread.State: WAITING (on object monitor)
	at java.lang.Object.wait0(java.base@21.0.11/Native Method)
	- waiting on <no object reference available>
	at java.lang.Object.wait(java.base@21.0.11/Object.java:366)
	at java.lang.Object.wait(java.base@21.0.11/Object.java:339)
	at boxOfActin.Barrier.threadDone(Barrier.java:49)
	- locked <0x000000060d73e2d8> (a java.lang.Object)
	at boxOfActin.ThreadSet.done(ThreadSet.java:54)
	at boxOfActin.ThreadSet$ThreadSpawn.run(ThreadSet.java:38)

"Thread-109" #151 [1076624] daemon prio=5 os_prio=0 cpu=0.10ms elapsed=197.10s tid=0x00007f9188344fa0 nid=1076624 in Object.wait()  [0x00007f8f61bf5000]
   java.lang.Thread.State: WAITING (on object monitor)
	at java.lang.Object.wait0(java.base@21.0.11/Native Method)
	- waiting on <no object reference available>
	at java.lang.Object.wait(java.base@21.0.11/Object.java:366)
	at java.lang.Object.wait(java.base@21.0.11/Object.java:339)
	at boxOfActin.Barrier.threadDone(Barrier.java:49)
	- locked <0x000000060d73e2d8> (a java.lang.Object)
	at boxOfActin.ThreadSet.done(ThreadSet.java:54)
	at boxOfActin.ThreadSet$ThreadSpawn.run(ThreadSet.java:38)

"Thread-110" #152 [1076625] daemon prio=5 os_prio=0 cpu=0.06ms elapsed=197.10s tid=0x00007f9188346910 nid=1076625 in Object.wait()  [0x00007f8f61af5000]
   java.lang.Thread.State: WAITING (on object monitor)
	at java.lang.Object.wait0(java.base@21.0.11/Native Method)
	- waiting on <no object reference available>
	at java.lang.Object.wait(java.base@21.0.11/Object.java:366)
	at java.lang.Object.wait(java.base@21.0.11/Object.java:339)
	at boxOfActin.Barrier.threadDone(Barrier.java:49)
	- locked <0x000000060d73e2d8> (a java.lang.Object)
	at boxOfActin.ThreadSet.done(ThreadSet.java:54)
	at boxOfActin.ThreadSet$ThreadSpawn.run(ThreadSet.java:38)

"Thread-111" #153 [1076626] daemon prio=5 os_prio=0 cpu=0.05ms elapsed=197.10s tid=0x00007f9188348280 nid=1076626 in Object.wait()  [0x00007f8f619f5000]
   java.lang.Thread.State: WAITING (on object monitor)
	at java.lang.Object.wait0(java.base@21.0.11/Native Method)
	- waiting on <no object reference available>
	at java.lang.Object.wait(java.base@21.0.11/Object.java:366)
	at java.lang.Object.wait(java.base@21.0.11/Object.java:339)
	at boxOfActin.Barrier.threadDone(Barrier.java:49)
	- locked <0x000000060d73e2d8> (a java.lang.Object)
	at boxOfActin.ThreadSet.done(ThreadSet.java:54)
	at boxOfActin.ThreadSet$ThreadSpawn.run(ThreadSet.java:38)

"Thread-112" #154 [1076627] daemon prio=5 os_prio=0 cpu=343.27ms elapsed=197.10s tid=0x00007f918834e680 nid=1076627 in Object.wait()  [0x00007f8f618f5000]
   java.lang.Thread.State: WAITING (on object monitor)
	at java.lang.Object.wait0(java.base@21.0.11/Native Method)
	- waiting on <no object reference available>
	at java.lang.Object.wait(java.base@21.0.11/Object.java:366)
	at java.lang.Object.wait(java.base@21.0.11/Object.java:339)
	at boxOfActin.Barrier.threadDone(Barrier.java:49)
	- locked <0x000000060c6f42f0> (a java.lang.Object)
	at boxOfActin.ThreadSet.done(ThreadSet.java:54)
	at boxOfActin.ThreadSet$ThreadSpawn.run(ThreadSet.java:41)

"Thread-113" #155 [1076628] daemon prio=5 os_prio=0 cpu=350.69ms elapsed=197.10s tid=0x00007f918834fcf0 nid=1076628 in Object.wait()  [0x00007f8f617f5000]
   java.lang.Thread.State: WAITING (on object monitor)
	at java.lang.Object.wait0(java.base@21.0.11/Native Method)
	- waiting on <no object reference available>
	at java.lang.Object.wait(java.base@21.0.11/Object.java:366)
	at java.lang.Object.wait(java.base@21.0.11/Object.java:339)
	at boxOfActin.Barrier.threadDone(Barrier.java:49)
	- locked <0x000000060c6f42f0> (a java.lang.Object)
	at boxOfActin.ThreadSet.done(ThreadSet.java:54)
	at boxOfActin.ThreadSet$ThreadSpawn.run(ThreadSet.java:41)

"Thread-114" #156 [1076629] daemon prio=5 os_prio=0 cpu=346.03ms elapsed=197.10s tid=0x00007f91883514b0 nid=1076629 in Object.wait()  [0x00007f8f616f5000]
   java.lang.Thread.State: WAITING (on object monitor)
	at java.lang.Object.wait0(java.base@21.0.11/Native Method)
	- waiting on <no object reference available>
	at java.lang.Object.wait(java.base@21.0.11/Object.java:366)
	at java.lang.Object.wait(java.base@21.0.11/Object.java:339)
	at boxOfActin.Barrier.threadDone(Barrier.java:49)
	- locked <0x000000060c6f42f0> (a java.lang.Object)
	at boxOfActin.ThreadSet.done(ThreadSet.java:54)
	at boxOfActin.ThreadSet$ThreadSpawn.run(ThreadSet.java:41)

"Thread-115" #157 [1076630] daemon prio=5 os_prio=0 cpu=342.40ms elapsed=197.10s tid=0x00007f9188352a50 nid=1076630 in Object.wait()  [0x00007f8f615f5000]
   java.lang.Thread.State: WAITING (on object monitor)
	at java.lang.Object.wait0(java.base@21.0.11/Native Method)
	- waiting on <no object reference available>
	at java.lang.Object.wait(java.base@21.0.11/Object.java:366)
	at java.lang.Object.wait(java.base@21.0.11/Object.java:339)
	at boxOfActin.Barrier.threadDone(Barrier.java:49)
	- locked <0x000000060c6f42f0> (a java.lang.Object)
	at boxOfActin.ThreadSet.done(ThreadSet.java:54)
	at boxOfActin.ThreadSet$ThreadSpawn.run(ThreadSet.java:41)

"Thread-116" #158 [1076631] daemon prio=5 os_prio=0 cpu=335.34ms elapsed=197.10s tid=0x00007f9188353fe0 nid=1076631 in Object.wait()  [0x00007f8f614f5000]
   java.lang.Thread.State: WAITING (on object monitor)
	at java.lang.Object.wait0(java.base@21.0.11/Native Method)
	- waiting on <no object reference available>
	at java.lang.Object.wait(java.base@21.0.11/Object.java:366)
	at java.lang.Object.wait(java.base@21.0.11/Object.java:339)
	at boxOfActin.Barrier.threadDone(Barrier.java:49)
	- locked <0x000000060c6f42f0> (a java.lang.Object)
	at boxOfActin.ThreadSet.done(ThreadSet.java:54)
	at boxOfActin.ThreadSet$ThreadSpawn.run(ThreadSet.java:41)

"Thread-117" #159 [1076632] daemon prio=5 os_prio=0 cpu=323.16ms elapsed=197.10s tid=0x00007f9188355980 nid=1076632 in Object.wait()  [0x00007f8f613f5000]
   java.lang.Thread.State: WAITING (on object monitor)
	at java.lang.Object.wait0(java.base@21.0.11/Native Method)
	- waiting on <no object reference available>
	at java.lang.Object.wait(java.base@21.0.11/Object.java:366)
	at java.lang.Object.wait(java.base@21.0.11/Object.java:339)
	at boxOfActin.Barrier.threadDone(Barrier.java:49)
	- locked <0x000000060c6f42f0> (a java.lang.Object)
	at boxOfActin.ThreadSet.done(ThreadSet.java:54)
	at boxOfActin.ThreadSet$ThreadSpawn.run(ThreadSet.java:41)

"Thread-118" #160 [1076633] daemon prio=5 os_prio=0 cpu=313.95ms elapsed=197.10s tid=0x00007f9188357650 nid=1076633 in Object.wait()  [0x00007f8f612f5000]
   java.lang.Thread.State: WAITING (on object monitor)
	at java.lang.Object.wait0(java.base@21.0.11/Native Method)
	- waiting on <no object reference available>
	at java.lang.Object.wait(java.base@21.0.11/Object.java:366)
	at java.lang.Object.wait(java.base@21.0.11/Object.java:339)
	at boxOfActin.Barrier.threadDone(Barrier.java:49)
	- locked <0x000000060c6f42f0> (a java.lang.Object)
	at boxOfActin.ThreadSet.done(ThreadSet.java:54)
	at boxOfActin.ThreadSet$ThreadSpawn.run(ThreadSet.java:41)

"Thread-119" #161 [1076634] daemon prio=5 os_prio=0 cpu=330.49ms elapsed=197.10s tid=0x00007f9188359000 nid=1076634 in Object.wait()  [0x00007f8f611f5000]
   java.lang.Thread.State: WAITING (on object monitor)
	at java.lang.Object.wait0(java.base@21.0.11/Native Method)
	- waiting on <no object reference available>
	at java.lang.Object.wait(java.base@21.0.11/Object.java:366)
	at java.lang.Object.wait(java.base@21.0.11/Object.java:339)
	at boxOfActin.Barrier.threadDone(Barrier.java:49)
	- locked <0x000000060c6f42f0> (a java.lang.Object)
	at boxOfActin.ThreadSet.done(ThreadSet.java:54)
	at boxOfActin.ThreadSet$ThreadSpawn.run(ThreadSet.java:41)

"Thread-120" #162 [1076635] daemon prio=5 os_prio=0 cpu=304.18ms elapsed=197.10s tid=0x00007f918835a5a0 nid=1076635 in Object.wait()  [0x00007f8f610f5000]
   java.lang.Thread.State: WAITING (on object monitor)
	at java.lang.Object.wait0(java.base@21.0.11/Native Method)
	- waiting on <no object reference available>
	at java.lang.Object.wait(java.base@21.0.11/Object.java:366)
	at java.lang.Object.wait(java.base@21.0.11/Object.java:339)
	at boxOfActin.Barrier.threadDone(Barrier.java:49)
	- locked <0x000000060c6f42f0> (a java.lang.Object)
	at boxOfActin.ThreadSet.done(ThreadSet.java:54)
	at boxOfActin.ThreadSet$ThreadSpawn.run(ThreadSet.java:41)

"Thread-121" #163 [1076636] daemon prio=5 os_prio=0 cpu=313.44ms elapsed=197.10s tid=0x00007f918835bb70 nid=1076636 in Object.wait()  [0x00007f8f60ff5000]
   java.lang.Thread.State: WAITING (on object monitor)
	at java.lang.Object.wait0(java.base@21.0.11/Native Method)
	- waiting on <no object reference available>
	at java.lang.Object.wait(java.base@21.0.11/Object.java:366)
	at java.lang.Object.wait(java.base@21.0.11/Object.java:339)
	at boxOfActin.Barrier.threadDone(Barrier.java:49)
	- locked <0x000000060c6f42f0> (a java.lang.Object)
	at boxOfActin.ThreadSet.done(ThreadSet.java:54)
	at boxOfActin.ThreadSet$ThreadSpawn.run(ThreadSet.java:41)

"Thread-122" #164 [1076637] daemon prio=5 os_prio=0 cpu=305.91ms elapsed=197.10s tid=0x00007f918835d110 nid=1076637 in Object.wait()  [0x00007f8f60ef5000]
   java.lang.Thread.State: WAITING (on object monitor)
	at java.lang.Object.wait0(java.base@21.0.11/Native Method)
	- waiting on <no object reference available>
	at java.lang.Object.wait(java.base@21.0.11/Object.java:366)
	at java.lang.Object.wait(java.base@21.0.11/Object.java:339)
	at boxOfActin.Barrier.threadDone(Barrier.java:49)
	- locked <0x000000060c6f42f0> (a java.lang.Object)
	at boxOfActin.ThreadSet.done(ThreadSet.java:54)
	at boxOfActin.ThreadSet$ThreadSpawn.run(ThreadSet.java:41)

"Thread-123" #165 [1076638] daemon prio=5 os_prio=0 cpu=323.46ms elapsed=197.10s tid=0x00007f918835e6b0 nid=1076638 in Object.wait()  [0x00007f8f60df5000]
   java.lang.Thread.State: WAITING (on object monitor)
	at java.lang.Object.wait0(java.base@21.0.11/Native Method)
	- waiting on <no object reference available>
	at java.lang.Object.wait(java.base@21.0.11/Object.java:366)
	at java.lang.Object.wait(java.base@21.0.11/Object.java:339)
	at boxOfActin.Barrier.threadDone(Barrier.java:49)
	- locked <0x000000060c6f42f0> (a java.lang.Object)
	at boxOfActin.ThreadSet.done(ThreadSet.java:54)
	at boxOfActin.ThreadSet$ThreadSpawn.run(ThreadSet.java:41)

"Thread-124" #166 [1076639] daemon prio=5 os_prio=0 cpu=312.98ms elapsed=197.10s tid=0x00007f918835fc60 nid=1076639 in Object.wait()  [0x00007f8f60cf5000]
   java.lang.Thread.State: WAITING (on object monitor)
	at java.lang.Object.wait0(java.base@21.0.11/Native Method)
	- waiting on <no object reference available>
	at java.lang.Object.wait(java.base@21.0.11/Object.java:366)
	at java.lang.Object.wait(java.base@21.0.11/Object.java:339)
	at boxOfActin.Barrier.threadDone(Barrier.java:49)
	- locked <0x000000060c6f42f0> (a java.lang.Object)
	at boxOfActin.ThreadSet.done(ThreadSet.java:54)
	at boxOfActin.ThreadSet$ThreadSpawn.run(ThreadSet.java:41)

"Thread-125" #167 [1076640] daemon prio=5 os_prio=0 cpu=312.44ms elapsed=197.10s tid=0x00007f9188360e50 nid=1076640 in Object.wait()  [0x00007f8f60bf5000]
   java.lang.Thread.State: WAITING (on object monitor)
	at java.lang.Object.wait0(java.base@21.0.11/Native Method)
	- waiting on <no object reference available>
	at java.lang.Object.wait(java.base@21.0.11/Object.java:366)
	at java.lang.Object.wait(java.base@21.0.11/Object.java:339)
	at boxOfActin.Barrier.threadDone(Barrier.java:49)
	- locked <0x000000060c6f42f0> (a java.lang.Object)
	at boxOfActin.ThreadSet.done(ThreadSet.java:54)
	at boxOfActin.ThreadSet$ThreadSpawn.run(ThreadSet.java:41)

"Thread-126" #168 [1076641] daemon prio=5 os_prio=0 cpu=322.68ms elapsed=197.10s tid=0x00007f9188362000 nid=1076641 in Object.wait()  [0x00007f8f60af5000]
   java.lang.Thread.State: WAITING (on object monitor)
	at java.lang.Object.wait0(java.base@21.0.11/Native Method)
	- waiting on <no object reference available>
	at java.lang.Object.wait(java.base@21.0.11/Object.java:366)
	at java.lang.Object.wait(java.base@21.0.11/Object.java:339)
	at boxOfActin.Barrier.threadDone(Barrier.java:49)
	- locked <0x000000060c6f42f0> (a java.lang.Object)
	at boxOfActin.ThreadSet.done(ThreadSet.java:54)
	at boxOfActin.ThreadSet$ThreadSpawn.run(ThreadSet.java:41)

"Thread-127" #169 [1076642] daemon prio=5 os_prio=0 cpu=315.86ms elapsed=197.10s tid=0x00007f91883631b0 nid=1076642 in Object.wait()  [0x00007f8f609f5000]
   java.lang.Thread.State: WAITING (on object monitor)
	at java.lang.Object.wait0(java.base@21.0.11/Native Method)
	- waiting on <no object reference available>
	at java.lang.Object.wait(java.base@21.0.11/Object.java:366)
	at java.lang.Object.wait(java.base@21.0.11/Object.java:339)
	at boxOfActin.Barrier.threadDone(Barrier.java:49)
	- locked <0x000000060c6f42f0> (a java.lang.Object)
	at boxOfActin.ThreadSet.done(ThreadSet.java:54)
	at boxOfActin.ThreadSet$ThreadSpawn.run(ThreadSet.java:41)

"Thread-128" #170 [1076643] daemon prio=5 os_prio=0 cpu=97.96ms elapsed=197.10s tid=0x00007f9188364760 nid=1076643 in Object.wait()  [0x00007f8f608f5000]
   java.lang.Thread.State: WAITING (on object monitor)
	at java.lang.Object.wait0(java.base@21.0.11/Native Method)
	- waiting on <no object reference available>
	at java.lang.Object.wait(java.base@21.0.11/Object.java:366)
	at java.lang.Object.wait(java.base@21.0.11/Object.java:339)
	at boxOfActin.Barrier.threadDone(Barrier.java:49)
	- locked <0x0000000604e2a290> (a java.lang.Object)
	at boxOfActin.ThreadSet.done(ThreadSet.java:54)
	at boxOfActin.ThreadSet$ThreadSpawn.run(ThreadSet.java:41)

"Thread-129" #171 [1076644] daemon prio=5 os_prio=0 cpu=104.79ms elapsed=197.10s tid=0x00007f9188365dd0 nid=1076644 in Object.wait()  [0x00007f8f607f5000]
   java.lang.Thread.State: WAITING (on object monitor)
	at java.lang.Object.wait0(java.base@21.0.11/Native Method)
	- waiting on <no object reference available>
	at java.lang.Object.wait(java.base@21.0.11/Object.java:366)
	at java.lang.Object.wait(java.base@21.0.11/Object.java:339)
	at boxOfActin.Barrier.threadDone(Barrier.java:49)
	- locked <0x0000000604e2a290> (a java.lang.Object)
	at boxOfActin.ThreadSet.done(ThreadSet.java:54)
	at boxOfActin.ThreadSet$ThreadSpawn.run(ThreadSet.java:41)

"Thread-130" #172 [1076645] daemon prio=5 os_prio=0 cpu=104.89ms elapsed=197.10s tid=0x00007f9188367370 nid=1076645 in Object.wait()  [0x00007f8f606f5000]
   java.lang.Thread.State: WAITING (on object monitor)
	at java.lang.Object.wait0(java.base@21.0.11/Native Method)
	- waiting on <no object reference available>
	at java.lang.Object.wait(java.base@21.0.11/Object.java:366)
	at java.lang.Object.wait(java.base@21.0.11/Object.java:339)
	at boxOfActin.Barrier.threadDone(Barrier.java:49)
	- locked <0x0000000604e2a290> (a java.lang.Object)
	at boxOfActin.ThreadSet.done(ThreadSet.java:54)
	at boxOfActin.ThreadSet$ThreadSpawn.run(ThreadSet.java:41)

"Thread-131" #173 [1076646] daemon prio=5 os_prio=0 cpu=121.72ms elapsed=197.10s tid=0x00007f9188368910 nid=1076646 in Object.wait()  [0x00007f8f605f5000]
   java.lang.Thread.State: WAITING (on object monitor)
	at java.lang.Object.wait0(java.base@21.0.11/Native Method)
	- waiting on <no object reference available>
	at java.lang.Object.wait(java.base@21.0.11/Object.java:366)
	at java.lang.Object.wait(java.base@21.0.11/Object.java:339)
	at boxOfActin.Barrier.threadDone(Barrier.java:49)
	- locked <0x0000000604e2a290> (a java.lang.Object)
	at boxOfActin.ThreadSet.done(ThreadSet.java:54)
	at boxOfActin.ThreadSet$ThreadSpawn.run(ThreadSet.java:41)

"Thread-132" #174 [1076647] daemon prio=5 os_prio=0 cpu=100.66ms elapsed=197.10s tid=0x00007f9188369ec0 nid=1076647 in Object.wait()  [0x00007f8f604f5000]
   java.lang.Thread.State: WAITING (on object monitor)
	at java.lang.Object.wait0(java.base@21.0.11/Native Method)
	- waiting on <no object reference available>
	at java.lang.Object.wait(java.base@21.0.11/Object.java:366)
	at java.lang.Object.wait(java.base@21.0.11/Object.java:339)
	at boxOfActin.Barrier.threadDone(Barrier.java:49)
	- locked <0x0000000604e2a290> (a java.lang.Object)
	at boxOfActin.ThreadSet.done(ThreadSet.java:54)
	at boxOfActin.ThreadSet$ThreadSpawn.run(ThreadSet.java:41)

"Thread-133" #175 [1076648] daemon prio=5 os_prio=0 cpu=116.37ms elapsed=197.10s tid=0x00007f918836b470 nid=1076648 in Object.wait()  [0x00007f8f603f5000]
   java.lang.Thread.State: WAITING (on object monitor)
	at java.lang.Object.wait0(java.base@21.0.11/Native Method)
	- waiting on <no object reference available>
	at java.lang.Object.wait(java.base@21.0.11/Object.java:366)
	at java.lang.Object.wait(java.base@21.0.11/Object.java:339)
	at boxOfActin.Barrier.threadDone(Barrier.java:49)
	- locked <0x0000000604e2a290> (a java.lang.Object)
	at boxOfActin.ThreadSet.done(ThreadSet.java:54)
	at boxOfActin.ThreadSet$ThreadSpawn.run(ThreadSet.java:41)

"Thread-134" #176 [1076649] daemon prio=5 os_prio=0 cpu=101.61ms elapsed=197.10s tid=0x00007f918836cc90 nid=1076649 in Object.wait()  [0x00007f8f602f5000]
   java.lang.Thread.State: WAITING (on object monitor)
	at java.lang.Object.wait0(java.base@21.0.11/Native Method)
	- waiting on <no object reference available>
	at java.lang.Object.wait(java.base@21.0.11/Object.java:366)
	at java.lang.Object.wait(java.base@21.0.11/Object.java:339)
	at boxOfActin.Barrier.threadDone(Barrier.java:49)
	- locked <0x0000000604e2a290> (a java.lang.Object)
	at boxOfActin.ThreadSet.done(ThreadSet.java:54)
	at boxOfActin.ThreadSet$ThreadSpawn.run(ThreadSet.java:41)

"Thread-135" #177 [1076650] daemon prio=5 os_prio=0 cpu=123.66ms elapsed=197.10s tid=0x00007f918836e230 nid=1076650 in Object.wait()  [0x00007f8f601f5000]
   java.lang.Thread.State: WAITING (on object monitor)
	at java.lang.Object.wait0(java.base@21.0.11/Native Method)
	- waiting on <no object reference available>
	at java.lang.Object.wait(java.base@21.0.11/Object.java:366)
	at java.lang.Object.wait(java.base@21.0.11/Object.java:339)
	at boxOfActin.Barrier.threadDone(Barrier.java:49)
	- locked <0x0000000604e2a290> (a java.lang.Object)
	at boxOfActin.ThreadSet.done(ThreadSet.java:54)
	at boxOfActin.ThreadSet$ThreadSpawn.run(ThreadSet.java:41)

"Thread-136" #178 [1076651] daemon prio=5 os_prio=0 cpu=125.34ms elapsed=197.10s tid=0x00007f918836f7e0 nid=1076651 in Object.wait()  [0x00007f8f07ffe000]
   java.lang.Thread.State: WAITING (on object monitor)
	at java.lang.Object.wait0(java.base@21.0.11/Native Method)
	- waiting on <no object reference available>
	at java.lang.Object.wait(java.base@21.0.11/Object.java:366)
	at java.lang.Object.wait(java.base@21.0.11/Object.java:339)
	at boxOfActin.Barrier.threadDone(Barrier.java:49)
	- locked <0x0000000604e2a290> (a java.lang.Object)
	at boxOfActin.ThreadSet.done(ThreadSet.java:54)
	at boxOfActin.ThreadSet$ThreadSpawn.run(ThreadSet.java:41)

"Thread-137" #179 [1076652] daemon prio=5 os_prio=0 cpu=107.81ms elapsed=197.10s tid=0x00007f9188370d90 nid=1076652 in Object.wait()  [0x00007f8f07efe000]
   java.lang.Thread.State: WAITING (on object monitor)
	at java.lang.Object.wait0(java.base@21.0.11/Native Method)
	- waiting on <no object reference available>
	at java.lang.Object.wait(java.base@21.0.11/Object.java:366)
	at java.lang.Object.wait(java.base@21.0.11/Object.java:339)
	at boxOfActin.Barrier.threadDone(Barrier.java:49)
	- locked <0x0000000604e2a290> (a java.lang.Object)
	at boxOfActin.ThreadSet.done(ThreadSet.java:54)
	at boxOfActin.ThreadSet$ThreadSpawn.run(ThreadSet.java:41)

"Thread-138" #180 [1076653] daemon prio=5 os_prio=0 cpu=123.12ms elapsed=197.10s tid=0x00007f9188372330 nid=1076653 in Object.wait()  [0x00007f8f07dfe000]
   java.lang.Thread.State: WAITING (on object monitor)
	at java.lang.Object.wait0(java.base@21.0.11/Native Method)
	- waiting on <no object reference available>
	at java.lang.Object.wait(java.base@21.0.11/Object.java:366)
	at java.lang.Object.wait(java.base@21.0.11/Object.java:339)
	at boxOfActin.Barrier.threadDone(Barrier.java:49)
	- locked <0x0000000604e2a290> (a java.lang.Object)
	at boxOfActin.ThreadSet.done(ThreadSet.java:54)
	at boxOfActin.ThreadSet$ThreadSpawn.run(ThreadSet.java:41)

"Thread-139" #181 [1076654] daemon prio=5 os_prio=0 cpu=122.29ms elapsed=197.10s tid=0x00007f91883738d0 nid=1076654 in Object.wait()  [0x00007f8f07cfe000]
   java.lang.Thread.State: WAITING (on object monitor)
	at java.lang.Object.wait0(java.base@21.0.11/Native Method)
	- waiting on <no object reference available>
	at java.lang.Object.wait(java.base@21.0.11/Object.java:366)
	at java.lang.Object.wait(java.base@21.0.11/Object.java:339)
	at boxOfActin.Barrier.threadDone(Barrier.java:49)
	- locked <0x0000000604e2a290> (a java.lang.Object)
	at boxOfActin.ThreadSet.done(ThreadSet.java:54)
	at boxOfActin.ThreadSet$ThreadSpawn.run(ThreadSet.java:41)

"Thread-140" #182 [1076655] daemon prio=5 os_prio=0 cpu=121.20ms elapsed=197.10s tid=0x00007f9188374e80 nid=1076655 in Object.wait()  [0x00007f8f07bfe000]
   java.lang.Thread.State: WAITING (on object monitor)
	at java.lang.Object.wait0(java.base@21.0.11/Native Method)
	- waiting on <no object reference available>
	at java.lang.Object.wait(java.base@21.0.11/Object.java:366)
	at java.lang.Object.wait(java.base@21.0.11/Object.java:339)
	at boxOfActin.Barrier.threadDone(Barrier.java:49)
	- locked <0x0000000604e2a290> (a java.lang.Object)
	at boxOfActin.ThreadSet.done(ThreadSet.java:54)
	at boxOfActin.ThreadSet$ThreadSpawn.run(ThreadSet.java:41)

"Thread-141" #183 [1076656] daemon prio=5 os_prio=0 cpu=109.67ms elapsed=197.10s tid=0x00007f9188376430 nid=1076656 in Object.wait()  [0x00007f8f07afe000]
   java.lang.Thread.State: WAITING (on object monitor)
	at java.lang.Object.wait0(java.base@21.0.11/Native Method)
	- waiting on <no object reference available>
	at java.lang.Object.wait(java.base@21.0.11/Object.java:366)
	at java.lang.Object.wait(java.base@21.0.11/Object.java:339)
	at boxOfActin.Barrier.threadDone(Barrier.java:49)
	- locked <0x0000000604e2a290> (a java.lang.Object)
	at boxOfActin.ThreadSet.done(ThreadSet.java:54)
	at boxOfActin.ThreadSet$ThreadSpawn.run(ThreadSet.java:41)

"Thread-142" #184 [1076657] daemon prio=5 os_prio=0 cpu=122.69ms elapsed=197.10s tid=0x00007f91883779d0 nid=1076657 in Object.wait()  [0x00007f8f079fe000]
   java.lang.Thread.State: WAITING (on object monitor)
	at java.lang.Object.wait0(java.base@21.0.11/Native Method)
	- waiting on <no object reference available>
	at java.lang.Object.wait(java.base@21.0.11/Object.java:366)
	at java.lang.Object.wait(java.base@21.0.11/Object.java:339)
	at boxOfActin.Barrier.threadDone(Barrier.java:49)
	- locked <0x0000000604e2a290> (a java.lang.Object)
	at boxOfActin.ThreadSet.done(ThreadSet.java:54)
	at boxOfActin.ThreadSet$ThreadSpawn.run(ThreadSet.java:41)

"Thread-143" #185 [1076658] daemon prio=5 os_prio=0 cpu=95.65ms elapsed=197.10s tid=0x00007f9188378f70 nid=1076658 in Object.wait()  [0x00007f8f078fe000]
   java.lang.Thread.State: WAITING (on object monitor)
	at java.lang.Object.wait0(java.base@21.0.11/Native Method)
	- waiting on <no object reference available>
	at java.lang.Object.wait(java.base@21.0.11/Object.java:366)
	at java.lang.Object.wait(java.base@21.0.11/Object.java:339)
	at boxOfActin.Barrier.threadDone(Barrier.java:49)
	- locked <0x0000000604e2a290> (a java.lang.Object)
	at boxOfActin.ThreadSet.done(ThreadSet.java:54)
	at boxOfActin.ThreadSet$ThreadSpawn.run(ThreadSet.java:41)

"Thread-144" #186 [1076659] daemon prio=5 os_prio=0 cpu=2391.33ms elapsed=197.10s tid=0x00007f918837a520 nid=1076659 in Object.wait()  [0x00007f8f077fe000]
   java.lang.Thread.State: WAITING (on object monitor)
	at java.lang.Object.wait0(java.base@21.0.11/Native Method)
	- waiting on <no object reference available>
	at java.lang.Object.wait(java.base@21.0.11/Object.java:366)
	at java.lang.Object.wait(java.base@21.0.11/Object.java:339)
	at boxOfActin.Barrier.threadDone(Barrier.java:49)
	- locked <0x0000000600f3e898> (a java.lang.Object)
	at boxOfActin.ThreadSet.done(ThreadSet.java:54)
	at boxOfActin.ThreadSet$ThreadSpawn.run(ThreadSet.java:41)

"Thread-145" #187 [1076660] daemon prio=5 os_prio=0 cpu=2387.92ms elapsed=197.10s tid=0x00007f918837bc30 nid=1076660 in Object.wait()  [0x00007f8f076fe000]
   java.lang.Thread.State: WAITING (on object monitor)
	at java.lang.Object.wait0(java.base@21.0.11/Native Method)
	- waiting on <no object reference available>
	at java.lang.Object.wait(java.base@21.0.11/Object.java:366)
	at java.lang.Object.wait(java.base@21.0.11/Object.java:339)
	at boxOfActin.Barrier.threadDone(Barrier.java:49)
	- locked <0x0000000600f3e898> (a java.lang.Object)
	at boxOfActin.ThreadSet.done(ThreadSet.java:54)
	at boxOfActin.ThreadSet$ThreadSpawn.run(ThreadSet.java:41)

"Thread-146" #188 [1076661] daemon prio=5 os_prio=0 cpu=2387.42ms elapsed=197.10s tid=0x00007f918837d1d0 nid=1076661 in Object.wait()  [0x00007f8f075fe000]
   java.lang.Thread.State: WAITING (on object monitor)
	at java.lang.Object.wait0(java.base@21.0.11/Native Method)
	- waiting on <no object reference available>
	at java.lang.Object.wait(java.base@21.0.11/Object.java:366)
	at java.lang.Object.wait(java.base@21.0.11/Object.java:339)
	at boxOfActin.Barrier.threadDone(Barrier.java:49)
	- locked <0x0000000600f3e898> (a java.lang.Object)
	at boxOfActin.ThreadSet.done(ThreadSet.java:54)
	at boxOfActin.ThreadSet$ThreadSpawn.run(ThreadSet.java:41)

"Thread-147" #189 [1076662] daemon prio=5 os_prio=0 cpu=2396.02ms elapsed=197.10s tid=0x00007f918837e770 nid=1076662 in Object.wait()  [0x00007f8f074fe000]
   java.lang.Thread.State: WAITING (on object monitor)
	at java.lang.Object.wait0(java.base@21.0.11/Native Method)
	- waiting on <no object reference available>
	at java.lang.Object.wait(java.base@21.0.11/Object.java:366)
	at java.lang.Object.wait(java.base@21.0.11/Object.java:339)
	at boxOfActin.Barrier.threadDone(Barrier.java:49)
	- locked <0x0000000600f3e898> (a java.lang.Object)
	at boxOfActin.ThreadSet.done(ThreadSet.java:54)
	at boxOfActin.ThreadSet$ThreadSpawn.run(ThreadSet.java:41)

"Thread-148" #190 [1076663] daemon prio=5 os_prio=0 cpu=2418.34ms elapsed=197.10s tid=0x00007f918837fd10 nid=1076663 in Object.wait()  [0x00007f8f073fe000]
   java.lang.Thread.State: WAITING (on object monitor)
	at java.lang.Object.wait0(java.base@21.0.11/Native Method)
	- waiting on <no object reference available>
	at java.lang.Object.wait(java.base@21.0.11/Object.java:366)
	at java.lang.Object.wait(java.base@21.0.11/Object.java:339)
	at boxOfActin.Barrier.threadDone(Barrier.java:49)
	- locked <0x0000000600f3e898> (a java.lang.Object)
	at boxOfActin.ThreadSet.done(ThreadSet.java:54)
	at boxOfActin.ThreadSet$ThreadSpawn.run(ThreadSet.java:41)

"Thread-149" #191 [1076664] daemon prio=5 os_prio=0 cpu=2403.54ms elapsed=197.10s tid=0x00007f91883812b0 nid=1076664 in Object.wait()  [0x00007f8f072fe000]
   java.lang.Thread.State: WAITING (on object monitor)
	at java.lang.Object.wait0(java.base@21.0.11/Native Method)
	- waiting on <no object reference available>
	at java.lang.Object.wait(java.base@21.0.11/Object.java:366)
	at java.lang.Object.wait(java.base@21.0.11/Object.java:339)
	at boxOfActin.Barrier.threadDone(Barrier.java:49)
	- locked <0x0000000600f3e898> (a java.lang.Object)
	at boxOfActin.ThreadSet.done(ThreadSet.java:54)
	at boxOfActin.ThreadSet$ThreadSpawn.run(ThreadSet.java:41)

"Thread-150" #192 [1076665] daemon prio=5 os_prio=0 cpu=2346.40ms elapsed=197.10s tid=0x00007f9188382ae0 nid=1076665 in Object.wait()  [0x00007f8f071fe000]
   java.lang.Thread.State: WAITING (on object monitor)
	at java.lang.Object.wait0(java.base@21.0.11/Native Method)
	- waiting on <no object reference available>
	at java.lang.Object.wait(java.base@21.0.11/Object.java:366)
	at java.lang.Object.wait(java.base@21.0.11/Object.java:339)
	at boxOfActin.Barrier.threadDone(Barrier.java:49)
	- locked <0x0000000600f3e898> (a java.lang.Object)
	at boxOfActin.ThreadSet.done(ThreadSet.java:54)
	at boxOfActin.ThreadSet$ThreadSpawn.run(ThreadSet.java:41)

"Thread-151" #193 [1076666] daemon prio=5 os_prio=0 cpu=2373.52ms elapsed=197.10s tid=0x00007f9188384090 nid=1076666 in Object.wait()  [0x00007f8f070fe000]
   java.lang.Thread.State: WAITING (on object monitor)
	at java.lang.Object.wait0(java.base@21.0.11/Native Method)
	- waiting on <no object reference available>
	at java.lang.Object.wait(java.base@21.0.11/Object.java:366)
	at java.lang.Object.wait(java.base@21.0.11/Object.java:339)
	at boxOfActin.Barrier.threadDone(Barrier.java:49)
	- locked <0x0000000600f3e898> (a java.lang.Object)
	at boxOfActin.ThreadSet.done(ThreadSet.java:54)
	at boxOfActin.ThreadSet$ThreadSpawn.run(ThreadSet.java:41)

"Thread-152" #194 [1076667] daemon prio=5 os_prio=0 cpu=2426.74ms elapsed=197.10s tid=0x00007f9188385630 nid=1076667 in Object.wait()  [0x00007f8f06ffe000]
   java.lang.Thread.State: WAITING (on object monitor)
	at java.lang.Object.wait0(java.base@21.0.11/Native Method)
	- waiting on <no object reference available>
	at java.lang.Object.wait(java.base@21.0.11/Object.java:366)
	at java.lang.Object.wait(java.base@21.0.11/Object.java:339)
	at boxOfActin.Barrier.threadDone(Barrier.java:49)
	- locked <0x0000000600f3e898> (a java.lang.Object)
	at boxOfActin.ThreadSet.done(ThreadSet.java:54)
	at boxOfActin.ThreadSet$ThreadSpawn.run(ThreadSet.java:41)

"Thread-153" #195 [1076668] daemon prio=5 os_prio=0 cpu=2380.71ms elapsed=197.10s tid=0x00007f9188386bd0 nid=1076668 in Object.wait()  [0x00007f8f06efe000]
   java.lang.Thread.State: WAITING (on object monitor)
	at java.lang.Object.wait0(java.base@21.0.11/Native Method)
	- waiting on <no object reference available>
	at java.lang.Object.wait(java.base@21.0.11/Object.java:366)
	at java.lang.Object.wait(java.base@21.0.11/Object.java:339)
	at boxOfActin.Barrier.threadDone(Barrier.java:49)
	- locked <0x0000000600f3e898> (a java.lang.Object)
	at boxOfActin.ThreadSet.done(ThreadSet.java:54)
	at boxOfActin.ThreadSet$ThreadSpawn.run(ThreadSet.java:41)

"Thread-154" #196 [1076669] daemon prio=5 os_prio=0 cpu=2354.45ms elapsed=197.10s tid=0x00007f9188388180 nid=1076669 in Object.wait()  [0x00007f8f06dfe000]
   java.lang.Thread.State: WAITING (on object monitor)
	at java.lang.Object.wait0(java.base@21.0.11/Native Method)
	- waiting on <no object reference available>
	at java.lang.Object.wait(java.base@21.0.11/Object.java:366)
	at java.lang.Object.wait(java.base@21.0.11/Object.java:339)
	at boxOfActin.Barrier.threadDone(Barrier.java:49)
	- locked <0x0000000600f3e898> (a java.lang.Object)
	at boxOfActin.ThreadSet.done(ThreadSet.java:54)
	at boxOfActin.ThreadSet$ThreadSpawn.run(ThreadSet.java:41)

"Thread-155" #197 [1076670] daemon prio=5 os_prio=0 cpu=2365.13ms elapsed=197.10s tid=0x00007f9188389730 nid=1076670 in Object.wait()  [0x00007f8f06cfe000]
   java.lang.Thread.State: WAITING (on object monitor)
	at java.lang.Object.wait0(java.base@21.0.11/Native Method)
	- waiting on <no object reference available>
	at java.lang.Object.wait(java.base@21.0.11/Object.java:366)
	at java.lang.Object.wait(java.base@21.0.11/Object.java:339)
	at boxOfActin.Barrier.threadDone(Barrier.java:49)
	- locked <0x0000000600f3e898> (a java.lang.Object)
	at boxOfActin.ThreadSet.done(ThreadSet.java:54)
	at boxOfActin.ThreadSet$ThreadSpawn.run(ThreadSet.java:41)

"Thread-156" #198 [1076671] daemon prio=5 os_prio=0 cpu=2365.31ms elapsed=197.10s tid=0x00007f918838acd0 nid=1076671 in Object.wait()  [0x00007f8f06bfe000]
   java.lang.Thread.State: WAITING (on object monitor)
	at java.lang.Object.wait0(java.base@21.0.11/Native Method)
	- waiting on <no object reference available>
	at java.lang.Object.wait(java.base@21.0.11/Object.java:366)
	at java.lang.Object.wait(java.base@21.0.11/Object.java:339)
	at boxOfActin.Barrier.threadDone(Barrier.java:49)
	- locked <0x0000000600f3e898> (a java.lang.Object)
	at boxOfActin.ThreadSet.done(ThreadSet.java:54)
	at boxOfActin.ThreadSet$ThreadSpawn.run(ThreadSet.java:41)

"Thread-157" #199 [1076672] daemon prio=5 os_prio=0 cpu=2417.65ms elapsed=197.10s tid=0x00007f918838c270 nid=1076672 in Object.wait()  [0x00007f8f06afe000]
   java.lang.Thread.State: WAITING (on object monitor)
	at java.lang.Object.wait0(java.base@21.0.11/Native Method)
	- waiting on <no object reference available>
	at java.lang.Object.wait(java.base@21.0.11/Object.java:366)
	at java.lang.Object.wait(java.base@21.0.11/Object.java:339)
	at boxOfActin.Barrier.threadDone(Barrier.java:49)
	- locked <0x0000000600f3e898> (a java.lang.Object)
	at boxOfActin.ThreadSet.done(ThreadSet.java:54)
	at boxOfActin.ThreadSet$ThreadSpawn.run(ThreadSet.java:41)

"Thread-158" #200 [1076673] daemon prio=5 os_prio=0 cpu=2378.19ms elapsed=197.10s tid=0x00007f918838d810 nid=1076673 in Object.wait()  [0x00007f8f069fe000]
   java.lang.Thread.State: WAITING (on object monitor)
	at java.lang.Object.wait0(java.base@21.0.11/Native Method)
	- waiting on <no object reference available>
	at java.lang.Object.wait(java.base@21.0.11/Object.java:366)
	at java.lang.Object.wait(java.base@21.0.11/Object.java:339)
	at boxOfActin.Barrier.threadDone(Barrier.java:49)
	- locked <0x0000000600f3e898> (a java.lang.Object)
	at boxOfActin.ThreadSet.done(ThreadSet.java:54)
	at boxOfActin.ThreadSet$ThreadSpawn.run(ThreadSet.java:41)

"Thread-159" #201 [1076674] daemon prio=5 os_prio=0 cpu=2379.01ms elapsed=197.10s tid=0x00007f918838edb0 nid=1076674 in Object.wait()  [0x00007f8f068fe000]
   java.lang.Thread.State: WAITING (on object monitor)
	at java.lang.Object.wait0(java.base@21.0.11/Native Method)
	- waiting on <no object reference available>
	at java.lang.Object.wait(java.base@21.0.11/Object.java:366)
	at java.lang.Object.wait(java.base@21.0.11/Object.java:339)
	at boxOfActin.Barrier.threadDone(Barrier.java:49)
	- locked <0x0000000600f3e898> (a java.lang.Object)
	at boxOfActin.ThreadSet.done(ThreadSet.java:54)
	at boxOfActin.ThreadSet$ThreadSpawn.run(ThreadSet.java:41)

"Thread-160" #202 [1076680] daemon prio=5 os_prio=0 cpu=0.13ms elapsed=194.42s tid=0x00007f91882f5f80 nid=1076680 in Object.wait()  [0x00007f8f637fc000]
   java.lang.Thread.State: WAITING (on object monitor)
	at java.lang.Object.wait0(java.base@21.0.11/Native Method)
	- waiting on <no object reference available>
	at java.lang.Object.wait(java.base@21.0.11/Object.java:366)
	at java.lang.Object.wait(java.base@21.0.11/Object.java:339)
	at boxOfActin.Barrier.threadDone(Barrier.java:49)
	- locked <0x00000003e6a7ea08> (a java.lang.Object)
	at boxOfActin.ThreadSet.done(ThreadSet.java:54)
	at boxOfActin.ThreadSet$ThreadSpawn.run(ThreadSet.java:38)

"Thread-161" #203 [1076681] daemon prio=5 os_prio=0 cpu=0.13ms elapsed=194.42s tid=0x00007f91882f6690 nid=1076681 in Object.wait()  [0x00007f8f067fe000]
   java.lang.Thread.State: WAITING (on object monitor)
	at java.lang.Object.wait0(java.base@21.0.11/Native Method)
	- waiting on <no object reference available>
	at java.lang.Object.wait(java.base@21.0.11/Object.java:366)
	at java.lang.Object.wait(java.base@21.0.11/Object.java:339)
	at boxOfActin.Barrier.threadDone(Barrier.java:49)
	- locked <0x00000003e6a7ea08> (a java.lang.Object)
	at boxOfActin.ThreadSet.done(ThreadSet.java:54)
	at boxOfActin.ThreadSet$ThreadSpawn.run(ThreadSet.java:38)

"Thread-162" #204 [1076682] daemon prio=5 os_prio=0 cpu=0.14ms elapsed=194.42s tid=0x00007f91882f7310 nid=1076682 in Object.wait()  [0x00007f8f066fe000]
   java.lang.Thread.State: WAITING (on object monitor)
	at java.lang.Object.wait0(java.base@21.0.11/Native Method)
	- waiting on <no object reference available>
	at java.lang.Object.wait(java.base@21.0.11/Object.java:366)
	at java.lang.Object.wait(java.base@21.0.11/Object.java:339)
	at boxOfActin.Barrier.threadDone(Barrier.java:49)
	- locked <0x00000003e6a7ea08> (a java.lang.Object)
	at boxOfActin.ThreadSet.done(ThreadSet.java:54)
	at boxOfActin.ThreadSet$ThreadSpawn.run(ThreadSet.java:38)

"Thread-163" #205 [1076683] daemon prio=5 os_prio=0 cpu=0.14ms elapsed=194.42s tid=0x00007f91882f7a20 nid=1076683 in Object.wait()  [0x00007f8f065fe000]
   java.lang.Thread.State: WAITING (on object monitor)
	at java.lang.Object.wait0(java.base@21.0.11/Native Method)
	- waiting on <no object reference available>
	at java.lang.Object.wait(java.base@21.0.11/Object.java:366)
	at java.lang.Object.wait(java.base@21.0.11/Object.java:339)
	at boxOfActin.Barrier.threadDone(Barrier.java:49)
	- locked <0x00000003e6a7ea08> (a java.lang.Object)
	at boxOfActin.ThreadSet.done(ThreadSet.java:54)
	at boxOfActin.ThreadSet$ThreadSpawn.run(ThreadSet.java:38)

"Thread-164" #206 [1076684] daemon prio=5 os_prio=0 cpu=0.14ms elapsed=194.42s tid=0x00007f91882f86b0 nid=1076684 in Object.wait()  [0x00007f8f064fe000]
   java.lang.Thread.State: WAITING (on object monitor)
	at java.lang.Object.wait0(java.base@21.0.11/Native Method)
	- waiting on <no object reference available>
	at java.lang.Object.wait(java.base@21.0.11/Object.java:366)
	at java.lang.Object.wait(java.base@21.0.11/Object.java:339)
	at boxOfActin.Barrier.threadDone(Barrier.java:49)
	- locked <0x00000003e6a7ea08> (a java.lang.Object)
	at boxOfActin.ThreadSet.done(ThreadSet.java:54)
	at boxOfActin.ThreadSet$ThreadSpawn.run(ThreadSet.java:38)

"Thread-165" #207 [1076685] daemon prio=5 os_prio=0 cpu=0.14ms elapsed=194.42s tid=0x00007f91882f8dc0 nid=1076685 in Object.wait()  [0x00007f8f063fe000]
   java.lang.Thread.State: WAITING (on object monitor)
	at java.lang.Object.wait0(java.base@21.0.11/Native Method)
	- waiting on <no object reference available>
	at java.lang.Object.wait(java.base@21.0.11/Object.java:366)
	at java.lang.Object.wait(java.base@21.0.11/Object.java:339)
	at boxOfActin.Barrier.threadDone(Barrier.java:49)
	- locked <0x00000003e6a7ea08> (a java.lang.Object)
	at boxOfActin.ThreadSet.done(ThreadSet.java:54)
	at boxOfActin.ThreadSet$ThreadSpawn.run(ThreadSet.java:38)

"Thread-166" #208 [1076686] daemon prio=5 os_prio=0 cpu=0.14ms elapsed=194.42s tid=0x00007f91882f9a60 nid=1076686 in Object.wait()  [0x00007f8f062fe000]
   java.lang.Thread.State: WAITING (on object monitor)
	at java.lang.Object.wait0(java.base@21.0.11/Native Method)
	- waiting on <no object reference available>
	at java.lang.Object.wait(java.base@21.0.11/Object.java:366)
	at java.lang.Object.wait(java.base@21.0.11/Object.java:339)
	at boxOfActin.Barrier.threadDone(Barrier.java:49)
	- locked <0x00000003e6a7ea08> (a java.lang.Object)
	at boxOfActin.ThreadSet.done(ThreadSet.java:54)
	at boxOfActin.ThreadSet$ThreadSpawn.run(ThreadSet.java:38)

"Thread-167" #209 [1076687] daemon prio=5 os_prio=0 cpu=0.12ms elapsed=194.42s tid=0x00007f91882fa710 nid=1076687 in Object.wait()  [0x00007f8f061fe000]
   java.lang.Thread.State: WAITING (on object monitor)
	at java.lang.Object.wait0(java.base@21.0.11/Native Method)
	- waiting on <no object reference available>
	at java.lang.Object.wait(java.base@21.0.11/Object.java:366)
	at java.lang.Object.wait(java.base@21.0.11/Object.java:339)
	at boxOfActin.Barrier.threadDone(Barrier.java:49)
	- locked <0x00000003e6a7ea08> (a java.lang.Object)
	at boxOfActin.ThreadSet.done(ThreadSet.java:54)
	at boxOfActin.ThreadSet$ThreadSpawn.run(ThreadSet.java:38)

"Thread-168" #210 [1076688] daemon prio=5 os_prio=0 cpu=0.13ms elapsed=194.42s tid=0x00007f91882fb3c0 nid=1076688 in Object.wait()  [0x00007f8f060fe000]
   java.lang.Thread.State: WAITING (on object monitor)
	at java.lang.Object.wait0(java.base@21.0.11/Native Method)
	- waiting on <no object reference available>
	at java.lang.Object.wait(java.base@21.0.11/Object.java:366)
	at java.lang.Object.wait(java.base@21.0.11/Object.java:339)
	at boxOfActin.Barrier.threadDone(Barrier.java:49)
	- locked <0x00000003e6a7ea08> (a java.lang.Object)
	at boxOfActin.ThreadSet.done(ThreadSet.java:54)
	at boxOfActin.ThreadSet$ThreadSpawn.run(ThreadSet.java:38)

"Thread-169" #211 [1076689] daemon prio=5 os_prio=0 cpu=0.12ms elapsed=194.42s tid=0x00007f91882fc080 nid=1076689 in Object.wait()  [0x00007f8f05ffe000]
   java.lang.Thread.State: WAITING (on object monitor)
	at java.lang.Object.wait0(java.base@21.0.11/Native Method)
	- waiting on <no object reference available>
	at java.lang.Object.wait(java.base@21.0.11/Object.java:366)
	at java.lang.Object.wait(java.base@21.0.11/Object.java:339)
	at boxOfActin.Barrier.threadDone(Barrier.java:49)
	- locked <0x00000003e6a7ea08> (a java.lang.Object)
	at boxOfActin.ThreadSet.done(ThreadSet.java:54)
	at boxOfActin.ThreadSet$ThreadSpawn.run(ThreadSet.java:38)

"Thread-170" #212 [1076690] daemon prio=5 os_prio=0 cpu=0.12ms elapsed=194.42s tid=0x00007f91882fcd40 nid=1076690 in Object.wait()  [0x00007f8f05efe000]
   java.lang.Thread.State: WAITING (on object monitor)
	at java.lang.Object.wait0(java.base@21.0.11/Native Method)
	- waiting on <no object reference available>
	at java.lang.Object.wait(java.base@21.0.11/Object.java:366)
	at java.lang.Object.wait(java.base@21.0.11/Object.java:339)
	at boxOfActin.Barrier.threadDone(Barrier.java:49)
	- locked <0x00000003e6a7ea08> (a java.lang.Object)
	at boxOfActin.ThreadSet.done(ThreadSet.java:54)
	at boxOfActin.ThreadSet$ThreadSpawn.run(ThreadSet.java:38)

"Thread-171" #213 [1076691] daemon prio=5 os_prio=0 cpu=0.16ms elapsed=194.42s tid=0x00007f9188306e60 nid=1076691 in Object.wait()  [0x00007f8f05dfe000]
   java.lang.Thread.State: WAITING (on object monitor)
	at java.lang.Object.wait0(java.base@21.0.11/Native Method)
	- waiting on <no object reference available>
	at java.lang.Object.wait(java.base@21.0.11/Object.java:366)
	at java.lang.Object.wait(java.base@21.0.11/Object.java:339)
	at boxOfActin.Barrier.threadDone(Barrier.java:49)
	- locked <0x00000003e6a7ea08> (a java.lang.Object)
	at boxOfActin.ThreadSet.done(ThreadSet.java:54)
	at boxOfActin.ThreadSet$ThreadSpawn.run(ThreadSet.java:38)

"Thread-172" #214 [1076692] daemon prio=5 os_prio=0 cpu=0.11ms elapsed=194.42s tid=0x00007f9188307b30 nid=1076692 in Object.wait()  [0x00007f8f05cfe000]
   java.lang.Thread.State: WAITING (on object monitor)
	at java.lang.Object.wait0(java.base@21.0.11/Native Method)
	- waiting on <no object reference available>
	at java.lang.Object.wait(java.base@21.0.11/Object.java:366)
	at java.lang.Object.wait(java.base@21.0.11/Object.java:339)
	at boxOfActin.Barrier.threadDone(Barrier.java:49)
	- locked <0x00000003e6a7ea08> (a java.lang.Object)
	at boxOfActin.ThreadSet.done(ThreadSet.java:54)
	at boxOfActin.ThreadSet$ThreadSpawn.run(ThreadSet.java:38)

"Thread-173" #215 [1076693] daemon prio=5 os_prio=0 cpu=0.18ms elapsed=194.42s tid=0x00007f9188308810 nid=1076693 in Object.wait()  [0x00007f8f05bfe000]
   java.lang.Thread.State: WAITING (on object monitor)
	at java.lang.Object.wait0(java.base@21.0.11/Native Method)
	- waiting on <no object reference available>
	at java.lang.Object.wait(java.base@21.0.11/Object.java:366)
	at java.lang.Object.wait(java.base@21.0.11/Object.java:339)
	at boxOfActin.Barrier.threadDone(Barrier.java:49)
	- locked <0x00000003e6a7ea08> (a java.lang.Object)
	at boxOfActin.ThreadSet.done(ThreadSet.java:54)
	at boxOfActin.ThreadSet$ThreadSpawn.run(ThreadSet.java:38)

"Thread-174" #216 [1076694] daemon prio=5 os_prio=0 cpu=0.13ms elapsed=194.42s tid=0x00007f91883094f0 nid=1076694 in Object.wait()  [0x00007f8f05afe000]
   java.lang.Thread.State: WAITING (on object monitor)
	at java.lang.Object.wait0(java.base@21.0.11/Native Method)
	- waiting on <no object reference available>
	at java.lang.Object.wait(java.base@21.0.11/Object.java:366)
	at java.lang.Object.wait(java.base@21.0.11/Object.java:339)
	at boxOfActin.Barrier.threadDone(Barrier.java:49)
	- locked <0x00000003e6a7ea08> (a java.lang.Object)
	at boxOfActin.ThreadSet.done(ThreadSet.java:54)
	at boxOfActin.ThreadSet$ThreadSpawn.run(ThreadSet.java:38)

"Thread-175" #217 [1076695] daemon prio=5 os_prio=0 cpu=0.10ms elapsed=194.42s tid=0x00007f918830a370 nid=1076695 in Object.wait()  [0x00007f8f059fe000]
   java.lang.Thread.State: WAITING (on object monitor)
	at java.lang.Object.wait0(java.base@21.0.11/Native Method)
	- waiting on <no object reference available>
	at java.lang.Object.wait(java.base@21.0.11/Object.java:366)
	at java.lang.Object.wait(java.base@21.0.11/Object.java:339)
	at boxOfActin.Barrier.threadDone(Barrier.java:49)
	- locked <0x00000003e6a7ea08> (a java.lang.Object)
	at boxOfActin.ThreadSet.done(ThreadSet.java:54)
	at boxOfActin.ThreadSet$ThreadSpawn.run(ThreadSet.java:38)

"Thread-176" #218 [1076696] daemon prio=5 os_prio=0 cpu=2.34ms elapsed=194.42s tid=0x00007f918830b960 nid=1076696 in Object.wait()  [0x00007f8f058fe000]
   java.lang.Thread.State: WAITING (on object monitor)
	at java.lang.Object.wait0(java.base@21.0.11/Native Method)
	- waiting on <no object reference available>
	at java.lang.Object.wait(java.base@21.0.11/Object.java:366)
	at java.lang.Object.wait(java.base@21.0.11/Object.java:339)
	at boxOfActin.Barrier.threadDone(Barrier.java:49)
	- locked <0x00000003e6b43c40> (a java.lang.Object)
	at boxOfActin.ThreadSet.done(ThreadSet.java:54)
	at boxOfActin.ThreadSet$ThreadSpawn.run(ThreadSet.java:41)

"Thread-177" #219 [1076697] daemon prio=5 os_prio=0 cpu=2.52ms elapsed=194.42s tid=0x00007f918830ce50 nid=1076697 in Object.wait()  [0x00007f8f057fe000]
   java.lang.Thread.State: WAITING (on object monitor)
	at java.lang.Object.wait0(java.base@21.0.11/Native Method)
	- waiting on <no object reference available>
	at java.lang.Object.wait(java.base@21.0.11/Object.java:366)
	at java.lang.Object.wait(java.base@21.0.11/Object.java:339)
	at boxOfActin.Barrier.threadDone(Barrier.java:49)
	- locked <0x00000003e6b43c40> (a java.lang.Object)
	at boxOfActin.ThreadSet.done(ThreadSet.java:54)
	at boxOfActin.ThreadSet$ThreadSpawn.run(ThreadSet.java:41)

"Thread-178" #220 [1076698] daemon prio=5 os_prio=0 cpu=2.64ms elapsed=194.42s tid=0x00007f918830dfe0 nid=1076698 in Object.wait()  [0x00007f8f056fe000]
   java.lang.Thread.State: WAITING (on object monitor)
	at java.lang.Object.wait0(java.base@21.0.11/Native Method)
	- waiting on <no object reference available>
	at java.lang.Object.wait(java.base@21.0.11/Object.java:366)
	at java.lang.Object.wait(java.base@21.0.11/Object.java:339)
	at boxOfActin.Barrier.threadDone(Barrier.java:49)
	- locked <0x00000003e6b43c40> (a java.lang.Object)
	at boxOfActin.ThreadSet.done(ThreadSet.java:54)
	at boxOfActin.ThreadSet$ThreadSpawn.run(ThreadSet.java:41)

"Thread-179" #221 [1076699] daemon prio=5 os_prio=0 cpu=2.54ms elapsed=194.42s tid=0x00007f918830f5f0 nid=1076699 in Object.wait()  [0x00007f8f055fe000]
   java.lang.Thread.State: WAITING (on object monitor)
	at java.lang.Object.wait0(java.base@21.0.11/Native Method)
	- waiting on <no object reference available>
	at java.lang.Object.wait(java.base@21.0.11/Object.java:366)
	at java.lang.Object.wait(java.base@21.0.11/Object.java:339)
	at boxOfActin.Barrier.threadDone(Barrier.java:49)
	- locked <0x00000003e6b43c40> (a java.lang.Object)
	at boxOfActin.ThreadSet.done(ThreadSet.java:54)
	at boxOfActin.ThreadSet$ThreadSpawn.run(ThreadSet.java:41)

"Thread-180" #222 [1076700] daemon prio=5 os_prio=0 cpu=3.00ms elapsed=194.42s tid=0x00007f9188310b20 nid=1076700 in Object.wait()  [0x00007f8f054fe000]
   java.lang.Thread.State: WAITING (on object monitor)
	at java.lang.Object.wait0(java.base@21.0.11/Native Method)
	- waiting on <no object reference available>
	at java.lang.Object.wait(java.base@21.0.11/Object.java:366)
	at java.lang.Object.wait(java.base@21.0.11/Object.java:339)
	at boxOfActin.Barrier.threadDone(Barrier.java:49)
	- locked <0x00000003e6b43c40> (a java.lang.Object)
	at boxOfActin.ThreadSet.done(ThreadSet.java:54)
	at boxOfActin.ThreadSet$ThreadSpawn.run(ThreadSet.java:41)

"Thread-181" #223 [1076701] daemon prio=5 os_prio=0 cpu=2.95ms elapsed=194.42s tid=0x00007f9188312140 nid=1076701 in Object.wait()  [0x00007f8f053fe000]
   java.lang.Thread.State: WAITING (on object monitor)
	at java.lang.Object.wait0(java.base@21.0.11/Native Method)
	- waiting on <no object reference available>
	at java.lang.Object.wait(java.base@21.0.11/Object.java:366)
	at java.lang.Object.wait(java.base@21.0.11/Object.java:339)
	at boxOfActin.Barrier.threadDone(Barrier.java:49)
	- locked <0x00000003e6b43c40> (a java.lang.Object)
	at boxOfActin.ThreadSet.done(ThreadSet.java:54)
	at boxOfActin.ThreadSet$ThreadSpawn.run(ThreadSet.java:41)

"Thread-182" #224 [1076702] daemon prio=5 os_prio=0 cpu=2.88ms elapsed=194.42s tid=0x00007f9188313660 nid=1076702 in Object.wait()  [0x00007f8f052fe000]
   java.lang.Thread.State: WAITING (on object monitor)
	at java.lang.Object.wait0(java.base@21.0.11/Native Method)
	- waiting on <no object reference available>
	at java.lang.Object.wait(java.base@21.0.11/Object.java:366)
	at java.lang.Object.wait(java.base@21.0.11/Object.java:339)
	at boxOfActin.Barrier.threadDone(Barrier.java:49)
	- locked <0x00000003e6b43c40> (a java.lang.Object)
	at boxOfActin.ThreadSet.done(ThreadSet.java:54)
	at boxOfActin.ThreadSet$ThreadSpawn.run(ThreadSet.java:41)

"Thread-183" #225 [1076703] daemon prio=5 os_prio=0 cpu=2.94ms elapsed=194.42s tid=0x00007f9188314f10 nid=1076703 in Object.wait()  [0x00007f8f051fe000]
   java.lang.Thread.State: WAITING (on object monitor)
	at java.lang.Object.wait0(java.base@21.0.11/Native Method)
	- waiting on <no object reference available>
	at java.lang.Object.wait(java.base@21.0.11/Object.java:366)
	at java.lang.Object.wait(java.base@21.0.11/Object.java:339)
	at boxOfActin.Barrier.threadDone(Barrier.java:49)
	- locked <0x00000003e6b43c40> (a java.lang.Object)
	at boxOfActin.ThreadSet.done(ThreadSet.java:54)
	at boxOfActin.ThreadSet$ThreadSpawn.run(ThreadSet.java:41)

"Thread-184" #226 [1076704] daemon prio=5 os_prio=0 cpu=0.08ms elapsed=194.41s tid=0x00007f9188316540 nid=1076704 in Object.wait()  [0x00007f8f050fe000]
   java.lang.Thread.State: WAITING (on object monitor)
	at java.lang.Object.wait0(java.base@21.0.11/Native Method)
	- waiting on <no object reference available>
	at java.lang.Object.wait(java.base@21.0.11/Object.java:366)
	at java.lang.Object.wait(java.base@21.0.11/Object.java:339)
	at boxOfActin.Barrier.threadDone(Barrier.java:49)
	- locked <0x00000003e6b58418> (a java.lang.Object)
	at boxOfActin.ThreadSet.done(ThreadSet.java:54)
	at boxOfActin.ThreadSet$ThreadSpawn.run(ThreadSet.java:38)

"Thread-185" #227 [1076705] daemon prio=5 os_prio=0 cpu=0.10ms elapsed=194.41s tid=0x00007f9188317b50 nid=1076705 in Object.wait()  [0x00007f8f04ffe000]
   java.lang.Thread.State: WAITING (on object monitor)
	at java.lang.Object.wait0(java.base@21.0.11/Native Method)
	- waiting on <no object reference available>
	at java.lang.Object.wait(java.base@21.0.11/Object.java:366)
	at java.lang.Object.wait(java.base@21.0.11/Object.java:339)
	at boxOfActin.Barrier.threadDone(Barrier.java:49)
	- locked <0x00000003e6b58418> (a java.lang.Object)
	at boxOfActin.ThreadSet.done(ThreadSet.java:54)
	at boxOfActin.ThreadSet$ThreadSpawn.run(ThreadSet.java:38)

"Thread-186" #228 [1076706] daemon prio=5 os_prio=0 cpu=0.05ms elapsed=194.41s tid=0x00007f9188319050 nid=1076706 in Object.wait()  [0x00007f8f04efe000]
   java.lang.Thread.State: WAITING (on object monitor)
	at java.lang.Object.wait0(java.base@21.0.11/Native Method)
	- waiting on <no object reference available>
	at java.lang.Object.wait(java.base@21.0.11/Object.java:366)
	at java.lang.Object.wait(java.base@21.0.11/Object.java:339)
	at boxOfActin.Barrier.threadDone(Barrier.java:49)
	- locked <0x00000003e6b58418> (a java.lang.Object)
	at boxOfActin.ThreadSet.done(ThreadSet.java:54)
	at boxOfActin.ThreadSet$ThreadSpawn.run(ThreadSet.java:38)

"Thread-187" #229 [1076707] daemon prio=5 os_prio=0 cpu=0.06ms elapsed=194.41s tid=0x00007f918831a5d0 nid=1076707 in Object.wait()  [0x00007f8f04dfe000]
   java.lang.Thread.State: WAITING (on object monitor)
	at java.lang.Object.wait0(java.base@21.0.11/Native Method)
	- waiting on <no object reference available>
	at java.lang.Object.wait(java.base@21.0.11/Object.java:366)
	at java.lang.Object.wait(java.base@21.0.11/Object.java:339)
	at boxOfActin.Barrier.threadDone(Barrier.java:49)
	- locked <0x00000003e6b58418> (a java.lang.Object)
	at boxOfActin.ThreadSet.done(ThreadSet.java:54)
	at boxOfActin.ThreadSet$ThreadSpawn.run(ThreadSet.java:38)

"Thread-188" #230 [1076708] daemon prio=5 os_prio=0 cpu=0.05ms elapsed=194.41s tid=0x00007f918831bb70 nid=1076708 in Object.wait()  [0x00007f8f04cfe000]
   java.lang.Thread.State: WAITING (on object monitor)
	at java.lang.Object.wait0(java.base@21.0.11/Native Method)
	- waiting on <no object reference available>
	at java.lang.Object.wait(java.base@21.0.11/Object.java:366)
	at java.lang.Object.wait(java.base@21.0.11/Object.java:339)
	at boxOfActin.Barrier.threadDone(Barrier.java:49)
	- locked <0x00000003e6b58418> (a java.lang.Object)
	at boxOfActin.ThreadSet.done(ThreadSet.java:54)
	at boxOfActin.ThreadSet$ThreadSpawn.run(ThreadSet.java:38)

"Thread-189" #231 [1076709] daemon prio=5 os_prio=0 cpu=0.05ms elapsed=194.41s tid=0x00007f918831d1d0 nid=1076709 in Object.wait()  [0x00007f8f04bfe000]
   java.lang.Thread.State: WAITING (on object monitor)
	at java.lang.Object.wait0(java.base@21.0.11/Native Method)
	- waiting on <no object reference available>
	at java.lang.Object.wait(java.base@21.0.11/Object.java:366)
	at java.lang.Object.wait(java.base@21.0.11/Object.java:339)
	at boxOfActin.Barrier.threadDone(Barrier.java:49)
	- locked <0x00000003e6b58418> (a java.lang.Object)
	at boxOfActin.ThreadSet.done(ThreadSet.java:54)
	at boxOfActin.ThreadSet$ThreadSpawn.run(ThreadSet.java:38)

"Thread-190" #232 [1076710] daemon prio=5 os_prio=0 cpu=0.04ms elapsed=194.41s tid=0x00007f918831e6d0 nid=1076710 in Object.wait()  [0x00007f8f04afe000]
   java.lang.Thread.State: WAITING (on object monitor)
	at java.lang.Object.wait0(java.base@21.0.11/Native Method)
	- waiting on <no object reference available>
	at java.lang.Object.wait(java.base@21.0.11/Object.java:366)
	at java.lang.Object.wait(java.base@21.0.11/Object.java:339)
	at boxOfActin.Barrier.threadDone(Barrier.java:49)
	- locked <0x00000003e6b58418> (a java.lang.Object)
	at boxOfActin.ThreadSet.done(ThreadSet.java:54)
	at boxOfActin.ThreadSet$ThreadSpawn.run(ThreadSet.java:38)

"Thread-191" #233 [1076711] daemon prio=5 os_prio=0 cpu=0.04ms elapsed=194.41s tid=0x00007f918831fd20 nid=1076711 in Object.wait()  [0x00007f8f049fe000]
   java.lang.Thread.State: WAITING (on object monitor)
	at java.lang.Object.wait0(java.base@21.0.11/Native Method)
	- waiting on <no object reference available>
	at java.lang.Object.wait(java.base@21.0.11/Object.java:366)
	at java.lang.Object.wait(java.base@21.0.11/Object.java:339)
	at boxOfActin.Barrier.threadDone(Barrier.java:49)
	- locked <0x00000003e6b58418> (a java.lang.Object)
	at boxOfActin.ThreadSet.done(ThreadSet.java:54)
	at boxOfActin.ThreadSet$ThreadSpawn.run(ThreadSet.java:38)

"Thread-192" #234 [1076712] daemon prio=5 os_prio=0 cpu=0.09ms elapsed=194.41s tid=0x00007f91883217d0 nid=1076712 in Object.wait()  [0x00007f8f048fe000]
   java.lang.Thread.State: WAITING (on object monitor)
	at java.lang.Object.wait0(java.base@21.0.11/Native Method)
	- waiting on <no object reference available>
	at java.lang.Object.wait(java.base@21.0.11/Object.java:366)
	at java.lang.Object.wait(java.base@21.0.11/Object.java:339)
	at boxOfActin.Barrier.threadDone(Barrier.java:49)
	- locked <0x00000003e6f29e08> (a java.lang.Object)
	at boxOfActin.ThreadSet.done(ThreadSet.java:54)
	at boxOfActin.ThreadSet$ThreadSpawn.run(ThreadSet.java:38)

"Thread-193" #235 [1076713] daemon prio=5 os_prio=0 cpu=0.07ms elapsed=194.41s tid=0x00007f91883232f0 nid=1076713 in Object.wait()  [0x00007f8f047fe000]
   java.lang.Thread.State: WAITING (on object monitor)
	at java.lang.Object.wait0(java.base@21.0.11/Native Method)
	- waiting on <no object reference available>
	at java.lang.Object.wait(java.base@21.0.11/Object.java:366)
	at java.lang.Object.wait(java.base@21.0.11/Object.java:339)
	at boxOfActin.Barrier.threadDone(Barrier.java:49)
	- locked <0x00000003e6f29e08> (a java.lang.Object)
	at boxOfActin.ThreadSet.done(ThreadSet.java:54)
	at boxOfActin.ThreadSet$ThreadSpawn.run(ThreadSet.java:38)

"Thread-194" #236 [1076714] daemon prio=5 os_prio=0 cpu=0.10ms elapsed=194.41s tid=0x00007f9188324540 nid=1076714 in Object.wait()  [0x00007f8f046fe000]
   java.lang.Thread.State: WAITING (on object monitor)
	at java.lang.Object.wait0(java.base@21.0.11/Native Method)
	- waiting on <no object reference available>
	at java.lang.Object.wait(java.base@21.0.11/Object.java:366)
	at java.lang.Object.wait(java.base@21.0.11/Object.java:339)
	at boxOfActin.Barrier.threadDone(Barrier.java:49)
	- locked <0x00000003e6f29e08> (a java.lang.Object)
	at boxOfActin.ThreadSet.done(ThreadSet.java:54)
	at boxOfActin.ThreadSet$ThreadSpawn.run(ThreadSet.java:38)

"Thread-195" #237 [1076715] daemon prio=5 os_prio=0 cpu=0.05ms elapsed=194.41s tid=0x00007f9188325af0 nid=1076715 in Object.wait()  [0x00007f8f045fe000]
   java.lang.Thread.State: WAITING (on object monitor)
	at java.lang.Object.wait0(java.base@21.0.11/Native Method)
	- waiting on <no object reference available>
	at java.lang.Object.wait(java.base@21.0.11/Object.java:366)
	at java.lang.Object.wait(java.base@21.0.11/Object.java:339)
	at boxOfActin.Barrier.threadDone(Barrier.java:49)
	- locked <0x00000003e6f29e08> (a java.lang.Object)
	at boxOfActin.ThreadSet.done(ThreadSet.java:54)
	at boxOfActin.ThreadSet$ThreadSpawn.run(ThreadSet.java:38)

"Thread-196" #238 [1076716] daemon prio=5 os_prio=0 cpu=0.05ms elapsed=194.41s tid=0x00007f91883a12b0 nid=1076716 in Object.wait()  [0x00007f8f044fe000]
   java.lang.Thread.State: WAITING (on object monitor)
	at java.lang.Object.wait0(java.base@21.0.11/Native Method)
	- waiting on <no object reference available>
	at java.lang.Object.wait(java.base@21.0.11/Object.java:366)
	at java.lang.Object.wait(java.base@21.0.11/Object.java:339)
	at boxOfActin.Barrier.threadDone(Barrier.java:49)
	- locked <0x00000003e6f29e08> (a java.lang.Object)
	at boxOfActin.ThreadSet.done(ThreadSet.java:54)
	at boxOfActin.ThreadSet$ThreadSpawn.run(ThreadSet.java:38)

"Thread-197" #239 [1076717] daemon prio=5 os_prio=0 cpu=0.04ms elapsed=194.41s tid=0x00007f91883a2450 nid=1076717 in Object.wait()  [0x00007f8f043fe000]
   java.lang.Thread.State: WAITING (on object monitor)
	at java.lang.Object.wait0(java.base@21.0.11/Native Method)
	- waiting on <no object reference available>
	at java.lang.Object.wait(java.base@21.0.11/Object.java:366)
	at java.lang.Object.wait(java.base@21.0.11/Object.java:339)
	at boxOfActin.Barrier.threadDone(Barrier.java:49)
	- locked <0x00000003e6f29e08> (a java.lang.Object)
	at boxOfActin.ThreadSet.done(ThreadSet.java:54)
	at boxOfActin.ThreadSet$ThreadSpawn.run(ThreadSet.java:38)

"Thread-198" #240 [1076718] daemon prio=5 os_prio=0 cpu=0.04ms elapsed=194.41s tid=0x00007f91883a39f0 nid=1076718 in Object.wait()  [0x00007f8f042fe000]
   java.lang.Thread.State: WAITING (on object monitor)
	at java.lang.Object.wait0(java.base@21.0.11/Native Method)
	- waiting on <no object reference available>
	at java.lang.Object.wait(java.base@21.0.11/Object.java:366)
	at java.lang.Object.wait(java.base@21.0.11/Object.java:339)
	at boxOfActin.Barrier.threadDone(Barrier.java:49)
	- locked <0x00000003e6f29e08> (a java.lang.Object)
	at boxOfActin.ThreadSet.done(ThreadSet.java:54)
	at boxOfActin.ThreadSet$ThreadSpawn.run(ThreadSet.java:38)

"Thread-199" #241 [1076719] daemon prio=5 os_prio=0 cpu=0.05ms elapsed=194.41s tid=0x00007f91883a5220 nid=1076719 in Object.wait()  [0x00007f8f041fe000]
   java.lang.Thread.State: WAITING (on object monitor)
	at java.lang.Object.wait0(java.base@21.0.11/Native Method)
	- waiting on <no object reference available>
	at java.lang.Object.wait(java.base@21.0.11/Object.java:366)
	at java.lang.Object.wait(java.base@21.0.11/Object.java:339)
	at boxOfActin.Barrier.threadDone(Barrier.java:49)
	- locked <0x00000003e6f29e08> (a java.lang.Object)
	at boxOfActin.ThreadSet.done(ThreadSet.java:54)
	at boxOfActin.ThreadSet$ThreadSpawn.run(ThreadSet.java:38)

"Thread-200" #242 [1076720] daemon prio=5 os_prio=0 cpu=0.05ms elapsed=194.41s tid=0x00007f91883a67d0 nid=1076720 in Object.wait()  [0x00007f8f040fe000]
   java.lang.Thread.State: WAITING (on object monitor)
	at java.lang.Object.wait0(java.base@21.0.11/Native Method)
	- waiting on <no object reference available>
	at java.lang.Object.wait(java.base@21.0.11/Object.java:366)
	at java.lang.Object.wait(java.base@21.0.11/Object.java:339)
	at boxOfActin.Barrier.threadDone(Barrier.java:49)
	- locked <0x00000003e6f29e08> (a java.lang.Object)
	at boxOfActin.ThreadSet.done(ThreadSet.java:54)
	at boxOfActin.ThreadSet$ThreadSpawn.run(ThreadSet.java:38)

"Thread-201" #243 [1076721] daemon prio=5 os_prio=0 cpu=0.04ms elapsed=194.41s tid=0x00007f91883a7d70 nid=1076721 in Object.wait()  [0x00007f8effffe000]
   java.lang.Thread.State: WAITING (on object monitor)
	at java.lang.Object.wait0(java.base@21.0.11/Native Method)
	- waiting on <no object reference available>
	at java.lang.Object.wait(java.base@21.0.11/Object.java:366)
	at java.lang.Object.wait(java.base@21.0.11/Object.java:339)
	at boxOfActin.Barrier.threadDone(Barrier.java:49)
	- locked <0x00000003e6f29e08> (a java.lang.Object)
	at boxOfActin.ThreadSet.done(ThreadSet.java:54)
	at boxOfActin.ThreadSet$ThreadSpawn.run(ThreadSet.java:38)

"Thread-202" #244 [1076722] daemon prio=5 os_prio=0 cpu=0.05ms elapsed=194.41s tid=0x00007f91883a9310 nid=1076722 in Object.wait()  [0x00007f8effefe000]
   java.lang.Thread.State: WAITING (on object monitor)
	at java.lang.Object.wait0(java.base@21.0.11/Native Method)
	- waiting on <no object reference available>
	at java.lang.Object.wait(java.base@21.0.11/Object.java:366)
	at java.lang.Object.wait(java.base@21.0.11/Object.java:339)
	at boxOfActin.Barrier.threadDone(Barrier.java:49)
	- locked <0x00000003e6f29e08> (a java.lang.Object)
	at boxOfActin.ThreadSet.done(ThreadSet.java:54)
	at boxOfActin.ThreadSet$ThreadSpawn.run(ThreadSet.java:38)

"Thread-203" #245 [1076723] daemon prio=5 os_prio=0 cpu=0.04ms elapsed=194.41s tid=0x00007f91883aa8c0 nid=1076723 in Object.wait()  [0x00007f8effdfe000]
   java.lang.Thread.State: WAITING (on object monitor)
	at java.lang.Object.wait0(java.base@21.0.11/Native Method)
	- waiting on <no object reference available>
	at java.lang.Object.wait(java.base@21.0.11/Object.java:366)
	at java.lang.Object.wait(java.base@21.0.11/Object.java:339)
	at boxOfActin.Barrier.threadDone(Barrier.java:49)
	- locked <0x00000003e6f29e08> (a java.lang.Object)
	at boxOfActin.ThreadSet.done(ThreadSet.java:54)
	at boxOfActin.ThreadSet$ThreadSpawn.run(ThreadSet.java:38)

"Thread-204" #246 [1076724] daemon prio=5 os_prio=0 cpu=0.05ms elapsed=194.41s tid=0x00007f91883abe70 nid=1076724 in Object.wait()  [0x00007f8effcfe000]
   java.lang.Thread.State: WAITING (on object monitor)
	at java.lang.Object.wait0(java.base@21.0.11/Native Method)
	- waiting on <no object reference available>
	at java.lang.Object.wait(java.base@21.0.11/Object.java:366)
	at java.lang.Object.wait(java.base@21.0.11/Object.java:339)
	at boxOfActin.Barrier.threadDone(Barrier.java:49)
	- locked <0x00000003e6f29e08> (a java.lang.Object)
	at boxOfActin.ThreadSet.done(ThreadSet.java:54)
	at boxOfActin.ThreadSet$ThreadSpawn.run(ThreadSet.java:38)

"Thread-205" #247 [1076725] daemon prio=5 os_prio=0 cpu=0.05ms elapsed=194.41s tid=0x00007f91883ad410 nid=1076725 in Object.wait()  [0x00007f8effbfe000]
   java.lang.Thread.State: WAITING (on object monitor)
	at java.lang.Object.wait0(java.base@21.0.11/Native Method)
	- waiting on <no object reference available>
	at java.lang.Object.wait(java.base@21.0.11/Object.java:366)
	at java.lang.Object.wait(java.base@21.0.11/Object.java:339)
	at boxOfActin.Barrier.threadDone(Barrier.java:49)
	- locked <0x00000003e6f29e08> (a java.lang.Object)
	at boxOfActin.ThreadSet.done(ThreadSet.java:54)
	at boxOfActin.ThreadSet$ThreadSpawn.run(ThreadSet.java:38)

"Thread-206" #248 [1076726] daemon prio=5 os_prio=0 cpu=0.05ms elapsed=194.41s tid=0x00007f91883ae5d0 nid=1076726 in Object.wait()  [0x00007f8effafe000]
   java.lang.Thread.State: WAITING (on object monitor)
	at java.lang.Object.wait0(java.base@21.0.11/Native Method)
	- waiting on <no object reference available>
	at java.lang.Object.wait(java.base@21.0.11/Object.java:366)
	at java.lang.Object.wait(java.base@21.0.11/Object.java:339)
	at boxOfActin.Barrier.threadDone(Barrier.java:49)
	- locked <0x00000003e6f29e08> (a java.lang.Object)
	at boxOfActin.ThreadSet.done(ThreadSet.java:54)
	at boxOfActin.ThreadSet$ThreadSpawn.run(ThreadSet.java:38)

"Thread-207" #249 [1076727] daemon prio=5 os_prio=0 cpu=0.04ms elapsed=194.41s tid=0x00007f91883af780 nid=1076727 in Object.wait()  [0x00007f8eff9fe000]
   java.lang.Thread.State: WAITING (on object monitor)
	at java.lang.Object.wait0(java.base@21.0.11/Native Method)
	- waiting on <no object reference available>
	at java.lang.Object.wait(java.base@21.0.11/Object.java:366)
	at java.lang.Object.wait(java.base@21.0.11/Object.java:339)
	at boxOfActin.Barrier.threadDone(Barrier.java:49)
	- locked <0x00000003e6f29e08> (a java.lang.Object)
	at boxOfActin.ThreadSet.done(ThreadSet.java:54)
	at boxOfActin.ThreadSet$ThreadSpawn.run(ThreadSet.java:38)

"Thread-208" #250 [1076728] daemon prio=5 os_prio=0 cpu=0.09ms elapsed=194.41s tid=0x00007f91883b13f0 nid=1076728 in Object.wait()  [0x00007f8eff8fe000]
   java.lang.Thread.State: WAITING (on object monitor)
	at java.lang.Object.wait0(java.base@21.0.11/Native Method)
	- waiting on <no object reference available>
	at java.lang.Object.wait(java.base@21.0.11/Object.java:366)
	at java.lang.Object.wait(java.base@21.0.11/Object.java:339)
	at boxOfActin.Barrier.threadDone(Barrier.java:49)
	- locked <0x00000003e6f2b8c8> (a java.lang.Object)
	at boxOfActin.ThreadSet.done(ThreadSet.java:54)
	at boxOfActin.ThreadSet$ThreadSpawn.run(ThreadSet.java:38)

"Thread-209" #251 [1076729] daemon prio=5 os_prio=0 cpu=0.06ms elapsed=194.41s tid=0x00007f91883b27f0 nid=1076729 in Object.wait()  [0x00007f8eff7fe000]
   java.lang.Thread.State: WAITING (on object monitor)
	at java.lang.Object.wait0(java.base@21.0.11/Native Method)
	- waiting on <no object reference available>
	at java.lang.Object.wait(java.base@21.0.11/Object.java:366)
	at java.lang.Object.wait(java.base@21.0.11/Object.java:339)
	at boxOfActin.Barrier.threadDone(Barrier.java:49)
	- locked <0x00000003e6f2b8c8> (a java.lang.Object)
	at boxOfActin.ThreadSet.done(ThreadSet.java:54)
	at boxOfActin.ThreadSet$ThreadSpawn.run(ThreadSet.java:38)

"Thread-210" #252 [1076730] daemon prio=5 os_prio=0 cpu=0.09ms elapsed=194.41s tid=0x00007f91883b3ad0 nid=1076730 in Object.wait()  [0x00007f8eff6fe000]
   java.lang.Thread.State: WAITING (on object monitor)
	at java.lang.Object.wait0(java.base@21.0.11/Native Method)
	- waiting on <no object reference available>
	at java.lang.Object.wait(java.base@21.0.11/Object.java:366)
	at java.lang.Object.wait(java.base@21.0.11/Object.java:339)
	at boxOfActin.Barrier.threadDone(Barrier.java:49)
	- locked <0x00000003e6f2b8c8> (a java.lang.Object)
	at boxOfActin.ThreadSet.done(ThreadSet.java:54)
	at boxOfActin.ThreadSet$ThreadSpawn.run(ThreadSet.java:38)

"Thread-211" #253 [1076731] daemon prio=5 os_prio=0 cpu=0.16ms elapsed=194.41s tid=0x00007f91883b4bb0 nid=1076731 in Object.wait()  [0x00007f8eff5fe000]
   java.lang.Thread.State: WAITING (on object monitor)
	at java.lang.Object.wait0(java.base@21.0.11/Native Method)
	- waiting on <no object reference available>
	at java.lang.Object.wait(java.base@21.0.11/Object.java:366)
	at java.lang.Object.wait(java.base@21.0.11/Object.java:339)
	at boxOfActin.Barrier.threadDone(Barrier.java:49)
	- locked <0x00000003e6f2b8c8> (a java.lang.Object)
	at boxOfActin.ThreadSet.done(ThreadSet.java:54)
	at boxOfActin.ThreadSet$ThreadSpawn.run(ThreadSet.java:38)

"Thread-212" #254 [1076732] daemon prio=5 os_prio=0 cpu=0.10ms elapsed=194.41s tid=0x00007f91883b7320 nid=1076732 in Object.wait()  [0x00007f8eff4fe000]
   java.lang.Thread.State: WAITING (on object monitor)
	at java.lang.Object.wait0(java.base@21.0.11/Native Method)
	- waiting on <no object reference available>
	at java.lang.Object.wait(java.base@21.0.11/Object.java:366)
	at java.lang.Object.wait(java.base@21.0.11/Object.java:339)
	at boxOfActin.Barrier.threadDone(Barrier.java:49)
	- locked <0x00000003e6f2b8c8> (a java.lang.Object)
	at boxOfActin.ThreadSet.done(ThreadSet.java:54)
	at boxOfActin.ThreadSet$ThreadSpawn.run(ThreadSet.java:38)

"Thread-213" #255 [1076733] daemon prio=5 os_prio=0 cpu=0.08ms elapsed=194.41s tid=0x00007f91883b86f0 nid=1076733 in Object.wait()  [0x00007f8eff3fe000]
   java.lang.Thread.State: WAITING (on object monitor)
	at java.lang.Object.wait0(java.base@21.0.11/Native Method)
	- waiting on <no object reference available>
	at java.lang.Object.wait(java.base@21.0.11/Object.java:366)
	at java.lang.Object.wait(java.base@21.0.11/Object.java:339)
	at boxOfActin.Barrier.threadDone(Barrier.java:49)
	- locked <0x00000003e6f2b8c8> (a java.lang.Object)
	at boxOfActin.ThreadSet.done(ThreadSet.java:54)
	at boxOfActin.ThreadSet$ThreadSpawn.run(ThreadSet.java:38)

"Thread-214" #256 [1076734] daemon prio=5 os_prio=0 cpu=0.05ms elapsed=194.41s tid=0x00007f91883b7fe0 nid=1076734 in Object.wait()  [0x00007f8eff2fe000]
   java.lang.Thread.State: WAITING (on object monitor)
	at java.lang.Object.wait0(java.base@21.0.11/Native Method)
	- waiting on <no object reference available>
	at java.lang.Object.wait(java.base@21.0.11/Object.java:366)
	at java.lang.Object.wait(java.base@21.0.11/Object.java:339)
	at boxOfActin.Barrier.threadDone(Barrier.java:49)
	- locked <0x00000003e6f2b8c8> (a java.lang.Object)
	at boxOfActin.ThreadSet.done(ThreadSet.java:54)
	at boxOfActin.ThreadSet$ThreadSpawn.run(ThreadSet.java:38)

"Thread-215" #257 [1076735] daemon prio=5 os_prio=0 cpu=0.09ms elapsed=194.41s tid=0x00007f91883b9570 nid=1076735 in Object.wait()  [0x00007f8eff1fe000]
   java.lang.Thread.State: WAITING (on object monitor)
	at java.lang.Object.wait0(java.base@21.0.11/Native Method)
	- waiting on <no object reference available>
	at java.lang.Object.wait(java.base@21.0.11/Object.java:366)
	at java.lang.Object.wait(java.base@21.0.11/Object.java:339)
	at boxOfActin.Barrier.threadDone(Barrier.java:49)
	- locked <0x00000003e6f2b8c8> (a java.lang.Object)
	at boxOfActin.ThreadSet.done(ThreadSet.java:54)
	at boxOfActin.ThreadSet$ThreadSpawn.run(ThreadSet.java:38)

"Thread-216" #258 [1076736] daemon prio=5 os_prio=0 cpu=0.04ms elapsed=194.41s tid=0x00007f91883bad80 nid=1076736 in Object.wait()  [0x00007f8eff0fe000]
   java.lang.Thread.State: WAITING (on object monitor)
	at java.lang.Object.wait0(java.base@21.0.11/Native Method)
	- waiting on <no object reference available>
	at java.lang.Object.wait(java.base@21.0.11/Object.java:366)
	at java.lang.Object.wait(java.base@21.0.11/Object.java:339)
	at boxOfActin.Barrier.threadDone(Barrier.java:49)
	- locked <0x00000003e6f2b8c8> (a java.lang.Object)
	at boxOfActin.ThreadSet.done(ThreadSet.java:54)
	at boxOfActin.ThreadSet$ThreadSpawn.run(ThreadSet.java:38)

"Thread-217" #259 [1076737] daemon prio=5 os_prio=0 cpu=0.05ms elapsed=194.41s tid=0x00007f91883bc320 nid=1076737 in Object.wait()  [0x00007f8efeffe000]
   java.lang.Thread.State: WAITING (on object monitor)
	at java.lang.Object.wait0(java.base@21.0.11/Native Method)
	- waiting on <no object reference available>
	at java.lang.Object.wait(java.base@21.0.11/Object.java:366)
	at java.lang.Object.wait(java.base@21.0.11/Object.java:339)
	at boxOfActin.Barrier.threadDone(Barrier.java:49)
	- locked <0x00000003e6f2b8c8> (a java.lang.Object)
	at boxOfActin.ThreadSet.done(ThreadSet.java:54)
	at boxOfActin.ThreadSet$ThreadSpawn.run(ThreadSet.java:38)

"Thread-218" #260 [1076738] daemon prio=5 os_prio=0 cpu=0.05ms elapsed=194.41s tid=0x00007f91883bd8c0 nid=1076738 in Object.wait()  [0x00007f8efeefe000]
   java.lang.Thread.State: WAITING (on object monitor)
	at java.lang.Object.wait0(java.base@21.0.11/Native Method)
	- waiting on <no object reference available>
	at java.lang.Object.wait(java.base@21.0.11/Object.java:366)
	at java.lang.Object.wait(java.base@21.0.11/Object.java:339)
	at boxOfActin.Barrier.threadDone(Barrier.java:49)
	- locked <0x00000003e6f2b8c8> (a java.lang.Object)
	at boxOfActin.ThreadSet.done(ThreadSet.java:54)
	at boxOfActin.ThreadSet$ThreadSpawn.run(ThreadSet.java:38)

"Thread-219" #261 [1076739] daemon prio=5 os_prio=0 cpu=0.05ms elapsed=194.41s tid=0x00007f91883bee70 nid=1076739 in Object.wait()  [0x00007f8efedfe000]
   java.lang.Thread.State: WAITING (on object monitor)
	at java.lang.Object.wait0(java.base@21.0.11/Native Method)
	- waiting on <no object reference available>
	at java.lang.Object.wait(java.base@21.0.11/Object.java:366)
	at java.lang.Object.wait(java.base@21.0.11/Object.java:339)
	at boxOfActin.Barrier.threadDone(Barrier.java:49)
	- locked <0x00000003e6f2b8c8> (a java.lang.Object)
	at boxOfActin.ThreadSet.done(ThreadSet.java:54)
	at boxOfActin.ThreadSet$ThreadSpawn.run(ThreadSet.java:38)

"Thread-220" #262 [1076740] daemon prio=5 os_prio=0 cpu=0.04ms elapsed=194.41s tid=0x00007f91883c0400 nid=1076740 in Object.wait()  [0x00007f8efecfe000]
   java.lang.Thread.State: WAITING (on object monitor)
	at java.lang.Object.wait0(java.base@21.0.11/Native Method)
	- waiting on <no object reference available>
	at java.lang.Object.wait(java.base@21.0.11/Object.java:366)
	at java.lang.Object.wait(java.base@21.0.11/Object.java:339)
	at boxOfActin.Barrier.threadDone(Barrier.java:49)
	- locked <0x00000003e6f2b8c8> (a java.lang.Object)
	at boxOfActin.ThreadSet.done(ThreadSet.java:54)
	at boxOfActin.ThreadSet$ThreadSpawn.run(ThreadSet.java:38)

"Thread-221" #263 [1076741] daemon prio=5 os_prio=0 cpu=0.06ms elapsed=194.41s tid=0x00007f91883c19a0 nid=1076741 in Object.wait()  [0x00007f8efebfe000]
   java.lang.Thread.State: WAITING (on object monitor)
	at java.lang.Object.wait0(java.base@21.0.11/Native Method)
	- waiting on <no object reference available>
	at java.lang.Object.wait(java.base@21.0.11/Object.java:366)
	at java.lang.Object.wait(java.base@21.0.11/Object.java:339)
	at boxOfActin.Barrier.threadDone(Barrier.java:49)
	- locked <0x00000003e6f2b8c8> (a java.lang.Object)
	at boxOfActin.ThreadSet.done(ThreadSet.java:54)
	at boxOfActin.ThreadSet$ThreadSpawn.run(ThreadSet.java:38)

"Thread-222" #264 [1076742] daemon prio=5 os_prio=0 cpu=0.07ms elapsed=194.41s tid=0x00007f91883c2f40 nid=1076742 in Object.wait()  [0x00007f8efeafe000]
   java.lang.Thread.State: WAITING (on object monitor)
	at java.lang.Object.wait0(java.base@21.0.11/Native Method)
	- waiting on <no object reference available>
	at java.lang.Object.wait(java.base@21.0.11/Object.java:366)
	at java.lang.Object.wait(java.base@21.0.11/Object.java:339)
	at boxOfActin.Barrier.threadDone(Barrier.java:49)
	- locked <0x00000003e6f2b8c8> (a java.lang.Object)
	at boxOfActin.ThreadSet.done(ThreadSet.java:54)
	at boxOfActin.ThreadSet$ThreadSpawn.run(ThreadSet.java:38)

"Thread-223" #265 [1076743] daemon prio=5 os_prio=0 cpu=0.05ms elapsed=194.41s tid=0x00007f91883c44f0 nid=1076743 in Object.wait()  [0x00007f8efe9fe000]
   java.lang.Thread.State: WAITING (on object monitor)
	at java.lang.Object.wait0(java.base@21.0.11/Native Method)
	- waiting on <no object reference available>
	at java.lang.Object.wait(java.base@21.0.11/Object.java:366)
	at java.lang.Object.wait(java.base@21.0.11/Object.java:339)
	at boxOfActin.Barrier.threadDone(Barrier.java:49)
	- locked <0x00000003e6f2b8c8> (a java.lang.Object)
	at boxOfActin.ThreadSet.done(ThreadSet.java:54)
	at boxOfActin.ThreadSet$ThreadSpawn.run(ThreadSet.java:38)

"Thread-224" #266 [1076744] daemon prio=5 os_prio=0 cpu=0.05ms elapsed=194.41s tid=0x00007f91883c83f0 nid=1076744 in Object.wait()  [0x00007f8efe8fe000]
   java.lang.Thread.State: WAITING (on object monitor)
	at java.lang.Object.wait0(java.base@21.0.11/Native Method)
	- waiting on <no object reference available>
	at java.lang.Object.wait(java.base@21.0.11/Object.java:366)
	at java.lang.Object.wait(java.base@21.0.11/Object.java:339)
	at boxOfActin.Barrier.threadDone(Barrier.java:49)
	- locked <0x00000003e6f40f48> (a java.lang.Object)
	at boxOfActin.ThreadSet.done(ThreadSet.java:54)
	at boxOfActin.ThreadSet$ThreadSpawn.run(ThreadSet.java:38)

"Thread-225" #267 [1076745] daemon prio=5 os_prio=0 cpu=0.07ms elapsed=194.41s tid=0x00007f91883c7720 nid=1076745 in Object.wait()  [0x00007f8efe7fe000]
   java.lang.Thread.State: WAITING (on object monitor)
	at java.lang.Object.wait0(java.base@21.0.11/Native Method)
	- waiting on <no object reference available>
	at java.lang.Object.wait(java.base@21.0.11/Object.java:366)
	at java.lang.Object.wait(java.base@21.0.11/Object.java:339)
	at boxOfActin.Barrier.threadDone(Barrier.java:49)
	- locked <0x00000003e6f40f48> (a java.lang.Object)
	at boxOfActin.ThreadSet.done(ThreadSet.java:54)
	at boxOfActin.ThreadSet$ThreadSpawn.run(ThreadSet.java:38)

"Thread-226" #268 [1076746] daemon prio=5 os_prio=0 cpu=0.05ms elapsed=194.41s tid=0x00007f91883c9520 nid=1076746 in Object.wait()  [0x00007f8efe6fe000]
   java.lang.Thread.State: WAITING (on object monitor)
	at java.lang.Object.wait0(java.base@21.0.11/Native Method)
	- waiting on <no object reference available>
	at java.lang.Object.wait(java.base@21.0.11/Object.java:366)
	at java.lang.Object.wait(java.base@21.0.11/Object.java:339)
	at boxOfActin.Barrier.threadDone(Barrier.java:49)
	- locked <0x00000003e6f40f48> (a java.lang.Object)
	at boxOfActin.ThreadSet.done(ThreadSet.java:54)
	at boxOfActin.ThreadSet$ThreadSpawn.run(ThreadSet.java:38)

"Thread-227" #269 [1076747] daemon prio=5 os_prio=0 cpu=0.09ms elapsed=194.41s tid=0x00007f91883cb1b0 nid=1076747 in Object.wait()  [0x00007f8efe5fe000]
   java.lang.Thread.State: WAITING (on object monitor)
	at java.lang.Object.wait0(java.base@21.0.11/Native Method)
	- waiting on <no object reference available>
	at java.lang.Object.wait(java.base@21.0.11/Object.java:366)
	at java.lang.Object.wait(java.base@21.0.11/Object.java:339)
	at boxOfActin.Barrier.threadDone(Barrier.java:49)
	- locked <0x00000003e6f40f48> (a java.lang.Object)
	at boxOfActin.ThreadSet.done(ThreadSet.java:54)
	at boxOfActin.ThreadSet$ThreadSpawn.run(ThreadSet.java:38)

"Thread-228" #270 [1076748] daemon prio=5 os_prio=0 cpu=0.04ms elapsed=194.41s tid=0x00007f91883cbee0 nid=1076748 in Object.wait()  [0x00007f8efe4fe000]
   java.lang.Thread.State: WAITING (on object monitor)
	at java.lang.Object.wait0(java.base@21.0.11/Native Method)
	- waiting on <no object reference available>
	at java.lang.Object.wait(java.base@21.0.11/Object.java:366)
	at java.lang.Object.wait(java.base@21.0.11/Object.java:339)
	at boxOfActin.Barrier.threadDone(Barrier.java:49)
	- locked <0x00000003e6f40f48> (a java.lang.Object)
	at boxOfActin.ThreadSet.done(ThreadSet.java:54)
	at boxOfActin.ThreadSet$ThreadSpawn.run(ThreadSet.java:38)

"Thread-229" #271 [1076749] daemon prio=5 os_prio=0 cpu=0.07ms elapsed=194.41s tid=0x00007f91883cd480 nid=1076749 in Object.wait()  [0x00007f8efe3fe000]
   java.lang.Thread.State: WAITING (on object monitor)
	at java.lang.Object.wait0(java.base@21.0.11/Native Method)
	- waiting on <no object reference available>
	at java.lang.Object.wait(java.base@21.0.11/Object.java:366)
	at java.lang.Object.wait(java.base@21.0.11/Object.java:339)
	at boxOfActin.Barrier.threadDone(Barrier.java:49)
	- locked <0x00000003e6f40f48> (a java.lang.Object)
	at boxOfActin.ThreadSet.done(ThreadSet.java:54)
	at boxOfActin.ThreadSet$ThreadSpawn.run(ThreadSet.java:38)

"Thread-230" #272 [1076750] daemon prio=5 os_prio=0 cpu=0.06ms elapsed=194.41s tid=0x00007f91883cea20 nid=1076750 in Object.wait()  [0x00007f8efe2fe000]
   java.lang.Thread.State: WAITING (on object monitor)
	at java.lang.Object.wait0(java.base@21.0.11/Native Method)
	- waiting on <no object reference available>
	at java.lang.Object.wait(java.base@21.0.11/Object.java:366)
	at java.lang.Object.wait(java.base@21.0.11/Object.java:339)
	at boxOfActin.Barrier.threadDone(Barrier.java:49)
	- locked <0x00000003e6f40f48> (a java.lang.Object)
	at boxOfActin.ThreadSet.done(ThreadSet.java:54)
	at boxOfActin.ThreadSet$ThreadSpawn.run(ThreadSet.java:38)

"Thread-231" #273 [1076751] daemon prio=5 os_prio=0 cpu=0.13ms elapsed=194.41s tid=0x00007f91883cffd0 nid=1076751 in Object.wait()  [0x00007f8efe1fe000]
   java.lang.Thread.State: WAITING (on object monitor)
	at java.lang.Object.wait0(java.base@21.0.11/Native Method)
	- waiting on <no object reference available>
	at java.lang.Object.wait(java.base@21.0.11/Object.java:366)
	at java.lang.Object.wait(java.base@21.0.11/Object.java:339)
	at boxOfActin.Barrier.threadDone(Barrier.java:49)
	- locked <0x00000003e6f40f48> (a java.lang.Object)
	at boxOfActin.ThreadSet.done(ThreadSet.java:54)
	at boxOfActin.ThreadSet$ThreadSpawn.run(ThreadSet.java:38)

"Thread-232" #274 [1076752] daemon prio=5 os_prio=0 cpu=0.07ms elapsed=194.41s tid=0x00007f91883d17e0 nid=1076752 in Object.wait()  [0x00007f8efe0fe000]
   java.lang.Thread.State: WAITING (on object monitor)
	at java.lang.Object.wait0(java.base@21.0.11/Native Method)
	- waiting on <no object reference available>
	at java.lang.Object.wait(java.base@21.0.11/Object.java:366)
	at java.lang.Object.wait(java.base@21.0.11/Object.java:339)
	at boxOfActin.Barrier.threadDone(Barrier.java:49)
	- locked <0x00000003e6f40f48> (a java.lang.Object)
	at boxOfActin.ThreadSet.done(ThreadSet.java:54)
	at boxOfActin.ThreadSet$ThreadSpawn.run(ThreadSet.java:38)

"Thread-233" #275 [1076753] daemon prio=5 os_prio=0 cpu=0.11ms elapsed=194.41s tid=0x00007f91883d2d80 nid=1076753 in Object.wait()  [0x00007f8efdffe000]
   java.lang.Thread.State: WAITING (on object monitor)
	at java.lang.Object.wait0(java.base@21.0.11/Native Method)
	- waiting on <no object reference available>
	at java.lang.Object.wait(java.base@21.0.11/Object.java:366)
	at java.lang.Object.wait(java.base@21.0.11/Object.java:339)
	at boxOfActin.Barrier.threadDone(Barrier.java:49)
	- locked <0x00000003e6f40f48> (a java.lang.Object)
	at boxOfActin.ThreadSet.done(ThreadSet.java:54)
	at boxOfActin.ThreadSet$ThreadSpawn.run(ThreadSet.java:38)

"Thread-234" #276 [1076754] daemon prio=5 os_prio=0 cpu=0.07ms elapsed=194.41s tid=0x00007f91883d4320 nid=1076754 in Object.wait()  [0x00007f8efdefe000]
   java.lang.Thread.State: WAITING (on object monitor)
	at java.lang.Object.wait0(java.base@21.0.11/Native Method)
	- waiting on <no object reference available>
	at java.lang.Object.wait(java.base@21.0.11/Object.java:366)
	at java.lang.Object.wait(java.base@21.0.11/Object.java:339)
	at boxOfActin.Barrier.threadDone(Barrier.java:49)
	- locked <0x00000003e6f40f48> (a java.lang.Object)
	at boxOfActin.ThreadSet.done(ThreadSet.java:54)
	at boxOfActin.ThreadSet$ThreadSpawn.run(ThreadSet.java:38)

"Thread-235" #277 [1076755] daemon prio=5 os_prio=0 cpu=0.11ms elapsed=194.41s tid=0x00007f91883d58d0 nid=1076755 in Object.wait()  [0x00007f8efddfe000]
   java.lang.Thread.State: WAITING (on object monitor)
	at java.lang.Object.wait0(java.base@21.0.11/Native Method)
	- waiting on <no object reference available>
	at java.lang.Object.wait(java.base@21.0.11/Object.java:366)
	at java.lang.Object.wait(java.base@21.0.11/Object.java:339)
	at boxOfActin.Barrier.threadDone(Barrier.java:49)
	- locked <0x00000003e6f40f48> (a java.lang.Object)
	at boxOfActin.ThreadSet.done(ThreadSet.java:54)
	at boxOfActin.ThreadSet$ThreadSpawn.run(ThreadSet.java:38)

"Thread-236" #278 [1076756] daemon prio=5 os_prio=0 cpu=0.07ms elapsed=194.41s tid=0x00007f91883d6e60 nid=1076756 in Object.wait()  [0x00007f8efdcfe000]
   java.lang.Thread.State: WAITING (on object monitor)
	at java.lang.Object.wait0(java.base@21.0.11/Native Method)
	- waiting on <no object reference available>
	at java.lang.Object.wait(java.base@21.0.11/Object.java:366)
	at java.lang.Object.wait(java.base@21.0.11/Object.java:339)
	at boxOfActin.Barrier.threadDone(Barrier.java:49)
	- locked <0x00000003e6f40f48> (a java.lang.Object)
	at boxOfActin.ThreadSet.done(ThreadSet.java:54)
	at boxOfActin.ThreadSet$ThreadSpawn.run(ThreadSet.java:38)

"Thread-237" #279 [1076757] daemon prio=5 os_prio=0 cpu=0.11ms elapsed=194.41s tid=0x00007f91883d8400 nid=1076757 in Object.wait()  [0x00007f8efdbfe000]
   java.lang.Thread.State: WAITING (on object monitor)
	at java.lang.Object.wait0(java.base@21.0.11/Native Method)
	- waiting on <no object reference available>
	at java.lang.Object.wait(java.base@21.0.11/Object.java:366)
	at java.lang.Object.wait(java.base@21.0.11/Object.java:339)
	at boxOfActin.Barrier.threadDone(Barrier.java:49)
	- locked <0x00000003e6f40f48> (a java.lang.Object)
	at boxOfActin.ThreadSet.done(ThreadSet.java:54)
	at boxOfActin.ThreadSet$ThreadSpawn.run(ThreadSet.java:38)

"Thread-238" #280 [1076758] daemon prio=5 os_prio=0 cpu=0.07ms elapsed=194.41s tid=0x00007f91883d99a0 nid=1076758 in Object.wait()  [0x00007f8efdafe000]
   java.lang.Thread.State: WAITING (on object monitor)
	at java.lang.Object.wait0(java.base@21.0.11/Native Method)
	- waiting on <no object reference available>
	at java.lang.Object.wait(java.base@21.0.11/Object.java:366)
	at java.lang.Object.wait(java.base@21.0.11/Object.java:339)
	at boxOfActin.Barrier.threadDone(Barrier.java:49)
	- locked <0x00000003e6f40f48> (a java.lang.Object)
	at boxOfActin.ThreadSet.done(ThreadSet.java:54)
	at boxOfActin.ThreadSet$ThreadSpawn.run(ThreadSet.java:38)

"Thread-239" #281 [1076759] daemon prio=5 os_prio=0 cpu=0.09ms elapsed=194.41s tid=0x00007f91883daf50 nid=1076759 in Object.wait()  [0x00007f8efd9fe000]
   java.lang.Thread.State: WAITING (on object monitor)
	at java.lang.Object.wait0(java.base@21.0.11/Native Method)
	- waiting on <no object reference available>
	at java.lang.Object.wait(java.base@21.0.11/Object.java:366)
	at java.lang.Object.wait(java.base@21.0.11/Object.java:339)
	at boxOfActin.Barrier.threadDone(Barrier.java:49)
	- locked <0x00000003e6f40f48> (a java.lang.Object)
	at boxOfActin.ThreadSet.done(ThreadSet.java:54)
	at boxOfActin.ThreadSet$ThreadSpawn.run(ThreadSet.java:38)

"Thread-240" #282 [1076760] daemon prio=5 os_prio=0 cpu=599.15ms elapsed=194.41s tid=0x00007f91883de280 nid=1076760 in Object.wait()  [0x00007f8efd8fe000]
   java.lang.Thread.State: WAITING (on object monitor)
	at java.lang.Object.wait0(java.base@21.0.11/Native Method)
	- waiting on <no object reference available>
	at java.lang.Object.wait(java.base@21.0.11/Object.java:366)
	at java.lang.Object.wait(java.base@21.0.11/Object.java:339)
	at boxOfActin.Barrier.threadDone(Barrier.java:49)
	- locked <0x00000003e6f427f0> (a java.lang.Object)
	at boxOfActin.ThreadSet.done(ThreadSet.java:54)
	at boxOfActin.ThreadSet$ThreadSpawn.run(ThreadSet.java:41)

"Thread-241" #283 [1076761] daemon prio=5 os_prio=0 cpu=601.20ms elapsed=194.41s tid=0x00007f91883dda80 nid=1076761 in Object.wait()  [0x00007f8efd7fe000]
   java.lang.Thread.State: WAITING (on object monitor)
	at java.lang.Object.wait0(java.base@21.0.11/Native Method)
	- waiting on <no object reference available>
	at java.lang.Object.wait(java.base@21.0.11/Object.java:366)
	at java.lang.Object.wait(java.base@21.0.11/Object.java:339)
	at boxOfActin.Barrier.threadDone(Barrier.java:49)
	- locked <0x00000003e6f427f0> (a java.lang.Object)
	at boxOfActin.ThreadSet.done(ThreadSet.java:54)
	at boxOfActin.ThreadSet$ThreadSpawn.run(ThreadSet.java:41)

"Thread-242" #284 [1076762] daemon prio=5 os_prio=0 cpu=588.68ms elapsed=194.41s tid=0x00007f91883df1c0 nid=1076762 in Object.wait()  [0x00007f8efd6fe000]
   java.lang.Thread.State: WAITING (on object monitor)
	at java.lang.Object.wait0(java.base@21.0.11/Native Method)
	- waiting on <no object reference available>
	at java.lang.Object.wait(java.base@21.0.11/Object.java:366)
	at java.lang.Object.wait(java.base@21.0.11/Object.java:339)
	at boxOfActin.Barrier.threadDone(Barrier.java:49)
	- locked <0x00000003e6f427f0> (a java.lang.Object)
	at boxOfActin.ThreadSet.done(ThreadSet.java:54)
	at boxOfActin.ThreadSet$ThreadSpawn.run(ThreadSet.java:41)

"Thread-243" #285 [1076763] daemon prio=5 os_prio=0 cpu=568.60ms elapsed=194.41s tid=0x00007f91883e0770 nid=1076763 in Object.wait()  [0x00007f8efd5fe000]
   java.lang.Thread.State: WAITING (on object monitor)
	at java.lang.Object.wait0(java.base@21.0.11/Native Method)
	- waiting on <no object reference available>
	at java.lang.Object.wait(java.base@21.0.11/Object.java:366)
	at java.lang.Object.wait(java.base@21.0.11/Object.java:339)
	at boxOfActin.Barrier.threadDone(Barrier.java:49)
	- locked <0x00000003e6f427f0> (a java.lang.Object)
	at boxOfActin.ThreadSet.done(ThreadSet.java:54)
	at boxOfActin.ThreadSet$ThreadSpawn.run(ThreadSet.java:41)

"Thread-244" #286 [1076764] daemon prio=5 os_prio=0 cpu=544.30ms elapsed=194.41s tid=0x00007f91883e1d00 nid=1076764 in Object.wait()  [0x00007f8efd4fe000]
   java.lang.Thread.State: WAITING (on object monitor)
	at java.lang.Object.wait0(java.base@21.0.11/Native Method)
	- waiting on <no object reference available>
	at java.lang.Object.wait(java.base@21.0.11/Object.java:366)
	at java.lang.Object.wait(java.base@21.0.11/Object.java:339)
	at boxOfActin.Barrier.threadDone(Barrier.java:49)
	- locked <0x00000003e6f427f0> (a java.lang.Object)
	at boxOfActin.ThreadSet.done(ThreadSet.java:54)
	at boxOfActin.ThreadSet$ThreadSpawn.run(ThreadSet.java:41)

"Thread-245" #287 [1076765] daemon prio=5 os_prio=0 cpu=529.76ms elapsed=194.41s tid=0x00007f91883e32a0 nid=1076765 in Object.wait()  [0x00007f8efd3fe000]
   java.lang.Thread.State: WAITING (on object monitor)
	at java.lang.Object.wait0(java.base@21.0.11/Native Method)
	- waiting on <no object reference available>
	at java.lang.Object.wait(java.base@21.0.11/Object.java:366)
	at java.lang.Object.wait(java.base@21.0.11/Object.java:339)
	at boxOfActin.Barrier.threadDone(Barrier.java:49)
	- locked <0x00000003e6f427f0> (a java.lang.Object)
	at boxOfActin.ThreadSet.done(ThreadSet.java:54)
	at boxOfActin.ThreadSet$ThreadSpawn.run(ThreadSet.java:41)

"Thread-246" #288 [1076766] daemon prio=5 os_prio=0 cpu=548.01ms elapsed=194.41s tid=0x00007f91883e4840 nid=1076766 in Object.wait()  [0x00007f8efd2fe000]
   java.lang.Thread.State: WAITING (on object monitor)
	at java.lang.Object.wait0(java.base@21.0.11/Native Method)
	- waiting on <no object reference available>
	at java.lang.Object.wait(java.base@21.0.11/Object.java:366)
	at java.lang.Object.wait(java.base@21.0.11/Object.java:339)
	at boxOfActin.Barrier.threadDone(Barrier.java:49)
	- locked <0x00000003e6f427f0> (a java.lang.Object)
	at boxOfActin.ThreadSet.done(ThreadSet.java:54)
	at boxOfActin.ThreadSet$ThreadSpawn.run(ThreadSet.java:41)

"Thread-247" #289 [1076767] daemon prio=5 os_prio=0 cpu=536.54ms elapsed=194.41s tid=0x00007f91883e5df0 nid=1076767 in Object.wait()  [0x00007f8efd1fe000]
   java.lang.Thread.State: WAITING (on object monitor)
	at java.lang.Object.wait0(java.base@21.0.11/Native Method)
	- waiting on <no object reference available>
	at java.lang.Object.wait(java.base@21.0.11/Object.java:366)
	at java.lang.Object.wait(java.base@21.0.11/Object.java:339)
	at boxOfActin.Barrier.threadDone(Barrier.java:49)
	- locked <0x00000003e6f427f0> (a java.lang.Object)
	at boxOfActin.ThreadSet.done(ThreadSet.java:54)
	at boxOfActin.ThreadSet$ThreadSpawn.run(ThreadSet.java:41)

"Thread-248" #290 [1076768] daemon prio=5 os_prio=0 cpu=514.70ms elapsed=194.41s tid=0x00007f91883e7720 nid=1076768 in Object.wait()  [0x00007f8efd0fe000]
   java.lang.Thread.State: WAITING (on object monitor)
	at java.lang.Object.wait0(java.base@21.0.11/Native Method)
	- waiting on <no object reference available>
	at java.lang.Object.wait(java.base@21.0.11/Object.java:366)
	at java.lang.Object.wait(java.base@21.0.11/Object.java:339)
	at boxOfActin.Barrier.threadDone(Barrier.java:49)
	- locked <0x00000003e6f427f0> (a java.lang.Object)
	at boxOfActin.ThreadSet.done(ThreadSet.java:54)
	at boxOfActin.ThreadSet$ThreadSpawn.run(ThreadSet.java:41)

"Thread-249" #291 [1076769] daemon prio=5 os_prio=0 cpu=535.60ms elapsed=194.41s tid=0x00007f91883e8cc0 nid=1076769 in Object.wait()  [0x00007f8efcffe000]
   java.lang.Thread.State: WAITING (on object monitor)
	at java.lang.Object.wait0(java.base@21.0.11/Native Method)
	- waiting on <no object reference available>
	at java.lang.Object.wait(java.base@21.0.11/Object.java:366)
	at java.lang.Object.wait(java.base@21.0.11/Object.java:339)
	at boxOfActin.Barrier.threadDone(Barrier.java:49)
	- locked <0x00000003e6f427f0> (a java.lang.Object)
	at boxOfActin.ThreadSet.done(ThreadSet.java:54)
	at boxOfActin.ThreadSet$ThreadSpawn.run(ThreadSet.java:41)

"Thread-250" #292 [1076770] daemon prio=5 os_prio=0 cpu=494.80ms elapsed=194.41s tid=0x00007f91883ea250 nid=1076770 in Object.wait()  [0x00007f8efcefe000]
   java.lang.Thread.State: WAITING (on object monitor)
	at java.lang.Object.wait0(java.base@21.0.11/Native Method)
	- waiting on <no object reference available>
	at java.lang.Object.wait(java.base@21.0.11/Object.java:366)
	at java.lang.Object.wait(java.base@21.0.11/Object.java:339)
	at boxOfActin.Barrier.threadDone(Barrier.java:49)
	- locked <0x00000003e6f427f0> (a java.lang.Object)
	at boxOfActin.ThreadSet.done(ThreadSet.java:54)
	at boxOfActin.ThreadSet$ThreadSpawn.run(ThreadSet.java:41)

"Thread-251" #293 [1076771] daemon prio=5 os_prio=0 cpu=518.77ms elapsed=194.41s tid=0x00007f91883eb7f0 nid=1076771 in Object.wait()  [0x00007f8efcdfe000]
   java.lang.Thread.State: WAITING (on object monitor)
	at java.lang.Object.wait0(java.base@21.0.11/Native Method)
	- waiting on <no object reference available>
	at java.lang.Object.wait(java.base@21.0.11/Object.java:366)
	at java.lang.Object.wait(java.base@21.0.11/Object.java:339)
	at boxOfActin.Barrier.threadDone(Barrier.java:49)
	- locked <0x00000003e6f427f0> (a java.lang.Object)
	at boxOfActin.ThreadSet.done(ThreadSet.java:54)
	at boxOfActin.ThreadSet$ThreadSpawn.run(ThreadSet.java:41)

"Thread-252" #294 [1076772] daemon prio=5 os_prio=0 cpu=505.20ms elapsed=194.41s tid=0x00007f91883ec9a0 nid=1076772 in Object.wait()  [0x00007f8efccfe000]
   java.lang.Thread.State: WAITING (on object monitor)
	at java.lang.Object.wait0(java.base@21.0.11/Native Method)
	- waiting on <no object reference available>
	at java.lang.Object.wait(java.base@21.0.11/Object.java:366)
	at java.lang.Object.wait(java.base@21.0.11/Object.java:339)
	at boxOfActin.Barrier.threadDone(Barrier.java:49)
	- locked <0x00000003e6f427f0> (a java.lang.Object)
	at boxOfActin.ThreadSet.done(ThreadSet.java:54)
	at boxOfActin.ThreadSet$ThreadSpawn.run(ThreadSet.java:41)

"Thread-253" #295 [1076773] daemon prio=5 os_prio=0 cpu=523.81ms elapsed=194.41s tid=0x00007f91883edf50 nid=1076773 in Object.wait()  [0x00007f8efcbfe000]
   java.lang.Thread.State: WAITING (on object monitor)
	at java.lang.Object.wait0(java.base@21.0.11/Native Method)
	- waiting on <no object reference available>
	at java.lang.Object.wait(java.base@21.0.11/Object.java:366)
	at java.lang.Object.wait(java.base@21.0.11/Object.java:339)
	at boxOfActin.Barrier.threadDone(Barrier.java:49)
	- locked <0x00000003e6f427f0> (a java.lang.Object)
	at boxOfActin.ThreadSet.done(ThreadSet.java:54)
	at boxOfActin.ThreadSet$ThreadSpawn.run(ThreadSet.java:41)

"Thread-254" #296 [1076774] daemon prio=5 os_prio=0 cpu=526.44ms elapsed=194.41s tid=0x00007f91883ef4e0 nid=1076774 in Object.wait()  [0x00007f8efcafe000]
   java.lang.Thread.State: WAITING (on object monitor)
	at java.lang.Object.wait0(java.base@21.0.11/Native Method)
	- waiting on <no object reference available>
	at java.lang.Object.wait(java.base@21.0.11/Object.java:366)
	at java.lang.Object.wait(java.base@21.0.11/Object.java:339)
	at boxOfActin.Barrier.threadDone(Barrier.java:49)
	- locked <0x00000003e6f427f0> (a java.lang.Object)
	at boxOfActin.ThreadSet.done(ThreadSet.java:54)
	at boxOfActin.ThreadSet$ThreadSpawn.run(ThreadSet.java:41)

"Thread-255" #297 [1076775] daemon prio=5 os_prio=0 cpu=515.02ms elapsed=194.41s tid=0x00007f91883f0690 nid=1076775 in Object.wait()  [0x00007f8efc9fe000]
   java.lang.Thread.State: WAITING (on object monitor)
	at java.lang.Object.wait0(java.base@21.0.11/Native Method)
	- waiting on <no object reference available>
	at java.lang.Object.wait(java.base@21.0.11/Object.java:366)
	at java.lang.Object.wait(java.base@21.0.11/Object.java:339)
	at boxOfActin.Barrier.threadDone(Barrier.java:49)
	- locked <0x00000003e6f427f0> (a java.lang.Object)
	at boxOfActin.ThreadSet.done(ThreadSet.java:54)
	at boxOfActin.ThreadSet$ThreadSpawn.run(ThreadSet.java:41)

"Thread-256" #298 [1076777] prio=5 os_prio=0 cpu=4411.65ms elapsed=194.39s tid=0x00007f91883fc900 nid=1076777 in Object.wait()  [0x00007f8efc7fe000]
   java.lang.Thread.State: WAITING (on object monitor)
	at java.lang.Object.wait0(java.base@21.0.11/Native Method)
	- waiting on <no object reference available>
	at java.lang.Object.wait(java.base@21.0.11/Object.java:366)
	at java.lang.Object.wait(java.base@21.0.11/Object.java:339)
	at boxOfActin.Barrier.waitOnThreads(Barrier.java:30)
	- locked <0x00000001386908d0> (a java.lang.Object)
	at boxOfActin.ThreadSet.gather(ThreadSet.java:53)
	at boxOfActin.Thing$ThingStepThreads.regroup(Thing.java:259)
	at boxOfActin.BoxOfActin.waitOnAllThreadSets(BoxOfActin.java:973)
	at boxOfActin.BoxOfActin.doLoop(BoxOfActin.java:1200)
	- locked <0x000000011ec71588> (a java.lang.Object)
	at boxOfActin.BoxOfActin$TimeLoop.run(BoxOfActin.java:851)

"DestroyJavaVM" #299 [1076419] prio=5 os_prio=0 cpu=12433.08ms elapsed=194.39s tid=0x00007f9188020450 nid=1076419 waiting on condition  [0x0000000000000000]
   java.lang.Thread.State: RUNNABLE

"GC Thread#12" os_prio=0 cpu=123933.11ms elapsed=211.50s tid=0x00007f90e401e970 nid=1076534 runnable  

"G1 Conc#2" os_prio=0 cpu=6147.64ms elapsed=211.66s tid=0x00007f9140001cc0 nid=1076531 runnable  

"G1 Conc#1" os_prio=0 cpu=6040.52ms elapsed=211.66s tid=0x00007f9140000d80 nid=1076530 runnable  

"GC Thread#11" os_prio=0 cpu=124292.13ms elapsed=211.70s tid=0x00007f90e4012290 nid=1076487 runnable  

"GC Thread#10" os_prio=0 cpu=124232.03ms elapsed=211.70s tid=0x00007f90e4011320 nid=1076486 runnable  

"GC Thread#9" os_prio=0 cpu=124118.39ms elapsed=211.70s tid=0x00007f90e40103b0 nid=1076485 runnable  

"GC Thread#8" os_prio=0 cpu=124337.87ms elapsed=211.70s tid=0x00007f90e400f440 nid=1076484 runnable  

"GC Thread#7" os_prio=0 cpu=123799.52ms elapsed=211.70s tid=0x00007f90e400e4d0 nid=1076483 runnable  

"GC Thread#6" os_prio=0 cpu=124565.73ms elapsed=211.70s tid=0x00007f90e400d560 nid=1076482 runnable  

"GC Thread#5" os_prio=0 cpu=123827.29ms elapsed=211.70s tid=0x00007f90e400c630 nid=1076481 runnable  

"GC Thread#4" os_prio=0 cpu=124376.93ms elapsed=211.70s tid=0x00007f90e400b730 nid=1076480 runnable  

"GC Thread#3" os_prio=0 cpu=124330.93ms elapsed=211.70s tid=0x00007f90e400a830 nid=1076479 runnable  

"GC Thread#2" os_prio=0 cpu=123784.52ms elapsed=211.70s tid=0x00007f90e4009930 nid=1076478 runnable  

"GC Thread#1" os_prio=0 cpu=123877.72ms elapsed=211.70s tid=0x00007f90e4008a30 nid=1076477 runnable  

"VM Thread" os_prio=0 cpu=582.54ms elapsed=211.81s tid=0x00007f91880df500 nid=1076426 runnable  

"VM Periodic Task Thread" os_prio=0 cpu=78.22ms elapsed=211.81s tid=0x00007f91880cd470 nid=1076425 waiting on condition  

"G1 Service" os_prio=0 cpu=7.01ms elapsed=211.82s tid=0x00007f91880b3cd0 nid=1076424 runnable  

"G1 Refine#0" os_prio=0 cpu=134.51ms elapsed=211.82s tid=0x00007f91880b2cf0 nid=1076423 runnable  

"G1 Conc#0" os_prio=0 cpu=6153.77ms elapsed=211.82s tid=0x00007f918805d290 nid=1076422 runnable  

"G1 Main Marker" os_prio=0 cpu=1.64ms elapsed=211.82s tid=0x00007f918805c2d0 nid=1076421 runnable  

"GC Thread#0" os_prio=0 cpu=124047.68ms elapsed=211.82s tid=0x00007f918804cd40 nid=1076420 runnable  

JNI global refs: 17, weak refs: 0

Heap
 garbage-first heap   total 29360128K, used 29348140K [0x0000000100000000, 0x0000000800000000)
  region size 16384K, 0 young (0K), 0 survivors (0K)
 Metaspace       used 3475K, committed 3648K, reserved 1114112K
  class space    used 212K, committed 320K, reserved 1048576K

