WARNING: Using incubator modules: jdk.incubator.vector
[TELEPORT_DIAG] enabled=false threshold=0.1
Loading parameter values from /home/jba/Code/BoA/ParameterFiles/glidingAssay500_val...
     Parameter assigned: deltaT set to 1.0E-5
     Parameter assigned: biochemDeltaT set to 0.01
     Parameter assigned: collisionDeltaT set to 1.0E-5
     Parameter assigned: brownianDeltaT set to 1.0E-5
     Parameter assigned: runTime set to 0.1
     Parameter assigned: toFileInterval set to 100
     Parameter assigned: remoteWriteInterval set to 1000
     Parameter assigned: fracMove set to 0.5
     Parameter assigned: fracR set to 0.1
     Parameter assigned: fracMoveTorq set to 0.2
     Parameter assigned: boxXDim set to 14.0
     Parameter assigned: boxYDim set to 2.0
     Parameter assigned: boxZDim set to 0.5
     Parameter assigned: aeta set to 0.1
     Parameter assigned: noMonomersSimd set to true
     Parameter assigned: kRdmNuc set to 0.0
     Parameter assigned: kNodeNuc set to 0.0
     Parameter assigned: initialFilaments set to 0
     Parameter assigned: initialMyoMiniFils set to 0
     Parameter assigned: equilNodes set to 0
     Parameter assigned: glidingAssay set to true
     Parameter assigned: externalDensitySweep set to true
     Parameter assigned: fixedMyosinDensity set to 500.0
     Parameter assigned: fixedMyosinZValue set to -0.05
     Parameter assigned: glidingFilamentLength set to 2.0
     Parameter assigned: filSegLength set to 64
Done... there were 0 misunderstandings.
**************************************************************
Eulerian Mesh stats:
nXBins = 71; xBinWidth = 0.2 µm
nYBins = 11; yBinWidth = 0.2 µm
binDepth = 1000
**************************************************************
MotorBindGrid3D: 71 x 11 x 4 cells (0.2 µm each)
GPUMoveThing: slotCap=84004 myoCap=28000 moveBlock=64 jointBlock=64 runSeed=-285867265 nWorkers=16
GPUMotorBinding: motorCap=500000 segCap=1000000 totalCells=3124 contentsCap=3124000 bindBlk=64 segBboxBlk=128
GPUMoveThing: slotCap=84004 myoCap=28000 moveBlock=64 jointBlock=64 runSeed=-285867265 nWorkers=16
GPUMoveThing: slotCap=84004 myoCap=28000 moveBlock=64 jointBlock=64 runSeed=-285867265 nWorkers=16
GPUMoveThing: slotCap=84004 myoCap=28000 moveBlock=64 jointBlock=64 runSeed=-285867265 nWorkers=16
GPUMoveThing: slotCap=84004 myoCap=28000 moveBlock=64 jointBlock=64 runSeed=-285867265 nWorkers=16
GPUMoveThing: slotCap=84004 myoCap=28000 moveBlock=64 jointBlock=64 runSeed=-285867265 nWorkers=16
GPUMoveThing: slotCap=84004 myoCap=28000 moveBlock=64 jointBlock=64 runSeed=-285867265 nWorkers=16
GPUMoveThing: slotCap=84004 myoCap=28000 moveBlock=64 jointBlock=64 runSeed=-285867265 nWorkers=16
GPUMoveThing: slotCap=84004 myoCap=28000 moveBlock=64 jointBlock=64 runSeed=-285867265 nWorkers=16
GPUMoveThing: slotCap=84004 myoCap=28000 moveBlock=64 jointBlock=64 runSeed=-285867265 nWorkers=16
GPUMoveThing: slotCap=84004 myoCap=28000 moveBlock=64 jointBlock=64 runSeed=-285867265 nWorkers=16
[PARITY] resident plan built: motorCap=500000 segCap=1000000 totalCells=3124 contentsCap=3124000
[PARITY step=100] M=14000 S=11 resident dispatch 132.066 ms
[PARITY step=100] boundSegId: mismatches=0 (hostHit+devMiss=0  hostMiss+devHit=0  bothDifferent=0  firstMotor=-1)
[PARITY step=100] arcOnFilDev (matched-seg only): matched=0  maxAbs=0.000e+00  meanAbs=0.000e+00  rms=0.000e+00
[PARITY step=100] verdict: {kernel-math-correct}
[PARITY step=101] M=14000 S=11 resident dispatch 5.018 ms
[PARITY step=101] boundSegId: mismatches=0 (hostHit+devMiss=0  hostMiss+devHit=0  bothDifferent=0  firstMotor=-1)
[PARITY step=101] arcOnFilDev (matched-seg only): matched=0  maxAbs=0.000e+00  meanAbs=0.000e+00  rms=0.000e+00
[PARITY step=101] verdict: {kernel-math-correct}
[PARITY step=102] M=14000 S=11 resident dispatch 4.789 ms
[PARITY step=102] boundSegId: mismatches=0 (hostHit+devMiss=0  hostMiss+devHit=0  bothDifferent=0  firstMotor=-1)
[PARITY step=102] arcOnFilDev (matched-seg only): matched=0  maxAbs=0.000e+00  meanAbs=0.000e+00  rms=0.000e+00
[PARITY step=102] verdict: {kernel-math-correct}
[PARITY step=103] M=14000 S=11 resident dispatch 4.658 ms
[PARITY step=103] boundSegId: mismatches=0 (hostHit+devMiss=0  hostMiss+devHit=0  bothDifferent=0  firstMotor=-1)
[PARITY step=103] arcOnFilDev (matched-seg only): matched=0  maxAbs=0.000e+00  meanAbs=0.000e+00  rms=0.000e+00
[PARITY step=103] verdict: {kernel-math-correct}
[PARITY step=104] M=14000 S=11 resident dispatch 4.683 ms
[PARITY step=104] boundSegId: mismatches=0 (hostHit+devMiss=0  hostMiss+devHit=0  bothDifferent=0  firstMotor=-1)
[PARITY step=104] arcOnFilDev (matched-seg only): matched=0  maxAbs=0.000e+00  meanAbs=0.000e+00  rms=0.000e+00
[PARITY step=104] verdict: {kernel-math-correct}
[PARITY step=105] M=14000 S=11 resident dispatch 4.636 ms
[PARITY step=105] boundSegId: mismatches=0 (hostHit+devMiss=0  hostMiss+devHit=0  bothDifferent=0  firstMotor=-1)
[PARITY step=105] arcOnFilDev (matched-seg only): matched=0  maxAbs=0.000e+00  meanAbs=0.000e+00  rms=0.000e+00
[PARITY step=105] verdict: {kernel-math-correct}
[PARITY step=106] M=14000 S=11 resident dispatch 4.654 ms
[PARITY step=106] boundSegId: mismatches=0 (hostHit+devMiss=0  hostMiss+devHit=0  bothDifferent=0  firstMotor=-1)
[PARITY step=106] arcOnFilDev (matched-seg only): matched=0  maxAbs=0.000e+00  meanAbs=0.000e+00  rms=0.000e+00
[PARITY step=106] verdict: {kernel-math-correct}
[PARITY step=107] M=14000 S=11 resident dispatch 4.781 ms
[PARITY step=107] boundSegId: mismatches=0 (hostHit+devMiss=0  hostMiss+devHit=0  bothDifferent=0  firstMotor=-1)
[PARITY step=107] arcOnFilDev (matched-seg only): matched=0  maxAbs=0.000e+00  meanAbs=0.000e+00  rms=0.000e+00
[PARITY step=107] verdict: {kernel-math-correct}
[PARITY step=108] M=14000 S=11 resident dispatch 4.616 ms
[PARITY step=108] boundSegId: mismatches=0 (hostHit+devMiss=0  hostMiss+devHit=0  bothDifferent=0  firstMotor=-1)
[PARITY step=108] arcOnFilDev (matched-seg only): matched=0  maxAbs=0.000e+00  meanAbs=0.000e+00  rms=0.000e+00
[PARITY step=108] verdict: {kernel-math-correct}
[PARITY step=109] M=14000 S=11 resident dispatch 4.632 ms
[PARITY step=109] boundSegId: mismatches=0 (hostHit+devMiss=0  hostMiss+devHit=0  bothDifferent=0  firstMotor=-1)
[PARITY step=109] arcOnFilDev (matched-seg only): matched=0  maxAbs=0.000e+00  meanAbs=0.000e+00  rms=0.000e+00
[PARITY step=109] verdict: {kernel-math-correct}
[PARITY step=110] M=14000 S=11 resident dispatch 4.648 ms
[PARITY step=110] boundSegId: mismatches=0 (hostHit+devMiss=0  hostMiss+devHit=0  bothDifferent=0  firstMotor=-1)
[PARITY step=110] arcOnFilDev (matched-seg only): matched=0  maxAbs=0.000e+00  meanAbs=0.000e+00  rms=0.000e+00
[PARITY step=110] verdict: {kernel-math-correct}
[PARITY step=111] M=14000 S=11 resident dispatch 4.605 ms
[PARITY step=111] boundSegId: mismatches=0 (hostHit+devMiss=0  hostMiss+devHit=0  bothDifferent=0  firstMotor=-1)
[PARITY step=111] arcOnFilDev (matched-seg only): matched=0  maxAbs=0.000e+00  meanAbs=0.000e+00  rms=0.000e+00
[PARITY step=111] verdict: {kernel-math-correct}
[PARITY step=112] M=14000 S=11 resident dispatch 4.620 ms
[PARITY step=112] boundSegId: mismatches=0 (hostHit+devMiss=0  hostMiss+devHit=0  bothDifferent=0  firstMotor=-1)
[PARITY step=112] arcOnFilDev (matched-seg only): matched=1  maxAbs=0.000e+00  meanAbs=0.000e+00  rms=0.000e+00
[PARITY step=112] verdict: {kernel-math-correct}
[PARITY step=113] M=14000 S=11 resident dispatch 4.804 ms
[PARITY step=113] boundSegId: mismatches=0 (hostHit+devMiss=0  hostMiss+devHit=0  bothDifferent=0  firstMotor=-1)
[PARITY step=113] arcOnFilDev (matched-seg only): matched=0  maxAbs=0.000e+00  meanAbs=0.000e+00  rms=0.000e+00
[PARITY step=113] verdict: {kernel-math-correct}
[PARITY step=114] M=14000 S=11 resident dispatch 5.389 ms
[PARITY step=114] boundSegId: mismatches=0 (hostHit+devMiss=0  hostMiss+devHit=0  bothDifferent=0  firstMotor=-1)
[PARITY step=114] arcOnFilDev (matched-seg only): matched=0  maxAbs=0.000e+00  meanAbs=0.000e+00  rms=0.000e+00
[PARITY step=114] verdict: {kernel-math-correct}
[PARITY step=115] M=14000 S=11 resident dispatch 4.658 ms
[PARITY step=115] boundSegId: mismatches=0 (hostHit+devMiss=0  hostMiss+devHit=0  bothDifferent=0  firstMotor=-1)
[PARITY step=115] arcOnFilDev (matched-seg only): matched=0  maxAbs=0.000e+00  meanAbs=0.000e+00  rms=0.000e+00
[PARITY step=115] verdict: {kernel-math-correct}
[PARITY step=116] M=14000 S=11 resident dispatch 4.869 ms
[PARITY step=116] boundSegId: mismatches=0 (hostHit+devMiss=0  hostMiss+devHit=0  bothDifferent=0  firstMotor=-1)
[PARITY step=116] arcOnFilDev (matched-seg only): matched=0  maxAbs=0.000e+00  meanAbs=0.000e+00  rms=0.000e+00
[PARITY step=116] verdict: {kernel-math-correct}
[PARITY step=117] M=14000 S=11 resident dispatch 5.081 ms
[PARITY step=117] boundSegId: mismatches=0 (hostHit+devMiss=0  hostMiss+devHit=0  bothDifferent=0  firstMotor=-1)
[PARITY step=117] arcOnFilDev (matched-seg only): matched=0  maxAbs=0.000e+00  meanAbs=0.000e+00  rms=0.000e+00
[PARITY step=117] verdict: {kernel-math-correct}
[PARITY step=118] M=14000 S=11 resident dispatch 4.810 ms
[PARITY step=118] boundSegId: mismatches=0 (hostHit+devMiss=0  hostMiss+devHit=0  bothDifferent=0  firstMotor=-1)
[PARITY step=118] arcOnFilDev (matched-seg only): matched=0  maxAbs=0.000e+00  meanAbs=0.000e+00  rms=0.000e+00
[PARITY step=118] verdict: {kernel-math-correct}
[PARITY step=119] M=14000 S=11 resident dispatch 4.705 ms
[PARITY step=119] boundSegId: mismatches=0 (hostHit+devMiss=0  hostMiss+devHit=0  bothDifferent=0  firstMotor=-1)
[PARITY step=119] arcOnFilDev (matched-seg only): matched=0  maxAbs=0.000e+00  meanAbs=0.000e+00  rms=0.000e+00
[PARITY step=119] verdict: {kernel-math-correct}
[PARITY step=120] M=14000 S=11 resident dispatch 4.893 ms
[PARITY step=120] boundSegId: mismatches=0 (hostHit+devMiss=0  hostMiss+devHit=0  bothDifferent=0  firstMotor=-1)
[PARITY step=120] arcOnFilDev (matched-seg only): matched=0  maxAbs=0.000e+00  meanAbs=0.000e+00  rms=0.000e+00
[PARITY step=120] verdict: {kernel-math-correct}
[PARITY step=121] M=14000 S=11 resident dispatch 4.727 ms
[PARITY step=121] boundSegId: mismatches=0 (hostHit+devMiss=0  hostMiss+devHit=0  bothDifferent=0  firstMotor=-1)
[PARITY step=121] arcOnFilDev (matched-seg only): matched=0  maxAbs=0.000e+00  meanAbs=0.000e+00  rms=0.000e+00
[PARITY step=121] verdict: {kernel-math-correct}
[PARITY step=122] M=14000 S=11 resident dispatch 4.701 ms
[PARITY step=122] boundSegId: mismatches=0 (hostHit+devMiss=0  hostMiss+devHit=0  bothDifferent=0  firstMotor=-1)
[PARITY step=122] arcOnFilDev (matched-seg only): matched=0  maxAbs=0.000e+00  meanAbs=0.000e+00  rms=0.000e+00
[PARITY step=122] verdict: {kernel-math-correct}
[PARITY step=123] M=14000 S=11 resident dispatch 4.599 ms
[PARITY step=123] boundSegId: mismatches=0 (hostHit+devMiss=0  hostMiss+devHit=0  bothDifferent=0  firstMotor=-1)
[PARITY step=123] arcOnFilDev (matched-seg only): matched=0  maxAbs=0.000e+00  meanAbs=0.000e+00  rms=0.000e+00
[PARITY step=123] verdict: {kernel-math-correct}
[PARITY step=124] M=14000 S=11 resident dispatch 4.624 ms
[PARITY step=124] boundSegId: mismatches=0 (hostHit+devMiss=0  hostMiss+devHit=0  bothDifferent=0  firstMotor=-1)
[PARITY step=124] arcOnFilDev (matched-seg only): matched=0  maxAbs=0.000e+00  meanAbs=0.000e+00  rms=0.000e+00
[PARITY step=124] verdict: {kernel-math-correct}
[PARITY step=125] M=14000 S=11 resident dispatch 4.662 ms
[PARITY step=125] boundSegId: mismatches=0 (hostHit+devMiss=0  hostMiss+devHit=0  bothDifferent=0  firstMotor=-1)
[PARITY step=125] arcOnFilDev (matched-seg only): matched=0  maxAbs=0.000e+00  meanAbs=0.000e+00  rms=0.000e+00
[PARITY step=125] verdict: {kernel-math-correct}
[PARITY step=126] M=14000 S=11 resident dispatch 4.689 ms
[PARITY step=126] boundSegId: mismatches=0 (hostHit+devMiss=0  hostMiss+devHit=0  bothDifferent=0  firstMotor=-1)
[PARITY step=126] arcOnFilDev (matched-seg only): matched=0  maxAbs=0.000e+00  meanAbs=0.000e+00  rms=0.000e+00
[PARITY step=126] verdict: {kernel-math-correct}
[PARITY step=127] M=14000 S=11 resident dispatch 4.687 ms
[PARITY step=127] boundSegId: mismatches=0 (hostHit+devMiss=0  hostMiss+devHit=0  bothDifferent=0  firstMotor=-1)
[PARITY step=127] arcOnFilDev (matched-seg only): matched=0  maxAbs=0.000e+00  meanAbs=0.000e+00  rms=0.000e+00
[PARITY step=127] verdict: {kernel-math-correct}
[PARITY step=128] M=14000 S=11 resident dispatch 5.274 ms
[PARITY step=128] boundSegId: mismatches=0 (hostHit+devMiss=0  hostMiss+devHit=0  bothDifferent=0  firstMotor=-1)
[PARITY step=128] arcOnFilDev (matched-seg only): matched=0  maxAbs=0.000e+00  meanAbs=0.000e+00  rms=0.000e+00
[PARITY step=128] verdict: {kernel-math-correct}
[PARITY step=129] M=14000 S=11 resident dispatch 4.799 ms
[PARITY step=129] boundSegId: mismatches=0 (hostHit+devMiss=0  hostMiss+devHit=0  bothDifferent=0  firstMotor=-1)
[PARITY step=129] arcOnFilDev (matched-seg only): matched=0  maxAbs=0.000e+00  meanAbs=0.000e+00  rms=0.000e+00
[PARITY step=129] verdict: {kernel-math-correct}
[PARITY step=130] M=14000 S=11 resident dispatch 4.807 ms
[PARITY step=130] boundSegId: mismatches=0 (hostHit+devMiss=0  hostMiss+devHit=0  bothDifferent=0  firstMotor=-1)
[PARITY step=130] arcOnFilDev (matched-seg only): matched=0  maxAbs=0.000e+00  meanAbs=0.000e+00  rms=0.000e+00
[PARITY step=130] verdict: {kernel-math-correct}
[PARITY step=131] M=14000 S=11 resident dispatch 4.588 ms
[PARITY step=131] boundSegId: mismatches=0 (hostHit+devMiss=0  hostMiss+devHit=0  bothDifferent=0  firstMotor=-1)
[PARITY step=131] arcOnFilDev (matched-seg only): matched=0  maxAbs=0.000e+00  meanAbs=0.000e+00  rms=0.000e+00
[PARITY step=131] verdict: {kernel-math-correct}
[PARITY step=132] M=14000 S=11 resident dispatch 4.744 ms
[PARITY step=132] boundSegId: mismatches=0 (hostHit+devMiss=0  hostMiss+devHit=0  bothDifferent=0  firstMotor=-1)
[PARITY step=132] arcOnFilDev (matched-seg only): matched=0  maxAbs=0.000e+00  meanAbs=0.000e+00  rms=0.000e+00
[PARITY step=132] verdict: {kernel-math-correct}
[PARITY step=133] M=14000 S=11 resident dispatch 4.615 ms
[PARITY step=133] boundSegId: mismatches=0 (hostHit+devMiss=0  hostMiss+devHit=0  bothDifferent=0  firstMotor=-1)
[PARITY step=133] arcOnFilDev (matched-seg only): matched=0  maxAbs=0.000e+00  meanAbs=0.000e+00  rms=0.000e+00
[PARITY step=133] verdict: {kernel-math-correct}
[PARITY step=134] M=14000 S=11 resident dispatch 5.130 ms
[PARITY step=134] boundSegId: mismatches=0 (hostHit+devMiss=0  hostMiss+devHit=0  bothDifferent=0  firstMotor=-1)
[PARITY step=134] arcOnFilDev (matched-seg only): matched=0  maxAbs=0.000e+00  meanAbs=0.000e+00  rms=0.000e+00
[PARITY step=134] verdict: {kernel-math-correct}
[PARITY step=135] M=14000 S=11 resident dispatch 4.610 ms
[PARITY step=135] boundSegId: mismatches=0 (hostHit+devMiss=0  hostMiss+devHit=0  bothDifferent=0  firstMotor=-1)
[PARITY step=135] arcOnFilDev (matched-seg only): matched=0  maxAbs=0.000e+00  meanAbs=0.000e+00  rms=0.000e+00
[PARITY step=135] verdict: {kernel-math-correct}
[PARITY step=136] M=14000 S=11 resident dispatch 4.650 ms
[PARITY step=136] boundSegId: mismatches=0 (hostHit+devMiss=0  hostMiss+devHit=0  bothDifferent=0  firstMotor=-1)
[PARITY step=136] arcOnFilDev (matched-seg only): matched=0  maxAbs=0.000e+00  meanAbs=0.000e+00  rms=0.000e+00
[PARITY step=136] verdict: {kernel-math-correct}
[PARITY step=137] M=14000 S=11 resident dispatch 4.585 ms
[PARITY step=137] boundSegId: mismatches=0 (hostHit+devMiss=0  hostMiss+devHit=0  bothDifferent=0  firstMotor=-1)
[PARITY step=137] arcOnFilDev (matched-seg only): matched=0  maxAbs=0.000e+00  meanAbs=0.000e+00  rms=0.000e+00
[PARITY step=137] verdict: {kernel-math-correct}
[PARITY step=138] M=14000 S=11 resident dispatch 4.615 ms
[PARITY step=138] boundSegId: mismatches=0 (hostHit+devMiss=0  hostMiss+devHit=0  bothDifferent=0  firstMotor=-1)
[PARITY step=138] arcOnFilDev (matched-seg only): matched=0  maxAbs=0.000e+00  meanAbs=0.000e+00  rms=0.000e+00
[PARITY step=138] verdict: {kernel-math-correct}
[PARITY step=139] M=14000 S=11 resident dispatch 4.646 ms
[PARITY step=139] boundSegId: mismatches=0 (hostHit+devMiss=0  hostMiss+devHit=0  bothDifferent=0  firstMotor=-1)
[PARITY step=139] arcOnFilDev (matched-seg only): matched=0  maxAbs=0.000e+00  meanAbs=0.000e+00  rms=0.000e+00
[PARITY step=139] verdict: {kernel-math-correct}
[PARITY step=140] M=14000 S=11 resident dispatch 4.613 ms
[PARITY step=140] boundSegId: mismatches=0 (hostHit+devMiss=0  hostMiss+devHit=0  bothDifferent=0  firstMotor=-1)
[PARITY step=140] arcOnFilDev (matched-seg only): matched=0  maxAbs=0.000e+00  meanAbs=0.000e+00  rms=0.000e+00
[PARITY step=140] verdict: {kernel-math-correct}
[PARITY step=141] M=14000 S=11 resident dispatch 4.575 ms
[PARITY step=141] boundSegId: mismatches=0 (hostHit+devMiss=0  hostMiss+devHit=0  bothDifferent=0  firstMotor=-1)
[PARITY step=141] arcOnFilDev (matched-seg only): matched=0  maxAbs=0.000e+00  meanAbs=0.000e+00  rms=0.000e+00
[PARITY step=141] verdict: {kernel-math-correct}
[PARITY step=142] M=14000 S=11 resident dispatch 4.572 ms
[PARITY step=142] boundSegId: mismatches=0 (hostHit+devMiss=0  hostMiss+devHit=0  bothDifferent=0  firstMotor=-1)
[PARITY step=142] arcOnFilDev (matched-seg only): matched=0  maxAbs=0.000e+00  meanAbs=0.000e+00  rms=0.000e+00
[PARITY step=142] verdict: {kernel-math-correct}
[PARITY step=143] M=14000 S=11 resident dispatch 4.614 ms
[PARITY step=143] boundSegId: mismatches=0 (hostHit+devMiss=0  hostMiss+devHit=0  bothDifferent=0  firstMotor=-1)
[PARITY step=143] arcOnFilDev (matched-seg only): matched=0  maxAbs=0.000e+00  meanAbs=0.000e+00  rms=0.000e+00
[PARITY step=143] verdict: {kernel-math-correct}
[PARITY step=144] M=14000 S=11 resident dispatch 4.586 ms
[PARITY step=144] boundSegId: mismatches=0 (hostHit+devMiss=0  hostMiss+devHit=0  bothDifferent=0  firstMotor=-1)
[PARITY step=144] arcOnFilDev (matched-seg only): matched=0  maxAbs=0.000e+00  meanAbs=0.000e+00  rms=0.000e+00
[PARITY step=144] verdict: {kernel-math-correct}
[PARITY step=145] M=14000 S=11 resident dispatch 4.779 ms
[PARITY step=145] boundSegId: mismatches=0 (hostHit+devMiss=0  hostMiss+devHit=0  bothDifferent=0  firstMotor=-1)
[PARITY step=145] arcOnFilDev (matched-seg only): matched=0  maxAbs=0.000e+00  meanAbs=0.000e+00  rms=0.000e+00
[PARITY step=145] verdict: {kernel-math-correct}
[PARITY step=146] M=14000 S=11 resident dispatch 4.762 ms
[PARITY step=146] boundSegId: mismatches=0 (hostHit+devMiss=0  hostMiss+devHit=0  bothDifferent=0  firstMotor=-1)
[PARITY step=146] arcOnFilDev (matched-seg only): matched=0  maxAbs=0.000e+00  meanAbs=0.000e+00  rms=0.000e+00
[PARITY step=146] verdict: {kernel-math-correct}
[PARITY step=147] M=14000 S=11 resident dispatch 4.620 ms
[PARITY step=147] boundSegId: mismatches=0 (hostHit+devMiss=0  hostMiss+devHit=0  bothDifferent=0  firstMotor=-1)
[PARITY step=147] arcOnFilDev (matched-seg only): matched=0  maxAbs=0.000e+00  meanAbs=0.000e+00  rms=0.000e+00
[PARITY step=147] verdict: {kernel-math-correct}
[PARITY step=148] M=14000 S=11 resident dispatch 4.577 ms
[PARITY step=148] boundSegId: mismatches=0 (hostHit+devMiss=0  hostMiss+devHit=0  bothDifferent=0  firstMotor=-1)
[PARITY step=148] arcOnFilDev (matched-seg only): matched=0  maxAbs=0.000e+00  meanAbs=0.000e+00  rms=0.000e+00
[PARITY step=148] verdict: {kernel-math-correct}
[PARITY step=149] M=14000 S=11 resident dispatch 4.596 ms
[PARITY step=149] boundSegId: mismatches=0 (hostHit+devMiss=0  hostMiss+devHit=0  bothDifferent=0  firstMotor=-1)
[PARITY step=149] arcOnFilDev (matched-seg only): matched=0  maxAbs=0.000e+00  meanAbs=0.000e+00  rms=0.000e+00
[PARITY step=149] verdict: {kernel-math-correct}
[PARITY step=150] M=14000 S=11 resident dispatch 4.570 ms
[PARITY step=150] boundSegId: mismatches=0 (hostHit+devMiss=0  hostMiss+devHit=0  bothDifferent=0  firstMotor=-1)
[PARITY step=150] arcOnFilDev (matched-seg only): matched=0  maxAbs=0.000e+00  meanAbs=0.000e+00  rms=0.000e+00
[PARITY step=150] verdict: {kernel-math-correct}
[PARITY step=151] M=14000 S=11 resident dispatch 5.548 ms
[PARITY step=151] boundSegId: mismatches=0 (hostHit+devMiss=0  hostMiss+devHit=0  bothDifferent=0  firstMotor=-1)
[PARITY step=151] arcOnFilDev (matched-seg only): matched=0  maxAbs=0.000e+00  meanAbs=0.000e+00  rms=0.000e+00
[PARITY step=151] verdict: {kernel-math-correct}
[PARITY step=152] M=14000 S=11 resident dispatch 4.931 ms
[PARITY step=152] boundSegId: mismatches=0 (hostHit+devMiss=0  hostMiss+devHit=0  bothDifferent=0  firstMotor=-1)
[PARITY step=152] arcOnFilDev (matched-seg only): matched=0  maxAbs=0.000e+00  meanAbs=0.000e+00  rms=0.000e+00
[PARITY step=152] verdict: {kernel-math-correct}
[PARITY step=153] M=14000 S=11 resident dispatch 4.662 ms
[PARITY step=153] boundSegId: mismatches=0 (hostHit+devMiss=0  hostMiss+devHit=0  bothDifferent=0  firstMotor=-1)
[PARITY step=153] arcOnFilDev (matched-seg only): matched=0  maxAbs=0.000e+00  meanAbs=0.000e+00  rms=0.000e+00
[PARITY step=153] verdict: {kernel-math-correct}
[PARITY step=154] M=14000 S=11 resident dispatch 4.599 ms
[PARITY step=154] boundSegId: mismatches=0 (hostHit+devMiss=0  hostMiss+devHit=0  bothDifferent=0  firstMotor=-1)
[PARITY step=154] arcOnFilDev (matched-seg only): matched=0  maxAbs=0.000e+00  meanAbs=0.000e+00  rms=0.000e+00
[PARITY step=154] verdict: {kernel-math-correct}
[PARITY step=155] M=14000 S=11 resident dispatch 4.592 ms
[PARITY step=155] boundSegId: mismatches=0 (hostHit+devMiss=0  hostMiss+devHit=0  bothDifferent=0  firstMotor=-1)
[PARITY step=155] arcOnFilDev (matched-seg only): matched=0  maxAbs=0.000e+00  meanAbs=0.000e+00  rms=0.000e+00
[PARITY step=155] verdict: {kernel-math-correct}
[PARITY step=156] M=14000 S=11 resident dispatch 5.370 ms
[PARITY step=156] boundSegId: mismatches=0 (hostHit+devMiss=0  hostMiss+devHit=0  bothDifferent=0  firstMotor=-1)
[PARITY step=156] arcOnFilDev (matched-seg only): matched=0  maxAbs=0.000e+00  meanAbs=0.000e+00  rms=0.000e+00
[PARITY step=156] verdict: {kernel-math-correct}
[PARITY step=157] M=14000 S=11 resident dispatch 4.888 ms
[PARITY step=157] boundSegId: mismatches=0 (hostHit+devMiss=0  hostMiss+devHit=0  bothDifferent=0  firstMotor=-1)
[PARITY step=157] arcOnFilDev (matched-seg only): matched=0  maxAbs=0.000e+00  meanAbs=0.000e+00  rms=0.000e+00
[PARITY step=157] verdict: {kernel-math-correct}
[PARITY step=158] M=14000 S=11 resident dispatch 4.666 ms
[PARITY step=158] boundSegId: mismatches=0 (hostHit+devMiss=0  hostMiss+devHit=0  bothDifferent=0  firstMotor=-1)
[PARITY step=158] arcOnFilDev (matched-seg only): matched=0  maxAbs=0.000e+00  meanAbs=0.000e+00  rms=0.000e+00
[PARITY step=158] verdict: {kernel-math-correct}
[PARITY step=159] M=14000 S=11 resident dispatch 4.618 ms
[PARITY step=159] boundSegId: mismatches=0 (hostHit+devMiss=0  hostMiss+devHit=0  bothDifferent=0  firstMotor=-1)
[PARITY step=159] arcOnFilDev (matched-seg only): matched=0  maxAbs=0.000e+00  meanAbs=0.000e+00  rms=0.000e+00
[PARITY step=159] verdict: {kernel-math-correct}
[PARITY step=160] M=14000 S=11 resident dispatch 4.597 ms
[PARITY step=160] boundSegId: mismatches=0 (hostHit+devMiss=0  hostMiss+devHit=0  bothDifferent=0  firstMotor=-1)
[PARITY step=160] arcOnFilDev (matched-seg only): matched=0  maxAbs=0.000e+00  meanAbs=0.000e+00  rms=0.000e+00
[PARITY step=160] verdict: {kernel-math-correct}
[PARITY step=161] M=14000 S=11 resident dispatch 4.995 ms
[PARITY step=161] boundSegId: mismatches=0 (hostHit+devMiss=0  hostMiss+devHit=0  bothDifferent=0  firstMotor=-1)
[PARITY step=161] arcOnFilDev (matched-seg only): matched=0  maxAbs=0.000e+00  meanAbs=0.000e+00  rms=0.000e+00
[PARITY step=161] verdict: {kernel-math-correct}
[PARITY step=162] M=14000 S=11 resident dispatch 4.754 ms
[PARITY step=162] boundSegId: mismatches=0 (hostHit+devMiss=0  hostMiss+devHit=0  bothDifferent=0  firstMotor=-1)
[PARITY step=162] arcOnFilDev (matched-seg only): matched=0  maxAbs=0.000e+00  meanAbs=0.000e+00  rms=0.000e+00
[PARITY step=162] verdict: {kernel-math-correct}
[PARITY step=163] M=14000 S=11 resident dispatch 4.597 ms
[PARITY step=163] boundSegId: mismatches=0 (hostHit+devMiss=0  hostMiss+devHit=0  bothDifferent=0  firstMotor=-1)
[PARITY step=163] arcOnFilDev (matched-seg only): matched=0  maxAbs=0.000e+00  meanAbs=0.000e+00  rms=0.000e+00
[PARITY step=163] verdict: {kernel-math-correct}
[PARITY step=164] M=14000 S=11 resident dispatch 4.570 ms
[PARITY step=164] boundSegId: mismatches=0 (hostHit+devMiss=0  hostMiss+devHit=0  bothDifferent=0  firstMotor=-1)
[PARITY step=164] arcOnFilDev (matched-seg only): matched=0  maxAbs=0.000e+00  meanAbs=0.000e+00  rms=0.000e+00
[PARITY step=164] verdict: {kernel-math-correct}
[PARITY step=165] M=14000 S=11 resident dispatch 4.692 ms
[PARITY step=165] boundSegId: mismatches=0 (hostHit+devMiss=0  hostMiss+devHit=0  bothDifferent=0  firstMotor=-1)
[PARITY step=165] arcOnFilDev (matched-seg only): matched=0  maxAbs=0.000e+00  meanAbs=0.000e+00  rms=0.000e+00
[PARITY step=165] verdict: {kernel-math-correct}
[PARITY step=166] M=14000 S=11 resident dispatch 4.944 ms
[PARITY step=166] boundSegId: mismatches=0 (hostHit+devMiss=0  hostMiss+devHit=0  bothDifferent=0  firstMotor=-1)
[PARITY step=166] arcOnFilDev (matched-seg only): matched=0  maxAbs=0.000e+00  meanAbs=0.000e+00  rms=0.000e+00
[PARITY step=166] verdict: {kernel-math-correct}
[PARITY step=167] M=14000 S=11 resident dispatch 4.561 ms
[PARITY step=167] boundSegId: mismatches=0 (hostHit+devMiss=0  hostMiss+devHit=0  bothDifferent=0  firstMotor=-1)
[PARITY step=167] arcOnFilDev (matched-seg only): matched=0  maxAbs=0.000e+00  meanAbs=0.000e+00  rms=0.000e+00
[PARITY step=167] verdict: {kernel-math-correct}
[PARITY step=168] M=14000 S=11 resident dispatch 4.616 ms
[PARITY step=168] boundSegId: mismatches=0 (hostHit+devMiss=0  hostMiss+devHit=0  bothDifferent=0  firstMotor=-1)
[PARITY step=168] arcOnFilDev (matched-seg only): matched=0  maxAbs=0.000e+00  meanAbs=0.000e+00  rms=0.000e+00
[PARITY step=168] verdict: {kernel-math-correct}
[PARITY step=169] M=14000 S=11 resident dispatch 4.777 ms
[PARITY step=169] boundSegId: mismatches=0 (hostHit+devMiss=0  hostMiss+devHit=0  bothDifferent=0  firstMotor=-1)
[PARITY step=169] arcOnFilDev (matched-seg only): matched=0  maxAbs=0.000e+00  meanAbs=0.000e+00  rms=0.000e+00
[PARITY step=169] verdict: {kernel-math-correct}
[PARITY step=170] M=14000 S=11 resident dispatch 4.945 ms
[PARITY step=170] boundSegId: mismatches=0 (hostHit+devMiss=0  hostMiss+devHit=0  bothDifferent=0  firstMotor=-1)
[PARITY step=170] arcOnFilDev (matched-seg only): matched=0  maxAbs=0.000e+00  meanAbs=0.000e+00  rms=0.000e+00
[PARITY step=170] verdict: {kernel-math-correct}
[PARITY step=171] M=14000 S=11 resident dispatch 4.899 ms
[PARITY step=171] boundSegId: mismatches=0 (hostHit+devMiss=0  hostMiss+devHit=0  bothDifferent=0  firstMotor=-1)
[PARITY step=171] arcOnFilDev (matched-seg only): matched=0  maxAbs=0.000e+00  meanAbs=0.000e+00  rms=0.000e+00
[PARITY step=171] verdict: {kernel-math-correct}
[PARITY step=172] M=14000 S=11 resident dispatch 4.588 ms
[PARITY step=172] boundSegId: mismatches=0 (hostHit+devMiss=0  hostMiss+devHit=0  bothDifferent=0  firstMotor=-1)
[PARITY step=172] arcOnFilDev (matched-seg only): matched=0  maxAbs=0.000e+00  meanAbs=0.000e+00  rms=0.000e+00
[PARITY step=172] verdict: {kernel-math-correct}
[PARITY step=173] M=14000 S=11 resident dispatch 4.574 ms
[PARITY step=173] boundSegId: mismatches=0 (hostHit+devMiss=0  hostMiss+devHit=0  bothDifferent=0  firstMotor=-1)
[PARITY step=173] arcOnFilDev (matched-seg only): matched=0  maxAbs=0.000e+00  meanAbs=0.000e+00  rms=0.000e+00
[PARITY step=173] verdict: {kernel-math-correct}
[PARITY step=174] M=14000 S=11 resident dispatch 4.632 ms
[PARITY step=174] boundSegId: mismatches=0 (hostHit+devMiss=0  hostMiss+devHit=0  bothDifferent=0  firstMotor=-1)
[PARITY step=174] arcOnFilDev (matched-seg only): matched=0  maxAbs=0.000e+00  meanAbs=0.000e+00  rms=0.000e+00
[PARITY step=174] verdict: {kernel-math-correct}
[PARITY step=175] M=14000 S=11 resident dispatch 4.601 ms
[PARITY step=175] boundSegId: mismatches=0 (hostHit+devMiss=0  hostMiss+devHit=0  bothDifferent=0  firstMotor=-1)
[PARITY step=175] arcOnFilDev (matched-seg only): matched=0  maxAbs=0.000e+00  meanAbs=0.000e+00  rms=0.000e+00
[PARITY step=175] verdict: {kernel-math-correct}
[PARITY step=176] M=14000 S=11 resident dispatch 4.565 ms
[PARITY step=176] boundSegId: mismatches=0 (hostHit+devMiss=0  hostMiss+devHit=0  bothDifferent=0  firstMotor=-1)
[PARITY step=176] arcOnFilDev (matched-seg only): matched=0  maxAbs=0.000e+00  meanAbs=0.000e+00  rms=0.000e+00
[PARITY step=176] verdict: {kernel-math-correct}
[PARITY step=177] M=14000 S=11 resident dispatch 5.007 ms
[PARITY step=177] boundSegId: mismatches=0 (hostHit+devMiss=0  hostMiss+devHit=0  bothDifferent=0  firstMotor=-1)
[PARITY step=177] arcOnFilDev (matched-seg only): matched=0  maxAbs=0.000e+00  meanAbs=0.000e+00  rms=0.000e+00
[PARITY step=177] verdict: {kernel-math-correct}
[PARITY step=178] M=14000 S=11 resident dispatch 4.947 ms
[PARITY step=178] boundSegId: mismatches=0 (hostHit+devMiss=0  hostMiss+devHit=0  bothDifferent=0  firstMotor=-1)
[PARITY step=178] arcOnFilDev (matched-seg only): matched=0  maxAbs=0.000e+00  meanAbs=0.000e+00  rms=0.000e+00
[PARITY step=178] verdict: {kernel-math-correct}
[PARITY step=179] M=14000 S=11 resident dispatch 4.609 ms
[PARITY step=179] boundSegId: mismatches=0 (hostHit+devMiss=0  hostMiss+devHit=0  bothDifferent=0  firstMotor=-1)
[PARITY step=179] arcOnFilDev (matched-seg only): matched=0  maxAbs=0.000e+00  meanAbs=0.000e+00  rms=0.000e+00
[PARITY step=179] verdict: {kernel-math-correct}
[PARITY step=180] M=14000 S=11 resident dispatch 4.647 ms
[PARITY step=180] boundSegId: mismatches=0 (hostHit+devMiss=0  hostMiss+devHit=0  bothDifferent=0  firstMotor=-1)
[PARITY step=180] arcOnFilDev (matched-seg only): matched=0  maxAbs=0.000e+00  meanAbs=0.000e+00  rms=0.000e+00
[PARITY step=180] verdict: {kernel-math-correct}
[PARITY step=181] M=14000 S=11 resident dispatch 4.560 ms
[PARITY step=181] boundSegId: mismatches=0 (hostHit+devMiss=0  hostMiss+devHit=0  bothDifferent=0  firstMotor=-1)
[PARITY step=181] arcOnFilDev (matched-seg only): matched=0  maxAbs=0.000e+00  meanAbs=0.000e+00  rms=0.000e+00
[PARITY step=181] verdict: {kernel-math-correct}
[PARITY step=182] M=14000 S=11 resident dispatch 5.025 ms
[PARITY step=182] boundSegId: mismatches=0 (hostHit+devMiss=0  hostMiss+devHit=0  bothDifferent=0  firstMotor=-1)
[PARITY step=182] arcOnFilDev (matched-seg only): matched=0  maxAbs=0.000e+00  meanAbs=0.000e+00  rms=0.000e+00
[PARITY step=182] verdict: {kernel-math-correct}
[PARITY step=183] M=14000 S=11 resident dispatch 5.032 ms
[PARITY step=183] boundSegId: mismatches=0 (hostHit+devMiss=0  hostMiss+devHit=0  bothDifferent=0  firstMotor=-1)
[PARITY step=183] arcOnFilDev (matched-seg only): matched=0  maxAbs=0.000e+00  meanAbs=0.000e+00  rms=0.000e+00
[PARITY step=183] verdict: {kernel-math-correct}
[PARITY step=184] M=14000 S=11 resident dispatch 5.412 ms
[PARITY step=184] boundSegId: mismatches=0 (hostHit+devMiss=0  hostMiss+devHit=0  bothDifferent=0  firstMotor=-1)
[PARITY step=184] arcOnFilDev (matched-seg only): matched=0  maxAbs=0.000e+00  meanAbs=0.000e+00  rms=0.000e+00
[PARITY step=184] verdict: {kernel-math-correct}
[PARITY step=185] M=14000 S=11 resident dispatch 4.813 ms
[PARITY step=185] boundSegId: mismatches=0 (hostHit+devMiss=0  hostMiss+devHit=0  bothDifferent=0  firstMotor=-1)
[PARITY step=185] arcOnFilDev (matched-seg only): matched=0  maxAbs=0.000e+00  meanAbs=0.000e+00  rms=0.000e+00
[PARITY step=185] verdict: {kernel-math-correct}
[PARITY step=186] M=14000 S=11 resident dispatch 4.620 ms
[PARITY step=186] boundSegId: mismatches=0 (hostHit+devMiss=0  hostMiss+devHit=0  bothDifferent=0  firstMotor=-1)
[PARITY step=186] arcOnFilDev (matched-seg only): matched=0  maxAbs=0.000e+00  meanAbs=0.000e+00  rms=0.000e+00
[PARITY step=186] verdict: {kernel-math-correct}
[PARITY step=187] M=14000 S=11 resident dispatch 4.774 ms
[PARITY step=187] boundSegId: mismatches=0 (hostHit+devMiss=0  hostMiss+devHit=0  bothDifferent=0  firstMotor=-1)
[PARITY step=187] arcOnFilDev (matched-seg only): matched=0  maxAbs=0.000e+00  meanAbs=0.000e+00  rms=0.000e+00
[PARITY step=187] verdict: {kernel-math-correct}
[PARITY step=188] M=14000 S=11 resident dispatch 4.598 ms
[PARITY step=188] boundSegId: mismatches=0 (hostHit+devMiss=0  hostMiss+devHit=0  bothDifferent=0  firstMotor=-1)
[PARITY step=188] arcOnFilDev (matched-seg only): matched=0  maxAbs=0.000e+00  meanAbs=0.000e+00  rms=0.000e+00
[PARITY step=188] verdict: {kernel-math-correct}
[PARITY step=189] M=14000 S=11 resident dispatch 4.695 ms
[PARITY step=189] boundSegId: mismatches=0 (hostHit+devMiss=0  hostMiss+devHit=0  bothDifferent=0  firstMotor=-1)
[PARITY step=189] arcOnFilDev (matched-seg only): matched=1  maxAbs=0.000e+00  meanAbs=0.000e+00  rms=0.000e+00
[PARITY step=189] verdict: {kernel-math-correct}
[PARITY step=190] M=14000 S=11 resident dispatch 4.622 ms
[PARITY step=190] boundSegId: mismatches=0 (hostHit+devMiss=0  hostMiss+devHit=0  bothDifferent=0  firstMotor=-1)
[PARITY step=190] arcOnFilDev (matched-seg only): matched=0  maxAbs=0.000e+00  meanAbs=0.000e+00  rms=0.000e+00
[PARITY step=190] verdict: {kernel-math-correct}
[PARITY step=191] M=14000 S=11 resident dispatch 4.932 ms
[PARITY step=191] boundSegId: mismatches=0 (hostHit+devMiss=0  hostMiss+devHit=0  bothDifferent=0  firstMotor=-1)
[PARITY step=191] arcOnFilDev (matched-seg only): matched=0  maxAbs=0.000e+00  meanAbs=0.000e+00  rms=0.000e+00
[PARITY step=191] verdict: {kernel-math-correct}
[PARITY step=192] M=14000 S=11 resident dispatch 4.568 ms
[PARITY step=192] boundSegId: mismatches=0 (hostHit+devMiss=0  hostMiss+devHit=0  bothDifferent=0  firstMotor=-1)
[PARITY step=192] arcOnFilDev (matched-seg only): matched=0  maxAbs=0.000e+00  meanAbs=0.000e+00  rms=0.000e+00
[PARITY step=192] verdict: {kernel-math-correct}
[PARITY step=193] M=14000 S=11 resident dispatch 4.580 ms
[PARITY step=193] boundSegId: mismatches=0 (hostHit+devMiss=0  hostMiss+devHit=0  bothDifferent=0  firstMotor=-1)
[PARITY step=193] arcOnFilDev (matched-seg only): matched=0  maxAbs=0.000e+00  meanAbs=0.000e+00  rms=0.000e+00
[PARITY step=193] verdict: {kernel-math-correct}
[PARITY step=194] M=14000 S=11 resident dispatch 4.580 ms
[PARITY step=194] boundSegId: mismatches=0 (hostHit+devMiss=0  hostMiss+devHit=0  bothDifferent=0  firstMotor=-1)
[PARITY step=194] arcOnFilDev (matched-seg only): matched=0  maxAbs=0.000e+00  meanAbs=0.000e+00  rms=0.000e+00
[PARITY step=194] verdict: {kernel-math-correct}
[PARITY step=195] M=14000 S=11 resident dispatch 5.048 ms
[PARITY step=195] boundSegId: mismatches=0 (hostHit+devMiss=0  hostMiss+devHit=0  bothDifferent=0  firstMotor=-1)
[PARITY step=195] arcOnFilDev (matched-seg only): matched=0  maxAbs=0.000e+00  meanAbs=0.000e+00  rms=0.000e+00
[PARITY step=195] verdict: {kernel-math-correct}
[PARITY step=196] M=14000 S=11 resident dispatch 4.982 ms
[PARITY step=196] boundSegId: mismatches=0 (hostHit+devMiss=0  hostMiss+devHit=0  bothDifferent=0  firstMotor=-1)
[PARITY step=196] arcOnFilDev (matched-seg only): matched=0  maxAbs=0.000e+00  meanAbs=0.000e+00  rms=0.000e+00
[PARITY step=196] verdict: {kernel-math-correct}
[PARITY step=197] M=14000 S=11 resident dispatch 4.685 ms
[PARITY step=197] boundSegId: mismatches=0 (hostHit+devMiss=0  hostMiss+devHit=0  bothDifferent=0  firstMotor=-1)
[PARITY step=197] arcOnFilDev (matched-seg only): matched=0  maxAbs=0.000e+00  meanAbs=0.000e+00  rms=0.000e+00
[PARITY step=197] verdict: {kernel-math-correct}
[PARITY step=198] M=14000 S=11 resident dispatch 4.581 ms
[PARITY step=198] boundSegId: mismatches=0 (hostHit+devMiss=0  hostMiss+devHit=0  bothDifferent=0  firstMotor=-1)
[PARITY step=198] arcOnFilDev (matched-seg only): matched=0  maxAbs=0.000e+00  meanAbs=0.000e+00  rms=0.000e+00
[PARITY step=198] verdict: {kernel-math-correct}
[PARITY step=199] M=14000 S=11 resident dispatch 4.556 ms
[PARITY step=199] boundSegId: mismatches=0 (hostHit+devMiss=0  hostMiss+devHit=0  bothDifferent=0  firstMotor=-1)
[PARITY step=199] arcOnFilDev (matched-seg only): matched=0  maxAbs=0.000e+00  meanAbs=0.000e+00  rms=0.000e+00
[PARITY step=199] verdict: {kernel-math-correct}
[PARITY step=200] M=14000 S=11 resident dispatch 4.552 ms
[PARITY step=200] boundSegId: mismatches=0 (hostHit+devMiss=0  hostMiss+devHit=0  bothDifferent=0  firstMotor=-1)
[PARITY step=200] arcOnFilDev (matched-seg only): matched=0  maxAbs=0.000e+00  meanAbs=0.000e+00  rms=0.000e+00
[PARITY step=200] verdict: {kernel-math-correct}
[PARITY step=201] M=14000 S=11 resident dispatch 4.840 ms
[PARITY step=201] boundSegId: mismatches=0 (hostHit+devMiss=0  hostMiss+devHit=0  bothDifferent=0  firstMotor=-1)
[PARITY step=201] arcOnFilDev (matched-seg only): matched=0  maxAbs=0.000e+00  meanAbs=0.000e+00  rms=0.000e+00
[PARITY step=201] verdict: {kernel-math-correct}
[PARITY step=202] M=14000 S=11 resident dispatch 4.696 ms
[PARITY step=202] boundSegId: mismatches=0 (hostHit+devMiss=0  hostMiss+devHit=0  bothDifferent=0  firstMotor=-1)
[PARITY step=202] arcOnFilDev (matched-seg only): matched=0  maxAbs=0.000e+00  meanAbs=0.000e+00  rms=0.000e+00
[PARITY step=202] verdict: {kernel-math-correct}
[PARITY step=203] M=14000 S=11 resident dispatch 4.929 ms
[PARITY step=203] boundSegId: mismatches=0 (hostHit+devMiss=0  hostMiss+devHit=0  bothDifferent=0  firstMotor=-1)
[PARITY step=203] arcOnFilDev (matched-seg only): matched=0  maxAbs=0.000e+00  meanAbs=0.000e+00  rms=0.000e+00
[PARITY step=203] verdict: {kernel-math-correct}
[PARITY step=204] M=14000 S=11 resident dispatch 4.954 ms
[PARITY step=204] boundSegId: mismatches=0 (hostHit+devMiss=0  hostMiss+devHit=0  bothDifferent=0  firstMotor=-1)
[PARITY step=204] arcOnFilDev (matched-seg only): matched=0  maxAbs=0.000e+00  meanAbs=0.000e+00  rms=0.000e+00
[PARITY step=204] verdict: {kernel-math-correct}
[PARITY step=205] M=14000 S=11 resident dispatch 4.946 ms
[PARITY step=205] boundSegId: mismatches=0 (hostHit+devMiss=0  hostMiss+devHit=0  bothDifferent=0  firstMotor=-1)
[PARITY step=205] arcOnFilDev (matched-seg only): matched=0  maxAbs=0.000e+00  meanAbs=0.000e+00  rms=0.000e+00
[PARITY step=205] verdict: {kernel-math-correct}
[PARITY step=206] M=14000 S=11 resident dispatch 4.741 ms
[PARITY step=206] boundSegId: mismatches=0 (hostHit+devMiss=0  hostMiss+devHit=0  bothDifferent=0  firstMotor=-1)
[PARITY step=206] arcOnFilDev (matched-seg only): matched=0  maxAbs=0.000e+00  meanAbs=0.000e+00  rms=0.000e+00
[PARITY step=206] verdict: {kernel-math-correct}
[PARITY step=207] M=14000 S=11 resident dispatch 4.548 ms
[PARITY step=207] boundSegId: mismatches=0 (hostHit+devMiss=0  hostMiss+devHit=0  bothDifferent=0  firstMotor=-1)
[PARITY step=207] arcOnFilDev (matched-seg only): matched=0  maxAbs=0.000e+00  meanAbs=0.000e+00  rms=0.000e+00
[PARITY step=207] verdict: {kernel-math-correct}
[PARITY step=208] M=14000 S=11 resident dispatch 4.549 ms
[PARITY step=208] boundSegId: mismatches=0 (hostHit+devMiss=0  hostMiss+devHit=0  bothDifferent=0  firstMotor=-1)
[PARITY step=208] arcOnFilDev (matched-seg only): matched=0  maxAbs=0.000e+00  meanAbs=0.000e+00  rms=0.000e+00
[PARITY step=208] verdict: {kernel-math-correct}
[PARITY step=209] M=14000 S=11 resident dispatch 4.563 ms
[PARITY step=209] boundSegId: mismatches=0 (hostHit+devMiss=0  hostMiss+devHit=0  bothDifferent=0  firstMotor=-1)
[PARITY step=209] arcOnFilDev (matched-seg only): matched=0  maxAbs=0.000e+00  meanAbs=0.000e+00  rms=0.000e+00
[PARITY step=209] verdict: {kernel-math-correct}
[PARITY step=210] M=14000 S=11 resident dispatch 4.577 ms
[PARITY step=210] boundSegId: mismatches=0 (hostHit+devMiss=0  hostMiss+devHit=0  bothDifferent=0  firstMotor=-1)
[PARITY step=210] arcOnFilDev (matched-seg only): matched=0  maxAbs=0.000e+00  meanAbs=0.000e+00  rms=0.000e+00
[PARITY step=210] verdict: {kernel-math-correct}
[PARITY step=211] M=14000 S=11 resident dispatch 4.873 ms
[PARITY step=211] boundSegId: mismatches=0 (hostHit+devMiss=0  hostMiss+devHit=0  bothDifferent=0  firstMotor=-1)
[PARITY step=211] arcOnFilDev (matched-seg only): matched=0  maxAbs=0.000e+00  meanAbs=0.000e+00  rms=0.000e+00
[PARITY step=211] verdict: {kernel-math-correct}
[PARITY step=212] M=14000 S=11 resident dispatch 4.593 ms
[PARITY step=212] boundSegId: mismatches=0 (hostHit+devMiss=0  hostMiss+devHit=0  bothDifferent=0  firstMotor=-1)
[PARITY step=212] arcOnFilDev (matched-seg only): matched=0  maxAbs=0.000e+00  meanAbs=0.000e+00  rms=0.000e+00
[PARITY step=212] verdict: {kernel-math-correct}
[PARITY step=213] M=14000 S=11 resident dispatch 5.104 ms
[PARITY step=213] boundSegId: mismatches=0 (hostHit+devMiss=0  hostMiss+devHit=0  bothDifferent=0  firstMotor=-1)
[PARITY step=213] arcOnFilDev (matched-seg only): matched=0  maxAbs=0.000e+00  meanAbs=0.000e+00  rms=0.000e+00
[PARITY step=213] verdict: {kernel-math-correct}
[PARITY step=214] M=14000 S=11 resident dispatch 4.599 ms
[PARITY step=214] boundSegId: mismatches=0 (hostHit+devMiss=0  hostMiss+devHit=0  bothDifferent=0  firstMotor=-1)
[PARITY step=214] arcOnFilDev (matched-seg only): matched=0  maxAbs=0.000e+00  meanAbs=0.000e+00  rms=0.000e+00
[PARITY step=214] verdict: {kernel-math-correct}
[PARITY step=215] M=14000 S=11 resident dispatch 4.593 ms
[PARITY step=215] boundSegId: mismatches=0 (hostHit+devMiss=0  hostMiss+devHit=0  bothDifferent=0  firstMotor=-1)
[PARITY step=215] arcOnFilDev (matched-seg only): matched=0  maxAbs=0.000e+00  meanAbs=0.000e+00  rms=0.000e+00
[PARITY step=215] verdict: {kernel-math-correct}
[PARITY step=216] M=14000 S=11 resident dispatch 5.107 ms
[PARITY step=216] boundSegId: mismatches=0 (hostHit+devMiss=0  hostMiss+devHit=0  bothDifferent=0  firstMotor=-1)
[PARITY step=216] arcOnFilDev (matched-seg only): matched=0  maxAbs=0.000e+00  meanAbs=0.000e+00  rms=0.000e+00
[PARITY step=216] verdict: {kernel-math-correct}
[PARITY step=217] M=14000 S=11 resident dispatch 4.686 ms
[PARITY step=217] boundSegId: mismatches=0 (hostHit+devMiss=0  hostMiss+devHit=0  bothDifferent=0  firstMotor=-1)
[PARITY step=217] arcOnFilDev (matched-seg only): matched=0  maxAbs=0.000e+00  meanAbs=0.000e+00  rms=0.000e+00
[PARITY step=217] verdict: {kernel-math-correct}
[PARITY step=218] M=14000 S=11 resident dispatch 4.563 ms
[PARITY step=218] boundSegId: mismatches=0 (hostHit+devMiss=0  hostMiss+devHit=0  bothDifferent=0  firstMotor=-1)
[PARITY step=218] arcOnFilDev (matched-seg only): matched=0  maxAbs=0.000e+00  meanAbs=0.000e+00  rms=0.000e+00
[PARITY step=218] verdict: {kernel-math-correct}
[PARITY step=219] M=14000 S=11 resident dispatch 4.609 ms
[PARITY step=219] boundSegId: mismatches=0 (hostHit+devMiss=0  hostMiss+devHit=0  bothDifferent=0  firstMotor=-1)
[PARITY step=219] arcOnFilDev (matched-seg only): matched=0  maxAbs=0.000e+00  meanAbs=0.000e+00  rms=0.000e+00
[PARITY step=219] verdict: {kernel-math-correct}
[PARITY step=220] M=14000 S=11 resident dispatch 4.593 ms
[PARITY step=220] boundSegId: mismatches=0 (hostHit+devMiss=0  hostMiss+devHit=0  bothDifferent=0  firstMotor=-1)
[PARITY step=220] arcOnFilDev (matched-seg only): matched=0  maxAbs=0.000e+00  meanAbs=0.000e+00  rms=0.000e+00
[PARITY step=220] verdict: {kernel-math-correct}
[PARITY step=221] M=14000 S=11 resident dispatch 4.626 ms
[PARITY step=221] boundSegId: mismatches=0 (hostHit+devMiss=0  hostMiss+devHit=0  bothDifferent=0  firstMotor=-1)
[PARITY step=221] arcOnFilDev (matched-seg only): matched=0  maxAbs=0.000e+00  meanAbs=0.000e+00  rms=0.000e+00
[PARITY step=221] verdict: {kernel-math-correct}
[PARITY step=222] M=14000 S=11 resident dispatch 4.674 ms
[PARITY step=222] boundSegId: mismatches=0 (hostHit+devMiss=0  hostMiss+devHit=0  bothDifferent=0  firstMotor=-1)
[PARITY step=222] arcOnFilDev (matched-seg only): matched=0  maxAbs=0.000e+00  meanAbs=0.000e+00  rms=0.000e+00
[PARITY step=222] verdict: {kernel-math-correct}
[PARITY step=223] M=14000 S=11 resident dispatch 4.989 ms
[PARITY step=223] boundSegId: mismatches=0 (hostHit+devMiss=0  hostMiss+devHit=0  bothDifferent=0  firstMotor=-1)
[PARITY step=223] arcOnFilDev (matched-seg only): matched=0  maxAbs=0.000e+00  meanAbs=0.000e+00  rms=0.000e+00
[PARITY step=223] verdict: {kernel-math-correct}
[PARITY step=224] M=14000 S=11 resident dispatch 5.079 ms
[PARITY step=224] boundSegId: mismatches=0 (hostHit+devMiss=0  hostMiss+devHit=0  bothDifferent=0  firstMotor=-1)
[PARITY step=224] arcOnFilDev (matched-seg only): matched=0  maxAbs=0.000e+00  meanAbs=0.000e+00  rms=0.000e+00
[PARITY step=224] verdict: {kernel-math-correct}
[PARITY step=225] M=14000 S=11 resident dispatch 4.958 ms
[PARITY step=225] boundSegId: mismatches=0 (hostHit+devMiss=0  hostMiss+devHit=0  bothDifferent=0  firstMotor=-1)
[PARITY step=225] arcOnFilDev (matched-seg only): matched=0  maxAbs=0.000e+00  meanAbs=0.000e+00  rms=0.000e+00
[PARITY step=225] verdict: {kernel-math-correct}
[PARITY step=226] M=14000 S=11 resident dispatch 5.023 ms
[PARITY step=226] boundSegId: mismatches=0 (hostHit+devMiss=0  hostMiss+devHit=0  bothDifferent=0  firstMotor=-1)
[PARITY step=226] arcOnFilDev (matched-seg only): matched=0  maxAbs=0.000e+00  meanAbs=0.000e+00  rms=0.000e+00
[PARITY step=226] verdict: {kernel-math-correct}
[PARITY step=227] M=14000 S=11 resident dispatch 4.627 ms
[PARITY step=227] boundSegId: mismatches=0 (hostHit+devMiss=0  hostMiss+devHit=0  bothDifferent=0  firstMotor=-1)
[PARITY step=227] arcOnFilDev (matched-seg only): matched=0  maxAbs=0.000e+00  meanAbs=0.000e+00  rms=0.000e+00
[PARITY step=227] verdict: {kernel-math-correct}
[PARITY step=228] M=14000 S=11 resident dispatch 4.999 ms
[PARITY step=228] boundSegId: mismatches=0 (hostHit+devMiss=0  hostMiss+devHit=0  bothDifferent=0  firstMotor=-1)
[PARITY step=228] arcOnFilDev (matched-seg only): matched=0  maxAbs=0.000e+00  meanAbs=0.000e+00  rms=0.000e+00
[PARITY step=228] verdict: {kernel-math-correct}
[PARITY step=229] M=14000 S=11 resident dispatch 4.674 ms
[PARITY step=229] boundSegId: mismatches=0 (hostHit+devMiss=0  hostMiss+devHit=0  bothDifferent=0  firstMotor=-1)
[PARITY step=229] arcOnFilDev (matched-seg only): matched=0  maxAbs=0.000e+00  meanAbs=0.000e+00  rms=0.000e+00
[PARITY step=229] verdict: {kernel-math-correct}
[PARITY step=230] M=14000 S=11 resident dispatch 4.596 ms
[PARITY step=230] boundSegId: mismatches=0 (hostHit+devMiss=0  hostMiss+devHit=0  bothDifferent=0  firstMotor=-1)
[PARITY step=230] arcOnFilDev (matched-seg only): matched=0  maxAbs=0.000e+00  meanAbs=0.000e+00  rms=0.000e+00
[PARITY step=230] verdict: {kernel-math-correct}
[PARITY step=231] M=14000 S=11 resident dispatch 4.601 ms
[PARITY step=231] boundSegId: mismatches=0 (hostHit+devMiss=0  hostMiss+devHit=0  bothDifferent=0  firstMotor=-1)
[PARITY step=231] arcOnFilDev (matched-seg only): matched=0  maxAbs=0.000e+00  meanAbs=0.000e+00  rms=0.000e+00
[PARITY step=231] verdict: {kernel-math-correct}
[PARITY step=232] M=14000 S=11 resident dispatch 4.560 ms
[PARITY step=232] boundSegId: mismatches=0 (hostHit+devMiss=0  hostMiss+devHit=0  bothDifferent=0  firstMotor=-1)
[PARITY step=232] arcOnFilDev (matched-seg only): matched=0  maxAbs=0.000e+00  meanAbs=0.000e+00  rms=0.000e+00
[PARITY step=232] verdict: {kernel-math-correct}
[PARITY step=233] M=14000 S=11 resident dispatch 4.563 ms
[PARITY step=233] boundSegId: mismatches=0 (hostHit+devMiss=0  hostMiss+devHit=0  bothDifferent=0  firstMotor=-1)
[PARITY step=233] arcOnFilDev (matched-seg only): matched=0  maxAbs=0.000e+00  meanAbs=0.000e+00  rms=0.000e+00
[PARITY step=233] verdict: {kernel-math-correct}
[PARITY step=234] M=14000 S=11 resident dispatch 4.561 ms
[PARITY step=234] boundSegId: mismatches=0 (hostHit+devMiss=0  hostMiss+devHit=0  bothDifferent=0  firstMotor=-1)
[PARITY step=234] arcOnFilDev (matched-seg only): matched=0  maxAbs=0.000e+00  meanAbs=0.000e+00  rms=0.000e+00
[PARITY step=234] verdict: {kernel-math-correct}
[PARITY step=235] M=14000 S=11 resident dispatch 4.557 ms
[PARITY step=235] boundSegId: mismatches=0 (hostHit+devMiss=0  hostMiss+devHit=0  bothDifferent=0  firstMotor=-1)
[PARITY step=235] arcOnFilDev (matched-seg only): matched=0  maxAbs=0.000e+00  meanAbs=0.000e+00  rms=0.000e+00
[PARITY step=235] verdict: {kernel-math-correct}
[PARITY step=236] M=14000 S=11 resident dispatch 4.560 ms
[PARITY step=236] boundSegId: mismatches=0 (hostHit+devMiss=0  hostMiss+devHit=0  bothDifferent=0  firstMotor=-1)
[PARITY step=236] arcOnFilDev (matched-seg only): matched=0  maxAbs=0.000e+00  meanAbs=0.000e+00  rms=0.000e+00
[PARITY step=236] verdict: {kernel-math-correct}
[PARITY step=237] M=14000 S=11 resident dispatch 4.579 ms
[PARITY step=237] boundSegId: mismatches=0 (hostHit+devMiss=0  hostMiss+devHit=0  bothDifferent=0  firstMotor=-1)
[PARITY step=237] arcOnFilDev (matched-seg only): matched=0  maxAbs=0.000e+00  meanAbs=0.000e+00  rms=0.000e+00
[PARITY step=237] verdict: {kernel-math-correct}
[PARITY step=238] M=14000 S=11 resident dispatch 4.541 ms
[PARITY step=238] boundSegId: mismatches=0 (hostHit+devMiss=0  hostMiss+devHit=0  bothDifferent=0  firstMotor=-1)
[PARITY step=238] arcOnFilDev (matched-seg only): matched=0  maxAbs=0.000e+00  meanAbs=0.000e+00  rms=0.000e+00
[PARITY step=238] verdict: {kernel-math-correct}
[PARITY step=239] M=14000 S=11 resident dispatch 5.164 ms
[PARITY step=239] boundSegId: mismatches=0 (hostHit+devMiss=0  hostMiss+devHit=0  bothDifferent=0  firstMotor=-1)
[PARITY step=239] arcOnFilDev (matched-seg only): matched=0  maxAbs=0.000e+00  meanAbs=0.000e+00  rms=0.000e+00
[PARITY step=239] verdict: {kernel-math-correct}
[PARITY step=240] M=14000 S=11 resident dispatch 4.962 ms
[PARITY step=240] boundSegId: mismatches=0 (hostHit+devMiss=0  hostMiss+devHit=0  bothDifferent=0  firstMotor=-1)
[PARITY step=240] arcOnFilDev (matched-seg only): matched=0  maxAbs=0.000e+00  meanAbs=0.000e+00  rms=0.000e+00
[PARITY step=240] verdict: {kernel-math-correct}
[PARITY step=241] M=14000 S=11 resident dispatch 4.575 ms
[PARITY step=241] boundSegId: mismatches=0 (hostHit+devMiss=0  hostMiss+devHit=0  bothDifferent=0  firstMotor=-1)
[PARITY step=241] arcOnFilDev (matched-seg only): matched=0  maxAbs=0.000e+00  meanAbs=0.000e+00  rms=0.000e+00
[PARITY step=241] verdict: {kernel-math-correct}
[PARITY step=242] M=14000 S=11 resident dispatch 4.871 ms
[PARITY step=242] boundSegId: mismatches=0 (hostHit+devMiss=0  hostMiss+devHit=0  bothDifferent=0  firstMotor=-1)
[PARITY step=242] arcOnFilDev (matched-seg only): matched=0  maxAbs=0.000e+00  meanAbs=0.000e+00  rms=0.000e+00
[PARITY step=242] verdict: {kernel-math-correct}
[PARITY step=243] M=14000 S=11 resident dispatch 4.591 ms
[PARITY step=243] boundSegId: mismatches=0 (hostHit+devMiss=0  hostMiss+devHit=0  bothDifferent=0  firstMotor=-1)
[PARITY step=243] arcOnFilDev (matched-seg only): matched=0  maxAbs=0.000e+00  meanAbs=0.000e+00  rms=0.000e+00
[PARITY step=243] verdict: {kernel-math-correct}
[PARITY step=244] M=14000 S=11 resident dispatch 5.093 ms
[PARITY step=244] boundSegId: mismatches=0 (hostHit+devMiss=0  hostMiss+devHit=0  bothDifferent=0  firstMotor=-1)
[PARITY step=244] arcOnFilDev (matched-seg only): matched=1  maxAbs=7.451e-09  meanAbs=7.451e-09  rms=7.451e-09
[PARITY step=244] verdict: {kernel-math-correct}
[PARITY step=245] M=14000 S=11 resident dispatch 4.698 ms
[PARITY step=245] boundSegId: mismatches=0 (hostHit+devMiss=0  hostMiss+devHit=0  bothDifferent=0  firstMotor=-1)
[PARITY step=245] arcOnFilDev (matched-seg only): matched=0  maxAbs=0.000e+00  meanAbs=0.000e+00  rms=0.000e+00
[PARITY step=245] verdict: {kernel-math-correct}
[PARITY step=246] M=14000 S=11 resident dispatch 5.062 ms
[PARITY step=246] boundSegId: mismatches=0 (hostHit+devMiss=0  hostMiss+devHit=0  bothDifferent=0  firstMotor=-1)
[PARITY step=246] arcOnFilDev (matched-seg only): matched=0  maxAbs=0.000e+00  meanAbs=0.000e+00  rms=0.000e+00
[PARITY step=246] verdict: {kernel-math-correct}
[PARITY step=247] M=14000 S=11 resident dispatch 4.632 ms
[PARITY step=247] boundSegId: mismatches=0 (hostHit+devMiss=0  hostMiss+devHit=0  bothDifferent=0  firstMotor=-1)
[PARITY step=247] arcOnFilDev (matched-seg only): matched=0  maxAbs=0.000e+00  meanAbs=0.000e+00  rms=0.000e+00
[PARITY step=247] verdict: {kernel-math-correct}
[PARITY step=248] M=14000 S=11 resident dispatch 4.934 ms
[PARITY step=248] boundSegId: mismatches=0 (hostHit+devMiss=0  hostMiss+devHit=0  bothDifferent=0  firstMotor=-1)
[PARITY step=248] arcOnFilDev (matched-seg only): matched=1  maxAbs=0.000e+00  meanAbs=0.000e+00  rms=0.000e+00
[PARITY step=248] verdict: {kernel-math-correct}
[PARITY step=249] M=14000 S=11 resident dispatch 4.614 ms
[PARITY step=249] boundSegId: mismatches=0 (hostHit+devMiss=0  hostMiss+devHit=0  bothDifferent=0  firstMotor=-1)
[PARITY step=249] arcOnFilDev (matched-seg only): matched=0  maxAbs=0.000e+00  meanAbs=0.000e+00  rms=0.000e+00
[PARITY step=249] verdict: {kernel-math-correct}
[PARITY step=250] M=14000 S=11 resident dispatch 4.699 ms
[PARITY step=250] boundSegId: mismatches=0 (hostHit+devMiss=0  hostMiss+devHit=0  bothDifferent=0  firstMotor=-1)
[PARITY step=250] arcOnFilDev (matched-seg only): matched=0  maxAbs=0.000e+00  meanAbs=0.000e+00  rms=0.000e+00
[PARITY step=250] verdict: {kernel-math-correct}
[PARITY step=251] M=14000 S=11 resident dispatch 4.539 ms
[PARITY step=251] boundSegId: mismatches=0 (hostHit+devMiss=0  hostMiss+devHit=0  bothDifferent=0  firstMotor=-1)
[PARITY step=251] arcOnFilDev (matched-seg only): matched=0  maxAbs=0.000e+00  meanAbs=0.000e+00  rms=0.000e+00
[PARITY step=251] verdict: {kernel-math-correct}
[PARITY step=252] M=14000 S=11 resident dispatch 4.560 ms
[PARITY step=252] boundSegId: mismatches=0 (hostHit+devMiss=0  hostMiss+devHit=0  bothDifferent=0  firstMotor=-1)
[PARITY step=252] arcOnFilDev (matched-seg only): matched=1  maxAbs=0.000e+00  meanAbs=0.000e+00  rms=0.000e+00
[PARITY step=252] verdict: {kernel-math-correct}
[PARITY step=253] M=14000 S=11 resident dispatch 5.072 ms
[PARITY step=253] boundSegId: mismatches=0 (hostHit+devMiss=0  hostMiss+devHit=0  bothDifferent=0  firstMotor=-1)
[PARITY step=253] arcOnFilDev (matched-seg only): matched=0  maxAbs=0.000e+00  meanAbs=0.000e+00  rms=0.000e+00
[PARITY step=253] verdict: {kernel-math-correct}
[PARITY step=254] M=14000 S=11 resident dispatch 4.653 ms
[PARITY step=254] boundSegId: mismatches=0 (hostHit+devMiss=0  hostMiss+devHit=0  bothDifferent=0  firstMotor=-1)
[PARITY step=254] arcOnFilDev (matched-seg only): matched=0  maxAbs=0.000e+00  meanAbs=0.000e+00  rms=0.000e+00
[PARITY step=254] verdict: {kernel-math-correct}
[PARITY step=255] M=14000 S=11 resident dispatch 4.561 ms
[PARITY step=255] boundSegId: mismatches=0 (hostHit+devMiss=0  hostMiss+devHit=0  bothDifferent=0  firstMotor=-1)
[PARITY step=255] arcOnFilDev (matched-seg only): matched=0  maxAbs=0.000e+00  meanAbs=0.000e+00  rms=0.000e+00
[PARITY step=255] verdict: {kernel-math-correct}
[PARITY step=256] M=14000 S=11 resident dispatch 4.803 ms
[PARITY step=256] boundSegId: mismatches=0 (hostHit+devMiss=0  hostMiss+devHit=0  bothDifferent=0  firstMotor=-1)
[PARITY step=256] arcOnFilDev (matched-seg only): matched=0  maxAbs=0.000e+00  meanAbs=0.000e+00  rms=0.000e+00
[PARITY step=256] verdict: {kernel-math-correct}
[PARITY step=257] M=14000 S=11 resident dispatch 4.550 ms
[PARITY step=257] boundSegId: mismatches=0 (hostHit+devMiss=0  hostMiss+devHit=0  bothDifferent=0  firstMotor=-1)
[PARITY step=257] arcOnFilDev (matched-seg only): matched=0  maxAbs=0.000e+00  meanAbs=0.000e+00  rms=0.000e+00
[PARITY step=257] verdict: {kernel-math-correct}
[PARITY step=258] M=14000 S=11 resident dispatch 4.580 ms
[PARITY step=258] boundSegId: mismatches=0 (hostHit+devMiss=0  hostMiss+devHit=0  bothDifferent=0  firstMotor=-1)
[PARITY step=258] arcOnFilDev (matched-seg only): matched=0  maxAbs=0.000e+00  meanAbs=0.000e+00  rms=0.000e+00
[PARITY step=258] verdict: {kernel-math-correct}
[PARITY step=259] M=14000 S=11 resident dispatch 4.722 ms
[PARITY step=259] boundSegId: mismatches=0 (hostHit+devMiss=0  hostMiss+devHit=0  bothDifferent=0  firstMotor=-1)
[PARITY step=259] arcOnFilDev (matched-seg only): matched=0  maxAbs=0.000e+00  meanAbs=0.000e+00  rms=0.000e+00
[PARITY step=259] verdict: {kernel-math-correct}
[PARITY step=260] M=14000 S=11 resident dispatch 4.542 ms
[PARITY step=260] boundSegId: mismatches=0 (hostHit+devMiss=0  hostMiss+devHit=0  bothDifferent=0  firstMotor=-1)
[PARITY step=260] arcOnFilDev (matched-seg only): matched=0  maxAbs=0.000e+00  meanAbs=0.000e+00  rms=0.000e+00
[PARITY step=260] verdict: {kernel-math-correct}
[PARITY step=261] M=14000 S=11 resident dispatch 5.035 ms
[PARITY step=261] boundSegId: mismatches=0 (hostHit+devMiss=0  hostMiss+devHit=0  bothDifferent=0  firstMotor=-1)
[PARITY step=261] arcOnFilDev (matched-seg only): matched=0  maxAbs=0.000e+00  meanAbs=0.000e+00  rms=0.000e+00
[PARITY step=261] verdict: {kernel-math-correct}
[PARITY step=262] M=14000 S=11 resident dispatch 4.905 ms
[PARITY step=262] boundSegId: mismatches=0 (hostHit+devMiss=0  hostMiss+devHit=0  bothDifferent=0  firstMotor=-1)
[PARITY step=262] arcOnFilDev (matched-seg only): matched=0  maxAbs=0.000e+00  meanAbs=0.000e+00  rms=0.000e+00
[PARITY step=262] verdict: {kernel-math-correct}
[PARITY step=263] M=14000 S=11 resident dispatch 4.558 ms
[PARITY step=263] boundSegId: mismatches=0 (hostHit+devMiss=0  hostMiss+devHit=0  bothDifferent=0  firstMotor=-1)
[PARITY step=263] arcOnFilDev (matched-seg only): matched=0  maxAbs=0.000e+00  meanAbs=0.000e+00  rms=0.000e+00
[PARITY step=263] verdict: {kernel-math-correct}
[PARITY step=264] M=14000 S=11 resident dispatch 4.572 ms
[PARITY step=264] boundSegId: mismatches=0 (hostHit+devMiss=0  hostMiss+devHit=0  bothDifferent=0  firstMotor=-1)
[PARITY step=264] arcOnFilDev (matched-seg only): matched=1  maxAbs=1.490e-08  meanAbs=1.490e-08  rms=1.490e-08
[PARITY step=264] verdict: {kernel-math-correct}
[PARITY step=265] M=14000 S=11 resident dispatch 4.550 ms
[PARITY step=265] boundSegId: mismatches=0 (hostHit+devMiss=0  hostMiss+devHit=0  bothDifferent=0  firstMotor=-1)
[PARITY step=265] arcOnFilDev (matched-seg only): matched=0  maxAbs=0.000e+00  meanAbs=0.000e+00  rms=0.000e+00
[PARITY step=265] verdict: {kernel-math-correct}
[PARITY step=266] M=14000 S=11 resident dispatch 4.669 ms
[PARITY step=266] boundSegId: mismatches=0 (hostHit+devMiss=0  hostMiss+devHit=0  bothDifferent=0  firstMotor=-1)
[PARITY step=266] arcOnFilDev (matched-seg only): matched=0  maxAbs=0.000e+00  meanAbs=0.000e+00  rms=0.000e+00
[PARITY step=266] verdict: {kernel-math-correct}
[PARITY step=267] M=14000 S=11 resident dispatch 4.588 ms
[PARITY step=267] boundSegId: mismatches=0 (hostHit+devMiss=0  hostMiss+devHit=0  bothDifferent=0  firstMotor=-1)
[PARITY step=267] arcOnFilDev (matched-seg only): matched=0  maxAbs=0.000e+00  meanAbs=0.000e+00  rms=0.000e+00
[PARITY step=267] verdict: {kernel-math-correct}
[PARITY step=268] M=14000 S=11 resident dispatch 4.618 ms
[PARITY step=268] boundSegId: mismatches=0 (hostHit+devMiss=0  hostMiss+devHit=0  bothDifferent=0  firstMotor=-1)
[PARITY step=268] arcOnFilDev (matched-seg only): matched=0  maxAbs=0.000e+00  meanAbs=0.000e+00  rms=0.000e+00
[PARITY step=268] verdict: {kernel-math-correct}
[PARITY step=269] M=14000 S=11 resident dispatch 4.577 ms
[PARITY step=269] boundSegId: mismatches=0 (hostHit+devMiss=0  hostMiss+devHit=0  bothDifferent=0  firstMotor=-1)
[PARITY step=269] arcOnFilDev (matched-seg only): matched=0  maxAbs=0.000e+00  meanAbs=0.000e+00  rms=0.000e+00
[PARITY step=269] verdict: {kernel-math-correct}
[PARITY step=270] M=14000 S=11 resident dispatch 4.594 ms
[PARITY step=270] boundSegId: mismatches=0 (hostHit+devMiss=0  hostMiss+devHit=0  bothDifferent=0  firstMotor=-1)
[PARITY step=270] arcOnFilDev (matched-seg only): matched=0  maxAbs=0.000e+00  meanAbs=0.000e+00  rms=0.000e+00
[PARITY step=270] verdict: {kernel-math-correct}
[PARITY step=271] M=14000 S=11 resident dispatch 4.634 ms
[PARITY step=271] boundSegId: mismatches=0 (hostHit+devMiss=0  hostMiss+devHit=0  bothDifferent=0  firstMotor=-1)
[PARITY step=271] arcOnFilDev (matched-seg only): matched=1  maxAbs=0.000e+00  meanAbs=0.000e+00  rms=0.000e+00
[PARITY step=271] verdict: {kernel-math-correct}
[PARITY step=272] M=14000 S=11 resident dispatch 4.573 ms
[PARITY step=272] boundSegId: mismatches=0 (hostHit+devMiss=0  hostMiss+devHit=0  bothDifferent=0  firstMotor=-1)
[PARITY step=272] arcOnFilDev (matched-seg only): matched=0  maxAbs=0.000e+00  meanAbs=0.000e+00  rms=0.000e+00
[PARITY step=272] verdict: {kernel-math-correct}
[PARITY step=273] M=14000 S=11 resident dispatch 4.609 ms
[PARITY step=273] boundSegId: mismatches=0 (hostHit+devMiss=0  hostMiss+devHit=0  bothDifferent=0  firstMotor=-1)
[PARITY step=273] arcOnFilDev (matched-seg only): matched=0  maxAbs=0.000e+00  meanAbs=0.000e+00  rms=0.000e+00
[PARITY step=273] verdict: {kernel-math-correct}
[PARITY step=274] M=14000 S=11 resident dispatch 4.582 ms
[PARITY step=274] boundSegId: mismatches=0 (hostHit+devMiss=0  hostMiss+devHit=0  bothDifferent=0  firstMotor=-1)
[PARITY step=274] arcOnFilDev (matched-seg only): matched=0  maxAbs=0.000e+00  meanAbs=0.000e+00  rms=0.000e+00
[PARITY step=274] verdict: {kernel-math-correct}
[PARITY step=275] M=14000 S=11 resident dispatch 4.573 ms
[PARITY step=275] boundSegId: mismatches=0 (hostHit+devMiss=0  hostMiss+devHit=0  bothDifferent=0  firstMotor=-1)
[PARITY step=275] arcOnFilDev (matched-seg only): matched=0  maxAbs=0.000e+00  meanAbs=0.000e+00  rms=0.000e+00
[PARITY step=275] verdict: {kernel-math-correct}
[PARITY step=276] M=14000 S=11 resident dispatch 5.197 ms
[PARITY step=276] boundSegId: mismatches=0 (hostHit+devMiss=0  hostMiss+devHit=0  bothDifferent=0  firstMotor=-1)
[PARITY step=276] arcOnFilDev (matched-seg only): matched=0  maxAbs=0.000e+00  meanAbs=0.000e+00  rms=0.000e+00
[PARITY step=276] verdict: {kernel-math-correct}
[PARITY step=277] M=14000 S=11 resident dispatch 4.580 ms
[PARITY step=277] boundSegId: mismatches=0 (hostHit+devMiss=0  hostMiss+devHit=0  bothDifferent=0  firstMotor=-1)
[PARITY step=277] arcOnFilDev (matched-seg only): matched=0  maxAbs=0.000e+00  meanAbs=0.000e+00  rms=0.000e+00
[PARITY step=277] verdict: {kernel-math-correct}
[PARITY step=278] M=14000 S=11 resident dispatch 4.666 ms
[PARITY step=278] boundSegId: mismatches=0 (hostHit+devMiss=0  hostMiss+devHit=0  bothDifferent=0  firstMotor=-1)
[PARITY step=278] arcOnFilDev (matched-seg only): matched=0  maxAbs=0.000e+00  meanAbs=0.000e+00  rms=0.000e+00
[PARITY step=278] verdict: {kernel-math-correct}
[PARITY step=279] M=14000 S=11 resident dispatch 4.669 ms
[PARITY step=279] boundSegId: mismatches=0 (hostHit+devMiss=0  hostMiss+devHit=0  bothDifferent=0  firstMotor=-1)
[PARITY step=279] arcOnFilDev (matched-seg only): matched=0  maxAbs=0.000e+00  meanAbs=0.000e+00  rms=0.000e+00
[PARITY step=279] verdict: {kernel-math-correct}
[PARITY step=280] M=14000 S=11 resident dispatch 4.579 ms
[PARITY step=280] boundSegId: mismatches=0 (hostHit+devMiss=0  hostMiss+devHit=0  bothDifferent=0  firstMotor=-1)
[PARITY step=280] arcOnFilDev (matched-seg only): matched=0  maxAbs=0.000e+00  meanAbs=0.000e+00  rms=0.000e+00
[PARITY step=280] verdict: {kernel-math-correct}
[PARITY step=281] M=14000 S=11 resident dispatch 4.833 ms
[PARITY step=281] boundSegId: mismatches=0 (hostHit+devMiss=0  hostMiss+devHit=0  bothDifferent=0  firstMotor=-1)
[PARITY step=281] arcOnFilDev (matched-seg only): matched=0  maxAbs=0.000e+00  meanAbs=0.000e+00  rms=0.000e+00
[PARITY step=281] verdict: {kernel-math-correct}
[PARITY step=282] M=14000 S=11 resident dispatch 4.598 ms
[PARITY step=282] boundSegId: mismatches=0 (hostHit+devMiss=0  hostMiss+devHit=0  bothDifferent=0  firstMotor=-1)
[PARITY step=282] arcOnFilDev (matched-seg only): matched=0  maxAbs=0.000e+00  meanAbs=0.000e+00  rms=0.000e+00
[PARITY step=282] verdict: {kernel-math-correct}
[PARITY step=283] M=14000 S=11 resident dispatch 4.744 ms
[PARITY step=283] boundSegId: mismatches=0 (hostHit+devMiss=0  hostMiss+devHit=0  bothDifferent=0  firstMotor=-1)
[PARITY step=283] arcOnFilDev (matched-seg only): matched=0  maxAbs=0.000e+00  meanAbs=0.000e+00  rms=0.000e+00
[PARITY step=283] verdict: {kernel-math-correct}
[PARITY step=284] M=14000 S=11 resident dispatch 4.642 ms
[PARITY step=284] boundSegId: mismatches=0 (hostHit+devMiss=0  hostMiss+devHit=0  bothDifferent=0  firstMotor=-1)
[PARITY step=284] arcOnFilDev (matched-seg only): matched=0  maxAbs=0.000e+00  meanAbs=0.000e+00  rms=0.000e+00
[PARITY step=284] verdict: {kernel-math-correct}
[PARITY step=285] M=14000 S=11 resident dispatch 4.773 ms
[PARITY step=285] boundSegId: mismatches=0 (hostHit+devMiss=0  hostMiss+devHit=0  bothDifferent=0  firstMotor=-1)
[PARITY step=285] arcOnFilDev (matched-seg only): matched=0  maxAbs=0.000e+00  meanAbs=0.000e+00  rms=0.000e+00
[PARITY step=285] verdict: {kernel-math-correct}
[PARITY step=286] M=14000 S=11 resident dispatch 4.625 ms
[PARITY step=286] boundSegId: mismatches=0 (hostHit+devMiss=0  hostMiss+devHit=0  bothDifferent=0  firstMotor=-1)
[PARITY step=286] arcOnFilDev (matched-seg only): matched=0  maxAbs=0.000e+00  meanAbs=0.000e+00  rms=0.000e+00
[PARITY step=286] verdict: {kernel-math-correct}
[PARITY step=287] M=14000 S=11 resident dispatch 4.644 ms
[PARITY step=287] boundSegId: mismatches=0 (hostHit+devMiss=0  hostMiss+devHit=0  bothDifferent=0  firstMotor=-1)
[PARITY step=287] arcOnFilDev (matched-seg only): matched=1  maxAbs=3.725e-09  meanAbs=3.725e-09  rms=3.725e-09
[PARITY step=287] verdict: {kernel-math-correct}
[PARITY step=288] M=14000 S=11 resident dispatch 4.568 ms
[PARITY step=288] boundSegId: mismatches=0 (hostHit+devMiss=0  hostMiss+devHit=0  bothDifferent=0  firstMotor=-1)
[PARITY step=288] arcOnFilDev (matched-seg only): matched=0  maxAbs=0.000e+00  meanAbs=0.000e+00  rms=0.000e+00
[PARITY step=288] verdict: {kernel-math-correct}
[PARITY step=289] M=14000 S=11 resident dispatch 4.563 ms
[PARITY step=289] boundSegId: mismatches=0 (hostHit+devMiss=0  hostMiss+devHit=0  bothDifferent=0  firstMotor=-1)
[PARITY step=289] arcOnFilDev (matched-seg only): matched=0  maxAbs=0.000e+00  meanAbs=0.000e+00  rms=0.000e+00
[PARITY step=289] verdict: {kernel-math-correct}
[PARITY step=290] M=14000 S=11 resident dispatch 4.978 ms
[PARITY step=290] boundSegId: mismatches=0 (hostHit+devMiss=0  hostMiss+devHit=0  bothDifferent=0  firstMotor=-1)
[PARITY step=290] arcOnFilDev (matched-seg only): matched=0  maxAbs=0.000e+00  meanAbs=0.000e+00  rms=0.000e+00
[PARITY step=290] verdict: {kernel-math-correct}
[PARITY step=291] M=14000 S=11 resident dispatch 4.737 ms
[PARITY step=291] boundSegId: mismatches=0 (hostHit+devMiss=0  hostMiss+devHit=0  bothDifferent=0  firstMotor=-1)
[PARITY step=291] arcOnFilDev (matched-seg only): matched=0  maxAbs=0.000e+00  meanAbs=0.000e+00  rms=0.000e+00
[PARITY step=291] verdict: {kernel-math-correct}
[PARITY step=292] M=14000 S=11 resident dispatch 4.589 ms
[PARITY step=292] boundSegId: mismatches=0 (hostHit+devMiss=0  hostMiss+devHit=0  bothDifferent=0  firstMotor=-1)
[PARITY step=292] arcOnFilDev (matched-seg only): matched=0  maxAbs=0.000e+00  meanAbs=0.000e+00  rms=0.000e+00
[PARITY step=292] verdict: {kernel-math-correct}
[PARITY step=293] M=14000 S=11 resident dispatch 4.770 ms
[PARITY step=293] boundSegId: mismatches=0 (hostHit+devMiss=0  hostMiss+devHit=0  bothDifferent=0  firstMotor=-1)
[PARITY step=293] arcOnFilDev (matched-seg only): matched=0  maxAbs=0.000e+00  meanAbs=0.000e+00  rms=0.000e+00
[PARITY step=293] verdict: {kernel-math-correct}
[PARITY step=294] M=14000 S=11 resident dispatch 4.796 ms
[PARITY step=294] boundSegId: mismatches=0 (hostHit+devMiss=0  hostMiss+devHit=0  bothDifferent=0  firstMotor=-1)
[PARITY step=294] arcOnFilDev (matched-seg only): matched=0  maxAbs=0.000e+00  meanAbs=0.000e+00  rms=0.000e+00
[PARITY step=294] verdict: {kernel-math-correct}
[PARITY step=295] M=14000 S=11 resident dispatch 4.575 ms
[PARITY step=295] boundSegId: mismatches=0 (hostHit+devMiss=0  hostMiss+devHit=0  bothDifferent=0  firstMotor=-1)
[PARITY step=295] arcOnFilDev (matched-seg only): matched=0  maxAbs=0.000e+00  meanAbs=0.000e+00  rms=0.000e+00
[PARITY step=295] verdict: {kernel-math-correct}
[PARITY step=296] M=14000 S=11 resident dispatch 4.611 ms
[PARITY step=296] boundSegId: mismatches=0 (hostHit+devMiss=0  hostMiss+devHit=0  bothDifferent=0  firstMotor=-1)
[PARITY step=296] arcOnFilDev (matched-seg only): matched=0  maxAbs=0.000e+00  meanAbs=0.000e+00  rms=0.000e+00
[PARITY step=296] verdict: {kernel-math-correct}
[PARITY step=297] M=14000 S=11 resident dispatch 4.589 ms
[PARITY step=297] boundSegId: mismatches=0 (hostHit+devMiss=0  hostMiss+devHit=0  bothDifferent=0  firstMotor=-1)
[PARITY step=297] arcOnFilDev (matched-seg only): matched=0  maxAbs=0.000e+00  meanAbs=0.000e+00  rms=0.000e+00
[PARITY step=297] verdict: {kernel-math-correct}
[PARITY step=298] M=14000 S=11 resident dispatch 4.555 ms
[PARITY step=298] boundSegId: mismatches=0 (hostHit+devMiss=0  hostMiss+devHit=0  bothDifferent=0  firstMotor=-1)
[PARITY step=298] arcOnFilDev (matched-seg only): matched=0  maxAbs=0.000e+00  meanAbs=0.000e+00  rms=0.000e+00
[PARITY step=298] verdict: {kernel-math-correct}
[PARITY step=299] M=14000 S=11 resident dispatch 4.544 ms
[PARITY step=299] boundSegId: mismatches=0 (hostHit+devMiss=0  hostMiss+devHit=0  bothDifferent=0  firstMotor=-1)
[PARITY step=299] arcOnFilDev (matched-seg only): matched=0  maxAbs=0.000e+00  meanAbs=0.000e+00  rms=0.000e+00
[PARITY step=299] verdict: {kernel-math-correct}
[PARITY step=300] M=14000 S=11 resident dispatch 5.102 ms
[PARITY step=300] boundSegId: mismatches=0 (hostHit+devMiss=0  hostMiss+devHit=0  bothDifferent=0  firstMotor=-1)
[PARITY step=300] arcOnFilDev (matched-seg only): matched=0  maxAbs=0.000e+00  meanAbs=0.000e+00  rms=0.000e+00
[PARITY step=300] verdict: {kernel-math-correct}
[PARITY step=301] M=14000 S=11 resident dispatch 4.632 ms
[PARITY step=301] boundSegId: mismatches=0 (hostHit+devMiss=0  hostMiss+devHit=0  bothDifferent=0  firstMotor=-1)
[PARITY step=301] arcOnFilDev (matched-seg only): matched=0  maxAbs=0.000e+00  meanAbs=0.000e+00  rms=0.000e+00
[PARITY step=301] verdict: {kernel-math-correct}
[PARITY step=302] M=14000 S=11 resident dispatch 5.456 ms
[PARITY step=302] boundSegId: mismatches=0 (hostHit+devMiss=0  hostMiss+devHit=0  bothDifferent=0  firstMotor=-1)
[PARITY step=302] arcOnFilDev (matched-seg only): matched=1  maxAbs=7.451e-09  meanAbs=7.451e-09  rms=7.451e-09
[PARITY step=302] verdict: {kernel-math-correct}
[PARITY step=303] M=14000 S=11 resident dispatch 4.736 ms
[PARITY step=303] boundSegId: mismatches=0 (hostHit+devMiss=0  hostMiss+devHit=0  bothDifferent=0  firstMotor=-1)
[PARITY step=303] arcOnFilDev (matched-seg only): matched=0  maxAbs=0.000e+00  meanAbs=0.000e+00  rms=0.000e+00
[PARITY step=303] verdict: {kernel-math-correct}
[PARITY step=304] M=14000 S=11 resident dispatch 4.568 ms
[PARITY step=304] boundSegId: mismatches=0 (hostHit+devMiss=0  hostMiss+devHit=0  bothDifferent=0  firstMotor=-1)
[PARITY step=304] arcOnFilDev (matched-seg only): matched=0  maxAbs=0.000e+00  meanAbs=0.000e+00  rms=0.000e+00
[PARITY step=304] verdict: {kernel-math-correct}
[PARITY step=305] M=14000 S=11 resident dispatch 4.592 ms
[PARITY step=305] boundSegId: mismatches=0 (hostHit+devMiss=0  hostMiss+devHit=0  bothDifferent=0  firstMotor=-1)
[PARITY step=305] arcOnFilDev (matched-seg only): matched=1  maxAbs=4.768e-07  meanAbs=4.768e-07  rms=4.768e-07
[PARITY step=305] verdict: {kernel-math-correct}
[PARITY step=306] M=14000 S=11 resident dispatch 4.567 ms
[PARITY step=306] boundSegId: mismatches=0 (hostHit+devMiss=0  hostMiss+devHit=0  bothDifferent=0  firstMotor=-1)
[PARITY step=306] arcOnFilDev (matched-seg only): matched=1  maxAbs=1.863e-09  meanAbs=1.863e-09  rms=1.863e-09
[PARITY step=306] verdict: {kernel-math-correct}
[PARITY step=307] M=14000 S=11 resident dispatch 4.817 ms
[PARITY step=307] boundSegId: mismatches=0 (hostHit+devMiss=0  hostMiss+devHit=0  bothDifferent=0  firstMotor=-1)
[PARITY step=307] arcOnFilDev (matched-seg only): matched=0  maxAbs=0.000e+00  meanAbs=0.000e+00  rms=0.000e+00
[PARITY step=307] verdict: {kernel-math-correct}
[PARITY step=308] M=14000 S=11 resident dispatch 5.105 ms
[PARITY step=308] boundSegId: mismatches=0 (hostHit+devMiss=0  hostMiss+devHit=0  bothDifferent=0  firstMotor=-1)
[PARITY step=308] arcOnFilDev (matched-seg only): matched=0  maxAbs=0.000e+00  meanAbs=0.000e+00  rms=0.000e+00
[PARITY step=308] verdict: {kernel-math-correct}
[PARITY step=309] M=14000 S=11 resident dispatch 4.582 ms
[PARITY step=309] boundSegId: mismatches=0 (hostHit+devMiss=0  hostMiss+devHit=0  bothDifferent=0  firstMotor=-1)
[PARITY step=309] arcOnFilDev (matched-seg only): matched=0  maxAbs=0.000e+00  meanAbs=0.000e+00  rms=0.000e+00
[PARITY step=309] verdict: {kernel-math-correct}
[PARITY step=310] M=14000 S=11 resident dispatch 4.538 ms
[PARITY step=310] boundSegId: mismatches=0 (hostHit+devMiss=0  hostMiss+devHit=0  bothDifferent=0  firstMotor=-1)
[PARITY step=310] arcOnFilDev (matched-seg only): matched=0  maxAbs=0.000e+00  meanAbs=0.000e+00  rms=0.000e+00
[PARITY step=310] verdict: {kernel-math-correct}
[PARITY step=311] M=14000 S=11 resident dispatch 4.564 ms
[PARITY step=311] boundSegId: mismatches=0 (hostHit+devMiss=0  hostMiss+devHit=0  bothDifferent=0  firstMotor=-1)
[PARITY step=311] arcOnFilDev (matched-seg only): matched=0  maxAbs=0.000e+00  meanAbs=0.000e+00  rms=0.000e+00
[PARITY step=311] verdict: {kernel-math-correct}
[PARITY step=312] M=14000 S=11 resident dispatch 4.560 ms
[PARITY step=312] boundSegId: mismatches=0 (hostHit+devMiss=0  hostMiss+devHit=0  bothDifferent=0  firstMotor=-1)
[PARITY step=312] arcOnFilDev (matched-seg only): matched=0  maxAbs=0.000e+00  meanAbs=0.000e+00  rms=0.000e+00
[PARITY step=312] verdict: {kernel-math-correct}
[PARITY step=313] M=14000 S=11 resident dispatch 4.540 ms
[PARITY step=313] boundSegId: mismatches=0 (hostHit+devMiss=0  hostMiss+devHit=0  bothDifferent=0  firstMotor=-1)
[PARITY step=313] arcOnFilDev (matched-seg only): matched=0  maxAbs=0.000e+00  meanAbs=0.000e+00  rms=0.000e+00
[PARITY step=313] verdict: {kernel-math-correct}
[PARITY step=314] M=14000 S=11 resident dispatch 4.672 ms
[PARITY step=314] boundSegId: mismatches=0 (hostHit+devMiss=0  hostMiss+devHit=0  bothDifferent=0  firstMotor=-1)
[PARITY step=314] arcOnFilDev (matched-seg only): matched=0  maxAbs=0.000e+00  meanAbs=0.000e+00  rms=0.000e+00
[PARITY step=314] verdict: {kernel-math-correct}
[PARITY step=315] M=14000 S=11 resident dispatch 4.551 ms
[PARITY step=315] boundSegId: mismatches=0 (hostHit+devMiss=0  hostMiss+devHit=0  bothDifferent=0  firstMotor=-1)
[PARITY step=315] arcOnFilDev (matched-seg only): matched=0  maxAbs=0.000e+00  meanAbs=0.000e+00  rms=0.000e+00
[PARITY step=315] verdict: {kernel-math-correct}
[PARITY step=316] M=14000 S=11 resident dispatch 4.577 ms
[PARITY step=316] boundSegId: mismatches=0 (hostHit+devMiss=0  hostMiss+devHit=0  bothDifferent=0  firstMotor=-1)
[PARITY step=316] arcOnFilDev (matched-seg only): matched=0  maxAbs=0.000e+00  meanAbs=0.000e+00  rms=0.000e+00
[PARITY step=316] verdict: {kernel-math-correct}
[PARITY step=317] M=14000 S=11 resident dispatch 4.591 ms
[PARITY step=317] boundSegId: mismatches=0 (hostHit+devMiss=0  hostMiss+devHit=0  bothDifferent=0  firstMotor=-1)
[PARITY step=317] arcOnFilDev (matched-seg only): matched=0  maxAbs=0.000e+00  meanAbs=0.000e+00  rms=0.000e+00
[PARITY step=317] verdict: {kernel-math-correct}
[PARITY step=318] M=14000 S=11 resident dispatch 4.573 ms
[PARITY step=318] boundSegId: mismatches=0 (hostHit+devMiss=0  hostMiss+devHit=0  bothDifferent=0  firstMotor=-1)
[PARITY step=318] arcOnFilDev (matched-seg only): matched=0  maxAbs=0.000e+00  meanAbs=0.000e+00  rms=0.000e+00
[PARITY step=318] verdict: {kernel-math-correct}
[PARITY step=319] M=14000 S=11 resident dispatch 4.554 ms
[PARITY step=319] boundSegId: mismatches=0 (hostHit+devMiss=0  hostMiss+devHit=0  bothDifferent=0  firstMotor=-1)
[PARITY step=319] arcOnFilDev (matched-seg only): matched=0  maxAbs=0.000e+00  meanAbs=0.000e+00  rms=0.000e+00
[PARITY step=319] verdict: {kernel-math-correct}
[PARITY step=320] M=14000 S=11 resident dispatch 4.732 ms
[PARITY step=320] boundSegId: mismatches=0 (hostHit+devMiss=0  hostMiss+devHit=0  bothDifferent=0  firstMotor=-1)
[PARITY step=320] arcOnFilDev (matched-seg only): matched=0  maxAbs=0.000e+00  meanAbs=0.000e+00  rms=0.000e+00
[PARITY step=320] verdict: {kernel-math-correct}
[PARITY step=321] M=14000 S=11 resident dispatch 4.573 ms
[PARITY step=321] boundSegId: mismatches=0 (hostHit+devMiss=0  hostMiss+devHit=0  bothDifferent=0  firstMotor=-1)
[PARITY step=321] arcOnFilDev (matched-seg only): matched=0  maxAbs=0.000e+00  meanAbs=0.000e+00  rms=0.000e+00
[PARITY step=321] verdict: {kernel-math-correct}
[PARITY step=322] M=14000 S=11 resident dispatch 4.570 ms
[PARITY step=322] boundSegId: mismatches=0 (hostHit+devMiss=0  hostMiss+devHit=0  bothDifferent=0  firstMotor=-1)
[PARITY step=322] arcOnFilDev (matched-seg only): matched=0  maxAbs=0.000e+00  meanAbs=0.000e+00  rms=0.000e+00
[PARITY step=322] verdict: {kernel-math-correct}
[PARITY step=323] M=14000 S=11 resident dispatch 4.566 ms
[PARITY step=323] boundSegId: mismatches=0 (hostHit+devMiss=0  hostMiss+devHit=0  bothDifferent=0  firstMotor=-1)
[PARITY step=323] arcOnFilDev (matched-seg only): matched=0  maxAbs=0.000e+00  meanAbs=0.000e+00  rms=0.000e+00
[PARITY step=323] verdict: {kernel-math-correct}
[PARITY step=324] M=14000 S=11 resident dispatch 4.599 ms
[PARITY step=324] boundSegId: mismatches=0 (hostHit+devMiss=0  hostMiss+devHit=0  bothDifferent=0  firstMotor=-1)
[PARITY step=324] arcOnFilDev (matched-seg only): matched=0  maxAbs=0.000e+00  meanAbs=0.000e+00  rms=0.000e+00
[PARITY step=324] verdict: {kernel-math-correct}
[PARITY step=325] M=14000 S=11 resident dispatch 4.752 ms
[PARITY step=325] boundSegId: mismatches=0 (hostHit+devMiss=0  hostMiss+devHit=0  bothDifferent=0  firstMotor=-1)
[PARITY step=325] arcOnFilDev (matched-seg only): matched=0  maxAbs=0.000e+00  meanAbs=0.000e+00  rms=0.000e+00
[PARITY step=325] verdict: {kernel-math-correct}
[PARITY step=326] M=14000 S=11 resident dispatch 4.902 ms
[PARITY step=326] boundSegId: mismatches=0 (hostHit+devMiss=0  hostMiss+devHit=0  bothDifferent=0  firstMotor=-1)
[PARITY step=326] arcOnFilDev (matched-seg only): matched=1  maxAbs=0.000e+00  meanAbs=0.000e+00  rms=0.000e+00
[PARITY step=326] verdict: {kernel-math-correct}
[PARITY step=327] M=14000 S=11 resident dispatch 4.577 ms
[PARITY step=327] boundSegId: mismatches=0 (hostHit+devMiss=0  hostMiss+devHit=0  bothDifferent=0  firstMotor=-1)
[PARITY step=327] arcOnFilDev (matched-seg only): matched=0  maxAbs=0.000e+00  meanAbs=0.000e+00  rms=0.000e+00
[PARITY step=327] verdict: {kernel-math-correct}
[PARITY step=328] M=14000 S=11 resident dispatch 4.673 ms
[PARITY step=328] boundSegId: mismatches=0 (hostHit+devMiss=0  hostMiss+devHit=0  bothDifferent=0  firstMotor=-1)
[PARITY step=328] arcOnFilDev (matched-seg only): matched=0  maxAbs=0.000e+00  meanAbs=0.000e+00  rms=0.000e+00
[PARITY step=328] verdict: {kernel-math-correct}
[PARITY step=329] M=14000 S=11 resident dispatch 4.557 ms
[PARITY step=329] boundSegId: mismatches=0 (hostHit+devMiss=0  hostMiss+devHit=0  bothDifferent=0  firstMotor=-1)
[PARITY step=329] arcOnFilDev (matched-seg only): matched=0  maxAbs=0.000e+00  meanAbs=0.000e+00  rms=0.000e+00
[PARITY step=329] verdict: {kernel-math-correct}
[PARITY step=330] M=14000 S=11 resident dispatch 4.817 ms
[PARITY step=330] boundSegId: mismatches=0 (hostHit+devMiss=0  hostMiss+devHit=0  bothDifferent=0  firstMotor=-1)
[PARITY step=330] arcOnFilDev (matched-seg only): matched=0  maxAbs=0.000e+00  meanAbs=0.000e+00  rms=0.000e+00
[PARITY step=330] verdict: {kernel-math-correct}
[PARITY step=331] M=14000 S=11 resident dispatch 4.579 ms
[PARITY step=331] boundSegId: mismatches=0 (hostHit+devMiss=0  hostMiss+devHit=0  bothDifferent=0  firstMotor=-1)
[PARITY step=331] arcOnFilDev (matched-seg only): matched=0  maxAbs=0.000e+00  meanAbs=0.000e+00  rms=0.000e+00
[PARITY step=331] verdict: {kernel-math-correct}
[PARITY step=332] M=14000 S=11 resident dispatch 4.583 ms
[PARITY step=332] boundSegId: mismatches=0 (hostHit+devMiss=0  hostMiss+devHit=0  bothDifferent=0  firstMotor=-1)
[PARITY step=332] arcOnFilDev (matched-seg only): matched=0  maxAbs=0.000e+00  meanAbs=0.000e+00  rms=0.000e+00
[PARITY step=332] verdict: {kernel-math-correct}
[PARITY step=333] M=14000 S=11 resident dispatch 4.573 ms
[PARITY step=333] boundSegId: mismatches=0 (hostHit+devMiss=0  hostMiss+devHit=0  bothDifferent=0  firstMotor=-1)
[PARITY step=333] arcOnFilDev (matched-seg only): matched=0  maxAbs=0.000e+00  meanAbs=0.000e+00  rms=0.000e+00
[PARITY step=333] verdict: {kernel-math-correct}
[PARITY step=334] M=14000 S=11 resident dispatch 4.593 ms
[PARITY step=334] boundSegId: mismatches=0 (hostHit+devMiss=0  hostMiss+devHit=0  bothDifferent=0  firstMotor=-1)
[PARITY step=334] arcOnFilDev (matched-seg only): matched=0  maxAbs=0.000e+00  meanAbs=0.000e+00  rms=0.000e+00
[PARITY step=334] verdict: {kernel-math-correct}
[PARITY step=335] M=14000 S=11 resident dispatch 4.604 ms
[PARITY step=335] boundSegId: mismatches=0 (hostHit+devMiss=0  hostMiss+devHit=0  bothDifferent=0  firstMotor=-1)
[PARITY step=335] arcOnFilDev (matched-seg only): matched=0  maxAbs=0.000e+00  meanAbs=0.000e+00  rms=0.000e+00
[PARITY step=335] verdict: {kernel-math-correct}
[PARITY step=336] M=14000 S=11 resident dispatch 4.563 ms
[PARITY step=336] boundSegId: mismatches=0 (hostHit+devMiss=0  hostMiss+devHit=0  bothDifferent=0  firstMotor=-1)
[PARITY step=336] arcOnFilDev (matched-seg only): matched=0  maxAbs=0.000e+00  meanAbs=0.000e+00  rms=0.000e+00
[PARITY step=336] verdict: {kernel-math-correct}
[PARITY step=337] M=14000 S=11 resident dispatch 4.575 ms
[PARITY step=337] boundSegId: mismatches=0 (hostHit+devMiss=0  hostMiss+devHit=0  bothDifferent=0  firstMotor=-1)
[PARITY step=337] arcOnFilDev (matched-seg only): matched=1  maxAbs=1.490e-08  meanAbs=1.490e-08  rms=1.490e-08
[PARITY step=337] verdict: {kernel-math-correct}
[PARITY step=338] M=14000 S=11 resident dispatch 4.728 ms
[PARITY step=338] boundSegId: mismatches=0 (hostHit+devMiss=0  hostMiss+devHit=0  bothDifferent=0  firstMotor=-1)
[PARITY step=338] arcOnFilDev (matched-seg only): matched=1  maxAbs=1.490e-08  meanAbs=1.490e-08  rms=1.490e-08
[PARITY step=338] verdict: {kernel-math-correct}
[PARITY step=339] M=14000 S=11 resident dispatch 5.027 ms
[PARITY step=339] boundSegId: mismatches=0 (hostHit+devMiss=0  hostMiss+devHit=0  bothDifferent=0  firstMotor=-1)
[PARITY step=339] arcOnFilDev (matched-seg only): matched=1  maxAbs=0.000e+00  meanAbs=0.000e+00  rms=0.000e+00
[PARITY step=339] verdict: {kernel-math-correct}
[PARITY step=340] M=14000 S=11 resident dispatch 4.566 ms
[PARITY step=340] boundSegId: mismatches=0 (hostHit+devMiss=0  hostMiss+devHit=0  bothDifferent=0  firstMotor=-1)
[PARITY step=340] arcOnFilDev (matched-seg only): matched=0  maxAbs=0.000e+00  meanAbs=0.000e+00  rms=0.000e+00
[PARITY step=340] verdict: {kernel-math-correct}
[PARITY step=341] M=14000 S=11 resident dispatch 4.602 ms
[PARITY step=341] boundSegId: mismatches=0 (hostHit+devMiss=0  hostMiss+devHit=0  bothDifferent=0  firstMotor=-1)
[PARITY step=341] arcOnFilDev (matched-seg only): matched=0  maxAbs=0.000e+00  meanAbs=0.000e+00  rms=0.000e+00
[PARITY step=341] verdict: {kernel-math-correct}
[PARITY step=342] M=14000 S=11 resident dispatch 4.574 ms
[PARITY step=342] boundSegId: mismatches=0 (hostHit+devMiss=0  hostMiss+devHit=0  bothDifferent=0  firstMotor=-1)
[PARITY step=342] arcOnFilDev (matched-seg only): matched=0  maxAbs=0.000e+00  meanAbs=0.000e+00  rms=0.000e+00
[PARITY step=342] verdict: {kernel-math-correct}
[PARITY step=343] M=14000 S=11 resident dispatch 4.571 ms
[PARITY step=343] boundSegId: mismatches=0 (hostHit+devMiss=0  hostMiss+devHit=0  bothDifferent=0  firstMotor=-1)
[PARITY step=343] arcOnFilDev (matched-seg only): matched=0  maxAbs=0.000e+00  meanAbs=0.000e+00  rms=0.000e+00
[PARITY step=343] verdict: {kernel-math-correct}
[PARITY step=344] M=14000 S=11 resident dispatch 4.857 ms
[PARITY step=344] boundSegId: mismatches=0 (hostHit+devMiss=0  hostMiss+devHit=0  bothDifferent=0  firstMotor=-1)
[PARITY step=344] arcOnFilDev (matched-seg only): matched=0  maxAbs=0.000e+00  meanAbs=0.000e+00  rms=0.000e+00
[PARITY step=344] verdict: {kernel-math-correct}
[PARITY step=345] M=14000 S=11 resident dispatch 4.850 ms
[PARITY step=345] boundSegId: mismatches=0 (hostHit+devMiss=0  hostMiss+devHit=0  bothDifferent=0  firstMotor=-1)
[PARITY step=345] arcOnFilDev (matched-seg only): matched=1  maxAbs=1.490e-08  meanAbs=1.490e-08  rms=1.490e-08
[PARITY step=345] verdict: {kernel-math-correct}
[PARITY step=346] M=14000 S=11 resident dispatch 4.549 ms
[PARITY step=346] boundSegId: mismatches=0 (hostHit+devMiss=0  hostMiss+devHit=0  bothDifferent=0  firstMotor=-1)
[PARITY step=346] arcOnFilDev (matched-seg only): matched=0  maxAbs=0.000e+00  meanAbs=0.000e+00  rms=0.000e+00
[PARITY step=346] verdict: {kernel-math-correct}
[PARITY step=347] M=14000 S=11 resident dispatch 4.627 ms
[PARITY step=347] boundSegId: mismatches=0 (hostHit+devMiss=0  hostMiss+devHit=0  bothDifferent=0  firstMotor=-1)
[PARITY step=347] arcOnFilDev (matched-seg only): matched=0  maxAbs=0.000e+00  meanAbs=0.000e+00  rms=0.000e+00
[PARITY step=347] verdict: {kernel-math-correct}
[PARITY step=348] M=14000 S=11 resident dispatch 4.829 ms
[PARITY step=348] boundSegId: mismatches=0 (hostHit+devMiss=0  hostMiss+devHit=0  bothDifferent=0  firstMotor=-1)
[PARITY step=348] arcOnFilDev (matched-seg only): matched=0  maxAbs=0.000e+00  meanAbs=0.000e+00  rms=0.000e+00
[PARITY step=348] verdict: {kernel-math-correct}
[PARITY step=349] M=14000 S=11 resident dispatch 5.264 ms
[PARITY step=349] boundSegId: mismatches=0 (hostHit+devMiss=0  hostMiss+devHit=0  bothDifferent=0  firstMotor=-1)
[PARITY step=349] arcOnFilDev (matched-seg only): matched=0  maxAbs=0.000e+00  meanAbs=0.000e+00  rms=0.000e+00
[PARITY step=349] verdict: {kernel-math-correct}
[PARITY step=350] M=14000 S=11 resident dispatch 4.575 ms
[PARITY step=350] boundSegId: mismatches=0 (hostHit+devMiss=0  hostMiss+devHit=0  bothDifferent=0  firstMotor=-1)
[PARITY step=350] arcOnFilDev (matched-seg only): matched=1  maxAbs=3.725e-09  meanAbs=3.725e-09  rms=3.725e-09
[PARITY step=350] verdict: {kernel-math-correct}
[PARITY step=351] M=14000 S=11 resident dispatch 4.643 ms
[PARITY step=351] boundSegId: mismatches=0 (hostHit+devMiss=0  hostMiss+devHit=0  bothDifferent=0  firstMotor=-1)
[PARITY step=351] arcOnFilDev (matched-seg only): matched=0  maxAbs=0.000e+00  meanAbs=0.000e+00  rms=0.000e+00
[PARITY step=351] verdict: {kernel-math-correct}
[PARITY step=352] M=14000 S=11 resident dispatch 4.590 ms
[PARITY step=352] boundSegId: mismatches=0 (hostHit+devMiss=0  hostMiss+devHit=0  bothDifferent=0  firstMotor=-1)
[PARITY step=352] arcOnFilDev (matched-seg only): matched=0  maxAbs=0.000e+00  meanAbs=0.000e+00  rms=0.000e+00
[PARITY step=352] verdict: {kernel-math-correct}
[PARITY step=353] M=14000 S=11 resident dispatch 4.541 ms
[PARITY step=353] boundSegId: mismatches=0 (hostHit+devMiss=0  hostMiss+devHit=0  bothDifferent=0  firstMotor=-1)
[PARITY step=353] arcOnFilDev (matched-seg only): matched=0  maxAbs=0.000e+00  meanAbs=0.000e+00  rms=0.000e+00
[PARITY step=353] verdict: {kernel-math-correct}
[PARITY step=354] M=14000 S=11 resident dispatch 4.543 ms
[PARITY step=354] boundSegId: mismatches=0 (hostHit+devMiss=0  hostMiss+devHit=0  bothDifferent=0  firstMotor=-1)
[PARITY step=354] arcOnFilDev (matched-seg only): matched=0  maxAbs=0.000e+00  meanAbs=0.000e+00  rms=0.000e+00
[PARITY step=354] verdict: {kernel-math-correct}
[PARITY step=355] M=14000 S=11 resident dispatch 4.632 ms
[PARITY step=355] boundSegId: mismatches=0 (hostHit+devMiss=0  hostMiss+devHit=0  bothDifferent=0  firstMotor=-1)
[PARITY step=355] arcOnFilDev (matched-seg only): matched=0  maxAbs=0.000e+00  meanAbs=0.000e+00  rms=0.000e+00
[PARITY step=355] verdict: {kernel-math-correct}
[PARITY step=356] M=14000 S=11 resident dispatch 4.650 ms
[PARITY step=356] boundSegId: mismatches=0 (hostHit+devMiss=0  hostMiss+devHit=0  bothDifferent=0  firstMotor=-1)
[PARITY step=356] arcOnFilDev (matched-seg only): matched=1  maxAbs=1.490e-08  meanAbs=1.490e-08  rms=1.490e-08
[PARITY step=356] verdict: {kernel-math-correct}
[PARITY step=357] M=14000 S=11 resident dispatch 5.891 ms
[PARITY step=357] boundSegId: mismatches=0 (hostHit+devMiss=0  hostMiss+devHit=0  bothDifferent=0  firstMotor=-1)
[PARITY step=357] arcOnFilDev (matched-seg only): matched=0  maxAbs=0.000e+00  meanAbs=0.000e+00  rms=0.000e+00
[PARITY step=357] verdict: {kernel-math-correct}
[PARITY step=358] M=14000 S=11 resident dispatch 5.095 ms
[PARITY step=358] boundSegId: mismatches=0 (hostHit+devMiss=0  hostMiss+devHit=0  bothDifferent=0  firstMotor=-1)
[PARITY step=358] arcOnFilDev (matched-seg only): matched=0  maxAbs=0.000e+00  meanAbs=0.000e+00  rms=0.000e+00
[PARITY step=358] verdict: {kernel-math-correct}
[PARITY step=359] M=14000 S=11 resident dispatch 4.668 ms
[PARITY step=359] boundSegId: mismatches=0 (hostHit+devMiss=0  hostMiss+devHit=0  bothDifferent=0  firstMotor=-1)
[PARITY step=359] arcOnFilDev (matched-seg only): matched=0  maxAbs=0.000e+00  meanAbs=0.000e+00  rms=0.000e+00
[PARITY step=359] verdict: {kernel-math-correct}
[PARITY step=360] M=14000 S=11 resident dispatch 4.585 ms
[PARITY step=360] boundSegId: mismatches=0 (hostHit+devMiss=0  hostMiss+devHit=0  bothDifferent=0  firstMotor=-1)
[PARITY step=360] arcOnFilDev (matched-seg only): matched=0  maxAbs=0.000e+00  meanAbs=0.000e+00  rms=0.000e+00
[PARITY step=360] verdict: {kernel-math-correct}
[PARITY step=361] M=14000 S=11 resident dispatch 4.573 ms
[PARITY step=361] boundSegId: mismatches=0 (hostHit+devMiss=0  hostMiss+devHit=0  bothDifferent=0  firstMotor=-1)
[PARITY step=361] arcOnFilDev (matched-seg only): matched=0  maxAbs=0.000e+00  meanAbs=0.000e+00  rms=0.000e+00
[PARITY step=361] verdict: {kernel-math-correct}
[PARITY step=362] M=14000 S=11 resident dispatch 4.561 ms
[PARITY step=362] boundSegId: mismatches=0 (hostHit+devMiss=0  hostMiss+devHit=0  bothDifferent=0  firstMotor=-1)
[PARITY step=362] arcOnFilDev (matched-seg only): matched=0  maxAbs=0.000e+00  meanAbs=0.000e+00  rms=0.000e+00
[PARITY step=362] verdict: {kernel-math-correct}
[PARITY step=363] M=14000 S=11 resident dispatch 4.550 ms
[PARITY step=363] boundSegId: mismatches=0 (hostHit+devMiss=0  hostMiss+devHit=0  bothDifferent=0  firstMotor=-1)
[PARITY step=363] arcOnFilDev (matched-seg only): matched=0  maxAbs=0.000e+00  meanAbs=0.000e+00  rms=0.000e+00
[PARITY step=363] verdict: {kernel-math-correct}
[PARITY step=364] M=14000 S=11 resident dispatch 4.536 ms
[PARITY step=364] boundSegId: mismatches=0 (hostHit+devMiss=0  hostMiss+devHit=0  bothDifferent=0  firstMotor=-1)
[PARITY step=364] arcOnFilDev (matched-seg only): matched=1  maxAbs=1.490e-08  meanAbs=1.490e-08  rms=1.490e-08
[PARITY step=364] verdict: {kernel-math-correct}
[PARITY step=365] M=14000 S=11 resident dispatch 4.540 ms
[PARITY step=365] boundSegId: mismatches=0 (hostHit+devMiss=0  hostMiss+devHit=0  bothDifferent=0  firstMotor=-1)
[PARITY step=365] arcOnFilDev (matched-seg only): matched=0  maxAbs=0.000e+00  meanAbs=0.000e+00  rms=0.000e+00
[PARITY step=365] verdict: {kernel-math-correct}
[PARITY step=366] M=14000 S=11 resident dispatch 4.548 ms
[PARITY step=366] boundSegId: mismatches=0 (hostHit+devMiss=0  hostMiss+devHit=0  bothDifferent=0  firstMotor=-1)
[PARITY step=366] arcOnFilDev (matched-seg only): matched=0  maxAbs=0.000e+00  meanAbs=0.000e+00  rms=0.000e+00
[PARITY step=366] verdict: {kernel-math-correct}
[PARITY step=367] M=14000 S=11 resident dispatch 4.535 ms
[PARITY step=367] boundSegId: mismatches=0 (hostHit+devMiss=0  hostMiss+devHit=0  bothDifferent=0  firstMotor=-1)
[PARITY step=367] arcOnFilDev (matched-seg only): matched=0  maxAbs=0.000e+00  meanAbs=0.000e+00  rms=0.000e+00
[PARITY step=367] verdict: {kernel-math-correct}
[PARITY step=368] M=14000 S=11 resident dispatch 4.571 ms
[PARITY step=368] boundSegId: mismatches=0 (hostHit+devMiss=0  hostMiss+devHit=0  bothDifferent=0  firstMotor=-1)
[PARITY step=368] arcOnFilDev (matched-seg only): matched=0  maxAbs=0.000e+00  meanAbs=0.000e+00  rms=0.000e+00
[PARITY step=368] verdict: {kernel-math-correct}
[PARITY step=369] M=14000 S=11 resident dispatch 5.032 ms
[PARITY step=369] boundSegId: mismatches=0 (hostHit+devMiss=0  hostMiss+devHit=0  bothDifferent=0  firstMotor=-1)
[PARITY step=369] arcOnFilDev (matched-seg only): matched=0  maxAbs=0.000e+00  meanAbs=0.000e+00  rms=0.000e+00
[PARITY step=369] verdict: {kernel-math-correct}
[PARITY step=370] M=14000 S=11 resident dispatch 4.895 ms
[PARITY step=370] boundSegId: mismatches=0 (hostHit+devMiss=0  hostMiss+devHit=0  bothDifferent=0  firstMotor=-1)
[PARITY step=370] arcOnFilDev (matched-seg only): matched=1  maxAbs=2.235e-08  meanAbs=2.235e-08  rms=2.235e-08
[PARITY step=370] verdict: {kernel-math-correct}
[PARITY step=371] M=14000 S=11 resident dispatch 4.541 ms
[PARITY step=371] boundSegId: mismatches=0 (hostHit+devMiss=0  hostMiss+devHit=0  bothDifferent=0  firstMotor=-1)
[PARITY step=371] arcOnFilDev (matched-seg only): matched=1  maxAbs=0.000e+00  meanAbs=0.000e+00  rms=0.000e+00
[PARITY step=371] verdict: {kernel-math-correct}
[PARITY step=372] M=14000 S=11 resident dispatch 4.538 ms
[PARITY step=372] boundSegId: mismatches=0 (hostHit+devMiss=0  hostMiss+devHit=0  bothDifferent=0  firstMotor=-1)
[PARITY step=372] arcOnFilDev (matched-seg only): matched=0  maxAbs=0.000e+00  meanAbs=0.000e+00  rms=0.000e+00
[PARITY step=372] verdict: {kernel-math-correct}
[PARITY step=373] M=14000 S=11 resident dispatch 5.088 ms
[PARITY step=373] boundSegId: mismatches=0 (hostHit+devMiss=0  hostMiss+devHit=0  bothDifferent=0  firstMotor=-1)
[PARITY step=373] arcOnFilDev (matched-seg only): matched=2  maxAbs=7.451e-09  meanAbs=5.588e-09  rms=5.890e-09
[PARITY step=373] verdict: {kernel-math-correct}
[PARITY step=374] M=14000 S=11 resident dispatch 4.552 ms
[PARITY step=374] boundSegId: mismatches=0 (hostHit+devMiss=0  hostMiss+devHit=0  bothDifferent=0  firstMotor=-1)
[PARITY step=374] arcOnFilDev (matched-seg only): matched=0  maxAbs=0.000e+00  meanAbs=0.000e+00  rms=0.000e+00
[PARITY step=374] verdict: {kernel-math-correct}
[PARITY step=375] M=14000 S=11 resident dispatch 4.599 ms
[PARITY step=375] boundSegId: mismatches=0 (hostHit+devMiss=0  hostMiss+devHit=0  bothDifferent=0  firstMotor=-1)
[PARITY step=375] arcOnFilDev (matched-seg only): matched=0  maxAbs=0.000e+00  meanAbs=0.000e+00  rms=0.000e+00
[PARITY step=375] verdict: {kernel-math-correct}
[PARITY step=376] M=14000 S=11 resident dispatch 4.586 ms
[PARITY step=376] boundSegId: mismatches=0 (hostHit+devMiss=0  hostMiss+devHit=0  bothDifferent=0  firstMotor=-1)
[PARITY step=376] arcOnFilDev (matched-seg only): matched=0  maxAbs=0.000e+00  meanAbs=0.000e+00  rms=0.000e+00
[PARITY step=376] verdict: {kernel-math-correct}
[PARITY step=377] M=14000 S=11 resident dispatch 4.548 ms
[PARITY step=377] boundSegId: mismatches=0 (hostHit+devMiss=0  hostMiss+devHit=0  bothDifferent=0  firstMotor=-1)
[PARITY step=377] arcOnFilDev (matched-seg only): matched=0  maxAbs=0.000e+00  meanAbs=0.000e+00  rms=0.000e+00
[PARITY step=377] verdict: {kernel-math-correct}
[PARITY step=378] M=14000 S=11 resident dispatch 4.573 ms
[PARITY step=378] boundSegId: mismatches=0 (hostHit+devMiss=0  hostMiss+devHit=0  bothDifferent=0  firstMotor=-1)
[PARITY step=378] arcOnFilDev (matched-seg only): matched=1  maxAbs=1.490e-08  meanAbs=1.490e-08  rms=1.490e-08
[PARITY step=378] verdict: {kernel-math-correct}
[PARITY step=379] M=14000 S=11 resident dispatch 4.615 ms
[PARITY step=379] boundSegId: mismatches=0 (hostHit+devMiss=0  hostMiss+devHit=0  bothDifferent=0  firstMotor=-1)
[PARITY step=379] arcOnFilDev (matched-seg only): matched=0  maxAbs=0.000e+00  meanAbs=0.000e+00  rms=0.000e+00
[PARITY step=379] verdict: {kernel-math-correct}
[PARITY step=380] M=14000 S=11 resident dispatch 4.552 ms
[PARITY step=380] boundSegId: mismatches=0 (hostHit+devMiss=0  hostMiss+devHit=0  bothDifferent=0  firstMotor=-1)
[PARITY step=380] arcOnFilDev (matched-seg only): matched=0  maxAbs=0.000e+00  meanAbs=0.000e+00  rms=0.000e+00
[PARITY step=380] verdict: {kernel-math-correct}
[PARITY step=381] M=14000 S=11 resident dispatch 4.552 ms
[PARITY step=381] boundSegId: mismatches=0 (hostHit+devMiss=0  hostMiss+devHit=0  bothDifferent=0  firstMotor=-1)
[PARITY step=381] arcOnFilDev (matched-seg only): matched=0  maxAbs=0.000e+00  meanAbs=0.000e+00  rms=0.000e+00
[PARITY step=381] verdict: {kernel-math-correct}
[PARITY step=382] M=14000 S=11 resident dispatch 4.548 ms
[PARITY step=382] boundSegId: mismatches=0 (hostHit+devMiss=0  hostMiss+devHit=0  bothDifferent=0  firstMotor=-1)
[PARITY step=382] arcOnFilDev (matched-seg only): matched=0  maxAbs=0.000e+00  meanAbs=0.000e+00  rms=0.000e+00
[PARITY step=382] verdict: {kernel-math-correct}
[PARITY step=383] M=14000 S=11 resident dispatch 4.534 ms
[PARITY step=383] boundSegId: mismatches=0 (hostHit+devMiss=0  hostMiss+devHit=0  bothDifferent=0  firstMotor=-1)
[PARITY step=383] arcOnFilDev (matched-seg only): matched=0  maxAbs=0.000e+00  meanAbs=0.000e+00  rms=0.000e+00
[PARITY step=383] verdict: {kernel-math-correct}
[PARITY step=384] M=14000 S=11 resident dispatch 4.781 ms
[PARITY step=384] boundSegId: mismatches=0 (hostHit+devMiss=0  hostMiss+devHit=0  bothDifferent=0  firstMotor=-1)
[PARITY step=384] arcOnFilDev (matched-seg only): matched=0  maxAbs=0.000e+00  meanAbs=0.000e+00  rms=0.000e+00
[PARITY step=384] verdict: {kernel-math-correct}
[PARITY step=385] M=14000 S=11 resident dispatch 4.575 ms
[PARITY step=385] boundSegId: mismatches=0 (hostHit+devMiss=0  hostMiss+devHit=0  bothDifferent=0  firstMotor=-1)
[PARITY step=385] arcOnFilDev (matched-seg only): matched=0  maxAbs=0.000e+00  meanAbs=0.000e+00  rms=0.000e+00
[PARITY step=385] verdict: {kernel-math-correct}
[PARITY step=386] M=14000 S=11 resident dispatch 4.573 ms
[PARITY step=386] boundSegId: mismatches=0 (hostHit+devMiss=0  hostMiss+devHit=0  bothDifferent=0  firstMotor=-1)
[PARITY step=386] arcOnFilDev (matched-seg only): matched=0  maxAbs=0.000e+00  meanAbs=0.000e+00  rms=0.000e+00
[PARITY step=386] verdict: {kernel-math-correct}
[PARITY step=387] M=14000 S=11 resident dispatch 4.567 ms
[PARITY step=387] boundSegId: mismatches=0 (hostHit+devMiss=0  hostMiss+devHit=0  bothDifferent=0  firstMotor=-1)
[PARITY step=387] arcOnFilDev (matched-seg only): matched=0  maxAbs=0.000e+00  meanAbs=0.000e+00  rms=0.000e+00
[PARITY step=387] verdict: {kernel-math-correct}
[PARITY step=388] M=14000 S=11 resident dispatch 4.551 ms
[PARITY step=388] boundSegId: mismatches=0 (hostHit+devMiss=0  hostMiss+devHit=0  bothDifferent=0  firstMotor=-1)
[PARITY step=388] arcOnFilDev (matched-seg only): matched=0  maxAbs=0.000e+00  meanAbs=0.000e+00  rms=0.000e+00
[PARITY step=388] verdict: {kernel-math-correct}
[PARITY step=389] M=14000 S=11 resident dispatch 4.569 ms
[PARITY step=389] boundSegId: mismatches=0 (hostHit+devMiss=0  hostMiss+devHit=0  bothDifferent=0  firstMotor=-1)
[PARITY step=389] arcOnFilDev (matched-seg only): matched=2  maxAbs=7.451e-09  meanAbs=5.588e-09  rms=5.890e-09
[PARITY step=389] verdict: {kernel-math-correct}
[PARITY step=390] M=14000 S=11 resident dispatch 4.539 ms
[PARITY step=390] boundSegId: mismatches=0 (hostHit+devMiss=0  hostMiss+devHit=0  bothDifferent=0  firstMotor=-1)
[PARITY step=390] arcOnFilDev (matched-seg only): matched=2  maxAbs=7.451e-09  meanAbs=5.588e-09  rms=5.890e-09
[PARITY step=390] verdict: {kernel-math-correct}
[PARITY step=391] M=14000 S=11 resident dispatch 4.574 ms
[PARITY step=391] boundSegId: mismatches=0 (hostHit+devMiss=0  hostMiss+devHit=0  bothDifferent=0  firstMotor=-1)
[PARITY step=391] arcOnFilDev (matched-seg only): matched=1  maxAbs=2.980e-08  meanAbs=2.980e-08  rms=2.980e-08
[PARITY step=391] verdict: {kernel-math-correct}
[PARITY step=392] M=14000 S=11 resident dispatch 4.562 ms
[PARITY step=392] boundSegId: mismatches=0 (hostHit+devMiss=0  hostMiss+devHit=0  bothDifferent=0  firstMotor=-1)
[PARITY step=392] arcOnFilDev (matched-seg only): matched=3  maxAbs=2.980e-08  meanAbs=1.242e-08  rms=1.774e-08
[PARITY step=392] verdict: {kernel-math-correct}
[PARITY step=393] M=14000 S=11 resident dispatch 4.558 ms
[PARITY step=393] boundSegId: mismatches=0 (hostHit+devMiss=0  hostMiss+devHit=0  bothDifferent=0  firstMotor=-1)
[PARITY step=393] arcOnFilDev (matched-seg only): matched=0  maxAbs=0.000e+00  meanAbs=0.000e+00  rms=0.000e+00
[PARITY step=393] verdict: {kernel-math-correct}
[PARITY step=394] M=14000 S=11 resident dispatch 4.801 ms
[PARITY step=394] boundSegId: mismatches=0 (hostHit+devMiss=0  hostMiss+devHit=0  bothDifferent=0  firstMotor=-1)
[PARITY step=394] arcOnFilDev (matched-seg only): matched=0  maxAbs=0.000e+00  meanAbs=0.000e+00  rms=0.000e+00
[PARITY step=394] verdict: {kernel-math-correct}
[PARITY step=395] M=14000 S=11 resident dispatch 4.568 ms
[PARITY step=395] boundSegId: mismatches=0 (hostHit+devMiss=0  hostMiss+devHit=0  bothDifferent=0  firstMotor=-1)
[PARITY step=395] arcOnFilDev (matched-seg only): matched=1  maxAbs=4.619e-07  meanAbs=4.619e-07  rms=4.619e-07
[PARITY step=395] verdict: {kernel-math-correct}
[PARITY step=396] M=14000 S=11 resident dispatch 4.783 ms
[PARITY step=396] boundSegId: mismatches=0 (hostHit+devMiss=0  hostMiss+devHit=0  bothDifferent=0  firstMotor=-1)
[PARITY step=396] arcOnFilDev (matched-seg only): matched=0  maxAbs=0.000e+00  meanAbs=0.000e+00  rms=0.000e+00
[PARITY step=396] verdict: {kernel-math-correct}
[PARITY step=397] M=14000 S=11 resident dispatch 4.567 ms
[PARITY step=397] boundSegId: mismatches=0 (hostHit+devMiss=0  hostMiss+devHit=0  bothDifferent=0  firstMotor=-1)
[PARITY step=397] arcOnFilDev (matched-seg only): matched=0  maxAbs=0.000e+00  meanAbs=0.000e+00  rms=0.000e+00
[PARITY step=397] verdict: {kernel-math-correct}
[PARITY step=398] M=14000 S=11 resident dispatch 4.690 ms
[PARITY step=398] boundSegId: mismatches=0 (hostHit+devMiss=0  hostMiss+devHit=0  bothDifferent=0  firstMotor=-1)
[PARITY step=398] arcOnFilDev (matched-seg only): matched=0  maxAbs=0.000e+00  meanAbs=0.000e+00  rms=0.000e+00
[PARITY step=398] verdict: {kernel-math-correct}
[PARITY step=399] M=14000 S=11 resident dispatch 4.645 ms
[PARITY step=399] boundSegId: mismatches=0 (hostHit+devMiss=0  hostMiss+devHit=0  bothDifferent=0  firstMotor=-1)
[PARITY step=399] arcOnFilDev (matched-seg only): matched=0  maxAbs=0.000e+00  meanAbs=0.000e+00  rms=0.000e+00
[PARITY step=399] verdict: {kernel-math-correct}
[PARITY step=400] M=14000 S=11 resident dispatch 4.543 ms
[PARITY step=400] boundSegId: mismatches=0 (hostHit+devMiss=0  hostMiss+devHit=0  bothDifferent=0  firstMotor=-1)
[PARITY step=400] arcOnFilDev (matched-seg only): matched=0  maxAbs=0.000e+00  meanAbs=0.000e+00  rms=0.000e+00
[PARITY step=400] verdict: {kernel-math-correct}
[PARITY step=401] M=14000 S=11 resident dispatch 4.562 ms
[PARITY step=401] boundSegId: mismatches=0 (hostHit+devMiss=0  hostMiss+devHit=0  bothDifferent=0  firstMotor=-1)
[PARITY step=401] arcOnFilDev (matched-seg only): matched=0  maxAbs=0.000e+00  meanAbs=0.000e+00  rms=0.000e+00
[PARITY step=401] verdict: {kernel-math-correct}
[PARITY step=402] M=14000 S=11 resident dispatch 5.073 ms
[PARITY step=402] boundSegId: mismatches=0 (hostHit+devMiss=0  hostMiss+devHit=0  bothDifferent=0  firstMotor=-1)
[PARITY step=402] arcOnFilDev (matched-seg only): matched=0  maxAbs=0.000e+00  meanAbs=0.000e+00  rms=0.000e+00
[PARITY step=402] verdict: {kernel-math-correct}
[PARITY step=403] M=14000 S=11 resident dispatch 4.837 ms
[PARITY step=403] boundSegId: mismatches=0 (hostHit+devMiss=0  hostMiss+devHit=0  bothDifferent=0  firstMotor=-1)
[PARITY step=403] arcOnFilDev (matched-seg only): matched=0  maxAbs=0.000e+00  meanAbs=0.000e+00  rms=0.000e+00
[PARITY step=403] verdict: {kernel-math-correct}
[PARITY step=404] M=14000 S=11 resident dispatch 4.771 ms
[PARITY step=404] boundSegId: mismatches=0 (hostHit+devMiss=0  hostMiss+devHit=0  bothDifferent=0  firstMotor=-1)
[PARITY step=404] arcOnFilDev (matched-seg only): matched=0  maxAbs=0.000e+00  meanAbs=0.000e+00  rms=0.000e+00
[PARITY step=404] verdict: {kernel-math-correct}
[PARITY step=405] M=14000 S=11 resident dispatch 5.054 ms
[PARITY step=405] boundSegId: mismatches=0 (hostHit+devMiss=0  hostMiss+devHit=0  bothDifferent=0  firstMotor=-1)
[PARITY step=405] arcOnFilDev (matched-seg only): matched=0  maxAbs=0.000e+00  meanAbs=0.000e+00  rms=0.000e+00
[PARITY step=405] verdict: {kernel-math-correct}
[PARITY step=406] M=14000 S=11 resident dispatch 4.547 ms
[PARITY step=406] boundSegId: mismatches=0 (hostHit+devMiss=0  hostMiss+devHit=0  bothDifferent=0  firstMotor=-1)
[PARITY step=406] arcOnFilDev (matched-seg only): matched=0  maxAbs=0.000e+00  meanAbs=0.000e+00  rms=0.000e+00
[PARITY step=406] verdict: {kernel-math-correct}
[PARITY step=407] M=14000 S=11 resident dispatch 4.560 ms
[PARITY step=407] boundSegId: mismatches=0 (hostHit+devMiss=0  hostMiss+devHit=0  bothDifferent=0  firstMotor=-1)
[PARITY step=407] arcOnFilDev (matched-seg only): matched=0  maxAbs=0.000e+00  meanAbs=0.000e+00  rms=0.000e+00
[PARITY step=407] verdict: {kernel-math-correct}
[PARITY step=408] M=14000 S=11 resident dispatch 4.544 ms
[PARITY step=408] boundSegId: mismatches=0 (hostHit+devMiss=0  hostMiss+devHit=0  bothDifferent=0  firstMotor=-1)
[PARITY step=408] arcOnFilDev (matched-seg only): matched=1  maxAbs=1.490e-08  meanAbs=1.490e-08  rms=1.490e-08
[PARITY step=408] verdict: {kernel-math-correct}
[PARITY step=409] M=14000 S=11 resident dispatch 4.543 ms
[PARITY step=409] boundSegId: mismatches=0 (hostHit+devMiss=0  hostMiss+devHit=0  bothDifferent=0  firstMotor=-1)
[PARITY step=409] arcOnFilDev (matched-seg only): matched=0  maxAbs=0.000e+00  meanAbs=0.000e+00  rms=0.000e+00
[PARITY step=409] verdict: {kernel-math-correct}
[PARITY step=410] M=14000 S=11 resident dispatch 4.559 ms
[PARITY step=410] boundSegId: mismatches=0 (hostHit+devMiss=0  hostMiss+devHit=0  bothDifferent=0  firstMotor=-1)
[PARITY step=410] arcOnFilDev (matched-seg only): matched=1  maxAbs=7.451e-09  meanAbs=7.451e-09  rms=7.451e-09
[PARITY step=410] verdict: {kernel-math-correct}
[PARITY step=411] M=14000 S=11 resident dispatch 4.579 ms
[PARITY step=411] boundSegId: mismatches=0 (hostHit+devMiss=0  hostMiss+devHit=0  bothDifferent=0  firstMotor=-1)
[PARITY step=411] arcOnFilDev (matched-seg only): matched=0  maxAbs=0.000e+00  meanAbs=0.000e+00  rms=0.000e+00
[PARITY step=411] verdict: {kernel-math-correct}
[PARITY step=412] M=14000 S=11 resident dispatch 4.574 ms
[PARITY step=412] boundSegId: mismatches=0 (hostHit+devMiss=0  hostMiss+devHit=0  bothDifferent=0  firstMotor=-1)
[PARITY step=412] arcOnFilDev (matched-seg only): matched=0  maxAbs=0.000e+00  meanAbs=0.000e+00  rms=0.000e+00
[PARITY step=412] verdict: {kernel-math-correct}
[PARITY step=413] M=14000 S=11 resident dispatch 4.782 ms
[PARITY step=413] boundSegId: mismatches=0 (hostHit+devMiss=0  hostMiss+devHit=0  bothDifferent=0  firstMotor=-1)
[PARITY step=413] arcOnFilDev (matched-seg only): matched=1  maxAbs=1.490e-08  meanAbs=1.490e-08  rms=1.490e-08
[PARITY step=413] verdict: {kernel-math-correct}
[PARITY step=414] M=14000 S=11 resident dispatch 4.658 ms
[PARITY step=414] boundSegId: mismatches=0 (hostHit+devMiss=0  hostMiss+devHit=0  bothDifferent=0  firstMotor=-1)
[PARITY step=414] arcOnFilDev (matched-seg only): matched=1  maxAbs=1.490e-08  meanAbs=1.490e-08  rms=1.490e-08
[PARITY step=414] verdict: {kernel-math-correct}
[PARITY step=415] M=14000 S=11 resident dispatch 4.666 ms
[PARITY step=415] boundSegId: mismatches=0 (hostHit+devMiss=0  hostMiss+devHit=0  bothDifferent=0  firstMotor=-1)
[PARITY step=415] arcOnFilDev (matched-seg only): matched=0  maxAbs=0.000e+00  meanAbs=0.000e+00  rms=0.000e+00
[PARITY step=415] verdict: {kernel-math-correct}
[PARITY step=416] M=14000 S=11 resident dispatch 4.551 ms
[PARITY step=416] boundSegId: mismatches=0 (hostHit+devMiss=0  hostMiss+devHit=0  bothDifferent=0  firstMotor=-1)
[PARITY step=416] arcOnFilDev (matched-seg only): matched=0  maxAbs=0.000e+00  meanAbs=0.000e+00  rms=0.000e+00
[PARITY step=416] verdict: {kernel-math-correct}
[PARITY step=417] M=14000 S=11 resident dispatch 4.555 ms
[PARITY step=417] boundSegId: mismatches=0 (hostHit+devMiss=0  hostMiss+devHit=0  bothDifferent=0  firstMotor=-1)
[PARITY step=417] arcOnFilDev (matched-seg only): matched=0  maxAbs=0.000e+00  meanAbs=0.000e+00  rms=0.000e+00
[PARITY step=417] verdict: {kernel-math-correct}
[PARITY step=418] M=14000 S=11 resident dispatch 4.586 ms
[PARITY step=418] boundSegId: mismatches=0 (hostHit+devMiss=0  hostMiss+devHit=0  bothDifferent=0  firstMotor=-1)
[PARITY step=418] arcOnFilDev (matched-seg only): matched=0  maxAbs=0.000e+00  meanAbs=0.000e+00  rms=0.000e+00
[PARITY step=418] verdict: {kernel-math-correct}
[PARITY step=419] M=14000 S=11 resident dispatch 4.571 ms
[PARITY step=419] boundSegId: mismatches=0 (hostHit+devMiss=0  hostMiss+devHit=0  bothDifferent=0  firstMotor=-1)
[PARITY step=419] arcOnFilDev (matched-seg only): matched=0  maxAbs=0.000e+00  meanAbs=0.000e+00  rms=0.000e+00
[PARITY step=419] verdict: {kernel-math-correct}
[PARITY step=420] M=14000 S=11 resident dispatch 4.628 ms
[PARITY step=420] boundSegId: mismatches=0 (hostHit+devMiss=0  hostMiss+devHit=0  bothDifferent=0  firstMotor=-1)
[PARITY step=420] arcOnFilDev (matched-seg only): matched=0  maxAbs=0.000e+00  meanAbs=0.000e+00  rms=0.000e+00
[PARITY step=420] verdict: {kernel-math-correct}
[PARITY step=421] M=14000 S=11 resident dispatch 4.558 ms
[PARITY step=421] boundSegId: mismatches=0 (hostHit+devMiss=0  hostMiss+devHit=0  bothDifferent=0  firstMotor=-1)
[PARITY step=421] arcOnFilDev (matched-seg only): matched=0  maxAbs=0.000e+00  meanAbs=0.000e+00  rms=0.000e+00
[PARITY step=421] verdict: {kernel-math-correct}
[PARITY step=422] M=14000 S=11 resident dispatch 4.539 ms
[PARITY step=422] boundSegId: mismatches=0 (hostHit+devMiss=0  hostMiss+devHit=0  bothDifferent=0  firstMotor=-1)
[PARITY step=422] arcOnFilDev (matched-seg only): matched=1  maxAbs=0.000e+00  meanAbs=0.000e+00  rms=0.000e+00
[PARITY step=422] verdict: {kernel-math-correct}
[PARITY step=423] M=14000 S=11 resident dispatch 4.566 ms
[PARITY step=423] boundSegId: mismatches=0 (hostHit+devMiss=0  hostMiss+devHit=0  bothDifferent=0  firstMotor=-1)
[PARITY step=423] arcOnFilDev (matched-seg only): matched=0  maxAbs=0.000e+00  meanAbs=0.000e+00  rms=0.000e+00
[PARITY step=423] verdict: {kernel-math-correct}
[PARITY step=424] M=14000 S=11 resident dispatch 4.614 ms
[PARITY step=424] boundSegId: mismatches=0 (hostHit+devMiss=0  hostMiss+devHit=0  bothDifferent=0  firstMotor=-1)
[PARITY step=424] arcOnFilDev (matched-seg only): matched=0  maxAbs=0.000e+00  meanAbs=0.000e+00  rms=0.000e+00
[PARITY step=424] verdict: {kernel-math-correct}
[PARITY step=425] M=14000 S=11 resident dispatch 4.610 ms
[PARITY step=425] boundSegId: mismatches=0 (hostHit+devMiss=0  hostMiss+devHit=0  bothDifferent=0  firstMotor=-1)
[PARITY step=425] arcOnFilDev (matched-seg only): matched=0  maxAbs=0.000e+00  meanAbs=0.000e+00  rms=0.000e+00
[PARITY step=425] verdict: {kernel-math-correct}
[PARITY step=426] M=14000 S=11 resident dispatch 4.542 ms
[PARITY step=426] boundSegId: mismatches=0 (hostHit+devMiss=0  hostMiss+devHit=0  bothDifferent=0  firstMotor=-1)
[PARITY step=426] arcOnFilDev (matched-seg only): matched=0  maxAbs=0.000e+00  meanAbs=0.000e+00  rms=0.000e+00
[PARITY step=426] verdict: {kernel-math-correct}
[PARITY step=427] M=14000 S=11 resident dispatch 4.586 ms
[PARITY step=427] boundSegId: mismatches=0 (hostHit+devMiss=0  hostMiss+devHit=0  bothDifferent=0  firstMotor=-1)
[PARITY step=427] arcOnFilDev (matched-seg only): matched=0  maxAbs=0.000e+00  meanAbs=0.000e+00  rms=0.000e+00
[PARITY step=427] verdict: {kernel-math-correct}
[PARITY step=428] M=14000 S=11 resident dispatch 4.561 ms
[PARITY step=428] boundSegId: mismatches=0 (hostHit+devMiss=0  hostMiss+devHit=0  bothDifferent=0  firstMotor=-1)
[PARITY step=428] arcOnFilDev (matched-seg only): matched=1  maxAbs=3.725e-09  meanAbs=3.725e-09  rms=3.725e-09
[PARITY step=428] verdict: {kernel-math-correct}
[PARITY step=429] M=14000 S=11 resident dispatch 4.556 ms
[PARITY step=429] boundSegId: mismatches=0 (hostHit+devMiss=0  hostMiss+devHit=0  bothDifferent=0  firstMotor=-1)
[PARITY step=429] arcOnFilDev (matched-seg only): matched=2  maxAbs=1.490e-08  meanAbs=9.313e-09  rms=1.086e-08
[PARITY step=429] verdict: {kernel-math-correct}
[PARITY step=430] M=14000 S=11 resident dispatch 4.587 ms
[PARITY step=430] boundSegId: mismatches=0 (hostHit+devMiss=0  hostMiss+devHit=0  bothDifferent=0  firstMotor=-1)
[PARITY step=430] arcOnFilDev (matched-seg only): matched=0  maxAbs=0.000e+00  meanAbs=0.000e+00  rms=0.000e+00
[PARITY step=430] verdict: {kernel-math-correct}
[PARITY step=431] M=14000 S=11 resident dispatch 4.636 ms
[PARITY step=431] boundSegId: mismatches=0 (hostHit+devMiss=0  hostMiss+devHit=0  bothDifferent=0  firstMotor=-1)
[PARITY step=431] arcOnFilDev (matched-seg only): matched=1  maxAbs=2.235e-08  meanAbs=2.235e-08  rms=2.235e-08
[PARITY step=431] verdict: {kernel-math-correct}
[PARITY step=432] M=14000 S=11 resident dispatch 4.603 ms
[PARITY step=432] boundSegId: mismatches=0 (hostHit+devMiss=0  hostMiss+devHit=0  bothDifferent=0  firstMotor=-1)
[PARITY step=432] arcOnFilDev (matched-seg only): matched=1  maxAbs=0.000e+00  meanAbs=0.000e+00  rms=0.000e+00
[PARITY step=432] verdict: {kernel-math-correct}
[PARITY step=433] M=14000 S=11 resident dispatch 4.558 ms
[PARITY step=433] boundSegId: mismatches=0 (hostHit+devMiss=0  hostMiss+devHit=0  bothDifferent=0  firstMotor=-1)
[PARITY step=433] arcOnFilDev (matched-seg only): matched=1  maxAbs=2.980e-08  meanAbs=2.980e-08  rms=2.980e-08
[PARITY step=433] verdict: {kernel-math-correct}
[PARITY step=434] M=14000 S=11 resident dispatch 4.602 ms
[PARITY step=434] boundSegId: mismatches=0 (hostHit+devMiss=0  hostMiss+devHit=0  bothDifferent=0  firstMotor=-1)
[PARITY step=434] arcOnFilDev (matched-seg only): matched=0  maxAbs=0.000e+00  meanAbs=0.000e+00  rms=0.000e+00
[PARITY step=434] verdict: {kernel-math-correct}
[PARITY step=435] M=14000 S=11 resident dispatch 4.813 ms
[PARITY step=435] boundSegId: mismatches=0 (hostHit+devMiss=0  hostMiss+devHit=0  bothDifferent=0  firstMotor=-1)
[PARITY step=435] arcOnFilDev (matched-seg only): matched=2  maxAbs=5.960e-08  meanAbs=4.470e-08  rms=4.712e-08
[PARITY step=435] verdict: {kernel-math-correct}
[PARITY step=436] M=14000 S=11 resident dispatch 4.666 ms
[PARITY step=436] boundSegId: mismatches=0 (hostHit+devMiss=0  hostMiss+devHit=0  bothDifferent=0  firstMotor=-1)
[PARITY step=436] arcOnFilDev (matched-seg only): matched=0  maxAbs=0.000e+00  meanAbs=0.000e+00  rms=0.000e+00
[PARITY step=436] verdict: {kernel-math-correct}
[PARITY step=437] M=14000 S=11 resident dispatch 4.829 ms
[PARITY step=437] boundSegId: mismatches=0 (hostHit+devMiss=0  hostMiss+devHit=0  bothDifferent=0  firstMotor=-1)
[PARITY step=437] arcOnFilDev (matched-seg only): matched=0  maxAbs=0.000e+00  meanAbs=0.000e+00  rms=0.000e+00
[PARITY step=437] verdict: {kernel-math-correct}
[PARITY step=438] M=14000 S=11 resident dispatch 4.693 ms
[PARITY step=438] boundSegId: mismatches=0 (hostHit+devMiss=0  hostMiss+devHit=0  bothDifferent=0  firstMotor=-1)
[PARITY step=438] arcOnFilDev (matched-seg only): matched=0  maxAbs=0.000e+00  meanAbs=0.000e+00  rms=0.000e+00
[PARITY step=438] verdict: {kernel-math-correct}
[PARITY step=439] M=14000 S=11 resident dispatch 4.770 ms
[PARITY step=439] boundSegId: mismatches=0 (hostHit+devMiss=0  hostMiss+devHit=0  bothDifferent=0  firstMotor=-1)
[PARITY step=439] arcOnFilDev (matched-seg only): matched=0  maxAbs=0.000e+00  meanAbs=0.000e+00  rms=0.000e+00
[PARITY step=439] verdict: {kernel-math-correct}
[PARITY step=440] M=14000 S=11 resident dispatch 5.166 ms
[PARITY step=440] boundSegId: mismatches=0 (hostHit+devMiss=0  hostMiss+devHit=0  bothDifferent=0  firstMotor=-1)
[PARITY step=440] arcOnFilDev (matched-seg only): matched=0  maxAbs=0.000e+00  meanAbs=0.000e+00  rms=0.000e+00
[PARITY step=440] verdict: {kernel-math-correct}
[PARITY step=441] M=14000 S=11 resident dispatch 4.929 ms
[PARITY step=441] boundSegId: mismatches=0 (hostHit+devMiss=0  hostMiss+devHit=0  bothDifferent=0  firstMotor=-1)
[PARITY step=441] arcOnFilDev (matched-seg only): matched=0  maxAbs=0.000e+00  meanAbs=0.000e+00  rms=0.000e+00
[PARITY step=441] verdict: {kernel-math-correct}
[PARITY step=442] M=14000 S=11 resident dispatch 4.557 ms
[PARITY step=442] boundSegId: mismatches=0 (hostHit+devMiss=0  hostMiss+devHit=0  bothDifferent=0  firstMotor=-1)
[PARITY step=442] arcOnFilDev (matched-seg only): matched=0  maxAbs=0.000e+00  meanAbs=0.000e+00  rms=0.000e+00
[PARITY step=442] verdict: {kernel-math-correct}
[PARITY step=443] M=14000 S=11 resident dispatch 4.555 ms
[PARITY step=443] boundSegId: mismatches=0 (hostHit+devMiss=0  hostMiss+devHit=0  bothDifferent=0  firstMotor=-1)
[PARITY step=443] arcOnFilDev (matched-seg only): matched=0  maxAbs=0.000e+00  meanAbs=0.000e+00  rms=0.000e+00
[PARITY step=443] verdict: {kernel-math-correct}
[PARITY step=444] M=14000 S=11 resident dispatch 4.549 ms
[PARITY step=444] boundSegId: mismatches=0 (hostHit+devMiss=0  hostMiss+devHit=0  bothDifferent=0  firstMotor=-1)
[PARITY step=444] arcOnFilDev (matched-seg only): matched=0  maxAbs=0.000e+00  meanAbs=0.000e+00  rms=0.000e+00
[PARITY step=444] verdict: {kernel-math-correct}
[PARITY step=445] M=14000 S=11 resident dispatch 4.849 ms
[PARITY step=445] boundSegId: mismatches=0 (hostHit+devMiss=0  hostMiss+devHit=0  bothDifferent=0  firstMotor=-1)
[PARITY step=445] arcOnFilDev (matched-seg only): matched=0  maxAbs=0.000e+00  meanAbs=0.000e+00  rms=0.000e+00
[PARITY step=445] verdict: {kernel-math-correct}
[PARITY step=446] M=14000 S=11 resident dispatch 4.973 ms
[PARITY step=446] boundSegId: mismatches=0 (hostHit+devMiss=0  hostMiss+devHit=0  bothDifferent=0  firstMotor=-1)
[PARITY step=446] arcOnFilDev (matched-seg only): matched=0  maxAbs=0.000e+00  meanAbs=0.000e+00  rms=0.000e+00
[PARITY step=446] verdict: {kernel-math-correct}
[PARITY step=447] M=14000 S=11 resident dispatch 4.553 ms
[PARITY step=447] boundSegId: mismatches=0 (hostHit+devMiss=0  hostMiss+devHit=0  bothDifferent=0  firstMotor=-1)
[PARITY step=447] arcOnFilDev (matched-seg only): matched=1  maxAbs=2.980e-08  meanAbs=2.980e-08  rms=2.980e-08
[PARITY step=447] verdict: {kernel-math-correct}
[PARITY step=448] M=14000 S=11 resident dispatch 4.571 ms
[PARITY step=448] boundSegId: mismatches=0 (hostHit+devMiss=0  hostMiss+devHit=0  bothDifferent=0  firstMotor=-1)
[PARITY step=448] arcOnFilDev (matched-seg only): matched=1  maxAbs=0.000e+00  meanAbs=0.000e+00  rms=0.000e+00
[PARITY step=448] verdict: {kernel-math-correct}
[PARITY step=449] M=14000 S=11 resident dispatch 4.543 ms
[PARITY step=449] boundSegId: mismatches=0 (hostHit+devMiss=0  hostMiss+devHit=0  bothDifferent=0  firstMotor=-1)
[PARITY step=449] arcOnFilDev (matched-seg only): matched=2  maxAbs=3.725e-09  meanAbs=1.863e-09  rms=2.634e-09
[PARITY step=449] verdict: {kernel-math-correct}
[PARITY step=450] M=14000 S=11 resident dispatch 4.556 ms
[PARITY step=450] boundSegId: mismatches=0 (hostHit+devMiss=0  hostMiss+devHit=0  bothDifferent=0  firstMotor=-1)
[PARITY step=450] arcOnFilDev (matched-seg only): matched=2  maxAbs=2.235e-08  meanAbs=1.118e-08  rms=1.581e-08
[PARITY step=450] verdict: {kernel-math-correct}
[PARITY step=451] M=14000 S=11 resident dispatch 4.560 ms
[PARITY step=451] boundSegId: mismatches=0 (hostHit+devMiss=0  hostMiss+devHit=0  bothDifferent=0  firstMotor=-1)
[PARITY step=451] arcOnFilDev (matched-seg only): matched=2  maxAbs=4.470e-08  meanAbs=2.980e-08  rms=3.332e-08
[PARITY step=451] verdict: {kernel-math-correct}
[PARITY step=452] M=14000 S=11 resident dispatch 4.561 ms
[PARITY step=452] boundSegId: mismatches=0 (hostHit+devMiss=0  hostMiss+devHit=0  bothDifferent=0  firstMotor=-1)
[PARITY step=452] arcOnFilDev (matched-seg only): matched=0  maxAbs=0.000e+00  meanAbs=0.000e+00  rms=0.000e+00
[PARITY step=452] verdict: {kernel-math-correct}
[PARITY step=453] M=14000 S=11 resident dispatch 5.054 ms
[PARITY step=453] boundSegId: mismatches=0 (hostHit+devMiss=0  hostMiss+devHit=0  bothDifferent=0  firstMotor=-1)
[PARITY step=453] arcOnFilDev (matched-seg only): matched=1  maxAbs=2.980e-08  meanAbs=2.980e-08  rms=2.980e-08
[PARITY step=453] verdict: {kernel-math-correct}
[PARITY step=454] M=14000 S=11 resident dispatch 4.671 ms
[PARITY step=454] boundSegId: mismatches=0 (hostHit+devMiss=0  hostMiss+devHit=0  bothDifferent=0  firstMotor=-1)
[PARITY step=454] arcOnFilDev (matched-seg only): matched=0  maxAbs=0.000e+00  meanAbs=0.000e+00  rms=0.000e+00
[PARITY step=454] verdict: {kernel-math-correct}
[PARITY step=455] M=14000 S=11 resident dispatch 5.038 ms
[PARITY step=455] boundSegId: mismatches=0 (hostHit+devMiss=0  hostMiss+devHit=0  bothDifferent=0  firstMotor=-1)
[PARITY step=455] arcOnFilDev (matched-seg only): matched=0  maxAbs=0.000e+00  meanAbs=0.000e+00  rms=0.000e+00
[PARITY step=455] verdict: {kernel-math-correct}
[PARITY step=456] M=14000 S=11 resident dispatch 4.558 ms
[PARITY step=456] boundSegId: mismatches=0 (hostHit+devMiss=0  hostMiss+devHit=0  bothDifferent=0  firstMotor=-1)
[PARITY step=456] arcOnFilDev (matched-seg only): matched=0  maxAbs=0.000e+00  meanAbs=0.000e+00  rms=0.000e+00
[PARITY step=456] verdict: {kernel-math-correct}
[PARITY step=457] M=14000 S=11 resident dispatch 4.554 ms
[PARITY step=457] boundSegId: mismatches=0 (hostHit+devMiss=0  hostMiss+devHit=0  bothDifferent=0  firstMotor=-1)
[PARITY step=457] arcOnFilDev (matched-seg only): matched=1  maxAbs=5.588e-09  meanAbs=5.588e-09  rms=5.588e-09
[PARITY step=457] verdict: {kernel-math-correct}
[PARITY step=458] M=14000 S=11 resident dispatch 4.573 ms
[PARITY step=458] boundSegId: mismatches=0 (hostHit+devMiss=0  hostMiss+devHit=0  bothDifferent=0  firstMotor=-1)
[PARITY step=458] arcOnFilDev (matched-seg only): matched=0  maxAbs=0.000e+00  meanAbs=0.000e+00  rms=0.000e+00
[PARITY step=458] verdict: {kernel-math-correct}
[PARITY step=459] M=14000 S=11 resident dispatch 4.610 ms
[PARITY step=459] boundSegId: mismatches=0 (hostHit+devMiss=0  hostMiss+devHit=0  bothDifferent=0  firstMotor=-1)
[PARITY step=459] arcOnFilDev (matched-seg only): matched=0  maxAbs=0.000e+00  meanAbs=0.000e+00  rms=0.000e+00
[PARITY step=459] verdict: {kernel-math-correct}
[PARITY step=460] M=14000 S=11 resident dispatch 4.544 ms
[PARITY step=460] boundSegId: mismatches=0 (hostHit+devMiss=0  hostMiss+devHit=0  bothDifferent=0  firstMotor=-1)
[PARITY step=460] arcOnFilDev (matched-seg only): matched=0  maxAbs=0.000e+00  meanAbs=0.000e+00  rms=0.000e+00
[PARITY step=460] verdict: {kernel-math-correct}
[PARITY step=461] M=14000 S=11 resident dispatch 4.818 ms
[PARITY step=461] boundSegId: mismatches=0 (hostHit+devMiss=0  hostMiss+devHit=0  bothDifferent=0  firstMotor=-1)
[PARITY step=461] arcOnFilDev (matched-seg only): matched=0  maxAbs=0.000e+00  meanAbs=0.000e+00  rms=0.000e+00
[PARITY step=461] verdict: {kernel-math-correct}
[PARITY step=462] M=14000 S=11 resident dispatch 4.545 ms
[PARITY step=462] boundSegId: mismatches=0 (hostHit+devMiss=0  hostMiss+devHit=0  bothDifferent=0  firstMotor=-1)
[PARITY step=462] arcOnFilDev (matched-seg only): matched=0  maxAbs=0.000e+00  meanAbs=0.000e+00  rms=0.000e+00
[PARITY step=462] verdict: {kernel-math-correct}
[PARITY step=463] M=14000 S=11 resident dispatch 4.585 ms
[PARITY step=463] boundSegId: mismatches=0 (hostHit+devMiss=0  hostMiss+devHit=0  bothDifferent=0  firstMotor=-1)
[PARITY step=463] arcOnFilDev (matched-seg only): matched=1  maxAbs=2.980e-08  meanAbs=2.980e-08  rms=2.980e-08
[PARITY step=463] verdict: {kernel-math-correct}
[PARITY step=464] M=14000 S=11 resident dispatch 4.563 ms
[PARITY step=464] boundSegId: mismatches=0 (hostHit+devMiss=0  hostMiss+devHit=0  bothDifferent=0  firstMotor=-1)
[PARITY step=464] arcOnFilDev (matched-seg only): matched=0  maxAbs=0.000e+00  meanAbs=0.000e+00  rms=0.000e+00
[PARITY step=464] verdict: {kernel-math-correct}
[PARITY step=465] M=14000 S=11 resident dispatch 4.559 ms
[PARITY step=465] boundSegId: mismatches=0 (hostHit+devMiss=0  hostMiss+devHit=0  bothDifferent=0  firstMotor=-1)
[PARITY step=465] arcOnFilDev (matched-seg only): matched=0  maxAbs=0.000e+00  meanAbs=0.000e+00  rms=0.000e+00
[PARITY step=465] verdict: {kernel-math-correct}
[PARITY step=466] M=14000 S=11 resident dispatch 4.554 ms
[PARITY step=466] boundSegId: mismatches=0 (hostHit+devMiss=0  hostMiss+devHit=0  bothDifferent=0  firstMotor=-1)
[PARITY step=466] arcOnFilDev (matched-seg only): matched=0  maxAbs=0.000e+00  meanAbs=0.000e+00  rms=0.000e+00
[PARITY step=466] verdict: {kernel-math-correct}
[PARITY step=467] M=14000 S=11 resident dispatch 4.560 ms
[PARITY step=467] boundSegId: mismatches=0 (hostHit+devMiss=0  hostMiss+devHit=0  bothDifferent=0  firstMotor=-1)
[PARITY step=467] arcOnFilDev (matched-seg only): matched=0  maxAbs=0.000e+00  meanAbs=0.000e+00  rms=0.000e+00
[PARITY step=467] verdict: {kernel-math-correct}
[PARITY step=468] M=14000 S=11 resident dispatch 4.548 ms
[PARITY step=468] boundSegId: mismatches=0 (hostHit+devMiss=0  hostMiss+devHit=0  bothDifferent=0  firstMotor=-1)
[PARITY step=468] arcOnFilDev (matched-seg only): matched=1  maxAbs=2.328e-10  meanAbs=2.328e-10  rms=2.328e-10
[PARITY step=468] verdict: {kernel-math-correct}
[PARITY step=469] M=14000 S=11 resident dispatch 4.524 ms
[PARITY step=469] boundSegId: mismatches=0 (hostHit+devMiss=0  hostMiss+devHit=0  bothDifferent=0  firstMotor=-1)
[PARITY step=469] arcOnFilDev (matched-seg only): matched=0  maxAbs=0.000e+00  meanAbs=0.000e+00  rms=0.000e+00
[PARITY step=469] verdict: {kernel-math-correct}
[PARITY step=470] M=14000 S=11 resident dispatch 4.590 ms
[PARITY step=470] boundSegId: mismatches=0 (hostHit+devMiss=0  hostMiss+devHit=0  bothDifferent=0  firstMotor=-1)
[PARITY step=470] arcOnFilDev (matched-seg only): matched=0  maxAbs=0.000e+00  meanAbs=0.000e+00  rms=0.000e+00
[PARITY step=470] verdict: {kernel-math-correct}
[PARITY step=471] M=14000 S=11 resident dispatch 6.120 ms
[PARITY step=471] boundSegId: mismatches=0 (hostHit+devMiss=0  hostMiss+devHit=0  bothDifferent=0  firstMotor=-1)
[PARITY step=471] arcOnFilDev (matched-seg only): matched=0  maxAbs=0.000e+00  meanAbs=0.000e+00  rms=0.000e+00
[PARITY step=471] verdict: {kernel-math-correct}
[PARITY step=472] M=14000 S=11 resident dispatch 4.583 ms
[PARITY step=472] boundSegId: mismatches=0 (hostHit+devMiss=0  hostMiss+devHit=0  bothDifferent=0  firstMotor=-1)
[PARITY step=472] arcOnFilDev (matched-seg only): matched=0  maxAbs=0.000e+00  meanAbs=0.000e+00  rms=0.000e+00
[PARITY step=472] verdict: {kernel-math-correct}
[PARITY step=473] M=14000 S=11 resident dispatch 4.535 ms
[PARITY step=473] boundSegId: mismatches=0 (hostHit+devMiss=0  hostMiss+devHit=0  bothDifferent=0  firstMotor=-1)
[PARITY step=473] arcOnFilDev (matched-seg only): matched=0  maxAbs=0.000e+00  meanAbs=0.000e+00  rms=0.000e+00
[PARITY step=473] verdict: {kernel-math-correct}
[PARITY step=474] M=14000 S=11 resident dispatch 4.581 ms
[PARITY step=474] boundSegId: mismatches=0 (hostHit+devMiss=0  hostMiss+devHit=0  bothDifferent=0  firstMotor=-1)
[PARITY step=474] arcOnFilDev (matched-seg only): matched=0  maxAbs=0.000e+00  meanAbs=0.000e+00  rms=0.000e+00
[PARITY step=474] verdict: {kernel-math-correct}
[PARITY step=475] M=14000 S=11 resident dispatch 4.562 ms
[PARITY step=475] boundSegId: mismatches=0 (hostHit+devMiss=0  hostMiss+devHit=0  bothDifferent=0  firstMotor=-1)
[PARITY step=475] arcOnFilDev (matched-seg only): matched=1  maxAbs=1.490e-08  meanAbs=1.490e-08  rms=1.490e-08
[PARITY step=475] verdict: {kernel-math-correct}
[PARITY step=476] M=14000 S=11 resident dispatch 4.562 ms
[PARITY step=476] boundSegId: mismatches=0 (hostHit+devMiss=0  hostMiss+devHit=0  bothDifferent=0  firstMotor=-1)
[PARITY step=476] arcOnFilDev (matched-seg only): matched=0  maxAbs=0.000e+00  meanAbs=0.000e+00  rms=0.000e+00
[PARITY step=476] verdict: {kernel-math-correct}
[PARITY step=477] M=14000 S=11 resident dispatch 4.601 ms
[PARITY step=477] boundSegId: mismatches=0 (hostHit+devMiss=0  hostMiss+devHit=0  bothDifferent=0  firstMotor=-1)
[PARITY step=477] arcOnFilDev (matched-seg only): matched=0  maxAbs=0.000e+00  meanAbs=0.000e+00  rms=0.000e+00
[PARITY step=477] verdict: {kernel-math-correct}
[PARITY step=478] M=14000 S=11 resident dispatch 4.546 ms
[PARITY step=478] boundSegId: mismatches=0 (hostHit+devMiss=0  hostMiss+devHit=0  bothDifferent=0  firstMotor=-1)
[PARITY step=478] arcOnFilDev (matched-seg only): matched=0  maxAbs=0.000e+00  meanAbs=0.000e+00  rms=0.000e+00
[PARITY step=478] verdict: {kernel-math-correct}
[PARITY step=479] M=14000 S=11 resident dispatch 4.983 ms
[PARITY step=479] boundSegId: mismatches=0 (hostHit+devMiss=0  hostMiss+devHit=0  bothDifferent=0  firstMotor=-1)
[PARITY step=479] arcOnFilDev (matched-seg only): matched=0  maxAbs=0.000e+00  meanAbs=0.000e+00  rms=0.000e+00
[PARITY step=479] verdict: {kernel-math-correct}
[PARITY step=480] M=14000 S=11 resident dispatch 4.874 ms
[PARITY step=480] boundSegId: mismatches=0 (hostHit+devMiss=0  hostMiss+devHit=0  bothDifferent=0  firstMotor=-1)
[PARITY step=480] arcOnFilDev (matched-seg only): matched=0  maxAbs=0.000e+00  meanAbs=0.000e+00  rms=0.000e+00
[PARITY step=480] verdict: {kernel-math-correct}
[PARITY step=481] M=14000 S=11 resident dispatch 4.617 ms
[PARITY step=481] boundSegId: mismatches=0 (hostHit+devMiss=0  hostMiss+devHit=0  bothDifferent=0  firstMotor=-1)
[PARITY step=481] arcOnFilDev (matched-seg only): matched=0  maxAbs=0.000e+00  meanAbs=0.000e+00  rms=0.000e+00
[PARITY step=481] verdict: {kernel-math-correct}
[PARITY step=482] M=14000 S=11 resident dispatch 4.545 ms
[PARITY step=482] boundSegId: mismatches=0 (hostHit+devMiss=0  hostMiss+devHit=0  bothDifferent=0  firstMotor=-1)
[PARITY step=482] arcOnFilDev (matched-seg only): matched=0  maxAbs=0.000e+00  meanAbs=0.000e+00  rms=0.000e+00
[PARITY step=482] verdict: {kernel-math-correct}
[PARITY step=483] M=14000 S=11 resident dispatch 4.580 ms
[PARITY step=483] boundSegId: mismatches=0 (hostHit+devMiss=0  hostMiss+devHit=0  bothDifferent=0  firstMotor=-1)
[PARITY step=483] arcOnFilDev (matched-seg only): matched=0  maxAbs=0.000e+00  meanAbs=0.000e+00  rms=0.000e+00
[PARITY step=483] verdict: {kernel-math-correct}
[PARITY step=484] M=14000 S=11 resident dispatch 4.572 ms
[PARITY step=484] boundSegId: mismatches=0 (hostHit+devMiss=0  hostMiss+devHit=0  bothDifferent=0  firstMotor=-1)
[PARITY step=484] arcOnFilDev (matched-seg only): matched=0  maxAbs=0.000e+00  meanAbs=0.000e+00  rms=0.000e+00
[PARITY step=484] verdict: {kernel-math-correct}
[PARITY step=485] M=14000 S=11 resident dispatch 4.829 ms
[PARITY step=485] boundSegId: mismatches=0 (hostHit+devMiss=0  hostMiss+devHit=0  bothDifferent=0  firstMotor=-1)
[PARITY step=485] arcOnFilDev (matched-seg only): matched=0  maxAbs=0.000e+00  meanAbs=0.000e+00  rms=0.000e+00
[PARITY step=485] verdict: {kernel-math-correct}
[PARITY step=486] M=14000 S=11 resident dispatch 4.969 ms
[PARITY step=486] boundSegId: mismatches=0 (hostHit+devMiss=0  hostMiss+devHit=0  bothDifferent=0  firstMotor=-1)
[PARITY step=486] arcOnFilDev (matched-seg only): matched=0  maxAbs=0.000e+00  meanAbs=0.000e+00  rms=0.000e+00
[PARITY step=486] verdict: {kernel-math-correct}
[PARITY step=487] M=14000 S=11 resident dispatch 4.576 ms
[PARITY step=487] boundSegId: mismatches=0 (hostHit+devMiss=0  hostMiss+devHit=0  bothDifferent=0  firstMotor=-1)
[PARITY step=487] arcOnFilDev (matched-seg only): matched=0  maxAbs=0.000e+00  meanAbs=0.000e+00  rms=0.000e+00
[PARITY step=487] verdict: {kernel-math-correct}
[PARITY step=488] M=14000 S=11 resident dispatch 4.880 ms
[PARITY step=488] boundSegId: mismatches=0 (hostHit+devMiss=0  hostMiss+devHit=0  bothDifferent=0  firstMotor=-1)
[PARITY step=488] arcOnFilDev (matched-seg only): matched=1  maxAbs=3.725e-09  meanAbs=3.725e-09  rms=3.725e-09
[PARITY step=488] verdict: {kernel-math-correct}
[PARITY step=489] M=14000 S=11 resident dispatch 4.554 ms
[PARITY step=489] boundSegId: mismatches=0 (hostHit+devMiss=0  hostMiss+devHit=0  bothDifferent=0  firstMotor=-1)
[PARITY step=489] arcOnFilDev (matched-seg only): matched=0  maxAbs=0.000e+00  meanAbs=0.000e+00  rms=0.000e+00
[PARITY step=489] verdict: {kernel-math-correct}
[PARITY step=490] M=14000 S=11 resident dispatch 4.529 ms
[PARITY step=490] boundSegId: mismatches=0 (hostHit+devMiss=0  hostMiss+devHit=0  bothDifferent=0  firstMotor=-1)
[PARITY step=490] arcOnFilDev (matched-seg only): matched=0  maxAbs=0.000e+00  meanAbs=0.000e+00  rms=0.000e+00
[PARITY step=490] verdict: {kernel-math-correct}
[PARITY step=491] M=14000 S=11 resident dispatch 4.552 ms
[PARITY step=491] boundSegId: mismatches=0 (hostHit+devMiss=0  hostMiss+devHit=0  bothDifferent=0  firstMotor=-1)
[PARITY step=491] arcOnFilDev (matched-seg only): matched=0  maxAbs=0.000e+00  meanAbs=0.000e+00  rms=0.000e+00
[PARITY step=491] verdict: {kernel-math-correct}
[PARITY step=492] M=14000 S=11 resident dispatch 4.568 ms
[PARITY step=492] boundSegId: mismatches=0 (hostHit+devMiss=0  hostMiss+devHit=0  bothDifferent=0  firstMotor=-1)
[PARITY step=492] arcOnFilDev (matched-seg only): matched=0  maxAbs=0.000e+00  meanAbs=0.000e+00  rms=0.000e+00
[PARITY step=492] verdict: {kernel-math-correct}
[PARITY step=493] M=14000 S=11 resident dispatch 5.269 ms
[PARITY step=493] boundSegId: mismatches=0 (hostHit+devMiss=0  hostMiss+devHit=0  bothDifferent=0  firstMotor=-1)
[PARITY step=493] arcOnFilDev (matched-seg only): matched=0  maxAbs=0.000e+00  meanAbs=0.000e+00  rms=0.000e+00
[PARITY step=493] verdict: {kernel-math-correct}
[PARITY step=494] M=14000 S=11 resident dispatch 4.903 ms
[PARITY step=494] boundSegId: mismatches=0 (hostHit+devMiss=0  hostMiss+devHit=0  bothDifferent=0  firstMotor=-1)
[PARITY step=494] arcOnFilDev (matched-seg only): matched=0  maxAbs=0.000e+00  meanAbs=0.000e+00  rms=0.000e+00
[PARITY step=494] verdict: {kernel-math-correct}
[PARITY step=495] M=14000 S=11 resident dispatch 4.542 ms
[PARITY step=495] boundSegId: mismatches=0 (hostHit+devMiss=0  hostMiss+devHit=0  bothDifferent=0  firstMotor=-1)
[PARITY step=495] arcOnFilDev (matched-seg only): matched=0  maxAbs=0.000e+00  meanAbs=0.000e+00  rms=0.000e+00
[PARITY step=495] verdict: {kernel-math-correct}
[PARITY step=496] M=14000 S=11 resident dispatch 4.538 ms
[PARITY step=496] boundSegId: mismatches=0 (hostHit+devMiss=0  hostMiss+devHit=0  bothDifferent=0  firstMotor=-1)
[PARITY step=496] arcOnFilDev (matched-seg only): matched=1  maxAbs=1.490e-08  meanAbs=1.490e-08  rms=1.490e-08
[PARITY step=496] verdict: {kernel-math-correct}
[PARITY step=497] M=14000 S=11 resident dispatch 4.582 ms
[PARITY step=497] boundSegId: mismatches=0 (hostHit+devMiss=0  hostMiss+devHit=0  bothDifferent=0  firstMotor=-1)
[PARITY step=497] arcOnFilDev (matched-seg only): matched=0  maxAbs=0.000e+00  meanAbs=0.000e+00  rms=0.000e+00
[PARITY step=497] verdict: {kernel-math-correct}
[PARITY step=498] M=14000 S=11 resident dispatch 4.681 ms
[PARITY step=498] boundSegId: mismatches=0 (hostHit+devMiss=0  hostMiss+devHit=0  bothDifferent=0  firstMotor=-1)
[PARITY step=498] arcOnFilDev (matched-seg only): matched=0  maxAbs=0.000e+00  meanAbs=0.000e+00  rms=0.000e+00
[PARITY step=498] verdict: {kernel-math-correct}
[PARITY step=499] M=14000 S=11 resident dispatch 4.618 ms
[PARITY step=499] boundSegId: mismatches=0 (hostHit+devMiss=0  hostMiss+devHit=0  bothDifferent=0  firstMotor=-1)
[PARITY step=499] arcOnFilDev (matched-seg only): matched=0  maxAbs=0.000e+00  meanAbs=0.000e+00  rms=0.000e+00
[PARITY step=499] verdict: {kernel-math-correct}
[GATHER] call=1000 totalDirty=0 maxThread=0 cumAvg=0.0 cumMaxPerThread=0
[PARITY step=500] M=14000 S=11 resident dispatch 4.569 ms
[PARITY step=500] boundSegId: mismatches=0 (hostHit+devMiss=0  hostMiss+devHit=0  bothDifferent=0  firstMotor=-1)
[PARITY step=500] arcOnFilDev (matched-seg only): matched=0  maxAbs=0.000e+00  meanAbs=0.000e+00  rms=0.000e+00
[PARITY step=500] verdict: {kernel-math-correct}
[PARITY step=501] M=14000 S=11 resident dispatch 4.610 ms
[PARITY step=501] boundSegId: mismatches=0 (hostHit+devMiss=0  hostMiss+devHit=0  bothDifferent=0  firstMotor=-1)
[PARITY step=501] arcOnFilDev (matched-seg only): matched=0  maxAbs=0.000e+00  meanAbs=0.000e+00  rms=0.000e+00
[PARITY step=501] verdict: {kernel-math-correct}
[PARITY step=502] M=14000 S=11 resident dispatch 4.730 ms
[PARITY step=502] boundSegId: mismatches=0 (hostHit+devMiss=0  hostMiss+devHit=0  bothDifferent=0  firstMotor=-1)
[PARITY step=502] arcOnFilDev (matched-seg only): matched=0  maxAbs=0.000e+00  meanAbs=0.000e+00  rms=0.000e+00
[PARITY step=502] verdict: {kernel-math-correct}
[PARITY step=503] M=14000 S=11 resident dispatch 4.627 ms
[PARITY step=503] boundSegId: mismatches=0 (hostHit+devMiss=0  hostMiss+devHit=0  bothDifferent=0  firstMotor=-1)
[PARITY step=503] arcOnFilDev (matched-seg only): matched=0  maxAbs=0.000e+00  meanAbs=0.000e+00  rms=0.000e+00
[PARITY step=503] verdict: {kernel-math-correct}
[PARITY step=504] M=14000 S=11 resident dispatch 4.597 ms
[PARITY step=504] boundSegId: mismatches=0 (hostHit+devMiss=0  hostMiss+devHit=0  bothDifferent=0  firstMotor=-1)
[PARITY step=504] arcOnFilDev (matched-seg only): matched=1  maxAbs=2.980e-08  meanAbs=2.980e-08  rms=2.980e-08
[PARITY step=504] verdict: {kernel-math-correct}
[PARITY step=505] M=14000 S=11 resident dispatch 4.559 ms
[PARITY step=505] boundSegId: mismatches=0 (hostHit+devMiss=0  hostMiss+devHit=0  bothDifferent=0  firstMotor=-1)
[PARITY step=505] arcOnFilDev (matched-seg only): matched=1  maxAbs=1.490e-08  meanAbs=1.490e-08  rms=1.490e-08
[PARITY step=505] verdict: {kernel-math-correct}
[PARITY step=506] M=14000 S=11 resident dispatch 4.796 ms
[PARITY step=506] boundSegId: mismatches=0 (hostHit+devMiss=0  hostMiss+devHit=0  bothDifferent=0  firstMotor=-1)
[PARITY step=506] arcOnFilDev (matched-seg only): matched=1  maxAbs=5.066e-07  meanAbs=5.066e-07  rms=5.066e-07
[PARITY step=506] verdict: {kernel-math-correct}
[PARITY step=507] M=14000 S=11 resident dispatch 4.566 ms
[PARITY step=507] boundSegId: mismatches=0 (hostHit+devMiss=0  hostMiss+devHit=0  bothDifferent=0  firstMotor=-1)
[PARITY step=507] arcOnFilDev (matched-seg only): matched=0  maxAbs=0.000e+00  meanAbs=0.000e+00  rms=0.000e+00
[PARITY step=507] verdict: {kernel-math-correct}
[PARITY step=508] M=14000 S=11 resident dispatch 4.660 ms
[PARITY step=508] boundSegId: mismatches=0 (hostHit+devMiss=0  hostMiss+devHit=0  bothDifferent=0  firstMotor=-1)
[PARITY step=508] arcOnFilDev (matched-seg only): matched=0  maxAbs=0.000e+00  meanAbs=0.000e+00  rms=0.000e+00
[PARITY step=508] verdict: {kernel-math-correct}
[PARITY step=509] M=14000 S=11 resident dispatch 4.585 ms
[PARITY step=509] boundSegId: mismatches=0 (hostHit+devMiss=0  hostMiss+devHit=0  bothDifferent=0  firstMotor=-1)
[PARITY step=509] arcOnFilDev (matched-seg only): matched=0  maxAbs=0.000e+00  meanAbs=0.000e+00  rms=0.000e+00
[PARITY step=509] verdict: {kernel-math-correct}
[PARITY step=510] M=14000 S=11 resident dispatch 4.563 ms
[PARITY step=510] boundSegId: mismatches=0 (hostHit+devMiss=0  hostMiss+devHit=0  bothDifferent=0  firstMotor=-1)
[PARITY step=510] arcOnFilDev (matched-seg only): matched=1  maxAbs=9.313e-10  meanAbs=9.313e-10  rms=9.313e-10
[PARITY step=510] verdict: {kernel-math-correct}
[PARITY step=511] M=14000 S=11 resident dispatch 4.667 ms
[PARITY step=511] boundSegId: mismatches=0 (hostHit+devMiss=0  hostMiss+devHit=0  bothDifferent=0  firstMotor=-1)
[PARITY step=511] arcOnFilDev (matched-seg only): matched=0  maxAbs=0.000e+00  meanAbs=0.000e+00  rms=0.000e+00
[PARITY step=511] verdict: {kernel-math-correct}
[PARITY step=512] M=14000 S=11 resident dispatch 5.226 ms
[PARITY step=512] boundSegId: mismatches=0 (hostHit+devMiss=0  hostMiss+devHit=0  bothDifferent=0  firstMotor=-1)
[PARITY step=512] arcOnFilDev (matched-seg only): matched=0  maxAbs=0.000e+00  meanAbs=0.000e+00  rms=0.000e+00
[PARITY step=512] verdict: {kernel-math-correct}
[PARITY step=513] M=14000 S=11 resident dispatch 4.853 ms
[PARITY step=513] boundSegId: mismatches=0 (hostHit+devMiss=0  hostMiss+devHit=0  bothDifferent=0  firstMotor=-1)
[PARITY step=513] arcOnFilDev (matched-seg only): matched=0  maxAbs=0.000e+00  meanAbs=0.000e+00  rms=0.000e+00
[PARITY step=513] verdict: {kernel-math-correct}
[PARITY step=514] M=14000 S=11 resident dispatch 4.603 ms
[PARITY step=514] boundSegId: mismatches=0 (hostHit+devMiss=0  hostMiss+devHit=0  bothDifferent=0  firstMotor=-1)
[PARITY step=514] arcOnFilDev (matched-seg only): matched=0  maxAbs=0.000e+00  meanAbs=0.000e+00  rms=0.000e+00
[PARITY step=514] verdict: {kernel-math-correct}
[PARITY step=515] M=14000 S=11 resident dispatch 4.532 ms
[PARITY step=515] boundSegId: mismatches=0 (hostHit+devMiss=0  hostMiss+devHit=0  bothDifferent=0  firstMotor=-1)
[PARITY step=515] arcOnFilDev (matched-seg only): matched=0  maxAbs=0.000e+00  meanAbs=0.000e+00  rms=0.000e+00
[PARITY step=515] verdict: {kernel-math-correct}
[PARITY step=516] M=14000 S=11 resident dispatch 4.541 ms
[PARITY step=516] boundSegId: mismatches=0 (hostHit+devMiss=0  hostMiss+devHit=0  bothDifferent=0  firstMotor=-1)
[PARITY step=516] arcOnFilDev (matched-seg only): matched=0  maxAbs=0.000e+00  meanAbs=0.000e+00  rms=0.000e+00
[PARITY step=516] verdict: {kernel-math-correct}
[PARITY step=517] M=14000 S=11 resident dispatch 4.618 ms
[PARITY step=517] boundSegId: mismatches=0 (hostHit+devMiss=0  hostMiss+devHit=0  bothDifferent=0  firstMotor=-1)
[PARITY step=517] arcOnFilDev (matched-seg only): matched=0  maxAbs=0.000e+00  meanAbs=0.000e+00  rms=0.000e+00
[PARITY step=517] verdict: {kernel-math-correct}
[PARITY step=518] M=14000 S=11 resident dispatch 4.733 ms
[PARITY step=518] boundSegId: mismatches=0 (hostHit+devMiss=0  hostMiss+devHit=0  bothDifferent=0  firstMotor=-1)
[PARITY step=518] arcOnFilDev (matched-seg only): matched=1  maxAbs=4.657e-10  meanAbs=4.657e-10  rms=4.657e-10
[PARITY step=518] verdict: {kernel-math-correct}
[PARITY step=519] M=14000 S=11 resident dispatch 4.565 ms
[PARITY step=519] boundSegId: mismatches=0 (hostHit+devMiss=0  hostMiss+devHit=0  bothDifferent=0  firstMotor=-1)
[PARITY step=519] arcOnFilDev (matched-seg only): matched=0  maxAbs=0.000e+00  meanAbs=0.000e+00  rms=0.000e+00
[PARITY step=519] verdict: {kernel-math-correct}
[PARITY step=520] M=14000 S=11 resident dispatch 4.542 ms
[PARITY step=520] boundSegId: mismatches=0 (hostHit+devMiss=0  hostMiss+devHit=0  bothDifferent=0  firstMotor=-1)
[PARITY step=520] arcOnFilDev (matched-seg only): matched=0  maxAbs=0.000e+00  meanAbs=0.000e+00  rms=0.000e+00
[PARITY step=520] verdict: {kernel-math-correct}
[PARITY step=521] M=14000 S=11 resident dispatch 4.573 ms
[PARITY step=521] boundSegId: mismatches=0 (hostHit+devMiss=0  hostMiss+devHit=0  bothDifferent=0  firstMotor=-1)
[PARITY step=521] arcOnFilDev (matched-seg only): matched=0  maxAbs=0.000e+00  meanAbs=0.000e+00  rms=0.000e+00
[PARITY step=521] verdict: {kernel-math-correct}
[PARITY step=522] M=14000 S=11 resident dispatch 4.573 ms
[PARITY step=522] boundSegId: mismatches=0 (hostHit+devMiss=0  hostMiss+devHit=0  bothDifferent=0  firstMotor=-1)
[PARITY step=522] arcOnFilDev (matched-seg only): matched=0  maxAbs=0.000e+00  meanAbs=0.000e+00  rms=0.000e+00
[PARITY step=522] verdict: {kernel-math-correct}
[PARITY step=523] M=14000 S=11 resident dispatch 4.543 ms
[PARITY step=523] boundSegId: mismatches=0 (hostHit+devMiss=0  hostMiss+devHit=0  bothDifferent=0  firstMotor=-1)
[PARITY step=523] arcOnFilDev (matched-seg only): matched=0  maxAbs=0.000e+00  meanAbs=0.000e+00  rms=0.000e+00
[PARITY step=523] verdict: {kernel-math-correct}
[PARITY step=524] M=14000 S=11 resident dispatch 5.005 ms
[PARITY step=524] boundSegId: mismatches=0 (hostHit+devMiss=0  hostMiss+devHit=0  bothDifferent=0  firstMotor=-1)
[PARITY step=524] arcOnFilDev (matched-seg only): matched=0  maxAbs=0.000e+00  meanAbs=0.000e+00  rms=0.000e+00
[PARITY step=524] verdict: {kernel-math-correct}
[PARITY step=525] M=14000 S=11 resident dispatch 4.865 ms
[PARITY step=525] boundSegId: mismatches=0 (hostHit+devMiss=0  hostMiss+devHit=0  bothDifferent=0  firstMotor=-1)
[PARITY step=525] arcOnFilDev (matched-seg only): matched=0  maxAbs=0.000e+00  meanAbs=0.000e+00  rms=0.000e+00
[PARITY step=525] verdict: {kernel-math-correct}
[PARITY step=526] M=14000 S=11 resident dispatch 4.572 ms
[PARITY step=526] boundSegId: mismatches=0 (hostHit+devMiss=0  hostMiss+devHit=0  bothDifferent=0  firstMotor=-1)
[PARITY step=526] arcOnFilDev (matched-seg only): matched=1  maxAbs=3.725e-09  meanAbs=3.725e-09  rms=3.725e-09
[PARITY step=526] verdict: {kernel-math-correct}
[PARITY step=527] M=14000 S=11 resident dispatch 5.014 ms
[PARITY step=527] boundSegId: mismatches=0 (hostHit+devMiss=0  hostMiss+devHit=0  bothDifferent=0  firstMotor=-1)
[PARITY step=527] arcOnFilDev (matched-seg only): matched=1  maxAbs=7.451e-09  meanAbs=7.451e-09  rms=7.451e-09
[PARITY step=527] verdict: {kernel-math-correct}
[PARITY step=528] M=14000 S=11 resident dispatch 4.570 ms
[PARITY step=528] boundSegId: mismatches=0 (hostHit+devMiss=0  hostMiss+devHit=0  bothDifferent=0  firstMotor=-1)
[PARITY step=528] arcOnFilDev (matched-seg only): matched=0  maxAbs=0.000e+00  meanAbs=0.000e+00  rms=0.000e+00
[PARITY step=528] verdict: {kernel-math-correct}
[PARITY step=529] M=14000 S=11 resident dispatch 4.556 ms
[PARITY step=529] boundSegId: mismatches=0 (hostHit+devMiss=0  hostMiss+devHit=0  bothDifferent=0  firstMotor=-1)
[PARITY step=529] arcOnFilDev (matched-seg only): matched=0  maxAbs=0.000e+00  meanAbs=0.000e+00  rms=0.000e+00
[PARITY step=529] verdict: {kernel-math-correct}
[PARITY step=530] M=14000 S=11 resident dispatch 4.579 ms
[PARITY step=530] boundSegId: mismatches=0 (hostHit+devMiss=0  hostMiss+devHit=0  bothDifferent=0  firstMotor=-1)
[PARITY step=530] arcOnFilDev (matched-seg only): matched=0  maxAbs=0.000e+00  meanAbs=0.000e+00  rms=0.000e+00
[PARITY step=530] verdict: {kernel-math-correct}
[PARITY step=531] M=14000 S=11 resident dispatch 4.832 ms
[PARITY step=531] boundSegId: mismatches=0 (hostHit+devMiss=0  hostMiss+devHit=0  bothDifferent=0  firstMotor=-1)
[PARITY step=531] arcOnFilDev (matched-seg only): matched=0  maxAbs=0.000e+00  meanAbs=0.000e+00  rms=0.000e+00
[PARITY step=531] verdict: {kernel-math-correct}
[PARITY step=532] M=14000 S=11 resident dispatch 4.597 ms
[PARITY step=532] boundSegId: mismatches=0 (hostHit+devMiss=0  hostMiss+devHit=0  bothDifferent=0  firstMotor=-1)
[PARITY step=532] arcOnFilDev (matched-seg only): matched=0  maxAbs=0.000e+00  meanAbs=0.000e+00  rms=0.000e+00
[PARITY step=532] verdict: {kernel-math-correct}
[PARITY step=533] M=14000 S=11 resident dispatch 4.550 ms
[PARITY step=533] boundSegId: mismatches=0 (hostHit+devMiss=0  hostMiss+devHit=0  bothDifferent=0  firstMotor=-1)
[PARITY step=533] arcOnFilDev (matched-seg only): matched=0  maxAbs=0.000e+00  meanAbs=0.000e+00  rms=0.000e+00
[PARITY step=533] verdict: {kernel-math-correct}
[PARITY step=534] M=14000 S=11 resident dispatch 4.542 ms
[PARITY step=534] boundSegId: mismatches=0 (hostHit+devMiss=0  hostMiss+devHit=0  bothDifferent=0  firstMotor=-1)
[PARITY step=534] arcOnFilDev (matched-seg only): matched=0  maxAbs=0.000e+00  meanAbs=0.000e+00  rms=0.000e+00
[PARITY step=534] verdict: {kernel-math-correct}
[PARITY step=535] M=14000 S=11 resident dispatch 4.540 ms
[PARITY step=535] boundSegId: mismatches=0 (hostHit+devMiss=0  hostMiss+devHit=0  bothDifferent=0  firstMotor=-1)
[PARITY step=535] arcOnFilDev (matched-seg only): matched=0  maxAbs=0.000e+00  meanAbs=0.000e+00  rms=0.000e+00
[PARITY step=535] verdict: {kernel-math-correct}
[PARITY step=536] M=14000 S=11 resident dispatch 5.033 ms
[PARITY step=536] boundSegId: mismatches=0 (hostHit+devMiss=0  hostMiss+devHit=0  bothDifferent=0  firstMotor=-1)
[PARITY step=536] arcOnFilDev (matched-seg only): matched=0  maxAbs=0.000e+00  meanAbs=0.000e+00  rms=0.000e+00
[PARITY step=536] verdict: {kernel-math-correct}
[PARITY step=537] M=14000 S=11 resident dispatch 4.794 ms
[PARITY step=537] boundSegId: mismatches=0 (hostHit+devMiss=0  hostMiss+devHit=0  bothDifferent=0  firstMotor=-1)
[PARITY step=537] arcOnFilDev (matched-seg only): matched=0  maxAbs=0.000e+00  meanAbs=0.000e+00  rms=0.000e+00
[PARITY step=537] verdict: {kernel-math-correct}
[PARITY step=538] M=14000 S=11 resident dispatch 4.536 ms
[PARITY step=538] boundSegId: mismatches=0 (hostHit+devMiss=0  hostMiss+devHit=0  bothDifferent=0  firstMotor=-1)
[PARITY step=538] arcOnFilDev (matched-seg only): matched=0  maxAbs=0.000e+00  meanAbs=0.000e+00  rms=0.000e+00
[PARITY step=538] verdict: {kernel-math-correct}
[PARITY step=539] M=14000 S=11 resident dispatch 4.571 ms
[PARITY step=539] boundSegId: mismatches=0 (hostHit+devMiss=0  hostMiss+devHit=0  bothDifferent=0  firstMotor=-1)
[PARITY step=539] arcOnFilDev (matched-seg only): matched=0  maxAbs=0.000e+00  meanAbs=0.000e+00  rms=0.000e+00
[PARITY step=539] verdict: {kernel-math-correct}
[PARITY step=540] M=14000 S=11 resident dispatch 4.688 ms
[PARITY step=540] boundSegId: mismatches=0 (hostHit+devMiss=0  hostMiss+devHit=0  bothDifferent=0  firstMotor=-1)
[PARITY step=540] arcOnFilDev (matched-seg only): matched=0  maxAbs=0.000e+00  meanAbs=0.000e+00  rms=0.000e+00
[PARITY step=540] verdict: {kernel-math-correct}
[PARITY step=541] M=14000 S=11 resident dispatch 4.806 ms
[PARITY step=541] boundSegId: mismatches=0 (hostHit+devMiss=0  hostMiss+devHit=0  bothDifferent=0  firstMotor=-1)
[PARITY step=541] arcOnFilDev (matched-seg only): matched=0  maxAbs=0.000e+00  meanAbs=0.000e+00  rms=0.000e+00
[PARITY step=541] verdict: {kernel-math-correct}
[PARITY step=542] M=14000 S=11 resident dispatch 4.525 ms
[PARITY step=542] boundSegId: mismatches=0 (hostHit+devMiss=0  hostMiss+devHit=0  bothDifferent=0  firstMotor=-1)
[PARITY step=542] arcOnFilDev (matched-seg only): matched=0  maxAbs=0.000e+00  meanAbs=0.000e+00  rms=0.000e+00
[PARITY step=542] verdict: {kernel-math-correct}
[PARITY step=543] M=14000 S=11 resident dispatch 4.535 ms
[PARITY step=543] boundSegId: mismatches=0 (hostHit+devMiss=0  hostMiss+devHit=0  bothDifferent=0  firstMotor=-1)
[PARITY step=543] arcOnFilDev (matched-seg only): matched=0  maxAbs=0.000e+00  meanAbs=0.000e+00  rms=0.000e+00
[PARITY step=543] verdict: {kernel-math-correct}
[PARITY step=544] M=14000 S=11 resident dispatch 4.936 ms
[PARITY step=544] boundSegId: mismatches=0 (hostHit+devMiss=0  hostMiss+devHit=0  bothDifferent=0  firstMotor=-1)
[PARITY step=544] arcOnFilDev (matched-seg only): matched=0  maxAbs=0.000e+00  meanAbs=0.000e+00  rms=0.000e+00
[PARITY step=544] verdict: {kernel-math-correct}
[PARITY step=545] M=14000 S=11 resident dispatch 4.879 ms
[PARITY step=545] boundSegId: mismatches=0 (hostHit+devMiss=0  hostMiss+devHit=0  bothDifferent=0  firstMotor=-1)
[PARITY step=545] arcOnFilDev (matched-seg only): matched=0  maxAbs=0.000e+00  meanAbs=0.000e+00  rms=0.000e+00
[PARITY step=545] verdict: {kernel-math-correct}
[PARITY step=546] M=14000 S=11 resident dispatch 4.630 ms
[PARITY step=546] boundSegId: mismatches=0 (hostHit+devMiss=0  hostMiss+devHit=0  bothDifferent=0  firstMotor=-1)
[PARITY step=546] arcOnFilDev (matched-seg only): matched=1  maxAbs=1.490e-08  meanAbs=1.490e-08  rms=1.490e-08
[PARITY step=546] verdict: {kernel-math-correct}
[PARITY step=547] M=14000 S=11 resident dispatch 4.929 ms
[PARITY step=547] boundSegId: mismatches=0 (hostHit+devMiss=0  hostMiss+devHit=0  bothDifferent=0  firstMotor=-1)
[PARITY step=547] arcOnFilDev (matched-seg only): matched=0  maxAbs=0.000e+00  meanAbs=0.000e+00  rms=0.000e+00
[PARITY step=547] verdict: {kernel-math-correct}
[PARITY step=548] M=14000 S=11 resident dispatch 4.551 ms
[PARITY step=548] boundSegId: mismatches=0 (hostHit+devMiss=0  hostMiss+devHit=0  bothDifferent=0  firstMotor=-1)
[PARITY step=548] arcOnFilDev (matched-seg only): matched=0  maxAbs=0.000e+00  meanAbs=0.000e+00  rms=0.000e+00
[PARITY step=548] verdict: {kernel-math-correct}
[PARITY step=549] M=14000 S=11 resident dispatch 4.563 ms
[PARITY step=549] boundSegId: mismatches=0 (hostHit+devMiss=0  hostMiss+devHit=0  bothDifferent=0  firstMotor=-1)
[PARITY step=549] arcOnFilDev (matched-seg only): matched=0  maxAbs=0.000e+00  meanAbs=0.000e+00  rms=0.000e+00
[PARITY step=549] verdict: {kernel-math-correct}
[PARITY step=550] M=14000 S=11 resident dispatch 4.573 ms
[PARITY step=550] boundSegId: mismatches=0 (hostHit+devMiss=0  hostMiss+devHit=0  bothDifferent=0  firstMotor=-1)
[PARITY step=550] arcOnFilDev (matched-seg only): matched=0  maxAbs=0.000e+00  meanAbs=0.000e+00  rms=0.000e+00
[PARITY step=550] verdict: {kernel-math-correct}
[PARITY step=551] M=14000 S=11 resident dispatch 4.628 ms
[PARITY step=551] boundSegId: mismatches=0 (hostHit+devMiss=0  hostMiss+devHit=0  bothDifferent=0  firstMotor=-1)
[PARITY step=551] arcOnFilDev (matched-seg only): matched=0  maxAbs=0.000e+00  meanAbs=0.000e+00  rms=0.000e+00
[PARITY step=551] verdict: {kernel-math-correct}
[PARITY step=552] M=14000 S=11 resident dispatch 5.215 ms
[PARITY step=552] boundSegId: mismatches=0 (hostHit+devMiss=0  hostMiss+devHit=0  bothDifferent=0  firstMotor=-1)
[PARITY step=552] arcOnFilDev (matched-seg only): matched=0  maxAbs=0.000e+00  meanAbs=0.000e+00  rms=0.000e+00
[PARITY step=552] verdict: {kernel-math-correct}
[PARITY step=553] M=14000 S=11 resident dispatch 4.780 ms
[PARITY step=553] boundSegId: mismatches=0 (hostHit+devMiss=0  hostMiss+devHit=0  bothDifferent=0  firstMotor=-1)
[PARITY step=553] arcOnFilDev (matched-seg only): matched=0  maxAbs=0.000e+00  meanAbs=0.000e+00  rms=0.000e+00
[PARITY step=553] verdict: {kernel-math-correct}
[PARITY step=554] M=14000 S=11 resident dispatch 4.815 ms
[PARITY step=554] boundSegId: mismatches=0 (hostHit+devMiss=0  hostMiss+devHit=0  bothDifferent=0  firstMotor=-1)
[PARITY step=554] arcOnFilDev (matched-seg only): matched=0  maxAbs=0.000e+00  meanAbs=0.000e+00  rms=0.000e+00
[PARITY step=554] verdict: {kernel-math-correct}
[PARITY step=555] M=14000 S=11 resident dispatch 4.772 ms
[PARITY step=555] boundSegId: mismatches=0 (hostHit+devMiss=0  hostMiss+devHit=0  bothDifferent=0  firstMotor=-1)
[PARITY step=555] arcOnFilDev (matched-seg only): matched=0  maxAbs=0.000e+00  meanAbs=0.000e+00  rms=0.000e+00
[PARITY step=555] verdict: {kernel-math-correct}
[PARITY step=556] M=14000 S=11 resident dispatch 4.665 ms
[PARITY step=556] boundSegId: mismatches=0 (hostHit+devMiss=0  hostMiss+devHit=0  bothDifferent=0  firstMotor=-1)
[PARITY step=556] arcOnFilDev (matched-seg only): matched=0  maxAbs=0.000e+00  meanAbs=0.000e+00  rms=0.000e+00
[PARITY step=556] verdict: {kernel-math-correct}
[PARITY step=557] M=14000 S=11 resident dispatch 4.911 ms
[PARITY step=557] boundSegId: mismatches=0 (hostHit+devMiss=0  hostMiss+devHit=0  bothDifferent=0  firstMotor=-1)
[PARITY step=557] arcOnFilDev (matched-seg only): matched=0  maxAbs=0.000e+00  meanAbs=0.000e+00  rms=0.000e+00
[PARITY step=557] verdict: {kernel-math-correct}
[PARITY step=558] M=14000 S=11 resident dispatch 4.571 ms
[PARITY step=558] boundSegId: mismatches=0 (hostHit+devMiss=0  hostMiss+devHit=0  bothDifferent=0  firstMotor=-1)
[PARITY step=558] arcOnFilDev (matched-seg only): matched=0  maxAbs=0.000e+00  meanAbs=0.000e+00  rms=0.000e+00
[PARITY step=558] verdict: {kernel-math-correct}
[PARITY step=559] M=14000 S=11 resident dispatch 4.539 ms
[PARITY step=559] boundSegId: mismatches=0 (hostHit+devMiss=0  hostMiss+devHit=0  bothDifferent=0  firstMotor=-1)
[PARITY step=559] arcOnFilDev (matched-seg only): matched=0  maxAbs=0.000e+00  meanAbs=0.000e+00  rms=0.000e+00
[PARITY step=559] verdict: {kernel-math-correct}
[PARITY step=560] M=14000 S=11 resident dispatch 4.550 ms
[PARITY step=560] boundSegId: mismatches=0 (hostHit+devMiss=0  hostMiss+devHit=0  bothDifferent=0  firstMotor=-1)
[PARITY step=560] arcOnFilDev (matched-seg only): matched=0  maxAbs=0.000e+00  meanAbs=0.000e+00  rms=0.000e+00
[PARITY step=560] verdict: {kernel-math-correct}
[PARITY step=561] M=14000 S=11 resident dispatch 4.689 ms
[PARITY step=561] boundSegId: mismatches=0 (hostHit+devMiss=0  hostMiss+devHit=0  bothDifferent=0  firstMotor=-1)
[PARITY step=561] arcOnFilDev (matched-seg only): matched=0  maxAbs=0.000e+00  meanAbs=0.000e+00  rms=0.000e+00
[PARITY step=561] verdict: {kernel-math-correct}
[PARITY step=562] M=14000 S=11 resident dispatch 4.680 ms
[PARITY step=562] boundSegId: mismatches=0 (hostHit+devMiss=0  hostMiss+devHit=0  bothDifferent=0  firstMotor=-1)
[PARITY step=562] arcOnFilDev (matched-seg only): matched=0  maxAbs=0.000e+00  meanAbs=0.000e+00  rms=0.000e+00
[PARITY step=562] verdict: {kernel-math-correct}
[PARITY step=563] M=14000 S=11 resident dispatch 4.543 ms
[PARITY step=563] boundSegId: mismatches=0 (hostHit+devMiss=0  hostMiss+devHit=0  bothDifferent=0  firstMotor=-1)
[PARITY step=563] arcOnFilDev (matched-seg only): matched=0  maxAbs=0.000e+00  meanAbs=0.000e+00  rms=0.000e+00
[PARITY step=563] verdict: {kernel-math-correct}
[PARITY step=564] M=14000 S=11 resident dispatch 4.560 ms
[PARITY step=564] boundSegId: mismatches=0 (hostHit+devMiss=0  hostMiss+devHit=0  bothDifferent=0  firstMotor=-1)
[PARITY step=564] arcOnFilDev (matched-seg only): matched=0  maxAbs=0.000e+00  meanAbs=0.000e+00  rms=0.000e+00
[PARITY step=564] verdict: {kernel-math-correct}
[PARITY step=565] M=14000 S=11 resident dispatch 4.544 ms
[PARITY step=565] boundSegId: mismatches=0 (hostHit+devMiss=0  hostMiss+devHit=0  bothDifferent=0  firstMotor=-1)
[PARITY step=565] arcOnFilDev (matched-seg only): matched=0  maxAbs=0.000e+00  meanAbs=0.000e+00  rms=0.000e+00
[PARITY step=565] verdict: {kernel-math-correct}
[PARITY step=566] M=14000 S=11 resident dispatch 4.546 ms
[PARITY step=566] boundSegId: mismatches=0 (hostHit+devMiss=0  hostMiss+devHit=0  bothDifferent=0  firstMotor=-1)
[PARITY step=566] arcOnFilDev (matched-seg only): matched=0  maxAbs=0.000e+00  meanAbs=0.000e+00  rms=0.000e+00
[PARITY step=566] verdict: {kernel-math-correct}
[PARITY step=567] M=14000 S=11 resident dispatch 5.107 ms
[PARITY step=567] boundSegId: mismatches=0 (hostHit+devMiss=0  hostMiss+devHit=0  bothDifferent=0  firstMotor=-1)
[PARITY step=567] arcOnFilDev (matched-seg only): matched=0  maxAbs=0.000e+00  meanAbs=0.000e+00  rms=0.000e+00
[PARITY step=567] verdict: {kernel-math-correct}
[PARITY step=568] M=14000 S=11 resident dispatch 5.004 ms
[PARITY step=568] boundSegId: mismatches=0 (hostHit+devMiss=0  hostMiss+devHit=0  bothDifferent=0  firstMotor=-1)
[PARITY step=568] arcOnFilDev (matched-seg only): matched=0  maxAbs=0.000e+00  meanAbs=0.000e+00  rms=0.000e+00
[PARITY step=568] verdict: {kernel-math-correct}
[PARITY step=569] M=14000 S=11 resident dispatch 4.557 ms
[PARITY step=569] boundSegId: mismatches=0 (hostHit+devMiss=0  hostMiss+devHit=0  bothDifferent=0  firstMotor=-1)
[PARITY step=569] arcOnFilDev (matched-seg only): matched=0  maxAbs=0.000e+00  meanAbs=0.000e+00  rms=0.000e+00
[PARITY step=569] verdict: {kernel-math-correct}
[PARITY step=570] M=14000 S=11 resident dispatch 4.557 ms
[PARITY step=570] boundSegId: mismatches=0 (hostHit+devMiss=0  hostMiss+devHit=0  bothDifferent=0  firstMotor=-1)
[PARITY step=570] arcOnFilDev (matched-seg only): matched=1  maxAbs=0.000e+00  meanAbs=0.000e+00  rms=0.000e+00
[PARITY step=570] verdict: {kernel-math-correct}
[PARITY step=571] M=14000 S=11 resident dispatch 4.967 ms
[PARITY step=571] boundSegId: mismatches=0 (hostHit+devMiss=0  hostMiss+devHit=0  bothDifferent=0  firstMotor=-1)
[PARITY step=571] arcOnFilDev (matched-seg only): matched=0  maxAbs=0.000e+00  meanAbs=0.000e+00  rms=0.000e+00
[PARITY step=571] verdict: {kernel-math-correct}
[PARITY step=572] M=14000 S=11 resident dispatch 4.602 ms
[PARITY step=572] boundSegId: mismatches=0 (hostHit+devMiss=0  hostMiss+devHit=0  bothDifferent=0  firstMotor=-1)
[PARITY step=572] arcOnFilDev (matched-seg only): matched=0  maxAbs=0.000e+00  meanAbs=0.000e+00  rms=0.000e+00
[PARITY step=572] verdict: {kernel-math-correct}
[PARITY step=573] M=14000 S=11 resident dispatch 5.099 ms
[PARITY step=573] boundSegId: mismatches=0 (hostHit+devMiss=0  hostMiss+devHit=0  bothDifferent=0  firstMotor=-1)
[PARITY step=573] arcOnFilDev (matched-seg only): matched=0  maxAbs=0.000e+00  meanAbs=0.000e+00  rms=0.000e+00
[PARITY step=573] verdict: {kernel-math-correct}
[PARITY step=574] M=14000 S=11 resident dispatch 4.751 ms
[PARITY step=574] boundSegId: mismatches=0 (hostHit+devMiss=0  hostMiss+devHit=0  bothDifferent=0  firstMotor=-1)
[PARITY step=574] arcOnFilDev (matched-seg only): matched=0  maxAbs=0.000e+00  meanAbs=0.000e+00  rms=0.000e+00
[PARITY step=574] verdict: {kernel-math-correct}
[PARITY step=575] M=14000 S=11 resident dispatch 4.616 ms
[PARITY step=575] boundSegId: mismatches=0 (hostHit+devMiss=0  hostMiss+devHit=0  bothDifferent=0  firstMotor=-1)
[PARITY step=575] arcOnFilDev (matched-seg only): matched=0  maxAbs=0.000e+00  meanAbs=0.000e+00  rms=0.000e+00
[PARITY step=575] verdict: {kernel-math-correct}
[PARITY step=576] M=14000 S=11 resident dispatch 4.561 ms
[PARITY step=576] boundSegId: mismatches=0 (hostHit+devMiss=0  hostMiss+devHit=0  bothDifferent=0  firstMotor=-1)
[PARITY step=576] arcOnFilDev (matched-seg only): matched=0  maxAbs=0.000e+00  meanAbs=0.000e+00  rms=0.000e+00
[PARITY step=576] verdict: {kernel-math-correct}
[PARITY step=577] M=14000 S=11 resident dispatch 4.579 ms
[PARITY step=577] boundSegId: mismatches=0 (hostHit+devMiss=0  hostMiss+devHit=0  bothDifferent=0  firstMotor=-1)
[PARITY step=577] arcOnFilDev (matched-seg only): matched=0  maxAbs=0.000e+00  meanAbs=0.000e+00  rms=0.000e+00
[PARITY step=577] verdict: {kernel-math-correct}
[PARITY step=578] M=14000 S=11 resident dispatch 5.199 ms
[PARITY step=578] boundSegId: mismatches=0 (hostHit+devMiss=0  hostMiss+devHit=0  bothDifferent=0  firstMotor=-1)
[PARITY step=578] arcOnFilDev (matched-seg only): matched=0  maxAbs=0.000e+00  meanAbs=0.000e+00  rms=0.000e+00
[PARITY step=578] verdict: {kernel-math-correct}
[PARITY step=579] M=14000 S=11 resident dispatch 4.709 ms
[PARITY step=579] boundSegId: mismatches=0 (hostHit+devMiss=0  hostMiss+devHit=0  bothDifferent=0  firstMotor=-1)
[PARITY step=579] arcOnFilDev (matched-seg only): matched=0  maxAbs=0.000e+00  meanAbs=0.000e+00  rms=0.000e+00
[PARITY step=579] verdict: {kernel-math-correct}
[PARITY step=580] M=14000 S=11 resident dispatch 4.552 ms
[PARITY step=580] boundSegId: mismatches=0 (hostHit+devMiss=0  hostMiss+devHit=0  bothDifferent=0  firstMotor=-1)
[PARITY step=580] arcOnFilDev (matched-seg only): matched=1  maxAbs=7.451e-09  meanAbs=7.451e-09  rms=7.451e-09
[PARITY step=580] verdict: {kernel-math-correct}
[PARITY step=581] M=14000 S=11 resident dispatch 5.130 ms
[PARITY step=581] boundSegId: mismatches=0 (hostHit+devMiss=0  hostMiss+devHit=0  bothDifferent=0  firstMotor=-1)
[PARITY step=581] arcOnFilDev (matched-seg only): matched=0  maxAbs=0.000e+00  meanAbs=0.000e+00  rms=0.000e+00
[PARITY step=581] verdict: {kernel-math-correct}
[PARITY step=582] M=14000 S=11 resident dispatch 4.570 ms
[PARITY step=582] boundSegId: mismatches=0 (hostHit+devMiss=0  hostMiss+devHit=0  bothDifferent=0  firstMotor=-1)
[PARITY step=582] arcOnFilDev (matched-seg only): matched=0  maxAbs=0.000e+00  meanAbs=0.000e+00  rms=0.000e+00
[PARITY step=582] verdict: {kernel-math-correct}
[PARITY step=583] M=14000 S=11 resident dispatch 4.643 ms
[PARITY step=583] boundSegId: mismatches=0 (hostHit+devMiss=0  hostMiss+devHit=0  bothDifferent=0  firstMotor=-1)
[PARITY step=583] arcOnFilDev (matched-seg only): matched=0  maxAbs=0.000e+00  meanAbs=0.000e+00  rms=0.000e+00
[PARITY step=583] verdict: {kernel-math-correct}
[PARITY step=584] M=14000 S=11 resident dispatch 4.543 ms
[PARITY step=584] boundSegId: mismatches=0 (hostHit+devMiss=0  hostMiss+devHit=0  bothDifferent=0  firstMotor=-1)
[PARITY step=584] arcOnFilDev (matched-seg only): matched=0  maxAbs=0.000e+00  meanAbs=0.000e+00  rms=0.000e+00
[PARITY step=584] verdict: {kernel-math-correct}
[PARITY step=585] M=14000 S=11 resident dispatch 4.715 ms
[PARITY step=585] boundSegId: mismatches=0 (hostHit+devMiss=0  hostMiss+devHit=0  bothDifferent=0  firstMotor=-1)
[PARITY step=585] arcOnFilDev (matched-seg only): matched=0  maxAbs=0.000e+00  meanAbs=0.000e+00  rms=0.000e+00
[PARITY step=585] verdict: {kernel-math-correct}
[PARITY step=586] M=14000 S=11 resident dispatch 4.718 ms
[PARITY step=586] boundSegId: mismatches=0 (hostHit+devMiss=0  hostMiss+devHit=0  bothDifferent=0  firstMotor=-1)
[PARITY step=586] arcOnFilDev (matched-seg only): matched=1  maxAbs=1.490e-08  meanAbs=1.490e-08  rms=1.490e-08
[PARITY step=586] verdict: {kernel-math-correct}
[PARITY step=587] M=14000 S=11 resident dispatch 4.520 ms
[PARITY step=587] boundSegId: mismatches=0 (hostHit+devMiss=0  hostMiss+devHit=0  bothDifferent=0  firstMotor=-1)
[PARITY step=587] arcOnFilDev (matched-seg only): matched=0  maxAbs=0.000e+00  meanAbs=0.000e+00  rms=0.000e+00
[PARITY step=587] verdict: {kernel-math-correct}
[PARITY step=588] M=14000 S=11 resident dispatch 4.589 ms
[PARITY step=588] boundSegId: mismatches=0 (hostHit+devMiss=0  hostMiss+devHit=0  bothDifferent=0  firstMotor=-1)
[PARITY step=588] arcOnFilDev (matched-seg only): matched=1  maxAbs=4.470e-08  meanAbs=4.470e-08  rms=4.470e-08
[PARITY step=588] verdict: {kernel-math-correct}
[PARITY step=589] M=14000 S=11 resident dispatch 4.536 ms
[PARITY step=589] boundSegId: mismatches=0 (hostHit+devMiss=0  hostMiss+devHit=0  bothDifferent=0  firstMotor=-1)
[PARITY step=589] arcOnFilDev (matched-seg only): matched=0  maxAbs=0.000e+00  meanAbs=0.000e+00  rms=0.000e+00
[PARITY step=589] verdict: {kernel-math-correct}
[PARITY step=590] M=14000 S=11 resident dispatch 4.605 ms
[PARITY step=590] boundSegId: mismatches=0 (hostHit+devMiss=0  hostMiss+devHit=0  bothDifferent=0  firstMotor=-1)
[PARITY step=590] arcOnFilDev (matched-seg only): matched=0  maxAbs=0.000e+00  meanAbs=0.000e+00  rms=0.000e+00
[PARITY step=590] verdict: {kernel-math-correct}
[PARITY step=591] M=14000 S=11 resident dispatch 4.527 ms
[PARITY step=591] boundSegId: mismatches=0 (hostHit+devMiss=0  hostMiss+devHit=0  bothDifferent=0  firstMotor=-1)
[PARITY step=591] arcOnFilDev (matched-seg only): matched=0  maxAbs=0.000e+00  meanAbs=0.000e+00  rms=0.000e+00
[PARITY step=591] verdict: {kernel-math-correct}
[PARITY step=592] M=14000 S=11 resident dispatch 4.764 ms
[PARITY step=592] boundSegId: mismatches=0 (hostHit+devMiss=0  hostMiss+devHit=0  bothDifferent=0  firstMotor=-1)
[PARITY step=592] arcOnFilDev (matched-seg only): matched=0  maxAbs=0.000e+00  meanAbs=0.000e+00  rms=0.000e+00
[PARITY step=592] verdict: {kernel-math-correct}
[PARITY step=593] M=14000 S=11 resident dispatch 4.548 ms
[PARITY step=593] boundSegId: mismatches=0 (hostHit+devMiss=0  hostMiss+devHit=0  bothDifferent=0  firstMotor=-1)
[PARITY step=593] arcOnFilDev (matched-seg only): matched=0  maxAbs=0.000e+00  meanAbs=0.000e+00  rms=0.000e+00
[PARITY step=593] verdict: {kernel-math-correct}
[PARITY step=594] M=14000 S=11 resident dispatch 4.545 ms
[PARITY step=594] boundSegId: mismatches=0 (hostHit+devMiss=0  hostMiss+devHit=0  bothDifferent=0  firstMotor=-1)
[PARITY step=594] arcOnFilDev (matched-seg only): matched=1  maxAbs=0.000e+00  meanAbs=0.000e+00  rms=0.000e+00
[PARITY step=594] verdict: {kernel-math-correct}
[PARITY step=595] M=14000 S=11 resident dispatch 4.913 ms
[PARITY step=595] boundSegId: mismatches=0 (hostHit+devMiss=0  hostMiss+devHit=0  bothDifferent=0  firstMotor=-1)
[PARITY step=595] arcOnFilDev (matched-seg only): matched=0  maxAbs=0.000e+00  meanAbs=0.000e+00  rms=0.000e+00
[PARITY step=595] verdict: {kernel-math-correct}
[PARITY step=596] M=14000 S=11 resident dispatch 5.102 ms
[PARITY step=596] boundSegId: mismatches=0 (hostHit+devMiss=0  hostMiss+devHit=0  bothDifferent=0  firstMotor=-1)
[PARITY step=596] arcOnFilDev (matched-seg only): matched=0  maxAbs=0.000e+00  meanAbs=0.000e+00  rms=0.000e+00
[PARITY step=596] verdict: {kernel-math-correct}
[PARITY step=597] M=14000 S=11 resident dispatch 4.560 ms
[PARITY step=597] boundSegId: mismatches=0 (hostHit+devMiss=0  hostMiss+devHit=0  bothDifferent=0  firstMotor=-1)
[PARITY step=597] arcOnFilDev (matched-seg only): matched=0  maxAbs=0.000e+00  meanAbs=0.000e+00  rms=0.000e+00
[PARITY step=597] verdict: {kernel-math-correct}
[PARITY step=598] M=14000 S=11 resident dispatch 4.569 ms
[PARITY step=598] boundSegId: mismatches=0 (hostHit+devMiss=0  hostMiss+devHit=0  bothDifferent=0  firstMotor=-1)
[PARITY step=598] arcOnFilDev (matched-seg only): matched=0  maxAbs=0.000e+00  meanAbs=0.000e+00  rms=0.000e+00
[PARITY step=598] verdict: {kernel-math-correct}
[PARITY step=599] M=14000 S=11 resident dispatch 4.555 ms
[PARITY step=599] boundSegId: mismatches=0 (hostHit+devMiss=0  hostMiss+devHit=0  bothDifferent=0  firstMotor=-1)
[PARITY step=599] arcOnFilDev (matched-seg only): matched=0  maxAbs=0.000e+00  meanAbs=0.000e+00  rms=0.000e+00
[PARITY step=599] verdict: {kernel-math-correct}
[PARITY step=600] M=14000 S=11 resident dispatch 4.557 ms
[PARITY step=600] boundSegId: mismatches=0 (hostHit+devMiss=0  hostMiss+devHit=0  bothDifferent=0  firstMotor=-1)
[PARITY step=600] arcOnFilDev (matched-seg only): matched=0  maxAbs=0.000e+00  meanAbs=0.000e+00  rms=0.000e+00
[PARITY step=600] verdict: {kernel-math-correct}
[PARITY step=601] M=14000 S=11 resident dispatch 4.569 ms
[PARITY step=601] boundSegId: mismatches=0 (hostHit+devMiss=0  hostMiss+devHit=0  bothDifferent=0  firstMotor=-1)
[PARITY step=601] arcOnFilDev (matched-seg only): matched=0  maxAbs=0.000e+00  meanAbs=0.000e+00  rms=0.000e+00
[PARITY step=601] verdict: {kernel-math-correct}
[PARITY step=602] M=14000 S=11 resident dispatch 4.545 ms
[PARITY step=602] boundSegId: mismatches=0 (hostHit+devMiss=0  hostMiss+devHit=0  bothDifferent=0  firstMotor=-1)
[PARITY step=602] arcOnFilDev (matched-seg only): matched=1  maxAbs=0.000e+00  meanAbs=0.000e+00  rms=0.000e+00
[PARITY step=602] verdict: {kernel-math-correct}
[PARITY step=603] M=14000 S=11 resident dispatch 4.538 ms
[PARITY step=603] boundSegId: mismatches=0 (hostHit+devMiss=0  hostMiss+devHit=0  bothDifferent=0  firstMotor=-1)
[PARITY step=603] arcOnFilDev (matched-seg only): matched=1  maxAbs=0.000e+00  meanAbs=0.000e+00  rms=0.000e+00
[PARITY step=603] verdict: {kernel-math-correct}
[PARITY step=604] M=14000 S=11 resident dispatch 4.762 ms
[PARITY step=604] boundSegId: mismatches=0 (hostHit+devMiss=0  hostMiss+devHit=0  bothDifferent=0  firstMotor=-1)
[PARITY step=604] arcOnFilDev (matched-seg only): matched=1  maxAbs=7.451e-09  meanAbs=7.451e-09  rms=7.451e-09
[PARITY step=604] verdict: {kernel-math-correct}
[PARITY step=605] M=14000 S=11 resident dispatch 4.558 ms
[PARITY step=605] boundSegId: mismatches=0 (hostHit+devMiss=0  hostMiss+devHit=0  bothDifferent=0  firstMotor=-1)
[PARITY step=605] arcOnFilDev (matched-seg only): matched=0  maxAbs=0.000e+00  meanAbs=0.000e+00  rms=0.000e+00
[PARITY step=605] verdict: {kernel-math-correct}
[PARITY step=606] M=14000 S=11 resident dispatch 4.629 ms
[PARITY step=606] boundSegId: mismatches=0 (hostHit+devMiss=0  hostMiss+devHit=0  bothDifferent=0  firstMotor=-1)
[PARITY step=606] arcOnFilDev (matched-seg only): matched=0  maxAbs=0.000e+00  meanAbs=0.000e+00  rms=0.000e+00
[PARITY step=606] verdict: {kernel-math-correct}
[PARITY step=607] M=14000 S=11 resident dispatch 4.546 ms
[PARITY step=607] boundSegId: mismatches=0 (hostHit+devMiss=0  hostMiss+devHit=0  bothDifferent=0  firstMotor=-1)
[PARITY step=607] arcOnFilDev (matched-seg only): matched=0  maxAbs=0.000e+00  meanAbs=0.000e+00  rms=0.000e+00
[PARITY step=607] verdict: {kernel-math-correct}
[PARITY step=608] M=14000 S=11 resident dispatch 4.546 ms
[PARITY step=608] boundSegId: mismatches=0 (hostHit+devMiss=0  hostMiss+devHit=0  bothDifferent=0  firstMotor=-1)
[PARITY step=608] arcOnFilDev (matched-seg only): matched=0  maxAbs=0.000e+00  meanAbs=0.000e+00  rms=0.000e+00
[PARITY step=608] verdict: {kernel-math-correct}
[PARITY step=609] M=14000 S=11 resident dispatch 4.538 ms
[PARITY step=609] boundSegId: mismatches=0 (hostHit+devMiss=0  hostMiss+devHit=0  bothDifferent=0  firstMotor=-1)
[PARITY step=609] arcOnFilDev (matched-seg only): matched=0  maxAbs=0.000e+00  meanAbs=0.000e+00  rms=0.000e+00
[PARITY step=609] verdict: {kernel-math-correct}
[PARITY step=610] M=14000 S=11 resident dispatch 4.557 ms
[PARITY step=610] boundSegId: mismatches=0 (hostHit+devMiss=0  hostMiss+devHit=0  bothDifferent=0  firstMotor=-1)
[PARITY step=610] arcOnFilDev (matched-seg only): matched=0  maxAbs=0.000e+00  meanAbs=0.000e+00  rms=0.000e+00
[PARITY step=610] verdict: {kernel-math-correct}
[PARITY step=611] M=14000 S=11 resident dispatch 4.575 ms
[PARITY step=611] boundSegId: mismatches=0 (hostHit+devMiss=0  hostMiss+devHit=0  bothDifferent=0  firstMotor=-1)
[PARITY step=611] arcOnFilDev (matched-seg only): matched=0  maxAbs=0.000e+00  meanAbs=0.000e+00  rms=0.000e+00
[PARITY step=611] verdict: {kernel-math-correct}
[PARITY step=612] M=14000 S=11 resident dispatch 5.597 ms
[PARITY step=612] boundSegId: mismatches=0 (hostHit+devMiss=0  hostMiss+devHit=0  bothDifferent=0  firstMotor=-1)
[PARITY step=612] arcOnFilDev (matched-seg only): matched=0  maxAbs=0.000e+00  meanAbs=0.000e+00  rms=0.000e+00
[PARITY step=612] verdict: {kernel-math-correct}
[PARITY step=613] M=14000 S=11 resident dispatch 4.912 ms
[PARITY step=613] boundSegId: mismatches=0 (hostHit+devMiss=0  hostMiss+devHit=0  bothDifferent=0  firstMotor=-1)
[PARITY step=613] arcOnFilDev (matched-seg only): matched=1  maxAbs=0.000e+00  meanAbs=0.000e+00  rms=0.000e+00
[PARITY step=613] verdict: {kernel-math-correct}
[PARITY step=614] M=14000 S=11 resident dispatch 4.537 ms
[PARITY step=614] boundSegId: mismatches=0 (hostHit+devMiss=0  hostMiss+devHit=0  bothDifferent=0  firstMotor=-1)
[PARITY step=614] arcOnFilDev (matched-seg only): matched=0  maxAbs=0.000e+00  meanAbs=0.000e+00  rms=0.000e+00
[PARITY step=614] verdict: {kernel-math-correct}
[PARITY step=615] M=14000 S=11 resident dispatch 4.570 ms
[PARITY step=615] boundSegId: mismatches=0 (hostHit+devMiss=0  hostMiss+devHit=0  bothDifferent=0  firstMotor=-1)
[PARITY step=615] arcOnFilDev (matched-seg only): matched=0  maxAbs=0.000e+00  meanAbs=0.000e+00  rms=0.000e+00
[PARITY step=615] verdict: {kernel-math-correct}
[PARITY step=616] M=14000 S=11 resident dispatch 4.736 ms
[PARITY step=616] boundSegId: mismatches=0 (hostHit+devMiss=0  hostMiss+devHit=0  bothDifferent=0  firstMotor=-1)
[PARITY step=616] arcOnFilDev (matched-seg only): matched=0  maxAbs=0.000e+00  meanAbs=0.000e+00  rms=0.000e+00
[PARITY step=616] verdict: {kernel-math-correct}
[PARITY step=617] M=14000 S=11 resident dispatch 5.105 ms
[PARITY step=617] boundSegId: mismatches=0 (hostHit+devMiss=0  hostMiss+devHit=0  bothDifferent=0  firstMotor=-1)
[PARITY step=617] arcOnFilDev (matched-seg only): matched=0  maxAbs=0.000e+00  meanAbs=0.000e+00  rms=0.000e+00
[PARITY step=617] verdict: {kernel-math-correct}
[PARITY step=618] M=14000 S=11 resident dispatch 4.532 ms
[PARITY step=618] boundSegId: mismatches=0 (hostHit+devMiss=0  hostMiss+devHit=0  bothDifferent=0  firstMotor=-1)
[PARITY step=618] arcOnFilDev (matched-seg only): matched=0  maxAbs=0.000e+00  meanAbs=0.000e+00  rms=0.000e+00
[PARITY step=618] verdict: {kernel-math-correct}
[PARITY step=619] M=14000 S=11 resident dispatch 4.571 ms
[PARITY step=619] boundSegId: mismatches=0 (hostHit+devMiss=0  hostMiss+devHit=0  bothDifferent=0  firstMotor=-1)
[PARITY step=619] arcOnFilDev (matched-seg only): matched=2  maxAbs=1.863e-09  meanAbs=9.313e-10  rms=1.317e-09
[PARITY step=619] verdict: {kernel-math-correct}
[PARITY step=620] M=14000 S=11 resident dispatch 4.561 ms
[PARITY step=620] boundSegId: mismatches=0 (hostHit+devMiss=0  hostMiss+devHit=0  bothDifferent=0  firstMotor=-1)
[PARITY step=620] arcOnFilDev (matched-seg only): matched=0  maxAbs=0.000e+00  meanAbs=0.000e+00  rms=0.000e+00
[PARITY step=620] verdict: {kernel-math-correct}
[PARITY step=621] M=14000 S=11 resident dispatch 4.597 ms
[PARITY step=621] boundSegId: mismatches=0 (hostHit+devMiss=0  hostMiss+devHit=0  bothDifferent=0  firstMotor=-1)
[PARITY step=621] arcOnFilDev (matched-seg only): matched=0  maxAbs=0.000e+00  meanAbs=0.000e+00  rms=0.000e+00
[PARITY step=621] verdict: {kernel-math-correct}
[PARITY step=622] M=14000 S=11 resident dispatch 5.452 ms
[PARITY step=622] boundSegId: mismatches=0 (hostHit+devMiss=0  hostMiss+devHit=0  bothDifferent=0  firstMotor=-1)
[PARITY step=622] arcOnFilDev (matched-seg only): matched=0  maxAbs=0.000e+00  meanAbs=0.000e+00  rms=0.000e+00
[PARITY step=622] verdict: {kernel-math-correct}
[PARITY step=623] M=14000 S=11 resident dispatch 4.635 ms
[PARITY step=623] boundSegId: mismatches=0 (hostHit+devMiss=0  hostMiss+devHit=0  bothDifferent=0  firstMotor=-1)
[PARITY step=623] arcOnFilDev (matched-seg only): matched=0  maxAbs=0.000e+00  meanAbs=0.000e+00  rms=0.000e+00
[PARITY step=623] verdict: {kernel-math-correct}
[PARITY step=624] M=14000 S=11 resident dispatch 4.538 ms
[PARITY step=624] boundSegId: mismatches=0 (hostHit+devMiss=0  hostMiss+devHit=0  bothDifferent=0  firstMotor=-1)
[PARITY step=624] arcOnFilDev (matched-seg only): matched=0  maxAbs=0.000e+00  meanAbs=0.000e+00  rms=0.000e+00
[PARITY step=624] verdict: {kernel-math-correct}
[PARITY step=625] M=14000 S=11 resident dispatch 4.528 ms
[PARITY step=625] boundSegId: mismatches=0 (hostHit+devMiss=0  hostMiss+devHit=0  bothDifferent=0  firstMotor=-1)
[PARITY step=625] arcOnFilDev (matched-seg only): matched=1  maxAbs=0.000e+00  meanAbs=0.000e+00  rms=0.000e+00
[PARITY step=625] verdict: {kernel-math-correct}
[PARITY step=626] M=14000 S=11 resident dispatch 4.573 ms
[PARITY step=626] boundSegId: mismatches=0 (hostHit+devMiss=0  hostMiss+devHit=0  bothDifferent=0  firstMotor=-1)
[PARITY step=626] arcOnFilDev (matched-seg only): matched=0  maxAbs=0.000e+00  meanAbs=0.000e+00  rms=0.000e+00
[PARITY step=626] verdict: {kernel-math-correct}
[PARITY step=627] M=14000 S=11 resident dispatch 4.547 ms
[PARITY step=627] boundSegId: mismatches=0 (hostHit+devMiss=0  hostMiss+devHit=0  bothDifferent=0  firstMotor=-1)
[PARITY step=627] arcOnFilDev (matched-seg only): matched=1  maxAbs=4.657e-10  meanAbs=4.657e-10  rms=4.657e-10
[PARITY step=627] verdict: {kernel-math-correct}
[PARITY step=628] M=14000 S=11 resident dispatch 4.590 ms
[PARITY step=628] boundSegId: mismatches=0 (hostHit+devMiss=0  hostMiss+devHit=0  bothDifferent=0  firstMotor=-1)
[PARITY step=628] arcOnFilDev (matched-seg only): matched=0  maxAbs=0.000e+00  meanAbs=0.000e+00  rms=0.000e+00
[PARITY step=628] verdict: {kernel-math-correct}
[PARITY step=629] M=14000 S=11 resident dispatch 4.601 ms
[PARITY step=629] boundSegId: mismatches=0 (hostHit+devMiss=0  hostMiss+devHit=0  bothDifferent=0  firstMotor=-1)
[PARITY step=629] arcOnFilDev (matched-seg only): matched=0  maxAbs=0.000e+00  meanAbs=0.000e+00  rms=0.000e+00
[PARITY step=629] verdict: {kernel-math-correct}
[PARITY step=630] M=14000 S=11 resident dispatch 4.560 ms
[PARITY step=630] boundSegId: mismatches=0 (hostHit+devMiss=0  hostMiss+devHit=0  bothDifferent=0  firstMotor=-1)
[PARITY step=630] arcOnFilDev (matched-seg only): matched=0  maxAbs=0.000e+00  meanAbs=0.000e+00  rms=0.000e+00
[PARITY step=630] verdict: {kernel-math-correct}
[PARITY step=631] M=14000 S=11 resident dispatch 4.534 ms
[PARITY step=631] boundSegId: mismatches=0 (hostHit+devMiss=0  hostMiss+devHit=0  bothDifferent=0  firstMotor=-1)
[PARITY step=631] arcOnFilDev (matched-seg only): matched=0  maxAbs=0.000e+00  meanAbs=0.000e+00  rms=0.000e+00
[PARITY step=631] verdict: {kernel-math-correct}
[PARITY step=632] M=14000 S=11 resident dispatch 4.575 ms
[PARITY step=632] boundSegId: mismatches=0 (hostHit+devMiss=0  hostMiss+devHit=0  bothDifferent=0  firstMotor=-1)
[PARITY step=632] arcOnFilDev (matched-seg only): matched=0  maxAbs=0.000e+00  meanAbs=0.000e+00  rms=0.000e+00
[PARITY step=632] verdict: {kernel-math-correct}
[PARITY step=633] M=14000 S=11 resident dispatch 4.541 ms
[PARITY step=633] boundSegId: mismatches=0 (hostHit+devMiss=0  hostMiss+devHit=0  bothDifferent=0  firstMotor=-1)
[PARITY step=633] arcOnFilDev (matched-seg only): matched=0  maxAbs=0.000e+00  meanAbs=0.000e+00  rms=0.000e+00
[PARITY step=633] verdict: {kernel-math-correct}
[PARITY step=634] M=14000 S=11 resident dispatch 4.646 ms
[PARITY step=634] boundSegId: mismatches=0 (hostHit+devMiss=0  hostMiss+devHit=0  bothDifferent=0  firstMotor=-1)
[PARITY step=634] arcOnFilDev (matched-seg only): matched=0  maxAbs=0.000e+00  meanAbs=0.000e+00  rms=0.000e+00
[PARITY step=634] verdict: {kernel-math-correct}
[PARITY step=635] M=14000 S=11 resident dispatch 4.537 ms
[PARITY step=635] boundSegId: mismatches=0 (hostHit+devMiss=0  hostMiss+devHit=0  bothDifferent=0  firstMotor=-1)
[PARITY step=635] arcOnFilDev (matched-seg only): matched=0  maxAbs=0.000e+00  meanAbs=0.000e+00  rms=0.000e+00
[PARITY step=635] verdict: {kernel-math-correct}
[PARITY step=636] M=14000 S=11 resident dispatch 4.560 ms
[PARITY step=636] boundSegId: mismatches=0 (hostHit+devMiss=0  hostMiss+devHit=0  bothDifferent=0  firstMotor=-1)
[PARITY step=636] arcOnFilDev (matched-seg only): matched=0  maxAbs=0.000e+00  meanAbs=0.000e+00  rms=0.000e+00
[PARITY step=636] verdict: {kernel-math-correct}
[PARITY step=637] M=14000 S=11 resident dispatch 4.600 ms
[PARITY step=637] boundSegId: mismatches=0 (hostHit+devMiss=0  hostMiss+devHit=0  bothDifferent=0  firstMotor=-1)
[PARITY step=637] arcOnFilDev (matched-seg only): matched=0  maxAbs=0.000e+00  meanAbs=0.000e+00  rms=0.000e+00
[PARITY step=637] verdict: {kernel-math-correct}
[PARITY step=638] M=14000 S=11 resident dispatch 4.680 ms
[PARITY step=638] boundSegId: mismatches=0 (hostHit+devMiss=0  hostMiss+devHit=0  bothDifferent=0  firstMotor=-1)
[PARITY step=638] arcOnFilDev (matched-seg only): matched=0  maxAbs=0.000e+00  meanAbs=0.000e+00  rms=0.000e+00
[PARITY step=638] verdict: {kernel-math-correct}
[PARITY step=639] M=14000 S=11 resident dispatch 6.261 ms
[PARITY step=639] boundSegId: mismatches=0 (hostHit+devMiss=0  hostMiss+devHit=0  bothDifferent=0  firstMotor=-1)
[PARITY step=639] arcOnFilDev (matched-seg only): matched=0  maxAbs=0.000e+00  meanAbs=0.000e+00  rms=0.000e+00
[PARITY step=639] verdict: {kernel-math-correct}
[PARITY step=640] M=14000 S=11 resident dispatch 4.545 ms
[PARITY step=640] boundSegId: mismatches=0 (hostHit+devMiss=0  hostMiss+devHit=0  bothDifferent=0  firstMotor=-1)
[PARITY step=640] arcOnFilDev (matched-seg only): matched=0  maxAbs=0.000e+00  meanAbs=0.000e+00  rms=0.000e+00
[PARITY step=640] verdict: {kernel-math-correct}
[PARITY step=641] M=14000 S=11 resident dispatch 4.551 ms
[PARITY step=641] boundSegId: mismatches=0 (hostHit+devMiss=0  hostMiss+devHit=0  bothDifferent=0  firstMotor=-1)
[PARITY step=641] arcOnFilDev (matched-seg only): matched=0  maxAbs=0.000e+00  meanAbs=0.000e+00  rms=0.000e+00
[PARITY step=641] verdict: {kernel-math-correct}
[PARITY step=642] M=14000 S=11 resident dispatch 4.919 ms
[PARITY step=642] boundSegId: mismatches=0 (hostHit+devMiss=0  hostMiss+devHit=0  bothDifferent=0  firstMotor=-1)
[PARITY step=642] arcOnFilDev (matched-seg only): matched=0  maxAbs=0.000e+00  meanAbs=0.000e+00  rms=0.000e+00
[PARITY step=642] verdict: {kernel-math-correct}
[PARITY step=643] M=14000 S=11 resident dispatch 5.028 ms
[PARITY step=643] boundSegId: mismatches=0 (hostHit+devMiss=0  hostMiss+devHit=0  bothDifferent=0  firstMotor=-1)
[PARITY step=643] arcOnFilDev (matched-seg only): matched=0  maxAbs=0.000e+00  meanAbs=0.000e+00  rms=0.000e+00
[PARITY step=643] verdict: {kernel-math-correct}
[PARITY step=644] M=14000 S=11 resident dispatch 4.715 ms
[PARITY step=644] boundSegId: mismatches=0 (hostHit+devMiss=0  hostMiss+devHit=0  bothDifferent=0  firstMotor=-1)
[PARITY step=644] arcOnFilDev (matched-seg only): matched=0  maxAbs=0.000e+00  meanAbs=0.000e+00  rms=0.000e+00
[PARITY step=644] verdict: {kernel-math-correct}
[PARITY step=645] M=14000 S=11 resident dispatch 4.532 ms
[PARITY step=645] boundSegId: mismatches=0 (hostHit+devMiss=0  hostMiss+devHit=0  bothDifferent=0  firstMotor=-1)
[PARITY step=645] arcOnFilDev (matched-seg only): matched=0  maxAbs=0.000e+00  meanAbs=0.000e+00  rms=0.000e+00
[PARITY step=645] verdict: {kernel-math-correct}
[PARITY step=646] M=14000 S=11 resident dispatch 5.059 ms
[PARITY step=646] boundSegId: mismatches=0 (hostHit+devMiss=0  hostMiss+devHit=0  bothDifferent=0  firstMotor=-1)
[PARITY step=646] arcOnFilDev (matched-seg only): matched=0  maxAbs=0.000e+00  meanAbs=0.000e+00  rms=0.000e+00
[PARITY step=646] verdict: {kernel-math-correct}
[PARITY step=647] M=14000 S=11 resident dispatch 4.569 ms
[PARITY step=647] boundSegId: mismatches=0 (hostHit+devMiss=0  hostMiss+devHit=0  bothDifferent=0  firstMotor=-1)
[PARITY step=647] arcOnFilDev (matched-seg only): matched=0  maxAbs=0.000e+00  meanAbs=0.000e+00  rms=0.000e+00
[PARITY step=647] verdict: {kernel-math-correct}
[PARITY step=648] M=14000 S=11 resident dispatch 4.555 ms
[PARITY step=648] boundSegId: mismatches=0 (hostHit+devMiss=0  hostMiss+devHit=0  bothDifferent=0  firstMotor=-1)
[PARITY step=648] arcOnFilDev (matched-seg only): matched=0  maxAbs=0.000e+00  meanAbs=0.000e+00  rms=0.000e+00
[PARITY step=648] verdict: {kernel-math-correct}
[PARITY step=649] M=14000 S=11 resident dispatch 4.542 ms
[PARITY step=649] boundSegId: mismatches=0 (hostHit+devMiss=0  hostMiss+devHit=0  bothDifferent=0  firstMotor=-1)
[PARITY step=649] arcOnFilDev (matched-seg only): matched=0  maxAbs=0.000e+00  meanAbs=0.000e+00  rms=0.000e+00
[PARITY step=649] verdict: {kernel-math-correct}
[PARITY step=650] M=14000 S=11 resident dispatch 5.182 ms
[PARITY step=650] boundSegId: mismatches=0 (hostHit+devMiss=0  hostMiss+devHit=0  bothDifferent=0  firstMotor=-1)
[PARITY step=650] arcOnFilDev (matched-seg only): matched=0  maxAbs=0.000e+00  meanAbs=0.000e+00  rms=0.000e+00
[PARITY step=650] verdict: {kernel-math-correct}
[PARITY step=651] M=14000 S=11 resident dispatch 4.929 ms
[PARITY step=651] boundSegId: mismatches=0 (hostHit+devMiss=0  hostMiss+devHit=0  bothDifferent=0  firstMotor=-1)
[PARITY step=651] arcOnFilDev (matched-seg only): matched=0  maxAbs=0.000e+00  meanAbs=0.000e+00  rms=0.000e+00
[PARITY step=651] verdict: {kernel-math-correct}
[PARITY step=652] M=14000 S=11 resident dispatch 4.539 ms
[PARITY step=652] boundSegId: mismatches=0 (hostHit+devMiss=0  hostMiss+devHit=0  bothDifferent=0  firstMotor=-1)
[PARITY step=652] arcOnFilDev (matched-seg only): matched=0  maxAbs=0.000e+00  meanAbs=0.000e+00  rms=0.000e+00
[PARITY step=652] verdict: {kernel-math-correct}
[PARITY step=653] M=14000 S=11 resident dispatch 4.532 ms
[PARITY step=653] boundSegId: mismatches=0 (hostHit+devMiss=0  hostMiss+devHit=0  bothDifferent=0  firstMotor=-1)
[PARITY step=653] arcOnFilDev (matched-seg only): matched=0  maxAbs=0.000e+00  meanAbs=0.000e+00  rms=0.000e+00
[PARITY step=653] verdict: {kernel-math-correct}
[PARITY step=654] M=14000 S=11 resident dispatch 4.717 ms
[PARITY step=654] boundSegId: mismatches=0 (hostHit+devMiss=0  hostMiss+devHit=0  bothDifferent=0  firstMotor=-1)
[PARITY step=654] arcOnFilDev (matched-seg only): matched=0  maxAbs=0.000e+00  meanAbs=0.000e+00  rms=0.000e+00
[PARITY step=654] verdict: {kernel-math-correct}
[PARITY step=655] M=14000 S=11 resident dispatch 4.536 ms
[PARITY step=655] boundSegId: mismatches=0 (hostHit+devMiss=0  hostMiss+devHit=0  bothDifferent=0  firstMotor=-1)
[PARITY step=655] arcOnFilDev (matched-seg only): matched=0  maxAbs=0.000e+00  meanAbs=0.000e+00  rms=0.000e+00
[PARITY step=655] verdict: {kernel-math-correct}
[PARITY step=656] M=14000 S=11 resident dispatch 4.638 ms
[PARITY step=656] boundSegId: mismatches=0 (hostHit+devMiss=0  hostMiss+devHit=0  bothDifferent=0  firstMotor=-1)
[PARITY step=656] arcOnFilDev (matched-seg only): matched=0  maxAbs=0.000e+00  meanAbs=0.000e+00  rms=0.000e+00
[PARITY step=656] verdict: {kernel-math-correct}
[PARITY step=657] M=14000 S=11 resident dispatch 4.527 ms
[PARITY step=657] boundSegId: mismatches=0 (hostHit+devMiss=0  hostMiss+devHit=0  bothDifferent=0  firstMotor=-1)
[PARITY step=657] arcOnFilDev (matched-seg only): matched=0  maxAbs=0.000e+00  meanAbs=0.000e+00  rms=0.000e+00
[PARITY step=657] verdict: {kernel-math-correct}
[PARITY step=658] M=14000 S=11 resident dispatch 4.539 ms
[PARITY step=658] boundSegId: mismatches=0 (hostHit+devMiss=0  hostMiss+devHit=0  bothDifferent=0  firstMotor=-1)
[PARITY step=658] arcOnFilDev (matched-seg only): matched=0  maxAbs=0.000e+00  meanAbs=0.000e+00  rms=0.000e+00
[PARITY step=658] verdict: {kernel-math-correct}
[PARITY step=659] M=14000 S=11 resident dispatch 4.841 ms
[PARITY step=659] boundSegId: mismatches=0 (hostHit+devMiss=0  hostMiss+devHit=0  bothDifferent=0  firstMotor=-1)
[PARITY step=659] arcOnFilDev (matched-seg only): matched=2  maxAbs=1.863e-09  meanAbs=9.313e-10  rms=1.317e-09
[PARITY step=659] verdict: {kernel-math-correct}
[PARITY step=660] M=14000 S=11 resident dispatch 4.531 ms
[PARITY step=660] boundSegId: mismatches=0 (hostHit+devMiss=0  hostMiss+devHit=0  bothDifferent=0  firstMotor=-1)
[PARITY step=660] arcOnFilDev (matched-seg only): matched=0  maxAbs=0.000e+00  meanAbs=0.000e+00  rms=0.000e+00
[PARITY step=660] verdict: {kernel-math-correct}
[PARITY step=661] M=14000 S=11 resident dispatch 4.574 ms
[PARITY step=661] boundSegId: mismatches=0 (hostHit+devMiss=0  hostMiss+devHit=0  bothDifferent=0  firstMotor=-1)
[PARITY step=661] arcOnFilDev (matched-seg only): matched=0  maxAbs=0.000e+00  meanAbs=0.000e+00  rms=0.000e+00
[PARITY step=661] verdict: {kernel-math-correct}
[PARITY step=662] M=14000 S=11 resident dispatch 4.537 ms
[PARITY step=662] boundSegId: mismatches=0 (hostHit+devMiss=0  hostMiss+devHit=0  bothDifferent=0  firstMotor=-1)
[PARITY step=662] arcOnFilDev (matched-seg only): matched=0  maxAbs=0.000e+00  meanAbs=0.000e+00  rms=0.000e+00
[PARITY step=662] verdict: {kernel-math-correct}
[PARITY step=663] M=14000 S=11 resident dispatch 4.520 ms
[PARITY step=663] boundSegId: mismatches=0 (hostHit+devMiss=0  hostMiss+devHit=0  bothDifferent=0  firstMotor=-1)
[PARITY step=663] arcOnFilDev (matched-seg only): matched=0  maxAbs=0.000e+00  meanAbs=0.000e+00  rms=0.000e+00
[PARITY step=663] verdict: {kernel-math-correct}
[PARITY step=664] M=14000 S=11 resident dispatch 4.608 ms
[PARITY step=664] boundSegId: mismatches=0 (hostHit+devMiss=0  hostMiss+devHit=0  bothDifferent=0  firstMotor=-1)
[PARITY step=664] arcOnFilDev (matched-seg only): matched=0  maxAbs=0.000e+00  meanAbs=0.000e+00  rms=0.000e+00
[PARITY step=664] verdict: {kernel-math-correct}
[PARITY step=665] M=14000 S=11 resident dispatch 4.534 ms
[PARITY step=665] boundSegId: mismatches=0 (hostHit+devMiss=0  hostMiss+devHit=0  bothDifferent=0  firstMotor=-1)
[PARITY step=665] arcOnFilDev (matched-seg only): matched=1  maxAbs=2.235e-08  meanAbs=2.235e-08  rms=2.235e-08
[PARITY step=665] verdict: {kernel-math-correct}
[PARITY step=666] M=14000 S=11 resident dispatch 5.024 ms
[PARITY step=666] boundSegId: mismatches=0 (hostHit+devMiss=0  hostMiss+devHit=0  bothDifferent=0  firstMotor=-1)
[PARITY step=666] arcOnFilDev (matched-seg only): matched=0  maxAbs=0.000e+00  meanAbs=0.000e+00  rms=0.000e+00
[PARITY step=666] verdict: {kernel-math-correct}
[PARITY step=667] M=14000 S=11 resident dispatch 4.627 ms
[PARITY step=667] boundSegId: mismatches=0 (hostHit+devMiss=0  hostMiss+devHit=0  bothDifferent=0  firstMotor=-1)
[PARITY step=667] arcOnFilDev (matched-seg only): matched=0  maxAbs=0.000e+00  meanAbs=0.000e+00  rms=0.000e+00
[PARITY step=667] verdict: {kernel-math-correct}
[PARITY step=668] M=14000 S=11 resident dispatch 4.767 ms
[PARITY step=668] boundSegId: mismatches=0 (hostHit+devMiss=0  hostMiss+devHit=0  bothDifferent=0  firstMotor=-1)
[PARITY step=668] arcOnFilDev (matched-seg only): matched=0  maxAbs=0.000e+00  meanAbs=0.000e+00  rms=0.000e+00
[PARITY step=668] verdict: {kernel-math-correct}
[PARITY step=669] M=14000 S=11 resident dispatch 4.547 ms
[PARITY step=669] boundSegId: mismatches=0 (hostHit+devMiss=0  hostMiss+devHit=0  bothDifferent=0  firstMotor=-1)
[PARITY step=669] arcOnFilDev (matched-seg only): matched=0  maxAbs=0.000e+00  meanAbs=0.000e+00  rms=0.000e+00
[PARITY step=669] verdict: {kernel-math-correct}
[PARITY step=670] M=14000 S=11 resident dispatch 4.518 ms
[PARITY step=670] boundSegId: mismatches=0 (hostHit+devMiss=0  hostMiss+devHit=0  bothDifferent=0  firstMotor=-1)
[PARITY step=670] arcOnFilDev (matched-seg only): matched=0  maxAbs=0.000e+00  meanAbs=0.000e+00  rms=0.000e+00
[PARITY step=670] verdict: {kernel-math-correct}
[PARITY step=671] M=14000 S=11 resident dispatch 4.526 ms
[PARITY step=671] boundSegId: mismatches=0 (hostHit+devMiss=0  hostMiss+devHit=0  bothDifferent=0  firstMotor=-1)
[PARITY step=671] arcOnFilDev (matched-seg only): matched=0  maxAbs=0.000e+00  meanAbs=0.000e+00  rms=0.000e+00
[PARITY step=671] verdict: {kernel-math-correct}
[PARITY step=672] M=14000 S=11 resident dispatch 4.530 ms
[PARITY step=672] boundSegId: mismatches=0 (hostHit+devMiss=0  hostMiss+devHit=0  bothDifferent=0  firstMotor=-1)
[PARITY step=672] arcOnFilDev (matched-seg only): matched=0  maxAbs=0.000e+00  meanAbs=0.000e+00  rms=0.000e+00
[PARITY step=672] verdict: {kernel-math-correct}
[PARITY step=673] M=14000 S=11 resident dispatch 4.552 ms
[PARITY step=673] boundSegId: mismatches=0 (hostHit+devMiss=0  hostMiss+devHit=0  bothDifferent=0  firstMotor=-1)
[PARITY step=673] arcOnFilDev (matched-seg only): matched=0  maxAbs=0.000e+00  meanAbs=0.000e+00  rms=0.000e+00
[PARITY step=673] verdict: {kernel-math-correct}
[PARITY step=674] M=14000 S=11 resident dispatch 4.787 ms
[PARITY step=674] boundSegId: mismatches=0 (hostHit+devMiss=0  hostMiss+devHit=0  bothDifferent=0  firstMotor=-1)
[PARITY step=674] arcOnFilDev (matched-seg only): matched=1  maxAbs=1.490e-08  meanAbs=1.490e-08  rms=1.490e-08
[PARITY step=674] verdict: {kernel-math-correct}
[PARITY step=675] M=14000 S=11 resident dispatch 4.796 ms
[PARITY step=675] boundSegId: mismatches=0 (hostHit+devMiss=0  hostMiss+devHit=0  bothDifferent=0  firstMotor=-1)
[PARITY step=675] arcOnFilDev (matched-seg only): matched=1  maxAbs=7.451e-09  meanAbs=7.451e-09  rms=7.451e-09
[PARITY step=675] verdict: {kernel-math-correct}
[PARITY step=676] M=14000 S=11 resident dispatch 4.727 ms
[PARITY step=676] boundSegId: mismatches=0 (hostHit+devMiss=0  hostMiss+devHit=0  bothDifferent=0  firstMotor=-1)
[PARITY step=676] arcOnFilDev (matched-seg only): matched=0  maxAbs=0.000e+00  meanAbs=0.000e+00  rms=0.000e+00
[PARITY step=676] verdict: {kernel-math-correct}
[PARITY step=677] M=14000 S=11 resident dispatch 5.289 ms
[PARITY step=677] boundSegId: mismatches=0 (hostHit+devMiss=0  hostMiss+devHit=0  bothDifferent=0  firstMotor=-1)
[PARITY step=677] arcOnFilDev (matched-seg only): matched=0  maxAbs=0.000e+00  meanAbs=0.000e+00  rms=0.000e+00
[PARITY step=677] verdict: {kernel-math-correct}
[PARITY step=678] M=14000 S=11 resident dispatch 5.310 ms
[PARITY step=678] boundSegId: mismatches=0 (hostHit+devMiss=0  hostMiss+devHit=0  bothDifferent=0  firstMotor=-1)
[PARITY step=678] arcOnFilDev (matched-seg only): matched=0  maxAbs=0.000e+00  meanAbs=0.000e+00  rms=0.000e+00
[PARITY step=678] verdict: {kernel-math-correct}
[PARITY step=679] M=14000 S=11 resident dispatch 4.797 ms
[PARITY step=679] boundSegId: mismatches=0 (hostHit+devMiss=0  hostMiss+devHit=0  bothDifferent=0  firstMotor=-1)
[PARITY step=679] arcOnFilDev (matched-seg only): matched=0  maxAbs=0.000e+00  meanAbs=0.000e+00  rms=0.000e+00
[PARITY step=679] verdict: {kernel-math-correct}
[PARITY step=680] M=14000 S=11 resident dispatch 4.518 ms
[PARITY step=680] boundSegId: mismatches=0 (hostHit+devMiss=0  hostMiss+devHit=0  bothDifferent=0  firstMotor=-1)
[PARITY step=680] arcOnFilDev (matched-seg only): matched=0  maxAbs=0.000e+00  meanAbs=0.000e+00  rms=0.000e+00
[PARITY step=680] verdict: {kernel-math-correct}
[PARITY step=681] M=14000 S=11 resident dispatch 4.586 ms
[PARITY step=681] boundSegId: mismatches=0 (hostHit+devMiss=0  hostMiss+devHit=0  bothDifferent=0  firstMotor=-1)
[PARITY step=681] arcOnFilDev (matched-seg only): matched=1  maxAbs=4.657e-10  meanAbs=4.657e-10  rms=4.657e-10
[PARITY step=681] verdict: {kernel-math-correct}
[PARITY step=682] M=14000 S=11 resident dispatch 4.733 ms
[PARITY step=682] boundSegId: mismatches=0 (hostHit+devMiss=0  hostMiss+devHit=0  bothDifferent=0  firstMotor=-1)
[PARITY step=682] arcOnFilDev (matched-seg only): matched=0  maxAbs=0.000e+00  meanAbs=0.000e+00  rms=0.000e+00
[PARITY step=682] verdict: {kernel-math-correct}
[PARITY step=683] M=14000 S=11 resident dispatch 4.991 ms
[PARITY step=683] boundSegId: mismatches=0 (hostHit+devMiss=0  hostMiss+devHit=0  bothDifferent=0  firstMotor=-1)
[PARITY step=683] arcOnFilDev (matched-seg only): matched=0  maxAbs=0.000e+00  meanAbs=0.000e+00  rms=0.000e+00
[PARITY step=683] verdict: {kernel-math-correct}
[PARITY step=684] M=14000 S=11 resident dispatch 4.508 ms
[PARITY step=684] boundSegId: mismatches=0 (hostHit+devMiss=0  hostMiss+devHit=0  bothDifferent=0  firstMotor=-1)
[PARITY step=684] arcOnFilDev (matched-seg only): matched=1  maxAbs=1.490e-08  meanAbs=1.490e-08  rms=1.490e-08
[PARITY step=684] verdict: {kernel-math-correct}
[PARITY step=685] M=14000 S=11 resident dispatch 4.533 ms
[PARITY step=685] boundSegId: mismatches=0 (hostHit+devMiss=0  hostMiss+devHit=0  bothDifferent=0  firstMotor=-1)
[PARITY step=685] arcOnFilDev (matched-seg only): matched=0  maxAbs=0.000e+00  meanAbs=0.000e+00  rms=0.000e+00
[PARITY step=685] verdict: {kernel-math-correct}
[PARITY step=686] M=14000 S=11 resident dispatch 4.529 ms
[PARITY step=686] boundSegId: mismatches=0 (hostHit+devMiss=0  hostMiss+devHit=0  bothDifferent=0  firstMotor=-1)
[PARITY step=686] arcOnFilDev (matched-seg only): matched=1  maxAbs=0.000e+00  meanAbs=0.000e+00  rms=0.000e+00
[PARITY step=686] verdict: {kernel-math-correct}
[PARITY step=687] M=14000 S=11 resident dispatch 4.551 ms
[PARITY step=687] boundSegId: mismatches=0 (hostHit+devMiss=0  hostMiss+devHit=0  bothDifferent=0  firstMotor=-1)
[PARITY step=687] arcOnFilDev (matched-seg only): matched=0  maxAbs=0.000e+00  meanAbs=0.000e+00  rms=0.000e+00
[PARITY step=687] verdict: {kernel-math-correct}
[PARITY step=688] M=14000 S=11 resident dispatch 4.548 ms
[PARITY step=688] boundSegId: mismatches=0 (hostHit+devMiss=0  hostMiss+devHit=0  bothDifferent=0  firstMotor=-1)
[PARITY step=688] arcOnFilDev (matched-seg only): matched=0  maxAbs=0.000e+00  meanAbs=0.000e+00  rms=0.000e+00
[PARITY step=688] verdict: {kernel-math-correct}
[PARITY step=689] M=14000 S=11 resident dispatch 4.536 ms
[PARITY step=689] boundSegId: mismatches=0 (hostHit+devMiss=0  hostMiss+devHit=0  bothDifferent=0  firstMotor=-1)
[PARITY step=689] arcOnFilDev (matched-seg only): matched=0  maxAbs=0.000e+00  meanAbs=0.000e+00  rms=0.000e+00
[PARITY step=689] verdict: {kernel-math-correct}
[PARITY step=690] M=14000 S=11 resident dispatch 4.557 ms
[PARITY step=690] boundSegId: mismatches=0 (hostHit+devMiss=0  hostMiss+devHit=0  bothDifferent=0  firstMotor=-1)
[PARITY step=690] arcOnFilDev (matched-seg only): matched=0  maxAbs=0.000e+00  meanAbs=0.000e+00  rms=0.000e+00
[PARITY step=690] verdict: {kernel-math-correct}
[PARITY step=691] M=14000 S=11 resident dispatch 4.540 ms
[PARITY step=691] boundSegId: mismatches=0 (hostHit+devMiss=0  hostMiss+devHit=0  bothDifferent=0  firstMotor=-1)
[PARITY step=691] arcOnFilDev (matched-seg only): matched=0  maxAbs=0.000e+00  meanAbs=0.000e+00  rms=0.000e+00
[PARITY step=691] verdict: {kernel-math-correct}
[PARITY step=692] M=14000 S=11 resident dispatch 4.525 ms
[PARITY step=692] boundSegId: mismatches=0 (hostHit+devMiss=0  hostMiss+devHit=0  bothDifferent=0  firstMotor=-1)
[PARITY step=692] arcOnFilDev (matched-seg only): matched=0  maxAbs=0.000e+00  meanAbs=0.000e+00  rms=0.000e+00
[PARITY step=692] verdict: {kernel-math-correct}
[PARITY step=693] M=14000 S=11 resident dispatch 4.522 ms
[PARITY step=693] boundSegId: mismatches=0 (hostHit+devMiss=0  hostMiss+devHit=0  bothDifferent=0  firstMotor=-1)
[PARITY step=693] arcOnFilDev (matched-seg only): matched=0  maxAbs=0.000e+00  meanAbs=0.000e+00  rms=0.000e+00
[PARITY step=693] verdict: {kernel-math-correct}
[PARITY step=694] M=14000 S=11 resident dispatch 4.532 ms
[PARITY step=694] boundSegId: mismatches=0 (hostHit+devMiss=0  hostMiss+devHit=0  bothDifferent=0  firstMotor=-1)
[PARITY step=694] arcOnFilDev (matched-seg only): matched=2  maxAbs=7.451e-09  meanAbs=5.588e-09  rms=5.890e-09
[PARITY step=694] verdict: {kernel-math-correct}
[PARITY step=695] M=14000 S=11 resident dispatch 4.762 ms
[PARITY step=695] boundSegId: mismatches=0 (hostHit+devMiss=0  hostMiss+devHit=0  bothDifferent=0  firstMotor=-1)
[PARITY step=695] arcOnFilDev (matched-seg only): matched=0  maxAbs=0.000e+00  meanAbs=0.000e+00  rms=0.000e+00
[PARITY step=695] verdict: {kernel-math-correct}
[PARITY step=696] M=14000 S=11 resident dispatch 7.421 ms
[PARITY step=696] boundSegId: mismatches=0 (hostHit+devMiss=0  hostMiss+devHit=0  bothDifferent=0  firstMotor=-1)
[PARITY step=696] arcOnFilDev (matched-seg only): matched=1  maxAbs=2.980e-08  meanAbs=2.980e-08  rms=2.980e-08
[PARITY step=696] verdict: {kernel-math-correct}
[PARITY step=697] M=14000 S=11 resident dispatch 4.621 ms
[PARITY step=697] boundSegId: mismatches=0 (hostHit+devMiss=0  hostMiss+devHit=0  bothDifferent=0  firstMotor=-1)
[PARITY step=697] arcOnFilDev (matched-seg only): matched=0  maxAbs=0.000e+00  meanAbs=0.000e+00  rms=0.000e+00
[PARITY step=697] verdict: {kernel-math-correct}
[PARITY step=698] M=14000 S=11 resident dispatch 4.556 ms
[PARITY step=698] boundSegId: mismatches=0 (hostHit+devMiss=0  hostMiss+devHit=0  bothDifferent=0  firstMotor=-1)
[PARITY step=698] arcOnFilDev (matched-seg only): matched=0  maxAbs=0.000e+00  meanAbs=0.000e+00  rms=0.000e+00
[PARITY step=698] verdict: {kernel-math-correct}
[PARITY step=699] M=14000 S=11 resident dispatch 4.630 ms
[PARITY step=699] boundSegId: mismatches=0 (hostHit+devMiss=0  hostMiss+devHit=0  bothDifferent=0  firstMotor=-1)
[PARITY step=699] arcOnFilDev (matched-seg only): matched=0  maxAbs=0.000e+00  meanAbs=0.000e+00  rms=0.000e+00
[PARITY step=699] verdict: {kernel-math-correct}
[PARITY step=700] M=14000 S=11 resident dispatch 4.558 ms
[PARITY step=700] boundSegId: mismatches=0 (hostHit+devMiss=0  hostMiss+devHit=0  bothDifferent=0  firstMotor=-1)
[PARITY step=700] arcOnFilDev (matched-seg only): matched=0  maxAbs=0.000e+00  meanAbs=0.000e+00  rms=0.000e+00
[PARITY step=700] verdict: {kernel-math-correct}
[PARITY step=701] M=14000 S=11 resident dispatch 4.574 ms
[PARITY step=701] boundSegId: mismatches=0 (hostHit+devMiss=0  hostMiss+devHit=0  bothDifferent=0  firstMotor=-1)
[PARITY step=701] arcOnFilDev (matched-seg only): matched=0  maxAbs=0.000e+00  meanAbs=0.000e+00  rms=0.000e+00
[PARITY step=701] verdict: {kernel-math-correct}
[PARITY step=702] M=14000 S=11 resident dispatch 4.539 ms
[PARITY step=702] boundSegId: mismatches=0 (hostHit+devMiss=0  hostMiss+devHit=0  bothDifferent=0  firstMotor=-1)
[PARITY step=702] arcOnFilDev (matched-seg only): matched=0  maxAbs=0.000e+00  meanAbs=0.000e+00  rms=0.000e+00
[PARITY step=702] verdict: {kernel-math-correct}
[PARITY step=703] M=14000 S=11 resident dispatch 4.548 ms
[PARITY step=703] boundSegId: mismatches=0 (hostHit+devMiss=0  hostMiss+devHit=0  bothDifferent=0  firstMotor=-1)
[PARITY step=703] arcOnFilDev (matched-seg only): matched=0  maxAbs=0.000e+00  meanAbs=0.000e+00  rms=0.000e+00
[PARITY step=703] verdict: {kernel-math-correct}
[PARITY step=704] M=14000 S=11 resident dispatch 4.651 ms
[PARITY step=704] boundSegId: mismatches=0 (hostHit+devMiss=0  hostMiss+devHit=0  bothDifferent=0  firstMotor=-1)
[PARITY step=704] arcOnFilDev (matched-seg only): matched=0  maxAbs=0.000e+00  meanAbs=0.000e+00  rms=0.000e+00
[PARITY step=704] verdict: {kernel-math-correct}
[PARITY step=705] M=14000 S=11 resident dispatch 5.096 ms
[PARITY step=705] boundSegId: mismatches=0 (hostHit+devMiss=0  hostMiss+devHit=0  bothDifferent=0  firstMotor=-1)
[PARITY step=705] arcOnFilDev (matched-seg only): matched=0  maxAbs=0.000e+00  meanAbs=0.000e+00  rms=0.000e+00
[PARITY step=705] verdict: {kernel-math-correct}
[PARITY step=706] M=14000 S=11 resident dispatch 4.775 ms
[PARITY step=706] boundSegId: mismatches=0 (hostHit+devMiss=0  hostMiss+devHit=0  bothDifferent=0  firstMotor=-1)
[PARITY step=706] arcOnFilDev (matched-seg only): matched=0  maxAbs=0.000e+00  meanAbs=0.000e+00  rms=0.000e+00
[PARITY step=706] verdict: {kernel-math-correct}
[PARITY step=707] M=14000 S=11 resident dispatch 4.867 ms
[PARITY step=707] boundSegId: mismatches=0 (hostHit+devMiss=0  hostMiss+devHit=0  bothDifferent=0  firstMotor=-1)
[PARITY step=707] arcOnFilDev (matched-seg only): matched=0  maxAbs=0.000e+00  meanAbs=0.000e+00  rms=0.000e+00
[PARITY step=707] verdict: {kernel-math-correct}
[PARITY step=708] M=14000 S=11 resident dispatch 5.130 ms
[PARITY step=708] boundSegId: mismatches=0 (hostHit+devMiss=0  hostMiss+devHit=0  bothDifferent=0  firstMotor=-1)
[PARITY step=708] arcOnFilDev (matched-seg only): matched=0  maxAbs=0.000e+00  meanAbs=0.000e+00  rms=0.000e+00
[PARITY step=708] verdict: {kernel-math-correct}
[PARITY step=709] M=14000 S=11 resident dispatch 4.527 ms
[PARITY step=709] boundSegId: mismatches=0 (hostHit+devMiss=0  hostMiss+devHit=0  bothDifferent=0  firstMotor=-1)
[PARITY step=709] arcOnFilDev (matched-seg only): matched=0  maxAbs=0.000e+00  meanAbs=0.000e+00  rms=0.000e+00
[PARITY step=709] verdict: {kernel-math-correct}
[PARITY step=710] M=14000 S=11 resident dispatch 4.529 ms
[PARITY step=710] boundSegId: mismatches=0 (hostHit+devMiss=0  hostMiss+devHit=0  bothDifferent=0  firstMotor=-1)
[PARITY step=710] arcOnFilDev (matched-seg only): matched=0  maxAbs=0.000e+00  meanAbs=0.000e+00  rms=0.000e+00
[PARITY step=710] verdict: {kernel-math-correct}
[PARITY step=711] M=14000 S=11 resident dispatch 4.563 ms
[PARITY step=711] boundSegId: mismatches=0 (hostHit+devMiss=0  hostMiss+devHit=0  bothDifferent=0  firstMotor=-1)
[PARITY step=711] arcOnFilDev (matched-seg only): matched=0  maxAbs=0.000e+00  meanAbs=0.000e+00  rms=0.000e+00
[PARITY step=711] verdict: {kernel-math-correct}
[PARITY step=712] M=14000 S=11 resident dispatch 4.523 ms
[PARITY step=712] boundSegId: mismatches=0 (hostHit+devMiss=0  hostMiss+devHit=0  bothDifferent=0  firstMotor=-1)
[PARITY step=712] arcOnFilDev (matched-seg only): matched=0  maxAbs=0.000e+00  meanAbs=0.000e+00  rms=0.000e+00
[PARITY step=712] verdict: {kernel-math-correct}
[PARITY step=713] M=14000 S=11 resident dispatch 4.552 ms
[PARITY step=713] boundSegId: mismatches=0 (hostHit+devMiss=0  hostMiss+devHit=0  bothDifferent=0  firstMotor=-1)
[PARITY step=713] arcOnFilDev (matched-seg only): matched=0  maxAbs=0.000e+00  meanAbs=0.000e+00  rms=0.000e+00
[PARITY step=713] verdict: {kernel-math-correct}
[PARITY step=714] M=14000 S=11 resident dispatch 4.950 ms
[PARITY step=714] boundSegId: mismatches=0 (hostHit+devMiss=0  hostMiss+devHit=0  bothDifferent=0  firstMotor=-1)
[PARITY step=714] arcOnFilDev (matched-seg only): matched=0  maxAbs=0.000e+00  meanAbs=0.000e+00  rms=0.000e+00
[PARITY step=714] verdict: {kernel-math-correct}
[PARITY step=715] M=14000 S=11 resident dispatch 4.860 ms
[PARITY step=715] boundSegId: mismatches=0 (hostHit+devMiss=0  hostMiss+devHit=0  bothDifferent=0  firstMotor=-1)
[PARITY step=715] arcOnFilDev (matched-seg only): matched=0  maxAbs=0.000e+00  meanAbs=0.000e+00  rms=0.000e+00
[PARITY step=715] verdict: {kernel-math-correct}
[PARITY step=716] M=14000 S=11 resident dispatch 4.761 ms
[PARITY step=716] boundSegId: mismatches=0 (hostHit+devMiss=0  hostMiss+devHit=0  bothDifferent=0  firstMotor=-1)
[PARITY step=716] arcOnFilDev (matched-seg only): matched=0  maxAbs=0.000e+00  meanAbs=0.000e+00  rms=0.000e+00
[PARITY step=716] verdict: {kernel-math-correct}
[PARITY step=717] M=14000 S=11 resident dispatch 4.529 ms
[PARITY step=717] boundSegId: mismatches=0 (hostHit+devMiss=0  hostMiss+devHit=0  bothDifferent=0  firstMotor=-1)
[PARITY step=717] arcOnFilDev (matched-seg only): matched=0  maxAbs=0.000e+00  meanAbs=0.000e+00  rms=0.000e+00
[PARITY step=717] verdict: {kernel-math-correct}
[PARITY step=718] M=14000 S=11 resident dispatch 4.551 ms
[PARITY step=718] boundSegId: mismatches=0 (hostHit+devMiss=0  hostMiss+devHit=0  bothDifferent=0  firstMotor=-1)
[PARITY step=718] arcOnFilDev (matched-seg only): matched=0  maxAbs=0.000e+00  meanAbs=0.000e+00  rms=0.000e+00
[PARITY step=718] verdict: {kernel-math-correct}
[PARITY step=719] M=14000 S=11 resident dispatch 4.552 ms
[PARITY step=719] boundSegId: mismatches=0 (hostHit+devMiss=0  hostMiss+devHit=0  bothDifferent=0  firstMotor=-1)
[PARITY step=719] arcOnFilDev (matched-seg only): matched=0  maxAbs=0.000e+00  meanAbs=0.000e+00  rms=0.000e+00
[PARITY step=719] verdict: {kernel-math-correct}
[PARITY step=720] M=14000 S=11 resident dispatch 4.521 ms
[PARITY step=720] boundSegId: mismatches=0 (hostHit+devMiss=0  hostMiss+devHit=0  bothDifferent=0  firstMotor=-1)
[PARITY step=720] arcOnFilDev (matched-seg only): matched=0  maxAbs=0.000e+00  meanAbs=0.000e+00  rms=0.000e+00
[PARITY step=720] verdict: {kernel-math-correct}
[PARITY step=721] M=14000 S=11 resident dispatch 4.585 ms
[PARITY step=721] boundSegId: mismatches=0 (hostHit+devMiss=0  hostMiss+devHit=0  bothDifferent=0  firstMotor=-1)
[PARITY step=721] arcOnFilDev (matched-seg only): matched=0  maxAbs=0.000e+00  meanAbs=0.000e+00  rms=0.000e+00
[PARITY step=721] verdict: {kernel-math-correct}
[PARITY step=722] M=14000 S=11 resident dispatch 4.520 ms
[PARITY step=722] boundSegId: mismatches=0 (hostHit+devMiss=0  hostMiss+devHit=0  bothDifferent=0  firstMotor=-1)
[PARITY step=722] arcOnFilDev (matched-seg only): matched=0  maxAbs=0.000e+00  meanAbs=0.000e+00  rms=0.000e+00
[PARITY step=722] verdict: {kernel-math-correct}
[PARITY step=723] M=14000 S=11 resident dispatch 4.541 ms
[PARITY step=723] boundSegId: mismatches=0 (hostHit+devMiss=0  hostMiss+devHit=0  bothDifferent=0  firstMotor=-1)
[PARITY step=723] arcOnFilDev (matched-seg only): matched=0  maxAbs=0.000e+00  meanAbs=0.000e+00  rms=0.000e+00
[PARITY step=723] verdict: {kernel-math-correct}
[PARITY step=724] M=14000 S=11 resident dispatch 4.532 ms
[PARITY step=724] boundSegId: mismatches=0 (hostHit+devMiss=0  hostMiss+devHit=0  bothDifferent=0  firstMotor=-1)
[PARITY step=724] arcOnFilDev (matched-seg only): matched=0  maxAbs=0.000e+00  meanAbs=0.000e+00  rms=0.000e+00
[PARITY step=724] verdict: {kernel-math-correct}
[PARITY step=725] M=14000 S=11 resident dispatch 4.543 ms
[PARITY step=725] boundSegId: mismatches=0 (hostHit+devMiss=0  hostMiss+devHit=0  bothDifferent=0  firstMotor=-1)
[PARITY step=725] arcOnFilDev (matched-seg only): matched=0  maxAbs=0.000e+00  meanAbs=0.000e+00  rms=0.000e+00
[PARITY step=725] verdict: {kernel-math-correct}
[PARITY step=726] M=14000 S=11 resident dispatch 4.981 ms
[PARITY step=726] boundSegId: mismatches=0 (hostHit+devMiss=0  hostMiss+devHit=0  bothDifferent=0  firstMotor=-1)
[PARITY step=726] arcOnFilDev (matched-seg only): matched=1  maxAbs=7.451e-09  meanAbs=7.451e-09  rms=7.451e-09
[PARITY step=726] verdict: {kernel-math-correct}
[PARITY step=727] M=14000 S=11 resident dispatch 4.868 ms
[PARITY step=727] boundSegId: mismatches=0 (hostHit+devMiss=0  hostMiss+devHit=0  bothDifferent=0  firstMotor=-1)
[PARITY step=727] arcOnFilDev (matched-seg only): matched=1  maxAbs=2.235e-08  meanAbs=2.235e-08  rms=2.235e-08
[PARITY step=727] verdict: {kernel-math-correct}
[PARITY step=728] M=14000 S=11 resident dispatch 4.511 ms
[PARITY step=728] boundSegId: mismatches=0 (hostHit+devMiss=0  hostMiss+devHit=0  bothDifferent=0  firstMotor=-1)
[PARITY step=728] arcOnFilDev (matched-seg only): matched=0  maxAbs=0.000e+00  meanAbs=0.000e+00  rms=0.000e+00
[PARITY step=728] verdict: {kernel-math-correct}
[PARITY step=729] M=14000 S=11 resident dispatch 4.530 ms
[PARITY step=729] boundSegId: mismatches=0 (hostHit+devMiss=0  hostMiss+devHit=0  bothDifferent=0  firstMotor=-1)
[PARITY step=729] arcOnFilDev (matched-seg only): matched=0  maxAbs=0.000e+00  meanAbs=0.000e+00  rms=0.000e+00
[PARITY step=729] verdict: {kernel-math-correct}
[PARITY step=730] M=14000 S=11 resident dispatch 4.532 ms
[PARITY step=730] boundSegId: mismatches=0 (hostHit+devMiss=0  hostMiss+devHit=0  bothDifferent=0  firstMotor=-1)
[PARITY step=730] arcOnFilDev (matched-seg only): matched=0  maxAbs=0.000e+00  meanAbs=0.000e+00  rms=0.000e+00
[PARITY step=730] verdict: {kernel-math-correct}
[PARITY step=731] M=14000 S=11 resident dispatch 4.799 ms
[PARITY step=731] boundSegId: mismatches=0 (hostHit+devMiss=0  hostMiss+devHit=0  bothDifferent=0  firstMotor=-1)
[PARITY step=731] arcOnFilDev (matched-seg only): matched=0  maxAbs=0.000e+00  meanAbs=0.000e+00  rms=0.000e+00
[PARITY step=731] verdict: {kernel-math-correct}
[PARITY step=732] M=14000 S=11 resident dispatch 4.558 ms
[PARITY step=732] boundSegId: mismatches=0 (hostHit+devMiss=0  hostMiss+devHit=0  bothDifferent=0  firstMotor=-1)
[PARITY step=732] arcOnFilDev (matched-seg only): matched=0  maxAbs=0.000e+00  meanAbs=0.000e+00  rms=0.000e+00
[PARITY step=732] verdict: {kernel-math-correct}
[PARITY step=733] M=14000 S=11 resident dispatch 5.080 ms
[PARITY step=733] boundSegId: mismatches=0 (hostHit+devMiss=0  hostMiss+devHit=0  bothDifferent=0  firstMotor=-1)
[PARITY step=733] arcOnFilDev (matched-seg only): matched=0  maxAbs=0.000e+00  meanAbs=0.000e+00  rms=0.000e+00
[PARITY step=733] verdict: {kernel-math-correct}
[PARITY step=734] M=14000 S=11 resident dispatch 4.681 ms
[PARITY step=734] boundSegId: mismatches=0 (hostHit+devMiss=0  hostMiss+devHit=0  bothDifferent=0  firstMotor=-1)
[PARITY step=734] arcOnFilDev (matched-seg only): matched=0  maxAbs=0.000e+00  meanAbs=0.000e+00  rms=0.000e+00
[PARITY step=734] verdict: {kernel-math-correct}
[PARITY step=735] M=14000 S=11 resident dispatch 4.829 ms
[PARITY step=735] boundSegId: mismatches=0 (hostHit+devMiss=0  hostMiss+devHit=0  bothDifferent=0  firstMotor=-1)
[PARITY step=735] arcOnFilDev (matched-seg only): matched=0  maxAbs=0.000e+00  meanAbs=0.000e+00  rms=0.000e+00
[PARITY step=735] verdict: {kernel-math-correct}
[PARITY step=736] M=14000 S=11 resident dispatch 5.205 ms
[PARITY step=736] boundSegId: mismatches=0 (hostHit+devMiss=0  hostMiss+devHit=0  bothDifferent=0  firstMotor=-1)
[PARITY step=736] arcOnFilDev (matched-seg only): matched=1  maxAbs=0.000e+00  meanAbs=0.000e+00  rms=0.000e+00
[PARITY step=736] verdict: {kernel-math-correct}
[PARITY step=737] M=14000 S=11 resident dispatch 4.537 ms
[PARITY step=737] boundSegId: mismatches=0 (hostHit+devMiss=0  hostMiss+devHit=0  bothDifferent=0  firstMotor=-1)
[PARITY step=737] arcOnFilDev (matched-seg only): matched=0  maxAbs=0.000e+00  meanAbs=0.000e+00  rms=0.000e+00
[PARITY step=737] verdict: {kernel-math-correct}
[PARITY step=738] M=14000 S=11 resident dispatch 4.566 ms
[PARITY step=738] boundSegId: mismatches=0 (hostHit+devMiss=0  hostMiss+devHit=0  bothDifferent=0  firstMotor=-1)
[PARITY step=738] arcOnFilDev (matched-seg only): matched=1  maxAbs=9.313e-10  meanAbs=9.313e-10  rms=9.313e-10
[PARITY step=738] verdict: {kernel-math-correct}
[PARITY step=739] M=14000 S=11 resident dispatch 4.535 ms
[PARITY step=739] boundSegId: mismatches=0 (hostHit+devMiss=0  hostMiss+devHit=0  bothDifferent=0  firstMotor=-1)
[PARITY step=739] arcOnFilDev (matched-seg only): matched=1  maxAbs=0.000e+00  meanAbs=0.000e+00  rms=0.000e+00
[PARITY step=739] verdict: {kernel-math-correct}
[PARITY step=740] M=14000 S=11 resident dispatch 4.550 ms
[PARITY step=740] boundSegId: mismatches=0 (hostHit+devMiss=0  hostMiss+devHit=0  bothDifferent=0  firstMotor=-1)
[PARITY step=740] arcOnFilDev (matched-seg only): matched=2  maxAbs=1.490e-08  meanAbs=7.451e-09  rms=1.054e-08
[PARITY step=740] verdict: {kernel-math-correct}
[PARITY step=741] M=14000 S=11 resident dispatch 4.657 ms
[PARITY step=741] boundSegId: mismatches=0 (hostHit+devMiss=0  hostMiss+devHit=0  bothDifferent=0  firstMotor=-1)
[PARITY step=741] arcOnFilDev (matched-seg only): matched=1  maxAbs=2.980e-08  meanAbs=2.980e-08  rms=2.980e-08
[PARITY step=741] verdict: {kernel-math-correct}
[PARITY step=742] M=14000 S=11 resident dispatch 4.538 ms
[PARITY step=742] boundSegId: mismatches=0 (hostHit+devMiss=0  hostMiss+devHit=0  bothDifferent=0  firstMotor=-1)
[PARITY step=742] arcOnFilDev (matched-seg only): matched=0  maxAbs=0.000e+00  meanAbs=0.000e+00  rms=0.000e+00
[PARITY step=742] verdict: {kernel-math-correct}
[PARITY step=743] M=14000 S=11 resident dispatch 4.587 ms
[PARITY step=743] boundSegId: mismatches=0 (hostHit+devMiss=0  hostMiss+devHit=0  bothDifferent=0  firstMotor=-1)
[PARITY step=743] arcOnFilDev (matched-seg only): matched=0  maxAbs=0.000e+00  meanAbs=0.000e+00  rms=0.000e+00
[PARITY step=743] verdict: {kernel-math-correct}
[PARITY step=744] M=14000 S=11 resident dispatch 4.572 ms
[PARITY step=744] boundSegId: mismatches=0 (hostHit+devMiss=0  hostMiss+devHit=0  bothDifferent=0  firstMotor=-1)
[PARITY step=744] arcOnFilDev (matched-seg only): matched=0  maxAbs=0.000e+00  meanAbs=0.000e+00  rms=0.000e+00
[PARITY step=744] verdict: {kernel-math-correct}
[PARITY step=745] M=14000 S=11 resident dispatch 4.545 ms
[PARITY step=745] boundSegId: mismatches=0 (hostHit+devMiss=0  hostMiss+devHit=0  bothDifferent=0  firstMotor=-1)
[PARITY step=745] arcOnFilDev (matched-seg only): matched=0  maxAbs=0.000e+00  meanAbs=0.000e+00  rms=0.000e+00
[PARITY step=745] verdict: {kernel-math-correct}
[PARITY step=746] M=14000 S=11 resident dispatch 4.524 ms
[PARITY step=746] boundSegId: mismatches=0 (hostHit+devMiss=0  hostMiss+devHit=0  bothDifferent=0  firstMotor=-1)
[PARITY step=746] arcOnFilDev (matched-seg only): matched=2  maxAbs=1.490e-08  meanAbs=8.382e-09  rms=1.062e-08
[PARITY step=746] verdict: {kernel-math-correct}
[PARITY step=747] M=14000 S=11 resident dispatch 4.551 ms
[PARITY step=747] boundSegId: mismatches=0 (hostHit+devMiss=0  hostMiss+devHit=0  bothDifferent=0  firstMotor=-1)
[PARITY step=747] arcOnFilDev (matched-seg only): matched=0  maxAbs=0.000e+00  meanAbs=0.000e+00  rms=0.000e+00
[PARITY step=747] verdict: {kernel-math-correct}
[PARITY step=748] M=14000 S=11 resident dispatch 4.533 ms
[PARITY step=748] boundSegId: mismatches=0 (hostHit+devMiss=0  hostMiss+devHit=0  bothDifferent=0  firstMotor=-1)
[PARITY step=748] arcOnFilDev (matched-seg only): matched=0  maxAbs=0.000e+00  meanAbs=0.000e+00  rms=0.000e+00
[PARITY step=748] verdict: {kernel-math-correct}
[PARITY step=749] M=14000 S=11 resident dispatch 4.547 ms
[PARITY step=749] boundSegId: mismatches=0 (hostHit+devMiss=0  hostMiss+devHit=0  bothDifferent=0  firstMotor=-1)
[PARITY step=749] arcOnFilDev (matched-seg only): matched=0  maxAbs=0.000e+00  meanAbs=0.000e+00  rms=0.000e+00
[PARITY step=749] verdict: {kernel-math-correct}
[PARITY step=750] M=14000 S=11 resident dispatch 5.074 ms
[PARITY step=750] boundSegId: mismatches=0 (hostHit+devMiss=0  hostMiss+devHit=0  bothDifferent=0  firstMotor=-1)
[PARITY step=750] arcOnFilDev (matched-seg only): matched=0  maxAbs=0.000e+00  meanAbs=0.000e+00  rms=0.000e+00
[PARITY step=750] verdict: {kernel-math-correct}
[PARITY step=751] M=14000 S=11 resident dispatch 4.548 ms
[PARITY step=751] boundSegId: mismatches=0 (hostHit+devMiss=0  hostMiss+devHit=0  bothDifferent=0  firstMotor=-1)
[PARITY step=751] arcOnFilDev (matched-seg only): matched=0  maxAbs=0.000e+00  meanAbs=0.000e+00  rms=0.000e+00
[PARITY step=751] verdict: {kernel-math-correct}
[PARITY step=752] M=14000 S=11 resident dispatch 4.779 ms
[PARITY step=752] boundSegId: mismatches=0 (hostHit+devMiss=0  hostMiss+devHit=0  bothDifferent=0  firstMotor=-1)
[PARITY step=752] arcOnFilDev (matched-seg only): matched=0  maxAbs=0.000e+00  meanAbs=0.000e+00  rms=0.000e+00
[PARITY step=752] verdict: {kernel-math-correct}
[PARITY step=753] M=14000 S=11 resident dispatch 5.584 ms
[PARITY step=753] boundSegId: mismatches=0 (hostHit+devMiss=0  hostMiss+devHit=0  bothDifferent=0  firstMotor=-1)
[PARITY step=753] arcOnFilDev (matched-seg only): matched=0  maxAbs=0.000e+00  meanAbs=0.000e+00  rms=0.000e+00
[PARITY step=753] verdict: {kernel-math-correct}
[PARITY step=754] M=14000 S=11 resident dispatch 4.525 ms
[PARITY step=754] boundSegId: mismatches=0 (hostHit+devMiss=0  hostMiss+devHit=0  bothDifferent=0  firstMotor=-1)
[PARITY step=754] arcOnFilDev (matched-seg only): matched=0  maxAbs=0.000e+00  meanAbs=0.000e+00  rms=0.000e+00
[PARITY step=754] verdict: {kernel-math-correct}
[PARITY step=755] M=14000 S=11 resident dispatch 4.533 ms
[PARITY step=755] boundSegId: mismatches=0 (hostHit+devMiss=0  hostMiss+devHit=0  bothDifferent=0  firstMotor=-1)
[PARITY step=755] arcOnFilDev (matched-seg only): matched=0  maxAbs=0.000e+00  meanAbs=0.000e+00  rms=0.000e+00
[PARITY step=755] verdict: {kernel-math-correct}
[PARITY step=756] M=14000 S=11 resident dispatch 4.717 ms
[PARITY step=756] boundSegId: mismatches=0 (hostHit+devMiss=0  hostMiss+devHit=0  bothDifferent=0  firstMotor=-1)
[PARITY step=756] arcOnFilDev (matched-seg only): matched=0  maxAbs=0.000e+00  meanAbs=0.000e+00  rms=0.000e+00
[PARITY step=756] verdict: {kernel-math-correct}
[PARITY step=757] M=14000 S=11 resident dispatch 4.981 ms
[PARITY step=757] boundSegId: mismatches=0 (hostHit+devMiss=0  hostMiss+devHit=0  bothDifferent=0  firstMotor=-1)
[PARITY step=757] arcOnFilDev (matched-seg only): matched=0  maxAbs=0.000e+00  meanAbs=0.000e+00  rms=0.000e+00
[PARITY step=757] verdict: {kernel-math-correct}
[PARITY step=758] M=14000 S=11 resident dispatch 4.550 ms
[PARITY step=758] boundSegId: mismatches=0 (hostHit+devMiss=0  hostMiss+devHit=0  bothDifferent=0  firstMotor=-1)
[PARITY step=758] arcOnFilDev (matched-seg only): matched=0  maxAbs=0.000e+00  meanAbs=0.000e+00  rms=0.000e+00
[PARITY step=758] verdict: {kernel-math-correct}
[PARITY step=759] M=14000 S=11 resident dispatch 4.548 ms
[PARITY step=759] boundSegId: mismatches=0 (hostHit+devMiss=0  hostMiss+devHit=0  bothDifferent=0  firstMotor=-1)
[PARITY step=759] arcOnFilDev (matched-seg only): matched=0  maxAbs=0.000e+00  meanAbs=0.000e+00  rms=0.000e+00
[PARITY step=759] verdict: {kernel-math-correct}
[PARITY step=760] M=14000 S=11 resident dispatch 4.527 ms
[PARITY step=760] boundSegId: mismatches=0 (hostHit+devMiss=0  hostMiss+devHit=0  bothDifferent=0  firstMotor=-1)
[PARITY step=760] arcOnFilDev (matched-seg only): matched=0  maxAbs=0.000e+00  meanAbs=0.000e+00  rms=0.000e+00
[PARITY step=760] verdict: {kernel-math-correct}
[PARITY step=761] M=14000 S=11 resident dispatch 4.919 ms
[PARITY step=761] boundSegId: mismatches=0 (hostHit+devMiss=0  hostMiss+devHit=0  bothDifferent=0  firstMotor=-1)
[PARITY step=761] arcOnFilDev (matched-seg only): matched=0  maxAbs=0.000e+00  meanAbs=0.000e+00  rms=0.000e+00
[PARITY step=761] verdict: {kernel-math-correct}
[PARITY step=762] M=14000 S=11 resident dispatch 4.528 ms
[PARITY step=762] boundSegId: mismatches=0 (hostHit+devMiss=0  hostMiss+devHit=0  bothDifferent=0  firstMotor=-1)
[PARITY step=762] arcOnFilDev (matched-seg only): matched=0  maxAbs=0.000e+00  meanAbs=0.000e+00  rms=0.000e+00
[PARITY step=762] verdict: {kernel-math-correct}
[PARITY step=763] M=14000 S=11 resident dispatch 4.561 ms
[PARITY step=763] boundSegId: mismatches=0 (hostHit+devMiss=0  hostMiss+devHit=0  bothDifferent=0  firstMotor=-1)
[PARITY step=763] arcOnFilDev (matched-seg only): matched=0  maxAbs=0.000e+00  meanAbs=0.000e+00  rms=0.000e+00
[PARITY step=763] verdict: {kernel-math-correct}
[PARITY step=764] M=14000 S=11 resident dispatch 4.574 ms
[PARITY step=764] boundSegId: mismatches=0 (hostHit+devMiss=0  hostMiss+devHit=0  bothDifferent=0  firstMotor=-1)
[PARITY step=764] arcOnFilDev (matched-seg only): matched=0  maxAbs=0.000e+00  meanAbs=0.000e+00  rms=0.000e+00
[PARITY step=764] verdict: {kernel-math-correct}
[PARITY step=765] M=14000 S=11 resident dispatch 4.619 ms
[PARITY step=765] boundSegId: mismatches=0 (hostHit+devMiss=0  hostMiss+devHit=0  bothDifferent=0  firstMotor=-1)
[PARITY step=765] arcOnFilDev (matched-seg only): matched=0  maxAbs=0.000e+00  meanAbs=0.000e+00  rms=0.000e+00
[PARITY step=765] verdict: {kernel-math-correct}
[PARITY step=766] M=14000 S=11 resident dispatch 4.570 ms
[PARITY step=766] boundSegId: mismatches=0 (hostHit+devMiss=0  hostMiss+devHit=0  bothDifferent=0  firstMotor=-1)
[PARITY step=766] arcOnFilDev (matched-seg only): matched=0  maxAbs=0.000e+00  meanAbs=0.000e+00  rms=0.000e+00
[PARITY step=766] verdict: {kernel-math-correct}
[PARITY step=767] M=14000 S=11 resident dispatch 4.528 ms
[PARITY step=767] boundSegId: mismatches=0 (hostHit+devMiss=0  hostMiss+devHit=0  bothDifferent=0  firstMotor=-1)
[PARITY step=767] arcOnFilDev (matched-seg only): matched=1  maxAbs=9.313e-10  meanAbs=9.313e-10  rms=9.313e-10
[PARITY step=767] verdict: {kernel-math-correct}
[PARITY step=768] M=14000 S=11 resident dispatch 4.559 ms
[PARITY step=768] boundSegId: mismatches=0 (hostHit+devMiss=0  hostMiss+devHit=0  bothDifferent=0  firstMotor=-1)
[PARITY step=768] arcOnFilDev (matched-seg only): matched=0  maxAbs=0.000e+00  meanAbs=0.000e+00  rms=0.000e+00
[PARITY step=768] verdict: {kernel-math-correct}
[PARITY step=769] M=14000 S=11 resident dispatch 4.573 ms
[PARITY step=769] boundSegId: mismatches=0 (hostHit+devMiss=0  hostMiss+devHit=0  bothDifferent=0  firstMotor=-1)
[PARITY step=769] arcOnFilDev (matched-seg only): matched=0  maxAbs=0.000e+00  meanAbs=0.000e+00  rms=0.000e+00
[PARITY step=769] verdict: {kernel-math-correct}
[PARITY step=770] M=14000 S=11 resident dispatch 4.552 ms
[PARITY step=770] boundSegId: mismatches=0 (hostHit+devMiss=0  hostMiss+devHit=0  bothDifferent=0  firstMotor=-1)
[PARITY step=770] arcOnFilDev (matched-seg only): matched=0  maxAbs=0.000e+00  meanAbs=0.000e+00  rms=0.000e+00
[PARITY step=770] verdict: {kernel-math-correct}
[PARITY step=771] M=14000 S=11 resident dispatch 4.574 ms
[PARITY step=771] boundSegId: mismatches=0 (hostHit+devMiss=0  hostMiss+devHit=0  bothDifferent=0  firstMotor=-1)
[PARITY step=771] arcOnFilDev (matched-seg only): matched=0  maxAbs=0.000e+00  meanAbs=0.000e+00  rms=0.000e+00
[PARITY step=771] verdict: {kernel-math-correct}
[PARITY step=772] M=14000 S=11 resident dispatch 4.763 ms
[PARITY step=772] boundSegId: mismatches=0 (hostHit+devMiss=0  hostMiss+devHit=0  bothDifferent=0  firstMotor=-1)
[PARITY step=772] arcOnFilDev (matched-seg only): matched=1  maxAbs=7.451e-09  meanAbs=7.451e-09  rms=7.451e-09
[PARITY step=772] verdict: {kernel-math-correct}
[PARITY step=773] M=14000 S=11 resident dispatch 4.535 ms
[PARITY step=773] boundSegId: mismatches=0 (hostHit+devMiss=0  hostMiss+devHit=0  bothDifferent=0  firstMotor=-1)
[PARITY step=773] arcOnFilDev (matched-seg only): matched=1  maxAbs=7.451e-09  meanAbs=7.451e-09  rms=7.451e-09
[PARITY step=773] verdict: {kernel-math-correct}
[PARITY step=774] M=14000 S=11 resident dispatch 4.510 ms
[PARITY step=774] boundSegId: mismatches=0 (hostHit+devMiss=0  hostMiss+devHit=0  bothDifferent=0  firstMotor=-1)
[PARITY step=774] arcOnFilDev (matched-seg only): matched=1  maxAbs=4.657e-10  meanAbs=4.657e-10  rms=4.657e-10
[PARITY step=774] verdict: {kernel-math-correct}
[PARITY step=775] M=14000 S=11 resident dispatch 4.520 ms
[PARITY step=775] boundSegId: mismatches=0 (hostHit+devMiss=0  hostMiss+devHit=0  bothDifferent=0  firstMotor=-1)
[PARITY step=775] arcOnFilDev (matched-seg only): matched=0  maxAbs=0.000e+00  meanAbs=0.000e+00  rms=0.000e+00
[PARITY step=775] verdict: {kernel-math-correct}
[PARITY step=776] M=14000 S=11 resident dispatch 4.523 ms
[PARITY step=776] boundSegId: mismatches=0 (hostHit+devMiss=0  hostMiss+devHit=0  bothDifferent=0  firstMotor=-1)
[PARITY step=776] arcOnFilDev (matched-seg only): matched=0  maxAbs=0.000e+00  meanAbs=0.000e+00  rms=0.000e+00
[PARITY step=776] verdict: {kernel-math-correct}
[PARITY step=777] M=14000 S=11 resident dispatch 5.036 ms
[PARITY step=777] boundSegId: mismatches=0 (hostHit+devMiss=0  hostMiss+devHit=0  bothDifferent=0  firstMotor=-1)
[PARITY step=777] arcOnFilDev (matched-seg only): matched=1  maxAbs=1.490e-08  meanAbs=1.490e-08  rms=1.490e-08
[PARITY step=777] verdict: {kernel-math-correct}
[PARITY step=778] M=14000 S=11 resident dispatch 4.913 ms
[PARITY step=778] boundSegId: mismatches=0 (hostHit+devMiss=0  hostMiss+devHit=0  bothDifferent=0  firstMotor=-1)
[PARITY step=778] arcOnFilDev (matched-seg only): matched=1  maxAbs=7.451e-09  meanAbs=7.451e-09  rms=7.451e-09
[PARITY step=778] verdict: {kernel-math-correct}
[PARITY step=779] M=14000 S=11 resident dispatch 4.531 ms
[PARITY step=779] boundSegId: mismatches=0 (hostHit+devMiss=0  hostMiss+devHit=0  bothDifferent=0  firstMotor=-1)
[PARITY step=779] arcOnFilDev (matched-seg only): matched=1  maxAbs=7.451e-09  meanAbs=7.451e-09  rms=7.451e-09
[PARITY step=779] verdict: {kernel-math-correct}
[PARITY step=780] M=14000 S=11 resident dispatch 4.521 ms
[PARITY step=780] boundSegId: mismatches=0 (hostHit+devMiss=0  hostMiss+devHit=0  bothDifferent=0  firstMotor=-1)
[PARITY step=780] arcOnFilDev (matched-seg only): matched=1  maxAbs=7.451e-09  meanAbs=7.451e-09  rms=7.451e-09
[PARITY step=780] verdict: {kernel-math-correct}
[PARITY step=781] M=14000 S=11 resident dispatch 4.561 ms
[PARITY step=781] boundSegId: mismatches=0 (hostHit+devMiss=0  hostMiss+devHit=0  bothDifferent=0  firstMotor=-1)
[PARITY step=781] arcOnFilDev (matched-seg only): matched=1  maxAbs=2.235e-08  meanAbs=2.235e-08  rms=2.235e-08
[PARITY step=781] verdict: {kernel-math-correct}
[PARITY step=782] M=14000 S=11 resident dispatch 4.772 ms
[PARITY step=782] boundSegId: mismatches=0 (hostHit+devMiss=0  hostMiss+devHit=0  bothDifferent=0  firstMotor=-1)
[PARITY step=782] arcOnFilDev (matched-seg only): matched=0  maxAbs=0.000e+00  meanAbs=0.000e+00  rms=0.000e+00
[PARITY step=782] verdict: {kernel-math-correct}
[PARITY step=783] M=14000 S=11 resident dispatch 4.538 ms
[PARITY step=783] boundSegId: mismatches=0 (hostHit+devMiss=0  hostMiss+devHit=0  bothDifferent=0  firstMotor=-1)
[PARITY step=783] arcOnFilDev (matched-seg only): matched=2  maxAbs=2.980e-08  meanAbs=1.863e-08  rms=2.172e-08
[PARITY step=783] verdict: {kernel-math-correct}
[PARITY step=784] M=14000 S=11 resident dispatch 4.541 ms
[PARITY step=784] boundSegId: mismatches=0 (hostHit+devMiss=0  hostMiss+devHit=0  bothDifferent=0  firstMotor=-1)
[PARITY step=784] arcOnFilDev (matched-seg only): matched=1  maxAbs=0.000e+00  meanAbs=0.000e+00  rms=0.000e+00
[PARITY step=784] verdict: {kernel-math-correct}
[PARITY step=785] M=14000 S=11 resident dispatch 4.539 ms
[PARITY step=785] boundSegId: mismatches=0 (hostHit+devMiss=0  hostMiss+devHit=0  bothDifferent=0  firstMotor=-1)
[PARITY step=785] arcOnFilDev (matched-seg only): matched=0  maxAbs=0.000e+00  meanAbs=0.000e+00  rms=0.000e+00
[PARITY step=785] verdict: {kernel-math-correct}
[PARITY step=786] M=14000 S=11 resident dispatch 5.016 ms
[PARITY step=786] boundSegId: mismatches=0 (hostHit+devMiss=0  hostMiss+devHit=0  bothDifferent=0  firstMotor=-1)
[PARITY step=786] arcOnFilDev (matched-seg only): matched=0  maxAbs=0.000e+00  meanAbs=0.000e+00  rms=0.000e+00
[PARITY step=786] verdict: {kernel-math-correct}
[PARITY step=787] M=14000 S=11 resident dispatch 4.871 ms
[PARITY step=787] boundSegId: mismatches=0 (hostHit+devMiss=0  hostMiss+devHit=0  bothDifferent=0  firstMotor=-1)
[PARITY step=787] arcOnFilDev (matched-seg only): matched=0  maxAbs=0.000e+00  meanAbs=0.000e+00  rms=0.000e+00
[PARITY step=787] verdict: {kernel-math-correct}
[PARITY step=788] M=14000 S=11 resident dispatch 4.736 ms
[PARITY step=788] boundSegId: mismatches=0 (hostHit+devMiss=0  hostMiss+devHit=0  bothDifferent=0  firstMotor=-1)
[PARITY step=788] arcOnFilDev (matched-seg only): matched=0  maxAbs=0.000e+00  meanAbs=0.000e+00  rms=0.000e+00
[PARITY step=788] verdict: {kernel-math-correct}
[PARITY step=789] M=14000 S=11 resident dispatch 5.149 ms
[PARITY step=789] boundSegId: mismatches=0 (hostHit+devMiss=0  hostMiss+devHit=0  bothDifferent=0  firstMotor=-1)
[PARITY step=789] arcOnFilDev (matched-seg only): matched=1  maxAbs=1.863e-09  meanAbs=1.863e-09  rms=1.863e-09
[PARITY step=789] verdict: {kernel-math-correct}
[PARITY step=790] M=14000 S=11 resident dispatch 4.565 ms
[PARITY step=790] boundSegId: mismatches=0 (hostHit+devMiss=0  hostMiss+devHit=0  bothDifferent=0  firstMotor=-1)
[PARITY step=790] arcOnFilDev (matched-seg only): matched=0  maxAbs=0.000e+00  meanAbs=0.000e+00  rms=0.000e+00
[PARITY step=790] verdict: {kernel-math-correct}
[PARITY step=791] M=14000 S=11 resident dispatch 4.752 ms
[PARITY step=791] boundSegId: mismatches=0 (hostHit+devMiss=0  hostMiss+devHit=0  bothDifferent=0  firstMotor=-1)
[PARITY step=791] arcOnFilDev (matched-seg only): matched=0  maxAbs=0.000e+00  meanAbs=0.000e+00  rms=0.000e+00
[PARITY step=791] verdict: {kernel-math-correct}
[PARITY step=792] M=14000 S=11 resident dispatch 4.533 ms
[PARITY step=792] boundSegId: mismatches=0 (hostHit+devMiss=0  hostMiss+devHit=0  bothDifferent=0  firstMotor=-1)
[PARITY step=792] arcOnFilDev (matched-seg only): matched=1  maxAbs=4.470e-08  meanAbs=4.470e-08  rms=4.470e-08
[PARITY step=792] verdict: {kernel-math-correct}
[PARITY step=793] M=14000 S=11 resident dispatch 4.521 ms
[PARITY step=793] boundSegId: mismatches=0 (hostHit+devMiss=0  hostMiss+devHit=0  bothDifferent=0  firstMotor=-1)
[PARITY step=793] arcOnFilDev (matched-seg only): matched=0  maxAbs=0.000e+00  meanAbs=0.000e+00  rms=0.000e+00
[PARITY step=793] verdict: {kernel-math-correct}
[PARITY step=794] M=14000 S=11 resident dispatch 4.515 ms
[PARITY step=794] boundSegId: mismatches=0 (hostHit+devMiss=0  hostMiss+devHit=0  bothDifferent=0  firstMotor=-1)
[PARITY step=794] arcOnFilDev (matched-seg only): matched=0  maxAbs=0.000e+00  meanAbs=0.000e+00  rms=0.000e+00
[PARITY step=794] verdict: {kernel-math-correct}
[PARITY step=795] M=14000 S=11 resident dispatch 4.543 ms
[PARITY step=795] boundSegId: mismatches=0 (hostHit+devMiss=0  hostMiss+devHit=0  bothDifferent=0  firstMotor=-1)
[PARITY step=795] arcOnFilDev (matched-seg only): matched=0  maxAbs=0.000e+00  meanAbs=0.000e+00  rms=0.000e+00
[PARITY step=795] verdict: {kernel-math-correct}
[PARITY step=796] M=14000 S=11 resident dispatch 4.554 ms
[PARITY step=796] boundSegId: mismatches=0 (hostHit+devMiss=0  hostMiss+devHit=0  bothDifferent=0  firstMotor=-1)
[PARITY step=796] arcOnFilDev (matched-seg only): matched=0  maxAbs=0.000e+00  meanAbs=0.000e+00  rms=0.000e+00
[PARITY step=796] verdict: {kernel-math-correct}
[PARITY step=797] M=14000 S=11 resident dispatch 4.552 ms
[PARITY step=797] boundSegId: mismatches=0 (hostHit+devMiss=0  hostMiss+devHit=0  bothDifferent=0  firstMotor=-1)
[PARITY step=797] arcOnFilDev (matched-seg only): matched=0  maxAbs=0.000e+00  meanAbs=0.000e+00  rms=0.000e+00
[PARITY step=797] verdict: {kernel-math-correct}
[PARITY step=798] M=14000 S=11 resident dispatch 4.530 ms
[PARITY step=798] boundSegId: mismatches=0 (hostHit+devMiss=0  hostMiss+devHit=0  bothDifferent=0  firstMotor=-1)
[PARITY step=798] arcOnFilDev (matched-seg only): matched=0  maxAbs=0.000e+00  meanAbs=0.000e+00  rms=0.000e+00
[PARITY step=798] verdict: {kernel-math-correct}
[PARITY step=799] M=14000 S=11 resident dispatch 4.570 ms
[PARITY step=799] boundSegId: mismatches=0 (hostHit+devMiss=0  hostMiss+devHit=0  bothDifferent=0  firstMotor=-1)
[PARITY step=799] arcOnFilDev (matched-seg only): matched=0  maxAbs=0.000e+00  meanAbs=0.000e+00  rms=0.000e+00
[PARITY step=799] verdict: {kernel-math-correct}
[PARITY step=800] M=14000 S=11 resident dispatch 4.530 ms
[PARITY step=800] boundSegId: mismatches=0 (hostHit+devMiss=0  hostMiss+devHit=0  bothDifferent=0  firstMotor=-1)
[PARITY step=800] arcOnFilDev (matched-seg only): matched=0  maxAbs=0.000e+00  meanAbs=0.000e+00  rms=0.000e+00
[PARITY step=800] verdict: {kernel-math-correct}
[PARITY step=801] M=14000 S=11 resident dispatch 5.143 ms
[PARITY step=801] boundSegId: mismatches=0 (hostHit+devMiss=0  hostMiss+devHit=0  bothDifferent=0  firstMotor=-1)
[PARITY step=801] arcOnFilDev (matched-seg only): matched=0  maxAbs=0.000e+00  meanAbs=0.000e+00  rms=0.000e+00
[PARITY step=801] verdict: {kernel-math-correct}
[PARITY step=802] M=14000 S=11 resident dispatch 4.686 ms
[PARITY step=802] boundSegId: mismatches=0 (hostHit+devMiss=0  hostMiss+devHit=0  bothDifferent=0  firstMotor=-1)
[PARITY step=802] arcOnFilDev (matched-seg only): matched=0  maxAbs=0.000e+00  meanAbs=0.000e+00  rms=0.000e+00
[PARITY step=802] verdict: {kernel-math-correct}
[PARITY step=803] M=14000 S=11 resident dispatch 4.629 ms
[PARITY step=803] boundSegId: mismatches=0 (hostHit+devMiss=0  hostMiss+devHit=0  bothDifferent=0  firstMotor=-1)
[PARITY step=803] arcOnFilDev (matched-seg only): matched=0  maxAbs=0.000e+00  meanAbs=0.000e+00  rms=0.000e+00
[PARITY step=803] verdict: {kernel-math-correct}
[PARITY step=804] M=14000 S=11 resident dispatch 4.894 ms
[PARITY step=804] boundSegId: mismatches=0 (hostHit+devMiss=0  hostMiss+devHit=0  bothDifferent=0  firstMotor=-1)
[PARITY step=804] arcOnFilDev (matched-seg only): matched=0  maxAbs=0.000e+00  meanAbs=0.000e+00  rms=0.000e+00
[PARITY step=804] verdict: {kernel-math-correct}
[PARITY step=805] M=14000 S=11 resident dispatch 4.701 ms
[PARITY step=805] boundSegId: mismatches=0 (hostHit+devMiss=0  hostMiss+devHit=0  bothDifferent=0  firstMotor=-1)
[PARITY step=805] arcOnFilDev (matched-seg only): matched=1  maxAbs=0.000e+00  meanAbs=0.000e+00  rms=0.000e+00
[PARITY step=805] verdict: {kernel-math-correct}
[PARITY step=806] M=14000 S=11 resident dispatch 4.543 ms
[PARITY step=806] boundSegId: mismatches=0 (hostHit+devMiss=0  hostMiss+devHit=0  bothDifferent=0  firstMotor=-1)
[PARITY step=806] arcOnFilDev (matched-seg only): matched=1  maxAbs=1.863e-09  meanAbs=1.863e-09  rms=1.863e-09
[PARITY step=806] verdict: {kernel-math-correct}
[PARITY step=807] M=14000 S=11 resident dispatch 4.524 ms
[PARITY step=807] boundSegId: mismatches=0 (hostHit+devMiss=0  hostMiss+devHit=0  bothDifferent=0  firstMotor=-1)
[PARITY step=807] arcOnFilDev (matched-seg only): matched=0  maxAbs=0.000e+00  meanAbs=0.000e+00  rms=0.000e+00
[PARITY step=807] verdict: {kernel-math-correct}
[PARITY step=808] M=14000 S=11 resident dispatch 4.635 ms
[PARITY step=808] boundSegId: mismatches=0 (hostHit+devMiss=0  hostMiss+devHit=0  bothDifferent=0  firstMotor=-1)
[PARITY step=808] arcOnFilDev (matched-seg only): matched=0  maxAbs=0.000e+00  meanAbs=0.000e+00  rms=0.000e+00
[PARITY step=808] verdict: {kernel-math-correct}
[PARITY step=809] M=14000 S=11 resident dispatch 5.220 ms
[PARITY step=809] boundSegId: mismatches=0 (hostHit+devMiss=0  hostMiss+devHit=0  bothDifferent=0  firstMotor=-1)
[PARITY step=809] arcOnFilDev (matched-seg only): matched=0  maxAbs=0.000e+00  meanAbs=0.000e+00  rms=0.000e+00
[PARITY step=809] verdict: {kernel-math-correct}
[PARITY step=810] M=14000 S=11 resident dispatch 5.070 ms
[PARITY step=810] boundSegId: mismatches=0 (hostHit+devMiss=0  hostMiss+devHit=0  bothDifferent=0  firstMotor=-1)
[PARITY step=810] arcOnFilDev (matched-seg only): matched=0  maxAbs=0.000e+00  meanAbs=0.000e+00  rms=0.000e+00
[PARITY step=810] verdict: {kernel-math-correct}
[PARITY step=811] M=14000 S=11 resident dispatch 4.588 ms
[PARITY step=811] boundSegId: mismatches=0 (hostHit+devMiss=0  hostMiss+devHit=0  bothDifferent=0  firstMotor=-1)
[PARITY step=811] arcOnFilDev (matched-seg only): matched=1  maxAbs=7.451e-09  meanAbs=7.451e-09  rms=7.451e-09
[PARITY step=811] verdict: {kernel-math-correct}
[PARITY step=812] M=14000 S=11 resident dispatch 4.559 ms
[PARITY step=812] boundSegId: mismatches=0 (hostHit+devMiss=0  hostMiss+devHit=0  bothDifferent=0  firstMotor=-1)
[PARITY step=812] arcOnFilDev (matched-seg only): matched=0  maxAbs=0.000e+00  meanAbs=0.000e+00  rms=0.000e+00
[PARITY step=812] verdict: {kernel-math-correct}
[PARITY step=813] M=14000 S=11 resident dispatch 4.604 ms
[PARITY step=813] boundSegId: mismatches=0 (hostHit+devMiss=0  hostMiss+devHit=0  bothDifferent=0  firstMotor=-1)
[PARITY step=813] arcOnFilDev (matched-seg only): matched=1  maxAbs=1.490e-08  meanAbs=1.490e-08  rms=1.490e-08
[PARITY step=813] verdict: {kernel-math-correct}
[PARITY step=814] M=14000 S=11 resident dispatch 4.527 ms
[PARITY step=814] boundSegId: mismatches=0 (hostHit+devMiss=0  hostMiss+devHit=0  bothDifferent=0  firstMotor=-1)
[PARITY step=814] arcOnFilDev (matched-seg only): matched=1  maxAbs=1.490e-08  meanAbs=1.490e-08  rms=1.490e-08
[PARITY step=814] verdict: {kernel-math-correct}
[PARITY step=815] M=14000 S=11 resident dispatch 4.555 ms
[PARITY step=815] boundSegId: mismatches=0 (hostHit+devMiss=0  hostMiss+devHit=0  bothDifferent=0  firstMotor=-1)
[PARITY step=815] arcOnFilDev (matched-seg only): matched=0  maxAbs=0.000e+00  meanAbs=0.000e+00  rms=0.000e+00
[PARITY step=815] verdict: {kernel-math-correct}
[PARITY step=816] M=14000 S=11 resident dispatch 4.557 ms
[PARITY step=816] boundSegId: mismatches=0 (hostHit+devMiss=0  hostMiss+devHit=0  bothDifferent=0  firstMotor=-1)
[PARITY step=816] arcOnFilDev (matched-seg only): matched=1  maxAbs=0.000e+00  meanAbs=0.000e+00  rms=0.000e+00
[PARITY step=816] verdict: {kernel-math-correct}
[PARITY step=817] M=14000 S=11 resident dispatch 4.689 ms
[PARITY step=817] boundSegId: mismatches=0 (hostHit+devMiss=0  hostMiss+devHit=0  bothDifferent=0  firstMotor=-1)
[PARITY step=817] arcOnFilDev (matched-seg only): matched=0  maxAbs=0.000e+00  meanAbs=0.000e+00  rms=0.000e+00
[PARITY step=817] verdict: {kernel-math-correct}
[PARITY step=818] M=14000 S=11 resident dispatch 4.530 ms
[PARITY step=818] boundSegId: mismatches=0 (hostHit+devMiss=0  hostMiss+devHit=0  bothDifferent=0  firstMotor=-1)
[PARITY step=818] arcOnFilDev (matched-seg only): matched=0  maxAbs=0.000e+00  meanAbs=0.000e+00  rms=0.000e+00
[PARITY step=818] verdict: {kernel-math-correct}
[PARITY step=819] M=14000 S=11 resident dispatch 4.532 ms
[PARITY step=819] boundSegId: mismatches=0 (hostHit+devMiss=0  hostMiss+devHit=0  bothDifferent=0  firstMotor=-1)
[PARITY step=819] arcOnFilDev (matched-seg only): matched=0  maxAbs=0.000e+00  meanAbs=0.000e+00  rms=0.000e+00
[PARITY step=819] verdict: {kernel-math-correct}
[PARITY step=820] M=14000 S=11 resident dispatch 4.528 ms
[PARITY step=820] boundSegId: mismatches=0 (hostHit+devMiss=0  hostMiss+devHit=0  bothDifferent=0  firstMotor=-1)
[PARITY step=820] arcOnFilDev (matched-seg only): matched=0  maxAbs=0.000e+00  meanAbs=0.000e+00  rms=0.000e+00
[PARITY step=820] verdict: {kernel-math-correct}
[PARITY step=821] M=14000 S=11 resident dispatch 4.801 ms
[PARITY step=821] boundSegId: mismatches=0 (hostHit+devMiss=0  hostMiss+devHit=0  bothDifferent=0  firstMotor=-1)
[PARITY step=821] arcOnFilDev (matched-seg only): matched=0  maxAbs=0.000e+00  meanAbs=0.000e+00  rms=0.000e+00
[PARITY step=821] verdict: {kernel-math-correct}
[PARITY step=822] M=14000 S=11 resident dispatch 4.563 ms
[PARITY step=822] boundSegId: mismatches=0 (hostHit+devMiss=0  hostMiss+devHit=0  bothDifferent=0  firstMotor=-1)
[PARITY step=822] arcOnFilDev (matched-seg only): matched=0  maxAbs=0.000e+00  meanAbs=0.000e+00  rms=0.000e+00
[PARITY step=822] verdict: {kernel-math-correct}
[PARITY step=823] M=14000 S=11 resident dispatch 4.533 ms
[PARITY step=823] boundSegId: mismatches=0 (hostHit+devMiss=0  hostMiss+devHit=0  bothDifferent=0  firstMotor=-1)
[PARITY step=823] arcOnFilDev (matched-seg only): matched=0  maxAbs=0.000e+00  meanAbs=0.000e+00  rms=0.000e+00
[PARITY step=823] verdict: {kernel-math-correct}
[PARITY step=824] M=14000 S=11 resident dispatch 4.562 ms
[PARITY step=824] boundSegId: mismatches=0 (hostHit+devMiss=0  hostMiss+devHit=0  bothDifferent=0  firstMotor=-1)
[PARITY step=824] arcOnFilDev (matched-seg only): matched=0  maxAbs=0.000e+00  meanAbs=0.000e+00  rms=0.000e+00
[PARITY step=824] verdict: {kernel-math-correct}
[PARITY step=825] M=14000 S=11 resident dispatch 4.515 ms
[PARITY step=825] boundSegId: mismatches=0 (hostHit+devMiss=0  hostMiss+devHit=0  bothDifferent=0  firstMotor=-1)
[PARITY step=825] arcOnFilDev (matched-seg only): matched=0  maxAbs=0.000e+00  meanAbs=0.000e+00  rms=0.000e+00
[PARITY step=825] verdict: {kernel-math-correct}
[PARITY step=826] M=14000 S=11 resident dispatch 4.696 ms
[PARITY step=826] boundSegId: mismatches=0 (hostHit+devMiss=0  hostMiss+devHit=0  bothDifferent=0  firstMotor=-1)
[PARITY step=826] arcOnFilDev (matched-seg only): matched=0  maxAbs=0.000e+00  meanAbs=0.000e+00  rms=0.000e+00
[PARITY step=826] verdict: {kernel-math-correct}
[PARITY step=827] M=14000 S=11 resident dispatch 5.009 ms
[PARITY step=827] boundSegId: mismatches=0 (hostHit+devMiss=0  hostMiss+devHit=0  bothDifferent=0  firstMotor=-1)
[PARITY step=827] arcOnFilDev (matched-seg only): matched=0  maxAbs=0.000e+00  meanAbs=0.000e+00  rms=0.000e+00
[PARITY step=827] verdict: {kernel-math-correct}
[PARITY step=828] M=14000 S=11 resident dispatch 4.698 ms
[PARITY step=828] boundSegId: mismatches=0 (hostHit+devMiss=0  hostMiss+devHit=0  bothDifferent=0  firstMotor=-1)
[PARITY step=828] arcOnFilDev (matched-seg only): matched=0  maxAbs=0.000e+00  meanAbs=0.000e+00  rms=0.000e+00
[PARITY step=828] verdict: {kernel-math-correct}
[PARITY step=829] M=14000 S=11 resident dispatch 4.564 ms
[PARITY step=829] boundSegId: mismatches=0 (hostHit+devMiss=0  hostMiss+devHit=0  bothDifferent=0  firstMotor=-1)
[PARITY step=829] arcOnFilDev (matched-seg only): matched=0  maxAbs=0.000e+00  meanAbs=0.000e+00  rms=0.000e+00
[PARITY step=829] verdict: {kernel-math-correct}
[PARITY step=830] M=14000 S=11 resident dispatch 4.521 ms
[PARITY step=830] boundSegId: mismatches=0 (hostHit+devMiss=0  hostMiss+devHit=0  bothDifferent=0  firstMotor=-1)
[PARITY step=830] arcOnFilDev (matched-seg only): matched=0  maxAbs=0.000e+00  meanAbs=0.000e+00  rms=0.000e+00
[PARITY step=830] verdict: {kernel-math-correct}
[PARITY step=831] M=14000 S=11 resident dispatch 4.518 ms
[PARITY step=831] boundSegId: mismatches=0 (hostHit+devMiss=0  hostMiss+devHit=0  bothDifferent=0  firstMotor=-1)
[PARITY step=831] arcOnFilDev (matched-seg only): matched=1  maxAbs=0.000e+00  meanAbs=0.000e+00  rms=0.000e+00
[PARITY step=831] verdict: {kernel-math-correct}
[PARITY step=832] M=14000 S=11 resident dispatch 4.526 ms
[PARITY step=832] boundSegId: mismatches=0 (hostHit+devMiss=0  hostMiss+devHit=0  bothDifferent=0  firstMotor=-1)
[PARITY step=832] arcOnFilDev (matched-seg only): matched=1  maxAbs=4.657e-10  meanAbs=4.657e-10  rms=4.657e-10
[PARITY step=832] verdict: {kernel-math-correct}
[PARITY step=833] M=14000 S=11 resident dispatch 4.554 ms
[PARITY step=833] boundSegId: mismatches=0 (hostHit+devMiss=0  hostMiss+devHit=0  bothDifferent=0  firstMotor=-1)
[PARITY step=833] arcOnFilDev (matched-seg only): matched=0  maxAbs=0.000e+00  meanAbs=0.000e+00  rms=0.000e+00
[PARITY step=833] verdict: {kernel-math-correct}
[PARITY step=834] M=14000 S=11 resident dispatch 4.559 ms
[PARITY step=834] boundSegId: mismatches=0 (hostHit+devMiss=0  hostMiss+devHit=0  bothDifferent=0  firstMotor=-1)
[PARITY step=834] arcOnFilDev (matched-seg only): matched=0  maxAbs=0.000e+00  meanAbs=0.000e+00  rms=0.000e+00
[PARITY step=834] verdict: {kernel-math-correct}
[PARITY step=835] M=14000 S=11 resident dispatch 4.540 ms
[PARITY step=835] boundSegId: mismatches=0 (hostHit+devMiss=0  hostMiss+devHit=0  bothDifferent=0  firstMotor=-1)
[PARITY step=835] arcOnFilDev (matched-seg only): matched=0  maxAbs=0.000e+00  meanAbs=0.000e+00  rms=0.000e+00
[PARITY step=835] verdict: {kernel-math-correct}
[PARITY step=836] M=14000 S=11 resident dispatch 4.547 ms
[PARITY step=836] boundSegId: mismatches=0 (hostHit+devMiss=0  hostMiss+devHit=0  bothDifferent=0  firstMotor=-1)
[PARITY step=836] arcOnFilDev (matched-seg only): matched=0  maxAbs=0.000e+00  meanAbs=0.000e+00  rms=0.000e+00
[PARITY step=836] verdict: {kernel-math-correct}
[PARITY step=837] M=14000 S=11 resident dispatch 4.954 ms
[PARITY step=837] boundSegId: mismatches=0 (hostHit+devMiss=0  hostMiss+devHit=0  bothDifferent=0  firstMotor=-1)
[PARITY step=837] arcOnFilDev (matched-seg only): matched=0  maxAbs=0.000e+00  meanAbs=0.000e+00  rms=0.000e+00
[PARITY step=837] verdict: {kernel-math-correct}
[PARITY step=838] M=14000 S=11 resident dispatch 4.689 ms
[PARITY step=838] boundSegId: mismatches=0 (hostHit+devMiss=0  hostMiss+devHit=0  bothDifferent=0  firstMotor=-1)
[PARITY step=838] arcOnFilDev (matched-seg only): matched=0  maxAbs=0.000e+00  meanAbs=0.000e+00  rms=0.000e+00
[PARITY step=838] verdict: {kernel-math-correct}
[PARITY step=839] M=14000 S=11 resident dispatch 4.521 ms
[PARITY step=839] boundSegId: mismatches=0 (hostHit+devMiss=0  hostMiss+devHit=0  bothDifferent=0  firstMotor=-1)
[PARITY step=839] arcOnFilDev (matched-seg only): matched=0  maxAbs=0.000e+00  meanAbs=0.000e+00  rms=0.000e+00
[PARITY step=839] verdict: {kernel-math-correct}
[PARITY step=840] M=14000 S=11 resident dispatch 4.544 ms
[PARITY step=840] boundSegId: mismatches=0 (hostHit+devMiss=0  hostMiss+devHit=0  bothDifferent=0  firstMotor=-1)
[PARITY step=840] arcOnFilDev (matched-seg only): matched=0  maxAbs=0.000e+00  meanAbs=0.000e+00  rms=0.000e+00
[PARITY step=840] verdict: {kernel-math-correct}
[PARITY step=841] M=14000 S=11 resident dispatch 4.583 ms
[PARITY step=841] boundSegId: mismatches=0 (hostHit+devMiss=0  hostMiss+devHit=0  bothDifferent=0  firstMotor=-1)
[PARITY step=841] arcOnFilDev (matched-seg only): matched=0  maxAbs=0.000e+00  meanAbs=0.000e+00  rms=0.000e+00
[PARITY step=841] verdict: {kernel-math-correct}
[PARITY step=842] M=14000 S=11 resident dispatch 4.553 ms
[PARITY step=842] boundSegId: mismatches=0 (hostHit+devMiss=0  hostMiss+devHit=0  bothDifferent=0  firstMotor=-1)
[PARITY step=842] arcOnFilDev (matched-seg only): matched=1  maxAbs=7.451e-09  meanAbs=7.451e-09  rms=7.451e-09
[PARITY step=842] verdict: {kernel-math-correct}
[PARITY step=843] M=14000 S=11 resident dispatch 4.550 ms
[PARITY step=843] boundSegId: mismatches=0 (hostHit+devMiss=0  hostMiss+devHit=0  bothDifferent=0  firstMotor=-1)
[PARITY step=843] arcOnFilDev (matched-seg only): matched=0  maxAbs=0.000e+00  meanAbs=0.000e+00  rms=0.000e+00
[PARITY step=843] verdict: {kernel-math-correct}
[PARITY step=844] M=14000 S=11 resident dispatch 4.554 ms
[PARITY step=844] boundSegId: mismatches=0 (hostHit+devMiss=0  hostMiss+devHit=0  bothDifferent=0  firstMotor=-1)
[PARITY step=844] arcOnFilDev (matched-seg only): matched=2  maxAbs=0.000e+00  meanAbs=0.000e+00  rms=0.000e+00
[PARITY step=844] verdict: {kernel-math-correct}
[PARITY step=845] M=14000 S=11 resident dispatch 4.749 ms
[PARITY step=845] boundSegId: mismatches=0 (hostHit+devMiss=0  hostMiss+devHit=0  bothDifferent=0  firstMotor=-1)
[PARITY step=845] arcOnFilDev (matched-seg only): matched=0  maxAbs=0.000e+00  meanAbs=0.000e+00  rms=0.000e+00
[PARITY step=845] verdict: {kernel-math-correct}
[PARITY step=846] M=14000 S=11 resident dispatch 4.515 ms
[PARITY step=846] boundSegId: mismatches=0 (hostHit+devMiss=0  hostMiss+devHit=0  bothDifferent=0  firstMotor=-1)
[PARITY step=846] arcOnFilDev (matched-seg only): matched=0  maxAbs=0.000e+00  meanAbs=0.000e+00  rms=0.000e+00
[PARITY step=846] verdict: {kernel-math-correct}
[PARITY step=847] M=14000 S=11 resident dispatch 4.531 ms
[PARITY step=847] boundSegId: mismatches=0 (hostHit+devMiss=0  hostMiss+devHit=0  bothDifferent=0  firstMotor=-1)
[PARITY step=847] arcOnFilDev (matched-seg only): matched=0  maxAbs=0.000e+00  meanAbs=0.000e+00  rms=0.000e+00
[PARITY step=847] verdict: {kernel-math-correct}
[PARITY step=848] M=14000 S=11 resident dispatch 4.570 ms
[PARITY step=848] boundSegId: mismatches=0 (hostHit+devMiss=0  hostMiss+devHit=0  bothDifferent=0  firstMotor=-1)
[PARITY step=848] arcOnFilDev (matched-seg only): matched=0  maxAbs=0.000e+00  meanAbs=0.000e+00  rms=0.000e+00
[PARITY step=848] verdict: {kernel-math-correct}
[PARITY step=849] M=14000 S=11 resident dispatch 4.527 ms
[PARITY step=849] boundSegId: mismatches=0 (hostHit+devMiss=0  hostMiss+devHit=0  bothDifferent=0  firstMotor=-1)
[PARITY step=849] arcOnFilDev (matched-seg only): matched=0  maxAbs=0.000e+00  meanAbs=0.000e+00  rms=0.000e+00
[PARITY step=849] verdict: {kernel-math-correct}
[PARITY step=850] M=14000 S=11 resident dispatch 5.136 ms
[PARITY step=850] boundSegId: mismatches=0 (hostHit+devMiss=0  hostMiss+devHit=0  bothDifferent=0  firstMotor=-1)
[PARITY step=850] arcOnFilDev (matched-seg only): matched=0  maxAbs=0.000e+00  meanAbs=0.000e+00  rms=0.000e+00
[PARITY step=850] verdict: {kernel-math-correct}
[PARITY step=851] M=14000 S=11 resident dispatch 4.552 ms
[PARITY step=851] boundSegId: mismatches=0 (hostHit+devMiss=0  hostMiss+devHit=0  bothDifferent=0  firstMotor=-1)
[PARITY step=851] arcOnFilDev (matched-seg only): matched=0  maxAbs=0.000e+00  meanAbs=0.000e+00  rms=0.000e+00
[PARITY step=851] verdict: {kernel-math-correct}
[PARITY step=852] M=14000 S=11 resident dispatch 4.541 ms
[PARITY step=852] boundSegId: mismatches=0 (hostHit+devMiss=0  hostMiss+devHit=0  bothDifferent=0  firstMotor=-1)
[PARITY step=852] arcOnFilDev (matched-seg only): matched=0  maxAbs=0.000e+00  meanAbs=0.000e+00  rms=0.000e+00
[PARITY step=852] verdict: {kernel-math-correct}
[PARITY step=853] M=14000 S=11 resident dispatch 4.522 ms
[PARITY step=853] boundSegId: mismatches=0 (hostHit+devMiss=0  hostMiss+devHit=0  bothDifferent=0  firstMotor=-1)
[PARITY step=853] arcOnFilDev (matched-seg only): matched=0  maxAbs=0.000e+00  meanAbs=0.000e+00  rms=0.000e+00
[PARITY step=853] verdict: {kernel-math-correct}
[PARITY step=854] M=14000 S=11 resident dispatch 4.517 ms
[PARITY step=854] boundSegId: mismatches=0 (hostHit+devMiss=0  hostMiss+devHit=0  bothDifferent=0  firstMotor=-1)
[PARITY step=854] arcOnFilDev (matched-seg only): matched=0  maxAbs=0.000e+00  meanAbs=0.000e+00  rms=0.000e+00
[PARITY step=854] verdict: {kernel-math-correct}
[PARITY step=855] M=14000 S=11 resident dispatch 4.553 ms
[PARITY step=855] boundSegId: mismatches=0 (hostHit+devMiss=0  hostMiss+devHit=0  bothDifferent=0  firstMotor=-1)
[PARITY step=855] arcOnFilDev (matched-seg only): matched=0  maxAbs=0.000e+00  meanAbs=0.000e+00  rms=0.000e+00
[PARITY step=855] verdict: {kernel-math-correct}
[PARITY step=856] M=14000 S=11 resident dispatch 4.527 ms
[PARITY step=856] boundSegId: mismatches=0 (hostHit+devMiss=0  hostMiss+devHit=0  bothDifferent=0  firstMotor=-1)
[PARITY step=856] arcOnFilDev (matched-seg only): matched=0  maxAbs=0.000e+00  meanAbs=0.000e+00  rms=0.000e+00
[PARITY step=856] verdict: {kernel-math-correct}
[PARITY step=857] M=14000 S=11 resident dispatch 4.586 ms
[PARITY step=857] boundSegId: mismatches=0 (hostHit+devMiss=0  hostMiss+devHit=0  bothDifferent=0  firstMotor=-1)
[PARITY step=857] arcOnFilDev (matched-seg only): matched=0  maxAbs=0.000e+00  meanAbs=0.000e+00  rms=0.000e+00
[PARITY step=857] verdict: {kernel-math-correct}
[PARITY step=858] M=14000 S=11 resident dispatch 4.534 ms
[PARITY step=858] boundSegId: mismatches=0 (hostHit+devMiss=0  hostMiss+devHit=0  bothDifferent=0  firstMotor=-1)
[PARITY step=858] arcOnFilDev (matched-seg only): matched=1  maxAbs=0.000e+00  meanAbs=0.000e+00  rms=0.000e+00
[PARITY step=858] verdict: {kernel-math-correct}
[PARITY step=859] M=14000 S=11 resident dispatch 4.631 ms
[PARITY step=859] boundSegId: mismatches=0 (hostHit+devMiss=0  hostMiss+devHit=0  bothDifferent=0  firstMotor=-1)
[PARITY step=859] arcOnFilDev (matched-seg only): matched=0  maxAbs=0.000e+00  meanAbs=0.000e+00  rms=0.000e+00
[PARITY step=859] verdict: {kernel-math-correct}
[PARITY step=860] M=14000 S=11 resident dispatch 4.645 ms
[PARITY step=860] boundSegId: mismatches=0 (hostHit+devMiss=0  hostMiss+devHit=0  bothDifferent=0  firstMotor=-1)
[PARITY step=860] arcOnFilDev (matched-seg only): matched=0  maxAbs=0.000e+00  meanAbs=0.000e+00  rms=0.000e+00
[PARITY step=860] verdict: {kernel-math-correct}
[PARITY step=861] M=14000 S=11 resident dispatch 4.544 ms
[PARITY step=861] boundSegId: mismatches=0 (hostHit+devMiss=0  hostMiss+devHit=0  bothDifferent=0  firstMotor=-1)
[PARITY step=861] arcOnFilDev (matched-seg only): matched=0  maxAbs=0.000e+00  meanAbs=0.000e+00  rms=0.000e+00
[PARITY step=861] verdict: {kernel-math-correct}
[PARITY step=862] M=14000 S=11 resident dispatch 4.523 ms
[PARITY step=862] boundSegId: mismatches=0 (hostHit+devMiss=0  hostMiss+devHit=0  bothDifferent=0  firstMotor=-1)
[PARITY step=862] arcOnFilDev (matched-seg only): matched=0  maxAbs=0.000e+00  meanAbs=0.000e+00  rms=0.000e+00
[PARITY step=862] verdict: {kernel-math-correct}
[PARITY step=863] M=14000 S=11 resident dispatch 4.517 ms
[PARITY step=863] boundSegId: mismatches=0 (hostHit+devMiss=0  hostMiss+devHit=0  bothDifferent=0  firstMotor=-1)
[PARITY step=863] arcOnFilDev (matched-seg only): matched=0  maxAbs=0.000e+00  meanAbs=0.000e+00  rms=0.000e+00
[PARITY step=863] verdict: {kernel-math-correct}
[PARITY step=864] M=14000 S=11 resident dispatch 4.594 ms
[PARITY step=864] boundSegId: mismatches=0 (hostHit+devMiss=0  hostMiss+devHit=0  bothDifferent=0  firstMotor=-1)
[PARITY step=864] arcOnFilDev (matched-seg only): matched=2  maxAbs=2.235e-08  meanAbs=1.863e-08  rms=1.900e-08
[PARITY step=864] verdict: {kernel-math-correct}
[PARITY step=865] M=14000 S=11 resident dispatch 4.643 ms
[PARITY step=865] boundSegId: mismatches=0 (hostHit+devMiss=0  hostMiss+devHit=0  bothDifferent=0  firstMotor=-1)
[PARITY step=865] arcOnFilDev (matched-seg only): matched=2  maxAbs=2.235e-08  meanAbs=1.863e-08  rms=1.900e-08
[PARITY step=865] verdict: {kernel-math-correct}
[PARITY step=866] M=14000 S=11 resident dispatch 4.533 ms
[PARITY step=866] boundSegId: mismatches=0 (hostHit+devMiss=0  hostMiss+devHit=0  bothDifferent=0  firstMotor=-1)
[PARITY step=866] arcOnFilDev (matched-seg only): matched=0  maxAbs=0.000e+00  meanAbs=0.000e+00  rms=0.000e+00
[PARITY step=866] verdict: {kernel-math-correct}
[PARITY step=867] M=14000 S=11 resident dispatch 4.752 ms
[PARITY step=867] boundSegId: mismatches=0 (hostHit+devMiss=0  hostMiss+devHit=0  bothDifferent=0  firstMotor=-1)
[PARITY step=867] arcOnFilDev (matched-seg only): matched=0  maxAbs=0.000e+00  meanAbs=0.000e+00  rms=0.000e+00
[PARITY step=867] verdict: {kernel-math-correct}
[PARITY step=868] M=14000 S=11 resident dispatch 4.529 ms
[PARITY step=868] boundSegId: mismatches=0 (hostHit+devMiss=0  hostMiss+devHit=0  bothDifferent=0  firstMotor=-1)
[PARITY step=868] arcOnFilDev (matched-seg only): matched=0  maxAbs=0.000e+00  meanAbs=0.000e+00  rms=0.000e+00
[PARITY step=868] verdict: {kernel-math-correct}
[PARITY step=869] M=14000 S=11 resident dispatch 4.529 ms
[PARITY step=869] boundSegId: mismatches=0 (hostHit+devMiss=0  hostMiss+devHit=0  bothDifferent=0  firstMotor=-1)
[PARITY step=869] arcOnFilDev (matched-seg only): matched=0  maxAbs=0.000e+00  meanAbs=0.000e+00  rms=0.000e+00
[PARITY step=869] verdict: {kernel-math-correct}
[PARITY step=870] M=14000 S=11 resident dispatch 4.560 ms
[PARITY step=870] boundSegId: mismatches=0 (hostHit+devMiss=0  hostMiss+devHit=0  bothDifferent=0  firstMotor=-1)
[PARITY step=870] arcOnFilDev (matched-seg only): matched=1  maxAbs=7.451e-09  meanAbs=7.451e-09  rms=7.451e-09
[PARITY step=870] verdict: {kernel-math-correct}
[PARITY step=871] M=14000 S=11 resident dispatch 4.538 ms
[PARITY step=871] boundSegId: mismatches=0 (hostHit+devMiss=0  hostMiss+devHit=0  bothDifferent=0  firstMotor=-1)
[PARITY step=871] arcOnFilDev (matched-seg only): matched=0  maxAbs=0.000e+00  meanAbs=0.000e+00  rms=0.000e+00
[PARITY step=871] verdict: {kernel-math-correct}
[PARITY step=872] M=14000 S=11 resident dispatch 4.531 ms
[PARITY step=872] boundSegId: mismatches=0 (hostHit+devMiss=0  hostMiss+devHit=0  bothDifferent=0  firstMotor=-1)
[PARITY step=872] arcOnFilDev (matched-seg only): matched=0  maxAbs=0.000e+00  meanAbs=0.000e+00  rms=0.000e+00
[PARITY step=872] verdict: {kernel-math-correct}
[PARITY step=873] M=14000 S=11 resident dispatch 4.640 ms
[PARITY step=873] boundSegId: mismatches=0 (hostHit+devMiss=0  hostMiss+devHit=0  bothDifferent=0  firstMotor=-1)
[PARITY step=873] arcOnFilDev (matched-seg only): matched=1  maxAbs=1.490e-08  meanAbs=1.490e-08  rms=1.490e-08
[PARITY step=873] verdict: {kernel-math-correct}
[PARITY step=874] M=14000 S=11 resident dispatch 4.544 ms
[PARITY step=874] boundSegId: mismatches=0 (hostHit+devMiss=0  hostMiss+devHit=0  bothDifferent=0  firstMotor=-1)
[PARITY step=874] arcOnFilDev (matched-seg only): matched=0  maxAbs=0.000e+00  meanAbs=0.000e+00  rms=0.000e+00
[PARITY step=874] verdict: {kernel-math-correct}
[PARITY step=875] M=14000 S=11 resident dispatch 4.586 ms
[PARITY step=875] boundSegId: mismatches=0 (hostHit+devMiss=0  hostMiss+devHit=0  bothDifferent=0  firstMotor=-1)
[PARITY step=875] arcOnFilDev (matched-seg only): matched=0  maxAbs=0.000e+00  meanAbs=0.000e+00  rms=0.000e+00
[PARITY step=875] verdict: {kernel-math-correct}
[PARITY step=876] M=14000 S=11 resident dispatch 4.914 ms
[PARITY step=876] boundSegId: mismatches=0 (hostHit+devMiss=0  hostMiss+devHit=0  bothDifferent=0  firstMotor=-1)
[PARITY step=876] arcOnFilDev (matched-seg only): matched=0  maxAbs=0.000e+00  meanAbs=0.000e+00  rms=0.000e+00
[PARITY step=876] verdict: {kernel-math-correct}
[PARITY step=877] M=14000 S=11 resident dispatch 4.951 ms
[PARITY step=877] boundSegId: mismatches=0 (hostHit+devMiss=0  hostMiss+devHit=0  bothDifferent=0  firstMotor=-1)
[PARITY step=877] arcOnFilDev (matched-seg only): matched=0  maxAbs=0.000e+00  meanAbs=0.000e+00  rms=0.000e+00
[PARITY step=877] verdict: {kernel-math-correct}
[PARITY step=878] M=14000 S=11 resident dispatch 4.538 ms
[PARITY step=878] boundSegId: mismatches=0 (hostHit+devMiss=0  hostMiss+devHit=0  bothDifferent=0  firstMotor=-1)
[PARITY step=878] arcOnFilDev (matched-seg only): matched=0  maxAbs=0.000e+00  meanAbs=0.000e+00  rms=0.000e+00
[PARITY step=878] verdict: {kernel-math-correct}
[PARITY step=879] M=14000 S=11 resident dispatch 5.175 ms
[PARITY step=879] boundSegId: mismatches=0 (hostHit+devMiss=0  hostMiss+devHit=0  bothDifferent=0  firstMotor=-1)
[PARITY step=879] arcOnFilDev (matched-seg only): matched=0  maxAbs=0.000e+00  meanAbs=0.000e+00  rms=0.000e+00
[PARITY step=879] verdict: {kernel-math-correct}
[PARITY step=880] M=14000 S=11 resident dispatch 4.610 ms
[PARITY step=880] boundSegId: mismatches=0 (hostHit+devMiss=0  hostMiss+devHit=0  bothDifferent=0  firstMotor=-1)
[PARITY step=880] arcOnFilDev (matched-seg only): matched=0  maxAbs=0.000e+00  meanAbs=0.000e+00  rms=0.000e+00
[PARITY step=880] verdict: {kernel-math-correct}
[PARITY step=881] M=14000 S=11 resident dispatch 4.550 ms
[PARITY step=881] boundSegId: mismatches=0 (hostHit+devMiss=0  hostMiss+devHit=0  bothDifferent=0  firstMotor=-1)
[PARITY step=881] arcOnFilDev (matched-seg only): matched=0  maxAbs=0.000e+00  meanAbs=0.000e+00  rms=0.000e+00
[PARITY step=881] verdict: {kernel-math-correct}
[PARITY step=882] M=14000 S=11 resident dispatch 4.532 ms
[PARITY step=882] boundSegId: mismatches=0 (hostHit+devMiss=0  hostMiss+devHit=0  bothDifferent=0  firstMotor=-1)
[PARITY step=882] arcOnFilDev (matched-seg only): matched=0  maxAbs=0.000e+00  meanAbs=0.000e+00  rms=0.000e+00
[PARITY step=882] verdict: {kernel-math-correct}
[PARITY step=883] M=14000 S=11 resident dispatch 4.535 ms
[PARITY step=883] boundSegId: mismatches=0 (hostHit+devMiss=0  hostMiss+devHit=0  bothDifferent=0  firstMotor=-1)
[PARITY step=883] arcOnFilDev (matched-seg only): matched=0  maxAbs=0.000e+00  meanAbs=0.000e+00  rms=0.000e+00
[PARITY step=883] verdict: {kernel-math-correct}
[PARITY step=884] M=14000 S=11 resident dispatch 4.531 ms
[PARITY step=884] boundSegId: mismatches=0 (hostHit+devMiss=0  hostMiss+devHit=0  bothDifferent=0  firstMotor=-1)
[PARITY step=884] arcOnFilDev (matched-seg only): matched=0  maxAbs=0.000e+00  meanAbs=0.000e+00  rms=0.000e+00
[PARITY step=884] verdict: {kernel-math-correct}
[PARITY step=885] M=14000 S=11 resident dispatch 4.741 ms
[PARITY step=885] boundSegId: mismatches=0 (hostHit+devMiss=0  hostMiss+devHit=0  bothDifferent=0  firstMotor=-1)
[PARITY step=885] arcOnFilDev (matched-seg only): matched=0  maxAbs=0.000e+00  meanAbs=0.000e+00  rms=0.000e+00
[PARITY step=885] verdict: {kernel-math-correct}
[PARITY step=886] M=14000 S=11 resident dispatch 4.814 ms
[PARITY step=886] boundSegId: mismatches=0 (hostHit+devMiss=0  hostMiss+devHit=0  bothDifferent=0  firstMotor=-1)
[PARITY step=886] arcOnFilDev (matched-seg only): matched=0  maxAbs=0.000e+00  meanAbs=0.000e+00  rms=0.000e+00
[PARITY step=886] verdict: {kernel-math-correct}
[PARITY step=887] M=14000 S=11 resident dispatch 4.583 ms
[PARITY step=887] boundSegId: mismatches=0 (hostHit+devMiss=0  hostMiss+devHit=0  bothDifferent=0  firstMotor=-1)
[PARITY step=887] arcOnFilDev (matched-seg only): matched=0  maxAbs=0.000e+00  meanAbs=0.000e+00  rms=0.000e+00
[PARITY step=887] verdict: {kernel-math-correct}
[PARITY step=888] M=14000 S=11 resident dispatch 4.524 ms
[PARITY step=888] boundSegId: mismatches=0 (hostHit+devMiss=0  hostMiss+devHit=0  bothDifferent=0  firstMotor=-1)
[PARITY step=888] arcOnFilDev (matched-seg only): matched=0  maxAbs=0.000e+00  meanAbs=0.000e+00  rms=0.000e+00
[PARITY step=888] verdict: {kernel-math-correct}
[PARITY step=889] M=14000 S=11 resident dispatch 4.904 ms
[PARITY step=889] boundSegId: mismatches=0 (hostHit+devMiss=0  hostMiss+devHit=0  bothDifferent=0  firstMotor=-1)
[PARITY step=889] arcOnFilDev (matched-seg only): matched=0  maxAbs=0.000e+00  meanAbs=0.000e+00  rms=0.000e+00
[PARITY step=889] verdict: {kernel-math-correct}
[PARITY step=890] M=14000 S=11 resident dispatch 4.615 ms
[PARITY step=890] boundSegId: mismatches=0 (hostHit+devMiss=0  hostMiss+devHit=0  bothDifferent=0  firstMotor=-1)
[PARITY step=890] arcOnFilDev (matched-seg only): matched=0  maxAbs=0.000e+00  meanAbs=0.000e+00  rms=0.000e+00
[PARITY step=890] verdict: {kernel-math-correct}
[PARITY step=891] M=14000 S=11 resident dispatch 4.538 ms
[PARITY step=891] boundSegId: mismatches=0 (hostHit+devMiss=0  hostMiss+devHit=0  bothDifferent=0  firstMotor=-1)
[PARITY step=891] arcOnFilDev (matched-seg only): matched=0  maxAbs=0.000e+00  meanAbs=0.000e+00  rms=0.000e+00
[PARITY step=891] verdict: {kernel-math-correct}
[PARITY step=892] M=14000 S=11 resident dispatch 4.691 ms
[PARITY step=892] boundSegId: mismatches=0 (hostHit+devMiss=0  hostMiss+devHit=0  bothDifferent=0  firstMotor=-1)
[PARITY step=892] arcOnFilDev (matched-seg only): matched=0  maxAbs=0.000e+00  meanAbs=0.000e+00  rms=0.000e+00
[PARITY step=892] verdict: {kernel-math-correct}
[PARITY step=893] M=14000 S=11 resident dispatch 4.535 ms
[PARITY step=893] boundSegId: mismatches=0 (hostHit+devMiss=0  hostMiss+devHit=0  bothDifferent=0  firstMotor=-1)
[PARITY step=893] arcOnFilDev (matched-seg only): matched=0  maxAbs=0.000e+00  meanAbs=0.000e+00  rms=0.000e+00
[PARITY step=893] verdict: {kernel-math-correct}
[PARITY step=894] M=14000 S=11 resident dispatch 4.679 ms
[PARITY step=894] boundSegId: mismatches=0 (hostHit+devMiss=0  hostMiss+devHit=0  bothDifferent=0  firstMotor=-1)
[PARITY step=894] arcOnFilDev (matched-seg only): matched=1  maxAbs=1.863e-09  meanAbs=1.863e-09  rms=1.863e-09
[PARITY step=894] verdict: {kernel-math-correct}
[PARITY step=895] M=14000 S=11 resident dispatch 4.521 ms
[PARITY step=895] boundSegId: mismatches=0 (hostHit+devMiss=0  hostMiss+devHit=0  bothDifferent=0  firstMotor=-1)
[PARITY step=895] arcOnFilDev (matched-seg only): matched=0  maxAbs=0.000e+00  meanAbs=0.000e+00  rms=0.000e+00
[PARITY step=895] verdict: {kernel-math-correct}
[PARITY step=896] M=14000 S=11 resident dispatch 4.535 ms
[PARITY step=896] boundSegId: mismatches=0 (hostHit+devMiss=0  hostMiss+devHit=0  bothDifferent=0  firstMotor=-1)
[PARITY step=896] arcOnFilDev (matched-seg only): matched=0  maxAbs=0.000e+00  meanAbs=0.000e+00  rms=0.000e+00
[PARITY step=896] verdict: {kernel-math-correct}
[PARITY step=897] M=14000 S=11 resident dispatch 4.570 ms
[PARITY step=897] boundSegId: mismatches=0 (hostHit+devMiss=0  hostMiss+devHit=0  bothDifferent=0  firstMotor=-1)
[PARITY step=897] arcOnFilDev (matched-seg only): matched=0  maxAbs=0.000e+00  meanAbs=0.000e+00  rms=0.000e+00
[PARITY step=897] verdict: {kernel-math-correct}
[PARITY step=898] M=14000 S=11 resident dispatch 4.519 ms
[PARITY step=898] boundSegId: mismatches=0 (hostHit+devMiss=0  hostMiss+devHit=0  bothDifferent=0  firstMotor=-1)
[PARITY step=898] arcOnFilDev (matched-seg only): matched=0  maxAbs=0.000e+00  meanAbs=0.000e+00  rms=0.000e+00
[PARITY step=898] verdict: {kernel-math-correct}
[PARITY step=899] M=14000 S=11 resident dispatch 4.508 ms
[PARITY step=899] boundSegId: mismatches=0 (hostHit+devMiss=0  hostMiss+devHit=0  bothDifferent=0  firstMotor=-1)
[PARITY step=899] arcOnFilDev (matched-seg only): matched=0  maxAbs=0.000e+00  meanAbs=0.000e+00  rms=0.000e+00
[PARITY step=899] verdict: {kernel-math-correct}
[PARITY step=900] M=14000 S=11 resident dispatch 4.581 ms
[PARITY step=900] boundSegId: mismatches=0 (hostHit+devMiss=0  hostMiss+devHit=0  bothDifferent=0  firstMotor=-1)
[PARITY step=900] arcOnFilDev (matched-seg only): matched=0  maxAbs=0.000e+00  meanAbs=0.000e+00  rms=0.000e+00
[PARITY step=900] verdict: {kernel-math-correct}
[PARITY step=901] M=14000 S=11 resident dispatch 5.181 ms
[PARITY step=901] boundSegId: mismatches=0 (hostHit+devMiss=0  hostMiss+devHit=0  bothDifferent=0  firstMotor=-1)
[PARITY step=901] arcOnFilDev (matched-seg only): matched=0  maxAbs=0.000e+00  meanAbs=0.000e+00  rms=0.000e+00
[PARITY step=901] verdict: {kernel-math-correct}
[PARITY step=902] M=14000 S=11 resident dispatch 4.734 ms
[PARITY step=902] boundSegId: mismatches=0 (hostHit+devMiss=0  hostMiss+devHit=0  bothDifferent=0  firstMotor=-1)
[PARITY step=902] arcOnFilDev (matched-seg only): matched=0  maxAbs=0.000e+00  meanAbs=0.000e+00  rms=0.000e+00
[PARITY step=902] verdict: {kernel-math-correct}
[PARITY step=903] M=14000 S=11 resident dispatch 4.511 ms
[PARITY step=903] boundSegId: mismatches=0 (hostHit+devMiss=0  hostMiss+devHit=0  bothDifferent=0  firstMotor=-1)
[PARITY step=903] arcOnFilDev (matched-seg only): matched=0  maxAbs=0.000e+00  meanAbs=0.000e+00  rms=0.000e+00
[PARITY step=903] verdict: {kernel-math-correct}
[PARITY step=904] M=14000 S=11 resident dispatch 4.566 ms
[PARITY step=904] boundSegId: mismatches=0 (hostHit+devMiss=0  hostMiss+devHit=0  bothDifferent=0  firstMotor=-1)
[PARITY step=904] arcOnFilDev (matched-seg only): matched=0  maxAbs=0.000e+00  meanAbs=0.000e+00  rms=0.000e+00
[PARITY step=904] verdict: {kernel-math-correct}
[PARITY step=905] M=14000 S=11 resident dispatch 4.538 ms
[PARITY step=905] boundSegId: mismatches=0 (hostHit+devMiss=0  hostMiss+devHit=0  bothDifferent=0  firstMotor=-1)
[PARITY step=905] arcOnFilDev (matched-seg only): matched=0  maxAbs=0.000e+00  meanAbs=0.000e+00  rms=0.000e+00
[PARITY step=905] verdict: {kernel-math-correct}
[PARITY step=906] M=14000 S=11 resident dispatch 4.920 ms
[PARITY step=906] boundSegId: mismatches=0 (hostHit+devMiss=0  hostMiss+devHit=0  bothDifferent=0  firstMotor=-1)
[PARITY step=906] arcOnFilDev (matched-seg only): matched=0  maxAbs=0.000e+00  meanAbs=0.000e+00  rms=0.000e+00
[PARITY step=906] verdict: {kernel-math-correct}
[PARITY step=907] M=14000 S=11 resident dispatch 4.514 ms
[PARITY step=907] boundSegId: mismatches=0 (hostHit+devMiss=0  hostMiss+devHit=0  bothDifferent=0  firstMotor=-1)
[PARITY step=907] arcOnFilDev (matched-seg only): matched=0  maxAbs=0.000e+00  meanAbs=0.000e+00  rms=0.000e+00
[PARITY step=907] verdict: {kernel-math-correct}
[PARITY step=908] M=14000 S=11 resident dispatch 4.559 ms
[PARITY step=908] boundSegId: mismatches=0 (hostHit+devMiss=0  hostMiss+devHit=0  bothDifferent=0  firstMotor=-1)
[PARITY step=908] arcOnFilDev (matched-seg only): matched=0  maxAbs=0.000e+00  meanAbs=0.000e+00  rms=0.000e+00
[PARITY step=908] verdict: {kernel-math-correct}
[PARITY step=909] M=14000 S=11 resident dispatch 4.545 ms
[PARITY step=909] boundSegId: mismatches=0 (hostHit+devMiss=0  hostMiss+devHit=0  bothDifferent=0  firstMotor=-1)
[PARITY step=909] arcOnFilDev (matched-seg only): matched=0  maxAbs=0.000e+00  meanAbs=0.000e+00  rms=0.000e+00
[PARITY step=909] verdict: {kernel-math-correct}
[PARITY step=910] M=14000 S=11 resident dispatch 4.538 ms
[PARITY step=910] boundSegId: mismatches=0 (hostHit+devMiss=0  hostMiss+devHit=0  bothDifferent=0  firstMotor=-1)
[PARITY step=910] arcOnFilDev (matched-seg only): matched=0  maxAbs=0.000e+00  meanAbs=0.000e+00  rms=0.000e+00
[PARITY step=910] verdict: {kernel-math-correct}
[PARITY step=911] M=14000 S=11 resident dispatch 4.514 ms
[PARITY step=911] boundSegId: mismatches=0 (hostHit+devMiss=0  hostMiss+devHit=0  bothDifferent=0  firstMotor=-1)
[PARITY step=911] arcOnFilDev (matched-seg only): matched=0  maxAbs=0.000e+00  meanAbs=0.000e+00  rms=0.000e+00
[PARITY step=911] verdict: {kernel-math-correct}
[PARITY step=912] M=14000 S=11 resident dispatch 4.553 ms
[PARITY step=912] boundSegId: mismatches=0 (hostHit+devMiss=0  hostMiss+devHit=0  bothDifferent=0  firstMotor=-1)
[PARITY step=912] arcOnFilDev (matched-seg only): matched=0  maxAbs=0.000e+00  meanAbs=0.000e+00  rms=0.000e+00
[PARITY step=912] verdict: {kernel-math-correct}
[PARITY step=913] M=14000 S=11 resident dispatch 4.594 ms
[PARITY step=913] boundSegId: mismatches=0 (hostHit+devMiss=0  hostMiss+devHit=0  bothDifferent=0  firstMotor=-1)
[PARITY step=913] arcOnFilDev (matched-seg only): matched=0  maxAbs=0.000e+00  meanAbs=0.000e+00  rms=0.000e+00
[PARITY step=913] verdict: {kernel-math-correct}
[PARITY step=914] M=14000 S=11 resident dispatch 4.580 ms
[PARITY step=914] boundSegId: mismatches=0 (hostHit+devMiss=0  hostMiss+devHit=0  bothDifferent=0  firstMotor=-1)
[PARITY step=914] arcOnFilDev (matched-seg only): matched=0  maxAbs=0.000e+00  meanAbs=0.000e+00  rms=0.000e+00
[PARITY step=914] verdict: {kernel-math-correct}
[PARITY step=915] M=14000 S=11 resident dispatch 4.519 ms
[PARITY step=915] boundSegId: mismatches=0 (hostHit+devMiss=0  hostMiss+devHit=0  bothDifferent=0  firstMotor=-1)
[PARITY step=915] arcOnFilDev (matched-seg only): matched=0  maxAbs=0.000e+00  meanAbs=0.000e+00  rms=0.000e+00
[PARITY step=915] verdict: {kernel-math-correct}
[PARITY step=916] M=14000 S=11 resident dispatch 4.664 ms
[PARITY step=916] boundSegId: mismatches=0 (hostHit+devMiss=0  hostMiss+devHit=0  bothDifferent=0  firstMotor=-1)
[PARITY step=916] arcOnFilDev (matched-seg only): matched=0  maxAbs=0.000e+00  meanAbs=0.000e+00  rms=0.000e+00
[PARITY step=916] verdict: {kernel-math-correct}
[PARITY step=917] M=14000 S=11 resident dispatch 4.927 ms
[PARITY step=917] boundSegId: mismatches=0 (hostHit+devMiss=0  hostMiss+devHit=0  bothDifferent=0  firstMotor=-1)
[PARITY step=917] arcOnFilDev (matched-seg only): matched=0  maxAbs=0.000e+00  meanAbs=0.000e+00  rms=0.000e+00
[PARITY step=917] verdict: {kernel-math-correct}
[PARITY step=918] M=14000 S=11 resident dispatch 4.977 ms
[PARITY step=918] boundSegId: mismatches=0 (hostHit+devMiss=0  hostMiss+devHit=0  bothDifferent=0  firstMotor=-1)
[PARITY step=918] arcOnFilDev (matched-seg only): matched=0  maxAbs=0.000e+00  meanAbs=0.000e+00  rms=0.000e+00
[PARITY step=918] verdict: {kernel-math-correct}
[PARITY step=919] M=14000 S=11 resident dispatch 4.543 ms
[PARITY step=919] boundSegId: mismatches=0 (hostHit+devMiss=0  hostMiss+devHit=0  bothDifferent=0  firstMotor=-1)
[PARITY step=919] arcOnFilDev (matched-seg only): matched=0  maxAbs=0.000e+00  meanAbs=0.000e+00  rms=0.000e+00
[PARITY step=919] verdict: {kernel-math-correct}
[PARITY step=920] M=14000 S=11 resident dispatch 4.551 ms
[PARITY step=920] boundSegId: mismatches=0 (hostHit+devMiss=0  hostMiss+devHit=0  bothDifferent=0  firstMotor=-1)
[PARITY step=920] arcOnFilDev (matched-seg only): matched=0  maxAbs=0.000e+00  meanAbs=0.000e+00  rms=0.000e+00
[PARITY step=920] verdict: {kernel-math-correct}
[PARITY step=921] M=14000 S=11 resident dispatch 4.534 ms
[PARITY step=921] boundSegId: mismatches=0 (hostHit+devMiss=0  hostMiss+devHit=0  bothDifferent=0  firstMotor=-1)
[PARITY step=921] arcOnFilDev (matched-seg only): matched=0  maxAbs=0.000e+00  meanAbs=0.000e+00  rms=0.000e+00
[PARITY step=921] verdict: {kernel-math-correct}
[PARITY step=922] M=14000 S=11 resident dispatch 4.512 ms
[PARITY step=922] boundSegId: mismatches=0 (hostHit+devMiss=0  hostMiss+devHit=0  bothDifferent=0  firstMotor=-1)
[PARITY step=922] arcOnFilDev (matched-seg only): matched=0  maxAbs=0.000e+00  meanAbs=0.000e+00  rms=0.000e+00
[PARITY step=922] verdict: {kernel-math-correct}
[PARITY step=923] M=14000 S=11 resident dispatch 4.543 ms
[PARITY step=923] boundSegId: mismatches=0 (hostHit+devMiss=0  hostMiss+devHit=0  bothDifferent=0  firstMotor=-1)
[PARITY step=923] arcOnFilDev (matched-seg only): matched=0  maxAbs=0.000e+00  meanAbs=0.000e+00  rms=0.000e+00
[PARITY step=923] verdict: {kernel-math-correct}
[PARITY step=924] M=14000 S=11 resident dispatch 4.563 ms
[PARITY step=924] boundSegId: mismatches=0 (hostHit+devMiss=0  hostMiss+devHit=0  bothDifferent=0  firstMotor=-1)
[PARITY step=924] arcOnFilDev (matched-seg only): matched=0  maxAbs=0.000e+00  meanAbs=0.000e+00  rms=0.000e+00
[PARITY step=924] verdict: {kernel-math-correct}
[PARITY step=925] M=14000 S=11 resident dispatch 5.723 ms
[PARITY step=925] boundSegId: mismatches=0 (hostHit+devMiss=0  hostMiss+devHit=0  bothDifferent=0  firstMotor=-1)
[PARITY step=925] arcOnFilDev (matched-seg only): matched=0  maxAbs=0.000e+00  meanAbs=0.000e+00  rms=0.000e+00
[PARITY step=925] verdict: {kernel-math-correct}
[PARITY step=926] M=14000 S=11 resident dispatch 4.533 ms
[PARITY step=926] boundSegId: mismatches=0 (hostHit+devMiss=0  hostMiss+devHit=0  bothDifferent=0  firstMotor=-1)
[PARITY step=926] arcOnFilDev (matched-seg only): matched=0  maxAbs=0.000e+00  meanAbs=0.000e+00  rms=0.000e+00
[PARITY step=926] verdict: {kernel-math-correct}
[PARITY step=927] M=14000 S=11 resident dispatch 4.600 ms
[PARITY step=927] boundSegId: mismatches=0 (hostHit+devMiss=0  hostMiss+devHit=0  bothDifferent=0  firstMotor=-1)
[PARITY step=927] arcOnFilDev (matched-seg only): matched=0  maxAbs=0.000e+00  meanAbs=0.000e+00  rms=0.000e+00
[PARITY step=927] verdict: {kernel-math-correct}
[PARITY step=928] M=14000 S=11 resident dispatch 4.599 ms
[PARITY step=928] boundSegId: mismatches=0 (hostHit+devMiss=0  hostMiss+devHit=0  bothDifferent=0  firstMotor=-1)
[PARITY step=928] arcOnFilDev (matched-seg only): matched=0  maxAbs=0.000e+00  meanAbs=0.000e+00  rms=0.000e+00
[PARITY step=928] verdict: {kernel-math-correct}
[PARITY step=929] M=14000 S=11 resident dispatch 5.216 ms
[PARITY step=929] boundSegId: mismatches=0 (hostHit+devMiss=0  hostMiss+devHit=0  bothDifferent=0  firstMotor=-1)
[PARITY step=929] arcOnFilDev (matched-seg only): matched=0  maxAbs=0.000e+00  meanAbs=0.000e+00  rms=0.000e+00
[PARITY step=929] verdict: {kernel-math-correct}
[PARITY step=930] M=14000 S=11 resident dispatch 4.509 ms
[PARITY step=930] boundSegId: mismatches=0 (hostHit+devMiss=0  hostMiss+devHit=0  bothDifferent=0  firstMotor=-1)
[PARITY step=930] arcOnFilDev (matched-seg only): matched=0  maxAbs=0.000e+00  meanAbs=0.000e+00  rms=0.000e+00
[PARITY step=930] verdict: {kernel-math-correct}
[PARITY step=931] M=14000 S=11 resident dispatch 4.510 ms
[PARITY step=931] boundSegId: mismatches=0 (hostHit+devMiss=0  hostMiss+devHit=0  bothDifferent=0  firstMotor=-1)
[PARITY step=931] arcOnFilDev (matched-seg only): matched=0  maxAbs=0.000e+00  meanAbs=0.000e+00  rms=0.000e+00
[PARITY step=931] verdict: {kernel-math-correct}
[PARITY step=932] M=14000 S=11 resident dispatch 4.603 ms
[PARITY step=932] boundSegId: mismatches=0 (hostHit+devMiss=0  hostMiss+devHit=0  bothDifferent=0  firstMotor=-1)
[PARITY step=932] arcOnFilDev (matched-seg only): matched=0  maxAbs=0.000e+00  meanAbs=0.000e+00  rms=0.000e+00
[PARITY step=932] verdict: {kernel-math-correct}
[PARITY step=933] M=14000 S=11 resident dispatch 4.681 ms
[PARITY step=933] boundSegId: mismatches=0 (hostHit+devMiss=0  hostMiss+devHit=0  bothDifferent=0  firstMotor=-1)
[PARITY step=933] arcOnFilDev (matched-seg only): matched=0  maxAbs=0.000e+00  meanAbs=0.000e+00  rms=0.000e+00
[PARITY step=933] verdict: {kernel-math-correct}
[PARITY step=934] M=14000 S=11 resident dispatch 4.537 ms
[PARITY step=934] boundSegId: mismatches=0 (hostHit+devMiss=0  hostMiss+devHit=0  bothDifferent=0  firstMotor=-1)
[PARITY step=934] arcOnFilDev (matched-seg only): matched=0  maxAbs=0.000e+00  meanAbs=0.000e+00  rms=0.000e+00
[PARITY step=934] verdict: {kernel-math-correct}
[PARITY step=935] M=14000 S=11 resident dispatch 4.544 ms
[PARITY step=935] boundSegId: mismatches=0 (hostHit+devMiss=0  hostMiss+devHit=0  bothDifferent=0  firstMotor=-1)
[PARITY step=935] arcOnFilDev (matched-seg only): matched=0  maxAbs=0.000e+00  meanAbs=0.000e+00  rms=0.000e+00
[PARITY step=935] verdict: {kernel-math-correct}
[PARITY step=936] M=14000 S=11 resident dispatch 4.536 ms
[PARITY step=936] boundSegId: mismatches=0 (hostHit+devMiss=0  hostMiss+devHit=0  bothDifferent=0  firstMotor=-1)
[PARITY step=936] arcOnFilDev (matched-seg only): matched=0  maxAbs=0.000e+00  meanAbs=0.000e+00  rms=0.000e+00
[PARITY step=936] verdict: {kernel-math-correct}
[PARITY step=937] M=14000 S=11 resident dispatch 4.774 ms
[PARITY step=937] boundSegId: mismatches=0 (hostHit+devMiss=0  hostMiss+devHit=0  bothDifferent=0  firstMotor=-1)
[PARITY step=937] arcOnFilDev (matched-seg only): matched=0  maxAbs=0.000e+00  meanAbs=0.000e+00  rms=0.000e+00
[PARITY step=937] verdict: {kernel-math-correct}
[PARITY step=938] M=14000 S=11 resident dispatch 4.525 ms
[PARITY step=938] boundSegId: mismatches=0 (hostHit+devMiss=0  hostMiss+devHit=0  bothDifferent=0  firstMotor=-1)
[PARITY step=938] arcOnFilDev (matched-seg only): matched=0  maxAbs=0.000e+00  meanAbs=0.000e+00  rms=0.000e+00
[PARITY step=938] verdict: {kernel-math-correct}
[PARITY step=939] M=14000 S=11 resident dispatch 4.522 ms
[PARITY step=939] boundSegId: mismatches=0 (hostHit+devMiss=0  hostMiss+devHit=0  bothDifferent=0  firstMotor=-1)
[PARITY step=939] arcOnFilDev (matched-seg only): matched=0  maxAbs=0.000e+00  meanAbs=0.000e+00  rms=0.000e+00
[PARITY step=939] verdict: {kernel-math-correct}
[PARITY step=940] M=14000 S=11 resident dispatch 4.518 ms
[PARITY step=940] boundSegId: mismatches=0 (hostHit+devMiss=0  hostMiss+devHit=0  bothDifferent=0  firstMotor=-1)
[PARITY step=940] arcOnFilDev (matched-seg only): matched=0  maxAbs=0.000e+00  meanAbs=0.000e+00  rms=0.000e+00
[PARITY step=940] verdict: {kernel-math-correct}
[PARITY step=941] M=14000 S=11 resident dispatch 4.534 ms
[PARITY step=941] boundSegId: mismatches=0 (hostHit+devMiss=0  hostMiss+devHit=0  bothDifferent=0  firstMotor=-1)
[PARITY step=941] arcOnFilDev (matched-seg only): matched=0  maxAbs=0.000e+00  meanAbs=0.000e+00  rms=0.000e+00
[PARITY step=941] verdict: {kernel-math-correct}
[PARITY step=942] M=14000 S=11 resident dispatch 4.519 ms
[PARITY step=942] boundSegId: mismatches=0 (hostHit+devMiss=0  hostMiss+devHit=0  bothDifferent=0  firstMotor=-1)
[PARITY step=942] arcOnFilDev (matched-seg only): matched=0  maxAbs=0.000e+00  meanAbs=0.000e+00  rms=0.000e+00
[PARITY step=942] verdict: {kernel-math-correct}
[PARITY step=943] M=14000 S=11 resident dispatch 4.533 ms
[PARITY step=943] boundSegId: mismatches=0 (hostHit+devMiss=0  hostMiss+devHit=0  bothDifferent=0  firstMotor=-1)
[PARITY step=943] arcOnFilDev (matched-seg only): matched=0  maxAbs=0.000e+00  meanAbs=0.000e+00  rms=0.000e+00
[PARITY step=943] verdict: {kernel-math-correct}
[PARITY step=944] M=14000 S=11 resident dispatch 4.539 ms
[PARITY step=944] boundSegId: mismatches=0 (hostHit+devMiss=0  hostMiss+devHit=0  bothDifferent=0  firstMotor=-1)
[PARITY step=944] arcOnFilDev (matched-seg only): matched=0  maxAbs=0.000e+00  meanAbs=0.000e+00  rms=0.000e+00
[PARITY step=944] verdict: {kernel-math-correct}
[PARITY step=945] M=14000 S=11 resident dispatch 4.556 ms
[PARITY step=945] boundSegId: mismatches=0 (hostHit+devMiss=0  hostMiss+devHit=0  bothDifferent=0  firstMotor=-1)
[PARITY step=945] arcOnFilDev (matched-seg only): matched=0  maxAbs=0.000e+00  meanAbs=0.000e+00  rms=0.000e+00
[PARITY step=945] verdict: {kernel-math-correct}
[PARITY step=946] M=14000 S=11 resident dispatch 4.688 ms
[PARITY step=946] boundSegId: mismatches=0 (hostHit+devMiss=0  hostMiss+devHit=0  bothDifferent=0  firstMotor=-1)
[PARITY step=946] arcOnFilDev (matched-seg only): matched=0  maxAbs=0.000e+00  meanAbs=0.000e+00  rms=0.000e+00
[PARITY step=946] verdict: {kernel-math-correct}
[PARITY step=947] M=14000 S=11 resident dispatch 4.507 ms
[PARITY step=947] boundSegId: mismatches=0 (hostHit+devMiss=0  hostMiss+devHit=0  bothDifferent=0  firstMotor=-1)
[PARITY step=947] arcOnFilDev (matched-seg only): matched=0  maxAbs=0.000e+00  meanAbs=0.000e+00  rms=0.000e+00
[PARITY step=947] verdict: {kernel-math-correct}
[PARITY step=948] M=14000 S=11 resident dispatch 4.529 ms
[PARITY step=948] boundSegId: mismatches=0 (hostHit+devMiss=0  hostMiss+devHit=0  bothDifferent=0  firstMotor=-1)
[PARITY step=948] arcOnFilDev (matched-seg only): matched=0  maxAbs=0.000e+00  meanAbs=0.000e+00  rms=0.000e+00
[PARITY step=948] verdict: {kernel-math-correct}
[PARITY step=949] M=14000 S=11 resident dispatch 4.533 ms
[PARITY step=949] boundSegId: mismatches=0 (hostHit+devMiss=0  hostMiss+devHit=0  bothDifferent=0  firstMotor=-1)
[PARITY step=949] arcOnFilDev (matched-seg only): matched=0  maxAbs=0.000e+00  meanAbs=0.000e+00  rms=0.000e+00
[PARITY step=949] verdict: {kernel-math-correct}
[PARITY step=950] M=14000 S=11 resident dispatch 4.532 ms
[PARITY step=950] boundSegId: mismatches=0 (hostHit+devMiss=0  hostMiss+devHit=0  bothDifferent=0  firstMotor=-1)
[PARITY step=950] arcOnFilDev (matched-seg only): matched=0  maxAbs=0.000e+00  meanAbs=0.000e+00  rms=0.000e+00
[PARITY step=950] verdict: {kernel-math-correct}
[PARITY_SUMMARY] runs=851 motorCalls=11914000 filSegCalls=9361 segMismatchCt=0 (hostHit+devMiss=0  hostMiss+devHit=0  bothDifferent=0)
[PARITY_SUMMARY] matchedHits=136  maxAbsArc=5.066e-07 (hostArc=0.234759 devArc=0.234759)  meanAbsArc=2.042e-08  rmsArc=7.317e-08
[PARITY_SUMMARY] |Δarc| histogram: =0:33  (0,1e-8):50  [1e-8,1e-7):50  [1e-7,1e-6):3  [1e-6,1e-5):0  [1e-5,1e-4):0  >=1e-4:0
[PARITY_SUMMARY] verdict: {kernel-math-correct}
[PARITY] freezing run at step 950
