[TELEPORT_DIAG] enabled=false threshold=0.1
Loading parameter values from /home/jba/Code/BoA/ParameterFiles/boa10-64Seg-dyn-dense-0p5x...
     Parameter assigned: deltaT set to 1.0E-4
     Parameter assigned: biochemDeltaT set to 0.01
     Parameter assigned: collisionDeltaT set to 1.0E-5
     No match found for parameter label brownianDeltaT ... you best check that out!
     Parameter assigned: runTime set to 0.065
     Parameter assigned: fracMove set to 0.4
     Parameter assigned: fracR set to 0.134
     Parameter assigned: fracMoveTorq set to 0.013685
     Parameter assigned: drawInterval set to 100
     Parameter assigned: toFileInterval set to 1000000000
     No match found for parameter label toQKFileInterval ... you best check that out!
     Parameter assigned: jpegQuality set to 1.0
     Parameter assigned: remoteWriteInterval set to 100000
     Parameter assigned: frameWidth set to 800
     Parameter assigned: frameHeight set to 800
     No match found for parameter label bugOff ... you best check that out!
     Parameter assigned: simOutsideBug set to false
     Parameter assigned: initialFilaments set to 500
     Parameter assigned: initialMyoMiniFils set to 500
     Parameter assigned: minFilLength set to 0.9
     Parameter assigned: maxFilLength set to 1.3
     Parameter assigned: stdDevActinDist set to 0.5
     Parameter assigned: boxXDim set to 7.0711
     Parameter assigned: boxYDim set to 7.0711
     Parameter assigned: boxZDim set to 0.5
     Parameter assigned: actinConc set to 20.0
     Parameter assigned: actinConcNonHydro set to 15.0
     Parameter assigned: aeta set to 1.0
     Parameter assigned: capConc set to 2.0
     Parameter assigned: nodeZone set to 0.9
     Parameter assigned: nodeRadius set to 0.025
     Parameter assigned: forminsPerNode set to 0
     No match found for parameter label myosPerNode ... you best check that out!
     Parameter assigned: nodeTransDiff set to 1.0E-16
     Parameter assigned: nodeRotDiff set to 0.001
     Parameter assigned: actinSeed set to 3
     Parameter assigned: actinOnCortex set to true
     Parameter assigned: filSegLength set to 64
     Parameter assigned: filTorqSpring set to 1.0E-20
     Parameter assigned: BTransCoeff set to 1.0
     Parameter assigned: BRotCoeff set to 0.5
     Parameter assigned: maxSegAngle set to 22.5
     Parameter assigned: maxSegDist set to 0.0108
     Parameter assigned: nodeTorqSpring set to 1.0E-20
     Parameter assigned: maxNodeTetherStrainDist set to 0.0108
     Parameter assigned: nodeTetherDetachRate set to 0.001
     Parameter assigned: forminMoves set to false
     Parameter assigned: forminRelease set to 1.0
     Parameter assigned: noMonomersSimd set to false
     Parameter assigned: filamentsAnneal set to false
     Parameter assigned: annealDist set to 0.054
     Parameter assigned: annealAngleCosine set to 0.9
     Parameter assigned: maxLinksOnSeg set to 10.0
     Parameter assigned: sideBonds set to 0
     Parameter assigned: sideBondsRelax set to false
     Parameter assigned: sideBondsStabilize set to 1.0
     Parameter assigned: bundleStableFactor set to 2.0
     Parameter assigned: filLinkSpring set to 1.0E-9
     Parameter assigned: filLinkTorqSpring set to 1.0E-19
     Parameter assigned: xLinkTransAttn set to 1.0
     Parameter assigned: xLinkRotAttn set to 1.0
     No match found for parameter label maxFilLinkDist ... you best check that out!
     No match found for parameter label linkDissolveRate ... you best check that out!
     Parameter assigned: kATPOn1 set to 1.3
     Parameter assigned: kATPOff1 set to 0.8
     Parameter assigned: kADPOff1 set to 2.7
     Parameter assigned: kATPOn1NonHydro set to 0.0
     Parameter assigned: kATPOff1NonHydro set to 0.0
     Parameter assigned: kATPOn2 set to 11.6
     Parameter assigned: kATPOff2 set to 1.4
     Parameter assigned: kADPOff2 set to 7.2
     Parameter assigned: kATPOn2WithFormin set to 0.0
     Parameter assigned: kATPOff2WithFormin set to 0.0
     Parameter assigned: kADPOff2WithFormin set to 0.0
     Parameter assigned: kATPOn2NonHydro set to 0.0
     Parameter assigned: kATPOff2NonHydro set to 0.0
     Parameter assigned: kATPOn2NonHydroWithFormin set to 0.0
     Parameter assigned: kATPOff2NonHydroWithFormin set to 0.0
     Parameter assigned: capRate set to 3.0
     Parameter assigned: cofilinRate set to 0.4
     Parameter assigned: cofilinConc set to 3.0
     Parameter assigned: cofilinRatio set to 1.1
     Parameter assigned: myosinStallForce set to 2.0
     No match found for parameter label myosinReleaseRate ... you best check that out!
     No match found for parameter label myoFBRBase ... you best check that out!
     No match found for parameter label myoFBRExp ... you best check that out!
     Parameter assigned: capNumEnd1 set to 3
     Parameter assigned: capNumEnd2 set to 3
     Parameter assigned: capNumEnd1WithNode set to 3
     Parameter assigned: capNumEnd2WithNode set to 3
     Parameter assigned: polyCompressionCutoff set to 0.0
     Parameter assigned: kRdmNuc set to 0.001
     Parameter assigned: kNodeNuc set to 10.0
     Parameter assigned: kHydrolysis set to 1.0
     Parameter assigned: kDissociation set to 1.0
     Parameter assigned: showTime set to true
     Parameter assigned: showConc set to true
     Parameter assigned: showNonHydroConc set to false
     Parameter assigned: showFilCt set to true
     Parameter assigned: showFilLinkCt set to true
     Parameter assigned: showFilSegCt set to false
     Parameter assigned: showMonCt set to true
     Parameter assigned: fixedHistScale set to 100.0
     Parameter assigned: showHistBox set to true
     Parameter assigned: showYHistTics set to true
     Parameter assigned: flatTops set to true
     Parameter assigned: maxXLinkBondAngle set to 0.6
     Parameter assigned: xLinkOnRate set to 400.0
     Parameter assigned: xLinkConc set to 1.0
     Parameter assigned: linkOffConst set to 1.0
     Parameter assigned: linkOffCoeff set to 1.0
     Parameter assigned: linkOffExp set to 2.0
     Parameter assigned: crossLinkGrabDist set to 0.05
Done... there were 9 misunderstandings.
[RNG] per-worker RNG pool: 17 MTFs, masterSeed=-6092211749993165950 (BOA_RNG_SEED unset)
**************************************************************
Eulerian Mesh stats:
nXBins = 37; xBinWidth = 0.2 µm
nYBins = 37; yBinWidth = 0.2 µm
binDepth = 1000
**************************************************************
MotorBindGrid3D: 37 x 37 x 4 cells (0.2 µm each)
[12:30] [phase-plan] inert-wave cull — ThreadSet activation snapshot:
[12:30]   ON   ThingStep Threads
[12:30]   ON   ThingBrownian Threads
[12:30]   ON   Myosin Threads
[12:30]   ON   MyoDimer Threads
[12:30]   OFF  Protein Node Threads
[12:30]   ON   MyoMiniFil Threads
[12:30]   OFF  Chamber Myo Threads
[12:30]   OFF  Chamber MyoDimer Threads
[12:30]   ON   Mesh Threads
[12:30]   ON   Ck Mesh Threads
[12:30]   ON   Ck Mots Threads
[12:30]   OFF  XLink Threads
[12:30]   OFF  Arp23 Threads
[12:30]   OFF  NodeLink Threads
[12:30]   OFF  Membrane Node Threads
[12:30]   OFF  ActA Threads
[12:30]   ON   MotorBindGrid3D Fill
[12:30] [phase-plan] 9 active, 8 inert (will skip dispatch)
Crazy forceSum in boxOfActin.MyoMiniFilament@2d5e069b
Crazy torqueSum in boxOfActin.MyoMiniFilament@2d5e069b
Crazy forceSum in boxOfActin.MyoRod@27a66deb
Crazy forceSum in boxOfActin.MyoRod@62a4f77b
Crazy forceSum in boxOfActin.MyoRod@3f135f6a
Crazy forceSum in boxOfActin.MyoRod@530cd635
Crazy forceSum in boxOfActin.MyoRod@4751208a
Crazy forceSum in boxOfActin.MyoRod@28b0834
Crazy forceSum in boxOfActin.MyoRod@27c6ef00
Crazy forceSum in boxOfActin.MyoRod@124e38b3
Crazy forceSum in boxOfActin.MyoRod@5c550f00
Crazy forceSum in boxOfActin.MyoRod@6c57616
Crazy forceSum in boxOfActin.MyoRod@16eb3721
Crazy forceSum in boxOfActin.MyoRod@75831eef
Crazy forceSum in boxOfActin.MyoRod@1da2250
Crazy forceSum in boxOfActin.MyoRod@2c0281bb
Crazy forceSum in boxOfActin.MyoRod@631fe925
Crazy forceSum in boxOfActin.MyoRod@e86f7cf
Crazy forceSum in boxOfActin.MyoMiniFilament@2d5e069b
Crazy torqueSum in boxOfActin.MyoMiniFilament@2d5e069b
Crazy forceSum in boxOfActin.MyoRod@27a66deb
Crazy forceSum in boxOfActin.MyoRod@62a4f77b
Crazy forceSum in boxOfActin.MyoRod@3f135f6a
Crazy forceSum in boxOfActin.MyoRod@530cd635
Crazy forceSum in boxOfActin.MyoRod@4751208a
Crazy forceSum in boxOfActin.MyoRod@28b0834
Crazy forceSum in boxOfActin.MyoRod@27c6ef00
Crazy forceSum in boxOfActin.MyoRod@124e38b3
Crazy forceSum in boxOfActin.MyoRod@5c550f00
Crazy forceSum in boxOfActin.MyoRod@6c57616
Crazy forceSum in boxOfActin.MyoRod@16eb3721
Crazy forceSum in boxOfActin.MyoRod@75831eef
Crazy forceSum in boxOfActin.MyoRod@1da2250
Crazy forceSum in boxOfActin.MyoRod@2c0281bb
Crazy forceSum in boxOfActin.MyoRod@631fe925
Crazy forceSum in boxOfActin.MyoRod@e86f7cf
Crazy forceSum in boxOfActin.MyoMiniFilament@2d5e069b
Crazy torqueSum in boxOfActin.MyoMiniFilament@2d5e069b
Crazy forceSum in boxOfActin.MyoRod@27a66deb
Crazy forceSum in boxOfActin.MyoRod@62a4f77b
Crazy forceSum in boxOfActin.MyoRod@3f135f6a
Crazy forceSum in boxOfActin.MyoRod@530cd635
Crazy forceSum in boxOfActin.MyoRod@4751208a
Crazy forceSum in boxOfActin.MyoRod@28b0834
Crazy forceSum in boxOfActin.MyoRod@27c6ef00
Crazy forceSum in boxOfActin.MyoRod@124e38b3
Crazy forceSum in boxOfActin.MyoRod@5c550f00
Crazy forceSum in boxOfActin.MyoRod@6c57616
Crazy forceSum in boxOfActin.MyoRod@16eb3721
Crazy forceSum in boxOfActin.MyoRod@75831eef
Crazy forceSum in boxOfActin.MyoRod@1da2250
Crazy forceSum in boxOfActin.MyoRod@2c0281bb
Crazy forceSum in boxOfActin.MyoRod@631fe925
Crazy forceSum in boxOfActin.MyoRod@e86f7cf
Crazy forceSum in boxOfActin.MyoMiniFilament@2d5e069b
Crazy torqueSum in boxOfActin.MyoMiniFilament@2d5e069b
Crazy forceSum in boxOfActin.MyoRod@27a66deb
Crazy forceSum in boxOfActin.MyoRod@62a4f77b
Crazy forceSum in boxOfActin.MyoRod@3f135f6a
Crazy forceSum in boxOfActin.MyoRod@530cd635
Crazy forceSum in boxOfActin.MyoRod@4751208a
Crazy forceSum in boxOfActin.MyoRod@28b0834
Crazy forceSum in boxOfActin.MyoRod@27c6ef00
Crazy forceSum in boxOfActin.MyoRod@124e38b3
Crazy forceSum in boxOfActin.MyoRod@5c550f00
Crazy forceSum in boxOfActin.MyoRod@6c57616
Crazy forceSum in boxOfActin.MyoRod@16eb3721
Crazy forceSum in boxOfActin.MyoRod@75831eef
Crazy forceSum in boxOfActin.MyoRod@1da2250
Crazy forceSum in boxOfActin.MyoRod@2c0281bb
Crazy forceSum in boxOfActin.MyoRod@631fe925
Crazy forceSum in boxOfActin.MyoRod@e86f7cf
Crazy forceSum in boxOfActin.MyoMiniFilament@2d5e069b
Crazy torqueSum in boxOfActin.MyoMiniFilament@2d5e069b
Crazy forceSum in boxOfActin.MyoRod@27a66deb
Crazy forceSum in boxOfActin.MyoRod@62a4f77b
Crazy forceSum in boxOfActin.MyoRod@3f135f6a
Crazy forceSum in boxOfActin.MyoRod@530cd635
Crazy forceSum in boxOfActin.MyoRod@4751208a
Crazy forceSum in boxOfActin.MyoRod@28b0834
Crazy forceSum in boxOfActin.MyoRod@27c6ef00
Crazy forceSum in boxOfActin.MyoRod@124e38b3
Crazy forceSum in boxOfActin.MyoRod@5c550f00
Crazy forceSum in boxOfActin.MyoRod@6c57616
Crazy forceSum in boxOfActin.MyoRod@16eb3721
Crazy forceSum in boxOfActin.MyoRod@75831eef
Crazy forceSum in boxOfActin.MyoRod@1da2250
Crazy forceSum in boxOfActin.MyoRod@2c0281bb
Crazy forceSum in boxOfActin.MyoRod@631fe925
Crazy forceSum in boxOfActin.MyoRod@e86f7cf
Crazy forceSum in boxOfActin.MyoMiniFilament@2d5e069b
Crazy torqueSum in boxOfActin.MyoMiniFilament@2d5e069b
Crazy forceSum in boxOfActin.MyoRod@27a66deb
Crazy forceSum in boxOfActin.MyoRod@62a4f77b
Crazy forceSum in boxOfActin.MyoRod@3f135f6a
Crazy forceSum in boxOfActin.MyoRod@530cd635
Crazy forceSum in boxOfActin.MyoRod@4751208a
Crazy forceSum in boxOfActin.MyoRod@28b0834
Crazy forceSum in boxOfActin.MyoRod@27c6ef00
Crazy forceSum in boxOfActin.MyoRod@124e38b3
Crazy forceSum in boxOfActin.MyoRod@5c550f00
Crazy forceSum in boxOfActin.MyoRod@6c57616
Crazy forceSum in boxOfActin.MyoRod@16eb3721
Crazy forceSum in boxOfActin.MyoRod@75831eef
Crazy forceSum in boxOfActin.MyoRod@1da2250
Crazy forceSum in boxOfActin.MyoRod@2c0281bb
Crazy forceSum in boxOfActin.MyoRod@631fe925
Crazy forceSum in boxOfActin.MyoRod@e86f7cf
Crazy forceSum in boxOfActin.MyoMiniFilament@2d5e069b
Crazy torqueSum in boxOfActin.MyoMiniFilament@2d5e069b
Crazy forceSum in boxOfActin.MyoRod@27a66deb
Crazy forceSum in boxOfActin.MyoRod@62a4f77b
Crazy forceSum in boxOfActin.MyoRod@3f135f6a
Crazy forceSum in boxOfActin.MyoRod@530cd635
Crazy forceSum in boxOfActin.MyoRod@4751208a
Crazy forceSum in boxOfActin.MyoRod@28b0834
Crazy forceSum in boxOfActin.MyoRod@27c6ef00
Crazy forceSum in boxOfActin.MyoRod@124e38b3
Crazy forceSum in boxOfActin.MyoRod@5c550f00
Crazy forceSum in boxOfActin.MyoRod@6c57616
Crazy forceSum in boxOfActin.MyoRod@16eb3721
Crazy forceSum in boxOfActin.MyoRod@75831eef
Crazy forceSum in boxOfActin.MyoRod@1da2250
Crazy forceSum in boxOfActin.MyoRod@2c0281bb
Crazy forceSum in boxOfActin.MyoRod@631fe925
Crazy forceSum in boxOfActin.MyoRod@e86f7cf
Crazy forceSum in boxOfActin.MyoMiniFilament@2d5e069b
Crazy torqueSum in boxOfActin.MyoMiniFilament@2d5e069b
Crazy forceSum in boxOfActin.MyoRod@27a66deb
Crazy forceSum in boxOfActin.MyoRod@62a4f77b
Crazy forceSum in boxOfActin.MyoRod@3f135f6a
Crazy forceSum in boxOfActin.MyoRod@530cd635
Crazy forceSum in boxOfActin.MyoRod@4751208a
Crazy forceSum in boxOfActin.MyoRod@28b0834
Crazy forceSum in boxOfActin.MyoRod@27c6ef00
Crazy forceSum in boxOfActin.MyoRod@124e38b3
Crazy forceSum in boxOfActin.MyoRod@5c550f00
Crazy forceSum in boxOfActin.MyoRod@6c57616
Crazy forceSum in boxOfActin.MyoRod@16eb3721
Crazy forceSum in boxOfActin.MyoRod@75831eef
Crazy forceSum in boxOfActin.MyoRod@1da2250
Crazy forceSum in boxOfActin.MyoRod@2c0281bb
Crazy forceSum in boxOfActin.MyoRod@631fe925
Crazy forceSum in boxOfActin.MyoRod@e86f7cf
Crazy forceSum in boxOfActin.MyoMiniFilament@2d5e069b
Crazy torqueSum in boxOfActin.MyoMiniFilament@2d5e069b
Crazy forceSum in boxOfActin.MyoRod@27a66deb
Crazy forceSum in boxOfActin.MyoRod@62a4f77b
Crazy forceSum in boxOfActin.MyoRod@3f135f6a
Crazy forceSum in boxOfActin.MyoRod@530cd635
Crazy forceSum in boxOfActin.MyoRod@4751208a
Crazy forceSum in boxOfActin.MyoRod@28b0834
Crazy forceSum in boxOfActin.MyoRod@27c6ef00
Crazy forceSum in boxOfActin.MyoRod@124e38b3
Crazy forceSum in boxOfActin.MyoRod@5c550f00
Crazy forceSum in boxOfActin.MyoRod@6c57616
Crazy forceSum in boxOfActin.MyoRod@16eb3721
Crazy forceSum in boxOfActin.MyoRod@75831eef
Crazy forceSum in boxOfActin.MyoRod@1da2250
Crazy forceSum in boxOfActin.MyoRod@2c0281bb
Crazy forceSum in boxOfActin.MyoRod@631fe925
Crazy forceSum in boxOfActin.MyoRod@e86f7cf
Crazy forceSum in boxOfActin.MyoMiniFilament@2d5e069b
Crazy torqueSum in boxOfActin.MyoMiniFilament@2d5e069b
Crazy forceSum in boxOfActin.MyoRod@27a66deb
Crazy forceSum in boxOfActin.MyoRod@62a4f77b
Crazy forceSum in boxOfActin.MyoRod@3f135f6a
Crazy forceSum in boxOfActin.MyoRod@530cd635
Crazy forceSum in boxOfActin.MyoRod@4751208a
Crazy forceSum in boxOfActin.MyoRod@28b0834
Crazy forceSum in boxOfActin.MyoRod@27c6ef00
Crazy forceSum in boxOfActin.MyoRod@124e38b3
Crazy forceSum in boxOfActin.MyoRod@5c550f00
Crazy forceSum in boxOfActin.MyoRod@6c57616
Crazy forceSum in boxOfActin.MyoRod@16eb3721
Crazy forceSum in boxOfActin.MyoRod@75831eef
Crazy forceSum in boxOfActin.MyoRod@1da2250
Crazy forceSum in boxOfActin.MyoRod@2c0281bb
Crazy forceSum in boxOfActin.MyoRod@631fe925
Crazy forceSum in boxOfActin.MyoRod@e86f7cf
Crazy forceSum in boxOfActin.MyoMiniFilament@2d5e069b
Crazy torqueSum in boxOfActin.MyoMiniFilament@2d5e069b
Crazy forceSum in boxOfActin.MyoRod@27a66deb
Crazy forceSum in boxOfActin.MyoRod@62a4f77b
Crazy forceSum in boxOfActin.MyoRod@3f135f6a
Crazy forceSum in boxOfActin.MyoRod@530cd635
Crazy forceSum in boxOfActin.MyoRod@4751208a
Crazy forceSum in boxOfActin.MyoRod@28b0834
Crazy forceSum in boxOfActin.MyoRod@27c6ef00
Crazy forceSum in boxOfActin.MyoRod@124e38b3
Crazy forceSum in boxOfActin.MyoRod@5c550f00
Crazy forceSum in boxOfActin.MyoRod@6c57616
Crazy forceSum in boxOfActin.MyoRod@16eb3721
Crazy forceSum in boxOfActin.MyoRod@75831eef
Crazy forceSum in boxOfActin.MyoRod@1da2250
Crazy forceSum in boxOfActin.MyoRod@2c0281bb
Crazy forceSum in boxOfActin.MyoRod@631fe925
Crazy forceSum in boxOfActin.MyoRod@e86f7cf
Crazy forceSum in boxOfActin.MyoMiniFilament@2d5e069b
Crazy torqueSum in boxOfActin.MyoMiniFilament@2d5e069b
Crazy forceSum in boxOfActin.MyoRod@27a66deb
Crazy forceSum in boxOfActin.MyoRod@62a4f77b
Crazy forceSum in boxOfActin.MyoRod@3f135f6a
Crazy forceSum in boxOfActin.MyoRod@530cd635
Crazy forceSum in boxOfActin.MyoRod@4751208a
Crazy forceSum in boxOfActin.MyoRod@28b0834
Crazy forceSum in boxOfActin.MyoRod@27c6ef00
Crazy forceSum in boxOfActin.MyoRod@124e38b3
Crazy forceSum in boxOfActin.MyoRod@5c550f00
Crazy forceSum in boxOfActin.MyoRod@6c57616
Crazy forceSum in boxOfActin.MyoRod@16eb3721
Crazy forceSum in boxOfActin.MyoRod@75831eef
Crazy forceSum in boxOfActin.MyoRod@1da2250
Crazy forceSum in boxOfActin.MyoRod@2c0281bb
Crazy forceSum in boxOfActin.MyoRod@631fe925
Crazy forceSum in boxOfActin.MyoRod@e86f7cf
Crazy forceSum in boxOfActin.MyoMiniFilament@2d5e069b
Crazy torqueSum in boxOfActin.MyoMiniFilament@2d5e069b
Crazy forceSum in boxOfActin.MyoRod@27a66deb
Crazy forceSum in boxOfActin.MyoRod@62a4f77b
Crazy forceSum in boxOfActin.MyoRod@3f135f6a
Crazy forceSum in boxOfActin.MyoRod@530cd635
Crazy forceSum in boxOfActin.MyoRod@4751208a
Crazy forceSum in boxOfActin.MyoRod@28b0834
Crazy forceSum in boxOfActin.MyoRod@27c6ef00
Crazy forceSum in boxOfActin.MyoRod@124e38b3
Crazy forceSum in boxOfActin.MyoRod@5c550f00
Crazy forceSum in boxOfActin.MyoRod@6c57616
Crazy forceSum in boxOfActin.MyoRod@16eb3721
Crazy forceSum in boxOfActin.MyoRod@75831eef
Crazy forceSum in boxOfActin.MyoRod@1da2250
Crazy forceSum in boxOfActin.MyoRod@2c0281bb
Crazy forceSum in boxOfActin.MyoRod@631fe925
Crazy forceSum in boxOfActin.MyoRod@e86f7cf
Crazy forceSum in boxOfActin.MyoMiniFilament@2d5e069b
Crazy torqueSum in boxOfActin.MyoMiniFilament@2d5e069b
Crazy forceSum in boxOfActin.MyoRod@27a66deb
Crazy forceSum in boxOfActin.MyoRod@62a4f77b
Crazy forceSum in boxOfActin.MyoRod@3f135f6a
Crazy forceSum in boxOfActin.MyoRod@530cd635
Crazy forceSum in boxOfActin.MyoRod@4751208a
Crazy forceSum in boxOfActin.MyoRod@28b0834
Crazy forceSum in boxOfActin.MyoRod@27c6ef00
Crazy forceSum in boxOfActin.MyoRod@124e38b3
Crazy forceSum in boxOfActin.MyoRod@5c550f00
Crazy forceSum in boxOfActin.MyoRod@6c57616
Crazy forceSum in boxOfActin.MyoRod@16eb3721
Crazy forceSum in boxOfActin.MyoRod@75831eef
Crazy forceSum in boxOfActin.MyoRod@1da2250
Crazy forceSum in boxOfActin.MyoRod@2c0281bb
Crazy forceSum in boxOfActin.MyoRod@631fe925
Crazy forceSum in boxOfActin.MyoRod@e86f7cf
Crazy forceSum in boxOfActin.MyoMiniFilament@2d5e069b
Crazy torqueSum in boxOfActin.MyoMiniFilament@2d5e069b
Crazy forceSum in boxOfActin.MyoRod@27a66deb
Crazy forceSum in boxOfActin.MyoRod@62a4f77b
Crazy forceSum in boxOfActin.MyoRod@3f135f6a
Crazy forceSum in boxOfActin.MyoRod@530cd635
Crazy forceSum in boxOfActin.MyoRod@4751208a
Crazy forceSum in boxOfActin.MyoRod@28b0834
Crazy forceSum in boxOfActin.MyoRod@27c6ef00
Crazy forceSum in boxOfActin.MyoRod@124e38b3
Crazy forceSum in boxOfActin.MyoRod@5c550f00
Crazy forceSum in boxOfActin.MyoRod@6c57616
Crazy forceSum in boxOfActin.MyoRod@16eb3721
Crazy forceSum in boxOfActin.MyoRod@75831eef
Crazy forceSum in boxOfActin.MyoRod@1da2250
Crazy forceSum in boxOfActin.MyoRod@2c0281bb
Crazy forceSum in boxOfActin.MyoRod@631fe925
Crazy forceSum in boxOfActin.MyoRod@e86f7cf
Crazy forceSum in boxOfActin.MyoMiniFilament@2d5e069b
Crazy torqueSum in boxOfActin.MyoMiniFilament@2d5e069b
Crazy forceSum in boxOfActin.MyoRod@27a66deb
Crazy forceSum in boxOfActin.MyoRod@62a4f77b
Crazy forceSum in boxOfActin.MyoRod@3f135f6a
Crazy forceSum in boxOfActin.MyoRod@530cd635
Crazy forceSum in boxOfActin.MyoRod@4751208a
Crazy forceSum in boxOfActin.MyoRod@28b0834
Crazy forceSum in boxOfActin.MyoRod@27c6ef00
Crazy forceSum in boxOfActin.MyoRod@124e38b3
Crazy forceSum in boxOfActin.MyoRod@5c550f00
Crazy forceSum in boxOfActin.MyoRod@6c57616
Crazy forceSum in boxOfActin.MyoRod@16eb3721
Crazy forceSum in boxOfActin.MyoRod@75831eef
Crazy forceSum in boxOfActin.MyoRod@1da2250
Crazy forceSum in boxOfActin.MyoRod@2c0281bb
Crazy forceSum in boxOfActin.MyoRod@631fe925
Crazy forceSum in boxOfActin.MyoRod@e86f7cf
Crazy forceSum in boxOfActin.MyoMiniFilament@2d5e069b
Crazy torqueSum in boxOfActin.MyoMiniFilament@2d5e069b
Crazy forceSum in boxOfActin.MyoRod@27a66deb
Crazy forceSum in boxOfActin.MyoRod@62a4f77b
Crazy forceSum in boxOfActin.MyoRod@3f135f6a
Crazy forceSum in boxOfActin.MyoRod@530cd635
Crazy forceSum in boxOfActin.MyoRod@4751208a
Crazy forceSum in boxOfActin.MyoRod@28b0834
Crazy forceSum in boxOfActin.MyoRod@27c6ef00
Crazy forceSum in boxOfActin.MyoRod@124e38b3
Crazy forceSum in boxOfActin.MyoRod@5c550f00
Crazy forceSum in boxOfActin.MyoRod@6c57616
Crazy forceSum in boxOfActin.MyoRod@16eb3721
Crazy forceSum in boxOfActin.MyoRod@75831eef
Crazy forceSum in boxOfActin.MyoRod@1da2250
Crazy forceSum in boxOfActin.MyoRod@2c0281bb
Crazy forceSum in boxOfActin.MyoRod@631fe925
Crazy forceSum in boxOfActin.MyoRod@e86f7cf
Crazy forceSum in boxOfActin.MyoMiniFilament@2d5e069b
Crazy torqueSum in boxOfActin.MyoMiniFilament@2d5e069b
Crazy forceSum in boxOfActin.MyoRod@27a66deb
Crazy forceSum in boxOfActin.MyoRod@62a4f77b
Crazy forceSum in boxOfActin.MyoRod@3f135f6a
Crazy forceSum in boxOfActin.MyoRod@530cd635
Crazy forceSum in boxOfActin.MyoRod@4751208a
Crazy forceSum in boxOfActin.MyoRod@28b0834
Crazy forceSum in boxOfActin.MyoRod@27c6ef00
Crazy forceSum in boxOfActin.MyoRod@124e38b3
Crazy forceSum in boxOfActin.MyoRod@5c550f00
Crazy forceSum in boxOfActin.MyoRod@6c57616
Crazy forceSum in boxOfActin.MyoRod@16eb3721
Crazy forceSum in boxOfActin.MyoRod@75831eef
Crazy forceSum in boxOfActin.MyoRod@1da2250
Crazy forceSum in boxOfActin.MyoRod@2c0281bb
Crazy forceSum in boxOfActin.MyoRod@631fe925
Crazy forceSum in boxOfActin.MyoRod@e86f7cf
Crazy forceSum in boxOfActin.MyoMiniFilament@2d5e069b
Crazy torqueSum in boxOfActin.MyoMiniFilament@2d5e069b
Crazy forceSum in boxOfActin.MyoRod@27a66deb
Crazy forceSum in boxOfActin.MyoRod@62a4f77b
Crazy forceSum in boxOfActin.MyoRod@3f135f6a
Crazy forceSum in boxOfActin.MyoRod@530cd635
Crazy forceSum in boxOfActin.MyoRod@4751208a
Crazy forceSum in boxOfActin.MyoRod@28b0834
Crazy forceSum in boxOfActin.MyoRod@27c6ef00
Crazy forceSum in boxOfActin.MyoRod@124e38b3
Crazy forceSum in boxOfActin.MyoRod@5c550f00
Crazy forceSum in boxOfActin.MyoRod@6c57616
Crazy forceSum in boxOfActin.MyoRod@16eb3721
Crazy forceSum in boxOfActin.MyoRod@75831eef
Crazy forceSum in boxOfActin.MyoRod@1da2250
Crazy forceSum in boxOfActin.MyoRod@2c0281bb
Crazy forceSum in boxOfActin.MyoRod@631fe925
Crazy forceSum in boxOfActin.MyoRod@e86f7cf
Crazy forceSum in boxOfActin.MyoMiniFilament@2d5e069b
Crazy torqueSum in boxOfActin.MyoMiniFilament@2d5e069b
Crazy forceSum in boxOfActin.MyoRod@27a66deb
Crazy forceSum in boxOfActin.MyoRod@62a4f77b
Crazy forceSum in boxOfActin.MyoRod@3f135f6a
Crazy forceSum in boxOfActin.MyoRod@530cd635
Crazy forceSum in boxOfActin.MyoRod@4751208a
Crazy forceSum in boxOfActin.MyoRod@28b0834
Crazy forceSum in boxOfActin.MyoRod@27c6ef00
Crazy forceSum in boxOfActin.MyoRod@124e38b3
Crazy forceSum in boxOfActin.MyoRod@5c550f00
Crazy forceSum in boxOfActin.MyoRod@6c57616
Crazy forceSum in boxOfActin.MyoRod@16eb3721
Crazy forceSum in boxOfActin.MyoRod@75831eef
Crazy forceSum in boxOfActin.MyoRod@1da2250
Crazy forceSum in boxOfActin.MyoRod@2c0281bb
Crazy forceSum in boxOfActin.MyoRod@631fe925
Crazy forceSum in boxOfActin.MyoRod@e86f7cf
Crazy forceSum in boxOfActin.MyoMiniFilament@2d5e069b
Crazy torqueSum in boxOfActin.MyoMiniFilament@2d5e069b
Crazy forceSum in boxOfActin.MyoRod@27a66deb
Crazy forceSum in boxOfActin.MyoRod@62a4f77b
Crazy forceSum in boxOfActin.MyoRod@3f135f6a
Crazy forceSum in boxOfActin.MyoRod@530cd635
Crazy forceSum in boxOfActin.MyoRod@4751208a
Crazy forceSum in boxOfActin.MyoRod@28b0834
Crazy forceSum in boxOfActin.MyoRod@27c6ef00
Crazy forceSum in boxOfActin.MyoRod@124e38b3
Crazy forceSum in boxOfActin.MyoRod@5c550f00
Crazy forceSum in boxOfActin.MyoRod@6c57616
Crazy forceSum in boxOfActin.MyoRod@16eb3721
Crazy forceSum in boxOfActin.MyoRod@75831eef
Crazy forceSum in boxOfActin.MyoRod@1da2250
Crazy forceSum in boxOfActin.MyoRod@2c0281bb
Crazy forceSum in boxOfActin.MyoRod@631fe925
Crazy forceSum in boxOfActin.MyoRod@e86f7cf
Crazy forceSum in boxOfActin.MyoMiniFilament@2d5e069b
Crazy torqueSum in boxOfActin.MyoMiniFilament@2d5e069b
Crazy forceSum in boxOfActin.MyoRod@27a66deb
Crazy forceSum in boxOfActin.MyoRod@62a4f77b
Crazy forceSum in boxOfActin.MyoRod@3f135f6a
Crazy forceSum in boxOfActin.MyoRod@530cd635
Crazy forceSum in boxOfActin.MyoRod@4751208a
Crazy forceSum in boxOfActin.MyoRod@28b0834
Crazy forceSum in boxOfActin.MyoRod@27c6ef00
Crazy forceSum in boxOfActin.MyoRod@124e38b3
Crazy forceSum in boxOfActin.MyoRod@5c550f00
Crazy forceSum in boxOfActin.MyoRod@6c57616
Crazy forceSum in boxOfActin.MyoRod@16eb3721
Crazy forceSum in boxOfActin.MyoRod@75831eef
Crazy forceSum in boxOfActin.MyoRod@1da2250
Crazy forceSum in boxOfActin.MyoRod@2c0281bb
Crazy forceSum in boxOfActin.MyoRod@631fe925
Crazy forceSum in boxOfActin.MyoRod@e86f7cf
Crazy forceSum in boxOfActin.MyoMiniFilament@2d5e069b
Crazy torqueSum in boxOfActin.MyoMiniFilament@2d5e069b
Crazy forceSum in boxOfActin.MyoRod@27a66deb
Crazy forceSum in boxOfActin.MyoRod@62a4f77b
Crazy forceSum in boxOfActin.MyoRod@3f135f6a
Crazy forceSum in boxOfActin.MyoRod@530cd635
Crazy forceSum in boxOfActin.MyoRod@4751208a
Crazy forceSum in boxOfActin.MyoRod@28b0834
Crazy forceSum in boxOfActin.MyoRod@27c6ef00
Crazy forceSum in boxOfActin.MyoRod@124e38b3
Crazy forceSum in boxOfActin.MyoRod@5c550f00
Crazy forceSum in boxOfActin.MyoRod@6c57616
Crazy forceSum in boxOfActin.MyoRod@16eb3721
Crazy forceSum in boxOfActin.MyoRod@75831eef
Crazy forceSum in boxOfActin.MyoRod@1da2250
Crazy forceSum in boxOfActin.MyoRod@2c0281bb
Crazy forceSum in boxOfActin.MyoRod@631fe925
Crazy forceSum in boxOfActin.MyoRod@e86f7cf
Crazy forceSum in boxOfActin.MyoMiniFilament@2d5e069b
Crazy torqueSum in boxOfActin.MyoMiniFilament@2d5e069b
Crazy forceSum in boxOfActin.MyoRod@27a66deb
Crazy forceSum in boxOfActin.MyoRod@62a4f77b
Crazy forceSum in boxOfActin.MyoRod@3f135f6a
Crazy forceSum in boxOfActin.MyoRod@530cd635
Crazy forceSum in boxOfActin.MyoRod@4751208a
Crazy forceSum in boxOfActin.MyoRod@28b0834
Crazy forceSum in boxOfActin.MyoRod@27c6ef00
Crazy forceSum in boxOfActin.MyoRod@124e38b3
Crazy forceSum in boxOfActin.MyoRod@5c550f00
Crazy forceSum in boxOfActin.MyoRod@6c57616
Crazy forceSum in boxOfActin.MyoRod@16eb3721
Crazy forceSum in boxOfActin.MyoRod@75831eef
Crazy forceSum in boxOfActin.MyoRod@1da2250
Crazy forceSum in boxOfActin.MyoRod@2c0281bb
Crazy forceSum in boxOfActin.MyoRod@631fe925
Crazy forceSum in boxOfActin.MyoRod@e86f7cf
Crazy forceSum in boxOfActin.MyoMiniFilament@2d5e069b
Crazy torqueSum in boxOfActin.MyoMiniFilament@2d5e069b
Crazy forceSum in boxOfActin.MyoRod@27a66deb
Crazy forceSum in boxOfActin.MyoRod@62a4f77b
Crazy forceSum in boxOfActin.MyoRod@3f135f6a
Crazy forceSum in boxOfActin.MyoRod@530cd635
Crazy forceSum in boxOfActin.MyoRod@4751208a
Crazy forceSum in boxOfActin.MyoRod@28b0834
Crazy forceSum in boxOfActin.MyoRod@27c6ef00
Crazy forceSum in boxOfActin.MyoRod@124e38b3
Crazy forceSum in boxOfActin.MyoRod@5c550f00
Crazy forceSum in boxOfActin.MyoRod@6c57616
Crazy forceSum in boxOfActin.MyoRod@16eb3721
Crazy forceSum in boxOfActin.MyoRod@75831eef
Crazy forceSum in boxOfActin.MyoRod@1da2250
Crazy forceSum in boxOfActin.MyoRod@2c0281bb
Crazy forceSum in boxOfActin.MyoRod@631fe925
Crazy forceSum in boxOfActin.MyoRod@e86f7cf
Crazy forceSum in boxOfActin.MyoMiniFilament@2d5e069b
Crazy torqueSum in boxOfActin.MyoMiniFilament@2d5e069b
Crazy forceSum in boxOfActin.MyoRod@27a66deb
Crazy forceSum in boxOfActin.MyoRod@62a4f77b
Crazy forceSum in boxOfActin.MyoRod@3f135f6a
Crazy forceSum in boxOfActin.MyoRod@530cd635
Crazy forceSum in boxOfActin.MyoRod@4751208a
Crazy forceSum in boxOfActin.MyoRod@28b0834
Crazy forceSum in boxOfActin.MyoRod@27c6ef00
Crazy forceSum in boxOfActin.MyoRod@124e38b3
Crazy forceSum in boxOfActin.MyoRod@5c550f00
Crazy forceSum in boxOfActin.MyoRod@6c57616
Crazy forceSum in boxOfActin.MyoRod@16eb3721
Crazy forceSum in boxOfActin.MyoRod@75831eef
Crazy forceSum in boxOfActin.MyoRod@1da2250
Crazy forceSum in boxOfActin.MyoRod@2c0281bb
Crazy forceSum in boxOfActin.MyoRod@631fe925
Crazy forceSum in boxOfActin.MyoRod@e86f7cf
Crazy forceSum in boxOfActin.MyoMiniFilament@2d5e069b
Crazy torqueSum in boxOfActin.MyoMiniFilament@2d5e069b
Crazy forceSum in boxOfActin.MyoRod@27a66deb
Crazy forceSum in boxOfActin.MyoRod@62a4f77b
Crazy forceSum in boxOfActin.MyoRod@3f135f6a
Crazy forceSum in boxOfActin.MyoRod@530cd635
Crazy forceSum in boxOfActin.MyoRod@4751208a
Crazy forceSum in boxOfActin.MyoRod@28b0834
Crazy forceSum in boxOfActin.MyoRod@27c6ef00
Crazy forceSum in boxOfActin.MyoRod@124e38b3
Crazy forceSum in boxOfActin.MyoRod@5c550f00
Crazy forceSum in boxOfActin.MyoRod@6c57616
Crazy forceSum in boxOfActin.MyoRod@16eb3721
Crazy forceSum in boxOfActin.MyoRod@75831eef
Crazy forceSum in boxOfActin.MyoRod@1da2250
Crazy forceSum in boxOfActin.MyoRod@2c0281bb
Crazy forceSum in boxOfActin.MyoRod@631fe925
Crazy forceSum in boxOfActin.MyoRod@e86f7cf
Crazy forceSum in boxOfActin.MyoMiniFilament@2d5e069b
Crazy torqueSum in boxOfActin.MyoMiniFilament@2d5e069b
Crazy forceSum in boxOfActin.MyoRod@27a66deb
Crazy forceSum in boxOfActin.MyoRod@62a4f77b
Crazy forceSum in boxOfActin.MyoRod@3f135f6a
Crazy forceSum in boxOfActin.MyoRod@530cd635
Crazy forceSum in boxOfActin.MyoRod@4751208a
Crazy forceSum in boxOfActin.MyoRod@28b0834
Crazy forceSum in boxOfActin.MyoRod@27c6ef00
Crazy forceSum in boxOfActin.MyoRod@124e38b3
Crazy forceSum in boxOfActin.MyoRod@5c550f00
Crazy forceSum in boxOfActin.MyoRod@6c57616
Crazy forceSum in boxOfActin.MyoRod@16eb3721
Crazy forceSum in boxOfActin.MyoRod@75831eef
Crazy forceSum in boxOfActin.MyoRod@1da2250
Crazy forceSum in boxOfActin.MyoRod@2c0281bb
Crazy forceSum in boxOfActin.MyoRod@631fe925
Crazy forceSum in boxOfActin.MyoRod@e86f7cf
Crazy forceSum in boxOfActin.MyoMiniFilament@2d5e069b
Crazy torqueSum in boxOfActin.MyoMiniFilament@2d5e069b
Crazy forceSum in boxOfActin.MyoRod@27a66deb
Crazy forceSum in boxOfActin.MyoRod@62a4f77b
Crazy forceSum in boxOfActin.MyoRod@3f135f6a
Crazy forceSum in boxOfActin.MyoRod@530cd635
Crazy forceSum in boxOfActin.MyoRod@4751208a
Crazy forceSum in boxOfActin.MyoRod@28b0834
Crazy forceSum in boxOfActin.MyoRod@27c6ef00
Crazy forceSum in boxOfActin.MyoRod@124e38b3
Crazy forceSum in boxOfActin.MyoRod@5c550f00
Crazy forceSum in boxOfActin.MyoRod@6c57616
Crazy forceSum in boxOfActin.MyoRod@16eb3721
Crazy forceSum in boxOfActin.MyoRod@75831eef
Crazy forceSum in boxOfActin.MyoRod@1da2250
Crazy forceSum in boxOfActin.MyoRod@2c0281bb
Crazy forceSum in boxOfActin.MyoRod@631fe925
Crazy forceSum in boxOfActin.MyoRod@e86f7cf
Crazy forceSum in boxOfActin.MyoMiniFilament@2d5e069b
Crazy torqueSum in boxOfActin.MyoMiniFilament@2d5e069b
Crazy forceSum in boxOfActin.MyoRod@27a66deb
Crazy forceSum in boxOfActin.MyoRod@62a4f77b
Crazy forceSum in boxOfActin.MyoRod@3f135f6a
Crazy forceSum in boxOfActin.MyoRod@530cd635
Crazy forceSum in boxOfActin.MyoRod@4751208a
Crazy forceSum in boxOfActin.MyoRod@28b0834
Crazy forceSum in boxOfActin.MyoRod@27c6ef00
Crazy forceSum in boxOfActin.MyoRod@124e38b3
Crazy forceSum in boxOfActin.MyoRod@5c550f00
Crazy forceSum in boxOfActin.MyoRod@6c57616
Crazy forceSum in boxOfActin.MyoRod@16eb3721
Crazy forceSum in boxOfActin.MyoRod@75831eef
Crazy forceSum in boxOfActin.MyoRod@1da2250
Crazy forceSum in boxOfActin.MyoRod@2c0281bb
Crazy forceSum in boxOfActin.MyoRod@631fe925
Crazy forceSum in boxOfActin.MyoRod@e86f7cf
Crazy forceSum in boxOfActin.MyoMiniFilament@2d5e069b
Crazy torqueSum in boxOfActin.MyoMiniFilament@2d5e069b
Crazy forceSum in boxOfActin.MyoRod@27a66deb
Crazy forceSum in boxOfActin.MyoRod@62a4f77b
Crazy forceSum in boxOfActin.MyoRod@3f135f6a
Crazy forceSum in boxOfActin.MyoRod@530cd635
Crazy forceSum in boxOfActin.MyoRod@4751208a
Crazy forceSum in boxOfActin.MyoRod@28b0834
Crazy forceSum in boxOfActin.MyoRod@27c6ef00
Crazy forceSum in boxOfActin.MyoRod@124e38b3
Crazy forceSum in boxOfActin.MyoRod@5c550f00
Crazy forceSum in boxOfActin.MyoRod@6c57616
Crazy forceSum in boxOfActin.MyoRod@16eb3721
Crazy forceSum in boxOfActin.MyoRod@75831eef
Crazy forceSum in boxOfActin.MyoRod@1da2250
Crazy forceSum in boxOfActin.MyoRod@2c0281bb
Crazy forceSum in boxOfActin.MyoRod@631fe925
Crazy forceSum in boxOfActin.MyoRod@e86f7cf
Crazy forceSum in boxOfActin.MyoMiniFilament@2d5e069b
Crazy torqueSum in boxOfActin.MyoMiniFilament@2d5e069b
Crazy forceSum in boxOfActin.MyoRod@27a66deb
Crazy forceSum in boxOfActin.MyoRod@62a4f77b
Crazy forceSum in boxOfActin.MyoRod@3f135f6a
Crazy forceSum in boxOfActin.MyoRod@530cd635
Crazy forceSum in boxOfActin.MyoRod@4751208a
Crazy forceSum in boxOfActin.MyoRod@28b0834
Crazy forceSum in boxOfActin.MyoRod@27c6ef00
Crazy forceSum in boxOfActin.MyoRod@124e38b3
Crazy forceSum in boxOfActin.MyoRod@5c550f00
Crazy forceSum in boxOfActin.MyoRod@6c57616
Crazy forceSum in boxOfActin.MyoRod@16eb3721
Crazy forceSum in boxOfActin.MyoRod@75831eef
Crazy forceSum in boxOfActin.MyoRod@1da2250
Crazy forceSum in boxOfActin.MyoRod@2c0281bb
Crazy forceSum in boxOfActin.MyoRod@631fe925
Crazy forceSum in boxOfActin.MyoRod@e86f7cf
Crazy forceSum in boxOfActin.MyoMiniFilament@2d5e069b
Crazy torqueSum in boxOfActin.MyoMiniFilament@2d5e069b
Crazy forceSum in boxOfActin.MyoRod@27a66deb
Crazy forceSum in boxOfActin.MyoRod@62a4f77b
Crazy forceSum in boxOfActin.MyoRod@3f135f6a
Crazy forceSum in boxOfActin.MyoRod@530cd635
Crazy forceSum in boxOfActin.MyoRod@4751208a
Crazy forceSum in boxOfActin.MyoRod@28b0834
Crazy forceSum in boxOfActin.MyoRod@27c6ef00
Crazy forceSum in boxOfActin.MyoRod@124e38b3
Crazy forceSum in boxOfActin.MyoRod@5c550f00
Crazy forceSum in boxOfActin.MyoRod@6c57616
Crazy forceSum in boxOfActin.MyoRod@16eb3721
Crazy forceSum in boxOfActin.MyoRod@75831eef
Crazy forceSum in boxOfActin.MyoRod@1da2250
Crazy forceSum in boxOfActin.MyoRod@2c0281bb
Crazy forceSum in boxOfActin.MyoRod@631fe925
Crazy forceSum in boxOfActin.MyoRod@e86f7cf
Crazy forceSum in boxOfActin.MyoMiniFilament@2d5e069b
Crazy torqueSum in boxOfActin.MyoMiniFilament@2d5e069b
Crazy forceSum in boxOfActin.MyoRod@27a66deb
Crazy forceSum in boxOfActin.MyoRod@62a4f77b
Crazy forceSum in boxOfActin.MyoRod@3f135f6a
Crazy forceSum in boxOfActin.MyoRod@530cd635
Crazy forceSum in boxOfActin.MyoRod@4751208a
Crazy forceSum in boxOfActin.MyoRod@28b0834
Crazy forceSum in boxOfActin.MyoRod@27c6ef00
Crazy forceSum in boxOfActin.MyoRod@124e38b3
Crazy forceSum in boxOfActin.MyoRod@5c550f00
Crazy forceSum in boxOfActin.MyoRod@6c57616
Crazy forceSum in boxOfActin.MyoRod@16eb3721
Crazy forceSum in boxOfActin.MyoRod@75831eef
Crazy forceSum in boxOfActin.MyoRod@1da2250
Crazy forceSum in boxOfActin.MyoRod@2c0281bb
Crazy forceSum in boxOfActin.MyoRod@631fe925
Crazy forceSum in boxOfActin.MyoRod@e86f7cf
Crazy forceSum in boxOfActin.MyoMiniFilament@2d5e069b
Crazy torqueSum in boxOfActin.MyoMiniFilament@2d5e069b
Crazy forceSum in boxOfActin.MyoRod@27a66deb
Crazy forceSum in boxOfActin.MyoRod@62a4f77b
Crazy forceSum in boxOfActin.MyoRod@3f135f6a
Crazy forceSum in boxOfActin.MyoRod@530cd635
Crazy forceSum in boxOfActin.MyoRod@4751208a
Crazy forceSum in boxOfActin.MyoRod@28b0834
Crazy forceSum in boxOfActin.MyoRod@27c6ef00
Crazy forceSum in boxOfActin.MyoRod@124e38b3
Crazy forceSum in boxOfActin.MyoRod@5c550f00
Crazy forceSum in boxOfActin.MyoRod@6c57616
Crazy forceSum in boxOfActin.MyoRod@16eb3721
Crazy forceSum in boxOfActin.MyoRod@75831eef
Crazy forceSum in boxOfActin.MyoRod@1da2250
Crazy forceSum in boxOfActin.MyoRod@2c0281bb
Crazy forceSum in boxOfActin.MyoRod@631fe925
Crazy forceSum in boxOfActin.MyoRod@e86f7cf
Crazy forceSum in boxOfActin.MyoMiniFilament@2d5e069b
Crazy torqueSum in boxOfActin.MyoMiniFilament@2d5e069b
Crazy forceSum in boxOfActin.MyoRod@27a66deb
Crazy forceSum in boxOfActin.MyoRod@62a4f77b
Crazy forceSum in boxOfActin.MyoRod@3f135f6a
Crazy forceSum in boxOfActin.MyoRod@530cd635
Crazy forceSum in boxOfActin.MyoRod@4751208a
Crazy forceSum in boxOfActin.MyoRod@28b0834
Crazy forceSum in boxOfActin.MyoRod@27c6ef00
Crazy forceSum in boxOfActin.MyoRod@124e38b3
Crazy forceSum in boxOfActin.MyoRod@5c550f00
Crazy forceSum in boxOfActin.MyoRod@6c57616
Crazy forceSum in boxOfActin.MyoRod@16eb3721
Crazy forceSum in boxOfActin.MyoRod@75831eef
Crazy forceSum in boxOfActin.MyoRod@1da2250
Crazy forceSum in boxOfActin.MyoRod@2c0281bb
Crazy forceSum in boxOfActin.MyoRod@631fe925
Crazy forceSum in boxOfActin.MyoRod@e86f7cf
Crazy forceSum in boxOfActin.MyoMiniFilament@2d5e069b
Crazy torqueSum in boxOfActin.MyoMiniFilament@2d5e069b
Crazy forceSum in boxOfActin.MyoRod@27a66deb
Crazy forceSum in boxOfActin.MyoRod@62a4f77b
Crazy forceSum in boxOfActin.MyoRod@3f135f6a
Crazy forceSum in boxOfActin.MyoRod@530cd635
Crazy forceSum in boxOfActin.MyoRod@4751208a
Crazy forceSum in boxOfActin.MyoRod@28b0834
Crazy forceSum in boxOfActin.MyoRod@27c6ef00
Crazy forceSum in boxOfActin.MyoRod@124e38b3
Crazy forceSum in boxOfActin.MyoRod@5c550f00
Crazy forceSum in boxOfActin.MyoRod@6c57616
Crazy forceSum in boxOfActin.MyoRod@16eb3721
Crazy forceSum in boxOfActin.MyoRod@75831eef
Crazy forceSum in boxOfActin.MyoRod@1da2250
Crazy forceSum in boxOfActin.MyoRod@2c0281bb
Crazy forceSum in boxOfActin.MyoRod@631fe925
Crazy forceSum in boxOfActin.MyoRod@e86f7cf
Crazy forceSum in boxOfActin.MyoMiniFilament@2d5e069b
Crazy torqueSum in boxOfActin.MyoMiniFilament@2d5e069b
Crazy forceSum in boxOfActin.MyoRod@27a66deb
Crazy forceSum in boxOfActin.MyoRod@62a4f77b
Crazy forceSum in boxOfActin.MyoRod@3f135f6a
Crazy forceSum in boxOfActin.MyoRod@530cd635
Crazy forceSum in boxOfActin.MyoRod@4751208a
Crazy forceSum in boxOfActin.MyoRod@28b0834
Crazy forceSum in boxOfActin.MyoRod@27c6ef00
Crazy forceSum in boxOfActin.MyoRod@124e38b3
Crazy forceSum in boxOfActin.MyoRod@5c550f00
Crazy forceSum in boxOfActin.MyoRod@6c57616
Crazy forceSum in boxOfActin.MyoRod@16eb3721
Crazy forceSum in boxOfActin.MyoRod@75831eef
Crazy forceSum in boxOfActin.MyoRod@1da2250
Crazy forceSum in boxOfActin.MyoRod@2c0281bb
Crazy forceSum in boxOfActin.MyoRod@631fe925
Crazy forceSum in boxOfActin.MyoRod@e86f7cf
Crazy forceSum in boxOfActin.MyoMiniFilament@2d5e069b
Crazy torqueSum in boxOfActin.MyoMiniFilament@2d5e069b
Crazy forceSum in boxOfActin.MyoRod@27a66deb
Crazy forceSum in boxOfActin.MyoRod@62a4f77b
Crazy forceSum in boxOfActin.MyoRod@3f135f6a
Crazy forceSum in boxOfActin.MyoRod@530cd635
Crazy forceSum in boxOfActin.MyoRod@4751208a
Crazy forceSum in boxOfActin.MyoRod@28b0834
Crazy forceSum in boxOfActin.MyoRod@27c6ef00
Crazy forceSum in boxOfActin.MyoRod@124e38b3
Crazy forceSum in boxOfActin.MyoRod@5c550f00
Crazy forceSum in boxOfActin.MyoRod@6c57616
Crazy forceSum in boxOfActin.MyoRod@16eb3721
Crazy forceSum in boxOfActin.MyoRod@75831eef
Crazy forceSum in boxOfActin.MyoRod@1da2250
Crazy forceSum in boxOfActin.MyoRod@2c0281bb
Crazy forceSum in boxOfActin.MyoRod@631fe925
Crazy forceSum in boxOfActin.MyoRod@e86f7cf
Crazy forceSum in boxOfActin.MyoMiniFilament@2d5e069b
Crazy torqueSum in boxOfActin.MyoMiniFilament@2d5e069b
Crazy forceSum in boxOfActin.MyoRod@27a66deb
Crazy forceSum in boxOfActin.MyoRod@62a4f77b
Crazy forceSum in boxOfActin.MyoRod@3f135f6a
Crazy forceSum in boxOfActin.MyoRod@530cd635
Crazy forceSum in boxOfActin.MyoRod@4751208a
Crazy forceSum in boxOfActin.MyoRod@28b0834
Crazy forceSum in boxOfActin.MyoRod@27c6ef00
Crazy forceSum in boxOfActin.MyoRod@124e38b3
Crazy forceSum in boxOfActin.MyoRod@5c550f00
Crazy forceSum in boxOfActin.MyoRod@6c57616
Crazy forceSum in boxOfActin.MyoRod@16eb3721
Crazy forceSum in boxOfActin.MyoRod@75831eef
Crazy forceSum in boxOfActin.MyoRod@1da2250
Crazy forceSum in boxOfActin.MyoRod@2c0281bb
Crazy forceSum in boxOfActin.MyoRod@631fe925
Crazy forceSum in boxOfActin.MyoRod@e86f7cf
Crazy forceSum in boxOfActin.MyoMiniFilament@2d5e069b
Crazy torqueSum in boxOfActin.MyoMiniFilament@2d5e069b
Crazy forceSum in boxOfActin.MyoRod@27a66deb
Crazy forceSum in boxOfActin.MyoRod@62a4f77b
Crazy forceSum in boxOfActin.MyoRod@3f135f6a
Crazy forceSum in boxOfActin.MyoRod@530cd635
Crazy forceSum in boxOfActin.MyoRod@4751208a
Crazy forceSum in boxOfActin.MyoRod@28b0834
Crazy forceSum in boxOfActin.MyoRod@27c6ef00
Crazy forceSum in boxOfActin.MyoRod@124e38b3
Crazy forceSum in boxOfActin.MyoRod@5c550f00
Crazy forceSum in boxOfActin.MyoRod@6c57616
Crazy forceSum in boxOfActin.MyoRod@16eb3721
Crazy forceSum in boxOfActin.MyoRod@75831eef
Crazy forceSum in boxOfActin.MyoRod@1da2250
Crazy forceSum in boxOfActin.MyoRod@2c0281bb
Crazy forceSum in boxOfActin.MyoRod@631fe925
Crazy forceSum in boxOfActin.MyoRod@e86f7cf
Crazy forceSum in boxOfActin.MyoMiniFilament@2d5e069b
Crazy torqueSum in boxOfActin.MyoMiniFilament@2d5e069b
Crazy forceSum in boxOfActin.MyoRod@27a66deb
Crazy forceSum in boxOfActin.MyoRod@62a4f77b
Crazy forceSum in boxOfActin.MyoRod@3f135f6a
Crazy forceSum in boxOfActin.MyoRod@530cd635
Crazy forceSum in boxOfActin.MyoRod@4751208a
Crazy forceSum in boxOfActin.MyoRod@28b0834
Crazy forceSum in boxOfActin.MyoRod@27c6ef00
Crazy forceSum in boxOfActin.MyoRod@124e38b3
Crazy forceSum in boxOfActin.MyoRod@5c550f00
Crazy forceSum in boxOfActin.MyoRod@6c57616
Crazy forceSum in boxOfActin.MyoRod@16eb3721
Crazy forceSum in boxOfActin.MyoRod@75831eef
Crazy forceSum in boxOfActin.MyoRod@1da2250
Crazy forceSum in boxOfActin.MyoRod@2c0281bb
Crazy forceSum in boxOfActin.MyoRod@631fe925
Crazy forceSum in boxOfActin.MyoRod@e86f7cf
Crazy forceSum in boxOfActin.MyoMiniFilament@2d5e069b
Crazy torqueSum in boxOfActin.MyoMiniFilament@2d5e069b
Crazy forceSum in boxOfActin.MyoRod@27a66deb
Crazy forceSum in boxOfActin.MyoRod@62a4f77b
Crazy forceSum in boxOfActin.MyoRod@3f135f6a
Crazy forceSum in boxOfActin.MyoRod@530cd635
Crazy forceSum in boxOfActin.MyoRod@4751208a
Crazy forceSum in boxOfActin.MyoRod@28b0834
Crazy forceSum in boxOfActin.MyoRod@27c6ef00
Crazy forceSum in boxOfActin.MyoRod@124e38b3
Crazy forceSum in boxOfActin.MyoRod@5c550f00
Crazy forceSum in boxOfActin.MyoRod@6c57616
Crazy forceSum in boxOfActin.MyoRod@16eb3721
Crazy forceSum in boxOfActin.MyoRod@75831eef
Crazy forceSum in boxOfActin.MyoRod@1da2250
Crazy forceSum in boxOfActin.MyoRod@2c0281bb
Crazy forceSum in boxOfActin.MyoRod@631fe925
Crazy forceSum in boxOfActin.MyoRod@e86f7cf
Crazy forceSum in boxOfActin.MyoMiniFilament@2d5e069b
Crazy torqueSum in boxOfActin.MyoMiniFilament@2d5e069b
Crazy forceSum in boxOfActin.MyoRod@27a66deb
Crazy forceSum in boxOfActin.MyoRod@62a4f77b
Crazy forceSum in boxOfActin.MyoRod@3f135f6a
Crazy forceSum in boxOfActin.MyoRod@530cd635
Crazy forceSum in boxOfActin.MyoRod@4751208a
Crazy forceSum in boxOfActin.MyoRod@28b0834
Crazy forceSum in boxOfActin.MyoRod@27c6ef00
Crazy forceSum in boxOfActin.MyoRod@124e38b3
Crazy forceSum in boxOfActin.MyoRod@5c550f00
Crazy forceSum in boxOfActin.MyoRod@6c57616
Crazy forceSum in boxOfActin.MyoRod@16eb3721
Crazy forceSum in boxOfActin.MyoRod@75831eef
Crazy forceSum in boxOfActin.MyoRod@1da2250
Crazy forceSum in boxOfActin.MyoRod@2c0281bb
Crazy forceSum in boxOfActin.MyoRod@631fe925
Crazy forceSum in boxOfActin.MyoRod@e86f7cf
Crazy forceSum in boxOfActin.MyoMiniFilament@2d5e069b
Crazy torqueSum in boxOfActin.MyoMiniFilament@2d5e069b
Crazy forceSum in boxOfActin.MyoRod@27a66deb
Crazy forceSum in boxOfActin.MyoRod@62a4f77b
Crazy forceSum in boxOfActin.MyoRod@3f135f6a
Crazy forceSum in boxOfActin.MyoRod@530cd635
Crazy forceSum in boxOfActin.MyoRod@4751208a
Crazy forceSum in boxOfActin.MyoRod@28b0834
Crazy forceSum in boxOfActin.MyoRod@27c6ef00
Crazy forceSum in boxOfActin.MyoRod@124e38b3
Crazy forceSum in boxOfActin.MyoRod@5c550f00
Crazy forceSum in boxOfActin.MyoRod@6c57616
Crazy forceSum in boxOfActin.MyoRod@16eb3721
Crazy forceSum in boxOfActin.MyoRod@75831eef
Crazy forceSum in boxOfActin.MyoRod@1da2250
Crazy forceSum in boxOfActin.MyoRod@2c0281bb
Crazy forceSum in boxOfActin.MyoRod@631fe925
Crazy forceSum in boxOfActin.MyoRod@e86f7cf
Crazy forceSum in boxOfActin.MyoMiniFilament@2d5e069b
Crazy torqueSum in boxOfActin.MyoMiniFilament@2d5e069b
Crazy forceSum in boxOfActin.MyoRod@27a66deb
Crazy forceSum in boxOfActin.MyoRod@62a4f77b
Crazy forceSum in boxOfActin.MyoRod@3f135f6a
Crazy forceSum in boxOfActin.MyoRod@530cd635
Crazy forceSum in boxOfActin.MyoRod@4751208a
Crazy forceSum in boxOfActin.MyoRod@28b0834
Crazy forceSum in boxOfActin.MyoRod@27c6ef00
Crazy forceSum in boxOfActin.MyoRod@124e38b3
Crazy forceSum in boxOfActin.MyoRod@5c550f00
Crazy forceSum in boxOfActin.MyoRod@6c57616
Crazy forceSum in boxOfActin.MyoRod@16eb3721
Crazy forceSum in boxOfActin.MyoRod@75831eef
Crazy forceSum in boxOfActin.MyoRod@1da2250
Crazy forceSum in boxOfActin.MyoRod@2c0281bb
Crazy forceSum in boxOfActin.MyoRod@631fe925
Crazy forceSum in boxOfActin.MyoRod@e86f7cf
Crazy forceSum in boxOfActin.MyoMiniFilament@2d5e069b
Crazy torqueSum in boxOfActin.MyoMiniFilament@2d5e069b
Crazy forceSum in boxOfActin.MyoRod@27a66deb
Crazy forceSum in boxOfActin.MyoRod@62a4f77b
Crazy forceSum in boxOfActin.MyoRod@3f135f6a
Crazy forceSum in boxOfActin.MyoRod@530cd635
Crazy forceSum in boxOfActin.MyoRod@4751208a
Crazy forceSum in boxOfActin.MyoRod@28b0834
Crazy forceSum in boxOfActin.MyoRod@27c6ef00
Crazy forceSum in boxOfActin.MyoRod@124e38b3
Crazy forceSum in boxOfActin.MyoRod@5c550f00
Crazy forceSum in boxOfActin.MyoRod@6c57616
Crazy forceSum in boxOfActin.MyoRod@16eb3721
Crazy forceSum in boxOfActin.MyoRod@75831eef
Crazy forceSum in boxOfActin.MyoRod@1da2250
Crazy forceSum in boxOfActin.MyoRod@2c0281bb
Crazy forceSum in boxOfActin.MyoRod@631fe925
Crazy forceSum in boxOfActin.MyoRod@e86f7cf
Crazy forceSum in boxOfActin.MyoMiniFilament@2d5e069b
Crazy torqueSum in boxOfActin.MyoMiniFilament@2d5e069b
Crazy forceSum in boxOfActin.MyoRod@27a66deb
Crazy forceSum in boxOfActin.MyoRod@62a4f77b
Crazy forceSum in boxOfActin.MyoRod@3f135f6a
Crazy forceSum in boxOfActin.MyoRod@530cd635
Crazy forceSum in boxOfActin.MyoRod@4751208a
Crazy forceSum in boxOfActin.MyoRod@28b0834
Crazy forceSum in boxOfActin.MyoRod@27c6ef00
Crazy forceSum in boxOfActin.MyoRod@124e38b3
Crazy forceSum in boxOfActin.MyoRod@5c550f00
Crazy forceSum in boxOfActin.MyoRod@6c57616
Crazy forceSum in boxOfActin.MyoRod@16eb3721
Crazy forceSum in boxOfActin.MyoRod@75831eef
Crazy forceSum in boxOfActin.MyoRod@1da2250
Crazy forceSum in boxOfActin.MyoRod@2c0281bb
Crazy forceSum in boxOfActin.MyoRod@631fe925
Crazy forceSum in boxOfActin.MyoRod@e86f7cf
Crazy forceSum in boxOfActin.MyoMiniFilament@2d5e069b
Crazy torqueSum in boxOfActin.MyoMiniFilament@2d5e069b
Crazy forceSum in boxOfActin.MyoRod@27a66deb
Crazy forceSum in boxOfActin.MyoRod@62a4f77b
Crazy forceSum in boxOfActin.MyoRod@3f135f6a
Crazy forceSum in boxOfActin.MyoRod@530cd635
Crazy forceSum in boxOfActin.MyoRod@4751208a
Crazy forceSum in boxOfActin.MyoRod@28b0834
Crazy forceSum in boxOfActin.MyoRod@27c6ef00
Crazy forceSum in boxOfActin.MyoRod@124e38b3
Crazy forceSum in boxOfActin.MyoRod@5c550f00
Crazy forceSum in boxOfActin.MyoRod@6c57616
Crazy forceSum in boxOfActin.MyoRod@16eb3721
Crazy forceSum in boxOfActin.MyoRod@75831eef
Crazy forceSum in boxOfActin.MyoRod@1da2250
Crazy forceSum in boxOfActin.MyoRod@2c0281bb
Crazy forceSum in boxOfActin.MyoRod@631fe925
Crazy forceSum in boxOfActin.MyoRod@e86f7cf
Crazy forceSum in boxOfActin.MyoMiniFilament@2d5e069b
Crazy torqueSum in boxOfActin.MyoMiniFilament@2d5e069b
Crazy forceSum in boxOfActin.MyoRod@27a66deb
Crazy forceSum in boxOfActin.MyoRod@62a4f77b
Crazy forceSum in boxOfActin.MyoRod@3f135f6a
Crazy forceSum in boxOfActin.MyoRod@530cd635
Crazy forceSum in boxOfActin.MyoRod@4751208a
Crazy forceSum in boxOfActin.MyoRod@28b0834
Crazy forceSum in boxOfActin.MyoRod@27c6ef00
Crazy forceSum in boxOfActin.MyoRod@124e38b3
Crazy forceSum in boxOfActin.MyoRod@5c550f00
Crazy forceSum in boxOfActin.MyoRod@6c57616
Crazy forceSum in boxOfActin.MyoRod@16eb3721
Crazy forceSum in boxOfActin.MyoRod@75831eef
Crazy forceSum in boxOfActin.MyoRod@1da2250
Crazy forceSum in boxOfActin.MyoRod@2c0281bb
Crazy forceSum in boxOfActin.MyoRod@631fe925
Crazy forceSum in boxOfActin.MyoRod@e86f7cf
Crazy forceSum in boxOfActin.MyoMiniFilament@2d5e069b
Crazy torqueSum in boxOfActin.MyoMiniFilament@2d5e069b
Crazy forceSum in boxOfActin.MyoRod@27a66deb
Crazy forceSum in boxOfActin.MyoRod@62a4f77b
Crazy forceSum in boxOfActin.MyoRod@3f135f6a
Crazy forceSum in boxOfActin.MyoRod@530cd635
Crazy forceSum in boxOfActin.MyoRod@4751208a
Crazy forceSum in boxOfActin.MyoRod@28b0834
Crazy forceSum in boxOfActin.MyoRod@27c6ef00
Crazy forceSum in boxOfActin.MyoRod@124e38b3
Crazy forceSum in boxOfActin.MyoRod@5c550f00
Crazy forceSum in boxOfActin.MyoRod@6c57616
Crazy forceSum in boxOfActin.MyoRod@16eb3721
Crazy forceSum in boxOfActin.MyoRod@75831eef
Crazy forceSum in boxOfActin.MyoRod@1da2250
Crazy forceSum in boxOfActin.MyoRod@2c0281bb
Crazy forceSum in boxOfActin.MyoRod@631fe925
Crazy forceSum in boxOfActin.MyoRod@e86f7cf
Crazy forceSum in boxOfActin.MyoMiniFilament@2d5e069b
Crazy torqueSum in boxOfActin.MyoMiniFilament@2d5e069b
Crazy forceSum in boxOfActin.MyoRod@27a66deb
Crazy forceSum in boxOfActin.MyoRod@62a4f77b
Crazy forceSum in boxOfActin.MyoRod@3f135f6a
Crazy forceSum in boxOfActin.MyoRod@530cd635
Crazy forceSum in boxOfActin.MyoRod@4751208a
Crazy forceSum in boxOfActin.MyoRod@28b0834
Crazy forceSum in boxOfActin.MyoRod@27c6ef00
Crazy forceSum in boxOfActin.MyoRod@124e38b3
Crazy forceSum in boxOfActin.MyoRod@5c550f00
Crazy forceSum in boxOfActin.MyoRod@6c57616
Crazy forceSum in boxOfActin.MyoRod@16eb3721
Crazy forceSum in boxOfActin.MyoRod@75831eef
Crazy forceSum in boxOfActin.MyoRod@1da2250
Crazy forceSum in boxOfActin.MyoRod@2c0281bb
Crazy forceSum in boxOfActin.MyoRod@631fe925
Crazy forceSum in boxOfActin.MyoRod@e86f7cf
Crazy forceSum in boxOfActin.MyoMiniFilament@2d5e069b
Crazy torqueSum in boxOfActin.MyoMiniFilament@2d5e069b
Crazy forceSum in boxOfActin.MyoRod@27a66deb
Crazy forceSum in boxOfActin.MyoRod@62a4f77b
Crazy forceSum in boxOfActin.MyoRod@3f135f6a
Crazy forceSum in boxOfActin.MyoRod@530cd635
Crazy forceSum in boxOfActin.MyoRod@4751208a
Crazy forceSum in boxOfActin.MyoRod@28b0834
Crazy forceSum in boxOfActin.MyoRod@27c6ef00
Crazy forceSum in boxOfActin.MyoRod@124e38b3
Crazy forceSum in boxOfActin.MyoRod@5c550f00
Crazy forceSum in boxOfActin.MyoRod@6c57616
Crazy forceSum in boxOfActin.MyoRod@16eb3721
Crazy forceSum in boxOfActin.MyoRod@75831eef
Crazy forceSum in boxOfActin.MyoRod@1da2250
Crazy forceSum in boxOfActin.MyoRod@2c0281bb
Crazy forceSum in boxOfActin.MyoRod@631fe925
Crazy forceSum in boxOfActin.MyoRod@e86f7cf
Crazy forceSum in boxOfActin.MyoMiniFilament@2d5e069b
Crazy torqueSum in boxOfActin.MyoMiniFilament@2d5e069b
Crazy forceSum in boxOfActin.MyoRod@27a66deb
Crazy forceSum in boxOfActin.MyoRod@62a4f77b
Crazy forceSum in boxOfActin.MyoRod@3f135f6a
Crazy forceSum in boxOfActin.MyoRod@530cd635
Crazy forceSum in boxOfActin.MyoRod@4751208a
Crazy forceSum in boxOfActin.MyoRod@28b0834
Crazy forceSum in boxOfActin.MyoRod@27c6ef00
Crazy forceSum in boxOfActin.MyoRod@124e38b3
Crazy forceSum in boxOfActin.MyoRod@5c550f00
Crazy forceSum in boxOfActin.MyoRod@6c57616
Crazy forceSum in boxOfActin.MyoRod@16eb3721
Crazy forceSum in boxOfActin.MyoRod@75831eef
Crazy forceSum in boxOfActin.MyoRod@1da2250
Crazy forceSum in boxOfActin.MyoRod@2c0281bb
Crazy forceSum in boxOfActin.MyoRod@631fe925
Crazy forceSum in boxOfActin.MyoRod@e86f7cf
Crazy forceSum in boxOfActin.MyoMiniFilament@2d5e069b
Crazy torqueSum in boxOfActin.MyoMiniFilament@2d5e069b
Crazy forceSum in boxOfActin.MyoRod@27a66deb
Crazy forceSum in boxOfActin.MyoRod@62a4f77b
Crazy forceSum in boxOfActin.MyoRod@3f135f6a
Crazy forceSum in boxOfActin.MyoRod@530cd635
Crazy forceSum in boxOfActin.MyoRod@4751208a
Crazy forceSum in boxOfActin.MyoRod@28b0834
Crazy forceSum in boxOfActin.MyoRod@27c6ef00
Crazy forceSum in boxOfActin.MyoRod@124e38b3
Crazy forceSum in boxOfActin.MyoRod@5c550f00
Crazy forceSum in boxOfActin.MyoRod@6c57616
Crazy forceSum in boxOfActin.MyoRod@16eb3721
Crazy forceSum in boxOfActin.MyoRod@75831eef
Crazy forceSum in boxOfActin.MyoRod@1da2250
Crazy forceSum in boxOfActin.MyoRod@2c0281bb
Crazy forceSum in boxOfActin.MyoRod@631fe925
Crazy forceSum in boxOfActin.MyoRod@e86f7cf
Crazy forceSum in boxOfActin.MyoMiniFilament@2d5e069b
Crazy torqueSum in boxOfActin.MyoMiniFilament@2d5e069b
Crazy forceSum in boxOfActin.MyoRod@27a66deb
Crazy forceSum in boxOfActin.MyoRod@62a4f77b
Crazy forceSum in boxOfActin.MyoRod@3f135f6a
Crazy forceSum in boxOfActin.MyoRod@530cd635
Crazy forceSum in boxOfActin.MyoRod@4751208a
Crazy forceSum in boxOfActin.MyoRod@28b0834
Crazy forceSum in boxOfActin.MyoRod@27c6ef00
Crazy forceSum in boxOfActin.MyoRod@124e38b3
Crazy forceSum in boxOfActin.MyoRod@5c550f00
Crazy forceSum in boxOfActin.MyoRod@6c57616
Crazy forceSum in boxOfActin.MyoRod@16eb3721
Crazy forceSum in boxOfActin.MyoRod@75831eef
Crazy forceSum in boxOfActin.MyoRod@1da2250
Crazy forceSum in boxOfActin.MyoRod@2c0281bb
Crazy forceSum in boxOfActin.MyoRod@631fe925
Crazy forceSum in boxOfActin.MyoRod@e86f7cf
Crazy forceSum in boxOfActin.MyoMiniFilament@2d5e069b
Crazy torqueSum in boxOfActin.MyoMiniFilament@2d5e069b
Crazy forceSum in boxOfActin.MyoRod@27a66deb
Crazy forceSum in boxOfActin.MyoRod@62a4f77b
Crazy forceSum in boxOfActin.MyoRod@3f135f6a
Crazy forceSum in boxOfActin.MyoRod@530cd635
Crazy forceSum in boxOfActin.MyoRod@4751208a
Crazy forceSum in boxOfActin.MyoRod@28b0834
Crazy forceSum in boxOfActin.MyoRod@27c6ef00
Crazy forceSum in boxOfActin.MyoRod@124e38b3
Crazy forceSum in boxOfActin.MyoRod@5c550f00
Crazy forceSum in boxOfActin.MyoRod@6c57616
Crazy forceSum in boxOfActin.MyoRod@16eb3721
Crazy forceSum in boxOfActin.MyoRod@75831eef
Crazy forceSum in boxOfActin.MyoRod@1da2250
Crazy forceSum in boxOfActin.MyoRod@2c0281bb
Crazy forceSum in boxOfActin.MyoRod@631fe925
Crazy forceSum in boxOfActin.MyoRod@e86f7cf
Crazy forceSum in boxOfActin.MyoMiniFilament@2d5e069b
Crazy torqueSum in boxOfActin.MyoMiniFilament@2d5e069b
Crazy forceSum in boxOfActin.MyoRod@27a66deb
Crazy forceSum in boxOfActin.MyoRod@62a4f77b
Crazy forceSum in boxOfActin.MyoRod@3f135f6a
Crazy forceSum in boxOfActin.MyoRod@530cd635
Crazy forceSum in boxOfActin.MyoRod@4751208a
Crazy forceSum in boxOfActin.MyoRod@28b0834
Crazy forceSum in boxOfActin.MyoRod@27c6ef00
Crazy forceSum in boxOfActin.MyoRod@124e38b3
Crazy forceSum in boxOfActin.MyoRod@5c550f00
Crazy forceSum in boxOfActin.MyoRod@6c57616
Crazy forceSum in boxOfActin.MyoRod@16eb3721
Crazy forceSum in boxOfActin.MyoRod@75831eef
Crazy forceSum in boxOfActin.MyoRod@1da2250
Crazy forceSum in boxOfActin.MyoRod@2c0281bb
Crazy forceSum in boxOfActin.MyoRod@631fe925
Crazy forceSum in boxOfActin.MyoRod@e86f7cf
Crazy forceSum in boxOfActin.MyoMiniFilament@2d5e069b
Crazy torqueSum in boxOfActin.MyoMiniFilament@2d5e069b
Crazy forceSum in boxOfActin.MyoRod@27a66deb
Crazy forceSum in boxOfActin.MyoRod@62a4f77b
Crazy forceSum in boxOfActin.MyoRod@3f135f6a
Crazy forceSum in boxOfActin.MyoRod@530cd635
Crazy forceSum in boxOfActin.MyoRod@4751208a
Crazy forceSum in boxOfActin.MyoRod@28b0834
Crazy forceSum in boxOfActin.MyoRod@27c6ef00
Crazy forceSum in boxOfActin.MyoRod@124e38b3
Crazy forceSum in boxOfActin.MyoRod@5c550f00
Crazy forceSum in boxOfActin.MyoRod@6c57616
Crazy forceSum in boxOfActin.MyoRod@16eb3721
Crazy forceSum in boxOfActin.MyoRod@75831eef
Crazy forceSum in boxOfActin.MyoRod@1da2250
Crazy forceSum in boxOfActin.MyoRod@2c0281bb
Crazy forceSum in boxOfActin.MyoRod@631fe925
Crazy forceSum in boxOfActin.MyoRod@e86f7cf
Crazy forceSum in boxOfActin.MyoMiniFilament@2d5e069b
Crazy torqueSum in boxOfActin.MyoMiniFilament@2d5e069b
Crazy forceSum in boxOfActin.MyoRod@27a66deb
Crazy forceSum in boxOfActin.MyoRod@62a4f77b
Crazy forceSum in boxOfActin.MyoRod@3f135f6a
Crazy forceSum in boxOfActin.MyoRod@530cd635
Crazy forceSum in boxOfActin.MyoRod@4751208a
Crazy forceSum in boxOfActin.MyoRod@28b0834
Crazy forceSum in boxOfActin.MyoRod@27c6ef00
Crazy forceSum in boxOfActin.MyoRod@124e38b3
Crazy forceSum in boxOfActin.MyoRod@5c550f00
Crazy forceSum in boxOfActin.MyoRod@6c57616
Crazy forceSum in boxOfActin.MyoRod@16eb3721
Crazy forceSum in boxOfActin.MyoRod@75831eef
Crazy forceSum in boxOfActin.MyoRod@1da2250
Crazy forceSum in boxOfActin.MyoRod@2c0281bb
Crazy forceSum in boxOfActin.MyoRod@631fe925
Crazy forceSum in boxOfActin.MyoRod@e86f7cf
Crazy forceSum in boxOfActin.MyoMiniFilament@2d5e069b
Crazy torqueSum in boxOfActin.MyoMiniFilament@2d5e069b
Crazy forceSum in boxOfActin.MyoRod@27a66deb
Crazy forceSum in boxOfActin.MyoRod@62a4f77b
Crazy forceSum in boxOfActin.MyoRod@3f135f6a
Crazy forceSum in boxOfActin.MyoRod@530cd635
Crazy forceSum in boxOfActin.MyoRod@4751208a
Crazy forceSum in boxOfActin.MyoRod@28b0834
Crazy forceSum in boxOfActin.MyoRod@27c6ef00
Crazy forceSum in boxOfActin.MyoRod@124e38b3
Crazy forceSum in boxOfActin.MyoRod@5c550f00
Crazy forceSum in boxOfActin.MyoRod@6c57616
Crazy forceSum in boxOfActin.MyoRod@16eb3721
Crazy forceSum in boxOfActin.MyoRod@75831eef
Crazy forceSum in boxOfActin.MyoRod@1da2250
Crazy forceSum in boxOfActin.MyoRod@2c0281bb
Crazy forceSum in boxOfActin.MyoRod@631fe925
Crazy forceSum in boxOfActin.MyoRod@e86f7cf
Crazy forceSum in boxOfActin.MyoMiniFilament@2d5e069b
Crazy torqueSum in boxOfActin.MyoMiniFilament@2d5e069b
Crazy forceSum in boxOfActin.MyoRod@27a66deb
Crazy forceSum in boxOfActin.MyoRod@62a4f77b
Crazy forceSum in boxOfActin.MyoRod@3f135f6a
Crazy forceSum in boxOfActin.MyoRod@530cd635
Crazy forceSum in boxOfActin.MyoRod@4751208a
Crazy forceSum in boxOfActin.MyoRod@28b0834
Crazy forceSum in boxOfActin.MyoRod@27c6ef00
Crazy forceSum in boxOfActin.MyoRod@124e38b3
Crazy forceSum in boxOfActin.MyoRod@5c550f00
Crazy forceSum in boxOfActin.MyoRod@6c57616
Crazy forceSum in boxOfActin.MyoRod@16eb3721
Crazy forceSum in boxOfActin.MyoRod@75831eef
Crazy forceSum in boxOfActin.MyoRod@1da2250
Crazy forceSum in boxOfActin.MyoRod@2c0281bb
Crazy forceSum in boxOfActin.MyoRod@631fe925
Crazy forceSum in boxOfActin.MyoRod@e86f7cf
Crazy forceSum in boxOfActin.MyoMiniFilament@2d5e069b
Crazy torqueSum in boxOfActin.MyoMiniFilament@2d5e069b
Crazy forceSum in boxOfActin.MyoRod@27a66deb
Crazy forceSum in boxOfActin.MyoRod@62a4f77b
Crazy forceSum in boxOfActin.MyoRod@3f135f6a
Crazy forceSum in boxOfActin.MyoRod@530cd635
Crazy forceSum in boxOfActin.MyoRod@4751208a
Crazy forceSum in boxOfActin.MyoRod@28b0834
Crazy forceSum in boxOfActin.MyoRod@27c6ef00
Crazy forceSum in boxOfActin.MyoRod@124e38b3
Crazy forceSum in boxOfActin.MyoRod@5c550f00
Crazy forceSum in boxOfActin.MyoRod@6c57616
Crazy forceSum in boxOfActin.MyoRod@16eb3721
Crazy forceSum in boxOfActin.MyoRod@75831eef
Crazy forceSum in boxOfActin.MyoRod@1da2250
Crazy forceSum in boxOfActin.MyoRod@2c0281bb
Crazy forceSum in boxOfActin.MyoRod@631fe925
Crazy forceSum in boxOfActin.MyoRod@e86f7cf
Crazy forceSum in boxOfActin.MyoMiniFilament@2d5e069b
Crazy torqueSum in boxOfActin.MyoMiniFilament@2d5e069b
Crazy forceSum in boxOfActin.MyoRod@27a66deb
Crazy forceSum in boxOfActin.MyoRod@62a4f77b
Crazy forceSum in boxOfActin.MyoRod@3f135f6a
Crazy forceSum in boxOfActin.MyoRod@530cd635
Crazy forceSum in boxOfActin.MyoRod@4751208a
Crazy forceSum in boxOfActin.MyoRod@28b0834
Crazy forceSum in boxOfActin.MyoRod@27c6ef00
Crazy forceSum in boxOfActin.MyoRod@124e38b3
Crazy forceSum in boxOfActin.MyoRod@5c550f00
Crazy forceSum in boxOfActin.MyoRod@6c57616
Crazy forceSum in boxOfActin.MyoRod@16eb3721
Crazy forceSum in boxOfActin.MyoRod@75831eef
Crazy forceSum in boxOfActin.MyoRod@1da2250
Crazy forceSum in boxOfActin.MyoRod@2c0281bb
Crazy forceSum in boxOfActin.MyoRod@631fe925
Crazy forceSum in boxOfActin.MyoRod@e86f7cf
Crazy forceSum in boxOfActin.MyoMiniFilament@2d5e069b
Crazy torqueSum in boxOfActin.MyoMiniFilament@2d5e069b
Crazy forceSum in boxOfActin.MyoRod@27a66deb
Crazy forceSum in boxOfActin.MyoRod@62a4f77b
Crazy forceSum in boxOfActin.MyoRod@3f135f6a
Crazy forceSum in boxOfActin.MyoRod@530cd635
Crazy forceSum in boxOfActin.MyoRod@4751208a
Crazy forceSum in boxOfActin.MyoRod@28b0834
Crazy forceSum in boxOfActin.MyoRod@27c6ef00
Crazy forceSum in boxOfActin.MyoRod@124e38b3
Crazy forceSum in boxOfActin.MyoRod@5c550f00
Crazy forceSum in boxOfActin.MyoRod@6c57616
Crazy forceSum in boxOfActin.MyoRod@16eb3721
Crazy forceSum in boxOfActin.MyoRod@75831eef
Crazy forceSum in boxOfActin.MyoRod@1da2250
Crazy forceSum in boxOfActin.MyoRod@2c0281bb
Crazy forceSum in boxOfActin.MyoRod@631fe925
Crazy forceSum in boxOfActin.MyoRod@e86f7cf
Crazy forceSum in boxOfActin.MyoMiniFilament@2d5e069b
Crazy torqueSum in boxOfActin.MyoMiniFilament@2d5e069b
Crazy forceSum in boxOfActin.MyoRod@27a66deb
Crazy forceSum in boxOfActin.MyoRod@62a4f77b
Crazy forceSum in boxOfActin.MyoRod@3f135f6a
Crazy forceSum in boxOfActin.MyoRod@530cd635
Crazy forceSum in boxOfActin.MyoRod@4751208a
Crazy forceSum in boxOfActin.MyoRod@28b0834
Crazy forceSum in boxOfActin.MyoRod@27c6ef00
Crazy forceSum in boxOfActin.MyoRod@124e38b3
Crazy forceSum in boxOfActin.MyoRod@5c550f00
Crazy forceSum in boxOfActin.MyoRod@6c57616
Crazy forceSum in boxOfActin.MyoRod@16eb3721
Crazy forceSum in boxOfActin.MyoRod@75831eef
Crazy forceSum in boxOfActin.MyoRod@1da2250
Crazy forceSum in boxOfActin.MyoRod@2c0281bb
Crazy forceSum in boxOfActin.MyoRod@631fe925
Crazy forceSum in boxOfActin.MyoRod@e86f7cf
Crazy forceSum in boxOfActin.MyoMiniFilament@2d5e069b
Crazy torqueSum in boxOfActin.MyoMiniFilament@2d5e069b
Crazy forceSum in boxOfActin.MyoRod@27a66deb
Crazy forceSum in boxOfActin.MyoRod@62a4f77b
Crazy forceSum in boxOfActin.MyoRod@3f135f6a
Crazy forceSum in boxOfActin.MyoRod@530cd635
Crazy forceSum in boxOfActin.MyoRod@4751208a
Crazy forceSum in boxOfActin.MyoRod@28b0834
Crazy forceSum in boxOfActin.MyoRod@27c6ef00
Crazy forceSum in boxOfActin.MyoRod@124e38b3
Crazy forceSum in boxOfActin.MyoRod@5c550f00
Crazy forceSum in boxOfActin.MyoRod@6c57616
Crazy forceSum in boxOfActin.MyoRod@16eb3721
Crazy forceSum in boxOfActin.MyoRod@75831eef
Crazy forceSum in boxOfActin.MyoRod@1da2250
Crazy forceSum in boxOfActin.MyoRod@2c0281bb
Crazy forceSum in boxOfActin.MyoRod@631fe925
Crazy forceSum in boxOfActin.MyoRod@e86f7cf
Crazy forceSum in boxOfActin.MyoMiniFilament@2d5e069b
Crazy torqueSum in boxOfActin.MyoMiniFilament@2d5e069b
Crazy forceSum in boxOfActin.MyoRod@27a66deb
Crazy forceSum in boxOfActin.MyoRod@62a4f77b
Crazy forceSum in boxOfActin.MyoRod@3f135f6a
Crazy forceSum in boxOfActin.MyoRod@530cd635
Crazy forceSum in boxOfActin.MyoRod@4751208a
Crazy forceSum in boxOfActin.MyoRod@28b0834
Crazy forceSum in boxOfActin.MyoRod@27c6ef00
Crazy forceSum in boxOfActin.MyoRod@124e38b3
Crazy forceSum in boxOfActin.MyoRod@5c550f00
Crazy forceSum in boxOfActin.MyoRod@6c57616
Crazy forceSum in boxOfActin.MyoRod@16eb3721
Crazy forceSum in boxOfActin.MyoRod@75831eef
Crazy forceSum in boxOfActin.MyoRod@1da2250
Crazy forceSum in boxOfActin.MyoRod@2c0281bb
Crazy forceSum in boxOfActin.MyoRod@631fe925
Crazy forceSum in boxOfActin.MyoRod@e86f7cf
Crazy forceSum in boxOfActin.MyoMiniFilament@2d5e069b
Crazy torqueSum in boxOfActin.MyoMiniFilament@2d5e069b
Crazy forceSum in boxOfActin.MyoRod@27a66deb
Crazy forceSum in boxOfActin.MyoRod@62a4f77b
Crazy forceSum in boxOfActin.MyoRod@3f135f6a
Crazy forceSum in boxOfActin.MyoRod@530cd635
Crazy forceSum in boxOfActin.MyoRod@4751208a
Crazy forceSum in boxOfActin.MyoRod@28b0834
Crazy forceSum in boxOfActin.MyoRod@27c6ef00
Crazy forceSum in boxOfActin.MyoRod@124e38b3
Crazy forceSum in boxOfActin.MyoRod@5c550f00
Crazy forceSum in boxOfActin.MyoRod@6c57616
Crazy forceSum in boxOfActin.MyoRod@16eb3721
Crazy forceSum in boxOfActin.MyoRod@75831eef
Crazy forceSum in boxOfActin.MyoRod@1da2250
Crazy forceSum in boxOfActin.MyoRod@2c0281bb
Crazy forceSum in boxOfActin.MyoRod@631fe925
Crazy forceSum in boxOfActin.MyoRod@e86f7cf
Crazy forceSum in boxOfActin.MyoMiniFilament@2d5e069b
Crazy torqueSum in boxOfActin.MyoMiniFilament@2d5e069b
Crazy forceSum in boxOfActin.MyoRod@27a66deb
Crazy forceSum in boxOfActin.MyoRod@62a4f77b
Crazy forceSum in boxOfActin.MyoRod@3f135f6a
Crazy forceSum in boxOfActin.MyoRod@530cd635
Crazy forceSum in boxOfActin.MyoRod@4751208a
Crazy forceSum in boxOfActin.MyoRod@28b0834
Crazy forceSum in boxOfActin.MyoRod@27c6ef00
Crazy forceSum in boxOfActin.MyoRod@124e38b3
Crazy forceSum in boxOfActin.MyoRod@5c550f00
Crazy forceSum in boxOfActin.MyoRod@6c57616
Crazy forceSum in boxOfActin.MyoRod@16eb3721
Crazy forceSum in boxOfActin.MyoRod@75831eef
Crazy forceSum in boxOfActin.MyoRod@1da2250
Crazy forceSum in boxOfActin.MyoRod@2c0281bb
Crazy forceSum in boxOfActin.MyoRod@631fe925
Crazy forceSum in boxOfActin.MyoRod@e86f7cf
Crazy forceSum in boxOfActin.MyoMiniFilament@2d5e069b
Crazy torqueSum in boxOfActin.MyoMiniFilament@2d5e069b
Crazy forceSum in boxOfActin.MyoRod@27a66deb
Crazy forceSum in boxOfActin.MyoRod@62a4f77b
Crazy forceSum in boxOfActin.MyoRod@3f135f6a
Crazy forceSum in boxOfActin.MyoRod@530cd635
Crazy forceSum in boxOfActin.MyoRod@4751208a
Crazy forceSum in boxOfActin.MyoRod@28b0834
Crazy forceSum in boxOfActin.MyoRod@27c6ef00
Crazy forceSum in boxOfActin.MyoRod@124e38b3
Crazy forceSum in boxOfActin.MyoRod@5c550f00
Crazy forceSum in boxOfActin.MyoRod@6c57616
Crazy forceSum in boxOfActin.MyoRod@16eb3721
Crazy forceSum in boxOfActin.MyoRod@75831eef
Crazy forceSum in boxOfActin.MyoRod@1da2250
Crazy forceSum in boxOfActin.MyoRod@2c0281bb
Crazy forceSum in boxOfActin.MyoRod@631fe925
Crazy forceSum in boxOfActin.MyoRod@e86f7cf
Crazy forceSum in boxOfActin.MyoMiniFilament@2d5e069b
Crazy torqueSum in boxOfActin.MyoMiniFilament@2d5e069b
Crazy forceSum in boxOfActin.MyoRod@27a66deb
Crazy forceSum in boxOfActin.MyoRod@62a4f77b
Crazy forceSum in boxOfActin.MyoRod@3f135f6a
Crazy forceSum in boxOfActin.MyoRod@530cd635
Crazy forceSum in boxOfActin.MyoRod@4751208a
Crazy forceSum in boxOfActin.MyoRod@28b0834
Crazy forceSum in boxOfActin.MyoRod@27c6ef00
Crazy forceSum in boxOfActin.MyoRod@124e38b3
Crazy forceSum in boxOfActin.MyoRod@5c550f00
Crazy forceSum in boxOfActin.MyoRod@6c57616
Crazy forceSum in boxOfActin.MyoRod@16eb3721
Crazy forceSum in boxOfActin.MyoRod@75831eef
Crazy forceSum in boxOfActin.MyoRod@1da2250
Crazy forceSum in boxOfActin.MyoRod@2c0281bb
Crazy forceSum in boxOfActin.MyoRod@631fe925
Crazy forceSum in boxOfActin.MyoRod@e86f7cf
Crazy forceSum in boxOfActin.MyoMiniFilament@2d5e069b
Crazy torqueSum in boxOfActin.MyoMiniFilament@2d5e069b
Crazy forceSum in boxOfActin.MyoRod@27a66deb
Crazy forceSum in boxOfActin.MyoRod@62a4f77b
Crazy forceSum in boxOfActin.MyoRod@3f135f6a
Crazy forceSum in boxOfActin.MyoRod@530cd635
Crazy forceSum in boxOfActin.MyoRod@4751208a
Crazy forceSum in boxOfActin.MyoRod@28b0834
Crazy forceSum in boxOfActin.MyoRod@27c6ef00
Crazy forceSum in boxOfActin.MyoRod@124e38b3
Crazy forceSum in boxOfActin.MyoRod@5c550f00
Crazy forceSum in boxOfActin.MyoRod@6c57616
Crazy forceSum in boxOfActin.MyoRod@16eb3721
Crazy forceSum in boxOfActin.MyoRod@75831eef
Crazy forceSum in boxOfActin.MyoRod@1da2250
Crazy forceSum in boxOfActin.MyoRod@2c0281bb
Crazy forceSum in boxOfActin.MyoRod@631fe925
Crazy forceSum in boxOfActin.MyoRod@e86f7cf
Crazy forceSum in boxOfActin.MyoMiniFilament@2d5e069b
Crazy torqueSum in boxOfActin.MyoMiniFilament@2d5e069b
Crazy forceSum in boxOfActin.MyoRod@27a66deb
Crazy forceSum in boxOfActin.MyoRod@62a4f77b
Crazy forceSum in boxOfActin.MyoRod@3f135f6a
Crazy forceSum in boxOfActin.MyoRod@530cd635
Crazy forceSum in boxOfActin.MyoRod@4751208a
Crazy forceSum in boxOfActin.MyoRod@28b0834
Crazy forceSum in boxOfActin.MyoRod@27c6ef00
Crazy forceSum in boxOfActin.MyoRod@124e38b3
Crazy forceSum in boxOfActin.MyoRod@5c550f00
Crazy forceSum in boxOfActin.MyoRod@6c57616
Crazy forceSum in boxOfActin.MyoRod@16eb3721
Crazy forceSum in boxOfActin.MyoRod@75831eef
Crazy forceSum in boxOfActin.MyoRod@1da2250
Crazy forceSum in boxOfActin.MyoRod@2c0281bb
Crazy forceSum in boxOfActin.MyoRod@631fe925
Crazy forceSum in boxOfActin.MyoRod@e86f7cf
Crazy forceSum in boxOfActin.MyoMiniFilament@2d5e069b
Crazy torqueSum in boxOfActin.MyoMiniFilament@2d5e069b
Crazy forceSum in boxOfActin.MyoRod@27a66deb
Crazy forceSum in boxOfActin.MyoRod@62a4f77b
Crazy forceSum in boxOfActin.MyoRod@3f135f6a
Crazy forceSum in boxOfActin.MyoRod@530cd635
Crazy forceSum in boxOfActin.MyoRod@4751208a
Crazy forceSum in boxOfActin.MyoRod@28b0834
Crazy forceSum in boxOfActin.MyoRod@27c6ef00
Crazy forceSum in boxOfActin.MyoRod@124e38b3
Crazy forceSum in boxOfActin.MyoRod@5c550f00
Crazy forceSum in boxOfActin.MyoRod@6c57616
Crazy forceSum in boxOfActin.MyoRod@16eb3721
Crazy forceSum in boxOfActin.MyoRod@75831eef
Crazy forceSum in boxOfActin.MyoRod@1da2250
Crazy forceSum in boxOfActin.MyoRod@2c0281bb
Crazy forceSum in boxOfActin.MyoRod@631fe925
Crazy forceSum in boxOfActin.MyoRod@e86f7cf
Crazy forceSum in boxOfActin.MyoMiniFilament@2d5e069b
Crazy torqueSum in boxOfActin.MyoMiniFilament@2d5e069b
Crazy forceSum in boxOfActin.MyoRod@27a66deb
Crazy forceSum in boxOfActin.MyoRod@62a4f77b
Crazy forceSum in boxOfActin.MyoRod@3f135f6a
Crazy forceSum in boxOfActin.MyoRod@530cd635
Crazy forceSum in boxOfActin.MyoRod@4751208a
Crazy forceSum in boxOfActin.MyoRod@28b0834
Crazy forceSum in boxOfActin.MyoRod@27c6ef00
Crazy forceSum in boxOfActin.MyoRod@124e38b3
Crazy forceSum in boxOfActin.MyoRod@5c550f00
Crazy forceSum in boxOfActin.MyoRod@6c57616
Crazy forceSum in boxOfActin.MyoRod@16eb3721
Crazy forceSum in boxOfActin.MyoRod@75831eef
Crazy forceSum in boxOfActin.MyoRod@1da2250
Crazy forceSum in boxOfActin.MyoRod@2c0281bb
Crazy forceSum in boxOfActin.MyoRod@631fe925
Crazy forceSum in boxOfActin.MyoRod@e86f7cf
Crazy forceSum in boxOfActin.MyoMiniFilament@2d5e069b
Crazy torqueSum in boxOfActin.MyoMiniFilament@2d5e069b
Crazy forceSum in boxOfActin.MyoRod@27a66deb
Crazy forceSum in boxOfActin.MyoRod@62a4f77b
Crazy forceSum in boxOfActin.MyoRod@3f135f6a
Crazy forceSum in boxOfActin.MyoRod@530cd635
Crazy forceSum in boxOfActin.MyoRod@4751208a
Crazy forceSum in boxOfActin.MyoRod@28b0834
Crazy forceSum in boxOfActin.MyoRod@27c6ef00
Crazy forceSum in boxOfActin.MyoRod@124e38b3
Crazy forceSum in boxOfActin.MyoRod@5c550f00
Crazy forceSum in boxOfActin.MyoRod@6c57616
Crazy forceSum in boxOfActin.MyoRod@16eb3721
Crazy forceSum in boxOfActin.MyoRod@75831eef
Crazy forceSum in boxOfActin.MyoRod@1da2250
Crazy forceSum in boxOfActin.MyoRod@2c0281bb
Crazy forceSum in boxOfActin.MyoRod@631fe925
Crazy forceSum in boxOfActin.MyoRod@e86f7cf
Crazy forceSum in boxOfActin.MyoMiniFilament@2d5e069b
Crazy torqueSum in boxOfActin.MyoMiniFilament@2d5e069b
Crazy forceSum in boxOfActin.MyoRod@27a66deb
Crazy forceSum in boxOfActin.MyoRod@62a4f77b
Crazy forceSum in boxOfActin.MyoRod@3f135f6a
Crazy forceSum in boxOfActin.MyoRod@530cd635
Crazy forceSum in boxOfActin.MyoRod@4751208a
Crazy forceSum in boxOfActin.MyoRod@28b0834
Crazy forceSum in boxOfActin.MyoRod@27c6ef00
Crazy forceSum in boxOfActin.MyoRod@124e38b3
Crazy forceSum in boxOfActin.MyoRod@5c550f00
Crazy forceSum in boxOfActin.MyoRod@6c57616
Crazy forceSum in boxOfActin.MyoRod@16eb3721
Crazy forceSum in boxOfActin.MyoRod@75831eef
Crazy forceSum in boxOfActin.MyoRod@1da2250
Crazy forceSum in boxOfActin.MyoRod@2c0281bb
Crazy forceSum in boxOfActin.MyoRod@631fe925
Crazy forceSum in boxOfActin.MyoRod@e86f7cf
Crazy forceSum in boxOfActin.MyoMiniFilament@2d5e069b
Crazy torqueSum in boxOfActin.MyoMiniFilament@2d5e069b
Crazy forceSum in boxOfActin.MyoRod@27a66deb
Crazy forceSum in boxOfActin.MyoRod@62a4f77b
Crazy forceSum in boxOfActin.MyoRod@3f135f6a
Crazy forceSum in boxOfActin.MyoRod@530cd635
Crazy forceSum in boxOfActin.MyoRod@4751208a
Crazy forceSum in boxOfActin.MyoRod@28b0834
Crazy forceSum in boxOfActin.MyoRod@27c6ef00
Crazy forceSum in boxOfActin.MyoRod@124e38b3
Crazy forceSum in boxOfActin.MyoRod@5c550f00
Crazy forceSum in boxOfActin.MyoRod@6c57616
Crazy forceSum in boxOfActin.MyoRod@16eb3721
Crazy forceSum in boxOfActin.MyoRod@75831eef
Crazy forceSum in boxOfActin.MyoRod@1da2250
Crazy forceSum in boxOfActin.MyoRod@2c0281bb
Crazy forceSum in boxOfActin.MyoRod@631fe925
Crazy forceSum in boxOfActin.MyoRod@e86f7cf
Crazy forceSum in boxOfActin.MyoMiniFilament@2d5e069b
Crazy torqueSum in boxOfActin.MyoMiniFilament@2d5e069b
Crazy forceSum in boxOfActin.MyoRod@27a66deb
Crazy forceSum in boxOfActin.MyoRod@62a4f77b
Crazy forceSum in boxOfActin.MyoRod@3f135f6a
Crazy forceSum in boxOfActin.MyoRod@530cd635
Crazy forceSum in boxOfActin.MyoRod@4751208a
Crazy forceSum in boxOfActin.MyoRod@28b0834
Crazy forceSum in boxOfActin.MyoRod@27c6ef00
Crazy forceSum in boxOfActin.MyoRod@124e38b3
Crazy forceSum in boxOfActin.MyoRod@5c550f00
Crazy forceSum in boxOfActin.MyoRod@6c57616
Crazy forceSum in boxOfActin.MyoRod@16eb3721
Crazy forceSum in boxOfActin.MyoRod@75831eef
Crazy forceSum in boxOfActin.MyoRod@1da2250
Crazy forceSum in boxOfActin.MyoRod@2c0281bb
Crazy forceSum in boxOfActin.MyoRod@631fe925
Crazy forceSum in boxOfActin.MyoRod@e86f7cf
Crazy forceSum in boxOfActin.MyoMiniFilament@2d5e069b
Crazy torqueSum in boxOfActin.MyoMiniFilament@2d5e069b
Crazy forceSum in boxOfActin.MyoRod@27a66deb
Crazy forceSum in boxOfActin.MyoRod@62a4f77b
Crazy forceSum in boxOfActin.MyoRod@3f135f6a
Crazy forceSum in boxOfActin.MyoRod@530cd635
Crazy forceSum in boxOfActin.MyoRod@4751208a
Crazy forceSum in boxOfActin.MyoRod@28b0834
Crazy forceSum in boxOfActin.MyoRod@27c6ef00
Crazy forceSum in boxOfActin.MyoRod@124e38b3
Crazy forceSum in boxOfActin.MyoRod@5c550f00
Crazy forceSum in boxOfActin.MyoRod@6c57616
Crazy forceSum in boxOfActin.MyoRod@16eb3721
Crazy forceSum in boxOfActin.MyoRod@75831eef
Crazy forceSum in boxOfActin.MyoRod@1da2250
Crazy forceSum in boxOfActin.MyoRod@2c0281bb
Crazy forceSum in boxOfActin.MyoRod@631fe925
Crazy forceSum in boxOfActin.MyoRod@e86f7cf
Crazy forceSum in boxOfActin.MyoMiniFilament@2d5e069b
Crazy torqueSum in boxOfActin.MyoMiniFilament@2d5e069b
Crazy forceSum in boxOfActin.MyoRod@27a66deb
Crazy forceSum in boxOfActin.MyoRod@62a4f77b
Crazy forceSum in boxOfActin.MyoRod@3f135f6a
Crazy forceSum in boxOfActin.MyoRod@530cd635
Crazy forceSum in boxOfActin.MyoRod@4751208a
Crazy forceSum in boxOfActin.MyoRod@28b0834
Crazy forceSum in boxOfActin.MyoRod@27c6ef00
Crazy forceSum in boxOfActin.MyoRod@124e38b3
Crazy forceSum in boxOfActin.MyoRod@5c550f00
Crazy forceSum in boxOfActin.MyoRod@6c57616
Crazy forceSum in boxOfActin.MyoRod@16eb3721
Crazy forceSum in boxOfActin.MyoRod@75831eef
Crazy forceSum in boxOfActin.MyoRod@1da2250
Crazy forceSum in boxOfActin.MyoRod@2c0281bb
Crazy forceSum in boxOfActin.MyoRod@631fe925
Crazy forceSum in boxOfActin.MyoRod@e86f7cf
Crazy forceSum in boxOfActin.MyoMiniFilament@2d5e069b
Crazy torqueSum in boxOfActin.MyoMiniFilament@2d5e069b
Crazy forceSum in boxOfActin.MyoRod@27a66deb
Crazy forceSum in boxOfActin.MyoRod@62a4f77b
Crazy forceSum in boxOfActin.MyoRod@3f135f6a
Crazy forceSum in boxOfActin.MyoRod@530cd635
Crazy forceSum in boxOfActin.MyoRod@4751208a
Crazy forceSum in boxOfActin.MyoRod@28b0834
Crazy forceSum in boxOfActin.MyoRod@27c6ef00
Crazy forceSum in boxOfActin.MyoRod@124e38b3
Crazy forceSum in boxOfActin.MyoRod@5c550f00
Crazy forceSum in boxOfActin.MyoRod@6c57616
Crazy forceSum in boxOfActin.MyoRod@16eb3721
Crazy forceSum in boxOfActin.MyoRod@75831eef
Crazy forceSum in boxOfActin.MyoRod@1da2250
Crazy forceSum in boxOfActin.MyoRod@2c0281bb
Crazy forceSum in boxOfActin.MyoRod@631fe925
Crazy forceSum in boxOfActin.MyoRod@e86f7cf
Crazy forceSum in boxOfActin.MyoMiniFilament@2d5e069b
Crazy torqueSum in boxOfActin.MyoMiniFilament@2d5e069b
Crazy forceSum in boxOfActin.MyoRod@27a66deb
Crazy forceSum in boxOfActin.MyoRod@62a4f77b
Crazy forceSum in boxOfActin.MyoRod@3f135f6a
Crazy forceSum in boxOfActin.MyoRod@530cd635
Crazy forceSum in boxOfActin.MyoRod@4751208a
Crazy forceSum in boxOfActin.MyoRod@28b0834
Crazy forceSum in boxOfActin.MyoRod@27c6ef00
Crazy forceSum in boxOfActin.MyoRod@124e38b3
Crazy forceSum in boxOfActin.MyoRod@5c550f00
Crazy forceSum in boxOfActin.MyoRod@6c57616
Crazy forceSum in boxOfActin.MyoRod@16eb3721
Crazy forceSum in boxOfActin.MyoRod@75831eef
Crazy forceSum in boxOfActin.MyoRod@1da2250
Crazy forceSum in boxOfActin.MyoRod@2c0281bb
Crazy forceSum in boxOfActin.MyoRod@631fe925
Crazy forceSum in boxOfActin.MyoRod@e86f7cf
Crazy forceSum in boxOfActin.MyoMiniFilament@2d5e069b
Crazy torqueSum in boxOfActin.MyoMiniFilament@2d5e069b
Crazy forceSum in boxOfActin.MyoRod@27a66deb
Crazy forceSum in boxOfActin.MyoRod@62a4f77b
Crazy forceSum in boxOfActin.MyoRod@3f135f6a
Crazy forceSum in boxOfActin.MyoRod@530cd635
Crazy forceSum in boxOfActin.MyoRod@4751208a
Crazy forceSum in boxOfActin.MyoRod@28b0834
Crazy forceSum in boxOfActin.MyoRod@27c6ef00
Crazy forceSum in boxOfActin.MyoRod@124e38b3
Crazy forceSum in boxOfActin.MyoRod@5c550f00
Crazy forceSum in boxOfActin.MyoRod@6c57616
Crazy forceSum in boxOfActin.MyoRod@16eb3721
Crazy forceSum in boxOfActin.MyoRod@75831eef
Crazy forceSum in boxOfActin.MyoRod@1da2250
Crazy forceSum in boxOfActin.MyoRod@2c0281bb
Crazy forceSum in boxOfActin.MyoRod@631fe925
Crazy forceSum in boxOfActin.MyoRod@e86f7cf
Crazy forceSum in boxOfActin.MyoMiniFilament@2d5e069b
Crazy torqueSum in boxOfActin.MyoMiniFilament@2d5e069b
Crazy forceSum in boxOfActin.MyoRod@27a66deb
Crazy forceSum in boxOfActin.MyoRod@62a4f77b
Crazy forceSum in boxOfActin.MyoRod@3f135f6a
Crazy forceSum in boxOfActin.MyoRod@530cd635
Crazy forceSum in boxOfActin.MyoRod@4751208a
Crazy forceSum in boxOfActin.MyoRod@28b0834
Crazy forceSum in boxOfActin.MyoRod@27c6ef00
Crazy forceSum in boxOfActin.MyoRod@124e38b3
Crazy forceSum in boxOfActin.MyoRod@5c550f00
Crazy forceSum in boxOfActin.MyoRod@6c57616
Crazy forceSum in boxOfActin.MyoRod@16eb3721
Crazy forceSum in boxOfActin.MyoRod@75831eef
Crazy forceSum in boxOfActin.MyoRod@1da2250
Crazy forceSum in boxOfActin.MyoRod@2c0281bb
Crazy forceSum in boxOfActin.MyoRod@631fe925
Crazy forceSum in boxOfActin.MyoRod@e86f7cf
Crazy forceSum in boxOfActin.MyoMiniFilament@2d5e069b
Crazy torqueSum in boxOfActin.MyoMiniFilament@2d5e069b
Crazy forceSum in boxOfActin.MyoRod@27a66deb
Crazy forceSum in boxOfActin.MyoRod@62a4f77b
Crazy forceSum in boxOfActin.MyoRod@3f135f6a
Crazy forceSum in boxOfActin.MyoRod@530cd635
Crazy forceSum in boxOfActin.MyoRod@4751208a
Crazy forceSum in boxOfActin.MyoRod@28b0834
Crazy forceSum in boxOfActin.MyoRod@27c6ef00
Crazy forceSum in boxOfActin.MyoRod@124e38b3
Crazy forceSum in boxOfActin.MyoRod@5c550f00
Crazy forceSum in boxOfActin.MyoRod@6c57616
Crazy forceSum in boxOfActin.MyoRod@16eb3721
Crazy forceSum in boxOfActin.MyoRod@75831eef
Crazy forceSum in boxOfActin.MyoRod@1da2250
Crazy forceSum in boxOfActin.MyoRod@2c0281bb
Crazy forceSum in boxOfActin.MyoRod@631fe925
Crazy forceSum in boxOfActin.MyoRod@e86f7cf
Crazy forceSum in boxOfActin.MyoMiniFilament@2d5e069b
Crazy torqueSum in boxOfActin.MyoMiniFilament@2d5e069b
Crazy forceSum in boxOfActin.MyoRod@27a66deb
Crazy forceSum in boxOfActin.MyoRod@62a4f77b
Crazy forceSum in boxOfActin.MyoRod@3f135f6a
Crazy forceSum in boxOfActin.MyoRod@530cd635
Crazy forceSum in boxOfActin.MyoRod@4751208a
Crazy forceSum in boxOfActin.MyoRod@28b0834
Crazy forceSum in boxOfActin.MyoRod@27c6ef00
Crazy forceSum in boxOfActin.MyoRod@124e38b3
Crazy forceSum in boxOfActin.MyoRod@5c550f00
Crazy forceSum in boxOfActin.MyoRod@6c57616
Crazy forceSum in boxOfActin.MyoRod@16eb3721
Crazy forceSum in boxOfActin.MyoRod@75831eef
Crazy forceSum in boxOfActin.MyoRod@1da2250
Crazy forceSum in boxOfActin.MyoRod@2c0281bb
Crazy forceSum in boxOfActin.MyoRod@631fe925
Crazy forceSum in boxOfActin.MyoRod@e86f7cf
Crazy forceSum in boxOfActin.MyoMiniFilament@2d5e069b
Crazy torqueSum in boxOfActin.MyoMiniFilament@2d5e069b
Crazy forceSum in boxOfActin.MyoRod@27a66deb
Crazy forceSum in boxOfActin.MyoRod@62a4f77b
Crazy forceSum in boxOfActin.MyoRod@3f135f6a
Crazy forceSum in boxOfActin.MyoRod@530cd635
Crazy forceSum in boxOfActin.MyoRod@4751208a
Crazy forceSum in boxOfActin.MyoRod@28b0834
Crazy forceSum in boxOfActin.MyoRod@27c6ef00
Crazy forceSum in boxOfActin.MyoRod@124e38b3
Crazy forceSum in boxOfActin.MyoRod@5c550f00
Crazy forceSum in boxOfActin.MyoRod@6c57616
Crazy forceSum in boxOfActin.MyoRod@16eb3721
Crazy forceSum in boxOfActin.MyoRod@75831eef
Crazy forceSum in boxOfActin.MyoRod@1da2250
Crazy forceSum in boxOfActin.MyoRod@2c0281bb
Crazy forceSum in boxOfActin.MyoRod@631fe925
Crazy forceSum in boxOfActin.MyoRod@e86f7cf
Crazy forceSum in boxOfActin.MyoMiniFilament@2d5e069b
Crazy torqueSum in boxOfActin.MyoMiniFilament@2d5e069b
Crazy forceSum in boxOfActin.MyoRod@27a66deb
Crazy forceSum in boxOfActin.MyoRod@62a4f77b
Crazy forceSum in boxOfActin.MyoRod@3f135f6a
Crazy forceSum in boxOfActin.MyoRod@530cd635
Crazy forceSum in boxOfActin.MyoRod@4751208a
Crazy forceSum in boxOfActin.MyoRod@28b0834
Crazy forceSum in boxOfActin.MyoRod@27c6ef00
Crazy forceSum in boxOfActin.MyoRod@124e38b3
Crazy forceSum in boxOfActin.MyoRod@5c550f00
Crazy forceSum in boxOfActin.MyoRod@6c57616
Crazy forceSum in boxOfActin.MyoRod@16eb3721
Crazy forceSum in boxOfActin.MyoRod@75831eef
Crazy forceSum in boxOfActin.MyoRod@1da2250
Crazy forceSum in boxOfActin.MyoRod@2c0281bb
Crazy forceSum in boxOfActin.MyoRod@631fe925
Crazy forceSum in boxOfActin.MyoRod@e86f7cf
Crazy forceSum in boxOfActin.MyoMiniFilament@2d5e069b
Crazy torqueSum in boxOfActin.MyoMiniFilament@2d5e069b
Crazy forceSum in boxOfActin.MyoRod@27a66deb
Crazy forceSum in boxOfActin.MyoRod@62a4f77b
Crazy forceSum in boxOfActin.MyoRod@3f135f6a
Crazy forceSum in boxOfActin.MyoRod@530cd635
Crazy forceSum in boxOfActin.MyoRod@4751208a
Crazy forceSum in boxOfActin.MyoRod@28b0834
Crazy forceSum in boxOfActin.MyoRod@27c6ef00
Crazy forceSum in boxOfActin.MyoRod@124e38b3
Crazy forceSum in boxOfActin.MyoRod@5c550f00
Crazy forceSum in boxOfActin.MyoRod@6c57616
Crazy forceSum in boxOfActin.MyoRod@16eb3721
Crazy forceSum in boxOfActin.MyoRod@75831eef
Crazy forceSum in boxOfActin.MyoRod@1da2250
Crazy forceSum in boxOfActin.MyoRod@2c0281bb
Crazy forceSum in boxOfActin.MyoRod@631fe925
Crazy forceSum in boxOfActin.MyoRod@e86f7cf
Crazy forceSum in boxOfActin.MyoMiniFilament@2d5e069b
Crazy torqueSum in boxOfActin.MyoMiniFilament@2d5e069b
Crazy forceSum in boxOfActin.MyoRod@27a66deb
Crazy forceSum in boxOfActin.MyoRod@62a4f77b
Crazy forceSum in boxOfActin.MyoRod@3f135f6a
Crazy forceSum in boxOfActin.MyoRod@530cd635
Crazy forceSum in boxOfActin.MyoRod@4751208a
Crazy forceSum in boxOfActin.MyoRod@28b0834
Crazy forceSum in boxOfActin.MyoRod@27c6ef00
Crazy forceSum in boxOfActin.MyoRod@124e38b3
Crazy forceSum in boxOfActin.MyoRod@5c550f00
Crazy forceSum in boxOfActin.MyoRod@6c57616
Crazy forceSum in boxOfActin.MyoRod@16eb3721
Crazy forceSum in boxOfActin.MyoRod@75831eef
Crazy forceSum in boxOfActin.MyoRod@1da2250
Crazy forceSum in boxOfActin.MyoRod@2c0281bb
Crazy forceSum in boxOfActin.MyoRod@631fe925
Crazy forceSum in boxOfActin.MyoRod@e86f7cf
Crazy forceSum in boxOfActin.MyoMiniFilament@2d5e069b
Crazy torqueSum in boxOfActin.MyoMiniFilament@2d5e069b
Crazy forceSum in boxOfActin.MyoRod@27a66deb
Crazy forceSum in boxOfActin.MyoRod@62a4f77b
Crazy forceSum in boxOfActin.MyoRod@3f135f6a
Crazy forceSum in boxOfActin.MyoRod@530cd635
Crazy forceSum in boxOfActin.MyoRod@4751208a
Crazy forceSum in boxOfActin.MyoRod@28b0834
Crazy forceSum in boxOfActin.MyoRod@27c6ef00
Crazy forceSum in boxOfActin.MyoRod@124e38b3
Crazy forceSum in boxOfActin.MyoRod@5c550f00
Crazy forceSum in boxOfActin.MyoRod@6c57616
Crazy forceSum in boxOfActin.MyoRod@16eb3721
Crazy forceSum in boxOfActin.MyoRod@75831eef
Crazy forceSum in boxOfActin.MyoRod@1da2250
Crazy forceSum in boxOfActin.MyoRod@2c0281bb
Crazy forceSum in boxOfActin.MyoRod@631fe925
Crazy forceSum in boxOfActin.MyoRod@e86f7cf
Crazy forceSum in boxOfActin.MyoMiniFilament@2d5e069b
Crazy torqueSum in boxOfActin.MyoMiniFilament@2d5e069b
Crazy forceSum in boxOfActin.MyoRod@27a66deb
Crazy forceSum in boxOfActin.MyoRod@62a4f77b
Crazy forceSum in boxOfActin.MyoRod@3f135f6a
Crazy forceSum in boxOfActin.MyoRod@530cd635
Crazy forceSum in boxOfActin.MyoRod@4751208a
Crazy forceSum in boxOfActin.MyoRod@28b0834
Crazy forceSum in boxOfActin.MyoRod@27c6ef00
Crazy forceSum in boxOfActin.MyoRod@124e38b3
Crazy forceSum in boxOfActin.MyoRod@5c550f00
Crazy forceSum in boxOfActin.MyoRod@6c57616
Crazy forceSum in boxOfActin.MyoRod@16eb3721
Crazy forceSum in boxOfActin.MyoRod@75831eef
Crazy forceSum in boxOfActin.MyoRod@1da2250
Crazy forceSum in boxOfActin.MyoRod@2c0281bb
Crazy forceSum in boxOfActin.MyoRod@631fe925
Crazy forceSum in boxOfActin.MyoRod@e86f7cf
Crazy forceSum in boxOfActin.MyoMiniFilament@2d5e069b
Crazy torqueSum in boxOfActin.MyoMiniFilament@2d5e069b
Crazy forceSum in boxOfActin.MyoRod@27a66deb
Crazy forceSum in boxOfActin.MyoRod@62a4f77b
Crazy forceSum in boxOfActin.MyoRod@3f135f6a
Crazy forceSum in boxOfActin.MyoRod@530cd635
Crazy forceSum in boxOfActin.MyoRod@4751208a
Crazy forceSum in boxOfActin.MyoRod@28b0834
Crazy forceSum in boxOfActin.MyoRod@27c6ef00
Crazy forceSum in boxOfActin.MyoRod@124e38b3
Crazy forceSum in boxOfActin.MyoRod@5c550f00
Crazy forceSum in boxOfActin.MyoRod@6c57616
Crazy forceSum in boxOfActin.MyoRod@16eb3721
Crazy forceSum in boxOfActin.MyoRod@75831eef
Crazy forceSum in boxOfActin.MyoRod@1da2250
Crazy forceSum in boxOfActin.MyoRod@2c0281bb
Crazy forceSum in boxOfActin.MyoRod@631fe925
Crazy forceSum in boxOfActin.MyoRod@e86f7cf
Crazy forceSum in boxOfActin.MyoMiniFilament@2d5e069b
Crazy torqueSum in boxOfActin.MyoMiniFilament@2d5e069b
Crazy forceSum in boxOfActin.MyoRod@27a66deb
Crazy forceSum in boxOfActin.MyoRod@62a4f77b
Crazy forceSum in boxOfActin.MyoRod@3f135f6a
Crazy forceSum in boxOfActin.MyoRod@530cd635
Crazy forceSum in boxOfActin.MyoRod@4751208a
Crazy forceSum in boxOfActin.MyoRod@28b0834
Crazy forceSum in boxOfActin.MyoRod@27c6ef00
Crazy forceSum in boxOfActin.MyoRod@124e38b3
Crazy forceSum in boxOfActin.MyoRod@5c550f00
Crazy forceSum in boxOfActin.MyoRod@6c57616
Crazy forceSum in boxOfActin.MyoRod@16eb3721
Crazy forceSum in boxOfActin.MyoRod@75831eef
Crazy forceSum in boxOfActin.MyoRod@1da2250
Crazy forceSum in boxOfActin.MyoRod@2c0281bb
Crazy forceSum in boxOfActin.MyoRod@631fe925
Crazy forceSum in boxOfActin.MyoRod@e86f7cf
Crazy forceSum in boxOfActin.MyoMiniFilament@2d5e069b
Crazy torqueSum in boxOfActin.MyoMiniFilament@2d5e069b
Crazy forceSum in boxOfActin.MyoRod@27a66deb
Crazy forceSum in boxOfActin.MyoRod@62a4f77b
Crazy forceSum in boxOfActin.MyoRod@3f135f6a
Crazy forceSum in boxOfActin.MyoRod@530cd635
Crazy forceSum in boxOfActin.MyoRod@4751208a
Crazy forceSum in boxOfActin.MyoRod@28b0834
Crazy forceSum in boxOfActin.MyoRod@27c6ef00
Crazy forceSum in boxOfActin.MyoRod@124e38b3
Crazy forceSum in boxOfActin.MyoRod@5c550f00
Crazy forceSum in boxOfActin.MyoRod@6c57616
Crazy forceSum in boxOfActin.MyoRod@16eb3721
Crazy forceSum in boxOfActin.MyoRod@75831eef
Crazy forceSum in boxOfActin.MyoRod@1da2250
Crazy forceSum in boxOfActin.MyoRod@2c0281bb
Crazy forceSum in boxOfActin.MyoRod@631fe925
Crazy forceSum in boxOfActin.MyoRod@e86f7cf
Crazy forceSum in boxOfActin.MyoMiniFilament@2d5e069b
Crazy torqueSum in boxOfActin.MyoMiniFilament@2d5e069b
Crazy forceSum in boxOfActin.MyoRod@27a66deb
Crazy forceSum in boxOfActin.MyoRod@62a4f77b
Crazy forceSum in boxOfActin.MyoRod@3f135f6a
Crazy forceSum in boxOfActin.MyoRod@530cd635
Crazy forceSum in boxOfActin.MyoRod@4751208a
Crazy forceSum in boxOfActin.MyoRod@28b0834
Crazy forceSum in boxOfActin.MyoRod@27c6ef00
Crazy forceSum in boxOfActin.MyoRod@124e38b3
Crazy forceSum in boxOfActin.MyoRod@5c550f00
Crazy forceSum in boxOfActin.MyoRod@6c57616
Crazy forceSum in boxOfActin.MyoRod@16eb3721
Crazy forceSum in boxOfActin.MyoRod@75831eef
Crazy forceSum in boxOfActin.MyoRod@1da2250
Crazy forceSum in boxOfActin.MyoRod@2c0281bb
Crazy forceSum in boxOfActin.MyoRod@631fe925
Crazy forceSum in boxOfActin.MyoRod@e86f7cf
Crazy forceSum in boxOfActin.MyoMiniFilament@2d5e069b
Crazy torqueSum in boxOfActin.MyoMiniFilament@2d5e069b
Crazy forceSum in boxOfActin.MyoRod@27a66deb
Crazy forceSum in boxOfActin.MyoRod@62a4f77b
Crazy forceSum in boxOfActin.MyoRod@3f135f6a
Crazy forceSum in boxOfActin.MyoRod@530cd635
Crazy forceSum in boxOfActin.MyoRod@4751208a
Crazy forceSum in boxOfActin.MyoRod@28b0834
Crazy forceSum in boxOfActin.MyoRod@27c6ef00
Crazy forceSum in boxOfActin.MyoRod@124e38b3
Crazy forceSum in boxOfActin.MyoRod@5c550f00
Crazy forceSum in boxOfActin.MyoRod@6c57616
Crazy forceSum in boxOfActin.MyoRod@16eb3721
Crazy forceSum in boxOfActin.MyoRod@75831eef
Crazy forceSum in boxOfActin.MyoRod@1da2250
Crazy forceSum in boxOfActin.MyoRod@2c0281bb
Crazy forceSum in boxOfActin.MyoRod@631fe925
Crazy forceSum in boxOfActin.MyoRod@e86f7cf
Crazy forceSum in boxOfActin.MyoMiniFilament@2d5e069b
Crazy torqueSum in boxOfActin.MyoMiniFilament@2d5e069b
Crazy forceSum in boxOfActin.MyoRod@27a66deb
Crazy forceSum in boxOfActin.MyoRod@62a4f77b
Crazy forceSum in boxOfActin.MyoRod@3f135f6a
Crazy forceSum in boxOfActin.MyoRod@530cd635
Crazy forceSum in boxOfActin.MyoRod@4751208a
Crazy forceSum in boxOfActin.MyoRod@28b0834
Crazy forceSum in boxOfActin.MyoRod@27c6ef00
Crazy forceSum in boxOfActin.MyoRod@124e38b3
Crazy forceSum in boxOfActin.MyoRod@5c550f00
Crazy forceSum in boxOfActin.MyoRod@6c57616
Crazy forceSum in boxOfActin.MyoRod@16eb3721
Crazy forceSum in boxOfActin.MyoRod@75831eef
Crazy forceSum in boxOfActin.MyoRod@1da2250
Crazy forceSum in boxOfActin.MyoRod@2c0281bb
Crazy forceSum in boxOfActin.MyoRod@631fe925
Crazy forceSum in boxOfActin.MyoRod@e86f7cf
Crazy forceSum in boxOfActin.MyoMiniFilament@2d5e069b
Crazy torqueSum in boxOfActin.MyoMiniFilament@2d5e069b
Crazy forceSum in boxOfActin.MyoRod@27a66deb
Crazy forceSum in boxOfActin.MyoRod@62a4f77b
Crazy forceSum in boxOfActin.MyoRod@3f135f6a
Crazy forceSum in boxOfActin.MyoRod@530cd635
Crazy forceSum in boxOfActin.MyoRod@4751208a
Crazy forceSum in boxOfActin.MyoRod@28b0834
Crazy forceSum in boxOfActin.MyoRod@27c6ef00
Crazy forceSum in boxOfActin.MyoRod@124e38b3
Crazy forceSum in boxOfActin.MyoRod@5c550f00
Crazy forceSum in boxOfActin.MyoRod@6c57616
Crazy forceSum in boxOfActin.MyoRod@16eb3721
Crazy forceSum in boxOfActin.MyoRod@75831eef
Crazy forceSum in boxOfActin.MyoRod@1da2250
Crazy forceSum in boxOfActin.MyoRod@2c0281bb
Crazy forceSum in boxOfActin.MyoRod@631fe925
Crazy forceSum in boxOfActin.MyoRod@e86f7cf
Crazy forceSum in boxOfActin.MyoMiniFilament@2d5e069b
Crazy torqueSum in boxOfActin.MyoMiniFilament@2d5e069b
Crazy forceSum in boxOfActin.MyoRod@27a66deb
Crazy forceSum in boxOfActin.MyoRod@62a4f77b
Crazy forceSum in boxOfActin.MyoRod@3f135f6a
Crazy forceSum in boxOfActin.MyoRod@530cd635
Crazy forceSum in boxOfActin.MyoRod@4751208a
Crazy forceSum in boxOfActin.MyoRod@28b0834
Crazy forceSum in boxOfActin.MyoRod@27c6ef00
Crazy forceSum in boxOfActin.MyoRod@124e38b3
Crazy forceSum in boxOfActin.MyoRod@5c550f00
Crazy forceSum in boxOfActin.MyoRod@6c57616
Crazy forceSum in boxOfActin.MyoRod@16eb3721
Crazy forceSum in boxOfActin.MyoRod@75831eef
Crazy forceSum in boxOfActin.MyoRod@1da2250
Crazy forceSum in boxOfActin.MyoRod@2c0281bb
Crazy forceSum in boxOfActin.MyoRod@631fe925
Crazy forceSum in boxOfActin.MyoRod@e86f7cf
Crazy forceSum in boxOfActin.MyoMiniFilament@2d5e069b
Crazy torqueSum in boxOfActin.MyoMiniFilament@2d5e069b
Crazy forceSum in boxOfActin.MyoRod@27a66deb
Crazy forceSum in boxOfActin.MyoRod@62a4f77b
Crazy forceSum in boxOfActin.MyoRod@3f135f6a
Crazy forceSum in boxOfActin.MyoRod@530cd635
Crazy forceSum in boxOfActin.MyoRod@4751208a
Crazy forceSum in boxOfActin.MyoRod@28b0834
Crazy forceSum in boxOfActin.MyoRod@27c6ef00
Crazy forceSum in boxOfActin.MyoRod@124e38b3
Crazy forceSum in boxOfActin.MyoRod@5c550f00
Crazy forceSum in boxOfActin.MyoRod@6c57616
Crazy forceSum in boxOfActin.MyoRod@16eb3721
Crazy forceSum in boxOfActin.MyoRod@75831eef
Crazy forceSum in boxOfActin.MyoRod@1da2250
Crazy forceSum in boxOfActin.MyoRod@2c0281bb
Crazy forceSum in boxOfActin.MyoRod@631fe925
Crazy forceSum in boxOfActin.MyoRod@e86f7cf
Crazy forceSum in boxOfActin.MyoMiniFilament@2d5e069b
Crazy torqueSum in boxOfActin.MyoMiniFilament@2d5e069b
Crazy forceSum in boxOfActin.MyoRod@27a66deb
Crazy forceSum in boxOfActin.MyoRod@62a4f77b
Crazy forceSum in boxOfActin.MyoRod@3f135f6a
Crazy forceSum in boxOfActin.MyoRod@530cd635
Crazy forceSum in boxOfActin.MyoRod@4751208a
Crazy forceSum in boxOfActin.MyoRod@28b0834
Crazy forceSum in boxOfActin.MyoRod@27c6ef00
Crazy forceSum in boxOfActin.MyoRod@124e38b3
Crazy forceSum in boxOfActin.MyoRod@5c550f00
Crazy forceSum in boxOfActin.MyoRod@6c57616
Crazy forceSum in boxOfActin.MyoRod@16eb3721
Crazy forceSum in boxOfActin.MyoRod@75831eef
Crazy forceSum in boxOfActin.MyoRod@1da2250
Crazy forceSum in boxOfActin.MyoRod@2c0281bb
Crazy forceSum in boxOfActin.MyoRod@631fe925
Crazy forceSum in boxOfActin.MyoRod@e86f7cf
Crazy forceSum in boxOfActin.MyoMiniFilament@2d5e069b
Crazy torqueSum in boxOfActin.MyoMiniFilament@2d5e069b
Crazy forceSum in boxOfActin.MyoRod@27a66deb
Crazy forceSum in boxOfActin.MyoRod@62a4f77b
Crazy forceSum in boxOfActin.MyoRod@3f135f6a
Crazy forceSum in boxOfActin.MyoRod@530cd635
Crazy forceSum in boxOfActin.MyoRod@4751208a
Crazy forceSum in boxOfActin.MyoRod@28b0834
Crazy forceSum in boxOfActin.MyoRod@27c6ef00
Crazy forceSum in boxOfActin.MyoRod@124e38b3
Crazy forceSum in boxOfActin.MyoRod@5c550f00
Crazy forceSum in boxOfActin.MyoRod@6c57616
Crazy forceSum in boxOfActin.MyoRod@16eb3721
Crazy forceSum in boxOfActin.MyoRod@75831eef
Crazy forceSum in boxOfActin.MyoRod@1da2250
Crazy forceSum in boxOfActin.MyoRod@2c0281bb
Crazy forceSum in boxOfActin.MyoRod@631fe925
Crazy forceSum in boxOfActin.MyoRod@e86f7cf
Crazy forceSum in boxOfActin.MyoMiniFilament@2d5e069b
Crazy torqueSum in boxOfActin.MyoMiniFilament@2d5e069b
Crazy forceSum in boxOfActin.MyoRod@27a66deb
Crazy forceSum in boxOfActin.MyoRod@62a4f77b
Crazy forceSum in boxOfActin.MyoRod@3f135f6a
Crazy forceSum in boxOfActin.MyoRod@530cd635
Crazy forceSum in boxOfActin.MyoRod@4751208a
Crazy forceSum in boxOfActin.MyoRod@28b0834
Crazy forceSum in boxOfActin.MyoRod@27c6ef00
Crazy forceSum in boxOfActin.MyoRod@124e38b3
Crazy forceSum in boxOfActin.MyoRod@5c550f00
Crazy forceSum in boxOfActin.MyoRod@6c57616
Crazy forceSum in boxOfActin.MyoRod@16eb3721
Crazy forceSum in boxOfActin.MyoRod@75831eef
Crazy forceSum in boxOfActin.MyoRod@1da2250
Crazy forceSum in boxOfActin.MyoRod@2c0281bb
Crazy forceSum in boxOfActin.MyoRod@631fe925
Crazy forceSum in boxOfActin.MyoRod@e86f7cf
Crazy forceSum in boxOfActin.MyoMiniFilament@2d5e069b
Crazy torqueSum in boxOfActin.MyoMiniFilament@2d5e069b
Crazy forceSum in boxOfActin.MyoRod@27a66deb
Crazy forceSum in boxOfActin.MyoRod@62a4f77b
Crazy forceSum in boxOfActin.MyoRod@3f135f6a
Crazy forceSum in boxOfActin.MyoRod@530cd635
Crazy forceSum in boxOfActin.MyoRod@4751208a
Crazy forceSum in boxOfActin.MyoRod@28b0834
Crazy forceSum in boxOfActin.MyoRod@27c6ef00
Crazy forceSum in boxOfActin.MyoRod@124e38b3
Crazy forceSum in boxOfActin.MyoRod@5c550f00
Crazy forceSum in boxOfActin.MyoRod@6c57616
Crazy forceSum in boxOfActin.MyoRod@16eb3721
Crazy forceSum in boxOfActin.MyoRod@75831eef
Crazy forceSum in boxOfActin.MyoRod@1da2250
Crazy forceSum in boxOfActin.MyoRod@2c0281bb
Crazy forceSum in boxOfActin.MyoRod@631fe925
Crazy forceSum in boxOfActin.MyoRod@e86f7cf
Crazy forceSum in boxOfActin.MyoMiniFilament@2d5e069b
Crazy torqueSum in boxOfActin.MyoMiniFilament@2d5e069b
Crazy forceSum in boxOfActin.MyoRod@27a66deb
Crazy forceSum in boxOfActin.MyoRod@62a4f77b
Crazy forceSum in boxOfActin.MyoRod@3f135f6a
Crazy forceSum in boxOfActin.MyoRod@530cd635
Crazy forceSum in boxOfActin.MyoRod@4751208a
Crazy forceSum in boxOfActin.MyoRod@28b0834
Crazy forceSum in boxOfActin.MyoRod@27c6ef00
Crazy forceSum in boxOfActin.MyoRod@124e38b3
Crazy forceSum in boxOfActin.MyoRod@5c550f00
Crazy forceSum in boxOfActin.MyoRod@6c57616
Crazy forceSum in boxOfActin.MyoRod@16eb3721
Crazy forceSum in boxOfActin.MyoRod@75831eef
Crazy forceSum in boxOfActin.MyoRod@1da2250
Crazy forceSum in boxOfActin.MyoRod@2c0281bb
Crazy forceSum in boxOfActin.MyoRod@631fe925
Crazy forceSum in boxOfActin.MyoRod@e86f7cf
Crazy forceSum in boxOfActin.MyoMiniFilament@2d5e069b
Crazy torqueSum in boxOfActin.MyoMiniFilament@2d5e069b
Crazy forceSum in boxOfActin.MyoRod@27a66deb
Crazy forceSum in boxOfActin.MyoRod@62a4f77b
Crazy forceSum in boxOfActin.MyoRod@3f135f6a
Crazy forceSum in boxOfActin.MyoRod@530cd635
Crazy forceSum in boxOfActin.MyoRod@4751208a
Crazy forceSum in boxOfActin.MyoRod@28b0834
Crazy forceSum in boxOfActin.MyoRod@27c6ef00
Crazy forceSum in boxOfActin.MyoRod@124e38b3
Crazy forceSum in boxOfActin.MyoRod@5c550f00
Crazy forceSum in boxOfActin.MyoRod@6c57616
Crazy forceSum in boxOfActin.MyoRod@16eb3721
Crazy forceSum in boxOfActin.MyoRod@75831eef
Crazy forceSum in boxOfActin.MyoRod@1da2250
Crazy forceSum in boxOfActin.MyoRod@2c0281bb
Crazy forceSum in boxOfActin.MyoRod@631fe925
Crazy forceSum in boxOfActin.MyoRod@e86f7cf
Crazy forceSum in boxOfActin.MyoMiniFilament@2d5e069b
Crazy torqueSum in boxOfActin.MyoMiniFilament@2d5e069b
Crazy forceSum in boxOfActin.MyoRod@27a66deb
Crazy forceSum in boxOfActin.MyoRod@62a4f77b
Crazy forceSum in boxOfActin.MyoRod@3f135f6a
Crazy forceSum in boxOfActin.MyoRod@530cd635
Crazy forceSum in boxOfActin.MyoRod@4751208a
Crazy forceSum in boxOfActin.MyoRod@28b0834
Crazy forceSum in boxOfActin.MyoRod@27c6ef00
Crazy forceSum in boxOfActin.MyoRod@124e38b3
Crazy forceSum in boxOfActin.MyoRod@5c550f00
Crazy forceSum in boxOfActin.MyoRod@6c57616
Crazy forceSum in boxOfActin.MyoRod@16eb3721
Crazy forceSum in boxOfActin.MyoRod@75831eef
Crazy forceSum in boxOfActin.MyoRod@1da2250
Crazy forceSum in boxOfActin.MyoRod@2c0281bb
Crazy forceSum in boxOfActin.MyoRod@631fe925
Crazy forceSum in boxOfActin.MyoRod@e86f7cf
Crazy forceSum in boxOfActin.MyoMiniFilament@2d5e069b
Crazy torqueSum in boxOfActin.MyoMiniFilament@2d5e069b
Crazy forceSum in boxOfActin.MyoRod@27a66deb
Crazy forceSum in boxOfActin.MyoRod@62a4f77b
Crazy forceSum in boxOfActin.MyoRod@3f135f6a
Crazy forceSum in boxOfActin.MyoRod@530cd635
Crazy forceSum in boxOfActin.MyoRod@4751208a
Crazy forceSum in boxOfActin.MyoRod@28b0834
Crazy forceSum in boxOfActin.MyoRod@27c6ef00
Crazy forceSum in boxOfActin.MyoRod@124e38b3
Crazy forceSum in boxOfActin.MyoRod@5c550f00
Crazy forceSum in boxOfActin.MyoRod@6c57616
Crazy forceSum in boxOfActin.MyoRod@16eb3721
Crazy forceSum in boxOfActin.MyoRod@75831eef
Crazy forceSum in boxOfActin.MyoRod@1da2250
Crazy forceSum in boxOfActin.MyoRod@2c0281bb
Crazy forceSum in boxOfActin.MyoRod@631fe925
Crazy forceSum in boxOfActin.MyoRod@e86f7cf
Crazy forceSum in boxOfActin.MyoMiniFilament@2d5e069b
Crazy torqueSum in boxOfActin.MyoMiniFilament@2d5e069b
Crazy forceSum in boxOfActin.MyoRod@27a66deb
Crazy forceSum in boxOfActin.MyoRod@62a4f77b
Crazy forceSum in boxOfActin.MyoRod@3f135f6a
Crazy forceSum in boxOfActin.MyoRod@530cd635
Crazy forceSum in boxOfActin.MyoRod@4751208a
Crazy forceSum in boxOfActin.MyoRod@28b0834
Crazy forceSum in boxOfActin.MyoRod@27c6ef00
Crazy forceSum in boxOfActin.MyoRod@124e38b3
Crazy forceSum in boxOfActin.MyoRod@5c550f00
Crazy forceSum in boxOfActin.MyoRod@6c57616
Crazy forceSum in boxOfActin.MyoRod@16eb3721
Crazy forceSum in boxOfActin.MyoRod@75831eef
Crazy forceSum in boxOfActin.MyoRod@1da2250
Crazy forceSum in boxOfActin.MyoRod@2c0281bb
Crazy forceSum in boxOfActin.MyoRod@631fe925
Crazy forceSum in boxOfActin.MyoRod@e86f7cf
Crazy forceSum in boxOfActin.MyoMiniFilament@2d5e069b
Crazy torqueSum in boxOfActin.MyoMiniFilament@2d5e069b
Crazy forceSum in boxOfActin.MyoRod@27a66deb
Crazy forceSum in boxOfActin.MyoRod@62a4f77b
Crazy forceSum in boxOfActin.MyoRod@3f135f6a
Crazy forceSum in boxOfActin.MyoRod@530cd635
Crazy forceSum in boxOfActin.MyoRod@4751208a
Crazy forceSum in boxOfActin.MyoRod@28b0834
Crazy forceSum in boxOfActin.MyoRod@27c6ef00
Crazy forceSum in boxOfActin.MyoRod@124e38b3
Crazy forceSum in boxOfActin.MyoRod@5c550f00
Crazy forceSum in boxOfActin.MyoRod@6c57616
Crazy forceSum in boxOfActin.MyoRod@16eb3721
Crazy forceSum in boxOfActin.MyoRod@75831eef
Crazy forceSum in boxOfActin.MyoRod@1da2250
Crazy forceSum in boxOfActin.MyoRod@2c0281bb
Crazy forceSum in boxOfActin.MyoRod@631fe925
Crazy forceSum in boxOfActin.MyoRod@e86f7cf
Crazy forceSum in boxOfActin.MyoMiniFilament@2d5e069b
Crazy torqueSum in boxOfActin.MyoMiniFilament@2d5e069b
Crazy forceSum in boxOfActin.MyoRod@27a66deb
Crazy forceSum in boxOfActin.MyoRod@62a4f77b
Crazy forceSum in boxOfActin.MyoRod@3f135f6a
Crazy forceSum in boxOfActin.MyoRod@530cd635
Crazy forceSum in boxOfActin.MyoRod@4751208a
Crazy forceSum in boxOfActin.MyoRod@28b0834
Crazy forceSum in boxOfActin.MyoRod@27c6ef00
Crazy forceSum in boxOfActin.MyoRod@124e38b3
Crazy forceSum in boxOfActin.MyoRod@5c550f00
Crazy forceSum in boxOfActin.MyoRod@6c57616
Crazy forceSum in boxOfActin.MyoRod@16eb3721
Crazy forceSum in boxOfActin.MyoRod@75831eef
Crazy forceSum in boxOfActin.MyoRod@1da2250
Crazy forceSum in boxOfActin.MyoRod@2c0281bb
Crazy forceSum in boxOfActin.MyoRod@631fe925
Crazy forceSum in boxOfActin.MyoRod@e86f7cf
Crazy forceSum in boxOfActin.MyoMiniFilament@2d5e069b
Crazy torqueSum in boxOfActin.MyoMiniFilament@2d5e069b
Crazy forceSum in boxOfActin.MyoRod@27a66deb
Crazy forceSum in boxOfActin.MyoRod@62a4f77b
Crazy forceSum in boxOfActin.MyoRod@3f135f6a
Crazy forceSum in boxOfActin.MyoRod@530cd635
Crazy forceSum in boxOfActin.MyoRod@4751208a
Crazy forceSum in boxOfActin.MyoRod@28b0834
Crazy forceSum in boxOfActin.MyoRod@27c6ef00
Crazy forceSum in boxOfActin.MyoRod@124e38b3
Crazy forceSum in boxOfActin.MyoRod@5c550f00
Crazy forceSum in boxOfActin.MyoRod@6c57616
Crazy forceSum in boxOfActin.MyoRod@16eb3721
Crazy forceSum in boxOfActin.MyoRod@75831eef
Crazy forceSum in boxOfActin.MyoRod@1da2250
Crazy forceSum in boxOfActin.MyoRod@2c0281bb
Crazy forceSum in boxOfActin.MyoRod@631fe925
Crazy forceSum in boxOfActin.MyoRod@e86f7cf
Crazy forceSum in boxOfActin.MyoMiniFilament@2d5e069b
Crazy torqueSum in boxOfActin.MyoMiniFilament@2d5e069b
Crazy forceSum in boxOfActin.MyoRod@27a66deb
Crazy forceSum in boxOfActin.MyoRod@62a4f77b
Crazy forceSum in boxOfActin.MyoRod@3f135f6a
Crazy forceSum in boxOfActin.MyoRod@530cd635
Crazy forceSum in boxOfActin.MyoRod@4751208a
Crazy forceSum in boxOfActin.MyoRod@28b0834
Crazy forceSum in boxOfActin.MyoRod@27c6ef00
Crazy forceSum in boxOfActin.MyoRod@124e38b3
Crazy forceSum in boxOfActin.MyoRod@5c550f00
Crazy forceSum in boxOfActin.MyoRod@6c57616
Crazy forceSum in boxOfActin.MyoRod@16eb3721
Crazy forceSum in boxOfActin.MyoRod@75831eef
Crazy forceSum in boxOfActin.MyoRod@1da2250
Crazy forceSum in boxOfActin.MyoRod@2c0281bb
Crazy forceSum in boxOfActin.MyoRod@631fe925
Crazy forceSum in boxOfActin.MyoRod@e86f7cf
Crazy forceSum in boxOfActin.MyoMiniFilament@2d5e069b
Crazy torqueSum in boxOfActin.MyoMiniFilament@2d5e069b
Crazy forceSum in boxOfActin.MyoRod@27a66deb
Crazy forceSum in boxOfActin.MyoRod@62a4f77b
Crazy forceSum in boxOfActin.MyoRod@3f135f6a
Crazy forceSum in boxOfActin.MyoRod@530cd635
Crazy forceSum in boxOfActin.MyoRod@4751208a
Crazy forceSum in boxOfActin.MyoRod@28b0834
Crazy forceSum in boxOfActin.MyoRod@27c6ef00
Crazy forceSum in boxOfActin.MyoRod@124e38b3
Crazy forceSum in boxOfActin.MyoRod@5c550f00
Crazy forceSum in boxOfActin.MyoRod@6c57616
Crazy forceSum in boxOfActin.MyoRod@16eb3721
Crazy forceSum in boxOfActin.MyoRod@75831eef
Crazy forceSum in boxOfActin.MyoRod@1da2250
Crazy forceSum in boxOfActin.MyoRod@2c0281bb
Crazy forceSum in boxOfActin.MyoRod@631fe925
Crazy forceSum in boxOfActin.MyoRod@e86f7cf
Crazy forceSum in boxOfActin.MyoMiniFilament@2d5e069b
Crazy torqueSum in boxOfActin.MyoMiniFilament@2d5e069b
Crazy forceSum in boxOfActin.MyoRod@27a66deb
Crazy forceSum in boxOfActin.MyoRod@62a4f77b
Crazy forceSum in boxOfActin.MyoRod@3f135f6a
Crazy forceSum in boxOfActin.MyoRod@530cd635
Crazy forceSum in boxOfActin.MyoRod@4751208a
Crazy forceSum in boxOfActin.MyoRod@28b0834
Crazy forceSum in boxOfActin.MyoRod@27c6ef00
Crazy forceSum in boxOfActin.MyoRod@124e38b3
Crazy forceSum in boxOfActin.MyoRod@5c550f00
Crazy forceSum in boxOfActin.MyoRod@6c57616
Crazy forceSum in boxOfActin.MyoRod@16eb3721
Crazy forceSum in boxOfActin.MyoRod@75831eef
Crazy forceSum in boxOfActin.MyoRod@1da2250
Crazy forceSum in boxOfActin.MyoRod@2c0281bb
Crazy forceSum in boxOfActin.MyoRod@631fe925
Crazy forceSum in boxOfActin.MyoRod@e86f7cf
Crazy forceSum in boxOfActin.MyoMiniFilament@2d5e069b
Crazy torqueSum in boxOfActin.MyoMiniFilament@2d5e069b
Crazy forceSum in boxOfActin.MyoRod@27a66deb
Crazy forceSum in boxOfActin.MyoRod@62a4f77b
Crazy forceSum in boxOfActin.MyoRod@3f135f6a
Crazy forceSum in boxOfActin.MyoRod@530cd635
Crazy forceSum in boxOfActin.MyoRod@4751208a
Crazy forceSum in boxOfActin.MyoRod@28b0834
Crazy forceSum in boxOfActin.MyoRod@27c6ef00
Crazy forceSum in boxOfActin.MyoRod@124e38b3
Crazy forceSum in boxOfActin.MyoRod@5c550f00
Crazy forceSum in boxOfActin.MyoRod@6c57616
Crazy forceSum in boxOfActin.MyoRod@16eb3721
Crazy forceSum in boxOfActin.MyoRod@75831eef
Crazy forceSum in boxOfActin.MyoRod@1da2250
Crazy forceSum in boxOfActin.MyoRod@2c0281bb
Crazy forceSum in boxOfActin.MyoRod@631fe925
Crazy forceSum in boxOfActin.MyoRod@e86f7cf
Crazy forceSum in boxOfActin.MyoMiniFilament@2d5e069b
Crazy torqueSum in boxOfActin.MyoMiniFilament@2d5e069b
Crazy forceSum in boxOfActin.MyoRod@27a66deb
Crazy forceSum in boxOfActin.MyoRod@62a4f77b
Crazy forceSum in boxOfActin.MyoRod@3f135f6a
Crazy forceSum in boxOfActin.MyoRod@530cd635
Crazy forceSum in boxOfActin.MyoRod@4751208a
Crazy forceSum in boxOfActin.MyoRod@28b0834
Crazy forceSum in boxOfActin.MyoRod@27c6ef00
Crazy forceSum in boxOfActin.MyoRod@124e38b3
Crazy forceSum in boxOfActin.MyoRod@5c550f00
Crazy forceSum in boxOfActin.MyoRod@6c57616
Crazy forceSum in boxOfActin.MyoRod@16eb3721
Crazy forceSum in boxOfActin.MyoRod@75831eef
Crazy forceSum in boxOfActin.MyoRod@1da2250
Crazy forceSum in boxOfActin.MyoRod@2c0281bb
Crazy forceSum in boxOfActin.MyoRod@631fe925
Crazy forceSum in boxOfActin.MyoRod@e86f7cf
Crazy forceSum in boxOfActin.MyoMiniFilament@2d5e069b
Crazy torqueSum in boxOfActin.MyoMiniFilament@2d5e069b
Crazy forceSum in boxOfActin.MyoRod@27a66deb
Crazy forceSum in boxOfActin.MyoRod@62a4f77b
Crazy forceSum in boxOfActin.MyoRod@3f135f6a
Crazy forceSum in boxOfActin.MyoRod@530cd635
Crazy forceSum in boxOfActin.MyoRod@4751208a
Crazy forceSum in boxOfActin.MyoRod@28b0834
Crazy forceSum in boxOfActin.MyoRod@27c6ef00
Crazy forceSum in boxOfActin.MyoRod@124e38b3
Crazy forceSum in boxOfActin.MyoRod@5c550f00
Crazy forceSum in boxOfActin.MyoRod@6c57616
Crazy forceSum in boxOfActin.MyoRod@16eb3721
Crazy forceSum in boxOfActin.MyoRod@75831eef
Crazy forceSum in boxOfActin.MyoRod@1da2250
Crazy forceSum in boxOfActin.MyoRod@2c0281bb
Crazy forceSum in boxOfActin.MyoRod@631fe925
Crazy forceSum in boxOfActin.MyoRod@e86f7cf
Crazy forceSum in boxOfActin.MyoMiniFilament@2d5e069b
Crazy torqueSum in boxOfActin.MyoMiniFilament@2d5e069b
Crazy forceSum in boxOfActin.MyoRod@27a66deb
Crazy forceSum in boxOfActin.MyoRod@62a4f77b
Crazy forceSum in boxOfActin.MyoRod@3f135f6a
Crazy forceSum in boxOfActin.MyoRod@530cd635
Crazy forceSum in boxOfActin.MyoRod@4751208a
Crazy forceSum in boxOfActin.MyoRod@28b0834
Crazy forceSum in boxOfActin.MyoRod@27c6ef00
Crazy forceSum in boxOfActin.MyoRod@124e38b3
Crazy forceSum in boxOfActin.MyoRod@5c550f00
Crazy forceSum in boxOfActin.MyoRod@6c57616
Crazy forceSum in boxOfActin.MyoRod@16eb3721
Crazy forceSum in boxOfActin.MyoRod@75831eef
Crazy forceSum in boxOfActin.MyoRod@1da2250
Crazy forceSum in boxOfActin.MyoRod@2c0281bb
Crazy forceSum in boxOfActin.MyoRod@631fe925
Crazy forceSum in boxOfActin.MyoRod@e86f7cf
Crazy forceSum in boxOfActin.MyoMiniFilament@2d5e069b
Crazy torqueSum in boxOfActin.MyoMiniFilament@2d5e069b
Crazy forceSum in boxOfActin.MyoRod@27a66deb
Crazy forceSum in boxOfActin.MyoRod@62a4f77b
Crazy forceSum in boxOfActin.MyoRod@3f135f6a
Crazy forceSum in boxOfActin.MyoRod@530cd635
Crazy forceSum in boxOfActin.MyoRod@4751208a
Crazy forceSum in boxOfActin.MyoRod@28b0834
Crazy forceSum in boxOfActin.MyoRod@27c6ef00
Crazy forceSum in boxOfActin.MyoRod@124e38b3
Crazy forceSum in boxOfActin.MyoRod@5c550f00
Crazy forceSum in boxOfActin.MyoRod@6c57616
Crazy forceSum in boxOfActin.MyoRod@16eb3721
Crazy forceSum in boxOfActin.MyoRod@75831eef
Crazy forceSum in boxOfActin.MyoRod@1da2250
Crazy forceSum in boxOfActin.MyoRod@2c0281bb
Crazy forceSum in boxOfActin.MyoRod@631fe925
Crazy forceSum in boxOfActin.MyoRod@e86f7cf
Crazy forceSum in boxOfActin.MyoMiniFilament@2d5e069b
Crazy torqueSum in boxOfActin.MyoMiniFilament@2d5e069b
Crazy forceSum in boxOfActin.MyoRod@27a66deb
Crazy forceSum in boxOfActin.MyoRod@62a4f77b
Crazy forceSum in boxOfActin.MyoRod@3f135f6a
Crazy forceSum in boxOfActin.MyoRod@530cd635
Crazy forceSum in boxOfActin.MyoRod@4751208a
Crazy forceSum in boxOfActin.MyoRod@28b0834
Crazy forceSum in boxOfActin.MyoRod@27c6ef00
Crazy forceSum in boxOfActin.MyoRod@124e38b3
Crazy forceSum in boxOfActin.MyoRod@5c550f00
Crazy forceSum in boxOfActin.MyoRod@6c57616
Crazy forceSum in boxOfActin.MyoRod@16eb3721
Crazy forceSum in boxOfActin.MyoRod@75831eef
Crazy forceSum in boxOfActin.MyoRod@1da2250
Crazy forceSum in boxOfActin.MyoRod@2c0281bb
Crazy forceSum in boxOfActin.MyoRod@631fe925
Crazy forceSum in boxOfActin.MyoRod@e86f7cf
Crazy forceSum in boxOfActin.MyoMiniFilament@2d5e069b
Crazy torqueSum in boxOfActin.MyoMiniFilament@2d5e069b
Crazy forceSum in boxOfActin.MyoRod@27a66deb
Crazy forceSum in boxOfActin.MyoRod@62a4f77b
Crazy forceSum in boxOfActin.MyoRod@3f135f6a
Crazy forceSum in boxOfActin.MyoRod@530cd635
Crazy forceSum in boxOfActin.MyoRod@4751208a
Crazy forceSum in boxOfActin.MyoRod@28b0834
Crazy forceSum in boxOfActin.MyoRod@27c6ef00
Crazy forceSum in boxOfActin.MyoRod@124e38b3
Crazy forceSum in boxOfActin.MyoRod@5c550f00
Crazy forceSum in boxOfActin.MyoRod@6c57616
Crazy forceSum in boxOfActin.MyoRod@16eb3721
Crazy forceSum in boxOfActin.MyoRod@75831eef
Crazy forceSum in boxOfActin.MyoRod@1da2250
Crazy forceSum in boxOfActin.MyoRod@2c0281bb
Crazy forceSum in boxOfActin.MyoRod@631fe925
Crazy forceSum in boxOfActin.MyoRod@e86f7cf
Crazy forceSum in boxOfActin.MyoMiniFilament@2d5e069b
Crazy torqueSum in boxOfActin.MyoMiniFilament@2d5e069b
Crazy forceSum in boxOfActin.MyoRod@27a66deb
Crazy forceSum in boxOfActin.MyoRod@62a4f77b
Crazy forceSum in boxOfActin.MyoRod@3f135f6a
Crazy forceSum in boxOfActin.MyoRod@530cd635
Crazy forceSum in boxOfActin.MyoRod@4751208a
Crazy forceSum in boxOfActin.MyoRod@28b0834
Crazy forceSum in boxOfActin.MyoRod@27c6ef00
Crazy forceSum in boxOfActin.MyoRod@124e38b3
Crazy forceSum in boxOfActin.MyoRod@5c550f00
Crazy forceSum in boxOfActin.MyoRod@6c57616
Crazy forceSum in boxOfActin.MyoRod@16eb3721
Crazy forceSum in boxOfActin.MyoRod@75831eef
Crazy forceSum in boxOfActin.MyoRod@1da2250
Crazy forceSum in boxOfActin.MyoRod@2c0281bb
Crazy forceSum in boxOfActin.MyoRod@631fe925
Crazy forceSum in boxOfActin.MyoRod@e86f7cf
Crazy forceSum in boxOfActin.MyoMiniFilament@2d5e069b
Crazy torqueSum in boxOfActin.MyoMiniFilament@2d5e069b
Crazy forceSum in boxOfActin.MyoRod@27a66deb
Crazy forceSum in boxOfActin.MyoRod@62a4f77b
Crazy forceSum in boxOfActin.MyoRod@3f135f6a
Crazy forceSum in boxOfActin.MyoRod@530cd635
Crazy forceSum in boxOfActin.MyoRod@4751208a
Crazy forceSum in boxOfActin.MyoRod@28b0834
Crazy forceSum in boxOfActin.MyoRod@27c6ef00
Crazy forceSum in boxOfActin.MyoRod@124e38b3
Crazy forceSum in boxOfActin.MyoRod@5c550f00
Crazy forceSum in boxOfActin.MyoRod@6c57616
Crazy forceSum in boxOfActin.MyoRod@16eb3721
Crazy forceSum in boxOfActin.MyoRod@75831eef
Crazy forceSum in boxOfActin.MyoRod@1da2250
Crazy forceSum in boxOfActin.MyoRod@2c0281bb
Crazy forceSum in boxOfActin.MyoRod@631fe925
Crazy forceSum in boxOfActin.MyoRod@e86f7cf
Crazy forceSum in boxOfActin.MyoMiniFilament@2d5e069b
Crazy torqueSum in boxOfActin.MyoMiniFilament@2d5e069b
Crazy forceSum in boxOfActin.MyoRod@27a66deb
Crazy forceSum in boxOfActin.MyoRod@62a4f77b
Crazy forceSum in boxOfActin.MyoRod@3f135f6a
Crazy forceSum in boxOfActin.MyoRod@530cd635
Crazy forceSum in boxOfActin.MyoRod@4751208a
Crazy forceSum in boxOfActin.MyoRod@28b0834
Crazy forceSum in boxOfActin.MyoRod@27c6ef00
Crazy forceSum in boxOfActin.MyoRod@124e38b3
Crazy forceSum in boxOfActin.MyoRod@5c550f00
Crazy forceSum in boxOfActin.MyoRod@6c57616
Crazy forceSum in boxOfActin.MyoRod@16eb3721
Crazy forceSum in boxOfActin.MyoRod@75831eef
Crazy forceSum in boxOfActin.MyoRod@1da2250
Crazy forceSum in boxOfActin.MyoRod@2c0281bb
Crazy forceSum in boxOfActin.MyoRod@631fe925
Crazy forceSum in boxOfActin.MyoRod@e86f7cf
Crazy forceSum in boxOfActin.MyoMiniFilament@2d5e069b
Crazy torqueSum in boxOfActin.MyoMiniFilament@2d5e069b
Crazy forceSum in boxOfActin.MyoRod@27a66deb
Crazy forceSum in boxOfActin.MyoRod@62a4f77b
Crazy forceSum in boxOfActin.MyoRod@3f135f6a
Crazy forceSum in boxOfActin.MyoRod@530cd635
Crazy forceSum in boxOfActin.MyoRod@4751208a
Crazy forceSum in boxOfActin.MyoRod@28b0834
Crazy forceSum in boxOfActin.MyoRod@27c6ef00
Crazy forceSum in boxOfActin.MyoRod@124e38b3
Crazy forceSum in boxOfActin.MyoRod@5c550f00
Crazy forceSum in boxOfActin.MyoRod@6c57616
Crazy forceSum in boxOfActin.MyoRod@16eb3721
Crazy forceSum in boxOfActin.MyoRod@75831eef
Crazy forceSum in boxOfActin.MyoRod@1da2250
Crazy forceSum in boxOfActin.MyoRod@2c0281bb
Crazy forceSum in boxOfActin.MyoRod@631fe925
Crazy forceSum in boxOfActin.MyoRod@e86f7cf
Crazy forceSum in boxOfActin.MyoMiniFilament@2d5e069b
Crazy torqueSum in boxOfActin.MyoMiniFilament@2d5e069b
Crazy forceSum in boxOfActin.MyoRod@27a66deb
Crazy forceSum in boxOfActin.MyoRod@62a4f77b
Crazy forceSum in boxOfActin.MyoRod@3f135f6a
Crazy forceSum in boxOfActin.MyoRod@530cd635
Crazy forceSum in boxOfActin.MyoRod@4751208a
Crazy forceSum in boxOfActin.MyoRod@28b0834
Crazy forceSum in boxOfActin.MyoRod@27c6ef00
Crazy forceSum in boxOfActin.MyoRod@124e38b3
Crazy forceSum in boxOfActin.MyoRod@5c550f00
Crazy forceSum in boxOfActin.MyoRod@6c57616
Crazy forceSum in boxOfActin.MyoRod@16eb3721
Crazy forceSum in boxOfActin.MyoRod@75831eef
Crazy forceSum in boxOfActin.MyoRod@1da2250
Crazy forceSum in boxOfActin.MyoRod@2c0281bb
Crazy forceSum in boxOfActin.MyoRod@631fe925
Crazy forceSum in boxOfActin.MyoRod@e86f7cf
Crazy forceSum in boxOfActin.MyoMiniFilament@2d5e069b
Crazy torqueSum in boxOfActin.MyoMiniFilament@2d5e069b
Crazy forceSum in boxOfActin.MyoRod@27a66deb
Crazy forceSum in boxOfActin.MyoRod@62a4f77b
Crazy forceSum in boxOfActin.MyoRod@3f135f6a
Crazy forceSum in boxOfActin.MyoRod@530cd635
Crazy forceSum in boxOfActin.MyoRod@4751208a
Crazy forceSum in boxOfActin.MyoRod@28b0834
Crazy forceSum in boxOfActin.MyoRod@27c6ef00
Crazy forceSum in boxOfActin.MyoRod@124e38b3
Crazy forceSum in boxOfActin.MyoRod@5c550f00
Crazy forceSum in boxOfActin.MyoRod@6c57616
Crazy forceSum in boxOfActin.MyoRod@16eb3721
Crazy forceSum in boxOfActin.MyoRod@75831eef
Crazy forceSum in boxOfActin.MyoRod@1da2250
Crazy forceSum in boxOfActin.MyoRod@2c0281bb
Crazy forceSum in boxOfActin.MyoRod@631fe925
Crazy forceSum in boxOfActin.MyoRod@e86f7cf
Crazy forceSum in boxOfActin.MyoMiniFilament@2d5e069b
Crazy torqueSum in boxOfActin.MyoMiniFilament@2d5e069b
Crazy forceSum in boxOfActin.MyoRod@27a66deb
Crazy forceSum in boxOfActin.MyoRod@62a4f77b
Crazy forceSum in boxOfActin.MyoRod@3f135f6a
Crazy forceSum in boxOfActin.MyoRod@530cd635
Crazy forceSum in boxOfActin.MyoRod@4751208a
Crazy forceSum in boxOfActin.MyoRod@28b0834
Crazy forceSum in boxOfActin.MyoRod@27c6ef00
Crazy forceSum in boxOfActin.MyoRod@124e38b3
Crazy forceSum in boxOfActin.MyoRod@5c550f00
Crazy forceSum in boxOfActin.MyoRod@6c57616
Crazy forceSum in boxOfActin.MyoRod@16eb3721
Crazy forceSum in boxOfActin.MyoRod@75831eef
Crazy forceSum in boxOfActin.MyoRod@1da2250
Crazy forceSum in boxOfActin.MyoRod@2c0281bb
Crazy forceSum in boxOfActin.MyoRod@631fe925
Crazy forceSum in boxOfActin.MyoRod@e86f7cf
Crazy forceSum in boxOfActin.MyoMiniFilament@2d5e069b
Crazy torqueSum in boxOfActin.MyoMiniFilament@2d5e069b
Crazy forceSum in boxOfActin.MyoRod@27a66deb
Crazy forceSum in boxOfActin.MyoRod@62a4f77b
Crazy forceSum in boxOfActin.MyoRod@3f135f6a
Crazy forceSum in boxOfActin.MyoRod@530cd635
Crazy forceSum in boxOfActin.MyoRod@4751208a
Crazy forceSum in boxOfActin.MyoRod@28b0834
Crazy forceSum in boxOfActin.MyoRod@27c6ef00
Crazy forceSum in boxOfActin.MyoRod@124e38b3
Crazy forceSum in boxOfActin.MyoRod@5c550f00
Crazy forceSum in boxOfActin.MyoRod@6c57616
Crazy forceSum in boxOfActin.MyoRod@16eb3721
Crazy forceSum in boxOfActin.MyoRod@75831eef
Crazy forceSum in boxOfActin.MyoRod@1da2250
Crazy forceSum in boxOfActin.MyoRod@2c0281bb
Crazy forceSum in boxOfActin.MyoRod@631fe925
Crazy forceSum in boxOfActin.MyoRod@e86f7cf
Crazy forceSum in boxOfActin.MyoMiniFilament@2d5e069b
Crazy torqueSum in boxOfActin.MyoMiniFilament@2d5e069b
Crazy forceSum in boxOfActin.MyoRod@27a66deb
Crazy forceSum in boxOfActin.MyoRod@62a4f77b
Crazy forceSum in boxOfActin.MyoRod@3f135f6a
Crazy forceSum in boxOfActin.MyoRod@530cd635
Crazy forceSum in boxOfActin.MyoRod@4751208a
Crazy forceSum in boxOfActin.MyoRod@28b0834
Crazy forceSum in boxOfActin.MyoRod@27c6ef00
Crazy forceSum in boxOfActin.MyoRod@124e38b3
Crazy forceSum in boxOfActin.MyoRod@5c550f00
Crazy forceSum in boxOfActin.MyoRod@6c57616
Crazy forceSum in boxOfActin.MyoRod@16eb3721
Crazy forceSum in boxOfActin.MyoRod@75831eef
Crazy forceSum in boxOfActin.MyoRod@1da2250
Crazy forceSum in boxOfActin.MyoRod@2c0281bb
Crazy forceSum in boxOfActin.MyoRod@631fe925
Crazy forceSum in boxOfActin.MyoRod@e86f7cf
Crazy forceSum in boxOfActin.MyoMiniFilament@2d5e069b
Crazy torqueSum in boxOfActin.MyoMiniFilament@2d5e069b
Crazy forceSum in boxOfActin.MyoRod@27a66deb
Crazy forceSum in boxOfActin.MyoRod@62a4f77b
Crazy forceSum in boxOfActin.MyoRod@3f135f6a
Crazy forceSum in boxOfActin.MyoRod@530cd635
Crazy forceSum in boxOfActin.MyoRod@4751208a
Crazy forceSum in boxOfActin.MyoRod@28b0834
Crazy forceSum in boxOfActin.MyoRod@27c6ef00
Crazy forceSum in boxOfActin.MyoRod@124e38b3
Crazy forceSum in boxOfActin.MyoRod@5c550f00
Crazy forceSum in boxOfActin.MyoRod@6c57616
Crazy forceSum in boxOfActin.MyoRod@16eb3721
Crazy forceSum in boxOfActin.MyoRod@75831eef
Crazy forceSum in boxOfActin.MyoRod@1da2250
Crazy forceSum in boxOfActin.MyoRod@2c0281bb
Crazy forceSum in boxOfActin.MyoRod@631fe925
Crazy forceSum in boxOfActin.MyoRod@e86f7cf
Crazy forceSum in boxOfActin.MyoMiniFilament@2d5e069b
Crazy torqueSum in boxOfActin.MyoMiniFilament@2d5e069b
Crazy forceSum in boxOfActin.MyoRod@27a66deb
Crazy forceSum in boxOfActin.MyoRod@62a4f77b
Crazy forceSum in boxOfActin.MyoRod@3f135f6a
Crazy forceSum in boxOfActin.MyoRod@530cd635
Crazy forceSum in boxOfActin.MyoRod@4751208a
Crazy forceSum in boxOfActin.MyoRod@28b0834
Crazy forceSum in boxOfActin.MyoRod@27c6ef00
Crazy forceSum in boxOfActin.MyoRod@124e38b3
Crazy forceSum in boxOfActin.MyoRod@5c550f00
Crazy forceSum in boxOfActin.MyoRod@6c57616
Crazy forceSum in boxOfActin.MyoRod@16eb3721
Crazy forceSum in boxOfActin.MyoRod@75831eef
Crazy forceSum in boxOfActin.MyoRod@1da2250
Crazy forceSum in boxOfActin.MyoRod@2c0281bb
Crazy forceSum in boxOfActin.MyoRod@631fe925
Crazy forceSum in boxOfActin.MyoRod@e86f7cf
Crazy forceSum in boxOfActin.MyoMiniFilament@2d5e069b
Crazy torqueSum in boxOfActin.MyoMiniFilament@2d5e069b
Crazy forceSum in boxOfActin.MyoRod@27a66deb
Crazy forceSum in boxOfActin.MyoRod@62a4f77b
Crazy forceSum in boxOfActin.MyoRod@3f135f6a
Crazy forceSum in boxOfActin.MyoRod@530cd635
Crazy forceSum in boxOfActin.MyoRod@4751208a
Crazy forceSum in boxOfActin.MyoRod@28b0834
Crazy forceSum in boxOfActin.MyoRod@27c6ef00
Crazy forceSum in boxOfActin.MyoRod@124e38b3
Crazy forceSum in boxOfActin.MyoRod@5c550f00
Crazy forceSum in boxOfActin.MyoRod@6c57616
Crazy forceSum in boxOfActin.MyoRod@16eb3721
Crazy forceSum in boxOfActin.MyoRod@75831eef
Crazy forceSum in boxOfActin.MyoRod@1da2250
Crazy forceSum in boxOfActin.MyoRod@2c0281bb
Crazy forceSum in boxOfActin.MyoRod@631fe925
Crazy forceSum in boxOfActin.MyoRod@e86f7cf
Crazy forceSum in boxOfActin.MyoMiniFilament@2d5e069b
Crazy torqueSum in boxOfActin.MyoMiniFilament@2d5e069b
Crazy forceSum in boxOfActin.MyoRod@27a66deb
Crazy forceSum in boxOfActin.MyoRod@62a4f77b
Crazy forceSum in boxOfActin.MyoRod@3f135f6a
Crazy forceSum in boxOfActin.MyoRod@530cd635
Crazy forceSum in boxOfActin.MyoRod@4751208a
Crazy forceSum in boxOfActin.MyoRod@28b0834
Crazy forceSum in boxOfActin.MyoRod@27c6ef00
Crazy forceSum in boxOfActin.MyoRod@124e38b3
Crazy forceSum in boxOfActin.MyoRod@5c550f00
Crazy forceSum in boxOfActin.MyoRod@6c57616
Crazy forceSum in boxOfActin.MyoRod@16eb3721
Crazy forceSum in boxOfActin.MyoRod@75831eef
Crazy forceSum in boxOfActin.MyoRod@1da2250
Crazy forceSum in boxOfActin.MyoRod@2c0281bb
Crazy forceSum in boxOfActin.MyoRod@631fe925
Crazy forceSum in boxOfActin.MyoRod@e86f7cf
Crazy forceSum in boxOfActin.MyoMiniFilament@2d5e069b
Crazy torqueSum in boxOfActin.MyoMiniFilament@2d5e069b
Crazy forceSum in boxOfActin.MyoRod@27a66deb
Crazy forceSum in boxOfActin.MyoRod@62a4f77b
Crazy forceSum in boxOfActin.MyoRod@3f135f6a
Crazy forceSum in boxOfActin.MyoRod@530cd635
Crazy forceSum in boxOfActin.MyoRod@4751208a
Crazy forceSum in boxOfActin.MyoRod@28b0834
Crazy forceSum in boxOfActin.MyoRod@27c6ef00
Crazy forceSum in boxOfActin.MyoRod@124e38b3
Crazy forceSum in boxOfActin.MyoRod@5c550f00
Crazy forceSum in boxOfActin.MyoRod@6c57616
Crazy forceSum in boxOfActin.MyoRod@16eb3721
Crazy forceSum in boxOfActin.MyoRod@75831eef
Crazy forceSum in boxOfActin.MyoRod@1da2250
Crazy forceSum in boxOfActin.MyoRod@2c0281bb
Crazy forceSum in boxOfActin.MyoRod@631fe925
Crazy forceSum in boxOfActin.MyoRod@e86f7cf
Crazy forceSum in boxOfActin.MyoMiniFilament@2d5e069b
Crazy torqueSum in boxOfActin.MyoMiniFilament@2d5e069b
Crazy forceSum in boxOfActin.MyoRod@27a66deb
Crazy forceSum in boxOfActin.MyoRod@62a4f77b
Crazy forceSum in boxOfActin.MyoRod@3f135f6a
Crazy forceSum in boxOfActin.MyoRod@530cd635
Crazy forceSum in boxOfActin.MyoRod@4751208a
Crazy forceSum in boxOfActin.MyoRod@28b0834
Crazy forceSum in boxOfActin.MyoRod@27c6ef00
Crazy forceSum in boxOfActin.MyoRod@124e38b3
Crazy forceSum in boxOfActin.MyoRod@5c550f00
Crazy forceSum in boxOfActin.MyoRod@6c57616
Crazy forceSum in boxOfActin.MyoRod@16eb3721
Crazy forceSum in boxOfActin.MyoRod@75831eef
Crazy forceSum in boxOfActin.MyoRod@1da2250
Crazy forceSum in boxOfActin.MyoRod@2c0281bb
Crazy forceSum in boxOfActin.MyoRod@631fe925
Crazy forceSum in boxOfActin.MyoRod@e86f7cf
Crazy forceSum in boxOfActin.MyoMiniFilament@2d5e069b
Crazy torqueSum in boxOfActin.MyoMiniFilament@2d5e069b
Crazy forceSum in boxOfActin.MyoRod@27a66deb
Crazy forceSum in boxOfActin.MyoRod@62a4f77b
Crazy forceSum in boxOfActin.MyoRod@3f135f6a
Crazy forceSum in boxOfActin.MyoRod@530cd635
Crazy forceSum in boxOfActin.MyoRod@4751208a
Crazy forceSum in boxOfActin.MyoRod@28b0834
Crazy forceSum in boxOfActin.MyoRod@27c6ef00
Crazy forceSum in boxOfActin.MyoRod@124e38b3
Crazy forceSum in boxOfActin.MyoRod@5c550f00
Crazy forceSum in boxOfActin.MyoRod@6c57616
Crazy forceSum in boxOfActin.MyoRod@16eb3721
Crazy forceSum in boxOfActin.MyoRod@75831eef
Crazy forceSum in boxOfActin.MyoRod@1da2250
Crazy forceSum in boxOfActin.MyoRod@2c0281bb
Crazy forceSum in boxOfActin.MyoRod@631fe925
Crazy forceSum in boxOfActin.MyoRod@e86f7cf
Crazy forceSum in boxOfActin.MyoMiniFilament@2d5e069b
Crazy torqueSum in boxOfActin.MyoMiniFilament@2d5e069b
Crazy forceSum in boxOfActin.MyoRod@27a66deb
Crazy forceSum in boxOfActin.MyoRod@62a4f77b
Crazy forceSum in boxOfActin.MyoRod@3f135f6a
Crazy forceSum in boxOfActin.MyoRod@530cd635
Crazy forceSum in boxOfActin.MyoRod@4751208a
Crazy forceSum in boxOfActin.MyoRod@28b0834
Crazy forceSum in boxOfActin.MyoRod@27c6ef00
Crazy forceSum in boxOfActin.MyoRod@124e38b3
Crazy forceSum in boxOfActin.MyoRod@5c550f00
Crazy forceSum in boxOfActin.MyoRod@6c57616
Crazy forceSum in boxOfActin.MyoRod@16eb3721
Crazy forceSum in boxOfActin.MyoRod@75831eef
Crazy forceSum in boxOfActin.MyoRod@1da2250
Crazy forceSum in boxOfActin.MyoRod@2c0281bb
Crazy forceSum in boxOfActin.MyoRod@631fe925
Crazy forceSum in boxOfActin.MyoRod@e86f7cf
Crazy forceSum in boxOfActin.MyoMiniFilament@2d5e069b
Crazy torqueSum in boxOfActin.MyoMiniFilament@2d5e069b
Crazy forceSum in boxOfActin.MyoRod@27a66deb
Crazy forceSum in boxOfActin.MyoRod@62a4f77b
Crazy forceSum in boxOfActin.MyoRod@3f135f6a
Crazy forceSum in boxOfActin.MyoRod@530cd635
Crazy forceSum in boxOfActin.MyoRod@4751208a
Crazy forceSum in boxOfActin.MyoRod@28b0834
Crazy forceSum in boxOfActin.MyoRod@27c6ef00
Crazy forceSum in boxOfActin.MyoRod@124e38b3
Crazy forceSum in boxOfActin.MyoRod@5c550f00
Crazy forceSum in boxOfActin.MyoRod@6c57616
Crazy forceSum in boxOfActin.MyoRod@16eb3721
Crazy forceSum in boxOfActin.MyoRod@75831eef
Crazy forceSum in boxOfActin.MyoRod@1da2250
Crazy forceSum in boxOfActin.MyoRod@2c0281bb
Crazy forceSum in boxOfActin.MyoRod@631fe925
Crazy forceSum in boxOfActin.MyoRod@e86f7cf
Crazy forceSum in boxOfActin.MyoMiniFilament@2d5e069b
Crazy torqueSum in boxOfActin.MyoMiniFilament@2d5e069b
Crazy forceSum in boxOfActin.MyoRod@27a66deb
Crazy forceSum in boxOfActin.MyoRod@62a4f77b
Crazy forceSum in boxOfActin.MyoRod@3f135f6a
Crazy forceSum in boxOfActin.MyoRod@530cd635
Crazy forceSum in boxOfActin.MyoRod@4751208a
Crazy forceSum in boxOfActin.MyoRod@28b0834
Crazy forceSum in boxOfActin.MyoRod@27c6ef00
Crazy forceSum in boxOfActin.MyoRod@124e38b3
Crazy forceSum in boxOfActin.MyoRod@5c550f00
Crazy forceSum in boxOfActin.MyoRod@6c57616
Crazy forceSum in boxOfActin.MyoRod@16eb3721
Crazy forceSum in boxOfActin.MyoRod@75831eef
Crazy forceSum in boxOfActin.MyoRod@1da2250
Crazy forceSum in boxOfActin.MyoRod@2c0281bb
Crazy forceSum in boxOfActin.MyoRod@631fe925
Crazy forceSum in boxOfActin.MyoRod@e86f7cf
Crazy forceSum in boxOfActin.MyoMiniFilament@2d5e069b
Crazy torqueSum in boxOfActin.MyoMiniFilament@2d5e069b
Crazy forceSum in boxOfActin.MyoRod@27a66deb
Crazy forceSum in boxOfActin.MyoRod@62a4f77b
Crazy forceSum in boxOfActin.MyoRod@3f135f6a
Crazy forceSum in boxOfActin.MyoRod@530cd635
Crazy forceSum in boxOfActin.MyoRod@4751208a
Crazy forceSum in boxOfActin.MyoRod@28b0834
Crazy forceSum in boxOfActin.MyoRod@27c6ef00
Crazy forceSum in boxOfActin.MyoRod@124e38b3
Crazy forceSum in boxOfActin.MyoRod@5c550f00
Crazy forceSum in boxOfActin.MyoRod@6c57616
Crazy forceSum in boxOfActin.MyoRod@16eb3721
Crazy forceSum in boxOfActin.MyoRod@75831eef
Crazy forceSum in boxOfActin.MyoRod@1da2250
Crazy forceSum in boxOfActin.MyoRod@2c0281bb
Crazy forceSum in boxOfActin.MyoRod@631fe925
Crazy forceSum in boxOfActin.MyoRod@e86f7cf
Crazy forceSum in boxOfActin.MyoMiniFilament@2d5e069b
Crazy torqueSum in boxOfActin.MyoMiniFilament@2d5e069b
Crazy forceSum in boxOfActin.MyoRod@27a66deb
Crazy forceSum in boxOfActin.MyoRod@62a4f77b
Crazy forceSum in boxOfActin.MyoRod@3f135f6a
Crazy forceSum in boxOfActin.MyoRod@530cd635
Crazy forceSum in boxOfActin.MyoRod@4751208a
Crazy forceSum in boxOfActin.MyoRod@28b0834
Crazy forceSum in boxOfActin.MyoRod@27c6ef00
Crazy forceSum in boxOfActin.MyoRod@124e38b3
Crazy forceSum in boxOfActin.MyoRod@5c550f00
Crazy forceSum in boxOfActin.MyoRod@6c57616
Crazy forceSum in boxOfActin.MyoRod@16eb3721
Crazy forceSum in boxOfActin.MyoRod@75831eef
Crazy forceSum in boxOfActin.MyoRod@1da2250
Crazy forceSum in boxOfActin.MyoRod@2c0281bb
Crazy forceSum in boxOfActin.MyoRod@631fe925
Crazy forceSum in boxOfActin.MyoRod@e86f7cf
Crazy forceSum in boxOfActin.MyoMiniFilament@2d5e069b
Crazy torqueSum in boxOfActin.MyoMiniFilament@2d5e069b
Crazy forceSum in boxOfActin.MyoRod@27a66deb
Crazy forceSum in boxOfActin.MyoRod@62a4f77b
Crazy forceSum in boxOfActin.MyoRod@3f135f6a
Crazy forceSum in boxOfActin.MyoRod@530cd635
Crazy forceSum in boxOfActin.MyoRod@4751208a
Crazy forceSum in boxOfActin.MyoRod@28b0834
Crazy forceSum in boxOfActin.MyoRod@27c6ef00
Crazy forceSum in boxOfActin.MyoRod@124e38b3
Crazy forceSum in boxOfActin.MyoRod@5c550f00
Crazy forceSum in boxOfActin.MyoRod@6c57616
Crazy forceSum in boxOfActin.MyoRod@16eb3721
Crazy forceSum in boxOfActin.MyoRod@75831eef
Crazy forceSum in boxOfActin.MyoRod@1da2250
Crazy forceSum in boxOfActin.MyoRod@2c0281bb
Crazy forceSum in boxOfActin.MyoRod@631fe925
Crazy forceSum in boxOfActin.MyoRod@e86f7cf
Crazy forceSum in boxOfActin.MyoMiniFilament@2d5e069b
Crazy torqueSum in boxOfActin.MyoMiniFilament@2d5e069b
Crazy forceSum in boxOfActin.MyoRod@27a66deb
Crazy forceSum in boxOfActin.MyoRod@62a4f77b
Crazy forceSum in boxOfActin.MyoRod@3f135f6a
Crazy forceSum in boxOfActin.MyoRod@530cd635
Crazy forceSum in boxOfActin.MyoRod@4751208a
Crazy forceSum in boxOfActin.MyoRod@28b0834
Crazy forceSum in boxOfActin.MyoRod@27c6ef00
Crazy forceSum in boxOfActin.MyoRod@124e38b3
Crazy forceSum in boxOfActin.MyoRod@5c550f00
Crazy forceSum in boxOfActin.MyoRod@6c57616
Crazy forceSum in boxOfActin.MyoRod@16eb3721
Crazy forceSum in boxOfActin.MyoRod@75831eef
Crazy forceSum in boxOfActin.MyoRod@1da2250
Crazy forceSum in boxOfActin.MyoRod@2c0281bb
Crazy forceSum in boxOfActin.MyoRod@631fe925
Crazy forceSum in boxOfActin.MyoRod@e86f7cf
Crazy forceSum in boxOfActin.MyoMiniFilament@2d5e069b
Crazy torqueSum in boxOfActin.MyoMiniFilament@2d5e069b
Crazy forceSum in boxOfActin.MyoRod@27a66deb
Crazy forceSum in boxOfActin.MyoRod@62a4f77b
Crazy forceSum in boxOfActin.MyoRod@3f135f6a
Crazy forceSum in boxOfActin.MyoRod@530cd635
Crazy forceSum in boxOfActin.MyoRod@4751208a
Crazy forceSum in boxOfActin.MyoRod@28b0834
Crazy forceSum in boxOfActin.MyoRod@27c6ef00
Crazy forceSum in boxOfActin.MyoRod@124e38b3
Crazy forceSum in boxOfActin.MyoRod@5c550f00
Crazy forceSum in boxOfActin.MyoRod@6c57616
Crazy forceSum in boxOfActin.MyoRod@16eb3721
Crazy forceSum in boxOfActin.MyoRod@75831eef
Crazy forceSum in boxOfActin.MyoRod@1da2250
Crazy forceSum in boxOfActin.MyoRod@2c0281bb
Crazy forceSum in boxOfActin.MyoRod@631fe925
Crazy forceSum in boxOfActin.MyoRod@e86f7cf
Crazy forceSum in boxOfActin.MyoMiniFilament@2d5e069b
Crazy torqueSum in boxOfActin.MyoMiniFilament@2d5e069b
Crazy forceSum in boxOfActin.MyoRod@27a66deb
Crazy forceSum in boxOfActin.MyoRod@62a4f77b
Crazy forceSum in boxOfActin.MyoRod@3f135f6a
Crazy forceSum in boxOfActin.MyoRod@530cd635
Crazy forceSum in boxOfActin.MyoRod@4751208a
Crazy forceSum in boxOfActin.MyoRod@28b0834
Crazy forceSum in boxOfActin.MyoRod@27c6ef00
Crazy forceSum in boxOfActin.MyoRod@124e38b3
Crazy forceSum in boxOfActin.MyoRod@5c550f00
Crazy forceSum in boxOfActin.MyoRod@6c57616
Crazy forceSum in boxOfActin.MyoRod@16eb3721
Crazy forceSum in boxOfActin.MyoRod@75831eef
Crazy forceSum in boxOfActin.MyoRod@1da2250
Crazy forceSum in boxOfActin.MyoRod@2c0281bb
Crazy forceSum in boxOfActin.MyoRod@631fe925
Crazy forceSum in boxOfActin.MyoRod@e86f7cf
Crazy forceSum in boxOfActin.MyoMiniFilament@2d5e069b
Crazy torqueSum in boxOfActin.MyoMiniFilament@2d5e069b
Crazy forceSum in boxOfActin.MyoRod@27a66deb
Crazy forceSum in boxOfActin.MyoRod@62a4f77b
Crazy forceSum in boxOfActin.MyoRod@3f135f6a
Crazy forceSum in boxOfActin.MyoRod@530cd635
Crazy forceSum in boxOfActin.MyoRod@4751208a
Crazy forceSum in boxOfActin.MyoRod@28b0834
Crazy forceSum in boxOfActin.MyoRod@27c6ef00
Crazy forceSum in boxOfActin.MyoRod@124e38b3
Crazy forceSum in boxOfActin.MyoRod@5c550f00
Crazy forceSum in boxOfActin.MyoRod@6c57616
Crazy forceSum in boxOfActin.MyoRod@16eb3721
Crazy forceSum in boxOfActin.MyoRod@75831eef
Crazy forceSum in boxOfActin.MyoRod@1da2250
Crazy forceSum in boxOfActin.MyoRod@2c0281bb
Crazy forceSum in boxOfActin.MyoRod@631fe925
Crazy forceSum in boxOfActin.MyoRod@e86f7cf
Crazy forceSum in boxOfActin.MyoMiniFilament@2d5e069b
Crazy torqueSum in boxOfActin.MyoMiniFilament@2d5e069b
Crazy forceSum in boxOfActin.MyoRod@27a66deb
Crazy forceSum in boxOfActin.MyoRod@62a4f77b
Crazy forceSum in boxOfActin.MyoRod@3f135f6a
Crazy forceSum in boxOfActin.MyoRod@530cd635
Crazy forceSum in boxOfActin.MyoRod@4751208a
Crazy forceSum in boxOfActin.MyoRod@28b0834
Crazy forceSum in boxOfActin.MyoRod@27c6ef00
Crazy forceSum in boxOfActin.MyoRod@124e38b3
Crazy forceSum in boxOfActin.MyoRod@5c550f00
Crazy forceSum in boxOfActin.MyoRod@6c57616
Crazy forceSum in boxOfActin.MyoRod@16eb3721
Crazy forceSum in boxOfActin.MyoRod@75831eef
Crazy forceSum in boxOfActin.MyoRod@1da2250
Crazy forceSum in boxOfActin.MyoRod@2c0281bb
Crazy forceSum in boxOfActin.MyoRod@631fe925
Crazy forceSum in boxOfActin.MyoRod@e86f7cf
Crazy forceSum in boxOfActin.MyoMiniFilament@2d5e069b
Crazy torqueSum in boxOfActin.MyoMiniFilament@2d5e069b
Crazy forceSum in boxOfActin.MyoRod@27a66deb
Crazy forceSum in boxOfActin.MyoRod@62a4f77b
Crazy forceSum in boxOfActin.MyoRod@3f135f6a
Crazy forceSum in boxOfActin.MyoRod@530cd635
Crazy forceSum in boxOfActin.MyoRod@4751208a
Crazy forceSum in boxOfActin.MyoRod@28b0834
Crazy forceSum in boxOfActin.MyoRod@27c6ef00
Crazy forceSum in boxOfActin.MyoRod@124e38b3
Crazy forceSum in boxOfActin.MyoRod@5c550f00
Crazy forceSum in boxOfActin.MyoRod@6c57616
Crazy forceSum in boxOfActin.MyoRod@16eb3721
Crazy forceSum in boxOfActin.MyoRod@75831eef
Crazy forceSum in boxOfActin.MyoRod@1da2250
Crazy forceSum in boxOfActin.MyoRod@2c0281bb
Crazy forceSum in boxOfActin.MyoRod@631fe925
Crazy forceSum in boxOfActin.MyoRod@e86f7cf
Crazy forceSum in boxOfActin.MyoMiniFilament@2d5e069b
Crazy torqueSum in boxOfActin.MyoMiniFilament@2d5e069b
Crazy forceSum in boxOfActin.MyoRod@27a66deb
Crazy forceSum in boxOfActin.MyoRod@62a4f77b
Crazy forceSum in boxOfActin.MyoRod@3f135f6a
Crazy forceSum in boxOfActin.MyoRod@530cd635
Crazy forceSum in boxOfActin.MyoRod@4751208a
Crazy forceSum in boxOfActin.MyoRod@28b0834
Crazy forceSum in boxOfActin.MyoRod@27c6ef00
Crazy forceSum in boxOfActin.MyoRod@124e38b3
Crazy forceSum in boxOfActin.MyoRod@5c550f00
Crazy forceSum in boxOfActin.MyoRod@6c57616
Crazy forceSum in boxOfActin.MyoRod@16eb3721
Crazy forceSum in boxOfActin.MyoRod@75831eef
Crazy forceSum in boxOfActin.MyoRod@1da2250
Crazy forceSum in boxOfActin.MyoRod@2c0281bb
Crazy forceSum in boxOfActin.MyoRod@631fe925
Crazy forceSum in boxOfActin.MyoRod@e86f7cf
Crazy forceSum in boxOfActin.MyoMiniFilament@2d5e069b
Crazy torqueSum in boxOfActin.MyoMiniFilament@2d5e069b
Crazy forceSum in boxOfActin.MyoRod@27a66deb
Crazy forceSum in boxOfActin.MyoRod@62a4f77b
Crazy forceSum in boxOfActin.MyoRod@3f135f6a
Crazy forceSum in boxOfActin.MyoRod@530cd635
Crazy forceSum in boxOfActin.MyoRod@4751208a
Crazy forceSum in boxOfActin.MyoRod@28b0834
Crazy forceSum in boxOfActin.MyoRod@27c6ef00
Crazy forceSum in boxOfActin.MyoRod@124e38b3
Crazy forceSum in boxOfActin.MyoRod@5c550f00
Crazy forceSum in boxOfActin.MyoRod@6c57616
Crazy forceSum in boxOfActin.MyoRod@16eb3721
Crazy forceSum in boxOfActin.MyoRod@75831eef
Crazy forceSum in boxOfActin.MyoRod@1da2250
Crazy forceSum in boxOfActin.MyoRod@2c0281bb
Crazy forceSum in boxOfActin.MyoRod@631fe925
Crazy forceSum in boxOfActin.MyoRod@e86f7cf
Crazy forceSum in boxOfActin.MyoMiniFilament@2d5e069b
Crazy torqueSum in boxOfActin.MyoMiniFilament@2d5e069b
Crazy forceSum in boxOfActin.MyoRod@27a66deb
Crazy forceSum in boxOfActin.MyoRod@62a4f77b
Crazy forceSum in boxOfActin.MyoRod@3f135f6a
Crazy forceSum in boxOfActin.MyoRod@530cd635
Crazy forceSum in boxOfActin.MyoRod@4751208a
Crazy forceSum in boxOfActin.MyoRod@28b0834
Crazy forceSum in boxOfActin.MyoRod@27c6ef00
Crazy forceSum in boxOfActin.MyoRod@124e38b3
Crazy forceSum in boxOfActin.MyoRod@5c550f00
Crazy forceSum in boxOfActin.MyoRod@6c57616
Crazy forceSum in boxOfActin.MyoRod@16eb3721
Crazy forceSum in boxOfActin.MyoRod@75831eef
Crazy forceSum in boxOfActin.MyoRod@1da2250
Crazy forceSum in boxOfActin.MyoRod@2c0281bb
Crazy forceSum in boxOfActin.MyoRod@631fe925
Crazy forceSum in boxOfActin.MyoRod@e86f7cf
Crazy forceSum in boxOfActin.MyoMiniFilament@2d5e069b
Crazy torqueSum in boxOfActin.MyoMiniFilament@2d5e069b
Crazy forceSum in boxOfActin.MyoRod@27a66deb
Crazy forceSum in boxOfActin.MyoRod@62a4f77b
Crazy forceSum in boxOfActin.MyoRod@3f135f6a
Crazy forceSum in boxOfActin.MyoRod@530cd635
Crazy forceSum in boxOfActin.MyoRod@4751208a
Crazy forceSum in boxOfActin.MyoRod@28b0834
Crazy forceSum in boxOfActin.MyoRod@27c6ef00
Crazy forceSum in boxOfActin.MyoRod@124e38b3
Crazy forceSum in boxOfActin.MyoRod@5c550f00
Crazy forceSum in boxOfActin.MyoRod@6c57616
Crazy forceSum in boxOfActin.MyoRod@16eb3721
Crazy forceSum in boxOfActin.MyoRod@75831eef
Crazy forceSum in boxOfActin.MyoRod@1da2250
Crazy forceSum in boxOfActin.MyoRod@2c0281bb
Crazy forceSum in boxOfActin.MyoRod@631fe925
Crazy forceSum in boxOfActin.MyoRod@e86f7cf
Crazy forceSum in boxOfActin.MyoMiniFilament@2d5e069b
Crazy torqueSum in boxOfActin.MyoMiniFilament@2d5e069b
Crazy forceSum in boxOfActin.MyoRod@27a66deb
Crazy forceSum in boxOfActin.MyoRod@62a4f77b
Crazy forceSum in boxOfActin.MyoRod@3f135f6a
Crazy forceSum in boxOfActin.MyoRod@530cd635
Crazy forceSum in boxOfActin.MyoRod@4751208a
Crazy forceSum in boxOfActin.MyoRod@28b0834
Crazy forceSum in boxOfActin.MyoRod@27c6ef00
Crazy forceSum in boxOfActin.MyoRod@124e38b3
Crazy forceSum in boxOfActin.MyoRod@5c550f00
Crazy forceSum in boxOfActin.MyoRod@6c57616
Crazy forceSum in boxOfActin.MyoRod@16eb3721
Crazy forceSum in boxOfActin.MyoRod@75831eef
Crazy forceSum in boxOfActin.MyoRod@1da2250
Crazy forceSum in boxOfActin.MyoRod@2c0281bb
Crazy forceSum in boxOfActin.MyoRod@631fe925
Crazy forceSum in boxOfActin.MyoRod@e86f7cf
Crazy forceSum in boxOfActin.MyoMiniFilament@2d5e069b
Crazy torqueSum in boxOfActin.MyoMiniFilament@2d5e069b
Crazy forceSum in boxOfActin.MyoRod@27a66deb
Crazy forceSum in boxOfActin.MyoRod@62a4f77b
Crazy forceSum in boxOfActin.MyoRod@3f135f6a
Crazy forceSum in boxOfActin.MyoRod@530cd635
Crazy forceSum in boxOfActin.MyoRod@4751208a
Crazy forceSum in boxOfActin.MyoRod@28b0834
Crazy forceSum in boxOfActin.MyoRod@27c6ef00
Crazy forceSum in boxOfActin.MyoRod@124e38b3
Crazy forceSum in boxOfActin.MyoRod@5c550f00
Crazy forceSum in boxOfActin.MyoRod@6c57616
Crazy forceSum in boxOfActin.MyoRod@16eb3721
Crazy forceSum in boxOfActin.MyoRod@75831eef
Crazy forceSum in boxOfActin.MyoRod@1da2250
Crazy forceSum in boxOfActin.MyoRod@2c0281bb
Crazy forceSum in boxOfActin.MyoRod@631fe925
Crazy forceSum in boxOfActin.MyoRod@e86f7cf
Crazy forceSum in boxOfActin.MyoMiniFilament@2d5e069b
Crazy torqueSum in boxOfActin.MyoMiniFilament@2d5e069b
Crazy forceSum in boxOfActin.MyoRod@27a66deb
Crazy forceSum in boxOfActin.MyoRod@62a4f77b
Crazy forceSum in boxOfActin.MyoRod@3f135f6a
Crazy forceSum in boxOfActin.MyoRod@530cd635
Crazy forceSum in boxOfActin.MyoRod@4751208a
Crazy forceSum in boxOfActin.MyoRod@28b0834
Crazy forceSum in boxOfActin.MyoRod@27c6ef00
Crazy forceSum in boxOfActin.MyoRod@124e38b3
Crazy forceSum in boxOfActin.MyoRod@5c550f00
Crazy forceSum in boxOfActin.MyoRod@6c57616
Crazy forceSum in boxOfActin.MyoRod@16eb3721
Crazy forceSum in boxOfActin.MyoRod@75831eef
Crazy forceSum in boxOfActin.MyoRod@1da2250
Crazy forceSum in boxOfActin.MyoRod@2c0281bb
Crazy forceSum in boxOfActin.MyoRod@631fe925
Crazy forceSum in boxOfActin.MyoRod@e86f7cf
Crazy forceSum in boxOfActin.MyoMiniFilament@2d5e069b
Crazy torqueSum in boxOfActin.MyoMiniFilament@2d5e069b
Crazy forceSum in boxOfActin.MyoRod@27a66deb
Crazy forceSum in boxOfActin.MyoRod@62a4f77b
Crazy forceSum in boxOfActin.MyoRod@3f135f6a
Crazy forceSum in boxOfActin.MyoRod@530cd635
Crazy forceSum in boxOfActin.MyoRod@4751208a
Crazy forceSum in boxOfActin.MyoRod@28b0834
Crazy forceSum in boxOfActin.MyoRod@27c6ef00
Crazy forceSum in boxOfActin.MyoRod@124e38b3
Crazy forceSum in boxOfActin.MyoRod@5c550f00
Crazy forceSum in boxOfActin.MyoRod@6c57616
Crazy forceSum in boxOfActin.MyoRod@16eb3721
Crazy forceSum in boxOfActin.MyoRod@75831eef
Crazy forceSum in boxOfActin.MyoRod@1da2250
Crazy forceSum in boxOfActin.MyoRod@2c0281bb
Crazy forceSum in boxOfActin.MyoRod@631fe925
Crazy forceSum in boxOfActin.MyoRod@e86f7cf
Crazy forceSum in boxOfActin.MyoMiniFilament@2d5e069b
Crazy torqueSum in boxOfActin.MyoMiniFilament@2d5e069b
Crazy forceSum in boxOfActin.MyoRod@27a66deb
Crazy forceSum in boxOfActin.MyoRod@62a4f77b
Crazy forceSum in boxOfActin.MyoRod@3f135f6a
Crazy forceSum in boxOfActin.MyoRod@530cd635
Crazy forceSum in boxOfActin.MyoRod@4751208a
Crazy forceSum in boxOfActin.MyoRod@28b0834
Crazy forceSum in boxOfActin.MyoRod@27c6ef00
Crazy forceSum in boxOfActin.MyoRod@124e38b3
Crazy forceSum in boxOfActin.MyoRod@5c550f00
Crazy forceSum in boxOfActin.MyoRod@6c57616
Crazy forceSum in boxOfActin.MyoRod@16eb3721
Crazy forceSum in boxOfActin.MyoRod@75831eef
Crazy forceSum in boxOfActin.MyoRod@1da2250
Crazy forceSum in boxOfActin.MyoRod@2c0281bb
Crazy forceSum in boxOfActin.MyoRod@631fe925
Crazy forceSum in boxOfActin.MyoRod@e86f7cf
Crazy forceSum in boxOfActin.MyoMiniFilament@2d5e069b
Crazy torqueSum in boxOfActin.MyoMiniFilament@2d5e069b
Crazy forceSum in boxOfActin.MyoRod@27a66deb
Crazy forceSum in boxOfActin.MyoRod@62a4f77b
Crazy forceSum in boxOfActin.MyoRod@3f135f6a
Crazy forceSum in boxOfActin.MyoRod@530cd635
Crazy forceSum in boxOfActin.MyoRod@4751208a
Crazy forceSum in boxOfActin.MyoRod@28b0834
Crazy forceSum in boxOfActin.MyoRod@27c6ef00
Crazy forceSum in boxOfActin.MyoRod@124e38b3
Crazy forceSum in boxOfActin.MyoRod@5c550f00
Crazy forceSum in boxOfActin.MyoRod@6c57616
Crazy forceSum in boxOfActin.MyoRod@16eb3721
Crazy forceSum in boxOfActin.MyoRod@75831eef
Crazy forceSum in boxOfActin.MyoRod@1da2250
Crazy forceSum in boxOfActin.MyoRod@2c0281bb
Crazy forceSum in boxOfActin.MyoRod@631fe925
Crazy forceSum in boxOfActin.MyoRod@e86f7cf
Crazy forceSum in boxOfActin.MyoMiniFilament@2d5e069b
Crazy torqueSum in boxOfActin.MyoMiniFilament@2d5e069b
Crazy forceSum in boxOfActin.MyoRod@27a66deb
Crazy forceSum in boxOfActin.MyoRod@62a4f77b
Crazy forceSum in boxOfActin.MyoRod@3f135f6a
Crazy forceSum in boxOfActin.MyoRod@530cd635
Crazy forceSum in boxOfActin.MyoRod@4751208a
Crazy forceSum in boxOfActin.MyoRod@28b0834
Crazy forceSum in boxOfActin.MyoRod@27c6ef00
Crazy forceSum in boxOfActin.MyoRod@124e38b3
Crazy forceSum in boxOfActin.MyoRod@5c550f00
Crazy forceSum in boxOfActin.MyoRod@6c57616
Crazy forceSum in boxOfActin.MyoRod@16eb3721
Crazy forceSum in boxOfActin.MyoRod@75831eef
Crazy forceSum in boxOfActin.MyoRod@1da2250
Crazy forceSum in boxOfActin.MyoRod@2c0281bb
Crazy forceSum in boxOfActin.MyoRod@631fe925
Crazy forceSum in boxOfActin.MyoRod@e86f7cf
Crazy forceSum in boxOfActin.MyoMiniFilament@2d5e069b
Crazy torqueSum in boxOfActin.MyoMiniFilament@2d5e069b
Crazy forceSum in boxOfActin.MyoRod@27a66deb
Crazy forceSum in boxOfActin.MyoRod@62a4f77b
Crazy forceSum in boxOfActin.MyoRod@3f135f6a
Crazy forceSum in boxOfActin.MyoRod@530cd635
Crazy forceSum in boxOfActin.MyoRod@4751208a
Crazy forceSum in boxOfActin.MyoRod@28b0834
Crazy forceSum in boxOfActin.MyoRod@27c6ef00
Crazy forceSum in boxOfActin.MyoRod@124e38b3
Crazy forceSum in boxOfActin.MyoRod@5c550f00
Crazy forceSum in boxOfActin.MyoRod@6c57616
Crazy forceSum in boxOfActin.MyoRod@16eb3721
Crazy forceSum in boxOfActin.MyoRod@75831eef
Crazy forceSum in boxOfActin.MyoRod@1da2250
Crazy forceSum in boxOfActin.MyoRod@2c0281bb
Crazy forceSum in boxOfActin.MyoRod@631fe925
Crazy forceSum in boxOfActin.MyoRod@e86f7cf
Crazy forceSum in boxOfActin.MyoMiniFilament@2d5e069b
Crazy torqueSum in boxOfActin.MyoMiniFilament@2d5e069b
Crazy forceSum in boxOfActin.MyoRod@27a66deb
Crazy forceSum in boxOfActin.MyoRod@62a4f77b
Crazy forceSum in boxOfActin.MyoRod@3f135f6a
Crazy forceSum in boxOfActin.MyoRod@530cd635
Crazy forceSum in boxOfActin.MyoRod@4751208a
Crazy forceSum in boxOfActin.MyoRod@28b0834
Crazy forceSum in boxOfActin.MyoRod@27c6ef00
Crazy forceSum in boxOfActin.MyoRod@124e38b3
Crazy forceSum in boxOfActin.MyoRod@5c550f00
Crazy forceSum in boxOfActin.MyoRod@6c57616
Crazy forceSum in boxOfActin.MyoRod@16eb3721
Crazy forceSum in boxOfActin.MyoRod@75831eef
Crazy forceSum in boxOfActin.MyoRod@1da2250
Crazy forceSum in boxOfActin.MyoRod@2c0281bb
Crazy forceSum in boxOfActin.MyoRod@631fe925
Crazy forceSum in boxOfActin.MyoRod@e86f7cf
Crazy forceSum in boxOfActin.MyoMiniFilament@2d5e069b
Crazy torqueSum in boxOfActin.MyoMiniFilament@2d5e069b
Crazy forceSum in boxOfActin.MyoRod@27a66deb
Crazy forceSum in boxOfActin.MyoRod@62a4f77b
Crazy forceSum in boxOfActin.MyoRod@3f135f6a
Crazy forceSum in boxOfActin.MyoRod@530cd635
Crazy forceSum in boxOfActin.MyoRod@4751208a
Crazy forceSum in boxOfActin.MyoRod@28b0834
Crazy forceSum in boxOfActin.MyoRod@27c6ef00
Crazy forceSum in boxOfActin.MyoRod@124e38b3
Crazy forceSum in boxOfActin.MyoRod@5c550f00
Crazy forceSum in boxOfActin.MyoRod@6c57616
Crazy forceSum in boxOfActin.MyoRod@16eb3721
Crazy forceSum in boxOfActin.MyoRod@75831eef
Crazy forceSum in boxOfActin.MyoRod@1da2250
Crazy forceSum in boxOfActin.MyoRod@2c0281bb
Crazy forceSum in boxOfActin.MyoRod@631fe925
Crazy forceSum in boxOfActin.MyoRod@e86f7cf
Crazy forceSum in boxOfActin.MyoMiniFilament@2d5e069b
Crazy torqueSum in boxOfActin.MyoMiniFilament@2d5e069b
Crazy forceSum in boxOfActin.MyoRod@27a66deb
Crazy forceSum in boxOfActin.MyoRod@62a4f77b
Crazy forceSum in boxOfActin.MyoRod@3f135f6a
Crazy forceSum in boxOfActin.MyoRod@530cd635
Crazy forceSum in boxOfActin.MyoRod@4751208a
Crazy forceSum in boxOfActin.MyoRod@28b0834
Crazy forceSum in boxOfActin.MyoRod@27c6ef00
Crazy forceSum in boxOfActin.MyoRod@124e38b3
Crazy forceSum in boxOfActin.MyoRod@5c550f00
Crazy forceSum in boxOfActin.MyoRod@6c57616
Crazy forceSum in boxOfActin.MyoRod@16eb3721
Crazy forceSum in boxOfActin.MyoRod@75831eef
Crazy forceSum in boxOfActin.MyoRod@1da2250
Crazy forceSum in boxOfActin.MyoRod@2c0281bb
Crazy forceSum in boxOfActin.MyoRod@631fe925
Crazy forceSum in boxOfActin.MyoRod@e86f7cf
Crazy forceSum in boxOfActin.MyoMiniFilament@2d5e069b
Crazy torqueSum in boxOfActin.MyoMiniFilament@2d5e069b
Crazy forceSum in boxOfActin.MyoRod@27a66deb
Crazy forceSum in boxOfActin.MyoRod@62a4f77b
Crazy forceSum in boxOfActin.MyoRod@3f135f6a
Crazy forceSum in boxOfActin.MyoRod@530cd635
Crazy forceSum in boxOfActin.MyoRod@4751208a
Crazy forceSum in boxOfActin.MyoRod@28b0834
Crazy forceSum in boxOfActin.MyoRod@27c6ef00
Crazy forceSum in boxOfActin.MyoRod@124e38b3
Crazy forceSum in boxOfActin.MyoRod@5c550f00
Crazy forceSum in boxOfActin.MyoRod@6c57616
Crazy forceSum in boxOfActin.MyoRod@16eb3721
Crazy forceSum in boxOfActin.MyoRod@75831eef
Crazy forceSum in boxOfActin.MyoRod@1da2250
Crazy forceSum in boxOfActin.MyoRod@2c0281bb
Crazy forceSum in boxOfActin.MyoRod@631fe925
Crazy forceSum in boxOfActin.MyoRod@e86f7cf
Crazy forceSum in boxOfActin.MyoMiniFilament@2d5e069b
Crazy torqueSum in boxOfActin.MyoMiniFilament@2d5e069b
Crazy forceSum in boxOfActin.MyoRod@27a66deb
Crazy forceSum in boxOfActin.MyoRod@62a4f77b
Crazy forceSum in boxOfActin.MyoRod@3f135f6a
Crazy forceSum in boxOfActin.MyoRod@530cd635
Crazy forceSum in boxOfActin.MyoRod@4751208a
Crazy forceSum in boxOfActin.MyoRod@28b0834
Crazy forceSum in boxOfActin.MyoRod@27c6ef00
Crazy forceSum in boxOfActin.MyoRod@124e38b3
Crazy forceSum in boxOfActin.MyoRod@5c550f00
Crazy forceSum in boxOfActin.MyoRod@6c57616
Crazy forceSum in boxOfActin.MyoRod@16eb3721
Crazy forceSum in boxOfActin.MyoRod@75831eef
Crazy forceSum in boxOfActin.MyoRod@1da2250
Crazy forceSum in boxOfActin.MyoRod@2c0281bb
Crazy forceSum in boxOfActin.MyoRod@631fe925
Crazy forceSum in boxOfActin.MyoRod@e86f7cf
Crazy forceSum in boxOfActin.MyoMiniFilament@2d5e069b
Crazy torqueSum in boxOfActin.MyoMiniFilament@2d5e069b
Crazy forceSum in boxOfActin.MyoRod@27a66deb
Crazy forceSum in boxOfActin.MyoRod@62a4f77b
Crazy forceSum in boxOfActin.MyoRod@3f135f6a
Crazy forceSum in boxOfActin.MyoRod@530cd635
Crazy forceSum in boxOfActin.MyoRod@4751208a
Crazy forceSum in boxOfActin.MyoRod@28b0834
Crazy forceSum in boxOfActin.MyoRod@27c6ef00
Crazy forceSum in boxOfActin.MyoRod@124e38b3
Crazy forceSum in boxOfActin.MyoRod@5c550f00
Crazy forceSum in boxOfActin.MyoRod@6c57616
Crazy forceSum in boxOfActin.MyoRod@16eb3721
Crazy forceSum in boxOfActin.MyoRod@75831eef
Crazy forceSum in boxOfActin.MyoRod@1da2250
Crazy forceSum in boxOfActin.MyoRod@2c0281bb
Crazy forceSum in boxOfActin.MyoRod@631fe925
Crazy forceSum in boxOfActin.MyoRod@e86f7cf
Crazy forceSum in boxOfActin.MyoMiniFilament@2d5e069b
Crazy torqueSum in boxOfActin.MyoMiniFilament@2d5e069b
Crazy forceSum in boxOfActin.MyoRod@27a66deb
Crazy forceSum in boxOfActin.MyoRod@62a4f77b
Crazy forceSum in boxOfActin.MyoRod@3f135f6a
Crazy forceSum in boxOfActin.MyoRod@530cd635
Crazy forceSum in boxOfActin.MyoRod@4751208a
Crazy forceSum in boxOfActin.MyoRod@28b0834
Crazy forceSum in boxOfActin.MyoRod@27c6ef00
Crazy forceSum in boxOfActin.MyoRod@124e38b3
Crazy forceSum in boxOfActin.MyoRod@5c550f00
Crazy forceSum in boxOfActin.MyoRod@6c57616
Crazy forceSum in boxOfActin.MyoRod@16eb3721
Crazy forceSum in boxOfActin.MyoRod@75831eef
Crazy forceSum in boxOfActin.MyoRod@1da2250
Crazy forceSum in boxOfActin.MyoRod@2c0281bb
Crazy forceSum in boxOfActin.MyoRod@631fe925
Crazy forceSum in boxOfActin.MyoRod@e86f7cf
Crazy forceSum in boxOfActin.MyoMiniFilament@2d5e069b
Crazy torqueSum in boxOfActin.MyoMiniFilament@2d5e069b
Crazy forceSum in boxOfActin.MyoRod@27a66deb
Crazy forceSum in boxOfActin.MyoRod@62a4f77b
Crazy forceSum in boxOfActin.MyoRod@3f135f6a
Crazy forceSum in boxOfActin.MyoRod@530cd635
Crazy forceSum in boxOfActin.MyoRod@4751208a
Crazy forceSum in boxOfActin.MyoRod@28b0834
Crazy forceSum in boxOfActin.MyoRod@27c6ef00
Crazy forceSum in boxOfActin.MyoRod@124e38b3
Crazy forceSum in boxOfActin.MyoRod@5c550f00
Crazy forceSum in boxOfActin.MyoRod@6c57616
Crazy forceSum in boxOfActin.MyoRod@16eb3721
Crazy forceSum in boxOfActin.MyoRod@75831eef
Crazy forceSum in boxOfActin.MyoRod@1da2250
Crazy forceSum in boxOfActin.MyoRod@2c0281bb
Crazy forceSum in boxOfActin.MyoRod@631fe925
Crazy forceSum in boxOfActin.MyoRod@e86f7cf
Crazy forceSum in boxOfActin.MyoMiniFilament@2d5e069b
Crazy torqueSum in boxOfActin.MyoMiniFilament@2d5e069b
Crazy forceSum in boxOfActin.MyoRod@27a66deb
Crazy forceSum in boxOfActin.MyoRod@62a4f77b
Crazy forceSum in boxOfActin.MyoRod@3f135f6a
Crazy forceSum in boxOfActin.MyoRod@530cd635
Crazy forceSum in boxOfActin.MyoRod@4751208a
Crazy forceSum in boxOfActin.MyoRod@28b0834
Crazy forceSum in boxOfActin.MyoRod@27c6ef00
Crazy forceSum in boxOfActin.MyoRod@124e38b3
Crazy forceSum in boxOfActin.MyoRod@5c550f00
Crazy forceSum in boxOfActin.MyoRod@6c57616
Crazy forceSum in boxOfActin.MyoRod@16eb3721
Crazy forceSum in boxOfActin.MyoRod@75831eef
Crazy forceSum in boxOfActin.MyoRod@1da2250
Crazy forceSum in boxOfActin.MyoRod@2c0281bb
Crazy forceSum in boxOfActin.MyoRod@631fe925
Crazy forceSum in boxOfActin.MyoRod@e86f7cf
Crazy forceSum in boxOfActin.MyoMiniFilament@2d5e069b
Crazy torqueSum in boxOfActin.MyoMiniFilament@2d5e069b
Crazy forceSum in boxOfActin.MyoRod@27a66deb
Crazy forceSum in boxOfActin.MyoRod@62a4f77b
Crazy forceSum in boxOfActin.MyoRod@3f135f6a
Crazy forceSum in boxOfActin.MyoRod@530cd635
Crazy forceSum in boxOfActin.MyoRod@4751208a
Crazy forceSum in boxOfActin.MyoRod@28b0834
Crazy forceSum in boxOfActin.MyoRod@27c6ef00
Crazy forceSum in boxOfActin.MyoRod@124e38b3
Crazy forceSum in boxOfActin.MyoRod@5c550f00
Crazy forceSum in boxOfActin.MyoRod@6c57616
Crazy forceSum in boxOfActin.MyoRod@16eb3721
Crazy forceSum in boxOfActin.MyoRod@75831eef
Crazy forceSum in boxOfActin.MyoRod@1da2250
Crazy forceSum in boxOfActin.MyoRod@2c0281bb
Crazy forceSum in boxOfActin.MyoRod@631fe925
Crazy forceSum in boxOfActin.MyoRod@e86f7cf
Crazy forceSum in boxOfActin.MyoMiniFilament@2d5e069b
Crazy torqueSum in boxOfActin.MyoMiniFilament@2d5e069b
Crazy forceSum in boxOfActin.MyoRod@27a66deb
Crazy forceSum in boxOfActin.MyoRod@62a4f77b
Crazy forceSum in boxOfActin.MyoRod@3f135f6a
Crazy forceSum in boxOfActin.MyoRod@530cd635
Crazy forceSum in boxOfActin.MyoRod@4751208a
Crazy forceSum in boxOfActin.MyoRod@28b0834
Crazy forceSum in boxOfActin.MyoRod@27c6ef00
Crazy forceSum in boxOfActin.MyoRod@124e38b3
Crazy forceSum in boxOfActin.MyoRod@5c550f00
Crazy forceSum in boxOfActin.MyoRod@6c57616
Crazy forceSum in boxOfActin.MyoRod@16eb3721
Crazy forceSum in boxOfActin.MyoRod@75831eef
Crazy forceSum in boxOfActin.MyoRod@1da2250
Crazy forceSum in boxOfActin.MyoRod@2c0281bb
Crazy forceSum in boxOfActin.MyoRod@631fe925
Crazy forceSum in boxOfActin.MyoRod@e86f7cf
Crazy forceSum in boxOfActin.MyoMiniFilament@2d5e069b
Crazy torqueSum in boxOfActin.MyoMiniFilament@2d5e069b
Crazy forceSum in boxOfActin.MyoRod@27a66deb
Crazy forceSum in boxOfActin.MyoRod@62a4f77b
Crazy forceSum in boxOfActin.MyoRod@3f135f6a
Crazy forceSum in boxOfActin.MyoRod@530cd635
Crazy forceSum in boxOfActin.MyoRod@4751208a
Crazy forceSum in boxOfActin.MyoRod@28b0834
Crazy forceSum in boxOfActin.MyoRod@27c6ef00
Crazy forceSum in boxOfActin.MyoRod@124e38b3
Crazy forceSum in boxOfActin.MyoRod@5c550f00
Crazy forceSum in boxOfActin.MyoRod@6c57616
Crazy forceSum in boxOfActin.MyoRod@16eb3721
Crazy forceSum in boxOfActin.MyoRod@75831eef
Crazy forceSum in boxOfActin.MyoRod@1da2250
Crazy forceSum in boxOfActin.MyoRod@2c0281bb
Crazy forceSum in boxOfActin.MyoRod@631fe925
Crazy forceSum in boxOfActin.MyoRod@e86f7cf
Crazy forceSum in boxOfActin.MyoMiniFilament@2d5e069b
Crazy torqueSum in boxOfActin.MyoMiniFilament@2d5e069b
Crazy forceSum in boxOfActin.MyoRod@27a66deb
Crazy forceSum in boxOfActin.MyoRod@62a4f77b
Crazy forceSum in boxOfActin.MyoRod@3f135f6a
Crazy forceSum in boxOfActin.MyoRod@530cd635
Crazy forceSum in boxOfActin.MyoRod@4751208a
Crazy forceSum in boxOfActin.MyoRod@28b0834
Crazy forceSum in boxOfActin.MyoRod@27c6ef00
Crazy forceSum in boxOfActin.MyoRod@124e38b3
Crazy forceSum in boxOfActin.MyoRod@5c550f00
Crazy forceSum in boxOfActin.MyoRod@6c57616
Crazy forceSum in boxOfActin.MyoRod@16eb3721
Crazy forceSum in boxOfActin.MyoRod@75831eef
Crazy forceSum in boxOfActin.MyoRod@1da2250
Crazy forceSum in boxOfActin.MyoRod@2c0281bb
Crazy forceSum in boxOfActin.MyoRod@631fe925
Crazy forceSum in boxOfActin.MyoRod@e86f7cf
Crazy forceSum in boxOfActin.MyoMiniFilament@2d5e069b
Crazy torqueSum in boxOfActin.MyoMiniFilament@2d5e069b
Crazy forceSum in boxOfActin.MyoRod@27a66deb
Crazy forceSum in boxOfActin.MyoRod@62a4f77b
Crazy forceSum in boxOfActin.MyoRod@3f135f6a
Crazy forceSum in boxOfActin.MyoRod@530cd635
Crazy forceSum in boxOfActin.MyoRod@4751208a
Crazy forceSum in boxOfActin.MyoRod@28b0834
Crazy forceSum in boxOfActin.MyoRod@27c6ef00
Crazy forceSum in boxOfActin.MyoRod@124e38b3
Crazy forceSum in boxOfActin.MyoRod@5c550f00
Crazy forceSum in boxOfActin.MyoRod@6c57616
Crazy forceSum in boxOfActin.MyoRod@16eb3721
Crazy forceSum in boxOfActin.MyoRod@75831eef
Crazy forceSum in boxOfActin.MyoRod@1da2250
Crazy forceSum in boxOfActin.MyoRod@2c0281bb
Crazy forceSum in boxOfActin.MyoRod@631fe925
Crazy forceSum in boxOfActin.MyoRod@e86f7cf
Crazy forceSum in boxOfActin.MyoMiniFilament@2d5e069b
Crazy torqueSum in boxOfActin.MyoMiniFilament@2d5e069b
Crazy forceSum in boxOfActin.MyoRod@27a66deb
Crazy forceSum in boxOfActin.MyoRod@62a4f77b
Crazy forceSum in boxOfActin.MyoRod@3f135f6a
Crazy forceSum in boxOfActin.MyoRod@530cd635
Crazy forceSum in boxOfActin.MyoRod@4751208a
Crazy forceSum in boxOfActin.MyoRod@28b0834
Crazy forceSum in boxOfActin.MyoRod@27c6ef00
Crazy forceSum in boxOfActin.MyoRod@124e38b3
Crazy forceSum in boxOfActin.MyoRod@5c550f00
Crazy forceSum in boxOfActin.MyoRod@6c57616
Crazy forceSum in boxOfActin.MyoRod@16eb3721
Crazy forceSum in boxOfActin.MyoRod@75831eef
Crazy forceSum in boxOfActin.MyoRod@1da2250
Crazy forceSum in boxOfActin.MyoRod@2c0281bb
Crazy forceSum in boxOfActin.MyoRod@631fe925
Crazy forceSum in boxOfActin.MyoRod@e86f7cf
Crazy forceSum in boxOfActin.MyoMiniFilament@2d5e069b
Crazy torqueSum in boxOfActin.MyoMiniFilament@2d5e069b
Crazy forceSum in boxOfActin.MyoRod@27a66deb
Crazy forceSum in boxOfActin.MyoRod@62a4f77b
Crazy forceSum in boxOfActin.MyoRod@3f135f6a
Crazy forceSum in boxOfActin.MyoRod@530cd635
Crazy forceSum in boxOfActin.MyoRod@4751208a
Crazy forceSum in boxOfActin.MyoRod@28b0834
Crazy forceSum in boxOfActin.MyoRod@27c6ef00
Crazy forceSum in boxOfActin.MyoRod@124e38b3
Crazy forceSum in boxOfActin.MyoRod@5c550f00
Crazy forceSum in boxOfActin.MyoRod@6c57616
Crazy forceSum in boxOfActin.MyoRod@16eb3721
Crazy forceSum in boxOfActin.MyoRod@75831eef
Crazy forceSum in boxOfActin.MyoRod@1da2250
Crazy forceSum in boxOfActin.MyoRod@2c0281bb
Crazy forceSum in boxOfActin.MyoRod@631fe925
Crazy forceSum in boxOfActin.MyoRod@e86f7cf
Crazy forceSum in boxOfActin.MyoMiniFilament@2d5e069b
Crazy torqueSum in boxOfActin.MyoMiniFilament@2d5e069b
Crazy forceSum in boxOfActin.MyoRod@27a66deb
Crazy forceSum in boxOfActin.MyoRod@62a4f77b
Crazy forceSum in boxOfActin.MyoRod@3f135f6a
Crazy forceSum in boxOfActin.MyoRod@530cd635
Crazy forceSum in boxOfActin.MyoRod@4751208a
Crazy forceSum in boxOfActin.MyoRod@28b0834
Crazy forceSum in boxOfActin.MyoRod@27c6ef00
Crazy forceSum in boxOfActin.MyoRod@124e38b3
Crazy forceSum in boxOfActin.MyoRod@5c550f00
Crazy forceSum in boxOfActin.MyoRod@6c57616
Crazy forceSum in boxOfActin.MyoRod@16eb3721
Crazy forceSum in boxOfActin.MyoRod@75831eef
Crazy forceSum in boxOfActin.MyoRod@1da2250
Crazy forceSum in boxOfActin.MyoRod@2c0281bb
Crazy forceSum in boxOfActin.MyoRod@631fe925
Crazy forceSum in boxOfActin.MyoRod@e86f7cf
Crazy forceSum in boxOfActin.MyoMiniFilament@2d5e069b
Crazy torqueSum in boxOfActin.MyoMiniFilament@2d5e069b
Crazy forceSum in boxOfActin.MyoRod@27a66deb
Crazy forceSum in boxOfActin.MyoRod@62a4f77b
Crazy forceSum in boxOfActin.MyoRod@3f135f6a
Crazy forceSum in boxOfActin.MyoRod@530cd635
Crazy forceSum in boxOfActin.MyoRod@4751208a
Crazy forceSum in boxOfActin.MyoRod@28b0834
Crazy forceSum in boxOfActin.MyoRod@27c6ef00
Crazy forceSum in boxOfActin.MyoRod@124e38b3
Crazy forceSum in boxOfActin.MyoRod@5c550f00
Crazy forceSum in boxOfActin.MyoRod@6c57616
Crazy forceSum in boxOfActin.MyoRod@16eb3721
Crazy forceSum in boxOfActin.MyoRod@75831eef
Crazy forceSum in boxOfActin.MyoRod@1da2250
Crazy forceSum in boxOfActin.MyoRod@2c0281bb
Crazy forceSum in boxOfActin.MyoRod@631fe925
Crazy forceSum in boxOfActin.MyoRod@e86f7cf
Crazy forceSum in boxOfActin.MyoMiniFilament@2d5e069b
Crazy torqueSum in boxOfActin.MyoMiniFilament@2d5e069b
Crazy forceSum in boxOfActin.MyoRod@27a66deb
Crazy forceSum in boxOfActin.MyoRod@62a4f77b
Crazy forceSum in boxOfActin.MyoRod@3f135f6a
Crazy forceSum in boxOfActin.MyoRod@530cd635
Crazy forceSum in boxOfActin.MyoRod@4751208a
Crazy forceSum in boxOfActin.MyoRod@28b0834
Crazy forceSum in boxOfActin.MyoRod@27c6ef00
Crazy forceSum in boxOfActin.MyoRod@124e38b3
Crazy forceSum in boxOfActin.MyoRod@5c550f00
Crazy forceSum in boxOfActin.MyoRod@6c57616
Crazy forceSum in boxOfActin.MyoRod@16eb3721
Crazy forceSum in boxOfActin.MyoRod@75831eef
Crazy forceSum in boxOfActin.MyoRod@1da2250
Crazy forceSum in boxOfActin.MyoRod@2c0281bb
Crazy forceSum in boxOfActin.MyoRod@631fe925
Crazy forceSum in boxOfActin.MyoRod@e86f7cf
Crazy forceSum in boxOfActin.MyoMiniFilament@2d5e069b
Crazy torqueSum in boxOfActin.MyoMiniFilament@2d5e069b
Crazy forceSum in boxOfActin.MyoRod@27a66deb
Crazy forceSum in boxOfActin.MyoRod@62a4f77b
Crazy forceSum in boxOfActin.MyoRod@3f135f6a
Crazy forceSum in boxOfActin.MyoRod@530cd635
Crazy forceSum in boxOfActin.MyoRod@4751208a
Crazy forceSum in boxOfActin.MyoRod@28b0834
Crazy forceSum in boxOfActin.MyoRod@27c6ef00
Crazy forceSum in boxOfActin.MyoRod@124e38b3
Crazy forceSum in boxOfActin.MyoRod@5c550f00
Crazy forceSum in boxOfActin.MyoRod@6c57616
Crazy forceSum in boxOfActin.MyoRod@16eb3721
Crazy forceSum in boxOfActin.MyoRod@75831eef
Crazy forceSum in boxOfActin.MyoRod@1da2250
Crazy forceSum in boxOfActin.MyoRod@2c0281bb
Crazy forceSum in boxOfActin.MyoRod@631fe925
Crazy forceSum in boxOfActin.MyoRod@e86f7cf
Crazy forceSum in boxOfActin.MyoMiniFilament@2d5e069b
Crazy torqueSum in boxOfActin.MyoMiniFilament@2d5e069b
Crazy forceSum in boxOfActin.MyoRod@27a66deb
Crazy forceSum in boxOfActin.MyoRod@62a4f77b
Crazy forceSum in boxOfActin.MyoRod@3f135f6a
Crazy forceSum in boxOfActin.MyoRod@530cd635
Crazy forceSum in boxOfActin.MyoRod@4751208a
Crazy forceSum in boxOfActin.MyoRod@28b0834
Crazy forceSum in boxOfActin.MyoRod@27c6ef00
Crazy forceSum in boxOfActin.MyoRod@124e38b3
Crazy forceSum in boxOfActin.MyoRod@5c550f00
Crazy forceSum in boxOfActin.MyoRod@6c57616
Crazy forceSum in boxOfActin.MyoRod@16eb3721
Crazy forceSum in boxOfActin.MyoRod@75831eef
Crazy forceSum in boxOfActin.MyoRod@1da2250
Crazy forceSum in boxOfActin.MyoRod@2c0281bb
Crazy forceSum in boxOfActin.MyoRod@631fe925
Crazy forceSum in boxOfActin.MyoRod@e86f7cf
Crazy forceSum in boxOfActin.MyoMiniFilament@2d5e069b
Crazy torqueSum in boxOfActin.MyoMiniFilament@2d5e069b
Crazy forceSum in boxOfActin.MyoRod@27a66deb
Crazy forceSum in boxOfActin.MyoRod@62a4f77b
Crazy forceSum in boxOfActin.MyoRod@3f135f6a
Crazy forceSum in boxOfActin.MyoRod@530cd635
Crazy forceSum in boxOfActin.MyoRod@4751208a
Crazy forceSum in boxOfActin.MyoRod@28b0834
Crazy forceSum in boxOfActin.MyoRod@27c6ef00
Crazy forceSum in boxOfActin.MyoRod@124e38b3
Crazy forceSum in boxOfActin.MyoRod@5c550f00
Crazy forceSum in boxOfActin.MyoRod@6c57616
Crazy forceSum in boxOfActin.MyoRod@16eb3721
Crazy forceSum in boxOfActin.MyoRod@75831eef
Crazy forceSum in boxOfActin.MyoRod@1da2250
Crazy forceSum in boxOfActin.MyoRod@2c0281bb
Crazy forceSum in boxOfActin.MyoRod@631fe925
Crazy forceSum in boxOfActin.MyoRod@e86f7cf
Crazy forceSum in boxOfActin.MyoMiniFilament@2d5e069b
Crazy torqueSum in boxOfActin.MyoMiniFilament@2d5e069b
Crazy forceSum in boxOfActin.MyoRod@27a66deb
Crazy forceSum in boxOfActin.MyoRod@62a4f77b
Crazy forceSum in boxOfActin.MyoRod@3f135f6a
Crazy forceSum in boxOfActin.MyoRod@530cd635
Crazy forceSum in boxOfActin.MyoRod@4751208a
Crazy forceSum in boxOfActin.MyoRod@28b0834
Crazy forceSum in boxOfActin.MyoRod@27c6ef00
Crazy forceSum in boxOfActin.MyoRod@124e38b3
Crazy forceSum in boxOfActin.MyoRod@5c550f00
Crazy forceSum in boxOfActin.MyoRod@6c57616
Crazy forceSum in boxOfActin.MyoRod@16eb3721
Crazy forceSum in boxOfActin.MyoRod@75831eef
Crazy forceSum in boxOfActin.MyoRod@1da2250
Crazy forceSum in boxOfActin.MyoRod@2c0281bb
Crazy forceSum in boxOfActin.MyoRod@631fe925
Crazy forceSum in boxOfActin.MyoRod@e86f7cf
Crazy forceSum in boxOfActin.MyoMiniFilament@2d5e069b
Crazy torqueSum in boxOfActin.MyoMiniFilament@2d5e069b
Crazy forceSum in boxOfActin.MyoRod@27a66deb
Crazy forceSum in boxOfActin.MyoRod@62a4f77b
Crazy forceSum in boxOfActin.MyoRod@3f135f6a
Crazy forceSum in boxOfActin.MyoRod@530cd635
Crazy forceSum in boxOfActin.MyoRod@4751208a
Crazy forceSum in boxOfActin.MyoRod@28b0834
Crazy forceSum in boxOfActin.MyoRod@27c6ef00
Crazy forceSum in boxOfActin.MyoRod@124e38b3
Crazy forceSum in boxOfActin.MyoRod@5c550f00
Crazy forceSum in boxOfActin.MyoRod@6c57616
Crazy forceSum in boxOfActin.MyoRod@16eb3721
Crazy forceSum in boxOfActin.MyoRod@75831eef
Crazy forceSum in boxOfActin.MyoRod@1da2250
Crazy forceSum in boxOfActin.MyoRod@2c0281bb
Crazy forceSum in boxOfActin.MyoRod@631fe925
Crazy forceSum in boxOfActin.MyoRod@e86f7cf
Crazy forceSum in boxOfActin.MyoMiniFilament@2d5e069b
Crazy torqueSum in boxOfActin.MyoMiniFilament@2d5e069b
Crazy forceSum in boxOfActin.MyoRod@27a66deb
Crazy forceSum in boxOfActin.MyoRod@62a4f77b
Crazy forceSum in boxOfActin.MyoRod@3f135f6a
Crazy forceSum in boxOfActin.MyoRod@530cd635
Crazy forceSum in boxOfActin.MyoRod@4751208a
Crazy forceSum in boxOfActin.MyoRod@28b0834
Crazy forceSum in boxOfActin.MyoRod@27c6ef00
Crazy forceSum in boxOfActin.MyoRod@124e38b3
Crazy forceSum in boxOfActin.MyoRod@5c550f00
Crazy forceSum in boxOfActin.MyoRod@6c57616
Crazy forceSum in boxOfActin.MyoRod@16eb3721
Crazy forceSum in boxOfActin.MyoRod@75831eef
Crazy forceSum in boxOfActin.MyoRod@1da2250
Crazy forceSum in boxOfActin.MyoRod@2c0281bb
Crazy forceSum in boxOfActin.MyoRod@631fe925
Crazy forceSum in boxOfActin.MyoRod@e86f7cf
Crazy forceSum in boxOfActin.MyoMiniFilament@2d5e069b
Crazy torqueSum in boxOfActin.MyoMiniFilament@2d5e069b
Crazy forceSum in boxOfActin.MyoRod@27a66deb
Crazy forceSum in boxOfActin.MyoRod@62a4f77b
Crazy forceSum in boxOfActin.MyoRod@3f135f6a
Crazy forceSum in boxOfActin.MyoRod@530cd635
Crazy forceSum in boxOfActin.MyoRod@4751208a
Crazy forceSum in boxOfActin.MyoRod@28b0834
Crazy forceSum in boxOfActin.MyoRod@27c6ef00
Crazy forceSum in boxOfActin.MyoRod@124e38b3
Crazy forceSum in boxOfActin.MyoRod@5c550f00
Crazy forceSum in boxOfActin.MyoRod@6c57616
Crazy forceSum in boxOfActin.MyoRod@16eb3721
Crazy forceSum in boxOfActin.MyoRod@75831eef
Crazy forceSum in boxOfActin.MyoRod@1da2250
Crazy forceSum in boxOfActin.MyoRod@2c0281bb
Crazy forceSum in boxOfActin.MyoRod@631fe925
Crazy forceSum in boxOfActin.MyoRod@e86f7cf
Crazy forceSum in boxOfActin.MyoMiniFilament@2d5e069b
Crazy torqueSum in boxOfActin.MyoMiniFilament@2d5e069b
Crazy forceSum in boxOfActin.MyoRod@27a66deb
Crazy forceSum in boxOfActin.MyoRod@62a4f77b
Crazy forceSum in boxOfActin.MyoRod@3f135f6a
Crazy forceSum in boxOfActin.MyoRod@530cd635
Crazy forceSum in boxOfActin.MyoRod@4751208a
Crazy forceSum in boxOfActin.MyoRod@28b0834
Crazy forceSum in boxOfActin.MyoRod@27c6ef00
Crazy forceSum in boxOfActin.MyoRod@124e38b3
Crazy forceSum in boxOfActin.MyoRod@5c550f00
Crazy forceSum in boxOfActin.MyoRod@6c57616
Crazy forceSum in boxOfActin.MyoRod@16eb3721
Crazy forceSum in boxOfActin.MyoRod@75831eef
Crazy forceSum in boxOfActin.MyoRod@1da2250
Crazy forceSum in boxOfActin.MyoRod@2c0281bb
Crazy forceSum in boxOfActin.MyoRod@631fe925
Crazy forceSum in boxOfActin.MyoRod@e86f7cf
Crazy forceSum in boxOfActin.MyoMiniFilament@2d5e069b
Crazy torqueSum in boxOfActin.MyoMiniFilament@2d5e069b
Crazy forceSum in boxOfActin.MyoRod@27a66deb
Crazy forceSum in boxOfActin.MyoRod@62a4f77b
Crazy forceSum in boxOfActin.MyoRod@3f135f6a
Crazy forceSum in boxOfActin.MyoRod@530cd635
Crazy forceSum in boxOfActin.MyoRod@4751208a
Crazy forceSum in boxOfActin.MyoRod@28b0834
Crazy forceSum in boxOfActin.MyoRod@27c6ef00
Crazy forceSum in boxOfActin.MyoRod@124e38b3
Crazy forceSum in boxOfActin.MyoRod@5c550f00
Crazy forceSum in boxOfActin.MyoRod@6c57616
Crazy forceSum in boxOfActin.MyoRod@16eb3721
Crazy forceSum in boxOfActin.MyoRod@75831eef
Crazy forceSum in boxOfActin.MyoRod@1da2250
Crazy forceSum in boxOfActin.MyoRod@2c0281bb
Crazy forceSum in boxOfActin.MyoRod@631fe925
Crazy forceSum in boxOfActin.MyoRod@e86f7cf
Crazy forceSum in boxOfActin.MyoMiniFilament@2d5e069b
Crazy torqueSum in boxOfActin.MyoMiniFilament@2d5e069b
Crazy forceSum in boxOfActin.MyoRod@27a66deb
Crazy forceSum in boxOfActin.MyoRod@62a4f77b
Crazy forceSum in boxOfActin.MyoRod@3f135f6a
Crazy forceSum in boxOfActin.MyoRod@530cd635
Crazy forceSum in boxOfActin.MyoRod@4751208a
Crazy forceSum in boxOfActin.MyoRod@28b0834
Crazy forceSum in boxOfActin.MyoRod@27c6ef00
Crazy forceSum in boxOfActin.MyoRod@124e38b3
Crazy forceSum in boxOfActin.MyoRod@5c550f00
Crazy forceSum in boxOfActin.MyoRod@6c57616
Crazy forceSum in boxOfActin.MyoRod@16eb3721
Crazy forceSum in boxOfActin.MyoRod@75831eef
Crazy forceSum in boxOfActin.MyoRod@1da2250
Crazy forceSum in boxOfActin.MyoRod@2c0281bb
Crazy forceSum in boxOfActin.MyoRod@631fe925
Crazy forceSum in boxOfActin.MyoRod@e86f7cf
Crazy forceSum in boxOfActin.MyoMiniFilament@2d5e069b
Crazy torqueSum in boxOfActin.MyoMiniFilament@2d5e069b
Crazy forceSum in boxOfActin.MyoRod@27a66deb
Crazy forceSum in boxOfActin.MyoRod@62a4f77b
Crazy forceSum in boxOfActin.MyoRod@3f135f6a
Crazy forceSum in boxOfActin.MyoRod@530cd635
Crazy forceSum in boxOfActin.MyoRod@4751208a
Crazy forceSum in boxOfActin.MyoRod@28b0834
Crazy forceSum in boxOfActin.MyoRod@27c6ef00
Crazy forceSum in boxOfActin.MyoRod@124e38b3
Crazy forceSum in boxOfActin.MyoRod@5c550f00
Crazy forceSum in boxOfActin.MyoRod@6c57616
Crazy forceSum in boxOfActin.MyoRod@16eb3721
Crazy forceSum in boxOfActin.MyoRod@75831eef
Crazy forceSum in boxOfActin.MyoRod@1da2250
Crazy forceSum in boxOfActin.MyoRod@2c0281bb
Crazy forceSum in boxOfActin.MyoRod@631fe925
Crazy forceSum in boxOfActin.MyoRod@e86f7cf
Crazy forceSum in boxOfActin.MyoMiniFilament@2d5e069b
Crazy torqueSum in boxOfActin.MyoMiniFilament@2d5e069b
Crazy forceSum in boxOfActin.MyoRod@27a66deb
Crazy forceSum in boxOfActin.MyoRod@62a4f77b
Crazy forceSum in boxOfActin.MyoRod@3f135f6a
Crazy forceSum in boxOfActin.MyoRod@530cd635
Crazy forceSum in boxOfActin.MyoRod@4751208a
Crazy forceSum in boxOfActin.MyoRod@28b0834
Crazy forceSum in boxOfActin.MyoRod@27c6ef00
Crazy forceSum in boxOfActin.MyoRod@124e38b3
Crazy forceSum in boxOfActin.MyoRod@5c550f00
Crazy forceSum in boxOfActin.MyoRod@6c57616
Crazy forceSum in boxOfActin.MyoRod@16eb3721
Crazy forceSum in boxOfActin.MyoRod@75831eef
Crazy forceSum in boxOfActin.MyoRod@1da2250
Crazy forceSum in boxOfActin.MyoRod@2c0281bb
Crazy forceSum in boxOfActin.MyoRod@631fe925
Crazy forceSum in boxOfActin.MyoRod@e86f7cf
Crazy forceSum in boxOfActin.MyoMiniFilament@2d5e069b
Crazy torqueSum in boxOfActin.MyoMiniFilament@2d5e069b
Crazy forceSum in boxOfActin.MyoRod@27a66deb
Crazy forceSum in boxOfActin.MyoRod@62a4f77b
Crazy forceSum in boxOfActin.MyoRod@3f135f6a
Crazy forceSum in boxOfActin.MyoRod@530cd635
Crazy forceSum in boxOfActin.MyoRod@4751208a
Crazy forceSum in boxOfActin.MyoRod@28b0834
Crazy forceSum in boxOfActin.MyoRod@27c6ef00
Crazy forceSum in boxOfActin.MyoRod@124e38b3
Crazy forceSum in boxOfActin.MyoRod@5c550f00
Crazy forceSum in boxOfActin.MyoRod@6c57616
Crazy forceSum in boxOfActin.MyoRod@16eb3721
Crazy forceSum in boxOfActin.MyoRod@75831eef
Crazy forceSum in boxOfActin.MyoRod@1da2250
Crazy forceSum in boxOfActin.MyoRod@2c0281bb
Crazy forceSum in boxOfActin.MyoRod@631fe925
Crazy forceSum in boxOfActin.MyoRod@e86f7cf
Crazy forceSum in boxOfActin.MyoMiniFilament@2d5e069b
Crazy torqueSum in boxOfActin.MyoMiniFilament@2d5e069b
Crazy forceSum in boxOfActin.MyoRod@27a66deb
Crazy forceSum in boxOfActin.MyoRod@62a4f77b
Crazy forceSum in boxOfActin.MyoRod@3f135f6a
Crazy forceSum in boxOfActin.MyoRod@530cd635
Crazy forceSum in boxOfActin.MyoRod@4751208a
Crazy forceSum in boxOfActin.MyoRod@28b0834
Crazy forceSum in boxOfActin.MyoRod@27c6ef00
Crazy forceSum in boxOfActin.MyoRod@124e38b3
Crazy forceSum in boxOfActin.MyoRod@5c550f00
Crazy forceSum in boxOfActin.MyoRod@6c57616
Crazy forceSum in boxOfActin.MyoRod@16eb3721
Crazy forceSum in boxOfActin.MyoRod@75831eef
Crazy forceSum in boxOfActin.MyoRod@1da2250
Crazy forceSum in boxOfActin.MyoRod@2c0281bb
Crazy forceSum in boxOfActin.MyoRod@631fe925
Crazy forceSum in boxOfActin.MyoRod@e86f7cf
Crazy forceSum in boxOfActin.MyoMiniFilament@2d5e069b
Crazy torqueSum in boxOfActin.MyoMiniFilament@2d5e069b
Crazy forceSum in boxOfActin.MyoRod@27a66deb
Crazy forceSum in boxOfActin.MyoRod@62a4f77b
Crazy forceSum in boxOfActin.MyoRod@3f135f6a
Crazy forceSum in boxOfActin.MyoRod@530cd635
Crazy forceSum in boxOfActin.MyoRod@4751208a
Crazy forceSum in boxOfActin.MyoRod@28b0834
Crazy forceSum in boxOfActin.MyoRod@27c6ef00
Crazy forceSum in boxOfActin.MyoRod@124e38b3
Crazy forceSum in boxOfActin.MyoRod@5c550f00
Crazy forceSum in boxOfActin.MyoRod@6c57616
Crazy forceSum in boxOfActin.MyoRod@16eb3721
Crazy forceSum in boxOfActin.MyoRod@75831eef
Crazy forceSum in boxOfActin.MyoRod@1da2250
Crazy forceSum in boxOfActin.MyoRod@2c0281bb
Crazy forceSum in boxOfActin.MyoRod@631fe925
Crazy forceSum in boxOfActin.MyoRod@e86f7cf
Crazy forceSum in boxOfActin.MyoMiniFilament@2d5e069b
Crazy torqueSum in boxOfActin.MyoMiniFilament@2d5e069b
Crazy forceSum in boxOfActin.MyoRod@27a66deb
Crazy forceSum in boxOfActin.MyoRod@62a4f77b
Crazy forceSum in boxOfActin.MyoRod@3f135f6a
Crazy forceSum in boxOfActin.MyoRod@530cd635
Crazy forceSum in boxOfActin.MyoRod@4751208a
Crazy forceSum in boxOfActin.MyoRod@28b0834
Crazy forceSum in boxOfActin.MyoRod@27c6ef00
Crazy forceSum in boxOfActin.MyoRod@124e38b3
Crazy forceSum in boxOfActin.MyoRod@5c550f00
Crazy forceSum in boxOfActin.MyoRod@6c57616
Crazy forceSum in boxOfActin.MyoRod@16eb3721
Crazy forceSum in boxOfActin.MyoRod@75831eef
Crazy forceSum in boxOfActin.MyoRod@1da2250
Crazy forceSum in boxOfActin.MyoRod@2c0281bb
Crazy forceSum in boxOfActin.MyoRod@631fe925
Crazy forceSum in boxOfActin.MyoRod@e86f7cf
Crazy forceSum in boxOfActin.MyoMiniFilament@2d5e069b
Crazy torqueSum in boxOfActin.MyoMiniFilament@2d5e069b
Crazy forceSum in boxOfActin.MyoRod@27a66deb
Crazy forceSum in boxOfActin.MyoRod@62a4f77b
Crazy forceSum in boxOfActin.MyoRod@3f135f6a
Crazy forceSum in boxOfActin.MyoRod@530cd635
Crazy forceSum in boxOfActin.MyoRod@4751208a
Crazy forceSum in boxOfActin.MyoRod@28b0834
Crazy forceSum in boxOfActin.MyoRod@27c6ef00
Crazy forceSum in boxOfActin.MyoRod@124e38b3
Crazy forceSum in boxOfActin.MyoRod@5c550f00
Crazy forceSum in boxOfActin.MyoRod@6c57616
Crazy forceSum in boxOfActin.MyoRod@16eb3721
Crazy forceSum in boxOfActin.MyoRod@75831eef
Crazy forceSum in boxOfActin.MyoRod@1da2250
Crazy forceSum in boxOfActin.MyoRod@2c0281bb
Crazy forceSum in boxOfActin.MyoRod@631fe925
Crazy forceSum in boxOfActin.MyoRod@e86f7cf
Crazy forceSum in boxOfActin.MyoMiniFilament@2d5e069b
Crazy torqueSum in boxOfActin.MyoMiniFilament@2d5e069b
Crazy forceSum in boxOfActin.MyoRod@27a66deb
Crazy forceSum in boxOfActin.MyoRod@62a4f77b
Crazy forceSum in boxOfActin.MyoRod@3f135f6a
Crazy forceSum in boxOfActin.MyoRod@530cd635
Crazy forceSum in boxOfActin.MyoRod@4751208a
Crazy forceSum in boxOfActin.MyoRod@28b0834
Crazy forceSum in boxOfActin.MyoRod@27c6ef00
Crazy forceSum in boxOfActin.MyoRod@124e38b3
Crazy forceSum in boxOfActin.MyoRod@5c550f00
Crazy forceSum in boxOfActin.MyoRod@6c57616
Crazy forceSum in boxOfActin.MyoRod@16eb3721
Crazy forceSum in boxOfActin.MyoRod@75831eef
Crazy forceSum in boxOfActin.MyoRod@1da2250
Crazy forceSum in boxOfActin.MyoRod@2c0281bb
Crazy forceSum in boxOfActin.MyoRod@631fe925
Crazy forceSum in boxOfActin.MyoRod@e86f7cf
Crazy forceSum in boxOfActin.MyoMiniFilament@2d5e069b
Crazy torqueSum in boxOfActin.MyoMiniFilament@2d5e069b
Crazy forceSum in boxOfActin.MyoRod@27a66deb
Crazy forceSum in boxOfActin.MyoRod@62a4f77b
Crazy forceSum in boxOfActin.MyoRod@3f135f6a
Crazy forceSum in boxOfActin.MyoRod@530cd635
Crazy forceSum in boxOfActin.MyoRod@4751208a
Crazy forceSum in boxOfActin.MyoRod@28b0834
Crazy forceSum in boxOfActin.MyoRod@27c6ef00
Crazy forceSum in boxOfActin.MyoRod@124e38b3
Crazy forceSum in boxOfActin.MyoRod@5c550f00
Crazy forceSum in boxOfActin.MyoRod@6c57616
Crazy forceSum in boxOfActin.MyoRod@16eb3721
Crazy forceSum in boxOfActin.MyoRod@75831eef
Crazy forceSum in boxOfActin.MyoRod@1da2250
Crazy forceSum in boxOfActin.MyoRod@2c0281bb
Crazy forceSum in boxOfActin.MyoRod@631fe925
Crazy forceSum in boxOfActin.MyoRod@e86f7cf
Crazy forceSum in boxOfActin.MyoMiniFilament@2d5e069b
Crazy torqueSum in boxOfActin.MyoMiniFilament@2d5e069b
Crazy forceSum in boxOfActin.MyoRod@27a66deb
Crazy forceSum in boxOfActin.MyoRod@62a4f77b
Crazy forceSum in boxOfActin.MyoRod@3f135f6a
Crazy forceSum in boxOfActin.MyoRod@530cd635
Crazy forceSum in boxOfActin.MyoRod@4751208a
Crazy forceSum in boxOfActin.MyoRod@28b0834
Crazy forceSum in boxOfActin.MyoRod@27c6ef00
Crazy forceSum in boxOfActin.MyoRod@124e38b3
Crazy forceSum in boxOfActin.MyoRod@5c550f00
Crazy forceSum in boxOfActin.MyoRod@6c57616
Crazy forceSum in boxOfActin.MyoRod@16eb3721
Crazy forceSum in boxOfActin.MyoRod@75831eef
Crazy forceSum in boxOfActin.MyoRod@1da2250
Crazy forceSum in boxOfActin.MyoRod@2c0281bb
Crazy forceSum in boxOfActin.MyoRod@631fe925
Crazy forceSum in boxOfActin.MyoRod@e86f7cf
Crazy forceSum in boxOfActin.MyoMiniFilament@2d5e069b
Crazy torqueSum in boxOfActin.MyoMiniFilament@2d5e069b
Crazy forceSum in boxOfActin.MyoRod@27a66deb
Crazy forceSum in boxOfActin.MyoRod@62a4f77b
Crazy forceSum in boxOfActin.MyoRod@3f135f6a
Crazy forceSum in boxOfActin.MyoRod@530cd635
Crazy forceSum in boxOfActin.MyoRod@4751208a
Crazy forceSum in boxOfActin.MyoRod@28b0834
Crazy forceSum in boxOfActin.MyoRod@27c6ef00
Crazy forceSum in boxOfActin.MyoRod@124e38b3
Crazy forceSum in boxOfActin.MyoRod@5c550f00
Crazy forceSum in boxOfActin.MyoRod@6c57616
Crazy forceSum in boxOfActin.MyoRod@16eb3721
Crazy forceSum in boxOfActin.MyoRod@75831eef
Crazy forceSum in boxOfActin.MyoRod@1da2250
Crazy forceSum in boxOfActin.MyoRod@2c0281bb
Crazy forceSum in boxOfActin.MyoRod@631fe925
Crazy forceSum in boxOfActin.MyoRod@e86f7cf
Crazy forceSum in boxOfActin.MyoMiniFilament@2d5e069b
Crazy torqueSum in boxOfActin.MyoMiniFilament@2d5e069b
Crazy forceSum in boxOfActin.MyoRod@27a66deb
Crazy forceSum in boxOfActin.MyoRod@62a4f77b
Crazy forceSum in boxOfActin.MyoRod@3f135f6a
Crazy forceSum in boxOfActin.MyoRod@530cd635
Crazy forceSum in boxOfActin.MyoRod@4751208a
Crazy forceSum in boxOfActin.MyoRod@28b0834
Crazy forceSum in boxOfActin.MyoRod@27c6ef00
Crazy forceSum in boxOfActin.MyoRod@124e38b3
Crazy forceSum in boxOfActin.MyoRod@5c550f00
Crazy forceSum in boxOfActin.MyoRod@6c57616
Crazy forceSum in boxOfActin.MyoRod@16eb3721
Crazy forceSum in boxOfActin.MyoRod@75831eef
Crazy forceSum in boxOfActin.MyoRod@1da2250
Crazy forceSum in boxOfActin.MyoRod@2c0281bb
Crazy forceSum in boxOfActin.MyoRod@631fe925
Crazy forceSum in boxOfActin.MyoRod@e86f7cf
Crazy forceSum in boxOfActin.MyoMiniFilament@2d5e069b
Crazy torqueSum in boxOfActin.MyoMiniFilament@2d5e069b
Crazy forceSum in boxOfActin.MyoRod@27a66deb
Crazy forceSum in boxOfActin.MyoRod@62a4f77b
Crazy forceSum in boxOfActin.MyoRod@3f135f6a
Crazy forceSum in boxOfActin.MyoRod@530cd635
Crazy forceSum in boxOfActin.MyoRod@4751208a
Crazy forceSum in boxOfActin.MyoRod@28b0834
Crazy forceSum in boxOfActin.MyoRod@27c6ef00
Crazy forceSum in boxOfActin.MyoRod@124e38b3
Crazy forceSum in boxOfActin.MyoRod@5c550f00
Crazy forceSum in boxOfActin.MyoRod@6c57616
Crazy forceSum in boxOfActin.MyoRod@16eb3721
Crazy forceSum in boxOfActin.MyoRod@75831eef
Crazy forceSum in boxOfActin.MyoRod@1da2250
Crazy forceSum in boxOfActin.MyoRod@2c0281bb
Crazy forceSum in boxOfActin.MyoRod@631fe925
Crazy forceSum in boxOfActin.MyoRod@e86f7cf
Crazy forceSum in boxOfActin.MyoMiniFilament@2d5e069b
Crazy torqueSum in boxOfActin.MyoMiniFilament@2d5e069b
Crazy forceSum in boxOfActin.MyoRod@27a66deb
Crazy forceSum in boxOfActin.MyoRod@62a4f77b
Crazy forceSum in boxOfActin.MyoRod@3f135f6a
Crazy forceSum in boxOfActin.MyoRod@530cd635
Crazy forceSum in boxOfActin.MyoRod@4751208a
Crazy forceSum in boxOfActin.MyoRod@28b0834
Crazy forceSum in boxOfActin.MyoRod@27c6ef00
Crazy forceSum in boxOfActin.MyoRod@124e38b3
Crazy forceSum in boxOfActin.MyoRod@5c550f00
Crazy forceSum in boxOfActin.MyoRod@6c57616
Crazy forceSum in boxOfActin.MyoRod@16eb3721
Crazy forceSum in boxOfActin.MyoRod@75831eef
Crazy forceSum in boxOfActin.MyoRod@1da2250
Crazy forceSum in boxOfActin.MyoRod@2c0281bb
Crazy forceSum in boxOfActin.MyoRod@631fe925
Crazy forceSum in boxOfActin.MyoRod@e86f7cf
Crazy forceSum in boxOfActin.MyoMiniFilament@2d5e069b
Crazy torqueSum in boxOfActin.MyoMiniFilament@2d5e069b
Crazy forceSum in boxOfActin.MyoRod@27a66deb
Crazy forceSum in boxOfActin.MyoRod@62a4f77b
Crazy forceSum in boxOfActin.MyoRod@3f135f6a
Crazy forceSum in boxOfActin.MyoRod@530cd635
Crazy forceSum in boxOfActin.MyoRod@4751208a
Crazy forceSum in boxOfActin.MyoRod@28b0834
Crazy forceSum in boxOfActin.MyoRod@27c6ef00
Crazy forceSum in boxOfActin.MyoRod@124e38b3
Crazy forceSum in boxOfActin.MyoRod@5c550f00
Crazy forceSum in boxOfActin.MyoRod@6c57616
Crazy forceSum in boxOfActin.MyoRod@16eb3721
Crazy forceSum in boxOfActin.MyoRod@75831eef
Crazy forceSum in boxOfActin.MyoRod@1da2250
Crazy forceSum in boxOfActin.MyoRod@2c0281bb
Crazy forceSum in boxOfActin.MyoRod@631fe925
Crazy forceSum in boxOfActin.MyoRod@e86f7cf
Crazy forceSum in boxOfActin.MyoMiniFilament@2d5e069b
Crazy torqueSum in boxOfActin.MyoMiniFilament@2d5e069b
Crazy forceSum in boxOfActin.MyoRod@27a66deb
Crazy forceSum in boxOfActin.MyoRod@62a4f77b
Crazy forceSum in boxOfActin.MyoRod@3f135f6a
Crazy forceSum in boxOfActin.MyoRod@530cd635
Crazy forceSum in boxOfActin.MyoRod@4751208a
Crazy forceSum in boxOfActin.MyoRod@28b0834
Crazy forceSum in boxOfActin.MyoRod@27c6ef00
Crazy forceSum in boxOfActin.MyoRod@124e38b3
Crazy forceSum in boxOfActin.MyoRod@5c550f00
Crazy forceSum in boxOfActin.MyoRod@6c57616
Crazy forceSum in boxOfActin.MyoRod@16eb3721
Crazy forceSum in boxOfActin.MyoRod@75831eef
Crazy forceSum in boxOfActin.MyoRod@1da2250
Crazy forceSum in boxOfActin.MyoRod@2c0281bb
Crazy forceSum in boxOfActin.MyoRod@631fe925
Crazy forceSum in boxOfActin.MyoRod@e86f7cf
Crazy forceSum in boxOfActin.MyoMiniFilament@2d5e069b
Crazy torqueSum in boxOfActin.MyoMiniFilament@2d5e069b
Crazy forceSum in boxOfActin.MyoRod@27a66deb
Crazy forceSum in boxOfActin.MyoRod@62a4f77b
Crazy forceSum in boxOfActin.MyoRod@3f135f6a
Crazy forceSum in boxOfActin.MyoRod@530cd635
Crazy forceSum in boxOfActin.MyoRod@4751208a
Crazy forceSum in boxOfActin.MyoRod@28b0834
Crazy forceSum in boxOfActin.MyoRod@27c6ef00
Crazy forceSum in boxOfActin.MyoRod@124e38b3
Crazy forceSum in boxOfActin.MyoRod@5c550f00
Crazy forceSum in boxOfActin.MyoRod@6c57616
Crazy forceSum in boxOfActin.MyoRod@16eb3721
Crazy forceSum in boxOfActin.MyoRod@75831eef
Crazy forceSum in boxOfActin.MyoRod@1da2250
Crazy forceSum in boxOfActin.MyoRod@2c0281bb
Crazy forceSum in boxOfActin.MyoRod@631fe925
Crazy forceSum in boxOfActin.MyoRod@e86f7cf
Crazy forceSum in boxOfActin.MyoMiniFilament@2d5e069b
Crazy torqueSum in boxOfActin.MyoMiniFilament@2d5e069b
Crazy forceSum in boxOfActin.MyoRod@27a66deb
Crazy forceSum in boxOfActin.MyoRod@62a4f77b
Crazy forceSum in boxOfActin.MyoRod@3f135f6a
Crazy forceSum in boxOfActin.MyoRod@530cd635
Crazy forceSum in boxOfActin.MyoRod@4751208a
Crazy forceSum in boxOfActin.MyoRod@28b0834
Crazy forceSum in boxOfActin.MyoRod@27c6ef00
Crazy forceSum in boxOfActin.MyoRod@124e38b3
Crazy forceSum in boxOfActin.MyoRod@5c550f00
Crazy forceSum in boxOfActin.MyoRod@6c57616
Crazy forceSum in boxOfActin.MyoRod@16eb3721
Crazy forceSum in boxOfActin.MyoRod@75831eef
Crazy forceSum in boxOfActin.MyoRod@1da2250
Crazy forceSum in boxOfActin.MyoRod@2c0281bb
Crazy forceSum in boxOfActin.MyoRod@631fe925
Crazy forceSum in boxOfActin.MyoRod@e86f7cf
Crazy forceSum in boxOfActin.MyoMiniFilament@2d5e069b
Crazy torqueSum in boxOfActin.MyoMiniFilament@2d5e069b
Crazy forceSum in boxOfActin.MyoRod@27a66deb
Crazy forceSum in boxOfActin.MyoRod@62a4f77b
Crazy forceSum in boxOfActin.MyoRod@3f135f6a
Crazy forceSum in boxOfActin.MyoRod@530cd635
Crazy forceSum in boxOfActin.MyoRod@4751208a
Crazy forceSum in boxOfActin.MyoRod@28b0834
Crazy forceSum in boxOfActin.MyoRod@27c6ef00
Crazy forceSum in boxOfActin.MyoRod@124e38b3
Crazy forceSum in boxOfActin.MyoRod@5c550f00
Crazy forceSum in boxOfActin.MyoRod@6c57616
Crazy forceSum in boxOfActin.MyoRod@16eb3721
Crazy forceSum in boxOfActin.MyoRod@75831eef
Crazy forceSum in boxOfActin.MyoRod@1da2250
Crazy forceSum in boxOfActin.MyoRod@2c0281bb
Crazy forceSum in boxOfActin.MyoRod@631fe925
Crazy forceSum in boxOfActin.MyoRod@e86f7cf
Crazy forceSum in boxOfActin.MyoMiniFilament@2d5e069b
Crazy torqueSum in boxOfActin.MyoMiniFilament@2d5e069b
Crazy forceSum in boxOfActin.MyoRod@27a66deb
Crazy forceSum in boxOfActin.MyoRod@62a4f77b
Crazy forceSum in boxOfActin.MyoRod@3f135f6a
Crazy forceSum in boxOfActin.MyoRod@530cd635
Crazy forceSum in boxOfActin.MyoRod@4751208a
Crazy forceSum in boxOfActin.MyoRod@28b0834
Crazy forceSum in boxOfActin.MyoRod@27c6ef00
Crazy forceSum in boxOfActin.MyoRod@124e38b3
Crazy forceSum in boxOfActin.MyoRod@5c550f00
Crazy forceSum in boxOfActin.MyoRod@6c57616
Crazy forceSum in boxOfActin.MyoRod@16eb3721
Crazy forceSum in boxOfActin.MyoRod@75831eef
Crazy forceSum in boxOfActin.MyoRod@1da2250
Crazy forceSum in boxOfActin.MyoRod@2c0281bb
Crazy forceSum in boxOfActin.MyoRod@631fe925
Crazy forceSum in boxOfActin.MyoRod@e86f7cf
Crazy forceSum in boxOfActin.MyoMiniFilament@2d5e069b
Crazy torqueSum in boxOfActin.MyoMiniFilament@2d5e069b
Crazy forceSum in boxOfActin.MyoRod@27a66deb
Crazy forceSum in boxOfActin.MyoRod@62a4f77b
Crazy forceSum in boxOfActin.MyoRod@3f135f6a
Crazy forceSum in boxOfActin.MyoRod@530cd635
Crazy forceSum in boxOfActin.MyoRod@4751208a
Crazy forceSum in boxOfActin.MyoRod@28b0834
Crazy forceSum in boxOfActin.MyoRod@27c6ef00
Crazy forceSum in boxOfActin.MyoRod@124e38b3
Crazy forceSum in boxOfActin.MyoRod@5c550f00
Crazy forceSum in boxOfActin.MyoRod@6c57616
Crazy forceSum in boxOfActin.MyoRod@16eb3721
Crazy forceSum in boxOfActin.MyoRod@75831eef
Crazy forceSum in boxOfActin.MyoRod@1da2250
Crazy forceSum in boxOfActin.MyoRod@2c0281bb
Crazy forceSum in boxOfActin.MyoRod@631fe925
Crazy forceSum in boxOfActin.MyoRod@e86f7cf
Crazy forceSum in boxOfActin.MyoMiniFilament@2d5e069b
Crazy torqueSum in boxOfActin.MyoMiniFilament@2d5e069b
Crazy forceSum in boxOfActin.MyoRod@27a66deb
Crazy forceSum in boxOfActin.MyoRod@62a4f77b
Crazy forceSum in boxOfActin.MyoRod@3f135f6a
Crazy forceSum in boxOfActin.MyoRod@530cd635
Crazy forceSum in boxOfActin.MyoRod@4751208a
Crazy forceSum in boxOfActin.MyoRod@28b0834
Crazy forceSum in boxOfActin.MyoRod@27c6ef00
Crazy forceSum in boxOfActin.MyoRod@124e38b3
Crazy forceSum in boxOfActin.MyoRod@5c550f00
Crazy forceSum in boxOfActin.MyoRod@6c57616
Crazy forceSum in boxOfActin.MyoRod@16eb3721
Crazy forceSum in boxOfActin.MyoRod@75831eef
Crazy forceSum in boxOfActin.MyoRod@1da2250
Crazy forceSum in boxOfActin.MyoRod@2c0281bb
Crazy forceSum in boxOfActin.MyoRod@631fe925
Crazy forceSum in boxOfActin.MyoRod@e86f7cf
Crazy forceSum in boxOfActin.MyoMiniFilament@2d5e069b
Crazy torqueSum in boxOfActin.MyoMiniFilament@2d5e069b
Crazy forceSum in boxOfActin.MyoRod@27a66deb
Crazy forceSum in boxOfActin.MyoRod@62a4f77b
Crazy forceSum in boxOfActin.MyoRod@3f135f6a
Crazy forceSum in boxOfActin.MyoRod@530cd635
Crazy forceSum in boxOfActin.MyoRod@4751208a
Crazy forceSum in boxOfActin.MyoRod@28b0834
Crazy forceSum in boxOfActin.MyoRod@27c6ef00
Crazy forceSum in boxOfActin.MyoRod@124e38b3
Crazy forceSum in boxOfActin.MyoRod@5c550f00
Crazy forceSum in boxOfActin.MyoRod@6c57616
Crazy forceSum in boxOfActin.MyoRod@16eb3721
Crazy forceSum in boxOfActin.MyoRod@75831eef
Crazy forceSum in boxOfActin.MyoRod@1da2250
Crazy forceSum in boxOfActin.MyoRod@2c0281bb
Crazy forceSum in boxOfActin.MyoRod@631fe925
Crazy forceSum in boxOfActin.MyoRod@e86f7cf
Crazy forceSum in boxOfActin.MyoMiniFilament@2d5e069b
Crazy torqueSum in boxOfActin.MyoMiniFilament@2d5e069b
Crazy forceSum in boxOfActin.MyoRod@27a66deb
Crazy forceSum in boxOfActin.MyoRod@62a4f77b
Crazy forceSum in boxOfActin.MyoRod@3f135f6a
Crazy forceSum in boxOfActin.MyoRod@530cd635
Crazy forceSum in boxOfActin.MyoRod@4751208a
Crazy forceSum in boxOfActin.MyoRod@28b0834
Crazy forceSum in boxOfActin.MyoRod@27c6ef00
Crazy forceSum in boxOfActin.MyoRod@124e38b3
Crazy forceSum in boxOfActin.MyoRod@5c550f00
Crazy forceSum in boxOfActin.MyoRod@6c57616
Crazy forceSum in boxOfActin.MyoRod@16eb3721
Crazy forceSum in boxOfActin.MyoRod@75831eef
Crazy forceSum in boxOfActin.MyoRod@1da2250
Crazy forceSum in boxOfActin.MyoRod@2c0281bb
Crazy forceSum in boxOfActin.MyoRod@631fe925
Crazy forceSum in boxOfActin.MyoRod@e86f7cf
Crazy forceSum in boxOfActin.MyoMiniFilament@2d5e069b
Crazy torqueSum in boxOfActin.MyoMiniFilament@2d5e069b
Crazy forceSum in boxOfActin.MyoRod@27a66deb
Crazy forceSum in boxOfActin.MyoRod@62a4f77b
Crazy forceSum in boxOfActin.MyoRod@3f135f6a
Crazy forceSum in boxOfActin.MyoRod@530cd635
Crazy forceSum in boxOfActin.MyoRod@4751208a
Crazy forceSum in boxOfActin.MyoRod@28b0834
Crazy forceSum in boxOfActin.MyoRod@27c6ef00
Crazy forceSum in boxOfActin.MyoRod@124e38b3
Crazy forceSum in boxOfActin.MyoRod@5c550f00
Crazy forceSum in boxOfActin.MyoRod@6c57616
Crazy forceSum in boxOfActin.MyoRod@16eb3721
Crazy forceSum in boxOfActin.MyoRod@75831eef
Crazy forceSum in boxOfActin.MyoRod@1da2250
Crazy forceSum in boxOfActin.MyoRod@2c0281bb
Crazy forceSum in boxOfActin.MyoRod@631fe925
Crazy forceSum in boxOfActin.MyoRod@e86f7cf
Crazy forceSum in boxOfActin.MyoMiniFilament@2d5e069b
Crazy torqueSum in boxOfActin.MyoMiniFilament@2d5e069b
Crazy forceSum in boxOfActin.MyoRod@27a66deb
Crazy forceSum in boxOfActin.MyoRod@62a4f77b
Crazy forceSum in boxOfActin.MyoRod@3f135f6a
Crazy forceSum in boxOfActin.MyoRod@530cd635
Crazy forceSum in boxOfActin.MyoRod@4751208a
Crazy forceSum in boxOfActin.MyoRod@28b0834
Crazy forceSum in boxOfActin.MyoRod@27c6ef00
Crazy forceSum in boxOfActin.MyoRod@124e38b3
Crazy forceSum in boxOfActin.MyoRod@5c550f00
Crazy forceSum in boxOfActin.MyoRod@6c57616
Crazy forceSum in boxOfActin.MyoRod@16eb3721
Crazy forceSum in boxOfActin.MyoRod@75831eef
Crazy forceSum in boxOfActin.MyoRod@1da2250
Crazy forceSum in boxOfActin.MyoRod@2c0281bb
Crazy forceSum in boxOfActin.MyoRod@631fe925
Crazy forceSum in boxOfActin.MyoRod@e86f7cf
Crazy forceSum in boxOfActin.MyoMiniFilament@2d5e069b
Crazy torqueSum in boxOfActin.MyoMiniFilament@2d5e069b
Crazy forceSum in boxOfActin.MyoRod@27a66deb
Crazy forceSum in boxOfActin.MyoRod@62a4f77b
Crazy forceSum in boxOfActin.MyoRod@3f135f6a
Crazy forceSum in boxOfActin.MyoRod@530cd635
Crazy forceSum in boxOfActin.MyoRod@4751208a
Crazy forceSum in boxOfActin.MyoRod@28b0834
Crazy forceSum in boxOfActin.MyoRod@27c6ef00
Crazy forceSum in boxOfActin.MyoRod@124e38b3
Crazy forceSum in boxOfActin.MyoRod@5c550f00
Crazy forceSum in boxOfActin.MyoRod@6c57616
Crazy forceSum in boxOfActin.MyoRod@16eb3721
Crazy forceSum in boxOfActin.MyoRod@75831eef
Crazy forceSum in boxOfActin.MyoRod@1da2250
Crazy forceSum in boxOfActin.MyoRod@2c0281bb
Crazy forceSum in boxOfActin.MyoRod@631fe925
Crazy forceSum in boxOfActin.MyoRod@e86f7cf
Crazy forceSum in boxOfActin.MyoMiniFilament@2d5e069b
Crazy torqueSum in boxOfActin.MyoMiniFilament@2d5e069b
Crazy forceSum in boxOfActin.MyoRod@27a66deb
Crazy forceSum in boxOfActin.MyoRod@62a4f77b
Crazy forceSum in boxOfActin.MyoRod@3f135f6a
Crazy forceSum in boxOfActin.MyoRod@530cd635
Crazy forceSum in boxOfActin.MyoRod@4751208a
Crazy forceSum in boxOfActin.MyoRod@28b0834
Crazy forceSum in boxOfActin.MyoRod@27c6ef00
Crazy forceSum in boxOfActin.MyoRod@124e38b3
Crazy forceSum in boxOfActin.MyoRod@5c550f00
Crazy forceSum in boxOfActin.MyoRod@6c57616
Crazy forceSum in boxOfActin.MyoRod@16eb3721
Crazy forceSum in boxOfActin.MyoRod@75831eef
Crazy forceSum in boxOfActin.MyoRod@1da2250
Crazy forceSum in boxOfActin.MyoRod@2c0281bb
Crazy forceSum in boxOfActin.MyoRod@631fe925
Crazy forceSum in boxOfActin.MyoRod@e86f7cf
Crazy forceSum in boxOfActin.MyoMiniFilament@2d5e069b
Crazy torqueSum in boxOfActin.MyoMiniFilament@2d5e069b
Crazy forceSum in boxOfActin.MyoRod@27a66deb
Crazy forceSum in boxOfActin.MyoRod@62a4f77b
Crazy forceSum in boxOfActin.MyoRod@3f135f6a
Crazy forceSum in boxOfActin.MyoRod@530cd635
Crazy forceSum in boxOfActin.MyoRod@4751208a
Crazy forceSum in boxOfActin.MyoRod@28b0834
Crazy forceSum in boxOfActin.MyoRod@27c6ef00
Crazy forceSum in boxOfActin.MyoRod@124e38b3
Crazy forceSum in boxOfActin.MyoRod@5c550f00
Crazy forceSum in boxOfActin.MyoRod@6c57616
Crazy forceSum in boxOfActin.MyoRod@16eb3721
Crazy forceSum in boxOfActin.MyoRod@75831eef
Crazy forceSum in boxOfActin.MyoRod@1da2250
Crazy forceSum in boxOfActin.MyoRod@2c0281bb
Crazy forceSum in boxOfActin.MyoRod@631fe925
Crazy forceSum in boxOfActin.MyoRod@e86f7cf
Crazy forceSum in boxOfActin.MyoMiniFilament@2d5e069b
Crazy torqueSum in boxOfActin.MyoMiniFilament@2d5e069b
Crazy forceSum in boxOfActin.MyoRod@27a66deb
Crazy forceSum in boxOfActin.MyoRod@62a4f77b
Crazy forceSum in boxOfActin.MyoRod@3f135f6a
Crazy forceSum in boxOfActin.MyoRod@530cd635
Crazy forceSum in boxOfActin.MyoRod@4751208a
Crazy forceSum in boxOfActin.MyoRod@28b0834
Crazy forceSum in boxOfActin.MyoRod@27c6ef00
Crazy forceSum in boxOfActin.MyoRod@124e38b3
Crazy forceSum in boxOfActin.MyoRod@5c550f00
Crazy forceSum in boxOfActin.MyoRod@6c57616
Crazy forceSum in boxOfActin.MyoRod@16eb3721
Crazy forceSum in boxOfActin.MyoRod@75831eef
Crazy forceSum in boxOfActin.MyoRod@1da2250
Crazy forceSum in boxOfActin.MyoRod@2c0281bb
Crazy forceSum in boxOfActin.MyoRod@631fe925
Crazy forceSum in boxOfActin.MyoRod@e86f7cf
Crazy forceSum in boxOfActin.MyoMiniFilament@2d5e069b
Crazy torqueSum in boxOfActin.MyoMiniFilament@2d5e069b
Crazy forceSum in boxOfActin.MyoRod@27a66deb
Crazy forceSum in boxOfActin.MyoRod@62a4f77b
Crazy forceSum in boxOfActin.MyoRod@3f135f6a
Crazy forceSum in boxOfActin.MyoRod@530cd635
Crazy forceSum in boxOfActin.MyoRod@4751208a
Crazy forceSum in boxOfActin.MyoRod@28b0834
Crazy forceSum in boxOfActin.MyoRod@27c6ef00
Crazy forceSum in boxOfActin.MyoRod@124e38b3
Crazy forceSum in boxOfActin.MyoRod@5c550f00
Crazy forceSum in boxOfActin.MyoRod@6c57616
Crazy forceSum in boxOfActin.MyoRod@16eb3721
Crazy forceSum in boxOfActin.MyoRod@75831eef
Crazy forceSum in boxOfActin.MyoRod@1da2250
Crazy forceSum in boxOfActin.MyoRod@2c0281bb
Crazy forceSum in boxOfActin.MyoRod@631fe925
Crazy forceSum in boxOfActin.MyoRod@e86f7cf
Crazy forceSum in boxOfActin.MyoMiniFilament@2d5e069b
Crazy torqueSum in boxOfActin.MyoMiniFilament@2d5e069b
Crazy forceSum in boxOfActin.MyoRod@27a66deb
Crazy forceSum in boxOfActin.MyoRod@62a4f77b
Crazy forceSum in boxOfActin.MyoRod@3f135f6a
Crazy forceSum in boxOfActin.MyoRod@530cd635
Crazy forceSum in boxOfActin.MyoRod@4751208a
Crazy forceSum in boxOfActin.MyoRod@28b0834
Crazy forceSum in boxOfActin.MyoRod@27c6ef00
Crazy forceSum in boxOfActin.MyoRod@124e38b3
Crazy forceSum in boxOfActin.MyoRod@5c550f00
Crazy forceSum in boxOfActin.MyoRod@6c57616
Crazy forceSum in boxOfActin.MyoRod@16eb3721
Crazy forceSum in boxOfActin.MyoRod@75831eef
Crazy forceSum in boxOfActin.MyoRod@1da2250
Crazy forceSum in boxOfActin.MyoRod@2c0281bb
Crazy forceSum in boxOfActin.MyoRod@631fe925
Crazy forceSum in boxOfActin.MyoRod@e86f7cf
Crazy forceSum in boxOfActin.MyoMiniFilament@2d5e069b
Crazy torqueSum in boxOfActin.MyoMiniFilament@2d5e069b
Crazy forceSum in boxOfActin.MyoRod@27a66deb
Crazy forceSum in boxOfActin.MyoRod@62a4f77b
Crazy forceSum in boxOfActin.MyoRod@3f135f6a
Crazy forceSum in boxOfActin.MyoRod@530cd635
Crazy forceSum in boxOfActin.MyoRod@4751208a
Crazy forceSum in boxOfActin.MyoRod@28b0834
Crazy forceSum in boxOfActin.MyoRod@27c6ef00
Crazy forceSum in boxOfActin.MyoRod@124e38b3
Crazy forceSum in boxOfActin.MyoRod@5c550f00
Crazy forceSum in boxOfActin.MyoRod@6c57616
Crazy forceSum in boxOfActin.MyoRod@16eb3721
Crazy forceSum in boxOfActin.MyoRod@75831eef
Crazy forceSum in boxOfActin.MyoRod@1da2250
Crazy forceSum in boxOfActin.MyoRod@2c0281bb
Crazy forceSum in boxOfActin.MyoRod@631fe925
Crazy forceSum in boxOfActin.MyoRod@e86f7cf
Crazy forceSum in boxOfActin.MyoMiniFilament@2d5e069b
Crazy torqueSum in boxOfActin.MyoMiniFilament@2d5e069b
Crazy forceSum in boxOfActin.MyoRod@27a66deb
Crazy forceSum in boxOfActin.MyoRod@62a4f77b
Crazy forceSum in boxOfActin.MyoRod@3f135f6a
Crazy forceSum in boxOfActin.MyoRod@530cd635
Crazy forceSum in boxOfActin.MyoRod@4751208a
Crazy forceSum in boxOfActin.MyoRod@28b0834
Crazy forceSum in boxOfActin.MyoRod@27c6ef00
Crazy forceSum in boxOfActin.MyoRod@124e38b3
Crazy forceSum in boxOfActin.MyoRod@5c550f00
Crazy forceSum in boxOfActin.MyoRod@6c57616
Crazy forceSum in boxOfActin.MyoRod@16eb3721
Crazy forceSum in boxOfActin.MyoRod@75831eef
Crazy forceSum in boxOfActin.MyoRod@1da2250
Crazy forceSum in boxOfActin.MyoRod@2c0281bb
Crazy forceSum in boxOfActin.MyoRod@631fe925
Crazy forceSum in boxOfActin.MyoRod@e86f7cf
Crazy forceSum in boxOfActin.MyoMiniFilament@2d5e069b
Crazy torqueSum in boxOfActin.MyoMiniFilament@2d5e069b
Crazy forceSum in boxOfActin.MyoRod@27a66deb
Crazy forceSum in boxOfActin.MyoRod@62a4f77b
Crazy forceSum in boxOfActin.MyoRod@3f135f6a
Crazy forceSum in boxOfActin.MyoRod@530cd635
Crazy forceSum in boxOfActin.MyoRod@4751208a
Crazy forceSum in boxOfActin.MyoRod@28b0834
Crazy forceSum in boxOfActin.MyoRod@27c6ef00
Crazy forceSum in boxOfActin.MyoRod@124e38b3
Crazy forceSum in boxOfActin.MyoRod@5c550f00
Crazy forceSum in boxOfActin.MyoRod@6c57616
Crazy forceSum in boxOfActin.MyoRod@16eb3721
Crazy forceSum in boxOfActin.MyoRod@75831eef
Crazy forceSum in boxOfActin.MyoRod@1da2250
Crazy forceSum in boxOfActin.MyoRod@2c0281bb
Crazy forceSum in boxOfActin.MyoRod@631fe925
Crazy forceSum in boxOfActin.MyoRod@e86f7cf
Crazy forceSum in boxOfActin.MyoMiniFilament@2d5e069b
Crazy torqueSum in boxOfActin.MyoMiniFilament@2d5e069b
Crazy forceSum in boxOfActin.MyoRod@27a66deb
Crazy forceSum in boxOfActin.MyoRod@62a4f77b
Crazy forceSum in boxOfActin.MyoRod@3f135f6a
Crazy forceSum in boxOfActin.MyoRod@530cd635
Crazy forceSum in boxOfActin.MyoRod@4751208a
Crazy forceSum in boxOfActin.MyoRod@28b0834
Crazy forceSum in boxOfActin.MyoRod@27c6ef00
Crazy forceSum in boxOfActin.MyoRod@124e38b3
Crazy forceSum in boxOfActin.MyoRod@5c550f00
Crazy forceSum in boxOfActin.MyoRod@6c57616
Crazy forceSum in boxOfActin.MyoRod@16eb3721
Crazy forceSum in boxOfActin.MyoRod@75831eef
Crazy forceSum in boxOfActin.MyoRod@1da2250
Crazy forceSum in boxOfActin.MyoRod@2c0281bb
Crazy forceSum in boxOfActin.MyoRod@631fe925
Crazy forceSum in boxOfActin.MyoRod@e86f7cf
Crazy forceSum in boxOfActin.MyoMiniFilament@2d5e069b
Crazy torqueSum in boxOfActin.MyoMiniFilament@2d5e069b
Crazy forceSum in boxOfActin.MyoRod@27a66deb
Crazy forceSum in boxOfActin.MyoRod@62a4f77b
Crazy forceSum in boxOfActin.MyoRod@3f135f6a
Crazy forceSum in boxOfActin.MyoRod@530cd635
Crazy forceSum in boxOfActin.MyoRod@4751208a
Crazy forceSum in boxOfActin.MyoRod@28b0834
Crazy forceSum in boxOfActin.MyoRod@27c6ef00
Crazy forceSum in boxOfActin.MyoRod@124e38b3
Crazy forceSum in boxOfActin.MyoRod@5c550f00
Crazy forceSum in boxOfActin.MyoRod@6c57616
Crazy forceSum in boxOfActin.MyoRod@16eb3721
Crazy forceSum in boxOfActin.MyoRod@75831eef
Crazy forceSum in boxOfActin.MyoRod@1da2250
Crazy forceSum in boxOfActin.MyoRod@2c0281bb
Crazy forceSum in boxOfActin.MyoRod@631fe925
Crazy forceSum in boxOfActin.MyoRod@e86f7cf
Crazy forceSum in boxOfActin.MyoMiniFilament@2d5e069b
Crazy torqueSum in boxOfActin.MyoMiniFilament@2d5e069b
Crazy forceSum in boxOfActin.MyoRod@27a66deb
Crazy forceSum in boxOfActin.MyoRod@62a4f77b
Crazy forceSum in boxOfActin.MyoRod@3f135f6a
Crazy forceSum in boxOfActin.MyoRod@530cd635
Crazy forceSum in boxOfActin.MyoRod@4751208a
Crazy forceSum in boxOfActin.MyoRod@28b0834
Crazy forceSum in boxOfActin.MyoRod@27c6ef00
Crazy forceSum in boxOfActin.MyoRod@124e38b3
Crazy forceSum in boxOfActin.MyoRod@5c550f00
Crazy forceSum in boxOfActin.MyoRod@6c57616
Crazy forceSum in boxOfActin.MyoRod@16eb3721
Crazy forceSum in boxOfActin.MyoRod@75831eef
Crazy forceSum in boxOfActin.MyoRod@1da2250
Crazy forceSum in boxOfActin.MyoRod@2c0281bb
Crazy forceSum in boxOfActin.MyoRod@631fe925
Crazy forceSum in boxOfActin.MyoRod@e86f7cf
Crazy forceSum in boxOfActin.MyoMiniFilament@2d5e069b
Crazy torqueSum in boxOfActin.MyoMiniFilament@2d5e069b
Crazy forceSum in boxOfActin.MyoRod@27a66deb
Crazy forceSum in boxOfActin.MyoRod@62a4f77b
Crazy forceSum in boxOfActin.MyoRod@3f135f6a
Crazy forceSum in boxOfActin.MyoRod@530cd635
Crazy forceSum in boxOfActin.MyoRod@4751208a
Crazy forceSum in boxOfActin.MyoRod@28b0834
Crazy forceSum in boxOfActin.MyoRod@27c6ef00
Crazy forceSum in boxOfActin.MyoRod@124e38b3
Crazy forceSum in boxOfActin.MyoRod@5c550f00
Crazy forceSum in boxOfActin.MyoRod@6c57616
Crazy forceSum in boxOfActin.MyoRod@16eb3721
Crazy forceSum in boxOfActin.MyoRod@75831eef
Crazy forceSum in boxOfActin.MyoRod@1da2250
Crazy forceSum in boxOfActin.MyoRod@2c0281bb
Crazy forceSum in boxOfActin.MyoRod@631fe925
Crazy forceSum in boxOfActin.MyoRod@e86f7cf
Crazy forceSum in boxOfActin.MyoMiniFilament@2d5e069b
Crazy torqueSum in boxOfActin.MyoMiniFilament@2d5e069b
Crazy forceSum in boxOfActin.MyoRod@27a66deb
Crazy forceSum in boxOfActin.MyoRod@62a4f77b
Crazy forceSum in boxOfActin.MyoRod@3f135f6a
Crazy forceSum in boxOfActin.MyoRod@530cd635
Crazy forceSum in boxOfActin.MyoRod@4751208a
Crazy forceSum in boxOfActin.MyoRod@28b0834
Crazy forceSum in boxOfActin.MyoRod@27c6ef00
Crazy forceSum in boxOfActin.MyoRod@124e38b3
Crazy forceSum in boxOfActin.MyoRod@5c550f00
Crazy forceSum in boxOfActin.MyoRod@6c57616
Crazy forceSum in boxOfActin.MyoRod@16eb3721
Crazy forceSum in boxOfActin.MyoRod@75831eef
Crazy forceSum in boxOfActin.MyoRod@1da2250
Crazy forceSum in boxOfActin.MyoRod@2c0281bb
Crazy forceSum in boxOfActin.MyoRod@631fe925
Crazy forceSum in boxOfActin.MyoRod@e86f7cf
Crazy forceSum in boxOfActin.MyoMiniFilament@2d5e069b
Crazy torqueSum in boxOfActin.MyoMiniFilament@2d5e069b
Crazy forceSum in boxOfActin.MyoRod@27a66deb
Crazy forceSum in boxOfActin.MyoRod@62a4f77b
Crazy forceSum in boxOfActin.MyoRod@3f135f6a
Crazy forceSum in boxOfActin.MyoRod@530cd635
Crazy forceSum in boxOfActin.MyoRod@4751208a
Crazy forceSum in boxOfActin.MyoRod@28b0834
Crazy forceSum in boxOfActin.MyoRod@27c6ef00
Crazy forceSum in boxOfActin.MyoRod@124e38b3
Crazy forceSum in boxOfActin.MyoRod@5c550f00
Crazy forceSum in boxOfActin.MyoRod@6c57616
Crazy forceSum in boxOfActin.MyoRod@16eb3721
Crazy forceSum in boxOfActin.MyoRod@75831eef
Crazy forceSum in boxOfActin.MyoRod@1da2250
Crazy forceSum in boxOfActin.MyoRod@2c0281bb
Crazy forceSum in boxOfActin.MyoRod@631fe925
Crazy forceSum in boxOfActin.MyoRod@e86f7cf
Crazy forceSum in boxOfActin.MyoMiniFilament@2d5e069b
Crazy torqueSum in boxOfActin.MyoMiniFilament@2d5e069b
Crazy forceSum in boxOfActin.MyoRod@27a66deb
Crazy forceSum in boxOfActin.MyoRod@62a4f77b
Crazy forceSum in boxOfActin.MyoRod@3f135f6a
Crazy forceSum in boxOfActin.MyoRod@530cd635
Crazy forceSum in boxOfActin.MyoRod@4751208a
Crazy forceSum in boxOfActin.MyoRod@28b0834
Crazy forceSum in boxOfActin.MyoRod@27c6ef00
Crazy forceSum in boxOfActin.MyoRod@124e38b3
Crazy forceSum in boxOfActin.MyoRod@5c550f00
Crazy forceSum in boxOfActin.MyoRod@6c57616
Crazy forceSum in boxOfActin.MyoRod@16eb3721
Crazy forceSum in boxOfActin.MyoRod@75831eef
Crazy forceSum in boxOfActin.MyoRod@1da2250
Crazy forceSum in boxOfActin.MyoRod@2c0281bb
Crazy forceSum in boxOfActin.MyoRod@631fe925
Crazy forceSum in boxOfActin.MyoRod@e86f7cf
Crazy forceSum in boxOfActin.MyoMiniFilament@2d5e069b
Crazy torqueSum in boxOfActin.MyoMiniFilament@2d5e069b
Crazy forceSum in boxOfActin.MyoRod@27a66deb
Crazy forceSum in boxOfActin.MyoRod@62a4f77b
Crazy forceSum in boxOfActin.MyoRod@3f135f6a
Crazy forceSum in boxOfActin.MyoRod@530cd635
Crazy forceSum in boxOfActin.MyoRod@4751208a
Crazy forceSum in boxOfActin.MyoRod@28b0834
Crazy forceSum in boxOfActin.MyoRod@27c6ef00
Crazy forceSum in boxOfActin.MyoRod@124e38b3
Crazy forceSum in boxOfActin.MyoRod@5c550f00
Crazy forceSum in boxOfActin.MyoRod@6c57616
Crazy forceSum in boxOfActin.MyoRod@16eb3721
Crazy forceSum in boxOfActin.MyoRod@75831eef
Crazy forceSum in boxOfActin.MyoRod@1da2250
Crazy forceSum in boxOfActin.MyoRod@2c0281bb
Crazy forceSum in boxOfActin.MyoRod@631fe925
Crazy forceSum in boxOfActin.MyoRod@e86f7cf
Crazy forceSum in boxOfActin.MyoMiniFilament@2d5e069b
Crazy torqueSum in boxOfActin.MyoMiniFilament@2d5e069b
Crazy forceSum in boxOfActin.MyoRod@27a66deb
Crazy forceSum in boxOfActin.MyoRod@62a4f77b
Crazy forceSum in boxOfActin.MyoRod@3f135f6a
Crazy forceSum in boxOfActin.MyoRod@530cd635
Crazy forceSum in boxOfActin.MyoRod@4751208a
Crazy forceSum in boxOfActin.MyoRod@28b0834
Crazy forceSum in boxOfActin.MyoRod@27c6ef00
Crazy forceSum in boxOfActin.MyoRod@124e38b3
Crazy forceSum in boxOfActin.MyoRod@5c550f00
Crazy forceSum in boxOfActin.MyoRod@6c57616
Crazy forceSum in boxOfActin.MyoRod@16eb3721
Crazy forceSum in boxOfActin.MyoRod@75831eef
Crazy forceSum in boxOfActin.MyoRod@1da2250
Crazy forceSum in boxOfActin.MyoRod@2c0281bb
Crazy forceSum in boxOfActin.MyoRod@631fe925
Crazy forceSum in boxOfActin.MyoRod@e86f7cf
Crazy forceSum in boxOfActin.MyoMiniFilament@2d5e069b
Crazy torqueSum in boxOfActin.MyoMiniFilament@2d5e069b
Crazy forceSum in boxOfActin.MyoRod@27a66deb
Crazy forceSum in boxOfActin.MyoRod@62a4f77b
Crazy forceSum in boxOfActin.MyoRod@3f135f6a
Crazy forceSum in boxOfActin.MyoRod@530cd635
Crazy forceSum in boxOfActin.MyoRod@4751208a
Crazy forceSum in boxOfActin.MyoRod@28b0834
Crazy forceSum in boxOfActin.MyoRod@27c6ef00
Crazy forceSum in boxOfActin.MyoRod@124e38b3
Crazy forceSum in boxOfActin.MyoRod@5c550f00
Crazy forceSum in boxOfActin.MyoRod@6c57616
Crazy forceSum in boxOfActin.MyoRod@16eb3721
Crazy forceSum in boxOfActin.MyoRod@75831eef
Crazy forceSum in boxOfActin.MyoRod@1da2250
Crazy forceSum in boxOfActin.MyoRod@2c0281bb
Crazy forceSum in boxOfActin.MyoRod@631fe925
Crazy forceSum in boxOfActin.MyoRod@e86f7cf
Crazy forceSum in boxOfActin.MyoMiniFilament@2d5e069b
Crazy torqueSum in boxOfActin.MyoMiniFilament@2d5e069b
Crazy forceSum in boxOfActin.MyoRod@27a66deb
Crazy forceSum in boxOfActin.MyoRod@62a4f77b
Crazy forceSum in boxOfActin.MyoRod@3f135f6a
Crazy forceSum in boxOfActin.MyoRod@530cd635
Crazy forceSum in boxOfActin.MyoRod@4751208a
Crazy forceSum in boxOfActin.MyoRod@28b0834
Crazy forceSum in boxOfActin.MyoRod@27c6ef00
Crazy forceSum in boxOfActin.MyoRod@124e38b3
Crazy forceSum in boxOfActin.MyoRod@5c550f00
Crazy forceSum in boxOfActin.MyoRod@6c57616
Crazy forceSum in boxOfActin.MyoRod@16eb3721
Crazy forceSum in boxOfActin.MyoRod@75831eef
Crazy forceSum in boxOfActin.MyoRod@1da2250
Crazy forceSum in boxOfActin.MyoRod@2c0281bb
Crazy forceSum in boxOfActin.MyoRod@631fe925
Crazy forceSum in boxOfActin.MyoRod@e86f7cf
Crazy forceSum in boxOfActin.MyoMiniFilament@2d5e069b
Crazy torqueSum in boxOfActin.MyoMiniFilament@2d5e069b
Crazy forceSum in boxOfActin.MyoRod@27a66deb
Crazy forceSum in boxOfActin.MyoRod@62a4f77b
Crazy forceSum in boxOfActin.MyoRod@3f135f6a
Crazy forceSum in boxOfActin.MyoRod@530cd635
Crazy forceSum in boxOfActin.MyoRod@4751208a
Crazy forceSum in boxOfActin.MyoRod@28b0834
Crazy forceSum in boxOfActin.MyoRod@27c6ef00
Crazy forceSum in boxOfActin.MyoRod@124e38b3
Crazy forceSum in boxOfActin.MyoRod@5c550f00
Crazy forceSum in boxOfActin.MyoRod@6c57616
Crazy forceSum in boxOfActin.MyoRod@16eb3721
Crazy forceSum in boxOfActin.MyoRod@75831eef
Crazy forceSum in boxOfActin.MyoRod@1da2250
Crazy forceSum in boxOfActin.MyoRod@2c0281bb
Crazy forceSum in boxOfActin.MyoRod@631fe925
Crazy forceSum in boxOfActin.MyoRod@e86f7cf
Crazy forceSum in boxOfActin.MyoMiniFilament@2d5e069b
Crazy torqueSum in boxOfActin.MyoMiniFilament@2d5e069b
Crazy forceSum in boxOfActin.MyoRod@27a66deb
Crazy forceSum in boxOfActin.MyoRod@62a4f77b
Crazy forceSum in boxOfActin.MyoRod@3f135f6a
Crazy forceSum in boxOfActin.MyoRod@530cd635
Crazy forceSum in boxOfActin.MyoRod@4751208a
Crazy forceSum in boxOfActin.MyoRod@28b0834
Crazy forceSum in boxOfActin.MyoRod@27c6ef00
Crazy forceSum in boxOfActin.MyoRod@124e38b3
Crazy forceSum in boxOfActin.MyoRod@5c550f00
Crazy forceSum in boxOfActin.MyoRod@6c57616
Crazy forceSum in boxOfActin.MyoRod@16eb3721
Crazy forceSum in boxOfActin.MyoRod@75831eef
Crazy forceSum in boxOfActin.MyoRod@1da2250
Crazy forceSum in boxOfActin.MyoRod@2c0281bb
Crazy forceSum in boxOfActin.MyoRod@631fe925
Crazy forceSum in boxOfActin.MyoRod@e86f7cf
Crazy forceSum in boxOfActin.MyoMiniFilament@2d5e069b
Crazy torqueSum in boxOfActin.MyoMiniFilament@2d5e069b
Crazy forceSum in boxOfActin.MyoRod@27a66deb
Crazy forceSum in boxOfActin.MyoRod@62a4f77b
Crazy forceSum in boxOfActin.MyoRod@3f135f6a
Crazy forceSum in boxOfActin.MyoRod@530cd635
Crazy forceSum in boxOfActin.MyoRod@4751208a
Crazy forceSum in boxOfActin.MyoRod@28b0834
Crazy forceSum in boxOfActin.MyoRod@27c6ef00
Crazy forceSum in boxOfActin.MyoRod@124e38b3
Crazy forceSum in boxOfActin.MyoRod@5c550f00
Crazy forceSum in boxOfActin.MyoRod@6c57616
Crazy forceSum in boxOfActin.MyoRod@16eb3721
Crazy forceSum in boxOfActin.MyoRod@75831eef
Crazy forceSum in boxOfActin.MyoRod@1da2250
Crazy forceSum in boxOfActin.MyoRod@2c0281bb
Crazy forceSum in boxOfActin.MyoRod@631fe925
Crazy forceSum in boxOfActin.MyoRod@e86f7cf
Crazy forceSum in boxOfActin.MyoMiniFilament@2d5e069b
Crazy torqueSum in boxOfActin.MyoMiniFilament@2d5e069b
Crazy forceSum in boxOfActin.MyoRod@27a66deb
Crazy forceSum in boxOfActin.MyoRod@62a4f77b
Crazy forceSum in boxOfActin.MyoRod@3f135f6a
Crazy forceSum in boxOfActin.MyoRod@530cd635
Crazy forceSum in boxOfActin.MyoRod@4751208a
Crazy forceSum in boxOfActin.MyoRod@28b0834
Crazy forceSum in boxOfActin.MyoRod@27c6ef00
Crazy forceSum in boxOfActin.MyoRod@124e38b3
Crazy forceSum in boxOfActin.MyoRod@5c550f00
Crazy forceSum in boxOfActin.MyoRod@6c57616
Crazy forceSum in boxOfActin.MyoRod@16eb3721
Crazy forceSum in boxOfActin.MyoRod@75831eef
Crazy forceSum in boxOfActin.MyoRod@1da2250
Crazy forceSum in boxOfActin.MyoRod@2c0281bb
Crazy forceSum in boxOfActin.MyoRod@631fe925
Crazy forceSum in boxOfActin.MyoRod@e86f7cf
Crazy forceSum in boxOfActin.MyoMiniFilament@2d5e069b
Crazy torqueSum in boxOfActin.MyoMiniFilament@2d5e069b
Crazy forceSum in boxOfActin.MyoRod@27a66deb
Crazy forceSum in boxOfActin.MyoRod@62a4f77b
Crazy forceSum in boxOfActin.MyoRod@3f135f6a
Crazy forceSum in boxOfActin.MyoRod@530cd635
Crazy forceSum in boxOfActin.MyoRod@4751208a
Crazy forceSum in boxOfActin.MyoRod@28b0834
Crazy forceSum in boxOfActin.MyoRod@27c6ef00
Crazy forceSum in boxOfActin.MyoRod@124e38b3
Crazy forceSum in boxOfActin.MyoRod@5c550f00
Crazy forceSum in boxOfActin.MyoRod@6c57616
Crazy forceSum in boxOfActin.MyoRod@16eb3721
Crazy forceSum in boxOfActin.MyoRod@75831eef
Crazy forceSum in boxOfActin.MyoRod@1da2250
Crazy forceSum in boxOfActin.MyoRod@2c0281bb
Crazy forceSum in boxOfActin.MyoRod@631fe925
Crazy forceSum in boxOfActin.MyoRod@e86f7cf
Crazy forceSum in boxOfActin.MyoMiniFilament@2d5e069b
Crazy torqueSum in boxOfActin.MyoMiniFilament@2d5e069b
Crazy forceSum in boxOfActin.MyoRod@27a66deb
Crazy forceSum in boxOfActin.MyoRod@62a4f77b
Crazy forceSum in boxOfActin.MyoRod@3f135f6a
Crazy forceSum in boxOfActin.MyoRod@530cd635
Crazy forceSum in boxOfActin.MyoRod@4751208a
Crazy forceSum in boxOfActin.MyoRod@28b0834
Crazy forceSum in boxOfActin.MyoRod@27c6ef00
Crazy forceSum in boxOfActin.MyoRod@124e38b3
Crazy forceSum in boxOfActin.MyoRod@5c550f00
Crazy forceSum in boxOfActin.MyoRod@6c57616
Crazy forceSum in boxOfActin.MyoRod@16eb3721
Crazy forceSum in boxOfActin.MyoRod@75831eef
Crazy forceSum in boxOfActin.MyoRod@1da2250
Crazy forceSum in boxOfActin.MyoRod@2c0281bb
Crazy forceSum in boxOfActin.MyoRod@631fe925
Crazy forceSum in boxOfActin.MyoRod@e86f7cf
Crazy forceSum in boxOfActin.MyoMiniFilament@2d5e069b
Crazy torqueSum in boxOfActin.MyoMiniFilament@2d5e069b
Crazy forceSum in boxOfActin.MyoRod@27a66deb
Crazy forceSum in boxOfActin.MyoRod@62a4f77b
Crazy forceSum in boxOfActin.MyoRod@3f135f6a
Crazy forceSum in boxOfActin.MyoRod@530cd635
Crazy forceSum in boxOfActin.MyoRod@4751208a
Crazy forceSum in boxOfActin.MyoRod@28b0834
Crazy forceSum in boxOfActin.MyoRod@27c6ef00
Crazy forceSum in boxOfActin.MyoRod@124e38b3
Crazy forceSum in boxOfActin.MyoRod@5c550f00
Crazy forceSum in boxOfActin.MyoRod@6c57616
Crazy forceSum in boxOfActin.MyoRod@16eb3721
Crazy forceSum in boxOfActin.MyoRod@75831eef
Crazy forceSum in boxOfActin.MyoRod@1da2250
Crazy forceSum in boxOfActin.MyoRod@2c0281bb
Crazy forceSum in boxOfActin.MyoRod@631fe925
Crazy forceSum in boxOfActin.MyoRod@e86f7cf
Crazy forceSum in boxOfActin.MyoMiniFilament@2d5e069b
Crazy torqueSum in boxOfActin.MyoMiniFilament@2d5e069b
Crazy forceSum in boxOfActin.MyoRod@27a66deb
Crazy forceSum in boxOfActin.MyoRod@62a4f77b
Crazy forceSum in boxOfActin.MyoRod@3f135f6a
Crazy forceSum in boxOfActin.MyoRod@530cd635
Crazy forceSum in boxOfActin.MyoRod@4751208a
Crazy forceSum in boxOfActin.MyoRod@28b0834
Crazy forceSum in boxOfActin.MyoRod@27c6ef00
Crazy forceSum in boxOfActin.MyoRod@124e38b3
Crazy forceSum in boxOfActin.MyoRod@5c550f00
Crazy forceSum in boxOfActin.MyoRod@6c57616
Crazy forceSum in boxOfActin.MyoRod@16eb3721
Crazy forceSum in boxOfActin.MyoRod@75831eef
Crazy forceSum in boxOfActin.MyoRod@1da2250
Crazy forceSum in boxOfActin.MyoRod@2c0281bb
Crazy forceSum in boxOfActin.MyoRod@631fe925
Crazy forceSum in boxOfActin.MyoRod@e86f7cf
Crazy forceSum in boxOfActin.MyoMiniFilament@2d5e069b
Crazy torqueSum in boxOfActin.MyoMiniFilament@2d5e069b
Crazy forceSum in boxOfActin.MyoRod@27a66deb
Crazy forceSum in boxOfActin.MyoRod@62a4f77b
Crazy forceSum in boxOfActin.MyoRod@3f135f6a
Crazy forceSum in boxOfActin.MyoRod@530cd635
Crazy forceSum in boxOfActin.MyoRod@4751208a
Crazy forceSum in boxOfActin.MyoRod@28b0834
Crazy forceSum in boxOfActin.MyoRod@27c6ef00
Crazy forceSum in boxOfActin.MyoRod@124e38b3
Crazy forceSum in boxOfActin.MyoRod@5c550f00
Crazy forceSum in boxOfActin.MyoRod@6c57616
Crazy forceSum in boxOfActin.MyoRod@16eb3721
Crazy forceSum in boxOfActin.MyoRod@75831eef
Crazy forceSum in boxOfActin.MyoRod@1da2250
Crazy forceSum in boxOfActin.MyoRod@2c0281bb
Crazy forceSum in boxOfActin.MyoRod@631fe925
Crazy forceSum in boxOfActin.MyoRod@e86f7cf
Crazy forceSum in boxOfActin.MyoMiniFilament@2d5e069b
Crazy torqueSum in boxOfActin.MyoMiniFilament@2d5e069b
Crazy forceSum in boxOfActin.MyoRod@27a66deb
Crazy forceSum in boxOfActin.MyoRod@62a4f77b
Crazy forceSum in boxOfActin.MyoRod@3f135f6a
Crazy forceSum in boxOfActin.MyoRod@530cd635
Crazy forceSum in boxOfActin.MyoRod@4751208a
Crazy forceSum in boxOfActin.MyoRod@28b0834
Crazy forceSum in boxOfActin.MyoRod@27c6ef00
Crazy forceSum in boxOfActin.MyoRod@124e38b3
Crazy forceSum in boxOfActin.MyoRod@5c550f00
Crazy forceSum in boxOfActin.MyoRod@6c57616
Crazy forceSum in boxOfActin.MyoRod@16eb3721
Crazy forceSum in boxOfActin.MyoRod@75831eef
Crazy forceSum in boxOfActin.MyoRod@1da2250
Crazy forceSum in boxOfActin.MyoRod@2c0281bb
Crazy forceSum in boxOfActin.MyoRod@631fe925
Crazy forceSum in boxOfActin.MyoRod@e86f7cf
Crazy forceSum in boxOfActin.MyoMiniFilament@2d5e069b
Crazy torqueSum in boxOfActin.MyoMiniFilament@2d5e069b
Crazy forceSum in boxOfActin.MyoRod@27a66deb
Crazy forceSum in boxOfActin.MyoRod@62a4f77b
Crazy forceSum in boxOfActin.MyoRod@3f135f6a
Crazy forceSum in boxOfActin.MyoRod@530cd635
Crazy forceSum in boxOfActin.MyoRod@4751208a
Crazy forceSum in boxOfActin.MyoRod@28b0834
Crazy forceSum in boxOfActin.MyoRod@27c6ef00
Crazy forceSum in boxOfActin.MyoRod@124e38b3
Crazy forceSum in boxOfActin.MyoRod@5c550f00
Crazy forceSum in boxOfActin.MyoRod@6c57616
Crazy forceSum in boxOfActin.MyoRod@16eb3721
Crazy forceSum in boxOfActin.MyoRod@75831eef
Crazy forceSum in boxOfActin.MyoRod@1da2250
Crazy forceSum in boxOfActin.MyoRod@2c0281bb
Crazy forceSum in boxOfActin.MyoRod@631fe925
Crazy forceSum in boxOfActin.MyoRod@e86f7cf
Crazy forceSum in boxOfActin.MyoMiniFilament@2d5e069b
Crazy torqueSum in boxOfActin.MyoMiniFilament@2d5e069b
Crazy forceSum in boxOfActin.MyoRod@27a66deb
Crazy forceSum in boxOfActin.MyoRod@62a4f77b
Crazy forceSum in boxOfActin.MyoRod@3f135f6a
Crazy forceSum in boxOfActin.MyoRod@530cd635
Crazy forceSum in boxOfActin.MyoRod@4751208a
Crazy forceSum in boxOfActin.MyoRod@28b0834
Crazy forceSum in boxOfActin.MyoRod@27c6ef00
Crazy forceSum in boxOfActin.MyoRod@124e38b3
Crazy forceSum in boxOfActin.MyoRod@5c550f00
Crazy forceSum in boxOfActin.MyoRod@6c57616
Crazy forceSum in boxOfActin.MyoRod@16eb3721
Crazy forceSum in boxOfActin.MyoRod@75831eef
Crazy forceSum in boxOfActin.MyoRod@1da2250
Crazy forceSum in boxOfActin.MyoRod@2c0281bb
Crazy forceSum in boxOfActin.MyoRod@631fe925
Crazy forceSum in boxOfActin.MyoRod@e86f7cf
Crazy forceSum in boxOfActin.MyoMiniFilament@2d5e069b
Crazy torqueSum in boxOfActin.MyoMiniFilament@2d5e069b
Crazy forceSum in boxOfActin.MyoRod@27a66deb
Crazy forceSum in boxOfActin.MyoRod@62a4f77b
Crazy forceSum in boxOfActin.MyoRod@3f135f6a
Crazy forceSum in boxOfActin.MyoRod@530cd635
Crazy forceSum in boxOfActin.MyoRod@4751208a
Crazy forceSum in boxOfActin.MyoRod@28b0834
Crazy forceSum in boxOfActin.MyoRod@27c6ef00
Crazy forceSum in boxOfActin.MyoRod@124e38b3
Crazy forceSum in boxOfActin.MyoRod@5c550f00
Crazy forceSum in boxOfActin.MyoRod@6c57616
Crazy forceSum in boxOfActin.MyoRod@16eb3721
Crazy forceSum in boxOfActin.MyoRod@75831eef
Crazy forceSum in boxOfActin.MyoRod@1da2250
Crazy forceSum in boxOfActin.MyoRod@2c0281bb
Crazy forceSum in boxOfActin.MyoRod@631fe925
Crazy forceSum in boxOfActin.MyoRod@e86f7cf
Crazy forceSum in boxOfActin.MyoMiniFilament@2d5e069b
Crazy torqueSum in boxOfActin.MyoMiniFilament@2d5e069b
Crazy forceSum in boxOfActin.MyoRod@27a66deb
Crazy forceSum in boxOfActin.MyoRod@62a4f77b
Crazy forceSum in boxOfActin.MyoRod@3f135f6a
Crazy forceSum in boxOfActin.MyoRod@530cd635
Crazy forceSum in boxOfActin.MyoRod@4751208a
Crazy forceSum in boxOfActin.MyoRod@28b0834
Crazy forceSum in boxOfActin.MyoRod@27c6ef00
Crazy forceSum in boxOfActin.MyoRod@124e38b3
Crazy forceSum in boxOfActin.MyoRod@5c550f00
Crazy forceSum in boxOfActin.MyoRod@6c57616
Crazy forceSum in boxOfActin.MyoRod@16eb3721
Crazy forceSum in boxOfActin.MyoRod@75831eef
Crazy forceSum in boxOfActin.MyoRod@1da2250
Crazy forceSum in boxOfActin.MyoRod@2c0281bb
Crazy forceSum in boxOfActin.MyoRod@631fe925
Crazy forceSum in boxOfActin.MyoRod@e86f7cf
Crazy forceSum in boxOfActin.MyoMiniFilament@2d5e069b
Crazy torqueSum in boxOfActin.MyoMiniFilament@2d5e069b
Crazy forceSum in boxOfActin.MyoRod@27a66deb
Crazy forceSum in boxOfActin.MyoRod@62a4f77b
Crazy forceSum in boxOfActin.MyoRod@3f135f6a
Crazy forceSum in boxOfActin.MyoRod@530cd635
Crazy forceSum in boxOfActin.MyoRod@4751208a
Crazy forceSum in boxOfActin.MyoRod@28b0834
Crazy forceSum in boxOfActin.MyoRod@27c6ef00
Crazy forceSum in boxOfActin.MyoRod@124e38b3
Crazy forceSum in boxOfActin.MyoRod@5c550f00
Crazy forceSum in boxOfActin.MyoRod@6c57616
Crazy forceSum in boxOfActin.MyoRod@16eb3721
Crazy forceSum in boxOfActin.MyoRod@75831eef
Crazy forceSum in boxOfActin.MyoRod@1da2250
Crazy forceSum in boxOfActin.MyoRod@2c0281bb
Crazy forceSum in boxOfActin.MyoRod@631fe925
Crazy forceSum in boxOfActin.MyoRod@e86f7cf
Crazy forceSum in boxOfActin.MyoMiniFilament@2d5e069b
Crazy torqueSum in boxOfActin.MyoMiniFilament@2d5e069b
Crazy forceSum in boxOfActin.MyoRod@27a66deb
Crazy forceSum in boxOfActin.MyoRod@62a4f77b
Crazy forceSum in boxOfActin.MyoRod@3f135f6a
Crazy forceSum in boxOfActin.MyoRod@530cd635
Crazy forceSum in boxOfActin.MyoRod@4751208a
Crazy forceSum in boxOfActin.MyoRod@28b0834
Crazy forceSum in boxOfActin.MyoRod@27c6ef00
Crazy forceSum in boxOfActin.MyoRod@124e38b3
Crazy forceSum in boxOfActin.MyoRod@5c550f00
Crazy forceSum in boxOfActin.MyoRod@6c57616
Crazy forceSum in boxOfActin.MyoRod@16eb3721
Crazy forceSum in boxOfActin.MyoRod@75831eef
Crazy forceSum in boxOfActin.MyoRod@1da2250
Crazy forceSum in boxOfActin.MyoRod@2c0281bb
Crazy forceSum in boxOfActin.MyoRod@631fe925
Crazy forceSum in boxOfActin.MyoRod@e86f7cf
Crazy forceSum in boxOfActin.MyoMiniFilament@2d5e069b
Crazy torqueSum in boxOfActin.MyoMiniFilament@2d5e069b
Crazy forceSum in boxOfActin.MyoRod@27a66deb
Crazy forceSum in boxOfActin.MyoRod@62a4f77b
Crazy forceSum in boxOfActin.MyoRod@3f135f6a
Crazy forceSum in boxOfActin.MyoRod@530cd635
Crazy forceSum in boxOfActin.MyoRod@4751208a
Crazy forceSum in boxOfActin.MyoRod@28b0834
Crazy forceSum in boxOfActin.MyoRod@27c6ef00
Crazy forceSum in boxOfActin.MyoRod@124e38b3
Crazy forceSum in boxOfActin.MyoRod@5c550f00
Crazy forceSum in boxOfActin.MyoRod@6c57616
Crazy forceSum in boxOfActin.MyoRod@16eb3721
Crazy forceSum in boxOfActin.MyoRod@75831eef
Crazy forceSum in boxOfActin.MyoRod@1da2250
Crazy forceSum in boxOfActin.MyoRod@2c0281bb
Crazy forceSum in boxOfActin.MyoRod@631fe925
Crazy forceSum in boxOfActin.MyoRod@e86f7cf
Crazy forceSum in boxOfActin.MyoMiniFilament@2d5e069b
Crazy torqueSum in boxOfActin.MyoMiniFilament@2d5e069b
Crazy forceSum in boxOfActin.MyoRod@27a66deb
Crazy forceSum in boxOfActin.MyoRod@62a4f77b
Crazy forceSum in boxOfActin.MyoRod@3f135f6a
Crazy forceSum in boxOfActin.MyoRod@530cd635
Crazy forceSum in boxOfActin.MyoRod@4751208a
Crazy forceSum in boxOfActin.MyoRod@28b0834
Crazy forceSum in boxOfActin.MyoRod@27c6ef00
Crazy forceSum in boxOfActin.MyoRod@124e38b3
Crazy forceSum in boxOfActin.MyoRod@5c550f00
Crazy forceSum in boxOfActin.MyoRod@6c57616
Crazy forceSum in boxOfActin.MyoRod@16eb3721
Crazy forceSum in boxOfActin.MyoRod@75831eef
Crazy forceSum in boxOfActin.MyoRod@1da2250
Crazy forceSum in boxOfActin.MyoRod@2c0281bb
Crazy forceSum in boxOfActin.MyoRod@631fe925
Crazy forceSum in boxOfActin.MyoRod@e86f7cf
Crazy forceSum in boxOfActin.MyoMiniFilament@2d5e069b
Crazy torqueSum in boxOfActin.MyoMiniFilament@2d5e069b
Crazy forceSum in boxOfActin.MyoRod@27a66deb
Crazy forceSum in boxOfActin.MyoRod@62a4f77b
Crazy forceSum in boxOfActin.MyoRod@3f135f6a
Crazy forceSum in boxOfActin.MyoRod@530cd635
Crazy forceSum in boxOfActin.MyoRod@4751208a
Crazy forceSum in boxOfActin.MyoRod@28b0834
Crazy forceSum in boxOfActin.MyoRod@27c6ef00
Crazy forceSum in boxOfActin.MyoRod@124e38b3
Crazy forceSum in boxOfActin.MyoRod@5c550f00
Crazy forceSum in boxOfActin.MyoRod@6c57616
Crazy forceSum in boxOfActin.MyoRod@16eb3721
Crazy forceSum in boxOfActin.MyoRod@75831eef
Crazy forceSum in boxOfActin.MyoRod@1da2250
Crazy forceSum in boxOfActin.MyoRod@2c0281bb
Crazy forceSum in boxOfActin.MyoRod@631fe925
Crazy forceSum in boxOfActin.MyoRod@e86f7cf
Crazy forceSum in boxOfActin.MyoMiniFilament@2d5e069b
Crazy torqueSum in boxOfActin.MyoMiniFilament@2d5e069b
Crazy forceSum in boxOfActin.MyoRod@27a66deb
Crazy forceSum in boxOfActin.MyoRod@62a4f77b
Crazy forceSum in boxOfActin.MyoRod@3f135f6a
Crazy forceSum in boxOfActin.MyoRod@530cd635
Crazy forceSum in boxOfActin.MyoRod@4751208a
Crazy forceSum in boxOfActin.MyoRod@28b0834
Crazy forceSum in boxOfActin.MyoRod@27c6ef00
Crazy forceSum in boxOfActin.MyoRod@124e38b3
Crazy forceSum in boxOfActin.MyoRod@5c550f00
Crazy forceSum in boxOfActin.MyoRod@6c57616
Crazy forceSum in boxOfActin.MyoRod@16eb3721
Crazy forceSum in boxOfActin.MyoRod@75831eef
Crazy forceSum in boxOfActin.MyoRod@1da2250
Crazy forceSum in boxOfActin.MyoRod@2c0281bb
Crazy forceSum in boxOfActin.MyoRod@631fe925
Crazy forceSum in boxOfActin.MyoRod@e86f7cf
Crazy forceSum in boxOfActin.MyoMiniFilament@2d5e069b
Crazy torqueSum in boxOfActin.MyoMiniFilament@2d5e069b
Crazy forceSum in boxOfActin.MyoRod@27a66deb
Crazy forceSum in boxOfActin.MyoRod@62a4f77b
Crazy forceSum in boxOfActin.MyoRod@3f135f6a
Crazy forceSum in boxOfActin.MyoRod@530cd635
Crazy forceSum in boxOfActin.MyoRod@4751208a
Crazy forceSum in boxOfActin.MyoRod@28b0834
Crazy forceSum in boxOfActin.MyoRod@27c6ef00
Crazy forceSum in boxOfActin.MyoRod@124e38b3
Crazy forceSum in boxOfActin.MyoRod@5c550f00
Crazy forceSum in boxOfActin.MyoRod@6c57616
Crazy forceSum in boxOfActin.MyoRod@16eb3721
Crazy forceSum in boxOfActin.MyoRod@75831eef
Crazy forceSum in boxOfActin.MyoRod@1da2250
Crazy forceSum in boxOfActin.MyoRod@2c0281bb
Crazy forceSum in boxOfActin.MyoRod@631fe925
Crazy forceSum in boxOfActin.MyoRod@e86f7cf
Crazy forceSum in boxOfActin.MyoMiniFilament@2d5e069b
Crazy torqueSum in boxOfActin.MyoMiniFilament@2d5e069b
Crazy forceSum in boxOfActin.MyoRod@27a66deb
Crazy forceSum in boxOfActin.MyoRod@62a4f77b
Crazy forceSum in boxOfActin.MyoRod@3f135f6a
Crazy forceSum in boxOfActin.MyoRod@530cd635
Crazy forceSum in boxOfActin.MyoRod@4751208a
Crazy forceSum in boxOfActin.MyoRod@28b0834
Crazy forceSum in boxOfActin.MyoRod@27c6ef00
Crazy forceSum in boxOfActin.MyoRod@124e38b3
Crazy forceSum in boxOfActin.MyoRod@5c550f00
Crazy forceSum in boxOfActin.MyoRod@6c57616
Crazy forceSum in boxOfActin.MyoRod@16eb3721
Crazy forceSum in boxOfActin.MyoRod@75831eef
Crazy forceSum in boxOfActin.MyoRod@1da2250
Crazy forceSum in boxOfActin.MyoRod@2c0281bb
Crazy forceSum in boxOfActin.MyoRod@631fe925
Crazy forceSum in boxOfActin.MyoRod@e86f7cf
Crazy forceSum in boxOfActin.MyoMiniFilament@2d5e069b
Crazy torqueSum in boxOfActin.MyoMiniFilament@2d5e069b
Crazy forceSum in boxOfActin.MyoRod@27a66deb
Crazy forceSum in boxOfActin.MyoRod@62a4f77b
Crazy forceSum in boxOfActin.MyoRod@3f135f6a
Crazy forceSum in boxOfActin.MyoRod@530cd635
Crazy forceSum in boxOfActin.MyoRod@4751208a
Crazy forceSum in boxOfActin.MyoRod@28b0834
Crazy forceSum in boxOfActin.MyoRod@27c6ef00
Crazy forceSum in boxOfActin.MyoRod@124e38b3
Crazy forceSum in boxOfActin.MyoRod@5c550f00
Crazy forceSum in boxOfActin.MyoRod@6c57616
Crazy forceSum in boxOfActin.MyoRod@16eb3721
Crazy forceSum in boxOfActin.MyoRod@75831eef
Crazy forceSum in boxOfActin.MyoRod@1da2250
Crazy forceSum in boxOfActin.MyoRod@2c0281bb
Crazy forceSum in boxOfActin.MyoRod@631fe925
Crazy forceSum in boxOfActin.MyoRod@e86f7cf
Crazy forceSum in boxOfActin.MyoMiniFilament@2d5e069b
Crazy torqueSum in boxOfActin.MyoMiniFilament@2d5e069b
Crazy forceSum in boxOfActin.MyoRod@27a66deb
Crazy forceSum in boxOfActin.MyoRod@62a4f77b
Crazy forceSum in boxOfActin.MyoRod@3f135f6a
Crazy forceSum in boxOfActin.MyoRod@530cd635
Crazy forceSum in boxOfActin.MyoRod@4751208a
Crazy forceSum in boxOfActin.MyoRod@28b0834
Crazy forceSum in boxOfActin.MyoRod@27c6ef00
Crazy forceSum in boxOfActin.MyoRod@124e38b3
Crazy forceSum in boxOfActin.MyoRod@5c550f00
Crazy forceSum in boxOfActin.MyoRod@6c57616
Crazy forceSum in boxOfActin.MyoRod@16eb3721
Crazy forceSum in boxOfActin.MyoRod@75831eef
Crazy forceSum in boxOfActin.MyoRod@1da2250
Crazy forceSum in boxOfActin.MyoRod@2c0281bb
Crazy forceSum in boxOfActin.MyoRod@631fe925
Crazy forceSum in boxOfActin.MyoRod@e86f7cf
Crazy forceSum in boxOfActin.MyoMiniFilament@2d5e069b
Crazy torqueSum in boxOfActin.MyoMiniFilament@2d5e069b
Crazy forceSum in boxOfActin.MyoRod@27a66deb
Crazy forceSum in boxOfActin.MyoRod@62a4f77b
Crazy forceSum in boxOfActin.MyoRod@3f135f6a
Crazy forceSum in boxOfActin.MyoRod@530cd635
Crazy forceSum in boxOfActin.MyoRod@4751208a
Crazy forceSum in boxOfActin.MyoRod@28b0834
Crazy forceSum in boxOfActin.MyoRod@27c6ef00
Crazy forceSum in boxOfActin.MyoRod@124e38b3
Crazy forceSum in boxOfActin.MyoRod@5c550f00
Crazy forceSum in boxOfActin.MyoRod@6c57616
Crazy forceSum in boxOfActin.MyoRod@16eb3721
Crazy forceSum in boxOfActin.MyoRod@75831eef
Crazy forceSum in boxOfActin.MyoRod@1da2250
Crazy forceSum in boxOfActin.MyoRod@2c0281bb
Crazy forceSum in boxOfActin.MyoRod@631fe925
Crazy forceSum in boxOfActin.MyoRod@e86f7cf
Crazy forceSum in boxOfActin.MyoMiniFilament@2d5e069b
Crazy torqueSum in boxOfActin.MyoMiniFilament@2d5e069b
Crazy forceSum in boxOfActin.MyoRod@27a66deb
Crazy forceSum in boxOfActin.MyoRod@62a4f77b
Crazy forceSum in boxOfActin.MyoRod@3f135f6a
Crazy forceSum in boxOfActin.MyoRod@530cd635
Crazy forceSum in boxOfActin.MyoRod@4751208a
Crazy forceSum in boxOfActin.MyoRod@28b0834
Crazy forceSum in boxOfActin.MyoRod@27c6ef00
Crazy forceSum in boxOfActin.MyoRod@124e38b3
Crazy forceSum in boxOfActin.MyoRod@5c550f00
Crazy forceSum in boxOfActin.MyoRod@6c57616
Crazy forceSum in boxOfActin.MyoRod@16eb3721
Crazy forceSum in boxOfActin.MyoRod@75831eef
Crazy forceSum in boxOfActin.MyoRod@1da2250
Crazy forceSum in boxOfActin.MyoRod@2c0281bb
Crazy forceSum in boxOfActin.MyoRod@631fe925
Crazy forceSum in boxOfActin.MyoRod@e86f7cf
Crazy forceSum in boxOfActin.MyoMiniFilament@2d5e069b
Crazy torqueSum in boxOfActin.MyoMiniFilament@2d5e069b
Crazy forceSum in boxOfActin.MyoRod@27a66deb
Crazy forceSum in boxOfActin.MyoRod@62a4f77b
Crazy forceSum in boxOfActin.MyoRod@3f135f6a
Crazy forceSum in boxOfActin.MyoRod@530cd635
Crazy forceSum in boxOfActin.MyoRod@4751208a
Crazy forceSum in boxOfActin.MyoRod@28b0834
Crazy forceSum in boxOfActin.MyoRod@27c6ef00
Crazy forceSum in boxOfActin.MyoRod@124e38b3
Crazy forceSum in boxOfActin.MyoRod@5c550f00
Crazy forceSum in boxOfActin.MyoRod@6c57616
Crazy forceSum in boxOfActin.MyoRod@16eb3721
Crazy forceSum in boxOfActin.MyoRod@75831eef
Crazy forceSum in boxOfActin.MyoRod@1da2250
Crazy forceSum in boxOfActin.MyoRod@2c0281bb
Crazy forceSum in boxOfActin.MyoRod@631fe925
Crazy forceSum in boxOfActin.MyoRod@e86f7cf
Crazy forceSum in boxOfActin.MyoMiniFilament@2d5e069b
Crazy torqueSum in boxOfActin.MyoMiniFilament@2d5e069b
Crazy forceSum in boxOfActin.MyoRod@27a66deb
Crazy forceSum in boxOfActin.MyoRod@62a4f77b
Crazy forceSum in boxOfActin.MyoRod@3f135f6a
Crazy forceSum in boxOfActin.MyoRod@530cd635
Crazy forceSum in boxOfActin.MyoRod@4751208a
Crazy forceSum in boxOfActin.MyoRod@28b0834
Crazy forceSum in boxOfActin.MyoRod@27c6ef00
Crazy forceSum in boxOfActin.MyoRod@124e38b3
Crazy forceSum in boxOfActin.MyoRod@5c550f00
Crazy forceSum in boxOfActin.MyoRod@6c57616
Crazy forceSum in boxOfActin.MyoRod@16eb3721
Crazy forceSum in boxOfActin.MyoRod@75831eef
Crazy forceSum in boxOfActin.MyoRod@1da2250
Crazy forceSum in boxOfActin.MyoRod@2c0281bb
Crazy forceSum in boxOfActin.MyoRod@631fe925
Crazy forceSum in boxOfActin.MyoRod@e86f7cf
Crazy forceSum in boxOfActin.MyoMiniFilament@2d5e069b
Crazy torqueSum in boxOfActin.MyoMiniFilament@2d5e069b
Crazy forceSum in boxOfActin.MyoRod@27a66deb
Crazy forceSum in boxOfActin.MyoRod@62a4f77b
Crazy forceSum in boxOfActin.MyoRod@3f135f6a
Crazy forceSum in boxOfActin.MyoRod@530cd635
Crazy forceSum in boxOfActin.MyoRod@4751208a
Crazy forceSum in boxOfActin.MyoRod@28b0834
Crazy forceSum in boxOfActin.MyoRod@27c6ef00
Crazy forceSum in boxOfActin.MyoRod@124e38b3
Crazy forceSum in boxOfActin.MyoRod@5c550f00
Crazy forceSum in boxOfActin.MyoRod@6c57616
Crazy forceSum in boxOfActin.MyoRod@16eb3721
Crazy forceSum in boxOfActin.MyoRod@75831eef
Crazy forceSum in boxOfActin.MyoRod@1da2250
Crazy forceSum in boxOfActin.MyoRod@2c0281bb
Crazy forceSum in boxOfActin.MyoRod@631fe925
Crazy forceSum in boxOfActin.MyoRod@e86f7cf
Crazy forceSum in boxOfActin.MyoMiniFilament@2d5e069b
Crazy torqueSum in boxOfActin.MyoMiniFilament@2d5e069b
Crazy forceSum in boxOfActin.MyoRod@27a66deb
Crazy forceSum in boxOfActin.MyoRod@62a4f77b
Crazy forceSum in boxOfActin.MyoRod@3f135f6a
Crazy forceSum in boxOfActin.MyoRod@530cd635
Crazy forceSum in boxOfActin.MyoRod@4751208a
Crazy forceSum in boxOfActin.MyoRod@28b0834
Crazy forceSum in boxOfActin.MyoRod@27c6ef00
Crazy forceSum in boxOfActin.MyoRod@124e38b3
Crazy forceSum in boxOfActin.MyoRod@5c550f00
Crazy forceSum in boxOfActin.MyoRod@6c57616
Crazy forceSum in boxOfActin.MyoRod@16eb3721
Crazy forceSum in boxOfActin.MyoRod@75831eef
Crazy forceSum in boxOfActin.MyoRod@1da2250
Crazy forceSum in boxOfActin.MyoRod@2c0281bb
Crazy forceSum in boxOfActin.MyoRod@631fe925
Crazy forceSum in boxOfActin.MyoRod@e86f7cf
Crazy forceSum in boxOfActin.MyoMiniFilament@2d5e069b
Crazy torqueSum in boxOfActin.MyoMiniFilament@2d5e069b
Crazy forceSum in boxOfActin.MyoRod@27a66deb
Crazy forceSum in boxOfActin.MyoRod@62a4f77b
Crazy forceSum in boxOfActin.MyoRod@3f135f6a
Crazy forceSum in boxOfActin.MyoRod@530cd635
Crazy forceSum in boxOfActin.MyoRod@4751208a
Crazy forceSum in boxOfActin.MyoRod@28b0834
Crazy forceSum in boxOfActin.MyoRod@27c6ef00
Crazy forceSum in boxOfActin.MyoRod@124e38b3
Crazy forceSum in boxOfActin.MyoRod@5c550f00
Crazy forceSum in boxOfActin.MyoRod@6c57616
Crazy forceSum in boxOfActin.MyoRod@16eb3721
Crazy forceSum in boxOfActin.MyoRod@75831eef
Crazy forceSum in boxOfActin.MyoRod@1da2250
Crazy forceSum in boxOfActin.MyoRod@2c0281bb
Crazy forceSum in boxOfActin.MyoRod@631fe925
Crazy forceSum in boxOfActin.MyoRod@e86f7cf
Crazy forceSum in boxOfActin.MyoMiniFilament@2d5e069b
Crazy torqueSum in boxOfActin.MyoMiniFilament@2d5e069b
Crazy forceSum in boxOfActin.MyoRod@27a66deb
Crazy forceSum in boxOfActin.MyoRod@62a4f77b
Crazy forceSum in boxOfActin.MyoRod@3f135f6a
Crazy forceSum in boxOfActin.MyoRod@530cd635
Crazy forceSum in boxOfActin.MyoRod@4751208a
Crazy forceSum in boxOfActin.MyoRod@28b0834
Crazy forceSum in boxOfActin.MyoRod@27c6ef00
Crazy forceSum in boxOfActin.MyoRod@124e38b3
Crazy forceSum in boxOfActin.MyoRod@5c550f00
Crazy forceSum in boxOfActin.MyoRod@6c57616
Crazy forceSum in boxOfActin.MyoRod@16eb3721
Crazy forceSum in boxOfActin.MyoRod@75831eef
Crazy forceSum in boxOfActin.MyoRod@1da2250
Crazy forceSum in boxOfActin.MyoRod@2c0281bb
Crazy forceSum in boxOfActin.MyoRod@631fe925
Crazy forceSum in boxOfActin.MyoRod@e86f7cf
Crazy forceSum in boxOfActin.MyoMiniFilament@2d5e069b
Crazy torqueSum in boxOfActin.MyoMiniFilament@2d5e069b
Crazy forceSum in boxOfActin.MyoRod@27a66deb
Crazy forceSum in boxOfActin.MyoRod@62a4f77b
Crazy forceSum in boxOfActin.MyoRod@3f135f6a
Crazy forceSum in boxOfActin.MyoRod@530cd635
Crazy forceSum in boxOfActin.MyoRod@4751208a
Crazy forceSum in boxOfActin.MyoRod@28b0834
Crazy forceSum in boxOfActin.MyoRod@27c6ef00
Crazy forceSum in boxOfActin.MyoRod@124e38b3
Crazy forceSum in boxOfActin.MyoRod@5c550f00
Crazy forceSum in boxOfActin.MyoRod@6c57616
Crazy forceSum in boxOfActin.MyoRod@16eb3721
Crazy forceSum in boxOfActin.MyoRod@75831eef
Crazy forceSum in boxOfActin.MyoRod@1da2250
Crazy forceSum in boxOfActin.MyoRod@2c0281bb
Crazy forceSum in boxOfActin.MyoRod@631fe925
Crazy forceSum in boxOfActin.MyoRod@e86f7cf
Crazy forceSum in boxOfActin.MyoMiniFilament@2d5e069b
Crazy torqueSum in boxOfActin.MyoMiniFilament@2d5e069b
Crazy forceSum in boxOfActin.MyoRod@27a66deb
Crazy forceSum in boxOfActin.MyoRod@62a4f77b
Crazy forceSum in boxOfActin.MyoRod@3f135f6a
Crazy forceSum in boxOfActin.MyoRod@530cd635
Crazy forceSum in boxOfActin.MyoRod@4751208a
Crazy forceSum in boxOfActin.MyoRod@28b0834
Crazy forceSum in boxOfActin.MyoRod@27c6ef00
Crazy forceSum in boxOfActin.MyoRod@124e38b3
Crazy forceSum in boxOfActin.MyoRod@5c550f00
Crazy forceSum in boxOfActin.MyoRod@6c57616
Crazy forceSum in boxOfActin.MyoRod@16eb3721
Crazy forceSum in boxOfActin.MyoRod@75831eef
Crazy forceSum in boxOfActin.MyoRod@1da2250
Crazy forceSum in boxOfActin.MyoRod@2c0281bb
Crazy forceSum in boxOfActin.MyoRod@631fe925
Crazy forceSum in boxOfActin.MyoRod@e86f7cf
Crazy forceSum in boxOfActin.MyoMiniFilament@2d5e069b
Crazy torqueSum in boxOfActin.MyoMiniFilament@2d5e069b
Crazy forceSum in boxOfActin.MyoRod@27a66deb
Crazy forceSum in boxOfActin.MyoRod@62a4f77b
Crazy forceSum in boxOfActin.MyoRod@3f135f6a
Crazy forceSum in boxOfActin.MyoRod@530cd635
Crazy forceSum in boxOfActin.MyoRod@4751208a
Crazy forceSum in boxOfActin.MyoRod@28b0834
Crazy forceSum in boxOfActin.MyoRod@27c6ef00
Crazy forceSum in boxOfActin.MyoRod@124e38b3
Crazy forceSum in boxOfActin.MyoRod@5c550f00
Crazy forceSum in boxOfActin.MyoRod@6c57616
Crazy forceSum in boxOfActin.MyoRod@16eb3721
Crazy forceSum in boxOfActin.MyoRod@75831eef
Crazy forceSum in boxOfActin.MyoRod@1da2250
Crazy forceSum in boxOfActin.MyoRod@2c0281bb
Crazy forceSum in boxOfActin.MyoRod@631fe925
Crazy forceSum in boxOfActin.MyoRod@e86f7cf
Crazy forceSum in boxOfActin.MyoMiniFilament@2d5e069b
Crazy torqueSum in boxOfActin.MyoMiniFilament@2d5e069b
Crazy forceSum in boxOfActin.MyoRod@27a66deb
Crazy forceSum in boxOfActin.MyoRod@62a4f77b
Crazy forceSum in boxOfActin.MyoRod@3f135f6a
Crazy forceSum in boxOfActin.MyoRod@530cd635
Crazy forceSum in boxOfActin.MyoRod@4751208a
Crazy forceSum in boxOfActin.MyoRod@28b0834
Crazy forceSum in boxOfActin.MyoRod@27c6ef00
Crazy forceSum in boxOfActin.MyoRod@124e38b3
Crazy forceSum in boxOfActin.MyoRod@5c550f00
Crazy forceSum in boxOfActin.MyoRod@6c57616
Crazy forceSum in boxOfActin.MyoRod@16eb3721
Crazy forceSum in boxOfActin.MyoRod@75831eef
Crazy forceSum in boxOfActin.MyoRod@1da2250
Crazy forceSum in boxOfActin.MyoRod@2c0281bb
Crazy forceSum in boxOfActin.MyoRod@631fe925
Crazy forceSum in boxOfActin.MyoRod@e86f7cf
Crazy forceSum in boxOfActin.MyoMiniFilament@2d5e069b
Crazy torqueSum in boxOfActin.MyoMiniFilament@2d5e069b
Crazy forceSum in boxOfActin.MyoRod@27a66deb
Crazy forceSum in boxOfActin.MyoRod@62a4f77b
Crazy forceSum in boxOfActin.MyoRod@3f135f6a
Crazy forceSum in boxOfActin.MyoRod@530cd635
Crazy forceSum in boxOfActin.MyoRod@4751208a
Crazy forceSum in boxOfActin.MyoRod@28b0834
Crazy forceSum in boxOfActin.MyoRod@27c6ef00
Crazy forceSum in boxOfActin.MyoRod@124e38b3
Crazy forceSum in boxOfActin.MyoRod@5c550f00
Crazy forceSum in boxOfActin.MyoRod@6c57616
Crazy forceSum in boxOfActin.MyoRod@16eb3721
Crazy forceSum in boxOfActin.MyoRod@75831eef
Crazy forceSum in boxOfActin.MyoRod@1da2250
Crazy forceSum in boxOfActin.MyoRod@2c0281bb
Crazy forceSum in boxOfActin.MyoRod@631fe925
Crazy forceSum in boxOfActin.MyoRod@e86f7cf
Crazy forceSum in boxOfActin.MyoMiniFilament@2d5e069b
Crazy torqueSum in boxOfActin.MyoMiniFilament@2d5e069b
Crazy forceSum in boxOfActin.MyoRod@27a66deb
Crazy forceSum in boxOfActin.MyoRod@62a4f77b
Crazy forceSum in boxOfActin.MyoRod@3f135f6a
Crazy forceSum in boxOfActin.MyoRod@530cd635
Crazy forceSum in boxOfActin.MyoRod@4751208a
Crazy forceSum in boxOfActin.MyoRod@28b0834
Crazy forceSum in boxOfActin.MyoRod@27c6ef00
Crazy forceSum in boxOfActin.MyoRod@124e38b3
Crazy forceSum in boxOfActin.MyoRod@5c550f00
Crazy forceSum in boxOfActin.MyoRod@6c57616
Crazy forceSum in boxOfActin.MyoRod@16eb3721
Crazy forceSum in boxOfActin.MyoRod@75831eef
Crazy forceSum in boxOfActin.MyoRod@1da2250
Crazy forceSum in boxOfActin.MyoRod@2c0281bb
Crazy forceSum in boxOfActin.MyoRod@631fe925
Crazy forceSum in boxOfActin.MyoRod@e86f7cf
Crazy forceSum in boxOfActin.MyoMiniFilament@2d5e069b
Crazy torqueSum in boxOfActin.MyoMiniFilament@2d5e069b
Crazy forceSum in boxOfActin.MyoRod@27a66deb
Crazy forceSum in boxOfActin.MyoRod@62a4f77b
Crazy forceSum in boxOfActin.MyoRod@3f135f6a
Crazy forceSum in boxOfActin.MyoRod@530cd635
Crazy forceSum in boxOfActin.MyoRod@4751208a
Crazy forceSum in boxOfActin.MyoRod@28b0834
Crazy forceSum in boxOfActin.MyoRod@27c6ef00
Crazy forceSum in boxOfActin.MyoRod@124e38b3
Crazy forceSum in boxOfActin.MyoRod@5c550f00
Crazy forceSum in boxOfActin.MyoRod@6c57616
Crazy forceSum in boxOfActin.MyoRod@16eb3721
Crazy forceSum in boxOfActin.MyoRod@75831eef
Crazy forceSum in boxOfActin.MyoRod@1da2250
Crazy forceSum in boxOfActin.MyoRod@2c0281bb
Crazy forceSum in boxOfActin.MyoRod@631fe925
Crazy forceSum in boxOfActin.MyoRod@e86f7cf
Crazy forceSum in boxOfActin.MyoMiniFilament@2d5e069b
Crazy torqueSum in boxOfActin.MyoMiniFilament@2d5e069b
Crazy forceSum in boxOfActin.MyoRod@27a66deb
Crazy forceSum in boxOfActin.MyoRod@62a4f77b
Crazy forceSum in boxOfActin.MyoRod@3f135f6a
Crazy forceSum in boxOfActin.MyoRod@530cd635
Crazy forceSum in boxOfActin.MyoRod@4751208a
Crazy forceSum in boxOfActin.MyoRod@28b0834
Crazy forceSum in boxOfActin.MyoRod@27c6ef00
Crazy forceSum in boxOfActin.MyoRod@124e38b3
Crazy forceSum in boxOfActin.MyoRod@5c550f00
Crazy forceSum in boxOfActin.MyoRod@6c57616
Crazy forceSum in boxOfActin.MyoRod@16eb3721
Crazy forceSum in boxOfActin.MyoRod@75831eef
Crazy forceSum in boxOfActin.MyoRod@1da2250
Crazy forceSum in boxOfActin.MyoRod@2c0281bb
Crazy forceSum in boxOfActin.MyoRod@631fe925
Crazy forceSum in boxOfActin.MyoRod@e86f7cf
Crazy forceSum in boxOfActin.MyoMiniFilament@2d5e069b
Crazy torqueSum in boxOfActin.MyoMiniFilament@2d5e069b
Crazy forceSum in boxOfActin.MyoRod@27a66deb
Crazy forceSum in boxOfActin.MyoRod@62a4f77b
Crazy forceSum in boxOfActin.MyoRod@3f135f6a
Crazy forceSum in boxOfActin.MyoRod@530cd635
Crazy forceSum in boxOfActin.MyoRod@4751208a
Crazy forceSum in boxOfActin.MyoRod@28b0834
Crazy forceSum in boxOfActin.MyoRod@27c6ef00
Crazy forceSum in boxOfActin.MyoRod@124e38b3
Crazy forceSum in boxOfActin.MyoRod@5c550f00
Crazy forceSum in boxOfActin.MyoRod@6c57616
Crazy forceSum in boxOfActin.MyoRod@16eb3721
Crazy forceSum in boxOfActin.MyoRod@75831eef
Crazy forceSum in boxOfActin.MyoRod@1da2250
Crazy forceSum in boxOfActin.MyoRod@2c0281bb
Crazy forceSum in boxOfActin.MyoRod@631fe925
Crazy forceSum in boxOfActin.MyoRod@e86f7cf
Crazy forceSum in boxOfActin.MyoMiniFilament@2d5e069b
Crazy torqueSum in boxOfActin.MyoMiniFilament@2d5e069b
Crazy forceSum in boxOfActin.MyoRod@27a66deb
Crazy forceSum in boxOfActin.MyoRod@62a4f77b
Crazy forceSum in boxOfActin.MyoRod@3f135f6a
Crazy forceSum in boxOfActin.MyoRod@530cd635
Crazy forceSum in boxOfActin.MyoRod@4751208a
Crazy forceSum in boxOfActin.MyoRod@28b0834
Crazy forceSum in boxOfActin.MyoRod@27c6ef00
Crazy forceSum in boxOfActin.MyoRod@124e38b3
Crazy forceSum in boxOfActin.MyoRod@5c550f00
Crazy forceSum in boxOfActin.MyoRod@6c57616
Crazy forceSum in boxOfActin.MyoRod@16eb3721
Crazy forceSum in boxOfActin.MyoRod@75831eef
Crazy forceSum in boxOfActin.MyoRod@1da2250
Crazy forceSum in boxOfActin.MyoRod@2c0281bb
Crazy forceSum in boxOfActin.MyoRod@631fe925
Crazy forceSum in boxOfActin.MyoRod@e86f7cf
Crazy forceSum in boxOfActin.MyoMiniFilament@2d5e069b
Crazy torqueSum in boxOfActin.MyoMiniFilament@2d5e069b
Crazy forceSum in boxOfActin.MyoRod@27a66deb
Crazy forceSum in boxOfActin.MyoRod@62a4f77b
Crazy forceSum in boxOfActin.MyoRod@3f135f6a
Crazy forceSum in boxOfActin.MyoRod@530cd635
Crazy forceSum in boxOfActin.MyoRod@4751208a
Crazy forceSum in boxOfActin.MyoRod@28b0834
Crazy forceSum in boxOfActin.MyoRod@27c6ef00
Crazy forceSum in boxOfActin.MyoRod@124e38b3
Crazy forceSum in boxOfActin.MyoRod@5c550f00
Crazy forceSum in boxOfActin.MyoRod@6c57616
Crazy forceSum in boxOfActin.MyoRod@16eb3721
Crazy forceSum in boxOfActin.MyoRod@75831eef
Crazy forceSum in boxOfActin.MyoRod@1da2250
Crazy forceSum in boxOfActin.MyoRod@2c0281bb
Crazy forceSum in boxOfActin.MyoRod@631fe925
Crazy forceSum in boxOfActin.MyoRod@e86f7cf
Crazy forceSum in boxOfActin.MyoMiniFilament@2d5e069b
Crazy torqueSum in boxOfActin.MyoMiniFilament@2d5e069b
Crazy forceSum in boxOfActin.MyoRod@27a66deb
Crazy forceSum in boxOfActin.MyoRod@62a4f77b
Crazy forceSum in boxOfActin.MyoRod@3f135f6a
Crazy forceSum in boxOfActin.MyoRod@530cd635
Crazy forceSum in boxOfActin.MyoRod@4751208a
Crazy forceSum in boxOfActin.MyoRod@28b0834
Crazy forceSum in boxOfActin.MyoRod@27c6ef00
Crazy forceSum in boxOfActin.MyoRod@124e38b3
Crazy forceSum in boxOfActin.MyoRod@5c550f00
Crazy forceSum in boxOfActin.MyoRod@6c57616
Crazy forceSum in boxOfActin.MyoRod@16eb3721
Crazy forceSum in boxOfActin.MyoRod@75831eef
Crazy forceSum in boxOfActin.MyoRod@1da2250
Crazy forceSum in boxOfActin.MyoRod@2c0281bb
Crazy forceSum in boxOfActin.MyoRod@631fe925
Crazy forceSum in boxOfActin.MyoRod@e86f7cf
Crazy forceSum in boxOfActin.MyoMiniFilament@2d5e069b
Crazy torqueSum in boxOfActin.MyoMiniFilament@2d5e069b
Crazy forceSum in boxOfActin.MyoRod@27a66deb
Crazy forceSum in boxOfActin.MyoRod@62a4f77b
Crazy forceSum in boxOfActin.MyoRod@3f135f6a
Crazy forceSum in boxOfActin.MyoRod@530cd635
Crazy forceSum in boxOfActin.MyoRod@4751208a
Crazy forceSum in boxOfActin.MyoRod@28b0834
Crazy forceSum in boxOfActin.MyoRod@27c6ef00
Crazy forceSum in boxOfActin.MyoRod@124e38b3
Crazy forceSum in boxOfActin.MyoRod@5c550f00
Crazy forceSum in boxOfActin.MyoRod@6c57616
Crazy forceSum in boxOfActin.MyoRod@16eb3721
Crazy forceSum in boxOfActin.MyoRod@75831eef
Crazy forceSum in boxOfActin.MyoRod@1da2250
Crazy forceSum in boxOfActin.MyoRod@2c0281bb
Crazy forceSum in boxOfActin.MyoRod@631fe925
Crazy forceSum in boxOfActin.MyoRod@e86f7cf
Crazy forceSum in boxOfActin.MyoMiniFilament@2d5e069b
Crazy torqueSum in boxOfActin.MyoMiniFilament@2d5e069b
Crazy forceSum in boxOfActin.MyoRod@27a66deb
Crazy forceSum in boxOfActin.MyoRod@62a4f77b
Crazy forceSum in boxOfActin.MyoRod@3f135f6a
Crazy forceSum in boxOfActin.MyoRod@530cd635
Crazy forceSum in boxOfActin.MyoRod@4751208a
Crazy forceSum in boxOfActin.MyoRod@28b0834
Crazy forceSum in boxOfActin.MyoRod@27c6ef00
Crazy forceSum in boxOfActin.MyoRod@124e38b3
Crazy forceSum in boxOfActin.MyoRod@5c550f00
Crazy forceSum in boxOfActin.MyoRod@6c57616
Crazy forceSum in boxOfActin.MyoRod@16eb3721
Crazy forceSum in boxOfActin.MyoRod@75831eef
Crazy forceSum in boxOfActin.MyoRod@1da2250
Crazy forceSum in boxOfActin.MyoRod@2c0281bb
Crazy forceSum in boxOfActin.MyoRod@631fe925
Crazy forceSum in boxOfActin.MyoRod@e86f7cf
Crazy forceSum in boxOfActin.MyoMiniFilament@2d5e069b
Crazy torqueSum in boxOfActin.MyoMiniFilament@2d5e069b
Crazy forceSum in boxOfActin.MyoRod@27a66deb
Crazy forceSum in boxOfActin.MyoRod@62a4f77b
Crazy forceSum in boxOfActin.MyoRod@3f135f6a
Crazy forceSum in boxOfActin.MyoRod@530cd635
Crazy forceSum in boxOfActin.MyoRod@4751208a
Crazy forceSum in boxOfActin.MyoRod@28b0834
Crazy forceSum in boxOfActin.MyoRod@27c6ef00
Crazy forceSum in boxOfActin.MyoRod@124e38b3
Crazy forceSum in boxOfActin.MyoRod@5c550f00
Crazy forceSum in boxOfActin.MyoRod@6c57616
Crazy forceSum in boxOfActin.MyoRod@16eb3721
Crazy forceSum in boxOfActin.MyoRod@75831eef
Crazy forceSum in boxOfActin.MyoRod@1da2250
Crazy forceSum in boxOfActin.MyoRod@2c0281bb
Crazy forceSum in boxOfActin.MyoRod@631fe925
Crazy forceSum in boxOfActin.MyoRod@e86f7cf
Crazy forceSum in boxOfActin.MyoMiniFilament@2d5e069b
Crazy torqueSum in boxOfActin.MyoMiniFilament@2d5e069b
Crazy forceSum in boxOfActin.MyoRod@27a66deb
Crazy forceSum in boxOfActin.MyoRod@62a4f77b
Crazy forceSum in boxOfActin.MyoRod@3f135f6a
Crazy forceSum in boxOfActin.MyoRod@530cd635
Crazy forceSum in boxOfActin.MyoRod@4751208a
Crazy forceSum in boxOfActin.MyoRod@28b0834
Crazy forceSum in boxOfActin.MyoRod@27c6ef00
Crazy forceSum in boxOfActin.MyoRod@124e38b3
Crazy forceSum in boxOfActin.MyoRod@5c550f00
Crazy forceSum in boxOfActin.MyoRod@6c57616
Crazy forceSum in boxOfActin.MyoRod@16eb3721
Crazy forceSum in boxOfActin.MyoRod@75831eef
Crazy forceSum in boxOfActin.MyoRod@1da2250
Crazy forceSum in boxOfActin.MyoRod@2c0281bb
Crazy forceSum in boxOfActin.MyoRod@631fe925
Crazy forceSum in boxOfActin.MyoRod@e86f7cf
Crazy forceSum in boxOfActin.MyoMiniFilament@2d5e069b
Crazy torqueSum in boxOfActin.MyoMiniFilament@2d5e069b
Crazy forceSum in boxOfActin.MyoRod@27a66deb
Crazy forceSum in boxOfActin.MyoRod@62a4f77b
Crazy forceSum in boxOfActin.MyoRod@3f135f6a
Crazy forceSum in boxOfActin.MyoRod@530cd635
Crazy forceSum in boxOfActin.MyoRod@4751208a
Crazy forceSum in boxOfActin.MyoRod@28b0834
Crazy forceSum in boxOfActin.MyoRod@27c6ef00
Crazy forceSum in boxOfActin.MyoRod@124e38b3
Crazy forceSum in boxOfActin.MyoRod@5c550f00
Crazy forceSum in boxOfActin.MyoRod@6c57616
Crazy forceSum in boxOfActin.MyoRod@16eb3721
Crazy forceSum in boxOfActin.MyoRod@75831eef
Crazy forceSum in boxOfActin.MyoRod@1da2250
Crazy forceSum in boxOfActin.MyoRod@2c0281bb
Crazy forceSum in boxOfActin.MyoRod@631fe925
Crazy forceSum in boxOfActin.MyoRod@e86f7cf
Crazy forceSum in boxOfActin.MyoMiniFilament@2d5e069b
Crazy torqueSum in boxOfActin.MyoMiniFilament@2d5e069b
Crazy forceSum in boxOfActin.MyoRod@27a66deb
Crazy forceSum in boxOfActin.MyoRod@62a4f77b
Crazy forceSum in boxOfActin.MyoRod@3f135f6a
Crazy forceSum in boxOfActin.MyoRod@530cd635
Crazy forceSum in boxOfActin.MyoRod@4751208a
Crazy forceSum in boxOfActin.MyoRod@28b0834
Crazy forceSum in boxOfActin.MyoRod@27c6ef00
Crazy forceSum in boxOfActin.MyoRod@124e38b3
Crazy forceSum in boxOfActin.MyoRod@5c550f00
Crazy forceSum in boxOfActin.MyoRod@6c57616
Crazy forceSum in boxOfActin.MyoRod@16eb3721
Crazy forceSum in boxOfActin.MyoRod@75831eef
Crazy forceSum in boxOfActin.MyoRod@1da2250
Crazy forceSum in boxOfActin.MyoRod@2c0281bb
Crazy forceSum in boxOfActin.MyoRod@631fe925
Crazy forceSum in boxOfActin.MyoRod@e86f7cf
Crazy forceSum in boxOfActin.MyoMiniFilament@2d5e069b
Crazy torqueSum in boxOfActin.MyoMiniFilament@2d5e069b
Crazy forceSum in boxOfActin.MyoRod@27a66deb
Crazy forceSum in boxOfActin.MyoRod@62a4f77b
Crazy forceSum in boxOfActin.MyoRod@3f135f6a
Crazy forceSum in boxOfActin.MyoRod@530cd635
Crazy forceSum in boxOfActin.MyoRod@4751208a
Crazy forceSum in boxOfActin.MyoRod@28b0834
Crazy forceSum in boxOfActin.MyoRod@27c6ef00
Crazy forceSum in boxOfActin.MyoRod@124e38b3
Crazy forceSum in boxOfActin.MyoRod@5c550f00
Crazy forceSum in boxOfActin.MyoRod@6c57616
Crazy forceSum in boxOfActin.MyoRod@16eb3721
Crazy forceSum in boxOfActin.MyoRod@75831eef
Crazy forceSum in boxOfActin.MyoRod@1da2250
Crazy forceSum in boxOfActin.MyoRod@2c0281bb
Crazy forceSum in boxOfActin.MyoRod@631fe925
Crazy forceSum in boxOfActin.MyoRod@e86f7cf
Crazy forceSum in boxOfActin.MyoMiniFilament@2d5e069b
Crazy torqueSum in boxOfActin.MyoMiniFilament@2d5e069b
Crazy forceSum in boxOfActin.MyoRod@27a66deb
Crazy forceSum in boxOfActin.MyoRod@62a4f77b
Crazy forceSum in boxOfActin.MyoRod@3f135f6a
Crazy forceSum in boxOfActin.MyoRod@530cd635
Crazy forceSum in boxOfActin.MyoRod@4751208a
Crazy forceSum in boxOfActin.MyoRod@28b0834
Crazy forceSum in boxOfActin.MyoRod@27c6ef00
Crazy forceSum in boxOfActin.MyoRod@124e38b3
Crazy forceSum in boxOfActin.MyoRod@5c550f00
Crazy forceSum in boxOfActin.MyoRod@6c57616
Crazy forceSum in boxOfActin.MyoRod@16eb3721
Crazy forceSum in boxOfActin.MyoRod@75831eef
Crazy forceSum in boxOfActin.MyoRod@1da2250
Crazy forceSum in boxOfActin.MyoRod@2c0281bb
Crazy forceSum in boxOfActin.MyoRod@631fe925
Crazy forceSum in boxOfActin.MyoRod@e86f7cf
Crazy forceSum in boxOfActin.MyoMiniFilament@2d5e069b
Crazy torqueSum in boxOfActin.MyoMiniFilament@2d5e069b
Crazy forceSum in boxOfActin.MyoRod@27a66deb
Crazy forceSum in boxOfActin.MyoRod@62a4f77b
Crazy forceSum in boxOfActin.MyoRod@3f135f6a
Crazy forceSum in boxOfActin.MyoRod@530cd635
Crazy forceSum in boxOfActin.MyoRod@4751208a
Crazy forceSum in boxOfActin.MyoRod@28b0834
Crazy forceSum in boxOfActin.MyoRod@27c6ef00
Crazy forceSum in boxOfActin.MyoRod@124e38b3
Crazy forceSum in boxOfActin.MyoRod@5c550f00
Crazy forceSum in boxOfActin.MyoRod@6c57616
Crazy forceSum in boxOfActin.MyoRod@16eb3721
Crazy forceSum in boxOfActin.MyoRod@75831eef
Crazy forceSum in boxOfActin.MyoRod@1da2250
Crazy forceSum in boxOfActin.MyoRod@2c0281bb
Crazy forceSum in boxOfActin.MyoRod@631fe925
Crazy forceSum in boxOfActin.MyoRod@e86f7cf
Crazy forceSum in boxOfActin.MyoMiniFilament@2d5e069b
Crazy torqueSum in boxOfActin.MyoMiniFilament@2d5e069b
Crazy forceSum in boxOfActin.MyoRod@27a66deb
Crazy forceSum in boxOfActin.MyoRod@62a4f77b
Crazy forceSum in boxOfActin.MyoRod@3f135f6a
Crazy forceSum in boxOfActin.MyoRod@530cd635
Crazy forceSum in boxOfActin.MyoRod@4751208a
Crazy forceSum in boxOfActin.MyoRod@28b0834
Crazy forceSum in boxOfActin.MyoRod@27c6ef00
Crazy forceSum in boxOfActin.MyoRod@124e38b3
Crazy forceSum in boxOfActin.MyoRod@5c550f00
Crazy forceSum in boxOfActin.MyoRod@6c57616
Crazy forceSum in boxOfActin.MyoRod@16eb3721
Crazy forceSum in boxOfActin.MyoRod@75831eef
Crazy forceSum in boxOfActin.MyoRod@1da2250
Crazy forceSum in boxOfActin.MyoRod@2c0281bb
Crazy forceSum in boxOfActin.MyoRod@631fe925
Crazy forceSum in boxOfActin.MyoRod@e86f7cf
Crazy forceSum in boxOfActin.MyoMiniFilament@2d5e069b
Crazy torqueSum in boxOfActin.MyoMiniFilament@2d5e069b
Crazy forceSum in boxOfActin.MyoRod@27a66deb
Crazy forceSum in boxOfActin.MyoRod@62a4f77b
Crazy forceSum in boxOfActin.MyoRod@3f135f6a
Crazy forceSum in boxOfActin.MyoRod@530cd635
Crazy forceSum in boxOfActin.MyoRod@4751208a
Crazy forceSum in boxOfActin.MyoRod@28b0834
Crazy forceSum in boxOfActin.MyoRod@27c6ef00
Crazy forceSum in boxOfActin.MyoRod@124e38b3
Crazy forceSum in boxOfActin.MyoRod@5c550f00
Crazy forceSum in boxOfActin.MyoRod@6c57616
Crazy forceSum in boxOfActin.MyoRod@16eb3721
Crazy forceSum in boxOfActin.MyoRod@75831eef
Crazy forceSum in boxOfActin.MyoRod@1da2250
Crazy forceSum in boxOfActin.MyoRod@2c0281bb
Crazy forceSum in boxOfActin.MyoRod@631fe925
Crazy forceSum in boxOfActin.MyoRod@e86f7cf
Crazy forceSum in boxOfActin.MyoMiniFilament@2d5e069b
Crazy torqueSum in boxOfActin.MyoMiniFilament@2d5e069b
Crazy forceSum in boxOfActin.MyoRod@27a66deb
Crazy forceSum in boxOfActin.MyoRod@62a4f77b
Crazy forceSum in boxOfActin.MyoRod@3f135f6a
Crazy forceSum in boxOfActin.MyoRod@530cd635
Crazy forceSum in boxOfActin.MyoRod@4751208a
Crazy forceSum in boxOfActin.MyoRod@28b0834
Crazy forceSum in boxOfActin.MyoRod@27c6ef00
Crazy forceSum in boxOfActin.MyoRod@124e38b3
Crazy forceSum in boxOfActin.MyoRod@5c550f00
Crazy forceSum in boxOfActin.MyoRod@6c57616
Crazy forceSum in boxOfActin.MyoRod@16eb3721
Crazy forceSum in boxOfActin.MyoRod@75831eef
Crazy forceSum in boxOfActin.MyoRod@1da2250
Crazy forceSum in boxOfActin.MyoRod@2c0281bb
Crazy forceSum in boxOfActin.MyoRod@631fe925
Crazy forceSum in boxOfActin.MyoRod@e86f7cf
Crazy forceSum in boxOfActin.MyoMiniFilament@2d5e069b
Crazy torqueSum in boxOfActin.MyoMiniFilament@2d5e069b
Crazy forceSum in boxOfActin.MyoRod@27a66deb
Crazy forceSum in boxOfActin.MyoRod@62a4f77b
Crazy forceSum in boxOfActin.MyoRod@3f135f6a
Crazy forceSum in boxOfActin.MyoRod@530cd635
Crazy forceSum in boxOfActin.MyoRod@4751208a
Crazy forceSum in boxOfActin.MyoRod@28b0834
Crazy forceSum in boxOfActin.MyoRod@27c6ef00
Crazy forceSum in boxOfActin.MyoRod@124e38b3
Crazy forceSum in boxOfActin.MyoRod@5c550f00
Crazy forceSum in boxOfActin.MyoRod@6c57616
Crazy forceSum in boxOfActin.MyoRod@16eb3721
Crazy forceSum in boxOfActin.MyoRod@75831eef
Crazy forceSum in boxOfActin.MyoRod@1da2250
Crazy forceSum in boxOfActin.MyoRod@2c0281bb
Crazy forceSum in boxOfActin.MyoRod@631fe925
Crazy forceSum in boxOfActin.MyoRod@e86f7cf
Crazy forceSum in boxOfActin.MyoMiniFilament@2d5e069b
Crazy torqueSum in boxOfActin.MyoMiniFilament@2d5e069b
Crazy forceSum in boxOfActin.MyoRod@27a66deb
Crazy forceSum in boxOfActin.MyoRod@62a4f77b
Crazy forceSum in boxOfActin.MyoRod@3f135f6a
Crazy forceSum in boxOfActin.MyoRod@530cd635
Crazy forceSum in boxOfActin.MyoRod@4751208a
Crazy forceSum in boxOfActin.MyoRod@28b0834
Crazy forceSum in boxOfActin.MyoRod@27c6ef00
Crazy forceSum in boxOfActin.MyoRod@124e38b3
Crazy forceSum in boxOfActin.MyoRod@5c550f00
Crazy forceSum in boxOfActin.MyoRod@6c57616
Crazy forceSum in boxOfActin.MyoRod@16eb3721
Crazy forceSum in boxOfActin.MyoRod@75831eef
Crazy forceSum in boxOfActin.MyoRod@1da2250
Crazy forceSum in boxOfActin.MyoRod@2c0281bb
Crazy forceSum in boxOfActin.MyoRod@631fe925
Crazy forceSum in boxOfActin.MyoRod@e86f7cf
Crazy forceSum in boxOfActin.MyoMiniFilament@2d5e069b
Crazy torqueSum in boxOfActin.MyoMiniFilament@2d5e069b
Crazy forceSum in boxOfActin.MyoRod@27a66deb
Crazy forceSum in boxOfActin.MyoRod@62a4f77b
Crazy forceSum in boxOfActin.MyoRod@3f135f6a
Crazy forceSum in boxOfActin.MyoRod@530cd635
Crazy forceSum in boxOfActin.MyoRod@4751208a
Crazy forceSum in boxOfActin.MyoRod@28b0834
Crazy forceSum in boxOfActin.MyoRod@27c6ef00
Crazy forceSum in boxOfActin.MyoRod@124e38b3
Crazy forceSum in boxOfActin.MyoRod@5c550f00
Crazy forceSum in boxOfActin.MyoRod@6c57616
Crazy forceSum in boxOfActin.MyoRod@16eb3721
Crazy forceSum in boxOfActin.MyoRod@75831eef
Crazy forceSum in boxOfActin.MyoRod@1da2250
Crazy forceSum in boxOfActin.MyoRod@2c0281bb
Crazy forceSum in boxOfActin.MyoRod@631fe925
Crazy forceSum in boxOfActin.MyoRod@e86f7cf
Crazy forceSum in boxOfActin.MyoMiniFilament@2d5e069b
Crazy torqueSum in boxOfActin.MyoMiniFilament@2d5e069b
Crazy forceSum in boxOfActin.MyoRod@27a66deb
Crazy forceSum in boxOfActin.MyoRod@62a4f77b
Crazy forceSum in boxOfActin.MyoRod@3f135f6a
Crazy forceSum in boxOfActin.MyoRod@530cd635
Crazy forceSum in boxOfActin.MyoRod@4751208a
Crazy forceSum in boxOfActin.MyoRod@28b0834
Crazy forceSum in boxOfActin.MyoRod@27c6ef00
Crazy forceSum in boxOfActin.MyoRod@124e38b3
Crazy forceSum in boxOfActin.MyoRod@5c550f00
Crazy forceSum in boxOfActin.MyoRod@6c57616
Crazy forceSum in boxOfActin.MyoRod@16eb3721
Crazy forceSum in boxOfActin.MyoRod@75831eef
Crazy forceSum in boxOfActin.MyoRod@1da2250
Crazy forceSum in boxOfActin.MyoRod@2c0281bb
Crazy forceSum in boxOfActin.MyoRod@631fe925
Crazy forceSum in boxOfActin.MyoRod@e86f7cf
Crazy forceSum in boxOfActin.MyoMiniFilament@2d5e069b
Crazy torqueSum in boxOfActin.MyoMiniFilament@2d5e069b
Crazy forceSum in boxOfActin.MyoRod@27a66deb
Crazy forceSum in boxOfActin.MyoRod@62a4f77b
Crazy forceSum in boxOfActin.MyoRod@3f135f6a
Crazy forceSum in boxOfActin.MyoRod@530cd635
Crazy forceSum in boxOfActin.MyoRod@4751208a
Crazy forceSum in boxOfActin.MyoRod@28b0834
Crazy forceSum in boxOfActin.MyoRod@27c6ef00
Crazy forceSum in boxOfActin.MyoRod@124e38b3
Crazy forceSum in boxOfActin.MyoRod@5c550f00
Crazy forceSum in boxOfActin.MyoRod@6c57616
Crazy forceSum in boxOfActin.MyoRod@16eb3721
Crazy forceSum in boxOfActin.MyoRod@75831eef
Crazy forceSum in boxOfActin.MyoRod@1da2250
Crazy forceSum in boxOfActin.MyoRod@2c0281bb
Crazy forceSum in boxOfActin.MyoRod@631fe925
Crazy forceSum in boxOfActin.MyoRod@e86f7cf
Crazy forceSum in boxOfActin.MyoMiniFilament@2d5e069b
Crazy torqueSum in boxOfActin.MyoMiniFilament@2d5e069b
Crazy forceSum in boxOfActin.MyoRod@27a66deb
Crazy forceSum in boxOfActin.MyoRod@62a4f77b
Crazy forceSum in boxOfActin.MyoRod@3f135f6a
Crazy forceSum in boxOfActin.MyoRod@530cd635
Crazy forceSum in boxOfActin.MyoRod@4751208a
Crazy forceSum in boxOfActin.MyoRod@28b0834
Crazy forceSum in boxOfActin.MyoRod@27c6ef00
Crazy forceSum in boxOfActin.MyoRod@124e38b3
Crazy forceSum in boxOfActin.MyoRod@5c550f00
Crazy forceSum in boxOfActin.MyoRod@6c57616
Crazy forceSum in boxOfActin.MyoRod@16eb3721
Crazy forceSum in boxOfActin.MyoRod@75831eef
Crazy forceSum in boxOfActin.MyoRod@1da2250
Crazy forceSum in boxOfActin.MyoRod@2c0281bb
Crazy forceSum in boxOfActin.MyoRod@631fe925
Crazy forceSum in boxOfActin.MyoRod@e86f7cf
Crazy forceSum in boxOfActin.MyoMiniFilament@2d5e069b
Crazy torqueSum in boxOfActin.MyoMiniFilament@2d5e069b
Crazy forceSum in boxOfActin.MyoRod@27a66deb
Crazy forceSum in boxOfActin.MyoRod@62a4f77b
Crazy forceSum in boxOfActin.MyoRod@3f135f6a
Crazy forceSum in boxOfActin.MyoRod@530cd635
Crazy forceSum in boxOfActin.MyoRod@4751208a
Crazy forceSum in boxOfActin.MyoRod@28b0834
Crazy forceSum in boxOfActin.MyoRod@27c6ef00
Crazy forceSum in boxOfActin.MyoRod@124e38b3
Crazy forceSum in boxOfActin.MyoRod@5c550f00
Crazy forceSum in boxOfActin.MyoRod@6c57616
Crazy forceSum in boxOfActin.MyoRod@16eb3721
Crazy forceSum in boxOfActin.MyoRod@75831eef
Crazy forceSum in boxOfActin.MyoRod@1da2250
Crazy forceSum in boxOfActin.MyoRod@2c0281bb
Crazy forceSum in boxOfActin.MyoRod@631fe925
Crazy forceSum in boxOfActin.MyoRod@e86f7cf
Crazy forceSum in boxOfActin.MyoMiniFilament@2d5e069b
Crazy torqueSum in boxOfActin.MyoMiniFilament@2d5e069b
Crazy forceSum in boxOfActin.MyoRod@27a66deb
Crazy forceSum in boxOfActin.MyoRod@62a4f77b
Crazy forceSum in boxOfActin.MyoRod@3f135f6a
Crazy forceSum in boxOfActin.MyoRod@530cd635
Crazy forceSum in boxOfActin.MyoRod@4751208a
Crazy forceSum in boxOfActin.MyoRod@28b0834
Crazy forceSum in boxOfActin.MyoRod@27c6ef00
Crazy forceSum in boxOfActin.MyoRod@124e38b3
Crazy forceSum in boxOfActin.MyoRod@5c550f00
Crazy forceSum in boxOfActin.MyoRod@6c57616
Crazy forceSum in boxOfActin.MyoRod@16eb3721
Crazy forceSum in boxOfActin.MyoRod@75831eef
Crazy forceSum in boxOfActin.MyoRod@1da2250
Crazy forceSum in boxOfActin.MyoRod@2c0281bb
Crazy forceSum in boxOfActin.MyoRod@631fe925
Crazy forceSum in boxOfActin.MyoRod@e86f7cf
Crazy forceSum in boxOfActin.MyoMiniFilament@2d5e069b
Crazy torqueSum in boxOfActin.MyoMiniFilament@2d5e069b
Crazy forceSum in boxOfActin.MyoRod@27a66deb
Crazy forceSum in boxOfActin.MyoRod@62a4f77b
Crazy forceSum in boxOfActin.MyoRod@3f135f6a
Crazy forceSum in boxOfActin.MyoRod@530cd635
Crazy forceSum in boxOfActin.MyoRod@4751208a
Crazy forceSum in boxOfActin.MyoRod@28b0834
Crazy forceSum in boxOfActin.MyoRod@27c6ef00
Crazy forceSum in boxOfActin.MyoRod@124e38b3
Crazy forceSum in boxOfActin.MyoRod@5c550f00
Crazy forceSum in boxOfActin.MyoRod@6c57616
Crazy forceSum in boxOfActin.MyoRod@16eb3721
Crazy forceSum in boxOfActin.MyoRod@75831eef
Crazy forceSum in boxOfActin.MyoRod@1da2250
Crazy forceSum in boxOfActin.MyoRod@2c0281bb
Crazy forceSum in boxOfActin.MyoRod@631fe925
Crazy forceSum in boxOfActin.MyoRod@e86f7cf
Crazy forceSum in boxOfActin.MyoMiniFilament@2d5e069b
Crazy torqueSum in boxOfActin.MyoMiniFilament@2d5e069b
Crazy forceSum in boxOfActin.MyoRod@27a66deb
Crazy forceSum in boxOfActin.MyoRod@62a4f77b
Crazy forceSum in boxOfActin.MyoRod@3f135f6a
Crazy forceSum in boxOfActin.MyoRod@530cd635
Crazy forceSum in boxOfActin.MyoRod@4751208a
Crazy forceSum in boxOfActin.MyoRod@28b0834
Crazy forceSum in boxOfActin.MyoRod@27c6ef00
Crazy forceSum in boxOfActin.MyoRod@124e38b3
Crazy forceSum in boxOfActin.MyoRod@5c550f00
Crazy forceSum in boxOfActin.MyoRod@6c57616
Crazy forceSum in boxOfActin.MyoRod@16eb3721
Crazy forceSum in boxOfActin.MyoRod@75831eef
Crazy forceSum in boxOfActin.MyoRod@1da2250
Crazy forceSum in boxOfActin.MyoRod@2c0281bb
Crazy forceSum in boxOfActin.MyoRod@631fe925
Crazy forceSum in boxOfActin.MyoRod@e86f7cf
Crazy forceSum in boxOfActin.MyoMiniFilament@2d5e069b
Crazy torqueSum in boxOfActin.MyoMiniFilament@2d5e069b
Crazy forceSum in boxOfActin.MyoRod@27a66deb
Crazy forceSum in boxOfActin.MyoRod@62a4f77b
Crazy forceSum in boxOfActin.MyoRod@3f135f6a
Crazy forceSum in boxOfActin.MyoRod@530cd635
Crazy forceSum in boxOfActin.MyoRod@4751208a
Crazy forceSum in boxOfActin.MyoRod@28b0834
Crazy forceSum in boxOfActin.MyoRod@27c6ef00
Crazy forceSum in boxOfActin.MyoRod@124e38b3
Crazy forceSum in boxOfActin.MyoRod@5c550f00
Crazy forceSum in boxOfActin.MyoRod@6c57616
Crazy forceSum in boxOfActin.MyoRod@16eb3721
Crazy forceSum in boxOfActin.MyoRod@75831eef
Crazy forceSum in boxOfActin.MyoRod@1da2250
Crazy forceSum in boxOfActin.MyoRod@2c0281bb
Crazy forceSum in boxOfActin.MyoRod@631fe925
Crazy forceSum in boxOfActin.MyoRod@e86f7cf
Crazy forceSum in boxOfActin.MyoMiniFilament@2d5e069b
Crazy torqueSum in boxOfActin.MyoMiniFilament@2d5e069b
Crazy forceSum in boxOfActin.MyoRod@27a66deb
Crazy forceSum in boxOfActin.MyoRod@62a4f77b
Crazy forceSum in boxOfActin.MyoRod@3f135f6a
Crazy forceSum in boxOfActin.MyoRod@530cd635
Crazy forceSum in boxOfActin.MyoRod@4751208a
Crazy forceSum in boxOfActin.MyoRod@28b0834
Crazy forceSum in boxOfActin.MyoRod@27c6ef00
Crazy forceSum in boxOfActin.MyoRod@124e38b3
Crazy forceSum in boxOfActin.MyoRod@5c550f00
Crazy forceSum in boxOfActin.MyoRod@6c57616
Crazy forceSum in boxOfActin.MyoRod@16eb3721
Crazy forceSum in boxOfActin.MyoRod@75831eef
Crazy forceSum in boxOfActin.MyoRod@1da2250
Crazy forceSum in boxOfActin.MyoRod@2c0281bb
Crazy forceSum in boxOfActin.MyoRod@631fe925
Crazy forceSum in boxOfActin.MyoRod@e86f7cf
Crazy forceSum in boxOfActin.MyoMiniFilament@2d5e069b
Crazy torqueSum in boxOfActin.MyoMiniFilament@2d5e069b
Crazy forceSum in boxOfActin.MyoRod@27a66deb
Crazy forceSum in boxOfActin.MyoRod@62a4f77b
Crazy forceSum in boxOfActin.MyoRod@3f135f6a
Crazy forceSum in boxOfActin.MyoRod@530cd635
Crazy forceSum in boxOfActin.MyoRod@4751208a
Crazy forceSum in boxOfActin.MyoRod@28b0834
Crazy forceSum in boxOfActin.MyoRod@27c6ef00
Crazy forceSum in boxOfActin.MyoRod@124e38b3
Crazy forceSum in boxOfActin.MyoRod@5c550f00
Crazy forceSum in boxOfActin.MyoRod@6c57616
Crazy forceSum in boxOfActin.MyoRod@16eb3721
Crazy forceSum in boxOfActin.MyoRod@75831eef
Crazy forceSum in boxOfActin.MyoRod@1da2250
Crazy forceSum in boxOfActin.MyoRod@2c0281bb
Crazy forceSum in boxOfActin.MyoRod@631fe925
Crazy forceSum in boxOfActin.MyoRod@e86f7cf
Crazy forceSum in boxOfActin.MyoMiniFilament@2d5e069b
Crazy torqueSum in boxOfActin.MyoMiniFilament@2d5e069b
Crazy forceSum in boxOfActin.MyoRod@27a66deb
Crazy forceSum in boxOfActin.MyoRod@62a4f77b
Crazy forceSum in boxOfActin.MyoRod@3f135f6a
Crazy forceSum in boxOfActin.MyoRod@530cd635
Crazy forceSum in boxOfActin.MyoRod@4751208a
Crazy forceSum in boxOfActin.MyoRod@28b0834
Crazy forceSum in boxOfActin.MyoRod@27c6ef00
Crazy forceSum in boxOfActin.MyoRod@124e38b3
Crazy forceSum in boxOfActin.MyoRod@5c550f00
Crazy forceSum in boxOfActin.MyoRod@6c57616
Crazy forceSum in boxOfActin.MyoRod@16eb3721
Crazy forceSum in boxOfActin.MyoRod@75831eef
Crazy forceSum in boxOfActin.MyoRod@1da2250
Crazy forceSum in boxOfActin.MyoRod@2c0281bb
Crazy forceSum in boxOfActin.MyoRod@631fe925
Crazy forceSum in boxOfActin.MyoRod@e86f7cf
Crazy forceSum in boxOfActin.MyoMiniFilament@2d5e069b
Crazy torqueSum in boxOfActin.MyoMiniFilament@2d5e069b
Crazy forceSum in boxOfActin.MyoRod@27a66deb
Crazy forceSum in boxOfActin.MyoRod@62a4f77b
Crazy forceSum in boxOfActin.MyoRod@3f135f6a
Crazy forceSum in boxOfActin.MyoRod@530cd635
Crazy forceSum in boxOfActin.MyoRod@4751208a
Crazy forceSum in boxOfActin.MyoRod@28b0834
Crazy forceSum in boxOfActin.MyoRod@27c6ef00
Crazy forceSum in boxOfActin.MyoRod@124e38b3
Crazy forceSum in boxOfActin.MyoRod@5c550f00
Crazy forceSum in boxOfActin.MyoRod@6c57616
Crazy forceSum in boxOfActin.MyoRod@16eb3721
Crazy forceSum in boxOfActin.MyoRod@75831eef
Crazy forceSum in boxOfActin.MyoRod@1da2250
Crazy forceSum in boxOfActin.MyoRod@2c0281bb
Crazy forceSum in boxOfActin.MyoRod@631fe925
Crazy forceSum in boxOfActin.MyoRod@e86f7cf
Crazy forceSum in boxOfActin.MyoMiniFilament@2d5e069b
Crazy torqueSum in boxOfActin.MyoMiniFilament@2d5e069b
Crazy forceSum in boxOfActin.MyoRod@27a66deb
Crazy forceSum in boxOfActin.MyoRod@62a4f77b
Crazy forceSum in boxOfActin.MyoRod@3f135f6a
Crazy forceSum in boxOfActin.MyoRod@530cd635
Crazy forceSum in boxOfActin.MyoRod@4751208a
Crazy forceSum in boxOfActin.MyoRod@28b0834
Crazy forceSum in boxOfActin.MyoRod@27c6ef00
Crazy forceSum in boxOfActin.MyoRod@124e38b3
Crazy forceSum in boxOfActin.MyoRod@5c550f00
Crazy forceSum in boxOfActin.MyoRod@6c57616
Crazy forceSum in boxOfActin.MyoRod@16eb3721
Crazy forceSum in boxOfActin.MyoRod@75831eef
Crazy forceSum in boxOfActin.MyoRod@1da2250
Crazy forceSum in boxOfActin.MyoRod@2c0281bb
Crazy forceSum in boxOfActin.MyoRod@631fe925
Crazy forceSum in boxOfActin.MyoRod@e86f7cf
Crazy forceSum in boxOfActin.MyoMiniFilament@2d5e069b
Crazy torqueSum in boxOfActin.MyoMiniFilament@2d5e069b
Crazy forceSum in boxOfActin.MyoRod@27a66deb
Crazy forceSum in boxOfActin.MyoRod@62a4f77b
Crazy forceSum in boxOfActin.MyoRod@3f135f6a
Crazy forceSum in boxOfActin.MyoRod@530cd635
Crazy forceSum in boxOfActin.MyoRod@4751208a
Crazy forceSum in boxOfActin.MyoRod@28b0834
Crazy forceSum in boxOfActin.MyoRod@27c6ef00
Crazy forceSum in boxOfActin.MyoRod@124e38b3
Crazy forceSum in boxOfActin.MyoRod@5c550f00
Crazy forceSum in boxOfActin.MyoRod@6c57616
Crazy forceSum in boxOfActin.MyoRod@16eb3721
Crazy forceSum in boxOfActin.MyoRod@75831eef
Crazy forceSum in boxOfActin.MyoRod@1da2250
Crazy forceSum in boxOfActin.MyoRod@2c0281bb
Crazy forceSum in boxOfActin.MyoRod@631fe925
Crazy forceSum in boxOfActin.MyoRod@e86f7cf
Crazy forceSum in boxOfActin.MyoMiniFilament@2d5e069b
Crazy torqueSum in boxOfActin.MyoMiniFilament@2d5e069b
Crazy forceSum in boxOfActin.MyoRod@27a66deb
Crazy forceSum in boxOfActin.MyoRod@62a4f77b
Crazy forceSum in boxOfActin.MyoRod@3f135f6a
Crazy forceSum in boxOfActin.MyoRod@530cd635
Crazy forceSum in boxOfActin.MyoRod@4751208a
Crazy forceSum in boxOfActin.MyoRod@28b0834
Crazy forceSum in boxOfActin.MyoRod@27c6ef00
Crazy forceSum in boxOfActin.MyoRod@124e38b3
Crazy forceSum in boxOfActin.MyoRod@5c550f00
Crazy forceSum in boxOfActin.MyoRod@6c57616
Crazy forceSum in boxOfActin.MyoRod@16eb3721
Crazy forceSum in boxOfActin.MyoRod@75831eef
Crazy forceSum in boxOfActin.MyoRod@1da2250
Crazy forceSum in boxOfActin.MyoRod@2c0281bb
Crazy forceSum in boxOfActin.MyoRod@631fe925
Crazy forceSum in boxOfActin.MyoRod@e86f7cf
Crazy forceSum in boxOfActin.MyoMiniFilament@2d5e069b
Crazy torqueSum in boxOfActin.MyoMiniFilament@2d5e069b
Crazy forceSum in boxOfActin.MyoRod@27a66deb
Crazy forceSum in boxOfActin.MyoRod@62a4f77b
Crazy forceSum in boxOfActin.MyoRod@3f135f6a
Crazy forceSum in boxOfActin.MyoRod@530cd635
Crazy forceSum in boxOfActin.MyoRod@4751208a
Crazy forceSum in boxOfActin.MyoRod@28b0834
Crazy forceSum in boxOfActin.MyoRod@27c6ef00
Crazy forceSum in boxOfActin.MyoRod@124e38b3
Crazy forceSum in boxOfActin.MyoRod@5c550f00
Crazy forceSum in boxOfActin.MyoRod@6c57616
Crazy forceSum in boxOfActin.MyoRod@16eb3721
Crazy forceSum in boxOfActin.MyoRod@75831eef
Crazy forceSum in boxOfActin.MyoRod@1da2250
Crazy forceSum in boxOfActin.MyoRod@2c0281bb
Crazy forceSum in boxOfActin.MyoRod@631fe925
Crazy forceSum in boxOfActin.MyoRod@e86f7cf
Crazy forceSum in boxOfActin.MyoMiniFilament@2d5e069b
Crazy torqueSum in boxOfActin.MyoMiniFilament@2d5e069b
Crazy forceSum in boxOfActin.MyoRod@27a66deb
Crazy forceSum in boxOfActin.MyoRod@62a4f77b
Crazy forceSum in boxOfActin.MyoRod@3f135f6a
Crazy forceSum in boxOfActin.MyoRod@530cd635
Crazy forceSum in boxOfActin.MyoRod@4751208a
Crazy forceSum in boxOfActin.MyoRod@28b0834
Crazy forceSum in boxOfActin.MyoRod@27c6ef00
Crazy forceSum in boxOfActin.MyoRod@124e38b3
Crazy forceSum in boxOfActin.MyoRod@5c550f00
Crazy forceSum in boxOfActin.MyoRod@6c57616
Crazy forceSum in boxOfActin.MyoRod@16eb3721
Crazy forceSum in boxOfActin.MyoRod@75831eef
Crazy forceSum in boxOfActin.MyoRod@1da2250
Crazy forceSum in boxOfActin.MyoRod@2c0281bb
Crazy forceSum in boxOfActin.MyoRod@631fe925
Crazy forceSum in boxOfActin.MyoRod@e86f7cf
Crazy forceSum in boxOfActin.MyoMiniFilament@2d5e069b
Crazy torqueSum in boxOfActin.MyoMiniFilament@2d5e069b
Crazy forceSum in boxOfActin.MyoRod@27a66deb
Crazy forceSum in boxOfActin.MyoRod@62a4f77b
Crazy forceSum in boxOfActin.MyoRod@3f135f6a
Crazy forceSum in boxOfActin.MyoRod@530cd635
Crazy forceSum in boxOfActin.MyoRod@4751208a
Crazy forceSum in boxOfActin.MyoRod@28b0834
Crazy forceSum in boxOfActin.MyoRod@27c6ef00
Crazy forceSum in boxOfActin.MyoRod@124e38b3
Crazy forceSum in boxOfActin.MyoRod@5c550f00
Crazy forceSum in boxOfActin.MyoRod@6c57616
Crazy forceSum in boxOfActin.MyoRod@16eb3721
Crazy forceSum in boxOfActin.MyoRod@75831eef
Crazy forceSum in boxOfActin.MyoRod@1da2250
Crazy forceSum in boxOfActin.MyoRod@2c0281bb
Crazy forceSum in boxOfActin.MyoRod@631fe925
Crazy forceSum in boxOfActin.MyoRod@e86f7cf
Crazy forceSum in boxOfActin.MyoMiniFilament@2d5e069b
Crazy torqueSum in boxOfActin.MyoMiniFilament@2d5e069b
Crazy forceSum in boxOfActin.MyoRod@27a66deb
Crazy forceSum in boxOfActin.MyoRod@62a4f77b
Crazy forceSum in boxOfActin.MyoRod@3f135f6a
Crazy forceSum in boxOfActin.MyoRod@530cd635
Crazy forceSum in boxOfActin.MyoRod@4751208a
Crazy forceSum in boxOfActin.MyoRod@28b0834
Crazy forceSum in boxOfActin.MyoRod@27c6ef00
Crazy forceSum in boxOfActin.MyoRod@124e38b3
Crazy forceSum in boxOfActin.MyoRod@5c550f00
Crazy forceSum in boxOfActin.MyoRod@6c57616
Crazy forceSum in boxOfActin.MyoRod@16eb3721
Crazy forceSum in boxOfActin.MyoRod@75831eef
Crazy forceSum in boxOfActin.MyoRod@1da2250
Crazy forceSum in boxOfActin.MyoRod@2c0281bb
Crazy forceSum in boxOfActin.MyoRod@631fe925
Crazy forceSum in boxOfActin.MyoRod@e86f7cf
Crazy forceSum in boxOfActin.MyoMiniFilament@2d5e069b
Crazy torqueSum in boxOfActin.MyoMiniFilament@2d5e069b
Crazy forceSum in boxOfActin.MyoRod@27a66deb
Crazy forceSum in boxOfActin.MyoRod@62a4f77b
Crazy forceSum in boxOfActin.MyoRod@3f135f6a
Crazy forceSum in boxOfActin.MyoRod@530cd635
Crazy forceSum in boxOfActin.MyoRod@4751208a
Crazy forceSum in boxOfActin.MyoRod@28b0834
Crazy forceSum in boxOfActin.MyoRod@27c6ef00
Crazy forceSum in boxOfActin.MyoRod@124e38b3
Crazy forceSum in boxOfActin.MyoRod@5c550f00
Crazy forceSum in boxOfActin.MyoRod@6c57616
Crazy forceSum in boxOfActin.MyoRod@16eb3721
Crazy forceSum in boxOfActin.MyoRod@75831eef
Crazy forceSum in boxOfActin.MyoRod@1da2250
Crazy forceSum in boxOfActin.MyoRod@2c0281bb
Crazy forceSum in boxOfActin.MyoRod@631fe925
Crazy forceSum in boxOfActin.MyoRod@e86f7cf
Crazy forceSum in boxOfActin.MyoMiniFilament@2d5e069b
Crazy torqueSum in boxOfActin.MyoMiniFilament@2d5e069b
Crazy forceSum in boxOfActin.MyoRod@27a66deb
Crazy forceSum in boxOfActin.MyoRod@62a4f77b
Crazy forceSum in boxOfActin.MyoRod@3f135f6a
Crazy forceSum in boxOfActin.MyoRod@530cd635
Crazy forceSum in boxOfActin.MyoRod@4751208a
Crazy forceSum in boxOfActin.MyoRod@28b0834
Crazy forceSum in boxOfActin.MyoRod@27c6ef00
Crazy forceSum in boxOfActin.MyoRod@124e38b3
Crazy forceSum in boxOfActin.MyoRod@5c550f00
Crazy forceSum in boxOfActin.MyoRod@6c57616
Crazy forceSum in boxOfActin.MyoRod@16eb3721
Crazy forceSum in boxOfActin.MyoRod@75831eef
Crazy forceSum in boxOfActin.MyoRod@1da2250
Crazy forceSum in boxOfActin.MyoRod@2c0281bb
Crazy forceSum in boxOfActin.MyoRod@631fe925
Crazy forceSum in boxOfActin.MyoRod@e86f7cf
Crazy forceSum in boxOfActin.MyoMiniFilament@2d5e069b
Crazy torqueSum in boxOfActin.MyoMiniFilament@2d5e069b
Crazy forceSum in boxOfActin.MyoRod@27a66deb
Crazy forceSum in boxOfActin.MyoRod@62a4f77b
Crazy forceSum in boxOfActin.MyoRod@3f135f6a
Crazy forceSum in boxOfActin.MyoRod@530cd635
Crazy forceSum in boxOfActin.MyoRod@4751208a
Crazy forceSum in boxOfActin.MyoRod@28b0834
Crazy forceSum in boxOfActin.MyoRod@27c6ef00
Crazy forceSum in boxOfActin.MyoRod@124e38b3
Crazy forceSum in boxOfActin.MyoRod@5c550f00
Crazy forceSum in boxOfActin.MyoRod@6c57616
Crazy forceSum in boxOfActin.MyoRod@16eb3721
Crazy forceSum in boxOfActin.MyoRod@75831eef
Crazy forceSum in boxOfActin.MyoRod@1da2250
Crazy forceSum in boxOfActin.MyoRod@2c0281bb
Crazy forceSum in boxOfActin.MyoRod@631fe925
Crazy forceSum in boxOfActin.MyoRod@e86f7cf
Crazy forceSum in boxOfActin.MyoMiniFilament@2d5e069b
Crazy torqueSum in boxOfActin.MyoMiniFilament@2d5e069b
Crazy forceSum in boxOfActin.MyoRod@27a66deb
Crazy forceSum in boxOfActin.MyoRod@62a4f77b
Crazy forceSum in boxOfActin.MyoRod@3f135f6a
Crazy forceSum in boxOfActin.MyoRod@530cd635
Crazy forceSum in boxOfActin.MyoRod@4751208a
Crazy forceSum in boxOfActin.MyoRod@28b0834
Crazy forceSum in boxOfActin.MyoRod@27c6ef00
Crazy forceSum in boxOfActin.MyoRod@124e38b3
Crazy forceSum in boxOfActin.MyoRod@5c550f00
Crazy forceSum in boxOfActin.MyoRod@6c57616
Crazy forceSum in boxOfActin.MyoRod@16eb3721
Crazy forceSum in boxOfActin.MyoRod@75831eef
Crazy forceSum in boxOfActin.MyoRod@1da2250
Crazy forceSum in boxOfActin.MyoRod@2c0281bb
Crazy forceSum in boxOfActin.MyoRod@631fe925
Crazy forceSum in boxOfActin.MyoRod@e86f7cf
Crazy forceSum in boxOfActin.MyoMiniFilament@2d5e069b
Crazy torqueSum in boxOfActin.MyoMiniFilament@2d5e069b
Crazy forceSum in boxOfActin.MyoRod@27a66deb
Crazy forceSum in boxOfActin.MyoRod@62a4f77b
Crazy forceSum in boxOfActin.MyoRod@3f135f6a
Crazy forceSum in boxOfActin.MyoRod@530cd635
Crazy forceSum in boxOfActin.MyoRod@4751208a
Crazy forceSum in boxOfActin.MyoRod@28b0834
Crazy forceSum in boxOfActin.MyoRod@27c6ef00
Crazy forceSum in boxOfActin.MyoRod@124e38b3
Crazy forceSum in boxOfActin.MyoRod@5c550f00
Crazy forceSum in boxOfActin.MyoRod@6c57616
Crazy forceSum in boxOfActin.MyoRod@16eb3721
Crazy forceSum in boxOfActin.MyoRod@75831eef
Crazy forceSum in boxOfActin.MyoRod@1da2250
Crazy forceSum in boxOfActin.MyoRod@2c0281bb
Crazy forceSum in boxOfActin.MyoRod@631fe925
Crazy forceSum in boxOfActin.MyoRod@e86f7cf
Crazy forceSum in boxOfActin.MyoMiniFilament@2d5e069b
Crazy torqueSum in boxOfActin.MyoMiniFilament@2d5e069b
Crazy forceSum in boxOfActin.MyoRod@27a66deb
Crazy forceSum in boxOfActin.MyoRod@62a4f77b
Crazy forceSum in boxOfActin.MyoRod@3f135f6a
Crazy forceSum in boxOfActin.MyoRod@530cd635
Crazy forceSum in boxOfActin.MyoRod@4751208a
Crazy forceSum in boxOfActin.MyoRod@28b0834
Crazy forceSum in boxOfActin.MyoRod@27c6ef00
Crazy forceSum in boxOfActin.MyoRod@124e38b3
Crazy forceSum in boxOfActin.MyoRod@5c550f00
Crazy forceSum in boxOfActin.MyoRod@6c57616
Crazy forceSum in boxOfActin.MyoRod@16eb3721
Crazy forceSum in boxOfActin.MyoRod@75831eef
Crazy forceSum in boxOfActin.MyoRod@1da2250
Crazy forceSum in boxOfActin.MyoRod@2c0281bb
Crazy forceSum in boxOfActin.MyoRod@631fe925
Crazy forceSum in boxOfActin.MyoRod@e86f7cf
Crazy forceSum in boxOfActin.MyoMiniFilament@2d5e069b
Crazy torqueSum in boxOfActin.MyoMiniFilament@2d5e069b
Crazy forceSum in boxOfActin.MyoRod@27a66deb
Crazy forceSum in boxOfActin.MyoRod@62a4f77b
Crazy forceSum in boxOfActin.MyoRod@3f135f6a
Crazy forceSum in boxOfActin.MyoRod@530cd635
Crazy forceSum in boxOfActin.MyoRod@4751208a
Crazy forceSum in boxOfActin.MyoRod@28b0834
Crazy forceSum in boxOfActin.MyoRod@27c6ef00
Crazy forceSum in boxOfActin.MyoRod@124e38b3
Crazy forceSum in boxOfActin.MyoRod@5c550f00
Crazy forceSum in boxOfActin.MyoRod@6c57616
Crazy forceSum in boxOfActin.MyoRod@16eb3721
Crazy forceSum in boxOfActin.MyoRod@75831eef
Crazy forceSum in boxOfActin.MyoRod@1da2250
Crazy forceSum in boxOfActin.MyoRod@2c0281bb
Crazy forceSum in boxOfActin.MyoRod@631fe925
Crazy forceSum in boxOfActin.MyoRod@e86f7cf
Crazy forceSum in boxOfActin.MyoMiniFilament@2d5e069b
Crazy torqueSum in boxOfActin.MyoMiniFilament@2d5e069b
Crazy forceSum in boxOfActin.MyoRod@27a66deb
Crazy forceSum in boxOfActin.MyoRod@62a4f77b
Crazy forceSum in boxOfActin.MyoRod@3f135f6a
Crazy forceSum in boxOfActin.MyoRod@530cd635
Crazy forceSum in boxOfActin.MyoRod@4751208a
Crazy forceSum in boxOfActin.MyoRod@28b0834
Crazy forceSum in boxOfActin.MyoRod@27c6ef00
Crazy forceSum in boxOfActin.MyoRod@124e38b3
Crazy forceSum in boxOfActin.MyoRod@5c550f00
Crazy forceSum in boxOfActin.MyoRod@6c57616
Crazy forceSum in boxOfActin.MyoRod@16eb3721
Crazy forceSum in boxOfActin.MyoRod@75831eef
Crazy forceSum in boxOfActin.MyoRod@1da2250
Crazy forceSum in boxOfActin.MyoRod@2c0281bb
Crazy forceSum in boxOfActin.MyoRod@631fe925
Crazy forceSum in boxOfActin.MyoRod@e86f7cf
Crazy forceSum in boxOfActin.MyoMiniFilament@2d5e069b
Crazy torqueSum in boxOfActin.MyoMiniFilament@2d5e069b
Crazy forceSum in boxOfActin.MyoRod@27a66deb
Crazy forceSum in boxOfActin.MyoRod@62a4f77b
Crazy forceSum in boxOfActin.MyoRod@3f135f6a
Crazy forceSum in boxOfActin.MyoRod@530cd635
Crazy forceSum in boxOfActin.MyoRod@4751208a
Crazy forceSum in boxOfActin.MyoRod@28b0834
Crazy forceSum in boxOfActin.MyoRod@27c6ef00
Crazy forceSum in boxOfActin.MyoRod@124e38b3
Crazy forceSum in boxOfActin.MyoRod@5c550f00
Crazy forceSum in boxOfActin.MyoRod@6c57616
Crazy forceSum in boxOfActin.MyoRod@16eb3721
Crazy forceSum in boxOfActin.MyoRod@75831eef
Crazy forceSum in boxOfActin.MyoRod@1da2250
Crazy forceSum in boxOfActin.MyoRod@2c0281bb
Crazy forceSum in boxOfActin.MyoRod@631fe925
Crazy forceSum in boxOfActin.MyoRod@e86f7cf
Crazy forceSum in boxOfActin.MyoMiniFilament@2d5e069b
Crazy torqueSum in boxOfActin.MyoMiniFilament@2d5e069b
Crazy forceSum in boxOfActin.MyoRod@27a66deb
Crazy forceSum in boxOfActin.MyoRod@62a4f77b
Crazy forceSum in boxOfActin.MyoRod@3f135f6a
Crazy forceSum in boxOfActin.MyoRod@530cd635
Crazy forceSum in boxOfActin.MyoRod@4751208a
Crazy forceSum in boxOfActin.MyoRod@28b0834
Crazy forceSum in boxOfActin.MyoRod@27c6ef00
Crazy forceSum in boxOfActin.MyoRod@124e38b3
Crazy forceSum in boxOfActin.MyoRod@5c550f00
Crazy forceSum in boxOfActin.MyoRod@6c57616
Crazy forceSum in boxOfActin.MyoRod@16eb3721
Crazy forceSum in boxOfActin.MyoRod@75831eef
Crazy forceSum in boxOfActin.MyoRod@1da2250
Crazy forceSum in boxOfActin.MyoRod@2c0281bb
Crazy forceSum in boxOfActin.MyoRod@631fe925
Crazy forceSum in boxOfActin.MyoRod@e86f7cf
Crazy forceSum in boxOfActin.MyoMiniFilament@2d5e069b
Crazy torqueSum in boxOfActin.MyoMiniFilament@2d5e069b
Crazy forceSum in boxOfActin.MyoRod@27a66deb
Crazy forceSum in boxOfActin.MyoRod@62a4f77b
Crazy forceSum in boxOfActin.MyoRod@3f135f6a
Crazy forceSum in boxOfActin.MyoRod@530cd635
Crazy forceSum in boxOfActin.MyoRod@4751208a
Crazy forceSum in boxOfActin.MyoRod@28b0834
Crazy forceSum in boxOfActin.MyoRod@27c6ef00
Crazy forceSum in boxOfActin.MyoRod@124e38b3
Crazy forceSum in boxOfActin.MyoRod@5c550f00
Crazy forceSum in boxOfActin.MyoRod@6c57616
Crazy forceSum in boxOfActin.MyoRod@16eb3721
Crazy forceSum in boxOfActin.MyoRod@75831eef
Crazy forceSum in boxOfActin.MyoRod@1da2250
Crazy forceSum in boxOfActin.MyoRod@2c0281bb
Crazy forceSum in boxOfActin.MyoRod@631fe925
Crazy forceSum in boxOfActin.MyoRod@e86f7cf
Crazy forceSum in boxOfActin.MyoMiniFilament@2d5e069b
Crazy torqueSum in boxOfActin.MyoMiniFilament@2d5e069b
Crazy forceSum in boxOfActin.MyoRod@27a66deb
Crazy forceSum in boxOfActin.MyoRod@62a4f77b
Crazy forceSum in boxOfActin.MyoRod@3f135f6a
Crazy forceSum in boxOfActin.MyoRod@530cd635
Crazy forceSum in boxOfActin.MyoRod@4751208a
Crazy forceSum in boxOfActin.MyoRod@28b0834
Crazy forceSum in boxOfActin.MyoRod@27c6ef00
Crazy forceSum in boxOfActin.MyoRod@124e38b3
Crazy forceSum in boxOfActin.MyoRod@5c550f00
Crazy forceSum in boxOfActin.MyoRod@6c57616
Crazy forceSum in boxOfActin.MyoRod@16eb3721
Crazy forceSum in boxOfActin.MyoRod@75831eef
Crazy forceSum in boxOfActin.MyoRod@1da2250
Crazy forceSum in boxOfActin.MyoRod@2c0281bb
Crazy forceSum in boxOfActin.MyoRod@631fe925
Crazy forceSum in boxOfActin.MyoRod@e86f7cf
Crazy forceSum in boxOfActin.MyoMiniFilament@2d5e069b
Crazy torqueSum in boxOfActin.MyoMiniFilament@2d5e069b
Crazy forceSum in boxOfActin.MyoRod@27a66deb
Crazy forceSum in boxOfActin.MyoRod@62a4f77b
Crazy forceSum in boxOfActin.MyoRod@3f135f6a
Crazy forceSum in boxOfActin.MyoRod@530cd635
Crazy forceSum in boxOfActin.MyoRod@4751208a
Crazy forceSum in boxOfActin.MyoRod@28b0834
Crazy forceSum in boxOfActin.MyoRod@27c6ef00
Crazy forceSum in boxOfActin.MyoRod@124e38b3
Crazy forceSum in boxOfActin.MyoRod@5c550f00
Crazy forceSum in boxOfActin.MyoRod@6c57616
Crazy forceSum in boxOfActin.MyoRod@16eb3721
Crazy forceSum in boxOfActin.MyoRod@75831eef
Crazy forceSum in boxOfActin.MyoRod@1da2250
Crazy forceSum in boxOfActin.MyoRod@2c0281bb
Crazy forceSum in boxOfActin.MyoRod@631fe925
Crazy forceSum in boxOfActin.MyoRod@e86f7cf
Crazy forceSum in boxOfActin.MyoMiniFilament@2d5e069b
Crazy torqueSum in boxOfActin.MyoMiniFilament@2d5e069b
Crazy forceSum in boxOfActin.MyoRod@27a66deb
Crazy forceSum in boxOfActin.MyoRod@62a4f77b
Crazy forceSum in boxOfActin.MyoRod@3f135f6a
Crazy forceSum in boxOfActin.MyoRod@530cd635
Crazy forceSum in boxOfActin.MyoRod@4751208a
Crazy forceSum in boxOfActin.MyoRod@28b0834
Crazy forceSum in boxOfActin.MyoRod@27c6ef00
Crazy forceSum in boxOfActin.MyoRod@124e38b3
Crazy forceSum in boxOfActin.MyoRod@5c550f00
Crazy forceSum in boxOfActin.MyoRod@6c57616
Crazy forceSum in boxOfActin.MyoRod@16eb3721
Crazy forceSum in boxOfActin.MyoRod@75831eef
Crazy forceSum in boxOfActin.MyoRod@1da2250
Crazy forceSum in boxOfActin.MyoRod@2c0281bb
Crazy forceSum in boxOfActin.MyoRod@631fe925
Crazy forceSum in boxOfActin.MyoRod@e86f7cf
Crazy forceSum in boxOfActin.MyoMiniFilament@2d5e069b
Crazy torqueSum in boxOfActin.MyoMiniFilament@2d5e069b
Crazy forceSum in boxOfActin.MyoRod@27a66deb
Crazy forceSum in boxOfActin.MyoRod@62a4f77b
Crazy forceSum in boxOfActin.MyoRod@3f135f6a
Crazy forceSum in boxOfActin.MyoRod@530cd635
Crazy forceSum in boxOfActin.MyoRod@4751208a
Crazy forceSum in boxOfActin.MyoRod@28b0834
Crazy forceSum in boxOfActin.MyoRod@27c6ef00
Crazy forceSum in boxOfActin.MyoRod@124e38b3
Crazy forceSum in boxOfActin.MyoRod@5c550f00
Crazy forceSum in boxOfActin.MyoRod@6c57616
Crazy forceSum in boxOfActin.MyoRod@16eb3721
Crazy forceSum in boxOfActin.MyoRod@75831eef
Crazy forceSum in boxOfActin.MyoRod@1da2250
Crazy forceSum in boxOfActin.MyoRod@2c0281bb
Crazy forceSum in boxOfActin.MyoRod@631fe925
Crazy forceSum in boxOfActin.MyoRod@e86f7cf
Crazy forceSum in boxOfActin.MyoMiniFilament@2d5e069b
Crazy torqueSum in boxOfActin.MyoMiniFilament@2d5e069b
Crazy forceSum in boxOfActin.MyoRod@27a66deb
Crazy forceSum in boxOfActin.MyoRod@62a4f77b
Crazy forceSum in boxOfActin.MyoRod@3f135f6a
Crazy forceSum in boxOfActin.MyoRod@530cd635
Crazy forceSum in boxOfActin.MyoRod@4751208a
Crazy forceSum in boxOfActin.MyoRod@28b0834
Crazy forceSum in boxOfActin.MyoRod@27c6ef00
Crazy forceSum in boxOfActin.MyoRod@124e38b3
Crazy forceSum in boxOfActin.MyoRod@5c550f00
Crazy forceSum in boxOfActin.MyoRod@6c57616
Crazy forceSum in boxOfActin.MyoRod@16eb3721
Crazy forceSum in boxOfActin.MyoRod@75831eef
Crazy forceSum in boxOfActin.MyoRod@1da2250
Crazy forceSum in boxOfActin.MyoRod@2c0281bb
Crazy forceSum in boxOfActin.MyoRod@631fe925
Crazy forceSum in boxOfActin.MyoRod@e86f7cf
Crazy forceSum in boxOfActin.MyoMiniFilament@2d5e069b
Crazy torqueSum in boxOfActin.MyoMiniFilament@2d5e069b
Crazy forceSum in boxOfActin.MyoRod@27a66deb
Crazy forceSum in boxOfActin.MyoRod@62a4f77b
Crazy forceSum in boxOfActin.MyoRod@3f135f6a
Crazy forceSum in boxOfActin.MyoRod@530cd635
Crazy forceSum in boxOfActin.MyoRod@4751208a
Crazy forceSum in boxOfActin.MyoRod@28b0834
Crazy forceSum in boxOfActin.MyoRod@27c6ef00
Crazy forceSum in boxOfActin.MyoRod@124e38b3
Crazy forceSum in boxOfActin.MyoRod@5c550f00
Crazy forceSum in boxOfActin.MyoRod@6c57616
Crazy forceSum in boxOfActin.MyoRod@16eb3721
Crazy forceSum in boxOfActin.MyoRod@75831eef
Crazy forceSum in boxOfActin.MyoRod@1da2250
Crazy forceSum in boxOfActin.MyoRod@2c0281bb
Crazy forceSum in boxOfActin.MyoRod@631fe925
Crazy forceSum in boxOfActin.MyoRod@e86f7cf
Crazy forceSum in boxOfActin.MyoMiniFilament@2d5e069b
Crazy torqueSum in boxOfActin.MyoMiniFilament@2d5e069b
Crazy forceSum in boxOfActin.MyoRod@27a66deb
Crazy forceSum in boxOfActin.MyoRod@62a4f77b
Crazy forceSum in boxOfActin.MyoRod@3f135f6a
Crazy forceSum in boxOfActin.MyoRod@530cd635
Crazy forceSum in boxOfActin.MyoRod@4751208a
Crazy forceSum in boxOfActin.MyoRod@28b0834
Crazy forceSum in boxOfActin.MyoRod@27c6ef00
Crazy forceSum in boxOfActin.MyoRod@124e38b3
Crazy forceSum in boxOfActin.MyoRod@5c550f00
Crazy forceSum in boxOfActin.MyoRod@6c57616
Crazy forceSum in boxOfActin.MyoRod@16eb3721
Crazy forceSum in boxOfActin.MyoRod@75831eef
Crazy forceSum in boxOfActin.MyoRod@1da2250
Crazy forceSum in boxOfActin.MyoRod@2c0281bb
Crazy forceSum in boxOfActin.MyoRod@631fe925
Crazy forceSum in boxOfActin.MyoRod@e86f7cf
Crazy forceSum in boxOfActin.MyoMiniFilament@2d5e069b
Crazy torqueSum in boxOfActin.MyoMiniFilament@2d5e069b
Crazy forceSum in boxOfActin.MyoRod@27a66deb
Crazy forceSum in boxOfActin.MyoRod@62a4f77b
Crazy forceSum in boxOfActin.MyoRod@3f135f6a
Crazy forceSum in boxOfActin.MyoRod@530cd635
Crazy forceSum in boxOfActin.MyoRod@4751208a
Crazy forceSum in boxOfActin.MyoRod@28b0834
Crazy forceSum in boxOfActin.MyoRod@27c6ef00
Crazy forceSum in boxOfActin.MyoRod@124e38b3
Crazy forceSum in boxOfActin.MyoRod@5c550f00
Crazy forceSum in boxOfActin.MyoRod@6c57616
Crazy forceSum in boxOfActin.MyoRod@16eb3721
Crazy forceSum in boxOfActin.MyoRod@75831eef
Crazy forceSum in boxOfActin.MyoRod@1da2250
Crazy forceSum in boxOfActin.MyoRod@2c0281bb
Crazy forceSum in boxOfActin.MyoRod@631fe925
Crazy forceSum in boxOfActin.MyoRod@e86f7cf
Crazy forceSum in boxOfActin.MyoMiniFilament@2d5e069b
Crazy torqueSum in boxOfActin.MyoMiniFilament@2d5e069b
Crazy forceSum in boxOfActin.MyoRod@27a66deb
Crazy forceSum in boxOfActin.MyoRod@62a4f77b
Crazy forceSum in boxOfActin.MyoRod@3f135f6a
Crazy forceSum in boxOfActin.MyoRod@530cd635
Crazy forceSum in boxOfActin.MyoRod@4751208a
Crazy forceSum in boxOfActin.MyoRod@28b0834
Crazy forceSum in boxOfActin.MyoRod@27c6ef00
Crazy forceSum in boxOfActin.MyoRod@124e38b3
Crazy forceSum in boxOfActin.MyoRod@5c550f00
Crazy forceSum in boxOfActin.MyoRod@6c57616
Crazy forceSum in boxOfActin.MyoRod@16eb3721
Crazy forceSum in boxOfActin.MyoRod@75831eef
Crazy forceSum in boxOfActin.MyoRod@1da2250
Crazy forceSum in boxOfActin.MyoRod@2c0281bb
Crazy forceSum in boxOfActin.MyoRod@631fe925
Crazy forceSum in boxOfActin.MyoRod@e86f7cf
Crazy forceSum in boxOfActin.MyoMiniFilament@2d5e069b
Crazy torqueSum in boxOfActin.MyoMiniFilament@2d5e069b
Crazy forceSum in boxOfActin.MyoRod@27a66deb
Crazy forceSum in boxOfActin.MyoRod@62a4f77b
Crazy forceSum in boxOfActin.MyoRod@3f135f6a
Crazy forceSum in boxOfActin.MyoRod@530cd635
Crazy forceSum in boxOfActin.MyoRod@4751208a
Crazy forceSum in boxOfActin.MyoRod@28b0834
Crazy forceSum in boxOfActin.MyoRod@27c6ef00
Crazy forceSum in boxOfActin.MyoRod@124e38b3
Crazy forceSum in boxOfActin.MyoRod@5c550f00
Crazy forceSum in boxOfActin.MyoRod@6c57616
Crazy forceSum in boxOfActin.MyoRod@16eb3721
Crazy forceSum in boxOfActin.MyoRod@75831eef
Crazy forceSum in boxOfActin.MyoRod@1da2250
Crazy forceSum in boxOfActin.MyoRod@2c0281bb
Crazy forceSum in boxOfActin.MyoRod@631fe925
Crazy forceSum in boxOfActin.MyoRod@e86f7cf
Crazy forceSum in boxOfActin.MyoMiniFilament@2d5e069b
Crazy torqueSum in boxOfActin.MyoMiniFilament@2d5e069b
Crazy forceSum in boxOfActin.MyoRod@27a66deb
Crazy forceSum in boxOfActin.MyoRod@62a4f77b
Crazy forceSum in boxOfActin.MyoRod@3f135f6a
Crazy forceSum in boxOfActin.MyoRod@530cd635
Crazy forceSum in boxOfActin.MyoRod@4751208a
Crazy forceSum in boxOfActin.MyoRod@28b0834
Crazy forceSum in boxOfActin.MyoRod@27c6ef00
Crazy forceSum in boxOfActin.MyoRod@124e38b3
Crazy forceSum in boxOfActin.MyoRod@5c550f00
Crazy forceSum in boxOfActin.MyoRod@6c57616
Crazy forceSum in boxOfActin.MyoRod@16eb3721
Crazy forceSum in boxOfActin.MyoRod@75831eef
Crazy forceSum in boxOfActin.MyoRod@1da2250
Crazy forceSum in boxOfActin.MyoRod@2c0281bb
Crazy forceSum in boxOfActin.MyoRod@631fe925
Crazy forceSum in boxOfActin.MyoRod@e86f7cf
Crazy forceSum in boxOfActin.MyoMiniFilament@2d5e069b
Crazy torqueSum in boxOfActin.MyoMiniFilament@2d5e069b
Crazy forceSum in boxOfActin.MyoRod@27a66deb
Crazy forceSum in boxOfActin.MyoRod@62a4f77b
Crazy forceSum in boxOfActin.MyoRod@3f135f6a
Crazy forceSum in boxOfActin.MyoRod@530cd635
Crazy forceSum in boxOfActin.MyoRod@4751208a
Crazy forceSum in boxOfActin.MyoRod@28b0834
Crazy forceSum in boxOfActin.MyoRod@27c6ef00
Crazy forceSum in boxOfActin.MyoRod@124e38b3
Crazy forceSum in boxOfActin.MyoRod@5c550f00
Crazy forceSum in boxOfActin.MyoRod@6c57616
Crazy forceSum in boxOfActin.MyoRod@16eb3721
Crazy forceSum in boxOfActin.MyoRod@75831eef
Crazy forceSum in boxOfActin.MyoRod@1da2250
Crazy forceSum in boxOfActin.MyoRod@2c0281bb
Crazy forceSum in boxOfActin.MyoRod@631fe925
Crazy forceSum in boxOfActin.MyoRod@e86f7cf
Crazy forceSum in boxOfActin.MyoMiniFilament@2d5e069b
Crazy torqueSum in boxOfActin.MyoMiniFilament@2d5e069b
Crazy forceSum in boxOfActin.MyoRod@27a66deb
Crazy forceSum in boxOfActin.MyoRod@62a4f77b
Crazy forceSum in boxOfActin.MyoRod@3f135f6a
Crazy forceSum in boxOfActin.MyoRod@530cd635
Crazy forceSum in boxOfActin.MyoRod@4751208a
Crazy forceSum in boxOfActin.MyoRod@28b0834
Crazy forceSum in boxOfActin.MyoRod@27c6ef00
Crazy forceSum in boxOfActin.MyoRod@124e38b3
Crazy forceSum in boxOfActin.MyoRod@5c550f00
Crazy forceSum in boxOfActin.MyoRod@6c57616
Crazy forceSum in boxOfActin.MyoRod@16eb3721
Crazy forceSum in boxOfActin.MyoRod@75831eef
Crazy forceSum in boxOfActin.MyoRod@1da2250
Crazy forceSum in boxOfActin.MyoRod@2c0281bb
Crazy forceSum in boxOfActin.MyoRod@631fe925
Crazy forceSum in boxOfActin.MyoRod@e86f7cf
Crazy forceSum in boxOfActin.MyoMiniFilament@2d5e069b
Crazy torqueSum in boxOfActin.MyoMiniFilament@2d5e069b
Crazy forceSum in boxOfActin.MyoRod@27a66deb
Crazy forceSum in boxOfActin.MyoRod@62a4f77b
Crazy forceSum in boxOfActin.MyoRod@3f135f6a
Crazy forceSum in boxOfActin.MyoRod@530cd635
Crazy forceSum in boxOfActin.MyoRod@4751208a
Crazy forceSum in boxOfActin.MyoRod@28b0834
Crazy forceSum in boxOfActin.MyoRod@27c6ef00
Crazy forceSum in boxOfActin.MyoRod@124e38b3
Crazy forceSum in boxOfActin.MyoRod@5c550f00
Crazy forceSum in boxOfActin.MyoRod@6c57616
Crazy forceSum in boxOfActin.MyoRod@16eb3721
Crazy forceSum in boxOfActin.MyoRod@75831eef
Crazy forceSum in boxOfActin.MyoRod@1da2250
Crazy forceSum in boxOfActin.MyoRod@2c0281bb
Crazy forceSum in boxOfActin.MyoRod@631fe925
Crazy forceSum in boxOfActin.MyoRod@e86f7cf
Crazy forceSum in boxOfActin.MyoMiniFilament@2d5e069b
Crazy torqueSum in boxOfActin.MyoMiniFilament@2d5e069b
Crazy forceSum in boxOfActin.MyoRod@27a66deb
Crazy forceSum in boxOfActin.MyoRod@62a4f77b
Crazy forceSum in boxOfActin.MyoRod@3f135f6a
Crazy forceSum in boxOfActin.MyoRod@530cd635
Crazy forceSum in boxOfActin.MyoRod@4751208a
Crazy forceSum in boxOfActin.MyoRod@28b0834
Crazy forceSum in boxOfActin.MyoRod@27c6ef00
Crazy forceSum in boxOfActin.MyoRod@124e38b3
Crazy forceSum in boxOfActin.MyoRod@5c550f00
Crazy forceSum in boxOfActin.MyoRod@6c57616
Crazy forceSum in boxOfActin.MyoRod@16eb3721
Crazy forceSum in boxOfActin.MyoRod@75831eef
Crazy forceSum in boxOfActin.MyoRod@1da2250
Crazy forceSum in boxOfActin.MyoRod@2c0281bb
Crazy forceSum in boxOfActin.MyoRod@631fe925
Crazy forceSum in boxOfActin.MyoRod@e86f7cf
Crazy forceSum in boxOfActin.MyoMiniFilament@2d5e069b
Crazy torqueSum in boxOfActin.MyoMiniFilament@2d5e069b
Crazy forceSum in boxOfActin.MyoRod@27a66deb
Crazy forceSum in boxOfActin.MyoRod@62a4f77b
Crazy forceSum in boxOfActin.MyoRod@3f135f6a
Crazy forceSum in boxOfActin.MyoRod@530cd635
Crazy forceSum in boxOfActin.MyoRod@4751208a
Crazy forceSum in boxOfActin.MyoRod@28b0834
Crazy forceSum in boxOfActin.MyoRod@27c6ef00
Crazy forceSum in boxOfActin.MyoRod@124e38b3
Crazy forceSum in boxOfActin.MyoRod@5c550f00
Crazy forceSum in boxOfActin.MyoRod@6c57616
Crazy forceSum in boxOfActin.MyoRod@16eb3721
Crazy forceSum in boxOfActin.MyoRod@75831eef
Crazy forceSum in boxOfActin.MyoRod@1da2250
Crazy forceSum in boxOfActin.MyoRod@2c0281bb
Crazy forceSum in boxOfActin.MyoRod@631fe925
Crazy forceSum in boxOfActin.MyoRod@e86f7cf
Crazy forceSum in boxOfActin.MyoMiniFilament@2d5e069b
Crazy torqueSum in boxOfActin.MyoMiniFilament@2d5e069b
Crazy forceSum in boxOfActin.MyoRod@27a66deb
Crazy forceSum in boxOfActin.MyoRod@62a4f77b
Crazy forceSum in boxOfActin.MyoRod@3f135f6a
Crazy forceSum in boxOfActin.MyoRod@530cd635
Crazy forceSum in boxOfActin.MyoRod@4751208a
Crazy forceSum in boxOfActin.MyoRod@28b0834
Crazy forceSum in boxOfActin.MyoRod@27c6ef00
Crazy forceSum in boxOfActin.MyoRod@124e38b3
Crazy forceSum in boxOfActin.MyoRod@5c550f00
Crazy forceSum in boxOfActin.MyoRod@6c57616
Crazy forceSum in boxOfActin.MyoRod@16eb3721
Crazy forceSum in boxOfActin.MyoRod@75831eef
Crazy forceSum in boxOfActin.MyoRod@1da2250
Crazy forceSum in boxOfActin.MyoRod@2c0281bb
Crazy forceSum in boxOfActin.MyoRod@631fe925
Crazy forceSum in boxOfActin.MyoRod@e86f7cf
Crazy forceSum in boxOfActin.MyoMiniFilament@2d5e069b
Crazy torqueSum in boxOfActin.MyoMiniFilament@2d5e069b
Crazy forceSum in boxOfActin.MyoRod@27a66deb
Crazy forceSum in boxOfActin.MyoRod@62a4f77b
Crazy forceSum in boxOfActin.MyoRod@3f135f6a
Crazy forceSum in boxOfActin.MyoRod@530cd635
Crazy forceSum in boxOfActin.MyoRod@4751208a
Crazy forceSum in boxOfActin.MyoRod@28b0834
Crazy forceSum in boxOfActin.MyoRod@27c6ef00
Crazy forceSum in boxOfActin.MyoRod@124e38b3
Crazy forceSum in boxOfActin.MyoRod@5c550f00
Crazy forceSum in boxOfActin.MyoRod@6c57616
Crazy forceSum in boxOfActin.MyoRod@16eb3721
Crazy forceSum in boxOfActin.MyoRod@75831eef
Crazy forceSum in boxOfActin.MyoRod@1da2250
Crazy forceSum in boxOfActin.MyoRod@2c0281bb
Crazy forceSum in boxOfActin.MyoRod@631fe925
Crazy forceSum in boxOfActin.MyoRod@e86f7cf
Crazy forceSum in boxOfActin.MyoMiniFilament@2d5e069b
Crazy torqueSum in boxOfActin.MyoMiniFilament@2d5e069b
Crazy forceSum in boxOfActin.MyoRod@27a66deb
Crazy forceSum in boxOfActin.MyoRod@62a4f77b
Crazy forceSum in boxOfActin.MyoRod@3f135f6a
Crazy forceSum in boxOfActin.MyoRod@530cd635
Crazy forceSum in boxOfActin.MyoRod@4751208a
Crazy forceSum in boxOfActin.MyoRod@28b0834
Crazy forceSum in boxOfActin.MyoRod@27c6ef00
Crazy forceSum in boxOfActin.MyoRod@124e38b3
Crazy forceSum in boxOfActin.MyoRod@5c550f00
Crazy forceSum in boxOfActin.MyoRod@6c57616
Crazy forceSum in boxOfActin.MyoRod@16eb3721
Crazy forceSum in boxOfActin.MyoRod@75831eef
Crazy forceSum in boxOfActin.MyoRod@1da2250
Crazy forceSum in boxOfActin.MyoRod@2c0281bb
Crazy forceSum in boxOfActin.MyoRod@631fe925
Crazy forceSum in boxOfActin.MyoRod@e86f7cf
Crazy forceSum in boxOfActin.MyoMiniFilament@2d5e069b
Crazy torqueSum in boxOfActin.MyoMiniFilament@2d5e069b
Crazy forceSum in boxOfActin.MyoRod@27a66deb
Crazy forceSum in boxOfActin.MyoRod@62a4f77b
Crazy forceSum in boxOfActin.MyoRod@3f135f6a
Crazy forceSum in boxOfActin.MyoRod@530cd635
Crazy forceSum in boxOfActin.MyoRod@4751208a
Crazy forceSum in boxOfActin.MyoRod@28b0834
Crazy forceSum in boxOfActin.MyoRod@27c6ef00
Crazy forceSum in boxOfActin.MyoRod@124e38b3
Crazy forceSum in boxOfActin.MyoRod@5c550f00
Crazy forceSum in boxOfActin.MyoRod@6c57616
Crazy forceSum in boxOfActin.MyoRod@16eb3721
Crazy forceSum in boxOfActin.MyoRod@75831eef
Crazy forceSum in boxOfActin.MyoRod@1da2250
Crazy forceSum in boxOfActin.MyoRod@2c0281bb
Crazy forceSum in boxOfActin.MyoRod@631fe925
Crazy forceSum in boxOfActin.MyoRod@e86f7cf
Crazy forceSum in boxOfActin.MyoMiniFilament@2d5e069b
Crazy torqueSum in boxOfActin.MyoMiniFilament@2d5e069b
Crazy forceSum in boxOfActin.MyoRod@27a66deb
Crazy forceSum in boxOfActin.MyoRod@62a4f77b
Crazy forceSum in boxOfActin.MyoRod@3f135f6a
Crazy forceSum in boxOfActin.MyoRod@530cd635
Crazy forceSum in boxOfActin.MyoRod@4751208a
Crazy forceSum in boxOfActin.MyoRod@28b0834
Crazy forceSum in boxOfActin.MyoRod@27c6ef00
Crazy forceSum in boxOfActin.MyoRod@124e38b3
Crazy forceSum in boxOfActin.MyoRod@5c550f00
Crazy forceSum in boxOfActin.MyoRod@6c57616
Crazy forceSum in boxOfActin.MyoRod@16eb3721
Crazy forceSum in boxOfActin.MyoRod@75831eef
Crazy forceSum in boxOfActin.MyoRod@1da2250
Crazy forceSum in boxOfActin.MyoRod@2c0281bb
Crazy forceSum in boxOfActin.MyoRod@631fe925
Crazy forceSum in boxOfActin.MyoRod@e86f7cf
Crazy forceSum in boxOfActin.MyoMiniFilament@2d5e069b
Crazy torqueSum in boxOfActin.MyoMiniFilament@2d5e069b
Crazy forceSum in boxOfActin.MyoRod@27a66deb
Crazy forceSum in boxOfActin.MyoRod@62a4f77b
Crazy forceSum in boxOfActin.MyoRod@3f135f6a
Crazy forceSum in boxOfActin.MyoRod@530cd635
Crazy forceSum in boxOfActin.MyoRod@4751208a
Crazy forceSum in boxOfActin.MyoRod@28b0834
Crazy forceSum in boxOfActin.MyoRod@27c6ef00
Crazy forceSum in boxOfActin.MyoRod@124e38b3
Crazy forceSum in boxOfActin.MyoRod@5c550f00
Crazy forceSum in boxOfActin.MyoRod@6c57616
Crazy forceSum in boxOfActin.MyoRod@16eb3721
Crazy forceSum in boxOfActin.MyoRod@75831eef
Crazy forceSum in boxOfActin.MyoRod@1da2250
Crazy forceSum in boxOfActin.MyoRod@2c0281bb
Crazy forceSum in boxOfActin.MyoRod@631fe925
Crazy forceSum in boxOfActin.MyoRod@e86f7cf
Crazy forceSum in boxOfActin.MyoMiniFilament@2d5e069b
Crazy torqueSum in boxOfActin.MyoMiniFilament@2d5e069b
Crazy forceSum in boxOfActin.MyoRod@27a66deb
Crazy forceSum in boxOfActin.MyoRod@62a4f77b
Crazy forceSum in boxOfActin.MyoRod@3f135f6a
Crazy forceSum in boxOfActin.MyoRod@530cd635
Crazy forceSum in boxOfActin.MyoRod@4751208a
Crazy forceSum in boxOfActin.MyoRod@28b0834
Crazy forceSum in boxOfActin.MyoRod@27c6ef00
Crazy forceSum in boxOfActin.MyoRod@124e38b3
Crazy forceSum in boxOfActin.MyoRod@5c550f00
Crazy forceSum in boxOfActin.MyoRod@6c57616
Crazy forceSum in boxOfActin.MyoRod@16eb3721
Crazy forceSum in boxOfActin.MyoRod@75831eef
Crazy forceSum in boxOfActin.MyoRod@1da2250
Crazy forceSum in boxOfActin.MyoRod@2c0281bb
Crazy forceSum in boxOfActin.MyoRod@631fe925
Crazy forceSum in boxOfActin.MyoRod@e86f7cf
Crazy forceSum in boxOfActin.MyoMiniFilament@2d5e069b
Crazy torqueSum in boxOfActin.MyoMiniFilament@2d5e069b
Crazy forceSum in boxOfActin.MyoRod@27a66deb
Crazy forceSum in boxOfActin.MyoRod@62a4f77b
Crazy forceSum in boxOfActin.MyoRod@3f135f6a
Crazy forceSum in boxOfActin.MyoRod@530cd635
Crazy forceSum in boxOfActin.MyoRod@4751208a
Crazy forceSum in boxOfActin.MyoRod@28b0834
Crazy forceSum in boxOfActin.MyoRod@27c6ef00
Crazy forceSum in boxOfActin.MyoRod@124e38b3
Crazy forceSum in boxOfActin.MyoRod@5c550f00
Crazy forceSum in boxOfActin.MyoRod@6c57616
Crazy forceSum in boxOfActin.MyoRod@16eb3721
Crazy forceSum in boxOfActin.MyoRod@75831eef
Crazy forceSum in boxOfActin.MyoRod@1da2250
Crazy forceSum in boxOfActin.MyoRod@2c0281bb
Crazy forceSum in boxOfActin.MyoRod@631fe925
Crazy forceSum in boxOfActin.MyoRod@e86f7cf
Crazy forceSum in boxOfActin.MyoMiniFilament@2d5e069b
Crazy torqueSum in boxOfActin.MyoMiniFilament@2d5e069b
Crazy forceSum in boxOfActin.MyoRod@27a66deb
Crazy forceSum in boxOfActin.MyoRod@62a4f77b
Crazy forceSum in boxOfActin.MyoRod@3f135f6a
Crazy forceSum in boxOfActin.MyoRod@530cd635
Crazy forceSum in boxOfActin.MyoRod@4751208a
Crazy forceSum in boxOfActin.MyoRod@28b0834
Crazy forceSum in boxOfActin.MyoRod@27c6ef00
Crazy forceSum in boxOfActin.MyoRod@124e38b3
Crazy forceSum in boxOfActin.MyoRod@5c550f00
Crazy forceSum in boxOfActin.MyoRod@6c57616
Crazy forceSum in boxOfActin.MyoRod@16eb3721
Crazy forceSum in boxOfActin.MyoRod@75831eef
Crazy forceSum in boxOfActin.MyoRod@1da2250
Crazy forceSum in boxOfActin.MyoRod@2c0281bb
Crazy forceSum in boxOfActin.MyoRod@631fe925
Crazy forceSum in boxOfActin.MyoRod@e86f7cf
Crazy forceSum in boxOfActin.MyoMiniFilament@2d5e069b
Crazy torqueSum in boxOfActin.MyoMiniFilament@2d5e069b
Crazy forceSum in boxOfActin.MyoRod@27a66deb
Crazy forceSum in boxOfActin.MyoRod@62a4f77b
Crazy forceSum in boxOfActin.MyoRod@3f135f6a
Crazy forceSum in boxOfActin.MyoRod@530cd635
Crazy forceSum in boxOfActin.MyoRod@4751208a
Crazy forceSum in boxOfActin.MyoRod@28b0834
Crazy forceSum in boxOfActin.MyoRod@27c6ef00
Crazy forceSum in boxOfActin.MyoRod@124e38b3
Crazy forceSum in boxOfActin.MyoRod@5c550f00
Crazy forceSum in boxOfActin.MyoRod@6c57616
Crazy forceSum in boxOfActin.MyoRod@16eb3721
Crazy forceSum in boxOfActin.MyoRod@75831eef
Crazy forceSum in boxOfActin.MyoRod@1da2250
Crazy forceSum in boxOfActin.MyoRod@2c0281bb
Crazy forceSum in boxOfActin.MyoRod@631fe925
Crazy forceSum in boxOfActin.MyoRod@e86f7cf
Crazy forceSum in boxOfActin.MyoMiniFilament@2d5e069b
Crazy torqueSum in boxOfActin.MyoMiniFilament@2d5e069b
Crazy forceSum in boxOfActin.MyoRod@27a66deb
Crazy forceSum in boxOfActin.MyoRod@62a4f77b
Crazy forceSum in boxOfActin.MyoRod@3f135f6a
Crazy forceSum in boxOfActin.MyoRod@530cd635
Crazy forceSum in boxOfActin.MyoRod@4751208a
Crazy forceSum in boxOfActin.MyoRod@28b0834
Crazy forceSum in boxOfActin.MyoRod@27c6ef00
Crazy forceSum in boxOfActin.MyoRod@124e38b3
Crazy forceSum in boxOfActin.MyoRod@5c550f00
Crazy forceSum in boxOfActin.MyoRod@6c57616
Crazy forceSum in boxOfActin.MyoRod@16eb3721
Crazy forceSum in boxOfActin.MyoRod@75831eef
Crazy forceSum in boxOfActin.MyoRod@1da2250
Crazy forceSum in boxOfActin.MyoRod@2c0281bb
Crazy forceSum in boxOfActin.MyoRod@631fe925
Crazy forceSum in boxOfActin.MyoRod@e86f7cf
Crazy forceSum in boxOfActin.MyoMiniFilament@2d5e069b
Crazy torqueSum in boxOfActin.MyoMiniFilament@2d5e069b
Crazy forceSum in boxOfActin.MyoRod@27a66deb
Crazy forceSum in boxOfActin.MyoRod@62a4f77b
Crazy forceSum in boxOfActin.MyoRod@3f135f6a
Crazy forceSum in boxOfActin.MyoRod@530cd635
Crazy forceSum in boxOfActin.MyoRod@4751208a
Crazy forceSum in boxOfActin.MyoRod@28b0834
Crazy forceSum in boxOfActin.MyoRod@27c6ef00
Crazy forceSum in boxOfActin.MyoRod@124e38b3
Crazy forceSum in boxOfActin.MyoRod@5c550f00
Crazy forceSum in boxOfActin.MyoRod@6c57616
Crazy forceSum in boxOfActin.MyoRod@16eb3721
Crazy forceSum in boxOfActin.MyoRod@75831eef
Crazy forceSum in boxOfActin.MyoRod@1da2250
Crazy forceSum in boxOfActin.MyoRod@2c0281bb
Crazy forceSum in boxOfActin.MyoRod@631fe925
Crazy forceSum in boxOfActin.MyoRod@e86f7cf
Crazy forceSum in boxOfActin.MyoMiniFilament@2d5e069b
Crazy torqueSum in boxOfActin.MyoMiniFilament@2d5e069b
Crazy forceSum in boxOfActin.MyoRod@27a66deb
Crazy forceSum in boxOfActin.MyoRod@62a4f77b
Crazy forceSum in boxOfActin.MyoRod@3f135f6a
Crazy forceSum in boxOfActin.MyoRod@530cd635
Crazy forceSum in boxOfActin.MyoRod@4751208a
Crazy forceSum in boxOfActin.MyoRod@28b0834
Crazy forceSum in boxOfActin.MyoRod@27c6ef00
Crazy forceSum in boxOfActin.MyoRod@124e38b3
Crazy forceSum in boxOfActin.MyoRod@5c550f00
Crazy forceSum in boxOfActin.MyoRod@6c57616
Crazy forceSum in boxOfActin.MyoRod@16eb3721
Crazy forceSum in boxOfActin.MyoRod@75831eef
Crazy forceSum in boxOfActin.MyoRod@1da2250
Crazy forceSum in boxOfActin.MyoRod@2c0281bb
Crazy forceSum in boxOfActin.MyoRod@631fe925
Crazy forceSum in boxOfActin.MyoRod@e86f7cf
Crazy forceSum in boxOfActin.MyoMiniFilament@2d5e069b
Crazy torqueSum in boxOfActin.MyoMiniFilament@2d5e069b
Crazy forceSum in boxOfActin.MyoRod@27a66deb
Crazy forceSum in boxOfActin.MyoRod@62a4f77b
Crazy forceSum in boxOfActin.MyoRod@3f135f6a
Crazy forceSum in boxOfActin.MyoRod@530cd635
Crazy forceSum in boxOfActin.MyoRod@4751208a
Crazy forceSum in boxOfActin.MyoRod@28b0834
Crazy forceSum in boxOfActin.MyoRod@27c6ef00
Crazy forceSum in boxOfActin.MyoRod@124e38b3
Crazy forceSum in boxOfActin.MyoRod@5c550f00
Crazy forceSum in boxOfActin.MyoRod@6c57616
Crazy forceSum in boxOfActin.MyoRod@16eb3721
Crazy forceSum in boxOfActin.MyoRod@75831eef
Crazy forceSum in boxOfActin.MyoRod@1da2250
Crazy forceSum in boxOfActin.MyoRod@2c0281bb
Crazy forceSum in boxOfActin.MyoRod@631fe925
Crazy forceSum in boxOfActin.MyoRod@e86f7cf
Crazy forceSum in boxOfActin.MyoMiniFilament@2d5e069b
Crazy torqueSum in boxOfActin.MyoMiniFilament@2d5e069b
Crazy forceSum in boxOfActin.MyoRod@27a66deb
Crazy forceSum in boxOfActin.MyoRod@62a4f77b
Crazy forceSum in boxOfActin.MyoRod@3f135f6a
Crazy forceSum in boxOfActin.MyoRod@530cd635
Crazy forceSum in boxOfActin.MyoRod@4751208a
Crazy forceSum in boxOfActin.MyoRod@28b0834
Crazy forceSum in boxOfActin.MyoRod@27c6ef00
Crazy forceSum in boxOfActin.MyoRod@124e38b3
Crazy forceSum in boxOfActin.MyoRod@5c550f00
Crazy forceSum in boxOfActin.MyoRod@6c57616
Crazy forceSum in boxOfActin.MyoRod@16eb3721
Crazy forceSum in boxOfActin.MyoRod@75831eef
Crazy forceSum in boxOfActin.MyoRod@1da2250
Crazy forceSum in boxOfActin.MyoRod@2c0281bb
Crazy forceSum in boxOfActin.MyoRod@631fe925
Crazy forceSum in boxOfActin.MyoRod@e86f7cf
Crazy forceSum in boxOfActin.MyoMiniFilament@2d5e069b
Crazy torqueSum in boxOfActin.MyoMiniFilament@2d5e069b
Crazy forceSum in boxOfActin.MyoRod@27a66deb
Crazy forceSum in boxOfActin.MyoRod@62a4f77b
Crazy forceSum in boxOfActin.MyoRod@3f135f6a
Crazy forceSum in boxOfActin.MyoRod@530cd635
Crazy forceSum in boxOfActin.MyoRod@4751208a
Crazy forceSum in boxOfActin.MyoRod@28b0834
Crazy forceSum in boxOfActin.MyoRod@27c6ef00
Crazy forceSum in boxOfActin.MyoRod@124e38b3
Crazy forceSum in boxOfActin.MyoRod@5c550f00
Crazy forceSum in boxOfActin.MyoRod@6c57616
Crazy forceSum in boxOfActin.MyoRod@16eb3721
Crazy forceSum in boxOfActin.MyoRod@75831eef
Crazy forceSum in boxOfActin.MyoRod@1da2250
Crazy forceSum in boxOfActin.MyoRod@2c0281bb
Crazy forceSum in boxOfActin.MyoRod@631fe925
Crazy forceSum in boxOfActin.MyoRod@e86f7cf
Crazy forceSum in boxOfActin.MyoMiniFilament@2d5e069b
Crazy torqueSum in boxOfActin.MyoMiniFilament@2d5e069b
Crazy forceSum in boxOfActin.MyoRod@27a66deb
Crazy forceSum in boxOfActin.MyoRod@62a4f77b
Crazy forceSum in boxOfActin.MyoRod@3f135f6a
Crazy forceSum in boxOfActin.MyoRod@530cd635
Crazy forceSum in boxOfActin.MyoRod@4751208a
Crazy forceSum in boxOfActin.MyoRod@28b0834
Crazy forceSum in boxOfActin.MyoRod@27c6ef00
Crazy forceSum in boxOfActin.MyoRod@124e38b3
Crazy forceSum in boxOfActin.MyoRod@5c550f00
Crazy forceSum in boxOfActin.MyoRod@6c57616
Crazy forceSum in boxOfActin.MyoRod@16eb3721
Crazy forceSum in boxOfActin.MyoRod@75831eef
Crazy forceSum in boxOfActin.MyoRod@1da2250
Crazy forceSum in boxOfActin.MyoRod@2c0281bb
Crazy forceSum in boxOfActin.MyoRod@631fe925
Crazy forceSum in boxOfActin.MyoRod@e86f7cf
Crazy forceSum in boxOfActin.MyoMiniFilament@2d5e069b
Crazy torqueSum in boxOfActin.MyoMiniFilament@2d5e069b
Crazy forceSum in boxOfActin.MyoRod@27a66deb
Crazy forceSum in boxOfActin.MyoRod@62a4f77b
Crazy forceSum in boxOfActin.MyoRod@3f135f6a
Crazy forceSum in boxOfActin.MyoRod@530cd635
Crazy forceSum in boxOfActin.MyoRod@4751208a
Crazy forceSum in boxOfActin.MyoRod@28b0834
Crazy forceSum in boxOfActin.MyoRod@27c6ef00
Crazy forceSum in boxOfActin.MyoRod@124e38b3
Crazy forceSum in boxOfActin.MyoRod@5c550f00
Crazy forceSum in boxOfActin.MyoRod@6c57616
Crazy forceSum in boxOfActin.MyoRod@16eb3721
Crazy forceSum in boxOfActin.MyoRod@75831eef
Crazy forceSum in boxOfActin.MyoRod@1da2250
Crazy forceSum in boxOfActin.MyoRod@2c0281bb
Crazy forceSum in boxOfActin.MyoRod@631fe925
Crazy forceSum in boxOfActin.MyoRod@e86f7cf
Crazy forceSum in boxOfActin.MyoMiniFilament@2d5e069b
Crazy torqueSum in boxOfActin.MyoMiniFilament@2d5e069b
Crazy forceSum in boxOfActin.MyoRod@27a66deb
Crazy forceSum in boxOfActin.MyoRod@62a4f77b
Crazy forceSum in boxOfActin.MyoRod@3f135f6a
Crazy forceSum in boxOfActin.MyoRod@530cd635
Crazy forceSum in boxOfActin.MyoRod@4751208a
Crazy forceSum in boxOfActin.MyoRod@28b0834
Crazy forceSum in boxOfActin.MyoRod@27c6ef00
Crazy forceSum in boxOfActin.MyoRod@124e38b3
Crazy forceSum in boxOfActin.MyoRod@5c550f00
Crazy forceSum in boxOfActin.MyoRod@6c57616
Crazy forceSum in boxOfActin.MyoRod@16eb3721
Crazy forceSum in boxOfActin.MyoRod@75831eef
Crazy forceSum in boxOfActin.MyoRod@1da2250
Crazy forceSum in boxOfActin.MyoRod@2c0281bb
Crazy forceSum in boxOfActin.MyoRod@631fe925
Crazy forceSum in boxOfActin.MyoRod@e86f7cf
Crazy forceSum in boxOfActin.MyoMiniFilament@2d5e069b
Crazy torqueSum in boxOfActin.MyoMiniFilament@2d5e069b
Crazy forceSum in boxOfActin.MyoRod@27a66deb
Crazy forceSum in boxOfActin.MyoRod@62a4f77b
Crazy forceSum in boxOfActin.MyoRod@3f135f6a
Crazy forceSum in boxOfActin.MyoRod@530cd635
Crazy forceSum in boxOfActin.MyoRod@4751208a
Crazy forceSum in boxOfActin.MyoRod@28b0834
Crazy forceSum in boxOfActin.MyoRod@27c6ef00
Crazy forceSum in boxOfActin.MyoRod@124e38b3
Crazy forceSum in boxOfActin.MyoRod@5c550f00
Crazy forceSum in boxOfActin.MyoRod@6c57616
Crazy forceSum in boxOfActin.MyoRod@16eb3721
Crazy forceSum in boxOfActin.MyoRod@75831eef
Crazy forceSum in boxOfActin.MyoRod@1da2250
Crazy forceSum in boxOfActin.MyoRod@2c0281bb
Crazy forceSum in boxOfActin.MyoRod@631fe925
Crazy forceSum in boxOfActin.MyoRod@e86f7cf
Crazy forceSum in boxOfActin.MyoMiniFilament@2d5e069b
Crazy torqueSum in boxOfActin.MyoMiniFilament@2d5e069b
Crazy forceSum in boxOfActin.MyoRod@27a66deb
Crazy forceSum in boxOfActin.MyoRod@62a4f77b
Crazy forceSum in boxOfActin.MyoRod@3f135f6a
Crazy forceSum in boxOfActin.MyoRod@530cd635
Crazy forceSum in boxOfActin.MyoRod@4751208a
Crazy forceSum in boxOfActin.MyoRod@28b0834
Crazy forceSum in boxOfActin.MyoRod@27c6ef00
Crazy forceSum in boxOfActin.MyoRod@124e38b3
Crazy forceSum in boxOfActin.MyoRod@5c550f00
Crazy forceSum in boxOfActin.MyoRod@6c57616
Crazy forceSum in boxOfActin.MyoRod@16eb3721
Crazy forceSum in boxOfActin.MyoRod@75831eef
Crazy forceSum in boxOfActin.MyoRod@1da2250
Crazy forceSum in boxOfActin.MyoRod@2c0281bb
Crazy forceSum in boxOfActin.MyoRod@631fe925
Crazy forceSum in boxOfActin.MyoRod@e86f7cf
Crazy forceSum in boxOfActin.MyoMiniFilament@2d5e069b
Crazy torqueSum in boxOfActin.MyoMiniFilament@2d5e069b
Crazy forceSum in boxOfActin.MyoRod@27a66deb
Crazy forceSum in boxOfActin.MyoRod@62a4f77b
Crazy forceSum in boxOfActin.MyoRod@3f135f6a
Crazy forceSum in boxOfActin.MyoRod@530cd635
Crazy forceSum in boxOfActin.MyoRod@4751208a
Crazy forceSum in boxOfActin.MyoRod@28b0834
Crazy forceSum in boxOfActin.MyoRod@27c6ef00
Crazy forceSum in boxOfActin.MyoRod@124e38b3
Crazy forceSum in boxOfActin.MyoRod@5c550f00
Crazy forceSum in boxOfActin.MyoRod@6c57616
Crazy forceSum in boxOfActin.MyoRod@16eb3721
Crazy forceSum in boxOfActin.MyoRod@75831eef
Crazy forceSum in boxOfActin.MyoRod@1da2250
Crazy forceSum in boxOfActin.MyoRod@2c0281bb
Crazy forceSum in boxOfActin.MyoRod@631fe925
Crazy forceSum in boxOfActin.MyoRod@e86f7cf
Crazy forceSum in boxOfActin.MyoMiniFilament@2d5e069b
Crazy torqueSum in boxOfActin.MyoMiniFilament@2d5e069b
Crazy forceSum in boxOfActin.MyoRod@27a66deb
Crazy forceSum in boxOfActin.MyoRod@62a4f77b
Crazy forceSum in boxOfActin.MyoRod@3f135f6a
Crazy forceSum in boxOfActin.MyoRod@530cd635
Crazy forceSum in boxOfActin.MyoRod@4751208a
Crazy forceSum in boxOfActin.MyoRod@28b0834
Crazy forceSum in boxOfActin.MyoRod@27c6ef00
Crazy forceSum in boxOfActin.MyoRod@124e38b3
Crazy forceSum in boxOfActin.MyoRod@5c550f00
Crazy forceSum in boxOfActin.MyoRod@6c57616
Crazy forceSum in boxOfActin.MyoRod@16eb3721
Crazy forceSum in boxOfActin.MyoRod@75831eef
Crazy forceSum in boxOfActin.MyoRod@1da2250
Crazy forceSum in boxOfActin.MyoRod@2c0281bb
Crazy forceSum in boxOfActin.MyoRod@631fe925
Crazy forceSum in boxOfActin.MyoRod@e86f7cf
Crazy forceSum in boxOfActin.MyoMiniFilament@2d5e069b
Crazy torqueSum in boxOfActin.MyoMiniFilament@2d5e069b
Crazy forceSum in boxOfActin.MyoRod@27a66deb
Crazy forceSum in boxOfActin.MyoRod@62a4f77b
Crazy forceSum in boxOfActin.MyoRod@3f135f6a
Crazy forceSum in boxOfActin.MyoRod@530cd635
Crazy forceSum in boxOfActin.MyoRod@4751208a
Crazy forceSum in boxOfActin.MyoRod@28b0834
Crazy forceSum in boxOfActin.MyoRod@27c6ef00
Crazy forceSum in boxOfActin.MyoRod@124e38b3
Crazy forceSum in boxOfActin.MyoRod@5c550f00
Crazy forceSum in boxOfActin.MyoRod@6c57616
Crazy forceSum in boxOfActin.MyoRod@16eb3721
Crazy forceSum in boxOfActin.MyoRod@75831eef
Crazy forceSum in boxOfActin.MyoRod@1da2250
Crazy forceSum in boxOfActin.MyoRod@2c0281bb
Crazy forceSum in boxOfActin.MyoRod@631fe925
Crazy forceSum in boxOfActin.MyoRod@e86f7cf
Crazy forceSum in boxOfActin.MyoMiniFilament@2d5e069b
Crazy torqueSum in boxOfActin.MyoMiniFilament@2d5e069b
Crazy forceSum in boxOfActin.MyoRod@27a66deb
Crazy forceSum in boxOfActin.MyoRod@62a4f77b
Crazy forceSum in boxOfActin.MyoRod@3f135f6a
Crazy forceSum in boxOfActin.MyoRod@530cd635
Crazy forceSum in boxOfActin.MyoRod@4751208a
Crazy forceSum in boxOfActin.MyoRod@28b0834
Crazy forceSum in boxOfActin.MyoRod@27c6ef00
Crazy forceSum in boxOfActin.MyoRod@124e38b3
Crazy forceSum in boxOfActin.MyoRod@5c550f00
Crazy forceSum in boxOfActin.MyoRod@6c57616
Crazy forceSum in boxOfActin.MyoRod@16eb3721
Crazy forceSum in boxOfActin.MyoRod@75831eef
Crazy forceSum in boxOfActin.MyoRod@1da2250
Crazy forceSum in boxOfActin.MyoRod@2c0281bb
Crazy forceSum in boxOfActin.MyoRod@631fe925
Crazy forceSum in boxOfActin.MyoRod@e86f7cf
Crazy forceSum in boxOfActin.MyoMiniFilament@2d5e069b
Crazy torqueSum in boxOfActin.MyoMiniFilament@2d5e069b
Crazy forceSum in boxOfActin.MyoRod@27a66deb
Crazy forceSum in boxOfActin.MyoRod@62a4f77b
Crazy forceSum in boxOfActin.MyoRod@3f135f6a
Crazy forceSum in boxOfActin.MyoRod@530cd635
Crazy forceSum in boxOfActin.MyoRod@4751208a
Crazy forceSum in boxOfActin.MyoRod@28b0834
Crazy forceSum in boxOfActin.MyoRod@27c6ef00
Crazy forceSum in boxOfActin.MyoRod@124e38b3
Crazy forceSum in boxOfActin.MyoRod@5c550f00
Crazy forceSum in boxOfActin.MyoRod@6c57616
Crazy forceSum in boxOfActin.MyoRod@16eb3721
Crazy forceSum in boxOfActin.MyoRod@75831eef
Crazy forceSum in boxOfActin.MyoRod@1da2250
Crazy forceSum in boxOfActin.MyoRod@2c0281bb
Crazy forceSum in boxOfActin.MyoRod@631fe925
Crazy forceSum in boxOfActin.MyoRod@e86f7cf
Crazy forceSum in boxOfActin.MyoMiniFilament@2d5e069b
Crazy torqueSum in boxOfActin.MyoMiniFilament@2d5e069b
Crazy forceSum in boxOfActin.MyoRod@27a66deb
Crazy forceSum in boxOfActin.MyoRod@62a4f77b
Crazy forceSum in boxOfActin.MyoRod@3f135f6a
Crazy forceSum in boxOfActin.MyoRod@530cd635
Crazy forceSum in boxOfActin.MyoRod@4751208a
Crazy forceSum in boxOfActin.MyoRod@28b0834
Crazy forceSum in boxOfActin.MyoRod@27c6ef00
Crazy forceSum in boxOfActin.MyoRod@124e38b3
Crazy forceSum in boxOfActin.MyoRod@5c550f00
Crazy forceSum in boxOfActin.MyoRod@6c57616
Crazy forceSum in boxOfActin.MyoRod@16eb3721
Crazy forceSum in boxOfActin.MyoRod@75831eef
Crazy forceSum in boxOfActin.MyoRod@1da2250
Crazy forceSum in boxOfActin.MyoRod@2c0281bb
Crazy forceSum in boxOfActin.MyoRod@631fe925
Crazy forceSum in boxOfActin.MyoRod@e86f7cf
Crazy forceSum in boxOfActin.MyoMiniFilament@2d5e069b
Crazy torqueSum in boxOfActin.MyoMiniFilament@2d5e069b
Crazy forceSum in boxOfActin.MyoRod@27a66deb
Crazy forceSum in boxOfActin.MyoRod@62a4f77b
Crazy forceSum in boxOfActin.MyoRod@3f135f6a
Crazy forceSum in boxOfActin.MyoRod@530cd635
Crazy forceSum in boxOfActin.MyoRod@4751208a
Crazy forceSum in boxOfActin.MyoRod@28b0834
Crazy forceSum in boxOfActin.MyoRod@27c6ef00
Crazy forceSum in boxOfActin.MyoRod@124e38b3
Crazy forceSum in boxOfActin.MyoRod@5c550f00
Crazy forceSum in boxOfActin.MyoRod@6c57616
Crazy forceSum in boxOfActin.MyoRod@16eb3721
Crazy forceSum in boxOfActin.MyoRod@75831eef
Crazy forceSum in boxOfActin.MyoRod@1da2250
Crazy forceSum in boxOfActin.MyoRod@2c0281bb
Crazy forceSum in boxOfActin.MyoRod@631fe925
Crazy forceSum in boxOfActin.MyoRod@e86f7cf
Crazy forceSum in boxOfActin.MyoMiniFilament@2d5e069b
Crazy torqueSum in boxOfActin.MyoMiniFilament@2d5e069b
Crazy forceSum in boxOfActin.MyoRod@27a66deb
Crazy forceSum in boxOfActin.MyoRod@62a4f77b
Crazy forceSum in boxOfActin.MyoRod@3f135f6a
Crazy forceSum in boxOfActin.MyoRod@530cd635
Crazy forceSum in boxOfActin.MyoRod@4751208a
Crazy forceSum in boxOfActin.MyoRod@28b0834
Crazy forceSum in boxOfActin.MyoRod@27c6ef00
Crazy forceSum in boxOfActin.MyoRod@124e38b3
Crazy forceSum in boxOfActin.MyoRod@5c550f00
Crazy forceSum in boxOfActin.MyoRod@6c57616
Crazy forceSum in boxOfActin.MyoRod@16eb3721
Crazy forceSum in boxOfActin.MyoRod@75831eef
Crazy forceSum in boxOfActin.MyoRod@1da2250
Crazy forceSum in boxOfActin.MyoRod@2c0281bb
Crazy forceSum in boxOfActin.MyoRod@631fe925
Crazy forceSum in boxOfActin.MyoRod@e86f7cf
Crazy forceSum in boxOfActin.MyoMiniFilament@2d5e069b
Crazy torqueSum in boxOfActin.MyoMiniFilament@2d5e069b
Crazy forceSum in boxOfActin.MyoRod@27a66deb
Crazy forceSum in boxOfActin.MyoRod@62a4f77b
Crazy forceSum in boxOfActin.MyoRod@3f135f6a
Crazy forceSum in boxOfActin.MyoRod@530cd635
Crazy forceSum in boxOfActin.MyoRod@4751208a
Crazy forceSum in boxOfActin.MyoRod@28b0834
Crazy forceSum in boxOfActin.MyoRod@27c6ef00
Crazy forceSum in boxOfActin.MyoRod@124e38b3
Crazy forceSum in boxOfActin.MyoRod@5c550f00
Crazy forceSum in boxOfActin.MyoRod@6c57616
Crazy forceSum in boxOfActin.MyoRod@16eb3721
Crazy forceSum in boxOfActin.MyoRod@75831eef
Crazy forceSum in boxOfActin.MyoRod@1da2250
Crazy forceSum in boxOfActin.MyoRod@2c0281bb
Crazy forceSum in boxOfActin.MyoRod@631fe925
Crazy forceSum in boxOfActin.MyoRod@e86f7cf
Crazy forceSum in boxOfActin.MyoMiniFilament@2d5e069b
Crazy torqueSum in boxOfActin.MyoMiniFilament@2d5e069b
Crazy forceSum in boxOfActin.MyoRod@27a66deb
Crazy forceSum in boxOfActin.MyoRod@62a4f77b
Crazy forceSum in boxOfActin.MyoRod@3f135f6a
Crazy forceSum in boxOfActin.MyoRod@530cd635
Crazy forceSum in boxOfActin.MyoRod@4751208a
Crazy forceSum in boxOfActin.MyoRod@28b0834
Crazy forceSum in boxOfActin.MyoRod@27c6ef00
Crazy forceSum in boxOfActin.MyoRod@124e38b3
Crazy forceSum in boxOfActin.MyoRod@5c550f00
Crazy forceSum in boxOfActin.MyoRod@6c57616
Crazy forceSum in boxOfActin.MyoRod@16eb3721
Crazy forceSum in boxOfActin.MyoRod@75831eef
Crazy forceSum in boxOfActin.MyoRod@1da2250
Crazy forceSum in boxOfActin.MyoRod@2c0281bb
Crazy forceSum in boxOfActin.MyoRod@631fe925
Crazy forceSum in boxOfActin.MyoRod@e86f7cf
Crazy forceSum in boxOfActin.MyoMiniFilament@2d5e069b
Crazy torqueSum in boxOfActin.MyoMiniFilament@2d5e069b
Crazy forceSum in boxOfActin.MyoRod@27a66deb
Crazy forceSum in boxOfActin.MyoRod@62a4f77b
Crazy forceSum in boxOfActin.MyoRod@3f135f6a
Crazy forceSum in boxOfActin.MyoRod@530cd635
Crazy forceSum in boxOfActin.MyoRod@4751208a
Crazy forceSum in boxOfActin.MyoRod@28b0834
Crazy forceSum in boxOfActin.MyoRod@27c6ef00
Crazy forceSum in boxOfActin.MyoRod@124e38b3
Crazy forceSum in boxOfActin.MyoRod@5c550f00
Crazy forceSum in boxOfActin.MyoRod@6c57616
Crazy forceSum in boxOfActin.MyoRod@16eb3721
Crazy forceSum in boxOfActin.MyoRod@75831eef
Crazy forceSum in boxOfActin.MyoRod@1da2250
Crazy forceSum in boxOfActin.MyoRod@2c0281bb
Crazy forceSum in boxOfActin.MyoRod@631fe925
Crazy forceSum in boxOfActin.MyoRod@e86f7cf
Crazy forceSum in boxOfActin.MyoMiniFilament@2d5e069b
Crazy torqueSum in boxOfActin.MyoMiniFilament@2d5e069b
Crazy forceSum in boxOfActin.MyoRod@27a66deb
Crazy forceSum in boxOfActin.MyoRod@62a4f77b
Crazy forceSum in boxOfActin.MyoRod@3f135f6a
Crazy forceSum in boxOfActin.MyoRod@530cd635
Crazy forceSum in boxOfActin.MyoRod@4751208a
Crazy forceSum in boxOfActin.MyoRod@28b0834
Crazy forceSum in boxOfActin.MyoRod@27c6ef00
Crazy forceSum in boxOfActin.MyoRod@124e38b3
Crazy forceSum in boxOfActin.MyoRod@5c550f00
Crazy forceSum in boxOfActin.MyoRod@6c57616
Crazy forceSum in boxOfActin.MyoRod@16eb3721
Crazy forceSum in boxOfActin.MyoRod@75831eef
Crazy forceSum in boxOfActin.MyoRod@1da2250
Crazy forceSum in boxOfActin.MyoRod@2c0281bb
Crazy forceSum in boxOfActin.MyoRod@631fe925
Crazy forceSum in boxOfActin.MyoRod@e86f7cf
Crazy forceSum in boxOfActin.MyoMiniFilament@2d5e069b
Crazy torqueSum in boxOfActin.MyoMiniFilament@2d5e069b
Crazy forceSum in boxOfActin.MyoRod@27a66deb
Crazy forceSum in boxOfActin.MyoRod@62a4f77b
Crazy forceSum in boxOfActin.MyoRod@3f135f6a
Crazy forceSum in boxOfActin.MyoRod@530cd635
Crazy forceSum in boxOfActin.MyoRod@4751208a
Crazy forceSum in boxOfActin.MyoRod@28b0834
Crazy forceSum in boxOfActin.MyoRod@27c6ef00
Crazy forceSum in boxOfActin.MyoRod@124e38b3
Crazy forceSum in boxOfActin.MyoRod@5c550f00
Crazy forceSum in boxOfActin.MyoRod@6c57616
Crazy forceSum in boxOfActin.MyoRod@16eb3721
Crazy forceSum in boxOfActin.MyoRod@75831eef
Crazy forceSum in boxOfActin.MyoRod@1da2250
Crazy forceSum in boxOfActin.MyoRod@2c0281bb
Crazy forceSum in boxOfActin.MyoRod@631fe925
Crazy forceSum in boxOfActin.MyoRod@e86f7cf
Crazy forceSum in boxOfActin.MyoMiniFilament@2d5e069b
Crazy torqueSum in boxOfActin.MyoMiniFilament@2d5e069b
Crazy forceSum in boxOfActin.MyoRod@27a66deb
Crazy forceSum in boxOfActin.MyoRod@62a4f77b
Crazy forceSum in boxOfActin.MyoRod@3f135f6a
Crazy forceSum in boxOfActin.MyoRod@530cd635
Crazy forceSum in boxOfActin.MyoRod@4751208a
Crazy forceSum in boxOfActin.MyoRod@28b0834
Crazy forceSum in boxOfActin.MyoRod@27c6ef00
Crazy forceSum in boxOfActin.MyoRod@124e38b3
Crazy forceSum in boxOfActin.MyoRod@5c550f00
Crazy forceSum in boxOfActin.MyoRod@6c57616
Crazy forceSum in boxOfActin.MyoRod@16eb3721
Crazy forceSum in boxOfActin.MyoRod@75831eef
Crazy forceSum in boxOfActin.MyoRod@1da2250
Crazy forceSum in boxOfActin.MyoRod@2c0281bb
Crazy forceSum in boxOfActin.MyoRod@631fe925
Crazy forceSum in boxOfActin.MyoRod@e86f7cf
Crazy forceSum in boxOfActin.MyoMiniFilament@2d5e069b
Crazy torqueSum in boxOfActin.MyoMiniFilament@2d5e069b
Crazy forceSum in boxOfActin.MyoRod@27a66deb
Crazy forceSum in boxOfActin.MyoRod@62a4f77b
Crazy forceSum in boxOfActin.MyoRod@3f135f6a
Crazy forceSum in boxOfActin.MyoRod@530cd635
Crazy forceSum in boxOfActin.MyoRod@4751208a
Crazy forceSum in boxOfActin.MyoRod@28b0834
Crazy forceSum in boxOfActin.MyoRod@27c6ef00
Crazy forceSum in boxOfActin.MyoRod@124e38b3
Crazy forceSum in boxOfActin.MyoRod@5c550f00
Crazy forceSum in boxOfActin.MyoRod@6c57616
Crazy forceSum in boxOfActin.MyoRod@16eb3721
Crazy forceSum in boxOfActin.MyoRod@75831eef
Crazy forceSum in boxOfActin.MyoRod@1da2250
Crazy forceSum in boxOfActin.MyoRod@2c0281bb
Crazy forceSum in boxOfActin.MyoRod@631fe925
Crazy forceSum in boxOfActin.MyoRod@e86f7cf
Crazy forceSum in boxOfActin.MyoMiniFilament@2d5e069b
Crazy torqueSum in boxOfActin.MyoMiniFilament@2d5e069b
Crazy forceSum in boxOfActin.MyoRod@27a66deb
Crazy forceSum in boxOfActin.MyoRod@62a4f77b
Crazy forceSum in boxOfActin.MyoRod@3f135f6a
Crazy forceSum in boxOfActin.MyoRod@530cd635
Crazy forceSum in boxOfActin.MyoRod@4751208a
Crazy forceSum in boxOfActin.MyoRod@28b0834
Crazy forceSum in boxOfActin.MyoRod@27c6ef00
Crazy forceSum in boxOfActin.MyoRod@124e38b3
Crazy forceSum in boxOfActin.MyoRod@5c550f00
Crazy forceSum in boxOfActin.MyoRod@6c57616
Crazy forceSum in boxOfActin.MyoRod@16eb3721
Crazy forceSum in boxOfActin.MyoRod@75831eef
Crazy forceSum in boxOfActin.MyoRod@1da2250
Crazy forceSum in boxOfActin.MyoRod@2c0281bb
Crazy forceSum in boxOfActin.MyoRod@631fe925
Crazy forceSum in boxOfActin.MyoRod@e86f7cf
Crazy forceSum in boxOfActin.MyoMiniFilament@2d5e069b
Crazy torqueSum in boxOfActin.MyoMiniFilament@2d5e069b
Crazy forceSum in boxOfActin.MyoRod@27a66deb
Crazy forceSum in boxOfActin.MyoRod@62a4f77b
Crazy forceSum in boxOfActin.MyoRod@3f135f6a
Crazy forceSum in boxOfActin.MyoRod@530cd635
Crazy forceSum in boxOfActin.MyoRod@4751208a
Crazy forceSum in boxOfActin.MyoRod@28b0834
Crazy forceSum in boxOfActin.MyoRod@27c6ef00
Crazy forceSum in boxOfActin.MyoRod@124e38b3
Crazy forceSum in boxOfActin.MyoRod@5c550f00
Crazy forceSum in boxOfActin.MyoRod@6c57616
Crazy forceSum in boxOfActin.MyoRod@16eb3721
Crazy forceSum in boxOfActin.MyoRod@75831eef
Crazy forceSum in boxOfActin.MyoRod@1da2250
Crazy forceSum in boxOfActin.MyoRod@2c0281bb
Crazy forceSum in boxOfActin.MyoRod@631fe925
Crazy forceSum in boxOfActin.MyoRod@e86f7cf
Crazy forceSum in boxOfActin.MyoMiniFilament@2d5e069b
Crazy torqueSum in boxOfActin.MyoMiniFilament@2d5e069b
Crazy forceSum in boxOfActin.MyoRod@27a66deb
Crazy forceSum in boxOfActin.MyoRod@62a4f77b
Crazy forceSum in boxOfActin.MyoRod@3f135f6a
Crazy forceSum in boxOfActin.MyoRod@530cd635
Crazy forceSum in boxOfActin.MyoRod@4751208a
Crazy forceSum in boxOfActin.MyoRod@28b0834
Crazy forceSum in boxOfActin.MyoRod@27c6ef00
Crazy forceSum in boxOfActin.MyoRod@124e38b3
Crazy forceSum in boxOfActin.MyoRod@5c550f00
Crazy forceSum in boxOfActin.MyoRod@6c57616
Crazy forceSum in boxOfActin.MyoRod@16eb3721
Crazy forceSum in boxOfActin.MyoRod@75831eef
Crazy forceSum in boxOfActin.MyoRod@1da2250
Crazy forceSum in boxOfActin.MyoRod@2c0281bb
Crazy forceSum in boxOfActin.MyoRod@631fe925
Crazy forceSum in boxOfActin.MyoRod@e86f7cf
Crazy forceSum in boxOfActin.MyoMiniFilament@2d5e069b
Crazy torqueSum in boxOfActin.MyoMiniFilament@2d5e069b
Crazy forceSum in boxOfActin.MyoRod@27a66deb
Crazy forceSum in boxOfActin.MyoRod@62a4f77b
Crazy forceSum in boxOfActin.MyoRod@3f135f6a
Crazy forceSum in boxOfActin.MyoRod@530cd635
Crazy forceSum in boxOfActin.MyoRod@4751208a
Crazy forceSum in boxOfActin.MyoRod@28b0834
Crazy forceSum in boxOfActin.MyoRod@27c6ef00
Crazy forceSum in boxOfActin.MyoRod@124e38b3
Crazy forceSum in boxOfActin.MyoRod@5c550f00
Crazy forceSum in boxOfActin.MyoRod@6c57616
Crazy forceSum in boxOfActin.MyoRod@16eb3721
Crazy forceSum in boxOfActin.MyoRod@75831eef
Crazy forceSum in boxOfActin.MyoRod@1da2250
Crazy forceSum in boxOfActin.MyoRod@2c0281bb
Crazy forceSum in boxOfActin.MyoRod@631fe925
Crazy forceSum in boxOfActin.MyoRod@e86f7cf
Crazy forceSum in boxOfActin.MyoMiniFilament@2d5e069b
Crazy torqueSum in boxOfActin.MyoMiniFilament@2d5e069b
Crazy forceSum in boxOfActin.MyoRod@27a66deb
Crazy forceSum in boxOfActin.MyoRod@62a4f77b
Crazy forceSum in boxOfActin.MyoRod@3f135f6a
Crazy forceSum in boxOfActin.MyoRod@530cd635
Crazy forceSum in boxOfActin.MyoRod@4751208a
Crazy forceSum in boxOfActin.MyoRod@28b0834
Crazy forceSum in boxOfActin.MyoRod@27c6ef00
Crazy forceSum in boxOfActin.MyoRod@124e38b3
Crazy forceSum in boxOfActin.MyoRod@5c550f00
Crazy forceSum in boxOfActin.MyoRod@6c57616
Crazy forceSum in boxOfActin.MyoRod@16eb3721
Crazy forceSum in boxOfActin.MyoRod@75831eef
Crazy forceSum in boxOfActin.MyoRod@1da2250
Crazy forceSum in boxOfActin.MyoRod@2c0281bb
Crazy forceSum in boxOfActin.MyoRod@631fe925
Crazy forceSum in boxOfActin.MyoRod@e86f7cf
Crazy forceSum in boxOfActin.MyoMiniFilament@2d5e069b
Crazy torqueSum in boxOfActin.MyoMiniFilament@2d5e069b
Crazy forceSum in boxOfActin.MyoRod@27a66deb
Crazy forceSum in boxOfActin.MyoRod@62a4f77b
Crazy forceSum in boxOfActin.MyoRod@3f135f6a
Crazy forceSum in boxOfActin.MyoRod@530cd635
Crazy forceSum in boxOfActin.MyoRod@4751208a
Crazy forceSum in boxOfActin.MyoRod@28b0834
Crazy forceSum in boxOfActin.MyoRod@27c6ef00
Crazy forceSum in boxOfActin.MyoRod@124e38b3
Crazy forceSum in boxOfActin.MyoRod@5c550f00
Crazy forceSum in boxOfActin.MyoRod@6c57616
Crazy forceSum in boxOfActin.MyoRod@16eb3721
Crazy forceSum in boxOfActin.MyoRod@75831eef
Crazy forceSum in boxOfActin.MyoRod@1da2250
Crazy forceSum in boxOfActin.MyoRod@2c0281bb
Crazy forceSum in boxOfActin.MyoRod@631fe925
Crazy forceSum in boxOfActin.MyoRod@e86f7cf
Crazy forceSum in boxOfActin.MyoMiniFilament@2d5e069b
Crazy torqueSum in boxOfActin.MyoMiniFilament@2d5e069b
Crazy forceSum in boxOfActin.MyoRod@27a66deb
Crazy forceSum in boxOfActin.MyoRod@62a4f77b
Crazy forceSum in boxOfActin.MyoRod@3f135f6a
Crazy forceSum in boxOfActin.MyoRod@530cd635
Crazy forceSum in boxOfActin.MyoRod@4751208a
Crazy forceSum in boxOfActin.MyoRod@28b0834
Crazy forceSum in boxOfActin.MyoRod@27c6ef00
Crazy forceSum in boxOfActin.MyoRod@124e38b3
Crazy forceSum in boxOfActin.MyoRod@5c550f00
Crazy forceSum in boxOfActin.MyoRod@6c57616
Crazy forceSum in boxOfActin.MyoRod@16eb3721
Crazy forceSum in boxOfActin.MyoRod@75831eef
Crazy forceSum in boxOfActin.MyoRod@1da2250
Crazy forceSum in boxOfActin.MyoRod@2c0281bb
Crazy forceSum in boxOfActin.MyoRod@631fe925
Crazy forceSum in boxOfActin.MyoRod@e86f7cf
Crazy forceSum in boxOfActin.MyoMiniFilament@2d5e069b
Crazy torqueSum in boxOfActin.MyoMiniFilament@2d5e069b
Crazy forceSum in boxOfActin.MyoRod@27a66deb
Crazy forceSum in boxOfActin.MyoRod@62a4f77b
Crazy forceSum in boxOfActin.MyoRod@3f135f6a
Crazy forceSum in boxOfActin.MyoRod@530cd635
Crazy forceSum in boxOfActin.MyoRod@4751208a
Crazy forceSum in boxOfActin.MyoRod@28b0834
Crazy forceSum in boxOfActin.MyoRod@27c6ef00
Crazy forceSum in boxOfActin.MyoRod@124e38b3
Crazy forceSum in boxOfActin.MyoRod@5c550f00
Crazy forceSum in boxOfActin.MyoRod@6c57616
Crazy forceSum in boxOfActin.MyoRod@16eb3721
Crazy forceSum in boxOfActin.MyoRod@75831eef
Crazy forceSum in boxOfActin.MyoRod@1da2250
Crazy forceSum in boxOfActin.MyoRod@2c0281bb
Crazy forceSum in boxOfActin.MyoRod@631fe925
Crazy forceSum in boxOfActin.MyoRod@e86f7cf
Crazy forceSum in boxOfActin.MyoMiniFilament@2d5e069b
Crazy torqueSum in boxOfActin.MyoMiniFilament@2d5e069b
Crazy forceSum in boxOfActin.MyoRod@27a66deb
Crazy forceSum in boxOfActin.MyoRod@62a4f77b
Crazy forceSum in boxOfActin.MyoRod@3f135f6a
Crazy forceSum in boxOfActin.MyoRod@530cd635
Crazy forceSum in boxOfActin.MyoRod@4751208a
Crazy forceSum in boxOfActin.MyoRod@28b0834
Crazy forceSum in boxOfActin.MyoRod@27c6ef00
Crazy forceSum in boxOfActin.MyoRod@124e38b3
Crazy forceSum in boxOfActin.MyoRod@5c550f00
Crazy forceSum in boxOfActin.MyoRod@6c57616
Crazy forceSum in boxOfActin.MyoRod@16eb3721
Crazy forceSum in boxOfActin.MyoRod@75831eef
Crazy forceSum in boxOfActin.MyoRod@1da2250
Crazy forceSum in boxOfActin.MyoRod@2c0281bb
Crazy forceSum in boxOfActin.MyoRod@631fe925
Crazy forceSum in boxOfActin.MyoRod@e86f7cf
Crazy forceSum in boxOfActin.MyoMiniFilament@2d5e069b
Crazy torqueSum in boxOfActin.MyoMiniFilament@2d5e069b
Crazy forceSum in boxOfActin.MyoRod@27a66deb
Crazy forceSum in boxOfActin.MyoRod@62a4f77b
Crazy forceSum in boxOfActin.MyoRod@3f135f6a
Crazy forceSum in boxOfActin.MyoRod@530cd635
Crazy forceSum in boxOfActin.MyoRod@4751208a
Crazy forceSum in boxOfActin.MyoRod@28b0834
Crazy forceSum in boxOfActin.MyoRod@27c6ef00
Crazy forceSum in boxOfActin.MyoRod@124e38b3
Crazy forceSum in boxOfActin.MyoRod@5c550f00
Crazy forceSum in boxOfActin.MyoRod@6c57616
Crazy forceSum in boxOfActin.MyoRod@16eb3721
Crazy forceSum in boxOfActin.MyoRod@75831eef
Crazy forceSum in boxOfActin.MyoRod@1da2250
Crazy forceSum in boxOfActin.MyoRod@2c0281bb
Crazy forceSum in boxOfActin.MyoRod@631fe925
Crazy forceSum in boxOfActin.MyoRod@e86f7cf
Crazy forceSum in boxOfActin.MyoMiniFilament@2d5e069b
Crazy torqueSum in boxOfActin.MyoMiniFilament@2d5e069b
Crazy forceSum in boxOfActin.MyoRod@27a66deb
Crazy forceSum in boxOfActin.MyoRod@62a4f77b
Crazy forceSum in boxOfActin.MyoRod@3f135f6a
Crazy forceSum in boxOfActin.MyoRod@530cd635
Crazy forceSum in boxOfActin.MyoRod@4751208a
Crazy forceSum in boxOfActin.MyoRod@28b0834
Crazy forceSum in boxOfActin.MyoRod@27c6ef00
Crazy forceSum in boxOfActin.MyoRod@124e38b3
Crazy forceSum in boxOfActin.MyoRod@5c550f00
Crazy forceSum in boxOfActin.MyoRod@6c57616
Crazy forceSum in boxOfActin.MyoRod@16eb3721
Crazy forceSum in boxOfActin.MyoRod@75831eef
Crazy forceSum in boxOfActin.MyoRod@1da2250
Crazy forceSum in boxOfActin.MyoRod@2c0281bb
Crazy forceSum in boxOfActin.MyoRod@631fe925
Crazy forceSum in boxOfActin.MyoRod@e86f7cf
Crazy forceSum in boxOfActin.MyoMiniFilament@2d5e069b
Crazy torqueSum in boxOfActin.MyoMiniFilament@2d5e069b
Crazy forceSum in boxOfActin.MyoRod@27a66deb
Crazy forceSum in boxOfActin.MyoRod@62a4f77b
Crazy forceSum in boxOfActin.MyoRod@3f135f6a
Crazy forceSum in boxOfActin.MyoRod@530cd635
Crazy forceSum in boxOfActin.MyoRod@4751208a
Crazy forceSum in boxOfActin.MyoRod@28b0834
Crazy forceSum in boxOfActin.MyoRod@27c6ef00
Crazy forceSum in boxOfActin.MyoRod@124e38b3
Crazy forceSum in boxOfActin.MyoRod@5c550f00
Crazy forceSum in boxOfActin.MyoRod@6c57616
Crazy forceSum in boxOfActin.MyoRod@16eb3721
Crazy forceSum in boxOfActin.MyoRod@75831eef
Crazy forceSum in boxOfActin.MyoRod@1da2250
Crazy forceSum in boxOfActin.MyoRod@2c0281bb
Crazy forceSum in boxOfActin.MyoRod@631fe925
Crazy forceSum in boxOfActin.MyoRod@e86f7cf
Crazy forceSum in boxOfActin.MyoMiniFilament@2d5e069b
Crazy torqueSum in boxOfActin.MyoMiniFilament@2d5e069b
Crazy forceSum in boxOfActin.MyoRod@27a66deb
Crazy forceSum in boxOfActin.MyoRod@62a4f77b
Crazy forceSum in boxOfActin.MyoRod@3f135f6a
Crazy forceSum in boxOfActin.MyoRod@530cd635
Crazy forceSum in boxOfActin.MyoRod@4751208a
Crazy forceSum in boxOfActin.MyoRod@28b0834
Crazy forceSum in boxOfActin.MyoRod@27c6ef00
Crazy forceSum in boxOfActin.MyoRod@124e38b3
Crazy forceSum in boxOfActin.MyoRod@5c550f00
Crazy forceSum in boxOfActin.MyoRod@6c57616
Crazy forceSum in boxOfActin.MyoRod@16eb3721
Crazy forceSum in boxOfActin.MyoRod@75831eef
Crazy forceSum in boxOfActin.MyoRod@1da2250
Crazy forceSum in boxOfActin.MyoRod@2c0281bb
Crazy forceSum in boxOfActin.MyoRod@631fe925
Crazy forceSum in boxOfActin.MyoRod@e86f7cf
Crazy forceSum in boxOfActin.MyoMiniFilament@2d5e069b
Crazy torqueSum in boxOfActin.MyoMiniFilament@2d5e069b
Crazy forceSum in boxOfActin.MyoRod@27a66deb
Crazy forceSum in boxOfActin.MyoRod@62a4f77b
Crazy forceSum in boxOfActin.MyoRod@3f135f6a
Crazy forceSum in boxOfActin.MyoRod@530cd635
Crazy forceSum in boxOfActin.MyoRod@4751208a
Crazy forceSum in boxOfActin.MyoRod@28b0834
Crazy forceSum in boxOfActin.MyoRod@27c6ef00
Crazy forceSum in boxOfActin.MyoRod@124e38b3
Crazy forceSum in boxOfActin.MyoRod@5c550f00
Crazy forceSum in boxOfActin.MyoRod@6c57616
Crazy forceSum in boxOfActin.MyoRod@16eb3721
Crazy forceSum in boxOfActin.MyoRod@75831eef
Crazy forceSum in boxOfActin.MyoRod@1da2250
Crazy forceSum in boxOfActin.MyoRod@2c0281bb
Crazy forceSum in boxOfActin.MyoRod@631fe925
Crazy forceSum in boxOfActin.MyoRod@e86f7cf
Crazy forceSum in boxOfActin.MyoMiniFilament@2d5e069b
Crazy torqueSum in boxOfActin.MyoMiniFilament@2d5e069b
Crazy forceSum in boxOfActin.MyoRod@27a66deb
Crazy forceSum in boxOfActin.MyoRod@62a4f77b
Crazy forceSum in boxOfActin.MyoRod@3f135f6a
Crazy forceSum in boxOfActin.MyoRod@530cd635
Crazy forceSum in boxOfActin.MyoRod@4751208a
Crazy forceSum in boxOfActin.MyoRod@28b0834
Crazy forceSum in boxOfActin.MyoRod@27c6ef00
Crazy forceSum in boxOfActin.MyoRod@124e38b3
Crazy forceSum in boxOfActin.MyoRod@5c550f00
Crazy forceSum in boxOfActin.MyoRod@6c57616
Crazy forceSum in boxOfActin.MyoRod@16eb3721
Crazy forceSum in boxOfActin.MyoRod@75831eef
Crazy forceSum in boxOfActin.MyoRod@1da2250
Crazy forceSum in boxOfActin.MyoRod@2c0281bb
Crazy forceSum in boxOfActin.MyoRod@631fe925
Crazy forceSum in boxOfActin.MyoRod@e86f7cf
Crazy forceSum in boxOfActin.MyoMiniFilament@2d5e069b
Crazy torqueSum in boxOfActin.MyoMiniFilament@2d5e069b
Crazy forceSum in boxOfActin.MyoRod@27a66deb
Crazy forceSum in boxOfActin.MyoRod@62a4f77b
Crazy forceSum in boxOfActin.MyoRod@3f135f6a
Crazy forceSum in boxOfActin.MyoRod@530cd635
Crazy forceSum in boxOfActin.MyoRod@4751208a
Crazy forceSum in boxOfActin.MyoRod@28b0834
Crazy forceSum in boxOfActin.MyoRod@27c6ef00
Crazy forceSum in boxOfActin.MyoRod@124e38b3
Crazy forceSum in boxOfActin.MyoRod@5c550f00
Crazy forceSum in boxOfActin.MyoRod@6c57616
Crazy forceSum in boxOfActin.MyoRod@16eb3721
Crazy forceSum in boxOfActin.MyoRod@75831eef
Crazy forceSum in boxOfActin.MyoRod@1da2250
Crazy forceSum in boxOfActin.MyoRod@2c0281bb
Crazy forceSum in boxOfActin.MyoRod@631fe925
Crazy forceSum in boxOfActin.MyoRod@e86f7cf
Crazy forceSum in boxOfActin.MyoMiniFilament@2d5e069b
Crazy torqueSum in boxOfActin.MyoMiniFilament@2d5e069b
Crazy forceSum in boxOfActin.MyoRod@27a66deb
Crazy forceSum in boxOfActin.MyoRod@62a4f77b
Crazy forceSum in boxOfActin.MyoRod@3f135f6a
Crazy forceSum in boxOfActin.MyoRod@530cd635
Crazy forceSum in boxOfActin.MyoRod@4751208a
Crazy forceSum in boxOfActin.MyoRod@28b0834
Crazy forceSum in boxOfActin.MyoRod@27c6ef00
Crazy forceSum in boxOfActin.MyoRod@124e38b3
Crazy forceSum in boxOfActin.MyoRod@5c550f00
Crazy forceSum in boxOfActin.MyoRod@6c57616
Crazy forceSum in boxOfActin.MyoRod@16eb3721
Crazy forceSum in boxOfActin.MyoRod@75831eef
Crazy forceSum in boxOfActin.MyoRod@1da2250
Crazy forceSum in boxOfActin.MyoRod@2c0281bb
Crazy forceSum in boxOfActin.MyoRod@631fe925
Crazy forceSum in boxOfActin.MyoRod@e86f7cf
Crazy forceSum in boxOfActin.MyoMiniFilament@2d5e069b
Crazy torqueSum in boxOfActin.MyoMiniFilament@2d5e069b
Crazy forceSum in boxOfActin.MyoRod@27a66deb
Crazy forceSum in boxOfActin.MyoRod@62a4f77b
Crazy forceSum in boxOfActin.MyoRod@3f135f6a
Crazy forceSum in boxOfActin.MyoRod@530cd635
Crazy forceSum in boxOfActin.MyoRod@4751208a
Crazy forceSum in boxOfActin.MyoRod@28b0834
Crazy forceSum in boxOfActin.MyoRod@27c6ef00
Crazy forceSum in boxOfActin.MyoRod@124e38b3
Crazy forceSum in boxOfActin.MyoRod@5c550f00
Crazy forceSum in boxOfActin.MyoRod@6c57616
Crazy forceSum in boxOfActin.MyoRod@16eb3721
Crazy forceSum in boxOfActin.MyoRod@75831eef
Crazy forceSum in boxOfActin.MyoRod@1da2250
Crazy forceSum in boxOfActin.MyoRod@2c0281bb
Crazy forceSum in boxOfActin.MyoRod@631fe925
Crazy forceSum in boxOfActin.MyoRod@e86f7cf
Crazy forceSum in boxOfActin.MyoMiniFilament@2d5e069b
Crazy torqueSum in boxOfActin.MyoMiniFilament@2d5e069b
Crazy forceSum in boxOfActin.MyoRod@27a66deb
Crazy forceSum in boxOfActin.MyoRod@62a4f77b
Crazy forceSum in boxOfActin.MyoRod@3f135f6a
Crazy forceSum in boxOfActin.MyoRod@530cd635
Crazy forceSum in boxOfActin.MyoRod@4751208a
Crazy forceSum in boxOfActin.MyoRod@28b0834
Crazy forceSum in boxOfActin.MyoRod@27c6ef00
Crazy forceSum in boxOfActin.MyoRod@124e38b3
Crazy forceSum in boxOfActin.MyoRod@5c550f00
Crazy forceSum in boxOfActin.MyoRod@6c57616
Crazy forceSum in boxOfActin.MyoRod@16eb3721
Crazy forceSum in boxOfActin.MyoRod@75831eef
Crazy forceSum in boxOfActin.MyoRod@1da2250
Crazy forceSum in boxOfActin.MyoRod@2c0281bb
Crazy forceSum in boxOfActin.MyoRod@631fe925
Crazy forceSum in boxOfActin.MyoRod@e86f7cf
Crazy forceSum in boxOfActin.MyoMiniFilament@2d5e069b
Crazy torqueSum in boxOfActin.MyoMiniFilament@2d5e069b
Crazy forceSum in boxOfActin.MyoRod@27a66deb
Crazy forceSum in boxOfActin.MyoRod@62a4f77b
Crazy forceSum in boxOfActin.MyoRod@3f135f6a
Crazy forceSum in boxOfActin.MyoRod@530cd635
Crazy forceSum in boxOfActin.MyoRod@4751208a
Crazy forceSum in boxOfActin.MyoRod@28b0834
Crazy forceSum in boxOfActin.MyoRod@27c6ef00
Crazy forceSum in boxOfActin.MyoRod@124e38b3
Crazy forceSum in boxOfActin.MyoRod@5c550f00
Crazy forceSum in boxOfActin.MyoRod@6c57616
Crazy forceSum in boxOfActin.MyoRod@16eb3721
Crazy forceSum in boxOfActin.MyoRod@75831eef
Crazy forceSum in boxOfActin.MyoRod@1da2250
Crazy forceSum in boxOfActin.MyoRod@2c0281bb
Crazy forceSum in boxOfActin.MyoRod@631fe925
Crazy forceSum in boxOfActin.MyoRod@e86f7cf
Crazy forceSum in boxOfActin.MyoMiniFilament@2d5e069b
Crazy torqueSum in boxOfActin.MyoMiniFilament@2d5e069b
Crazy forceSum in boxOfActin.MyoRod@27a66deb
Crazy forceSum in boxOfActin.MyoRod@62a4f77b
Crazy forceSum in boxOfActin.MyoRod@3f135f6a
Crazy forceSum in boxOfActin.MyoRod@530cd635
Crazy forceSum in boxOfActin.MyoRod@4751208a
Crazy forceSum in boxOfActin.MyoRod@28b0834
Crazy forceSum in boxOfActin.MyoRod@27c6ef00
Crazy forceSum in boxOfActin.MyoRod@124e38b3
Crazy forceSum in boxOfActin.MyoRod@5c550f00
Crazy forceSum in boxOfActin.MyoRod@6c57616
Crazy forceSum in boxOfActin.MyoRod@16eb3721
Crazy forceSum in boxOfActin.MyoRod@75831eef
Crazy forceSum in boxOfActin.MyoRod@1da2250
Crazy forceSum in boxOfActin.MyoRod@2c0281bb
Crazy forceSum in boxOfActin.MyoRod@631fe925
Crazy forceSum in boxOfActin.MyoRod@e86f7cf
Crazy forceSum in boxOfActin.MyoMiniFilament@2d5e069b
Crazy torqueSum in boxOfActin.MyoMiniFilament@2d5e069b
Crazy forceSum in boxOfActin.MyoRod@27a66deb
Crazy forceSum in boxOfActin.MyoRod@62a4f77b
Crazy forceSum in boxOfActin.MyoRod@3f135f6a
Crazy forceSum in boxOfActin.MyoRod@530cd635
Crazy forceSum in boxOfActin.MyoRod@4751208a
Crazy forceSum in boxOfActin.MyoRod@28b0834
Crazy forceSum in boxOfActin.MyoRod@27c6ef00
Crazy forceSum in boxOfActin.MyoRod@124e38b3
Crazy forceSum in boxOfActin.MyoRod@5c550f00
Crazy forceSum in boxOfActin.MyoRod@6c57616
Crazy forceSum in boxOfActin.MyoRod@16eb3721
Crazy forceSum in boxOfActin.MyoRod@75831eef
Crazy forceSum in boxOfActin.MyoRod@1da2250
Crazy forceSum in boxOfActin.MyoRod@2c0281bb
Crazy forceSum in boxOfActin.MyoRod@631fe925
Crazy forceSum in boxOfActin.MyoRod@e86f7cf
Crazy forceSum in boxOfActin.MyoMiniFilament@2d5e069b
Crazy torqueSum in boxOfActin.MyoMiniFilament@2d5e069b
Crazy forceSum in boxOfActin.MyoRod@27a66deb
Crazy forceSum in boxOfActin.MyoRod@62a4f77b
Crazy forceSum in boxOfActin.MyoRod@3f135f6a
Crazy forceSum in boxOfActin.MyoRod@530cd635
Crazy forceSum in boxOfActin.MyoRod@4751208a
Crazy forceSum in boxOfActin.MyoRod@28b0834
Crazy forceSum in boxOfActin.MyoRod@27c6ef00
Crazy forceSum in boxOfActin.MyoRod@124e38b3
Crazy forceSum in boxOfActin.MyoRod@5c550f00
Crazy forceSum in boxOfActin.MyoRod@6c57616
Crazy forceSum in boxOfActin.MyoRod@16eb3721
Crazy forceSum in boxOfActin.MyoRod@75831eef
Crazy forceSum in boxOfActin.MyoRod@1da2250
Crazy forceSum in boxOfActin.MyoRod@2c0281bb
Crazy forceSum in boxOfActin.MyoRod@631fe925
Crazy forceSum in boxOfActin.MyoRod@e86f7cf
Crazy forceSum in boxOfActin.MyoMiniFilament@2d5e069b
Crazy torqueSum in boxOfActin.MyoMiniFilament@2d5e069b
Crazy forceSum in boxOfActin.MyoRod@27a66deb
Crazy forceSum in boxOfActin.MyoRod@62a4f77b
Crazy forceSum in boxOfActin.MyoRod@3f135f6a
Crazy forceSum in boxOfActin.MyoRod@530cd635
Crazy forceSum in boxOfActin.MyoRod@4751208a
Crazy forceSum in boxOfActin.MyoRod@28b0834
Crazy forceSum in boxOfActin.MyoRod@27c6ef00
Crazy forceSum in boxOfActin.MyoRod@124e38b3
Crazy forceSum in boxOfActin.MyoRod@5c550f00
Crazy forceSum in boxOfActin.MyoRod@6c57616
Crazy forceSum in boxOfActin.MyoRod@16eb3721
Crazy forceSum in boxOfActin.MyoRod@75831eef
Crazy forceSum in boxOfActin.MyoRod@1da2250
Crazy forceSum in boxOfActin.MyoRod@2c0281bb
Crazy forceSum in boxOfActin.MyoRod@631fe925
Crazy forceSum in boxOfActin.MyoRod@e86f7cf
Crazy forceSum in boxOfActin.MyoMiniFilament@2d5e069b
Crazy torqueSum in boxOfActin.MyoMiniFilament@2d5e069b
Crazy forceSum in boxOfActin.MyoRod@27a66deb
Crazy forceSum in boxOfActin.MyoRod@62a4f77b
Crazy forceSum in boxOfActin.MyoRod@3f135f6a
Crazy forceSum in boxOfActin.MyoRod@530cd635
Crazy forceSum in boxOfActin.MyoRod@4751208a
Crazy forceSum in boxOfActin.MyoRod@28b0834
Crazy forceSum in boxOfActin.MyoRod@27c6ef00
Crazy forceSum in boxOfActin.MyoRod@124e38b3
Crazy forceSum in boxOfActin.MyoRod@5c550f00
Crazy forceSum in boxOfActin.MyoRod@6c57616
Crazy forceSum in boxOfActin.MyoRod@16eb3721
Crazy forceSum in boxOfActin.MyoRod@75831eef
Crazy forceSum in boxOfActin.MyoRod@1da2250
Crazy forceSum in boxOfActin.MyoRod@2c0281bb
Crazy forceSum in boxOfActin.MyoRod@631fe925
Crazy forceSum in boxOfActin.MyoRod@e86f7cf
Crazy forceSum in boxOfActin.MyoMiniFilament@2d5e069b
Crazy torqueSum in boxOfActin.MyoMiniFilament@2d5e069b
Crazy forceSum in boxOfActin.MyoRod@27a66deb
Crazy forceSum in boxOfActin.MyoRod@62a4f77b
Crazy forceSum in boxOfActin.MyoRod@3f135f6a
Crazy forceSum in boxOfActin.MyoRod@530cd635
Crazy forceSum in boxOfActin.MyoRod@4751208a
Crazy forceSum in boxOfActin.MyoRod@28b0834
Crazy forceSum in boxOfActin.MyoRod@27c6ef00
Crazy forceSum in boxOfActin.MyoRod@124e38b3
Crazy forceSum in boxOfActin.MyoRod@5c550f00
Crazy forceSum in boxOfActin.MyoRod@6c57616
Crazy forceSum in boxOfActin.MyoRod@16eb3721
Crazy forceSum in boxOfActin.MyoRod@75831eef
Crazy forceSum in boxOfActin.MyoRod@1da2250
Crazy forceSum in boxOfActin.MyoRod@2c0281bb
Crazy forceSum in boxOfActin.MyoRod@631fe925
Crazy forceSum in boxOfActin.MyoRod@e86f7cf
Crazy forceSum in boxOfActin.MyoMiniFilament@2d5e069b
Crazy torqueSum in boxOfActin.MyoMiniFilament@2d5e069b
Crazy forceSum in boxOfActin.MyoRod@27a66deb
Crazy forceSum in boxOfActin.MyoRod@62a4f77b
Crazy forceSum in boxOfActin.MyoRod@3f135f6a
Crazy forceSum in boxOfActin.MyoRod@530cd635
Crazy forceSum in boxOfActin.MyoRod@4751208a
Crazy forceSum in boxOfActin.MyoRod@28b0834
Crazy forceSum in boxOfActin.MyoRod@27c6ef00
Crazy forceSum in boxOfActin.MyoRod@124e38b3
Crazy forceSum in boxOfActin.MyoRod@5c550f00
Crazy forceSum in boxOfActin.MyoRod@6c57616
Crazy forceSum in boxOfActin.MyoRod@16eb3721
Crazy forceSum in boxOfActin.MyoRod@75831eef
Crazy forceSum in boxOfActin.MyoRod@1da2250
Crazy forceSum in boxOfActin.MyoRod@2c0281bb
Crazy forceSum in boxOfActin.MyoRod@631fe925
Crazy forceSum in boxOfActin.MyoRod@e86f7cf
Crazy forceSum in boxOfActin.MyoMiniFilament@2d5e069b
Crazy torqueSum in boxOfActin.MyoMiniFilament@2d5e069b
Crazy forceSum in boxOfActin.MyoRod@27a66deb
Crazy forceSum in boxOfActin.MyoRod@62a4f77b
Crazy forceSum in boxOfActin.MyoRod@3f135f6a
Crazy forceSum in boxOfActin.MyoRod@530cd635
Crazy forceSum in boxOfActin.MyoRod@4751208a
Crazy forceSum in boxOfActin.MyoRod@28b0834
Crazy forceSum in boxOfActin.MyoRod@27c6ef00
Crazy forceSum in boxOfActin.MyoRod@124e38b3
Crazy forceSum in boxOfActin.MyoRod@5c550f00
Crazy forceSum in boxOfActin.MyoRod@6c57616
Crazy forceSum in boxOfActin.MyoRod@16eb3721
Crazy forceSum in boxOfActin.MyoRod@75831eef
Crazy forceSum in boxOfActin.MyoRod@1da2250
Crazy forceSum in boxOfActin.MyoRod@2c0281bb
Crazy forceSum in boxOfActin.MyoRod@631fe925
Crazy forceSum in boxOfActin.MyoRod@e86f7cf
Crazy forceSum in boxOfActin.MyoMiniFilament@2d5e069b
Crazy torqueSum in boxOfActin.MyoMiniFilament@2d5e069b
Crazy forceSum in boxOfActin.MyoRod@27a66deb
Crazy forceSum in boxOfActin.MyoRod@62a4f77b
Crazy forceSum in boxOfActin.MyoRod@3f135f6a
Crazy forceSum in boxOfActin.MyoRod@530cd635
Crazy forceSum in boxOfActin.MyoRod@4751208a
Crazy forceSum in boxOfActin.MyoRod@28b0834
Crazy forceSum in boxOfActin.MyoRod@27c6ef00
Crazy forceSum in boxOfActin.MyoRod@124e38b3
Crazy forceSum in boxOfActin.MyoRod@5c550f00
Crazy forceSum in boxOfActin.MyoRod@6c57616
Crazy forceSum in boxOfActin.MyoRod@16eb3721
Crazy forceSum in boxOfActin.MyoRod@75831eef
Crazy forceSum in boxOfActin.MyoRod@1da2250
Crazy forceSum in boxOfActin.MyoRod@2c0281bb
Crazy forceSum in boxOfActin.MyoRod@631fe925
Crazy forceSum in boxOfActin.MyoRod@e86f7cf
Crazy forceSum in boxOfActin.MyoMiniFilament@2d5e069b
Crazy torqueSum in boxOfActin.MyoMiniFilament@2d5e069b
Crazy forceSum in boxOfActin.MyoRod@27a66deb
Crazy forceSum in boxOfActin.MyoRod@62a4f77b
Crazy forceSum in boxOfActin.MyoRod@3f135f6a
Crazy forceSum in boxOfActin.MyoRod@530cd635
Crazy forceSum in boxOfActin.MyoRod@4751208a
Crazy forceSum in boxOfActin.MyoRod@28b0834
Crazy forceSum in boxOfActin.MyoRod@27c6ef00
Crazy forceSum in boxOfActin.MyoRod@124e38b3
Crazy forceSum in boxOfActin.MyoRod@5c550f00
Crazy forceSum in boxOfActin.MyoRod@6c57616
Crazy forceSum in boxOfActin.MyoRod@16eb3721
Crazy forceSum in boxOfActin.MyoRod@75831eef
Crazy forceSum in boxOfActin.MyoRod@1da2250
Crazy forceSum in boxOfActin.MyoRod@2c0281bb
Crazy forceSum in boxOfActin.MyoRod@631fe925
Crazy forceSum in boxOfActin.MyoRod@e86f7cf
Crazy forceSum in boxOfActin.MyoMiniFilament@2d5e069b
Crazy torqueSum in boxOfActin.MyoMiniFilament@2d5e069b
Crazy forceSum in boxOfActin.MyoRod@27a66deb
Crazy forceSum in boxOfActin.MyoRod@62a4f77b
Crazy forceSum in boxOfActin.MyoRod@3f135f6a
Crazy forceSum in boxOfActin.MyoRod@530cd635
Crazy forceSum in boxOfActin.MyoRod@4751208a
Crazy forceSum in boxOfActin.MyoRod@28b0834
Crazy forceSum in boxOfActin.MyoRod@27c6ef00
Crazy forceSum in boxOfActin.MyoRod@124e38b3
Crazy forceSum in boxOfActin.MyoRod@5c550f00
Crazy forceSum in boxOfActin.MyoRod@6c57616
Crazy forceSum in boxOfActin.MyoRod@16eb3721
Crazy forceSum in boxOfActin.MyoRod@75831eef
Crazy forceSum in boxOfActin.MyoRod@1da2250
Crazy forceSum in boxOfActin.MyoRod@2c0281bb
Crazy forceSum in boxOfActin.MyoRod@631fe925
Crazy forceSum in boxOfActin.MyoRod@e86f7cf
Crazy forceSum in boxOfActin.MyoMiniFilament@2d5e069b
Crazy torqueSum in boxOfActin.MyoMiniFilament@2d5e069b
Crazy forceSum in boxOfActin.MyoRod@27a66deb
Crazy forceSum in boxOfActin.MyoRod@62a4f77b
Crazy forceSum in boxOfActin.MyoRod@3f135f6a
Crazy forceSum in boxOfActin.MyoRod@530cd635
Crazy forceSum in boxOfActin.MyoRod@4751208a
Crazy forceSum in boxOfActin.MyoRod@28b0834
Crazy forceSum in boxOfActin.MyoRod@27c6ef00
Crazy forceSum in boxOfActin.MyoRod@124e38b3
Crazy forceSum in boxOfActin.MyoRod@5c550f00
Crazy forceSum in boxOfActin.MyoRod@6c57616
Crazy forceSum in boxOfActin.MyoRod@16eb3721
Crazy forceSum in boxOfActin.MyoRod@75831eef
Crazy forceSum in boxOfActin.MyoRod@1da2250
Crazy forceSum in boxOfActin.MyoRod@2c0281bb
Crazy forceSum in boxOfActin.MyoRod@631fe925
Crazy forceSum in boxOfActin.MyoRod@e86f7cf
Crazy forceSum in boxOfActin.MyoMiniFilament@2d5e069b
Crazy torqueSum in boxOfActin.MyoMiniFilament@2d5e069b
Crazy forceSum in boxOfActin.MyoRod@27a66deb
Crazy forceSum in boxOfActin.MyoRod@62a4f77b
Crazy forceSum in boxOfActin.MyoRod@3f135f6a
Crazy forceSum in boxOfActin.MyoRod@530cd635
Crazy forceSum in boxOfActin.MyoRod@4751208a
Crazy forceSum in boxOfActin.MyoRod@28b0834
Crazy forceSum in boxOfActin.MyoRod@27c6ef00
Crazy forceSum in boxOfActin.MyoRod@124e38b3
Crazy forceSum in boxOfActin.MyoRod@5c550f00
Crazy forceSum in boxOfActin.MyoRod@6c57616
Crazy forceSum in boxOfActin.MyoRod@16eb3721
Crazy forceSum in boxOfActin.MyoRod@75831eef
Crazy forceSum in boxOfActin.MyoRod@1da2250
Crazy forceSum in boxOfActin.MyoRod@2c0281bb
Crazy forceSum in boxOfActin.MyoRod@631fe925
Crazy forceSum in boxOfActin.MyoRod@e86f7cf
Crazy forceSum in boxOfActin.MyoMiniFilament@2d5e069b
Crazy torqueSum in boxOfActin.MyoMiniFilament@2d5e069b
Crazy forceSum in boxOfActin.MyoRod@27a66deb
Crazy forceSum in boxOfActin.MyoRod@62a4f77b
Crazy forceSum in boxOfActin.MyoRod@3f135f6a
Crazy forceSum in boxOfActin.MyoRod@530cd635
Crazy forceSum in boxOfActin.MyoRod@4751208a
Crazy forceSum in boxOfActin.MyoRod@28b0834
Crazy forceSum in boxOfActin.MyoRod@27c6ef00
Crazy forceSum in boxOfActin.MyoRod@124e38b3
Crazy forceSum in boxOfActin.MyoRod@5c550f00
Crazy forceSum in boxOfActin.MyoRod@6c57616
Crazy forceSum in boxOfActin.MyoRod@16eb3721
Crazy forceSum in boxOfActin.MyoRod@75831eef
Crazy forceSum in boxOfActin.MyoRod@1da2250
Crazy forceSum in boxOfActin.MyoRod@2c0281bb
Crazy forceSum in boxOfActin.MyoRod@631fe925
Crazy forceSum in boxOfActin.MyoRod@e86f7cf
Crazy forceSum in boxOfActin.MyoMiniFilament@2d5e069b
Crazy torqueSum in boxOfActin.MyoMiniFilament@2d5e069b
Crazy forceSum in boxOfActin.MyoRod@27a66deb
Crazy forceSum in boxOfActin.MyoRod@62a4f77b
Crazy forceSum in boxOfActin.MyoRod@3f135f6a
Crazy forceSum in boxOfActin.MyoRod@530cd635
Crazy forceSum in boxOfActin.MyoRod@4751208a
Crazy forceSum in boxOfActin.MyoRod@28b0834
Crazy forceSum in boxOfActin.MyoRod@27c6ef00
Crazy forceSum in boxOfActin.MyoRod@124e38b3
Crazy forceSum in boxOfActin.MyoRod@5c550f00
Crazy forceSum in boxOfActin.MyoRod@6c57616
Crazy forceSum in boxOfActin.MyoRod@16eb3721
Crazy forceSum in boxOfActin.MyoRod@75831eef
Crazy forceSum in boxOfActin.MyoRod@1da2250
Crazy forceSum in boxOfActin.MyoRod@2c0281bb
Crazy forceSum in boxOfActin.MyoRod@631fe925
Crazy forceSum in boxOfActin.MyoRod@e86f7cf
Crazy forceSum in boxOfActin.MyoMiniFilament@2d5e069b
Crazy torqueSum in boxOfActin.MyoMiniFilament@2d5e069b
Crazy forceSum in boxOfActin.MyoRod@27a66deb
Crazy forceSum in boxOfActin.MyoRod@62a4f77b
Crazy forceSum in boxOfActin.MyoRod@3f135f6a
Crazy forceSum in boxOfActin.MyoRod@530cd635
Crazy forceSum in boxOfActin.MyoRod@4751208a
Crazy forceSum in boxOfActin.MyoRod@28b0834
Crazy forceSum in boxOfActin.MyoRod@27c6ef00
Crazy forceSum in boxOfActin.MyoRod@124e38b3
Crazy forceSum in boxOfActin.MyoRod@5c550f00
Crazy forceSum in boxOfActin.MyoRod@6c57616
Crazy forceSum in boxOfActin.MyoRod@16eb3721
Crazy forceSum in boxOfActin.MyoRod@75831eef
Crazy forceSum in boxOfActin.MyoRod@1da2250
Crazy forceSum in boxOfActin.MyoRod@2c0281bb
Crazy forceSum in boxOfActin.MyoRod@631fe925
Crazy forceSum in boxOfActin.MyoRod@e86f7cf
Crazy forceSum in boxOfActin.MyoMiniFilament@2d5e069b
Crazy torqueSum in boxOfActin.MyoMiniFilament@2d5e069b
Crazy forceSum in boxOfActin.MyoRod@27a66deb
Crazy forceSum in boxOfActin.MyoRod@62a4f77b
Crazy forceSum in boxOfActin.MyoRod@3f135f6a
Crazy forceSum in boxOfActin.MyoRod@530cd635
Crazy forceSum in boxOfActin.MyoRod@4751208a
Crazy forceSum in boxOfActin.MyoRod@28b0834
Crazy forceSum in boxOfActin.MyoRod@27c6ef00
Crazy forceSum in boxOfActin.MyoRod@124e38b3
Crazy forceSum in boxOfActin.MyoRod@5c550f00
Crazy forceSum in boxOfActin.MyoRod@6c57616
Crazy forceSum in boxOfActin.MyoRod@16eb3721
Crazy forceSum in boxOfActin.MyoRod@75831eef
Crazy forceSum in boxOfActin.MyoRod@1da2250
Crazy forceSum in boxOfActin.MyoRod@2c0281bb
Crazy forceSum in boxOfActin.MyoRod@631fe925
Crazy forceSum in boxOfActin.MyoRod@e86f7cf
Crazy forceSum in boxOfActin.MyoMiniFilament@2d5e069b
Crazy torqueSum in boxOfActin.MyoMiniFilament@2d5e069b
Crazy forceSum in boxOfActin.MyoRod@27a66deb
Crazy forceSum in boxOfActin.MyoRod@62a4f77b
Crazy forceSum in boxOfActin.MyoRod@3f135f6a
Crazy forceSum in boxOfActin.MyoRod@530cd635
Crazy forceSum in boxOfActin.MyoRod@4751208a
Crazy forceSum in boxOfActin.MyoRod@28b0834
Crazy forceSum in boxOfActin.MyoRod@27c6ef00
Crazy forceSum in boxOfActin.MyoRod@124e38b3
Crazy forceSum in boxOfActin.MyoRod@5c550f00
Crazy forceSum in boxOfActin.MyoRod@6c57616
Crazy forceSum in boxOfActin.MyoRod@16eb3721
Crazy forceSum in boxOfActin.MyoRod@75831eef
Crazy forceSum in boxOfActin.MyoRod@1da2250
Crazy forceSum in boxOfActin.MyoRod@2c0281bb
Crazy forceSum in boxOfActin.MyoRod@631fe925
Crazy forceSum in boxOfActin.MyoRod@e86f7cf
Crazy forceSum in boxOfActin.MyoMiniFilament@2d5e069b
Crazy torqueSum in boxOfActin.MyoMiniFilament@2d5e069b
Crazy forceSum in boxOfActin.MyoRod@27a66deb
Crazy forceSum in boxOfActin.MyoRod@62a4f77b
Crazy forceSum in boxOfActin.MyoRod@3f135f6a
Crazy forceSum in boxOfActin.MyoRod@530cd635
Crazy forceSum in boxOfActin.MyoRod@4751208a
Crazy forceSum in boxOfActin.MyoRod@28b0834
Crazy forceSum in boxOfActin.MyoRod@27c6ef00
Crazy forceSum in boxOfActin.MyoRod@124e38b3
Crazy forceSum in boxOfActin.MyoRod@5c550f00
Crazy forceSum in boxOfActin.MyoRod@6c57616
Crazy forceSum in boxOfActin.MyoRod@16eb3721
Crazy forceSum in boxOfActin.MyoRod@75831eef
Crazy forceSum in boxOfActin.MyoRod@1da2250
Crazy forceSum in boxOfActin.MyoRod@2c0281bb
Crazy forceSum in boxOfActin.MyoRod@631fe925
Crazy forceSum in boxOfActin.MyoRod@e86f7cf
Crazy forceSum in boxOfActin.MyoMiniFilament@2d5e069b
Crazy torqueSum in boxOfActin.MyoMiniFilament@2d5e069b
Crazy forceSum in boxOfActin.MyoRod@27a66deb
Crazy forceSum in boxOfActin.MyoRod@62a4f77b
Crazy forceSum in boxOfActin.MyoRod@3f135f6a
Crazy forceSum in boxOfActin.MyoRod@530cd635
Crazy forceSum in boxOfActin.MyoRod@4751208a
Crazy forceSum in boxOfActin.MyoRod@28b0834
Crazy forceSum in boxOfActin.MyoRod@27c6ef00
Crazy forceSum in boxOfActin.MyoRod@124e38b3
Crazy forceSum in boxOfActin.MyoRod@5c550f00
Crazy forceSum in boxOfActin.MyoRod@6c57616
Crazy forceSum in boxOfActin.MyoRod@16eb3721
Crazy forceSum in boxOfActin.MyoRod@75831eef
Crazy forceSum in boxOfActin.MyoRod@1da2250
Crazy forceSum in boxOfActin.MyoRod@2c0281bb
Crazy forceSum in boxOfActin.MyoRod@631fe925
Crazy forceSum in boxOfActin.MyoRod@e86f7cf
Crazy forceSum in boxOfActin.MyoMiniFilament@2d5e069b
Crazy torqueSum in boxOfActin.MyoMiniFilament@2d5e069b
Crazy forceSum in boxOfActin.MyoRod@27a66deb
Crazy forceSum in boxOfActin.MyoRod@62a4f77b
Crazy forceSum in boxOfActin.MyoRod@3f135f6a
Crazy forceSum in boxOfActin.MyoRod@530cd635
Crazy forceSum in boxOfActin.MyoRod@4751208a
Crazy forceSum in boxOfActin.MyoRod@28b0834
Crazy forceSum in boxOfActin.MyoRod@27c6ef00
Crazy forceSum in boxOfActin.MyoRod@124e38b3
Crazy forceSum in boxOfActin.MyoRod@5c550f00
Crazy forceSum in boxOfActin.MyoRod@6c57616
Crazy forceSum in boxOfActin.MyoRod@16eb3721
Crazy forceSum in boxOfActin.MyoRod@75831eef
Crazy forceSum in boxOfActin.MyoRod@1da2250
Crazy forceSum in boxOfActin.MyoRod@2c0281bb
Crazy forceSum in boxOfActin.MyoRod@631fe925
Crazy forceSum in boxOfActin.MyoRod@e86f7cf
Crazy forceSum in boxOfActin.MyoMiniFilament@2d5e069b
Crazy torqueSum in boxOfActin.MyoMiniFilament@2d5e069b
Crazy forceSum in boxOfActin.MyoRod@27a66deb
Crazy forceSum in boxOfActin.MyoRod@62a4f77b
Crazy forceSum in boxOfActin.MyoRod@3f135f6a
Crazy forceSum in boxOfActin.MyoRod@530cd635
Crazy forceSum in boxOfActin.MyoRod@4751208a
Crazy forceSum in boxOfActin.MyoRod@28b0834
Crazy forceSum in boxOfActin.MyoRod@27c6ef00
Crazy forceSum in boxOfActin.MyoRod@124e38b3
Crazy forceSum in boxOfActin.MyoRod@5c550f00
Crazy forceSum in boxOfActin.MyoRod@6c57616
Crazy forceSum in boxOfActin.MyoRod@16eb3721
Crazy forceSum in boxOfActin.MyoRod@75831eef
Crazy forceSum in boxOfActin.MyoRod@1da2250
Crazy forceSum in boxOfActin.MyoRod@2c0281bb
Crazy forceSum in boxOfActin.MyoRod@631fe925
Crazy forceSum in boxOfActin.MyoRod@e86f7cf
Crazy forceSum in boxOfActin.MyoMiniFilament@2d5e069b
Crazy torqueSum in boxOfActin.MyoMiniFilament@2d5e069b
Crazy forceSum in boxOfActin.MyoRod@27a66deb
Crazy forceSum in boxOfActin.MyoRod@62a4f77b
Crazy forceSum in boxOfActin.MyoRod@3f135f6a
Crazy forceSum in boxOfActin.MyoRod@530cd635
Crazy forceSum in boxOfActin.MyoRod@4751208a
Crazy forceSum in boxOfActin.MyoRod@28b0834
Crazy forceSum in boxOfActin.MyoRod@27c6ef00
Crazy forceSum in boxOfActin.MyoRod@124e38b3
Crazy forceSum in boxOfActin.MyoRod@5c550f00
Crazy forceSum in boxOfActin.MyoRod@6c57616
Crazy forceSum in boxOfActin.MyoRod@16eb3721
Crazy forceSum in boxOfActin.MyoRod@75831eef
Crazy forceSum in boxOfActin.MyoRod@1da2250
Crazy forceSum in boxOfActin.MyoRod@2c0281bb
Crazy forceSum in boxOfActin.MyoRod@631fe925
Crazy forceSum in boxOfActin.MyoRod@e86f7cf
Crazy forceSum in boxOfActin.MyoMiniFilament@2d5e069b
Crazy torqueSum in boxOfActin.MyoMiniFilament@2d5e069b
Crazy forceSum in boxOfActin.MyoRod@27a66deb
Crazy forceSum in boxOfActin.MyoRod@62a4f77b
Crazy forceSum in boxOfActin.MyoRod@3f135f6a
Crazy forceSum in boxOfActin.MyoRod@530cd635
Crazy forceSum in boxOfActin.MyoRod@4751208a
Crazy forceSum in boxOfActin.MyoRod@28b0834
Crazy forceSum in boxOfActin.MyoRod@27c6ef00
Crazy forceSum in boxOfActin.MyoRod@124e38b3
Crazy forceSum in boxOfActin.MyoRod@5c550f00
Crazy forceSum in boxOfActin.MyoRod@6c57616
Crazy forceSum in boxOfActin.MyoRod@16eb3721
Crazy forceSum in boxOfActin.MyoRod@75831eef
Crazy forceSum in boxOfActin.MyoRod@1da2250
Crazy forceSum in boxOfActin.MyoRod@2c0281bb
Crazy forceSum in boxOfActin.MyoRod@631fe925
Crazy forceSum in boxOfActin.MyoRod@e86f7cf
Crazy forceSum in boxOfActin.MyoMiniFilament@2d5e069b
Crazy torqueSum in boxOfActin.MyoMiniFilament@2d5e069b
Crazy forceSum in boxOfActin.MyoRod@27a66deb
Crazy forceSum in boxOfActin.MyoRod@62a4f77b
Crazy forceSum in boxOfActin.MyoRod@3f135f6a
Crazy forceSum in boxOfActin.MyoRod@530cd635
Crazy forceSum in boxOfActin.MyoRod@4751208a
Crazy forceSum in boxOfActin.MyoRod@28b0834
Crazy forceSum in boxOfActin.MyoRod@27c6ef00
Crazy forceSum in boxOfActin.MyoRod@124e38b3
Crazy forceSum in boxOfActin.MyoRod@5c550f00
Crazy forceSum in boxOfActin.MyoRod@6c57616
Crazy forceSum in boxOfActin.MyoRod@16eb3721
Crazy forceSum in boxOfActin.MyoRod@75831eef
Crazy forceSum in boxOfActin.MyoRod@1da2250
Crazy forceSum in boxOfActin.MyoRod@2c0281bb
Crazy forceSum in boxOfActin.MyoRod@631fe925
Crazy forceSum in boxOfActin.MyoRod@e86f7cf
Crazy forceSum in boxOfActin.MyoMiniFilament@2d5e069b
Crazy torqueSum in boxOfActin.MyoMiniFilament@2d5e069b
Crazy forceSum in boxOfActin.MyoRod@27a66deb
Crazy forceSum in boxOfActin.MyoRod@62a4f77b
Crazy forceSum in boxOfActin.MyoRod@3f135f6a
Crazy forceSum in boxOfActin.MyoRod@530cd635
Crazy forceSum in boxOfActin.MyoRod@4751208a
Crazy forceSum in boxOfActin.MyoRod@28b0834
Crazy forceSum in boxOfActin.MyoRod@27c6ef00
Crazy forceSum in boxOfActin.MyoRod@124e38b3
Crazy forceSum in boxOfActin.MyoRod@5c550f00
Crazy forceSum in boxOfActin.MyoRod@6c57616
Crazy forceSum in boxOfActin.MyoRod@16eb3721
Crazy forceSum in boxOfActin.MyoRod@75831eef
Crazy forceSum in boxOfActin.MyoRod@1da2250
Crazy forceSum in boxOfActin.MyoRod@2c0281bb
Crazy forceSum in boxOfActin.MyoRod@631fe925
Crazy forceSum in boxOfActin.MyoRod@e86f7cf
Crazy forceSum in boxOfActin.MyoMiniFilament@2d5e069b
Crazy torqueSum in boxOfActin.MyoMiniFilament@2d5e069b
Crazy forceSum in boxOfActin.MyoRod@27a66deb
Crazy forceSum in boxOfActin.MyoRod@62a4f77b
Crazy forceSum in boxOfActin.MyoRod@3f135f6a
Crazy forceSum in boxOfActin.MyoRod@530cd635
Crazy forceSum in boxOfActin.MyoRod@4751208a
Crazy forceSum in boxOfActin.MyoRod@28b0834
Crazy forceSum in boxOfActin.MyoRod@27c6ef00
Crazy forceSum in boxOfActin.MyoRod@124e38b3
Crazy forceSum in boxOfActin.MyoRod@5c550f00
Crazy forceSum in boxOfActin.MyoRod@6c57616
Crazy forceSum in boxOfActin.MyoRod@16eb3721
Crazy forceSum in boxOfActin.MyoRod@75831eef
Crazy forceSum in boxOfActin.MyoRod@1da2250
Crazy forceSum in boxOfActin.MyoRod@2c0281bb
Crazy forceSum in boxOfActin.MyoRod@631fe925
Crazy forceSum in boxOfActin.MyoRod@e86f7cf
Crazy forceSum in boxOfActin.MyoMiniFilament@2d5e069b
Crazy torqueSum in boxOfActin.MyoMiniFilament@2d5e069b
Crazy forceSum in boxOfActin.MyoRod@27a66deb
Crazy forceSum in boxOfActin.MyoRod@62a4f77b
Crazy forceSum in boxOfActin.MyoRod@3f135f6a
Crazy forceSum in boxOfActin.MyoRod@530cd635
Crazy forceSum in boxOfActin.MyoRod@4751208a
Crazy forceSum in boxOfActin.MyoRod@28b0834
Crazy forceSum in boxOfActin.MyoRod@27c6ef00
Crazy forceSum in boxOfActin.MyoRod@124e38b3
Crazy forceSum in boxOfActin.MyoRod@5c550f00
Crazy forceSum in boxOfActin.MyoRod@6c57616
Crazy forceSum in boxOfActin.MyoRod@16eb3721
Crazy forceSum in boxOfActin.MyoRod@75831eef
Crazy forceSum in boxOfActin.MyoRod@1da2250
Crazy forceSum in boxOfActin.MyoRod@2c0281bb
Crazy forceSum in boxOfActin.MyoRod@631fe925
Crazy forceSum in boxOfActin.MyoRod@e86f7cf
Crazy forceSum in boxOfActin.MyoMiniFilament@2d5e069b
Crazy torqueSum in boxOfActin.MyoMiniFilament@2d5e069b
Crazy forceSum in boxOfActin.MyoRod@27a66deb
Crazy forceSum in boxOfActin.MyoRod@62a4f77b
Crazy forceSum in boxOfActin.MyoRod@3f135f6a
Crazy forceSum in boxOfActin.MyoRod@530cd635
Crazy forceSum in boxOfActin.MyoRod@4751208a
Crazy forceSum in boxOfActin.MyoRod@28b0834
Crazy forceSum in boxOfActin.MyoRod@27c6ef00
Crazy forceSum in boxOfActin.MyoRod@124e38b3
Crazy forceSum in boxOfActin.MyoRod@5c550f00
Crazy forceSum in boxOfActin.MyoRod@6c57616
Crazy forceSum in boxOfActin.MyoRod@16eb3721
Crazy forceSum in boxOfActin.MyoRod@75831eef
Crazy forceSum in boxOfActin.MyoRod@1da2250
Crazy forceSum in boxOfActin.MyoRod@2c0281bb
Crazy forceSum in boxOfActin.MyoRod@631fe925
Crazy forceSum in boxOfActin.MyoRod@e86f7cf
Crazy forceSum in boxOfActin.MyoMiniFilament@2d5e069b
Crazy torqueSum in boxOfActin.MyoMiniFilament@2d5e069b
Crazy forceSum in boxOfActin.MyoRod@27a66deb
Crazy forceSum in boxOfActin.MyoRod@62a4f77b
Crazy forceSum in boxOfActin.MyoRod@3f135f6a
Crazy forceSum in boxOfActin.MyoRod@530cd635
Crazy forceSum in boxOfActin.MyoRod@4751208a
Crazy forceSum in boxOfActin.MyoRod@28b0834
Crazy forceSum in boxOfActin.MyoRod@27c6ef00
Crazy forceSum in boxOfActin.MyoRod@124e38b3
Crazy forceSum in boxOfActin.MyoRod@5c550f00
Crazy forceSum in boxOfActin.MyoRod@6c57616
Crazy forceSum in boxOfActin.MyoRod@16eb3721
Crazy forceSum in boxOfActin.MyoRod@75831eef
Crazy forceSum in boxOfActin.MyoRod@1da2250
Crazy forceSum in boxOfActin.MyoRod@2c0281bb
Crazy forceSum in boxOfActin.MyoRod@631fe925
Crazy forceSum in boxOfActin.MyoRod@e86f7cf
Crazy forceSum in boxOfActin.MyoMiniFilament@2d5e069b
Crazy torqueSum in boxOfActin.MyoMiniFilament@2d5e069b
Crazy forceSum in boxOfActin.MyoRod@27a66deb
Crazy forceSum in boxOfActin.MyoRod@62a4f77b
Crazy forceSum in boxOfActin.MyoRod@3f135f6a
Crazy forceSum in boxOfActin.MyoRod@530cd635
Crazy forceSum in boxOfActin.MyoRod@4751208a
Crazy forceSum in boxOfActin.MyoRod@28b0834
Crazy forceSum in boxOfActin.MyoRod@27c6ef00
Crazy forceSum in boxOfActin.MyoRod@124e38b3
Crazy forceSum in boxOfActin.MyoRod@5c550f00
Crazy forceSum in boxOfActin.MyoRod@6c57616
Crazy forceSum in boxOfActin.MyoRod@16eb3721
Crazy forceSum in boxOfActin.MyoRod@75831eef
Crazy forceSum in boxOfActin.MyoRod@1da2250
Crazy forceSum in boxOfActin.MyoRod@2c0281bb
Crazy forceSum in boxOfActin.MyoRod@631fe925
Crazy forceSum in boxOfActin.MyoRod@e86f7cf
Crazy forceSum in boxOfActin.MyoMiniFilament@2d5e069b
Crazy torqueSum in boxOfActin.MyoMiniFilament@2d5e069b
Crazy forceSum in boxOfActin.MyoRod@27a66deb
Crazy forceSum in boxOfActin.MyoRod@62a4f77b
Crazy forceSum in boxOfActin.MyoRod@3f135f6a
Crazy forceSum in boxOfActin.MyoRod@530cd635
Crazy forceSum in boxOfActin.MyoRod@4751208a
Crazy forceSum in boxOfActin.MyoRod@28b0834
Crazy forceSum in boxOfActin.MyoRod@27c6ef00
Crazy forceSum in boxOfActin.MyoRod@124e38b3
Crazy forceSum in boxOfActin.MyoRod@5c550f00
Crazy forceSum in boxOfActin.MyoRod@6c57616
Crazy forceSum in boxOfActin.MyoRod@16eb3721
Crazy forceSum in boxOfActin.MyoRod@75831eef
Crazy forceSum in boxOfActin.MyoRod@1da2250
Crazy forceSum in boxOfActin.MyoRod@2c0281bb
Crazy forceSum in boxOfActin.MyoRod@631fe925
Crazy forceSum in boxOfActin.MyoRod@e86f7cf
Crazy forceSum in boxOfActin.MyoMiniFilament@2d5e069b
Crazy torqueSum in boxOfActin.MyoMiniFilament@2d5e069b
Crazy forceSum in boxOfActin.MyoRod@27a66deb
Crazy forceSum in boxOfActin.MyoRod@62a4f77b
Crazy forceSum in boxOfActin.MyoRod@3f135f6a
Crazy forceSum in boxOfActin.MyoRod@530cd635
Crazy forceSum in boxOfActin.MyoRod@4751208a
Crazy forceSum in boxOfActin.MyoRod@28b0834
Crazy forceSum in boxOfActin.MyoRod@27c6ef00
Crazy forceSum in boxOfActin.MyoRod@124e38b3
Crazy forceSum in boxOfActin.MyoRod@5c550f00
Crazy forceSum in boxOfActin.MyoRod@6c57616
Crazy forceSum in boxOfActin.MyoRod@16eb3721
Crazy forceSum in boxOfActin.MyoRod@75831eef
Crazy forceSum in boxOfActin.MyoRod@1da2250
Crazy forceSum in boxOfActin.MyoRod@2c0281bb
Crazy forceSum in boxOfActin.MyoRod@631fe925
Crazy forceSum in boxOfActin.MyoRod@e86f7cf
Crazy forceSum in boxOfActin.MyoMiniFilament@2d5e069b
Crazy torqueSum in boxOfActin.MyoMiniFilament@2d5e069b
Crazy forceSum in boxOfActin.MyoRod@27a66deb
Crazy forceSum in boxOfActin.MyoRod@62a4f77b
Crazy forceSum in boxOfActin.MyoRod@3f135f6a
Crazy forceSum in boxOfActin.MyoRod@530cd635
Crazy forceSum in boxOfActin.MyoRod@4751208a
Crazy forceSum in boxOfActin.MyoRod@28b0834
Crazy forceSum in boxOfActin.MyoRod@27c6ef00
Crazy forceSum in boxOfActin.MyoRod@124e38b3
Crazy forceSum in boxOfActin.MyoRod@5c550f00
Crazy forceSum in boxOfActin.MyoRod@6c57616
Crazy forceSum in boxOfActin.MyoRod@16eb3721
Crazy forceSum in boxOfActin.MyoRod@75831eef
Crazy forceSum in boxOfActin.MyoRod@1da2250
Crazy forceSum in boxOfActin.MyoRod@2c0281bb
Crazy forceSum in boxOfActin.MyoRod@631fe925
Crazy forceSum in boxOfActin.MyoRod@e86f7cf
Crazy forceSum in boxOfActin.MyoMiniFilament@2d5e069b
Crazy torqueSum in boxOfActin.MyoMiniFilament@2d5e069b
Crazy forceSum in boxOfActin.MyoRod@27a66deb
Crazy forceSum in boxOfActin.MyoRod@62a4f77b
Crazy forceSum in boxOfActin.MyoRod@3f135f6a
Crazy forceSum in boxOfActin.MyoRod@530cd635
Crazy forceSum in boxOfActin.MyoRod@4751208a
Crazy forceSum in boxOfActin.MyoRod@28b0834
Crazy forceSum in boxOfActin.MyoRod@27c6ef00
Crazy forceSum in boxOfActin.MyoRod@124e38b3
Crazy forceSum in boxOfActin.MyoRod@5c550f00
Crazy forceSum in boxOfActin.MyoRod@6c57616
Crazy forceSum in boxOfActin.MyoRod@16eb3721
Crazy forceSum in boxOfActin.MyoRod@75831eef
Crazy forceSum in boxOfActin.MyoRod@1da2250
Crazy forceSum in boxOfActin.MyoRod@2c0281bb
Crazy forceSum in boxOfActin.MyoRod@631fe925
Crazy forceSum in boxOfActin.MyoRod@e86f7cf
Crazy forceSum in boxOfActin.MyoMiniFilament@2d5e069b
Crazy torqueSum in boxOfActin.MyoMiniFilament@2d5e069b
Crazy forceSum in boxOfActin.MyoRod@27a66deb
Crazy forceSum in boxOfActin.MyoRod@62a4f77b
Crazy forceSum in boxOfActin.MyoRod@3f135f6a
Crazy forceSum in boxOfActin.MyoRod@530cd635
Crazy forceSum in boxOfActin.MyoRod@4751208a
Crazy forceSum in boxOfActin.MyoRod@28b0834
Crazy forceSum in boxOfActin.MyoRod@27c6ef00
Crazy forceSum in boxOfActin.MyoRod@124e38b3
Crazy forceSum in boxOfActin.MyoRod@5c550f00
Crazy forceSum in boxOfActin.MyoRod@6c57616
Crazy forceSum in boxOfActin.MyoRod@16eb3721
Crazy forceSum in boxOfActin.MyoRod@75831eef
Crazy forceSum in boxOfActin.MyoRod@1da2250
Crazy forceSum in boxOfActin.MyoRod@2c0281bb
Crazy forceSum in boxOfActin.MyoRod@631fe925
Crazy forceSum in boxOfActin.MyoRod@e86f7cf
Crazy forceSum in boxOfActin.MyoMiniFilament@2d5e069b
Crazy torqueSum in boxOfActin.MyoMiniFilament@2d5e069b
Crazy forceSum in boxOfActin.MyoRod@27a66deb
Crazy forceSum in boxOfActin.MyoRod@62a4f77b
Crazy forceSum in boxOfActin.MyoRod@3f135f6a
Crazy forceSum in boxOfActin.MyoRod@530cd635
Crazy forceSum in boxOfActin.MyoRod@4751208a
Crazy forceSum in boxOfActin.MyoRod@28b0834
Crazy forceSum in boxOfActin.MyoRod@27c6ef00
Crazy forceSum in boxOfActin.MyoRod@124e38b3
Crazy forceSum in boxOfActin.MyoRod@5c550f00
Crazy forceSum in boxOfActin.MyoRod@6c57616
Crazy forceSum in boxOfActin.MyoRod@16eb3721
Crazy forceSum in boxOfActin.MyoRod@75831eef
Crazy forceSum in boxOfActin.MyoRod@1da2250
Crazy forceSum in boxOfActin.MyoRod@2c0281bb
Crazy forceSum in boxOfActin.MyoRod@631fe925
Crazy forceSum in boxOfActin.MyoRod@e86f7cf
Crazy forceSum in boxOfActin.MyoMiniFilament@2d5e069b
Crazy torqueSum in boxOfActin.MyoMiniFilament@2d5e069b
Crazy forceSum in boxOfActin.MyoRod@27a66deb
Crazy forceSum in boxOfActin.MyoRod@62a4f77b
Crazy forceSum in boxOfActin.MyoRod@3f135f6a
Crazy forceSum in boxOfActin.MyoRod@530cd635
Crazy forceSum in boxOfActin.MyoRod@4751208a
Crazy forceSum in boxOfActin.MyoRod@28b0834
Crazy forceSum in boxOfActin.MyoRod@27c6ef00
Crazy forceSum in boxOfActin.MyoRod@124e38b3
Crazy forceSum in boxOfActin.MyoRod@5c550f00
Crazy forceSum in boxOfActin.MyoRod@6c57616
Crazy forceSum in boxOfActin.MyoRod@16eb3721
Crazy forceSum in boxOfActin.MyoRod@75831eef
Crazy forceSum in boxOfActin.MyoRod@1da2250
Crazy forceSum in boxOfActin.MyoRod@2c0281bb
Crazy forceSum in boxOfActin.MyoRod@631fe925
Crazy forceSum in boxOfActin.MyoRod@e86f7cf
Crazy forceSum in boxOfActin.MyoMiniFilament@2d5e069b
Crazy torqueSum in boxOfActin.MyoMiniFilament@2d5e069b
Crazy forceSum in boxOfActin.MyoRod@27a66deb
Crazy forceSum in boxOfActin.MyoRod@62a4f77b
Crazy forceSum in boxOfActin.MyoRod@3f135f6a
Crazy forceSum in boxOfActin.MyoRod@530cd635
Crazy forceSum in boxOfActin.MyoRod@4751208a
Crazy forceSum in boxOfActin.MyoRod@28b0834
Crazy forceSum in boxOfActin.MyoRod@27c6ef00
Crazy forceSum in boxOfActin.MyoRod@124e38b3
Crazy forceSum in boxOfActin.MyoRod@5c550f00
Crazy forceSum in boxOfActin.MyoRod@6c57616
Crazy forceSum in boxOfActin.MyoRod@16eb3721
Crazy forceSum in boxOfActin.MyoRod@75831eef
Crazy forceSum in boxOfActin.MyoRod@1da2250
Crazy forceSum in boxOfActin.MyoRod@2c0281bb
Crazy forceSum in boxOfActin.MyoRod@631fe925
Crazy forceSum in boxOfActin.MyoRod@e86f7cf
Crazy forceSum in boxOfActin.MyoMiniFilament@2d5e069b
Crazy torqueSum in boxOfActin.MyoMiniFilament@2d5e069b
Crazy forceSum in boxOfActin.MyoRod@27a66deb
Crazy forceSum in boxOfActin.MyoRod@62a4f77b
Crazy forceSum in boxOfActin.MyoRod@3f135f6a
Crazy forceSum in boxOfActin.MyoRod@530cd635
Crazy forceSum in boxOfActin.MyoRod@4751208a
Crazy forceSum in boxOfActin.MyoRod@28b0834
Crazy forceSum in boxOfActin.MyoRod@27c6ef00
Crazy forceSum in boxOfActin.MyoRod@124e38b3
Crazy forceSum in boxOfActin.MyoRod@5c550f00
Crazy forceSum in boxOfActin.MyoRod@6c57616
Crazy forceSum in boxOfActin.MyoRod@16eb3721
Crazy forceSum in boxOfActin.MyoRod@75831eef
Crazy forceSum in boxOfActin.MyoRod@1da2250
Crazy forceSum in boxOfActin.MyoRod@2c0281bb
Crazy forceSum in boxOfActin.MyoRod@631fe925
Crazy forceSum in boxOfActin.MyoRod@e86f7cf
Crazy forceSum in boxOfActin.MyoMiniFilament@2d5e069b
Crazy torqueSum in boxOfActin.MyoMiniFilament@2d5e069b
Crazy forceSum in boxOfActin.MyoRod@27a66deb
Crazy forceSum in boxOfActin.MyoRod@62a4f77b
Crazy forceSum in boxOfActin.MyoRod@3f135f6a
Crazy forceSum in boxOfActin.MyoRod@530cd635
Crazy forceSum in boxOfActin.MyoRod@4751208a
Crazy forceSum in boxOfActin.MyoRod@28b0834
Crazy forceSum in boxOfActin.MyoRod@27c6ef00
Crazy forceSum in boxOfActin.MyoRod@124e38b3
Crazy forceSum in boxOfActin.MyoRod@5c550f00
Crazy forceSum in boxOfActin.MyoRod@6c57616
Crazy forceSum in boxOfActin.MyoRod@16eb3721
Crazy forceSum in boxOfActin.MyoRod@75831eef
Crazy forceSum in boxOfActin.MyoRod@1da2250
Crazy forceSum in boxOfActin.MyoRod@2c0281bb
Crazy forceSum in boxOfActin.MyoRod@631fe925
Crazy forceSum in boxOfActin.MyoRod@e86f7cf
Crazy forceSum in boxOfActin.MyoMiniFilament@2d5e069b
Crazy torqueSum in boxOfActin.MyoMiniFilament@2d5e069b
Crazy forceSum in boxOfActin.MyoRod@27a66deb
Crazy forceSum in boxOfActin.MyoRod@62a4f77b
Crazy forceSum in boxOfActin.MyoRod@3f135f6a
Crazy forceSum in boxOfActin.MyoRod@530cd635
Crazy forceSum in boxOfActin.MyoRod@4751208a
Crazy forceSum in boxOfActin.MyoRod@28b0834
Crazy forceSum in boxOfActin.MyoRod@27c6ef00
Crazy forceSum in boxOfActin.MyoRod@124e38b3
Crazy forceSum in boxOfActin.MyoRod@5c550f00
Crazy forceSum in boxOfActin.MyoRod@6c57616
Crazy forceSum in boxOfActin.MyoRod@16eb3721
Crazy forceSum in boxOfActin.MyoRod@75831eef
Crazy forceSum in boxOfActin.MyoRod@1da2250
Crazy forceSum in boxOfActin.MyoRod@2c0281bb
Crazy forceSum in boxOfActin.MyoRod@631fe925
Crazy forceSum in boxOfActin.MyoRod@e86f7cf
Crazy forceSum in boxOfActin.MyoMiniFilament@2d5e069b
Crazy torqueSum in boxOfActin.MyoMiniFilament@2d5e069b
Crazy forceSum in boxOfActin.MyoRod@27a66deb
Crazy forceSum in boxOfActin.MyoRod@62a4f77b
Crazy forceSum in boxOfActin.MyoRod@3f135f6a
Crazy forceSum in boxOfActin.MyoRod@530cd635
Crazy forceSum in boxOfActin.MyoRod@4751208a
Crazy forceSum in boxOfActin.MyoRod@28b0834
Crazy forceSum in boxOfActin.MyoRod@27c6ef00
Crazy forceSum in boxOfActin.MyoRod@124e38b3
Crazy forceSum in boxOfActin.MyoRod@5c550f00
Crazy forceSum in boxOfActin.MyoRod@6c57616
Crazy forceSum in boxOfActin.MyoRod@16eb3721
Crazy forceSum in boxOfActin.MyoRod@75831eef
Crazy forceSum in boxOfActin.MyoRod@1da2250
Crazy forceSum in boxOfActin.MyoRod@2c0281bb
Crazy forceSum in boxOfActin.MyoRod@631fe925
Crazy forceSum in boxOfActin.MyoRod@e86f7cf
Crazy forceSum in boxOfActin.MyoMiniFilament@2d5e069b
Crazy torqueSum in boxOfActin.MyoMiniFilament@2d5e069b
Crazy forceSum in boxOfActin.MyoRod@27a66deb
Crazy forceSum in boxOfActin.MyoRod@62a4f77b
Crazy forceSum in boxOfActin.MyoRod@3f135f6a
Crazy forceSum in boxOfActin.MyoRod@530cd635
Crazy forceSum in boxOfActin.MyoRod@4751208a
Crazy forceSum in boxOfActin.MyoRod@28b0834
Crazy forceSum in boxOfActin.MyoRod@27c6ef00
Crazy forceSum in boxOfActin.MyoRod@124e38b3
Crazy forceSum in boxOfActin.MyoRod@5c550f00
Crazy forceSum in boxOfActin.MyoRod@6c57616
Crazy forceSum in boxOfActin.MyoRod@16eb3721
Crazy forceSum in boxOfActin.MyoRod@75831eef
Crazy forceSum in boxOfActin.MyoRod@1da2250
Crazy forceSum in boxOfActin.MyoRod@2c0281bb
Crazy forceSum in boxOfActin.MyoRod@631fe925
Crazy forceSum in boxOfActin.MyoRod@e86f7cf
Crazy forceSum in boxOfActin.MyoMiniFilament@2d5e069b
Crazy torqueSum in boxOfActin.MyoMiniFilament@2d5e069b
Crazy forceSum in boxOfActin.MyoRod@27a66deb
Crazy forceSum in boxOfActin.MyoRod@62a4f77b
Crazy forceSum in boxOfActin.MyoRod@3f135f6a
Crazy forceSum in boxOfActin.MyoRod@530cd635
Crazy forceSum in boxOfActin.MyoRod@4751208a
Crazy forceSum in boxOfActin.MyoRod@28b0834
Crazy forceSum in boxOfActin.MyoRod@27c6ef00
Crazy forceSum in boxOfActin.MyoRod@124e38b3
Crazy forceSum in boxOfActin.MyoRod@5c550f00
Crazy forceSum in boxOfActin.MyoRod@6c57616
Crazy forceSum in boxOfActin.MyoRod@16eb3721
Crazy forceSum in boxOfActin.MyoRod@75831eef
Crazy forceSum in boxOfActin.MyoRod@1da2250
Crazy forceSum in boxOfActin.MyoRod@2c0281bb
Crazy forceSum in boxOfActin.MyoRod@631fe925
Crazy forceSum in boxOfActin.MyoRod@e86f7cf
Crazy forceSum in boxOfActin.MyoMiniFilament@2d5e069b
Crazy torqueSum in boxOfActin.MyoMiniFilament@2d5e069b
Crazy forceSum in boxOfActin.MyoRod@27a66deb
Crazy forceSum in boxOfActin.MyoRod@62a4f77b
Crazy forceSum in boxOfActin.MyoRod@3f135f6a
Crazy forceSum in boxOfActin.MyoRod@530cd635
Crazy forceSum in boxOfActin.MyoRod@4751208a
Crazy forceSum in boxOfActin.MyoRod@28b0834
Crazy forceSum in boxOfActin.MyoRod@27c6ef00
Crazy forceSum in boxOfActin.MyoRod@124e38b3
Crazy forceSum in boxOfActin.MyoRod@5c550f00
Crazy forceSum in boxOfActin.MyoRod@6c57616
Crazy forceSum in boxOfActin.MyoRod@16eb3721
Crazy forceSum in boxOfActin.MyoRod@75831eef
Crazy forceSum in boxOfActin.MyoRod@1da2250
Crazy forceSum in boxOfActin.MyoRod@2c0281bb
Crazy forceSum in boxOfActin.MyoRod@631fe925
Crazy forceSum in boxOfActin.MyoRod@e86f7cf
Crazy forceSum in boxOfActin.MyoMiniFilament@2d5e069b
Crazy torqueSum in boxOfActin.MyoMiniFilament@2d5e069b
Crazy forceSum in boxOfActin.MyoRod@27a66deb
Crazy forceSum in boxOfActin.MyoRod@62a4f77b
Crazy forceSum in boxOfActin.MyoRod@3f135f6a
Crazy forceSum in boxOfActin.MyoRod@530cd635
Crazy forceSum in boxOfActin.MyoRod@4751208a
Crazy forceSum in boxOfActin.MyoRod@28b0834
Crazy forceSum in boxOfActin.MyoRod@27c6ef00
Crazy forceSum in boxOfActin.MyoRod@124e38b3
Crazy forceSum in boxOfActin.MyoRod@5c550f00
Crazy forceSum in boxOfActin.MyoRod@6c57616
Crazy forceSum in boxOfActin.MyoRod@16eb3721
Crazy forceSum in boxOfActin.MyoRod@75831eef
Crazy forceSum in boxOfActin.MyoRod@1da2250
Crazy forceSum in boxOfActin.MyoRod@2c0281bb
Crazy forceSum in boxOfActin.MyoRod@631fe925
Crazy forceSum in boxOfActin.MyoRod@e86f7cf
Crazy forceSum in boxOfActin.MyoMiniFilament@2d5e069b
Crazy torqueSum in boxOfActin.MyoMiniFilament@2d5e069b
Crazy forceSum in boxOfActin.MyoRod@27a66deb
Crazy forceSum in boxOfActin.MyoRod@62a4f77b
Crazy forceSum in boxOfActin.MyoRod@3f135f6a
Crazy forceSum in boxOfActin.MyoRod@530cd635
Crazy forceSum in boxOfActin.MyoRod@4751208a
Crazy forceSum in boxOfActin.MyoRod@28b0834
Crazy forceSum in boxOfActin.MyoRod@27c6ef00
Crazy forceSum in boxOfActin.MyoRod@124e38b3
Crazy forceSum in boxOfActin.MyoRod@5c550f00
Crazy forceSum in boxOfActin.MyoRod@6c57616
Crazy forceSum in boxOfActin.MyoRod@16eb3721
Crazy forceSum in boxOfActin.MyoRod@75831eef
Crazy forceSum in boxOfActin.MyoRod@1da2250
Crazy forceSum in boxOfActin.MyoRod@2c0281bb
Crazy forceSum in boxOfActin.MyoRod@631fe925
Crazy forceSum in boxOfActin.MyoRod@e86f7cf
Crazy forceSum in boxOfActin.MyoMiniFilament@2d5e069b
Crazy torqueSum in boxOfActin.MyoMiniFilament@2d5e069b
Crazy forceSum in boxOfActin.MyoRod@27a66deb
Crazy forceSum in boxOfActin.MyoRod@62a4f77b
Crazy forceSum in boxOfActin.MyoRod@3f135f6a
Crazy forceSum in boxOfActin.MyoRod@530cd635
Crazy forceSum in boxOfActin.MyoRod@4751208a
Crazy forceSum in boxOfActin.MyoRod@28b0834
Crazy forceSum in boxOfActin.MyoRod@27c6ef00
Crazy forceSum in boxOfActin.MyoRod@124e38b3
Crazy forceSum in boxOfActin.MyoRod@5c550f00
Crazy forceSum in boxOfActin.MyoRod@6c57616
Crazy forceSum in boxOfActin.MyoRod@16eb3721
Crazy forceSum in boxOfActin.MyoRod@75831eef
Crazy forceSum in boxOfActin.MyoRod@1da2250
Crazy forceSum in boxOfActin.MyoRod@2c0281bb
Crazy forceSum in boxOfActin.MyoRod@631fe925
Crazy forceSum in boxOfActin.MyoRod@e86f7cf
Crazy forceSum in boxOfActin.MyoMiniFilament@2d5e069b
Crazy torqueSum in boxOfActin.MyoMiniFilament@2d5e069b
Crazy forceSum in boxOfActin.MyoRod@27a66deb
Crazy forceSum in boxOfActin.MyoRod@62a4f77b
Crazy forceSum in boxOfActin.MyoRod@3f135f6a
Crazy forceSum in boxOfActin.MyoRod@530cd635
Crazy forceSum in boxOfActin.MyoRod@4751208a
Crazy forceSum in boxOfActin.MyoRod@28b0834
Crazy forceSum in boxOfActin.MyoRod@27c6ef00
Crazy forceSum in boxOfActin.MyoRod@124e38b3
Crazy forceSum in boxOfActin.MyoRod@5c550f00
Crazy forceSum in boxOfActin.MyoRod@6c57616
Crazy forceSum in boxOfActin.MyoRod@16eb3721
Crazy forceSum in boxOfActin.MyoRod@75831eef
Crazy forceSum in boxOfActin.MyoRod@1da2250
Crazy forceSum in boxOfActin.MyoRod@2c0281bb
Crazy forceSum in boxOfActin.MyoRod@631fe925
Crazy forceSum in boxOfActin.MyoRod@e86f7cf
Crazy forceSum in boxOfActin.MyoMiniFilament@2d5e069b
Crazy torqueSum in boxOfActin.MyoMiniFilament@2d5e069b
Crazy forceSum in boxOfActin.MyoRod@27a66deb
Crazy forceSum in boxOfActin.MyoRod@62a4f77b
Crazy forceSum in boxOfActin.MyoRod@3f135f6a
Crazy forceSum in boxOfActin.MyoRod@530cd635
Crazy forceSum in boxOfActin.MyoRod@4751208a
Crazy forceSum in boxOfActin.MyoRod@28b0834
Crazy forceSum in boxOfActin.MyoRod@27c6ef00
Crazy forceSum in boxOfActin.MyoRod@124e38b3
Crazy forceSum in boxOfActin.MyoRod@5c550f00
Crazy forceSum in boxOfActin.MyoRod@6c57616
Crazy forceSum in boxOfActin.MyoRod@16eb3721
Crazy forceSum in boxOfActin.MyoRod@75831eef
Crazy forceSum in boxOfActin.MyoRod@1da2250
Crazy forceSum in boxOfActin.MyoRod@2c0281bb
Crazy forceSum in boxOfActin.MyoRod@631fe925
Crazy forceSum in boxOfActin.MyoRod@e86f7cf
Crazy forceSum in boxOfActin.MyoMiniFilament@2d5e069b
Crazy torqueSum in boxOfActin.MyoMiniFilament@2d5e069b
Crazy forceSum in boxOfActin.MyoRod@27a66deb
Crazy forceSum in boxOfActin.MyoRod@62a4f77b
Crazy forceSum in boxOfActin.MyoRod@3f135f6a
Crazy forceSum in boxOfActin.MyoRod@530cd635
Crazy forceSum in boxOfActin.MyoRod@4751208a
Crazy forceSum in boxOfActin.MyoRod@28b0834
Crazy forceSum in boxOfActin.MyoRod@27c6ef00
Crazy forceSum in boxOfActin.MyoRod@124e38b3
Crazy forceSum in boxOfActin.MyoRod@5c550f00
Crazy forceSum in boxOfActin.MyoRod@6c57616
Crazy forceSum in boxOfActin.MyoRod@16eb3721
Crazy forceSum in boxOfActin.MyoRod@75831eef
Crazy forceSum in boxOfActin.MyoRod@1da2250
Crazy forceSum in boxOfActin.MyoRod@2c0281bb
Crazy forceSum in boxOfActin.MyoRod@631fe925
Crazy forceSum in boxOfActin.MyoRod@e86f7cf
Crazy forceSum in boxOfActin.MyoMiniFilament@2d5e069b
Crazy torqueSum in boxOfActin.MyoMiniFilament@2d5e069b
Crazy forceSum in boxOfActin.MyoRod@27a66deb
Crazy forceSum in boxOfActin.MyoRod@62a4f77b
Crazy forceSum in boxOfActin.MyoRod@3f135f6a
Crazy forceSum in boxOfActin.MyoRod@530cd635
Crazy forceSum in boxOfActin.MyoRod@4751208a
Crazy forceSum in boxOfActin.MyoRod@28b0834
Crazy forceSum in boxOfActin.MyoRod@27c6ef00
Crazy forceSum in boxOfActin.MyoRod@124e38b3
Crazy forceSum in boxOfActin.MyoRod@5c550f00
Crazy forceSum in boxOfActin.MyoRod@6c57616
Crazy forceSum in boxOfActin.MyoRod@16eb3721
Crazy forceSum in boxOfActin.MyoRod@75831eef
Crazy forceSum in boxOfActin.MyoRod@1da2250
Crazy forceSum in boxOfActin.MyoRod@2c0281bb
Crazy forceSum in boxOfActin.MyoRod@631fe925
Crazy forceSum in boxOfActin.MyoRod@e86f7cf
[GATHER] call=1000 totalDirty=0 maxThread=0 cumAvg=26187.9 cumMaxPerThread=5654
Crazy forceSum in boxOfActin.MyoMiniFilament@2d5e069b
Crazy torqueSum in boxOfActin.MyoMiniFilament@2d5e069b
Crazy forceSum in boxOfActin.MyoRod@27a66deb
Crazy forceSum in boxOfActin.MyoRod@62a4f77b
Crazy forceSum in boxOfActin.MyoRod@3f135f6a
Crazy forceSum in boxOfActin.MyoRod@530cd635
Crazy forceSum in boxOfActin.MyoRod@4751208a
Crazy forceSum in boxOfActin.MyoRod@28b0834
Crazy forceSum in boxOfActin.MyoRod@27c6ef00
Crazy forceSum in boxOfActin.MyoRod@124e38b3
Crazy forceSum in boxOfActin.MyoRod@5c550f00
Crazy forceSum in boxOfActin.MyoRod@6c57616
Crazy forceSum in boxOfActin.MyoRod@16eb3721
Crazy forceSum in boxOfActin.MyoRod@75831eef
Crazy forceSum in boxOfActin.MyoRod@1da2250
Crazy forceSum in boxOfActin.MyoRod@2c0281bb
Crazy forceSum in boxOfActin.MyoRod@631fe925
Crazy forceSum in boxOfActin.MyoRod@e86f7cf
Crazy forceSum in boxOfActin.MyoMiniFilament@2d5e069b
Crazy torqueSum in boxOfActin.MyoMiniFilament@2d5e069b
Crazy forceSum in boxOfActin.MyoRod@27a66deb
Crazy forceSum in boxOfActin.MyoRod@62a4f77b
Crazy forceSum in boxOfActin.MyoRod@3f135f6a
Crazy forceSum in boxOfActin.MyoRod@530cd635
Crazy forceSum in boxOfActin.MyoRod@4751208a
Crazy forceSum in boxOfActin.MyoRod@28b0834
Crazy forceSum in boxOfActin.MyoRod@27c6ef00
Crazy forceSum in boxOfActin.MyoRod@124e38b3
Crazy forceSum in boxOfActin.MyoRod@5c550f00
Crazy forceSum in boxOfActin.MyoRod@6c57616
Crazy forceSum in boxOfActin.MyoRod@16eb3721
Crazy forceSum in boxOfActin.MyoRod@75831eef
Crazy forceSum in boxOfActin.MyoRod@1da2250
Crazy forceSum in boxOfActin.MyoRod@2c0281bb
Crazy forceSum in boxOfActin.MyoRod@631fe925
Crazy forceSum in boxOfActin.MyoRod@e86f7cf
Crazy forceSum in boxOfActin.MyoMiniFilament@2d5e069b
Crazy torqueSum in boxOfActin.MyoMiniFilament@2d5e069b
Crazy forceSum in boxOfActin.MyoRod@27a66deb
Crazy forceSum in boxOfActin.MyoRod@62a4f77b
Crazy forceSum in boxOfActin.MyoRod@3f135f6a
Crazy forceSum in boxOfActin.MyoRod@530cd635
Crazy forceSum in boxOfActin.MyoRod@4751208a
Crazy forceSum in boxOfActin.MyoRod@28b0834
Crazy forceSum in boxOfActin.MyoRod@27c6ef00
Crazy forceSum in boxOfActin.MyoRod@124e38b3
Crazy forceSum in boxOfActin.MyoRod@5c550f00
Crazy forceSum in boxOfActin.MyoRod@6c57616
Crazy forceSum in boxOfActin.MyoRod@16eb3721
Crazy forceSum in boxOfActin.MyoRod@75831eef
Crazy forceSum in boxOfActin.MyoRod@1da2250
Crazy forceSum in boxOfActin.MyoRod@2c0281bb
Crazy forceSum in boxOfActin.MyoRod@631fe925
Crazy forceSum in boxOfActin.MyoRod@e86f7cf
Crazy forceSum in boxOfActin.MyoMiniFilament@2d5e069b
Crazy torqueSum in boxOfActin.MyoMiniFilament@2d5e069b
Crazy forceSum in boxOfActin.MyoRod@27a66deb
Crazy forceSum in boxOfActin.MyoRod@62a4f77b
Crazy forceSum in boxOfActin.MyoRod@3f135f6a
Crazy forceSum in boxOfActin.MyoRod@530cd635
Crazy forceSum in boxOfActin.MyoRod@4751208a
Crazy forceSum in boxOfActin.MyoRod@28b0834
Crazy forceSum in boxOfActin.MyoRod@27c6ef00
Crazy forceSum in boxOfActin.MyoRod@124e38b3
Crazy forceSum in boxOfActin.MyoRod@5c550f00
Crazy forceSum in boxOfActin.MyoRod@6c57616
Crazy forceSum in boxOfActin.MyoRod@16eb3721
Crazy forceSum in boxOfActin.MyoRod@75831eef
Crazy forceSum in boxOfActin.MyoRod@1da2250
Crazy forceSum in boxOfActin.MyoRod@2c0281bb
Crazy forceSum in boxOfActin.MyoRod@631fe925
Crazy forceSum in boxOfActin.MyoRod@e86f7cf
Crazy forceSum in boxOfActin.MyoMiniFilament@2d5e069b
Crazy torqueSum in boxOfActin.MyoMiniFilament@2d5e069b
Crazy forceSum in boxOfActin.MyoRod@27a66deb
Crazy forceSum in boxOfActin.MyoRod@62a4f77b
Crazy forceSum in boxOfActin.MyoRod@3f135f6a
Crazy forceSum in boxOfActin.MyoRod@530cd635
Crazy forceSum in boxOfActin.MyoRod@4751208a
Crazy forceSum in boxOfActin.MyoRod@28b0834
Crazy forceSum in boxOfActin.MyoRod@27c6ef00
Crazy forceSum in boxOfActin.MyoRod@124e38b3
Crazy forceSum in boxOfActin.MyoRod@5c550f00
Crazy forceSum in boxOfActin.MyoRod@6c57616
Crazy forceSum in boxOfActin.MyoRod@16eb3721
Crazy forceSum in boxOfActin.MyoRod@75831eef
Crazy forceSum in boxOfActin.MyoRod@1da2250
Crazy forceSum in boxOfActin.MyoRod@2c0281bb
Crazy forceSum in boxOfActin.MyoRod@631fe925
Crazy forceSum in boxOfActin.MyoRod@e86f7cf
Crazy forceSum in boxOfActin.MyoMiniFilament@2d5e069b
Crazy torqueSum in boxOfActin.MyoMiniFilament@2d5e069b
Crazy forceSum in boxOfActin.MyoRod@27a66deb
Crazy forceSum in boxOfActin.MyoRod@62a4f77b
Crazy forceSum in boxOfActin.MyoRod@3f135f6a
Crazy forceSum in boxOfActin.MyoRod@530cd635
Crazy forceSum in boxOfActin.MyoRod@4751208a
Crazy forceSum in boxOfActin.MyoRod@28b0834
Crazy forceSum in boxOfActin.MyoRod@27c6ef00
Crazy forceSum in boxOfActin.MyoRod@124e38b3
Crazy forceSum in boxOfActin.MyoRod@5c550f00
Crazy forceSum in boxOfActin.MyoRod@6c57616
Crazy forceSum in boxOfActin.MyoRod@16eb3721
Crazy forceSum in boxOfActin.MyoRod@75831eef
Crazy forceSum in boxOfActin.MyoRod@1da2250
Crazy forceSum in boxOfActin.MyoRod@2c0281bb
Crazy forceSum in boxOfActin.MyoRod@631fe925
Crazy forceSum in boxOfActin.MyoRod@e86f7cf
Crazy forceSum in boxOfActin.MyoMiniFilament@2d5e069b
Crazy torqueSum in boxOfActin.MyoMiniFilament@2d5e069b
Crazy forceSum in boxOfActin.MyoRod@27a66deb
Crazy forceSum in boxOfActin.MyoRod@62a4f77b
Crazy forceSum in boxOfActin.MyoRod@3f135f6a
Crazy forceSum in boxOfActin.MyoRod@530cd635
Crazy forceSum in boxOfActin.MyoRod@4751208a
Crazy forceSum in boxOfActin.MyoRod@28b0834
Crazy forceSum in boxOfActin.MyoRod@27c6ef00
Crazy forceSum in boxOfActin.MyoRod@124e38b3
Crazy forceSum in boxOfActin.MyoRod@5c550f00
Crazy forceSum in boxOfActin.MyoRod@6c57616
Crazy forceSum in boxOfActin.MyoRod@16eb3721
Crazy forceSum in boxOfActin.MyoRod@75831eef
Crazy forceSum in boxOfActin.MyoRod@1da2250
Crazy forceSum in boxOfActin.MyoRod@2c0281bb
Crazy forceSum in boxOfActin.MyoRod@631fe925
Crazy forceSum in boxOfActin.MyoRod@e86f7cf
Crazy forceSum in boxOfActin.MyoMiniFilament@2d5e069b
Crazy torqueSum in boxOfActin.MyoMiniFilament@2d5e069b
Crazy forceSum in boxOfActin.MyoRod@27a66deb
Crazy forceSum in boxOfActin.MyoRod@62a4f77b
Crazy forceSum in boxOfActin.MyoRod@3f135f6a
Crazy forceSum in boxOfActin.MyoRod@530cd635
Crazy forceSum in boxOfActin.MyoRod@4751208a
Crazy forceSum in boxOfActin.MyoRod@28b0834
Crazy forceSum in boxOfActin.MyoRod@27c6ef00
Crazy forceSum in boxOfActin.MyoRod@124e38b3
Crazy forceSum in boxOfActin.MyoRod@5c550f00
Crazy forceSum in boxOfActin.MyoRod@6c57616
Crazy forceSum in boxOfActin.MyoRod@16eb3721
Crazy forceSum in boxOfActin.MyoRod@75831eef
Crazy forceSum in boxOfActin.MyoRod@1da2250
Crazy forceSum in boxOfActin.MyoRod@2c0281bb
Crazy forceSum in boxOfActin.MyoRod@631fe925
Crazy forceSum in boxOfActin.MyoRod@e86f7cf
Crazy forceSum in boxOfActin.MyoMiniFilament@2d5e069b
Crazy torqueSum in boxOfActin.MyoMiniFilament@2d5e069b
Crazy forceSum in boxOfActin.MyoRod@27a66deb
Crazy forceSum in boxOfActin.MyoRod@62a4f77b
Crazy forceSum in boxOfActin.MyoRod@3f135f6a
Crazy forceSum in boxOfActin.MyoRod@530cd635
Crazy forceSum in boxOfActin.MyoRod@4751208a
Crazy forceSum in boxOfActin.MyoRod@28b0834
Crazy forceSum in boxOfActin.MyoRod@27c6ef00
Crazy forceSum in boxOfActin.MyoRod@124e38b3
Crazy forceSum in boxOfActin.MyoRod@5c550f00
Crazy forceSum in boxOfActin.MyoRod@6c57616
Crazy forceSum in boxOfActin.MyoRod@16eb3721
Crazy forceSum in boxOfActin.MyoRod@75831eef
Crazy forceSum in boxOfActin.MyoRod@1da2250
Crazy forceSum in boxOfActin.MyoRod@2c0281bb
Crazy forceSum in boxOfActin.MyoRod@631fe925
Crazy forceSum in boxOfActin.MyoRod@e86f7cf
Crazy forceSum in boxOfActin.MyoMiniFilament@2d5e069b
Crazy torqueSum in boxOfActin.MyoMiniFilament@2d5e069b
Crazy forceSum in boxOfActin.MyoRod@27a66deb
Crazy forceSum in boxOfActin.MyoRod@62a4f77b
Crazy forceSum in boxOfActin.MyoRod@3f135f6a
Crazy forceSum in boxOfActin.MyoRod@530cd635
Crazy forceSum in boxOfActin.MyoRod@4751208a
Crazy forceSum in boxOfActin.MyoRod@28b0834
Crazy forceSum in boxOfActin.MyoRod@27c6ef00
Crazy forceSum in boxOfActin.MyoRod@124e38b3
Crazy forceSum in boxOfActin.MyoRod@5c550f00
Crazy forceSum in boxOfActin.MyoRod@6c57616
Crazy forceSum in boxOfActin.MyoRod@16eb3721
Crazy forceSum in boxOfActin.MyoRod@75831eef
Crazy forceSum in boxOfActin.MyoRod@1da2250
Crazy forceSum in boxOfActin.MyoRod@2c0281bb
Crazy forceSum in boxOfActin.MyoRod@631fe925
Crazy forceSum in boxOfActin.MyoRod@e86f7cf
Crazy forceSum in boxOfActin.MyoMiniFilament@2d5e069b
Crazy torqueSum in boxOfActin.MyoMiniFilament@2d5e069b
Crazy forceSum in boxOfActin.MyoRod@27a66deb
Crazy forceSum in boxOfActin.MyoRod@62a4f77b
Crazy forceSum in boxOfActin.MyoRod@3f135f6a
Crazy forceSum in boxOfActin.MyoRod@530cd635
Crazy forceSum in boxOfActin.MyoRod@4751208a
Crazy forceSum in boxOfActin.MyoRod@28b0834
Crazy forceSum in boxOfActin.MyoRod@27c6ef00
Crazy forceSum in boxOfActin.MyoRod@124e38b3
Crazy forceSum in boxOfActin.MyoRod@5c550f00
Crazy forceSum in boxOfActin.MyoRod@6c57616
Crazy forceSum in boxOfActin.MyoRod@16eb3721
Crazy forceSum in boxOfActin.MyoRod@75831eef
Crazy forceSum in boxOfActin.MyoRod@1da2250
Crazy forceSum in boxOfActin.MyoRod@2c0281bb
Crazy forceSum in boxOfActin.MyoRod@631fe925
Crazy forceSum in boxOfActin.MyoRod@e86f7cf
Crazy forceSum in boxOfActin.MyoMiniFilament@2d5e069b
Crazy torqueSum in boxOfActin.MyoMiniFilament@2d5e069b
Crazy forceSum in boxOfActin.MyoRod@27a66deb
Crazy forceSum in boxOfActin.MyoRod@62a4f77b
Crazy forceSum in boxOfActin.MyoRod@3f135f6a
Crazy forceSum in boxOfActin.MyoRod@530cd635
Crazy forceSum in boxOfActin.MyoRod@4751208a
Crazy forceSum in boxOfActin.MyoRod@28b0834
Crazy forceSum in boxOfActin.MyoRod@27c6ef00
Crazy forceSum in boxOfActin.MyoRod@124e38b3
Crazy forceSum in boxOfActin.MyoRod@5c550f00
Crazy forceSum in boxOfActin.MyoRod@6c57616
Crazy forceSum in boxOfActin.MyoRod@16eb3721
Crazy forceSum in boxOfActin.MyoRod@75831eef
Crazy forceSum in boxOfActin.MyoRod@1da2250
Crazy forceSum in boxOfActin.MyoRod@2c0281bb
Crazy forceSum in boxOfActin.MyoRod@631fe925
Crazy forceSum in boxOfActin.MyoRod@e86f7cf
Crazy forceSum in boxOfActin.MyoMiniFilament@2d5e069b
Crazy torqueSum in boxOfActin.MyoMiniFilament@2d5e069b
Crazy forceSum in boxOfActin.MyoRod@27a66deb
Crazy forceSum in boxOfActin.MyoRod@62a4f77b
Crazy forceSum in boxOfActin.MyoRod@3f135f6a
Crazy forceSum in boxOfActin.MyoRod@530cd635
Crazy forceSum in boxOfActin.MyoRod@4751208a
Crazy forceSum in boxOfActin.MyoRod@28b0834
Crazy forceSum in boxOfActin.MyoRod@27c6ef00
Crazy forceSum in boxOfActin.MyoRod@124e38b3
Crazy forceSum in boxOfActin.MyoRod@5c550f00
Crazy forceSum in boxOfActin.MyoRod@6c57616
Crazy forceSum in boxOfActin.MyoRod@16eb3721
Crazy forceSum in boxOfActin.MyoRod@75831eef
Crazy forceSum in boxOfActin.MyoRod@1da2250
Crazy forceSum in boxOfActin.MyoRod@2c0281bb
Crazy forceSum in boxOfActin.MyoRod@631fe925
Crazy forceSum in boxOfActin.MyoRod@e86f7cf
Crazy forceSum in boxOfActin.MyoMiniFilament@2d5e069b
Crazy torqueSum in boxOfActin.MyoMiniFilament@2d5e069b
Crazy forceSum in boxOfActin.MyoRod@27a66deb
Crazy forceSum in boxOfActin.MyoRod@62a4f77b
Crazy forceSum in boxOfActin.MyoRod@3f135f6a
Crazy forceSum in boxOfActin.MyoRod@530cd635
Crazy forceSum in boxOfActin.MyoRod@4751208a
Crazy forceSum in boxOfActin.MyoRod@28b0834
Crazy forceSum in boxOfActin.MyoRod@27c6ef00
Crazy forceSum in boxOfActin.MyoRod@124e38b3
Crazy forceSum in boxOfActin.MyoRod@5c550f00
Crazy forceSum in boxOfActin.MyoRod@6c57616
Crazy forceSum in boxOfActin.MyoRod@16eb3721
Crazy forceSum in boxOfActin.MyoRod@75831eef
Crazy forceSum in boxOfActin.MyoRod@1da2250
Crazy forceSum in boxOfActin.MyoRod@2c0281bb
Crazy forceSum in boxOfActin.MyoRod@631fe925
Crazy forceSum in boxOfActin.MyoRod@e86f7cf
Crazy forceSum in boxOfActin.MyoMiniFilament@2d5e069b
Crazy torqueSum in boxOfActin.MyoMiniFilament@2d5e069b
Crazy forceSum in boxOfActin.MyoRod@27a66deb
Crazy forceSum in boxOfActin.MyoRod@62a4f77b
Crazy forceSum in boxOfActin.MyoRod@3f135f6a
Crazy forceSum in boxOfActin.MyoRod@530cd635
Crazy forceSum in boxOfActin.MyoRod@4751208a
Crazy forceSum in boxOfActin.MyoRod@28b0834
Crazy forceSum in boxOfActin.MyoRod@27c6ef00
Crazy forceSum in boxOfActin.MyoRod@124e38b3
Crazy forceSum in boxOfActin.MyoRod@5c550f00
Crazy forceSum in boxOfActin.MyoRod@6c57616
Crazy forceSum in boxOfActin.MyoRod@16eb3721
Crazy forceSum in boxOfActin.MyoRod@75831eef
Crazy forceSum in boxOfActin.MyoRod@1da2250
Crazy forceSum in boxOfActin.MyoRod@2c0281bb
Crazy forceSum in boxOfActin.MyoRod@631fe925
Crazy forceSum in boxOfActin.MyoRod@e86f7cf
Crazy forceSum in boxOfActin.MyoMiniFilament@2d5e069b
Crazy torqueSum in boxOfActin.MyoMiniFilament@2d5e069b
Crazy forceSum in boxOfActin.MyoRod@27a66deb
Crazy forceSum in boxOfActin.MyoRod@62a4f77b
Crazy forceSum in boxOfActin.MyoRod@3f135f6a
Crazy forceSum in boxOfActin.MyoRod@530cd635
Crazy forceSum in boxOfActin.MyoRod@4751208a
Crazy forceSum in boxOfActin.MyoRod@28b0834
Crazy forceSum in boxOfActin.MyoRod@27c6ef00
Crazy forceSum in boxOfActin.MyoRod@124e38b3
Crazy forceSum in boxOfActin.MyoRod@5c550f00
Crazy forceSum in boxOfActin.MyoRod@6c57616
Crazy forceSum in boxOfActin.MyoRod@16eb3721
Crazy forceSum in boxOfActin.MyoRod@75831eef
Crazy forceSum in boxOfActin.MyoRod@1da2250
Crazy forceSum in boxOfActin.MyoRod@2c0281bb
Crazy forceSum in boxOfActin.MyoRod@631fe925
Crazy forceSum in boxOfActin.MyoRod@e86f7cf
Crazy forceSum in boxOfActin.MyoMiniFilament@2d5e069b
Crazy torqueSum in boxOfActin.MyoMiniFilament@2d5e069b
Crazy forceSum in boxOfActin.MyoRod@27a66deb
Crazy forceSum in boxOfActin.MyoRod@62a4f77b
Crazy forceSum in boxOfActin.MyoRod@3f135f6a
Crazy forceSum in boxOfActin.MyoRod@530cd635
Crazy forceSum in boxOfActin.MyoRod@4751208a
Crazy forceSum in boxOfActin.MyoRod@28b0834
Crazy forceSum in boxOfActin.MyoRod@27c6ef00
Crazy forceSum in boxOfActin.MyoRod@124e38b3
Crazy forceSum in boxOfActin.MyoRod@5c550f00
Crazy forceSum in boxOfActin.MyoRod@6c57616
Crazy forceSum in boxOfActin.MyoRod@16eb3721
Crazy forceSum in boxOfActin.MyoRod@75831eef
Crazy forceSum in boxOfActin.MyoRod@1da2250
Crazy forceSum in boxOfActin.MyoRod@2c0281bb
Crazy forceSum in boxOfActin.MyoRod@631fe925
Crazy forceSum in boxOfActin.MyoRod@e86f7cf
Crazy forceSum in boxOfActin.MyoMiniFilament@2d5e069b
Crazy torqueSum in boxOfActin.MyoMiniFilament@2d5e069b
Crazy forceSum in boxOfActin.MyoRod@27a66deb
Crazy forceSum in boxOfActin.MyoRod@62a4f77b
Crazy forceSum in boxOfActin.MyoRod@3f135f6a
Crazy forceSum in boxOfActin.MyoRod@530cd635
Crazy forceSum in boxOfActin.MyoRod@4751208a
Crazy forceSum in boxOfActin.MyoRod@28b0834
Crazy forceSum in boxOfActin.MyoRod@27c6ef00
Crazy forceSum in boxOfActin.MyoRod@124e38b3
Crazy forceSum in boxOfActin.MyoRod@5c550f00
Crazy forceSum in boxOfActin.MyoRod@6c57616
Crazy forceSum in boxOfActin.MyoRod@16eb3721
Crazy forceSum in boxOfActin.MyoRod@75831eef
Crazy forceSum in boxOfActin.MyoRod@1da2250
Crazy forceSum in boxOfActin.MyoRod@2c0281bb
Crazy forceSum in boxOfActin.MyoRod@631fe925
Crazy forceSum in boxOfActin.MyoRod@e86f7cf
Crazy forceSum in boxOfActin.MyoMiniFilament@2d5e069b
Crazy torqueSum in boxOfActin.MyoMiniFilament@2d5e069b
Crazy forceSum in boxOfActin.MyoRod@27a66deb
Crazy forceSum in boxOfActin.MyoRod@62a4f77b
Crazy forceSum in boxOfActin.MyoRod@3f135f6a
Crazy forceSum in boxOfActin.MyoRod@530cd635
Crazy forceSum in boxOfActin.MyoRod@4751208a
Crazy forceSum in boxOfActin.MyoRod@28b0834
Crazy forceSum in boxOfActin.MyoRod@27c6ef00
Crazy forceSum in boxOfActin.MyoRod@124e38b3
Crazy forceSum in boxOfActin.MyoRod@5c550f00
Crazy forceSum in boxOfActin.MyoRod@6c57616
Crazy forceSum in boxOfActin.MyoRod@16eb3721
Crazy forceSum in boxOfActin.MyoRod@75831eef
Crazy forceSum in boxOfActin.MyoRod@1da2250
Crazy forceSum in boxOfActin.MyoRod@2c0281bb
Crazy forceSum in boxOfActin.MyoRod@631fe925
Crazy forceSum in boxOfActin.MyoRod@e86f7cf
Crazy forceSum in boxOfActin.MyoMiniFilament@2d5e069b
Crazy torqueSum in boxOfActin.MyoMiniFilament@2d5e069b
Crazy forceSum in boxOfActin.MyoRod@27a66deb
Crazy forceSum in boxOfActin.MyoRod@62a4f77b
Crazy forceSum in boxOfActin.MyoRod@3f135f6a
Crazy forceSum in boxOfActin.MyoRod@530cd635
Crazy forceSum in boxOfActin.MyoRod@4751208a
Crazy forceSum in boxOfActin.MyoRod@28b0834
Crazy forceSum in boxOfActin.MyoRod@27c6ef00
Crazy forceSum in boxOfActin.MyoRod@124e38b3
Crazy forceSum in boxOfActin.MyoRod@5c550f00
Crazy forceSum in boxOfActin.MyoRod@6c57616
Crazy forceSum in boxOfActin.MyoRod@16eb3721
Crazy forceSum in boxOfActin.MyoRod@75831eef
Crazy forceSum in boxOfActin.MyoRod@1da2250
Crazy forceSum in boxOfActin.MyoRod@2c0281bb
Crazy forceSum in boxOfActin.MyoRod@631fe925
Crazy forceSum in boxOfActin.MyoRod@e86f7cf
Crazy forceSum in boxOfActin.MyoMiniFilament@2d5e069b
Crazy torqueSum in boxOfActin.MyoMiniFilament@2d5e069b
Crazy forceSum in boxOfActin.MyoRod@27a66deb
Crazy forceSum in boxOfActin.MyoRod@62a4f77b
Crazy forceSum in boxOfActin.MyoRod@3f135f6a
Crazy forceSum in boxOfActin.MyoRod@530cd635
Crazy forceSum in boxOfActin.MyoRod@4751208a
Crazy forceSum in boxOfActin.MyoRod@28b0834
Crazy forceSum in boxOfActin.MyoRod@27c6ef00
Crazy forceSum in boxOfActin.MyoRod@124e38b3
Crazy forceSum in boxOfActin.MyoRod@5c550f00
Crazy forceSum in boxOfActin.MyoRod@6c57616
Crazy forceSum in boxOfActin.MyoRod@16eb3721
Crazy forceSum in boxOfActin.MyoRod@75831eef
Crazy forceSum in boxOfActin.MyoRod@1da2250
Crazy forceSum in boxOfActin.MyoRod@2c0281bb
Crazy forceSum in boxOfActin.MyoRod@631fe925
Crazy forceSum in boxOfActin.MyoRod@e86f7cf
Crazy forceSum in boxOfActin.MyoMiniFilament@2d5e069b
Crazy torqueSum in boxOfActin.MyoMiniFilament@2d5e069b
Crazy forceSum in boxOfActin.MyoRod@27a66deb
Crazy forceSum in boxOfActin.MyoRod@62a4f77b
Crazy forceSum in boxOfActin.MyoRod@3f135f6a
Crazy forceSum in boxOfActin.MyoRod@530cd635
Crazy forceSum in boxOfActin.MyoRod@4751208a
Crazy forceSum in boxOfActin.MyoRod@28b0834
Crazy forceSum in boxOfActin.MyoRod@27c6ef00
Crazy forceSum in boxOfActin.MyoRod@124e38b3
Crazy forceSum in boxOfActin.MyoRod@5c550f00
Crazy forceSum in boxOfActin.MyoRod@6c57616
Crazy forceSum in boxOfActin.MyoRod@16eb3721
Crazy forceSum in boxOfActin.MyoRod@75831eef
Crazy forceSum in boxOfActin.MyoRod@1da2250
Crazy forceSum in boxOfActin.MyoRod@2c0281bb
Crazy forceSum in boxOfActin.MyoRod@631fe925
Crazy forceSum in boxOfActin.MyoRod@e86f7cf
Crazy forceSum in boxOfActin.MyoMiniFilament@2d5e069b
Crazy torqueSum in boxOfActin.MyoMiniFilament@2d5e069b
Crazy forceSum in boxOfActin.MyoRod@27a66deb
Crazy forceSum in boxOfActin.MyoRod@62a4f77b
Crazy forceSum in boxOfActin.MyoRod@3f135f6a
Crazy forceSum in boxOfActin.MyoRod@530cd635
Crazy forceSum in boxOfActin.MyoRod@4751208a
Crazy forceSum in boxOfActin.MyoRod@28b0834
Crazy forceSum in boxOfActin.MyoRod@27c6ef00
Crazy forceSum in boxOfActin.MyoRod@124e38b3
Crazy forceSum in boxOfActin.MyoRod@5c550f00
Crazy forceSum in boxOfActin.MyoRod@6c57616
Crazy forceSum in boxOfActin.MyoRod@16eb3721
Crazy forceSum in boxOfActin.MyoRod@75831eef
Crazy forceSum in boxOfActin.MyoRod@1da2250
Crazy forceSum in boxOfActin.MyoRod@2c0281bb
Crazy forceSum in boxOfActin.MyoRod@631fe925
Crazy forceSum in boxOfActin.MyoRod@e86f7cf
Crazy forceSum in boxOfActin.MyoMiniFilament@2d5e069b
Crazy torqueSum in boxOfActin.MyoMiniFilament@2d5e069b
Crazy forceSum in boxOfActin.MyoRod@27a66deb
Crazy forceSum in boxOfActin.MyoRod@62a4f77b
Crazy forceSum in boxOfActin.MyoRod@3f135f6a
Crazy forceSum in boxOfActin.MyoRod@530cd635
Crazy forceSum in boxOfActin.MyoRod@4751208a
Crazy forceSum in boxOfActin.MyoRod@28b0834
Crazy forceSum in boxOfActin.MyoRod@27c6ef00
Crazy forceSum in boxOfActin.MyoRod@124e38b3
Crazy forceSum in boxOfActin.MyoRod@5c550f00
Crazy forceSum in boxOfActin.MyoRod@6c57616
Crazy forceSum in boxOfActin.MyoRod@16eb3721
Crazy forceSum in boxOfActin.MyoRod@75831eef
Crazy forceSum in boxOfActin.MyoRod@1da2250
Crazy forceSum in boxOfActin.MyoRod@2c0281bb
Crazy forceSum in boxOfActin.MyoRod@631fe925
Crazy forceSum in boxOfActin.MyoRod@e86f7cf
Crazy forceSum in boxOfActin.MyoMiniFilament@2d5e069b
Crazy torqueSum in boxOfActin.MyoMiniFilament@2d5e069b
Crazy forceSum in boxOfActin.MyoRod@27a66deb
Crazy forceSum in boxOfActin.MyoRod@62a4f77b
Crazy forceSum in boxOfActin.MyoRod@3f135f6a
Crazy forceSum in boxOfActin.MyoRod@530cd635
Crazy forceSum in boxOfActin.MyoRod@4751208a
Crazy forceSum in boxOfActin.MyoRod@28b0834
Crazy forceSum in boxOfActin.MyoRod@27c6ef00
Crazy forceSum in boxOfActin.MyoRod@124e38b3
Crazy forceSum in boxOfActin.MyoRod@5c550f00
Crazy forceSum in boxOfActin.MyoRod@6c57616
Crazy forceSum in boxOfActin.MyoRod@16eb3721
Crazy forceSum in boxOfActin.MyoRod@75831eef
Crazy forceSum in boxOfActin.MyoRod@1da2250
Crazy forceSum in boxOfActin.MyoRod@2c0281bb
Crazy forceSum in boxOfActin.MyoRod@631fe925
Crazy forceSum in boxOfActin.MyoRod@e86f7cf
Crazy forceSum in boxOfActin.MyoMiniFilament@2d5e069b
Crazy torqueSum in boxOfActin.MyoMiniFilament@2d5e069b
Crazy forceSum in boxOfActin.MyoRod@27a66deb
Crazy forceSum in boxOfActin.MyoRod@62a4f77b
Crazy forceSum in boxOfActin.MyoRod@3f135f6a
Crazy forceSum in boxOfActin.MyoRod@530cd635
Crazy forceSum in boxOfActin.MyoRod@4751208a
Crazy forceSum in boxOfActin.MyoRod@28b0834
Crazy forceSum in boxOfActin.MyoRod@27c6ef00
Crazy forceSum in boxOfActin.MyoRod@124e38b3
Crazy forceSum in boxOfActin.MyoRod@5c550f00
Crazy forceSum in boxOfActin.MyoRod@6c57616
Crazy forceSum in boxOfActin.MyoRod@16eb3721
Crazy forceSum in boxOfActin.MyoRod@75831eef
Crazy forceSum in boxOfActin.MyoRod@1da2250
Crazy forceSum in boxOfActin.MyoRod@2c0281bb
Crazy forceSum in boxOfActin.MyoRod@631fe925
Crazy forceSum in boxOfActin.MyoRod@e86f7cf
Crazy forceSum in boxOfActin.MyoMiniFilament@2d5e069b
Crazy torqueSum in boxOfActin.MyoMiniFilament@2d5e069b
Crazy forceSum in boxOfActin.MyoRod@27a66deb
Crazy forceSum in boxOfActin.MyoRod@62a4f77b
Crazy forceSum in boxOfActin.MyoRod@3f135f6a
Crazy forceSum in boxOfActin.MyoRod@530cd635
Crazy forceSum in boxOfActin.MyoRod@4751208a
Crazy forceSum in boxOfActin.MyoRod@28b0834
Crazy forceSum in boxOfActin.MyoRod@27c6ef00
Crazy forceSum in boxOfActin.MyoRod@124e38b3
Crazy forceSum in boxOfActin.MyoRod@5c550f00
Crazy forceSum in boxOfActin.MyoRod@6c57616
Crazy forceSum in boxOfActin.MyoRod@16eb3721
Crazy forceSum in boxOfActin.MyoRod@75831eef
Crazy forceSum in boxOfActin.MyoRod@1da2250
Crazy forceSum in boxOfActin.MyoRod@2c0281bb
Crazy forceSum in boxOfActin.MyoRod@631fe925
Crazy forceSum in boxOfActin.MyoRod@e86f7cf
Crazy forceSum in boxOfActin.MyoMiniFilament@2d5e069b
Crazy torqueSum in boxOfActin.MyoMiniFilament@2d5e069b
Crazy forceSum in boxOfActin.MyoRod@27a66deb
Crazy forceSum in boxOfActin.MyoRod@62a4f77b
Crazy forceSum in boxOfActin.MyoRod@3f135f6a
Crazy forceSum in boxOfActin.MyoRod@530cd635
Crazy forceSum in boxOfActin.MyoRod@4751208a
Crazy forceSum in boxOfActin.MyoRod@28b0834
Crazy forceSum in boxOfActin.MyoRod@27c6ef00
Crazy forceSum in boxOfActin.MyoRod@124e38b3
Crazy forceSum in boxOfActin.MyoRod@5c550f00
Crazy forceSum in boxOfActin.MyoRod@6c57616
Crazy forceSum in boxOfActin.MyoRod@16eb3721
Crazy forceSum in boxOfActin.MyoRod@75831eef
Crazy forceSum in boxOfActin.MyoRod@1da2250
Crazy forceSum in boxOfActin.MyoRod@2c0281bb
Crazy forceSum in boxOfActin.MyoRod@631fe925
Crazy forceSum in boxOfActin.MyoRod@e86f7cf
Crazy forceSum in boxOfActin.MyoMiniFilament@2d5e069b
Crazy torqueSum in boxOfActin.MyoMiniFilament@2d5e069b
Crazy forceSum in boxOfActin.MyoRod@27a66deb
Crazy forceSum in boxOfActin.MyoRod@62a4f77b
Crazy forceSum in boxOfActin.MyoRod@3f135f6a
Crazy forceSum in boxOfActin.MyoRod@530cd635
Crazy forceSum in boxOfActin.MyoRod@4751208a
Crazy forceSum in boxOfActin.MyoRod@28b0834
Crazy forceSum in boxOfActin.MyoRod@27c6ef00
Crazy forceSum in boxOfActin.MyoRod@124e38b3
Crazy forceSum in boxOfActin.MyoRod@5c550f00
Crazy forceSum in boxOfActin.MyoRod@6c57616
Crazy forceSum in boxOfActin.MyoRod@16eb3721
Crazy forceSum in boxOfActin.MyoRod@75831eef
Crazy forceSum in boxOfActin.MyoRod@1da2250
Crazy forceSum in boxOfActin.MyoRod@2c0281bb
Crazy forceSum in boxOfActin.MyoRod@631fe925
Crazy forceSum in boxOfActin.MyoRod@e86f7cf
Crazy forceSum in boxOfActin.MyoMiniFilament@2d5e069b
Crazy torqueSum in boxOfActin.MyoMiniFilament@2d5e069b
Crazy forceSum in boxOfActin.MyoRod@27a66deb
Crazy forceSum in boxOfActin.MyoRod@62a4f77b
Crazy forceSum in boxOfActin.MyoRod@3f135f6a
Crazy forceSum in boxOfActin.MyoRod@530cd635
Crazy forceSum in boxOfActin.MyoRod@4751208a
Crazy forceSum in boxOfActin.MyoRod@28b0834
Crazy forceSum in boxOfActin.MyoRod@27c6ef00
Crazy forceSum in boxOfActin.MyoRod@124e38b3
Crazy forceSum in boxOfActin.MyoRod@5c550f00
Crazy forceSum in boxOfActin.MyoRod@6c57616
Crazy forceSum in boxOfActin.MyoRod@16eb3721
Crazy forceSum in boxOfActin.MyoRod@75831eef
Crazy forceSum in boxOfActin.MyoRod@1da2250
Crazy forceSum in boxOfActin.MyoRod@2c0281bb
Crazy forceSum in boxOfActin.MyoRod@631fe925
Crazy forceSum in boxOfActin.MyoRod@e86f7cf
Crazy forceSum in boxOfActin.MyoMiniFilament@2d5e069b
Crazy torqueSum in boxOfActin.MyoMiniFilament@2d5e069b
Crazy forceSum in boxOfActin.MyoRod@27a66deb
Crazy forceSum in boxOfActin.MyoRod@62a4f77b
Crazy forceSum in boxOfActin.MyoRod@3f135f6a
Crazy forceSum in boxOfActin.MyoRod@530cd635
Crazy forceSum in boxOfActin.MyoRod@4751208a
Crazy forceSum in boxOfActin.MyoRod@28b0834
Crazy forceSum in boxOfActin.MyoRod@27c6ef00
Crazy forceSum in boxOfActin.MyoRod@124e38b3
Crazy forceSum in boxOfActin.MyoRod@5c550f00
Crazy forceSum in boxOfActin.MyoRod@6c57616
Crazy forceSum in boxOfActin.MyoRod@16eb3721
Crazy forceSum in boxOfActin.MyoRod@75831eef
Crazy forceSum in boxOfActin.MyoRod@1da2250
Crazy forceSum in boxOfActin.MyoRod@2c0281bb
Crazy forceSum in boxOfActin.MyoRod@631fe925
Crazy forceSum in boxOfActin.MyoRod@e86f7cf
Crazy forceSum in boxOfActin.MyoMiniFilament@2d5e069b
Crazy torqueSum in boxOfActin.MyoMiniFilament@2d5e069b
Crazy forceSum in boxOfActin.MyoRod@27a66deb
Crazy forceSum in boxOfActin.MyoRod@62a4f77b
Crazy forceSum in boxOfActin.MyoRod@3f135f6a
Crazy forceSum in boxOfActin.MyoRod@530cd635
Crazy forceSum in boxOfActin.MyoRod@4751208a
Crazy forceSum in boxOfActin.MyoRod@28b0834
Crazy forceSum in boxOfActin.MyoRod@27c6ef00
Crazy forceSum in boxOfActin.MyoRod@124e38b3
Crazy forceSum in boxOfActin.MyoRod@5c550f00
Crazy forceSum in boxOfActin.MyoRod@6c57616
Crazy forceSum in boxOfActin.MyoRod@16eb3721
Crazy forceSum in boxOfActin.MyoRod@75831eef
Crazy forceSum in boxOfActin.MyoRod@1da2250
Crazy forceSum in boxOfActin.MyoRod@2c0281bb
Crazy forceSum in boxOfActin.MyoRod@631fe925
Crazy forceSum in boxOfActin.MyoRod@e86f7cf
Crazy forceSum in boxOfActin.MyoMiniFilament@2d5e069b
Crazy torqueSum in boxOfActin.MyoMiniFilament@2d5e069b
Crazy forceSum in boxOfActin.MyoRod@27a66deb
Crazy forceSum in boxOfActin.MyoRod@62a4f77b
Crazy forceSum in boxOfActin.MyoRod@3f135f6a
Crazy forceSum in boxOfActin.MyoRod@530cd635
Crazy forceSum in boxOfActin.MyoRod@4751208a
Crazy forceSum in boxOfActin.MyoRod@28b0834
Crazy forceSum in boxOfActin.MyoRod@27c6ef00
Crazy forceSum in boxOfActin.MyoRod@124e38b3
Crazy forceSum in boxOfActin.MyoRod@5c550f00
Crazy forceSum in boxOfActin.MyoRod@6c57616
Crazy forceSum in boxOfActin.MyoRod@16eb3721
Crazy forceSum in boxOfActin.MyoRod@75831eef
Crazy forceSum in boxOfActin.MyoRod@1da2250
Crazy forceSum in boxOfActin.MyoRod@2c0281bb
Crazy forceSum in boxOfActin.MyoRod@631fe925
Crazy forceSum in boxOfActin.MyoRod@e86f7cf
Crazy forceSum in boxOfActin.MyoMiniFilament@2d5e069b
Crazy torqueSum in boxOfActin.MyoMiniFilament@2d5e069b
Crazy forceSum in boxOfActin.MyoRod@27a66deb
Crazy forceSum in boxOfActin.MyoRod@62a4f77b
Crazy forceSum in boxOfActin.MyoRod@3f135f6a
Crazy forceSum in boxOfActin.MyoRod@530cd635
Crazy forceSum in boxOfActin.MyoRod@4751208a
Crazy forceSum in boxOfActin.MyoRod@28b0834
Crazy forceSum in boxOfActin.MyoRod@27c6ef00
Crazy forceSum in boxOfActin.MyoRod@124e38b3
Crazy forceSum in boxOfActin.MyoRod@5c550f00
Crazy forceSum in boxOfActin.MyoRod@6c57616
Crazy forceSum in boxOfActin.MyoRod@16eb3721
Crazy forceSum in boxOfActin.MyoRod@75831eef
Crazy forceSum in boxOfActin.MyoRod@1da2250
Crazy forceSum in boxOfActin.MyoRod@2c0281bb
Crazy forceSum in boxOfActin.MyoRod@631fe925
Crazy forceSum in boxOfActin.MyoRod@e86f7cf
Crazy forceSum in boxOfActin.MyoMiniFilament@2d5e069b
Crazy torqueSum in boxOfActin.MyoMiniFilament@2d5e069b
Crazy forceSum in boxOfActin.MyoRod@27a66deb
Crazy forceSum in boxOfActin.MyoRod@62a4f77b
Crazy forceSum in boxOfActin.MyoRod@3f135f6a
Crazy forceSum in boxOfActin.MyoRod@530cd635
Crazy forceSum in boxOfActin.MyoRod@4751208a
Crazy forceSum in boxOfActin.MyoRod@28b0834
Crazy forceSum in boxOfActin.MyoRod@27c6ef00
Crazy forceSum in boxOfActin.MyoRod@124e38b3
Crazy forceSum in boxOfActin.MyoRod@5c550f00
Crazy forceSum in boxOfActin.MyoRod@6c57616
Crazy forceSum in boxOfActin.MyoRod@16eb3721
Crazy forceSum in boxOfActin.MyoRod@75831eef
Crazy forceSum in boxOfActin.MyoRod@1da2250
Crazy forceSum in boxOfActin.MyoRod@2c0281bb
Crazy forceSum in boxOfActin.MyoRod@631fe925
Crazy forceSum in boxOfActin.MyoRod@e86f7cf
Crazy forceSum in boxOfActin.MyoMiniFilament@2d5e069b
Crazy torqueSum in boxOfActin.MyoMiniFilament@2d5e069b
Crazy forceSum in boxOfActin.MyoRod@27a66deb
Crazy forceSum in boxOfActin.MyoRod@62a4f77b
Crazy forceSum in boxOfActin.MyoRod@3f135f6a
Crazy forceSum in boxOfActin.MyoRod@530cd635
Crazy forceSum in boxOfActin.MyoRod@4751208a
Crazy forceSum in boxOfActin.MyoRod@28b0834
Crazy forceSum in boxOfActin.MyoRod@27c6ef00
Crazy forceSum in boxOfActin.MyoRod@124e38b3
Crazy forceSum in boxOfActin.MyoRod@5c550f00
Crazy forceSum in boxOfActin.MyoRod@6c57616
Crazy forceSum in boxOfActin.MyoRod@16eb3721
Crazy forceSum in boxOfActin.MyoRod@75831eef
Crazy forceSum in boxOfActin.MyoRod@1da2250
Crazy forceSum in boxOfActin.MyoRod@2c0281bb
Crazy forceSum in boxOfActin.MyoRod@631fe925
Crazy forceSum in boxOfActin.MyoRod@e86f7cf
Crazy forceSum in boxOfActin.MyoMiniFilament@2d5e069b
Crazy torqueSum in boxOfActin.MyoMiniFilament@2d5e069b
Crazy forceSum in boxOfActin.MyoRod@27a66deb
Crazy forceSum in boxOfActin.MyoRod@62a4f77b
Crazy forceSum in boxOfActin.MyoRod@3f135f6a
Crazy forceSum in boxOfActin.MyoRod@530cd635
Crazy forceSum in boxOfActin.MyoRod@4751208a
Crazy forceSum in boxOfActin.MyoRod@28b0834
Crazy forceSum in boxOfActin.MyoRod@27c6ef00
Crazy forceSum in boxOfActin.MyoRod@124e38b3
Crazy forceSum in boxOfActin.MyoRod@5c550f00
Crazy forceSum in boxOfActin.MyoRod@6c57616
Crazy forceSum in boxOfActin.MyoRod@16eb3721
Crazy forceSum in boxOfActin.MyoRod@75831eef
Crazy forceSum in boxOfActin.MyoRod@1da2250
Crazy forceSum in boxOfActin.MyoRod@2c0281bb
Crazy forceSum in boxOfActin.MyoRod@631fe925
Crazy forceSum in boxOfActin.MyoRod@e86f7cf
Crazy forceSum in boxOfActin.MyoMiniFilament@2d5e069b
Crazy torqueSum in boxOfActin.MyoMiniFilament@2d5e069b
Crazy forceSum in boxOfActin.MyoRod@27a66deb
Crazy forceSum in boxOfActin.MyoRod@62a4f77b
Crazy forceSum in boxOfActin.MyoRod@3f135f6a
Crazy forceSum in boxOfActin.MyoRod@530cd635
Crazy forceSum in boxOfActin.MyoRod@4751208a
Crazy forceSum in boxOfActin.MyoRod@28b0834
Crazy forceSum in boxOfActin.MyoRod@27c6ef00
Crazy forceSum in boxOfActin.MyoRod@124e38b3
Crazy forceSum in boxOfActin.MyoRod@5c550f00
Crazy forceSum in boxOfActin.MyoRod@6c57616
Crazy forceSum in boxOfActin.MyoRod@16eb3721
Crazy forceSum in boxOfActin.MyoRod@75831eef
Crazy forceSum in boxOfActin.MyoRod@1da2250
Crazy forceSum in boxOfActin.MyoRod@2c0281bb
Crazy forceSum in boxOfActin.MyoRod@631fe925
Crazy forceSum in boxOfActin.MyoRod@e86f7cf
Crazy forceSum in boxOfActin.MyoMiniFilament@2d5e069b
Crazy torqueSum in boxOfActin.MyoMiniFilament@2d5e069b
Crazy forceSum in boxOfActin.MyoRod@27a66deb
Crazy forceSum in boxOfActin.MyoRod@62a4f77b
Crazy forceSum in boxOfActin.MyoRod@3f135f6a
Crazy forceSum in boxOfActin.MyoRod@530cd635
Crazy forceSum in boxOfActin.MyoRod@4751208a
Crazy forceSum in boxOfActin.MyoRod@28b0834
Crazy forceSum in boxOfActin.MyoRod@27c6ef00
Crazy forceSum in boxOfActin.MyoRod@124e38b3
Crazy forceSum in boxOfActin.MyoRod@5c550f00
Crazy forceSum in boxOfActin.MyoRod@6c57616
Crazy forceSum in boxOfActin.MyoRod@16eb3721
Crazy forceSum in boxOfActin.MyoRod@75831eef
Crazy forceSum in boxOfActin.MyoRod@1da2250
Crazy forceSum in boxOfActin.MyoRod@2c0281bb
Crazy forceSum in boxOfActin.MyoRod@631fe925
Crazy forceSum in boxOfActin.MyoRod@e86f7cf
Crazy forceSum in boxOfActin.MyoMiniFilament@2d5e069b
Crazy torqueSum in boxOfActin.MyoMiniFilament@2d5e069b
Crazy forceSum in boxOfActin.MyoRod@27a66deb
Crazy forceSum in boxOfActin.MyoRod@62a4f77b
Crazy forceSum in boxOfActin.MyoRod@3f135f6a
Crazy forceSum in boxOfActin.MyoRod@530cd635
Crazy forceSum in boxOfActin.MyoRod@4751208a
Crazy forceSum in boxOfActin.MyoRod@28b0834
Crazy forceSum in boxOfActin.MyoRod@27c6ef00
Crazy forceSum in boxOfActin.MyoRod@124e38b3
Crazy forceSum in boxOfActin.MyoRod@5c550f00
Crazy forceSum in boxOfActin.MyoRod@6c57616
Crazy forceSum in boxOfActin.MyoRod@16eb3721
Crazy forceSum in boxOfActin.MyoRod@75831eef
Crazy forceSum in boxOfActin.MyoRod@1da2250
Crazy forceSum in boxOfActin.MyoRod@2c0281bb
Crazy forceSum in boxOfActin.MyoRod@631fe925
Crazy forceSum in boxOfActin.MyoRod@e86f7cf
Crazy forceSum in boxOfActin.MyoMiniFilament@2d5e069b
Crazy torqueSum in boxOfActin.MyoMiniFilament@2d5e069b
Crazy forceSum in boxOfActin.MyoRod@27a66deb
Crazy forceSum in boxOfActin.MyoRod@62a4f77b
Crazy forceSum in boxOfActin.MyoRod@3f135f6a
Crazy forceSum in boxOfActin.MyoRod@530cd635
Crazy forceSum in boxOfActin.MyoRod@4751208a
Crazy forceSum in boxOfActin.MyoRod@28b0834
Crazy forceSum in boxOfActin.MyoRod@27c6ef00
Crazy forceSum in boxOfActin.MyoRod@124e38b3
Crazy forceSum in boxOfActin.MyoRod@5c550f00
Crazy forceSum in boxOfActin.MyoRod@6c57616
Crazy forceSum in boxOfActin.MyoRod@16eb3721
Crazy forceSum in boxOfActin.MyoRod@75831eef
Crazy forceSum in boxOfActin.MyoRod@1da2250
Crazy forceSum in boxOfActin.MyoRod@2c0281bb
Crazy forceSum in boxOfActin.MyoRod@631fe925
Crazy forceSum in boxOfActin.MyoRod@e86f7cf
Crazy forceSum in boxOfActin.MyoMiniFilament@2d5e069b
Crazy torqueSum in boxOfActin.MyoMiniFilament@2d5e069b
Crazy forceSum in boxOfActin.MyoRod@27a66deb
Crazy forceSum in boxOfActin.MyoRod@62a4f77b
Crazy forceSum in boxOfActin.MyoRod@3f135f6a
Crazy forceSum in boxOfActin.MyoRod@530cd635
Crazy forceSum in boxOfActin.MyoRod@4751208a
Crazy forceSum in boxOfActin.MyoRod@28b0834
Crazy forceSum in boxOfActin.MyoRod@27c6ef00
Crazy forceSum in boxOfActin.MyoRod@124e38b3
Crazy forceSum in boxOfActin.MyoRod@5c550f00
Crazy forceSum in boxOfActin.MyoRod@6c57616
Crazy forceSum in boxOfActin.MyoRod@16eb3721
Crazy forceSum in boxOfActin.MyoRod@75831eef
Crazy forceSum in boxOfActin.MyoRod@1da2250
Crazy forceSum in boxOfActin.MyoRod@2c0281bb
Crazy forceSum in boxOfActin.MyoRod@631fe925
Crazy forceSum in boxOfActin.MyoRod@e86f7cf
Crazy forceSum in boxOfActin.MyoMiniFilament@2d5e069b
Crazy torqueSum in boxOfActin.MyoMiniFilament@2d5e069b
Crazy forceSum in boxOfActin.MyoRod@27a66deb
Crazy forceSum in boxOfActin.MyoRod@62a4f77b
Crazy forceSum in boxOfActin.MyoRod@3f135f6a
Crazy forceSum in boxOfActin.MyoRod@530cd635
Crazy forceSum in boxOfActin.MyoRod@4751208a
Crazy forceSum in boxOfActin.MyoRod@28b0834
Crazy forceSum in boxOfActin.MyoRod@27c6ef00
Crazy forceSum in boxOfActin.MyoRod@124e38b3
Crazy forceSum in boxOfActin.MyoRod@5c550f00
Crazy forceSum in boxOfActin.MyoRod@6c57616
Crazy forceSum in boxOfActin.MyoRod@16eb3721
Crazy forceSum in boxOfActin.MyoRod@75831eef
Crazy forceSum in boxOfActin.MyoRod@1da2250
Crazy forceSum in boxOfActin.MyoRod@2c0281bb
Crazy forceSum in boxOfActin.MyoRod@631fe925
Crazy forceSum in boxOfActin.MyoRod@e86f7cf
Crazy forceSum in boxOfActin.MyoMiniFilament@2d5e069b
Crazy torqueSum in boxOfActin.MyoMiniFilament@2d5e069b
Crazy forceSum in boxOfActin.MyoRod@27a66deb
Crazy forceSum in boxOfActin.MyoRod@62a4f77b
Crazy forceSum in boxOfActin.MyoRod@3f135f6a
Crazy forceSum in boxOfActin.MyoRod@530cd635
Crazy forceSum in boxOfActin.MyoRod@4751208a
Crazy forceSum in boxOfActin.MyoRod@28b0834
Crazy forceSum in boxOfActin.MyoRod@27c6ef00
Crazy forceSum in boxOfActin.MyoRod@124e38b3
Crazy forceSum in boxOfActin.MyoRod@5c550f00
Crazy forceSum in boxOfActin.MyoRod@6c57616
Crazy forceSum in boxOfActin.MyoRod@16eb3721
Crazy forceSum in boxOfActin.MyoRod@75831eef
Crazy forceSum in boxOfActin.MyoRod@1da2250
Crazy forceSum in boxOfActin.MyoRod@2c0281bb
Crazy forceSum in boxOfActin.MyoRod@631fe925
Crazy forceSum in boxOfActin.MyoRod@e86f7cf
Crazy forceSum in boxOfActin.MyoMiniFilament@2d5e069b
Crazy torqueSum in boxOfActin.MyoMiniFilament@2d5e069b
Crazy forceSum in boxOfActin.MyoRod@27a66deb
Crazy forceSum in boxOfActin.MyoRod@62a4f77b
Crazy forceSum in boxOfActin.MyoRod@3f135f6a
Crazy forceSum in boxOfActin.MyoRod@530cd635
Crazy forceSum in boxOfActin.MyoRod@4751208a
Crazy forceSum in boxOfActin.MyoRod@28b0834
Crazy forceSum in boxOfActin.MyoRod@27c6ef00
Crazy forceSum in boxOfActin.MyoRod@124e38b3
Crazy forceSum in boxOfActin.MyoRod@5c550f00
Crazy forceSum in boxOfActin.MyoRod@6c57616
Crazy forceSum in boxOfActin.MyoRod@16eb3721
Crazy forceSum in boxOfActin.MyoRod@75831eef
Crazy forceSum in boxOfActin.MyoRod@1da2250
Crazy forceSum in boxOfActin.MyoRod@2c0281bb
Crazy forceSum in boxOfActin.MyoRod@631fe925
Crazy forceSum in boxOfActin.MyoRod@e86f7cf
Crazy forceSum in boxOfActin.MyoMiniFilament@2d5e069b
Crazy torqueSum in boxOfActin.MyoMiniFilament@2d5e069b
Crazy forceSum in boxOfActin.MyoRod@27a66deb
Crazy forceSum in boxOfActin.MyoRod@62a4f77b
Crazy forceSum in boxOfActin.MyoRod@3f135f6a
Crazy forceSum in boxOfActin.MyoRod@530cd635
Crazy forceSum in boxOfActin.MyoRod@4751208a
Crazy forceSum in boxOfActin.MyoRod@28b0834
Crazy forceSum in boxOfActin.MyoRod@27c6ef00
Crazy forceSum in boxOfActin.MyoRod@124e38b3
Crazy forceSum in boxOfActin.MyoRod@5c550f00
Crazy forceSum in boxOfActin.MyoRod@6c57616
Crazy forceSum in boxOfActin.MyoRod@16eb3721
Crazy forceSum in boxOfActin.MyoRod@75831eef
Crazy forceSum in boxOfActin.MyoRod@1da2250
Crazy forceSum in boxOfActin.MyoRod@2c0281bb
Crazy forceSum in boxOfActin.MyoRod@631fe925
Crazy forceSum in boxOfActin.MyoRod@e86f7cf
Crazy forceSum in boxOfActin.MyoMiniFilament@2d5e069b
Crazy torqueSum in boxOfActin.MyoMiniFilament@2d5e069b
Crazy forceSum in boxOfActin.MyoRod@27a66deb
Crazy forceSum in boxOfActin.MyoRod@62a4f77b
Crazy forceSum in boxOfActin.MyoRod@3f135f6a
Crazy forceSum in boxOfActin.MyoRod@530cd635
Crazy forceSum in boxOfActin.MyoRod@4751208a
Crazy forceSum in boxOfActin.MyoRod@28b0834
Crazy forceSum in boxOfActin.MyoRod@27c6ef00
Crazy forceSum in boxOfActin.MyoRod@124e38b3
Crazy forceSum in boxOfActin.MyoRod@5c550f00
Crazy forceSum in boxOfActin.MyoRod@6c57616
Crazy forceSum in boxOfActin.MyoRod@16eb3721
Crazy forceSum in boxOfActin.MyoRod@75831eef
Crazy forceSum in boxOfActin.MyoRod@1da2250
Crazy forceSum in boxOfActin.MyoRod@2c0281bb
Crazy forceSum in boxOfActin.MyoRod@631fe925
Crazy forceSum in boxOfActin.MyoRod@e86f7cf
Crazy forceSum in boxOfActin.MyoMiniFilament@2d5e069b
Crazy torqueSum in boxOfActin.MyoMiniFilament@2d5e069b
Crazy forceSum in boxOfActin.MyoRod@27a66deb
Crazy forceSum in boxOfActin.MyoRod@62a4f77b
Crazy forceSum in boxOfActin.MyoRod@3f135f6a
Crazy forceSum in boxOfActin.MyoRod@530cd635
Crazy forceSum in boxOfActin.MyoRod@4751208a
Crazy forceSum in boxOfActin.MyoRod@28b0834
Crazy forceSum in boxOfActin.MyoRod@27c6ef00
Crazy forceSum in boxOfActin.MyoRod@124e38b3
Crazy forceSum in boxOfActin.MyoRod@5c550f00
Crazy forceSum in boxOfActin.MyoRod@6c57616
Crazy forceSum in boxOfActin.MyoRod@16eb3721
Crazy forceSum in boxOfActin.MyoRod@75831eef
Crazy forceSum in boxOfActin.MyoRod@1da2250
Crazy forceSum in boxOfActin.MyoRod@2c0281bb
Crazy forceSum in boxOfActin.MyoRod@631fe925
Crazy forceSum in boxOfActin.MyoRod@e86f7cf
Crazy forceSum in boxOfActin.MyoMiniFilament@2d5e069b
Crazy torqueSum in boxOfActin.MyoMiniFilament@2d5e069b
Crazy forceSum in boxOfActin.MyoRod@27a66deb
Crazy forceSum in boxOfActin.MyoRod@62a4f77b
Crazy forceSum in boxOfActin.MyoRod@3f135f6a
Crazy forceSum in boxOfActin.MyoRod@530cd635
Crazy forceSum in boxOfActin.MyoRod@4751208a
Crazy forceSum in boxOfActin.MyoRod@28b0834
Crazy forceSum in boxOfActin.MyoRod@27c6ef00
Crazy forceSum in boxOfActin.MyoRod@124e38b3
Crazy forceSum in boxOfActin.MyoRod@5c550f00
Crazy forceSum in boxOfActin.MyoRod@6c57616
Crazy forceSum in boxOfActin.MyoRod@16eb3721
Crazy forceSum in boxOfActin.MyoRod@75831eef
Crazy forceSum in boxOfActin.MyoRod@1da2250
Crazy forceSum in boxOfActin.MyoRod@2c0281bb
Crazy forceSum in boxOfActin.MyoRod@631fe925
Crazy forceSum in boxOfActin.MyoRod@e86f7cf
Crazy forceSum in boxOfActin.MyoMiniFilament@2d5e069b
Crazy torqueSum in boxOfActin.MyoMiniFilament@2d5e069b
Crazy forceSum in boxOfActin.MyoRod@27a66deb
Crazy forceSum in boxOfActin.MyoRod@62a4f77b
Crazy forceSum in boxOfActin.MyoRod@3f135f6a
Crazy forceSum in boxOfActin.MyoRod@530cd635
Crazy forceSum in boxOfActin.MyoRod@4751208a
Crazy forceSum in boxOfActin.MyoRod@28b0834
Crazy forceSum in boxOfActin.MyoRod@27c6ef00
Crazy forceSum in boxOfActin.MyoRod@124e38b3
Crazy forceSum in boxOfActin.MyoRod@5c550f00
Crazy forceSum in boxOfActin.MyoRod@6c57616
Crazy forceSum in boxOfActin.MyoRod@16eb3721
Crazy forceSum in boxOfActin.MyoRod@75831eef
Crazy forceSum in boxOfActin.MyoRod@1da2250
Crazy forceSum in boxOfActin.MyoRod@2c0281bb
Crazy forceSum in boxOfActin.MyoRod@631fe925
Crazy forceSum in boxOfActin.MyoRod@e86f7cf
Crazy forceSum in boxOfActin.MyoMiniFilament@2d5e069b
Crazy torqueSum in boxOfActin.MyoMiniFilament@2d5e069b
Crazy forceSum in boxOfActin.MyoRod@27a66deb
Crazy forceSum in boxOfActin.MyoRod@62a4f77b
Crazy forceSum in boxOfActin.MyoRod@3f135f6a
Crazy forceSum in boxOfActin.MyoRod@530cd635
Crazy forceSum in boxOfActin.MyoRod@4751208a
Crazy forceSum in boxOfActin.MyoRod@28b0834
Crazy forceSum in boxOfActin.MyoRod@27c6ef00
Crazy forceSum in boxOfActin.MyoRod@124e38b3
Crazy forceSum in boxOfActin.MyoRod@5c550f00
Crazy forceSum in boxOfActin.MyoRod@6c57616
Crazy forceSum in boxOfActin.MyoRod@16eb3721
Crazy forceSum in boxOfActin.MyoRod@75831eef
Crazy forceSum in boxOfActin.MyoRod@1da2250
Crazy forceSum in boxOfActin.MyoRod@2c0281bb
Crazy forceSum in boxOfActin.MyoRod@631fe925
Crazy forceSum in boxOfActin.MyoRod@e86f7cf
Crazy forceSum in boxOfActin.MyoMiniFilament@2d5e069b
Crazy torqueSum in boxOfActin.MyoMiniFilament@2d5e069b
Crazy forceSum in boxOfActin.MyoRod@27a66deb
Crazy forceSum in boxOfActin.MyoRod@62a4f77b
Crazy forceSum in boxOfActin.MyoRod@3f135f6a
Crazy forceSum in boxOfActin.MyoRod@530cd635
Crazy forceSum in boxOfActin.MyoRod@4751208a
Crazy forceSum in boxOfActin.MyoRod@28b0834
Crazy forceSum in boxOfActin.MyoRod@27c6ef00
Crazy forceSum in boxOfActin.MyoRod@124e38b3
Crazy forceSum in boxOfActin.MyoRod@5c550f00
Crazy forceSum in boxOfActin.MyoRod@6c57616
Crazy forceSum in boxOfActin.MyoRod@16eb3721
Crazy forceSum in boxOfActin.MyoRod@75831eef
Crazy forceSum in boxOfActin.MyoRod@1da2250
Crazy forceSum in boxOfActin.MyoRod@2c0281bb
Crazy forceSum in boxOfActin.MyoRod@631fe925
Crazy forceSum in boxOfActin.MyoRod@e86f7cf
Crazy forceSum in boxOfActin.MyoMiniFilament@2d5e069b
Crazy torqueSum in boxOfActin.MyoMiniFilament@2d5e069b
Crazy forceSum in boxOfActin.MyoRod@27a66deb
Crazy forceSum in boxOfActin.MyoRod@62a4f77b
Crazy forceSum in boxOfActin.MyoRod@3f135f6a
Crazy forceSum in boxOfActin.MyoRod@530cd635
Crazy forceSum in boxOfActin.MyoRod@4751208a
Crazy forceSum in boxOfActin.MyoRod@28b0834
Crazy forceSum in boxOfActin.MyoRod@27c6ef00
Crazy forceSum in boxOfActin.MyoRod@124e38b3
Crazy forceSum in boxOfActin.MyoRod@5c550f00
Crazy forceSum in boxOfActin.MyoRod@6c57616
Crazy forceSum in boxOfActin.MyoRod@16eb3721
Crazy forceSum in boxOfActin.MyoRod@75831eef
Crazy forceSum in boxOfActin.MyoRod@1da2250
Crazy forceSum in boxOfActin.MyoRod@2c0281bb
Crazy forceSum in boxOfActin.MyoRod@631fe925
Crazy forceSum in boxOfActin.MyoRod@e86f7cf
Crazy forceSum in boxOfActin.MyoMiniFilament@2d5e069b
Crazy torqueSum in boxOfActin.MyoMiniFilament@2d5e069b
Crazy forceSum in boxOfActin.MyoRod@27a66deb
Crazy forceSum in boxOfActin.MyoRod@62a4f77b
Crazy forceSum in boxOfActin.MyoRod@3f135f6a
Crazy forceSum in boxOfActin.MyoRod@530cd635
Crazy forceSum in boxOfActin.MyoRod@4751208a
Crazy forceSum in boxOfActin.MyoRod@28b0834
Crazy forceSum in boxOfActin.MyoRod@27c6ef00
Crazy forceSum in boxOfActin.MyoRod@124e38b3
Crazy forceSum in boxOfActin.MyoRod@5c550f00
Crazy forceSum in boxOfActin.MyoRod@6c57616
Crazy forceSum in boxOfActin.MyoRod@16eb3721
Crazy forceSum in boxOfActin.MyoRod@75831eef
Crazy forceSum in boxOfActin.MyoRod@1da2250
Crazy forceSum in boxOfActin.MyoRod@2c0281bb
Crazy forceSum in boxOfActin.MyoRod@631fe925
Crazy forceSum in boxOfActin.MyoRod@e86f7cf
Crazy forceSum in boxOfActin.MyoMiniFilament@2d5e069b
Crazy torqueSum in boxOfActin.MyoMiniFilament@2d5e069b
Crazy forceSum in boxOfActin.MyoRod@27a66deb
Crazy forceSum in boxOfActin.MyoRod@62a4f77b
Crazy forceSum in boxOfActin.MyoRod@3f135f6a
Crazy forceSum in boxOfActin.MyoRod@530cd635
Crazy forceSum in boxOfActin.MyoRod@4751208a
Crazy forceSum in boxOfActin.MyoRod@28b0834
Crazy forceSum in boxOfActin.MyoRod@27c6ef00
Crazy forceSum in boxOfActin.MyoRod@124e38b3
Crazy forceSum in boxOfActin.MyoRod@5c550f00
Crazy forceSum in boxOfActin.MyoRod@6c57616
Crazy forceSum in boxOfActin.MyoRod@16eb3721
Crazy forceSum in boxOfActin.MyoRod@75831eef
Crazy forceSum in boxOfActin.MyoRod@1da2250
Crazy forceSum in boxOfActin.MyoRod@2c0281bb
Crazy forceSum in boxOfActin.MyoRod@631fe925
Crazy forceSum in boxOfActin.MyoRod@e86f7cf
Crazy forceSum in boxOfActin.MyoMiniFilament@2d5e069b
Crazy torqueSum in boxOfActin.MyoMiniFilament@2d5e069b
Crazy forceSum in boxOfActin.MyoRod@27a66deb
Crazy forceSum in boxOfActin.MyoRod@62a4f77b
Crazy forceSum in boxOfActin.MyoRod@3f135f6a
Crazy forceSum in boxOfActin.MyoRod@530cd635
Crazy forceSum in boxOfActin.MyoRod@4751208a
Crazy forceSum in boxOfActin.MyoRod@28b0834
Crazy forceSum in boxOfActin.MyoRod@27c6ef00
Crazy forceSum in boxOfActin.MyoRod@124e38b3
Crazy forceSum in boxOfActin.MyoRod@5c550f00
Crazy forceSum in boxOfActin.MyoRod@6c57616
Crazy forceSum in boxOfActin.MyoRod@16eb3721
Crazy forceSum in boxOfActin.MyoRod@75831eef
Crazy forceSum in boxOfActin.MyoRod@1da2250
Crazy forceSum in boxOfActin.MyoRod@2c0281bb
Crazy forceSum in boxOfActin.MyoRod@631fe925
Crazy forceSum in boxOfActin.MyoRod@e86f7cf
Crazy forceSum in boxOfActin.MyoMiniFilament@2d5e069b
Crazy torqueSum in boxOfActin.MyoMiniFilament@2d5e069b
Crazy forceSum in boxOfActin.MyoRod@27a66deb
Crazy forceSum in boxOfActin.MyoRod@62a4f77b
Crazy forceSum in boxOfActin.MyoRod@3f135f6a
Crazy forceSum in boxOfActin.MyoRod@530cd635
Crazy forceSum in boxOfActin.MyoRod@4751208a
Crazy forceSum in boxOfActin.MyoRod@28b0834
Crazy forceSum in boxOfActin.MyoRod@27c6ef00
Crazy forceSum in boxOfActin.MyoRod@124e38b3
Crazy forceSum in boxOfActin.MyoRod@5c550f00
Crazy forceSum in boxOfActin.MyoRod@6c57616
Crazy forceSum in boxOfActin.MyoRod@16eb3721
Crazy forceSum in boxOfActin.MyoRod@75831eef
Crazy forceSum in boxOfActin.MyoRod@1da2250
Crazy forceSum in boxOfActin.MyoRod@2c0281bb
Crazy forceSum in boxOfActin.MyoRod@631fe925
Crazy forceSum in boxOfActin.MyoRod@e86f7cf
Crazy forceSum in boxOfActin.MyoMiniFilament@2d5e069b
Crazy torqueSum in boxOfActin.MyoMiniFilament@2d5e069b
Crazy forceSum in boxOfActin.MyoRod@27a66deb
Crazy forceSum in boxOfActin.MyoRod@62a4f77b
Crazy forceSum in boxOfActin.MyoRod@3f135f6a
Crazy forceSum in boxOfActin.MyoRod@530cd635
Crazy forceSum in boxOfActin.MyoRod@4751208a
Crazy forceSum in boxOfActin.MyoRod@28b0834
Crazy forceSum in boxOfActin.MyoRod@27c6ef00
Crazy forceSum in boxOfActin.MyoRod@124e38b3
Crazy forceSum in boxOfActin.MyoRod@5c550f00
Crazy forceSum in boxOfActin.MyoRod@6c57616
Crazy forceSum in boxOfActin.MyoRod@16eb3721
Crazy forceSum in boxOfActin.MyoRod@75831eef
Crazy forceSum in boxOfActin.MyoRod@1da2250
Crazy forceSum in boxOfActin.MyoRod@2c0281bb
Crazy forceSum in boxOfActin.MyoRod@631fe925
Crazy forceSum in boxOfActin.MyoRod@e86f7cf
Crazy forceSum in boxOfActin.MyoMiniFilament@2d5e069b
Crazy torqueSum in boxOfActin.MyoMiniFilament@2d5e069b
Crazy forceSum in boxOfActin.MyoRod@27a66deb
Crazy forceSum in boxOfActin.MyoRod@62a4f77b
Crazy forceSum in boxOfActin.MyoRod@3f135f6a
Crazy forceSum in boxOfActin.MyoRod@530cd635
Crazy forceSum in boxOfActin.MyoRod@4751208a
Crazy forceSum in boxOfActin.MyoRod@28b0834
Crazy forceSum in boxOfActin.MyoRod@27c6ef00
Crazy forceSum in boxOfActin.MyoRod@124e38b3
Crazy forceSum in boxOfActin.MyoRod@5c550f00
Crazy forceSum in boxOfActin.MyoRod@6c57616
Crazy forceSum in boxOfActin.MyoRod@16eb3721
Crazy forceSum in boxOfActin.MyoRod@75831eef
Crazy forceSum in boxOfActin.MyoRod@1da2250
Crazy forceSum in boxOfActin.MyoRod@2c0281bb
Crazy forceSum in boxOfActin.MyoRod@631fe925
Crazy forceSum in boxOfActin.MyoRod@e86f7cf
Crazy forceSum in boxOfActin.MyoMiniFilament@2d5e069b
Crazy torqueSum in boxOfActin.MyoMiniFilament@2d5e069b
Crazy forceSum in boxOfActin.MyoRod@27a66deb
Crazy forceSum in boxOfActin.MyoRod@62a4f77b
Crazy forceSum in boxOfActin.MyoRod@3f135f6a
Crazy forceSum in boxOfActin.MyoRod@530cd635
Crazy forceSum in boxOfActin.MyoRod@4751208a
Crazy forceSum in boxOfActin.MyoRod@28b0834
Crazy forceSum in boxOfActin.MyoRod@27c6ef00
Crazy forceSum in boxOfActin.MyoRod@124e38b3
Crazy forceSum in boxOfActin.MyoRod@5c550f00
Crazy forceSum in boxOfActin.MyoRod@6c57616
Crazy forceSum in boxOfActin.MyoRod@16eb3721
Crazy forceSum in boxOfActin.MyoRod@75831eef
Crazy forceSum in boxOfActin.MyoRod@1da2250
Crazy forceSum in boxOfActin.MyoRod@2c0281bb
Crazy forceSum in boxOfActin.MyoRod@631fe925
Crazy forceSum in boxOfActin.MyoRod@e86f7cf
Crazy forceSum in boxOfActin.MyoMiniFilament@2d5e069b
Crazy torqueSum in boxOfActin.MyoMiniFilament@2d5e069b
Crazy forceSum in boxOfActin.MyoRod@27a66deb
Crazy forceSum in boxOfActin.MyoRod@62a4f77b
Crazy forceSum in boxOfActin.MyoRod@3f135f6a
Crazy forceSum in boxOfActin.MyoRod@530cd635
Crazy forceSum in boxOfActin.MyoRod@4751208a
Crazy forceSum in boxOfActin.MyoRod@28b0834
Crazy forceSum in boxOfActin.MyoRod@27c6ef00
Crazy forceSum in boxOfActin.MyoRod@124e38b3
Crazy forceSum in boxOfActin.MyoRod@5c550f00
Crazy forceSum in boxOfActin.MyoRod@6c57616
Crazy forceSum in boxOfActin.MyoRod@16eb3721
Crazy forceSum in boxOfActin.MyoRod@75831eef
Crazy forceSum in boxOfActin.MyoRod@1da2250
Crazy forceSum in boxOfActin.MyoRod@2c0281bb
Crazy forceSum in boxOfActin.MyoRod@631fe925
Crazy forceSum in boxOfActin.MyoRod@e86f7cf
Crazy forceSum in boxOfActin.MyoMiniFilament@2d5e069b
Crazy torqueSum in boxOfActin.MyoMiniFilament@2d5e069b
Crazy forceSum in boxOfActin.MyoRod@27a66deb
Crazy forceSum in boxOfActin.MyoRod@62a4f77b
Crazy forceSum in boxOfActin.MyoRod@3f135f6a
Crazy forceSum in boxOfActin.MyoRod@530cd635
Crazy forceSum in boxOfActin.MyoRod@4751208a
Crazy forceSum in boxOfActin.MyoRod@28b0834
Crazy forceSum in boxOfActin.MyoRod@27c6ef00
Crazy forceSum in boxOfActin.MyoRod@124e38b3
Crazy forceSum in boxOfActin.MyoRod@5c550f00
Crazy forceSum in boxOfActin.MyoRod@6c57616
Crazy forceSum in boxOfActin.MyoRod@16eb3721
Crazy forceSum in boxOfActin.MyoRod@75831eef
Crazy forceSum in boxOfActin.MyoRod@1da2250
Crazy forceSum in boxOfActin.MyoRod@2c0281bb
Crazy forceSum in boxOfActin.MyoRod@631fe925
Crazy forceSum in boxOfActin.MyoRod@e86f7cf
Crazy forceSum in boxOfActin.MyoMiniFilament@2d5e069b
Crazy torqueSum in boxOfActin.MyoMiniFilament@2d5e069b
Crazy forceSum in boxOfActin.MyoRod@27a66deb
Crazy forceSum in boxOfActin.MyoRod@62a4f77b
Crazy forceSum in boxOfActin.MyoRod@3f135f6a
Crazy forceSum in boxOfActin.MyoRod@530cd635
Crazy forceSum in boxOfActin.MyoRod@4751208a
Crazy forceSum in boxOfActin.MyoRod@28b0834
Crazy forceSum in boxOfActin.MyoRod@27c6ef00
Crazy forceSum in boxOfActin.MyoRod@124e38b3
Crazy forceSum in boxOfActin.MyoRod@5c550f00
Crazy forceSum in boxOfActin.MyoRod@6c57616
Crazy forceSum in boxOfActin.MyoRod@16eb3721
Crazy forceSum in boxOfActin.MyoRod@75831eef
Crazy forceSum in boxOfActin.MyoRod@1da2250
Crazy forceSum in boxOfActin.MyoRod@2c0281bb
Crazy forceSum in boxOfActin.MyoRod@631fe925
Crazy forceSum in boxOfActin.MyoRod@e86f7cf
Crazy forceSum in boxOfActin.MyoMiniFilament@2d5e069b
Crazy torqueSum in boxOfActin.MyoMiniFilament@2d5e069b
Crazy forceSum in boxOfActin.MyoRod@27a66deb
Crazy forceSum in boxOfActin.MyoRod@62a4f77b
Crazy forceSum in boxOfActin.MyoRod@3f135f6a
Crazy forceSum in boxOfActin.MyoRod@530cd635
Crazy forceSum in boxOfActin.MyoRod@4751208a
Crazy forceSum in boxOfActin.MyoRod@28b0834
Crazy forceSum in boxOfActin.MyoRod@27c6ef00
Crazy forceSum in boxOfActin.MyoRod@124e38b3
Crazy forceSum in boxOfActin.MyoRod@5c550f00
Crazy forceSum in boxOfActin.MyoRod@6c57616
Crazy forceSum in boxOfActin.MyoRod@16eb3721
Crazy forceSum in boxOfActin.MyoRod@75831eef
Crazy forceSum in boxOfActin.MyoRod@1da2250
Crazy forceSum in boxOfActin.MyoRod@2c0281bb
Crazy forceSum in boxOfActin.MyoRod@631fe925
Crazy forceSum in boxOfActin.MyoRod@e86f7cf
Crazy forceSum in boxOfActin.MyoMiniFilament@2d5e069b
Crazy torqueSum in boxOfActin.MyoMiniFilament@2d5e069b
Crazy forceSum in boxOfActin.MyoRod@27a66deb
Crazy forceSum in boxOfActin.MyoRod@62a4f77b
Crazy forceSum in boxOfActin.MyoRod@3f135f6a
Crazy forceSum in boxOfActin.MyoRod@530cd635
Crazy forceSum in boxOfActin.MyoRod@4751208a
Crazy forceSum in boxOfActin.MyoRod@28b0834
Crazy forceSum in boxOfActin.MyoRod@27c6ef00
Crazy forceSum in boxOfActin.MyoRod@124e38b3
Crazy forceSum in boxOfActin.MyoRod@5c550f00
Crazy forceSum in boxOfActin.MyoRod@6c57616
Crazy forceSum in boxOfActin.MyoRod@16eb3721
Crazy forceSum in boxOfActin.MyoRod@75831eef
Crazy forceSum in boxOfActin.MyoRod@1da2250
Crazy forceSum in boxOfActin.MyoRod@2c0281bb
Crazy forceSum in boxOfActin.MyoRod@631fe925
Crazy forceSum in boxOfActin.MyoRod@e86f7cf
Crazy forceSum in boxOfActin.MyoMiniFilament@2d5e069b
Crazy torqueSum in boxOfActin.MyoMiniFilament@2d5e069b
Crazy forceSum in boxOfActin.MyoRod@27a66deb
Crazy forceSum in boxOfActin.MyoRod@62a4f77b
Crazy forceSum in boxOfActin.MyoRod@3f135f6a
Crazy forceSum in boxOfActin.MyoRod@530cd635
Crazy forceSum in boxOfActin.MyoRod@4751208a
Crazy forceSum in boxOfActin.MyoRod@28b0834
Crazy forceSum in boxOfActin.MyoRod@27c6ef00
Crazy forceSum in boxOfActin.MyoRod@124e38b3
Crazy forceSum in boxOfActin.MyoRod@5c550f00
Crazy forceSum in boxOfActin.MyoRod@6c57616
Crazy forceSum in boxOfActin.MyoRod@16eb3721
Crazy forceSum in boxOfActin.MyoRod@75831eef
Crazy forceSum in boxOfActin.MyoRod@1da2250
Crazy forceSum in boxOfActin.MyoRod@2c0281bb
Crazy forceSum in boxOfActin.MyoRod@631fe925
Crazy forceSum in boxOfActin.MyoRod@e86f7cf
Crazy forceSum in boxOfActin.MyoMiniFilament@2d5e069b
Crazy torqueSum in boxOfActin.MyoMiniFilament@2d5e069b
Crazy forceSum in boxOfActin.MyoRod@27a66deb
Crazy forceSum in boxOfActin.MyoRod@62a4f77b
Crazy forceSum in boxOfActin.MyoRod@3f135f6a
Crazy forceSum in boxOfActin.MyoRod@530cd635
Crazy forceSum in boxOfActin.MyoRod@4751208a
Crazy forceSum in boxOfActin.MyoRod@28b0834
Crazy forceSum in boxOfActin.MyoRod@27c6ef00
Crazy forceSum in boxOfActin.MyoRod@124e38b3
Crazy forceSum in boxOfActin.MyoRod@5c550f00
Crazy forceSum in boxOfActin.MyoRod@6c57616
Crazy forceSum in boxOfActin.MyoRod@16eb3721
Crazy forceSum in boxOfActin.MyoRod@75831eef
Crazy forceSum in boxOfActin.MyoRod@1da2250
Crazy forceSum in boxOfActin.MyoRod@2c0281bb
Crazy forceSum in boxOfActin.MyoRod@631fe925
Crazy forceSum in boxOfActin.MyoRod@e86f7cf
Crazy forceSum in boxOfActin.MyoMiniFilament@2d5e069b
Crazy torqueSum in boxOfActin.MyoMiniFilament@2d5e069b
Crazy forceSum in boxOfActin.MyoRod@27a66deb
Crazy forceSum in boxOfActin.MyoRod@62a4f77b
Crazy forceSum in boxOfActin.MyoRod@3f135f6a
Crazy forceSum in boxOfActin.MyoRod@530cd635
Crazy forceSum in boxOfActin.MyoRod@4751208a
Crazy forceSum in boxOfActin.MyoRod@28b0834
Crazy forceSum in boxOfActin.MyoRod@27c6ef00
Crazy forceSum in boxOfActin.MyoRod@124e38b3
Crazy forceSum in boxOfActin.MyoRod@5c550f00
Crazy forceSum in boxOfActin.MyoRod@6c57616
Crazy forceSum in boxOfActin.MyoRod@16eb3721
Crazy forceSum in boxOfActin.MyoRod@75831eef
Crazy forceSum in boxOfActin.MyoRod@1da2250
Crazy forceSum in boxOfActin.MyoRod@2c0281bb
Crazy forceSum in boxOfActin.MyoRod@631fe925
Crazy forceSum in boxOfActin.MyoRod@e86f7cf
Crazy forceSum in boxOfActin.MyoMiniFilament@2d5e069b
Crazy torqueSum in boxOfActin.MyoMiniFilament@2d5e069b
Crazy forceSum in boxOfActin.MyoRod@27a66deb
Crazy forceSum in boxOfActin.MyoRod@62a4f77b
Crazy forceSum in boxOfActin.MyoRod@3f135f6a
Crazy forceSum in boxOfActin.MyoRod@530cd635
Crazy forceSum in boxOfActin.MyoRod@4751208a
Crazy forceSum in boxOfActin.MyoRod@28b0834
Crazy forceSum in boxOfActin.MyoRod@27c6ef00
Crazy forceSum in boxOfActin.MyoRod@124e38b3
Crazy forceSum in boxOfActin.MyoRod@5c550f00
Crazy forceSum in boxOfActin.MyoRod@6c57616
Crazy forceSum in boxOfActin.MyoRod@16eb3721
Crazy forceSum in boxOfActin.MyoRod@75831eef
Crazy forceSum in boxOfActin.MyoRod@1da2250
Crazy forceSum in boxOfActin.MyoRod@2c0281bb
Crazy forceSum in boxOfActin.MyoRod@631fe925
Crazy forceSum in boxOfActin.MyoRod@e86f7cf
Crazy forceSum in boxOfActin.MyoMiniFilament@2d5e069b
Crazy torqueSum in boxOfActin.MyoMiniFilament@2d5e069b
Crazy forceSum in boxOfActin.MyoRod@27a66deb
Crazy forceSum in boxOfActin.MyoRod@62a4f77b
Crazy forceSum in boxOfActin.MyoRod@3f135f6a
Crazy forceSum in boxOfActin.MyoRod@530cd635
Crazy forceSum in boxOfActin.MyoRod@4751208a
Crazy forceSum in boxOfActin.MyoRod@28b0834
Crazy forceSum in boxOfActin.MyoRod@27c6ef00
Crazy forceSum in boxOfActin.MyoRod@124e38b3
Crazy forceSum in boxOfActin.MyoRod@5c550f00
Crazy forceSum in boxOfActin.MyoRod@6c57616
Crazy forceSum in boxOfActin.MyoRod@16eb3721
Crazy forceSum in boxOfActin.MyoRod@75831eef
Crazy forceSum in boxOfActin.MyoRod@1da2250
Crazy forceSum in boxOfActin.MyoRod@2c0281bb
Crazy forceSum in boxOfActin.MyoRod@631fe925
Crazy forceSum in boxOfActin.MyoRod@e86f7cf
Crazy forceSum in boxOfActin.MyoMiniFilament@2d5e069b
Crazy torqueSum in boxOfActin.MyoMiniFilament@2d5e069b
Crazy forceSum in boxOfActin.MyoRod@27a66deb
Crazy forceSum in boxOfActin.MyoRod@62a4f77b
Crazy forceSum in boxOfActin.MyoRod@3f135f6a
Crazy forceSum in boxOfActin.MyoRod@530cd635
Crazy forceSum in boxOfActin.MyoRod@4751208a
Crazy forceSum in boxOfActin.MyoRod@28b0834
Crazy forceSum in boxOfActin.MyoRod@27c6ef00
Crazy forceSum in boxOfActin.MyoRod@124e38b3
Crazy forceSum in boxOfActin.MyoRod@5c550f00
Crazy forceSum in boxOfActin.MyoRod@6c57616
Crazy forceSum in boxOfActin.MyoRod@16eb3721
Crazy forceSum in boxOfActin.MyoRod@75831eef
Crazy forceSum in boxOfActin.MyoRod@1da2250
Crazy forceSum in boxOfActin.MyoRod@2c0281bb
Crazy forceSum in boxOfActin.MyoRod@631fe925
Crazy forceSum in boxOfActin.MyoRod@e86f7cf
Crazy forceSum in boxOfActin.MyoMiniFilament@2d5e069b
Crazy torqueSum in boxOfActin.MyoMiniFilament@2d5e069b
Crazy forceSum in boxOfActin.MyoRod@27a66deb
Crazy forceSum in boxOfActin.MyoRod@62a4f77b
Crazy forceSum in boxOfActin.MyoRod@3f135f6a
Crazy forceSum in boxOfActin.MyoRod@530cd635
Crazy forceSum in boxOfActin.MyoRod@4751208a
Crazy forceSum in boxOfActin.MyoRod@28b0834
Crazy forceSum in boxOfActin.MyoRod@27c6ef00
Crazy forceSum in boxOfActin.MyoRod@124e38b3
Crazy forceSum in boxOfActin.MyoRod@5c550f00
Crazy forceSum in boxOfActin.MyoRod@6c57616
Crazy forceSum in boxOfActin.MyoRod@16eb3721
Crazy forceSum in boxOfActin.MyoRod@75831eef
Crazy forceSum in boxOfActin.MyoRod@1da2250
Crazy forceSum in boxOfActin.MyoRod@2c0281bb
Crazy forceSum in boxOfActin.MyoRod@631fe925
Crazy forceSum in boxOfActin.MyoRod@e86f7cf
Crazy forceSum in boxOfActin.MyoMiniFilament@2d5e069b
Crazy torqueSum in boxOfActin.MyoMiniFilament@2d5e069b
Crazy forceSum in boxOfActin.MyoRod@27a66deb
Crazy forceSum in boxOfActin.MyoRod@62a4f77b
Crazy forceSum in boxOfActin.MyoRod@3f135f6a
Crazy forceSum in boxOfActin.MyoRod@530cd635
Crazy forceSum in boxOfActin.MyoRod@4751208a
Crazy forceSum in boxOfActin.MyoRod@28b0834
Crazy forceSum in boxOfActin.MyoRod@27c6ef00
Crazy forceSum in boxOfActin.MyoRod@124e38b3
Crazy forceSum in boxOfActin.MyoRod@5c550f00
Crazy forceSum in boxOfActin.MyoRod@6c57616
Crazy forceSum in boxOfActin.MyoRod@16eb3721
Crazy forceSum in boxOfActin.MyoRod@75831eef
Crazy forceSum in boxOfActin.MyoRod@1da2250
Crazy forceSum in boxOfActin.MyoRod@2c0281bb
Crazy forceSum in boxOfActin.MyoRod@631fe925
Crazy forceSum in boxOfActin.MyoRod@e86f7cf
Crazy forceSum in boxOfActin.MyoMiniFilament@2d5e069b
Crazy torqueSum in boxOfActin.MyoMiniFilament@2d5e069b
Crazy forceSum in boxOfActin.MyoRod@27a66deb
Crazy forceSum in boxOfActin.MyoRod@62a4f77b
Crazy forceSum in boxOfActin.MyoRod@3f135f6a
Crazy forceSum in boxOfActin.MyoRod@530cd635
Crazy forceSum in boxOfActin.MyoRod@4751208a
Crazy forceSum in boxOfActin.MyoRod@28b0834
Crazy forceSum in boxOfActin.MyoRod@27c6ef00
Crazy forceSum in boxOfActin.MyoRod@124e38b3
Crazy forceSum in boxOfActin.MyoRod@5c550f00
Crazy forceSum in boxOfActin.MyoRod@6c57616
Crazy forceSum in boxOfActin.MyoRod@16eb3721
Crazy forceSum in boxOfActin.MyoRod@75831eef
Crazy forceSum in boxOfActin.MyoRod@1da2250
Crazy forceSum in boxOfActin.MyoRod@2c0281bb
Crazy forceSum in boxOfActin.MyoRod@631fe925
Crazy forceSum in boxOfActin.MyoRod@e86f7cf
Crazy forceSum in boxOfActin.MyoMiniFilament@2d5e069b
Crazy torqueSum in boxOfActin.MyoMiniFilament@2d5e069b
Crazy forceSum in boxOfActin.MyoRod@27a66deb
Crazy forceSum in boxOfActin.MyoRod@62a4f77b
Crazy forceSum in boxOfActin.MyoRod@3f135f6a
Crazy forceSum in boxOfActin.MyoRod@530cd635
Crazy forceSum in boxOfActin.MyoRod@4751208a
Crazy forceSum in boxOfActin.MyoRod@28b0834
Crazy forceSum in boxOfActin.MyoRod@27c6ef00
Crazy forceSum in boxOfActin.MyoRod@124e38b3
Crazy forceSum in boxOfActin.MyoRod@5c550f00
Crazy forceSum in boxOfActin.MyoRod@6c57616
Crazy forceSum in boxOfActin.MyoRod@16eb3721
Crazy forceSum in boxOfActin.MyoRod@75831eef
Crazy forceSum in boxOfActin.MyoRod@1da2250
Crazy forceSum in boxOfActin.MyoRod@2c0281bb
Crazy forceSum in boxOfActin.MyoRod@631fe925
Crazy forceSum in boxOfActin.MyoRod@e86f7cf
Crazy forceSum in boxOfActin.MyoMiniFilament@2d5e069b
Crazy torqueSum in boxOfActin.MyoMiniFilament@2d5e069b
Crazy forceSum in boxOfActin.MyoRod@27a66deb
Crazy forceSum in boxOfActin.MyoRod@62a4f77b
Crazy forceSum in boxOfActin.MyoRod@3f135f6a
Crazy forceSum in boxOfActin.MyoRod@530cd635
Crazy forceSum in boxOfActin.MyoRod@4751208a
Crazy forceSum in boxOfActin.MyoRod@28b0834
Crazy forceSum in boxOfActin.MyoRod@27c6ef00
Crazy forceSum in boxOfActin.MyoRod@124e38b3
Crazy forceSum in boxOfActin.MyoRod@5c550f00
Crazy forceSum in boxOfActin.MyoRod@6c57616
Crazy forceSum in boxOfActin.MyoRod@16eb3721
Crazy forceSum in boxOfActin.MyoRod@75831eef
Crazy forceSum in boxOfActin.MyoRod@1da2250
Crazy forceSum in boxOfActin.MyoRod@2c0281bb
Crazy forceSum in boxOfActin.MyoRod@631fe925
Crazy forceSum in boxOfActin.MyoRod@e86f7cf
Crazy forceSum in boxOfActin.MyoMiniFilament@2d5e069b
Crazy torqueSum in boxOfActin.MyoMiniFilament@2d5e069b
Crazy forceSum in boxOfActin.MyoRod@27a66deb
Crazy forceSum in boxOfActin.MyoRod@62a4f77b
Crazy forceSum in boxOfActin.MyoRod@3f135f6a
Crazy forceSum in boxOfActin.MyoRod@530cd635
Crazy forceSum in boxOfActin.MyoRod@4751208a
Crazy forceSum in boxOfActin.MyoRod@28b0834
Crazy forceSum in boxOfActin.MyoRod@27c6ef00
Crazy forceSum in boxOfActin.MyoRod@124e38b3
Crazy forceSum in boxOfActin.MyoRod@5c550f00
Crazy forceSum in boxOfActin.MyoRod@6c57616
Crazy forceSum in boxOfActin.MyoRod@16eb3721
Crazy forceSum in boxOfActin.MyoRod@75831eef
Crazy forceSum in boxOfActin.MyoRod@1da2250
Crazy forceSum in boxOfActin.MyoRod@2c0281bb
Crazy forceSum in boxOfActin.MyoRod@631fe925
Crazy forceSum in boxOfActin.MyoRod@e86f7cf
Crazy forceSum in boxOfActin.MyoMiniFilament@2d5e069b
Crazy torqueSum in boxOfActin.MyoMiniFilament@2d5e069b
Crazy forceSum in boxOfActin.MyoRod@27a66deb
Crazy forceSum in boxOfActin.MyoRod@62a4f77b
Crazy forceSum in boxOfActin.MyoRod@3f135f6a
Crazy forceSum in boxOfActin.MyoRod@530cd635
Crazy forceSum in boxOfActin.MyoRod@4751208a
Crazy forceSum in boxOfActin.MyoRod@28b0834
Crazy forceSum in boxOfActin.MyoRod@27c6ef00
Crazy forceSum in boxOfActin.MyoRod@124e38b3
Crazy forceSum in boxOfActin.MyoRod@5c550f00
Crazy forceSum in boxOfActin.MyoRod@6c57616
Crazy forceSum in boxOfActin.MyoRod@16eb3721
Crazy forceSum in boxOfActin.MyoRod@75831eef
Crazy forceSum in boxOfActin.MyoRod@1da2250
Crazy forceSum in boxOfActin.MyoRod@2c0281bb
Crazy forceSum in boxOfActin.MyoRod@631fe925
Crazy forceSum in boxOfActin.MyoRod@e86f7cf
Crazy forceSum in boxOfActin.MyoMiniFilament@2d5e069b
Crazy torqueSum in boxOfActin.MyoMiniFilament@2d5e069b
Crazy forceSum in boxOfActin.MyoRod@27a66deb
Crazy forceSum in boxOfActin.MyoRod@62a4f77b
Crazy forceSum in boxOfActin.MyoRod@3f135f6a
Crazy forceSum in boxOfActin.MyoRod@530cd635
Crazy forceSum in boxOfActin.MyoRod@4751208a
Crazy forceSum in boxOfActin.MyoRod@28b0834
Crazy forceSum in boxOfActin.MyoRod@27c6ef00
Crazy forceSum in boxOfActin.MyoRod@124e38b3
Crazy forceSum in boxOfActin.MyoRod@5c550f00
Crazy forceSum in boxOfActin.MyoRod@6c57616
Crazy forceSum in boxOfActin.MyoRod@16eb3721
Crazy forceSum in boxOfActin.MyoRod@75831eef
Crazy forceSum in boxOfActin.MyoRod@1da2250
Crazy forceSum in boxOfActin.MyoRod@2c0281bb
Crazy forceSum in boxOfActin.MyoRod@631fe925
Crazy forceSum in boxOfActin.MyoRod@e86f7cf
Crazy forceSum in boxOfActin.MyoMiniFilament@2d5e069b
Crazy torqueSum in boxOfActin.MyoMiniFilament@2d5e069b
Crazy forceSum in boxOfActin.MyoRod@27a66deb
Crazy forceSum in boxOfActin.MyoRod@62a4f77b
Crazy forceSum in boxOfActin.MyoRod@3f135f6a
Crazy forceSum in boxOfActin.MyoRod@530cd635
Crazy forceSum in boxOfActin.MyoRod@4751208a
Crazy forceSum in boxOfActin.MyoRod@28b0834
Crazy forceSum in boxOfActin.MyoRod@27c6ef00
Crazy forceSum in boxOfActin.MyoRod@124e38b3
Crazy forceSum in boxOfActin.MyoRod@5c550f00
Crazy forceSum in boxOfActin.MyoRod@6c57616
Crazy forceSum in boxOfActin.MyoRod@16eb3721
Crazy forceSum in boxOfActin.MyoRod@75831eef
Crazy forceSum in boxOfActin.MyoRod@1da2250
Crazy forceSum in boxOfActin.MyoRod@2c0281bb
Crazy forceSum in boxOfActin.MyoRod@631fe925
Crazy forceSum in boxOfActin.MyoRod@e86f7cf
Crazy forceSum in boxOfActin.MyoMiniFilament@2d5e069b
Crazy torqueSum in boxOfActin.MyoMiniFilament@2d5e069b
Crazy forceSum in boxOfActin.MyoRod@27a66deb
Crazy forceSum in boxOfActin.MyoRod@62a4f77b
Crazy forceSum in boxOfActin.MyoRod@3f135f6a
Crazy forceSum in boxOfActin.MyoRod@530cd635
Crazy forceSum in boxOfActin.MyoRod@4751208a
Crazy forceSum in boxOfActin.MyoRod@28b0834
Crazy forceSum in boxOfActin.MyoRod@27c6ef00
Crazy forceSum in boxOfActin.MyoRod@124e38b3
Crazy forceSum in boxOfActin.MyoRod@5c550f00
Crazy forceSum in boxOfActin.MyoRod@6c57616
Crazy forceSum in boxOfActin.MyoRod@16eb3721
Crazy forceSum in boxOfActin.MyoRod@75831eef
Crazy forceSum in boxOfActin.MyoRod@1da2250
Crazy forceSum in boxOfActin.MyoRod@2c0281bb
Crazy forceSum in boxOfActin.MyoRod@631fe925
Crazy forceSum in boxOfActin.MyoRod@e86f7cf
Crazy forceSum in boxOfActin.MyoMiniFilament@2d5e069b
Crazy torqueSum in boxOfActin.MyoMiniFilament@2d5e069b
Crazy forceSum in boxOfActin.MyoRod@27a66deb
Crazy forceSum in boxOfActin.MyoRod@62a4f77b
Crazy forceSum in boxOfActin.MyoRod@3f135f6a
Crazy forceSum in boxOfActin.MyoRod@530cd635
Crazy forceSum in boxOfActin.MyoRod@4751208a
Crazy forceSum in boxOfActin.MyoRod@28b0834
Crazy forceSum in boxOfActin.MyoRod@27c6ef00
Crazy forceSum in boxOfActin.MyoRod@124e38b3
Crazy forceSum in boxOfActin.MyoRod@5c550f00
Crazy forceSum in boxOfActin.MyoRod@6c57616
Crazy forceSum in boxOfActin.MyoRod@16eb3721
Crazy forceSum in boxOfActin.MyoRod@75831eef
Crazy forceSum in boxOfActin.MyoRod@1da2250
Crazy forceSum in boxOfActin.MyoRod@2c0281bb
Crazy forceSum in boxOfActin.MyoRod@631fe925
Crazy forceSum in boxOfActin.MyoRod@e86f7cf
Crazy forceSum in boxOfActin.MyoMiniFilament@2d5e069b
Crazy torqueSum in boxOfActin.MyoMiniFilament@2d5e069b
Crazy forceSum in boxOfActin.MyoRod@27a66deb
Crazy forceSum in boxOfActin.MyoRod@62a4f77b
Crazy forceSum in boxOfActin.MyoRod@3f135f6a
Crazy forceSum in boxOfActin.MyoRod@530cd635
Crazy forceSum in boxOfActin.MyoRod@4751208a
Crazy forceSum in boxOfActin.MyoRod@28b0834
Crazy forceSum in boxOfActin.MyoRod@27c6ef00
Crazy forceSum in boxOfActin.MyoRod@124e38b3
Crazy forceSum in boxOfActin.MyoRod@5c550f00
Crazy forceSum in boxOfActin.MyoRod@6c57616
Crazy forceSum in boxOfActin.MyoRod@16eb3721
Crazy forceSum in boxOfActin.MyoRod@75831eef
Crazy forceSum in boxOfActin.MyoRod@1da2250
Crazy forceSum in boxOfActin.MyoRod@2c0281bb
Crazy forceSum in boxOfActin.MyoRod@631fe925
Crazy forceSum in boxOfActin.MyoRod@e86f7cf
Crazy forceSum in boxOfActin.MyoMiniFilament@2d5e069b
Crazy torqueSum in boxOfActin.MyoMiniFilament@2d5e069b
Crazy forceSum in boxOfActin.MyoRod@27a66deb
Crazy forceSum in boxOfActin.MyoRod@62a4f77b
Crazy forceSum in boxOfActin.MyoRod@3f135f6a
Crazy forceSum in boxOfActin.MyoRod@530cd635
Crazy forceSum in boxOfActin.MyoRod@4751208a
Crazy forceSum in boxOfActin.MyoRod@28b0834
Crazy forceSum in boxOfActin.MyoRod@27c6ef00
Crazy forceSum in boxOfActin.MyoRod@124e38b3
Crazy forceSum in boxOfActin.MyoRod@5c550f00
Crazy forceSum in boxOfActin.MyoRod@6c57616
Crazy forceSum in boxOfActin.MyoRod@16eb3721
Crazy forceSum in boxOfActin.MyoRod@75831eef
Crazy forceSum in boxOfActin.MyoRod@1da2250
Crazy forceSum in boxOfActin.MyoRod@2c0281bb
Crazy forceSum in boxOfActin.MyoRod@631fe925
Crazy forceSum in boxOfActin.MyoRod@e86f7cf
Crazy forceSum in boxOfActin.MyoMiniFilament@2d5e069b
Crazy torqueSum in boxOfActin.MyoMiniFilament@2d5e069b
Crazy forceSum in boxOfActin.MyoRod@27a66deb
Crazy forceSum in boxOfActin.MyoRod@62a4f77b
Crazy forceSum in boxOfActin.MyoRod@3f135f6a
Crazy forceSum in boxOfActin.MyoRod@530cd635
Crazy forceSum in boxOfActin.MyoRod@4751208a
Crazy forceSum in boxOfActin.MyoRod@28b0834
Crazy forceSum in boxOfActin.MyoRod@27c6ef00
Crazy forceSum in boxOfActin.MyoRod@124e38b3
Crazy forceSum in boxOfActin.MyoRod@5c550f00
Crazy forceSum in boxOfActin.MyoRod@6c57616
Crazy forceSum in boxOfActin.MyoRod@16eb3721
Crazy forceSum in boxOfActin.MyoRod@75831eef
Crazy forceSum in boxOfActin.MyoRod@1da2250
Crazy forceSum in boxOfActin.MyoRod@2c0281bb
Crazy forceSum in boxOfActin.MyoRod@631fe925
Crazy forceSum in boxOfActin.MyoRod@e86f7cf
Crazy forceSum in boxOfActin.MyoMiniFilament@2d5e069b
Crazy torqueSum in boxOfActin.MyoMiniFilament@2d5e069b
Crazy forceSum in boxOfActin.MyoRod@27a66deb
Crazy forceSum in boxOfActin.MyoRod@62a4f77b
Crazy forceSum in boxOfActin.MyoRod@3f135f6a
Crazy forceSum in boxOfActin.MyoRod@530cd635
Crazy forceSum in boxOfActin.MyoRod@4751208a
Crazy forceSum in boxOfActin.MyoRod@28b0834
Crazy forceSum in boxOfActin.MyoRod@27c6ef00
Crazy forceSum in boxOfActin.MyoRod@124e38b3
Crazy forceSum in boxOfActin.MyoRod@5c550f00
Crazy forceSum in boxOfActin.MyoRod@6c57616
Crazy forceSum in boxOfActin.MyoRod@16eb3721
Crazy forceSum in boxOfActin.MyoRod@75831eef
Crazy forceSum in boxOfActin.MyoRod@1da2250
Crazy forceSum in boxOfActin.MyoRod@2c0281bb
Crazy forceSum in boxOfActin.MyoRod@631fe925
Crazy forceSum in boxOfActin.MyoRod@e86f7cf
Crazy forceSum in boxOfActin.MyoMiniFilament@2d5e069b
Crazy torqueSum in boxOfActin.MyoMiniFilament@2d5e069b
Crazy forceSum in boxOfActin.MyoRod@27a66deb
Crazy forceSum in boxOfActin.MyoRod@62a4f77b
Crazy forceSum in boxOfActin.MyoRod@3f135f6a
Crazy forceSum in boxOfActin.MyoRod@530cd635
Crazy forceSum in boxOfActin.MyoRod@4751208a
Crazy forceSum in boxOfActin.MyoRod@28b0834
Crazy forceSum in boxOfActin.MyoRod@27c6ef00
Crazy forceSum in boxOfActin.MyoRod@124e38b3
Crazy forceSum in boxOfActin.MyoRod@5c550f00
Crazy forceSum in boxOfActin.MyoRod@6c57616
Crazy forceSum in boxOfActin.MyoRod@16eb3721
Crazy forceSum in boxOfActin.MyoRod@75831eef
Crazy forceSum in boxOfActin.MyoRod@1da2250
Crazy forceSum in boxOfActin.MyoRod@2c0281bb
Crazy forceSum in boxOfActin.MyoRod@631fe925
Crazy forceSum in boxOfActin.MyoRod@e86f7cf
Crazy forceSum in boxOfActin.MyoMiniFilament@2d5e069b
Crazy torqueSum in boxOfActin.MyoMiniFilament@2d5e069b
Crazy forceSum in boxOfActin.MyoRod@27a66deb
Crazy forceSum in boxOfActin.MyoRod@62a4f77b
Crazy forceSum in boxOfActin.MyoRod@3f135f6a
Crazy forceSum in boxOfActin.MyoRod@530cd635
Crazy forceSum in boxOfActin.MyoRod@4751208a
Crazy forceSum in boxOfActin.MyoRod@28b0834
Crazy forceSum in boxOfActin.MyoRod@27c6ef00
Crazy forceSum in boxOfActin.MyoRod@124e38b3
Crazy forceSum in boxOfActin.MyoRod@5c550f00
Crazy forceSum in boxOfActin.MyoRod@6c57616
Crazy forceSum in boxOfActin.MyoRod@16eb3721
Crazy forceSum in boxOfActin.MyoRod@75831eef
Crazy forceSum in boxOfActin.MyoRod@1da2250
Crazy forceSum in boxOfActin.MyoRod@2c0281bb
Crazy forceSum in boxOfActin.MyoRod@631fe925
Crazy forceSum in boxOfActin.MyoRod@e86f7cf
Crazy forceSum in boxOfActin.MyoMiniFilament@2d5e069b
Crazy torqueSum in boxOfActin.MyoMiniFilament@2d5e069b
Crazy forceSum in boxOfActin.MyoRod@27a66deb
Crazy forceSum in boxOfActin.MyoRod@62a4f77b
Crazy forceSum in boxOfActin.MyoRod@3f135f6a
Crazy forceSum in boxOfActin.MyoRod@530cd635
Crazy forceSum in boxOfActin.MyoRod@4751208a
Crazy forceSum in boxOfActin.MyoRod@28b0834
Crazy forceSum in boxOfActin.MyoRod@27c6ef00
Crazy forceSum in boxOfActin.MyoRod@124e38b3
Crazy forceSum in boxOfActin.MyoRod@5c550f00
Crazy forceSum in boxOfActin.MyoRod@6c57616
Crazy forceSum in boxOfActin.MyoRod@16eb3721
Crazy forceSum in boxOfActin.MyoRod@75831eef
Crazy forceSum in boxOfActin.MyoRod@1da2250
Crazy forceSum in boxOfActin.MyoRod@2c0281bb
Crazy forceSum in boxOfActin.MyoRod@631fe925
Crazy forceSum in boxOfActin.MyoRod@e86f7cf
Crazy forceSum in boxOfActin.MyoMiniFilament@2d5e069b
Crazy torqueSum in boxOfActin.MyoMiniFilament@2d5e069b
Crazy forceSum in boxOfActin.MyoRod@27a66deb
Crazy forceSum in boxOfActin.MyoRod@62a4f77b
Crazy forceSum in boxOfActin.MyoRod@3f135f6a
Crazy forceSum in boxOfActin.MyoRod@530cd635
Crazy forceSum in boxOfActin.MyoRod@4751208a
Crazy forceSum in boxOfActin.MyoRod@28b0834
Crazy forceSum in boxOfActin.MyoRod@27c6ef00
Crazy forceSum in boxOfActin.MyoRod@124e38b3
Crazy forceSum in boxOfActin.MyoRod@5c550f00
Crazy forceSum in boxOfActin.MyoRod@6c57616
Crazy forceSum in boxOfActin.MyoRod@16eb3721
Crazy forceSum in boxOfActin.MyoRod@75831eef
Crazy forceSum in boxOfActin.MyoRod@1da2250
Crazy forceSum in boxOfActin.MyoRod@2c0281bb
Crazy forceSum in boxOfActin.MyoRod@631fe925
Crazy forceSum in boxOfActin.MyoRod@e86f7cf
Crazy forceSum in boxOfActin.MyoMiniFilament@2d5e069b
Crazy torqueSum in boxOfActin.MyoMiniFilament@2d5e069b
Crazy forceSum in boxOfActin.MyoRod@27a66deb
Crazy forceSum in boxOfActin.MyoRod@62a4f77b
Crazy forceSum in boxOfActin.MyoRod@3f135f6a
Crazy forceSum in boxOfActin.MyoRod@530cd635
Crazy forceSum in boxOfActin.MyoRod@4751208a
Crazy forceSum in boxOfActin.MyoRod@28b0834
Crazy forceSum in boxOfActin.MyoRod@27c6ef00
Crazy forceSum in boxOfActin.MyoRod@124e38b3
Crazy forceSum in boxOfActin.MyoRod@5c550f00
Crazy forceSum in boxOfActin.MyoRod@6c57616
Crazy forceSum in boxOfActin.MyoRod@16eb3721
Crazy forceSum in boxOfActin.MyoRod@75831eef
Crazy forceSum in boxOfActin.MyoRod@1da2250
Crazy forceSum in boxOfActin.MyoRod@2c0281bb
Crazy forceSum in boxOfActin.MyoRod@631fe925
Crazy forceSum in boxOfActin.MyoRod@e86f7cf
Crazy forceSum in boxOfActin.MyoMiniFilament@2d5e069b
Crazy torqueSum in boxOfActin.MyoMiniFilament@2d5e069b
Crazy forceSum in boxOfActin.MyoRod@27a66deb
Crazy forceSum in boxOfActin.MyoRod@62a4f77b
Crazy forceSum in boxOfActin.MyoRod@3f135f6a
Crazy forceSum in boxOfActin.MyoRod@530cd635
Crazy forceSum in boxOfActin.MyoRod@4751208a
Crazy forceSum in boxOfActin.MyoRod@28b0834
Crazy forceSum in boxOfActin.MyoRod@27c6ef00
Crazy forceSum in boxOfActin.MyoRod@124e38b3
Crazy forceSum in boxOfActin.MyoRod@5c550f00
Crazy forceSum in boxOfActin.MyoRod@6c57616
Crazy forceSum in boxOfActin.MyoRod@16eb3721
Crazy forceSum in boxOfActin.MyoRod@75831eef
Crazy forceSum in boxOfActin.MyoRod@1da2250
Crazy forceSum in boxOfActin.MyoRod@2c0281bb
Crazy forceSum in boxOfActin.MyoRod@631fe925
Crazy forceSum in boxOfActin.MyoRod@e86f7cf
Crazy forceSum in boxOfActin.MyoMiniFilament@2d5e069b
Crazy torqueSum in boxOfActin.MyoMiniFilament@2d5e069b
Crazy forceSum in boxOfActin.MyoRod@27a66deb
Crazy forceSum in boxOfActin.MyoRod@62a4f77b
Crazy forceSum in boxOfActin.MyoRod@3f135f6a
Crazy forceSum in boxOfActin.MyoRod@530cd635
Crazy forceSum in boxOfActin.MyoRod@4751208a
Crazy forceSum in boxOfActin.MyoRod@28b0834
Crazy forceSum in boxOfActin.MyoRod@27c6ef00
Crazy forceSum in boxOfActin.MyoRod@124e38b3
Crazy forceSum in boxOfActin.MyoRod@5c550f00
Crazy forceSum in boxOfActin.MyoRod@6c57616
Crazy forceSum in boxOfActin.MyoRod@16eb3721
Crazy forceSum in boxOfActin.MyoRod@75831eef
Crazy forceSum in boxOfActin.MyoRod@1da2250
Crazy forceSum in boxOfActin.MyoRod@2c0281bb
Crazy forceSum in boxOfActin.MyoRod@631fe925
Crazy forceSum in boxOfActin.MyoRod@e86f7cf
Crazy forceSum in boxOfActin.MyoMiniFilament@2d5e069b
Crazy torqueSum in boxOfActin.MyoMiniFilament@2d5e069b
Crazy forceSum in boxOfActin.MyoRod@27a66deb
Crazy forceSum in boxOfActin.MyoRod@62a4f77b
Crazy forceSum in boxOfActin.MyoRod@3f135f6a
Crazy forceSum in boxOfActin.MyoRod@530cd635
Crazy forceSum in boxOfActin.MyoRod@4751208a
Crazy forceSum in boxOfActin.MyoRod@28b0834
Crazy forceSum in boxOfActin.MyoRod@27c6ef00
Crazy forceSum in boxOfActin.MyoRod@124e38b3
Crazy forceSum in boxOfActin.MyoRod@5c550f00
Crazy forceSum in boxOfActin.MyoRod@6c57616
Crazy forceSum in boxOfActin.MyoRod@16eb3721
Crazy forceSum in boxOfActin.MyoRod@75831eef
Crazy forceSum in boxOfActin.MyoRod@1da2250
Crazy forceSum in boxOfActin.MyoRod@2c0281bb
Crazy forceSum in boxOfActin.MyoRod@631fe925
Crazy forceSum in boxOfActin.MyoRod@e86f7cf
Crazy forceSum in boxOfActin.MyoMiniFilament@2d5e069b
Crazy torqueSum in boxOfActin.MyoMiniFilament@2d5e069b
Crazy forceSum in boxOfActin.MyoRod@27a66deb
Crazy forceSum in boxOfActin.MyoRod@62a4f77b
Crazy forceSum in boxOfActin.MyoRod@3f135f6a
Crazy forceSum in boxOfActin.MyoRod@530cd635
Crazy forceSum in boxOfActin.MyoRod@4751208a
Crazy forceSum in boxOfActin.MyoRod@28b0834
Crazy forceSum in boxOfActin.MyoRod@27c6ef00
Crazy forceSum in boxOfActin.MyoRod@124e38b3
Crazy forceSum in boxOfActin.MyoRod@5c550f00
Crazy forceSum in boxOfActin.MyoRod@6c57616
Crazy forceSum in boxOfActin.MyoRod@16eb3721
Crazy forceSum in boxOfActin.MyoRod@75831eef
Crazy forceSum in boxOfActin.MyoRod@1da2250
Crazy forceSum in boxOfActin.MyoRod@2c0281bb
Crazy forceSum in boxOfActin.MyoRod@631fe925
Crazy forceSum in boxOfActin.MyoRod@e86f7cf
Crazy forceSum in boxOfActin.MyoMiniFilament@2d5e069b
Crazy torqueSum in boxOfActin.MyoMiniFilament@2d5e069b
Crazy forceSum in boxOfActin.MyoRod@27a66deb
Crazy forceSum in boxOfActin.MyoRod@62a4f77b
Crazy forceSum in boxOfActin.MyoRod@3f135f6a
Crazy forceSum in boxOfActin.MyoRod@530cd635
Crazy forceSum in boxOfActin.MyoRod@4751208a
Crazy forceSum in boxOfActin.MyoRod@28b0834
Crazy forceSum in boxOfActin.MyoRod@27c6ef00
Crazy forceSum in boxOfActin.MyoRod@124e38b3
Crazy forceSum in boxOfActin.MyoRod@5c550f00
Crazy forceSum in boxOfActin.MyoRod@6c57616
Crazy forceSum in boxOfActin.MyoRod@16eb3721
Crazy forceSum in boxOfActin.MyoRod@75831eef
Crazy forceSum in boxOfActin.MyoRod@1da2250
Crazy forceSum in boxOfActin.MyoRod@2c0281bb
Crazy forceSum in boxOfActin.MyoRod@631fe925
Crazy forceSum in boxOfActin.MyoRod@e86f7cf
Crazy forceSum in boxOfActin.MyoMiniFilament@2d5e069b
Crazy torqueSum in boxOfActin.MyoMiniFilament@2d5e069b
Crazy forceSum in boxOfActin.MyoRod@27a66deb
Crazy forceSum in boxOfActin.MyoRod@62a4f77b
Crazy forceSum in boxOfActin.MyoRod@3f135f6a
Crazy forceSum in boxOfActin.MyoRod@530cd635
Crazy forceSum in boxOfActin.MyoRod@4751208a
Crazy forceSum in boxOfActin.MyoRod@28b0834
Crazy forceSum in boxOfActin.MyoRod@27c6ef00
Crazy forceSum in boxOfActin.MyoRod@124e38b3
Crazy forceSum in boxOfActin.MyoRod@5c550f00
Crazy forceSum in boxOfActin.MyoRod@6c57616
Crazy forceSum in boxOfActin.MyoRod@16eb3721
Crazy forceSum in boxOfActin.MyoRod@75831eef
Crazy forceSum in boxOfActin.MyoRod@1da2250
Crazy forceSum in boxOfActin.MyoRod@2c0281bb
Crazy forceSum in boxOfActin.MyoRod@631fe925
Crazy forceSum in boxOfActin.MyoRod@e86f7cf
Crazy forceSum in boxOfActin.MyoMiniFilament@2d5e069b
Crazy torqueSum in boxOfActin.MyoMiniFilament@2d5e069b
Crazy forceSum in boxOfActin.MyoRod@27a66deb
Crazy forceSum in boxOfActin.MyoRod@62a4f77b
Crazy forceSum in boxOfActin.MyoRod@3f135f6a
Crazy forceSum in boxOfActin.MyoRod@530cd635
Crazy forceSum in boxOfActin.MyoRod@4751208a
Crazy forceSum in boxOfActin.MyoRod@28b0834
Crazy forceSum in boxOfActin.MyoRod@27c6ef00
Crazy forceSum in boxOfActin.MyoRod@124e38b3
Crazy forceSum in boxOfActin.MyoRod@5c550f00
Crazy forceSum in boxOfActin.MyoRod@6c57616
Crazy forceSum in boxOfActin.MyoRod@16eb3721
Crazy forceSum in boxOfActin.MyoRod@75831eef
Crazy forceSum in boxOfActin.MyoRod@1da2250
Crazy forceSum in boxOfActin.MyoRod@2c0281bb
Crazy forceSum in boxOfActin.MyoRod@631fe925
Crazy forceSum in boxOfActin.MyoRod@e86f7cf
Crazy forceSum in boxOfActin.MyoMiniFilament@2d5e069b
Crazy torqueSum in boxOfActin.MyoMiniFilament@2d5e069b
Crazy forceSum in boxOfActin.MyoRod@27a66deb
Crazy forceSum in boxOfActin.MyoRod@62a4f77b
Crazy forceSum in boxOfActin.MyoRod@3f135f6a
Crazy forceSum in boxOfActin.MyoRod@530cd635
Crazy forceSum in boxOfActin.MyoRod@4751208a
Crazy forceSum in boxOfActin.MyoRod@28b0834
Crazy forceSum in boxOfActin.MyoRod@27c6ef00
Crazy forceSum in boxOfActin.MyoRod@124e38b3
Crazy forceSum in boxOfActin.MyoRod@5c550f00
Crazy forceSum in boxOfActin.MyoRod@6c57616
Crazy forceSum in boxOfActin.MyoRod@16eb3721
Crazy forceSum in boxOfActin.MyoRod@75831eef
Crazy forceSum in boxOfActin.MyoRod@1da2250
Crazy forceSum in boxOfActin.MyoRod@2c0281bb
Crazy forceSum in boxOfActin.MyoRod@631fe925
Crazy forceSum in boxOfActin.MyoRod@e86f7cf
Crazy forceSum in boxOfActin.MyoMiniFilament@2d5e069b
Crazy torqueSum in boxOfActin.MyoMiniFilament@2d5e069b
Crazy forceSum in boxOfActin.MyoRod@27a66deb
Crazy forceSum in boxOfActin.MyoRod@62a4f77b
Crazy forceSum in boxOfActin.MyoRod@3f135f6a
Crazy forceSum in boxOfActin.MyoRod@530cd635
Crazy forceSum in boxOfActin.MyoRod@4751208a
Crazy forceSum in boxOfActin.MyoRod@28b0834
Crazy forceSum in boxOfActin.MyoRod@27c6ef00
Crazy forceSum in boxOfActin.MyoRod@124e38b3
Crazy forceSum in boxOfActin.MyoRod@5c550f00
Crazy forceSum in boxOfActin.MyoRod@6c57616
Crazy forceSum in boxOfActin.MyoRod@16eb3721
Crazy forceSum in boxOfActin.MyoRod@75831eef
Crazy forceSum in boxOfActin.MyoRod@1da2250
Crazy forceSum in boxOfActin.MyoRod@2c0281bb
Crazy forceSum in boxOfActin.MyoRod@631fe925
Crazy forceSum in boxOfActin.MyoRod@e86f7cf
Crazy forceSum in boxOfActin.MyoMiniFilament@2d5e069b
Crazy torqueSum in boxOfActin.MyoMiniFilament@2d5e069b
Crazy forceSum in boxOfActin.MyoRod@27a66deb
Crazy forceSum in boxOfActin.MyoRod@62a4f77b
Crazy forceSum in boxOfActin.MyoRod@3f135f6a
Crazy forceSum in boxOfActin.MyoRod@530cd635
Crazy forceSum in boxOfActin.MyoRod@4751208a
Crazy forceSum in boxOfActin.MyoRod@28b0834
Crazy forceSum in boxOfActin.MyoRod@27c6ef00
Crazy forceSum in boxOfActin.MyoRod@124e38b3
Crazy forceSum in boxOfActin.MyoRod@5c550f00
Crazy forceSum in boxOfActin.MyoRod@6c57616
Crazy forceSum in boxOfActin.MyoRod@16eb3721
Crazy forceSum in boxOfActin.MyoRod@75831eef
Crazy forceSum in boxOfActin.MyoRod@1da2250
Crazy forceSum in boxOfActin.MyoRod@2c0281bb
Crazy forceSum in boxOfActin.MyoRod@631fe925
Crazy forceSum in boxOfActin.MyoRod@e86f7cf
Crazy forceSum in boxOfActin.MyoMiniFilament@2d5e069b
Crazy torqueSum in boxOfActin.MyoMiniFilament@2d5e069b
Crazy forceSum in boxOfActin.MyoRod@27a66deb
Crazy forceSum in boxOfActin.MyoRod@62a4f77b
Crazy forceSum in boxOfActin.MyoRod@3f135f6a
Crazy forceSum in boxOfActin.MyoRod@530cd635
Crazy forceSum in boxOfActin.MyoRod@4751208a
Crazy forceSum in boxOfActin.MyoRod@28b0834
Crazy forceSum in boxOfActin.MyoRod@27c6ef00
Crazy forceSum in boxOfActin.MyoRod@124e38b3
Crazy forceSum in boxOfActin.MyoRod@5c550f00
Crazy forceSum in boxOfActin.MyoRod@6c57616
Crazy forceSum in boxOfActin.MyoRod@16eb3721
Crazy forceSum in boxOfActin.MyoRod@75831eef
Crazy forceSum in boxOfActin.MyoRod@1da2250
Crazy forceSum in boxOfActin.MyoRod@2c0281bb
Crazy forceSum in boxOfActin.MyoRod@631fe925
Crazy forceSum in boxOfActin.MyoRod@e86f7cf
Crazy forceSum in boxOfActin.MyoMiniFilament@2d5e069b
Crazy torqueSum in boxOfActin.MyoMiniFilament@2d5e069b
Crazy forceSum in boxOfActin.MyoRod@27a66deb
Crazy forceSum in boxOfActin.MyoRod@62a4f77b
Crazy forceSum in boxOfActin.MyoRod@3f135f6a
Crazy forceSum in boxOfActin.MyoRod@530cd635
Crazy forceSum in boxOfActin.MyoRod@4751208a
Crazy forceSum in boxOfActin.MyoRod@28b0834
Crazy forceSum in boxOfActin.MyoRod@27c6ef00
Crazy forceSum in boxOfActin.MyoRod@124e38b3
Crazy forceSum in boxOfActin.MyoRod@5c550f00
Crazy forceSum in boxOfActin.MyoRod@6c57616
Crazy forceSum in boxOfActin.MyoRod@16eb3721
Crazy forceSum in boxOfActin.MyoRod@75831eef
Crazy forceSum in boxOfActin.MyoRod@1da2250
Crazy forceSum in boxOfActin.MyoRod@2c0281bb
Crazy forceSum in boxOfActin.MyoRod@631fe925
Crazy forceSum in boxOfActin.MyoRod@e86f7cf
Crazy forceSum in boxOfActin.MyoMiniFilament@2d5e069b
Crazy torqueSum in boxOfActin.MyoMiniFilament@2d5e069b
Crazy forceSum in boxOfActin.MyoRod@27a66deb
Crazy forceSum in boxOfActin.MyoRod@62a4f77b
Crazy forceSum in boxOfActin.MyoRod@3f135f6a
Crazy forceSum in boxOfActin.MyoRod@530cd635
Crazy forceSum in boxOfActin.MyoRod@4751208a
Crazy forceSum in boxOfActin.MyoRod@28b0834
Crazy forceSum in boxOfActin.MyoRod@27c6ef00
Crazy forceSum in boxOfActin.MyoRod@124e38b3
Crazy forceSum in boxOfActin.MyoRod@5c550f00
Crazy forceSum in boxOfActin.MyoRod@6c57616
Crazy forceSum in boxOfActin.MyoRod@16eb3721
Crazy forceSum in boxOfActin.MyoRod@75831eef
Crazy forceSum in boxOfActin.MyoRod@1da2250
Crazy forceSum in boxOfActin.MyoRod@2c0281bb
Crazy forceSum in boxOfActin.MyoRod@631fe925
Crazy forceSum in boxOfActin.MyoRod@e86f7cf
Crazy forceSum in boxOfActin.MyoMiniFilament@2d5e069b
Crazy torqueSum in boxOfActin.MyoMiniFilament@2d5e069b
Crazy forceSum in boxOfActin.MyoRod@27a66deb
Crazy forceSum in boxOfActin.MyoRod@62a4f77b
Crazy forceSum in boxOfActin.MyoRod@3f135f6a
Crazy forceSum in boxOfActin.MyoRod@530cd635
Crazy forceSum in boxOfActin.MyoRod@4751208a
Crazy forceSum in boxOfActin.MyoRod@28b0834
Crazy forceSum in boxOfActin.MyoRod@27c6ef00
Crazy forceSum in boxOfActin.MyoRod@124e38b3
Crazy forceSum in boxOfActin.MyoRod@5c550f00
Crazy forceSum in boxOfActin.MyoRod@6c57616
Crazy forceSum in boxOfActin.MyoRod@16eb3721
Crazy forceSum in boxOfActin.MyoRod@75831eef
Crazy forceSum in boxOfActin.MyoRod@1da2250
Crazy forceSum in boxOfActin.MyoRod@2c0281bb
Crazy forceSum in boxOfActin.MyoRod@631fe925
Crazy forceSum in boxOfActin.MyoRod@e86f7cf
Crazy forceSum in boxOfActin.MyoMiniFilament@2d5e069b
Crazy torqueSum in boxOfActin.MyoMiniFilament@2d5e069b
Crazy forceSum in boxOfActin.MyoRod@27a66deb
Crazy forceSum in boxOfActin.MyoRod@62a4f77b
Crazy forceSum in boxOfActin.MyoRod@3f135f6a
Crazy forceSum in boxOfActin.MyoRod@530cd635
Crazy forceSum in boxOfActin.MyoRod@4751208a
Crazy forceSum in boxOfActin.MyoRod@28b0834
Crazy forceSum in boxOfActin.MyoRod@27c6ef00
Crazy forceSum in boxOfActin.MyoRod@124e38b3
Crazy forceSum in boxOfActin.MyoRod@5c550f00
Crazy forceSum in boxOfActin.MyoRod@6c57616
Crazy forceSum in boxOfActin.MyoRod@16eb3721
Crazy forceSum in boxOfActin.MyoRod@75831eef
Crazy forceSum in boxOfActin.MyoRod@1da2250
Crazy forceSum in boxOfActin.MyoRod@2c0281bb
Crazy forceSum in boxOfActin.MyoRod@631fe925
Crazy forceSum in boxOfActin.MyoRod@e86f7cf
Crazy forceSum in boxOfActin.MyoMiniFilament@2d5e069b
Crazy torqueSum in boxOfActin.MyoMiniFilament@2d5e069b
Crazy forceSum in boxOfActin.MyoRod@27a66deb
Crazy forceSum in boxOfActin.MyoRod@62a4f77b
Crazy forceSum in boxOfActin.MyoRod@3f135f6a
Crazy forceSum in boxOfActin.MyoRod@530cd635
Crazy forceSum in boxOfActin.MyoRod@4751208a
Crazy forceSum in boxOfActin.MyoRod@28b0834
Crazy forceSum in boxOfActin.MyoRod@27c6ef00
Crazy forceSum in boxOfActin.MyoRod@124e38b3
Crazy forceSum in boxOfActin.MyoRod@5c550f00
Crazy forceSum in boxOfActin.MyoRod@6c57616
Crazy forceSum in boxOfActin.MyoRod@16eb3721
Crazy forceSum in boxOfActin.MyoRod@75831eef
Crazy forceSum in boxOfActin.MyoRod@1da2250
Crazy forceSum in boxOfActin.MyoRod@2c0281bb
Crazy forceSum in boxOfActin.MyoRod@631fe925
Crazy forceSum in boxOfActin.MyoRod@e86f7cf
Crazy forceSum in boxOfActin.MyoMiniFilament@2d5e069b
Crazy torqueSum in boxOfActin.MyoMiniFilament@2d5e069b
Crazy forceSum in boxOfActin.MyoRod@27a66deb
Crazy forceSum in boxOfActin.MyoRod@62a4f77b
Crazy forceSum in boxOfActin.MyoRod@3f135f6a
Crazy forceSum in boxOfActin.MyoRod@530cd635
Crazy forceSum in boxOfActin.MyoRod@4751208a
Crazy forceSum in boxOfActin.MyoRod@28b0834
Crazy forceSum in boxOfActin.MyoRod@27c6ef00
Crazy forceSum in boxOfActin.MyoRod@124e38b3
Crazy forceSum in boxOfActin.MyoRod@5c550f00
Crazy forceSum in boxOfActin.MyoRod@6c57616
Crazy forceSum in boxOfActin.MyoRod@16eb3721
Crazy forceSum in boxOfActin.MyoRod@75831eef
Crazy forceSum in boxOfActin.MyoRod@1da2250
Crazy forceSum in boxOfActin.MyoRod@2c0281bb
Crazy forceSum in boxOfActin.MyoRod@631fe925
Crazy forceSum in boxOfActin.MyoRod@e86f7cf
Crazy forceSum in boxOfActin.MyoMiniFilament@2d5e069b
Crazy torqueSum in boxOfActin.MyoMiniFilament@2d5e069b
Crazy forceSum in boxOfActin.MyoRod@27a66deb
Crazy forceSum in boxOfActin.MyoRod@62a4f77b
Crazy forceSum in boxOfActin.MyoRod@3f135f6a
Crazy forceSum in boxOfActin.MyoRod@530cd635
Crazy forceSum in boxOfActin.MyoRod@4751208a
Crazy forceSum in boxOfActin.MyoRod@28b0834
Crazy forceSum in boxOfActin.MyoRod@27c6ef00
Crazy forceSum in boxOfActin.MyoRod@124e38b3
Crazy forceSum in boxOfActin.MyoRod@5c550f00
Crazy forceSum in boxOfActin.MyoRod@6c57616
Crazy forceSum in boxOfActin.MyoRod@16eb3721
Crazy forceSum in boxOfActin.MyoRod@75831eef
Crazy forceSum in boxOfActin.MyoRod@1da2250
Crazy forceSum in boxOfActin.MyoRod@2c0281bb
Crazy forceSum in boxOfActin.MyoRod@631fe925
Crazy forceSum in boxOfActin.MyoRod@e86f7cf
Crazy forceSum in boxOfActin.MyoMiniFilament@2d5e069b
Crazy torqueSum in boxOfActin.MyoMiniFilament@2d5e069b
Crazy forceSum in boxOfActin.MyoRod@27a66deb
Crazy forceSum in boxOfActin.MyoRod@62a4f77b
Crazy forceSum in boxOfActin.MyoRod@3f135f6a
Crazy forceSum in boxOfActin.MyoRod@530cd635
Crazy forceSum in boxOfActin.MyoRod@4751208a
Crazy forceSum in boxOfActin.MyoRod@28b0834
Crazy forceSum in boxOfActin.MyoRod@27c6ef00
Crazy forceSum in boxOfActin.MyoRod@124e38b3
Crazy forceSum in boxOfActin.MyoRod@5c550f00
Crazy forceSum in boxOfActin.MyoRod@6c57616
Crazy forceSum in boxOfActin.MyoRod@16eb3721
Crazy forceSum in boxOfActin.MyoRod@75831eef
Crazy forceSum in boxOfActin.MyoRod@1da2250
Crazy forceSum in boxOfActin.MyoRod@2c0281bb
Crazy forceSum in boxOfActin.MyoRod@631fe925
Crazy forceSum in boxOfActin.MyoRod@e86f7cf
Crazy forceSum in boxOfActin.MyoMiniFilament@2d5e069b
Crazy torqueSum in boxOfActin.MyoMiniFilament@2d5e069b
Crazy forceSum in boxOfActin.MyoRod@27a66deb
Crazy forceSum in boxOfActin.MyoRod@62a4f77b
Crazy forceSum in boxOfActin.MyoRod@3f135f6a
Crazy forceSum in boxOfActin.MyoRod@530cd635
Crazy forceSum in boxOfActin.MyoRod@4751208a
Crazy forceSum in boxOfActin.MyoRod@28b0834
Crazy forceSum in boxOfActin.MyoRod@27c6ef00
Crazy forceSum in boxOfActin.MyoRod@124e38b3
Crazy forceSum in boxOfActin.MyoRod@5c550f00
Crazy forceSum in boxOfActin.MyoRod@6c57616
Crazy forceSum in boxOfActin.MyoRod@16eb3721
Crazy forceSum in boxOfActin.MyoRod@75831eef
Crazy forceSum in boxOfActin.MyoRod@1da2250
Crazy forceSum in boxOfActin.MyoRod@2c0281bb
Crazy forceSum in boxOfActin.MyoRod@631fe925
Crazy forceSum in boxOfActin.MyoRod@e86f7cf
Crazy forceSum in boxOfActin.MyoMiniFilament@2d5e069b
Crazy torqueSum in boxOfActin.MyoMiniFilament@2d5e069b
Crazy forceSum in boxOfActin.MyoRod@27a66deb
Crazy forceSum in boxOfActin.MyoRod@62a4f77b
Crazy forceSum in boxOfActin.MyoRod@3f135f6a
Crazy forceSum in boxOfActin.MyoRod@530cd635
Crazy forceSum in boxOfActin.MyoRod@4751208a
Crazy forceSum in boxOfActin.MyoRod@28b0834
Crazy forceSum in boxOfActin.MyoRod@27c6ef00
Crazy forceSum in boxOfActin.MyoRod@124e38b3
Crazy forceSum in boxOfActin.MyoRod@5c550f00
Crazy forceSum in boxOfActin.MyoRod@6c57616
Crazy forceSum in boxOfActin.MyoRod@16eb3721
Crazy forceSum in boxOfActin.MyoRod@75831eef
Crazy forceSum in boxOfActin.MyoRod@1da2250
Crazy forceSum in boxOfActin.MyoRod@2c0281bb
Crazy forceSum in boxOfActin.MyoRod@631fe925
Crazy forceSum in boxOfActin.MyoRod@e86f7cf
Crazy forceSum in boxOfActin.MyoMiniFilament@2d5e069b
Crazy torqueSum in boxOfActin.MyoMiniFilament@2d5e069b
Crazy forceSum in boxOfActin.MyoRod@27a66deb
Crazy forceSum in boxOfActin.MyoRod@62a4f77b
Crazy forceSum in boxOfActin.MyoRod@3f135f6a
Crazy forceSum in boxOfActin.MyoRod@530cd635
Crazy forceSum in boxOfActin.MyoRod@4751208a
Crazy forceSum in boxOfActin.MyoRod@28b0834
Crazy forceSum in boxOfActin.MyoRod@27c6ef00
Crazy forceSum in boxOfActin.MyoRod@124e38b3
Crazy forceSum in boxOfActin.MyoRod@5c550f00
Crazy forceSum in boxOfActin.MyoRod@6c57616
Crazy forceSum in boxOfActin.MyoRod@16eb3721
Crazy forceSum in boxOfActin.MyoRod@75831eef
Crazy forceSum in boxOfActin.MyoRod@1da2250
Crazy forceSum in boxOfActin.MyoRod@2c0281bb
Crazy forceSum in boxOfActin.MyoRod@631fe925
Crazy forceSum in boxOfActin.MyoRod@e86f7cf
Crazy forceSum in boxOfActin.MyoMiniFilament@2d5e069b
Crazy torqueSum in boxOfActin.MyoMiniFilament@2d5e069b
Crazy forceSum in boxOfActin.MyoRod@27a66deb
Crazy forceSum in boxOfActin.MyoRod@62a4f77b
Crazy forceSum in boxOfActin.MyoRod@3f135f6a
Crazy forceSum in boxOfActin.MyoRod@530cd635
Crazy forceSum in boxOfActin.MyoRod@4751208a
Crazy forceSum in boxOfActin.MyoRod@28b0834
Crazy forceSum in boxOfActin.MyoRod@27c6ef00
Crazy forceSum in boxOfActin.MyoRod@124e38b3
Crazy forceSum in boxOfActin.MyoRod@5c550f00
Crazy forceSum in boxOfActin.MyoRod@6c57616
Crazy forceSum in boxOfActin.MyoRod@16eb3721
Crazy forceSum in boxOfActin.MyoRod@75831eef
Crazy forceSum in boxOfActin.MyoRod@1da2250
Crazy forceSum in boxOfActin.MyoRod@2c0281bb
Crazy forceSum in boxOfActin.MyoRod@631fe925
Crazy forceSum in boxOfActin.MyoRod@e86f7cf
Crazy forceSum in boxOfActin.MyoMiniFilament@2d5e069b
Crazy torqueSum in boxOfActin.MyoMiniFilament@2d5e069b
Crazy forceSum in boxOfActin.MyoRod@27a66deb
Crazy forceSum in boxOfActin.MyoRod@62a4f77b
Crazy forceSum in boxOfActin.MyoRod@3f135f6a
Crazy forceSum in boxOfActin.MyoRod@530cd635
Crazy forceSum in boxOfActin.MyoRod@4751208a
Crazy forceSum in boxOfActin.MyoRod@28b0834
Crazy forceSum in boxOfActin.MyoRod@27c6ef00
Crazy forceSum in boxOfActin.MyoRod@124e38b3
Crazy forceSum in boxOfActin.MyoRod@5c550f00
Crazy forceSum in boxOfActin.MyoRod@6c57616
Crazy forceSum in boxOfActin.MyoRod@16eb3721
Crazy forceSum in boxOfActin.MyoRod@75831eef
Crazy forceSum in boxOfActin.MyoRod@1da2250
Crazy forceSum in boxOfActin.MyoRod@2c0281bb
Crazy forceSum in boxOfActin.MyoRod@631fe925
Crazy forceSum in boxOfActin.MyoRod@e86f7cf
Crazy forceSum in boxOfActin.MyoMiniFilament@2d5e069b
Crazy torqueSum in boxOfActin.MyoMiniFilament@2d5e069b
Crazy forceSum in boxOfActin.MyoRod@27a66deb
Crazy forceSum in boxOfActin.MyoRod@62a4f77b
Crazy forceSum in boxOfActin.MyoRod@3f135f6a
Crazy forceSum in boxOfActin.MyoRod@530cd635
Crazy forceSum in boxOfActin.MyoRod@4751208a
Crazy forceSum in boxOfActin.MyoRod@28b0834
Crazy forceSum in boxOfActin.MyoRod@27c6ef00
Crazy forceSum in boxOfActin.MyoRod@124e38b3
Crazy forceSum in boxOfActin.MyoRod@5c550f00
Crazy forceSum in boxOfActin.MyoRod@6c57616
Crazy forceSum in boxOfActin.MyoRod@16eb3721
Crazy forceSum in boxOfActin.MyoRod@75831eef
Crazy forceSum in boxOfActin.MyoRod@1da2250
Crazy forceSum in boxOfActin.MyoRod@2c0281bb
Crazy forceSum in boxOfActin.MyoRod@631fe925
Crazy forceSum in boxOfActin.MyoRod@e86f7cf
Crazy forceSum in boxOfActin.MyoMiniFilament@2d5e069b
Crazy torqueSum in boxOfActin.MyoMiniFilament@2d5e069b
Crazy forceSum in boxOfActin.MyoRod@27a66deb
Crazy forceSum in boxOfActin.MyoRod@62a4f77b
Crazy forceSum in boxOfActin.MyoRod@3f135f6a
Crazy forceSum in boxOfActin.MyoRod@530cd635
Crazy forceSum in boxOfActin.MyoRod@4751208a
Crazy forceSum in boxOfActin.MyoRod@28b0834
Crazy forceSum in boxOfActin.MyoRod@27c6ef00
Crazy forceSum in boxOfActin.MyoRod@124e38b3
Crazy forceSum in boxOfActin.MyoRod@5c550f00
Crazy forceSum in boxOfActin.MyoRod@6c57616
Crazy forceSum in boxOfActin.MyoRod@16eb3721
Crazy forceSum in boxOfActin.MyoRod@75831eef
Crazy forceSum in boxOfActin.MyoRod@1da2250
Crazy forceSum in boxOfActin.MyoRod@2c0281bb
Crazy forceSum in boxOfActin.MyoRod@631fe925
Crazy forceSum in boxOfActin.MyoRod@e86f7cf
Crazy forceSum in boxOfActin.MyoMiniFilament@2d5e069b
Crazy torqueSum in boxOfActin.MyoMiniFilament@2d5e069b
Crazy forceSum in boxOfActin.MyoRod@27a66deb
Crazy forceSum in boxOfActin.MyoRod@62a4f77b
Crazy forceSum in boxOfActin.MyoRod@3f135f6a
Crazy forceSum in boxOfActin.MyoRod@530cd635
Crazy forceSum in boxOfActin.MyoRod@4751208a
Crazy forceSum in boxOfActin.MyoRod@28b0834
Crazy forceSum in boxOfActin.MyoRod@27c6ef00
Crazy forceSum in boxOfActin.MyoRod@124e38b3
Crazy forceSum in boxOfActin.MyoRod@5c550f00
Crazy forceSum in boxOfActin.MyoRod@6c57616
Crazy forceSum in boxOfActin.MyoRod@16eb3721
Crazy forceSum in boxOfActin.MyoRod@75831eef
Crazy forceSum in boxOfActin.MyoRod@1da2250
Crazy forceSum in boxOfActin.MyoRod@2c0281bb
Crazy forceSum in boxOfActin.MyoRod@631fe925
Crazy forceSum in boxOfActin.MyoRod@e86f7cf
Crazy forceSum in boxOfActin.MyoMiniFilament@2d5e069b
Crazy torqueSum in boxOfActin.MyoMiniFilament@2d5e069b
Crazy forceSum in boxOfActin.MyoRod@27a66deb
Crazy forceSum in boxOfActin.MyoRod@62a4f77b
Crazy forceSum in boxOfActin.MyoRod@3f135f6a
Crazy forceSum in boxOfActin.MyoRod@530cd635
Crazy forceSum in boxOfActin.MyoRod@4751208a
Crazy forceSum in boxOfActin.MyoRod@28b0834
Crazy forceSum in boxOfActin.MyoRod@27c6ef00
Crazy forceSum in boxOfActin.MyoRod@124e38b3
Crazy forceSum in boxOfActin.MyoRod@5c550f00
Crazy forceSum in boxOfActin.MyoRod@6c57616
Crazy forceSum in boxOfActin.MyoRod@16eb3721
Crazy forceSum in boxOfActin.MyoRod@75831eef
Crazy forceSum in boxOfActin.MyoRod@1da2250
Crazy forceSum in boxOfActin.MyoRod@2c0281bb
Crazy forceSum in boxOfActin.MyoRod@631fe925
Crazy forceSum in boxOfActin.MyoRod@e86f7cf
Crazy forceSum in boxOfActin.MyoMiniFilament@2d5e069b
Crazy torqueSum in boxOfActin.MyoMiniFilament@2d5e069b
Crazy forceSum in boxOfActin.MyoRod@27a66deb
Crazy forceSum in boxOfActin.MyoRod@62a4f77b
Crazy forceSum in boxOfActin.MyoRod@3f135f6a
Crazy forceSum in boxOfActin.MyoRod@530cd635
Crazy forceSum in boxOfActin.MyoRod@4751208a
Crazy forceSum in boxOfActin.MyoRod@28b0834
Crazy forceSum in boxOfActin.MyoRod@27c6ef00
Crazy forceSum in boxOfActin.MyoRod@124e38b3
Crazy forceSum in boxOfActin.MyoRod@5c550f00
Crazy forceSum in boxOfActin.MyoRod@6c57616
Crazy forceSum in boxOfActin.MyoRod@16eb3721
Crazy forceSum in boxOfActin.MyoRod@75831eef
Crazy forceSum in boxOfActin.MyoRod@1da2250
Crazy forceSum in boxOfActin.MyoRod@2c0281bb
Crazy forceSum in boxOfActin.MyoRod@631fe925
Crazy forceSum in boxOfActin.MyoRod@e86f7cf
Crazy forceSum in boxOfActin.MyoMiniFilament@2d5e069b
Crazy torqueSum in boxOfActin.MyoMiniFilament@2d5e069b
Crazy forceSum in boxOfActin.MyoRod@27a66deb
Crazy forceSum in boxOfActin.MyoRod@62a4f77b
Crazy forceSum in boxOfActin.MyoRod@3f135f6a
Crazy forceSum in boxOfActin.MyoRod@530cd635
Crazy forceSum in boxOfActin.MyoRod@4751208a
Crazy forceSum in boxOfActin.MyoRod@28b0834
Crazy forceSum in boxOfActin.MyoRod@27c6ef00
Crazy forceSum in boxOfActin.MyoRod@124e38b3
Crazy forceSum in boxOfActin.MyoRod@5c550f00
Crazy forceSum in boxOfActin.MyoRod@6c57616
Crazy forceSum in boxOfActin.MyoRod@16eb3721
Crazy forceSum in boxOfActin.MyoRod@75831eef
Crazy forceSum in boxOfActin.MyoRod@1da2250
Crazy forceSum in boxOfActin.MyoRod@2c0281bb
Crazy forceSum in boxOfActin.MyoRod@631fe925
Crazy forceSum in boxOfActin.MyoRod@e86f7cf
Crazy forceSum in boxOfActin.MyoMiniFilament@2d5e069b
Crazy torqueSum in boxOfActin.MyoMiniFilament@2d5e069b
Crazy forceSum in boxOfActin.MyoRod@27a66deb
Crazy forceSum in boxOfActin.MyoRod@62a4f77b
Crazy forceSum in boxOfActin.MyoRod@3f135f6a
Crazy forceSum in boxOfActin.MyoRod@530cd635
Crazy forceSum in boxOfActin.MyoRod@4751208a
Crazy forceSum in boxOfActin.MyoRod@28b0834
Crazy forceSum in boxOfActin.MyoRod@27c6ef00
Crazy forceSum in boxOfActin.MyoRod@124e38b3
Crazy forceSum in boxOfActin.MyoRod@5c550f00
Crazy forceSum in boxOfActin.MyoRod@6c57616
Crazy forceSum in boxOfActin.MyoRod@16eb3721
Crazy forceSum in boxOfActin.MyoRod@75831eef
Crazy forceSum in boxOfActin.MyoRod@1da2250
Crazy forceSum in boxOfActin.MyoRod@2c0281bb
Crazy forceSum in boxOfActin.MyoRod@631fe925
Crazy forceSum in boxOfActin.MyoRod@e86f7cf
Crazy forceSum in boxOfActin.MyoMiniFilament@2d5e069b
Crazy torqueSum in boxOfActin.MyoMiniFilament@2d5e069b
Crazy forceSum in boxOfActin.MyoRod@27a66deb
Crazy forceSum in boxOfActin.MyoRod@62a4f77b
Crazy forceSum in boxOfActin.MyoRod@3f135f6a
Crazy forceSum in boxOfActin.MyoRod@530cd635
Crazy forceSum in boxOfActin.MyoRod@4751208a
Crazy forceSum in boxOfActin.MyoRod@28b0834
Crazy forceSum in boxOfActin.MyoRod@27c6ef00
Crazy forceSum in boxOfActin.MyoRod@124e38b3
Crazy forceSum in boxOfActin.MyoRod@5c550f00
Crazy forceSum in boxOfActin.MyoRod@6c57616
Crazy forceSum in boxOfActin.MyoRod@16eb3721
Crazy forceSum in boxOfActin.MyoRod@75831eef
Crazy forceSum in boxOfActin.MyoRod@1da2250
Crazy forceSum in boxOfActin.MyoRod@2c0281bb
Crazy forceSum in boxOfActin.MyoRod@631fe925
Crazy forceSum in boxOfActin.MyoRod@e86f7cf
Crazy forceSum in boxOfActin.MyoMiniFilament@2d5e069b
Crazy torqueSum in boxOfActin.MyoMiniFilament@2d5e069b
Crazy forceSum in boxOfActin.MyoRod@27a66deb
Crazy forceSum in boxOfActin.MyoRod@62a4f77b
Crazy forceSum in boxOfActin.MyoRod@3f135f6a
Crazy forceSum in boxOfActin.MyoRod@530cd635
Crazy forceSum in boxOfActin.MyoRod@4751208a
Crazy forceSum in boxOfActin.MyoRod@28b0834
Crazy forceSum in boxOfActin.MyoRod@27c6ef00
Crazy forceSum in boxOfActin.MyoRod@124e38b3
Crazy forceSum in boxOfActin.MyoRod@5c550f00
Crazy forceSum in boxOfActin.MyoRod@6c57616
Crazy forceSum in boxOfActin.MyoRod@16eb3721
Crazy forceSum in boxOfActin.MyoRod@75831eef
Crazy forceSum in boxOfActin.MyoRod@1da2250
Crazy forceSum in boxOfActin.MyoRod@2c0281bb
Crazy forceSum in boxOfActin.MyoRod@631fe925
Crazy forceSum in boxOfActin.MyoRod@e86f7cf
Crazy forceSum in boxOfActin.MyoMiniFilament@2d5e069b
Crazy torqueSum in boxOfActin.MyoMiniFilament@2d5e069b
Crazy forceSum in boxOfActin.MyoRod@27a66deb
Crazy forceSum in boxOfActin.MyoRod@62a4f77b
Crazy forceSum in boxOfActin.MyoRod@3f135f6a
Crazy forceSum in boxOfActin.MyoRod@530cd635
Crazy forceSum in boxOfActin.MyoRod@4751208a
Crazy forceSum in boxOfActin.MyoRod@28b0834
Crazy forceSum in boxOfActin.MyoRod@27c6ef00
Crazy forceSum in boxOfActin.MyoRod@124e38b3
Crazy forceSum in boxOfActin.MyoRod@5c550f00
Crazy forceSum in boxOfActin.MyoRod@6c57616
Crazy forceSum in boxOfActin.MyoRod@16eb3721
Crazy forceSum in boxOfActin.MyoRod@75831eef
Crazy forceSum in boxOfActin.MyoRod@1da2250
Crazy forceSum in boxOfActin.MyoRod@2c0281bb
Crazy forceSum in boxOfActin.MyoRod@631fe925
Crazy forceSum in boxOfActin.MyoRod@e86f7cf
Crazy forceSum in boxOfActin.MyoMiniFilament@2d5e069b
Crazy torqueSum in boxOfActin.MyoMiniFilament@2d5e069b
Crazy forceSum in boxOfActin.MyoRod@27a66deb
Crazy forceSum in boxOfActin.MyoRod@62a4f77b
Crazy forceSum in boxOfActin.MyoRod@3f135f6a
Crazy forceSum in boxOfActin.MyoRod@530cd635
Crazy forceSum in boxOfActin.MyoRod@4751208a
Crazy forceSum in boxOfActin.MyoRod@28b0834
Crazy forceSum in boxOfActin.MyoRod@27c6ef00
Crazy forceSum in boxOfActin.MyoRod@124e38b3
Crazy forceSum in boxOfActin.MyoRod@5c550f00
Crazy forceSum in boxOfActin.MyoRod@6c57616
Crazy forceSum in boxOfActin.MyoRod@16eb3721
Crazy forceSum in boxOfActin.MyoRod@75831eef
Crazy forceSum in boxOfActin.MyoRod@1da2250
Crazy forceSum in boxOfActin.MyoRod@2c0281bb
Crazy forceSum in boxOfActin.MyoRod@631fe925
Crazy forceSum in boxOfActin.MyoRod@e86f7cf
Crazy forceSum in boxOfActin.MyoMiniFilament@2d5e069b
Crazy torqueSum in boxOfActin.MyoMiniFilament@2d5e069b
Crazy forceSum in boxOfActin.MyoRod@27a66deb
Crazy forceSum in boxOfActin.MyoRod@62a4f77b
Crazy forceSum in boxOfActin.MyoRod@3f135f6a
Crazy forceSum in boxOfActin.MyoRod@530cd635
Crazy forceSum in boxOfActin.MyoRod@4751208a
Crazy forceSum in boxOfActin.MyoRod@28b0834
Crazy forceSum in boxOfActin.MyoRod@27c6ef00
Crazy forceSum in boxOfActin.MyoRod@124e38b3
Crazy forceSum in boxOfActin.MyoRod@5c550f00
Crazy forceSum in boxOfActin.MyoRod@6c57616
Crazy forceSum in boxOfActin.MyoRod@16eb3721
Crazy forceSum in boxOfActin.MyoRod@75831eef
Crazy forceSum in boxOfActin.MyoRod@1da2250
Crazy forceSum in boxOfActin.MyoRod@2c0281bb
Crazy forceSum in boxOfActin.MyoRod@631fe925
Crazy forceSum in boxOfActin.MyoRod@e86f7cf
Crazy forceSum in boxOfActin.MyoMiniFilament@2d5e069b
Crazy torqueSum in boxOfActin.MyoMiniFilament@2d5e069b
Crazy forceSum in boxOfActin.MyoRod@27a66deb
Crazy forceSum in boxOfActin.MyoRod@62a4f77b
Crazy forceSum in boxOfActin.MyoRod@3f135f6a
Crazy forceSum in boxOfActin.MyoRod@530cd635
Crazy forceSum in boxOfActin.MyoRod@4751208a
Crazy forceSum in boxOfActin.MyoRod@28b0834
Crazy forceSum in boxOfActin.MyoRod@27c6ef00
Crazy forceSum in boxOfActin.MyoRod@124e38b3
Crazy forceSum in boxOfActin.MyoRod@5c550f00
Crazy forceSum in boxOfActin.MyoRod@6c57616
Crazy forceSum in boxOfActin.MyoRod@16eb3721
Crazy forceSum in boxOfActin.MyoRod@75831eef
Crazy forceSum in boxOfActin.MyoRod@1da2250
Crazy forceSum in boxOfActin.MyoRod@2c0281bb
Crazy forceSum in boxOfActin.MyoRod@631fe925
Crazy forceSum in boxOfActin.MyoRod@e86f7cf
Crazy forceSum in boxOfActin.MyoMiniFilament@2d5e069b
Crazy torqueSum in boxOfActin.MyoMiniFilament@2d5e069b
Crazy forceSum in boxOfActin.MyoRod@27a66deb
Crazy forceSum in boxOfActin.MyoRod@62a4f77b
Crazy forceSum in boxOfActin.MyoRod@3f135f6a
Crazy forceSum in boxOfActin.MyoRod@530cd635
Crazy forceSum in boxOfActin.MyoRod@4751208a
Crazy forceSum in boxOfActin.MyoRod@28b0834
Crazy forceSum in boxOfActin.MyoRod@27c6ef00
Crazy forceSum in boxOfActin.MyoRod@124e38b3
Crazy forceSum in boxOfActin.MyoRod@5c550f00
Crazy forceSum in boxOfActin.MyoRod@6c57616
Crazy forceSum in boxOfActin.MyoRod@16eb3721
Crazy forceSum in boxOfActin.MyoRod@75831eef
Crazy forceSum in boxOfActin.MyoRod@1da2250
Crazy forceSum in boxOfActin.MyoRod@2c0281bb
Crazy forceSum in boxOfActin.MyoRod@631fe925
Crazy forceSum in boxOfActin.MyoRod@e86f7cf
Crazy forceSum in boxOfActin.MyoMiniFilament@2d5e069b
Crazy torqueSum in boxOfActin.MyoMiniFilament@2d5e069b
Crazy forceSum in boxOfActin.MyoRod@27a66deb
Crazy forceSum in boxOfActin.MyoRod@62a4f77b
Crazy forceSum in boxOfActin.MyoRod@3f135f6a
Crazy forceSum in boxOfActin.MyoRod@530cd635
Crazy forceSum in boxOfActin.MyoRod@4751208a
Crazy forceSum in boxOfActin.MyoRod@28b0834
Crazy forceSum in boxOfActin.MyoRod@27c6ef00
Crazy forceSum in boxOfActin.MyoRod@124e38b3
Crazy forceSum in boxOfActin.MyoRod@5c550f00
Crazy forceSum in boxOfActin.MyoRod@6c57616
Crazy forceSum in boxOfActin.MyoRod@16eb3721
Crazy forceSum in boxOfActin.MyoRod@75831eef
Crazy forceSum in boxOfActin.MyoRod@1da2250
Crazy forceSum in boxOfActin.MyoRod@2c0281bb
Crazy forceSum in boxOfActin.MyoRod@631fe925
Crazy forceSum in boxOfActin.MyoRod@e86f7cf
Crazy forceSum in boxOfActin.MyoMiniFilament@2d5e069b
Crazy torqueSum in boxOfActin.MyoMiniFilament@2d5e069b
Crazy forceSum in boxOfActin.MyoRod@27a66deb
Crazy forceSum in boxOfActin.MyoRod@62a4f77b
Crazy forceSum in boxOfActin.MyoRod@3f135f6a
Crazy forceSum in boxOfActin.MyoRod@530cd635
Crazy forceSum in boxOfActin.MyoRod@4751208a
Crazy forceSum in boxOfActin.MyoRod@28b0834
Crazy forceSum in boxOfActin.MyoRod@27c6ef00
Crazy forceSum in boxOfActin.MyoRod@124e38b3
Crazy forceSum in boxOfActin.MyoRod@5c550f00
Crazy forceSum in boxOfActin.MyoRod@6c57616
Crazy forceSum in boxOfActin.MyoRod@16eb3721
Crazy forceSum in boxOfActin.MyoRod@75831eef
Crazy forceSum in boxOfActin.MyoRod@1da2250
Crazy forceSum in boxOfActin.MyoRod@2c0281bb
Crazy forceSum in boxOfActin.MyoRod@631fe925
Crazy forceSum in boxOfActin.MyoRod@e86f7cf
Crazy forceSum in boxOfActin.MyoMiniFilament@2d5e069b
Crazy torqueSum in boxOfActin.MyoMiniFilament@2d5e069b
Crazy forceSum in boxOfActin.MyoRod@27a66deb
Crazy forceSum in boxOfActin.MyoRod@62a4f77b
Crazy forceSum in boxOfActin.MyoRod@3f135f6a
Crazy forceSum in boxOfActin.MyoRod@530cd635
Crazy forceSum in boxOfActin.MyoRod@4751208a
Crazy forceSum in boxOfActin.MyoRod@28b0834
Crazy forceSum in boxOfActin.MyoRod@27c6ef00
Crazy forceSum in boxOfActin.MyoRod@124e38b3
Crazy forceSum in boxOfActin.MyoRod@5c550f00
Crazy forceSum in boxOfActin.MyoRod@6c57616
Crazy forceSum in boxOfActin.MyoRod@16eb3721
Crazy forceSum in boxOfActin.MyoRod@75831eef
Crazy forceSum in boxOfActin.MyoRod@1da2250
Crazy forceSum in boxOfActin.MyoRod@2c0281bb
Crazy forceSum in boxOfActin.MyoRod@631fe925
Crazy forceSum in boxOfActin.MyoRod@e86f7cf
Crazy forceSum in boxOfActin.MyoMiniFilament@2d5e069b
Crazy torqueSum in boxOfActin.MyoMiniFilament@2d5e069b
Crazy forceSum in boxOfActin.MyoRod@27a66deb
Crazy forceSum in boxOfActin.MyoRod@62a4f77b
Crazy forceSum in boxOfActin.MyoRod@3f135f6a
Crazy forceSum in boxOfActin.MyoRod@530cd635
Crazy forceSum in boxOfActin.MyoRod@4751208a
Crazy forceSum in boxOfActin.MyoRod@28b0834
Crazy forceSum in boxOfActin.MyoRod@27c6ef00
Crazy forceSum in boxOfActin.MyoRod@124e38b3
Crazy forceSum in boxOfActin.MyoRod@5c550f00
Crazy forceSum in boxOfActin.MyoRod@6c57616
Crazy forceSum in boxOfActin.MyoRod@16eb3721
Crazy forceSum in boxOfActin.MyoRod@75831eef
Crazy forceSum in boxOfActin.MyoRod@1da2250
Crazy forceSum in boxOfActin.MyoRod@2c0281bb
Crazy forceSum in boxOfActin.MyoRod@631fe925
Crazy forceSum in boxOfActin.MyoRod@e86f7cf
Crazy forceSum in boxOfActin.MyoMiniFilament@2d5e069b
Crazy torqueSum in boxOfActin.MyoMiniFilament@2d5e069b
Crazy forceSum in boxOfActin.MyoRod@27a66deb
Crazy forceSum in boxOfActin.MyoRod@62a4f77b
Crazy forceSum in boxOfActin.MyoRod@3f135f6a
Crazy forceSum in boxOfActin.MyoRod@530cd635
Crazy forceSum in boxOfActin.MyoRod@4751208a
Crazy forceSum in boxOfActin.MyoRod@28b0834
Crazy forceSum in boxOfActin.MyoRod@27c6ef00
Crazy forceSum in boxOfActin.MyoRod@124e38b3
Crazy forceSum in boxOfActin.MyoRod@5c550f00
Crazy forceSum in boxOfActin.MyoRod@6c57616
Crazy forceSum in boxOfActin.MyoRod@16eb3721
Crazy forceSum in boxOfActin.MyoRod@75831eef
Crazy forceSum in boxOfActin.MyoRod@1da2250
Crazy forceSum in boxOfActin.MyoRod@2c0281bb
Crazy forceSum in boxOfActin.MyoRod@631fe925
Crazy forceSum in boxOfActin.MyoRod@e86f7cf
Crazy forceSum in boxOfActin.MyoMiniFilament@2d5e069b
Crazy torqueSum in boxOfActin.MyoMiniFilament@2d5e069b
Crazy forceSum in boxOfActin.MyoRod@27a66deb
Crazy forceSum in boxOfActin.MyoRod@62a4f77b
Crazy forceSum in boxOfActin.MyoRod@3f135f6a
Crazy forceSum in boxOfActin.MyoRod@530cd635
Crazy forceSum in boxOfActin.MyoRod@4751208a
Crazy forceSum in boxOfActin.MyoRod@28b0834
Crazy forceSum in boxOfActin.MyoRod@27c6ef00
Crazy forceSum in boxOfActin.MyoRod@124e38b3
Crazy forceSum in boxOfActin.MyoRod@5c550f00
Crazy forceSum in boxOfActin.MyoRod@6c57616
Crazy forceSum in boxOfActin.MyoRod@16eb3721
Crazy forceSum in boxOfActin.MyoRod@75831eef
Crazy forceSum in boxOfActin.MyoRod@1da2250
Crazy forceSum in boxOfActin.MyoRod@2c0281bb
Crazy forceSum in boxOfActin.MyoRod@631fe925
Crazy forceSum in boxOfActin.MyoRod@e86f7cf
Crazy forceSum in boxOfActin.MyoMiniFilament@2d5e069b
Crazy torqueSum in boxOfActin.MyoMiniFilament@2d5e069b
Crazy forceSum in boxOfActin.MyoRod@27a66deb
Crazy forceSum in boxOfActin.MyoRod@62a4f77b
Crazy forceSum in boxOfActin.MyoRod@3f135f6a
Crazy forceSum in boxOfActin.MyoRod@530cd635
Crazy forceSum in boxOfActin.MyoRod@4751208a
Crazy forceSum in boxOfActin.MyoRod@28b0834
Crazy forceSum in boxOfActin.MyoRod@27c6ef00
Crazy forceSum in boxOfActin.MyoRod@124e38b3
Crazy forceSum in boxOfActin.MyoRod@5c550f00
Crazy forceSum in boxOfActin.MyoRod@6c57616
Crazy forceSum in boxOfActin.MyoRod@16eb3721
Crazy forceSum in boxOfActin.MyoRod@75831eef
Crazy forceSum in boxOfActin.MyoRod@1da2250
Crazy forceSum in boxOfActin.MyoRod@2c0281bb
Crazy forceSum in boxOfActin.MyoRod@631fe925
Crazy forceSum in boxOfActin.MyoRod@e86f7cf
Crazy forceSum in boxOfActin.MyoMiniFilament@2d5e069b
Crazy torqueSum in boxOfActin.MyoMiniFilament@2d5e069b
Crazy forceSum in boxOfActin.MyoRod@27a66deb
Crazy forceSum in boxOfActin.MyoRod@62a4f77b
Crazy forceSum in boxOfActin.MyoRod@3f135f6a
Crazy forceSum in boxOfActin.MyoRod@530cd635
Crazy forceSum in boxOfActin.MyoRod@4751208a
Crazy forceSum in boxOfActin.MyoRod@28b0834
Crazy forceSum in boxOfActin.MyoRod@27c6ef00
Crazy forceSum in boxOfActin.MyoRod@124e38b3
Crazy forceSum in boxOfActin.MyoRod@5c550f00
Crazy forceSum in boxOfActin.MyoRod@6c57616
Crazy forceSum in boxOfActin.MyoRod@16eb3721
Crazy forceSum in boxOfActin.MyoRod@75831eef
Crazy forceSum in boxOfActin.MyoRod@1da2250
Crazy forceSum in boxOfActin.MyoRod@2c0281bb
Crazy forceSum in boxOfActin.MyoRod@631fe925
Crazy forceSum in boxOfActin.MyoRod@e86f7cf
Crazy forceSum in boxOfActin.MyoMiniFilament@2d5e069b
Crazy torqueSum in boxOfActin.MyoMiniFilament@2d5e069b
Crazy forceSum in boxOfActin.MyoRod@27a66deb
Crazy forceSum in boxOfActin.MyoRod@62a4f77b
Crazy forceSum in boxOfActin.MyoRod@3f135f6a
Crazy forceSum in boxOfActin.MyoRod@530cd635
Crazy forceSum in boxOfActin.MyoRod@4751208a
Crazy forceSum in boxOfActin.MyoRod@28b0834
Crazy forceSum in boxOfActin.MyoRod@27c6ef00
Crazy forceSum in boxOfActin.MyoRod@124e38b3
Crazy forceSum in boxOfActin.MyoRod@5c550f00
Crazy forceSum in boxOfActin.MyoRod@6c57616
Crazy forceSum in boxOfActin.MyoRod@16eb3721
Crazy forceSum in boxOfActin.MyoRod@75831eef
Crazy forceSum in boxOfActin.MyoRod@1da2250
Crazy forceSum in boxOfActin.MyoRod@2c0281bb
Crazy forceSum in boxOfActin.MyoRod@631fe925
Crazy forceSum in boxOfActin.MyoRod@e86f7cf
Crazy forceSum in boxOfActin.MyoMiniFilament@2d5e069b
Crazy torqueSum in boxOfActin.MyoMiniFilament@2d5e069b
Crazy forceSum in boxOfActin.MyoRod@27a66deb
Crazy forceSum in boxOfActin.MyoRod@62a4f77b
Crazy forceSum in boxOfActin.MyoRod@3f135f6a
Crazy forceSum in boxOfActin.MyoRod@530cd635
Crazy forceSum in boxOfActin.MyoRod@4751208a
Crazy forceSum in boxOfActin.MyoRod@28b0834
Crazy forceSum in boxOfActin.MyoRod@27c6ef00
Crazy forceSum in boxOfActin.MyoRod@124e38b3
Crazy forceSum in boxOfActin.MyoRod@5c550f00
Crazy forceSum in boxOfActin.MyoRod@6c57616
Crazy forceSum in boxOfActin.MyoRod@16eb3721
Crazy forceSum in boxOfActin.MyoRod@75831eef
Crazy forceSum in boxOfActin.MyoRod@1da2250
Crazy forceSum in boxOfActin.MyoRod@2c0281bb
Crazy forceSum in boxOfActin.MyoRod@631fe925
Crazy forceSum in boxOfActin.MyoRod@e86f7cf
Crazy forceSum in boxOfActin.MyoMiniFilament@2d5e069b
Crazy torqueSum in boxOfActin.MyoMiniFilament@2d5e069b
Crazy forceSum in boxOfActin.MyoRod@27a66deb
Crazy forceSum in boxOfActin.MyoRod@62a4f77b
Crazy forceSum in boxOfActin.MyoRod@3f135f6a
Crazy forceSum in boxOfActin.MyoRod@530cd635
Crazy forceSum in boxOfActin.MyoRod@4751208a
Crazy forceSum in boxOfActin.MyoRod@28b0834
Crazy forceSum in boxOfActin.MyoRod@27c6ef00
Crazy forceSum in boxOfActin.MyoRod@124e38b3
Crazy forceSum in boxOfActin.MyoRod@5c550f00
Crazy forceSum in boxOfActin.MyoRod@6c57616
Crazy forceSum in boxOfActin.MyoRod@16eb3721
Crazy forceSum in boxOfActin.MyoRod@75831eef
Crazy forceSum in boxOfActin.MyoRod@1da2250
Crazy forceSum in boxOfActin.MyoRod@2c0281bb
Crazy forceSum in boxOfActin.MyoRod@631fe925
Crazy forceSum in boxOfActin.MyoRod@e86f7cf
Crazy forceSum in boxOfActin.MyoMiniFilament@2d5e069b
Crazy torqueSum in boxOfActin.MyoMiniFilament@2d5e069b
Crazy forceSum in boxOfActin.MyoRod@27a66deb
Crazy forceSum in boxOfActin.MyoRod@62a4f77b
Crazy forceSum in boxOfActin.MyoRod@3f135f6a
Crazy forceSum in boxOfActin.MyoRod@530cd635
Crazy forceSum in boxOfActin.MyoRod@4751208a
Crazy forceSum in boxOfActin.MyoRod@28b0834
Crazy forceSum in boxOfActin.MyoRod@27c6ef00
Crazy forceSum in boxOfActin.MyoRod@124e38b3
Crazy forceSum in boxOfActin.MyoRod@5c550f00
Crazy forceSum in boxOfActin.MyoRod@6c57616
Crazy forceSum in boxOfActin.MyoRod@16eb3721
Crazy forceSum in boxOfActin.MyoRod@75831eef
Crazy forceSum in boxOfActin.MyoRod@1da2250
Crazy forceSum in boxOfActin.MyoRod@2c0281bb
Crazy forceSum in boxOfActin.MyoRod@631fe925
Crazy forceSum in boxOfActin.MyoRod@e86f7cf
Crazy forceSum in boxOfActin.MyoMiniFilament@2d5e069b
Crazy torqueSum in boxOfActin.MyoMiniFilament@2d5e069b
Crazy forceSum in boxOfActin.MyoRod@27a66deb
Crazy forceSum in boxOfActin.MyoRod@62a4f77b
Crazy forceSum in boxOfActin.MyoRod@3f135f6a
Crazy forceSum in boxOfActin.MyoRod@530cd635
Crazy forceSum in boxOfActin.MyoRod@4751208a
Crazy forceSum in boxOfActin.MyoRod@28b0834
Crazy forceSum in boxOfActin.MyoRod@27c6ef00
Crazy forceSum in boxOfActin.MyoRod@124e38b3
Crazy forceSum in boxOfActin.MyoRod@5c550f00
Crazy forceSum in boxOfActin.MyoRod@6c57616
Crazy forceSum in boxOfActin.MyoRod@16eb3721
Crazy forceSum in boxOfActin.MyoRod@75831eef
Crazy forceSum in boxOfActin.MyoRod@1da2250
Crazy forceSum in boxOfActin.MyoRod@2c0281bb
Crazy forceSum in boxOfActin.MyoRod@631fe925
Crazy forceSum in boxOfActin.MyoRod@e86f7cf
Crazy forceSum in boxOfActin.MyoMiniFilament@2d5e069b
Crazy torqueSum in boxOfActin.MyoMiniFilament@2d5e069b
Crazy forceSum in boxOfActin.MyoRod@27a66deb
Crazy forceSum in boxOfActin.MyoRod@62a4f77b
Crazy forceSum in boxOfActin.MyoRod@3f135f6a
Crazy forceSum in boxOfActin.MyoRod@530cd635
Crazy forceSum in boxOfActin.MyoRod@4751208a
Crazy forceSum in boxOfActin.MyoRod@28b0834
Crazy forceSum in boxOfActin.MyoRod@27c6ef00
Crazy forceSum in boxOfActin.MyoRod@124e38b3
Crazy forceSum in boxOfActin.MyoRod@5c550f00
Crazy forceSum in boxOfActin.MyoRod@6c57616
Crazy forceSum in boxOfActin.MyoRod@16eb3721
Crazy forceSum in boxOfActin.MyoRod@75831eef
Crazy forceSum in boxOfActin.MyoRod@1da2250
Crazy forceSum in boxOfActin.MyoRod@2c0281bb
Crazy forceSum in boxOfActin.MyoRod@631fe925
Crazy forceSum in boxOfActin.MyoRod@e86f7cf
Crazy forceSum in boxOfActin.MyoMiniFilament@2d5e069b
Crazy torqueSum in boxOfActin.MyoMiniFilament@2d5e069b
Crazy forceSum in boxOfActin.MyoRod@27a66deb
Crazy forceSum in boxOfActin.MyoRod@62a4f77b
Crazy forceSum in boxOfActin.MyoRod@3f135f6a
Crazy forceSum in boxOfActin.MyoRod@530cd635
Crazy forceSum in boxOfActin.MyoRod@4751208a
Crazy forceSum in boxOfActin.MyoRod@28b0834
Crazy forceSum in boxOfActin.MyoRod@27c6ef00
Crazy forceSum in boxOfActin.MyoRod@124e38b3
Crazy forceSum in boxOfActin.MyoRod@5c550f00
Crazy forceSum in boxOfActin.MyoRod@6c57616
Crazy forceSum in boxOfActin.MyoRod@16eb3721
Crazy forceSum in boxOfActin.MyoRod@75831eef
Crazy forceSum in boxOfActin.MyoRod@1da2250
Crazy forceSum in boxOfActin.MyoRod@2c0281bb
Crazy forceSum in boxOfActin.MyoRod@631fe925
Crazy forceSum in boxOfActin.MyoRod@e86f7cf
Crazy forceSum in boxOfActin.MyoMiniFilament@2d5e069b
Crazy torqueSum in boxOfActin.MyoMiniFilament@2d5e069b
Crazy forceSum in boxOfActin.MyoRod@27a66deb
Crazy forceSum in boxOfActin.MyoRod@62a4f77b
Crazy forceSum in boxOfActin.MyoRod@3f135f6a
Crazy forceSum in boxOfActin.MyoRod@530cd635
Crazy forceSum in boxOfActin.MyoRod@4751208a
Crazy forceSum in boxOfActin.MyoRod@28b0834
Crazy forceSum in boxOfActin.MyoRod@27c6ef00
Crazy forceSum in boxOfActin.MyoRod@124e38b3
Crazy forceSum in boxOfActin.MyoRod@5c550f00
Crazy forceSum in boxOfActin.MyoRod@6c57616
Crazy forceSum in boxOfActin.MyoRod@16eb3721
Crazy forceSum in boxOfActin.MyoRod@75831eef
Crazy forceSum in boxOfActin.MyoRod@1da2250
Crazy forceSum in boxOfActin.MyoRod@2c0281bb
Crazy forceSum in boxOfActin.MyoRod@631fe925
Crazy forceSum in boxOfActin.MyoRod@e86f7cf
Crazy forceSum in boxOfActin.MyoMiniFilament@2d5e069b
Crazy torqueSum in boxOfActin.MyoMiniFilament@2d5e069b
Crazy forceSum in boxOfActin.MyoRod@27a66deb
Crazy forceSum in boxOfActin.MyoRod@62a4f77b
Crazy forceSum in boxOfActin.MyoRod@3f135f6a
Crazy forceSum in boxOfActin.MyoRod@530cd635
Crazy forceSum in boxOfActin.MyoRod@4751208a
Crazy forceSum in boxOfActin.MyoRod@28b0834
Crazy forceSum in boxOfActin.MyoRod@27c6ef00
Crazy forceSum in boxOfActin.MyoRod@124e38b3
Crazy forceSum in boxOfActin.MyoRod@5c550f00
Crazy forceSum in boxOfActin.MyoRod@6c57616
Crazy forceSum in boxOfActin.MyoRod@16eb3721
Crazy forceSum in boxOfActin.MyoRod@75831eef
Crazy forceSum in boxOfActin.MyoRod@1da2250
Crazy forceSum in boxOfActin.MyoRod@2c0281bb
Crazy forceSum in boxOfActin.MyoRod@631fe925
Crazy forceSum in boxOfActin.MyoRod@e86f7cf
Crazy forceSum in boxOfActin.MyoMiniFilament@2d5e069b
Crazy torqueSum in boxOfActin.MyoMiniFilament@2d5e069b
Crazy forceSum in boxOfActin.MyoRod@27a66deb
Crazy forceSum in boxOfActin.MyoRod@62a4f77b
Crazy forceSum in boxOfActin.MyoRod@3f135f6a
Crazy forceSum in boxOfActin.MyoRod@530cd635
Crazy forceSum in boxOfActin.MyoRod@4751208a
Crazy forceSum in boxOfActin.MyoRod@28b0834
Crazy forceSum in boxOfActin.MyoRod@27c6ef00
Crazy forceSum in boxOfActin.MyoRod@124e38b3
Crazy forceSum in boxOfActin.MyoRod@5c550f00
Crazy forceSum in boxOfActin.MyoRod@6c57616
Crazy forceSum in boxOfActin.MyoRod@16eb3721
Crazy forceSum in boxOfActin.MyoRod@75831eef
Crazy forceSum in boxOfActin.MyoRod@1da2250
Crazy forceSum in boxOfActin.MyoRod@2c0281bb
Crazy forceSum in boxOfActin.MyoRod@631fe925
Crazy forceSum in boxOfActin.MyoRod@e86f7cf
Crazy forceSum in boxOfActin.MyoMiniFilament@2d5e069b
Crazy torqueSum in boxOfActin.MyoMiniFilament@2d5e069b
Crazy forceSum in boxOfActin.MyoRod@27a66deb
Crazy forceSum in boxOfActin.MyoRod@62a4f77b
Crazy forceSum in boxOfActin.MyoRod@3f135f6a
Crazy forceSum in boxOfActin.MyoRod@530cd635
Crazy forceSum in boxOfActin.MyoRod@4751208a
Crazy forceSum in boxOfActin.MyoRod@28b0834
Crazy forceSum in boxOfActin.MyoRod@27c6ef00
Crazy forceSum in boxOfActin.MyoRod@124e38b3
Crazy forceSum in boxOfActin.MyoRod@5c550f00
Crazy forceSum in boxOfActin.MyoRod@6c57616
Crazy forceSum in boxOfActin.MyoRod@16eb3721
Crazy forceSum in boxOfActin.MyoRod@75831eef
Crazy forceSum in boxOfActin.MyoRod@1da2250
Crazy forceSum in boxOfActin.MyoRod@2c0281bb
Crazy forceSum in boxOfActin.MyoRod@631fe925
Crazy forceSum in boxOfActin.MyoRod@e86f7cf
Crazy forceSum in boxOfActin.MyoMiniFilament@2d5e069b
Crazy torqueSum in boxOfActin.MyoMiniFilament@2d5e069b
Crazy forceSum in boxOfActin.MyoRod@27a66deb
Crazy forceSum in boxOfActin.MyoRod@62a4f77b
Crazy forceSum in boxOfActin.MyoRod@3f135f6a
Crazy forceSum in boxOfActin.MyoRod@530cd635
Crazy forceSum in boxOfActin.MyoRod@4751208a
Crazy forceSum in boxOfActin.MyoRod@28b0834
Crazy forceSum in boxOfActin.MyoRod@27c6ef00
Crazy forceSum in boxOfActin.MyoRod@124e38b3
Crazy forceSum in boxOfActin.MyoRod@5c550f00
Crazy forceSum in boxOfActin.MyoRod@6c57616
Crazy forceSum in boxOfActin.MyoRod@16eb3721
Crazy forceSum in boxOfActin.MyoRod@75831eef
Crazy forceSum in boxOfActin.MyoRod@1da2250
Crazy forceSum in boxOfActin.MyoRod@2c0281bb
Crazy forceSum in boxOfActin.MyoRod@631fe925
Crazy forceSum in boxOfActin.MyoRod@e86f7cf
Crazy forceSum in boxOfActin.MyoMiniFilament@2d5e069b
Crazy torqueSum in boxOfActin.MyoMiniFilament@2d5e069b
Crazy forceSum in boxOfActin.MyoRod@27a66deb
Crazy forceSum in boxOfActin.MyoRod@62a4f77b
Crazy forceSum in boxOfActin.MyoRod@3f135f6a
Crazy forceSum in boxOfActin.MyoRod@530cd635
Crazy forceSum in boxOfActin.MyoRod@4751208a
Crazy forceSum in boxOfActin.MyoRod@28b0834
Crazy forceSum in boxOfActin.MyoRod@27c6ef00
Crazy forceSum in boxOfActin.MyoRod@124e38b3
Crazy forceSum in boxOfActin.MyoRod@5c550f00
Crazy forceSum in boxOfActin.MyoRod@6c57616
Crazy forceSum in boxOfActin.MyoRod@16eb3721
Crazy forceSum in boxOfActin.MyoRod@75831eef
Crazy forceSum in boxOfActin.MyoRod@1da2250
Crazy forceSum in boxOfActin.MyoRod@2c0281bb
Crazy forceSum in boxOfActin.MyoRod@631fe925
Crazy forceSum in boxOfActin.MyoRod@e86f7cf
Crazy forceSum in boxOfActin.MyoMiniFilament@2d5e069b
Crazy torqueSum in boxOfActin.MyoMiniFilament@2d5e069b
Crazy forceSum in boxOfActin.MyoRod@27a66deb
Crazy forceSum in boxOfActin.MyoRod@62a4f77b
Crazy forceSum in boxOfActin.MyoRod@3f135f6a
Crazy forceSum in boxOfActin.MyoRod@530cd635
Crazy forceSum in boxOfActin.MyoRod@4751208a
Crazy forceSum in boxOfActin.MyoRod@28b0834
Crazy forceSum in boxOfActin.MyoRod@27c6ef00
Crazy forceSum in boxOfActin.MyoRod@124e38b3
Crazy forceSum in boxOfActin.MyoRod@5c550f00
Crazy forceSum in boxOfActin.MyoRod@6c57616
Crazy forceSum in boxOfActin.MyoRod@16eb3721
Crazy forceSum in boxOfActin.MyoRod@75831eef
Crazy forceSum in boxOfActin.MyoRod@1da2250
Crazy forceSum in boxOfActin.MyoRod@2c0281bb
Crazy forceSum in boxOfActin.MyoRod@631fe925
Crazy forceSum in boxOfActin.MyoRod@e86f7cf
Crazy forceSum in boxOfActin.MyoMiniFilament@2d5e069b
Crazy torqueSum in boxOfActin.MyoMiniFilament@2d5e069b
Crazy forceSum in boxOfActin.MyoRod@27a66deb
Crazy forceSum in boxOfActin.MyoRod@62a4f77b
Crazy forceSum in boxOfActin.MyoRod@3f135f6a
Crazy forceSum in boxOfActin.MyoRod@530cd635
Crazy forceSum in boxOfActin.MyoRod@4751208a
Crazy forceSum in boxOfActin.MyoRod@28b0834
Crazy forceSum in boxOfActin.MyoRod@27c6ef00
Crazy forceSum in boxOfActin.MyoRod@124e38b3
Crazy forceSum in boxOfActin.MyoRod@5c550f00
Crazy forceSum in boxOfActin.MyoRod@6c57616
Crazy forceSum in boxOfActin.MyoRod@16eb3721
Crazy forceSum in boxOfActin.MyoRod@75831eef
Crazy forceSum in boxOfActin.MyoRod@1da2250
Crazy forceSum in boxOfActin.MyoRod@2c0281bb
Crazy forceSum in boxOfActin.MyoRod@631fe925
Crazy forceSum in boxOfActin.MyoRod@e86f7cf
Crazy forceSum in boxOfActin.MyoMiniFilament@2d5e069b
Crazy torqueSum in boxOfActin.MyoMiniFilament@2d5e069b
Crazy forceSum in boxOfActin.MyoRod@27a66deb
Crazy forceSum in boxOfActin.MyoRod@62a4f77b
Crazy forceSum in boxOfActin.MyoRod@3f135f6a
Crazy forceSum in boxOfActin.MyoRod@530cd635
Crazy forceSum in boxOfActin.MyoRod@4751208a
Crazy forceSum in boxOfActin.MyoRod@28b0834
Crazy forceSum in boxOfActin.MyoRod@27c6ef00
Crazy forceSum in boxOfActin.MyoRod@124e38b3
Crazy forceSum in boxOfActin.MyoRod@5c550f00
Crazy forceSum in boxOfActin.MyoRod@6c57616
Crazy forceSum in boxOfActin.MyoRod@16eb3721
Crazy forceSum in boxOfActin.MyoRod@75831eef
Crazy forceSum in boxOfActin.MyoRod@1da2250
Crazy forceSum in boxOfActin.MyoRod@2c0281bb
Crazy forceSum in boxOfActin.MyoRod@631fe925
Crazy forceSum in boxOfActin.MyoRod@e86f7cf
Crazy forceSum in boxOfActin.MyoMiniFilament@2d5e069b
Crazy torqueSum in boxOfActin.MyoMiniFilament@2d5e069b
Crazy forceSum in boxOfActin.MyoRod@27a66deb
Crazy forceSum in boxOfActin.MyoRod@62a4f77b
Crazy forceSum in boxOfActin.MyoRod@3f135f6a
Crazy forceSum in boxOfActin.MyoRod@530cd635
Crazy forceSum in boxOfActin.MyoRod@4751208a
Crazy forceSum in boxOfActin.MyoRod@28b0834
Crazy forceSum in boxOfActin.MyoRod@27c6ef00
Crazy forceSum in boxOfActin.MyoRod@124e38b3
Crazy forceSum in boxOfActin.MyoRod@5c550f00
Crazy forceSum in boxOfActin.MyoRod@6c57616
Crazy forceSum in boxOfActin.MyoRod@16eb3721
Crazy forceSum in boxOfActin.MyoRod@75831eef
Crazy forceSum in boxOfActin.MyoRod@1da2250
Crazy forceSum in boxOfActin.MyoRod@2c0281bb
Crazy forceSum in boxOfActin.MyoRod@631fe925
Crazy forceSum in boxOfActin.MyoRod@e86f7cf
Crazy forceSum in boxOfActin.MyoMiniFilament@2d5e069b
Crazy torqueSum in boxOfActin.MyoMiniFilament@2d5e069b
Crazy forceSum in boxOfActin.MyoRod@27a66deb
Crazy forceSum in boxOfActin.MyoRod@62a4f77b
Crazy forceSum in boxOfActin.MyoRod@3f135f6a
Crazy forceSum in boxOfActin.MyoRod@530cd635
Crazy forceSum in boxOfActin.MyoRod@4751208a
Crazy forceSum in boxOfActin.MyoRod@28b0834
Crazy forceSum in boxOfActin.MyoRod@27c6ef00
Crazy forceSum in boxOfActin.MyoRod@124e38b3
Crazy forceSum in boxOfActin.MyoRod@5c550f00
Crazy forceSum in boxOfActin.MyoRod@6c57616
Crazy forceSum in boxOfActin.MyoRod@16eb3721
Crazy forceSum in boxOfActin.MyoRod@75831eef
Crazy forceSum in boxOfActin.MyoRod@1da2250
Crazy forceSum in boxOfActin.MyoRod@2c0281bb
Crazy forceSum in boxOfActin.MyoRod@631fe925
Crazy forceSum in boxOfActin.MyoRod@e86f7cf
Crazy forceSum in boxOfActin.MyoMiniFilament@2d5e069b
Crazy torqueSum in boxOfActin.MyoMiniFilament@2d5e069b
Crazy forceSum in boxOfActin.MyoRod@27a66deb
Crazy forceSum in boxOfActin.MyoRod@62a4f77b
Crazy forceSum in boxOfActin.MyoRod@3f135f6a
Crazy forceSum in boxOfActin.MyoRod@530cd635
Crazy forceSum in boxOfActin.MyoRod@4751208a
Crazy forceSum in boxOfActin.MyoRod@28b0834
Crazy forceSum in boxOfActin.MyoRod@27c6ef00
Crazy forceSum in boxOfActin.MyoRod@124e38b3
Crazy forceSum in boxOfActin.MyoRod@5c550f00
Crazy forceSum in boxOfActin.MyoRod@6c57616
Crazy forceSum in boxOfActin.MyoRod@16eb3721
Crazy forceSum in boxOfActin.MyoRod@75831eef
Crazy forceSum in boxOfActin.MyoRod@1da2250
Crazy forceSum in boxOfActin.MyoRod@2c0281bb
Crazy forceSum in boxOfActin.MyoRod@631fe925
Crazy forceSum in boxOfActin.MyoRod@e86f7cf
Crazy forceSum in boxOfActin.MyoMiniFilament@2d5e069b
Crazy torqueSum in boxOfActin.MyoMiniFilament@2d5e069b
Crazy forceSum in boxOfActin.MyoRod@27a66deb
Crazy forceSum in boxOfActin.MyoRod@62a4f77b
Crazy forceSum in boxOfActin.MyoRod@3f135f6a
Crazy forceSum in boxOfActin.MyoRod@530cd635
Crazy forceSum in boxOfActin.MyoRod@4751208a
Crazy forceSum in boxOfActin.MyoRod@28b0834
Crazy forceSum in boxOfActin.MyoRod@27c6ef00
Crazy forceSum in boxOfActin.MyoRod@124e38b3
Crazy forceSum in boxOfActin.MyoRod@5c550f00
Crazy forceSum in boxOfActin.MyoRod@6c57616
Crazy forceSum in boxOfActin.MyoRod@16eb3721
Crazy forceSum in boxOfActin.MyoRod@75831eef
Crazy forceSum in boxOfActin.MyoRod@1da2250
Crazy forceSum in boxOfActin.MyoRod@2c0281bb
Crazy forceSum in boxOfActin.MyoRod@631fe925
Crazy forceSum in boxOfActin.MyoRod@e86f7cf
Crazy forceSum in boxOfActin.MyoMiniFilament@2d5e069b
Crazy torqueSum in boxOfActin.MyoMiniFilament@2d5e069b
Crazy forceSum in boxOfActin.MyoRod@27a66deb
Crazy forceSum in boxOfActin.MyoRod@62a4f77b
Crazy forceSum in boxOfActin.MyoRod@3f135f6a
Crazy forceSum in boxOfActin.MyoRod@530cd635
Crazy forceSum in boxOfActin.MyoRod@4751208a
Crazy forceSum in boxOfActin.MyoRod@28b0834
Crazy forceSum in boxOfActin.MyoRod@27c6ef00
Crazy forceSum in boxOfActin.MyoRod@124e38b3
Crazy forceSum in boxOfActin.MyoRod@5c550f00
Crazy forceSum in boxOfActin.MyoRod@6c57616
Crazy forceSum in boxOfActin.MyoRod@16eb3721
Crazy forceSum in boxOfActin.MyoRod@75831eef
Crazy forceSum in boxOfActin.MyoRod@1da2250
Crazy forceSum in boxOfActin.MyoRod@2c0281bb
Crazy forceSum in boxOfActin.MyoRod@631fe925
Crazy forceSum in boxOfActin.MyoRod@e86f7cf
Crazy forceSum in boxOfActin.MyoMiniFilament@2d5e069b
Crazy torqueSum in boxOfActin.MyoMiniFilament@2d5e069b
Crazy forceSum in boxOfActin.MyoRod@27a66deb
Crazy forceSum in boxOfActin.MyoRod@62a4f77b
Crazy forceSum in boxOfActin.MyoRod@3f135f6a
Crazy forceSum in boxOfActin.MyoRod@530cd635
Crazy forceSum in boxOfActin.MyoRod@4751208a
Crazy forceSum in boxOfActin.MyoRod@28b0834
Crazy forceSum in boxOfActin.MyoRod@27c6ef00
Crazy forceSum in boxOfActin.MyoRod@124e38b3
Crazy forceSum in boxOfActin.MyoRod@5c550f00
Crazy forceSum in boxOfActin.MyoRod@6c57616
Crazy forceSum in boxOfActin.MyoRod@16eb3721
Crazy forceSum in boxOfActin.MyoRod@75831eef
Crazy forceSum in boxOfActin.MyoRod@1da2250
Crazy forceSum in boxOfActin.MyoRod@2c0281bb
Crazy forceSum in boxOfActin.MyoRod@631fe925
Crazy forceSum in boxOfActin.MyoRod@e86f7cf
Crazy forceSum in boxOfActin.MyoMiniFilament@2d5e069b
Crazy torqueSum in boxOfActin.MyoMiniFilament@2d5e069b
Crazy forceSum in boxOfActin.MyoRod@27a66deb
Crazy forceSum in boxOfActin.MyoRod@62a4f77b
Crazy forceSum in boxOfActin.MyoRod@3f135f6a
Crazy forceSum in boxOfActin.MyoRod@530cd635
Crazy forceSum in boxOfActin.MyoRod@4751208a
Crazy forceSum in boxOfActin.MyoRod@28b0834
Crazy forceSum in boxOfActin.MyoRod@27c6ef00
Crazy forceSum in boxOfActin.MyoRod@124e38b3
Crazy forceSum in boxOfActin.MyoRod@5c550f00
Crazy forceSum in boxOfActin.MyoRod@6c57616
Crazy forceSum in boxOfActin.MyoRod@16eb3721
Crazy forceSum in boxOfActin.MyoRod@75831eef
Crazy forceSum in boxOfActin.MyoRod@1da2250
Crazy forceSum in boxOfActin.MyoRod@2c0281bb
Crazy forceSum in boxOfActin.MyoRod@631fe925
Crazy forceSum in boxOfActin.MyoRod@e86f7cf
collisionTime = 0.0
myosinTime = 0.0

*** step() per-force profile (BOA_STEP_PROFILE=1) ***
  Force                                     sec    pct          calls      ns/call
  F1/F2  FilSeg boundary collision        0.302   7.8%        1950443          155
  F3     FilSeg chain link spring         1.052  27.0%        1950443          540
  F4     FilSeg chain torsion spring      0.332   8.5%        1950443          170
  F5/F6  FilSeg node tether               0.041   1.1%        1950443           21
  F7     MyoMini boundary collision       0.139   3.6%         330000          422
  F8-F10 MyoMotor tipLink (motor-fil)     2.030  52.1%       10560000          192
  TOTAL (sum of buckets)                  3.897
  Note: bucket sums are wall × thread-count (each worker accumulates its own time).
[STATS] bindEvents=4712
[STATS] filLinks=243 (active=243 inactive=55)
[STATS] linkCtMean=176.85 (samples=660) linkCtMeanSettled=234.71 (samples=335) finalActive=243
[STATS] filFilBroadphase active=false filsegMeshFillSkipped=0 candPairs=0 candMaxPerSeg=0 overflowSegs=0 drainCalls=0
[STATS] fActin segs=2971 monomers=207669 fActinUM=1.72 meanSegLenUM=0.191 freePoolUM=18.28
[STATS] mem usedHeapMB=2811.8 maxHeapMB=25769.8
[STATS] percolation filaments=502 activeLinks=188 linksPerFil=0.375 largestComp=5 (1.0% of fils) spanX=0.19 spanY=0.06 spanZ=0.70 spanFrac=0.19 percolates=false

*** [STEP_PROFILE] window=[300,660) steps=360 path=CPU wall=11458.0ms (31.8277 ms/step) ***
  --- every-step phases (ms/step) ---
    exec                  0.00000  (n/a CPU)
    pack                  0.00000  (n/a CPU)
    crosslinkForce        0.71389
    meshFill              2.63056
    cpuIntegrate          3.88611
      step                3.20278
      gatherForces        2.03056
      brownian            2.38333
  --- biochem-cadence phases (amortized ms/step | per-fire ms | fires) ---
    crosslinkFormation    0.00000 |   0.0000 | 3
    biochem               1.36111 |   1.3611 | 360
    sync                  0.00000 |   0.0000 | 0
  --- totals (ms/step) ---
    total(wall)          31.82774
    host(=tot-exec)      31.82774
    other(unlabeled)     15.61940

[STATS] checkBugInsideFireCt=0
[STATS] addLinkForcesFireCt=0
[STATS] addTorsionFireCt=0
[STATS] meshFillFilSegFireCt=0
[STATS] meshAllSegsFireCt=0
[STATS] mbg3dFillFilSegFireCt=0
[STATS] updatePosFromBindFireCt=0
[STATS] updatePosFromStepFireCt=0
[STATS] validateSegFireCt=0
[STATS] anchorFireCt=0
[STATS] filSegInitFireCt=0
[STATS] motorInitFireCt=0
[STATS] meanBoundMotors=134.244
ThingStep Threads took 7.466000 seconds.
ThingBrownian Threads took 1.381000 seconds.
Myosin Threads took 1.601000 seconds.
MyoDimer Threads took 1.029000 seconds.
Protein Node Threads took 0.000000 seconds.
MyoMiniFil Threads took 0.739000 seconds.
Chamber Myo Threads took 0.000000 seconds.
Chamber MyoDimer Threads took 0.000000 seconds.
Mesh Threads took 0.639000 seconds.
Ck Mesh Threads took 0.592000 seconds.
Ck Mots Threads took 2.258000 seconds.
XLink Threads took 0.289000 seconds.
Arp23 Threads took 0.000000 seconds.
NodeLink Threads took 0.000000 seconds.
Membrane Node Threads took 0.000000 seconds.
ActA Threads took 0.000000 seconds.
MotorBindGrid3D Fill took 0.695000 seconds.
Finished closing JSON plots!
