WARNING: Using incubator modules: jdk.incubator.vector
[TURNOVER] global biochem cadence ON (biochem phase-aligned; GPU pose pull at biochem+output cadence)
[TELEPORT_DIAG] enabled=false threshold=0.1
Loading parameter values from /tmp/boa10-64Seg-dyn-long10k.txt...
     Parameter assigned: deltaT set to 1.0E-4
     Parameter assigned: biochemDeltaT set to 0.01
     Parameter assigned: collisionDeltaT set to 1.0E-5
     No match found for parameter label brownianDeltaT ... you best check that out!
     Parameter assigned: runTime set to 1.0
     Parameter assigned: fracMove set to 0.4
     Parameter assigned: fracR set to 0.134
     Parameter assigned: fracMoveTorq set to 0.013685
     Parameter assigned: drawInterval set to 100
     Parameter assigned: toFileInterval set to 50
     No match found for parameter label toQKFileInterval ... you best check that out!
     Parameter assigned: jpegQuality set to 1.0
     Parameter assigned: remoteWriteInterval set to 100000
     Parameter assigned: frameWidth set to 800
     Parameter assigned: frameHeight set to 800
     No match found for parameter label bugOff ... you best check that out!
     Parameter assigned: simOutsideBug set to false
     Parameter assigned: initialFilaments set to 100
     Parameter assigned: initialMyoMiniFils set to 100
     Parameter assigned: minFilLength set to 0.2
     Parameter assigned: maxFilLength set to 1.5
     Parameter assigned: stdDevActinDist set to 0.5
     Parameter assigned: boxXDim set to 10.0
     Parameter assigned: boxYDim set to 10.0
     Parameter assigned: boxZDim set to 0.5
     Parameter assigned: actinConc set to 14.0
     Parameter assigned: actinConcNonHydro set to 15.0
     Parameter assigned: aeta set to 1.0
     Parameter assigned: capConc set to 2.0
     Parameter assigned: nodeZone set to 0.9
     Parameter assigned: nodeRadius set to 0.025
     Parameter assigned: forminsPerNode set to 0
     No match found for parameter label myosPerNode ... you best check that out!
     Parameter assigned: nodeTransDiff set to 1.0E-16
     Parameter assigned: nodeRotDiff set to 0.001
     Parameter assigned: actinSeed set to 3
     Parameter assigned: actinOnCortex set to true
     Parameter assigned: filSegLength set to 64
     Parameter assigned: filTorqSpring set to 1.0E-20
     Parameter assigned: BTransCoeff set to 1.0
     Parameter assigned: BRotCoeff set to 0.5
     Parameter assigned: maxSegAngle set to 22.5
     Parameter assigned: maxSegDist set to 0.0108
     Parameter assigned: nodeTorqSpring set to 1.0E-20
     Parameter assigned: maxNodeTetherStrainDist set to 0.0108
     Parameter assigned: nodeTetherDetachRate set to 0.001
     Parameter assigned: forminMoves set to false
     Parameter assigned: forminRelease set to 1.0
     Parameter assigned: noMonomersSimd set to false
     Parameter assigned: filamentsAnneal set to false
     Parameter assigned: annealDist set to 0.054
     Parameter assigned: annealAngleCosine set to 0.9
     Parameter assigned: maxLinksOnSeg set to 10.0
     Parameter assigned: sideBonds set to 0
     Parameter assigned: sideBondsRelax set to false
     Parameter assigned: sideBondsStabilize set to 1.0
     Parameter assigned: bundleStableFactor set to 2.0
     Parameter assigned: filLinkSpring set to 1.0E-9
     Parameter assigned: filLinkTorqSpring set to 1.0E-19
     Parameter assigned: xLinkTransAttn set to 1.0
     Parameter assigned: xLinkRotAttn set to 1.0
     No match found for parameter label maxFilLinkDist ... you best check that out!
     No match found for parameter label linkDissolveRate ... you best check that out!
     Parameter assigned: kATPOn1 set to 1.3
     Parameter assigned: kATPOff1 set to 0.8
     Parameter assigned: kADPOff1 set to 2.7
     Parameter assigned: kATPOn1NonHydro set to 0.0
     Parameter assigned: kATPOff1NonHydro set to 0.0
     Parameter assigned: kATPOn2 set to 11.6
     Parameter assigned: kATPOff2 set to 1.4
     Parameter assigned: kADPOff2 set to 7.2
     Parameter assigned: kATPOn2WithFormin set to 0.0
     Parameter assigned: kATPOff2WithFormin set to 0.0
     Parameter assigned: kADPOff2WithFormin set to 0.0
     Parameter assigned: kATPOn2NonHydro set to 0.0
     Parameter assigned: kATPOff2NonHydro set to 0.0
     Parameter assigned: kATPOn2NonHydroWithFormin set to 0.0
     Parameter assigned: kATPOff2NonHydroWithFormin set to 0.0
     Parameter assigned: capRate set to 3.0
     Parameter assigned: cofilinRate set to 0.4
     Parameter assigned: cofilinConc set to 3.0
     Parameter assigned: cofilinRatio set to 1.1
     Parameter assigned: myosinStallForce set to 2.0
     No match found for parameter label myosinReleaseRate ... you best check that out!
     No match found for parameter label myoFBRBase ... you best check that out!
     No match found for parameter label myoFBRExp ... you best check that out!
     Parameter assigned: capNumEnd1 set to 3
     Parameter assigned: capNumEnd2 set to 3
     Parameter assigned: capNumEnd1WithNode set to 3
     Parameter assigned: capNumEnd2WithNode set to 3
     Parameter assigned: polyCompressionCutoff set to 0.0
     Parameter assigned: kRdmNuc set to 0.001
     Parameter assigned: kNodeNuc set to 10.0
     Parameter assigned: kHydrolysis set to 1.0
     Parameter assigned: kDissociation set to 1.0
     Parameter assigned: showTime set to true
     Parameter assigned: showConc set to true
     Parameter assigned: showNonHydroConc set to false
     Parameter assigned: showFilCt set to true
     Parameter assigned: showFilLinkCt set to true
     Parameter assigned: showFilSegCt set to false
     Parameter assigned: showMonCt set to true
     Parameter assigned: fixedHistScale set to 100.0
     Parameter assigned: showHistBox set to true
     Parameter assigned: showYHistTics set to true
     Parameter assigned: flatTops set to true
Done... there were 9 misunderstandings.
[RNG] per-worker RNG pool: 17 MTFs, masterSeed=-7151669985308852909 (BOA_RNG_SEED unset)
**************************************************************
Eulerian Mesh stats:
nXBins = 51; xBinWidth = 0.2 µm
nYBins = 51; yBinWidth = 0.2 µm
binDepth = 1000
**************************************************************
MotorBindGrid3D: 51 x 51 x 4 cells (0.2 µm each)
[17:19] [phase-plan] inert-wave cull — ThreadSet activation snapshot:
[17:19]   ON   ThingStep Threads
[17:19]   ON   ThingBrownian Threads
[17:19]   ON   Myosin Threads
[17:19]   ON   MyoDimer Threads
[17:19]   OFF  Protein Node Threads
[17:19]   ON   MyoMiniFil Threads
[17:19]   OFF  Chamber Myo Threads
[17:19]   OFF  Chamber MyoDimer Threads
[17:19]   ON   Mesh Threads
[17:19]   ON   Ck Mesh Threads
[17:19]   ON   Ck Mots Threads
[17:19]   OFF  XLink Threads
[17:19]   OFF  Arp23 Threads
[17:19]   OFF  NodeLink Threads
[17:19]   OFF  Membrane Node Threads
[17:19]   OFF  ActA Threads
[17:19]   ON   MotorBindGrid3D Fill
[17:19] [phase-plan] 9 active, 8 inert (will skip dispatch)
[POSE_CHURN] sized POSE_DELTA_CAP=8192 (initialFilaments=100, peakModel=202, safety=4x, floor=8192)
GPUMoveThing: slotCap=19602 myoCap=6400 moveBlock=64 jointBlock=64 runSeed=-971202297 nWorkers=16
	[TornadoVM-PTX-JNI] ERROR : cuLaunchKernel -> Returned: 701
ThreeJSWriter: created directory /home/jba/Code/BoA/RUN_LOGS/_minifil_turnover/tv/gpu_long10k
ThreeJSWriter: output directory RUN_LOGS/_minifil_turnover/tv/gpu_long10k
ThreeJSWriter: archived 1 source files to source.zip
ThreeJSWriter: wrote params_input.boa10-64Seg-dyn-long10k.txt
ThreeJSWriter: wrote params_effective.txt (243 parameters)
	[TornadoVM-PTX-JNI] ERROR : cuLaunchKernel -> Returned: 701
	[TornadoVM-PTX-JNI] ERROR : cuLaunchKernel -> Returned: 701
	[TornadoVM-PTX-JNI] ERROR : cuLaunchKernel -> Returned: 701
	[TornadoVM-PTX-JNI] ERROR : cuLaunchKernel -> Returned: 701
	[TornadoVM-PTX-JNI] ERROR : cuLaunchKernel -> Returned: 701
	[TornadoVM-PTX-JNI] ERROR : cuLaunchKernel -> Returned: 701
	[TornadoVM-PTX-JNI] ERROR : cuLaunchKernel -> Returned: 701
	[TornadoVM-PTX-JNI] ERROR : cuLaunchKernel -> Returned: 701
	[TornadoVM-PTX-JNI] ERROR : cuLaunchKernel -> Returned: 701
	[TornadoVM-PTX-JNI] ERROR : cuLaunchKernel -> Returned: 701
	[TornadoVM-PTX-JNI] ERROR : cuLaunchKernel -> Returned: 701
	[TornadoVM-PTX-JNI] ERROR : cuLaunchKernel -> Returned: 701
	[TornadoVM-PTX-JNI] ERROR : cuLaunchKernel -> Returned: 701
	[TornadoVM-PTX-JNI] ERROR : cuLaunchKernel -> Returned: 701
	[TornadoVM-PTX-JNI] ERROR : cuLaunchKernel -> Returned: 701
	[TornadoVM-PTX-JNI] ERROR : cuLaunchKernel -> Returned: 701
	[TornadoVM-PTX-JNI] ERROR : cuLaunchKernel -> Returned: 701
	[TornadoVM-PTX-JNI] ERROR : cuLaunchKernel -> Returned: 701
	[TornadoVM-PTX-JNI] ERROR : cuLaunchKernel -> Returned: 701
	[TornadoVM-PTX-JNI] ERROR : cuLaunchKernel -> Returned: 701
	[TornadoVM-PTX-JNI] ERROR : cuLaunchKernel -> Returned: 701
	[TornadoVM-PTX-JNI] ERROR : cuLaunchKernel -> Returned: 701
	[TornadoVM-PTX-JNI] ERROR : cuLaunchKernel -> Returned: 701
	[TornadoVM-PTX-JNI] ERROR : cuLaunchKernel -> Returned: 701
	[TornadoVM-PTX-JNI] ERROR : cuLaunchKernel -> Returned: 701
	[TornadoVM-PTX-JNI] ERROR : cuLaunchKernel -> Returned: 701
	[TornadoVM-PTX-JNI] ERROR : cuLaunchKernel -> Returned: 701
	[TornadoVM-PTX-JNI] ERROR : cuLaunchKernel -> Returned: 701
	[TornadoVM-PTX-JNI] ERROR : cuLaunchKernel -> Returned: 701
	[TornadoVM-PTX-JNI] ERROR : cuLaunchKernel -> Returned: 701
	[TornadoVM-PTX-JNI] ERROR : cuLaunchKernel -> Returned: 701
	[TornadoVM-PTX-JNI] ERROR : cuLaunchKernel -> Returned: 701
	[TornadoVM-PTX-JNI] ERROR : cuLaunchKernel -> Returned: 701
	[TornadoVM-PTX-JNI] ERROR : cuLaunchKernel -> Returned: 701
	[TornadoVM-PTX-JNI] ERROR : cuLaunchKernel -> Returned: 701
	[TornadoVM-PTX-JNI] ERROR : cuLaunchKernel -> Returned: 701
	[TornadoVM-PTX-JNI] ERROR : cuLaunchKernel -> Returned: 701
	[TornadoVM-PTX-JNI] ERROR : cuLaunchKernel -> Returned: 701
	[TornadoVM-PTX-JNI] ERROR : cuLaunchKernel -> Returned: 701
	[TornadoVM-PTX-JNI] ERROR : cuLaunchKernel -> Returned: 701
	[TornadoVM-PTX-JNI] ERROR : cuLaunchKernel -> Returned: 701
	[TornadoVM-PTX-JNI] ERROR : cuLaunchKernel -> Returned: 701
	[TornadoVM-PTX-JNI] ERROR : cuLaunchKernel -> Returned: 701
	[TornadoVM-PTX-JNI] ERROR : cuLaunchKernel -> Returned: 701
	[TornadoVM-PTX-JNI] ERROR : cuLaunchKernel -> Returned: 701
	[TornadoVM-PTX-JNI] ERROR : cuLaunchKernel -> Returned: 701
	[TornadoVM-PTX-JNI] ERROR : cuLaunchKernel -> Returned: 701
	[TornadoVM-PTX-JNI] ERROR : cuLaunchKernel -> Returned: 701
	[TornadoVM-PTX-JNI] ERROR : cuLaunchKernel -> Returned: 701
	[TornadoVM-PTX-JNI] ERROR : cuLaunchKernel -> Returned: 701
	[TornadoVM-PTX-JNI] ERROR : cuLaunchKernel -> Returned: 701
	[TornadoVM-PTX-JNI] ERROR : cuLaunchKernel -> Returned: 701
	[TornadoVM-PTX-JNI] ERROR : cuLaunchKernel -> Returned: 701
	[TornadoVM-PTX-JNI] ERROR : cuLaunchKernel -> Returned: 701
	[TornadoVM-PTX-JNI] ERROR : cuLaunchKernel -> Returned: 701
	[TornadoVM-PTX-JNI] ERROR : cuLaunchKernel -> Returned: 701
	[TornadoVM-PTX-JNI] ERROR : cuLaunchKernel -> Returned: 701
	[TornadoVM-PTX-JNI] ERROR : cuLaunchKernel -> Returned: 701
	[TornadoVM-PTX-JNI] ERROR : cuLaunchKernel -> Returned: 701
	[TornadoVM-PTX-JNI] ERROR : cuLaunchKernel -> Returned: 701
	[TornadoVM-PTX-JNI] ERROR : cuLaunchKernel -> Returned: 701
	[TornadoVM-PTX-JNI] ERROR : cuLaunchKernel -> Returned: 701
	[TornadoVM-PTX-JNI] ERROR : cuLaunchKernel -> Returned: 701
	[TornadoVM-PTX-JNI] ERROR : cuLaunchKernel -> Returned: 701
	[TornadoVM-PTX-JNI] ERROR : cuLaunchKernel -> Returned: 701
	[TornadoVM-PTX-JNI] ERROR : cuLaunchKernel -> Returned: 701
	[TornadoVM-PTX-JNI] ERROR : cuLaunchKernel -> Returned: 701
	[TornadoVM-PTX-JNI] ERROR : cuLaunchKernel -> Returned: 701
	[TornadoVM-PTX-JNI] ERROR : cuLaunchKernel -> Returned: 701
	[TornadoVM-PTX-JNI] ERROR : cuLaunchKernel -> Returned: 701
	[TornadoVM-PTX-JNI] ERROR : cuLaunchKernel -> Returned: 701
	[TornadoVM-PTX-JNI] ERROR : cuLaunchKernel -> Returned: 701
	[TornadoVM-PTX-JNI] ERROR : cuLaunchKernel -> Returned: 701
	[TornadoVM-PTX-JNI] ERROR : cuLaunchKernel -> Returned: 701
	[TornadoVM-PTX-JNI] ERROR : cuLaunchKernel -> Returned: 701
	[TornadoVM-PTX-JNI] ERROR : cuLaunchKernel -> Returned: 701
	[TornadoVM-PTX-JNI] ERROR : cuLaunchKernel -> Returned: 701
	[TornadoVM-PTX-JNI] ERROR : cuLaunchKernel -> Returned: 701
	[TornadoVM-PTX-JNI] ERROR : cuLaunchKernel -> Returned: 701
	[TornadoVM-PTX-JNI] ERROR : cuLaunchKernel -> Returned: 701
	[TornadoVM-PTX-JNI] ERROR : cuLaunchKernel -> Returned: 701
	[TornadoVM-PTX-JNI] ERROR : cuLaunchKernel -> Returned: 701
	[TornadoVM-PTX-JNI] ERROR : cuLaunchKernel -> Returned: 701
	[TornadoVM-PTX-JNI] ERROR : cuLaunchKernel -> Returned: 701
	[TornadoVM-PTX-JNI] ERROR : cuLaunchKernel -> Returned: 701
	[TornadoVM-PTX-JNI] ERROR : cuLaunchKernel -> Returned: 701
	[TornadoVM-PTX-JNI] ERROR : cuLaunchKernel -> Returned: 701
	[TornadoVM-PTX-JNI] ERROR : cuLaunchKernel -> Returned: 701
	[TornadoVM-PTX-JNI] ERROR : cuLaunchKernel -> Returned: 701
	[TornadoVM-PTX-JNI] ERROR : cuLaunchKernel -> Returned: 701
	[TornadoVM-PTX-JNI] ERROR : cuLaunchKernel -> Returned: 701
	[TornadoVM-PTX-JNI] ERROR : cuLaunchKernel -> Returned: 701
	[TornadoVM-PTX-JNI] ERROR : cuLaunchKernel -> Returned: 701
	[TornadoVM-PTX-JNI] ERROR : cuLaunchKernel -> Returned: 701
	[TornadoVM-PTX-JNI] ERROR : cuLaunchKernel -> Returned: 701
	[TornadoVM-PTX-JNI] ERROR : cuLaunchKernel -> Returned: 701
	[TornadoVM-PTX-JNI] ERROR : cuLaunchKernel -> Returned: 701
	[TornadoVM-PTX-JNI] ERROR : cuLaunchKernel -> Returned: 701
	[TornadoVM-PTX-JNI] ERROR : cuLaunchKernel -> Returned: 701
	[TornadoVM-PTX-JNI] ERROR : cuLaunchKernel -> Returned: 701
	[TornadoVM-PTX-JNI] ERROR : cuLaunchKernel -> Returned: 701
	[TornadoVM-PTX-JNI] ERROR : cuLaunchKernel -> Returned: 701
	[TornadoVM-PTX-JNI] ERROR : cuLaunchKernel -> Returned: 701
	[TornadoVM-PTX-JNI] ERROR : cuLaunchKernel -> Returned: 701
	[TornadoVM-PTX-JNI] ERROR : cuLaunchKernel -> Returned: 701
	[TornadoVM-PTX-JNI] ERROR : cuLaunchKernel -> Returned: 701
	[TornadoVM-PTX-JNI] ERROR : cuLaunchKernel -> Returned: 701
	[TornadoVM-PTX-JNI] ERROR : cuLaunchKernel -> Returned: 701
	[TornadoVM-PTX-JNI] ERROR : cuLaunchKernel -> Returned: 701
	[TornadoVM-PTX-JNI] ERROR : cuLaunchKernel -> Returned: 701
	[TornadoVM-PTX-JNI] ERROR : cuLaunchKernel -> Returned: 701
	[TornadoVM-PTX-JNI] ERROR : cuLaunchKernel -> Returned: 701
	[TornadoVM-PTX-JNI] ERROR : cuLaunchKernel -> Returned: 701
	[TornadoVM-PTX-JNI] ERROR : cuLaunchKernel -> Returned: 701
	[TornadoVM-PTX-JNI] ERROR : cuLaunchKernel -> Returned: 701
	[TornadoVM-PTX-JNI] ERROR : cuLaunchKernel -> Returned: 701
	[TornadoVM-PTX-JNI] ERROR : cuLaunchKernel -> Returned: 701
	[TornadoVM-PTX-JNI] ERROR : cuLaunchKernel -> Returned: 701
	[TornadoVM-PTX-JNI] ERROR : cuLaunchKernel -> Returned: 701
	[TornadoVM-PTX-JNI] ERROR : cuLaunchKernel -> Returned: 701
	[TornadoVM-PTX-JNI] ERROR : cuLaunchKernel -> Returned: 701
	[TornadoVM-PTX-JNI] ERROR : cuLaunchKernel -> Returned: 701
	[TornadoVM-PTX-JNI] ERROR : cuLaunchKernel -> Returned: 701
	[TornadoVM-PTX-JNI] ERROR : cuLaunchKernel -> Returned: 701
	[TornadoVM-PTX-JNI] ERROR : cuLaunchKernel -> Returned: 701
	[TornadoVM-PTX-JNI] ERROR : cuLaunchKernel -> Returned: 701
	[TornadoVM-PTX-JNI] ERROR : cuLaunchKernel -> Returned: 701
	[TornadoVM-PTX-JNI] ERROR : cuLaunchKernel -> Returned: 701
	[TornadoVM-PTX-JNI] ERROR : cuLaunchKernel -> Returned: 701
	[TornadoVM-PTX-JNI] ERROR : cuLaunchKernel -> Returned: 701
	[TornadoVM-PTX-JNI] ERROR : cuLaunchKernel -> Returned: 701
	[TornadoVM-PTX-JNI] ERROR : cuLaunchKernel -> Returned: 701
	[TornadoVM-PTX-JNI] ERROR : cuLaunchKernel -> Returned: 701
	[TornadoVM-PTX-JNI] ERROR : cuLaunchKernel -> Returned: 701
	[TornadoVM-PTX-JNI] ERROR : cuLaunchKernel -> Returned: 701
	[TornadoVM-PTX-JNI] ERROR : cuLaunchKernel -> Returned: 701
	[TornadoVM-PTX-JNI] ERROR : cuLaunchKernel -> Returned: 701
	[TornadoVM-PTX-JNI] ERROR : cuLaunchKernel -> Returned: 701
	[TornadoVM-PTX-JNI] ERROR : cuLaunchKernel -> Returned: 701
	[TornadoVM-PTX-JNI] ERROR : cuLaunchKernel -> Returned: 701
	[TornadoVM-PTX-JNI] ERROR : cuLaunchKernel -> Returned: 701
	[TornadoVM-PTX-JNI] ERROR : cuLaunchKernel -> Returned: 701
	[TornadoVM-PTX-JNI] ERROR : cuLaunchKernel -> Returned: 701
	[TornadoVM-PTX-JNI] ERROR : cuLaunchKernel -> Returned: 701
	[TornadoVM-PTX-JNI] ERROR : cuLaunchKernel -> Returned: 701
	[TornadoVM-PTX-JNI] ERROR : cuLaunchKernel -> Returned: 701
	[TornadoVM-PTX-JNI] ERROR : cuLaunchKernel -> Returned: 701
	[TornadoVM-PTX-JNI] ERROR : cuLaunchKernel -> Returned: 701
	[TornadoVM-PTX-JNI] ERROR : cuLaunchKernel -> Returned: 701
	[TornadoVM-PTX-JNI] ERROR : cuLaunchKernel -> Returned: 701
	[TornadoVM-PTX-JNI] ERROR : cuLaunchKernel -> Returned: 701
	[TornadoVM-PTX-JNI] ERROR : cuLaunchKernel -> Returned: 701
	[TornadoVM-PTX-JNI] ERROR : cuLaunchKernel -> Returned: 701
	[TornadoVM-PTX-JNI] ERROR : cuLaunchKernel -> Returned: 701
	[TornadoVM-PTX-JNI] ERROR : cuLaunchKernel -> Returned: 701
	[TornadoVM-PTX-JNI] ERROR : cuLaunchKernel -> Returned: 701
	[TornadoVM-PTX-JNI] ERROR : cuLaunchKernel -> Returned: 701
	[TornadoVM-PTX-JNI] ERROR : cuLaunchKernel -> Returned: 701
	[TornadoVM-PTX-JNI] ERROR : cuLaunchKernel -> Returned: 701
	[TornadoVM-PTX-JNI] ERROR : cuLaunchKernel -> Returned: 701
	[TornadoVM-PTX-JNI] ERROR : cuLaunchKernel -> Returned: 701
	[TornadoVM-PTX-JNI] ERROR : cuLaunchKernel -> Returned: 701
	[TornadoVM-PTX-JNI] ERROR : cuLaunchKernel -> Returned: 701
	[TornadoVM-PTX-JNI] ERROR : cuLaunchKernel -> Returned: 701
	[TornadoVM-PTX-JNI] ERROR : cuLaunchKernel -> Returned: 701
	[TornadoVM-PTX-JNI] ERROR : cuLaunchKernel -> Returned: 701
	[TornadoVM-PTX-JNI] ERROR : cuLaunchKernel -> Returned: 701
	[TornadoVM-PTX-JNI] ERROR : cuLaunchKernel -> Returned: 701
	[TornadoVM-PTX-JNI] ERROR : cuLaunchKernel -> Returned: 701
	[TornadoVM-PTX-JNI] ERROR : cuLaunchKernel -> Returned: 701
	[TornadoVM-PTX-JNI] ERROR : cuLaunchKernel -> Returned: 701
	[TornadoVM-PTX-JNI] ERROR : cuLaunchKernel -> Returned: 701
	[TornadoVM-PTX-JNI] ERROR : cuLaunchKernel -> Returned: 701
	[TornadoVM-PTX-JNI] ERROR : cuLaunchKernel -> Returned: 701
	[TornadoVM-PTX-JNI] ERROR : cuLaunchKernel -> Returned: 701
	[TornadoVM-PTX-JNI] ERROR : cuLaunchKernel -> Returned: 701
	[TornadoVM-PTX-JNI] ERROR : cuLaunchKernel -> Returned: 701
	[TornadoVM-PTX-JNI] ERROR : cuLaunchKernel -> Returned: 701
	[TornadoVM-PTX-JNI] ERROR : cuLaunchKernel -> Returned: 701
	[TornadoVM-PTX-JNI] ERROR : cuLaunchKernel -> Returned: 701
	[TornadoVM-PTX-JNI] ERROR : cuLaunchKernel -> Returned: 701
	[TornadoVM-PTX-JNI] ERROR : cuLaunchKernel -> Returned: 701
	[TornadoVM-PTX-JNI] ERROR : cuLaunchKernel -> Returned: 701
	[TornadoVM-PTX-JNI] ERROR : cuLaunchKernel -> Returned: 701
	[TornadoVM-PTX-JNI] ERROR : cuLaunchKernel -> Returned: 701
	[TornadoVM-PTX-JNI] ERROR : cuLaunchKernel -> Returned: 701
	[TornadoVM-PTX-JNI] ERROR : cuLaunchKernel -> Returned: 701
	[TornadoVM-PTX-JNI] ERROR : cuLaunchKernel -> Returned: 701
	[TornadoVM-PTX-JNI] ERROR : cuLaunchKernel -> Returned: 701
	[TornadoVM-PTX-JNI] ERROR : cuLaunchKernel -> Returned: 701
	[TornadoVM-PTX-JNI] ERROR : cuLaunchKernel -> Returned: 701
	[TornadoVM-PTX-JNI] ERROR : cuLaunchKernel -> Returned: 701
	[TornadoVM-PTX-JNI] ERROR : cuLaunchKernel -> Returned: 701
	[TornadoVM-PTX-JNI] ERROR : cuLaunchKernel -> Returned: 701
	[TornadoVM-PTX-JNI] ERROR : cuLaunchKernel -> Returned: 701
	[TornadoVM-PTX-JNI] ERROR : cuLaunchKernel -> Returned: 701
	[TornadoVM-PTX-JNI] ERROR : cuLaunchKernel -> Returned: 701
	[TornadoVM-PTX-JNI] ERROR : cuLaunchKernel -> Returned: 701
	[TornadoVM-PTX-JNI] ERROR : cuLaunchKernel -> Returned: 701
	[TornadoVM-PTX-JNI] ERROR : cuLaunchKernel -> Returned: 701
	[TornadoVM-PTX-JNI] ERROR : cuLaunchKernel -> Returned: 701
	[TornadoVM-PTX-JNI] ERROR : cuLaunchKernel -> Returned: 701
	[TornadoVM-PTX-JNI] ERROR : cuLaunchKernel -> Returned: 701
	[TornadoVM-PTX-JNI] ERROR : cuLaunchKernel -> Returned: 701
	[TornadoVM-PTX-JNI] ERROR : cuLaunchKernel -> Returned: 701
	[TornadoVM-PTX-JNI] ERROR : cuLaunchKernel -> Returned: 701
	[TornadoVM-PTX-JNI] ERROR : cuLaunchKernel -> Returned: 701
	[TornadoVM-PTX-JNI] ERROR : cuLaunchKernel -> Returned: 701
	[TornadoVM-PTX-JNI] ERROR : cuLaunchKernel -> Returned: 701
	[TornadoVM-PTX-JNI] ERROR : cuLaunchKernel -> Returned: 701
	[TornadoVM-PTX-JNI] ERROR : cuLaunchKernel -> Returned: 701
	[TornadoVM-PTX-JNI] ERROR : cuLaunchKernel -> Returned: 701
	[TornadoVM-PTX-JNI] ERROR : cuLaunchKernel -> Returned: 701
	[TornadoVM-PTX-JNI] ERROR : cuLaunchKernel -> Returned: 701
	[TornadoVM-PTX-JNI] ERROR : cuLaunchKernel -> Returned: 701
	[TornadoVM-PTX-JNI] ERROR : cuLaunchKernel -> Returned: 701
	[TornadoVM-PTX-JNI] ERROR : cuLaunchKernel -> Returned: 701
	[TornadoVM-PTX-JNI] ERROR : cuLaunchKernel -> Returned: 701
	[TornadoVM-PTX-JNI] ERROR : cuLaunchKernel -> Returned: 701
	[TornadoVM-PTX-JNI] ERROR : cuLaunchKernel -> Returned: 701
	[TornadoVM-PTX-JNI] ERROR : cuLaunchKernel -> Returned: 701
	[TornadoVM-PTX-JNI] ERROR : cuLaunchKernel -> Returned: 701
	[TornadoVM-PTX-JNI] ERROR : cuLaunchKernel -> Returned: 701
	[TornadoVM-PTX-JNI] ERROR : cuLaunchKernel -> Returned: 701
	[TornadoVM-PTX-JNI] ERROR : cuLaunchKernel -> Returned: 701
	[TornadoVM-PTX-JNI] ERROR : cuLaunchKernel -> Returned: 701
	[TornadoVM-PTX-JNI] ERROR : cuLaunchKernel -> Returned: 701
	[TornadoVM-PTX-JNI] ERROR : cuLaunchKernel -> Returned: 701
	[TornadoVM-PTX-JNI] ERROR : cuLaunchKernel -> Returned: 701
	[TornadoVM-PTX-JNI] ERROR : cuLaunchKernel -> Returned: 701
	[TornadoVM-PTX-JNI] ERROR : cuLaunchKernel -> Returned: 701
	[TornadoVM-PTX-JNI] ERROR : cuLaunchKernel -> Returned: 701
	[TornadoVM-PTX-JNI] ERROR : cuLaunchKernel -> Returned: 701
	[TornadoVM-PTX-JNI] ERROR : cuLaunchKernel -> Returned: 701
	[TornadoVM-PTX-JNI] ERROR : cuLaunchKernel -> Returned: 701
	[TornadoVM-PTX-JNI] ERROR : cuLaunchKernel -> Returned: 701
	[TornadoVM-PTX-JNI] ERROR : cuLaunchKernel -> Returned: 701
	[TornadoVM-PTX-JNI] ERROR : cuLaunchKernel -> Returned: 701
	[TornadoVM-PTX-JNI] ERROR : cuLaunchKernel -> Returned: 701
	[TornadoVM-PTX-JNI] ERROR : cuLaunchKernel -> Returned: 701
	[TornadoVM-PTX-JNI] ERROR : cuLaunchKernel -> Returned: 701
	[TornadoVM-PTX-JNI] ERROR : cuLaunchKernel -> Returned: 701
	[TornadoVM-PTX-JNI] ERROR : cuLaunchKernel -> Returned: 701
	[TornadoVM-PTX-JNI] ERROR : cuLaunchKernel -> Returned: 701
	[TornadoVM-PTX-JNI] ERROR : cuLaunchKernel -> Returned: 701
	[TornadoVM-PTX-JNI] ERROR : cuLaunchKernel -> Returned: 701
	[TornadoVM-PTX-JNI] ERROR : cuLaunchKernel -> Returned: 701
	[TornadoVM-PTX-JNI] ERROR : cuLaunchKernel -> Returned: 701
	[TornadoVM-PTX-JNI] ERROR : cuLaunchKernel -> Returned: 701
	[TornadoVM-PTX-JNI] ERROR : cuLaunchKernel -> Returned: 701
	[TornadoVM-PTX-JNI] ERROR : cuLaunchKernel -> Returned: 701
	[TornadoVM-PTX-JNI] ERROR : cuLaunchKernel -> Returned: 701
	[TornadoVM-PTX-JNI] ERROR : cuLaunchKernel -> Returned: 701
	[TornadoVM-PTX-JNI] ERROR : cuLaunchKernel -> Returned: 701
	[TornadoVM-PTX-JNI] ERROR : cuLaunchKernel -> Returned: 701
	[TornadoVM-PTX-JNI] ERROR : cuLaunchKernel -> Returned: 701
	[TornadoVM-PTX-JNI] ERROR : cuLaunchKernel -> Returned: 701
	[TornadoVM-PTX-JNI] ERROR : cuLaunchKernel -> Returned: 701
	[TornadoVM-PTX-JNI] ERROR : cuLaunchKernel -> Returned: 701
	[TornadoVM-PTX-JNI] ERROR : cuLaunchKernel -> Returned: 701
	[TornadoVM-PTX-JNI] ERROR : cuLaunchKernel -> Returned: 701
	[TornadoVM-PTX-JNI] ERROR : cuLaunchKernel -> Returned: 701
	[TornadoVM-PTX-JNI] ERROR : cuLaunchKernel -> Returned: 701
	[TornadoVM-PTX-JNI] ERROR : cuLaunchKernel -> Returned: 701
	[TornadoVM-PTX-JNI] ERROR : cuLaunchKernel -> Returned: 701
	[TornadoVM-PTX-JNI] ERROR : cuLaunchKernel -> Returned: 701
	[TornadoVM-PTX-JNI] ERROR : cuLaunchKernel -> Returned: 701
	[TornadoVM-PTX-JNI] ERROR : cuLaunchKernel -> Returned: 701
	[TornadoVM-PTX-JNI] ERROR : cuLaunchKernel -> Returned: 701
	[TornadoVM-PTX-JNI] ERROR : cuLaunchKernel -> Returned: 701
	[TornadoVM-PTX-JNI] ERROR : cuLaunchKernel -> Returned: 701
	[TornadoVM-PTX-JNI] ERROR : cuLaunchKernel -> Returned: 701
	[TornadoVM-PTX-JNI] ERROR : cuLaunchKernel -> Returned: 701
	[TornadoVM-PTX-JNI] ERROR : cuLaunchKernel -> Returned: 701
	[TornadoVM-PTX-JNI] ERROR : cuLaunchKernel -> Returned: 701
	[TornadoVM-PTX-JNI] ERROR : cuLaunchKernel -> Returned: 701
	[TornadoVM-PTX-JNI] ERROR : cuLaunchKernel -> Returned: 701
	[TornadoVM-PTX-JNI] ERROR : cuLaunchKernel -> Returned: 701
	[TornadoVM-PTX-JNI] ERROR : cuLaunchKernel -> Returned: 701
	[TornadoVM-PTX-JNI] ERROR : cuLaunchKernel -> Returned: 701
	[TornadoVM-PTX-JNI] ERROR : cuLaunchKernel -> Returned: 701
	[TornadoVM-PTX-JNI] ERROR : cuLaunchKernel -> Returned: 701
	[TornadoVM-PTX-JNI] ERROR : cuLaunchKernel -> Returned: 701
	[TornadoVM-PTX-JNI] ERROR : cuLaunchKernel -> Returned: 701
	[TornadoVM-PTX-JNI] ERROR : cuLaunchKernel -> Returned: 701
	[TornadoVM-PTX-JNI] ERROR : cuLaunchKernel -> Returned: 701
	[TornadoVM-PTX-JNI] ERROR : cuLaunchKernel -> Returned: 701
	[TornadoVM-PTX-JNI] ERROR : cuLaunchKernel -> Returned: 701
	[TornadoVM-PTX-JNI] ERROR : cuLaunchKernel -> Returned: 701
	[TornadoVM-PTX-JNI] ERROR : cuLaunchKernel -> Returned: 701
	[TornadoVM-PTX-JNI] ERROR : cuLaunchKernel -> Returned: 701
	[TornadoVM-PTX-JNI] ERROR : cuLaunchKernel -> Returned: 701
	[TornadoVM-PTX-JNI] ERROR : cuLaunchKernel -> Returned: 701
	[TornadoVM-PTX-JNI] ERROR : cuLaunchKernel -> Returned: 701
	[TornadoVM-PTX-JNI] ERROR : cuLaunchKernel -> Returned: 701
	[TornadoVM-PTX-JNI] ERROR : cuLaunchKernel -> Returned: 701
	[TornadoVM-PTX-JNI] ERROR : cuLaunchKernel -> Returned: 701
	[TornadoVM-PTX-JNI] ERROR : cuLaunchKernel -> Returned: 701
	[TornadoVM-PTX-JNI] ERROR : cuLaunchKernel -> Returned: 701
	[TornadoVM-PTX-JNI] ERROR : cuLaunchKernel -> Returned: 701
	[TornadoVM-PTX-JNI] ERROR : cuLaunchKernel -> Returned: 701
	[TornadoVM-PTX-JNI] ERROR : cuLaunchKernel -> Returned: 701
	[TornadoVM-PTX-JNI] ERROR : cuLaunchKernel -> Returned: 701
	[TornadoVM-PTX-JNI] ERROR : cuLaunchKernel -> Returned: 701
	[TornadoVM-PTX-JNI] ERROR : cuLaunchKernel -> Returned: 701
	[TornadoVM-PTX-JNI] ERROR : cuLaunchKernel -> Returned: 701
	[TornadoVM-PTX-JNI] ERROR : cuLaunchKernel -> Returned: 701
	[TornadoVM-PTX-JNI] ERROR : cuLaunchKernel -> Returned: 701
	[TornadoVM-PTX-JNI] ERROR : cuLaunchKernel -> Returned: 701
	[TornadoVM-PTX-JNI] ERROR : cuLaunchKernel -> Returned: 701
	[TornadoVM-PTX-JNI] ERROR : cuLaunchKernel -> Returned: 701
	[TornadoVM-PTX-JNI] ERROR : cuLaunchKernel -> Returned: 701
	[TornadoVM-PTX-JNI] ERROR : cuLaunchKernel -> Returned: 701
	[TornadoVM-PTX-JNI] ERROR : cuLaunchKernel -> Returned: 701
	[TornadoVM-PTX-JNI] ERROR : cuLaunchKernel -> Returned: 701
	[TornadoVM-PTX-JNI] ERROR : cuLaunchKernel -> Returned: 701
	[TornadoVM-PTX-JNI] ERROR : cuLaunchKernel -> Returned: 701
	[TornadoVM-PTX-JNI] ERROR : cuLaunchKernel -> Returned: 701
	[TornadoVM-PTX-JNI] ERROR : cuLaunchKernel -> Returned: 701
	[TornadoVM-PTX-JNI] ERROR : cuLaunchKernel -> Returned: 701
	[TornadoVM-PTX-JNI] ERROR : cuLaunchKernel -> Returned: 701
	[TornadoVM-PTX-JNI] ERROR : cuLaunchKernel -> Returned: 701
	[TornadoVM-PTX-JNI] ERROR : cuLaunchKernel -> Returned: 701
	[TornadoVM-PTX-JNI] ERROR : cuLaunchKernel -> Returned: 701
	[TornadoVM-PTX-JNI] ERROR : cuLaunchKernel -> Returned: 701
	[TornadoVM-PTX-JNI] ERROR : cuLaunchKernel -> Returned: 701
	[TornadoVM-PTX-JNI] ERROR : cuLaunchKernel -> Returned: 701
	[TornadoVM-PTX-JNI] ERROR : cuLaunchKernel -> Returned: 701
	[TornadoVM-PTX-JNI] ERROR : cuLaunchKernel -> Returned: 701
	[TornadoVM-PTX-JNI] ERROR : cuLaunchKernel -> Returned: 701
	[TornadoVM-PTX-JNI] ERROR : cuLaunchKernel -> Returned: 701
	[TornadoVM-PTX-JNI] ERROR : cuLaunchKernel -> Returned: 701
	[TornadoVM-PTX-JNI] ERROR : cuLaunchKernel -> Returned: 701
	[TornadoVM-PTX-JNI] ERROR : cuLaunchKernel -> Returned: 701
	[TornadoVM-PTX-JNI] ERROR : cuLaunchKernel -> Returned: 701
	[TornadoVM-PTX-JNI] ERROR : cuLaunchKernel -> Returned: 701
	[TornadoVM-PTX-JNI] ERROR : cuLaunchKernel -> Returned: 701
	[TornadoVM-PTX-JNI] ERROR : cuLaunchKernel -> Returned: 701
	[TornadoVM-PTX-JNI] ERROR : cuLaunchKernel -> Returned: 701
	[TornadoVM-PTX-JNI] ERROR : cuLaunchKernel -> Returned: 701
	[TornadoVM-PTX-JNI] ERROR : cuLaunchKernel -> Returned: 701
	[TornadoVM-PTX-JNI] ERROR : cuLaunchKernel -> Returned: 701
	[TornadoVM-PTX-JNI] ERROR : cuLaunchKernel -> Returned: 701
	[TornadoVM-PTX-JNI] ERROR : cuLaunchKernel -> Returned: 701
	[TornadoVM-PTX-JNI] ERROR : cuLaunchKernel -> Returned: 701
	[TornadoVM-PTX-JNI] ERROR : cuLaunchKernel -> Returned: 701
	[TornadoVM-PTX-JNI] ERROR : cuLaunchKernel -> Returned: 701
	[TornadoVM-PTX-JNI] ERROR : cuLaunchKernel -> Returned: 701
	[TornadoVM-PTX-JNI] ERROR : cuLaunchKernel -> Returned: 701
	[TornadoVM-PTX-JNI] ERROR : cuLaunchKernel -> Returned: 701
	[TornadoVM-PTX-JNI] ERROR : cuLaunchKernel -> Returned: 701
	[TornadoVM-PTX-JNI] ERROR : cuLaunchKernel -> Returned: 701
	[TornadoVM-PTX-JNI] ERROR : cuLaunchKernel -> Returned: 701
	[TornadoVM-PTX-JNI] ERROR : cuLaunchKernel -> Returned: 701
	[TornadoVM-PTX-JNI] ERROR : cuLaunchKernel -> Returned: 701
	[TornadoVM-PTX-JNI] ERROR : cuLaunchKernel -> Returned: 701
	[TornadoVM-PTX-JNI] ERROR : cuLaunchKernel -> Returned: 701
	[TornadoVM-PTX-JNI] ERROR : cuLaunchKernel -> Returned: 701
	[TornadoVM-PTX-JNI] ERROR : cuLaunchKernel -> Returned: 701
	[TornadoVM-PTX-JNI] ERROR : cuLaunchKernel -> Returned: 701
	[TornadoVM-PTX-JNI] ERROR : cuLaunchKernel -> Returned: 701
	[TornadoVM-PTX-JNI] ERROR : cuLaunchKernel -> Returned: 701
	[TornadoVM-PTX-JNI] ERROR : cuLaunchKernel -> Returned: 701
	[TornadoVM-PTX-JNI] ERROR : cuLaunchKernel -> Returned: 701
	[TornadoVM-PTX-JNI] ERROR : cuLaunchKernel -> Returned: 701
	[TornadoVM-PTX-JNI] ERROR : cuLaunchKernel -> Returned: 701
	[TornadoVM-PTX-JNI] ERROR : cuLaunchKernel -> Returned: 701
	[TornadoVM-PTX-JNI] ERROR : cuLaunchKernel -> Returned: 701
	[TornadoVM-PTX-JNI] ERROR : cuLaunchKernel -> Returned: 701
	[TornadoVM-PTX-JNI] ERROR : cuLaunchKernel -> Returned: 701
	[TornadoVM-PTX-JNI] ERROR : cuLaunchKernel -> Returned: 701
	[TornadoVM-PTX-JNI] ERROR : cuLaunchKernel -> Returned: 701
	[TornadoVM-PTX-JNI] ERROR : cuLaunchKernel -> Returned: 701
	[TornadoVM-PTX-JNI] ERROR : cuLaunchKernel -> Returned: 701
	[TornadoVM-PTX-JNI] ERROR : cuLaunchKernel -> Returned: 701
	[TornadoVM-PTX-JNI] ERROR : cuLaunchKernel -> Returned: 701
	[TornadoVM-PTX-JNI] ERROR : cuLaunchKernel -> Returned: 701
	[TornadoVM-PTX-JNI] ERROR : cuLaunchKernel -> Returned: 701
	[TornadoVM-PTX-JNI] ERROR : cuLaunchKernel -> Returned: 701
	[TornadoVM-PTX-JNI] ERROR : cuLaunchKernel -> Returned: 701
	[TornadoVM-PTX-JNI] ERROR : cuLaunchKernel -> Returned: 701
	[TornadoVM-PTX-JNI] ERROR : cuLaunchKernel -> Returned: 701
	[TornadoVM-PTX-JNI] ERROR : cuLaunchKernel -> Returned: 701
	[TornadoVM-PTX-JNI] ERROR : cuLaunchKernel -> Returned: 701
	[TornadoVM-PTX-JNI] ERROR : cuLaunchKernel -> Returned: 701
	[TornadoVM-PTX-JNI] ERROR : cuLaunchKernel -> Returned: 701
	[TornadoVM-PTX-JNI] ERROR : cuLaunchKernel -> Returned: 701
	[TornadoVM-PTX-JNI] ERROR : cuLaunchKernel -> Returned: 701
	[TornadoVM-PTX-JNI] ERROR : cuLaunchKernel -> Returned: 701
	[TornadoVM-PTX-JNI] ERROR : cuLaunchKernel -> Returned: 701
	[TornadoVM-PTX-JNI] ERROR : cuLaunchKernel -> Returned: 701
	[TornadoVM-PTX-JNI] ERROR : cuLaunchKernel -> Returned: 701
	[TornadoVM-PTX-JNI] ERROR : cuLaunchKernel -> Returned: 701
	[TornadoVM-PTX-JNI] ERROR : cuLaunchKernel -> Returned: 701
	[TornadoVM-PTX-JNI] ERROR : cuLaunchKernel -> Returned: 701
	[TornadoVM-PTX-JNI] ERROR : cuLaunchKernel -> Returned: 701
	[TornadoVM-PTX-JNI] ERROR : cuLaunchKernel -> Returned: 701
	[TornadoVM-PTX-JNI] ERROR : cuLaunchKernel -> Returned: 701
	[TornadoVM-PTX-JNI] ERROR : cuLaunchKernel -> Returned: 701
	[TornadoVM-PTX-JNI] ERROR : cuLaunchKernel -> Returned: 701
	[TornadoVM-PTX-JNI] ERROR : cuLaunchKernel -> Returned: 701
	[TornadoVM-PTX-JNI] ERROR : cuLaunchKernel -> Returned: 701
	[TornadoVM-PTX-JNI] ERROR : cuLaunchKernel -> Returned: 701
	[TornadoVM-PTX-JNI] ERROR : cuLaunchKernel -> Returned: 701
	[TornadoVM-PTX-JNI] ERROR : cuLaunchKernel -> Returned: 701
	[TornadoVM-PTX-JNI] ERROR : cuLaunchKernel -> Returned: 701
	[TornadoVM-PTX-JNI] ERROR : cuLaunchKernel -> Returned: 701
	[TornadoVM-PTX-JNI] ERROR : cuLaunchKernel -> Returned: 701
	[TornadoVM-PTX-JNI] ERROR : cuLaunchKernel -> Returned: 701
	[TornadoVM-PTX-JNI] ERROR : cuLaunchKernel -> Returned: 701
	[TornadoVM-PTX-JNI] ERROR : cuLaunchKernel -> Returned: 701
	[TornadoVM-PTX-JNI] ERROR : cuLaunchKernel -> Returned: 701
	[TornadoVM-PTX-JNI] ERROR : cuLaunchKernel -> Returned: 701
	[TornadoVM-PTX-JNI] ERROR : cuLaunchKernel -> Returned: 701
	[TornadoVM-PTX-JNI] ERROR : cuLaunchKernel -> Returned: 701
	[TornadoVM-PTX-JNI] ERROR : cuLaunchKernel -> Returned: 701
	[TornadoVM-PTX-JNI] ERROR : cuLaunchKernel -> Returned: 701
	[TornadoVM-PTX-JNI] ERROR : cuLaunchKernel -> Returned: 701
	[TornadoVM-PTX-JNI] ERROR : cuLaunchKernel -> Returned: 701
	[TornadoVM-PTX-JNI] ERROR : cuLaunchKernel -> Returned: 701
	[TornadoVM-PTX-JNI] ERROR : cuLaunchKernel -> Returned: 701
	[TornadoVM-PTX-JNI] ERROR : cuLaunchKernel -> Returned: 701
	[TornadoVM-PTX-JNI] ERROR : cuLaunchKernel -> Returned: 701
	[TornadoVM-PTX-JNI] ERROR : cuLaunchKernel -> Returned: 701
	[TornadoVM-PTX-JNI] ERROR : cuLaunchKernel -> Returned: 701
	[TornadoVM-PTX-JNI] ERROR : cuLaunchKernel -> Returned: 701
	[TornadoVM-PTX-JNI] ERROR : cuLaunchKernel -> Returned: 701
	[TornadoVM-PTX-JNI] ERROR : cuLaunchKernel -> Returned: 701
	[TornadoVM-PTX-JNI] ERROR : cuLaunchKernel -> Returned: 701
	[TornadoVM-PTX-JNI] ERROR : cuLaunchKernel -> Returned: 701
	[TornadoVM-PTX-JNI] ERROR : cuLaunchKernel -> Returned: 701
	[TornadoVM-PTX-JNI] ERROR : cuLaunchKernel -> Returned: 701
	[TornadoVM-PTX-JNI] ERROR : cuLaunchKernel -> Returned: 701
	[TornadoVM-PTX-JNI] ERROR : cuLaunchKernel -> Returned: 701
	[TornadoVM-PTX-JNI] ERROR : cuLaunchKernel -> Returned: 701
	[TornadoVM-PTX-JNI] ERROR : cuLaunchKernel -> Returned: 701
	[TornadoVM-PTX-JNI] ERROR : cuLaunchKernel -> Returned: 701
	[TornadoVM-PTX-JNI] ERROR : cuLaunchKernel -> Returned: 701
	[TornadoVM-PTX-JNI] ERROR : cuLaunchKernel -> Returned: 701
	[TornadoVM-PTX-JNI] ERROR : cuLaunchKernel -> Returned: 701
	[TornadoVM-PTX-JNI] ERROR : cuLaunchKernel -> Returned: 701
	[TornadoVM-PTX-JNI] ERROR : cuLaunchKernel -> Returned: 701
	[TornadoVM-PTX-JNI] ERROR : cuLaunchKernel -> Returned: 701
	[TornadoVM-PTX-JNI] ERROR : cuLaunchKernel -> Returned: 701
	[TornadoVM-PTX-JNI] ERROR : cuLaunchKernel -> Returned: 701
	[TornadoVM-PTX-JNI] ERROR : cuLaunchKernel -> Returned: 701
	[TornadoVM-PTX-JNI] ERROR : cuLaunchKernel -> Returned: 701
	[TornadoVM-PTX-JNI] ERROR : cuLaunchKernel -> Returned: 701
	[TornadoVM-PTX-JNI] ERROR : cuLaunchKernel -> Returned: 701
	[TornadoVM-PTX-JNI] ERROR : cuLaunchKernel -> Returned: 701
	[TornadoVM-PTX-JNI] ERROR : cuLaunchKernel -> Returned: 701
	[TornadoVM-PTX-JNI] ERROR : cuLaunchKernel -> Returned: 701
	[TornadoVM-PTX-JNI] ERROR : cuLaunchKernel -> Returned: 701
	[TornadoVM-PTX-JNI] ERROR : cuLaunchKernel -> Returned: 701
	[TornadoVM-PTX-JNI] ERROR : cuLaunchKernel -> Returned: 701
	[TornadoVM-PTX-JNI] ERROR : cuLaunchKernel -> Returned: 701
	[TornadoVM-PTX-JNI] ERROR : cuLaunchKernel -> Returned: 701
	[TornadoVM-PTX-JNI] ERROR : cuLaunchKernel -> Returned: 701
	[TornadoVM-PTX-JNI] ERROR : cuLaunchKernel -> Returned: 701
	[TornadoVM-PTX-JNI] ERROR : cuLaunchKernel -> Returned: 701
	[TornadoVM-PTX-JNI] ERROR : cuLaunchKernel -> Returned: 701
	[TornadoVM-PTX-JNI] ERROR : cuLaunchKernel -> Returned: 701
	[TornadoVM-PTX-JNI] ERROR : cuLaunchKernel -> Returned: 701
	[TornadoVM-PTX-JNI] ERROR : cuLaunchKernel -> Returned: 701
	[TornadoVM-PTX-JNI] ERROR : cuLaunchKernel -> Returned: 701
	[TornadoVM-PTX-JNI] ERROR : cuLaunchKernel -> Returned: 701
	[TornadoVM-PTX-JNI] ERROR : cuLaunchKernel -> Returned: 701
	[TornadoVM-PTX-JNI] ERROR : cuLaunchKernel -> Returned: 701
	[TornadoVM-PTX-JNI] ERROR : cuLaunchKernel -> Returned: 701
	[TornadoVM-PTX-JNI] ERROR : cuLaunchKernel -> Returned: 701
	[TornadoVM-PTX-JNI] ERROR : cuLaunchKernel -> Returned: 701
	[TornadoVM-PTX-JNI] ERROR : cuLaunchKernel -> Returned: 701
	[TornadoVM-PTX-JNI] ERROR : cuLaunchKernel -> Returned: 701
	[TornadoVM-PTX-JNI] ERROR : cuLaunchKernel -> Returned: 701
	[TornadoVM-PTX-JNI] ERROR : cuLaunchKernel -> Returned: 701
	[TornadoVM-PTX-JNI] ERROR : cuLaunchKernel -> Returned: 701
	[TornadoVM-PTX-JNI] ERROR : cuLaunchKernel -> Returned: 701
	[TornadoVM-PTX-JNI] ERROR : cuLaunchKernel -> Returned: 701
	[TornadoVM-PTX-JNI] ERROR : cuLaunchKernel -> Returned: 701
	[TornadoVM-PTX-JNI] ERROR : cuLaunchKernel -> Returned: 701
	[TornadoVM-PTX-JNI] ERROR : cuLaunchKernel -> Returned: 701
	[TornadoVM-PTX-JNI] ERROR : cuLaunchKernel -> Returned: 701
	[TornadoVM-PTX-JNI] ERROR : cuLaunchKernel -> Returned: 701
	[TornadoVM-PTX-JNI] ERROR : cuLaunchKernel -> Returned: 701
	[TornadoVM-PTX-JNI] ERROR : cuLaunchKernel -> Returned: 701
	[TornadoVM-PTX-JNI] ERROR : cuLaunchKernel -> Returned: 701
	[TornadoVM-PTX-JNI] ERROR : cuLaunchKernel -> Returned: 701
	[TornadoVM-PTX-JNI] ERROR : cuLaunchKernel -> Returned: 701
	[TornadoVM-PTX-JNI] ERROR : cuLaunchKernel -> Returned: 701
	[TornadoVM-PTX-JNI] ERROR : cuLaunchKernel -> Returned: 701
	[TornadoVM-PTX-JNI] ERROR : cuLaunchKernel -> Returned: 701
	[TornadoVM-PTX-JNI] ERROR : cuLaunchKernel -> Returned: 701
	[TornadoVM-PTX-JNI] ERROR : cuLaunchKernel -> Returned: 701
	[TornadoVM-PTX-JNI] ERROR : cuLaunchKernel -> Returned: 701
	[TornadoVM-PTX-JNI] ERROR : cuLaunchKernel -> Returned: 701
	[TornadoVM-PTX-JNI] ERROR : cuLaunchKernel -> Returned: 701
	[TornadoVM-PTX-JNI] ERROR : cuLaunchKernel -> Returned: 701
	[TornadoVM-PTX-JNI] ERROR : cuLaunchKernel -> Returned: 701
	[TornadoVM-PTX-JNI] ERROR : cuLaunchKernel -> Returned: 701
[GATHER] call=1000 totalDirty=0 maxThread=0 cumAvg=13.5 cumMaxPerThread=4
	[TornadoVM-PTX-JNI] ERROR : cuLaunchKernel -> Returned: 701
	[TornadoVM-PTX-JNI] ERROR : cuLaunchKernel -> Returned: 701
	[TornadoVM-PTX-JNI] ERROR : cuLaunchKernel -> Returned: 701
	[TornadoVM-PTX-JNI] ERROR : cuLaunchKernel -> Returned: 701
	[TornadoVM-PTX-JNI] ERROR : cuLaunchKernel -> Returned: 701
	[TornadoVM-PTX-JNI] ERROR : cuLaunchKernel -> Returned: 701
	[TornadoVM-PTX-JNI] ERROR : cuLaunchKernel -> Returned: 701
	[TornadoVM-PTX-JNI] ERROR : cuLaunchKernel -> Returned: 701
	[TornadoVM-PTX-JNI] ERROR : cuLaunchKernel -> Returned: 701
	[TornadoVM-PTX-JNI] ERROR : cuLaunchKernel -> Returned: 701
	[TornadoVM-PTX-JNI] ERROR : cuLaunchKernel -> Returned: 701
	[TornadoVM-PTX-JNI] ERROR : cuLaunchKernel -> Returned: 701
	[TornadoVM-PTX-JNI] ERROR : cuLaunchKernel -> Returned: 701
	[TornadoVM-PTX-JNI] ERROR : cuLaunchKernel -> Returned: 701
	[TornadoVM-PTX-JNI] ERROR : cuLaunchKernel -> Returned: 701
	[TornadoVM-PTX-JNI] ERROR : cuLaunchKernel -> Returned: 701
	[TornadoVM-PTX-JNI] ERROR : cuLaunchKernel -> Returned: 701
	[TornadoVM-PTX-JNI] ERROR : cuLaunchKernel -> Returned: 701
	[TornadoVM-PTX-JNI] ERROR : cuLaunchKernel -> Returned: 701
	[TornadoVM-PTX-JNI] ERROR : cuLaunchKernel -> Returned: 701
	[TornadoVM-PTX-JNI] ERROR : cuLaunchKernel -> Returned: 701
	[TornadoVM-PTX-JNI] ERROR : cuLaunchKernel -> Returned: 701
	[TornadoVM-PTX-JNI] ERROR : cuLaunchKernel -> Returned: 701
	[TornadoVM-PTX-JNI] ERROR : cuLaunchKernel -> Returned: 701
	[TornadoVM-PTX-JNI] ERROR : cuLaunchKernel -> Returned: 701
	[TornadoVM-PTX-JNI] ERROR : cuLaunchKernel -> Returned: 701
	[TornadoVM-PTX-JNI] ERROR : cuLaunchKernel -> Returned: 701
	[TornadoVM-PTX-JNI] ERROR : cuLaunchKernel -> Returned: 701
	[TornadoVM-PTX-JNI] ERROR : cuLaunchKernel -> Returned: 701
	[TornadoVM-PTX-JNI] ERROR : cuLaunchKernel -> Returned: 701
	[TornadoVM-PTX-JNI] ERROR : cuLaunchKernel -> Returned: 701
	[TornadoVM-PTX-JNI] ERROR : cuLaunchKernel -> Returned: 701
	[TornadoVM-PTX-JNI] ERROR : cuLaunchKernel -> Returned: 701
	[TornadoVM-PTX-JNI] ERROR : cuLaunchKernel -> Returned: 701
	[TornadoVM-PTX-JNI] ERROR : cuLaunchKernel -> Returned: 701
	[TornadoVM-PTX-JNI] ERROR : cuLaunchKernel -> Returned: 701
	[TornadoVM-PTX-JNI] ERROR : cuLaunchKernel -> Returned: 701
	[TornadoVM-PTX-JNI] ERROR : cuLaunchKernel -> Returned: 701
	[TornadoVM-PTX-JNI] ERROR : cuLaunchKernel -> Returned: 701
	[TornadoVM-PTX-JNI] ERROR : cuLaunchKernel -> Returned: 701
	[TornadoVM-PTX-JNI] ERROR : cuLaunchKernel -> Returned: 701
	[TornadoVM-PTX-JNI] ERROR : cuLaunchKernel -> Returned: 701
	[TornadoVM-PTX-JNI] ERROR : cuLaunchKernel -> Returned: 701
	[TornadoVM-PTX-JNI] ERROR : cuLaunchKernel -> Returned: 701
	[TornadoVM-PTX-JNI] ERROR : cuLaunchKernel -> Returned: 701
	[TornadoVM-PTX-JNI] ERROR : cuLaunchKernel -> Returned: 701
	[TornadoVM-PTX-JNI] ERROR : cuLaunchKernel -> Returned: 701
	[TornadoVM-PTX-JNI] ERROR : cuLaunchKernel -> Returned: 701
	[TornadoVM-PTX-JNI] ERROR : cuLaunchKernel -> Returned: 701
	[TornadoVM-PTX-JNI] ERROR : cuLaunchKernel -> Returned: 701
	[TornadoVM-PTX-JNI] ERROR : cuLaunchKernel -> Returned: 701
	[TornadoVM-PTX-JNI] ERROR : cuLaunchKernel -> Returned: 701
	[TornadoVM-PTX-JNI] ERROR : cuLaunchKernel -> Returned: 701
	[TornadoVM-PTX-JNI] ERROR : cuLaunchKernel -> Returned: 701
	[TornadoVM-PTX-JNI] ERROR : cuLaunchKernel -> Returned: 701
	[TornadoVM-PTX-JNI] ERROR : cuLaunchKernel -> Returned: 701
	[TornadoVM-PTX-JNI] ERROR : cuLaunchKernel -> Returned: 701
	[TornadoVM-PTX-JNI] ERROR : cuLaunchKernel -> Returned: 701
	[TornadoVM-PTX-JNI] ERROR : cuLaunchKernel -> Returned: 701
	[TornadoVM-PTX-JNI] ERROR : cuLaunchKernel -> Returned: 701
	[TornadoVM-PTX-JNI] ERROR : cuLaunchKernel -> Returned: 701
	[TornadoVM-PTX-JNI] ERROR : cuLaunchKernel -> Returned: 701
	[TornadoVM-PTX-JNI] ERROR : cuLaunchKernel -> Returned: 701
	[TornadoVM-PTX-JNI] ERROR : cuLaunchKernel -> Returned: 701
	[TornadoVM-PTX-JNI] ERROR : cuLaunchKernel -> Returned: 701
	[TornadoVM-PTX-JNI] ERROR : cuLaunchKernel -> Returned: 701
	[TornadoVM-PTX-JNI] ERROR : cuLaunchKernel -> Returned: 701
	[TornadoVM-PTX-JNI] ERROR : cuLaunchKernel -> Returned: 701
	[TornadoVM-PTX-JNI] ERROR : cuLaunchKernel -> Returned: 701
	[TornadoVM-PTX-JNI] ERROR : cuLaunchKernel -> Returned: 701
	[TornadoVM-PTX-JNI] ERROR : cuLaunchKernel -> Returned: 701
	[TornadoVM-PTX-JNI] ERROR : cuLaunchKernel -> Returned: 701
	[TornadoVM-PTX-JNI] ERROR : cuLaunchKernel -> Returned: 701
	[TornadoVM-PTX-JNI] ERROR : cuLaunchKernel -> Returned: 701
	[TornadoVM-PTX-JNI] ERROR : cuLaunchKernel -> Returned: 701
	[TornadoVM-PTX-JNI] ERROR : cuLaunchKernel -> Returned: 701
	[TornadoVM-PTX-JNI] ERROR : cuLaunchKernel -> Returned: 701
	[TornadoVM-PTX-JNI] ERROR : cuLaunchKernel -> Returned: 701
	[TornadoVM-PTX-JNI] ERROR : cuLaunchKernel -> Returned: 701
	[TornadoVM-PTX-JNI] ERROR : cuLaunchKernel -> Returned: 701
	[TornadoVM-PTX-JNI] ERROR : cuLaunchKernel -> Returned: 701
	[TornadoVM-PTX-JNI] ERROR : cuLaunchKernel -> Returned: 701
	[TornadoVM-PTX-JNI] ERROR : cuLaunchKernel -> Returned: 701
	[TornadoVM-PTX-JNI] ERROR : cuLaunchKernel -> Returned: 701
	[TornadoVM-PTX-JNI] ERROR : cuLaunchKernel -> Returned: 701
	[TornadoVM-PTX-JNI] ERROR : cuLaunchKernel -> Returned: 701
	[TornadoVM-PTX-JNI] ERROR : cuLaunchKernel -> Returned: 701
	[TornadoVM-PTX-JNI] ERROR : cuLaunchKernel -> Returned: 701
	[TornadoVM-PTX-JNI] ERROR : cuLaunchKernel -> Returned: 701
	[TornadoVM-PTX-JNI] ERROR : cuLaunchKernel -> Returned: 701
	[TornadoVM-PTX-JNI] ERROR : cuLaunchKernel -> Returned: 701
	[TornadoVM-PTX-JNI] ERROR : cuLaunchKernel -> Returned: 701
	[TornadoVM-PTX-JNI] ERROR : cuLaunchKernel -> Returned: 701
	[TornadoVM-PTX-JNI] ERROR : cuLaunchKernel -> Returned: 701
	[TornadoVM-PTX-JNI] ERROR : cuLaunchKernel -> Returned: 701
	[TornadoVM-PTX-JNI] ERROR : cuLaunchKernel -> Returned: 701
	[TornadoVM-PTX-JNI] ERROR : cuLaunchKernel -> Returned: 701
	[TornadoVM-PTX-JNI] ERROR : cuLaunchKernel -> Returned: 701
	[TornadoVM-PTX-JNI] ERROR : cuLaunchKernel -> Returned: 701
	[TornadoVM-PTX-JNI] ERROR : cuLaunchKernel -> Returned: 701
	[TornadoVM-PTX-JNI] ERROR : cuLaunchKernel -> Returned: 701
	[TornadoVM-PTX-JNI] ERROR : cuLaunchKernel -> Returned: 701
	[TornadoVM-PTX-JNI] ERROR : cuLaunchKernel -> Returned: 701
	[TornadoVM-PTX-JNI] ERROR : cuLaunchKernel -> Returned: 701
	[TornadoVM-PTX-JNI] ERROR : cuLaunchKernel -> Returned: 701
	[TornadoVM-PTX-JNI] ERROR : cuLaunchKernel -> Returned: 701
	[TornadoVM-PTX-JNI] ERROR : cuLaunchKernel -> Returned: 701
	[TornadoVM-PTX-JNI] ERROR : cuLaunchKernel -> Returned: 701
	[TornadoVM-PTX-JNI] ERROR : cuLaunchKernel -> Returned: 701
	[TornadoVM-PTX-JNI] ERROR : cuLaunchKernel -> Returned: 701
	[TornadoVM-PTX-JNI] ERROR : cuLaunchKernel -> Returned: 701
	[TornadoVM-PTX-JNI] ERROR : cuLaunchKernel -> Returned: 701
	[TornadoVM-PTX-JNI] ERROR : cuLaunchKernel -> Returned: 701
	[TornadoVM-PTX-JNI] ERROR : cuLaunchKernel -> Returned: 701
	[TornadoVM-PTX-JNI] ERROR : cuLaunchKernel -> Returned: 701
	[TornadoVM-PTX-JNI] ERROR : cuLaunchKernel -> Returned: 701
	[TornadoVM-PTX-JNI] ERROR : cuLaunchKernel -> Returned: 701
	[TornadoVM-PTX-JNI] ERROR : cuLaunchKernel -> Returned: 701
	[TornadoVM-PTX-JNI] ERROR : cuLaunchKernel -> Returned: 701
	[TornadoVM-PTX-JNI] ERROR : cuLaunchKernel -> Returned: 701
	[TornadoVM-PTX-JNI] ERROR : cuLaunchKernel -> Returned: 701
	[TornadoVM-PTX-JNI] ERROR : cuLaunchKernel -> Returned: 701
	[TornadoVM-PTX-JNI] ERROR : cuLaunchKernel -> Returned: 701
	[TornadoVM-PTX-JNI] ERROR : cuLaunchKernel -> Returned: 701
	[TornadoVM-PTX-JNI] ERROR : cuLaunchKernel -> Returned: 701
	[TornadoVM-PTX-JNI] ERROR : cuLaunchKernel -> Returned: 701
	[TornadoVM-PTX-JNI] ERROR : cuLaunchKernel -> Returned: 701
	[TornadoVM-PTX-JNI] ERROR : cuLaunchKernel -> Returned: 701
	[TornadoVM-PTX-JNI] ERROR : cuLaunchKernel -> Returned: 701
	[TornadoVM-PTX-JNI] ERROR : cuLaunchKernel -> Returned: 701
	[TornadoVM-PTX-JNI] ERROR : cuLaunchKernel -> Returned: 701
	[TornadoVM-PTX-JNI] ERROR : cuLaunchKernel -> Returned: 701
	[TornadoVM-PTX-JNI] ERROR : cuLaunchKernel -> Returned: 701
	[TornadoVM-PTX-JNI] ERROR : cuLaunchKernel -> Returned: 701
	[TornadoVM-PTX-JNI] ERROR : cuLaunchKernel -> Returned: 701
	[TornadoVM-PTX-JNI] ERROR : cuLaunchKernel -> Returned: 701
	[TornadoVM-PTX-JNI] ERROR : cuLaunchKernel -> Returned: 701
	[TornadoVM-PTX-JNI] ERROR : cuLaunchKernel -> Returned: 701
	[TornadoVM-PTX-JNI] ERROR : cuLaunchKernel -> Returned: 701
	[TornadoVM-PTX-JNI] ERROR : cuLaunchKernel -> Returned: 701
	[TornadoVM-PTX-JNI] ERROR : cuLaunchKernel -> Returned: 701
	[TornadoVM-PTX-JNI] ERROR : cuLaunchKernel -> Returned: 701
	[TornadoVM-PTX-JNI] ERROR : cuLaunchKernel -> Returned: 701
	[TornadoVM-PTX-JNI] ERROR : cuLaunchKernel -> Returned: 701
	[TornadoVM-PTX-JNI] ERROR : cuLaunchKernel -> Returned: 701
	[TornadoVM-PTX-JNI] ERROR : cuLaunchKernel -> Returned: 701
	[TornadoVM-PTX-JNI] ERROR : cuLaunchKernel -> Returned: 701
	[TornadoVM-PTX-JNI] ERROR : cuLaunchKernel -> Returned: 701
	[TornadoVM-PTX-JNI] ERROR : cuLaunchKernel -> Returned: 701
	[TornadoVM-PTX-JNI] ERROR : cuLaunchKernel -> Returned: 701
	[TornadoVM-PTX-JNI] ERROR : cuLaunchKernel -> Returned: 701
	[TornadoVM-PTX-JNI] ERROR : cuLaunchKernel -> Returned: 701
	[TornadoVM-PTX-JNI] ERROR : cuLaunchKernel -> Returned: 701
	[TornadoVM-PTX-JNI] ERROR : cuLaunchKernel -> Returned: 701
	[TornadoVM-PTX-JNI] ERROR : cuLaunchKernel -> Returned: 701
	[TornadoVM-PTX-JNI] ERROR : cuLaunchKernel -> Returned: 701
	[TornadoVM-PTX-JNI] ERROR : cuLaunchKernel -> Returned: 701
	[TornadoVM-PTX-JNI] ERROR : cuLaunchKernel -> Returned: 701
	[TornadoVM-PTX-JNI] ERROR : cuLaunchKernel -> Returned: 701
	[TornadoVM-PTX-JNI] ERROR : cuLaunchKernel -> Returned: 701
	[TornadoVM-PTX-JNI] ERROR : cuLaunchKernel -> Returned: 701
	[TornadoVM-PTX-JNI] ERROR : cuLaunchKernel -> Returned: 701
	[TornadoVM-PTX-JNI] ERROR : cuLaunchKernel -> Returned: 701
	[TornadoVM-PTX-JNI] ERROR : cuLaunchKernel -> Returned: 701
	[TornadoVM-PTX-JNI] ERROR : cuLaunchKernel -> Returned: 701
	[TornadoVM-PTX-JNI] ERROR : cuLaunchKernel -> Returned: 701
	[TornadoVM-PTX-JNI] ERROR : cuLaunchKernel -> Returned: 701
	[TornadoVM-PTX-JNI] ERROR : cuLaunchKernel -> Returned: 701
	[TornadoVM-PTX-JNI] ERROR : cuLaunchKernel -> Returned: 701
	[TornadoVM-PTX-JNI] ERROR : cuLaunchKernel -> Returned: 701
	[TornadoVM-PTX-JNI] ERROR : cuLaunchKernel -> Returned: 701
	[TornadoVM-PTX-JNI] ERROR : cuLaunchKernel -> Returned: 701
	[TornadoVM-PTX-JNI] ERROR : cuLaunchKernel -> Returned: 701
	[TornadoVM-PTX-JNI] ERROR : cuLaunchKernel -> Returned: 701
	[TornadoVM-PTX-JNI] ERROR : cuLaunchKernel -> Returned: 701
	[TornadoVM-PTX-JNI] ERROR : cuLaunchKernel -> Returned: 701
	[TornadoVM-PTX-JNI] ERROR : cuLaunchKernel -> Returned: 701
	[TornadoVM-PTX-JNI] ERROR : cuLaunchKernel -> Returned: 701
	[TornadoVM-PTX-JNI] ERROR : cuLaunchKernel -> Returned: 701
	[TornadoVM-PTX-JNI] ERROR : cuLaunchKernel -> Returned: 701
	[TornadoVM-PTX-JNI] ERROR : cuLaunchKernel -> Returned: 701
	[TornadoVM-PTX-JNI] ERROR : cuLaunchKernel -> Returned: 701
	[TornadoVM-PTX-JNI] ERROR : cuLaunchKernel -> Returned: 701
	[TornadoVM-PTX-JNI] ERROR : cuLaunchKernel -> Returned: 701
	[TornadoVM-PTX-JNI] ERROR : cuLaunchKernel -> Returned: 701
	[TornadoVM-PTX-JNI] ERROR : cuLaunchKernel -> Returned: 701
	[TornadoVM-PTX-JNI] ERROR : cuLaunchKernel -> Returned: 701
	[TornadoVM-PTX-JNI] ERROR : cuLaunchKernel -> Returned: 701
	[TornadoVM-PTX-JNI] ERROR : cuLaunchKernel -> Returned: 701
	[TornadoVM-PTX-JNI] ERROR : cuLaunchKernel -> Returned: 701
	[TornadoVM-PTX-JNI] ERROR : cuLaunchKernel -> Returned: 701
	[TornadoVM-PTX-JNI] ERROR : cuLaunchKernel -> Returned: 701
	[TornadoVM-PTX-JNI] ERROR : cuLaunchKernel -> Returned: 701
	[TornadoVM-PTX-JNI] ERROR : cuLaunchKernel -> Returned: 701
	[TornadoVM-PTX-JNI] ERROR : cuLaunchKernel -> Returned: 701
	[TornadoVM-PTX-JNI] ERROR : cuLaunchKernel -> Returned: 701
	[TornadoVM-PTX-JNI] ERROR : cuLaunchKernel -> Returned: 701
	[TornadoVM-PTX-JNI] ERROR : cuLaunchKernel -> Returned: 701
	[TornadoVM-PTX-JNI] ERROR : cuLaunchKernel -> Returned: 701
	[TornadoVM-PTX-JNI] ERROR : cuLaunchKernel -> Returned: 701
	[TornadoVM-PTX-JNI] ERROR : cuLaunchKernel -> Returned: 701
	[TornadoVM-PTX-JNI] ERROR : cuLaunchKernel -> Returned: 701
	[TornadoVM-PTX-JNI] ERROR : cuLaunchKernel -> Returned: 701
	[TornadoVM-PTX-JNI] ERROR : cuLaunchKernel -> Returned: 701
	[TornadoVM-PTX-JNI] ERROR : cuLaunchKernel -> Returned: 701
	[TornadoVM-PTX-JNI] ERROR : cuLaunchKernel -> Returned: 701
	[TornadoVM-PTX-JNI] ERROR : cuLaunchKernel -> Returned: 701
	[TornadoVM-PTX-JNI] ERROR : cuLaunchKernel -> Returned: 701
	[TornadoVM-PTX-JNI] ERROR : cuLaunchKernel -> Returned: 701
	[TornadoVM-PTX-JNI] ERROR : cuLaunchKernel -> Returned: 701
	[TornadoVM-PTX-JNI] ERROR : cuLaunchKernel -> Returned: 701
	[TornadoVM-PTX-JNI] ERROR : cuLaunchKernel -> Returned: 701
	[TornadoVM-PTX-JNI] ERROR : cuLaunchKernel -> Returned: 701
	[TornadoVM-PTX-JNI] ERROR : cuLaunchKernel -> Returned: 701
	[TornadoVM-PTX-JNI] ERROR : cuLaunchKernel -> Returned: 701
	[TornadoVM-PTX-JNI] ERROR : cuLaunchKernel -> Returned: 701
	[TornadoVM-PTX-JNI] ERROR : cuLaunchKernel -> Returned: 701
	[TornadoVM-PTX-JNI] ERROR : cuLaunchKernel -> Returned: 701
	[TornadoVM-PTX-JNI] ERROR : cuLaunchKernel -> Returned: 701
	[TornadoVM-PTX-JNI] ERROR : cuLaunchKernel -> Returned: 701
	[TornadoVM-PTX-JNI] ERROR : cuLaunchKernel -> Returned: 701
	[TornadoVM-PTX-JNI] ERROR : cuLaunchKernel -> Returned: 701
	[TornadoVM-PTX-JNI] ERROR : cuLaunchKernel -> Returned: 701
	[TornadoVM-PTX-JNI] ERROR : cuLaunchKernel -> Returned: 701
	[TornadoVM-PTX-JNI] ERROR : cuLaunchKernel -> Returned: 701
	[TornadoVM-PTX-JNI] ERROR : cuLaunchKernel -> Returned: 701
	[TornadoVM-PTX-JNI] ERROR : cuLaunchKernel -> Returned: 701
	[TornadoVM-PTX-JNI] ERROR : cuLaunchKernel -> Returned: 701
	[TornadoVM-PTX-JNI] ERROR : cuLaunchKernel -> Returned: 701
	[TornadoVM-PTX-JNI] ERROR : cuLaunchKernel -> Returned: 701
	[TornadoVM-PTX-JNI] ERROR : cuLaunchKernel -> Returned: 701
	[TornadoVM-PTX-JNI] ERROR : cuLaunchKernel -> Returned: 701
	[TornadoVM-PTX-JNI] ERROR : cuLaunchKernel -> Returned: 701
	[TornadoVM-PTX-JNI] ERROR : cuLaunchKernel -> Returned: 701
	[TornadoVM-PTX-JNI] ERROR : cuLaunchKernel -> Returned: 701
	[TornadoVM-PTX-JNI] ERROR : cuLaunchKernel -> Returned: 701
	[TornadoVM-PTX-JNI] ERROR : cuLaunchKernel -> Returned: 701
	[TornadoVM-PTX-JNI] ERROR : cuLaunchKernel -> Returned: 701
	[TornadoVM-PTX-JNI] ERROR : cuLaunchKernel -> Returned: 701
	[TornadoVM-PTX-JNI] ERROR : cuLaunchKernel -> Returned: 701
	[TornadoVM-PTX-JNI] ERROR : cuLaunchKernel -> Returned: 701
	[TornadoVM-PTX-JNI] ERROR : cuLaunchKernel -> Returned: 701
	[TornadoVM-PTX-JNI] ERROR : cuLaunchKernel -> Returned: 701
	[TornadoVM-PTX-JNI] ERROR : cuLaunchKernel -> Returned: 701
	[TornadoVM-PTX-JNI] ERROR : cuLaunchKernel -> Returned: 701
	[TornadoVM-PTX-JNI] ERROR : cuLaunchKernel -> Returned: 701
	[TornadoVM-PTX-JNI] ERROR : cuLaunchKernel -> Returned: 701
	[TornadoVM-PTX-JNI] ERROR : cuLaunchKernel -> Returned: 701
	[TornadoVM-PTX-JNI] ERROR : cuLaunchKernel -> Returned: 701
	[TornadoVM-PTX-JNI] ERROR : cuLaunchKernel -> Returned: 701
	[TornadoVM-PTX-JNI] ERROR : cuLaunchKernel -> Returned: 701
	[TornadoVM-PTX-JNI] ERROR : cuLaunchKernel -> Returned: 701
	[TornadoVM-PTX-JNI] ERROR : cuLaunchKernel -> Returned: 701
	[TornadoVM-PTX-JNI] ERROR : cuLaunchKernel -> Returned: 701
	[TornadoVM-PTX-JNI] ERROR : cuLaunchKernel -> Returned: 701
	[TornadoVM-PTX-JNI] ERROR : cuLaunchKernel -> Returned: 701
	[TornadoVM-PTX-JNI] ERROR : cuLaunchKernel -> Returned: 701
	[TornadoVM-PTX-JNI] ERROR : cuLaunchKernel -> Returned: 701
	[TornadoVM-PTX-JNI] ERROR : cuLaunchKernel -> Returned: 701
	[TornadoVM-PTX-JNI] ERROR : cuLaunchKernel -> Returned: 701
	[TornadoVM-PTX-JNI] ERROR : cuLaunchKernel -> Returned: 701
	[TornadoVM-PTX-JNI] ERROR : cuLaunchKernel -> Returned: 701
	[TornadoVM-PTX-JNI] ERROR : cuLaunchKernel -> Returned: 701
	[TornadoVM-PTX-JNI] ERROR : cuLaunchKernel -> Returned: 701
	[TornadoVM-PTX-JNI] ERROR : cuLaunchKernel -> Returned: 701
	[TornadoVM-PTX-JNI] ERROR : cuLaunchKernel -> Returned: 701
	[TornadoVM-PTX-JNI] ERROR : cuLaunchKernel -> Returned: 701
	[TornadoVM-PTX-JNI] ERROR : cuLaunchKernel -> Returned: 701
	[TornadoVM-PTX-JNI] ERROR : cuLaunchKernel -> Returned: 701
	[TornadoVM-PTX-JNI] ERROR : cuLaunchKernel -> Returned: 701
	[TornadoVM-PTX-JNI] ERROR : cuLaunchKernel -> Returned: 701
	[TornadoVM-PTX-JNI] ERROR : cuLaunchKernel -> Returned: 701
	[TornadoVM-PTX-JNI] ERROR : cuLaunchKernel -> Returned: 701
	[TornadoVM-PTX-JNI] ERROR : cuLaunchKernel -> Returned: 701
	[TornadoVM-PTX-JNI] ERROR : cuLaunchKernel -> Returned: 701
	[TornadoVM-PTX-JNI] ERROR : cuLaunchKernel -> Returned: 701
	[TornadoVM-PTX-JNI] ERROR : cuLaunchKernel -> Returned: 701
	[TornadoVM-PTX-JNI] ERROR : cuLaunchKernel -> Returned: 701
	[TornadoVM-PTX-JNI] ERROR : cuLaunchKernel -> Returned: 701
	[TornadoVM-PTX-JNI] ERROR : cuLaunchKernel -> Returned: 701
	[TornadoVM-PTX-JNI] ERROR : cuLaunchKernel -> Returned: 701
	[TornadoVM-PTX-JNI] ERROR : cuLaunchKernel -> Returned: 701
	[TornadoVM-PTX-JNI] ERROR : cuLaunchKernel -> Returned: 701
	[TornadoVM-PTX-JNI] ERROR : cuLaunchKernel -> Returned: 701
	[TornadoVM-PTX-JNI] ERROR : cuLaunchKernel -> Returned: 701
	[TornadoVM-PTX-JNI] ERROR : cuLaunchKernel -> Returned: 701
	[TornadoVM-PTX-JNI] ERROR : cuLaunchKernel -> Returned: 701
	[TornadoVM-PTX-JNI] ERROR : cuLaunchKernel -> Returned: 701
	[TornadoVM-PTX-JNI] ERROR : cuLaunchKernel -> Returned: 701
	[TornadoVM-PTX-JNI] ERROR : cuLaunchKernel -> Returned: 701
	[TornadoVM-PTX-JNI] ERROR : cuLaunchKernel -> Returned: 701
	[TornadoVM-PTX-JNI] ERROR : cuLaunchKernel -> Returned: 701
	[TornadoVM-PTX-JNI] ERROR : cuLaunchKernel -> Returned: 701
	[TornadoVM-PTX-JNI] ERROR : cuLaunchKernel -> Returned: 701
	[TornadoVM-PTX-JNI] ERROR : cuLaunchKernel -> Returned: 701
	[TornadoVM-PTX-JNI] ERROR : cuLaunchKernel -> Returned: 701
	[TornadoVM-PTX-JNI] ERROR : cuLaunchKernel -> Returned: 701
	[TornadoVM-PTX-JNI] ERROR : cuLaunchKernel -> Returned: 701
	[TornadoVM-PTX-JNI] ERROR : cuLaunchKernel -> Returned: 701
	[TornadoVM-PTX-JNI] ERROR : cuLaunchKernel -> Returned: 701
	[TornadoVM-PTX-JNI] ERROR : cuLaunchKernel -> Returned: 701
	[TornadoVM-PTX-JNI] ERROR : cuLaunchKernel -> Returned: 701
	[TornadoVM-PTX-JNI] ERROR : cuLaunchKernel -> Returned: 701
	[TornadoVM-PTX-JNI] ERROR : cuLaunchKernel -> Returned: 701
	[TornadoVM-PTX-JNI] ERROR : cuLaunchKernel -> Returned: 701
	[TornadoVM-PTX-JNI] ERROR : cuLaunchKernel -> Returned: 701
	[TornadoVM-PTX-JNI] ERROR : cuLaunchKernel -> Returned: 701
	[TornadoVM-PTX-JNI] ERROR : cuLaunchKernel -> Returned: 701
	[TornadoVM-PTX-JNI] ERROR : cuLaunchKernel -> Returned: 701
	[TornadoVM-PTX-JNI] ERROR : cuLaunchKernel -> Returned: 701
	[TornadoVM-PTX-JNI] ERROR : cuLaunchKernel -> Returned: 701
	[TornadoVM-PTX-JNI] ERROR : cuLaunchKernel -> Returned: 701
	[TornadoVM-PTX-JNI] ERROR : cuLaunchKernel -> Returned: 701
	[TornadoVM-PTX-JNI] ERROR : cuLaunchKernel -> Returned: 701
	[TornadoVM-PTX-JNI] ERROR : cuLaunchKernel -> Returned: 701
	[TornadoVM-PTX-JNI] ERROR : cuLaunchKernel -> Returned: 701
	[TornadoVM-PTX-JNI] ERROR : cuLaunchKernel -> Returned: 701
	[TornadoVM-PTX-JNI] ERROR : cuLaunchKernel -> Returned: 701
	[TornadoVM-PTX-JNI] ERROR : cuLaunchKernel -> Returned: 701
	[TornadoVM-PTX-JNI] ERROR : cuLaunchKernel -> Returned: 701
	[TornadoVM-PTX-JNI] ERROR : cuLaunchKernel -> Returned: 701
	[TornadoVM-PTX-JNI] ERROR : cuLaunchKernel -> Returned: 701
	[TornadoVM-PTX-JNI] ERROR : cuLaunchKernel -> Returned: 701
	[TornadoVM-PTX-JNI] ERROR : cuLaunchKernel -> Returned: 701
	[TornadoVM-PTX-JNI] ERROR : cuLaunchKernel -> Returned: 701
	[TornadoVM-PTX-JNI] ERROR : cuLaunchKernel -> Returned: 701
	[TornadoVM-PTX-JNI] ERROR : cuLaunchKernel -> Returned: 701
	[TornadoVM-PTX-JNI] ERROR : cuLaunchKernel -> Returned: 701
	[TornadoVM-PTX-JNI] ERROR : cuLaunchKernel -> Returned: 701
	[TornadoVM-PTX-JNI] ERROR : cuLaunchKernel -> Returned: 701
	[TornadoVM-PTX-JNI] ERROR : cuLaunchKernel -> Returned: 701
	[TornadoVM-PTX-JNI] ERROR : cuLaunchKernel -> Returned: 701
	[TornadoVM-PTX-JNI] ERROR : cuLaunchKernel -> Returned: 701
	[TornadoVM-PTX-JNI] ERROR : cuLaunchKernel -> Returned: 701
	[TornadoVM-PTX-JNI] ERROR : cuLaunchKernel -> Returned: 701
	[TornadoVM-PTX-JNI] ERROR : cuLaunchKernel -> Returned: 701
	[TornadoVM-PTX-JNI] ERROR : cuLaunchKernel -> Returned: 701
	[TornadoVM-PTX-JNI] ERROR : cuLaunchKernel -> Returned: 701
	[TornadoVM-PTX-JNI] ERROR : cuLaunchKernel -> Returned: 701
	[TornadoVM-PTX-JNI] ERROR : cuLaunchKernel -> Returned: 701
	[TornadoVM-PTX-JNI] ERROR : cuLaunchKernel -> Returned: 701
	[TornadoVM-PTX-JNI] ERROR : cuLaunchKernel -> Returned: 701
	[TornadoVM-PTX-JNI] ERROR : cuLaunchKernel -> Returned: 701
	[TornadoVM-PTX-JNI] ERROR : cuLaunchKernel -> Returned: 701
	[TornadoVM-PTX-JNI] ERROR : cuLaunchKernel -> Returned: 701
	[TornadoVM-PTX-JNI] ERROR : cuLaunchKernel -> Returned: 701
	[TornadoVM-PTX-JNI] ERROR : cuLaunchKernel -> Returned: 701
	[TornadoVM-PTX-JNI] ERROR : cuLaunchKernel -> Returned: 701
	[TornadoVM-PTX-JNI] ERROR : cuLaunchKernel -> Returned: 701
	[TornadoVM-PTX-JNI] ERROR : cuLaunchKernel -> Returned: 701
	[TornadoVM-PTX-JNI] ERROR : cuLaunchKernel -> Returned: 701
	[TornadoVM-PTX-JNI] ERROR : cuLaunchKernel -> Returned: 701
	[TornadoVM-PTX-JNI] ERROR : cuLaunchKernel -> Returned: 701
	[TornadoVM-PTX-JNI] ERROR : cuLaunchKernel -> Returned: 701
	[TornadoVM-PTX-JNI] ERROR : cuLaunchKernel -> Returned: 701
	[TornadoVM-PTX-JNI] ERROR : cuLaunchKernel -> Returned: 701
	[TornadoVM-PTX-JNI] ERROR : cuLaunchKernel -> Returned: 701
	[TornadoVM-PTX-JNI] ERROR : cuLaunchKernel -> Returned: 701
	[TornadoVM-PTX-JNI] ERROR : cuLaunchKernel -> Returned: 701
	[TornadoVM-PTX-JNI] ERROR : cuLaunchKernel -> Returned: 701
	[TornadoVM-PTX-JNI] ERROR : cuLaunchKernel -> Returned: 701
	[TornadoVM-PTX-JNI] ERROR : cuLaunchKernel -> Returned: 701
	[TornadoVM-PTX-JNI] ERROR : cuLaunchKernel -> Returned: 701
	[TornadoVM-PTX-JNI] ERROR : cuLaunchKernel -> Returned: 701
	[TornadoVM-PTX-JNI] ERROR : cuLaunchKernel -> Returned: 701
	[TornadoVM-PTX-JNI] ERROR : cuLaunchKernel -> Returned: 701
	[TornadoVM-PTX-JNI] ERROR : cuLaunchKernel -> Returned: 701
	[TornadoVM-PTX-JNI] ERROR : cuLaunchKernel -> Returned: 701
	[TornadoVM-PTX-JNI] ERROR : cuLaunchKernel -> Returned: 701
	[TornadoVM-PTX-JNI] ERROR : cuLaunchKernel -> Returned: 701
	[TornadoVM-PTX-JNI] ERROR : cuLaunchKernel -> Returned: 701
	[TornadoVM-PTX-JNI] ERROR : cuLaunchKernel -> Returned: 701
	[TornadoVM-PTX-JNI] ERROR : cuLaunchKernel -> Returned: 701
	[TornadoVM-PTX-JNI] ERROR : cuLaunchKernel -> Returned: 701
	[TornadoVM-PTX-JNI] ERROR : cuLaunchKernel -> Returned: 701
	[TornadoVM-PTX-JNI] ERROR : cuLaunchKernel -> Returned: 701
	[TornadoVM-PTX-JNI] ERROR : cuLaunchKernel -> Returned: 701
	[TornadoVM-PTX-JNI] ERROR : cuLaunchKernel -> Returned: 701
	[TornadoVM-PTX-JNI] ERROR : cuLaunchKernel -> Returned: 701
	[TornadoVM-PTX-JNI] ERROR : cuLaunchKernel -> Returned: 701
	[TornadoVM-PTX-JNI] ERROR : cuLaunchKernel -> Returned: 701
	[TornadoVM-PTX-JNI] ERROR : cuLaunchKernel -> Returned: 701
	[TornadoVM-PTX-JNI] ERROR : cuLaunchKernel -> Returned: 701
	[TornadoVM-PTX-JNI] ERROR : cuLaunchKernel -> Returned: 701
	[TornadoVM-PTX-JNI] ERROR : cuLaunchKernel -> Returned: 701
	[TornadoVM-PTX-JNI] ERROR : cuLaunchKernel -> Returned: 701
	[TornadoVM-PTX-JNI] ERROR : cuLaunchKernel -> Returned: 701
	[TornadoVM-PTX-JNI] ERROR : cuLaunchKernel -> Returned: 701
	[TornadoVM-PTX-JNI] ERROR : cuLaunchKernel -> Returned: 701
	[TornadoVM-PTX-JNI] ERROR : cuLaunchKernel -> Returned: 701
	[TornadoVM-PTX-JNI] ERROR : cuLaunchKernel -> Returned: 701
	[TornadoVM-PTX-JNI] ERROR : cuLaunchKernel -> Returned: 701
	[TornadoVM-PTX-JNI] ERROR : cuLaunchKernel -> Returned: 701
	[TornadoVM-PTX-JNI] ERROR : cuLaunchKernel -> Returned: 701
	[TornadoVM-PTX-JNI] ERROR : cuLaunchKernel -> Returned: 701
	[TornadoVM-PTX-JNI] ERROR : cuLaunchKernel -> Returned: 701
	[TornadoVM-PTX-JNI] ERROR : cuLaunchKernel -> Returned: 701
	[TornadoVM-PTX-JNI] ERROR : cuLaunchKernel -> Returned: 701
	[TornadoVM-PTX-JNI] ERROR : cuLaunchKernel -> Returned: 701
	[TornadoVM-PTX-JNI] ERROR : cuLaunchKernel -> Returned: 701
	[TornadoVM-PTX-JNI] ERROR : cuLaunchKernel -> Returned: 701
	[TornadoVM-PTX-JNI] ERROR : cuLaunchKernel -> Returned: 701
	[TornadoVM-PTX-JNI] ERROR : cuLaunchKernel -> Returned: 701
	[TornadoVM-PTX-JNI] ERROR : cuLaunchKernel -> Returned: 701
	[TornadoVM-PTX-JNI] ERROR : cuLaunchKernel -> Returned: 701
	[TornadoVM-PTX-JNI] ERROR : cuLaunchKernel -> Returned: 701
	[TornadoVM-PTX-JNI] ERROR : cuLaunchKernel -> Returned: 701
	[TornadoVM-PTX-JNI] ERROR : cuLaunchKernel -> Returned: 701
	[TornadoVM-PTX-JNI] ERROR : cuLaunchKernel -> Returned: 701
	[TornadoVM-PTX-JNI] ERROR : cuLaunchKernel -> Returned: 701
	[TornadoVM-PTX-JNI] ERROR : cuLaunchKernel -> Returned: 701
	[TornadoVM-PTX-JNI] ERROR : cuLaunchKernel -> Returned: 701
	[TornadoVM-PTX-JNI] ERROR : cuLaunchKernel -> Returned: 701
	[TornadoVM-PTX-JNI] ERROR : cuLaunchKernel -> Returned: 701
	[TornadoVM-PTX-JNI] ERROR : cuLaunchKernel -> Returned: 701
	[TornadoVM-PTX-JNI] ERROR : cuLaunchKernel -> Returned: 701
	[TornadoVM-PTX-JNI] ERROR : cuLaunchKernel -> Returned: 701
	[TornadoVM-PTX-JNI] ERROR : cuLaunchKernel -> Returned: 701
	[TornadoVM-PTX-JNI] ERROR : cuLaunchKernel -> Returned: 701
	[TornadoVM-PTX-JNI] ERROR : cuLaunchKernel -> Returned: 701
	[TornadoVM-PTX-JNI] ERROR : cuLaunchKernel -> Returned: 701
	[TornadoVM-PTX-JNI] ERROR : cuLaunchKernel -> Returned: 701
	[TornadoVM-PTX-JNI] ERROR : cuLaunchKernel -> Returned: 701
	[TornadoVM-PTX-JNI] ERROR : cuLaunchKernel -> Returned: 701
	[TornadoVM-PTX-JNI] ERROR : cuLaunchKernel -> Returned: 701
	[TornadoVM-PTX-JNI] ERROR : cuLaunchKernel -> Returned: 701
	[TornadoVM-PTX-JNI] ERROR : cuLaunchKernel -> Returned: 701
	[TornadoVM-PTX-JNI] ERROR : cuLaunchKernel -> Returned: 701
	[TornadoVM-PTX-JNI] ERROR : cuLaunchKernel -> Returned: 701
	[TornadoVM-PTX-JNI] ERROR : cuLaunchKernel -> Returned: 701
	[TornadoVM-PTX-JNI] ERROR : cuLaunchKernel -> Returned: 701
	[TornadoVM-PTX-JNI] ERROR : cuLaunchKernel -> Returned: 701
	[TornadoVM-PTX-JNI] ERROR : cuLaunchKernel -> Returned: 701
	[TornadoVM-PTX-JNI] ERROR : cuLaunchKernel -> Returned: 701
	[TornadoVM-PTX-JNI] ERROR : cuLaunchKernel -> Returned: 701
	[TornadoVM-PTX-JNI] ERROR : cuLaunchKernel -> Returned: 701
	[TornadoVM-PTX-JNI] ERROR : cuLaunchKernel -> Returned: 701
	[TornadoVM-PTX-JNI] ERROR : cuLaunchKernel -> Returned: 701
	[TornadoVM-PTX-JNI] ERROR : cuLaunchKernel -> Returned: 701
	[TornadoVM-PTX-JNI] ERROR : cuLaunchKernel -> Returned: 701
	[TornadoVM-PTX-JNI] ERROR : cuLaunchKernel -> Returned: 701
	[TornadoVM-PTX-JNI] ERROR : cuLaunchKernel -> Returned: 701
	[TornadoVM-PTX-JNI] ERROR : cuLaunchKernel -> Returned: 701
	[TornadoVM-PTX-JNI] ERROR : cuLaunchKernel -> Returned: 701
	[TornadoVM-PTX-JNI] ERROR : cuLaunchKernel -> Returned: 701
	[TornadoVM-PTX-JNI] ERROR : cuLaunchKernel -> Returned: 701
	[TornadoVM-PTX-JNI] ERROR : cuLaunchKernel -> Returned: 701
	[TornadoVM-PTX-JNI] ERROR : cuLaunchKernel -> Returned: 701
	[TornadoVM-PTX-JNI] ERROR : cuLaunchKernel -> Returned: 701
	[TornadoVM-PTX-JNI] ERROR : cuLaunchKernel -> Returned: 701
	[TornadoVM-PTX-JNI] ERROR : cuLaunchKernel -> Returned: 701
	[TornadoVM-PTX-JNI] ERROR : cuLaunchKernel -> Returned: 701
	[TornadoVM-PTX-JNI] ERROR : cuLaunchKernel -> Returned: 701
	[TornadoVM-PTX-JNI] ERROR : cuLaunchKernel -> Returned: 701
	[TornadoVM-PTX-JNI] ERROR : cuLaunchKernel -> Returned: 701
	[TornadoVM-PTX-JNI] ERROR : cuLaunchKernel -> Returned: 701
	[TornadoVM-PTX-JNI] ERROR : cuLaunchKernel -> Returned: 701
	[TornadoVM-PTX-JNI] ERROR : cuLaunchKernel -> Returned: 701
	[TornadoVM-PTX-JNI] ERROR : cuLaunchKernel -> Returned: 701
	[TornadoVM-PTX-JNI] ERROR : cuLaunchKernel -> Returned: 701
	[TornadoVM-PTX-JNI] ERROR : cuLaunchKernel -> Returned: 701
	[TornadoVM-PTX-JNI] ERROR : cuLaunchKernel -> Returned: 701
	[TornadoVM-PTX-JNI] ERROR : cuLaunchKernel -> Returned: 701
	[TornadoVM-PTX-JNI] ERROR : cuLaunchKernel -> Returned: 701
	[TornadoVM-PTX-JNI] ERROR : cuLaunchKernel -> Returned: 701
	[TornadoVM-PTX-JNI] ERROR : cuLaunchKernel -> Returned: 701
	[TornadoVM-PTX-JNI] ERROR : cuLaunchKernel -> Returned: 701
	[TornadoVM-PTX-JNI] ERROR : cuLaunchKernel -> Returned: 701
	[TornadoVM-PTX-JNI] ERROR : cuLaunchKernel -> Returned: 701
	[TornadoVM-PTX-JNI] ERROR : cuLaunchKernel -> Returned: 701
	[TornadoVM-PTX-JNI] ERROR : cuLaunchKernel -> Returned: 701
	[TornadoVM-PTX-JNI] ERROR : cuLaunchKernel -> Returned: 701
	[TornadoVM-PTX-JNI] ERROR : cuLaunchKernel -> Returned: 701
	[TornadoVM-PTX-JNI] ERROR : cuLaunchKernel -> Returned: 701
	[TornadoVM-PTX-JNI] ERROR : cuLaunchKernel -> Returned: 701
	[TornadoVM-PTX-JNI] ERROR : cuLaunchKernel -> Returned: 701
	[TornadoVM-PTX-JNI] ERROR : cuLaunchKernel -> Returned: 701
	[TornadoVM-PTX-JNI] ERROR : cuLaunchKernel -> Returned: 701
	[TornadoVM-PTX-JNI] ERROR : cuLaunchKernel -> Returned: 701
	[TornadoVM-PTX-JNI] ERROR : cuLaunchKernel -> Returned: 701
	[TornadoVM-PTX-JNI] ERROR : cuLaunchKernel -> Returned: 701
	[TornadoVM-PTX-JNI] ERROR : cuLaunchKernel -> Returned: 701
	[TornadoVM-PTX-JNI] ERROR : cuLaunchKernel -> Returned: 701
	[TornadoVM-PTX-JNI] ERROR : cuLaunchKernel -> Returned: 701
	[TornadoVM-PTX-JNI] ERROR : cuLaunchKernel -> Returned: 701
	[TornadoVM-PTX-JNI] ERROR : cuLaunchKernel -> Returned: 701
	[TornadoVM-PTX-JNI] ERROR : cuLaunchKernel -> Returned: 701
	[TornadoVM-PTX-JNI] ERROR : cuLaunchKernel -> Returned: 701
	[TornadoVM-PTX-JNI] ERROR : cuLaunchKernel -> Returned: 701
	[TornadoVM-PTX-JNI] ERROR : cuLaunchKernel -> Returned: 701
	[TornadoVM-PTX-JNI] ERROR : cuLaunchKernel -> Returned: 701
	[TornadoVM-PTX-JNI] ERROR : cuLaunchKernel -> Returned: 701
	[TornadoVM-PTX-JNI] ERROR : cuLaunchKernel -> Returned: 701
	[TornadoVM-PTX-JNI] ERROR : cuLaunchKernel -> Returned: 701
	[TornadoVM-PTX-JNI] ERROR : cuLaunchKernel -> Returned: 701
	[TornadoVM-PTX-JNI] ERROR : cuLaunchKernel -> Returned: 701
	[TornadoVM-PTX-JNI] ERROR : cuLaunchKernel -> Returned: 701
	[TornadoVM-PTX-JNI] ERROR : cuLaunchKernel -> Returned: 701
	[TornadoVM-PTX-JNI] ERROR : cuLaunchKernel -> Returned: 701
	[TornadoVM-PTX-JNI] ERROR : cuLaunchKernel -> Returned: 701
[GATHER] call=2000 totalDirty=0 maxThread=0 cumAvg=13.5 cumMaxPerThread=4
	[TornadoVM-PTX-JNI] ERROR : cuLaunchKernel -> Returned: 701
	[TornadoVM-PTX-JNI] ERROR : cuLaunchKernel -> Returned: 701
	[TornadoVM-PTX-JNI] ERROR : cuLaunchKernel -> Returned: 701
	[TornadoVM-PTX-JNI] ERROR : cuLaunchKernel -> Returned: 701
	[TornadoVM-PTX-JNI] ERROR : cuLaunchKernel -> Returned: 701
	[TornadoVM-PTX-JNI] ERROR : cuLaunchKernel -> Returned: 701
	[TornadoVM-PTX-JNI] ERROR : cuLaunchKernel -> Returned: 701
	[TornadoVM-PTX-JNI] ERROR : cuLaunchKernel -> Returned: 701
	[TornadoVM-PTX-JNI] ERROR : cuLaunchKernel -> Returned: 701
	[TornadoVM-PTX-JNI] ERROR : cuLaunchKernel -> Returned: 701
	[TornadoVM-PTX-JNI] ERROR : cuLaunchKernel -> Returned: 701
	[TornadoVM-PTX-JNI] ERROR : cuLaunchKernel -> Returned: 701
	[TornadoVM-PTX-JNI] ERROR : cuLaunchKernel -> Returned: 701
	[TornadoVM-PTX-JNI] ERROR : cuLaunchKernel -> Returned: 701
	[TornadoVM-PTX-JNI] ERROR : cuLaunchKernel -> Returned: 701
	[TornadoVM-PTX-JNI] ERROR : cuLaunchKernel -> Returned: 701
	[TornadoVM-PTX-JNI] ERROR : cuLaunchKernel -> Returned: 701
	[TornadoVM-PTX-JNI] ERROR : cuLaunchKernel -> Returned: 701
	[TornadoVM-PTX-JNI] ERROR : cuLaunchKernel -> Returned: 701
	[TornadoVM-PTX-JNI] ERROR : cuLaunchKernel -> Returned: 701
	[TornadoVM-PTX-JNI] ERROR : cuLaunchKernel -> Returned: 701
	[TornadoVM-PTX-JNI] ERROR : cuLaunchKernel -> Returned: 701
	[TornadoVM-PTX-JNI] ERROR : cuLaunchKernel -> Returned: 701
	[TornadoVM-PTX-JNI] ERROR : cuLaunchKernel -> Returned: 701
	[TornadoVM-PTX-JNI] ERROR : cuLaunchKernel -> Returned: 701
	[TornadoVM-PTX-JNI] ERROR : cuLaunchKernel -> Returned: 701
	[TornadoVM-PTX-JNI] ERROR : cuLaunchKernel -> Returned: 701
	[TornadoVM-PTX-JNI] ERROR : cuLaunchKernel -> Returned: 701
	[TornadoVM-PTX-JNI] ERROR : cuLaunchKernel -> Returned: 701
	[TornadoVM-PTX-JNI] ERROR : cuLaunchKernel -> Returned: 701
	[TornadoVM-PTX-JNI] ERROR : cuLaunchKernel -> Returned: 701
	[TornadoVM-PTX-JNI] ERROR : cuLaunchKernel -> Returned: 701
	[TornadoVM-PTX-JNI] ERROR : cuLaunchKernel -> Returned: 701
	[TornadoVM-PTX-JNI] ERROR : cuLaunchKernel -> Returned: 701
	[TornadoVM-PTX-JNI] ERROR : cuLaunchKernel -> Returned: 701
	[TornadoVM-PTX-JNI] ERROR : cuLaunchKernel -> Returned: 701
	[TornadoVM-PTX-JNI] ERROR : cuLaunchKernel -> Returned: 701
	[TornadoVM-PTX-JNI] ERROR : cuLaunchKernel -> Returned: 701
	[TornadoVM-PTX-JNI] ERROR : cuLaunchKernel -> Returned: 701
	[TornadoVM-PTX-JNI] ERROR : cuLaunchKernel -> Returned: 701
	[TornadoVM-PTX-JNI] ERROR : cuLaunchKernel -> Returned: 701
	[TornadoVM-PTX-JNI] ERROR : cuLaunchKernel -> Returned: 701
	[TornadoVM-PTX-JNI] ERROR : cuLaunchKernel -> Returned: 701
	[TornadoVM-PTX-JNI] ERROR : cuLaunchKernel -> Returned: 701
	[TornadoVM-PTX-JNI] ERROR : cuLaunchKernel -> Returned: 701
	[TornadoVM-PTX-JNI] ERROR : cuLaunchKernel -> Returned: 701
	[TornadoVM-PTX-JNI] ERROR : cuLaunchKernel -> Returned: 701
	[TornadoVM-PTX-JNI] ERROR : cuLaunchKernel -> Returned: 701
	[TornadoVM-PTX-JNI] ERROR : cuLaunchKernel -> Returned: 701
	[TornadoVM-PTX-JNI] ERROR : cuLaunchKernel -> Returned: 701
	[TornadoVM-PTX-JNI] ERROR : cuLaunchKernel -> Returned: 701
	[TornadoVM-PTX-JNI] ERROR : cuLaunchKernel -> Returned: 701
	[TornadoVM-PTX-JNI] ERROR : cuLaunchKernel -> Returned: 701
	[TornadoVM-PTX-JNI] ERROR : cuLaunchKernel -> Returned: 701
	[TornadoVM-PTX-JNI] ERROR : cuLaunchKernel -> Returned: 701
	[TornadoVM-PTX-JNI] ERROR : cuLaunchKernel -> Returned: 701
	[TornadoVM-PTX-JNI] ERROR : cuLaunchKernel -> Returned: 701
	[TornadoVM-PTX-JNI] ERROR : cuLaunchKernel -> Returned: 701
	[TornadoVM-PTX-JNI] ERROR : cuLaunchKernel -> Returned: 701
	[TornadoVM-PTX-JNI] ERROR : cuLaunchKernel -> Returned: 701
	[TornadoVM-PTX-JNI] ERROR : cuLaunchKernel -> Returned: 701
	[TornadoVM-PTX-JNI] ERROR : cuLaunchKernel -> Returned: 701
	[TornadoVM-PTX-JNI] ERROR : cuLaunchKernel -> Returned: 701
	[TornadoVM-PTX-JNI] ERROR : cuLaunchKernel -> Returned: 701
	[TornadoVM-PTX-JNI] ERROR : cuLaunchKernel -> Returned: 701
	[TornadoVM-PTX-JNI] ERROR : cuLaunchKernel -> Returned: 701
	[TornadoVM-PTX-JNI] ERROR : cuLaunchKernel -> Returned: 701
	[TornadoVM-PTX-JNI] ERROR : cuLaunchKernel -> Returned: 701
	[TornadoVM-PTX-JNI] ERROR : cuLaunchKernel -> Returned: 701
	[TornadoVM-PTX-JNI] ERROR : cuLaunchKernel -> Returned: 701
	[TornadoVM-PTX-JNI] ERROR : cuLaunchKernel -> Returned: 701
	[TornadoVM-PTX-JNI] ERROR : cuLaunchKernel -> Returned: 701
	[TornadoVM-PTX-JNI] ERROR : cuLaunchKernel -> Returned: 701
	[TornadoVM-PTX-JNI] ERROR : cuLaunchKernel -> Returned: 701
	[TornadoVM-PTX-JNI] ERROR : cuLaunchKernel -> Returned: 701
	[TornadoVM-PTX-JNI] ERROR : cuLaunchKernel -> Returned: 701
	[TornadoVM-PTX-JNI] ERROR : cuLaunchKernel -> Returned: 701
	[TornadoVM-PTX-JNI] ERROR : cuLaunchKernel -> Returned: 701
	[TornadoVM-PTX-JNI] ERROR : cuLaunchKernel -> Returned: 701
	[TornadoVM-PTX-JNI] ERROR : cuLaunchKernel -> Returned: 701
	[TornadoVM-PTX-JNI] ERROR : cuLaunchKernel -> Returned: 701
	[TornadoVM-PTX-JNI] ERROR : cuLaunchKernel -> Returned: 701
	[TornadoVM-PTX-JNI] ERROR : cuLaunchKernel -> Returned: 701
	[TornadoVM-PTX-JNI] ERROR : cuLaunchKernel -> Returned: 701
	[TornadoVM-PTX-JNI] ERROR : cuLaunchKernel -> Returned: 701
	[TornadoVM-PTX-JNI] ERROR : cuLaunchKernel -> Returned: 701
	[TornadoVM-PTX-JNI] ERROR : cuLaunchKernel -> Returned: 701
	[TornadoVM-PTX-JNI] ERROR : cuLaunchKernel -> Returned: 701
	[TornadoVM-PTX-JNI] ERROR : cuLaunchKernel -> Returned: 701
	[TornadoVM-PTX-JNI] ERROR : cuLaunchKernel -> Returned: 701
	[TornadoVM-PTX-JNI] ERROR : cuLaunchKernel -> Returned: 701
	[TornadoVM-PTX-JNI] ERROR : cuLaunchKernel -> Returned: 701
	[TornadoVM-PTX-JNI] ERROR : cuLaunchKernel -> Returned: 701
	[TornadoVM-PTX-JNI] ERROR : cuLaunchKernel -> Returned: 701
	[TornadoVM-PTX-JNI] ERROR : cuLaunchKernel -> Returned: 701
	[TornadoVM-PTX-JNI] ERROR : cuLaunchKernel -> Returned: 701
	[TornadoVM-PTX-JNI] ERROR : cuLaunchKernel -> Returned: 701
	[TornadoVM-PTX-JNI] ERROR : cuLaunchKernel -> Returned: 701
	[TornadoVM-PTX-JNI] ERROR : cuLaunchKernel -> Returned: 701
	[TornadoVM-PTX-JNI] ERROR : cuLaunchKernel -> Returned: 701
	[TornadoVM-PTX-JNI] ERROR : cuLaunchKernel -> Returned: 701
	[TornadoVM-PTX-JNI] ERROR : cuLaunchKernel -> Returned: 701
	[TornadoVM-PTX-JNI] ERROR : cuLaunchKernel -> Returned: 701
	[TornadoVM-PTX-JNI] ERROR : cuLaunchKernel -> Returned: 701
	[TornadoVM-PTX-JNI] ERROR : cuLaunchKernel -> Returned: 701
	[TornadoVM-PTX-JNI] ERROR : cuLaunchKernel -> Returned: 701
	[TornadoVM-PTX-JNI] ERROR : cuLaunchKernel -> Returned: 701
	[TornadoVM-PTX-JNI] ERROR : cuLaunchKernel -> Returned: 701
	[TornadoVM-PTX-JNI] ERROR : cuLaunchKernel -> Returned: 701
	[TornadoVM-PTX-JNI] ERROR : cuLaunchKernel -> Returned: 701
	[TornadoVM-PTX-JNI] ERROR : cuLaunchKernel -> Returned: 701
	[TornadoVM-PTX-JNI] ERROR : cuLaunchKernel -> Returned: 701
	[TornadoVM-PTX-JNI] ERROR : cuLaunchKernel -> Returned: 701
	[TornadoVM-PTX-JNI] ERROR : cuLaunchKernel -> Returned: 701
	[TornadoVM-PTX-JNI] ERROR : cuLaunchKernel -> Returned: 701
	[TornadoVM-PTX-JNI] ERROR : cuLaunchKernel -> Returned: 701
	[TornadoVM-PTX-JNI] ERROR : cuLaunchKernel -> Returned: 701
	[TornadoVM-PTX-JNI] ERROR : cuLaunchKernel -> Returned: 701
	[TornadoVM-PTX-JNI] ERROR : cuLaunchKernel -> Returned: 701
	[TornadoVM-PTX-JNI] ERROR : cuLaunchKernel -> Returned: 701
	[TornadoVM-PTX-JNI] ERROR : cuLaunchKernel -> Returned: 701
	[TornadoVM-PTX-JNI] ERROR : cuLaunchKernel -> Returned: 701
	[TornadoVM-PTX-JNI] ERROR : cuLaunchKernel -> Returned: 701
	[TornadoVM-PTX-JNI] ERROR : cuLaunchKernel -> Returned: 701
	[TornadoVM-PTX-JNI] ERROR : cuLaunchKernel -> Returned: 701
	[TornadoVM-PTX-JNI] ERROR : cuLaunchKernel -> Returned: 701
	[TornadoVM-PTX-JNI] ERROR : cuLaunchKernel -> Returned: 701
	[TornadoVM-PTX-JNI] ERROR : cuLaunchKernel -> Returned: 701
	[TornadoVM-PTX-JNI] ERROR : cuLaunchKernel -> Returned: 701
	[TornadoVM-PTX-JNI] ERROR : cuLaunchKernel -> Returned: 701
	[TornadoVM-PTX-JNI] ERROR : cuLaunchKernel -> Returned: 701
	[TornadoVM-PTX-JNI] ERROR : cuLaunchKernel -> Returned: 701
	[TornadoVM-PTX-JNI] ERROR : cuLaunchKernel -> Returned: 701
	[TornadoVM-PTX-JNI] ERROR : cuLaunchKernel -> Returned: 701
	[TornadoVM-PTX-JNI] ERROR : cuLaunchKernel -> Returned: 701
	[TornadoVM-PTX-JNI] ERROR : cuLaunchKernel -> Returned: 701
	[TornadoVM-PTX-JNI] ERROR : cuLaunchKernel -> Returned: 701
	[TornadoVM-PTX-JNI] ERROR : cuLaunchKernel -> Returned: 701
	[TornadoVM-PTX-JNI] ERROR : cuLaunchKernel -> Returned: 701
	[TornadoVM-PTX-JNI] ERROR : cuLaunchKernel -> Returned: 701
	[TornadoVM-PTX-JNI] ERROR : cuLaunchKernel -> Returned: 701
	[TornadoVM-PTX-JNI] ERROR : cuLaunchKernel -> Returned: 701
	[TornadoVM-PTX-JNI] ERROR : cuLaunchKernel -> Returned: 701
	[TornadoVM-PTX-JNI] ERROR : cuLaunchKernel -> Returned: 701
	[TornadoVM-PTX-JNI] ERROR : cuLaunchKernel -> Returned: 701
	[TornadoVM-PTX-JNI] ERROR : cuLaunchKernel -> Returned: 701
	[TornadoVM-PTX-JNI] ERROR : cuLaunchKernel -> Returned: 701
	[TornadoVM-PTX-JNI] ERROR : cuLaunchKernel -> Returned: 701
	[TornadoVM-PTX-JNI] ERROR : cuLaunchKernel -> Returned: 701
	[TornadoVM-PTX-JNI] ERROR : cuLaunchKernel -> Returned: 701
	[TornadoVM-PTX-JNI] ERROR : cuLaunchKernel -> Returned: 701
	[TornadoVM-PTX-JNI] ERROR : cuLaunchKernel -> Returned: 701
	[TornadoVM-PTX-JNI] ERROR : cuLaunchKernel -> Returned: 701
	[TornadoVM-PTX-JNI] ERROR : cuLaunchKernel -> Returned: 701
	[TornadoVM-PTX-JNI] ERROR : cuLaunchKernel -> Returned: 701
	[TornadoVM-PTX-JNI] ERROR : cuLaunchKernel -> Returned: 701
	[TornadoVM-PTX-JNI] ERROR : cuLaunchKernel -> Returned: 701
	[TornadoVM-PTX-JNI] ERROR : cuLaunchKernel -> Returned: 701
	[TornadoVM-PTX-JNI] ERROR : cuLaunchKernel -> Returned: 701
	[TornadoVM-PTX-JNI] ERROR : cuLaunchKernel -> Returned: 701
	[TornadoVM-PTX-JNI] ERROR : cuLaunchKernel -> Returned: 701
	[TornadoVM-PTX-JNI] ERROR : cuLaunchKernel -> Returned: 701
	[TornadoVM-PTX-JNI] ERROR : cuLaunchKernel -> Returned: 701
	[TornadoVM-PTX-JNI] ERROR : cuLaunchKernel -> Returned: 701
	[TornadoVM-PTX-JNI] ERROR : cuLaunchKernel -> Returned: 701
	[TornadoVM-PTX-JNI] ERROR : cuLaunchKernel -> Returned: 701
	[TornadoVM-PTX-JNI] ERROR : cuLaunchKernel -> Returned: 701
	[TornadoVM-PTX-JNI] ERROR : cuLaunchKernel -> Returned: 701
	[TornadoVM-PTX-JNI] ERROR : cuLaunchKernel -> Returned: 701
	[TornadoVM-PTX-JNI] ERROR : cuLaunchKernel -> Returned: 701
	[TornadoVM-PTX-JNI] ERROR : cuLaunchKernel -> Returned: 701
	[TornadoVM-PTX-JNI] ERROR : cuLaunchKernel -> Returned: 701
	[TornadoVM-PTX-JNI] ERROR : cuLaunchKernel -> Returned: 701
	[TornadoVM-PTX-JNI] ERROR : cuLaunchKernel -> Returned: 701
	[TornadoVM-PTX-JNI] ERROR : cuLaunchKernel -> Returned: 701
	[TornadoVM-PTX-JNI] ERROR : cuLaunchKernel -> Returned: 701
	[TornadoVM-PTX-JNI] ERROR : cuLaunchKernel -> Returned: 701
	[TornadoVM-PTX-JNI] ERROR : cuLaunchKernel -> Returned: 701
	[TornadoVM-PTX-JNI] ERROR : cuLaunchKernel -> Returned: 701
	[TornadoVM-PTX-JNI] ERROR : cuLaunchKernel -> Returned: 701
	[TornadoVM-PTX-JNI] ERROR : cuLaunchKernel -> Returned: 701
	[TornadoVM-PTX-JNI] ERROR : cuLaunchKernel -> Returned: 701
	[TornadoVM-PTX-JNI] ERROR : cuLaunchKernel -> Returned: 701
	[TornadoVM-PTX-JNI] ERROR : cuLaunchKernel -> Returned: 701
	[TornadoVM-PTX-JNI] ERROR : cuLaunchKernel -> Returned: 701
	[TornadoVM-PTX-JNI] ERROR : cuLaunchKernel -> Returned: 701
	[TornadoVM-PTX-JNI] ERROR : cuLaunchKernel -> Returned: 701
	[TornadoVM-PTX-JNI] ERROR : cuLaunchKernel -> Returned: 701
	[TornadoVM-PTX-JNI] ERROR : cuLaunchKernel -> Returned: 701
	[TornadoVM-PTX-JNI] ERROR : cuLaunchKernel -> Returned: 701
	[TornadoVM-PTX-JNI] ERROR : cuLaunchKernel -> Returned: 701
	[TornadoVM-PTX-JNI] ERROR : cuLaunchKernel -> Returned: 701
	[TornadoVM-PTX-JNI] ERROR : cuLaunchKernel -> Returned: 701
	[TornadoVM-PTX-JNI] ERROR : cuLaunchKernel -> Returned: 701
	[TornadoVM-PTX-JNI] ERROR : cuLaunchKernel -> Returned: 701
	[TornadoVM-PTX-JNI] ERROR : cuLaunchKernel -> Returned: 701
	[TornadoVM-PTX-JNI] ERROR : cuLaunchKernel -> Returned: 701
	[TornadoVM-PTX-JNI] ERROR : cuLaunchKernel -> Returned: 701
	[TornadoVM-PTX-JNI] ERROR : cuLaunchKernel -> Returned: 701
	[TornadoVM-PTX-JNI] ERROR : cuLaunchKernel -> Returned: 701
	[TornadoVM-PTX-JNI] ERROR : cuLaunchKernel -> Returned: 701
	[TornadoVM-PTX-JNI] ERROR : cuLaunchKernel -> Returned: 701
	[TornadoVM-PTX-JNI] ERROR : cuLaunchKernel -> Returned: 701
	[TornadoVM-PTX-JNI] ERROR : cuLaunchKernel -> Returned: 701
	[TornadoVM-PTX-JNI] ERROR : cuLaunchKernel -> Returned: 701
	[TornadoVM-PTX-JNI] ERROR : cuLaunchKernel -> Returned: 701
	[TornadoVM-PTX-JNI] ERROR : cuLaunchKernel -> Returned: 701
	[TornadoVM-PTX-JNI] ERROR : cuLaunchKernel -> Returned: 701
	[TornadoVM-PTX-JNI] ERROR : cuLaunchKernel -> Returned: 701
	[TornadoVM-PTX-JNI] ERROR : cuLaunchKernel -> Returned: 701
	[TornadoVM-PTX-JNI] ERROR : cuLaunchKernel -> Returned: 701
	[TornadoVM-PTX-JNI] ERROR : cuLaunchKernel -> Returned: 701
	[TornadoVM-PTX-JNI] ERROR : cuLaunchKernel -> Returned: 701
	[TornadoVM-PTX-JNI] ERROR : cuLaunchKernel -> Returned: 701
	[TornadoVM-PTX-JNI] ERROR : cuLaunchKernel -> Returned: 701
	[TornadoVM-PTX-JNI] ERROR : cuLaunchKernel -> Returned: 701
	[TornadoVM-PTX-JNI] ERROR : cuLaunchKernel -> Returned: 701
	[TornadoVM-PTX-JNI] ERROR : cuLaunchKernel -> Returned: 701
	[TornadoVM-PTX-JNI] ERROR : cuLaunchKernel -> Returned: 701
	[TornadoVM-PTX-JNI] ERROR : cuLaunchKernel -> Returned: 701
	[TornadoVM-PTX-JNI] ERROR : cuLaunchKernel -> Returned: 701
	[TornadoVM-PTX-JNI] ERROR : cuLaunchKernel -> Returned: 701
	[TornadoVM-PTX-JNI] ERROR : cuLaunchKernel -> Returned: 701
	[TornadoVM-PTX-JNI] ERROR : cuLaunchKernel -> Returned: 701
	[TornadoVM-PTX-JNI] ERROR : cuLaunchKernel -> Returned: 701
	[TornadoVM-PTX-JNI] ERROR : cuLaunchKernel -> Returned: 701
	[TornadoVM-PTX-JNI] ERROR : cuLaunchKernel -> Returned: 701
	[TornadoVM-PTX-JNI] ERROR : cuLaunchKernel -> Returned: 701
	[TornadoVM-PTX-JNI] ERROR : cuLaunchKernel -> Returned: 701
	[TornadoVM-PTX-JNI] ERROR : cuLaunchKernel -> Returned: 701
	[TornadoVM-PTX-JNI] ERROR : cuLaunchKernel -> Returned: 701
	[TornadoVM-PTX-JNI] ERROR : cuLaunchKernel -> Returned: 701
	[TornadoVM-PTX-JNI] ERROR : cuLaunchKernel -> Returned: 701
	[TornadoVM-PTX-JNI] ERROR : cuLaunchKernel -> Returned: 701
	[TornadoVM-PTX-JNI] ERROR : cuLaunchKernel -> Returned: 701
	[TornadoVM-PTX-JNI] ERROR : cuLaunchKernel -> Returned: 701
	[TornadoVM-PTX-JNI] ERROR : cuLaunchKernel -> Returned: 701
	[TornadoVM-PTX-JNI] ERROR : cuLaunchKernel -> Returned: 701
	[TornadoVM-PTX-JNI] ERROR : cuLaunchKernel -> Returned: 701
	[TornadoVM-PTX-JNI] ERROR : cuLaunchKernel -> Returned: 701
	[TornadoVM-PTX-JNI] ERROR : cuLaunchKernel -> Returned: 701
	[TornadoVM-PTX-JNI] ERROR : cuLaunchKernel -> Returned: 701
	[TornadoVM-PTX-JNI] ERROR : cuLaunchKernel -> Returned: 701
	[TornadoVM-PTX-JNI] ERROR : cuLaunchKernel -> Returned: 701
	[TornadoVM-PTX-JNI] ERROR : cuLaunchKernel -> Returned: 701
	[TornadoVM-PTX-JNI] ERROR : cuLaunchKernel -> Returned: 701
	[TornadoVM-PTX-JNI] ERROR : cuLaunchKernel -> Returned: 701
	[TornadoVM-PTX-JNI] ERROR : cuLaunchKernel -> Returned: 701
	[TornadoVM-PTX-JNI] ERROR : cuLaunchKernel -> Returned: 701
	[TornadoVM-PTX-JNI] ERROR : cuLaunchKernel -> Returned: 701
	[TornadoVM-PTX-JNI] ERROR : cuLaunchKernel -> Returned: 701
	[TornadoVM-PTX-JNI] ERROR : cuLaunchKernel -> Returned: 701
	[TornadoVM-PTX-JNI] ERROR : cuLaunchKernel -> Returned: 701
	[TornadoVM-PTX-JNI] ERROR : cuLaunchKernel -> Returned: 701
	[TornadoVM-PTX-JNI] ERROR : cuLaunchKernel -> Returned: 701
	[TornadoVM-PTX-JNI] ERROR : cuLaunchKernel -> Returned: 701
	[TornadoVM-PTX-JNI] ERROR : cuLaunchKernel -> Returned: 701
	[TornadoVM-PTX-JNI] ERROR : cuLaunchKernel -> Returned: 701
	[TornadoVM-PTX-JNI] ERROR : cuLaunchKernel -> Returned: 701
	[TornadoVM-PTX-JNI] ERROR : cuLaunchKernel -> Returned: 701
	[TornadoVM-PTX-JNI] ERROR : cuLaunchKernel -> Returned: 701
	[TornadoVM-PTX-JNI] ERROR : cuLaunchKernel -> Returned: 701
	[TornadoVM-PTX-JNI] ERROR : cuLaunchKernel -> Returned: 701
	[TornadoVM-PTX-JNI] ERROR : cuLaunchKernel -> Returned: 701
	[TornadoVM-PTX-JNI] ERROR : cuLaunchKernel -> Returned: 701
	[TornadoVM-PTX-JNI] ERROR : cuLaunchKernel -> Returned: 701
	[TornadoVM-PTX-JNI] ERROR : cuLaunchKernel -> Returned: 701
	[TornadoVM-PTX-JNI] ERROR : cuLaunchKernel -> Returned: 701
	[TornadoVM-PTX-JNI] ERROR : cuLaunchKernel -> Returned: 701
	[TornadoVM-PTX-JNI] ERROR : cuLaunchKernel -> Returned: 701
	[TornadoVM-PTX-JNI] ERROR : cuLaunchKernel -> Returned: 701
	[TornadoVM-PTX-JNI] ERROR : cuLaunchKernel -> Returned: 701
	[TornadoVM-PTX-JNI] ERROR : cuLaunchKernel -> Returned: 701
	[TornadoVM-PTX-JNI] ERROR : cuLaunchKernel -> Returned: 701
	[TornadoVM-PTX-JNI] ERROR : cuLaunchKernel -> Returned: 701
	[TornadoVM-PTX-JNI] ERROR : cuLaunchKernel -> Returned: 701
	[TornadoVM-PTX-JNI] ERROR : cuLaunchKernel -> Returned: 701
	[TornadoVM-PTX-JNI] ERROR : cuLaunchKernel -> Returned: 701
	[TornadoVM-PTX-JNI] ERROR : cuLaunchKernel -> Returned: 701
	[TornadoVM-PTX-JNI] ERROR : cuLaunchKernel -> Returned: 701
	[TornadoVM-PTX-JNI] ERROR : cuLaunchKernel -> Returned: 701
	[TornadoVM-PTX-JNI] ERROR : cuLaunchKernel -> Returned: 701
	[TornadoVM-PTX-JNI] ERROR : cuLaunchKernel -> Returned: 701
	[TornadoVM-PTX-JNI] ERROR : cuLaunchKernel -> Returned: 701
	[TornadoVM-PTX-JNI] ERROR : cuLaunchKernel -> Returned: 701
	[TornadoVM-PTX-JNI] ERROR : cuLaunchKernel -> Returned: 701
	[TornadoVM-PTX-JNI] ERROR : cuLaunchKernel -> Returned: 701
	[TornadoVM-PTX-JNI] ERROR : cuLaunchKernel -> Returned: 701
	[TornadoVM-PTX-JNI] ERROR : cuLaunchKernel -> Returned: 701
	[TornadoVM-PTX-JNI] ERROR : cuLaunchKernel -> Returned: 701
	[TornadoVM-PTX-JNI] ERROR : cuLaunchKernel -> Returned: 701
	[TornadoVM-PTX-JNI] ERROR : cuLaunchKernel -> Returned: 701
	[TornadoVM-PTX-JNI] ERROR : cuLaunchKernel -> Returned: 701
	[TornadoVM-PTX-JNI] ERROR : cuLaunchKernel -> Returned: 701
	[TornadoVM-PTX-JNI] ERROR : cuLaunchKernel -> Returned: 701
	[TornadoVM-PTX-JNI] ERROR : cuLaunchKernel -> Returned: 701
	[TornadoVM-PTX-JNI] ERROR : cuLaunchKernel -> Returned: 701
	[TornadoVM-PTX-JNI] ERROR : cuLaunchKernel -> Returned: 701
	[TornadoVM-PTX-JNI] ERROR : cuLaunchKernel -> Returned: 701
	[TornadoVM-PTX-JNI] ERROR : cuLaunchKernel -> Returned: 701
	[TornadoVM-PTX-JNI] ERROR : cuLaunchKernel -> Returned: 701
	[TornadoVM-PTX-JNI] ERROR : cuLaunchKernel -> Returned: 701
	[TornadoVM-PTX-JNI] ERROR : cuLaunchKernel -> Returned: 701
	[TornadoVM-PTX-JNI] ERROR : cuLaunchKernel -> Returned: 701
	[TornadoVM-PTX-JNI] ERROR : cuLaunchKernel -> Returned: 701
	[TornadoVM-PTX-JNI] ERROR : cuLaunchKernel -> Returned: 701
	[TornadoVM-PTX-JNI] ERROR : cuLaunchKernel -> Returned: 701
	[TornadoVM-PTX-JNI] ERROR : cuLaunchKernel -> Returned: 701
	[TornadoVM-PTX-JNI] ERROR : cuLaunchKernel -> Returned: 701
	[TornadoVM-PTX-JNI] ERROR : cuLaunchKernel -> Returned: 701
	[TornadoVM-PTX-JNI] ERROR : cuLaunchKernel -> Returned: 701
	[TornadoVM-PTX-JNI] ERROR : cuLaunchKernel -> Returned: 701
	[TornadoVM-PTX-JNI] ERROR : cuLaunchKernel -> Returned: 701
	[TornadoVM-PTX-JNI] ERROR : cuLaunchKernel -> Returned: 701
	[TornadoVM-PTX-JNI] ERROR : cuLaunchKernel -> Returned: 701
	[TornadoVM-PTX-JNI] ERROR : cuLaunchKernel -> Returned: 701
	[TornadoVM-PTX-JNI] ERROR : cuLaunchKernel -> Returned: 701
	[TornadoVM-PTX-JNI] ERROR : cuLaunchKernel -> Returned: 701
	[TornadoVM-PTX-JNI] ERROR : cuLaunchKernel -> Returned: 701
	[TornadoVM-PTX-JNI] ERROR : cuLaunchKernel -> Returned: 701
	[TornadoVM-PTX-JNI] ERROR : cuLaunchKernel -> Returned: 701
	[TornadoVM-PTX-JNI] ERROR : cuLaunchKernel -> Returned: 701
	[TornadoVM-PTX-JNI] ERROR : cuLaunchKernel -> Returned: 701
	[TornadoVM-PTX-JNI] ERROR : cuLaunchKernel -> Returned: 701
	[TornadoVM-PTX-JNI] ERROR : cuLaunchKernel -> Returned: 701
	[TornadoVM-PTX-JNI] ERROR : cuLaunchKernel -> Returned: 701
	[TornadoVM-PTX-JNI] ERROR : cuLaunchKernel -> Returned: 701
	[TornadoVM-PTX-JNI] ERROR : cuLaunchKernel -> Returned: 701
	[TornadoVM-PTX-JNI] ERROR : cuLaunchKernel -> Returned: 701
	[TornadoVM-PTX-JNI] ERROR : cuLaunchKernel -> Returned: 701
	[TornadoVM-PTX-JNI] ERROR : cuLaunchKernel -> Returned: 701
	[TornadoVM-PTX-JNI] ERROR : cuLaunchKernel -> Returned: 701
	[TornadoVM-PTX-JNI] ERROR : cuLaunchKernel -> Returned: 701
	[TornadoVM-PTX-JNI] ERROR : cuLaunchKernel -> Returned: 701
	[TornadoVM-PTX-JNI] ERROR : cuLaunchKernel -> Returned: 701
	[TornadoVM-PTX-JNI] ERROR : cuLaunchKernel -> Returned: 701
	[TornadoVM-PTX-JNI] ERROR : cuLaunchKernel -> Returned: 701
	[TornadoVM-PTX-JNI] ERROR : cuLaunchKernel -> Returned: 701
	[TornadoVM-PTX-JNI] ERROR : cuLaunchKernel -> Returned: 701
	[TornadoVM-PTX-JNI] ERROR : cuLaunchKernel -> Returned: 701
	[TornadoVM-PTX-JNI] ERROR : cuLaunchKernel -> Returned: 701
	[TornadoVM-PTX-JNI] ERROR : cuLaunchKernel -> Returned: 701
	[TornadoVM-PTX-JNI] ERROR : cuLaunchKernel -> Returned: 701
	[TornadoVM-PTX-JNI] ERROR : cuLaunchKernel -> Returned: 701
	[TornadoVM-PTX-JNI] ERROR : cuLaunchKernel -> Returned: 701
	[TornadoVM-PTX-JNI] ERROR : cuLaunchKernel -> Returned: 701
	[TornadoVM-PTX-JNI] ERROR : cuLaunchKernel -> Returned: 701
	[TornadoVM-PTX-JNI] ERROR : cuLaunchKernel -> Returned: 701
	[TornadoVM-PTX-JNI] ERROR : cuLaunchKernel -> Returned: 701
	[TornadoVM-PTX-JNI] ERROR : cuLaunchKernel -> Returned: 701
	[TornadoVM-PTX-JNI] ERROR : cuLaunchKernel -> Returned: 701
	[TornadoVM-PTX-JNI] ERROR : cuLaunchKernel -> Returned: 701
	[TornadoVM-PTX-JNI] ERROR : cuLaunchKernel -> Returned: 701
	[TornadoVM-PTX-JNI] ERROR : cuLaunchKernel -> Returned: 701
	[TornadoVM-PTX-JNI] ERROR : cuLaunchKernel -> Returned: 701
	[TornadoVM-PTX-JNI] ERROR : cuLaunchKernel -> Returned: 701
	[TornadoVM-PTX-JNI] ERROR : cuLaunchKernel -> Returned: 701
	[TornadoVM-PTX-JNI] ERROR : cuLaunchKernel -> Returned: 701
	[TornadoVM-PTX-JNI] ERROR : cuLaunchKernel -> Returned: 701
	[TornadoVM-PTX-JNI] ERROR : cuLaunchKernel -> Returned: 701
	[TornadoVM-PTX-JNI] ERROR : cuLaunchKernel -> Returned: 701
	[TornadoVM-PTX-JNI] ERROR : cuLaunchKernel -> Returned: 701
	[TornadoVM-PTX-JNI] ERROR : cuLaunchKernel -> Returned: 701
	[TornadoVM-PTX-JNI] ERROR : cuLaunchKernel -> Returned: 701
	[TornadoVM-PTX-JNI] ERROR : cuLaunchKernel -> Returned: 701
	[TornadoVM-PTX-JNI] ERROR : cuLaunchKernel -> Returned: 701
	[TornadoVM-PTX-JNI] ERROR : cuLaunchKernel -> Returned: 701
	[TornadoVM-PTX-JNI] ERROR : cuLaunchKernel -> Returned: 701
	[TornadoVM-PTX-JNI] ERROR : cuLaunchKernel -> Returned: 701
	[TornadoVM-PTX-JNI] ERROR : cuLaunchKernel -> Returned: 701
	[TornadoVM-PTX-JNI] ERROR : cuLaunchKernel -> Returned: 701
	[TornadoVM-PTX-JNI] ERROR : cuLaunchKernel -> Returned: 701
	[TornadoVM-PTX-JNI] ERROR : cuLaunchKernel -> Returned: 701
	[TornadoVM-PTX-JNI] ERROR : cuLaunchKernel -> Returned: 701
	[TornadoVM-PTX-JNI] ERROR : cuLaunchKernel -> Returned: 701
	[TornadoVM-PTX-JNI] ERROR : cuLaunchKernel -> Returned: 701
	[TornadoVM-PTX-JNI] ERROR : cuLaunchKernel -> Returned: 701
	[TornadoVM-PTX-JNI] ERROR : cuLaunchKernel -> Returned: 701
	[TornadoVM-PTX-JNI] ERROR : cuLaunchKernel -> Returned: 701
	[TornadoVM-PTX-JNI] ERROR : cuLaunchKernel -> Returned: 701
	[TornadoVM-PTX-JNI] ERROR : cuLaunchKernel -> Returned: 701
	[TornadoVM-PTX-JNI] ERROR : cuLaunchKernel -> Returned: 701
	[TornadoVM-PTX-JNI] ERROR : cuLaunchKernel -> Returned: 701
	[TornadoVM-PTX-JNI] ERROR : cuLaunchKernel -> Returned: 701
	[TornadoVM-PTX-JNI] ERROR : cuLaunchKernel -> Returned: 701
	[TornadoVM-PTX-JNI] ERROR : cuLaunchKernel -> Returned: 701
	[TornadoVM-PTX-JNI] ERROR : cuLaunchKernel -> Returned: 701
	[TornadoVM-PTX-JNI] ERROR : cuLaunchKernel -> Returned: 701
	[TornadoVM-PTX-JNI] ERROR : cuLaunchKernel -> Returned: 701
	[TornadoVM-PTX-JNI] ERROR : cuLaunchKernel -> Returned: 701
	[TornadoVM-PTX-JNI] ERROR : cuLaunchKernel -> Returned: 701
	[TornadoVM-PTX-JNI] ERROR : cuLaunchKernel -> Returned: 701
	[TornadoVM-PTX-JNI] ERROR : cuLaunchKernel -> Returned: 701
	[TornadoVM-PTX-JNI] ERROR : cuLaunchKernel -> Returned: 701
	[TornadoVM-PTX-JNI] ERROR : cuLaunchKernel -> Returned: 701
	[TornadoVM-PTX-JNI] ERROR : cuLaunchKernel -> Returned: 701
	[TornadoVM-PTX-JNI] ERROR : cuLaunchKernel -> Returned: 701
	[TornadoVM-PTX-JNI] ERROR : cuLaunchKernel -> Returned: 701
	[TornadoVM-PTX-JNI] ERROR : cuLaunchKernel -> Returned: 701
	[TornadoVM-PTX-JNI] ERROR : cuLaunchKernel -> Returned: 701
	[TornadoVM-PTX-JNI] ERROR : cuLaunchKernel -> Returned: 701
	[TornadoVM-PTX-JNI] ERROR : cuLaunchKernel -> Returned: 701
	[TornadoVM-PTX-JNI] ERROR : cuLaunchKernel -> Returned: 701
	[TornadoVM-PTX-JNI] ERROR : cuLaunchKernel -> Returned: 701
	[TornadoVM-PTX-JNI] ERROR : cuLaunchKernel -> Returned: 701
	[TornadoVM-PTX-JNI] ERROR : cuLaunchKernel -> Returned: 701
	[TornadoVM-PTX-JNI] ERROR : cuLaunchKernel -> Returned: 701
	[TornadoVM-PTX-JNI] ERROR : cuLaunchKernel -> Returned: 701
	[TornadoVM-PTX-JNI] ERROR : cuLaunchKernel -> Returned: 701
	[TornadoVM-PTX-JNI] ERROR : cuLaunchKernel -> Returned: 701
	[TornadoVM-PTX-JNI] ERROR : cuLaunchKernel -> Returned: 701
	[TornadoVM-PTX-JNI] ERROR : cuLaunchKernel -> Returned: 701
	[TornadoVM-PTX-JNI] ERROR : cuLaunchKernel -> Returned: 701
	[TornadoVM-PTX-JNI] ERROR : cuLaunchKernel -> Returned: 701
	[TornadoVM-PTX-JNI] ERROR : cuLaunchKernel -> Returned: 701
	[TornadoVM-PTX-JNI] ERROR : cuLaunchKernel -> Returned: 701
	[TornadoVM-PTX-JNI] ERROR : cuLaunchKernel -> Returned: 701
	[TornadoVM-PTX-JNI] ERROR : cuLaunchKernel -> Returned: 701
	[TornadoVM-PTX-JNI] ERROR : cuLaunchKernel -> Returned: 701
	[TornadoVM-PTX-JNI] ERROR : cuLaunchKernel -> Returned: 701
	[TornadoVM-PTX-JNI] ERROR : cuLaunchKernel -> Returned: 701
	[TornadoVM-PTX-JNI] ERROR : cuLaunchKernel -> Returned: 701
	[TornadoVM-PTX-JNI] ERROR : cuLaunchKernel -> Returned: 701
	[TornadoVM-PTX-JNI] ERROR : cuLaunchKernel -> Returned: 701
	[TornadoVM-PTX-JNI] ERROR : cuLaunchKernel -> Returned: 701
	[TornadoVM-PTX-JNI] ERROR : cuLaunchKernel -> Returned: 701
	[TornadoVM-PTX-JNI] ERROR : cuLaunchKernel -> Returned: 701
	[TornadoVM-PTX-JNI] ERROR : cuLaunchKernel -> Returned: 701
	[TornadoVM-PTX-JNI] ERROR : cuLaunchKernel -> Returned: 701
	[TornadoVM-PTX-JNI] ERROR : cuLaunchKernel -> Returned: 701
	[TornadoVM-PTX-JNI] ERROR : cuLaunchKernel -> Returned: 701
	[TornadoVM-PTX-JNI] ERROR : cuLaunchKernel -> Returned: 701
	[TornadoVM-PTX-JNI] ERROR : cuLaunchKernel -> Returned: 701
	[TornadoVM-PTX-JNI] ERROR : cuLaunchKernel -> Returned: 701
	[TornadoVM-PTX-JNI] ERROR : cuLaunchKernel -> Returned: 701
	[TornadoVM-PTX-JNI] ERROR : cuLaunchKernel -> Returned: 701
	[TornadoVM-PTX-JNI] ERROR : cuLaunchKernel -> Returned: 701
	[TornadoVM-PTX-JNI] ERROR : cuLaunchKernel -> Returned: 701
	[TornadoVM-PTX-JNI] ERROR : cuLaunchKernel -> Returned: 701
	[TornadoVM-PTX-JNI] ERROR : cuLaunchKernel -> Returned: 701
	[TornadoVM-PTX-JNI] ERROR : cuLaunchKernel -> Returned: 701
	[TornadoVM-PTX-JNI] ERROR : cuLaunchKernel -> Returned: 701
	[TornadoVM-PTX-JNI] ERROR : cuLaunchKernel -> Returned: 701
	[TornadoVM-PTX-JNI] ERROR : cuLaunchKernel -> Returned: 701
	[TornadoVM-PTX-JNI] ERROR : cuLaunchKernel -> Returned: 701
	[TornadoVM-PTX-JNI] ERROR : cuLaunchKernel -> Returned: 701
	[TornadoVM-PTX-JNI] ERROR : cuLaunchKernel -> Returned: 701
	[TornadoVM-PTX-JNI] ERROR : cuLaunchKernel -> Returned: 701
	[TornadoVM-PTX-JNI] ERROR : cuLaunchKernel -> Returned: 701
	[TornadoVM-PTX-JNI] ERROR : cuLaunchKernel -> Returned: 701
	[TornadoVM-PTX-JNI] ERROR : cuLaunchKernel -> Returned: 701
	[TornadoVM-PTX-JNI] ERROR : cuLaunchKernel -> Returned: 701
	[TornadoVM-PTX-JNI] ERROR : cuLaunchKernel -> Returned: 701
	[TornadoVM-PTX-JNI] ERROR : cuLaunchKernel -> Returned: 701
	[TornadoVM-PTX-JNI] ERROR : cuLaunchKernel -> Returned: 701
	[TornadoVM-PTX-JNI] ERROR : cuLaunchKernel -> Returned: 701
	[TornadoVM-PTX-JNI] ERROR : cuLaunchKernel -> Returned: 701
	[TornadoVM-PTX-JNI] ERROR : cuLaunchKernel -> Returned: 701
	[TornadoVM-PTX-JNI] ERROR : cuLaunchKernel -> Returned: 701
	[TornadoVM-PTX-JNI] ERROR : cuLaunchKernel -> Returned: 701
	[TornadoVM-PTX-JNI] ERROR : cuLaunchKernel -> Returned: 701
	[TornadoVM-PTX-JNI] ERROR : cuLaunchKernel -> Returned: 701
	[TornadoVM-PTX-JNI] ERROR : cuLaunchKernel -> Returned: 701
	[TornadoVM-PTX-JNI] ERROR : cuLaunchKernel -> Returned: 701
	[TornadoVM-PTX-JNI] ERROR : cuLaunchKernel -> Returned: 701
	[TornadoVM-PTX-JNI] ERROR : cuLaunchKernel -> Returned: 701
	[TornadoVM-PTX-JNI] ERROR : cuLaunchKernel -> Returned: 701
	[TornadoVM-PTX-JNI] ERROR : cuLaunchKernel -> Returned: 701
	[TornadoVM-PTX-JNI] ERROR : cuLaunchKernel -> Returned: 701
	[TornadoVM-PTX-JNI] ERROR : cuLaunchKernel -> Returned: 701
	[TornadoVM-PTX-JNI] ERROR : cuLaunchKernel -> Returned: 701
	[TornadoVM-PTX-JNI] ERROR : cuLaunchKernel -> Returned: 701
	[TornadoVM-PTX-JNI] ERROR : cuLaunchKernel -> Returned: 701
	[TornadoVM-PTX-JNI] ERROR : cuLaunchKernel -> Returned: 701
	[TornadoVM-PTX-JNI] ERROR : cuLaunchKernel -> Returned: 701
	[TornadoVM-PTX-JNI] ERROR : cuLaunchKernel -> Returned: 701
	[TornadoVM-PTX-JNI] ERROR : cuLaunchKernel -> Returned: 701
	[TornadoVM-PTX-JNI] ERROR : cuLaunchKernel -> Returned: 701
	[TornadoVM-PTX-JNI] ERROR : cuLaunchKernel -> Returned: 701
	[TornadoVM-PTX-JNI] ERROR : cuLaunchKernel -> Returned: 701
	[TornadoVM-PTX-JNI] ERROR : cuLaunchKernel -> Returned: 701
	[TornadoVM-PTX-JNI] ERROR : cuLaunchKernel -> Returned: 701
	[TornadoVM-PTX-JNI] ERROR : cuLaunchKernel -> Returned: 701
	[TornadoVM-PTX-JNI] ERROR : cuLaunchKernel -> Returned: 701
	[TornadoVM-PTX-JNI] ERROR : cuLaunchKernel -> Returned: 701
	[TornadoVM-PTX-JNI] ERROR : cuLaunchKernel -> Returned: 701
	[TornadoVM-PTX-JNI] ERROR : cuLaunchKernel -> Returned: 701
	[TornadoVM-PTX-JNI] ERROR : cuLaunchKernel -> Returned: 701
	[TornadoVM-PTX-JNI] ERROR : cuLaunchKernel -> Returned: 701
	[TornadoVM-PTX-JNI] ERROR : cuLaunchKernel -> Returned: 701
	[TornadoVM-PTX-JNI] ERROR : cuLaunchKernel -> Returned: 701
	[TornadoVM-PTX-JNI] ERROR : cuLaunchKernel -> Returned: 701
	[TornadoVM-PTX-JNI] ERROR : cuLaunchKernel -> Returned: 701
	[TornadoVM-PTX-JNI] ERROR : cuLaunchKernel -> Returned: 701
	[TornadoVM-PTX-JNI] ERROR : cuLaunchKernel -> Returned: 701
	[TornadoVM-PTX-JNI] ERROR : cuLaunchKernel -> Returned: 701
	[TornadoVM-PTX-JNI] ERROR : cuLaunchKernel -> Returned: 701
	[TornadoVM-PTX-JNI] ERROR : cuLaunchKernel -> Returned: 701
	[TornadoVM-PTX-JNI] ERROR : cuLaunchKernel -> Returned: 701
	[TornadoVM-PTX-JNI] ERROR : cuLaunchKernel -> Returned: 701
[GATHER] call=3000 totalDirty=0 maxThread=0 cumAvg=13.4 cumMaxPerThread=4
	[TornadoVM-PTX-JNI] ERROR : cuLaunchKernel -> Returned: 701
	[TornadoVM-PTX-JNI] ERROR : cuLaunchKernel -> Returned: 701
	[TornadoVM-PTX-JNI] ERROR : cuLaunchKernel -> Returned: 701
	[TornadoVM-PTX-JNI] ERROR : cuLaunchKernel -> Returned: 701
	[TornadoVM-PTX-JNI] ERROR : cuLaunchKernel -> Returned: 701
	[TornadoVM-PTX-JNI] ERROR : cuLaunchKernel -> Returned: 701
	[TornadoVM-PTX-JNI] ERROR : cuLaunchKernel -> Returned: 701
	[TornadoVM-PTX-JNI] ERROR : cuLaunchKernel -> Returned: 701
	[TornadoVM-PTX-JNI] ERROR : cuLaunchKernel -> Returned: 701
	[TornadoVM-PTX-JNI] ERROR : cuLaunchKernel -> Returned: 701
	[TornadoVM-PTX-JNI] ERROR : cuLaunchKernel -> Returned: 701
	[TornadoVM-PTX-JNI] ERROR : cuLaunchKernel -> Returned: 701
	[TornadoVM-PTX-JNI] ERROR : cuLaunchKernel -> Returned: 701
	[TornadoVM-PTX-JNI] ERROR : cuLaunchKernel -> Returned: 701
	[TornadoVM-PTX-JNI] ERROR : cuLaunchKernel -> Returned: 701
	[TornadoVM-PTX-JNI] ERROR : cuLaunchKernel -> Returned: 701
	[TornadoVM-PTX-JNI] ERROR : cuLaunchKernel -> Returned: 701
	[TornadoVM-PTX-JNI] ERROR : cuLaunchKernel -> Returned: 701
	[TornadoVM-PTX-JNI] ERROR : cuLaunchKernel -> Returned: 701
	[TornadoVM-PTX-JNI] ERROR : cuLaunchKernel -> Returned: 701
	[TornadoVM-PTX-JNI] ERROR : cuLaunchKernel -> Returned: 701
	[TornadoVM-PTX-JNI] ERROR : cuLaunchKernel -> Returned: 701
	[TornadoVM-PTX-JNI] ERROR : cuLaunchKernel -> Returned: 701
	[TornadoVM-PTX-JNI] ERROR : cuLaunchKernel -> Returned: 701
	[TornadoVM-PTX-JNI] ERROR : cuLaunchKernel -> Returned: 701
	[TornadoVM-PTX-JNI] ERROR : cuLaunchKernel -> Returned: 701
	[TornadoVM-PTX-JNI] ERROR : cuLaunchKernel -> Returned: 701
	[TornadoVM-PTX-JNI] ERROR : cuLaunchKernel -> Returned: 701
	[TornadoVM-PTX-JNI] ERROR : cuLaunchKernel -> Returned: 701
	[TornadoVM-PTX-JNI] ERROR : cuLaunchKernel -> Returned: 701
	[TornadoVM-PTX-JNI] ERROR : cuLaunchKernel -> Returned: 701
	[TornadoVM-PTX-JNI] ERROR : cuLaunchKernel -> Returned: 701
	[TornadoVM-PTX-JNI] ERROR : cuLaunchKernel -> Returned: 701
	[TornadoVM-PTX-JNI] ERROR : cuLaunchKernel -> Returned: 701
	[TornadoVM-PTX-JNI] ERROR : cuLaunchKernel -> Returned: 701
	[TornadoVM-PTX-JNI] ERROR : cuLaunchKernel -> Returned: 701
	[TornadoVM-PTX-JNI] ERROR : cuLaunchKernel -> Returned: 701
	[TornadoVM-PTX-JNI] ERROR : cuLaunchKernel -> Returned: 701
	[TornadoVM-PTX-JNI] ERROR : cuLaunchKernel -> Returned: 701
	[TornadoVM-PTX-JNI] ERROR : cuLaunchKernel -> Returned: 701
	[TornadoVM-PTX-JNI] ERROR : cuLaunchKernel -> Returned: 701
	[TornadoVM-PTX-JNI] ERROR : cuLaunchKernel -> Returned: 701
	[TornadoVM-PTX-JNI] ERROR : cuLaunchKernel -> Returned: 701
	[TornadoVM-PTX-JNI] ERROR : cuLaunchKernel -> Returned: 701
	[TornadoVM-PTX-JNI] ERROR : cuLaunchKernel -> Returned: 701
	[TornadoVM-PTX-JNI] ERROR : cuLaunchKernel -> Returned: 701
	[TornadoVM-PTX-JNI] ERROR : cuLaunchKernel -> Returned: 701
	[TornadoVM-PTX-JNI] ERROR : cuLaunchKernel -> Returned: 701
	[TornadoVM-PTX-JNI] ERROR : cuLaunchKernel -> Returned: 701
	[TornadoVM-PTX-JNI] ERROR : cuLaunchKernel -> Returned: 701
	[TornadoVM-PTX-JNI] ERROR : cuLaunchKernel -> Returned: 701
	[TornadoVM-PTX-JNI] ERROR : cuLaunchKernel -> Returned: 701
	[TornadoVM-PTX-JNI] ERROR : cuLaunchKernel -> Returned: 701
	[TornadoVM-PTX-JNI] ERROR : cuLaunchKernel -> Returned: 701
	[TornadoVM-PTX-JNI] ERROR : cuLaunchKernel -> Returned: 701
	[TornadoVM-PTX-JNI] ERROR : cuLaunchKernel -> Returned: 701
	[TornadoVM-PTX-JNI] ERROR : cuLaunchKernel -> Returned: 701
	[TornadoVM-PTX-JNI] ERROR : cuLaunchKernel -> Returned: 701
	[TornadoVM-PTX-JNI] ERROR : cuLaunchKernel -> Returned: 701
	[TornadoVM-PTX-JNI] ERROR : cuLaunchKernel -> Returned: 701
	[TornadoVM-PTX-JNI] ERROR : cuLaunchKernel -> Returned: 701
	[TornadoVM-PTX-JNI] ERROR : cuLaunchKernel -> Returned: 701
	[TornadoVM-PTX-JNI] ERROR : cuLaunchKernel -> Returned: 701
	[TornadoVM-PTX-JNI] ERROR : cuLaunchKernel -> Returned: 701
	[TornadoVM-PTX-JNI] ERROR : cuLaunchKernel -> Returned: 701
	[TornadoVM-PTX-JNI] ERROR : cuLaunchKernel -> Returned: 701
	[TornadoVM-PTX-JNI] ERROR : cuLaunchKernel -> Returned: 701
	[TornadoVM-PTX-JNI] ERROR : cuLaunchKernel -> Returned: 701
	[TornadoVM-PTX-JNI] ERROR : cuLaunchKernel -> Returned: 701
	[TornadoVM-PTX-JNI] ERROR : cuLaunchKernel -> Returned: 701
	[TornadoVM-PTX-JNI] ERROR : cuLaunchKernel -> Returned: 701
	[TornadoVM-PTX-JNI] ERROR : cuLaunchKernel -> Returned: 701
	[TornadoVM-PTX-JNI] ERROR : cuLaunchKernel -> Returned: 701
	[TornadoVM-PTX-JNI] ERROR : cuLaunchKernel -> Returned: 701
	[TornadoVM-PTX-JNI] ERROR : cuLaunchKernel -> Returned: 701
	[TornadoVM-PTX-JNI] ERROR : cuLaunchKernel -> Returned: 701
	[TornadoVM-PTX-JNI] ERROR : cuLaunchKernel -> Returned: 701
	[TornadoVM-PTX-JNI] ERROR : cuLaunchKernel -> Returned: 701
	[TornadoVM-PTX-JNI] ERROR : cuLaunchKernel -> Returned: 701
	[TornadoVM-PTX-JNI] ERROR : cuLaunchKernel -> Returned: 701
	[TornadoVM-PTX-JNI] ERROR : cuLaunchKernel -> Returned: 701
	[TornadoVM-PTX-JNI] ERROR : cuLaunchKernel -> Returned: 701
	[TornadoVM-PTX-JNI] ERROR : cuLaunchKernel -> Returned: 701
	[TornadoVM-PTX-JNI] ERROR : cuLaunchKernel -> Returned: 701
	[TornadoVM-PTX-JNI] ERROR : cuLaunchKernel -> Returned: 701
	[TornadoVM-PTX-JNI] ERROR : cuLaunchKernel -> Returned: 701
	[TornadoVM-PTX-JNI] ERROR : cuLaunchKernel -> Returned: 701
	[TornadoVM-PTX-JNI] ERROR : cuLaunchKernel -> Returned: 701
	[TornadoVM-PTX-JNI] ERROR : cuLaunchKernel -> Returned: 701
	[TornadoVM-PTX-JNI] ERROR : cuLaunchKernel -> Returned: 701
	[TornadoVM-PTX-JNI] ERROR : cuLaunchKernel -> Returned: 701
	[TornadoVM-PTX-JNI] ERROR : cuLaunchKernel -> Returned: 701
	[TornadoVM-PTX-JNI] ERROR : cuLaunchKernel -> Returned: 701
	[TornadoVM-PTX-JNI] ERROR : cuLaunchKernel -> Returned: 701
	[TornadoVM-PTX-JNI] ERROR : cuLaunchKernel -> Returned: 701
	[TornadoVM-PTX-JNI] ERROR : cuLaunchKernel -> Returned: 701
	[TornadoVM-PTX-JNI] ERROR : cuLaunchKernel -> Returned: 701
	[TornadoVM-PTX-JNI] ERROR : cuLaunchKernel -> Returned: 701
	[TornadoVM-PTX-JNI] ERROR : cuLaunchKernel -> Returned: 701
	[TornadoVM-PTX-JNI] ERROR : cuLaunchKernel -> Returned: 701
	[TornadoVM-PTX-JNI] ERROR : cuLaunchKernel -> Returned: 701
	[TornadoVM-PTX-JNI] ERROR : cuLaunchKernel -> Returned: 701
	[TornadoVM-PTX-JNI] ERROR : cuLaunchKernel -> Returned: 701
	[TornadoVM-PTX-JNI] ERROR : cuLaunchKernel -> Returned: 701
	[TornadoVM-PTX-JNI] ERROR : cuLaunchKernel -> Returned: 701
	[TornadoVM-PTX-JNI] ERROR : cuLaunchKernel -> Returned: 701
	[TornadoVM-PTX-JNI] ERROR : cuLaunchKernel -> Returned: 701
	[TornadoVM-PTX-JNI] ERROR : cuLaunchKernel -> Returned: 701
	[TornadoVM-PTX-JNI] ERROR : cuLaunchKernel -> Returned: 701
	[TornadoVM-PTX-JNI] ERROR : cuLaunchKernel -> Returned: 701
	[TornadoVM-PTX-JNI] ERROR : cuLaunchKernel -> Returned: 701
	[TornadoVM-PTX-JNI] ERROR : cuLaunchKernel -> Returned: 701
	[TornadoVM-PTX-JNI] ERROR : cuLaunchKernel -> Returned: 701
	[TornadoVM-PTX-JNI] ERROR : cuLaunchKernel -> Returned: 701
	[TornadoVM-PTX-JNI] ERROR : cuLaunchKernel -> Returned: 701
	[TornadoVM-PTX-JNI] ERROR : cuLaunchKernel -> Returned: 701
	[TornadoVM-PTX-JNI] ERROR : cuLaunchKernel -> Returned: 701
	[TornadoVM-PTX-JNI] ERROR : cuLaunchKernel -> Returned: 701
	[TornadoVM-PTX-JNI] ERROR : cuLaunchKernel -> Returned: 701
	[TornadoVM-PTX-JNI] ERROR : cuLaunchKernel -> Returned: 701
	[TornadoVM-PTX-JNI] ERROR : cuLaunchKernel -> Returned: 701
	[TornadoVM-PTX-JNI] ERROR : cuLaunchKernel -> Returned: 701
	[TornadoVM-PTX-JNI] ERROR : cuLaunchKernel -> Returned: 701
	[TornadoVM-PTX-JNI] ERROR : cuLaunchKernel -> Returned: 701
	[TornadoVM-PTX-JNI] ERROR : cuLaunchKernel -> Returned: 701
	[TornadoVM-PTX-JNI] ERROR : cuLaunchKernel -> Returned: 701
	[TornadoVM-PTX-JNI] ERROR : cuLaunchKernel -> Returned: 701
	[TornadoVM-PTX-JNI] ERROR : cuLaunchKernel -> Returned: 701
	[TornadoVM-PTX-JNI] ERROR : cuLaunchKernel -> Returned: 701
	[TornadoVM-PTX-JNI] ERROR : cuLaunchKernel -> Returned: 701
	[TornadoVM-PTX-JNI] ERROR : cuLaunchKernel -> Returned: 701
	[TornadoVM-PTX-JNI] ERROR : cuLaunchKernel -> Returned: 701
	[TornadoVM-PTX-JNI] ERROR : cuLaunchKernel -> Returned: 701
	[TornadoVM-PTX-JNI] ERROR : cuLaunchKernel -> Returned: 701
	[TornadoVM-PTX-JNI] ERROR : cuLaunchKernel -> Returned: 701
	[TornadoVM-PTX-JNI] ERROR : cuLaunchKernel -> Returned: 701
	[TornadoVM-PTX-JNI] ERROR : cuLaunchKernel -> Returned: 701
	[TornadoVM-PTX-JNI] ERROR : cuLaunchKernel -> Returned: 701
	[TornadoVM-PTX-JNI] ERROR : cuLaunchKernel -> Returned: 701
	[TornadoVM-PTX-JNI] ERROR : cuLaunchKernel -> Returned: 701
	[TornadoVM-PTX-JNI] ERROR : cuLaunchKernel -> Returned: 701
	[TornadoVM-PTX-JNI] ERROR : cuLaunchKernel -> Returned: 701
	[TornadoVM-PTX-JNI] ERROR : cuLaunchKernel -> Returned: 701
	[TornadoVM-PTX-JNI] ERROR : cuLaunchKernel -> Returned: 701
	[TornadoVM-PTX-JNI] ERROR : cuLaunchKernel -> Returned: 701
	[TornadoVM-PTX-JNI] ERROR : cuLaunchKernel -> Returned: 701
	[TornadoVM-PTX-JNI] ERROR : cuLaunchKernel -> Returned: 701
	[TornadoVM-PTX-JNI] ERROR : cuLaunchKernel -> Returned: 701
	[TornadoVM-PTX-JNI] ERROR : cuLaunchKernel -> Returned: 701
	[TornadoVM-PTX-JNI] ERROR : cuLaunchKernel -> Returned: 701
	[TornadoVM-PTX-JNI] ERROR : cuLaunchKernel -> Returned: 701
	[TornadoVM-PTX-JNI] ERROR : cuLaunchKernel -> Returned: 701
	[TornadoVM-PTX-JNI] ERROR : cuLaunchKernel -> Returned: 701
	[TornadoVM-PTX-JNI] ERROR : cuLaunchKernel -> Returned: 701
	[TornadoVM-PTX-JNI] ERROR : cuLaunchKernel -> Returned: 701
	[TornadoVM-PTX-JNI] ERROR : cuLaunchKernel -> Returned: 701
	[TornadoVM-PTX-JNI] ERROR : cuLaunchKernel -> Returned: 701
	[TornadoVM-PTX-JNI] ERROR : cuLaunchKernel -> Returned: 701
	[TornadoVM-PTX-JNI] ERROR : cuLaunchKernel -> Returned: 701
	[TornadoVM-PTX-JNI] ERROR : cuLaunchKernel -> Returned: 701
	[TornadoVM-PTX-JNI] ERROR : cuLaunchKernel -> Returned: 701
	[TornadoVM-PTX-JNI] ERROR : cuLaunchKernel -> Returned: 701
	[TornadoVM-PTX-JNI] ERROR : cuLaunchKernel -> Returned: 701
	[TornadoVM-PTX-JNI] ERROR : cuLaunchKernel -> Returned: 701
	[TornadoVM-PTX-JNI] ERROR : cuLaunchKernel -> Returned: 701
	[TornadoVM-PTX-JNI] ERROR : cuLaunchKernel -> Returned: 701
	[TornadoVM-PTX-JNI] ERROR : cuLaunchKernel -> Returned: 701
	[TornadoVM-PTX-JNI] ERROR : cuLaunchKernel -> Returned: 701
	[TornadoVM-PTX-JNI] ERROR : cuLaunchKernel -> Returned: 701
	[TornadoVM-PTX-JNI] ERROR : cuLaunchKernel -> Returned: 701
	[TornadoVM-PTX-JNI] ERROR : cuLaunchKernel -> Returned: 701
	[TornadoVM-PTX-JNI] ERROR : cuLaunchKernel -> Returned: 701
	[TornadoVM-PTX-JNI] ERROR : cuLaunchKernel -> Returned: 701
	[TornadoVM-PTX-JNI] ERROR : cuLaunchKernel -> Returned: 701
	[TornadoVM-PTX-JNI] ERROR : cuLaunchKernel -> Returned: 701
	[TornadoVM-PTX-JNI] ERROR : cuLaunchKernel -> Returned: 701
	[TornadoVM-PTX-JNI] ERROR : cuLaunchKernel -> Returned: 701
	[TornadoVM-PTX-JNI] ERROR : cuLaunchKernel -> Returned: 701
	[TornadoVM-PTX-JNI] ERROR : cuLaunchKernel -> Returned: 701
	[TornadoVM-PTX-JNI] ERROR : cuLaunchKernel -> Returned: 701
	[TornadoVM-PTX-JNI] ERROR : cuLaunchKernel -> Returned: 701
	[TornadoVM-PTX-JNI] ERROR : cuLaunchKernel -> Returned: 701
	[TornadoVM-PTX-JNI] ERROR : cuLaunchKernel -> Returned: 701
	[TornadoVM-PTX-JNI] ERROR : cuLaunchKernel -> Returned: 701
	[TornadoVM-PTX-JNI] ERROR : cuLaunchKernel -> Returned: 701
	[TornadoVM-PTX-JNI] ERROR : cuLaunchKernel -> Returned: 701
	[TornadoVM-PTX-JNI] ERROR : cuLaunchKernel -> Returned: 701
	[TornadoVM-PTX-JNI] ERROR : cuLaunchKernel -> Returned: 701
	[TornadoVM-PTX-JNI] ERROR : cuLaunchKernel -> Returned: 701
	[TornadoVM-PTX-JNI] ERROR : cuLaunchKernel -> Returned: 701
	[TornadoVM-PTX-JNI] ERROR : cuLaunchKernel -> Returned: 701
	[TornadoVM-PTX-JNI] ERROR : cuLaunchKernel -> Returned: 701
	[TornadoVM-PTX-JNI] ERROR : cuLaunchKernel -> Returned: 701
	[TornadoVM-PTX-JNI] ERROR : cuLaunchKernel -> Returned: 701
	[TornadoVM-PTX-JNI] ERROR : cuLaunchKernel -> Returned: 701
	[TornadoVM-PTX-JNI] ERROR : cuLaunchKernel -> Returned: 701
	[TornadoVM-PTX-JNI] ERROR : cuLaunchKernel -> Returned: 701
	[TornadoVM-PTX-JNI] ERROR : cuLaunchKernel -> Returned: 701
	[TornadoVM-PTX-JNI] ERROR : cuLaunchKernel -> Returned: 701
	[TornadoVM-PTX-JNI] ERROR : cuLaunchKernel -> Returned: 701
	[TornadoVM-PTX-JNI] ERROR : cuLaunchKernel -> Returned: 701
	[TornadoVM-PTX-JNI] ERROR : cuLaunchKernel -> Returned: 701
	[TornadoVM-PTX-JNI] ERROR : cuLaunchKernel -> Returned: 701
	[TornadoVM-PTX-JNI] ERROR : cuLaunchKernel -> Returned: 701
	[TornadoVM-PTX-JNI] ERROR : cuLaunchKernel -> Returned: 701
	[TornadoVM-PTX-JNI] ERROR : cuLaunchKernel -> Returned: 701
	[TornadoVM-PTX-JNI] ERROR : cuLaunchKernel -> Returned: 701
	[TornadoVM-PTX-JNI] ERROR : cuLaunchKernel -> Returned: 701
	[TornadoVM-PTX-JNI] ERROR : cuLaunchKernel -> Returned: 701
	[TornadoVM-PTX-JNI] ERROR : cuLaunchKernel -> Returned: 701
	[TornadoVM-PTX-JNI] ERROR : cuLaunchKernel -> Returned: 701
	[TornadoVM-PTX-JNI] ERROR : cuLaunchKernel -> Returned: 701
	[TornadoVM-PTX-JNI] ERROR : cuLaunchKernel -> Returned: 701
	[TornadoVM-PTX-JNI] ERROR : cuLaunchKernel -> Returned: 701
	[TornadoVM-PTX-JNI] ERROR : cuLaunchKernel -> Returned: 701
	[TornadoVM-PTX-JNI] ERROR : cuLaunchKernel -> Returned: 701
	[TornadoVM-PTX-JNI] ERROR : cuLaunchKernel -> Returned: 701
	[TornadoVM-PTX-JNI] ERROR : cuLaunchKernel -> Returned: 701
	[TornadoVM-PTX-JNI] ERROR : cuLaunchKernel -> Returned: 701
	[TornadoVM-PTX-JNI] ERROR : cuLaunchKernel -> Returned: 701
	[TornadoVM-PTX-JNI] ERROR : cuLaunchKernel -> Returned: 701
	[TornadoVM-PTX-JNI] ERROR : cuLaunchKernel -> Returned: 701
	[TornadoVM-PTX-JNI] ERROR : cuLaunchKernel -> Returned: 701
	[TornadoVM-PTX-JNI] ERROR : cuLaunchKernel -> Returned: 701
	[TornadoVM-PTX-JNI] ERROR : cuLaunchKernel -> Returned: 701
	[TornadoVM-PTX-JNI] ERROR : cuLaunchKernel -> Returned: 701
	[TornadoVM-PTX-JNI] ERROR : cuLaunchKernel -> Returned: 701
	[TornadoVM-PTX-JNI] ERROR : cuLaunchKernel -> Returned: 701
	[TornadoVM-PTX-JNI] ERROR : cuLaunchKernel -> Returned: 701
	[TornadoVM-PTX-JNI] ERROR : cuLaunchKernel -> Returned: 701
	[TornadoVM-PTX-JNI] ERROR : cuLaunchKernel -> Returned: 701
	[TornadoVM-PTX-JNI] ERROR : cuLaunchKernel -> Returned: 701
	[TornadoVM-PTX-JNI] ERROR : cuLaunchKernel -> Returned: 701
	[TornadoVM-PTX-JNI] ERROR : cuLaunchKernel -> Returned: 701
	[TornadoVM-PTX-JNI] ERROR : cuLaunchKernel -> Returned: 701
	[TornadoVM-PTX-JNI] ERROR : cuLaunchKernel -> Returned: 701
	[TornadoVM-PTX-JNI] ERROR : cuLaunchKernel -> Returned: 701
	[TornadoVM-PTX-JNI] ERROR : cuLaunchKernel -> Returned: 701
	[TornadoVM-PTX-JNI] ERROR : cuLaunchKernel -> Returned: 701
	[TornadoVM-PTX-JNI] ERROR : cuLaunchKernel -> Returned: 701
	[TornadoVM-PTX-JNI] ERROR : cuLaunchKernel -> Returned: 701
	[TornadoVM-PTX-JNI] ERROR : cuLaunchKernel -> Returned: 701
	[TornadoVM-PTX-JNI] ERROR : cuLaunchKernel -> Returned: 701
	[TornadoVM-PTX-JNI] ERROR : cuLaunchKernel -> Returned: 701
	[TornadoVM-PTX-JNI] ERROR : cuLaunchKernel -> Returned: 701
	[TornadoVM-PTX-JNI] ERROR : cuLaunchKernel -> Returned: 701
	[TornadoVM-PTX-JNI] ERROR : cuLaunchKernel -> Returned: 701
	[TornadoVM-PTX-JNI] ERROR : cuLaunchKernel -> Returned: 701
	[TornadoVM-PTX-JNI] ERROR : cuLaunchKernel -> Returned: 701
	[TornadoVM-PTX-JNI] ERROR : cuLaunchKernel -> Returned: 701
	[TornadoVM-PTX-JNI] ERROR : cuLaunchKernel -> Returned: 701
	[TornadoVM-PTX-JNI] ERROR : cuLaunchKernel -> Returned: 701
	[TornadoVM-PTX-JNI] ERROR : cuLaunchKernel -> Returned: 701
	[TornadoVM-PTX-JNI] ERROR : cuLaunchKernel -> Returned: 701
	[TornadoVM-PTX-JNI] ERROR : cuLaunchKernel -> Returned: 701
	[TornadoVM-PTX-JNI] ERROR : cuLaunchKernel -> Returned: 701
	[TornadoVM-PTX-JNI] ERROR : cuLaunchKernel -> Returned: 701
	[TornadoVM-PTX-JNI] ERROR : cuLaunchKernel -> Returned: 701
	[TornadoVM-PTX-JNI] ERROR : cuLaunchKernel -> Returned: 701
	[TornadoVM-PTX-JNI] ERROR : cuLaunchKernel -> Returned: 701
	[TornadoVM-PTX-JNI] ERROR : cuLaunchKernel -> Returned: 701
	[TornadoVM-PTX-JNI] ERROR : cuLaunchKernel -> Returned: 701
	[TornadoVM-PTX-JNI] ERROR : cuLaunchKernel -> Returned: 701
	[TornadoVM-PTX-JNI] ERROR : cuLaunchKernel -> Returned: 701
	[TornadoVM-PTX-JNI] ERROR : cuLaunchKernel -> Returned: 701
	[TornadoVM-PTX-JNI] ERROR : cuLaunchKernel -> Returned: 701
	[TornadoVM-PTX-JNI] ERROR : cuLaunchKernel -> Returned: 701
	[TornadoVM-PTX-JNI] ERROR : cuLaunchKernel -> Returned: 701
	[TornadoVM-PTX-JNI] ERROR : cuLaunchKernel -> Returned: 701
	[TornadoVM-PTX-JNI] ERROR : cuLaunchKernel -> Returned: 701
	[TornadoVM-PTX-JNI] ERROR : cuLaunchKernel -> Returned: 701
	[TornadoVM-PTX-JNI] ERROR : cuLaunchKernel -> Returned: 701
	[TornadoVM-PTX-JNI] ERROR : cuLaunchKernel -> Returned: 701
	[TornadoVM-PTX-JNI] ERROR : cuLaunchKernel -> Returned: 701
	[TornadoVM-PTX-JNI] ERROR : cuLaunchKernel -> Returned: 701
	[TornadoVM-PTX-JNI] ERROR : cuLaunchKernel -> Returned: 701
	[TornadoVM-PTX-JNI] ERROR : cuLaunchKernel -> Returned: 701
	[TornadoVM-PTX-JNI] ERROR : cuLaunchKernel -> Returned: 701
	[TornadoVM-PTX-JNI] ERROR : cuLaunchKernel -> Returned: 701
	[TornadoVM-PTX-JNI] ERROR : cuLaunchKernel -> Returned: 701
	[TornadoVM-PTX-JNI] ERROR : cuLaunchKernel -> Returned: 701
	[TornadoVM-PTX-JNI] ERROR : cuLaunchKernel -> Returned: 701
	[TornadoVM-PTX-JNI] ERROR : cuLaunchKernel -> Returned: 701
	[TornadoVM-PTX-JNI] ERROR : cuLaunchKernel -> Returned: 701
	[TornadoVM-PTX-JNI] ERROR : cuLaunchKernel -> Returned: 701
	[TornadoVM-PTX-JNI] ERROR : cuLaunchKernel -> Returned: 701
	[TornadoVM-PTX-JNI] ERROR : cuLaunchKernel -> Returned: 701
	[TornadoVM-PTX-JNI] ERROR : cuLaunchKernel -> Returned: 701
	[TornadoVM-PTX-JNI] ERROR : cuLaunchKernel -> Returned: 701
	[TornadoVM-PTX-JNI] ERROR : cuLaunchKernel -> Returned: 701
	[TornadoVM-PTX-JNI] ERROR : cuLaunchKernel -> Returned: 701
	[TornadoVM-PTX-JNI] ERROR : cuLaunchKernel -> Returned: 701
	[TornadoVM-PTX-JNI] ERROR : cuLaunchKernel -> Returned: 701
	[TornadoVM-PTX-JNI] ERROR : cuLaunchKernel -> Returned: 701
	[TornadoVM-PTX-JNI] ERROR : cuLaunchKernel -> Returned: 701
	[TornadoVM-PTX-JNI] ERROR : cuLaunchKernel -> Returned: 701
	[TornadoVM-PTX-JNI] ERROR : cuLaunchKernel -> Returned: 701
	[TornadoVM-PTX-JNI] ERROR : cuLaunchKernel -> Returned: 701
	[TornadoVM-PTX-JNI] ERROR : cuLaunchKernel -> Returned: 701
	[TornadoVM-PTX-JNI] ERROR : cuLaunchKernel -> Returned: 701
	[TornadoVM-PTX-JNI] ERROR : cuLaunchKernel -> Returned: 701
	[TornadoVM-PTX-JNI] ERROR : cuLaunchKernel -> Returned: 701
	[TornadoVM-PTX-JNI] ERROR : cuLaunchKernel -> Returned: 701
	[TornadoVM-PTX-JNI] ERROR : cuLaunchKernel -> Returned: 701
	[TornadoVM-PTX-JNI] ERROR : cuLaunchKernel -> Returned: 701
	[TornadoVM-PTX-JNI] ERROR : cuLaunchKernel -> Returned: 701
	[TornadoVM-PTX-JNI] ERROR : cuLaunchKernel -> Returned: 701
	[TornadoVM-PTX-JNI] ERROR : cuLaunchKernel -> Returned: 701
	[TornadoVM-PTX-JNI] ERROR : cuLaunchKernel -> Returned: 701
	[TornadoVM-PTX-JNI] ERROR : cuLaunchKernel -> Returned: 701
	[TornadoVM-PTX-JNI] ERROR : cuLaunchKernel -> Returned: 701
	[TornadoVM-PTX-JNI] ERROR : cuLaunchKernel -> Returned: 701
	[TornadoVM-PTX-JNI] ERROR : cuLaunchKernel -> Returned: 701
	[TornadoVM-PTX-JNI] ERROR : cuLaunchKernel -> Returned: 701
	[TornadoVM-PTX-JNI] ERROR : cuLaunchKernel -> Returned: 701
	[TornadoVM-PTX-JNI] ERROR : cuLaunchKernel -> Returned: 701
	[TornadoVM-PTX-JNI] ERROR : cuLaunchKernel -> Returned: 701
	[TornadoVM-PTX-JNI] ERROR : cuLaunchKernel -> Returned: 701
	[TornadoVM-PTX-JNI] ERROR : cuLaunchKernel -> Returned: 701
	[TornadoVM-PTX-JNI] ERROR : cuLaunchKernel -> Returned: 701
	[TornadoVM-PTX-JNI] ERROR : cuLaunchKernel -> Returned: 701
	[TornadoVM-PTX-JNI] ERROR : cuLaunchKernel -> Returned: 701
	[TornadoVM-PTX-JNI] ERROR : cuLaunchKernel -> Returned: 701
	[TornadoVM-PTX-JNI] ERROR : cuLaunchKernel -> Returned: 701
	[TornadoVM-PTX-JNI] ERROR : cuLaunchKernel -> Returned: 701
	[TornadoVM-PTX-JNI] ERROR : cuLaunchKernel -> Returned: 701
	[TornadoVM-PTX-JNI] ERROR : cuLaunchKernel -> Returned: 701
	[TornadoVM-PTX-JNI] ERROR : cuLaunchKernel -> Returned: 701
	[TornadoVM-PTX-JNI] ERROR : cuLaunchKernel -> Returned: 701
	[TornadoVM-PTX-JNI] ERROR : cuLaunchKernel -> Returned: 701
	[TornadoVM-PTX-JNI] ERROR : cuLaunchKernel -> Returned: 701
	[TornadoVM-PTX-JNI] ERROR : cuLaunchKernel -> Returned: 701
	[TornadoVM-PTX-JNI] ERROR : cuLaunchKernel -> Returned: 701
	[TornadoVM-PTX-JNI] ERROR : cuLaunchKernel -> Returned: 701
	[TornadoVM-PTX-JNI] ERROR : cuLaunchKernel -> Returned: 701
	[TornadoVM-PTX-JNI] ERROR : cuLaunchKernel -> Returned: 701
	[TornadoVM-PTX-JNI] ERROR : cuLaunchKernel -> Returned: 701
	[TornadoVM-PTX-JNI] ERROR : cuLaunchKernel -> Returned: 701
	[TornadoVM-PTX-JNI] ERROR : cuLaunchKernel -> Returned: 701
	[TornadoVM-PTX-JNI] ERROR : cuLaunchKernel -> Returned: 701
	[TornadoVM-PTX-JNI] ERROR : cuLaunchKernel -> Returned: 701
	[TornadoVM-PTX-JNI] ERROR : cuLaunchKernel -> Returned: 701
	[TornadoVM-PTX-JNI] ERROR : cuLaunchKernel -> Returned: 701
	[TornadoVM-PTX-JNI] ERROR : cuLaunchKernel -> Returned: 701
	[TornadoVM-PTX-JNI] ERROR : cuLaunchKernel -> Returned: 701
	[TornadoVM-PTX-JNI] ERROR : cuLaunchKernel -> Returned: 701
	[TornadoVM-PTX-JNI] ERROR : cuLaunchKernel -> Returned: 701
	[TornadoVM-PTX-JNI] ERROR : cuLaunchKernel -> Returned: 701
	[TornadoVM-PTX-JNI] ERROR : cuLaunchKernel -> Returned: 701
	[TornadoVM-PTX-JNI] ERROR : cuLaunchKernel -> Returned: 701
	[TornadoVM-PTX-JNI] ERROR : cuLaunchKernel -> Returned: 701
	[TornadoVM-PTX-JNI] ERROR : cuLaunchKernel -> Returned: 701
	[TornadoVM-PTX-JNI] ERROR : cuLaunchKernel -> Returned: 701
	[TornadoVM-PTX-JNI] ERROR : cuLaunchKernel -> Returned: 701
	[TornadoVM-PTX-JNI] ERROR : cuLaunchKernel -> Returned: 701
	[TornadoVM-PTX-JNI] ERROR : cuLaunchKernel -> Returned: 701
	[TornadoVM-PTX-JNI] ERROR : cuLaunchKernel -> Returned: 701
	[TornadoVM-PTX-JNI] ERROR : cuLaunchKernel -> Returned: 701
	[TornadoVM-PTX-JNI] ERROR : cuLaunchKernel -> Returned: 701
	[TornadoVM-PTX-JNI] ERROR : cuLaunchKernel -> Returned: 701
	[TornadoVM-PTX-JNI] ERROR : cuLaunchKernel -> Returned: 701
	[TornadoVM-PTX-JNI] ERROR : cuLaunchKernel -> Returned: 701
	[TornadoVM-PTX-JNI] ERROR : cuLaunchKernel -> Returned: 701
	[TornadoVM-PTX-JNI] ERROR : cuLaunchKernel -> Returned: 701
	[TornadoVM-PTX-JNI] ERROR : cuLaunchKernel -> Returned: 701
	[TornadoVM-PTX-JNI] ERROR : cuLaunchKernel -> Returned: 701
	[TornadoVM-PTX-JNI] ERROR : cuLaunchKernel -> Returned: 701
	[TornadoVM-PTX-JNI] ERROR : cuLaunchKernel -> Returned: 701
	[TornadoVM-PTX-JNI] ERROR : cuLaunchKernel -> Returned: 701
	[TornadoVM-PTX-JNI] ERROR : cuLaunchKernel -> Returned: 701
	[TornadoVM-PTX-JNI] ERROR : cuLaunchKernel -> Returned: 701
	[TornadoVM-PTX-JNI] ERROR : cuLaunchKernel -> Returned: 701
	[TornadoVM-PTX-JNI] ERROR : cuLaunchKernel -> Returned: 701
	[TornadoVM-PTX-JNI] ERROR : cuLaunchKernel -> Returned: 701
	[TornadoVM-PTX-JNI] ERROR : cuLaunchKernel -> Returned: 701
	[TornadoVM-PTX-JNI] ERROR : cuLaunchKernel -> Returned: 701
	[TornadoVM-PTX-JNI] ERROR : cuLaunchKernel -> Returned: 701
	[TornadoVM-PTX-JNI] ERROR : cuLaunchKernel -> Returned: 701
	[TornadoVM-PTX-JNI] ERROR : cuLaunchKernel -> Returned: 701
	[TornadoVM-PTX-JNI] ERROR : cuLaunchKernel -> Returned: 701
	[TornadoVM-PTX-JNI] ERROR : cuLaunchKernel -> Returned: 701
	[TornadoVM-PTX-JNI] ERROR : cuLaunchKernel -> Returned: 701
	[TornadoVM-PTX-JNI] ERROR : cuLaunchKernel -> Returned: 701
	[TornadoVM-PTX-JNI] ERROR : cuLaunchKernel -> Returned: 701
	[TornadoVM-PTX-JNI] ERROR : cuLaunchKernel -> Returned: 701
	[TornadoVM-PTX-JNI] ERROR : cuLaunchKernel -> Returned: 701
	[TornadoVM-PTX-JNI] ERROR : cuLaunchKernel -> Returned: 701
	[TornadoVM-PTX-JNI] ERROR : cuLaunchKernel -> Returned: 701
	[TornadoVM-PTX-JNI] ERROR : cuLaunchKernel -> Returned: 701
	[TornadoVM-PTX-JNI] ERROR : cuLaunchKernel -> Returned: 701
	[TornadoVM-PTX-JNI] ERROR : cuLaunchKernel -> Returned: 701
	[TornadoVM-PTX-JNI] ERROR : cuLaunchKernel -> Returned: 701
	[TornadoVM-PTX-JNI] ERROR : cuLaunchKernel -> Returned: 701
	[TornadoVM-PTX-JNI] ERROR : cuLaunchKernel -> Returned: 701
	[TornadoVM-PTX-JNI] ERROR : cuLaunchKernel -> Returned: 701
	[TornadoVM-PTX-JNI] ERROR : cuLaunchKernel -> Returned: 701
	[TornadoVM-PTX-JNI] ERROR : cuLaunchKernel -> Returned: 701
	[TornadoVM-PTX-JNI] ERROR : cuLaunchKernel -> Returned: 701
	[TornadoVM-PTX-JNI] ERROR : cuLaunchKernel -> Returned: 701
	[TornadoVM-PTX-JNI] ERROR : cuLaunchKernel -> Returned: 701
	[TornadoVM-PTX-JNI] ERROR : cuLaunchKernel -> Returned: 701
	[TornadoVM-PTX-JNI] ERROR : cuLaunchKernel -> Returned: 701
	[TornadoVM-PTX-JNI] ERROR : cuLaunchKernel -> Returned: 701
	[TornadoVM-PTX-JNI] ERROR : cuLaunchKernel -> Returned: 701
	[TornadoVM-PTX-JNI] ERROR : cuLaunchKernel -> Returned: 701
	[TornadoVM-PTX-JNI] ERROR : cuLaunchKernel -> Returned: 701
	[TornadoVM-PTX-JNI] ERROR : cuLaunchKernel -> Returned: 701
	[TornadoVM-PTX-JNI] ERROR : cuLaunchKernel -> Returned: 701
	[TornadoVM-PTX-JNI] ERROR : cuLaunchKernel -> Returned: 701
	[TornadoVM-PTX-JNI] ERROR : cuLaunchKernel -> Returned: 701
	[TornadoVM-PTX-JNI] ERROR : cuLaunchKernel -> Returned: 701
	[TornadoVM-PTX-JNI] ERROR : cuLaunchKernel -> Returned: 701
	[TornadoVM-PTX-JNI] ERROR : cuLaunchKernel -> Returned: 701
	[TornadoVM-PTX-JNI] ERROR : cuLaunchKernel -> Returned: 701
	[TornadoVM-PTX-JNI] ERROR : cuLaunchKernel -> Returned: 701
	[TornadoVM-PTX-JNI] ERROR : cuLaunchKernel -> Returned: 701
	[TornadoVM-PTX-JNI] ERROR : cuLaunchKernel -> Returned: 701
	[TornadoVM-PTX-JNI] ERROR : cuLaunchKernel -> Returned: 701
	[TornadoVM-PTX-JNI] ERROR : cuLaunchKernel -> Returned: 701
	[TornadoVM-PTX-JNI] ERROR : cuLaunchKernel -> Returned: 701
	[TornadoVM-PTX-JNI] ERROR : cuLaunchKernel -> Returned: 701
	[TornadoVM-PTX-JNI] ERROR : cuLaunchKernel -> Returned: 701
	[TornadoVM-PTX-JNI] ERROR : cuLaunchKernel -> Returned: 701
	[TornadoVM-PTX-JNI] ERROR : cuLaunchKernel -> Returned: 701
	[TornadoVM-PTX-JNI] ERROR : cuLaunchKernel -> Returned: 701
	[TornadoVM-PTX-JNI] ERROR : cuLaunchKernel -> Returned: 701
	[TornadoVM-PTX-JNI] ERROR : cuLaunchKernel -> Returned: 701
	[TornadoVM-PTX-JNI] ERROR : cuLaunchKernel -> Returned: 701
	[TornadoVM-PTX-JNI] ERROR : cuLaunchKernel -> Returned: 701
	[TornadoVM-PTX-JNI] ERROR : cuLaunchKernel -> Returned: 701
	[TornadoVM-PTX-JNI] ERROR : cuLaunchKernel -> Returned: 701
	[TornadoVM-PTX-JNI] ERROR : cuLaunchKernel -> Returned: 701
	[TornadoVM-PTX-JNI] ERROR : cuLaunchKernel -> Returned: 701
	[TornadoVM-PTX-JNI] ERROR : cuLaunchKernel -> Returned: 701
	[TornadoVM-PTX-JNI] ERROR : cuLaunchKernel -> Returned: 701
	[TornadoVM-PTX-JNI] ERROR : cuLaunchKernel -> Returned: 701
	[TornadoVM-PTX-JNI] ERROR : cuLaunchKernel -> Returned: 701
	[TornadoVM-PTX-JNI] ERROR : cuLaunchKernel -> Returned: 701
	[TornadoVM-PTX-JNI] ERROR : cuLaunchKernel -> Returned: 701
	[TornadoVM-PTX-JNI] ERROR : cuLaunchKernel -> Returned: 701
	[TornadoVM-PTX-JNI] ERROR : cuLaunchKernel -> Returned: 701
	[TornadoVM-PTX-JNI] ERROR : cuLaunchKernel -> Returned: 701
	[TornadoVM-PTX-JNI] ERROR : cuLaunchKernel -> Returned: 701
	[TornadoVM-PTX-JNI] ERROR : cuLaunchKernel -> Returned: 701
	[TornadoVM-PTX-JNI] ERROR : cuLaunchKernel -> Returned: 701
	[TornadoVM-PTX-JNI] ERROR : cuLaunchKernel -> Returned: 701
	[TornadoVM-PTX-JNI] ERROR : cuLaunchKernel -> Returned: 701
	[TornadoVM-PTX-JNI] ERROR : cuLaunchKernel -> Returned: 701
	[TornadoVM-PTX-JNI] ERROR : cuLaunchKernel -> Returned: 701
	[TornadoVM-PTX-JNI] ERROR : cuLaunchKernel -> Returned: 701
	[TornadoVM-PTX-JNI] ERROR : cuLaunchKernel -> Returned: 701
	[TornadoVM-PTX-JNI] ERROR : cuLaunchKernel -> Returned: 701
	[TornadoVM-PTX-JNI] ERROR : cuLaunchKernel -> Returned: 701
	[TornadoVM-PTX-JNI] ERROR : cuLaunchKernel -> Returned: 701
	[TornadoVM-PTX-JNI] ERROR : cuLaunchKernel -> Returned: 701
	[TornadoVM-PTX-JNI] ERROR : cuLaunchKernel -> Returned: 701
	[TornadoVM-PTX-JNI] ERROR : cuLaunchKernel -> Returned: 701
	[TornadoVM-PTX-JNI] ERROR : cuLaunchKernel -> Returned: 701
	[TornadoVM-PTX-JNI] ERROR : cuLaunchKernel -> Returned: 701
	[TornadoVM-PTX-JNI] ERROR : cuLaunchKernel -> Returned: 701
	[TornadoVM-PTX-JNI] ERROR : cuLaunchKernel -> Returned: 701
	[TornadoVM-PTX-JNI] ERROR : cuLaunchKernel -> Returned: 701
	[TornadoVM-PTX-JNI] ERROR : cuLaunchKernel -> Returned: 701
	[TornadoVM-PTX-JNI] ERROR : cuLaunchKernel -> Returned: 701
	[TornadoVM-PTX-JNI] ERROR : cuLaunchKernel -> Returned: 701
	[TornadoVM-PTX-JNI] ERROR : cuLaunchKernel -> Returned: 701
	[TornadoVM-PTX-JNI] ERROR : cuLaunchKernel -> Returned: 701
	[TornadoVM-PTX-JNI] ERROR : cuLaunchKernel -> Returned: 701
	[TornadoVM-PTX-JNI] ERROR : cuLaunchKernel -> Returned: 701
	[TornadoVM-PTX-JNI] ERROR : cuLaunchKernel -> Returned: 701
	[TornadoVM-PTX-JNI] ERROR : cuLaunchKernel -> Returned: 701
	[TornadoVM-PTX-JNI] ERROR : cuLaunchKernel -> Returned: 701
	[TornadoVM-PTX-JNI] ERROR : cuLaunchKernel -> Returned: 701
	[TornadoVM-PTX-JNI] ERROR : cuLaunchKernel -> Returned: 701
	[TornadoVM-PTX-JNI] ERROR : cuLaunchKernel -> Returned: 701
	[TornadoVM-PTX-JNI] ERROR : cuLaunchKernel -> Returned: 701
	[TornadoVM-PTX-JNI] ERROR : cuLaunchKernel -> Returned: 701
	[TornadoVM-PTX-JNI] ERROR : cuLaunchKernel -> Returned: 701
	[TornadoVM-PTX-JNI] ERROR : cuLaunchKernel -> Returned: 701
	[TornadoVM-PTX-JNI] ERROR : cuLaunchKernel -> Returned: 701
	[TornadoVM-PTX-JNI] ERROR : cuLaunchKernel -> Returned: 701
	[TornadoVM-PTX-JNI] ERROR : cuLaunchKernel -> Returned: 701
	[TornadoVM-PTX-JNI] ERROR : cuLaunchKernel -> Returned: 701
	[TornadoVM-PTX-JNI] ERROR : cuLaunchKernel -> Returned: 701
	[TornadoVM-PTX-JNI] ERROR : cuLaunchKernel -> Returned: 701
	[TornadoVM-PTX-JNI] ERROR : cuLaunchKernel -> Returned: 701
	[TornadoVM-PTX-JNI] ERROR : cuLaunchKernel -> Returned: 701
	[TornadoVM-PTX-JNI] ERROR : cuLaunchKernel -> Returned: 701
	[TornadoVM-PTX-JNI] ERROR : cuLaunchKernel -> Returned: 701
	[TornadoVM-PTX-JNI] ERROR : cuLaunchKernel -> Returned: 701
	[TornadoVM-PTX-JNI] ERROR : cuLaunchKernel -> Returned: 701
	[TornadoVM-PTX-JNI] ERROR : cuLaunchKernel -> Returned: 701
	[TornadoVM-PTX-JNI] ERROR : cuLaunchKernel -> Returned: 701
	[TornadoVM-PTX-JNI] ERROR : cuLaunchKernel -> Returned: 701
	[TornadoVM-PTX-JNI] ERROR : cuLaunchKernel -> Returned: 701
	[TornadoVM-PTX-JNI] ERROR : cuLaunchKernel -> Returned: 701
	[TornadoVM-PTX-JNI] ERROR : cuLaunchKernel -> Returned: 701
	[TornadoVM-PTX-JNI] ERROR : cuLaunchKernel -> Returned: 701
	[TornadoVM-PTX-JNI] ERROR : cuLaunchKernel -> Returned: 701
	[TornadoVM-PTX-JNI] ERROR : cuLaunchKernel -> Returned: 701
[GATHER] call=4000 totalDirty=0 maxThread=0 cumAvg=13.3 cumMaxPerThread=4
	[TornadoVM-PTX-JNI] ERROR : cuLaunchKernel -> Returned: 701
	[TornadoVM-PTX-JNI] ERROR : cuLaunchKernel -> Returned: 701
	[TornadoVM-PTX-JNI] ERROR : cuLaunchKernel -> Returned: 701
	[TornadoVM-PTX-JNI] ERROR : cuLaunchKernel -> Returned: 701
	[TornadoVM-PTX-JNI] ERROR : cuLaunchKernel -> Returned: 701
	[TornadoVM-PTX-JNI] ERROR : cuLaunchKernel -> Returned: 701
	[TornadoVM-PTX-JNI] ERROR : cuLaunchKernel -> Returned: 701
	[TornadoVM-PTX-JNI] ERROR : cuLaunchKernel -> Returned: 701
	[TornadoVM-PTX-JNI] ERROR : cuLaunchKernel -> Returned: 701
	[TornadoVM-PTX-JNI] ERROR : cuLaunchKernel -> Returned: 701
	[TornadoVM-PTX-JNI] ERROR : cuLaunchKernel -> Returned: 701
	[TornadoVM-PTX-JNI] ERROR : cuLaunchKernel -> Returned: 701
	[TornadoVM-PTX-JNI] ERROR : cuLaunchKernel -> Returned: 701
	[TornadoVM-PTX-JNI] ERROR : cuLaunchKernel -> Returned: 701
	[TornadoVM-PTX-JNI] ERROR : cuLaunchKernel -> Returned: 701
	[TornadoVM-PTX-JNI] ERROR : cuLaunchKernel -> Returned: 701
	[TornadoVM-PTX-JNI] ERROR : cuLaunchKernel -> Returned: 701
	[TornadoVM-PTX-JNI] ERROR : cuLaunchKernel -> Returned: 701
	[TornadoVM-PTX-JNI] ERROR : cuLaunchKernel -> Returned: 701
	[TornadoVM-PTX-JNI] ERROR : cuLaunchKernel -> Returned: 701
	[TornadoVM-PTX-JNI] ERROR : cuLaunchKernel -> Returned: 701
	[TornadoVM-PTX-JNI] ERROR : cuLaunchKernel -> Returned: 701
	[TornadoVM-PTX-JNI] ERROR : cuLaunchKernel -> Returned: 701
	[TornadoVM-PTX-JNI] ERROR : cuLaunchKernel -> Returned: 701
	[TornadoVM-PTX-JNI] ERROR : cuLaunchKernel -> Returned: 701
	[TornadoVM-PTX-JNI] ERROR : cuLaunchKernel -> Returned: 701
	[TornadoVM-PTX-JNI] ERROR : cuLaunchKernel -> Returned: 701
	[TornadoVM-PTX-JNI] ERROR : cuLaunchKernel -> Returned: 701
	[TornadoVM-PTX-JNI] ERROR : cuLaunchKernel -> Returned: 701
	[TornadoVM-PTX-JNI] ERROR : cuLaunchKernel -> Returned: 701
	[TornadoVM-PTX-JNI] ERROR : cuLaunchKernel -> Returned: 701
	[TornadoVM-PTX-JNI] ERROR : cuLaunchKernel -> Returned: 701
	[TornadoVM-PTX-JNI] ERROR : cuLaunchKernel -> Returned: 701
	[TornadoVM-PTX-JNI] ERROR : cuLaunchKernel -> Returned: 701
	[TornadoVM-PTX-JNI] ERROR : cuLaunchKernel -> Returned: 701
	[TornadoVM-PTX-JNI] ERROR : cuLaunchKernel -> Returned: 701
	[TornadoVM-PTX-JNI] ERROR : cuLaunchKernel -> Returned: 701
	[TornadoVM-PTX-JNI] ERROR : cuLaunchKernel -> Returned: 701
	[TornadoVM-PTX-JNI] ERROR : cuLaunchKernel -> Returned: 701
	[TornadoVM-PTX-JNI] ERROR : cuLaunchKernel -> Returned: 701
	[TornadoVM-PTX-JNI] ERROR : cuLaunchKernel -> Returned: 701
	[TornadoVM-PTX-JNI] ERROR : cuLaunchKernel -> Returned: 701
	[TornadoVM-PTX-JNI] ERROR : cuLaunchKernel -> Returned: 701
	[TornadoVM-PTX-JNI] ERROR : cuLaunchKernel -> Returned: 701
	[TornadoVM-PTX-JNI] ERROR : cuLaunchKernel -> Returned: 701
	[TornadoVM-PTX-JNI] ERROR : cuLaunchKernel -> Returned: 701
	[TornadoVM-PTX-JNI] ERROR : cuLaunchKernel -> Returned: 701
	[TornadoVM-PTX-JNI] ERROR : cuLaunchKernel -> Returned: 701
	[TornadoVM-PTX-JNI] ERROR : cuLaunchKernel -> Returned: 701
	[TornadoVM-PTX-JNI] ERROR : cuLaunchKernel -> Returned: 701
	[TornadoVM-PTX-JNI] ERROR : cuLaunchKernel -> Returned: 701
	[TornadoVM-PTX-JNI] ERROR : cuLaunchKernel -> Returned: 701
	[TornadoVM-PTX-JNI] ERROR : cuLaunchKernel -> Returned: 701
	[TornadoVM-PTX-JNI] ERROR : cuLaunchKernel -> Returned: 701
	[TornadoVM-PTX-JNI] ERROR : cuLaunchKernel -> Returned: 701
	[TornadoVM-PTX-JNI] ERROR : cuLaunchKernel -> Returned: 701
	[TornadoVM-PTX-JNI] ERROR : cuLaunchKernel -> Returned: 701
	[TornadoVM-PTX-JNI] ERROR : cuLaunchKernel -> Returned: 701
	[TornadoVM-PTX-JNI] ERROR : cuLaunchKernel -> Returned: 701
	[TornadoVM-PTX-JNI] ERROR : cuLaunchKernel -> Returned: 701
	[TornadoVM-PTX-JNI] ERROR : cuLaunchKernel -> Returned: 701
	[TornadoVM-PTX-JNI] ERROR : cuLaunchKernel -> Returned: 701
	[TornadoVM-PTX-JNI] ERROR : cuLaunchKernel -> Returned: 701
	[TornadoVM-PTX-JNI] ERROR : cuLaunchKernel -> Returned: 701
	[TornadoVM-PTX-JNI] ERROR : cuLaunchKernel -> Returned: 701
	[TornadoVM-PTX-JNI] ERROR : cuLaunchKernel -> Returned: 701
	[TornadoVM-PTX-JNI] ERROR : cuLaunchKernel -> Returned: 701
	[TornadoVM-PTX-JNI] ERROR : cuLaunchKernel -> Returned: 701
	[TornadoVM-PTX-JNI] ERROR : cuLaunchKernel -> Returned: 701
	[TornadoVM-PTX-JNI] ERROR : cuLaunchKernel -> Returned: 701
	[TornadoVM-PTX-JNI] ERROR : cuLaunchKernel -> Returned: 701
	[TornadoVM-PTX-JNI] ERROR : cuLaunchKernel -> Returned: 701
	[TornadoVM-PTX-JNI] ERROR : cuLaunchKernel -> Returned: 701
	[TornadoVM-PTX-JNI] ERROR : cuLaunchKernel -> Returned: 701
	[TornadoVM-PTX-JNI] ERROR : cuLaunchKernel -> Returned: 701
	[TornadoVM-PTX-JNI] ERROR : cuLaunchKernel -> Returned: 701
	[TornadoVM-PTX-JNI] ERROR : cuLaunchKernel -> Returned: 701
	[TornadoVM-PTX-JNI] ERROR : cuLaunchKernel -> Returned: 701
	[TornadoVM-PTX-JNI] ERROR : cuLaunchKernel -> Returned: 701
	[TornadoVM-PTX-JNI] ERROR : cuLaunchKernel -> Returned: 701
	[TornadoVM-PTX-JNI] ERROR : cuLaunchKernel -> Returned: 701
	[TornadoVM-PTX-JNI] ERROR : cuLaunchKernel -> Returned: 701
	[TornadoVM-PTX-JNI] ERROR : cuLaunchKernel -> Returned: 701
	[TornadoVM-PTX-JNI] ERROR : cuLaunchKernel -> Returned: 701
	[TornadoVM-PTX-JNI] ERROR : cuLaunchKernel -> Returned: 701
	[TornadoVM-PTX-JNI] ERROR : cuLaunchKernel -> Returned: 701
	[TornadoVM-PTX-JNI] ERROR : cuLaunchKernel -> Returned: 701
	[TornadoVM-PTX-JNI] ERROR : cuLaunchKernel -> Returned: 701
	[TornadoVM-PTX-JNI] ERROR : cuLaunchKernel -> Returned: 701
	[TornadoVM-PTX-JNI] ERROR : cuLaunchKernel -> Returned: 701
	[TornadoVM-PTX-JNI] ERROR : cuLaunchKernel -> Returned: 701
	[TornadoVM-PTX-JNI] ERROR : cuLaunchKernel -> Returned: 701
	[TornadoVM-PTX-JNI] ERROR : cuLaunchKernel -> Returned: 701
	[TornadoVM-PTX-JNI] ERROR : cuLaunchKernel -> Returned: 701
	[TornadoVM-PTX-JNI] ERROR : cuLaunchKernel -> Returned: 701
	[TornadoVM-PTX-JNI] ERROR : cuLaunchKernel -> Returned: 701
	[TornadoVM-PTX-JNI] ERROR : cuLaunchKernel -> Returned: 701
	[TornadoVM-PTX-JNI] ERROR : cuLaunchKernel -> Returned: 701
	[TornadoVM-PTX-JNI] ERROR : cuLaunchKernel -> Returned: 701
	[TornadoVM-PTX-JNI] ERROR : cuLaunchKernel -> Returned: 701
	[TornadoVM-PTX-JNI] ERROR : cuLaunchKernel -> Returned: 701
	[TornadoVM-PTX-JNI] ERROR : cuLaunchKernel -> Returned: 701
	[TornadoVM-PTX-JNI] ERROR : cuLaunchKernel -> Returned: 701
	[TornadoVM-PTX-JNI] ERROR : cuLaunchKernel -> Returned: 701
	[TornadoVM-PTX-JNI] ERROR : cuLaunchKernel -> Returned: 701
	[TornadoVM-PTX-JNI] ERROR : cuLaunchKernel -> Returned: 701
	[TornadoVM-PTX-JNI] ERROR : cuLaunchKernel -> Returned: 701
	[TornadoVM-PTX-JNI] ERROR : cuLaunchKernel -> Returned: 701
	[TornadoVM-PTX-JNI] ERROR : cuLaunchKernel -> Returned: 701
	[TornadoVM-PTX-JNI] ERROR : cuLaunchKernel -> Returned: 701
	[TornadoVM-PTX-JNI] ERROR : cuLaunchKernel -> Returned: 701
	[TornadoVM-PTX-JNI] ERROR : cuLaunchKernel -> Returned: 701
	[TornadoVM-PTX-JNI] ERROR : cuLaunchKernel -> Returned: 701
	[TornadoVM-PTX-JNI] ERROR : cuLaunchKernel -> Returned: 701
	[TornadoVM-PTX-JNI] ERROR : cuLaunchKernel -> Returned: 701
	[TornadoVM-PTX-JNI] ERROR : cuLaunchKernel -> Returned: 701
	[TornadoVM-PTX-JNI] ERROR : cuLaunchKernel -> Returned: 701
	[TornadoVM-PTX-JNI] ERROR : cuLaunchKernel -> Returned: 701
	[TornadoVM-PTX-JNI] ERROR : cuLaunchKernel -> Returned: 701
	[TornadoVM-PTX-JNI] ERROR : cuLaunchKernel -> Returned: 701
	[TornadoVM-PTX-JNI] ERROR : cuLaunchKernel -> Returned: 701
	[TornadoVM-PTX-JNI] ERROR : cuLaunchKernel -> Returned: 701
	[TornadoVM-PTX-JNI] ERROR : cuLaunchKernel -> Returned: 701
	[TornadoVM-PTX-JNI] ERROR : cuLaunchKernel -> Returned: 701
	[TornadoVM-PTX-JNI] ERROR : cuLaunchKernel -> Returned: 701
	[TornadoVM-PTX-JNI] ERROR : cuLaunchKernel -> Returned: 701
	[TornadoVM-PTX-JNI] ERROR : cuLaunchKernel -> Returned: 701
	[TornadoVM-PTX-JNI] ERROR : cuLaunchKernel -> Returned: 701
	[TornadoVM-PTX-JNI] ERROR : cuLaunchKernel -> Returned: 701
	[TornadoVM-PTX-JNI] ERROR : cuLaunchKernel -> Returned: 701
	[TornadoVM-PTX-JNI] ERROR : cuLaunchKernel -> Returned: 701
	[TornadoVM-PTX-JNI] ERROR : cuLaunchKernel -> Returned: 701
	[TornadoVM-PTX-JNI] ERROR : cuLaunchKernel -> Returned: 701
	[TornadoVM-PTX-JNI] ERROR : cuLaunchKernel -> Returned: 701
	[TornadoVM-PTX-JNI] ERROR : cuLaunchKernel -> Returned: 701
	[TornadoVM-PTX-JNI] ERROR : cuLaunchKernel -> Returned: 701
	[TornadoVM-PTX-JNI] ERROR : cuLaunchKernel -> Returned: 701
	[TornadoVM-PTX-JNI] ERROR : cuLaunchKernel -> Returned: 701
	[TornadoVM-PTX-JNI] ERROR : cuLaunchKernel -> Returned: 701
	[TornadoVM-PTX-JNI] ERROR : cuLaunchKernel -> Returned: 701
	[TornadoVM-PTX-JNI] ERROR : cuLaunchKernel -> Returned: 701
	[TornadoVM-PTX-JNI] ERROR : cuLaunchKernel -> Returned: 701
	[TornadoVM-PTX-JNI] ERROR : cuLaunchKernel -> Returned: 701
	[TornadoVM-PTX-JNI] ERROR : cuLaunchKernel -> Returned: 701
	[TornadoVM-PTX-JNI] ERROR : cuLaunchKernel -> Returned: 701
	[TornadoVM-PTX-JNI] ERROR : cuLaunchKernel -> Returned: 701
	[TornadoVM-PTX-JNI] ERROR : cuLaunchKernel -> Returned: 701
	[TornadoVM-PTX-JNI] ERROR : cuLaunchKernel -> Returned: 701
	[TornadoVM-PTX-JNI] ERROR : cuLaunchKernel -> Returned: 701
	[TornadoVM-PTX-JNI] ERROR : cuLaunchKernel -> Returned: 701
	[TornadoVM-PTX-JNI] ERROR : cuLaunchKernel -> Returned: 701
	[TornadoVM-PTX-JNI] ERROR : cuLaunchKernel -> Returned: 701
	[TornadoVM-PTX-JNI] ERROR : cuLaunchKernel -> Returned: 701
	[TornadoVM-PTX-JNI] ERROR : cuLaunchKernel -> Returned: 701
	[TornadoVM-PTX-JNI] ERROR : cuLaunchKernel -> Returned: 701
	[TornadoVM-PTX-JNI] ERROR : cuLaunchKernel -> Returned: 701
	[TornadoVM-PTX-JNI] ERROR : cuLaunchKernel -> Returned: 701
	[TornadoVM-PTX-JNI] ERROR : cuLaunchKernel -> Returned: 701
	[TornadoVM-PTX-JNI] ERROR : cuLaunchKernel -> Returned: 701
	[TornadoVM-PTX-JNI] ERROR : cuLaunchKernel -> Returned: 701
	[TornadoVM-PTX-JNI] ERROR : cuLaunchKernel -> Returned: 701
	[TornadoVM-PTX-JNI] ERROR : cuLaunchKernel -> Returned: 701
	[TornadoVM-PTX-JNI] ERROR : cuLaunchKernel -> Returned: 701
	[TornadoVM-PTX-JNI] ERROR : cuLaunchKernel -> Returned: 701
	[TornadoVM-PTX-JNI] ERROR : cuLaunchKernel -> Returned: 701
	[TornadoVM-PTX-JNI] ERROR : cuLaunchKernel -> Returned: 701
	[TornadoVM-PTX-JNI] ERROR : cuLaunchKernel -> Returned: 701
	[TornadoVM-PTX-JNI] ERROR : cuLaunchKernel -> Returned: 701
	[TornadoVM-PTX-JNI] ERROR : cuLaunchKernel -> Returned: 701
	[TornadoVM-PTX-JNI] ERROR : cuLaunchKernel -> Returned: 701
	[TornadoVM-PTX-JNI] ERROR : cuLaunchKernel -> Returned: 701
	[TornadoVM-PTX-JNI] ERROR : cuLaunchKernel -> Returned: 701
	[TornadoVM-PTX-JNI] ERROR : cuLaunchKernel -> Returned: 701
	[TornadoVM-PTX-JNI] ERROR : cuLaunchKernel -> Returned: 701
	[TornadoVM-PTX-JNI] ERROR : cuLaunchKernel -> Returned: 701
	[TornadoVM-PTX-JNI] ERROR : cuLaunchKernel -> Returned: 701
	[TornadoVM-PTX-JNI] ERROR : cuLaunchKernel -> Returned: 701
	[TornadoVM-PTX-JNI] ERROR : cuLaunchKernel -> Returned: 701
	[TornadoVM-PTX-JNI] ERROR : cuLaunchKernel -> Returned: 701
	[TornadoVM-PTX-JNI] ERROR : cuLaunchKernel -> Returned: 701
	[TornadoVM-PTX-JNI] ERROR : cuLaunchKernel -> Returned: 701
	[TornadoVM-PTX-JNI] ERROR : cuLaunchKernel -> Returned: 701
	[TornadoVM-PTX-JNI] ERROR : cuLaunchKernel -> Returned: 701
	[TornadoVM-PTX-JNI] ERROR : cuLaunchKernel -> Returned: 701
	[TornadoVM-PTX-JNI] ERROR : cuLaunchKernel -> Returned: 701
	[TornadoVM-PTX-JNI] ERROR : cuLaunchKernel -> Returned: 701
	[TornadoVM-PTX-JNI] ERROR : cuLaunchKernel -> Returned: 701
	[TornadoVM-PTX-JNI] ERROR : cuLaunchKernel -> Returned: 701
	[TornadoVM-PTX-JNI] ERROR : cuLaunchKernel -> Returned: 701
	[TornadoVM-PTX-JNI] ERROR : cuLaunchKernel -> Returned: 701
	[TornadoVM-PTX-JNI] ERROR : cuLaunchKernel -> Returned: 701
	[TornadoVM-PTX-JNI] ERROR : cuLaunchKernel -> Returned: 701
	[TornadoVM-PTX-JNI] ERROR : cuLaunchKernel -> Returned: 701
	[TornadoVM-PTX-JNI] ERROR : cuLaunchKernel -> Returned: 701
	[TornadoVM-PTX-JNI] ERROR : cuLaunchKernel -> Returned: 701
	[TornadoVM-PTX-JNI] ERROR : cuLaunchKernel -> Returned: 701
	[TornadoVM-PTX-JNI] ERROR : cuLaunchKernel -> Returned: 701
	[TornadoVM-PTX-JNI] ERROR : cuLaunchKernel -> Returned: 701
	[TornadoVM-PTX-JNI] ERROR : cuLaunchKernel -> Returned: 701
	[TornadoVM-PTX-JNI] ERROR : cuLaunchKernel -> Returned: 701
	[TornadoVM-PTX-JNI] ERROR : cuLaunchKernel -> Returned: 701
	[TornadoVM-PTX-JNI] ERROR : cuLaunchKernel -> Returned: 701
	[TornadoVM-PTX-JNI] ERROR : cuLaunchKernel -> Returned: 701
	[TornadoVM-PTX-JNI] ERROR : cuLaunchKernel -> Returned: 701
	[TornadoVM-PTX-JNI] ERROR : cuLaunchKernel -> Returned: 701
	[TornadoVM-PTX-JNI] ERROR : cuLaunchKernel -> Returned: 701
	[TornadoVM-PTX-JNI] ERROR : cuLaunchKernel -> Returned: 701
	[TornadoVM-PTX-JNI] ERROR : cuLaunchKernel -> Returned: 701
	[TornadoVM-PTX-JNI] ERROR : cuLaunchKernel -> Returned: 701
	[TornadoVM-PTX-JNI] ERROR : cuLaunchKernel -> Returned: 701
	[TornadoVM-PTX-JNI] ERROR : cuLaunchKernel -> Returned: 701
	[TornadoVM-PTX-JNI] ERROR : cuLaunchKernel -> Returned: 701
	[TornadoVM-PTX-JNI] ERROR : cuLaunchKernel -> Returned: 701
	[TornadoVM-PTX-JNI] ERROR : cuLaunchKernel -> Returned: 701
	[TornadoVM-PTX-JNI] ERROR : cuLaunchKernel -> Returned: 701
	[TornadoVM-PTX-JNI] ERROR : cuLaunchKernel -> Returned: 701
	[TornadoVM-PTX-JNI] ERROR : cuLaunchKernel -> Returned: 701
	[TornadoVM-PTX-JNI] ERROR : cuLaunchKernel -> Returned: 701
	[TornadoVM-PTX-JNI] ERROR : cuLaunchKernel -> Returned: 701
	[TornadoVM-PTX-JNI] ERROR : cuLaunchKernel -> Returned: 701
	[TornadoVM-PTX-JNI] ERROR : cuLaunchKernel -> Returned: 701
	[TornadoVM-PTX-JNI] ERROR : cuLaunchKernel -> Returned: 701
	[TornadoVM-PTX-JNI] ERROR : cuLaunchKernel -> Returned: 701
	[TornadoVM-PTX-JNI] ERROR : cuLaunchKernel -> Returned: 701
	[TornadoVM-PTX-JNI] ERROR : cuLaunchKernel -> Returned: 701
	[TornadoVM-PTX-JNI] ERROR : cuLaunchKernel -> Returned: 701
	[TornadoVM-PTX-JNI] ERROR : cuLaunchKernel -> Returned: 701
	[TornadoVM-PTX-JNI] ERROR : cuLaunchKernel -> Returned: 701
	[TornadoVM-PTX-JNI] ERROR : cuLaunchKernel -> Returned: 701
	[TornadoVM-PTX-JNI] ERROR : cuLaunchKernel -> Returned: 701
	[TornadoVM-PTX-JNI] ERROR : cuLaunchKernel -> Returned: 701
	[TornadoVM-PTX-JNI] ERROR : cuLaunchKernel -> Returned: 701
	[TornadoVM-PTX-JNI] ERROR : cuLaunchKernel -> Returned: 701
	[TornadoVM-PTX-JNI] ERROR : cuLaunchKernel -> Returned: 701
	[TornadoVM-PTX-JNI] ERROR : cuLaunchKernel -> Returned: 701
	[TornadoVM-PTX-JNI] ERROR : cuLaunchKernel -> Returned: 701
	[TornadoVM-PTX-JNI] ERROR : cuLaunchKernel -> Returned: 701
	[TornadoVM-PTX-JNI] ERROR : cuLaunchKernel -> Returned: 701
	[TornadoVM-PTX-JNI] ERROR : cuLaunchKernel -> Returned: 701
	[TornadoVM-PTX-JNI] ERROR : cuLaunchKernel -> Returned: 701
	[TornadoVM-PTX-JNI] ERROR : cuLaunchKernel -> Returned: 701
	[TornadoVM-PTX-JNI] ERROR : cuLaunchKernel -> Returned: 701
	[TornadoVM-PTX-JNI] ERROR : cuLaunchKernel -> Returned: 701
	[TornadoVM-PTX-JNI] ERROR : cuLaunchKernel -> Returned: 701
	[TornadoVM-PTX-JNI] ERROR : cuLaunchKernel -> Returned: 701
	[TornadoVM-PTX-JNI] ERROR : cuLaunchKernel -> Returned: 701
	[TornadoVM-PTX-JNI] ERROR : cuLaunchKernel -> Returned: 701
	[TornadoVM-PTX-JNI] ERROR : cuLaunchKernel -> Returned: 701
	[TornadoVM-PTX-JNI] ERROR : cuLaunchKernel -> Returned: 701
	[TornadoVM-PTX-JNI] ERROR : cuLaunchKernel -> Returned: 701
	[TornadoVM-PTX-JNI] ERROR : cuLaunchKernel -> Returned: 701
	[TornadoVM-PTX-JNI] ERROR : cuLaunchKernel -> Returned: 701
	[TornadoVM-PTX-JNI] ERROR : cuLaunchKernel -> Returned: 701
	[TornadoVM-PTX-JNI] ERROR : cuLaunchKernel -> Returned: 701
	[TornadoVM-PTX-JNI] ERROR : cuLaunchKernel -> Returned: 701
	[TornadoVM-PTX-JNI] ERROR : cuLaunchKernel -> Returned: 701
	[TornadoVM-PTX-JNI] ERROR : cuLaunchKernel -> Returned: 701
	[TornadoVM-PTX-JNI] ERROR : cuLaunchKernel -> Returned: 701
	[TornadoVM-PTX-JNI] ERROR : cuLaunchKernel -> Returned: 701
	[TornadoVM-PTX-JNI] ERROR : cuLaunchKernel -> Returned: 701
	[TornadoVM-PTX-JNI] ERROR : cuLaunchKernel -> Returned: 701
	[TornadoVM-PTX-JNI] ERROR : cuLaunchKernel -> Returned: 701
	[TornadoVM-PTX-JNI] ERROR : cuLaunchKernel -> Returned: 701
	[TornadoVM-PTX-JNI] ERROR : cuLaunchKernel -> Returned: 701
	[TornadoVM-PTX-JNI] ERROR : cuLaunchKernel -> Returned: 701
	[TornadoVM-PTX-JNI] ERROR : cuLaunchKernel -> Returned: 701
	[TornadoVM-PTX-JNI] ERROR : cuLaunchKernel -> Returned: 701
	[TornadoVM-PTX-JNI] ERROR : cuLaunchKernel -> Returned: 701
	[TornadoVM-PTX-JNI] ERROR : cuLaunchKernel -> Returned: 701
	[TornadoVM-PTX-JNI] ERROR : cuLaunchKernel -> Returned: 701
	[TornadoVM-PTX-JNI] ERROR : cuLaunchKernel -> Returned: 701
	[TornadoVM-PTX-JNI] ERROR : cuLaunchKernel -> Returned: 701
	[TornadoVM-PTX-JNI] ERROR : cuLaunchKernel -> Returned: 701
	[TornadoVM-PTX-JNI] ERROR : cuLaunchKernel -> Returned: 701
	[TornadoVM-PTX-JNI] ERROR : cuLaunchKernel -> Returned: 701
	[TornadoVM-PTX-JNI] ERROR : cuLaunchKernel -> Returned: 701
	[TornadoVM-PTX-JNI] ERROR : cuLaunchKernel -> Returned: 701
	[TornadoVM-PTX-JNI] ERROR : cuLaunchKernel -> Returned: 701
	[TornadoVM-PTX-JNI] ERROR : cuLaunchKernel -> Returned: 701
	[TornadoVM-PTX-JNI] ERROR : cuLaunchKernel -> Returned: 701
	[TornadoVM-PTX-JNI] ERROR : cuLaunchKernel -> Returned: 701
	[TornadoVM-PTX-JNI] ERROR : cuLaunchKernel -> Returned: 701
	[TornadoVM-PTX-JNI] ERROR : cuLaunchKernel -> Returned: 701
	[TornadoVM-PTX-JNI] ERROR : cuLaunchKernel -> Returned: 701
	[TornadoVM-PTX-JNI] ERROR : cuLaunchKernel -> Returned: 701
	[TornadoVM-PTX-JNI] ERROR : cuLaunchKernel -> Returned: 701
	[TornadoVM-PTX-JNI] ERROR : cuLaunchKernel -> Returned: 701
	[TornadoVM-PTX-JNI] ERROR : cuLaunchKernel -> Returned: 701
	[TornadoVM-PTX-JNI] ERROR : cuLaunchKernel -> Returned: 701
	[TornadoVM-PTX-JNI] ERROR : cuLaunchKernel -> Returned: 701
	[TornadoVM-PTX-JNI] ERROR : cuLaunchKernel -> Returned: 701
	[TornadoVM-PTX-JNI] ERROR : cuLaunchKernel -> Returned: 701
	[TornadoVM-PTX-JNI] ERROR : cuLaunchKernel -> Returned: 701
	[TornadoVM-PTX-JNI] ERROR : cuLaunchKernel -> Returned: 701
	[TornadoVM-PTX-JNI] ERROR : cuLaunchKernel -> Returned: 701
	[TornadoVM-PTX-JNI] ERROR : cuLaunchKernel -> Returned: 701
	[TornadoVM-PTX-JNI] ERROR : cuLaunchKernel -> Returned: 701
	[TornadoVM-PTX-JNI] ERROR : cuLaunchKernel -> Returned: 701
	[TornadoVM-PTX-JNI] ERROR : cuLaunchKernel -> Returned: 701
	[TornadoVM-PTX-JNI] ERROR : cuLaunchKernel -> Returned: 701
	[TornadoVM-PTX-JNI] ERROR : cuLaunchKernel -> Returned: 701
	[TornadoVM-PTX-JNI] ERROR : cuLaunchKernel -> Returned: 701
	[TornadoVM-PTX-JNI] ERROR : cuLaunchKernel -> Returned: 701
	[TornadoVM-PTX-JNI] ERROR : cuLaunchKernel -> Returned: 701
	[TornadoVM-PTX-JNI] ERROR : cuLaunchKernel -> Returned: 701
	[TornadoVM-PTX-JNI] ERROR : cuLaunchKernel -> Returned: 701
	[TornadoVM-PTX-JNI] ERROR : cuLaunchKernel -> Returned: 701
	[TornadoVM-PTX-JNI] ERROR : cuLaunchKernel -> Returned: 701
	[TornadoVM-PTX-JNI] ERROR : cuLaunchKernel -> Returned: 701
	[TornadoVM-PTX-JNI] ERROR : cuLaunchKernel -> Returned: 701
	[TornadoVM-PTX-JNI] ERROR : cuLaunchKernel -> Returned: 701
	[TornadoVM-PTX-JNI] ERROR : cuLaunchKernel -> Returned: 701
	[TornadoVM-PTX-JNI] ERROR : cuLaunchKernel -> Returned: 701
	[TornadoVM-PTX-JNI] ERROR : cuLaunchKernel -> Returned: 701
	[TornadoVM-PTX-JNI] ERROR : cuLaunchKernel -> Returned: 701
	[TornadoVM-PTX-JNI] ERROR : cuLaunchKernel -> Returned: 701
	[TornadoVM-PTX-JNI] ERROR : cuLaunchKernel -> Returned: 701
	[TornadoVM-PTX-JNI] ERROR : cuLaunchKernel -> Returned: 701
	[TornadoVM-PTX-JNI] ERROR : cuLaunchKernel -> Returned: 701
	[TornadoVM-PTX-JNI] ERROR : cuLaunchKernel -> Returned: 701
	[TornadoVM-PTX-JNI] ERROR : cuLaunchKernel -> Returned: 701
	[TornadoVM-PTX-JNI] ERROR : cuLaunchKernel -> Returned: 701
	[TornadoVM-PTX-JNI] ERROR : cuLaunchKernel -> Returned: 701
	[TornadoVM-PTX-JNI] ERROR : cuLaunchKernel -> Returned: 701
	[TornadoVM-PTX-JNI] ERROR : cuLaunchKernel -> Returned: 701
	[TornadoVM-PTX-JNI] ERROR : cuLaunchKernel -> Returned: 701
	[TornadoVM-PTX-JNI] ERROR : cuLaunchKernel -> Returned: 701
	[TornadoVM-PTX-JNI] ERROR : cuLaunchKernel -> Returned: 701
	[TornadoVM-PTX-JNI] ERROR : cuLaunchKernel -> Returned: 701
	[TornadoVM-PTX-JNI] ERROR : cuLaunchKernel -> Returned: 701
	[TornadoVM-PTX-JNI] ERROR : cuLaunchKernel -> Returned: 701
	[TornadoVM-PTX-JNI] ERROR : cuLaunchKernel -> Returned: 701
	[TornadoVM-PTX-JNI] ERROR : cuLaunchKernel -> Returned: 701
	[TornadoVM-PTX-JNI] ERROR : cuLaunchKernel -> Returned: 701
	[TornadoVM-PTX-JNI] ERROR : cuLaunchKernel -> Returned: 701
	[TornadoVM-PTX-JNI] ERROR : cuLaunchKernel -> Returned: 701
	[TornadoVM-PTX-JNI] ERROR : cuLaunchKernel -> Returned: 701
	[TornadoVM-PTX-JNI] ERROR : cuLaunchKernel -> Returned: 701
	[TornadoVM-PTX-JNI] ERROR : cuLaunchKernel -> Returned: 701
	[TornadoVM-PTX-JNI] ERROR : cuLaunchKernel -> Returned: 701
	[TornadoVM-PTX-JNI] ERROR : cuLaunchKernel -> Returned: 701
	[TornadoVM-PTX-JNI] ERROR : cuLaunchKernel -> Returned: 701
	[TornadoVM-PTX-JNI] ERROR : cuLaunchKernel -> Returned: 701
	[TornadoVM-PTX-JNI] ERROR : cuLaunchKernel -> Returned: 701
	[TornadoVM-PTX-JNI] ERROR : cuLaunchKernel -> Returned: 701
	[TornadoVM-PTX-JNI] ERROR : cuLaunchKernel -> Returned: 701
	[TornadoVM-PTX-JNI] ERROR : cuLaunchKernel -> Returned: 701
	[TornadoVM-PTX-JNI] ERROR : cuLaunchKernel -> Returned: 701
	[TornadoVM-PTX-JNI] ERROR : cuLaunchKernel -> Returned: 701
	[TornadoVM-PTX-JNI] ERROR : cuLaunchKernel -> Returned: 701
	[TornadoVM-PTX-JNI] ERROR : cuLaunchKernel -> Returned: 701
	[TornadoVM-PTX-JNI] ERROR : cuLaunchKernel -> Returned: 701
	[TornadoVM-PTX-JNI] ERROR : cuLaunchKernel -> Returned: 701
	[TornadoVM-PTX-JNI] ERROR : cuLaunchKernel -> Returned: 701
	[TornadoVM-PTX-JNI] ERROR : cuLaunchKernel -> Returned: 701
	[TornadoVM-PTX-JNI] ERROR : cuLaunchKernel -> Returned: 701
	[TornadoVM-PTX-JNI] ERROR : cuLaunchKernel -> Returned: 701
	[TornadoVM-PTX-JNI] ERROR : cuLaunchKernel -> Returned: 701
	[TornadoVM-PTX-JNI] ERROR : cuLaunchKernel -> Returned: 701
	[TornadoVM-PTX-JNI] ERROR : cuLaunchKernel -> Returned: 701
	[TornadoVM-PTX-JNI] ERROR : cuLaunchKernel -> Returned: 701
	[TornadoVM-PTX-JNI] ERROR : cuLaunchKernel -> Returned: 701
	[TornadoVM-PTX-JNI] ERROR : cuLaunchKernel -> Returned: 701
	[TornadoVM-PTX-JNI] ERROR : cuLaunchKernel -> Returned: 701
	[TornadoVM-PTX-JNI] ERROR : cuLaunchKernel -> Returned: 701
	[TornadoVM-PTX-JNI] ERROR : cuLaunchKernel -> Returned: 701
	[TornadoVM-PTX-JNI] ERROR : cuLaunchKernel -> Returned: 701
	[TornadoVM-PTX-JNI] ERROR : cuLaunchKernel -> Returned: 701
	[TornadoVM-PTX-JNI] ERROR : cuLaunchKernel -> Returned: 701
	[TornadoVM-PTX-JNI] ERROR : cuLaunchKernel -> Returned: 701
	[TornadoVM-PTX-JNI] ERROR : cuLaunchKernel -> Returned: 701
	[TornadoVM-PTX-JNI] ERROR : cuLaunchKernel -> Returned: 701
	[TornadoVM-PTX-JNI] ERROR : cuLaunchKernel -> Returned: 701
	[TornadoVM-PTX-JNI] ERROR : cuLaunchKernel -> Returned: 701
	[TornadoVM-PTX-JNI] ERROR : cuLaunchKernel -> Returned: 701
	[TornadoVM-PTX-JNI] ERROR : cuLaunchKernel -> Returned: 701
	[TornadoVM-PTX-JNI] ERROR : cuLaunchKernel -> Returned: 701
	[TornadoVM-PTX-JNI] ERROR : cuLaunchKernel -> Returned: 701
	[TornadoVM-PTX-JNI] ERROR : cuLaunchKernel -> Returned: 701
	[TornadoVM-PTX-JNI] ERROR : cuLaunchKernel -> Returned: 701
	[TornadoVM-PTX-JNI] ERROR : cuLaunchKernel -> Returned: 701
	[TornadoVM-PTX-JNI] ERROR : cuLaunchKernel -> Returned: 701
	[TornadoVM-PTX-JNI] ERROR : cuLaunchKernel -> Returned: 701
	[TornadoVM-PTX-JNI] ERROR : cuLaunchKernel -> Returned: 701
	[TornadoVM-PTX-JNI] ERROR : cuLaunchKernel -> Returned: 701
	[TornadoVM-PTX-JNI] ERROR : cuLaunchKernel -> Returned: 701
	[TornadoVM-PTX-JNI] ERROR : cuLaunchKernel -> Returned: 701
	[TornadoVM-PTX-JNI] ERROR : cuLaunchKernel -> Returned: 701
	[TornadoVM-PTX-JNI] ERROR : cuLaunchKernel -> Returned: 701
	[TornadoVM-PTX-JNI] ERROR : cuLaunchKernel -> Returned: 701
	[TornadoVM-PTX-JNI] ERROR : cuLaunchKernel -> Returned: 701
	[TornadoVM-PTX-JNI] ERROR : cuLaunchKernel -> Returned: 701
	[TornadoVM-PTX-JNI] ERROR : cuLaunchKernel -> Returned: 701
	[TornadoVM-PTX-JNI] ERROR : cuLaunchKernel -> Returned: 701
	[TornadoVM-PTX-JNI] ERROR : cuLaunchKernel -> Returned: 701
	[TornadoVM-PTX-JNI] ERROR : cuLaunchKernel -> Returned: 701
	[TornadoVM-PTX-JNI] ERROR : cuLaunchKernel -> Returned: 701
	[TornadoVM-PTX-JNI] ERROR : cuLaunchKernel -> Returned: 701
	[TornadoVM-PTX-JNI] ERROR : cuLaunchKernel -> Returned: 701
	[TornadoVM-PTX-JNI] ERROR : cuLaunchKernel -> Returned: 701
	[TornadoVM-PTX-JNI] ERROR : cuLaunchKernel -> Returned: 701
	[TornadoVM-PTX-JNI] ERROR : cuLaunchKernel -> Returned: 701
	[TornadoVM-PTX-JNI] ERROR : cuLaunchKernel -> Returned: 701
	[TornadoVM-PTX-JNI] ERROR : cuLaunchKernel -> Returned: 701
	[TornadoVM-PTX-JNI] ERROR : cuLaunchKernel -> Returned: 701
	[TornadoVM-PTX-JNI] ERROR : cuLaunchKernel -> Returned: 701
	[TornadoVM-PTX-JNI] ERROR : cuLaunchKernel -> Returned: 701
	[TornadoVM-PTX-JNI] ERROR : cuLaunchKernel -> Returned: 701
	[TornadoVM-PTX-JNI] ERROR : cuLaunchKernel -> Returned: 701
	[TornadoVM-PTX-JNI] ERROR : cuLaunchKernel -> Returned: 701
	[TornadoVM-PTX-JNI] ERROR : cuLaunchKernel -> Returned: 701
	[TornadoVM-PTX-JNI] ERROR : cuLaunchKernel -> Returned: 701
	[TornadoVM-PTX-JNI] ERROR : cuLaunchKernel -> Returned: 701
	[TornadoVM-PTX-JNI] ERROR : cuLaunchKernel -> Returned: 701
	[TornadoVM-PTX-JNI] ERROR : cuLaunchKernel -> Returned: 701
	[TornadoVM-PTX-JNI] ERROR : cuLaunchKernel -> Returned: 701
	[TornadoVM-PTX-JNI] ERROR : cuLaunchKernel -> Returned: 701
	[TornadoVM-PTX-JNI] ERROR : cuLaunchKernel -> Returned: 701
	[TornadoVM-PTX-JNI] ERROR : cuLaunchKernel -> Returned: 701
	[TornadoVM-PTX-JNI] ERROR : cuLaunchKernel -> Returned: 701
	[TornadoVM-PTX-JNI] ERROR : cuLaunchKernel -> Returned: 701
	[TornadoVM-PTX-JNI] ERROR : cuLaunchKernel -> Returned: 701
	[TornadoVM-PTX-JNI] ERROR : cuLaunchKernel -> Returned: 701
	[TornadoVM-PTX-JNI] ERROR : cuLaunchKernel -> Returned: 701
	[TornadoVM-PTX-JNI] ERROR : cuLaunchKernel -> Returned: 701
	[TornadoVM-PTX-JNI] ERROR : cuLaunchKernel -> Returned: 701
	[TornadoVM-PTX-JNI] ERROR : cuLaunchKernel -> Returned: 701
	[TornadoVM-PTX-JNI] ERROR : cuLaunchKernel -> Returned: 701
	[TornadoVM-PTX-JNI] ERROR : cuLaunchKernel -> Returned: 701
	[TornadoVM-PTX-JNI] ERROR : cuLaunchKernel -> Returned: 701
	[TornadoVM-PTX-JNI] ERROR : cuLaunchKernel -> Returned: 701
	[TornadoVM-PTX-JNI] ERROR : cuLaunchKernel -> Returned: 701
	[TornadoVM-PTX-JNI] ERROR : cuLaunchKernel -> Returned: 701
	[TornadoVM-PTX-JNI] ERROR : cuLaunchKernel -> Returned: 701
	[TornadoVM-PTX-JNI] ERROR : cuLaunchKernel -> Returned: 701
	[TornadoVM-PTX-JNI] ERROR : cuLaunchKernel -> Returned: 701
	[TornadoVM-PTX-JNI] ERROR : cuLaunchKernel -> Returned: 701
	[TornadoVM-PTX-JNI] ERROR : cuLaunchKernel -> Returned: 701
	[TornadoVM-PTX-JNI] ERROR : cuLaunchKernel -> Returned: 701
	[TornadoVM-PTX-JNI] ERROR : cuLaunchKernel -> Returned: 701
	[TornadoVM-PTX-JNI] ERROR : cuLaunchKernel -> Returned: 701
	[TornadoVM-PTX-JNI] ERROR : cuLaunchKernel -> Returned: 701
	[TornadoVM-PTX-JNI] ERROR : cuLaunchKernel -> Returned: 701
	[TornadoVM-PTX-JNI] ERROR : cuLaunchKernel -> Returned: 701
	[TornadoVM-PTX-JNI] ERROR : cuLaunchKernel -> Returned: 701
	[TornadoVM-PTX-JNI] ERROR : cuLaunchKernel -> Returned: 701
	[TornadoVM-PTX-JNI] ERROR : cuLaunchKernel -> Returned: 701
	[TornadoVM-PTX-JNI] ERROR : cuLaunchKernel -> Returned: 701
	[TornadoVM-PTX-JNI] ERROR : cuLaunchKernel -> Returned: 701
	[TornadoVM-PTX-JNI] ERROR : cuLaunchKernel -> Returned: 701
	[TornadoVM-PTX-JNI] ERROR : cuLaunchKernel -> Returned: 701
	[TornadoVM-PTX-JNI] ERROR : cuLaunchKernel -> Returned: 701
	[TornadoVM-PTX-JNI] ERROR : cuLaunchKernel -> Returned: 701
	[TornadoVM-PTX-JNI] ERROR : cuLaunchKernel -> Returned: 701
	[TornadoVM-PTX-JNI] ERROR : cuLaunchKernel -> Returned: 701
	[TornadoVM-PTX-JNI] ERROR : cuLaunchKernel -> Returned: 701
	[TornadoVM-PTX-JNI] ERROR : cuLaunchKernel -> Returned: 701
	[TornadoVM-PTX-JNI] ERROR : cuLaunchKernel -> Returned: 701
	[TornadoVM-PTX-JNI] ERROR : cuLaunchKernel -> Returned: 701
	[TornadoVM-PTX-JNI] ERROR : cuLaunchKernel -> Returned: 701
	[TornadoVM-PTX-JNI] ERROR : cuLaunchKernel -> Returned: 701
	[TornadoVM-PTX-JNI] ERROR : cuLaunchKernel -> Returned: 701
	[TornadoVM-PTX-JNI] ERROR : cuLaunchKernel -> Returned: 701
	[TornadoVM-PTX-JNI] ERROR : cuLaunchKernel -> Returned: 701
	[TornadoVM-PTX-JNI] ERROR : cuLaunchKernel -> Returned: 701
	[TornadoVM-PTX-JNI] ERROR : cuLaunchKernel -> Returned: 701
	[TornadoVM-PTX-JNI] ERROR : cuLaunchKernel -> Returned: 701
	[TornadoVM-PTX-JNI] ERROR : cuLaunchKernel -> Returned: 701
	[TornadoVM-PTX-JNI] ERROR : cuLaunchKernel -> Returned: 701
	[TornadoVM-PTX-JNI] ERROR : cuLaunchKernel -> Returned: 701
	[TornadoVM-PTX-JNI] ERROR : cuLaunchKernel -> Returned: 701
	[TornadoVM-PTX-JNI] ERROR : cuLaunchKernel -> Returned: 701
	[TornadoVM-PTX-JNI] ERROR : cuLaunchKernel -> Returned: 701
	[TornadoVM-PTX-JNI] ERROR : cuLaunchKernel -> Returned: 701
	[TornadoVM-PTX-JNI] ERROR : cuLaunchKernel -> Returned: 701
	[TornadoVM-PTX-JNI] ERROR : cuLaunchKernel -> Returned: 701
	[TornadoVM-PTX-JNI] ERROR : cuLaunchKernel -> Returned: 701
	[TornadoVM-PTX-JNI] ERROR : cuLaunchKernel -> Returned: 701
	[TornadoVM-PTX-JNI] ERROR : cuLaunchKernel -> Returned: 701
	[TornadoVM-PTX-JNI] ERROR : cuLaunchKernel -> Returned: 701
	[TornadoVM-PTX-JNI] ERROR : cuLaunchKernel -> Returned: 701
	[TornadoVM-PTX-JNI] ERROR : cuLaunchKernel -> Returned: 701
	[TornadoVM-PTX-JNI] ERROR : cuLaunchKernel -> Returned: 701
	[TornadoVM-PTX-JNI] ERROR : cuLaunchKernel -> Returned: 701
	[TornadoVM-PTX-JNI] ERROR : cuLaunchKernel -> Returned: 701
	[TornadoVM-PTX-JNI] ERROR : cuLaunchKernel -> Returned: 701
	[TornadoVM-PTX-JNI] ERROR : cuLaunchKernel -> Returned: 701
	[TornadoVM-PTX-JNI] ERROR : cuLaunchKernel -> Returned: 701
	[TornadoVM-PTX-JNI] ERROR : cuLaunchKernel -> Returned: 701
	[TornadoVM-PTX-JNI] ERROR : cuLaunchKernel -> Returned: 701
	[TornadoVM-PTX-JNI] ERROR : cuLaunchKernel -> Returned: 701
	[TornadoVM-PTX-JNI] ERROR : cuLaunchKernel -> Returned: 701
	[TornadoVM-PTX-JNI] ERROR : cuLaunchKernel -> Returned: 701
	[TornadoVM-PTX-JNI] ERROR : cuLaunchKernel -> Returned: 701
	[TornadoVM-PTX-JNI] ERROR : cuLaunchKernel -> Returned: 701
	[TornadoVM-PTX-JNI] ERROR : cuLaunchKernel -> Returned: 701
	[TornadoVM-PTX-JNI] ERROR : cuLaunchKernel -> Returned: 701
	[TornadoVM-PTX-JNI] ERROR : cuLaunchKernel -> Returned: 701
	[TornadoVM-PTX-JNI] ERROR : cuLaunchKernel -> Returned: 701
	[TornadoVM-PTX-JNI] ERROR : cuLaunchKernel -> Returned: 701
[GATHER] call=5000 totalDirty=0 maxThread=0 cumAvg=13.3 cumMaxPerThread=4
	[TornadoVM-PTX-JNI] ERROR : cuLaunchKernel -> Returned: 701
	[TornadoVM-PTX-JNI] ERROR : cuLaunchKernel -> Returned: 701
	[TornadoVM-PTX-JNI] ERROR : cuLaunchKernel -> Returned: 701
	[TornadoVM-PTX-JNI] ERROR : cuLaunchKernel -> Returned: 701
	[TornadoVM-PTX-JNI] ERROR : cuLaunchKernel -> Returned: 701
	[TornadoVM-PTX-JNI] ERROR : cuLaunchKernel -> Returned: 701
	[TornadoVM-PTX-JNI] ERROR : cuLaunchKernel -> Returned: 701
	[TornadoVM-PTX-JNI] ERROR : cuLaunchKernel -> Returned: 701
	[TornadoVM-PTX-JNI] ERROR : cuLaunchKernel -> Returned: 701
	[TornadoVM-PTX-JNI] ERROR : cuLaunchKernel -> Returned: 701
	[TornadoVM-PTX-JNI] ERROR : cuLaunchKernel -> Returned: 701
	[TornadoVM-PTX-JNI] ERROR : cuLaunchKernel -> Returned: 701
	[TornadoVM-PTX-JNI] ERROR : cuLaunchKernel -> Returned: 701
	[TornadoVM-PTX-JNI] ERROR : cuLaunchKernel -> Returned: 701
	[TornadoVM-PTX-JNI] ERROR : cuLaunchKernel -> Returned: 701
	[TornadoVM-PTX-JNI] ERROR : cuLaunchKernel -> Returned: 701
	[TornadoVM-PTX-JNI] ERROR : cuLaunchKernel -> Returned: 701
	[TornadoVM-PTX-JNI] ERROR : cuLaunchKernel -> Returned: 701
	[TornadoVM-PTX-JNI] ERROR : cuLaunchKernel -> Returned: 701
	[TornadoVM-PTX-JNI] ERROR : cuLaunchKernel -> Returned: 701
	[TornadoVM-PTX-JNI] ERROR : cuLaunchKernel -> Returned: 701
	[TornadoVM-PTX-JNI] ERROR : cuLaunchKernel -> Returned: 701
	[TornadoVM-PTX-JNI] ERROR : cuLaunchKernel -> Returned: 701
	[TornadoVM-PTX-JNI] ERROR : cuLaunchKernel -> Returned: 701
	[TornadoVM-PTX-JNI] ERROR : cuLaunchKernel -> Returned: 701
	[TornadoVM-PTX-JNI] ERROR : cuLaunchKernel -> Returned: 701
	[TornadoVM-PTX-JNI] ERROR : cuLaunchKernel -> Returned: 701
	[TornadoVM-PTX-JNI] ERROR : cuLaunchKernel -> Returned: 701
	[TornadoVM-PTX-JNI] ERROR : cuLaunchKernel -> Returned: 701
	[TornadoVM-PTX-JNI] ERROR : cuLaunchKernel -> Returned: 701
	[TornadoVM-PTX-JNI] ERROR : cuLaunchKernel -> Returned: 701
	[TornadoVM-PTX-JNI] ERROR : cuLaunchKernel -> Returned: 701
	[TornadoVM-PTX-JNI] ERROR : cuLaunchKernel -> Returned: 701
	[TornadoVM-PTX-JNI] ERROR : cuLaunchKernel -> Returned: 701
	[TornadoVM-PTX-JNI] ERROR : cuLaunchKernel -> Returned: 701
	[TornadoVM-PTX-JNI] ERROR : cuLaunchKernel -> Returned: 701
	[TornadoVM-PTX-JNI] ERROR : cuLaunchKernel -> Returned: 701
	[TornadoVM-PTX-JNI] ERROR : cuLaunchKernel -> Returned: 701
	[TornadoVM-PTX-JNI] ERROR : cuLaunchKernel -> Returned: 701
	[TornadoVM-PTX-JNI] ERROR : cuLaunchKernel -> Returned: 701
	[TornadoVM-PTX-JNI] ERROR : cuLaunchKernel -> Returned: 701
	[TornadoVM-PTX-JNI] ERROR : cuLaunchKernel -> Returned: 701
	[TornadoVM-PTX-JNI] ERROR : cuLaunchKernel -> Returned: 701
	[TornadoVM-PTX-JNI] ERROR : cuLaunchKernel -> Returned: 701
	[TornadoVM-PTX-JNI] ERROR : cuLaunchKernel -> Returned: 701
	[TornadoVM-PTX-JNI] ERROR : cuLaunchKernel -> Returned: 701
	[TornadoVM-PTX-JNI] ERROR : cuLaunchKernel -> Returned: 701
	[TornadoVM-PTX-JNI] ERROR : cuLaunchKernel -> Returned: 701
	[TornadoVM-PTX-JNI] ERROR : cuLaunchKernel -> Returned: 701
	[TornadoVM-PTX-JNI] ERROR : cuLaunchKernel -> Returned: 701
	[TornadoVM-PTX-JNI] ERROR : cuLaunchKernel -> Returned: 701
	[TornadoVM-PTX-JNI] ERROR : cuLaunchKernel -> Returned: 701
	[TornadoVM-PTX-JNI] ERROR : cuLaunchKernel -> Returned: 701
	[TornadoVM-PTX-JNI] ERROR : cuLaunchKernel -> Returned: 701
	[TornadoVM-PTX-JNI] ERROR : cuLaunchKernel -> Returned: 701
	[TornadoVM-PTX-JNI] ERROR : cuLaunchKernel -> Returned: 701
	[TornadoVM-PTX-JNI] ERROR : cuLaunchKernel -> Returned: 701
	[TornadoVM-PTX-JNI] ERROR : cuLaunchKernel -> Returned: 701
	[TornadoVM-PTX-JNI] ERROR : cuLaunchKernel -> Returned: 701
	[TornadoVM-PTX-JNI] ERROR : cuLaunchKernel -> Returned: 701
	[TornadoVM-PTX-JNI] ERROR : cuLaunchKernel -> Returned: 701
	[TornadoVM-PTX-JNI] ERROR : cuLaunchKernel -> Returned: 701
	[TornadoVM-PTX-JNI] ERROR : cuLaunchKernel -> Returned: 701
	[TornadoVM-PTX-JNI] ERROR : cuLaunchKernel -> Returned: 701
	[TornadoVM-PTX-JNI] ERROR : cuLaunchKernel -> Returned: 701
	[TornadoVM-PTX-JNI] ERROR : cuLaunchKernel -> Returned: 701
	[TornadoVM-PTX-JNI] ERROR : cuLaunchKernel -> Returned: 701
	[TornadoVM-PTX-JNI] ERROR : cuLaunchKernel -> Returned: 701
	[TornadoVM-PTX-JNI] ERROR : cuLaunchKernel -> Returned: 701
	[TornadoVM-PTX-JNI] ERROR : cuLaunchKernel -> Returned: 701
	[TornadoVM-PTX-JNI] ERROR : cuLaunchKernel -> Returned: 701
	[TornadoVM-PTX-JNI] ERROR : cuLaunchKernel -> Returned: 701
	[TornadoVM-PTX-JNI] ERROR : cuLaunchKernel -> Returned: 701
	[TornadoVM-PTX-JNI] ERROR : cuLaunchKernel -> Returned: 701
	[TornadoVM-PTX-JNI] ERROR : cuLaunchKernel -> Returned: 701
	[TornadoVM-PTX-JNI] ERROR : cuLaunchKernel -> Returned: 701
	[TornadoVM-PTX-JNI] ERROR : cuLaunchKernel -> Returned: 701
	[TornadoVM-PTX-JNI] ERROR : cuLaunchKernel -> Returned: 701
	[TornadoVM-PTX-JNI] ERROR : cuLaunchKernel -> Returned: 701
	[TornadoVM-PTX-JNI] ERROR : cuLaunchKernel -> Returned: 701
	[TornadoVM-PTX-JNI] ERROR : cuLaunchKernel -> Returned: 701
	[TornadoVM-PTX-JNI] ERROR : cuLaunchKernel -> Returned: 701
	[TornadoVM-PTX-JNI] ERROR : cuLaunchKernel -> Returned: 701
	[TornadoVM-PTX-JNI] ERROR : cuLaunchKernel -> Returned: 701
	[TornadoVM-PTX-JNI] ERROR : cuLaunchKernel -> Returned: 701
	[TornadoVM-PTX-JNI] ERROR : cuLaunchKernel -> Returned: 701
	[TornadoVM-PTX-JNI] ERROR : cuLaunchKernel -> Returned: 701
	[TornadoVM-PTX-JNI] ERROR : cuLaunchKernel -> Returned: 701
	[TornadoVM-PTX-JNI] ERROR : cuLaunchKernel -> Returned: 701
	[TornadoVM-PTX-JNI] ERROR : cuLaunchKernel -> Returned: 701
	[TornadoVM-PTX-JNI] ERROR : cuLaunchKernel -> Returned: 701
	[TornadoVM-PTX-JNI] ERROR : cuLaunchKernel -> Returned: 701
	[TornadoVM-PTX-JNI] ERROR : cuLaunchKernel -> Returned: 701
	[TornadoVM-PTX-JNI] ERROR : cuLaunchKernel -> Returned: 701
	[TornadoVM-PTX-JNI] ERROR : cuLaunchKernel -> Returned: 701
	[TornadoVM-PTX-JNI] ERROR : cuLaunchKernel -> Returned: 701
	[TornadoVM-PTX-JNI] ERROR : cuLaunchKernel -> Returned: 701
	[TornadoVM-PTX-JNI] ERROR : cuLaunchKernel -> Returned: 701
	[TornadoVM-PTX-JNI] ERROR : cuLaunchKernel -> Returned: 701
	[TornadoVM-PTX-JNI] ERROR : cuLaunchKernel -> Returned: 701
	[TornadoVM-PTX-JNI] ERROR : cuLaunchKernel -> Returned: 701
	[TornadoVM-PTX-JNI] ERROR : cuLaunchKernel -> Returned: 701
	[TornadoVM-PTX-JNI] ERROR : cuLaunchKernel -> Returned: 701
	[TornadoVM-PTX-JNI] ERROR : cuLaunchKernel -> Returned: 701
	[TornadoVM-PTX-JNI] ERROR : cuLaunchKernel -> Returned: 701
	[TornadoVM-PTX-JNI] ERROR : cuLaunchKernel -> Returned: 701
	[TornadoVM-PTX-JNI] ERROR : cuLaunchKernel -> Returned: 701
	[TornadoVM-PTX-JNI] ERROR : cuLaunchKernel -> Returned: 701
	[TornadoVM-PTX-JNI] ERROR : cuLaunchKernel -> Returned: 701
	[TornadoVM-PTX-JNI] ERROR : cuLaunchKernel -> Returned: 701
	[TornadoVM-PTX-JNI] ERROR : cuLaunchKernel -> Returned: 701
	[TornadoVM-PTX-JNI] ERROR : cuLaunchKernel -> Returned: 701
	[TornadoVM-PTX-JNI] ERROR : cuLaunchKernel -> Returned: 701
	[TornadoVM-PTX-JNI] ERROR : cuLaunchKernel -> Returned: 701
	[TornadoVM-PTX-JNI] ERROR : cuLaunchKernel -> Returned: 701
	[TornadoVM-PTX-JNI] ERROR : cuLaunchKernel -> Returned: 701
	[TornadoVM-PTX-JNI] ERROR : cuLaunchKernel -> Returned: 701
	[TornadoVM-PTX-JNI] ERROR : cuLaunchKernel -> Returned: 701
	[TornadoVM-PTX-JNI] ERROR : cuLaunchKernel -> Returned: 701
	[TornadoVM-PTX-JNI] ERROR : cuLaunchKernel -> Returned: 701
	[TornadoVM-PTX-JNI] ERROR : cuLaunchKernel -> Returned: 701
	[TornadoVM-PTX-JNI] ERROR : cuLaunchKernel -> Returned: 701
	[TornadoVM-PTX-JNI] ERROR : cuLaunchKernel -> Returned: 701
	[TornadoVM-PTX-JNI] ERROR : cuLaunchKernel -> Returned: 701
	[TornadoVM-PTX-JNI] ERROR : cuLaunchKernel -> Returned: 701
	[TornadoVM-PTX-JNI] ERROR : cuLaunchKernel -> Returned: 701
	[TornadoVM-PTX-JNI] ERROR : cuLaunchKernel -> Returned: 701
	[TornadoVM-PTX-JNI] ERROR : cuLaunchKernel -> Returned: 701
	[TornadoVM-PTX-JNI] ERROR : cuLaunchKernel -> Returned: 701
	[TornadoVM-PTX-JNI] ERROR : cuLaunchKernel -> Returned: 701
	[TornadoVM-PTX-JNI] ERROR : cuLaunchKernel -> Returned: 701
	[TornadoVM-PTX-JNI] ERROR : cuLaunchKernel -> Returned: 701
	[TornadoVM-PTX-JNI] ERROR : cuLaunchKernel -> Returned: 701
	[TornadoVM-PTX-JNI] ERROR : cuLaunchKernel -> Returned: 701
	[TornadoVM-PTX-JNI] ERROR : cuLaunchKernel -> Returned: 701
	[TornadoVM-PTX-JNI] ERROR : cuLaunchKernel -> Returned: 701
	[TornadoVM-PTX-JNI] ERROR : cuLaunchKernel -> Returned: 701
	[TornadoVM-PTX-JNI] ERROR : cuLaunchKernel -> Returned: 701
	[TornadoVM-PTX-JNI] ERROR : cuLaunchKernel -> Returned: 701
	[TornadoVM-PTX-JNI] ERROR : cuLaunchKernel -> Returned: 701
	[TornadoVM-PTX-JNI] ERROR : cuLaunchKernel -> Returned: 701
	[TornadoVM-PTX-JNI] ERROR : cuLaunchKernel -> Returned: 701
	[TornadoVM-PTX-JNI] ERROR : cuLaunchKernel -> Returned: 701
	[TornadoVM-PTX-JNI] ERROR : cuLaunchKernel -> Returned: 701
	[TornadoVM-PTX-JNI] ERROR : cuLaunchKernel -> Returned: 701
	[TornadoVM-PTX-JNI] ERROR : cuLaunchKernel -> Returned: 701
	[TornadoVM-PTX-JNI] ERROR : cuLaunchKernel -> Returned: 701
	[TornadoVM-PTX-JNI] ERROR : cuLaunchKernel -> Returned: 701
	[TornadoVM-PTX-JNI] ERROR : cuLaunchKernel -> Returned: 701
	[TornadoVM-PTX-JNI] ERROR : cuLaunchKernel -> Returned: 701
	[TornadoVM-PTX-JNI] ERROR : cuLaunchKernel -> Returned: 701
	[TornadoVM-PTX-JNI] ERROR : cuLaunchKernel -> Returned: 701
	[TornadoVM-PTX-JNI] ERROR : cuLaunchKernel -> Returned: 701
	[TornadoVM-PTX-JNI] ERROR : cuLaunchKernel -> Returned: 701
	[TornadoVM-PTX-JNI] ERROR : cuLaunchKernel -> Returned: 701
	[TornadoVM-PTX-JNI] ERROR : cuLaunchKernel -> Returned: 701
	[TornadoVM-PTX-JNI] ERROR : cuLaunchKernel -> Returned: 701
	[TornadoVM-PTX-JNI] ERROR : cuLaunchKernel -> Returned: 701
	[TornadoVM-PTX-JNI] ERROR : cuLaunchKernel -> Returned: 701
	[TornadoVM-PTX-JNI] ERROR : cuLaunchKernel -> Returned: 701
	[TornadoVM-PTX-JNI] ERROR : cuLaunchKernel -> Returned: 701
	[TornadoVM-PTX-JNI] ERROR : cuLaunchKernel -> Returned: 701
	[TornadoVM-PTX-JNI] ERROR : cuLaunchKernel -> Returned: 701
	[TornadoVM-PTX-JNI] ERROR : cuLaunchKernel -> Returned: 701
	[TornadoVM-PTX-JNI] ERROR : cuLaunchKernel -> Returned: 701
	[TornadoVM-PTX-JNI] ERROR : cuLaunchKernel -> Returned: 701
	[TornadoVM-PTX-JNI] ERROR : cuLaunchKernel -> Returned: 701
	[TornadoVM-PTX-JNI] ERROR : cuLaunchKernel -> Returned: 701
	[TornadoVM-PTX-JNI] ERROR : cuLaunchKernel -> Returned: 701
	[TornadoVM-PTX-JNI] ERROR : cuLaunchKernel -> Returned: 701
	[TornadoVM-PTX-JNI] ERROR : cuLaunchKernel -> Returned: 701
	[TornadoVM-PTX-JNI] ERROR : cuLaunchKernel -> Returned: 701
	[TornadoVM-PTX-JNI] ERROR : cuLaunchKernel -> Returned: 701
	[TornadoVM-PTX-JNI] ERROR : cuLaunchKernel -> Returned: 701
	[TornadoVM-PTX-JNI] ERROR : cuLaunchKernel -> Returned: 701
	[TornadoVM-PTX-JNI] ERROR : cuLaunchKernel -> Returned: 701
	[TornadoVM-PTX-JNI] ERROR : cuLaunchKernel -> Returned: 701
	[TornadoVM-PTX-JNI] ERROR : cuLaunchKernel -> Returned: 701
	[TornadoVM-PTX-JNI] ERROR : cuLaunchKernel -> Returned: 701
	[TornadoVM-PTX-JNI] ERROR : cuLaunchKernel -> Returned: 701
	[TornadoVM-PTX-JNI] ERROR : cuLaunchKernel -> Returned: 701
	[TornadoVM-PTX-JNI] ERROR : cuLaunchKernel -> Returned: 701
	[TornadoVM-PTX-JNI] ERROR : cuLaunchKernel -> Returned: 701
	[TornadoVM-PTX-JNI] ERROR : cuLaunchKernel -> Returned: 701
	[TornadoVM-PTX-JNI] ERROR : cuLaunchKernel -> Returned: 701
	[TornadoVM-PTX-JNI] ERROR : cuLaunchKernel -> Returned: 701
	[TornadoVM-PTX-JNI] ERROR : cuLaunchKernel -> Returned: 701
	[TornadoVM-PTX-JNI] ERROR : cuLaunchKernel -> Returned: 701
	[TornadoVM-PTX-JNI] ERROR : cuLaunchKernel -> Returned: 701
	[TornadoVM-PTX-JNI] ERROR : cuLaunchKernel -> Returned: 701
	[TornadoVM-PTX-JNI] ERROR : cuLaunchKernel -> Returned: 701
	[TornadoVM-PTX-JNI] ERROR : cuLaunchKernel -> Returned: 701
	[TornadoVM-PTX-JNI] ERROR : cuLaunchKernel -> Returned: 701
	[TornadoVM-PTX-JNI] ERROR : cuLaunchKernel -> Returned: 701
	[TornadoVM-PTX-JNI] ERROR : cuLaunchKernel -> Returned: 701
	[TornadoVM-PTX-JNI] ERROR : cuLaunchKernel -> Returned: 701
	[TornadoVM-PTX-JNI] ERROR : cuLaunchKernel -> Returned: 701
	[TornadoVM-PTX-JNI] ERROR : cuLaunchKernel -> Returned: 701
	[TornadoVM-PTX-JNI] ERROR : cuLaunchKernel -> Returned: 701
	[TornadoVM-PTX-JNI] ERROR : cuLaunchKernel -> Returned: 701
	[TornadoVM-PTX-JNI] ERROR : cuLaunchKernel -> Returned: 701
	[TornadoVM-PTX-JNI] ERROR : cuLaunchKernel -> Returned: 701
	[TornadoVM-PTX-JNI] ERROR : cuLaunchKernel -> Returned: 701
	[TornadoVM-PTX-JNI] ERROR : cuLaunchKernel -> Returned: 701
	[TornadoVM-PTX-JNI] ERROR : cuLaunchKernel -> Returned: 701
	[TornadoVM-PTX-JNI] ERROR : cuLaunchKernel -> Returned: 701
	[TornadoVM-PTX-JNI] ERROR : cuLaunchKernel -> Returned: 701
	[TornadoVM-PTX-JNI] ERROR : cuLaunchKernel -> Returned: 701
	[TornadoVM-PTX-JNI] ERROR : cuLaunchKernel -> Returned: 701
	[TornadoVM-PTX-JNI] ERROR : cuLaunchKernel -> Returned: 701
	[TornadoVM-PTX-JNI] ERROR : cuLaunchKernel -> Returned: 701
	[TornadoVM-PTX-JNI] ERROR : cuLaunchKernel -> Returned: 701
	[TornadoVM-PTX-JNI] ERROR : cuLaunchKernel -> Returned: 701
	[TornadoVM-PTX-JNI] ERROR : cuLaunchKernel -> Returned: 701
	[TornadoVM-PTX-JNI] ERROR : cuLaunchKernel -> Returned: 701
	[TornadoVM-PTX-JNI] ERROR : cuLaunchKernel -> Returned: 701
	[TornadoVM-PTX-JNI] ERROR : cuLaunchKernel -> Returned: 701
	[TornadoVM-PTX-JNI] ERROR : cuLaunchKernel -> Returned: 701
	[TornadoVM-PTX-JNI] ERROR : cuLaunchKernel -> Returned: 701
	[TornadoVM-PTX-JNI] ERROR : cuLaunchKernel -> Returned: 701
	[TornadoVM-PTX-JNI] ERROR : cuLaunchKernel -> Returned: 701
	[TornadoVM-PTX-JNI] ERROR : cuLaunchKernel -> Returned: 701
	[TornadoVM-PTX-JNI] ERROR : cuLaunchKernel -> Returned: 701
	[TornadoVM-PTX-JNI] ERROR : cuLaunchKernel -> Returned: 701
	[TornadoVM-PTX-JNI] ERROR : cuLaunchKernel -> Returned: 701
	[TornadoVM-PTX-JNI] ERROR : cuLaunchKernel -> Returned: 701
	[TornadoVM-PTX-JNI] ERROR : cuLaunchKernel -> Returned: 701
	[TornadoVM-PTX-JNI] ERROR : cuLaunchKernel -> Returned: 701
	[TornadoVM-PTX-JNI] ERROR : cuLaunchKernel -> Returned: 701
	[TornadoVM-PTX-JNI] ERROR : cuLaunchKernel -> Returned: 701
	[TornadoVM-PTX-JNI] ERROR : cuLaunchKernel -> Returned: 701
	[TornadoVM-PTX-JNI] ERROR : cuLaunchKernel -> Returned: 701
	[TornadoVM-PTX-JNI] ERROR : cuLaunchKernel -> Returned: 701
	[TornadoVM-PTX-JNI] ERROR : cuLaunchKernel -> Returned: 701
	[TornadoVM-PTX-JNI] ERROR : cuLaunchKernel -> Returned: 701
	[TornadoVM-PTX-JNI] ERROR : cuLaunchKernel -> Returned: 701
	[TornadoVM-PTX-JNI] ERROR : cuLaunchKernel -> Returned: 701
	[TornadoVM-PTX-JNI] ERROR : cuLaunchKernel -> Returned: 701
	[TornadoVM-PTX-JNI] ERROR : cuLaunchKernel -> Returned: 701
	[TornadoVM-PTX-JNI] ERROR : cuLaunchKernel -> Returned: 701
	[TornadoVM-PTX-JNI] ERROR : cuLaunchKernel -> Returned: 701
	[TornadoVM-PTX-JNI] ERROR : cuLaunchKernel -> Returned: 701
	[TornadoVM-PTX-JNI] ERROR : cuLaunchKernel -> Returned: 701
	[TornadoVM-PTX-JNI] ERROR : cuLaunchKernel -> Returned: 701
	[TornadoVM-PTX-JNI] ERROR : cuLaunchKernel -> Returned: 701
	[TornadoVM-PTX-JNI] ERROR : cuLaunchKernel -> Returned: 701
	[TornadoVM-PTX-JNI] ERROR : cuLaunchKernel -> Returned: 701
	[TornadoVM-PTX-JNI] ERROR : cuLaunchKernel -> Returned: 701
	[TornadoVM-PTX-JNI] ERROR : cuLaunchKernel -> Returned: 701
	[TornadoVM-PTX-JNI] ERROR : cuLaunchKernel -> Returned: 701
	[TornadoVM-PTX-JNI] ERROR : cuLaunchKernel -> Returned: 701
	[TornadoVM-PTX-JNI] ERROR : cuLaunchKernel -> Returned: 701
	[TornadoVM-PTX-JNI] ERROR : cuLaunchKernel -> Returned: 701
	[TornadoVM-PTX-JNI] ERROR : cuLaunchKernel -> Returned: 701
	[TornadoVM-PTX-JNI] ERROR : cuLaunchKernel -> Returned: 701
	[TornadoVM-PTX-JNI] ERROR : cuLaunchKernel -> Returned: 701
	[TornadoVM-PTX-JNI] ERROR : cuLaunchKernel -> Returned: 701
	[TornadoVM-PTX-JNI] ERROR : cuLaunchKernel -> Returned: 701
	[TornadoVM-PTX-JNI] ERROR : cuLaunchKernel -> Returned: 701
	[TornadoVM-PTX-JNI] ERROR : cuLaunchKernel -> Returned: 701
	[TornadoVM-PTX-JNI] ERROR : cuLaunchKernel -> Returned: 701
	[TornadoVM-PTX-JNI] ERROR : cuLaunchKernel -> Returned: 701
	[TornadoVM-PTX-JNI] ERROR : cuLaunchKernel -> Returned: 701
	[TornadoVM-PTX-JNI] ERROR : cuLaunchKernel -> Returned: 701
	[TornadoVM-PTX-JNI] ERROR : cuLaunchKernel -> Returned: 701
	[TornadoVM-PTX-JNI] ERROR : cuLaunchKernel -> Returned: 701
	[TornadoVM-PTX-JNI] ERROR : cuLaunchKernel -> Returned: 701
	[TornadoVM-PTX-JNI] ERROR : cuLaunchKernel -> Returned: 701
	[TornadoVM-PTX-JNI] ERROR : cuLaunchKernel -> Returned: 701
	[TornadoVM-PTX-JNI] ERROR : cuLaunchKernel -> Returned: 701
	[TornadoVM-PTX-JNI] ERROR : cuLaunchKernel -> Returned: 701
	[TornadoVM-PTX-JNI] ERROR : cuLaunchKernel -> Returned: 701
	[TornadoVM-PTX-JNI] ERROR : cuLaunchKernel -> Returned: 701
	[TornadoVM-PTX-JNI] ERROR : cuLaunchKernel -> Returned: 701
	[TornadoVM-PTX-JNI] ERROR : cuLaunchKernel -> Returned: 701
	[TornadoVM-PTX-JNI] ERROR : cuLaunchKernel -> Returned: 701
	[TornadoVM-PTX-JNI] ERROR : cuLaunchKernel -> Returned: 701
	[TornadoVM-PTX-JNI] ERROR : cuLaunchKernel -> Returned: 701
	[TornadoVM-PTX-JNI] ERROR : cuLaunchKernel -> Returned: 701
	[TornadoVM-PTX-JNI] ERROR : cuLaunchKernel -> Returned: 701
	[TornadoVM-PTX-JNI] ERROR : cuLaunchKernel -> Returned: 701
	[TornadoVM-PTX-JNI] ERROR : cuLaunchKernel -> Returned: 701
	[TornadoVM-PTX-JNI] ERROR : cuLaunchKernel -> Returned: 701
	[TornadoVM-PTX-JNI] ERROR : cuLaunchKernel -> Returned: 701
	[TornadoVM-PTX-JNI] ERROR : cuLaunchKernel -> Returned: 701
	[TornadoVM-PTX-JNI] ERROR : cuLaunchKernel -> Returned: 701
	[TornadoVM-PTX-JNI] ERROR : cuLaunchKernel -> Returned: 701
	[TornadoVM-PTX-JNI] ERROR : cuLaunchKernel -> Returned: 701
	[TornadoVM-PTX-JNI] ERROR : cuLaunchKernel -> Returned: 701
	[TornadoVM-PTX-JNI] ERROR : cuLaunchKernel -> Returned: 701
	[TornadoVM-PTX-JNI] ERROR : cuLaunchKernel -> Returned: 701
	[TornadoVM-PTX-JNI] ERROR : cuLaunchKernel -> Returned: 701
	[TornadoVM-PTX-JNI] ERROR : cuLaunchKernel -> Returned: 701
	[TornadoVM-PTX-JNI] ERROR : cuLaunchKernel -> Returned: 701
	[TornadoVM-PTX-JNI] ERROR : cuLaunchKernel -> Returned: 701
	[TornadoVM-PTX-JNI] ERROR : cuLaunchKernel -> Returned: 701
	[TornadoVM-PTX-JNI] ERROR : cuLaunchKernel -> Returned: 701
	[TornadoVM-PTX-JNI] ERROR : cuLaunchKernel -> Returned: 701
	[TornadoVM-PTX-JNI] ERROR : cuLaunchKernel -> Returned: 701
	[TornadoVM-PTX-JNI] ERROR : cuLaunchKernel -> Returned: 701
	[TornadoVM-PTX-JNI] ERROR : cuLaunchKernel -> Returned: 701
	[TornadoVM-PTX-JNI] ERROR : cuLaunchKernel -> Returned: 701
	[TornadoVM-PTX-JNI] ERROR : cuLaunchKernel -> Returned: 701
	[TornadoVM-PTX-JNI] ERROR : cuLaunchKernel -> Returned: 701
	[TornadoVM-PTX-JNI] ERROR : cuLaunchKernel -> Returned: 701
	[TornadoVM-PTX-JNI] ERROR : cuLaunchKernel -> Returned: 701
	[TornadoVM-PTX-JNI] ERROR : cuLaunchKernel -> Returned: 701
	[TornadoVM-PTX-JNI] ERROR : cuLaunchKernel -> Returned: 701
	[TornadoVM-PTX-JNI] ERROR : cuLaunchKernel -> Returned: 701
	[TornadoVM-PTX-JNI] ERROR : cuLaunchKernel -> Returned: 701
	[TornadoVM-PTX-JNI] ERROR : cuLaunchKernel -> Returned: 701
	[TornadoVM-PTX-JNI] ERROR : cuLaunchKernel -> Returned: 701
	[TornadoVM-PTX-JNI] ERROR : cuLaunchKernel -> Returned: 701
	[TornadoVM-PTX-JNI] ERROR : cuLaunchKernel -> Returned: 701
	[TornadoVM-PTX-JNI] ERROR : cuLaunchKernel -> Returned: 701
	[TornadoVM-PTX-JNI] ERROR : cuLaunchKernel -> Returned: 701
	[TornadoVM-PTX-JNI] ERROR : cuLaunchKernel -> Returned: 701
	[TornadoVM-PTX-JNI] ERROR : cuLaunchKernel -> Returned: 701
	[TornadoVM-PTX-JNI] ERROR : cuLaunchKernel -> Returned: 701
	[TornadoVM-PTX-JNI] ERROR : cuLaunchKernel -> Returned: 701
	[TornadoVM-PTX-JNI] ERROR : cuLaunchKernel -> Returned: 701
	[TornadoVM-PTX-JNI] ERROR : cuLaunchKernel -> Returned: 701
	[TornadoVM-PTX-JNI] ERROR : cuLaunchKernel -> Returned: 701
	[TornadoVM-PTX-JNI] ERROR : cuLaunchKernel -> Returned: 701
	[TornadoVM-PTX-JNI] ERROR : cuLaunchKernel -> Returned: 701
	[TornadoVM-PTX-JNI] ERROR : cuLaunchKernel -> Returned: 701
	[TornadoVM-PTX-JNI] ERROR : cuLaunchKernel -> Returned: 701
	[TornadoVM-PTX-JNI] ERROR : cuLaunchKernel -> Returned: 701
	[TornadoVM-PTX-JNI] ERROR : cuLaunchKernel -> Returned: 701
	[TornadoVM-PTX-JNI] ERROR : cuLaunchKernel -> Returned: 701
	[TornadoVM-PTX-JNI] ERROR : cuLaunchKernel -> Returned: 701
	[TornadoVM-PTX-JNI] ERROR : cuLaunchKernel -> Returned: 701
	[TornadoVM-PTX-JNI] ERROR : cuLaunchKernel -> Returned: 701
	[TornadoVM-PTX-JNI] ERROR : cuLaunchKernel -> Returned: 701
	[TornadoVM-PTX-JNI] ERROR : cuLaunchKernel -> Returned: 701
	[TornadoVM-PTX-JNI] ERROR : cuLaunchKernel -> Returned: 701
	[TornadoVM-PTX-JNI] ERROR : cuLaunchKernel -> Returned: 701
	[TornadoVM-PTX-JNI] ERROR : cuLaunchKernel -> Returned: 701
	[TornadoVM-PTX-JNI] ERROR : cuLaunchKernel -> Returned: 701
	[TornadoVM-PTX-JNI] ERROR : cuLaunchKernel -> Returned: 701
	[TornadoVM-PTX-JNI] ERROR : cuLaunchKernel -> Returned: 701
	[TornadoVM-PTX-JNI] ERROR : cuLaunchKernel -> Returned: 701
	[TornadoVM-PTX-JNI] ERROR : cuLaunchKernel -> Returned: 701
	[TornadoVM-PTX-JNI] ERROR : cuLaunchKernel -> Returned: 701
	[TornadoVM-PTX-JNI] ERROR : cuLaunchKernel -> Returned: 701
	[TornadoVM-PTX-JNI] ERROR : cuLaunchKernel -> Returned: 701
	[TornadoVM-PTX-JNI] ERROR : cuLaunchKernel -> Returned: 701
	[TornadoVM-PTX-JNI] ERROR : cuLaunchKernel -> Returned: 701
	[TornadoVM-PTX-JNI] ERROR : cuLaunchKernel -> Returned: 701
	[TornadoVM-PTX-JNI] ERROR : cuLaunchKernel -> Returned: 701
	[TornadoVM-PTX-JNI] ERROR : cuLaunchKernel -> Returned: 701
	[TornadoVM-PTX-JNI] ERROR : cuLaunchKernel -> Returned: 701
	[TornadoVM-PTX-JNI] ERROR : cuLaunchKernel -> Returned: 701
	[TornadoVM-PTX-JNI] ERROR : cuLaunchKernel -> Returned: 701
	[TornadoVM-PTX-JNI] ERROR : cuLaunchKernel -> Returned: 701
	[TornadoVM-PTX-JNI] ERROR : cuLaunchKernel -> Returned: 701
	[TornadoVM-PTX-JNI] ERROR : cuLaunchKernel -> Returned: 701
	[TornadoVM-PTX-JNI] ERROR : cuLaunchKernel -> Returned: 701
	[TornadoVM-PTX-JNI] ERROR : cuLaunchKernel -> Returned: 701
	[TornadoVM-PTX-JNI] ERROR : cuLaunchKernel -> Returned: 701
	[TornadoVM-PTX-JNI] ERROR : cuLaunchKernel -> Returned: 701
	[TornadoVM-PTX-JNI] ERROR : cuLaunchKernel -> Returned: 701
	[TornadoVM-PTX-JNI] ERROR : cuLaunchKernel -> Returned: 701
	[TornadoVM-PTX-JNI] ERROR : cuLaunchKernel -> Returned: 701
	[TornadoVM-PTX-JNI] ERROR : cuLaunchKernel -> Returned: 701
	[TornadoVM-PTX-JNI] ERROR : cuLaunchKernel -> Returned: 701
	[TornadoVM-PTX-JNI] ERROR : cuLaunchKernel -> Returned: 701
	[TornadoVM-PTX-JNI] ERROR : cuLaunchKernel -> Returned: 701
	[TornadoVM-PTX-JNI] ERROR : cuLaunchKernel -> Returned: 701
	[TornadoVM-PTX-JNI] ERROR : cuLaunchKernel -> Returned: 701
	[TornadoVM-PTX-JNI] ERROR : cuLaunchKernel -> Returned: 701
	[TornadoVM-PTX-JNI] ERROR : cuLaunchKernel -> Returned: 701
	[TornadoVM-PTX-JNI] ERROR : cuLaunchKernel -> Returned: 701
	[TornadoVM-PTX-JNI] ERROR : cuLaunchKernel -> Returned: 701
	[TornadoVM-PTX-JNI] ERROR : cuLaunchKernel -> Returned: 701
	[TornadoVM-PTX-JNI] ERROR : cuLaunchKernel -> Returned: 701
	[TornadoVM-PTX-JNI] ERROR : cuLaunchKernel -> Returned: 701
	[TornadoVM-PTX-JNI] ERROR : cuLaunchKernel -> Returned: 701
	[TornadoVM-PTX-JNI] ERROR : cuLaunchKernel -> Returned: 701
	[TornadoVM-PTX-JNI] ERROR : cuLaunchKernel -> Returned: 701
	[TornadoVM-PTX-JNI] ERROR : cuLaunchKernel -> Returned: 701
	[TornadoVM-PTX-JNI] ERROR : cuLaunchKernel -> Returned: 701
	[TornadoVM-PTX-JNI] ERROR : cuLaunchKernel -> Returned: 701
	[TornadoVM-PTX-JNI] ERROR : cuLaunchKernel -> Returned: 701
	[TornadoVM-PTX-JNI] ERROR : cuLaunchKernel -> Returned: 701
	[TornadoVM-PTX-JNI] ERROR : cuLaunchKernel -> Returned: 701
	[TornadoVM-PTX-JNI] ERROR : cuLaunchKernel -> Returned: 701
	[TornadoVM-PTX-JNI] ERROR : cuLaunchKernel -> Returned: 701
	[TornadoVM-PTX-JNI] ERROR : cuLaunchKernel -> Returned: 701
	[TornadoVM-PTX-JNI] ERROR : cuLaunchKernel -> Returned: 701
	[TornadoVM-PTX-JNI] ERROR : cuLaunchKernel -> Returned: 701
	[TornadoVM-PTX-JNI] ERROR : cuLaunchKernel -> Returned: 701
	[TornadoVM-PTX-JNI] ERROR : cuLaunchKernel -> Returned: 701
	[TornadoVM-PTX-JNI] ERROR : cuLaunchKernel -> Returned: 701
	[TornadoVM-PTX-JNI] ERROR : cuLaunchKernel -> Returned: 701
	[TornadoVM-PTX-JNI] ERROR : cuLaunchKernel -> Returned: 701
	[TornadoVM-PTX-JNI] ERROR : cuLaunchKernel -> Returned: 701
	[TornadoVM-PTX-JNI] ERROR : cuLaunchKernel -> Returned: 701
	[TornadoVM-PTX-JNI] ERROR : cuLaunchKernel -> Returned: 701
	[TornadoVM-PTX-JNI] ERROR : cuLaunchKernel -> Returned: 701
	[TornadoVM-PTX-JNI] ERROR : cuLaunchKernel -> Returned: 701
	[TornadoVM-PTX-JNI] ERROR : cuLaunchKernel -> Returned: 701
	[TornadoVM-PTX-JNI] ERROR : cuLaunchKernel -> Returned: 701
	[TornadoVM-PTX-JNI] ERROR : cuLaunchKernel -> Returned: 701
	[TornadoVM-PTX-JNI] ERROR : cuLaunchKernel -> Returned: 701
	[TornadoVM-PTX-JNI] ERROR : cuLaunchKernel -> Returned: 701
	[TornadoVM-PTX-JNI] ERROR : cuLaunchKernel -> Returned: 701
	[TornadoVM-PTX-JNI] ERROR : cuLaunchKernel -> Returned: 701
	[TornadoVM-PTX-JNI] ERROR : cuLaunchKernel -> Returned: 701
	[TornadoVM-PTX-JNI] ERROR : cuLaunchKernel -> Returned: 701
	[TornadoVM-PTX-JNI] ERROR : cuLaunchKernel -> Returned: 701
	[TornadoVM-PTX-JNI] ERROR : cuLaunchKernel -> Returned: 701
	[TornadoVM-PTX-JNI] ERROR : cuLaunchKernel -> Returned: 701
	[TornadoVM-PTX-JNI] ERROR : cuLaunchKernel -> Returned: 701
	[TornadoVM-PTX-JNI] ERROR : cuLaunchKernel -> Returned: 701
	[TornadoVM-PTX-JNI] ERROR : cuLaunchKernel -> Returned: 701
	[TornadoVM-PTX-JNI] ERROR : cuLaunchKernel -> Returned: 701
	[TornadoVM-PTX-JNI] ERROR : cuLaunchKernel -> Returned: 701
	[TornadoVM-PTX-JNI] ERROR : cuLaunchKernel -> Returned: 701
	[TornadoVM-PTX-JNI] ERROR : cuLaunchKernel -> Returned: 701
	[TornadoVM-PTX-JNI] ERROR : cuLaunchKernel -> Returned: 701
	[TornadoVM-PTX-JNI] ERROR : cuLaunchKernel -> Returned: 701
	[TornadoVM-PTX-JNI] ERROR : cuLaunchKernel -> Returned: 701
	[TornadoVM-PTX-JNI] ERROR : cuLaunchKernel -> Returned: 701
	[TornadoVM-PTX-JNI] ERROR : cuLaunchKernel -> Returned: 701
	[TornadoVM-PTX-JNI] ERROR : cuLaunchKernel -> Returned: 701
	[TornadoVM-PTX-JNI] ERROR : cuLaunchKernel -> Returned: 701
	[TornadoVM-PTX-JNI] ERROR : cuLaunchKernel -> Returned: 701
	[TornadoVM-PTX-JNI] ERROR : cuLaunchKernel -> Returned: 701
	[TornadoVM-PTX-JNI] ERROR : cuLaunchKernel -> Returned: 701
	[TornadoVM-PTX-JNI] ERROR : cuLaunchKernel -> Returned: 701
	[TornadoVM-PTX-JNI] ERROR : cuLaunchKernel -> Returned: 701
	[TornadoVM-PTX-JNI] ERROR : cuLaunchKernel -> Returned: 701
	[TornadoVM-PTX-JNI] ERROR : cuLaunchKernel -> Returned: 701
	[TornadoVM-PTX-JNI] ERROR : cuLaunchKernel -> Returned: 701
	[TornadoVM-PTX-JNI] ERROR : cuLaunchKernel -> Returned: 701
	[TornadoVM-PTX-JNI] ERROR : cuLaunchKernel -> Returned: 701
	[TornadoVM-PTX-JNI] ERROR : cuLaunchKernel -> Returned: 701
	[TornadoVM-PTX-JNI] ERROR : cuLaunchKernel -> Returned: 701
	[TornadoVM-PTX-JNI] ERROR : cuLaunchKernel -> Returned: 701
	[TornadoVM-PTX-JNI] ERROR : cuLaunchKernel -> Returned: 701
	[TornadoVM-PTX-JNI] ERROR : cuLaunchKernel -> Returned: 701
	[TornadoVM-PTX-JNI] ERROR : cuLaunchKernel -> Returned: 701
	[TornadoVM-PTX-JNI] ERROR : cuLaunchKernel -> Returned: 701
	[TornadoVM-PTX-JNI] ERROR : cuLaunchKernel -> Returned: 701
	[TornadoVM-PTX-JNI] ERROR : cuLaunchKernel -> Returned: 701
	[TornadoVM-PTX-JNI] ERROR : cuLaunchKernel -> Returned: 701
	[TornadoVM-PTX-JNI] ERROR : cuLaunchKernel -> Returned: 701
	[TornadoVM-PTX-JNI] ERROR : cuLaunchKernel -> Returned: 701
	[TornadoVM-PTX-JNI] ERROR : cuLaunchKernel -> Returned: 701
	[TornadoVM-PTX-JNI] ERROR : cuLaunchKernel -> Returned: 701
	[TornadoVM-PTX-JNI] ERROR : cuLaunchKernel -> Returned: 701
	[TornadoVM-PTX-JNI] ERROR : cuLaunchKernel -> Returned: 701
	[TornadoVM-PTX-JNI] ERROR : cuLaunchKernel -> Returned: 701
	[TornadoVM-PTX-JNI] ERROR : cuLaunchKernel -> Returned: 701
	[TornadoVM-PTX-JNI] ERROR : cuLaunchKernel -> Returned: 701
	[TornadoVM-PTX-JNI] ERROR : cuLaunchKernel -> Returned: 701
	[TornadoVM-PTX-JNI] ERROR : cuLaunchKernel -> Returned: 701
	[TornadoVM-PTX-JNI] ERROR : cuLaunchKernel -> Returned: 701
	[TornadoVM-PTX-JNI] ERROR : cuLaunchKernel -> Returned: 701
	[TornadoVM-PTX-JNI] ERROR : cuLaunchKernel -> Returned: 701
	[TornadoVM-PTX-JNI] ERROR : cuLaunchKernel -> Returned: 701
	[TornadoVM-PTX-JNI] ERROR : cuLaunchKernel -> Returned: 701
	[TornadoVM-PTX-JNI] ERROR : cuLaunchKernel -> Returned: 701
	[TornadoVM-PTX-JNI] ERROR : cuLaunchKernel -> Returned: 701
	[TornadoVM-PTX-JNI] ERROR : cuLaunchKernel -> Returned: 701
	[TornadoVM-PTX-JNI] ERROR : cuLaunchKernel -> Returned: 701
	[TornadoVM-PTX-JNI] ERROR : cuLaunchKernel -> Returned: 701
	[TornadoVM-PTX-JNI] ERROR : cuLaunchKernel -> Returned: 701
	[TornadoVM-PTX-JNI] ERROR : cuLaunchKernel -> Returned: 701
	[TornadoVM-PTX-JNI] ERROR : cuLaunchKernel -> Returned: 701
	[TornadoVM-PTX-JNI] ERROR : cuLaunchKernel -> Returned: 701
	[TornadoVM-PTX-JNI] ERROR : cuLaunchKernel -> Returned: 701
	[TornadoVM-PTX-JNI] ERROR : cuLaunchKernel -> Returned: 701
	[TornadoVM-PTX-JNI] ERROR : cuLaunchKernel -> Returned: 701
	[TornadoVM-PTX-JNI] ERROR : cuLaunchKernel -> Returned: 701
	[TornadoVM-PTX-JNI] ERROR : cuLaunchKernel -> Returned: 701
	[TornadoVM-PTX-JNI] ERROR : cuLaunchKernel -> Returned: 701
	[TornadoVM-PTX-JNI] ERROR : cuLaunchKernel -> Returned: 701
	[TornadoVM-PTX-JNI] ERROR : cuLaunchKernel -> Returned: 701
	[TornadoVM-PTX-JNI] ERROR : cuLaunchKernel -> Returned: 701
	[TornadoVM-PTX-JNI] ERROR : cuLaunchKernel -> Returned: 701
	[TornadoVM-PTX-JNI] ERROR : cuLaunchKernel -> Returned: 701
	[TornadoVM-PTX-JNI] ERROR : cuLaunchKernel -> Returned: 701
	[TornadoVM-PTX-JNI] ERROR : cuLaunchKernel -> Returned: 701
	[TornadoVM-PTX-JNI] ERROR : cuLaunchKernel -> Returned: 701
	[TornadoVM-PTX-JNI] ERROR : cuLaunchKernel -> Returned: 701
	[TornadoVM-PTX-JNI] ERROR : cuLaunchKernel -> Returned: 701
	[TornadoVM-PTX-JNI] ERROR : cuLaunchKernel -> Returned: 701
	[TornadoVM-PTX-JNI] ERROR : cuLaunchKernel -> Returned: 701
	[TornadoVM-PTX-JNI] ERROR : cuLaunchKernel -> Returned: 701
	[TornadoVM-PTX-JNI] ERROR : cuLaunchKernel -> Returned: 701
	[TornadoVM-PTX-JNI] ERROR : cuLaunchKernel -> Returned: 701
	[TornadoVM-PTX-JNI] ERROR : cuLaunchKernel -> Returned: 701
	[TornadoVM-PTX-JNI] ERROR : cuLaunchKernel -> Returned: 701
	[TornadoVM-PTX-JNI] ERROR : cuLaunchKernel -> Returned: 701
	[TornadoVM-PTX-JNI] ERROR : cuLaunchKernel -> Returned: 701
	[TornadoVM-PTX-JNI] ERROR : cuLaunchKernel -> Returned: 701
	[TornadoVM-PTX-JNI] ERROR : cuLaunchKernel -> Returned: 701
	[TornadoVM-PTX-JNI] ERROR : cuLaunchKernel -> Returned: 701
[GATHER] call=6000 totalDirty=0 maxThread=0 cumAvg=13.2 cumMaxPerThread=4
	[TornadoVM-PTX-JNI] ERROR : cuLaunchKernel -> Returned: 701
	[TornadoVM-PTX-JNI] ERROR : cuLaunchKernel -> Returned: 701
	[TornadoVM-PTX-JNI] ERROR : cuLaunchKernel -> Returned: 701
	[TornadoVM-PTX-JNI] ERROR : cuLaunchKernel -> Returned: 701
	[TornadoVM-PTX-JNI] ERROR : cuLaunchKernel -> Returned: 701
	[TornadoVM-PTX-JNI] ERROR : cuLaunchKernel -> Returned: 701
	[TornadoVM-PTX-JNI] ERROR : cuLaunchKernel -> Returned: 701
	[TornadoVM-PTX-JNI] ERROR : cuLaunchKernel -> Returned: 701
	[TornadoVM-PTX-JNI] ERROR : cuLaunchKernel -> Returned: 701
	[TornadoVM-PTX-JNI] ERROR : cuLaunchKernel -> Returned: 701
	[TornadoVM-PTX-JNI] ERROR : cuLaunchKernel -> Returned: 701
	[TornadoVM-PTX-JNI] ERROR : cuLaunchKernel -> Returned: 701
	[TornadoVM-PTX-JNI] ERROR : cuLaunchKernel -> Returned: 701
	[TornadoVM-PTX-JNI] ERROR : cuLaunchKernel -> Returned: 701
	[TornadoVM-PTX-JNI] ERROR : cuLaunchKernel -> Returned: 701
	[TornadoVM-PTX-JNI] ERROR : cuLaunchKernel -> Returned: 701
	[TornadoVM-PTX-JNI] ERROR : cuLaunchKernel -> Returned: 701
	[TornadoVM-PTX-JNI] ERROR : cuLaunchKernel -> Returned: 701
	[TornadoVM-PTX-JNI] ERROR : cuLaunchKernel -> Returned: 701
	[TornadoVM-PTX-JNI] ERROR : cuLaunchKernel -> Returned: 701
	[TornadoVM-PTX-JNI] ERROR : cuLaunchKernel -> Returned: 701
	[TornadoVM-PTX-JNI] ERROR : cuLaunchKernel -> Returned: 701
	[TornadoVM-PTX-JNI] ERROR : cuLaunchKernel -> Returned: 701
	[TornadoVM-PTX-JNI] ERROR : cuLaunchKernel -> Returned: 701
	[TornadoVM-PTX-JNI] ERROR : cuLaunchKernel -> Returned: 701
	[TornadoVM-PTX-JNI] ERROR : cuLaunchKernel -> Returned: 701
	[TornadoVM-PTX-JNI] ERROR : cuLaunchKernel -> Returned: 701
	[TornadoVM-PTX-JNI] ERROR : cuLaunchKernel -> Returned: 701
	[TornadoVM-PTX-JNI] ERROR : cuLaunchKernel -> Returned: 701
	[TornadoVM-PTX-JNI] ERROR : cuLaunchKernel -> Returned: 701
	[TornadoVM-PTX-JNI] ERROR : cuLaunchKernel -> Returned: 701
	[TornadoVM-PTX-JNI] ERROR : cuLaunchKernel -> Returned: 701
	[TornadoVM-PTX-JNI] ERROR : cuLaunchKernel -> Returned: 701
	[TornadoVM-PTX-JNI] ERROR : cuLaunchKernel -> Returned: 701
	[TornadoVM-PTX-JNI] ERROR : cuLaunchKernel -> Returned: 701
	[TornadoVM-PTX-JNI] ERROR : cuLaunchKernel -> Returned: 701
	[TornadoVM-PTX-JNI] ERROR : cuLaunchKernel -> Returned: 701
	[TornadoVM-PTX-JNI] ERROR : cuLaunchKernel -> Returned: 701
	[TornadoVM-PTX-JNI] ERROR : cuLaunchKernel -> Returned: 701
	[TornadoVM-PTX-JNI] ERROR : cuLaunchKernel -> Returned: 701
	[TornadoVM-PTX-JNI] ERROR : cuLaunchKernel -> Returned: 701
	[TornadoVM-PTX-JNI] ERROR : cuLaunchKernel -> Returned: 701
	[TornadoVM-PTX-JNI] ERROR : cuLaunchKernel -> Returned: 701
	[TornadoVM-PTX-JNI] ERROR : cuLaunchKernel -> Returned: 701
	[TornadoVM-PTX-JNI] ERROR : cuLaunchKernel -> Returned: 701
	[TornadoVM-PTX-JNI] ERROR : cuLaunchKernel -> Returned: 701
	[TornadoVM-PTX-JNI] ERROR : cuLaunchKernel -> Returned: 701
	[TornadoVM-PTX-JNI] ERROR : cuLaunchKernel -> Returned: 701
	[TornadoVM-PTX-JNI] ERROR : cuLaunchKernel -> Returned: 701
	[TornadoVM-PTX-JNI] ERROR : cuLaunchKernel -> Returned: 701
	[TornadoVM-PTX-JNI] ERROR : cuLaunchKernel -> Returned: 701
	[TornadoVM-PTX-JNI] ERROR : cuLaunchKernel -> Returned: 701
	[TornadoVM-PTX-JNI] ERROR : cuLaunchKernel -> Returned: 701
	[TornadoVM-PTX-JNI] ERROR : cuLaunchKernel -> Returned: 701
	[TornadoVM-PTX-JNI] ERROR : cuLaunchKernel -> Returned: 701
	[TornadoVM-PTX-JNI] ERROR : cuLaunchKernel -> Returned: 701
	[TornadoVM-PTX-JNI] ERROR : cuLaunchKernel -> Returned: 701
	[TornadoVM-PTX-JNI] ERROR : cuLaunchKernel -> Returned: 701
	[TornadoVM-PTX-JNI] ERROR : cuLaunchKernel -> Returned: 701
	[TornadoVM-PTX-JNI] ERROR : cuLaunchKernel -> Returned: 701
	[TornadoVM-PTX-JNI] ERROR : cuLaunchKernel -> Returned: 701
	[TornadoVM-PTX-JNI] ERROR : cuLaunchKernel -> Returned: 701
	[TornadoVM-PTX-JNI] ERROR : cuLaunchKernel -> Returned: 701
	[TornadoVM-PTX-JNI] ERROR : cuLaunchKernel -> Returned: 701
	[TornadoVM-PTX-JNI] ERROR : cuLaunchKernel -> Returned: 701
	[TornadoVM-PTX-JNI] ERROR : cuLaunchKernel -> Returned: 701
	[TornadoVM-PTX-JNI] ERROR : cuLaunchKernel -> Returned: 701
	[TornadoVM-PTX-JNI] ERROR : cuLaunchKernel -> Returned: 701
	[TornadoVM-PTX-JNI] ERROR : cuLaunchKernel -> Returned: 701
	[TornadoVM-PTX-JNI] ERROR : cuLaunchKernel -> Returned: 701
	[TornadoVM-PTX-JNI] ERROR : cuLaunchKernel -> Returned: 701
	[TornadoVM-PTX-JNI] ERROR : cuLaunchKernel -> Returned: 701
	[TornadoVM-PTX-JNI] ERROR : cuLaunchKernel -> Returned: 701
	[TornadoVM-PTX-JNI] ERROR : cuLaunchKernel -> Returned: 701
	[TornadoVM-PTX-JNI] ERROR : cuLaunchKernel -> Returned: 701
	[TornadoVM-PTX-JNI] ERROR : cuLaunchKernel -> Returned: 701
	[TornadoVM-PTX-JNI] ERROR : cuLaunchKernel -> Returned: 701
	[TornadoVM-PTX-JNI] ERROR : cuLaunchKernel -> Returned: 701
	[TornadoVM-PTX-JNI] ERROR : cuLaunchKernel -> Returned: 701
	[TornadoVM-PTX-JNI] ERROR : cuLaunchKernel -> Returned: 701
	[TornadoVM-PTX-JNI] ERROR : cuLaunchKernel -> Returned: 701
	[TornadoVM-PTX-JNI] ERROR : cuLaunchKernel -> Returned: 701
	[TornadoVM-PTX-JNI] ERROR : cuLaunchKernel -> Returned: 701
	[TornadoVM-PTX-JNI] ERROR : cuLaunchKernel -> Returned: 701
	[TornadoVM-PTX-JNI] ERROR : cuLaunchKernel -> Returned: 701
	[TornadoVM-PTX-JNI] ERROR : cuLaunchKernel -> Returned: 701
	[TornadoVM-PTX-JNI] ERROR : cuLaunchKernel -> Returned: 701
	[TornadoVM-PTX-JNI] ERROR : cuLaunchKernel -> Returned: 701
	[TornadoVM-PTX-JNI] ERROR : cuLaunchKernel -> Returned: 701
	[TornadoVM-PTX-JNI] ERROR : cuLaunchKernel -> Returned: 701
	[TornadoVM-PTX-JNI] ERROR : cuLaunchKernel -> Returned: 701
	[TornadoVM-PTX-JNI] ERROR : cuLaunchKernel -> Returned: 701
	[TornadoVM-PTX-JNI] ERROR : cuLaunchKernel -> Returned: 701
	[TornadoVM-PTX-JNI] ERROR : cuLaunchKernel -> Returned: 701
	[TornadoVM-PTX-JNI] ERROR : cuLaunchKernel -> Returned: 701
	[TornadoVM-PTX-JNI] ERROR : cuLaunchKernel -> Returned: 701
	[TornadoVM-PTX-JNI] ERROR : cuLaunchKernel -> Returned: 701
	[TornadoVM-PTX-JNI] ERROR : cuLaunchKernel -> Returned: 701
	[TornadoVM-PTX-JNI] ERROR : cuLaunchKernel -> Returned: 701
	[TornadoVM-PTX-JNI] ERROR : cuLaunchKernel -> Returned: 701
	[TornadoVM-PTX-JNI] ERROR : cuLaunchKernel -> Returned: 701
	[TornadoVM-PTX-JNI] ERROR : cuLaunchKernel -> Returned: 701
	[TornadoVM-PTX-JNI] ERROR : cuLaunchKernel -> Returned: 701
	[TornadoVM-PTX-JNI] ERROR : cuLaunchKernel -> Returned: 701
	[TornadoVM-PTX-JNI] ERROR : cuLaunchKernel -> Returned: 701
	[TornadoVM-PTX-JNI] ERROR : cuLaunchKernel -> Returned: 701
	[TornadoVM-PTX-JNI] ERROR : cuLaunchKernel -> Returned: 701
	[TornadoVM-PTX-JNI] ERROR : cuLaunchKernel -> Returned: 701
	[TornadoVM-PTX-JNI] ERROR : cuLaunchKernel -> Returned: 701
	[TornadoVM-PTX-JNI] ERROR : cuLaunchKernel -> Returned: 701
	[TornadoVM-PTX-JNI] ERROR : cuLaunchKernel -> Returned: 701
	[TornadoVM-PTX-JNI] ERROR : cuLaunchKernel -> Returned: 701
	[TornadoVM-PTX-JNI] ERROR : cuLaunchKernel -> Returned: 701
	[TornadoVM-PTX-JNI] ERROR : cuLaunchKernel -> Returned: 701
	[TornadoVM-PTX-JNI] ERROR : cuLaunchKernel -> Returned: 701
	[TornadoVM-PTX-JNI] ERROR : cuLaunchKernel -> Returned: 701
	[TornadoVM-PTX-JNI] ERROR : cuLaunchKernel -> Returned: 701
	[TornadoVM-PTX-JNI] ERROR : cuLaunchKernel -> Returned: 701
	[TornadoVM-PTX-JNI] ERROR : cuLaunchKernel -> Returned: 701
	[TornadoVM-PTX-JNI] ERROR : cuLaunchKernel -> Returned: 701
	[TornadoVM-PTX-JNI] ERROR : cuLaunchKernel -> Returned: 701
	[TornadoVM-PTX-JNI] ERROR : cuLaunchKernel -> Returned: 701
	[TornadoVM-PTX-JNI] ERROR : cuLaunchKernel -> Returned: 701
	[TornadoVM-PTX-JNI] ERROR : cuLaunchKernel -> Returned: 701
	[TornadoVM-PTX-JNI] ERROR : cuLaunchKernel -> Returned: 701
	[TornadoVM-PTX-JNI] ERROR : cuLaunchKernel -> Returned: 701
	[TornadoVM-PTX-JNI] ERROR : cuLaunchKernel -> Returned: 701
	[TornadoVM-PTX-JNI] ERROR : cuLaunchKernel -> Returned: 701
	[TornadoVM-PTX-JNI] ERROR : cuLaunchKernel -> Returned: 701
	[TornadoVM-PTX-JNI] ERROR : cuLaunchKernel -> Returned: 701
	[TornadoVM-PTX-JNI] ERROR : cuLaunchKernel -> Returned: 701
	[TornadoVM-PTX-JNI] ERROR : cuLaunchKernel -> Returned: 701
	[TornadoVM-PTX-JNI] ERROR : cuLaunchKernel -> Returned: 701
	[TornadoVM-PTX-JNI] ERROR : cuLaunchKernel -> Returned: 701
	[TornadoVM-PTX-JNI] ERROR : cuLaunchKernel -> Returned: 701
	[TornadoVM-PTX-JNI] ERROR : cuLaunchKernel -> Returned: 701
	[TornadoVM-PTX-JNI] ERROR : cuLaunchKernel -> Returned: 701
	[TornadoVM-PTX-JNI] ERROR : cuLaunchKernel -> Returned: 701
	[TornadoVM-PTX-JNI] ERROR : cuLaunchKernel -> Returned: 701
	[TornadoVM-PTX-JNI] ERROR : cuLaunchKernel -> Returned: 701
	[TornadoVM-PTX-JNI] ERROR : cuLaunchKernel -> Returned: 701
	[TornadoVM-PTX-JNI] ERROR : cuLaunchKernel -> Returned: 701
	[TornadoVM-PTX-JNI] ERROR : cuLaunchKernel -> Returned: 701
	[TornadoVM-PTX-JNI] ERROR : cuLaunchKernel -> Returned: 701
	[TornadoVM-PTX-JNI] ERROR : cuLaunchKernel -> Returned: 701
	[TornadoVM-PTX-JNI] ERROR : cuLaunchKernel -> Returned: 701
	[TornadoVM-PTX-JNI] ERROR : cuLaunchKernel -> Returned: 701
	[TornadoVM-PTX-JNI] ERROR : cuLaunchKernel -> Returned: 701
	[TornadoVM-PTX-JNI] ERROR : cuLaunchKernel -> Returned: 701
	[TornadoVM-PTX-JNI] ERROR : cuLaunchKernel -> Returned: 701
	[TornadoVM-PTX-JNI] ERROR : cuLaunchKernel -> Returned: 701
	[TornadoVM-PTX-JNI] ERROR : cuLaunchKernel -> Returned: 701
	[TornadoVM-PTX-JNI] ERROR : cuLaunchKernel -> Returned: 701
	[TornadoVM-PTX-JNI] ERROR : cuLaunchKernel -> Returned: 701
	[TornadoVM-PTX-JNI] ERROR : cuLaunchKernel -> Returned: 701
	[TornadoVM-PTX-JNI] ERROR : cuLaunchKernel -> Returned: 701
	[TornadoVM-PTX-JNI] ERROR : cuLaunchKernel -> Returned: 701
	[TornadoVM-PTX-JNI] ERROR : cuLaunchKernel -> Returned: 701
	[TornadoVM-PTX-JNI] ERROR : cuLaunchKernel -> Returned: 701
	[TornadoVM-PTX-JNI] ERROR : cuLaunchKernel -> Returned: 701
	[TornadoVM-PTX-JNI] ERROR : cuLaunchKernel -> Returned: 701
	[TornadoVM-PTX-JNI] ERROR : cuLaunchKernel -> Returned: 701
	[TornadoVM-PTX-JNI] ERROR : cuLaunchKernel -> Returned: 701
	[TornadoVM-PTX-JNI] ERROR : cuLaunchKernel -> Returned: 701
	[TornadoVM-PTX-JNI] ERROR : cuLaunchKernel -> Returned: 701
	[TornadoVM-PTX-JNI] ERROR : cuLaunchKernel -> Returned: 701
	[TornadoVM-PTX-JNI] ERROR : cuLaunchKernel -> Returned: 701
	[TornadoVM-PTX-JNI] ERROR : cuLaunchKernel -> Returned: 701
	[TornadoVM-PTX-JNI] ERROR : cuLaunchKernel -> Returned: 701
	[TornadoVM-PTX-JNI] ERROR : cuLaunchKernel -> Returned: 701
	[TornadoVM-PTX-JNI] ERROR : cuLaunchKernel -> Returned: 701
	[TornadoVM-PTX-JNI] ERROR : cuLaunchKernel -> Returned: 701
	[TornadoVM-PTX-JNI] ERROR : cuLaunchKernel -> Returned: 701
	[TornadoVM-PTX-JNI] ERROR : cuLaunchKernel -> Returned: 701
	[TornadoVM-PTX-JNI] ERROR : cuLaunchKernel -> Returned: 701
	[TornadoVM-PTX-JNI] ERROR : cuLaunchKernel -> Returned: 701
	[TornadoVM-PTX-JNI] ERROR : cuLaunchKernel -> Returned: 701
	[TornadoVM-PTX-JNI] ERROR : cuLaunchKernel -> Returned: 701
	[TornadoVM-PTX-JNI] ERROR : cuLaunchKernel -> Returned: 701
	[TornadoVM-PTX-JNI] ERROR : cuLaunchKernel -> Returned: 701
	[TornadoVM-PTX-JNI] ERROR : cuLaunchKernel -> Returned: 701
	[TornadoVM-PTX-JNI] ERROR : cuLaunchKernel -> Returned: 701
	[TornadoVM-PTX-JNI] ERROR : cuLaunchKernel -> Returned: 701
	[TornadoVM-PTX-JNI] ERROR : cuLaunchKernel -> Returned: 701
	[TornadoVM-PTX-JNI] ERROR : cuLaunchKernel -> Returned: 701
	[TornadoVM-PTX-JNI] ERROR : cuLaunchKernel -> Returned: 701
	[TornadoVM-PTX-JNI] ERROR : cuLaunchKernel -> Returned: 701
	[TornadoVM-PTX-JNI] ERROR : cuLaunchKernel -> Returned: 701
	[TornadoVM-PTX-JNI] ERROR : cuLaunchKernel -> Returned: 701
	[TornadoVM-PTX-JNI] ERROR : cuLaunchKernel -> Returned: 701
	[TornadoVM-PTX-JNI] ERROR : cuLaunchKernel -> Returned: 701
	[TornadoVM-PTX-JNI] ERROR : cuLaunchKernel -> Returned: 701
	[TornadoVM-PTX-JNI] ERROR : cuLaunchKernel -> Returned: 701
	[TornadoVM-PTX-JNI] ERROR : cuLaunchKernel -> Returned: 701
	[TornadoVM-PTX-JNI] ERROR : cuLaunchKernel -> Returned: 701
	[TornadoVM-PTX-JNI] ERROR : cuLaunchKernel -> Returned: 701
	[TornadoVM-PTX-JNI] ERROR : cuLaunchKernel -> Returned: 701
	[TornadoVM-PTX-JNI] ERROR : cuLaunchKernel -> Returned: 701
	[TornadoVM-PTX-JNI] ERROR : cuLaunchKernel -> Returned: 701
	[TornadoVM-PTX-JNI] ERROR : cuLaunchKernel -> Returned: 701
	[TornadoVM-PTX-JNI] ERROR : cuLaunchKernel -> Returned: 701
	[TornadoVM-PTX-JNI] ERROR : cuLaunchKernel -> Returned: 701
	[TornadoVM-PTX-JNI] ERROR : cuLaunchKernel -> Returned: 701
	[TornadoVM-PTX-JNI] ERROR : cuLaunchKernel -> Returned: 701
	[TornadoVM-PTX-JNI] ERROR : cuLaunchKernel -> Returned: 701
	[TornadoVM-PTX-JNI] ERROR : cuLaunchKernel -> Returned: 701
	[TornadoVM-PTX-JNI] ERROR : cuLaunchKernel -> Returned: 701
	[TornadoVM-PTX-JNI] ERROR : cuLaunchKernel -> Returned: 701
	[TornadoVM-PTX-JNI] ERROR : cuLaunchKernel -> Returned: 701
	[TornadoVM-PTX-JNI] ERROR : cuLaunchKernel -> Returned: 701
	[TornadoVM-PTX-JNI] ERROR : cuLaunchKernel -> Returned: 701
	[TornadoVM-PTX-JNI] ERROR : cuLaunchKernel -> Returned: 701
	[TornadoVM-PTX-JNI] ERROR : cuLaunchKernel -> Returned: 701
	[TornadoVM-PTX-JNI] ERROR : cuLaunchKernel -> Returned: 701
	[TornadoVM-PTX-JNI] ERROR : cuLaunchKernel -> Returned: 701
	[TornadoVM-PTX-JNI] ERROR : cuLaunchKernel -> Returned: 701
	[TornadoVM-PTX-JNI] ERROR : cuLaunchKernel -> Returned: 701
	[TornadoVM-PTX-JNI] ERROR : cuLaunchKernel -> Returned: 701
	[TornadoVM-PTX-JNI] ERROR : cuLaunchKernel -> Returned: 701
	[TornadoVM-PTX-JNI] ERROR : cuLaunchKernel -> Returned: 701
	[TornadoVM-PTX-JNI] ERROR : cuLaunchKernel -> Returned: 701
	[TornadoVM-PTX-JNI] ERROR : cuLaunchKernel -> Returned: 701
	[TornadoVM-PTX-JNI] ERROR : cuLaunchKernel -> Returned: 701
	[TornadoVM-PTX-JNI] ERROR : cuLaunchKernel -> Returned: 701
	[TornadoVM-PTX-JNI] ERROR : cuLaunchKernel -> Returned: 701
	[TornadoVM-PTX-JNI] ERROR : cuLaunchKernel -> Returned: 701
	[TornadoVM-PTX-JNI] ERROR : cuLaunchKernel -> Returned: 701
	[TornadoVM-PTX-JNI] ERROR : cuLaunchKernel -> Returned: 701
	[TornadoVM-PTX-JNI] ERROR : cuLaunchKernel -> Returned: 701
	[TornadoVM-PTX-JNI] ERROR : cuLaunchKernel -> Returned: 701
	[TornadoVM-PTX-JNI] ERROR : cuLaunchKernel -> Returned: 701
	[TornadoVM-PTX-JNI] ERROR : cuLaunchKernel -> Returned: 701
	[TornadoVM-PTX-JNI] ERROR : cuLaunchKernel -> Returned: 701
	[TornadoVM-PTX-JNI] ERROR : cuLaunchKernel -> Returned: 701
	[TornadoVM-PTX-JNI] ERROR : cuLaunchKernel -> Returned: 701
	[TornadoVM-PTX-JNI] ERROR : cuLaunchKernel -> Returned: 701
	[TornadoVM-PTX-JNI] ERROR : cuLaunchKernel -> Returned: 701
	[TornadoVM-PTX-JNI] ERROR : cuLaunchKernel -> Returned: 701
	[TornadoVM-PTX-JNI] ERROR : cuLaunchKernel -> Returned: 701
	[TornadoVM-PTX-JNI] ERROR : cuLaunchKernel -> Returned: 701
	[TornadoVM-PTX-JNI] ERROR : cuLaunchKernel -> Returned: 701
	[TornadoVM-PTX-JNI] ERROR : cuLaunchKernel -> Returned: 701
	[TornadoVM-PTX-JNI] ERROR : cuLaunchKernel -> Returned: 701
	[TornadoVM-PTX-JNI] ERROR : cuLaunchKernel -> Returned: 701
	[TornadoVM-PTX-JNI] ERROR : cuLaunchKernel -> Returned: 701
	[TornadoVM-PTX-JNI] ERROR : cuLaunchKernel -> Returned: 701
	[TornadoVM-PTX-JNI] ERROR : cuLaunchKernel -> Returned: 701
	[TornadoVM-PTX-JNI] ERROR : cuLaunchKernel -> Returned: 701
	[TornadoVM-PTX-JNI] ERROR : cuLaunchKernel -> Returned: 701
	[TornadoVM-PTX-JNI] ERROR : cuLaunchKernel -> Returned: 701
	[TornadoVM-PTX-JNI] ERROR : cuLaunchKernel -> Returned: 701
	[TornadoVM-PTX-JNI] ERROR : cuLaunchKernel -> Returned: 701
	[TornadoVM-PTX-JNI] ERROR : cuLaunchKernel -> Returned: 701
	[TornadoVM-PTX-JNI] ERROR : cuLaunchKernel -> Returned: 701
	[TornadoVM-PTX-JNI] ERROR : cuLaunchKernel -> Returned: 701
	[TornadoVM-PTX-JNI] ERROR : cuLaunchKernel -> Returned: 701
	[TornadoVM-PTX-JNI] ERROR : cuLaunchKernel -> Returned: 701
	[TornadoVM-PTX-JNI] ERROR : cuLaunchKernel -> Returned: 701
	[TornadoVM-PTX-JNI] ERROR : cuLaunchKernel -> Returned: 701
	[TornadoVM-PTX-JNI] ERROR : cuLaunchKernel -> Returned: 701
	[TornadoVM-PTX-JNI] ERROR : cuLaunchKernel -> Returned: 701
	[TornadoVM-PTX-JNI] ERROR : cuLaunchKernel -> Returned: 701
	[TornadoVM-PTX-JNI] ERROR : cuLaunchKernel -> Returned: 701
	[TornadoVM-PTX-JNI] ERROR : cuLaunchKernel -> Returned: 701
	[TornadoVM-PTX-JNI] ERROR : cuLaunchKernel -> Returned: 701
	[TornadoVM-PTX-JNI] ERROR : cuLaunchKernel -> Returned: 701
	[TornadoVM-PTX-JNI] ERROR : cuLaunchKernel -> Returned: 701
	[TornadoVM-PTX-JNI] ERROR : cuLaunchKernel -> Returned: 701
	[TornadoVM-PTX-JNI] ERROR : cuLaunchKernel -> Returned: 701
	[TornadoVM-PTX-JNI] ERROR : cuLaunchKernel -> Returned: 701
	[TornadoVM-PTX-JNI] ERROR : cuLaunchKernel -> Returned: 701
	[TornadoVM-PTX-JNI] ERROR : cuLaunchKernel -> Returned: 701
	[TornadoVM-PTX-JNI] ERROR : cuLaunchKernel -> Returned: 701
	[TornadoVM-PTX-JNI] ERROR : cuLaunchKernel -> Returned: 701
	[TornadoVM-PTX-JNI] ERROR : cuLaunchKernel -> Returned: 701
	[TornadoVM-PTX-JNI] ERROR : cuLaunchKernel -> Returned: 701
	[TornadoVM-PTX-JNI] ERROR : cuLaunchKernel -> Returned: 701
	[TornadoVM-PTX-JNI] ERROR : cuLaunchKernel -> Returned: 701
	[TornadoVM-PTX-JNI] ERROR : cuLaunchKernel -> Returned: 701
	[TornadoVM-PTX-JNI] ERROR : cuLaunchKernel -> Returned: 701
	[TornadoVM-PTX-JNI] ERROR : cuLaunchKernel -> Returned: 701
	[TornadoVM-PTX-JNI] ERROR : cuLaunchKernel -> Returned: 701
	[TornadoVM-PTX-JNI] ERROR : cuLaunchKernel -> Returned: 701
	[TornadoVM-PTX-JNI] ERROR : cuLaunchKernel -> Returned: 701
	[TornadoVM-PTX-JNI] ERROR : cuLaunchKernel -> Returned: 701
	[TornadoVM-PTX-JNI] ERROR : cuLaunchKernel -> Returned: 701
	[TornadoVM-PTX-JNI] ERROR : cuLaunchKernel -> Returned: 701
	[TornadoVM-PTX-JNI] ERROR : cuLaunchKernel -> Returned: 701
	[TornadoVM-PTX-JNI] ERROR : cuLaunchKernel -> Returned: 701
	[TornadoVM-PTX-JNI] ERROR : cuLaunchKernel -> Returned: 701
	[TornadoVM-PTX-JNI] ERROR : cuLaunchKernel -> Returned: 701
	[TornadoVM-PTX-JNI] ERROR : cuLaunchKernel -> Returned: 701
	[TornadoVM-PTX-JNI] ERROR : cuLaunchKernel -> Returned: 701
	[TornadoVM-PTX-JNI] ERROR : cuLaunchKernel -> Returned: 701
	[TornadoVM-PTX-JNI] ERROR : cuLaunchKernel -> Returned: 701
	[TornadoVM-PTX-JNI] ERROR : cuLaunchKernel -> Returned: 701
	[TornadoVM-PTX-JNI] ERROR : cuLaunchKernel -> Returned: 701
	[TornadoVM-PTX-JNI] ERROR : cuLaunchKernel -> Returned: 701
	[TornadoVM-PTX-JNI] ERROR : cuLaunchKernel -> Returned: 701
	[TornadoVM-PTX-JNI] ERROR : cuLaunchKernel -> Returned: 701
	[TornadoVM-PTX-JNI] ERROR : cuLaunchKernel -> Returned: 701
	[TornadoVM-PTX-JNI] ERROR : cuLaunchKernel -> Returned: 701
	[TornadoVM-PTX-JNI] ERROR : cuLaunchKernel -> Returned: 701
	[TornadoVM-PTX-JNI] ERROR : cuLaunchKernel -> Returned: 701
	[TornadoVM-PTX-JNI] ERROR : cuLaunchKernel -> Returned: 701
	[TornadoVM-PTX-JNI] ERROR : cuLaunchKernel -> Returned: 701
	[TornadoVM-PTX-JNI] ERROR : cuLaunchKernel -> Returned: 701
	[TornadoVM-PTX-JNI] ERROR : cuLaunchKernel -> Returned: 701
	[TornadoVM-PTX-JNI] ERROR : cuLaunchKernel -> Returned: 701
	[TornadoVM-PTX-JNI] ERROR : cuLaunchKernel -> Returned: 701
	[TornadoVM-PTX-JNI] ERROR : cuLaunchKernel -> Returned: 701
	[TornadoVM-PTX-JNI] ERROR : cuLaunchKernel -> Returned: 701
	[TornadoVM-PTX-JNI] ERROR : cuLaunchKernel -> Returned: 701
	[TornadoVM-PTX-JNI] ERROR : cuLaunchKernel -> Returned: 701
	[TornadoVM-PTX-JNI] ERROR : cuLaunchKernel -> Returned: 701
	[TornadoVM-PTX-JNI] ERROR : cuLaunchKernel -> Returned: 701
	[TornadoVM-PTX-JNI] ERROR : cuLaunchKernel -> Returned: 701
	[TornadoVM-PTX-JNI] ERROR : cuLaunchKernel -> Returned: 701
	[TornadoVM-PTX-JNI] ERROR : cuLaunchKernel -> Returned: 701
	[TornadoVM-PTX-JNI] ERROR : cuLaunchKernel -> Returned: 701
	[TornadoVM-PTX-JNI] ERROR : cuLaunchKernel -> Returned: 701
	[TornadoVM-PTX-JNI] ERROR : cuLaunchKernel -> Returned: 701
	[TornadoVM-PTX-JNI] ERROR : cuLaunchKernel -> Returned: 701
	[TornadoVM-PTX-JNI] ERROR : cuLaunchKernel -> Returned: 701
	[TornadoVM-PTX-JNI] ERROR : cuLaunchKernel -> Returned: 701
	[TornadoVM-PTX-JNI] ERROR : cuLaunchKernel -> Returned: 701
	[TornadoVM-PTX-JNI] ERROR : cuLaunchKernel -> Returned: 701
	[TornadoVM-PTX-JNI] ERROR : cuLaunchKernel -> Returned: 701
	[TornadoVM-PTX-JNI] ERROR : cuLaunchKernel -> Returned: 701
	[TornadoVM-PTX-JNI] ERROR : cuLaunchKernel -> Returned: 701
	[TornadoVM-PTX-JNI] ERROR : cuLaunchKernel -> Returned: 701
	[TornadoVM-PTX-JNI] ERROR : cuLaunchKernel -> Returned: 701
	[TornadoVM-PTX-JNI] ERROR : cuLaunchKernel -> Returned: 701
	[TornadoVM-PTX-JNI] ERROR : cuLaunchKernel -> Returned: 701
	[TornadoVM-PTX-JNI] ERROR : cuLaunchKernel -> Returned: 701
	[TornadoVM-PTX-JNI] ERROR : cuLaunchKernel -> Returned: 701
	[TornadoVM-PTX-JNI] ERROR : cuLaunchKernel -> Returned: 701
	[TornadoVM-PTX-JNI] ERROR : cuLaunchKernel -> Returned: 701
	[TornadoVM-PTX-JNI] ERROR : cuLaunchKernel -> Returned: 701
	[TornadoVM-PTX-JNI] ERROR : cuLaunchKernel -> Returned: 701
	[TornadoVM-PTX-JNI] ERROR : cuLaunchKernel -> Returned: 701
	[TornadoVM-PTX-JNI] ERROR : cuLaunchKernel -> Returned: 701
	[TornadoVM-PTX-JNI] ERROR : cuLaunchKernel -> Returned: 701
	[TornadoVM-PTX-JNI] ERROR : cuLaunchKernel -> Returned: 701
	[TornadoVM-PTX-JNI] ERROR : cuLaunchKernel -> Returned: 701
	[TornadoVM-PTX-JNI] ERROR : cuLaunchKernel -> Returned: 701
	[TornadoVM-PTX-JNI] ERROR : cuLaunchKernel -> Returned: 701
	[TornadoVM-PTX-JNI] ERROR : cuLaunchKernel -> Returned: 701
	[TornadoVM-PTX-JNI] ERROR : cuLaunchKernel -> Returned: 701
	[TornadoVM-PTX-JNI] ERROR : cuLaunchKernel -> Returned: 701
	[TornadoVM-PTX-JNI] ERROR : cuLaunchKernel -> Returned: 701
	[TornadoVM-PTX-JNI] ERROR : cuLaunchKernel -> Returned: 701
	[TornadoVM-PTX-JNI] ERROR : cuLaunchKernel -> Returned: 701
	[TornadoVM-PTX-JNI] ERROR : cuLaunchKernel -> Returned: 701
	[TornadoVM-PTX-JNI] ERROR : cuLaunchKernel -> Returned: 701
	[TornadoVM-PTX-JNI] ERROR : cuLaunchKernel -> Returned: 701
	[TornadoVM-PTX-JNI] ERROR : cuLaunchKernel -> Returned: 701
	[TornadoVM-PTX-JNI] ERROR : cuLaunchKernel -> Returned: 701
	[TornadoVM-PTX-JNI] ERROR : cuLaunchKernel -> Returned: 701
	[TornadoVM-PTX-JNI] ERROR : cuLaunchKernel -> Returned: 701
	[TornadoVM-PTX-JNI] ERROR : cuLaunchKernel -> Returned: 701
	[TornadoVM-PTX-JNI] ERROR : cuLaunchKernel -> Returned: 701
	[TornadoVM-PTX-JNI] ERROR : cuLaunchKernel -> Returned: 701
	[TornadoVM-PTX-JNI] ERROR : cuLaunchKernel -> Returned: 701
	[TornadoVM-PTX-JNI] ERROR : cuLaunchKernel -> Returned: 701
	[TornadoVM-PTX-JNI] ERROR : cuLaunchKernel -> Returned: 701
	[TornadoVM-PTX-JNI] ERROR : cuLaunchKernel -> Returned: 701
	[TornadoVM-PTX-JNI] ERROR : cuLaunchKernel -> Returned: 701
	[TornadoVM-PTX-JNI] ERROR : cuLaunchKernel -> Returned: 701
	[TornadoVM-PTX-JNI] ERROR : cuLaunchKernel -> Returned: 701
	[TornadoVM-PTX-JNI] ERROR : cuLaunchKernel -> Returned: 701
	[TornadoVM-PTX-JNI] ERROR : cuLaunchKernel -> Returned: 701
	[TornadoVM-PTX-JNI] ERROR : cuLaunchKernel -> Returned: 701
	[TornadoVM-PTX-JNI] ERROR : cuLaunchKernel -> Returned: 701
	[TornadoVM-PTX-JNI] ERROR : cuLaunchKernel -> Returned: 701
	[TornadoVM-PTX-JNI] ERROR : cuLaunchKernel -> Returned: 701
	[TornadoVM-PTX-JNI] ERROR : cuLaunchKernel -> Returned: 701
	[TornadoVM-PTX-JNI] ERROR : cuLaunchKernel -> Returned: 701
	[TornadoVM-PTX-JNI] ERROR : cuLaunchKernel -> Returned: 701
	[TornadoVM-PTX-JNI] ERROR : cuLaunchKernel -> Returned: 701
	[TornadoVM-PTX-JNI] ERROR : cuLaunchKernel -> Returned: 701
	[TornadoVM-PTX-JNI] ERROR : cuLaunchKernel -> Returned: 701
	[TornadoVM-PTX-JNI] ERROR : cuLaunchKernel -> Returned: 701
	[TornadoVM-PTX-JNI] ERROR : cuLaunchKernel -> Returned: 701
	[TornadoVM-PTX-JNI] ERROR : cuLaunchKernel -> Returned: 701
	[TornadoVM-PTX-JNI] ERROR : cuLaunchKernel -> Returned: 701
	[TornadoVM-PTX-JNI] ERROR : cuLaunchKernel -> Returned: 701
	[TornadoVM-PTX-JNI] ERROR : cuLaunchKernel -> Returned: 701
	[TornadoVM-PTX-JNI] ERROR : cuLaunchKernel -> Returned: 701
	[TornadoVM-PTX-JNI] ERROR : cuLaunchKernel -> Returned: 701
	[TornadoVM-PTX-JNI] ERROR : cuLaunchKernel -> Returned: 701
	[TornadoVM-PTX-JNI] ERROR : cuLaunchKernel -> Returned: 701
	[TornadoVM-PTX-JNI] ERROR : cuLaunchKernel -> Returned: 701
	[TornadoVM-PTX-JNI] ERROR : cuLaunchKernel -> Returned: 701
	[TornadoVM-PTX-JNI] ERROR : cuLaunchKernel -> Returned: 701
	[TornadoVM-PTX-JNI] ERROR : cuLaunchKernel -> Returned: 701
	[TornadoVM-PTX-JNI] ERROR : cuLaunchKernel -> Returned: 701
	[TornadoVM-PTX-JNI] ERROR : cuLaunchKernel -> Returned: 701
	[TornadoVM-PTX-JNI] ERROR : cuLaunchKernel -> Returned: 701
	[TornadoVM-PTX-JNI] ERROR : cuLaunchKernel -> Returned: 701
	[TornadoVM-PTX-JNI] ERROR : cuLaunchKernel -> Returned: 701
	[TornadoVM-PTX-JNI] ERROR : cuLaunchKernel -> Returned: 701
	[TornadoVM-PTX-JNI] ERROR : cuLaunchKernel -> Returned: 701
	[TornadoVM-PTX-JNI] ERROR : cuLaunchKernel -> Returned: 701
	[TornadoVM-PTX-JNI] ERROR : cuLaunchKernel -> Returned: 701
	[TornadoVM-PTX-JNI] ERROR : cuLaunchKernel -> Returned: 701
	[TornadoVM-PTX-JNI] ERROR : cuLaunchKernel -> Returned: 701
	[TornadoVM-PTX-JNI] ERROR : cuLaunchKernel -> Returned: 701
	[TornadoVM-PTX-JNI] ERROR : cuLaunchKernel -> Returned: 701
	[TornadoVM-PTX-JNI] ERROR : cuLaunchKernel -> Returned: 701
	[TornadoVM-PTX-JNI] ERROR : cuLaunchKernel -> Returned: 701
	[TornadoVM-PTX-JNI] ERROR : cuLaunchKernel -> Returned: 701
	[TornadoVM-PTX-JNI] ERROR : cuLaunchKernel -> Returned: 701
	[TornadoVM-PTX-JNI] ERROR : cuLaunchKernel -> Returned: 701
	[TornadoVM-PTX-JNI] ERROR : cuLaunchKernel -> Returned: 701
	[TornadoVM-PTX-JNI] ERROR : cuLaunchKernel -> Returned: 701
	[TornadoVM-PTX-JNI] ERROR : cuLaunchKernel -> Returned: 701
	[TornadoVM-PTX-JNI] ERROR : cuLaunchKernel -> Returned: 701
	[TornadoVM-PTX-JNI] ERROR : cuLaunchKernel -> Returned: 701
	[TornadoVM-PTX-JNI] ERROR : cuLaunchKernel -> Returned: 701
	[TornadoVM-PTX-JNI] ERROR : cuLaunchKernel -> Returned: 701
	[TornadoVM-PTX-JNI] ERROR : cuLaunchKernel -> Returned: 701
	[TornadoVM-PTX-JNI] ERROR : cuLaunchKernel -> Returned: 701
	[TornadoVM-PTX-JNI] ERROR : cuLaunchKernel -> Returned: 701
	[TornadoVM-PTX-JNI] ERROR : cuLaunchKernel -> Returned: 701
	[TornadoVM-PTX-JNI] ERROR : cuLaunchKernel -> Returned: 701
	[TornadoVM-PTX-JNI] ERROR : cuLaunchKernel -> Returned: 701
	[TornadoVM-PTX-JNI] ERROR : cuLaunchKernel -> Returned: 701
	[TornadoVM-PTX-JNI] ERROR : cuLaunchKernel -> Returned: 701
	[TornadoVM-PTX-JNI] ERROR : cuLaunchKernel -> Returned: 701
	[TornadoVM-PTX-JNI] ERROR : cuLaunchKernel -> Returned: 701
	[TornadoVM-PTX-JNI] ERROR : cuLaunchKernel -> Returned: 701
	[TornadoVM-PTX-JNI] ERROR : cuLaunchKernel -> Returned: 701
	[TornadoVM-PTX-JNI] ERROR : cuLaunchKernel -> Returned: 701
	[TornadoVM-PTX-JNI] ERROR : cuLaunchKernel -> Returned: 701
	[TornadoVM-PTX-JNI] ERROR : cuLaunchKernel -> Returned: 701
	[TornadoVM-PTX-JNI] ERROR : cuLaunchKernel -> Returned: 701
	[TornadoVM-PTX-JNI] ERROR : cuLaunchKernel -> Returned: 701
	[TornadoVM-PTX-JNI] ERROR : cuLaunchKernel -> Returned: 701
	[TornadoVM-PTX-JNI] ERROR : cuLaunchKernel -> Returned: 701
	[TornadoVM-PTX-JNI] ERROR : cuLaunchKernel -> Returned: 701
	[TornadoVM-PTX-JNI] ERROR : cuLaunchKernel -> Returned: 701
	[TornadoVM-PTX-JNI] ERROR : cuLaunchKernel -> Returned: 701
	[TornadoVM-PTX-JNI] ERROR : cuLaunchKernel -> Returned: 701
	[TornadoVM-PTX-JNI] ERROR : cuLaunchKernel -> Returned: 701
	[TornadoVM-PTX-JNI] ERROR : cuLaunchKernel -> Returned: 701
	[TornadoVM-PTX-JNI] ERROR : cuLaunchKernel -> Returned: 701
	[TornadoVM-PTX-JNI] ERROR : cuLaunchKernel -> Returned: 701
	[TornadoVM-PTX-JNI] ERROR : cuLaunchKernel -> Returned: 701
	[TornadoVM-PTX-JNI] ERROR : cuLaunchKernel -> Returned: 701
	[TornadoVM-PTX-JNI] ERROR : cuLaunchKernel -> Returned: 701
	[TornadoVM-PTX-JNI] ERROR : cuLaunchKernel -> Returned: 701
	[TornadoVM-PTX-JNI] ERROR : cuLaunchKernel -> Returned: 701
	[TornadoVM-PTX-JNI] ERROR : cuLaunchKernel -> Returned: 701
	[TornadoVM-PTX-JNI] ERROR : cuLaunchKernel -> Returned: 701
	[TornadoVM-PTX-JNI] ERROR : cuLaunchKernel -> Returned: 701
	[TornadoVM-PTX-JNI] ERROR : cuLaunchKernel -> Returned: 701
	[TornadoVM-PTX-JNI] ERROR : cuLaunchKernel -> Returned: 701
	[TornadoVM-PTX-JNI] ERROR : cuLaunchKernel -> Returned: 701
	[TornadoVM-PTX-JNI] ERROR : cuLaunchKernel -> Returned: 701
	[TornadoVM-PTX-JNI] ERROR : cuLaunchKernel -> Returned: 701
	[TornadoVM-PTX-JNI] ERROR : cuLaunchKernel -> Returned: 701
	[TornadoVM-PTX-JNI] ERROR : cuLaunchKernel -> Returned: 701
	[TornadoVM-PTX-JNI] ERROR : cuLaunchKernel -> Returned: 701
	[TornadoVM-PTX-JNI] ERROR : cuLaunchKernel -> Returned: 701
	[TornadoVM-PTX-JNI] ERROR : cuLaunchKernel -> Returned: 701
	[TornadoVM-PTX-JNI] ERROR : cuLaunchKernel -> Returned: 701
	[TornadoVM-PTX-JNI] ERROR : cuLaunchKernel -> Returned: 701
	[TornadoVM-PTX-JNI] ERROR : cuLaunchKernel -> Returned: 701
	[TornadoVM-PTX-JNI] ERROR : cuLaunchKernel -> Returned: 701
	[TornadoVM-PTX-JNI] ERROR : cuLaunchKernel -> Returned: 701
	[TornadoVM-PTX-JNI] ERROR : cuLaunchKernel -> Returned: 701
	[TornadoVM-PTX-JNI] ERROR : cuLaunchKernel -> Returned: 701
	[TornadoVM-PTX-JNI] ERROR : cuLaunchKernel -> Returned: 701
	[TornadoVM-PTX-JNI] ERROR : cuLaunchKernel -> Returned: 701
	[TornadoVM-PTX-JNI] ERROR : cuLaunchKernel -> Returned: 701
	[TornadoVM-PTX-JNI] ERROR : cuLaunchKernel -> Returned: 701
	[TornadoVM-PTX-JNI] ERROR : cuLaunchKernel -> Returned: 701
	[TornadoVM-PTX-JNI] ERROR : cuLaunchKernel -> Returned: 701
	[TornadoVM-PTX-JNI] ERROR : cuLaunchKernel -> Returned: 701
	[TornadoVM-PTX-JNI] ERROR : cuLaunchKernel -> Returned: 701
	[TornadoVM-PTX-JNI] ERROR : cuLaunchKernel -> Returned: 701
	[TornadoVM-PTX-JNI] ERROR : cuLaunchKernel -> Returned: 701
	[TornadoVM-PTX-JNI] ERROR : cuLaunchKernel -> Returned: 701
	[TornadoVM-PTX-JNI] ERROR : cuLaunchKernel -> Returned: 701
	[TornadoVM-PTX-JNI] ERROR : cuLaunchKernel -> Returned: 701
	[TornadoVM-PTX-JNI] ERROR : cuLaunchKernel -> Returned: 701
	[TornadoVM-PTX-JNI] ERROR : cuLaunchKernel -> Returned: 701
	[TornadoVM-PTX-JNI] ERROR : cuLaunchKernel -> Returned: 701
	[TornadoVM-PTX-JNI] ERROR : cuLaunchKernel -> Returned: 701
	[TornadoVM-PTX-JNI] ERROR : cuLaunchKernel -> Returned: 701
	[TornadoVM-PTX-JNI] ERROR : cuLaunchKernel -> Returned: 701
	[TornadoVM-PTX-JNI] ERROR : cuLaunchKernel -> Returned: 701
	[TornadoVM-PTX-JNI] ERROR : cuLaunchKernel -> Returned: 701
	[TornadoVM-PTX-JNI] ERROR : cuLaunchKernel -> Returned: 701
	[TornadoVM-PTX-JNI] ERROR : cuLaunchKernel -> Returned: 701
	[TornadoVM-PTX-JNI] ERROR : cuLaunchKernel -> Returned: 701
	[TornadoVM-PTX-JNI] ERROR : cuLaunchKernel -> Returned: 701
	[TornadoVM-PTX-JNI] ERROR : cuLaunchKernel -> Returned: 701
	[TornadoVM-PTX-JNI] ERROR : cuLaunchKernel -> Returned: 701
[GATHER] call=7000 totalDirty=0 maxThread=0 cumAvg=13.2 cumMaxPerThread=4
	[TornadoVM-PTX-JNI] ERROR : cuLaunchKernel -> Returned: 701
	[TornadoVM-PTX-JNI] ERROR : cuLaunchKernel -> Returned: 701
	[TornadoVM-PTX-JNI] ERROR : cuLaunchKernel -> Returned: 701
	[TornadoVM-PTX-JNI] ERROR : cuLaunchKernel -> Returned: 701
	[TornadoVM-PTX-JNI] ERROR : cuLaunchKernel -> Returned: 701
	[TornadoVM-PTX-JNI] ERROR : cuLaunchKernel -> Returned: 701
	[TornadoVM-PTX-JNI] ERROR : cuLaunchKernel -> Returned: 701
	[TornadoVM-PTX-JNI] ERROR : cuLaunchKernel -> Returned: 701
	[TornadoVM-PTX-JNI] ERROR : cuLaunchKernel -> Returned: 701
	[TornadoVM-PTX-JNI] ERROR : cuLaunchKernel -> Returned: 701
	[TornadoVM-PTX-JNI] ERROR : cuLaunchKernel -> Returned: 701
	[TornadoVM-PTX-JNI] ERROR : cuLaunchKernel -> Returned: 701
	[TornadoVM-PTX-JNI] ERROR : cuLaunchKernel -> Returned: 701
	[TornadoVM-PTX-JNI] ERROR : cuLaunchKernel -> Returned: 701
	[TornadoVM-PTX-JNI] ERROR : cuLaunchKernel -> Returned: 701
	[TornadoVM-PTX-JNI] ERROR : cuLaunchKernel -> Returned: 701
	[TornadoVM-PTX-JNI] ERROR : cuLaunchKernel -> Returned: 701
	[TornadoVM-PTX-JNI] ERROR : cuLaunchKernel -> Returned: 701
	[TornadoVM-PTX-JNI] ERROR : cuLaunchKernel -> Returned: 701
	[TornadoVM-PTX-JNI] ERROR : cuLaunchKernel -> Returned: 701
	[TornadoVM-PTX-JNI] ERROR : cuLaunchKernel -> Returned: 701
	[TornadoVM-PTX-JNI] ERROR : cuLaunchKernel -> Returned: 701
	[TornadoVM-PTX-JNI] ERROR : cuLaunchKernel -> Returned: 701
	[TornadoVM-PTX-JNI] ERROR : cuLaunchKernel -> Returned: 701
	[TornadoVM-PTX-JNI] ERROR : cuLaunchKernel -> Returned: 701
	[TornadoVM-PTX-JNI] ERROR : cuLaunchKernel -> Returned: 701
	[TornadoVM-PTX-JNI] ERROR : cuLaunchKernel -> Returned: 701
	[TornadoVM-PTX-JNI] ERROR : cuLaunchKernel -> Returned: 701
	[TornadoVM-PTX-JNI] ERROR : cuLaunchKernel -> Returned: 701
	[TornadoVM-PTX-JNI] ERROR : cuLaunchKernel -> Returned: 701
	[TornadoVM-PTX-JNI] ERROR : cuLaunchKernel -> Returned: 701
	[TornadoVM-PTX-JNI] ERROR : cuLaunchKernel -> Returned: 701
	[TornadoVM-PTX-JNI] ERROR : cuLaunchKernel -> Returned: 701
	[TornadoVM-PTX-JNI] ERROR : cuLaunchKernel -> Returned: 701
	[TornadoVM-PTX-JNI] ERROR : cuLaunchKernel -> Returned: 701
	[TornadoVM-PTX-JNI] ERROR : cuLaunchKernel -> Returned: 701
	[TornadoVM-PTX-JNI] ERROR : cuLaunchKernel -> Returned: 701
	[TornadoVM-PTX-JNI] ERROR : cuLaunchKernel -> Returned: 701
	[TornadoVM-PTX-JNI] ERROR : cuLaunchKernel -> Returned: 701
	[TornadoVM-PTX-JNI] ERROR : cuLaunchKernel -> Returned: 701
	[TornadoVM-PTX-JNI] ERROR : cuLaunchKernel -> Returned: 701
	[TornadoVM-PTX-JNI] ERROR : cuLaunchKernel -> Returned: 701
	[TornadoVM-PTX-JNI] ERROR : cuLaunchKernel -> Returned: 701
	[TornadoVM-PTX-JNI] ERROR : cuLaunchKernel -> Returned: 701
	[TornadoVM-PTX-JNI] ERROR : cuLaunchKernel -> Returned: 701
	[TornadoVM-PTX-JNI] ERROR : cuLaunchKernel -> Returned: 701
	[TornadoVM-PTX-JNI] ERROR : cuLaunchKernel -> Returned: 701
	[TornadoVM-PTX-JNI] ERROR : cuLaunchKernel -> Returned: 701
	[TornadoVM-PTX-JNI] ERROR : cuLaunchKernel -> Returned: 701
	[TornadoVM-PTX-JNI] ERROR : cuLaunchKernel -> Returned: 701
	[TornadoVM-PTX-JNI] ERROR : cuLaunchKernel -> Returned: 701
	[TornadoVM-PTX-JNI] ERROR : cuLaunchKernel -> Returned: 701
	[TornadoVM-PTX-JNI] ERROR : cuLaunchKernel -> Returned: 701
	[TornadoVM-PTX-JNI] ERROR : cuLaunchKernel -> Returned: 701
	[TornadoVM-PTX-JNI] ERROR : cuLaunchKernel -> Returned: 701
	[TornadoVM-PTX-JNI] ERROR : cuLaunchKernel -> Returned: 701
	[TornadoVM-PTX-JNI] ERROR : cuLaunchKernel -> Returned: 701
	[TornadoVM-PTX-JNI] ERROR : cuLaunchKernel -> Returned: 701
	[TornadoVM-PTX-JNI] ERROR : cuLaunchKernel -> Returned: 701
	[TornadoVM-PTX-JNI] ERROR : cuLaunchKernel -> Returned: 701
	[TornadoVM-PTX-JNI] ERROR : cuLaunchKernel -> Returned: 701
	[TornadoVM-PTX-JNI] ERROR : cuLaunchKernel -> Returned: 701
	[TornadoVM-PTX-JNI] ERROR : cuLaunchKernel -> Returned: 701
	[TornadoVM-PTX-JNI] ERROR : cuLaunchKernel -> Returned: 701
	[TornadoVM-PTX-JNI] ERROR : cuLaunchKernel -> Returned: 701
	[TornadoVM-PTX-JNI] ERROR : cuLaunchKernel -> Returned: 701
	[TornadoVM-PTX-JNI] ERROR : cuLaunchKernel -> Returned: 701
	[TornadoVM-PTX-JNI] ERROR : cuLaunchKernel -> Returned: 701
	[TornadoVM-PTX-JNI] ERROR : cuLaunchKernel -> Returned: 701
	[TornadoVM-PTX-JNI] ERROR : cuLaunchKernel -> Returned: 701
	[TornadoVM-PTX-JNI] ERROR : cuLaunchKernel -> Returned: 701
	[TornadoVM-PTX-JNI] ERROR : cuLaunchKernel -> Returned: 701
	[TornadoVM-PTX-JNI] ERROR : cuLaunchKernel -> Returned: 701
	[TornadoVM-PTX-JNI] ERROR : cuLaunchKernel -> Returned: 701
	[TornadoVM-PTX-JNI] ERROR : cuLaunchKernel -> Returned: 701
	[TornadoVM-PTX-JNI] ERROR : cuLaunchKernel -> Returned: 701
	[TornadoVM-PTX-JNI] ERROR : cuLaunchKernel -> Returned: 701
	[TornadoVM-PTX-JNI] ERROR : cuLaunchKernel -> Returned: 701
	[TornadoVM-PTX-JNI] ERROR : cuLaunchKernel -> Returned: 701
	[TornadoVM-PTX-JNI] ERROR : cuLaunchKernel -> Returned: 701
	[TornadoVM-PTX-JNI] ERROR : cuLaunchKernel -> Returned: 701
	[TornadoVM-PTX-JNI] ERROR : cuLaunchKernel -> Returned: 701
	[TornadoVM-PTX-JNI] ERROR : cuLaunchKernel -> Returned: 701
	[TornadoVM-PTX-JNI] ERROR : cuLaunchKernel -> Returned: 701
	[TornadoVM-PTX-JNI] ERROR : cuLaunchKernel -> Returned: 701
	[TornadoVM-PTX-JNI] ERROR : cuLaunchKernel -> Returned: 701
	[TornadoVM-PTX-JNI] ERROR : cuLaunchKernel -> Returned: 701
	[TornadoVM-PTX-JNI] ERROR : cuLaunchKernel -> Returned: 701
	[TornadoVM-PTX-JNI] ERROR : cuLaunchKernel -> Returned: 701
	[TornadoVM-PTX-JNI] ERROR : cuLaunchKernel -> Returned: 701
	[TornadoVM-PTX-JNI] ERROR : cuLaunchKernel -> Returned: 701
	[TornadoVM-PTX-JNI] ERROR : cuLaunchKernel -> Returned: 701
	[TornadoVM-PTX-JNI] ERROR : cuLaunchKernel -> Returned: 701
	[TornadoVM-PTX-JNI] ERROR : cuLaunchKernel -> Returned: 701
	[TornadoVM-PTX-JNI] ERROR : cuLaunchKernel -> Returned: 701
	[TornadoVM-PTX-JNI] ERROR : cuLaunchKernel -> Returned: 701
	[TornadoVM-PTX-JNI] ERROR : cuLaunchKernel -> Returned: 701
	[TornadoVM-PTX-JNI] ERROR : cuLaunchKernel -> Returned: 701
	[TornadoVM-PTX-JNI] ERROR : cuLaunchKernel -> Returned: 701
	[TornadoVM-PTX-JNI] ERROR : cuLaunchKernel -> Returned: 701
	[TornadoVM-PTX-JNI] ERROR : cuLaunchKernel -> Returned: 701
	[TornadoVM-PTX-JNI] ERROR : cuLaunchKernel -> Returned: 701
	[TornadoVM-PTX-JNI] ERROR : cuLaunchKernel -> Returned: 701
	[TornadoVM-PTX-JNI] ERROR : cuLaunchKernel -> Returned: 701
	[TornadoVM-PTX-JNI] ERROR : cuLaunchKernel -> Returned: 701
	[TornadoVM-PTX-JNI] ERROR : cuLaunchKernel -> Returned: 701
	[TornadoVM-PTX-JNI] ERROR : cuLaunchKernel -> Returned: 701
	[TornadoVM-PTX-JNI] ERROR : cuLaunchKernel -> Returned: 701
	[TornadoVM-PTX-JNI] ERROR : cuLaunchKernel -> Returned: 701
	[TornadoVM-PTX-JNI] ERROR : cuLaunchKernel -> Returned: 701
	[TornadoVM-PTX-JNI] ERROR : cuLaunchKernel -> Returned: 701
	[TornadoVM-PTX-JNI] ERROR : cuLaunchKernel -> Returned: 701
	[TornadoVM-PTX-JNI] ERROR : cuLaunchKernel -> Returned: 701
	[TornadoVM-PTX-JNI] ERROR : cuLaunchKernel -> Returned: 701
	[TornadoVM-PTX-JNI] ERROR : cuLaunchKernel -> Returned: 701
	[TornadoVM-PTX-JNI] ERROR : cuLaunchKernel -> Returned: 701
	[TornadoVM-PTX-JNI] ERROR : cuLaunchKernel -> Returned: 701
	[TornadoVM-PTX-JNI] ERROR : cuLaunchKernel -> Returned: 701
	[TornadoVM-PTX-JNI] ERROR : cuLaunchKernel -> Returned: 701
	[TornadoVM-PTX-JNI] ERROR : cuLaunchKernel -> Returned: 701
	[TornadoVM-PTX-JNI] ERROR : cuLaunchKernel -> Returned: 701
	[TornadoVM-PTX-JNI] ERROR : cuLaunchKernel -> Returned: 701
	[TornadoVM-PTX-JNI] ERROR : cuLaunchKernel -> Returned: 701
	[TornadoVM-PTX-JNI] ERROR : cuLaunchKernel -> Returned: 701
	[TornadoVM-PTX-JNI] ERROR : cuLaunchKernel -> Returned: 701
	[TornadoVM-PTX-JNI] ERROR : cuLaunchKernel -> Returned: 701
	[TornadoVM-PTX-JNI] ERROR : cuLaunchKernel -> Returned: 701
	[TornadoVM-PTX-JNI] ERROR : cuLaunchKernel -> Returned: 701
	[TornadoVM-PTX-JNI] ERROR : cuLaunchKernel -> Returned: 701
	[TornadoVM-PTX-JNI] ERROR : cuLaunchKernel -> Returned: 701
	[TornadoVM-PTX-JNI] ERROR : cuLaunchKernel -> Returned: 701
	[TornadoVM-PTX-JNI] ERROR : cuLaunchKernel -> Returned: 701
	[TornadoVM-PTX-JNI] ERROR : cuLaunchKernel -> Returned: 701
	[TornadoVM-PTX-JNI] ERROR : cuLaunchKernel -> Returned: 701
	[TornadoVM-PTX-JNI] ERROR : cuLaunchKernel -> Returned: 701
	[TornadoVM-PTX-JNI] ERROR : cuLaunchKernel -> Returned: 701
	[TornadoVM-PTX-JNI] ERROR : cuLaunchKernel -> Returned: 701
	[TornadoVM-PTX-JNI] ERROR : cuLaunchKernel -> Returned: 701
	[TornadoVM-PTX-JNI] ERROR : cuLaunchKernel -> Returned: 701
	[TornadoVM-PTX-JNI] ERROR : cuLaunchKernel -> Returned: 701
	[TornadoVM-PTX-JNI] ERROR : cuLaunchKernel -> Returned: 701
	[TornadoVM-PTX-JNI] ERROR : cuLaunchKernel -> Returned: 701
	[TornadoVM-PTX-JNI] ERROR : cuLaunchKernel -> Returned: 701
	[TornadoVM-PTX-JNI] ERROR : cuLaunchKernel -> Returned: 701
	[TornadoVM-PTX-JNI] ERROR : cuLaunchKernel -> Returned: 701
	[TornadoVM-PTX-JNI] ERROR : cuLaunchKernel -> Returned: 701
	[TornadoVM-PTX-JNI] ERROR : cuLaunchKernel -> Returned: 701
	[TornadoVM-PTX-JNI] ERROR : cuLaunchKernel -> Returned: 701
	[TornadoVM-PTX-JNI] ERROR : cuLaunchKernel -> Returned: 701
	[TornadoVM-PTX-JNI] ERROR : cuLaunchKernel -> Returned: 701
	[TornadoVM-PTX-JNI] ERROR : cuLaunchKernel -> Returned: 701
	[TornadoVM-PTX-JNI] ERROR : cuLaunchKernel -> Returned: 701
	[TornadoVM-PTX-JNI] ERROR : cuLaunchKernel -> Returned: 701
	[TornadoVM-PTX-JNI] ERROR : cuLaunchKernel -> Returned: 701
	[TornadoVM-PTX-JNI] ERROR : cuLaunchKernel -> Returned: 701
	[TornadoVM-PTX-JNI] ERROR : cuLaunchKernel -> Returned: 701
	[TornadoVM-PTX-JNI] ERROR : cuLaunchKernel -> Returned: 701
	[TornadoVM-PTX-JNI] ERROR : cuLaunchKernel -> Returned: 701
	[TornadoVM-PTX-JNI] ERROR : cuLaunchKernel -> Returned: 701
	[TornadoVM-PTX-JNI] ERROR : cuLaunchKernel -> Returned: 701
	[TornadoVM-PTX-JNI] ERROR : cuLaunchKernel -> Returned: 701
	[TornadoVM-PTX-JNI] ERROR : cuLaunchKernel -> Returned: 701
	[TornadoVM-PTX-JNI] ERROR : cuLaunchKernel -> Returned: 701
	[TornadoVM-PTX-JNI] ERROR : cuLaunchKernel -> Returned: 701
	[TornadoVM-PTX-JNI] ERROR : cuLaunchKernel -> Returned: 701
	[TornadoVM-PTX-JNI] ERROR : cuLaunchKernel -> Returned: 701
	[TornadoVM-PTX-JNI] ERROR : cuLaunchKernel -> Returned: 701
	[TornadoVM-PTX-JNI] ERROR : cuLaunchKernel -> Returned: 701
	[TornadoVM-PTX-JNI] ERROR : cuLaunchKernel -> Returned: 701
	[TornadoVM-PTX-JNI] ERROR : cuLaunchKernel -> Returned: 701
	[TornadoVM-PTX-JNI] ERROR : cuLaunchKernel -> Returned: 701
	[TornadoVM-PTX-JNI] ERROR : cuLaunchKernel -> Returned: 701
	[TornadoVM-PTX-JNI] ERROR : cuLaunchKernel -> Returned: 701
	[TornadoVM-PTX-JNI] ERROR : cuLaunchKernel -> Returned: 701
	[TornadoVM-PTX-JNI] ERROR : cuLaunchKernel -> Returned: 701
	[TornadoVM-PTX-JNI] ERROR : cuLaunchKernel -> Returned: 701
	[TornadoVM-PTX-JNI] ERROR : cuLaunchKernel -> Returned: 701
	[TornadoVM-PTX-JNI] ERROR : cuLaunchKernel -> Returned: 701
	[TornadoVM-PTX-JNI] ERROR : cuLaunchKernel -> Returned: 701
	[TornadoVM-PTX-JNI] ERROR : cuLaunchKernel -> Returned: 701
	[TornadoVM-PTX-JNI] ERROR : cuLaunchKernel -> Returned: 701
	[TornadoVM-PTX-JNI] ERROR : cuLaunchKernel -> Returned: 701
	[TornadoVM-PTX-JNI] ERROR : cuLaunchKernel -> Returned: 701
	[TornadoVM-PTX-JNI] ERROR : cuLaunchKernel -> Returned: 701
	[TornadoVM-PTX-JNI] ERROR : cuLaunchKernel -> Returned: 701
	[TornadoVM-PTX-JNI] ERROR : cuLaunchKernel -> Returned: 701
	[TornadoVM-PTX-JNI] ERROR : cuLaunchKernel -> Returned: 701
	[TornadoVM-PTX-JNI] ERROR : cuLaunchKernel -> Returned: 701
	[TornadoVM-PTX-JNI] ERROR : cuLaunchKernel -> Returned: 701
	[TornadoVM-PTX-JNI] ERROR : cuLaunchKernel -> Returned: 701
	[TornadoVM-PTX-JNI] ERROR : cuLaunchKernel -> Returned: 701
	[TornadoVM-PTX-JNI] ERROR : cuLaunchKernel -> Returned: 701
	[TornadoVM-PTX-JNI] ERROR : cuLaunchKernel -> Returned: 701
	[TornadoVM-PTX-JNI] ERROR : cuLaunchKernel -> Returned: 701
	[TornadoVM-PTX-JNI] ERROR : cuLaunchKernel -> Returned: 701
	[TornadoVM-PTX-JNI] ERROR : cuLaunchKernel -> Returned: 701
	[TornadoVM-PTX-JNI] ERROR : cuLaunchKernel -> Returned: 701
	[TornadoVM-PTX-JNI] ERROR : cuLaunchKernel -> Returned: 701
	[TornadoVM-PTX-JNI] ERROR : cuLaunchKernel -> Returned: 701
	[TornadoVM-PTX-JNI] ERROR : cuLaunchKernel -> Returned: 701
	[TornadoVM-PTX-JNI] ERROR : cuLaunchKernel -> Returned: 701
	[TornadoVM-PTX-JNI] ERROR : cuLaunchKernel -> Returned: 701
	[TornadoVM-PTX-JNI] ERROR : cuLaunchKernel -> Returned: 701
	[TornadoVM-PTX-JNI] ERROR : cuLaunchKernel -> Returned: 701
	[TornadoVM-PTX-JNI] ERROR : cuLaunchKernel -> Returned: 701
	[TornadoVM-PTX-JNI] ERROR : cuLaunchKernel -> Returned: 701
	[TornadoVM-PTX-JNI] ERROR : cuLaunchKernel -> Returned: 701
	[TornadoVM-PTX-JNI] ERROR : cuLaunchKernel -> Returned: 701
	[TornadoVM-PTX-JNI] ERROR : cuLaunchKernel -> Returned: 701
	[TornadoVM-PTX-JNI] ERROR : cuLaunchKernel -> Returned: 701
	[TornadoVM-PTX-JNI] ERROR : cuLaunchKernel -> Returned: 701
	[TornadoVM-PTX-JNI] ERROR : cuLaunchKernel -> Returned: 701
	[TornadoVM-PTX-JNI] ERROR : cuLaunchKernel -> Returned: 701
	[TornadoVM-PTX-JNI] ERROR : cuLaunchKernel -> Returned: 701
	[TornadoVM-PTX-JNI] ERROR : cuLaunchKernel -> Returned: 701
	[TornadoVM-PTX-JNI] ERROR : cuLaunchKernel -> Returned: 701
	[TornadoVM-PTX-JNI] ERROR : cuLaunchKernel -> Returned: 701
	[TornadoVM-PTX-JNI] ERROR : cuLaunchKernel -> Returned: 701
	[TornadoVM-PTX-JNI] ERROR : cuLaunchKernel -> Returned: 701
	[TornadoVM-PTX-JNI] ERROR : cuLaunchKernel -> Returned: 701
	[TornadoVM-PTX-JNI] ERROR : cuLaunchKernel -> Returned: 701
	[TornadoVM-PTX-JNI] ERROR : cuLaunchKernel -> Returned: 701
	[TornadoVM-PTX-JNI] ERROR : cuLaunchKernel -> Returned: 701
	[TornadoVM-PTX-JNI] ERROR : cuLaunchKernel -> Returned: 701
	[TornadoVM-PTX-JNI] ERROR : cuLaunchKernel -> Returned: 701
	[TornadoVM-PTX-JNI] ERROR : cuLaunchKernel -> Returned: 701
	[TornadoVM-PTX-JNI] ERROR : cuLaunchKernel -> Returned: 701
	[TornadoVM-PTX-JNI] ERROR : cuLaunchKernel -> Returned: 701
	[TornadoVM-PTX-JNI] ERROR : cuLaunchKernel -> Returned: 701
	[TornadoVM-PTX-JNI] ERROR : cuLaunchKernel -> Returned: 701
	[TornadoVM-PTX-JNI] ERROR : cuLaunchKernel -> Returned: 701
	[TornadoVM-PTX-JNI] ERROR : cuLaunchKernel -> Returned: 701
	[TornadoVM-PTX-JNI] ERROR : cuLaunchKernel -> Returned: 701
	[TornadoVM-PTX-JNI] ERROR : cuLaunchKernel -> Returned: 701
	[TornadoVM-PTX-JNI] ERROR : cuLaunchKernel -> Returned: 701
	[TornadoVM-PTX-JNI] ERROR : cuLaunchKernel -> Returned: 701
	[TornadoVM-PTX-JNI] ERROR : cuLaunchKernel -> Returned: 701
	[TornadoVM-PTX-JNI] ERROR : cuLaunchKernel -> Returned: 701
	[TornadoVM-PTX-JNI] ERROR : cuLaunchKernel -> Returned: 701
	[TornadoVM-PTX-JNI] ERROR : cuLaunchKernel -> Returned: 701
	[TornadoVM-PTX-JNI] ERROR : cuLaunchKernel -> Returned: 701
	[TornadoVM-PTX-JNI] ERROR : cuLaunchKernel -> Returned: 701
	[TornadoVM-PTX-JNI] ERROR : cuLaunchKernel -> Returned: 701
	[TornadoVM-PTX-JNI] ERROR : cuLaunchKernel -> Returned: 701
	[TornadoVM-PTX-JNI] ERROR : cuLaunchKernel -> Returned: 701
	[TornadoVM-PTX-JNI] ERROR : cuLaunchKernel -> Returned: 701
	[TornadoVM-PTX-JNI] ERROR : cuLaunchKernel -> Returned: 701
	[TornadoVM-PTX-JNI] ERROR : cuLaunchKernel -> Returned: 701
	[TornadoVM-PTX-JNI] ERROR : cuLaunchKernel -> Returned: 701
	[TornadoVM-PTX-JNI] ERROR : cuLaunchKernel -> Returned: 701
	[TornadoVM-PTX-JNI] ERROR : cuLaunchKernel -> Returned: 701
	[TornadoVM-PTX-JNI] ERROR : cuLaunchKernel -> Returned: 701
	[TornadoVM-PTX-JNI] ERROR : cuLaunchKernel -> Returned: 701
	[TornadoVM-PTX-JNI] ERROR : cuLaunchKernel -> Returned: 701
	[TornadoVM-PTX-JNI] ERROR : cuLaunchKernel -> Returned: 701
	[TornadoVM-PTX-JNI] ERROR : cuLaunchKernel -> Returned: 701
	[TornadoVM-PTX-JNI] ERROR : cuLaunchKernel -> Returned: 701
	[TornadoVM-PTX-JNI] ERROR : cuLaunchKernel -> Returned: 701
	[TornadoVM-PTX-JNI] ERROR : cuLaunchKernel -> Returned: 701
	[TornadoVM-PTX-JNI] ERROR : cuLaunchKernel -> Returned: 701
	[TornadoVM-PTX-JNI] ERROR : cuLaunchKernel -> Returned: 701
	[TornadoVM-PTX-JNI] ERROR : cuLaunchKernel -> Returned: 701
	[TornadoVM-PTX-JNI] ERROR : cuLaunchKernel -> Returned: 701
	[TornadoVM-PTX-JNI] ERROR : cuLaunchKernel -> Returned: 701
	[TornadoVM-PTX-JNI] ERROR : cuLaunchKernel -> Returned: 701
	[TornadoVM-PTX-JNI] ERROR : cuLaunchKernel -> Returned: 701
	[TornadoVM-PTX-JNI] ERROR : cuLaunchKernel -> Returned: 701
	[TornadoVM-PTX-JNI] ERROR : cuLaunchKernel -> Returned: 701
	[TornadoVM-PTX-JNI] ERROR : cuLaunchKernel -> Returned: 701
	[TornadoVM-PTX-JNI] ERROR : cuLaunchKernel -> Returned: 701
	[TornadoVM-PTX-JNI] ERROR : cuLaunchKernel -> Returned: 701
	[TornadoVM-PTX-JNI] ERROR : cuLaunchKernel -> Returned: 701
	[TornadoVM-PTX-JNI] ERROR : cuLaunchKernel -> Returned: 701
	[TornadoVM-PTX-JNI] ERROR : cuLaunchKernel -> Returned: 701
	[TornadoVM-PTX-JNI] ERROR : cuLaunchKernel -> Returned: 701
	[TornadoVM-PTX-JNI] ERROR : cuLaunchKernel -> Returned: 701
	[TornadoVM-PTX-JNI] ERROR : cuLaunchKernel -> Returned: 701
	[TornadoVM-PTX-JNI] ERROR : cuLaunchKernel -> Returned: 701
	[TornadoVM-PTX-JNI] ERROR : cuLaunchKernel -> Returned: 701
	[TornadoVM-PTX-JNI] ERROR : cuLaunchKernel -> Returned: 701
	[TornadoVM-PTX-JNI] ERROR : cuLaunchKernel -> Returned: 701
	[TornadoVM-PTX-JNI] ERROR : cuLaunchKernel -> Returned: 701
	[TornadoVM-PTX-JNI] ERROR : cuLaunchKernel -> Returned: 701
	[TornadoVM-PTX-JNI] ERROR : cuLaunchKernel -> Returned: 701
	[TornadoVM-PTX-JNI] ERROR : cuLaunchKernel -> Returned: 701
	[TornadoVM-PTX-JNI] ERROR : cuLaunchKernel -> Returned: 701
	[TornadoVM-PTX-JNI] ERROR : cuLaunchKernel -> Returned: 701
	[TornadoVM-PTX-JNI] ERROR : cuLaunchKernel -> Returned: 701
	[TornadoVM-PTX-JNI] ERROR : cuLaunchKernel -> Returned: 701
	[TornadoVM-PTX-JNI] ERROR : cuLaunchKernel -> Returned: 701
	[TornadoVM-PTX-JNI] ERROR : cuLaunchKernel -> Returned: 701
	[TornadoVM-PTX-JNI] ERROR : cuLaunchKernel -> Returned: 701
	[TornadoVM-PTX-JNI] ERROR : cuLaunchKernel -> Returned: 701
	[TornadoVM-PTX-JNI] ERROR : cuLaunchKernel -> Returned: 701
	[TornadoVM-PTX-JNI] ERROR : cuLaunchKernel -> Returned: 701
	[TornadoVM-PTX-JNI] ERROR : cuLaunchKernel -> Returned: 701
	[TornadoVM-PTX-JNI] ERROR : cuLaunchKernel -> Returned: 701
	[TornadoVM-PTX-JNI] ERROR : cuLaunchKernel -> Returned: 701
	[TornadoVM-PTX-JNI] ERROR : cuLaunchKernel -> Returned: 701
	[TornadoVM-PTX-JNI] ERROR : cuLaunchKernel -> Returned: 701
	[TornadoVM-PTX-JNI] ERROR : cuLaunchKernel -> Returned: 701
	[TornadoVM-PTX-JNI] ERROR : cuLaunchKernel -> Returned: 701
	[TornadoVM-PTX-JNI] ERROR : cuLaunchKernel -> Returned: 701
	[TornadoVM-PTX-JNI] ERROR : cuLaunchKernel -> Returned: 701
	[TornadoVM-PTX-JNI] ERROR : cuLaunchKernel -> Returned: 701
	[TornadoVM-PTX-JNI] ERROR : cuLaunchKernel -> Returned: 701
	[TornadoVM-PTX-JNI] ERROR : cuLaunchKernel -> Returned: 701
	[TornadoVM-PTX-JNI] ERROR : cuLaunchKernel -> Returned: 701
	[TornadoVM-PTX-JNI] ERROR : cuLaunchKernel -> Returned: 701
	[TornadoVM-PTX-JNI] ERROR : cuLaunchKernel -> Returned: 701
	[TornadoVM-PTX-JNI] ERROR : cuLaunchKernel -> Returned: 701
	[TornadoVM-PTX-JNI] ERROR : cuLaunchKernel -> Returned: 701
	[TornadoVM-PTX-JNI] ERROR : cuLaunchKernel -> Returned: 701
	[TornadoVM-PTX-JNI] ERROR : cuLaunchKernel -> Returned: 701
	[TornadoVM-PTX-JNI] ERROR : cuLaunchKernel -> Returned: 701
	[TornadoVM-PTX-JNI] ERROR : cuLaunchKernel -> Returned: 701
	[TornadoVM-PTX-JNI] ERROR : cuLaunchKernel -> Returned: 701
	[TornadoVM-PTX-JNI] ERROR : cuLaunchKernel -> Returned: 701
	[TornadoVM-PTX-JNI] ERROR : cuLaunchKernel -> Returned: 701
	[TornadoVM-PTX-JNI] ERROR : cuLaunchKernel -> Returned: 701
	[TornadoVM-PTX-JNI] ERROR : cuLaunchKernel -> Returned: 701
	[TornadoVM-PTX-JNI] ERROR : cuLaunchKernel -> Returned: 701
	[TornadoVM-PTX-JNI] ERROR : cuLaunchKernel -> Returned: 701
	[TornadoVM-PTX-JNI] ERROR : cuLaunchKernel -> Returned: 701
	[TornadoVM-PTX-JNI] ERROR : cuLaunchKernel -> Returned: 701
	[TornadoVM-PTX-JNI] ERROR : cuLaunchKernel -> Returned: 701
	[TornadoVM-PTX-JNI] ERROR : cuLaunchKernel -> Returned: 701
	[TornadoVM-PTX-JNI] ERROR : cuLaunchKernel -> Returned: 701
	[TornadoVM-PTX-JNI] ERROR : cuLaunchKernel -> Returned: 701
	[TornadoVM-PTX-JNI] ERROR : cuLaunchKernel -> Returned: 701
	[TornadoVM-PTX-JNI] ERROR : cuLaunchKernel -> Returned: 701
	[TornadoVM-PTX-JNI] ERROR : cuLaunchKernel -> Returned: 701
	[TornadoVM-PTX-JNI] ERROR : cuLaunchKernel -> Returned: 701
	[TornadoVM-PTX-JNI] ERROR : cuLaunchKernel -> Returned: 701
	[TornadoVM-PTX-JNI] ERROR : cuLaunchKernel -> Returned: 701
	[TornadoVM-PTX-JNI] ERROR : cuLaunchKernel -> Returned: 701
	[TornadoVM-PTX-JNI] ERROR : cuLaunchKernel -> Returned: 701
	[TornadoVM-PTX-JNI] ERROR : cuLaunchKernel -> Returned: 701
	[TornadoVM-PTX-JNI] ERROR : cuLaunchKernel -> Returned: 701
	[TornadoVM-PTX-JNI] ERROR : cuLaunchKernel -> Returned: 701
	[TornadoVM-PTX-JNI] ERROR : cuLaunchKernel -> Returned: 701
	[TornadoVM-PTX-JNI] ERROR : cuLaunchKernel -> Returned: 701
	[TornadoVM-PTX-JNI] ERROR : cuLaunchKernel -> Returned: 701
	[TornadoVM-PTX-JNI] ERROR : cuLaunchKernel -> Returned: 701
	[TornadoVM-PTX-JNI] ERROR : cuLaunchKernel -> Returned: 701
	[TornadoVM-PTX-JNI] ERROR : cuLaunchKernel -> Returned: 701
	[TornadoVM-PTX-JNI] ERROR : cuLaunchKernel -> Returned: 701
	[TornadoVM-PTX-JNI] ERROR : cuLaunchKernel -> Returned: 701
	[TornadoVM-PTX-JNI] ERROR : cuLaunchKernel -> Returned: 701
	[TornadoVM-PTX-JNI] ERROR : cuLaunchKernel -> Returned: 701
	[TornadoVM-PTX-JNI] ERROR : cuLaunchKernel -> Returned: 701
	[TornadoVM-PTX-JNI] ERROR : cuLaunchKernel -> Returned: 701
	[TornadoVM-PTX-JNI] ERROR : cuLaunchKernel -> Returned: 701
	[TornadoVM-PTX-JNI] ERROR : cuLaunchKernel -> Returned: 701
	[TornadoVM-PTX-JNI] ERROR : cuLaunchKernel -> Returned: 701
	[TornadoVM-PTX-JNI] ERROR : cuLaunchKernel -> Returned: 701
	[TornadoVM-PTX-JNI] ERROR : cuLaunchKernel -> Returned: 701
	[TornadoVM-PTX-JNI] ERROR : cuLaunchKernel -> Returned: 701
	[TornadoVM-PTX-JNI] ERROR : cuLaunchKernel -> Returned: 701
	[TornadoVM-PTX-JNI] ERROR : cuLaunchKernel -> Returned: 701
	[TornadoVM-PTX-JNI] ERROR : cuLaunchKernel -> Returned: 701
	[TornadoVM-PTX-JNI] ERROR : cuLaunchKernel -> Returned: 701
	[TornadoVM-PTX-JNI] ERROR : cuLaunchKernel -> Returned: 701
	[TornadoVM-PTX-JNI] ERROR : cuLaunchKernel -> Returned: 701
	[TornadoVM-PTX-JNI] ERROR : cuLaunchKernel -> Returned: 701
	[TornadoVM-PTX-JNI] ERROR : cuLaunchKernel -> Returned: 701
	[TornadoVM-PTX-JNI] ERROR : cuLaunchKernel -> Returned: 701
	[TornadoVM-PTX-JNI] ERROR : cuLaunchKernel -> Returned: 701
	[TornadoVM-PTX-JNI] ERROR : cuLaunchKernel -> Returned: 701
	[TornadoVM-PTX-JNI] ERROR : cuLaunchKernel -> Returned: 701
	[TornadoVM-PTX-JNI] ERROR : cuLaunchKernel -> Returned: 701
	[TornadoVM-PTX-JNI] ERROR : cuLaunchKernel -> Returned: 701
	[TornadoVM-PTX-JNI] ERROR : cuLaunchKernel -> Returned: 701
	[TornadoVM-PTX-JNI] ERROR : cuLaunchKernel -> Returned: 701
	[TornadoVM-PTX-JNI] ERROR : cuLaunchKernel -> Returned: 701
	[TornadoVM-PTX-JNI] ERROR : cuLaunchKernel -> Returned: 701
	[TornadoVM-PTX-JNI] ERROR : cuLaunchKernel -> Returned: 701
	[TornadoVM-PTX-JNI] ERROR : cuLaunchKernel -> Returned: 701
	[TornadoVM-PTX-JNI] ERROR : cuLaunchKernel -> Returned: 701
	[TornadoVM-PTX-JNI] ERROR : cuLaunchKernel -> Returned: 701
	[TornadoVM-PTX-JNI] ERROR : cuLaunchKernel -> Returned: 701
	[TornadoVM-PTX-JNI] ERROR : cuLaunchKernel -> Returned: 701
	[TornadoVM-PTX-JNI] ERROR : cuLaunchKernel -> Returned: 701
	[TornadoVM-PTX-JNI] ERROR : cuLaunchKernel -> Returned: 701
	[TornadoVM-PTX-JNI] ERROR : cuLaunchKernel -> Returned: 701
	[TornadoVM-PTX-JNI] ERROR : cuLaunchKernel -> Returned: 701
	[TornadoVM-PTX-JNI] ERROR : cuLaunchKernel -> Returned: 701
	[TornadoVM-PTX-JNI] ERROR : cuLaunchKernel -> Returned: 701
	[TornadoVM-PTX-JNI] ERROR : cuLaunchKernel -> Returned: 701
	[TornadoVM-PTX-JNI] ERROR : cuLaunchKernel -> Returned: 701
	[TornadoVM-PTX-JNI] ERROR : cuLaunchKernel -> Returned: 701
	[TornadoVM-PTX-JNI] ERROR : cuLaunchKernel -> Returned: 701
	[TornadoVM-PTX-JNI] ERROR : cuLaunchKernel -> Returned: 701
	[TornadoVM-PTX-JNI] ERROR : cuLaunchKernel -> Returned: 701
	[TornadoVM-PTX-JNI] ERROR : cuLaunchKernel -> Returned: 701
	[TornadoVM-PTX-JNI] ERROR : cuLaunchKernel -> Returned: 701
	[TornadoVM-PTX-JNI] ERROR : cuLaunchKernel -> Returned: 701
	[TornadoVM-PTX-JNI] ERROR : cuLaunchKernel -> Returned: 701
	[TornadoVM-PTX-JNI] ERROR : cuLaunchKernel -> Returned: 701
	[TornadoVM-PTX-JNI] ERROR : cuLaunchKernel -> Returned: 701
	[TornadoVM-PTX-JNI] ERROR : cuLaunchKernel -> Returned: 701
	[TornadoVM-PTX-JNI] ERROR : cuLaunchKernel -> Returned: 701
	[TornadoVM-PTX-JNI] ERROR : cuLaunchKernel -> Returned: 701
	[TornadoVM-PTX-JNI] ERROR : cuLaunchKernel -> Returned: 701
	[TornadoVM-PTX-JNI] ERROR : cuLaunchKernel -> Returned: 701
	[TornadoVM-PTX-JNI] ERROR : cuLaunchKernel -> Returned: 701
	[TornadoVM-PTX-JNI] ERROR : cuLaunchKernel -> Returned: 701
	[TornadoVM-PTX-JNI] ERROR : cuLaunchKernel -> Returned: 701
	[TornadoVM-PTX-JNI] ERROR : cuLaunchKernel -> Returned: 701
	[TornadoVM-PTX-JNI] ERROR : cuLaunchKernel -> Returned: 701
	[TornadoVM-PTX-JNI] ERROR : cuLaunchKernel -> Returned: 701
	[TornadoVM-PTX-JNI] ERROR : cuLaunchKernel -> Returned: 701
	[TornadoVM-PTX-JNI] ERROR : cuLaunchKernel -> Returned: 701
	[TornadoVM-PTX-JNI] ERROR : cuLaunchKernel -> Returned: 701
	[TornadoVM-PTX-JNI] ERROR : cuLaunchKernel -> Returned: 701
	[TornadoVM-PTX-JNI] ERROR : cuLaunchKernel -> Returned: 701
	[TornadoVM-PTX-JNI] ERROR : cuLaunchKernel -> Returned: 701
	[TornadoVM-PTX-JNI] ERROR : cuLaunchKernel -> Returned: 701
	[TornadoVM-PTX-JNI] ERROR : cuLaunchKernel -> Returned: 701
	[TornadoVM-PTX-JNI] ERROR : cuLaunchKernel -> Returned: 701
	[TornadoVM-PTX-JNI] ERROR : cuLaunchKernel -> Returned: 701
	[TornadoVM-PTX-JNI] ERROR : cuLaunchKernel -> Returned: 701
	[TornadoVM-PTX-JNI] ERROR : cuLaunchKernel -> Returned: 701
	[TornadoVM-PTX-JNI] ERROR : cuLaunchKernel -> Returned: 701
	[TornadoVM-PTX-JNI] ERROR : cuLaunchKernel -> Returned: 701
	[TornadoVM-PTX-JNI] ERROR : cuLaunchKernel -> Returned: 701
	[TornadoVM-PTX-JNI] ERROR : cuLaunchKernel -> Returned: 701
	[TornadoVM-PTX-JNI] ERROR : cuLaunchKernel -> Returned: 701
	[TornadoVM-PTX-JNI] ERROR : cuLaunchKernel -> Returned: 701
	[TornadoVM-PTX-JNI] ERROR : cuLaunchKernel -> Returned: 701
	[TornadoVM-PTX-JNI] ERROR : cuLaunchKernel -> Returned: 701
	[TornadoVM-PTX-JNI] ERROR : cuLaunchKernel -> Returned: 701
	[TornadoVM-PTX-JNI] ERROR : cuLaunchKernel -> Returned: 701
	[TornadoVM-PTX-JNI] ERROR : cuLaunchKernel -> Returned: 701
	[TornadoVM-PTX-JNI] ERROR : cuLaunchKernel -> Returned: 701
	[TornadoVM-PTX-JNI] ERROR : cuLaunchKernel -> Returned: 701
	[TornadoVM-PTX-JNI] ERROR : cuLaunchKernel -> Returned: 701
	[TornadoVM-PTX-JNI] ERROR : cuLaunchKernel -> Returned: 701
	[TornadoVM-PTX-JNI] ERROR : cuLaunchKernel -> Returned: 701
	[TornadoVM-PTX-JNI] ERROR : cuLaunchKernel -> Returned: 701
	[TornadoVM-PTX-JNI] ERROR : cuLaunchKernel -> Returned: 701
	[TornadoVM-PTX-JNI] ERROR : cuLaunchKernel -> Returned: 701
	[TornadoVM-PTX-JNI] ERROR : cuLaunchKernel -> Returned: 701
	[TornadoVM-PTX-JNI] ERROR : cuLaunchKernel -> Returned: 701
	[TornadoVM-PTX-JNI] ERROR : cuLaunchKernel -> Returned: 701
	[TornadoVM-PTX-JNI] ERROR : cuLaunchKernel -> Returned: 701
	[TornadoVM-PTX-JNI] ERROR : cuLaunchKernel -> Returned: 701
	[TornadoVM-PTX-JNI] ERROR : cuLaunchKernel -> Returned: 701
	[TornadoVM-PTX-JNI] ERROR : cuLaunchKernel -> Returned: 701
	[TornadoVM-PTX-JNI] ERROR : cuLaunchKernel -> Returned: 701
	[TornadoVM-PTX-JNI] ERROR : cuLaunchKernel -> Returned: 701
	[TornadoVM-PTX-JNI] ERROR : cuLaunchKernel -> Returned: 701
	[TornadoVM-PTX-JNI] ERROR : cuLaunchKernel -> Returned: 701
	[TornadoVM-PTX-JNI] ERROR : cuLaunchKernel -> Returned: 701
	[TornadoVM-PTX-JNI] ERROR : cuLaunchKernel -> Returned: 701
	[TornadoVM-PTX-JNI] ERROR : cuLaunchKernel -> Returned: 701
	[TornadoVM-PTX-JNI] ERROR : cuLaunchKernel -> Returned: 701
	[TornadoVM-PTX-JNI] ERROR : cuLaunchKernel -> Returned: 701
	[TornadoVM-PTX-JNI] ERROR : cuLaunchKernel -> Returned: 701
	[TornadoVM-PTX-JNI] ERROR : cuLaunchKernel -> Returned: 701
	[TornadoVM-PTX-JNI] ERROR : cuLaunchKernel -> Returned: 701
	[TornadoVM-PTX-JNI] ERROR : cuLaunchKernel -> Returned: 701
	[TornadoVM-PTX-JNI] ERROR : cuLaunchKernel -> Returned: 701
	[TornadoVM-PTX-JNI] ERROR : cuLaunchKernel -> Returned: 701
	[TornadoVM-PTX-JNI] ERROR : cuLaunchKernel -> Returned: 701
	[TornadoVM-PTX-JNI] ERROR : cuLaunchKernel -> Returned: 701
	[TornadoVM-PTX-JNI] ERROR : cuLaunchKernel -> Returned: 701
	[TornadoVM-PTX-JNI] ERROR : cuLaunchKernel -> Returned: 701
	[TornadoVM-PTX-JNI] ERROR : cuLaunchKernel -> Returned: 701
	[TornadoVM-PTX-JNI] ERROR : cuLaunchKernel -> Returned: 701
	[TornadoVM-PTX-JNI] ERROR : cuLaunchKernel -> Returned: 701
	[TornadoVM-PTX-JNI] ERROR : cuLaunchKernel -> Returned: 701
	[TornadoVM-PTX-JNI] ERROR : cuLaunchKernel -> Returned: 701
	[TornadoVM-PTX-JNI] ERROR : cuLaunchKernel -> Returned: 701
	[TornadoVM-PTX-JNI] ERROR : cuLaunchKernel -> Returned: 701
	[TornadoVM-PTX-JNI] ERROR : cuLaunchKernel -> Returned: 701
	[TornadoVM-PTX-JNI] ERROR : cuLaunchKernel -> Returned: 701
	[TornadoVM-PTX-JNI] ERROR : cuLaunchKernel -> Returned: 701
	[TornadoVM-PTX-JNI] ERROR : cuLaunchKernel -> Returned: 701
	[TornadoVM-PTX-JNI] ERROR : cuLaunchKernel -> Returned: 701
	[TornadoVM-PTX-JNI] ERROR : cuLaunchKernel -> Returned: 701
	[TornadoVM-PTX-JNI] ERROR : cuLaunchKernel -> Returned: 701
	[TornadoVM-PTX-JNI] ERROR : cuLaunchKernel -> Returned: 701
	[TornadoVM-PTX-JNI] ERROR : cuLaunchKernel -> Returned: 701
	[TornadoVM-PTX-JNI] ERROR : cuLaunchKernel -> Returned: 701
	[TornadoVM-PTX-JNI] ERROR : cuLaunchKernel -> Returned: 701
	[TornadoVM-PTX-JNI] ERROR : cuLaunchKernel -> Returned: 701
	[TornadoVM-PTX-JNI] ERROR : cuLaunchKernel -> Returned: 701
	[TornadoVM-PTX-JNI] ERROR : cuLaunchKernel -> Returned: 701
	[TornadoVM-PTX-JNI] ERROR : cuLaunchKernel -> Returned: 701
	[TornadoVM-PTX-JNI] ERROR : cuLaunchKernel -> Returned: 701
	[TornadoVM-PTX-JNI] ERROR : cuLaunchKernel -> Returned: 701
	[TornadoVM-PTX-JNI] ERROR : cuLaunchKernel -> Returned: 701
	[TornadoVM-PTX-JNI] ERROR : cuLaunchKernel -> Returned: 701
	[TornadoVM-PTX-JNI] ERROR : cuLaunchKernel -> Returned: 701
	[TornadoVM-PTX-JNI] ERROR : cuLaunchKernel -> Returned: 701
	[TornadoVM-PTX-JNI] ERROR : cuLaunchKernel -> Returned: 701
	[TornadoVM-PTX-JNI] ERROR : cuLaunchKernel -> Returned: 701
	[TornadoVM-PTX-JNI] ERROR : cuLaunchKernel -> Returned: 701
	[TornadoVM-PTX-JNI] ERROR : cuLaunchKernel -> Returned: 701
[GATHER] call=8000 totalDirty=0 maxThread=0 cumAvg=13.2 cumMaxPerThread=4
	[TornadoVM-PTX-JNI] ERROR : cuLaunchKernel -> Returned: 701
	[TornadoVM-PTX-JNI] ERROR : cuLaunchKernel -> Returned: 701
	[TornadoVM-PTX-JNI] ERROR : cuLaunchKernel -> Returned: 701
	[TornadoVM-PTX-JNI] ERROR : cuLaunchKernel -> Returned: 701
	[TornadoVM-PTX-JNI] ERROR : cuLaunchKernel -> Returned: 701
	[TornadoVM-PTX-JNI] ERROR : cuLaunchKernel -> Returned: 701
	[TornadoVM-PTX-JNI] ERROR : cuLaunchKernel -> Returned: 701
	[TornadoVM-PTX-JNI] ERROR : cuLaunchKernel -> Returned: 701
	[TornadoVM-PTX-JNI] ERROR : cuLaunchKernel -> Returned: 701
	[TornadoVM-PTX-JNI] ERROR : cuLaunchKernel -> Returned: 701
	[TornadoVM-PTX-JNI] ERROR : cuLaunchKernel -> Returned: 701
	[TornadoVM-PTX-JNI] ERROR : cuLaunchKernel -> Returned: 701
	[TornadoVM-PTX-JNI] ERROR : cuLaunchKernel -> Returned: 701
	[TornadoVM-PTX-JNI] ERROR : cuLaunchKernel -> Returned: 701
	[TornadoVM-PTX-JNI] ERROR : cuLaunchKernel -> Returned: 701
	[TornadoVM-PTX-JNI] ERROR : cuLaunchKernel -> Returned: 701
	[TornadoVM-PTX-JNI] ERROR : cuLaunchKernel -> Returned: 701
	[TornadoVM-PTX-JNI] ERROR : cuLaunchKernel -> Returned: 701
	[TornadoVM-PTX-JNI] ERROR : cuLaunchKernel -> Returned: 701
	[TornadoVM-PTX-JNI] ERROR : cuLaunchKernel -> Returned: 701
	[TornadoVM-PTX-JNI] ERROR : cuLaunchKernel -> Returned: 701
	[TornadoVM-PTX-JNI] ERROR : cuLaunchKernel -> Returned: 701
	[TornadoVM-PTX-JNI] ERROR : cuLaunchKernel -> Returned: 701
	[TornadoVM-PTX-JNI] ERROR : cuLaunchKernel -> Returned: 701
	[TornadoVM-PTX-JNI] ERROR : cuLaunchKernel -> Returned: 701
	[TornadoVM-PTX-JNI] ERROR : cuLaunchKernel -> Returned: 701
	[TornadoVM-PTX-JNI] ERROR : cuLaunchKernel -> Returned: 701
	[TornadoVM-PTX-JNI] ERROR : cuLaunchKernel -> Returned: 701
	[TornadoVM-PTX-JNI] ERROR : cuLaunchKernel -> Returned: 701
	[TornadoVM-PTX-JNI] ERROR : cuLaunchKernel -> Returned: 701
	[TornadoVM-PTX-JNI] ERROR : cuLaunchKernel -> Returned: 701
	[TornadoVM-PTX-JNI] ERROR : cuLaunchKernel -> Returned: 701
	[TornadoVM-PTX-JNI] ERROR : cuLaunchKernel -> Returned: 701
	[TornadoVM-PTX-JNI] ERROR : cuLaunchKernel -> Returned: 701
	[TornadoVM-PTX-JNI] ERROR : cuLaunchKernel -> Returned: 701
	[TornadoVM-PTX-JNI] ERROR : cuLaunchKernel -> Returned: 701
	[TornadoVM-PTX-JNI] ERROR : cuLaunchKernel -> Returned: 701
	[TornadoVM-PTX-JNI] ERROR : cuLaunchKernel -> Returned: 701
	[TornadoVM-PTX-JNI] ERROR : cuLaunchKernel -> Returned: 701
	[TornadoVM-PTX-JNI] ERROR : cuLaunchKernel -> Returned: 701
	[TornadoVM-PTX-JNI] ERROR : cuLaunchKernel -> Returned: 701
	[TornadoVM-PTX-JNI] ERROR : cuLaunchKernel -> Returned: 701
	[TornadoVM-PTX-JNI] ERROR : cuLaunchKernel -> Returned: 701
	[TornadoVM-PTX-JNI] ERROR : cuLaunchKernel -> Returned: 701
	[TornadoVM-PTX-JNI] ERROR : cuLaunchKernel -> Returned: 701
	[TornadoVM-PTX-JNI] ERROR : cuLaunchKernel -> Returned: 701
	[TornadoVM-PTX-JNI] ERROR : cuLaunchKernel -> Returned: 701
	[TornadoVM-PTX-JNI] ERROR : cuLaunchKernel -> Returned: 701
	[TornadoVM-PTX-JNI] ERROR : cuLaunchKernel -> Returned: 701
	[TornadoVM-PTX-JNI] ERROR : cuLaunchKernel -> Returned: 701
	[TornadoVM-PTX-JNI] ERROR : cuLaunchKernel -> Returned: 701
	[TornadoVM-PTX-JNI] ERROR : cuLaunchKernel -> Returned: 701
	[TornadoVM-PTX-JNI] ERROR : cuLaunchKernel -> Returned: 701
	[TornadoVM-PTX-JNI] ERROR : cuLaunchKernel -> Returned: 701
	[TornadoVM-PTX-JNI] ERROR : cuLaunchKernel -> Returned: 701
	[TornadoVM-PTX-JNI] ERROR : cuLaunchKernel -> Returned: 701
	[TornadoVM-PTX-JNI] ERROR : cuLaunchKernel -> Returned: 701
	[TornadoVM-PTX-JNI] ERROR : cuLaunchKernel -> Returned: 701
	[TornadoVM-PTX-JNI] ERROR : cuLaunchKernel -> Returned: 701
	[TornadoVM-PTX-JNI] ERROR : cuLaunchKernel -> Returned: 701
	[TornadoVM-PTX-JNI] ERROR : cuLaunchKernel -> Returned: 701
	[TornadoVM-PTX-JNI] ERROR : cuLaunchKernel -> Returned: 701
	[TornadoVM-PTX-JNI] ERROR : cuLaunchKernel -> Returned: 701
	[TornadoVM-PTX-JNI] ERROR : cuLaunchKernel -> Returned: 701
	[TornadoVM-PTX-JNI] ERROR : cuLaunchKernel -> Returned: 701
	[TornadoVM-PTX-JNI] ERROR : cuLaunchKernel -> Returned: 701
	[TornadoVM-PTX-JNI] ERROR : cuLaunchKernel -> Returned: 701
	[TornadoVM-PTX-JNI] ERROR : cuLaunchKernel -> Returned: 701
	[TornadoVM-PTX-JNI] ERROR : cuLaunchKernel -> Returned: 701
	[TornadoVM-PTX-JNI] ERROR : cuLaunchKernel -> Returned: 701
	[TornadoVM-PTX-JNI] ERROR : cuLaunchKernel -> Returned: 701
	[TornadoVM-PTX-JNI] ERROR : cuLaunchKernel -> Returned: 701
	[TornadoVM-PTX-JNI] ERROR : cuLaunchKernel -> Returned: 701
	[TornadoVM-PTX-JNI] ERROR : cuLaunchKernel -> Returned: 701
	[TornadoVM-PTX-JNI] ERROR : cuLaunchKernel -> Returned: 701
	[TornadoVM-PTX-JNI] ERROR : cuLaunchKernel -> Returned: 701
	[TornadoVM-PTX-JNI] ERROR : cuLaunchKernel -> Returned: 701
	[TornadoVM-PTX-JNI] ERROR : cuLaunchKernel -> Returned: 701
	[TornadoVM-PTX-JNI] ERROR : cuLaunchKernel -> Returned: 701
	[TornadoVM-PTX-JNI] ERROR : cuLaunchKernel -> Returned: 701
	[TornadoVM-PTX-JNI] ERROR : cuLaunchKernel -> Returned: 701
	[TornadoVM-PTX-JNI] ERROR : cuLaunchKernel -> Returned: 701
	[TornadoVM-PTX-JNI] ERROR : cuLaunchKernel -> Returned: 701
	[TornadoVM-PTX-JNI] ERROR : cuLaunchKernel -> Returned: 701
	[TornadoVM-PTX-JNI] ERROR : cuLaunchKernel -> Returned: 701
	[TornadoVM-PTX-JNI] ERROR : cuLaunchKernel -> Returned: 701
	[TornadoVM-PTX-JNI] ERROR : cuLaunchKernel -> Returned: 701
	[TornadoVM-PTX-JNI] ERROR : cuLaunchKernel -> Returned: 701
	[TornadoVM-PTX-JNI] ERROR : cuLaunchKernel -> Returned: 701
	[TornadoVM-PTX-JNI] ERROR : cuLaunchKernel -> Returned: 701
	[TornadoVM-PTX-JNI] ERROR : cuLaunchKernel -> Returned: 701
	[TornadoVM-PTX-JNI] ERROR : cuLaunchKernel -> Returned: 701
	[TornadoVM-PTX-JNI] ERROR : cuLaunchKernel -> Returned: 701
	[TornadoVM-PTX-JNI] ERROR : cuLaunchKernel -> Returned: 701
	[TornadoVM-PTX-JNI] ERROR : cuLaunchKernel -> Returned: 701
	[TornadoVM-PTX-JNI] ERROR : cuLaunchKernel -> Returned: 701
	[TornadoVM-PTX-JNI] ERROR : cuLaunchKernel -> Returned: 701
	[TornadoVM-PTX-JNI] ERROR : cuLaunchKernel -> Returned: 701
	[TornadoVM-PTX-JNI] ERROR : cuLaunchKernel -> Returned: 701
	[TornadoVM-PTX-JNI] ERROR : cuLaunchKernel -> Returned: 701
	[TornadoVM-PTX-JNI] ERROR : cuLaunchKernel -> Returned: 701
	[TornadoVM-PTX-JNI] ERROR : cuLaunchKernel -> Returned: 701
	[TornadoVM-PTX-JNI] ERROR : cuLaunchKernel -> Returned: 701
	[TornadoVM-PTX-JNI] ERROR : cuLaunchKernel -> Returned: 701
	[TornadoVM-PTX-JNI] ERROR : cuLaunchKernel -> Returned: 701
	[TornadoVM-PTX-JNI] ERROR : cuLaunchKernel -> Returned: 701
	[TornadoVM-PTX-JNI] ERROR : cuLaunchKernel -> Returned: 701
	[TornadoVM-PTX-JNI] ERROR : cuLaunchKernel -> Returned: 701
	[TornadoVM-PTX-JNI] ERROR : cuLaunchKernel -> Returned: 701
	[TornadoVM-PTX-JNI] ERROR : cuLaunchKernel -> Returned: 701
	[TornadoVM-PTX-JNI] ERROR : cuLaunchKernel -> Returned: 701
	[TornadoVM-PTX-JNI] ERROR : cuLaunchKernel -> Returned: 701
	[TornadoVM-PTX-JNI] ERROR : cuLaunchKernel -> Returned: 701
	[TornadoVM-PTX-JNI] ERROR : cuLaunchKernel -> Returned: 701
	[TornadoVM-PTX-JNI] ERROR : cuLaunchKernel -> Returned: 701
	[TornadoVM-PTX-JNI] ERROR : cuLaunchKernel -> Returned: 701
	[TornadoVM-PTX-JNI] ERROR : cuLaunchKernel -> Returned: 701
	[TornadoVM-PTX-JNI] ERROR : cuLaunchKernel -> Returned: 701
	[TornadoVM-PTX-JNI] ERROR : cuLaunchKernel -> Returned: 701
	[TornadoVM-PTX-JNI] ERROR : cuLaunchKernel -> Returned: 701
	[TornadoVM-PTX-JNI] ERROR : cuLaunchKernel -> Returned: 701
	[TornadoVM-PTX-JNI] ERROR : cuLaunchKernel -> Returned: 701
	[TornadoVM-PTX-JNI] ERROR : cuLaunchKernel -> Returned: 701
	[TornadoVM-PTX-JNI] ERROR : cuLaunchKernel -> Returned: 701
	[TornadoVM-PTX-JNI] ERROR : cuLaunchKernel -> Returned: 701
	[TornadoVM-PTX-JNI] ERROR : cuLaunchKernel -> Returned: 701
	[TornadoVM-PTX-JNI] ERROR : cuLaunchKernel -> Returned: 701
	[TornadoVM-PTX-JNI] ERROR : cuLaunchKernel -> Returned: 701
	[TornadoVM-PTX-JNI] ERROR : cuLaunchKernel -> Returned: 701
	[TornadoVM-PTX-JNI] ERROR : cuLaunchKernel -> Returned: 701
	[TornadoVM-PTX-JNI] ERROR : cuLaunchKernel -> Returned: 701
	[TornadoVM-PTX-JNI] ERROR : cuLaunchKernel -> Returned: 701
	[TornadoVM-PTX-JNI] ERROR : cuLaunchKernel -> Returned: 701
	[TornadoVM-PTX-JNI] ERROR : cuLaunchKernel -> Returned: 701
	[TornadoVM-PTX-JNI] ERROR : cuLaunchKernel -> Returned: 701
	[TornadoVM-PTX-JNI] ERROR : cuLaunchKernel -> Returned: 701
	[TornadoVM-PTX-JNI] ERROR : cuLaunchKernel -> Returned: 701
	[TornadoVM-PTX-JNI] ERROR : cuLaunchKernel -> Returned: 701
	[TornadoVM-PTX-JNI] ERROR : cuLaunchKernel -> Returned: 701
	[TornadoVM-PTX-JNI] ERROR : cuLaunchKernel -> Returned: 701
	[TornadoVM-PTX-JNI] ERROR : cuLaunchKernel -> Returned: 701
	[TornadoVM-PTX-JNI] ERROR : cuLaunchKernel -> Returned: 701
	[TornadoVM-PTX-JNI] ERROR : cuLaunchKernel -> Returned: 701
	[TornadoVM-PTX-JNI] ERROR : cuLaunchKernel -> Returned: 701
	[TornadoVM-PTX-JNI] ERROR : cuLaunchKernel -> Returned: 701
	[TornadoVM-PTX-JNI] ERROR : cuLaunchKernel -> Returned: 701
	[TornadoVM-PTX-JNI] ERROR : cuLaunchKernel -> Returned: 701
	[TornadoVM-PTX-JNI] ERROR : cuLaunchKernel -> Returned: 701
	[TornadoVM-PTX-JNI] ERROR : cuLaunchKernel -> Returned: 701
	[TornadoVM-PTX-JNI] ERROR : cuLaunchKernel -> Returned: 701
	[TornadoVM-PTX-JNI] ERROR : cuLaunchKernel -> Returned: 701
	[TornadoVM-PTX-JNI] ERROR : cuLaunchKernel -> Returned: 701
	[TornadoVM-PTX-JNI] ERROR : cuLaunchKernel -> Returned: 701
	[TornadoVM-PTX-JNI] ERROR : cuLaunchKernel -> Returned: 701
	[TornadoVM-PTX-JNI] ERROR : cuLaunchKernel -> Returned: 701
	[TornadoVM-PTX-JNI] ERROR : cuLaunchKernel -> Returned: 701
	[TornadoVM-PTX-JNI] ERROR : cuLaunchKernel -> Returned: 701
	[TornadoVM-PTX-JNI] ERROR : cuLaunchKernel -> Returned: 701
	[TornadoVM-PTX-JNI] ERROR : cuLaunchKernel -> Returned: 701
	[TornadoVM-PTX-JNI] ERROR : cuLaunchKernel -> Returned: 701
	[TornadoVM-PTX-JNI] ERROR : cuLaunchKernel -> Returned: 701
	[TornadoVM-PTX-JNI] ERROR : cuLaunchKernel -> Returned: 701
	[TornadoVM-PTX-JNI] ERROR : cuLaunchKernel -> Returned: 701
	[TornadoVM-PTX-JNI] ERROR : cuLaunchKernel -> Returned: 701
	[TornadoVM-PTX-JNI] ERROR : cuLaunchKernel -> Returned: 701
	[TornadoVM-PTX-JNI] ERROR : cuLaunchKernel -> Returned: 701
	[TornadoVM-PTX-JNI] ERROR : cuLaunchKernel -> Returned: 701
	[TornadoVM-PTX-JNI] ERROR : cuLaunchKernel -> Returned: 701
	[TornadoVM-PTX-JNI] ERROR : cuLaunchKernel -> Returned: 701
	[TornadoVM-PTX-JNI] ERROR : cuLaunchKernel -> Returned: 701
	[TornadoVM-PTX-JNI] ERROR : cuLaunchKernel -> Returned: 701
	[TornadoVM-PTX-JNI] ERROR : cuLaunchKernel -> Returned: 701
	[TornadoVM-PTX-JNI] ERROR : cuLaunchKernel -> Returned: 701
	[TornadoVM-PTX-JNI] ERROR : cuLaunchKernel -> Returned: 701
	[TornadoVM-PTX-JNI] ERROR : cuLaunchKernel -> Returned: 701
	[TornadoVM-PTX-JNI] ERROR : cuLaunchKernel -> Returned: 701
	[TornadoVM-PTX-JNI] ERROR : cuLaunchKernel -> Returned: 701
	[TornadoVM-PTX-JNI] ERROR : cuLaunchKernel -> Returned: 701
	[TornadoVM-PTX-JNI] ERROR : cuLaunchKernel -> Returned: 701
	[TornadoVM-PTX-JNI] ERROR : cuLaunchKernel -> Returned: 701
	[TornadoVM-PTX-JNI] ERROR : cuLaunchKernel -> Returned: 701
	[TornadoVM-PTX-JNI] ERROR : cuLaunchKernel -> Returned: 701
	[TornadoVM-PTX-JNI] ERROR : cuLaunchKernel -> Returned: 701
	[TornadoVM-PTX-JNI] ERROR : cuLaunchKernel -> Returned: 701
	[TornadoVM-PTX-JNI] ERROR : cuLaunchKernel -> Returned: 701
	[TornadoVM-PTX-JNI] ERROR : cuLaunchKernel -> Returned: 701
	[TornadoVM-PTX-JNI] ERROR : cuLaunchKernel -> Returned: 701
	[TornadoVM-PTX-JNI] ERROR : cuLaunchKernel -> Returned: 701
	[TornadoVM-PTX-JNI] ERROR : cuLaunchKernel -> Returned: 701
	[TornadoVM-PTX-JNI] ERROR : cuLaunchKernel -> Returned: 701
	[TornadoVM-PTX-JNI] ERROR : cuLaunchKernel -> Returned: 701
	[TornadoVM-PTX-JNI] ERROR : cuLaunchKernel -> Returned: 701
	[TornadoVM-PTX-JNI] ERROR : cuLaunchKernel -> Returned: 701
	[TornadoVM-PTX-JNI] ERROR : cuLaunchKernel -> Returned: 701
	[TornadoVM-PTX-JNI] ERROR : cuLaunchKernel -> Returned: 701
	[TornadoVM-PTX-JNI] ERROR : cuLaunchKernel -> Returned: 701
	[TornadoVM-PTX-JNI] ERROR : cuLaunchKernel -> Returned: 701
	[TornadoVM-PTX-JNI] ERROR : cuLaunchKernel -> Returned: 701
	[TornadoVM-PTX-JNI] ERROR : cuLaunchKernel -> Returned: 701
	[TornadoVM-PTX-JNI] ERROR : cuLaunchKernel -> Returned: 701
	[TornadoVM-PTX-JNI] ERROR : cuLaunchKernel -> Returned: 701
	[TornadoVM-PTX-JNI] ERROR : cuLaunchKernel -> Returned: 701
	[TornadoVM-PTX-JNI] ERROR : cuLaunchKernel -> Returned: 701
	[TornadoVM-PTX-JNI] ERROR : cuLaunchKernel -> Returned: 701
	[TornadoVM-PTX-JNI] ERROR : cuLaunchKernel -> Returned: 701
	[TornadoVM-PTX-JNI] ERROR : cuLaunchKernel -> Returned: 701
	[TornadoVM-PTX-JNI] ERROR : cuLaunchKernel -> Returned: 701
	[TornadoVM-PTX-JNI] ERROR : cuLaunchKernel -> Returned: 701
	[TornadoVM-PTX-JNI] ERROR : cuLaunchKernel -> Returned: 701
	[TornadoVM-PTX-JNI] ERROR : cuLaunchKernel -> Returned: 701
	[TornadoVM-PTX-JNI] ERROR : cuLaunchKernel -> Returned: 701
	[TornadoVM-PTX-JNI] ERROR : cuLaunchKernel -> Returned: 701
	[TornadoVM-PTX-JNI] ERROR : cuLaunchKernel -> Returned: 701
	[TornadoVM-PTX-JNI] ERROR : cuLaunchKernel -> Returned: 701
	[TornadoVM-PTX-JNI] ERROR : cuLaunchKernel -> Returned: 701
	[TornadoVM-PTX-JNI] ERROR : cuLaunchKernel -> Returned: 701
	[TornadoVM-PTX-JNI] ERROR : cuLaunchKernel -> Returned: 701
	[TornadoVM-PTX-JNI] ERROR : cuLaunchKernel -> Returned: 701
	[TornadoVM-PTX-JNI] ERROR : cuLaunchKernel -> Returned: 701
	[TornadoVM-PTX-JNI] ERROR : cuLaunchKernel -> Returned: 701
	[TornadoVM-PTX-JNI] ERROR : cuLaunchKernel -> Returned: 701
	[TornadoVM-PTX-JNI] ERROR : cuLaunchKernel -> Returned: 701
	[TornadoVM-PTX-JNI] ERROR : cuLaunchKernel -> Returned: 701
	[TornadoVM-PTX-JNI] ERROR : cuLaunchKernel -> Returned: 701
	[TornadoVM-PTX-JNI] ERROR : cuLaunchKernel -> Returned: 701
	[TornadoVM-PTX-JNI] ERROR : cuLaunchKernel -> Returned: 701
	[TornadoVM-PTX-JNI] ERROR : cuLaunchKernel -> Returned: 701
	[TornadoVM-PTX-JNI] ERROR : cuLaunchKernel -> Returned: 701
	[TornadoVM-PTX-JNI] ERROR : cuLaunchKernel -> Returned: 701
	[TornadoVM-PTX-JNI] ERROR : cuLaunchKernel -> Returned: 701
	[TornadoVM-PTX-JNI] ERROR : cuLaunchKernel -> Returned: 701
	[TornadoVM-PTX-JNI] ERROR : cuLaunchKernel -> Returned: 701
	[TornadoVM-PTX-JNI] ERROR : cuLaunchKernel -> Returned: 701
	[TornadoVM-PTX-JNI] ERROR : cuLaunchKernel -> Returned: 701
	[TornadoVM-PTX-JNI] ERROR : cuLaunchKernel -> Returned: 701
	[TornadoVM-PTX-JNI] ERROR : cuLaunchKernel -> Returned: 701
	[TornadoVM-PTX-JNI] ERROR : cuLaunchKernel -> Returned: 701
	[TornadoVM-PTX-JNI] ERROR : cuLaunchKernel -> Returned: 701
	[TornadoVM-PTX-JNI] ERROR : cuLaunchKernel -> Returned: 701
	[TornadoVM-PTX-JNI] ERROR : cuLaunchKernel -> Returned: 701
	[TornadoVM-PTX-JNI] ERROR : cuLaunchKernel -> Returned: 701
	[TornadoVM-PTX-JNI] ERROR : cuLaunchKernel -> Returned: 701
	[TornadoVM-PTX-JNI] ERROR : cuLaunchKernel -> Returned: 701
	[TornadoVM-PTX-JNI] ERROR : cuLaunchKernel -> Returned: 701
	[TornadoVM-PTX-JNI] ERROR : cuLaunchKernel -> Returned: 701
	[TornadoVM-PTX-JNI] ERROR : cuLaunchKernel -> Returned: 701
	[TornadoVM-PTX-JNI] ERROR : cuLaunchKernel -> Returned: 701
	[TornadoVM-PTX-JNI] ERROR : cuLaunchKernel -> Returned: 701
	[TornadoVM-PTX-JNI] ERROR : cuLaunchKernel -> Returned: 701
	[TornadoVM-PTX-JNI] ERROR : cuLaunchKernel -> Returned: 701
	[TornadoVM-PTX-JNI] ERROR : cuLaunchKernel -> Returned: 701
	[TornadoVM-PTX-JNI] ERROR : cuLaunchKernel -> Returned: 701
	[TornadoVM-PTX-JNI] ERROR : cuLaunchKernel -> Returned: 701
	[TornadoVM-PTX-JNI] ERROR : cuLaunchKernel -> Returned: 701
	[TornadoVM-PTX-JNI] ERROR : cuLaunchKernel -> Returned: 701
	[TornadoVM-PTX-JNI] ERROR : cuLaunchKernel -> Returned: 701
	[TornadoVM-PTX-JNI] ERROR : cuLaunchKernel -> Returned: 701
	[TornadoVM-PTX-JNI] ERROR : cuLaunchKernel -> Returned: 701
	[TornadoVM-PTX-JNI] ERROR : cuLaunchKernel -> Returned: 701
	[TornadoVM-PTX-JNI] ERROR : cuLaunchKernel -> Returned: 701
	[TornadoVM-PTX-JNI] ERROR : cuLaunchKernel -> Returned: 701
	[TornadoVM-PTX-JNI] ERROR : cuLaunchKernel -> Returned: 701
	[TornadoVM-PTX-JNI] ERROR : cuLaunchKernel -> Returned: 701
	[TornadoVM-PTX-JNI] ERROR : cuLaunchKernel -> Returned: 701
	[TornadoVM-PTX-JNI] ERROR : cuLaunchKernel -> Returned: 701
	[TornadoVM-PTX-JNI] ERROR : cuLaunchKernel -> Returned: 701
	[TornadoVM-PTX-JNI] ERROR : cuLaunchKernel -> Returned: 701
	[TornadoVM-PTX-JNI] ERROR : cuLaunchKernel -> Returned: 701
	[TornadoVM-PTX-JNI] ERROR : cuLaunchKernel -> Returned: 701
	[TornadoVM-PTX-JNI] ERROR : cuLaunchKernel -> Returned: 701
	[TornadoVM-PTX-JNI] ERROR : cuLaunchKernel -> Returned: 701
	[TornadoVM-PTX-JNI] ERROR : cuLaunchKernel -> Returned: 701
	[TornadoVM-PTX-JNI] ERROR : cuLaunchKernel -> Returned: 701
	[TornadoVM-PTX-JNI] ERROR : cuLaunchKernel -> Returned: 701
	[TornadoVM-PTX-JNI] ERROR : cuLaunchKernel -> Returned: 701
	[TornadoVM-PTX-JNI] ERROR : cuLaunchKernel -> Returned: 701
	[TornadoVM-PTX-JNI] ERROR : cuLaunchKernel -> Returned: 701
	[TornadoVM-PTX-JNI] ERROR : cuLaunchKernel -> Returned: 701
	[TornadoVM-PTX-JNI] ERROR : cuLaunchKernel -> Returned: 701
	[TornadoVM-PTX-JNI] ERROR : cuLaunchKernel -> Returned: 701
	[TornadoVM-PTX-JNI] ERROR : cuLaunchKernel -> Returned: 701
	[TornadoVM-PTX-JNI] ERROR : cuLaunchKernel -> Returned: 701
	[TornadoVM-PTX-JNI] ERROR : cuLaunchKernel -> Returned: 701
	[TornadoVM-PTX-JNI] ERROR : cuLaunchKernel -> Returned: 701
	[TornadoVM-PTX-JNI] ERROR : cuLaunchKernel -> Returned: 701
	[TornadoVM-PTX-JNI] ERROR : cuLaunchKernel -> Returned: 701
	[TornadoVM-PTX-JNI] ERROR : cuLaunchKernel -> Returned: 701
	[TornadoVM-PTX-JNI] ERROR : cuLaunchKernel -> Returned: 701
	[TornadoVM-PTX-JNI] ERROR : cuLaunchKernel -> Returned: 701
	[TornadoVM-PTX-JNI] ERROR : cuLaunchKernel -> Returned: 701
	[TornadoVM-PTX-JNI] ERROR : cuLaunchKernel -> Returned: 701
	[TornadoVM-PTX-JNI] ERROR : cuLaunchKernel -> Returned: 701
	[TornadoVM-PTX-JNI] ERROR : cuLaunchKernel -> Returned: 701
	[TornadoVM-PTX-JNI] ERROR : cuLaunchKernel -> Returned: 701
	[TornadoVM-PTX-JNI] ERROR : cuLaunchKernel -> Returned: 701
	[TornadoVM-PTX-JNI] ERROR : cuLaunchKernel -> Returned: 701
	[TornadoVM-PTX-JNI] ERROR : cuLaunchKernel -> Returned: 701
	[TornadoVM-PTX-JNI] ERROR : cuLaunchKernel -> Returned: 701
	[TornadoVM-PTX-JNI] ERROR : cuLaunchKernel -> Returned: 701
	[TornadoVM-PTX-JNI] ERROR : cuLaunchKernel -> Returned: 701
	[TornadoVM-PTX-JNI] ERROR : cuLaunchKernel -> Returned: 701
	[TornadoVM-PTX-JNI] ERROR : cuLaunchKernel -> Returned: 701
	[TornadoVM-PTX-JNI] ERROR : cuLaunchKernel -> Returned: 701
	[TornadoVM-PTX-JNI] ERROR : cuLaunchKernel -> Returned: 701
	[TornadoVM-PTX-JNI] ERROR : cuLaunchKernel -> Returned: 701
	[TornadoVM-PTX-JNI] ERROR : cuLaunchKernel -> Returned: 701
	[TornadoVM-PTX-JNI] ERROR : cuLaunchKernel -> Returned: 701
	[TornadoVM-PTX-JNI] ERROR : cuLaunchKernel -> Returned: 701
	[TornadoVM-PTX-JNI] ERROR : cuLaunchKernel -> Returned: 701
	[TornadoVM-PTX-JNI] ERROR : cuLaunchKernel -> Returned: 701
	[TornadoVM-PTX-JNI] ERROR : cuLaunchKernel -> Returned: 701
	[TornadoVM-PTX-JNI] ERROR : cuLaunchKernel -> Returned: 701
	[TornadoVM-PTX-JNI] ERROR : cuLaunchKernel -> Returned: 701
	[TornadoVM-PTX-JNI] ERROR : cuLaunchKernel -> Returned: 701
	[TornadoVM-PTX-JNI] ERROR : cuLaunchKernel -> Returned: 701
	[TornadoVM-PTX-JNI] ERROR : cuLaunchKernel -> Returned: 701
	[TornadoVM-PTX-JNI] ERROR : cuLaunchKernel -> Returned: 701
	[TornadoVM-PTX-JNI] ERROR : cuLaunchKernel -> Returned: 701
	[TornadoVM-PTX-JNI] ERROR : cuLaunchKernel -> Returned: 701
	[TornadoVM-PTX-JNI] ERROR : cuLaunchKernel -> Returned: 701
	[TornadoVM-PTX-JNI] ERROR : cuLaunchKernel -> Returned: 701
	[TornadoVM-PTX-JNI] ERROR : cuLaunchKernel -> Returned: 701
	[TornadoVM-PTX-JNI] ERROR : cuLaunchKernel -> Returned: 701
	[TornadoVM-PTX-JNI] ERROR : cuLaunchKernel -> Returned: 701
	[TornadoVM-PTX-JNI] ERROR : cuLaunchKernel -> Returned: 701
	[TornadoVM-PTX-JNI] ERROR : cuLaunchKernel -> Returned: 701
	[TornadoVM-PTX-JNI] ERROR : cuLaunchKernel -> Returned: 701
	[TornadoVM-PTX-JNI] ERROR : cuLaunchKernel -> Returned: 701
	[TornadoVM-PTX-JNI] ERROR : cuLaunchKernel -> Returned: 701
	[TornadoVM-PTX-JNI] ERROR : cuLaunchKernel -> Returned: 701
	[TornadoVM-PTX-JNI] ERROR : cuLaunchKernel -> Returned: 701
	[TornadoVM-PTX-JNI] ERROR : cuLaunchKernel -> Returned: 701
	[TornadoVM-PTX-JNI] ERROR : cuLaunchKernel -> Returned: 701
	[TornadoVM-PTX-JNI] ERROR : cuLaunchKernel -> Returned: 701
	[TornadoVM-PTX-JNI] ERROR : cuLaunchKernel -> Returned: 701
	[TornadoVM-PTX-JNI] ERROR : cuLaunchKernel -> Returned: 701
	[TornadoVM-PTX-JNI] ERROR : cuLaunchKernel -> Returned: 701
	[TornadoVM-PTX-JNI] ERROR : cuLaunchKernel -> Returned: 701
	[TornadoVM-PTX-JNI] ERROR : cuLaunchKernel -> Returned: 701
	[TornadoVM-PTX-JNI] ERROR : cuLaunchKernel -> Returned: 701
	[TornadoVM-PTX-JNI] ERROR : cuLaunchKernel -> Returned: 701
	[TornadoVM-PTX-JNI] ERROR : cuLaunchKernel -> Returned: 701
	[TornadoVM-PTX-JNI] ERROR : cuLaunchKernel -> Returned: 701
	[TornadoVM-PTX-JNI] ERROR : cuLaunchKernel -> Returned: 701
	[TornadoVM-PTX-JNI] ERROR : cuLaunchKernel -> Returned: 701
	[TornadoVM-PTX-JNI] ERROR : cuLaunchKernel -> Returned: 701
	[TornadoVM-PTX-JNI] ERROR : cuLaunchKernel -> Returned: 701
	[TornadoVM-PTX-JNI] ERROR : cuLaunchKernel -> Returned: 701
	[TornadoVM-PTX-JNI] ERROR : cuLaunchKernel -> Returned: 701
	[TornadoVM-PTX-JNI] ERROR : cuLaunchKernel -> Returned: 701
	[TornadoVM-PTX-JNI] ERROR : cuLaunchKernel -> Returned: 701
	[TornadoVM-PTX-JNI] ERROR : cuLaunchKernel -> Returned: 701
	[TornadoVM-PTX-JNI] ERROR : cuLaunchKernel -> Returned: 701
	[TornadoVM-PTX-JNI] ERROR : cuLaunchKernel -> Returned: 701
	[TornadoVM-PTX-JNI] ERROR : cuLaunchKernel -> Returned: 701
	[TornadoVM-PTX-JNI] ERROR : cuLaunchKernel -> Returned: 701
	[TornadoVM-PTX-JNI] ERROR : cuLaunchKernel -> Returned: 701
	[TornadoVM-PTX-JNI] ERROR : cuLaunchKernel -> Returned: 701
	[TornadoVM-PTX-JNI] ERROR : cuLaunchKernel -> Returned: 701
	[TornadoVM-PTX-JNI] ERROR : cuLaunchKernel -> Returned: 701
	[TornadoVM-PTX-JNI] ERROR : cuLaunchKernel -> Returned: 701
	[TornadoVM-PTX-JNI] ERROR : cuLaunchKernel -> Returned: 701
	[TornadoVM-PTX-JNI] ERROR : cuLaunchKernel -> Returned: 701
	[TornadoVM-PTX-JNI] ERROR : cuLaunchKernel -> Returned: 701
	[TornadoVM-PTX-JNI] ERROR : cuLaunchKernel -> Returned: 701
	[TornadoVM-PTX-JNI] ERROR : cuLaunchKernel -> Returned: 701
	[TornadoVM-PTX-JNI] ERROR : cuLaunchKernel -> Returned: 701
	[TornadoVM-PTX-JNI] ERROR : cuLaunchKernel -> Returned: 701
	[TornadoVM-PTX-JNI] ERROR : cuLaunchKernel -> Returned: 701
	[TornadoVM-PTX-JNI] ERROR : cuLaunchKernel -> Returned: 701
	[TornadoVM-PTX-JNI] ERROR : cuLaunchKernel -> Returned: 701
	[TornadoVM-PTX-JNI] ERROR : cuLaunchKernel -> Returned: 701
	[TornadoVM-PTX-JNI] ERROR : cuLaunchKernel -> Returned: 701
	[TornadoVM-PTX-JNI] ERROR : cuLaunchKernel -> Returned: 701
	[TornadoVM-PTX-JNI] ERROR : cuLaunchKernel -> Returned: 701
	[TornadoVM-PTX-JNI] ERROR : cuLaunchKernel -> Returned: 701
	[TornadoVM-PTX-JNI] ERROR : cuLaunchKernel -> Returned: 701
	[TornadoVM-PTX-JNI] ERROR : cuLaunchKernel -> Returned: 701
	[TornadoVM-PTX-JNI] ERROR : cuLaunchKernel -> Returned: 701
	[TornadoVM-PTX-JNI] ERROR : cuLaunchKernel -> Returned: 701
	[TornadoVM-PTX-JNI] ERROR : cuLaunchKernel -> Returned: 701
	[TornadoVM-PTX-JNI] ERROR : cuLaunchKernel -> Returned: 701
	[TornadoVM-PTX-JNI] ERROR : cuLaunchKernel -> Returned: 701
	[TornadoVM-PTX-JNI] ERROR : cuLaunchKernel -> Returned: 701
	[TornadoVM-PTX-JNI] ERROR : cuLaunchKernel -> Returned: 701
	[TornadoVM-PTX-JNI] ERROR : cuLaunchKernel -> Returned: 701
	[TornadoVM-PTX-JNI] ERROR : cuLaunchKernel -> Returned: 701
	[TornadoVM-PTX-JNI] ERROR : cuLaunchKernel -> Returned: 701
	[TornadoVM-PTX-JNI] ERROR : cuLaunchKernel -> Returned: 701
	[TornadoVM-PTX-JNI] ERROR : cuLaunchKernel -> Returned: 701
	[TornadoVM-PTX-JNI] ERROR : cuLaunchKernel -> Returned: 701
	[TornadoVM-PTX-JNI] ERROR : cuLaunchKernel -> Returned: 701
	[TornadoVM-PTX-JNI] ERROR : cuLaunchKernel -> Returned: 701
	[TornadoVM-PTX-JNI] ERROR : cuLaunchKernel -> Returned: 701
	[TornadoVM-PTX-JNI] ERROR : cuLaunchKernel -> Returned: 701
	[TornadoVM-PTX-JNI] ERROR : cuLaunchKernel -> Returned: 701
	[TornadoVM-PTX-JNI] ERROR : cuLaunchKernel -> Returned: 701
	[TornadoVM-PTX-JNI] ERROR : cuLaunchKernel -> Returned: 701
	[TornadoVM-PTX-JNI] ERROR : cuLaunchKernel -> Returned: 701
	[TornadoVM-PTX-JNI] ERROR : cuLaunchKernel -> Returned: 701
	[TornadoVM-PTX-JNI] ERROR : cuLaunchKernel -> Returned: 701
	[TornadoVM-PTX-JNI] ERROR : cuLaunchKernel -> Returned: 701
	[TornadoVM-PTX-JNI] ERROR : cuLaunchKernel -> Returned: 701
	[TornadoVM-PTX-JNI] ERROR : cuLaunchKernel -> Returned: 701
	[TornadoVM-PTX-JNI] ERROR : cuLaunchKernel -> Returned: 701
	[TornadoVM-PTX-JNI] ERROR : cuLaunchKernel -> Returned: 701
	[TornadoVM-PTX-JNI] ERROR : cuLaunchKernel -> Returned: 701
	[TornadoVM-PTX-JNI] ERROR : cuLaunchKernel -> Returned: 701
	[TornadoVM-PTX-JNI] ERROR : cuLaunchKernel -> Returned: 701
	[TornadoVM-PTX-JNI] ERROR : cuLaunchKernel -> Returned: 701
	[TornadoVM-PTX-JNI] ERROR : cuLaunchKernel -> Returned: 701
	[TornadoVM-PTX-JNI] ERROR : cuLaunchKernel -> Returned: 701
	[TornadoVM-PTX-JNI] ERROR : cuLaunchKernel -> Returned: 701
	[TornadoVM-PTX-JNI] ERROR : cuLaunchKernel -> Returned: 701
	[TornadoVM-PTX-JNI] ERROR : cuLaunchKernel -> Returned: 701
	[TornadoVM-PTX-JNI] ERROR : cuLaunchKernel -> Returned: 701
	[TornadoVM-PTX-JNI] ERROR : cuLaunchKernel -> Returned: 701
	[TornadoVM-PTX-JNI] ERROR : cuLaunchKernel -> Returned: 701
	[TornadoVM-PTX-JNI] ERROR : cuLaunchKernel -> Returned: 701
	[TornadoVM-PTX-JNI] ERROR : cuLaunchKernel -> Returned: 701
	[TornadoVM-PTX-JNI] ERROR : cuLaunchKernel -> Returned: 701
	[TornadoVM-PTX-JNI] ERROR : cuLaunchKernel -> Returned: 701
	[TornadoVM-PTX-JNI] ERROR : cuLaunchKernel -> Returned: 701
	[TornadoVM-PTX-JNI] ERROR : cuLaunchKernel -> Returned: 701
	[TornadoVM-PTX-JNI] ERROR : cuLaunchKernel -> Returned: 701
	[TornadoVM-PTX-JNI] ERROR : cuLaunchKernel -> Returned: 701
	[TornadoVM-PTX-JNI] ERROR : cuLaunchKernel -> Returned: 701
	[TornadoVM-PTX-JNI] ERROR : cuLaunchKernel -> Returned: 701
	[TornadoVM-PTX-JNI] ERROR : cuLaunchKernel -> Returned: 701
	[TornadoVM-PTX-JNI] ERROR : cuLaunchKernel -> Returned: 701
	[TornadoVM-PTX-JNI] ERROR : cuLaunchKernel -> Returned: 701
	[TornadoVM-PTX-JNI] ERROR : cuLaunchKernel -> Returned: 701
	[TornadoVM-PTX-JNI] ERROR : cuLaunchKernel -> Returned: 701
	[TornadoVM-PTX-JNI] ERROR : cuLaunchKernel -> Returned: 701
	[TornadoVM-PTX-JNI] ERROR : cuLaunchKernel -> Returned: 701
	[TornadoVM-PTX-JNI] ERROR : cuLaunchKernel -> Returned: 701
	[TornadoVM-PTX-JNI] ERROR : cuLaunchKernel -> Returned: 701
	[TornadoVM-PTX-JNI] ERROR : cuLaunchKernel -> Returned: 701
	[TornadoVM-PTX-JNI] ERROR : cuLaunchKernel -> Returned: 701
	[TornadoVM-PTX-JNI] ERROR : cuLaunchKernel -> Returned: 701
	[TornadoVM-PTX-JNI] ERROR : cuLaunchKernel -> Returned: 701
	[TornadoVM-PTX-JNI] ERROR : cuLaunchKernel -> Returned: 701
	[TornadoVM-PTX-JNI] ERROR : cuLaunchKernel -> Returned: 701
	[TornadoVM-PTX-JNI] ERROR : cuLaunchKernel -> Returned: 701
	[TornadoVM-PTX-JNI] ERROR : cuLaunchKernel -> Returned: 701
	[TornadoVM-PTX-JNI] ERROR : cuLaunchKernel -> Returned: 701
	[TornadoVM-PTX-JNI] ERROR : cuLaunchKernel -> Returned: 701
	[TornadoVM-PTX-JNI] ERROR : cuLaunchKernel -> Returned: 701
	[TornadoVM-PTX-JNI] ERROR : cuLaunchKernel -> Returned: 701
	[TornadoVM-PTX-JNI] ERROR : cuLaunchKernel -> Returned: 701
	[TornadoVM-PTX-JNI] ERROR : cuLaunchKernel -> Returned: 701
	[TornadoVM-PTX-JNI] ERROR : cuLaunchKernel -> Returned: 701
	[TornadoVM-PTX-JNI] ERROR : cuLaunchKernel -> Returned: 701
	[TornadoVM-PTX-JNI] ERROR : cuLaunchKernel -> Returned: 701
	[TornadoVM-PTX-JNI] ERROR : cuLaunchKernel -> Returned: 701
	[TornadoVM-PTX-JNI] ERROR : cuLaunchKernel -> Returned: 701
	[TornadoVM-PTX-JNI] ERROR : cuLaunchKernel -> Returned: 701
	[TornadoVM-PTX-JNI] ERROR : cuLaunchKernel -> Returned: 701
	[TornadoVM-PTX-JNI] ERROR : cuLaunchKernel -> Returned: 701
	[TornadoVM-PTX-JNI] ERROR : cuLaunchKernel -> Returned: 701
	[TornadoVM-PTX-JNI] ERROR : cuLaunchKernel -> Returned: 701
	[TornadoVM-PTX-JNI] ERROR : cuLaunchKernel -> Returned: 701
	[TornadoVM-PTX-JNI] ERROR : cuLaunchKernel -> Returned: 701
	[TornadoVM-PTX-JNI] ERROR : cuLaunchKernel -> Returned: 701
	[TornadoVM-PTX-JNI] ERROR : cuLaunchKernel -> Returned: 701
	[TornadoVM-PTX-JNI] ERROR : cuLaunchKernel -> Returned: 701
	[TornadoVM-PTX-JNI] ERROR : cuLaunchKernel -> Returned: 701
	[TornadoVM-PTX-JNI] ERROR : cuLaunchKernel -> Returned: 701
	[TornadoVM-PTX-JNI] ERROR : cuLaunchKernel -> Returned: 701
	[TornadoVM-PTX-JNI] ERROR : cuLaunchKernel -> Returned: 701
	[TornadoVM-PTX-JNI] ERROR : cuLaunchKernel -> Returned: 701
	[TornadoVM-PTX-JNI] ERROR : cuLaunchKernel -> Returned: 701
	[TornadoVM-PTX-JNI] ERROR : cuLaunchKernel -> Returned: 701
	[TornadoVM-PTX-JNI] ERROR : cuLaunchKernel -> Returned: 701
	[TornadoVM-PTX-JNI] ERROR : cuLaunchKernel -> Returned: 701
	[TornadoVM-PTX-JNI] ERROR : cuLaunchKernel -> Returned: 701
	[TornadoVM-PTX-JNI] ERROR : cuLaunchKernel -> Returned: 701
	[TornadoVM-PTX-JNI] ERROR : cuLaunchKernel -> Returned: 701
	[TornadoVM-PTX-JNI] ERROR : cuLaunchKernel -> Returned: 701
	[TornadoVM-PTX-JNI] ERROR : cuLaunchKernel -> Returned: 701
	[TornadoVM-PTX-JNI] ERROR : cuLaunchKernel -> Returned: 701
	[TornadoVM-PTX-JNI] ERROR : cuLaunchKernel -> Returned: 701
	[TornadoVM-PTX-JNI] ERROR : cuLaunchKernel -> Returned: 701
	[TornadoVM-PTX-JNI] ERROR : cuLaunchKernel -> Returned: 701
	[TornadoVM-PTX-JNI] ERROR : cuLaunchKernel -> Returned: 701
	[TornadoVM-PTX-JNI] ERROR : cuLaunchKernel -> Returned: 701
	[TornadoVM-PTX-JNI] ERROR : cuLaunchKernel -> Returned: 701
	[TornadoVM-PTX-JNI] ERROR : cuLaunchKernel -> Returned: 701
	[TornadoVM-PTX-JNI] ERROR : cuLaunchKernel -> Returned: 701
	[TornadoVM-PTX-JNI] ERROR : cuLaunchKernel -> Returned: 701
	[TornadoVM-PTX-JNI] ERROR : cuLaunchKernel -> Returned: 701
	[TornadoVM-PTX-JNI] ERROR : cuLaunchKernel -> Returned: 701
	[TornadoVM-PTX-JNI] ERROR : cuLaunchKernel -> Returned: 701
	[TornadoVM-PTX-JNI] ERROR : cuLaunchKernel -> Returned: 701
	[TornadoVM-PTX-JNI] ERROR : cuLaunchKernel -> Returned: 701
	[TornadoVM-PTX-JNI] ERROR : cuLaunchKernel -> Returned: 701
	[TornadoVM-PTX-JNI] ERROR : cuLaunchKernel -> Returned: 701
	[TornadoVM-PTX-JNI] ERROR : cuLaunchKernel -> Returned: 701
	[TornadoVM-PTX-JNI] ERROR : cuLaunchKernel -> Returned: 701
	[TornadoVM-PTX-JNI] ERROR : cuLaunchKernel -> Returned: 701
[GATHER] call=9000 totalDirty=0 maxThread=0 cumAvg=13.1 cumMaxPerThread=4
	[TornadoVM-PTX-JNI] ERROR : cuLaunchKernel -> Returned: 701
	[TornadoVM-PTX-JNI] ERROR : cuLaunchKernel -> Returned: 701
	[TornadoVM-PTX-JNI] ERROR : cuLaunchKernel -> Returned: 701
	[TornadoVM-PTX-JNI] ERROR : cuLaunchKernel -> Returned: 701
	[TornadoVM-PTX-JNI] ERROR : cuLaunchKernel -> Returned: 701
	[TornadoVM-PTX-JNI] ERROR : cuLaunchKernel -> Returned: 701
	[TornadoVM-PTX-JNI] ERROR : cuLaunchKernel -> Returned: 701
	[TornadoVM-PTX-JNI] ERROR : cuLaunchKernel -> Returned: 701
	[TornadoVM-PTX-JNI] ERROR : cuLaunchKernel -> Returned: 701
	[TornadoVM-PTX-JNI] ERROR : cuLaunchKernel -> Returned: 701
	[TornadoVM-PTX-JNI] ERROR : cuLaunchKernel -> Returned: 701
	[TornadoVM-PTX-JNI] ERROR : cuLaunchKernel -> Returned: 701
	[TornadoVM-PTX-JNI] ERROR : cuLaunchKernel -> Returned: 701
	[TornadoVM-PTX-JNI] ERROR : cuLaunchKernel -> Returned: 701
	[TornadoVM-PTX-JNI] ERROR : cuLaunchKernel -> Returned: 701
	[TornadoVM-PTX-JNI] ERROR : cuLaunchKernel -> Returned: 701
	[TornadoVM-PTX-JNI] ERROR : cuLaunchKernel -> Returned: 701
	[TornadoVM-PTX-JNI] ERROR : cuLaunchKernel -> Returned: 701
	[TornadoVM-PTX-JNI] ERROR : cuLaunchKernel -> Returned: 701
	[TornadoVM-PTX-JNI] ERROR : cuLaunchKernel -> Returned: 701
	[TornadoVM-PTX-JNI] ERROR : cuLaunchKernel -> Returned: 701
	[TornadoVM-PTX-JNI] ERROR : cuLaunchKernel -> Returned: 701
	[TornadoVM-PTX-JNI] ERROR : cuLaunchKernel -> Returned: 701
	[TornadoVM-PTX-JNI] ERROR : cuLaunchKernel -> Returned: 701
	[TornadoVM-PTX-JNI] ERROR : cuLaunchKernel -> Returned: 701
	[TornadoVM-PTX-JNI] ERROR : cuLaunchKernel -> Returned: 701
	[TornadoVM-PTX-JNI] ERROR : cuLaunchKernel -> Returned: 701
	[TornadoVM-PTX-JNI] ERROR : cuLaunchKernel -> Returned: 701
	[TornadoVM-PTX-JNI] ERROR : cuLaunchKernel -> Returned: 701
	[TornadoVM-PTX-JNI] ERROR : cuLaunchKernel -> Returned: 701
	[TornadoVM-PTX-JNI] ERROR : cuLaunchKernel -> Returned: 701
	[TornadoVM-PTX-JNI] ERROR : cuLaunchKernel -> Returned: 701
	[TornadoVM-PTX-JNI] ERROR : cuLaunchKernel -> Returned: 701
	[TornadoVM-PTX-JNI] ERROR : cuLaunchKernel -> Returned: 701
	[TornadoVM-PTX-JNI] ERROR : cuLaunchKernel -> Returned: 701
	[TornadoVM-PTX-JNI] ERROR : cuLaunchKernel -> Returned: 701
	[TornadoVM-PTX-JNI] ERROR : cuLaunchKernel -> Returned: 701
	[TornadoVM-PTX-JNI] ERROR : cuLaunchKernel -> Returned: 701
	[TornadoVM-PTX-JNI] ERROR : cuLaunchKernel -> Returned: 701
	[TornadoVM-PTX-JNI] ERROR : cuLaunchKernel -> Returned: 701
	[TornadoVM-PTX-JNI] ERROR : cuLaunchKernel -> Returned: 701
	[TornadoVM-PTX-JNI] ERROR : cuLaunchKernel -> Returned: 701
	[TornadoVM-PTX-JNI] ERROR : cuLaunchKernel -> Returned: 701
	[TornadoVM-PTX-JNI] ERROR : cuLaunchKernel -> Returned: 701
	[TornadoVM-PTX-JNI] ERROR : cuLaunchKernel -> Returned: 701
	[TornadoVM-PTX-JNI] ERROR : cuLaunchKernel -> Returned: 701
	[TornadoVM-PTX-JNI] ERROR : cuLaunchKernel -> Returned: 701
	[TornadoVM-PTX-JNI] ERROR : cuLaunchKernel -> Returned: 701
	[TornadoVM-PTX-JNI] ERROR : cuLaunchKernel -> Returned: 701
	[TornadoVM-PTX-JNI] ERROR : cuLaunchKernel -> Returned: 701
	[TornadoVM-PTX-JNI] ERROR : cuLaunchKernel -> Returned: 701
	[TornadoVM-PTX-JNI] ERROR : cuLaunchKernel -> Returned: 701
	[TornadoVM-PTX-JNI] ERROR : cuLaunchKernel -> Returned: 701
	[TornadoVM-PTX-JNI] ERROR : cuLaunchKernel -> Returned: 701
	[TornadoVM-PTX-JNI] ERROR : cuLaunchKernel -> Returned: 701
	[TornadoVM-PTX-JNI] ERROR : cuLaunchKernel -> Returned: 701
	[TornadoVM-PTX-JNI] ERROR : cuLaunchKernel -> Returned: 701
	[TornadoVM-PTX-JNI] ERROR : cuLaunchKernel -> Returned: 701
	[TornadoVM-PTX-JNI] ERROR : cuLaunchKernel -> Returned: 701
	[TornadoVM-PTX-JNI] ERROR : cuLaunchKernel -> Returned: 701
	[TornadoVM-PTX-JNI] ERROR : cuLaunchKernel -> Returned: 701
	[TornadoVM-PTX-JNI] ERROR : cuLaunchKernel -> Returned: 701
	[TornadoVM-PTX-JNI] ERROR : cuLaunchKernel -> Returned: 701
	[TornadoVM-PTX-JNI] ERROR : cuLaunchKernel -> Returned: 701
	[TornadoVM-PTX-JNI] ERROR : cuLaunchKernel -> Returned: 701
	[TornadoVM-PTX-JNI] ERROR : cuLaunchKernel -> Returned: 701
	[TornadoVM-PTX-JNI] ERROR : cuLaunchKernel -> Returned: 701
	[TornadoVM-PTX-JNI] ERROR : cuLaunchKernel -> Returned: 701
	[TornadoVM-PTX-JNI] ERROR : cuLaunchKernel -> Returned: 701
	[TornadoVM-PTX-JNI] ERROR : cuLaunchKernel -> Returned: 701
	[TornadoVM-PTX-JNI] ERROR : cuLaunchKernel -> Returned: 701
	[TornadoVM-PTX-JNI] ERROR : cuLaunchKernel -> Returned: 701
	[TornadoVM-PTX-JNI] ERROR : cuLaunchKernel -> Returned: 701
	[TornadoVM-PTX-JNI] ERROR : cuLaunchKernel -> Returned: 701
	[TornadoVM-PTX-JNI] ERROR : cuLaunchKernel -> Returned: 701
	[TornadoVM-PTX-JNI] ERROR : cuLaunchKernel -> Returned: 701
	[TornadoVM-PTX-JNI] ERROR : cuLaunchKernel -> Returned: 701
	[TornadoVM-PTX-JNI] ERROR : cuLaunchKernel -> Returned: 701
	[TornadoVM-PTX-JNI] ERROR : cuLaunchKernel -> Returned: 701
	[TornadoVM-PTX-JNI] ERROR : cuLaunchKernel -> Returned: 701
	[TornadoVM-PTX-JNI] ERROR : cuLaunchKernel -> Returned: 701
	[TornadoVM-PTX-JNI] ERROR : cuLaunchKernel -> Returned: 701
	[TornadoVM-PTX-JNI] ERROR : cuLaunchKernel -> Returned: 701
	[TornadoVM-PTX-JNI] ERROR : cuLaunchKernel -> Returned: 701
	[TornadoVM-PTX-JNI] ERROR : cuLaunchKernel -> Returned: 701
	[TornadoVM-PTX-JNI] ERROR : cuLaunchKernel -> Returned: 701
	[TornadoVM-PTX-JNI] ERROR : cuLaunchKernel -> Returned: 701
	[TornadoVM-PTX-JNI] ERROR : cuLaunchKernel -> Returned: 701
	[TornadoVM-PTX-JNI] ERROR : cuLaunchKernel -> Returned: 701
	[TornadoVM-PTX-JNI] ERROR : cuLaunchKernel -> Returned: 701
	[TornadoVM-PTX-JNI] ERROR : cuLaunchKernel -> Returned: 701
	[TornadoVM-PTX-JNI] ERROR : cuLaunchKernel -> Returned: 701
	[TornadoVM-PTX-JNI] ERROR : cuLaunchKernel -> Returned: 701
	[TornadoVM-PTX-JNI] ERROR : cuLaunchKernel -> Returned: 701
	[TornadoVM-PTX-JNI] ERROR : cuLaunchKernel -> Returned: 701
	[TornadoVM-PTX-JNI] ERROR : cuLaunchKernel -> Returned: 701
	[TornadoVM-PTX-JNI] ERROR : cuLaunchKernel -> Returned: 701
	[TornadoVM-PTX-JNI] ERROR : cuLaunchKernel -> Returned: 701
	[TornadoVM-PTX-JNI] ERROR : cuLaunchKernel -> Returned: 701
	[TornadoVM-PTX-JNI] ERROR : cuLaunchKernel -> Returned: 701
	[TornadoVM-PTX-JNI] ERROR : cuLaunchKernel -> Returned: 701
	[TornadoVM-PTX-JNI] ERROR : cuLaunchKernel -> Returned: 701
	[TornadoVM-PTX-JNI] ERROR : cuLaunchKernel -> Returned: 701
	[TornadoVM-PTX-JNI] ERROR : cuLaunchKernel -> Returned: 701
	[TornadoVM-PTX-JNI] ERROR : cuLaunchKernel -> Returned: 701
	[TornadoVM-PTX-JNI] ERROR : cuLaunchKernel -> Returned: 701
	[TornadoVM-PTX-JNI] ERROR : cuLaunchKernel -> Returned: 701
	[TornadoVM-PTX-JNI] ERROR : cuLaunchKernel -> Returned: 701
	[TornadoVM-PTX-JNI] ERROR : cuLaunchKernel -> Returned: 701
	[TornadoVM-PTX-JNI] ERROR : cuLaunchKernel -> Returned: 701
	[TornadoVM-PTX-JNI] ERROR : cuLaunchKernel -> Returned: 701
	[TornadoVM-PTX-JNI] ERROR : cuLaunchKernel -> Returned: 701
	[TornadoVM-PTX-JNI] ERROR : cuLaunchKernel -> Returned: 701
	[TornadoVM-PTX-JNI] ERROR : cuLaunchKernel -> Returned: 701
	[TornadoVM-PTX-JNI] ERROR : cuLaunchKernel -> Returned: 701
	[TornadoVM-PTX-JNI] ERROR : cuLaunchKernel -> Returned: 701
	[TornadoVM-PTX-JNI] ERROR : cuLaunchKernel -> Returned: 701
	[TornadoVM-PTX-JNI] ERROR : cuLaunchKernel -> Returned: 701
	[TornadoVM-PTX-JNI] ERROR : cuLaunchKernel -> Returned: 701
	[TornadoVM-PTX-JNI] ERROR : cuLaunchKernel -> Returned: 701
	[TornadoVM-PTX-JNI] ERROR : cuLaunchKernel -> Returned: 701
	[TornadoVM-PTX-JNI] ERROR : cuLaunchKernel -> Returned: 701
	[TornadoVM-PTX-JNI] ERROR : cuLaunchKernel -> Returned: 701
	[TornadoVM-PTX-JNI] ERROR : cuLaunchKernel -> Returned: 701
	[TornadoVM-PTX-JNI] ERROR : cuLaunchKernel -> Returned: 701
	[TornadoVM-PTX-JNI] ERROR : cuLaunchKernel -> Returned: 701
	[TornadoVM-PTX-JNI] ERROR : cuLaunchKernel -> Returned: 701
	[TornadoVM-PTX-JNI] ERROR : cuLaunchKernel -> Returned: 701
	[TornadoVM-PTX-JNI] ERROR : cuLaunchKernel -> Returned: 701
	[TornadoVM-PTX-JNI] ERROR : cuLaunchKernel -> Returned: 701
	[TornadoVM-PTX-JNI] ERROR : cuLaunchKernel -> Returned: 701
	[TornadoVM-PTX-JNI] ERROR : cuLaunchKernel -> Returned: 701
	[TornadoVM-PTX-JNI] ERROR : cuLaunchKernel -> Returned: 701
	[TornadoVM-PTX-JNI] ERROR : cuLaunchKernel -> Returned: 701
	[TornadoVM-PTX-JNI] ERROR : cuLaunchKernel -> Returned: 701
	[TornadoVM-PTX-JNI] ERROR : cuLaunchKernel -> Returned: 701
	[TornadoVM-PTX-JNI] ERROR : cuLaunchKernel -> Returned: 701
	[TornadoVM-PTX-JNI] ERROR : cuLaunchKernel -> Returned: 701
	[TornadoVM-PTX-JNI] ERROR : cuLaunchKernel -> Returned: 701
	[TornadoVM-PTX-JNI] ERROR : cuLaunchKernel -> Returned: 701
	[TornadoVM-PTX-JNI] ERROR : cuLaunchKernel -> Returned: 701
	[TornadoVM-PTX-JNI] ERROR : cuLaunchKernel -> Returned: 701
	[TornadoVM-PTX-JNI] ERROR : cuLaunchKernel -> Returned: 701
	[TornadoVM-PTX-JNI] ERROR : cuLaunchKernel -> Returned: 701
	[TornadoVM-PTX-JNI] ERROR : cuLaunchKernel -> Returned: 701
	[TornadoVM-PTX-JNI] ERROR : cuLaunchKernel -> Returned: 701
	[TornadoVM-PTX-JNI] ERROR : cuLaunchKernel -> Returned: 701
	[TornadoVM-PTX-JNI] ERROR : cuLaunchKernel -> Returned: 701
	[TornadoVM-PTX-JNI] ERROR : cuLaunchKernel -> Returned: 701
	[TornadoVM-PTX-JNI] ERROR : cuLaunchKernel -> Returned: 701
	[TornadoVM-PTX-JNI] ERROR : cuLaunchKernel -> Returned: 701
	[TornadoVM-PTX-JNI] ERROR : cuLaunchKernel -> Returned: 701
	[TornadoVM-PTX-JNI] ERROR : cuLaunchKernel -> Returned: 701
	[TornadoVM-PTX-JNI] ERROR : cuLaunchKernel -> Returned: 701
	[TornadoVM-PTX-JNI] ERROR : cuLaunchKernel -> Returned: 701
	[TornadoVM-PTX-JNI] ERROR : cuLaunchKernel -> Returned: 701
	[TornadoVM-PTX-JNI] ERROR : cuLaunchKernel -> Returned: 701
	[TornadoVM-PTX-JNI] ERROR : cuLaunchKernel -> Returned: 701
	[TornadoVM-PTX-JNI] ERROR : cuLaunchKernel -> Returned: 701
	[TornadoVM-PTX-JNI] ERROR : cuLaunchKernel -> Returned: 701
	[TornadoVM-PTX-JNI] ERROR : cuLaunchKernel -> Returned: 701
	[TornadoVM-PTX-JNI] ERROR : cuLaunchKernel -> Returned: 701
	[TornadoVM-PTX-JNI] ERROR : cuLaunchKernel -> Returned: 701
	[TornadoVM-PTX-JNI] ERROR : cuLaunchKernel -> Returned: 701
	[TornadoVM-PTX-JNI] ERROR : cuLaunchKernel -> Returned: 701
	[TornadoVM-PTX-JNI] ERROR : cuLaunchKernel -> Returned: 701
	[TornadoVM-PTX-JNI] ERROR : cuLaunchKernel -> Returned: 701
	[TornadoVM-PTX-JNI] ERROR : cuLaunchKernel -> Returned: 701
	[TornadoVM-PTX-JNI] ERROR : cuLaunchKernel -> Returned: 701
	[TornadoVM-PTX-JNI] ERROR : cuLaunchKernel -> Returned: 701
	[TornadoVM-PTX-JNI] ERROR : cuLaunchKernel -> Returned: 701
	[TornadoVM-PTX-JNI] ERROR : cuLaunchKernel -> Returned: 701
	[TornadoVM-PTX-JNI] ERROR : cuLaunchKernel -> Returned: 701
	[TornadoVM-PTX-JNI] ERROR : cuLaunchKernel -> Returned: 701
	[TornadoVM-PTX-JNI] ERROR : cuLaunchKernel -> Returned: 701
	[TornadoVM-PTX-JNI] ERROR : cuLaunchKernel -> Returned: 701
	[TornadoVM-PTX-JNI] ERROR : cuLaunchKernel -> Returned: 701
	[TornadoVM-PTX-JNI] ERROR : cuLaunchKernel -> Returned: 701
	[TornadoVM-PTX-JNI] ERROR : cuLaunchKernel -> Returned: 701
	[TornadoVM-PTX-JNI] ERROR : cuLaunchKernel -> Returned: 701
	[TornadoVM-PTX-JNI] ERROR : cuLaunchKernel -> Returned: 701
	[TornadoVM-PTX-JNI] ERROR : cuLaunchKernel -> Returned: 701
	[TornadoVM-PTX-JNI] ERROR : cuLaunchKernel -> Returned: 701
	[TornadoVM-PTX-JNI] ERROR : cuLaunchKernel -> Returned: 701
	[TornadoVM-PTX-JNI] ERROR : cuLaunchKernel -> Returned: 701
	[TornadoVM-PTX-JNI] ERROR : cuLaunchKernel -> Returned: 701
	[TornadoVM-PTX-JNI] ERROR : cuLaunchKernel -> Returned: 701
	[TornadoVM-PTX-JNI] ERROR : cuLaunchKernel -> Returned: 701
	[TornadoVM-PTX-JNI] ERROR : cuLaunchKernel -> Returned: 701
	[TornadoVM-PTX-JNI] ERROR : cuLaunchKernel -> Returned: 701
	[TornadoVM-PTX-JNI] ERROR : cuLaunchKernel -> Returned: 701
	[TornadoVM-PTX-JNI] ERROR : cuLaunchKernel -> Returned: 701
	[TornadoVM-PTX-JNI] ERROR : cuLaunchKernel -> Returned: 701
	[TornadoVM-PTX-JNI] ERROR : cuLaunchKernel -> Returned: 701
	[TornadoVM-PTX-JNI] ERROR : cuLaunchKernel -> Returned: 701
	[TornadoVM-PTX-JNI] ERROR : cuLaunchKernel -> Returned: 701
	[TornadoVM-PTX-JNI] ERROR : cuLaunchKernel -> Returned: 701
	[TornadoVM-PTX-JNI] ERROR : cuLaunchKernel -> Returned: 701
	[TornadoVM-PTX-JNI] ERROR : cuLaunchKernel -> Returned: 701
	[TornadoVM-PTX-JNI] ERROR : cuLaunchKernel -> Returned: 701
	[TornadoVM-PTX-JNI] ERROR : cuLaunchKernel -> Returned: 701
	[TornadoVM-PTX-JNI] ERROR : cuLaunchKernel -> Returned: 701
	[TornadoVM-PTX-JNI] ERROR : cuLaunchKernel -> Returned: 701
	[TornadoVM-PTX-JNI] ERROR : cuLaunchKernel -> Returned: 701
	[TornadoVM-PTX-JNI] ERROR : cuLaunchKernel -> Returned: 701
	[TornadoVM-PTX-JNI] ERROR : cuLaunchKernel -> Returned: 701
	[TornadoVM-PTX-JNI] ERROR : cuLaunchKernel -> Returned: 701
	[TornadoVM-PTX-JNI] ERROR : cuLaunchKernel -> Returned: 701
	[TornadoVM-PTX-JNI] ERROR : cuLaunchKernel -> Returned: 701
	[TornadoVM-PTX-JNI] ERROR : cuLaunchKernel -> Returned: 701
	[TornadoVM-PTX-JNI] ERROR : cuLaunchKernel -> Returned: 701
	[TornadoVM-PTX-JNI] ERROR : cuLaunchKernel -> Returned: 701
	[TornadoVM-PTX-JNI] ERROR : cuLaunchKernel -> Returned: 701
	[TornadoVM-PTX-JNI] ERROR : cuLaunchKernel -> Returned: 701
	[TornadoVM-PTX-JNI] ERROR : cuLaunchKernel -> Returned: 701
	[TornadoVM-PTX-JNI] ERROR : cuLaunchKernel -> Returned: 701
	[TornadoVM-PTX-JNI] ERROR : cuLaunchKernel -> Returned: 701
	[TornadoVM-PTX-JNI] ERROR : cuLaunchKernel -> Returned: 701
	[TornadoVM-PTX-JNI] ERROR : cuLaunchKernel -> Returned: 701
	[TornadoVM-PTX-JNI] ERROR : cuLaunchKernel -> Returned: 701
	[TornadoVM-PTX-JNI] ERROR : cuLaunchKernel -> Returned: 701
	[TornadoVM-PTX-JNI] ERROR : cuLaunchKernel -> Returned: 701
	[TornadoVM-PTX-JNI] ERROR : cuLaunchKernel -> Returned: 701
	[TornadoVM-PTX-JNI] ERROR : cuLaunchKernel -> Returned: 701
	[TornadoVM-PTX-JNI] ERROR : cuLaunchKernel -> Returned: 701
	[TornadoVM-PTX-JNI] ERROR : cuLaunchKernel -> Returned: 701
	[TornadoVM-PTX-JNI] ERROR : cuLaunchKernel -> Returned: 701
	[TornadoVM-PTX-JNI] ERROR : cuLaunchKernel -> Returned: 701
	[TornadoVM-PTX-JNI] ERROR : cuLaunchKernel -> Returned: 701
	[TornadoVM-PTX-JNI] ERROR : cuLaunchKernel -> Returned: 701
	[TornadoVM-PTX-JNI] ERROR : cuLaunchKernel -> Returned: 701
	[TornadoVM-PTX-JNI] ERROR : cuLaunchKernel -> Returned: 701
	[TornadoVM-PTX-JNI] ERROR : cuLaunchKernel -> Returned: 701
	[TornadoVM-PTX-JNI] ERROR : cuLaunchKernel -> Returned: 701
	[TornadoVM-PTX-JNI] ERROR : cuLaunchKernel -> Returned: 701
	[TornadoVM-PTX-JNI] ERROR : cuLaunchKernel -> Returned: 701
	[TornadoVM-PTX-JNI] ERROR : cuLaunchKernel -> Returned: 701
	[TornadoVM-PTX-JNI] ERROR : cuLaunchKernel -> Returned: 701
	[TornadoVM-PTX-JNI] ERROR : cuLaunchKernel -> Returned: 701
	[TornadoVM-PTX-JNI] ERROR : cuLaunchKernel -> Returned: 701
	[TornadoVM-PTX-JNI] ERROR : cuLaunchKernel -> Returned: 701
	[TornadoVM-PTX-JNI] ERROR : cuLaunchKernel -> Returned: 701
	[TornadoVM-PTX-JNI] ERROR : cuLaunchKernel -> Returned: 701
	[TornadoVM-PTX-JNI] ERROR : cuLaunchKernel -> Returned: 701
	[TornadoVM-PTX-JNI] ERROR : cuLaunchKernel -> Returned: 701
	[TornadoVM-PTX-JNI] ERROR : cuLaunchKernel -> Returned: 701
	[TornadoVM-PTX-JNI] ERROR : cuLaunchKernel -> Returned: 701
	[TornadoVM-PTX-JNI] ERROR : cuLaunchKernel -> Returned: 701
	[TornadoVM-PTX-JNI] ERROR : cuLaunchKernel -> Returned: 701
	[TornadoVM-PTX-JNI] ERROR : cuLaunchKernel -> Returned: 701
	[TornadoVM-PTX-JNI] ERROR : cuLaunchKernel -> Returned: 701
	[TornadoVM-PTX-JNI] ERROR : cuLaunchKernel -> Returned: 701
	[TornadoVM-PTX-JNI] ERROR : cuLaunchKernel -> Returned: 701
	[TornadoVM-PTX-JNI] ERROR : cuLaunchKernel -> Returned: 701
	[TornadoVM-PTX-JNI] ERROR : cuLaunchKernel -> Returned: 701
	[TornadoVM-PTX-JNI] ERROR : cuLaunchKernel -> Returned: 701
	[TornadoVM-PTX-JNI] ERROR : cuLaunchKernel -> Returned: 701
	[TornadoVM-PTX-JNI] ERROR : cuLaunchKernel -> Returned: 701
	[TornadoVM-PTX-JNI] ERROR : cuLaunchKernel -> Returned: 701
	[TornadoVM-PTX-JNI] ERROR : cuLaunchKernel -> Returned: 701
	[TornadoVM-PTX-JNI] ERROR : cuLaunchKernel -> Returned: 701
	[TornadoVM-PTX-JNI] ERROR : cuLaunchKernel -> Returned: 701
	[TornadoVM-PTX-JNI] ERROR : cuLaunchKernel -> Returned: 701
	[TornadoVM-PTX-JNI] ERROR : cuLaunchKernel -> Returned: 701
	[TornadoVM-PTX-JNI] ERROR : cuLaunchKernel -> Returned: 701
	[TornadoVM-PTX-JNI] ERROR : cuLaunchKernel -> Returned: 701
	[TornadoVM-PTX-JNI] ERROR : cuLaunchKernel -> Returned: 701
	[TornadoVM-PTX-JNI] ERROR : cuLaunchKernel -> Returned: 701
	[TornadoVM-PTX-JNI] ERROR : cuLaunchKernel -> Returned: 701
	[TornadoVM-PTX-JNI] ERROR : cuLaunchKernel -> Returned: 701
	[TornadoVM-PTX-JNI] ERROR : cuLaunchKernel -> Returned: 701
	[TornadoVM-PTX-JNI] ERROR : cuLaunchKernel -> Returned: 701
	[TornadoVM-PTX-JNI] ERROR : cuLaunchKernel -> Returned: 701
	[TornadoVM-PTX-JNI] ERROR : cuLaunchKernel -> Returned: 701
	[TornadoVM-PTX-JNI] ERROR : cuLaunchKernel -> Returned: 701
	[TornadoVM-PTX-JNI] ERROR : cuLaunchKernel -> Returned: 701
	[TornadoVM-PTX-JNI] ERROR : cuLaunchKernel -> Returned: 701
	[TornadoVM-PTX-JNI] ERROR : cuLaunchKernel -> Returned: 701
	[TornadoVM-PTX-JNI] ERROR : cuLaunchKernel -> Returned: 701
	[TornadoVM-PTX-JNI] ERROR : cuLaunchKernel -> Returned: 701
	[TornadoVM-PTX-JNI] ERROR : cuLaunchKernel -> Returned: 701
	[TornadoVM-PTX-JNI] ERROR : cuLaunchKernel -> Returned: 701
	[TornadoVM-PTX-JNI] ERROR : cuLaunchKernel -> Returned: 701
	[TornadoVM-PTX-JNI] ERROR : cuLaunchKernel -> Returned: 701
	[TornadoVM-PTX-JNI] ERROR : cuLaunchKernel -> Returned: 701
	[TornadoVM-PTX-JNI] ERROR : cuLaunchKernel -> Returned: 701
	[TornadoVM-PTX-JNI] ERROR : cuLaunchKernel -> Returned: 701
	[TornadoVM-PTX-JNI] ERROR : cuLaunchKernel -> Returned: 701
	[TornadoVM-PTX-JNI] ERROR : cuLaunchKernel -> Returned: 701
	[TornadoVM-PTX-JNI] ERROR : cuLaunchKernel -> Returned: 701
	[TornadoVM-PTX-JNI] ERROR : cuLaunchKernel -> Returned: 701
	[TornadoVM-PTX-JNI] ERROR : cuLaunchKernel -> Returned: 701
	[TornadoVM-PTX-JNI] ERROR : cuLaunchKernel -> Returned: 701
	[TornadoVM-PTX-JNI] ERROR : cuLaunchKernel -> Returned: 701
	[TornadoVM-PTX-JNI] ERROR : cuLaunchKernel -> Returned: 701
	[TornadoVM-PTX-JNI] ERROR : cuLaunchKernel -> Returned: 701
	[TornadoVM-PTX-JNI] ERROR : cuLaunchKernel -> Returned: 701
	[TornadoVM-PTX-JNI] ERROR : cuLaunchKernel -> Returned: 701
	[TornadoVM-PTX-JNI] ERROR : cuLaunchKernel -> Returned: 701
	[TornadoVM-PTX-JNI] ERROR : cuLaunchKernel -> Returned: 701
	[TornadoVM-PTX-JNI] ERROR : cuLaunchKernel -> Returned: 701
	[TornadoVM-PTX-JNI] ERROR : cuLaunchKernel -> Returned: 701
	[TornadoVM-PTX-JNI] ERROR : cuLaunchKernel -> Returned: 701
	[TornadoVM-PTX-JNI] ERROR : cuLaunchKernel -> Returned: 701
	[TornadoVM-PTX-JNI] ERROR : cuLaunchKernel -> Returned: 701
	[TornadoVM-PTX-JNI] ERROR : cuLaunchKernel -> Returned: 701
	[TornadoVM-PTX-JNI] ERROR : cuLaunchKernel -> Returned: 701
	[TornadoVM-PTX-JNI] ERROR : cuLaunchKernel -> Returned: 701
	[TornadoVM-PTX-JNI] ERROR : cuLaunchKernel -> Returned: 701
	[TornadoVM-PTX-JNI] ERROR : cuLaunchKernel -> Returned: 701
	[TornadoVM-PTX-JNI] ERROR : cuLaunchKernel -> Returned: 701
	[TornadoVM-PTX-JNI] ERROR : cuLaunchKernel -> Returned: 701
	[TornadoVM-PTX-JNI] ERROR : cuLaunchKernel -> Returned: 701
	[TornadoVM-PTX-JNI] ERROR : cuLaunchKernel -> Returned: 701
	[TornadoVM-PTX-JNI] ERROR : cuLaunchKernel -> Returned: 701
	[TornadoVM-PTX-JNI] ERROR : cuLaunchKernel -> Returned: 701
	[TornadoVM-PTX-JNI] ERROR : cuLaunchKernel -> Returned: 701
	[TornadoVM-PTX-JNI] ERROR : cuLaunchKernel -> Returned: 701
	[TornadoVM-PTX-JNI] ERROR : cuLaunchKernel -> Returned: 701
	[TornadoVM-PTX-JNI] ERROR : cuLaunchKernel -> Returned: 701
	[TornadoVM-PTX-JNI] ERROR : cuLaunchKernel -> Returned: 701
	[TornadoVM-PTX-JNI] ERROR : cuLaunchKernel -> Returned: 701
	[TornadoVM-PTX-JNI] ERROR : cuLaunchKernel -> Returned: 701
	[TornadoVM-PTX-JNI] ERROR : cuLaunchKernel -> Returned: 701
	[TornadoVM-PTX-JNI] ERROR : cuLaunchKernel -> Returned: 701
	[TornadoVM-PTX-JNI] ERROR : cuLaunchKernel -> Returned: 701
	[TornadoVM-PTX-JNI] ERROR : cuLaunchKernel -> Returned: 701
	[TornadoVM-PTX-JNI] ERROR : cuLaunchKernel -> Returned: 701
	[TornadoVM-PTX-JNI] ERROR : cuLaunchKernel -> Returned: 701
	[TornadoVM-PTX-JNI] ERROR : cuLaunchKernel -> Returned: 701
	[TornadoVM-PTX-JNI] ERROR : cuLaunchKernel -> Returned: 701
	[TornadoVM-PTX-JNI] ERROR : cuLaunchKernel -> Returned: 701
	[TornadoVM-PTX-JNI] ERROR : cuLaunchKernel -> Returned: 701
	[TornadoVM-PTX-JNI] ERROR : cuLaunchKernel -> Returned: 701
	[TornadoVM-PTX-JNI] ERROR : cuLaunchKernel -> Returned: 701
	[TornadoVM-PTX-JNI] ERROR : cuLaunchKernel -> Returned: 701
	[TornadoVM-PTX-JNI] ERROR : cuLaunchKernel -> Returned: 701
	[TornadoVM-PTX-JNI] ERROR : cuLaunchKernel -> Returned: 701
	[TornadoVM-PTX-JNI] ERROR : cuLaunchKernel -> Returned: 701
	[TornadoVM-PTX-JNI] ERROR : cuLaunchKernel -> Returned: 701
	[TornadoVM-PTX-JNI] ERROR : cuLaunchKernel -> Returned: 701
	[TornadoVM-PTX-JNI] ERROR : cuLaunchKernel -> Returned: 701
	[TornadoVM-PTX-JNI] ERROR : cuLaunchKernel -> Returned: 701
	[TornadoVM-PTX-JNI] ERROR : cuLaunchKernel -> Returned: 701
	[TornadoVM-PTX-JNI] ERROR : cuLaunchKernel -> Returned: 701
	[TornadoVM-PTX-JNI] ERROR : cuLaunchKernel -> Returned: 701
	[TornadoVM-PTX-JNI] ERROR : cuLaunchKernel -> Returned: 701
	[TornadoVM-PTX-JNI] ERROR : cuLaunchKernel -> Returned: 701
	[TornadoVM-PTX-JNI] ERROR : cuLaunchKernel -> Returned: 701
	[TornadoVM-PTX-JNI] ERROR : cuLaunchKernel -> Returned: 701
	[TornadoVM-PTX-JNI] ERROR : cuLaunchKernel -> Returned: 701
	[TornadoVM-PTX-JNI] ERROR : cuLaunchKernel -> Returned: 701
	[TornadoVM-PTX-JNI] ERROR : cuLaunchKernel -> Returned: 701
	[TornadoVM-PTX-JNI] ERROR : cuLaunchKernel -> Returned: 701
	[TornadoVM-PTX-JNI] ERROR : cuLaunchKernel -> Returned: 701
	[TornadoVM-PTX-JNI] ERROR : cuLaunchKernel -> Returned: 701
	[TornadoVM-PTX-JNI] ERROR : cuLaunchKernel -> Returned: 701
	[TornadoVM-PTX-JNI] ERROR : cuLaunchKernel -> Returned: 701
	[TornadoVM-PTX-JNI] ERROR : cuLaunchKernel -> Returned: 701
	[TornadoVM-PTX-JNI] ERROR : cuLaunchKernel -> Returned: 701
	[TornadoVM-PTX-JNI] ERROR : cuLaunchKernel -> Returned: 701
	[TornadoVM-PTX-JNI] ERROR : cuLaunchKernel -> Returned: 701
	[TornadoVM-PTX-JNI] ERROR : cuLaunchKernel -> Returned: 701
	[TornadoVM-PTX-JNI] ERROR : cuLaunchKernel -> Returned: 701
	[TornadoVM-PTX-JNI] ERROR : cuLaunchKernel -> Returned: 701
	[TornadoVM-PTX-JNI] ERROR : cuLaunchKernel -> Returned: 701
	[TornadoVM-PTX-JNI] ERROR : cuLaunchKernel -> Returned: 701
	[TornadoVM-PTX-JNI] ERROR : cuLaunchKernel -> Returned: 701
	[TornadoVM-PTX-JNI] ERROR : cuLaunchKernel -> Returned: 701
	[TornadoVM-PTX-JNI] ERROR : cuLaunchKernel -> Returned: 701
	[TornadoVM-PTX-JNI] ERROR : cuLaunchKernel -> Returned: 701
	[TornadoVM-PTX-JNI] ERROR : cuLaunchKernel -> Returned: 701
	[TornadoVM-PTX-JNI] ERROR : cuLaunchKernel -> Returned: 701
	[TornadoVM-PTX-JNI] ERROR : cuLaunchKernel -> Returned: 701
	[TornadoVM-PTX-JNI] ERROR : cuLaunchKernel -> Returned: 701
	[TornadoVM-PTX-JNI] ERROR : cuLaunchKernel -> Returned: 701
	[TornadoVM-PTX-JNI] ERROR : cuLaunchKernel -> Returned: 701
	[TornadoVM-PTX-JNI] ERROR : cuLaunchKernel -> Returned: 701
	[TornadoVM-PTX-JNI] ERROR : cuLaunchKernel -> Returned: 701
	[TornadoVM-PTX-JNI] ERROR : cuLaunchKernel -> Returned: 701
	[TornadoVM-PTX-JNI] ERROR : cuLaunchKernel -> Returned: 701
	[TornadoVM-PTX-JNI] ERROR : cuLaunchKernel -> Returned: 701
	[TornadoVM-PTX-JNI] ERROR : cuLaunchKernel -> Returned: 701
	[TornadoVM-PTX-JNI] ERROR : cuLaunchKernel -> Returned: 701
	[TornadoVM-PTX-JNI] ERROR : cuLaunchKernel -> Returned: 701
	[TornadoVM-PTX-JNI] ERROR : cuLaunchKernel -> Returned: 701
	[TornadoVM-PTX-JNI] ERROR : cuLaunchKernel -> Returned: 701
	[TornadoVM-PTX-JNI] ERROR : cuLaunchKernel -> Returned: 701
	[TornadoVM-PTX-JNI] ERROR : cuLaunchKernel -> Returned: 701
	[TornadoVM-PTX-JNI] ERROR : cuLaunchKernel -> Returned: 701
	[TornadoVM-PTX-JNI] ERROR : cuLaunchKernel -> Returned: 701
	[TornadoVM-PTX-JNI] ERROR : cuLaunchKernel -> Returned: 701
	[TornadoVM-PTX-JNI] ERROR : cuLaunchKernel -> Returned: 701
	[TornadoVM-PTX-JNI] ERROR : cuLaunchKernel -> Returned: 701
	[TornadoVM-PTX-JNI] ERROR : cuLaunchKernel -> Returned: 701
	[TornadoVM-PTX-JNI] ERROR : cuLaunchKernel -> Returned: 701
	[TornadoVM-PTX-JNI] ERROR : cuLaunchKernel -> Returned: 701
	[TornadoVM-PTX-JNI] ERROR : cuLaunchKernel -> Returned: 701
	[TornadoVM-PTX-JNI] ERROR : cuLaunchKernel -> Returned: 701
	[TornadoVM-PTX-JNI] ERROR : cuLaunchKernel -> Returned: 701
	[TornadoVM-PTX-JNI] ERROR : cuLaunchKernel -> Returned: 701
	[TornadoVM-PTX-JNI] ERROR : cuLaunchKernel -> Returned: 701
	[TornadoVM-PTX-JNI] ERROR : cuLaunchKernel -> Returned: 701
	[TornadoVM-PTX-JNI] ERROR : cuLaunchKernel -> Returned: 701
	[TornadoVM-PTX-JNI] ERROR : cuLaunchKernel -> Returned: 701
	[TornadoVM-PTX-JNI] ERROR : cuLaunchKernel -> Returned: 701
	[TornadoVM-PTX-JNI] ERROR : cuLaunchKernel -> Returned: 701
	[TornadoVM-PTX-JNI] ERROR : cuLaunchKernel -> Returned: 701
	[TornadoVM-PTX-JNI] ERROR : cuLaunchKernel -> Returned: 701
	[TornadoVM-PTX-JNI] ERROR : cuLaunchKernel -> Returned: 701
	[TornadoVM-PTX-JNI] ERROR : cuLaunchKernel -> Returned: 701
	[TornadoVM-PTX-JNI] ERROR : cuLaunchKernel -> Returned: 701
	[TornadoVM-PTX-JNI] ERROR : cuLaunchKernel -> Returned: 701
	[TornadoVM-PTX-JNI] ERROR : cuLaunchKernel -> Returned: 701
	[TornadoVM-PTX-JNI] ERROR : cuLaunchKernel -> Returned: 701
	[TornadoVM-PTX-JNI] ERROR : cuLaunchKernel -> Returned: 701
	[TornadoVM-PTX-JNI] ERROR : cuLaunchKernel -> Returned: 701
	[TornadoVM-PTX-JNI] ERROR : cuLaunchKernel -> Returned: 701
	[TornadoVM-PTX-JNI] ERROR : cuLaunchKernel -> Returned: 701
	[TornadoVM-PTX-JNI] ERROR : cuLaunchKernel -> Returned: 701
	[TornadoVM-PTX-JNI] ERROR : cuLaunchKernel -> Returned: 701
	[TornadoVM-PTX-JNI] ERROR : cuLaunchKernel -> Returned: 701
	[TornadoVM-PTX-JNI] ERROR : cuLaunchKernel -> Returned: 701
	[TornadoVM-PTX-JNI] ERROR : cuLaunchKernel -> Returned: 701
	[TornadoVM-PTX-JNI] ERROR : cuLaunchKernel -> Returned: 701
	[TornadoVM-PTX-JNI] ERROR : cuLaunchKernel -> Returned: 701
	[TornadoVM-PTX-JNI] ERROR : cuLaunchKernel -> Returned: 701
	[TornadoVM-PTX-JNI] ERROR : cuLaunchKernel -> Returned: 701
	[TornadoVM-PTX-JNI] ERROR : cuLaunchKernel -> Returned: 701
	[TornadoVM-PTX-JNI] ERROR : cuLaunchKernel -> Returned: 701
	[TornadoVM-PTX-JNI] ERROR : cuLaunchKernel -> Returned: 701
	[TornadoVM-PTX-JNI] ERROR : cuLaunchKernel -> Returned: 701
	[TornadoVM-PTX-JNI] ERROR : cuLaunchKernel -> Returned: 701
	[TornadoVM-PTX-JNI] ERROR : cuLaunchKernel -> Returned: 701
	[TornadoVM-PTX-JNI] ERROR : cuLaunchKernel -> Returned: 701
	[TornadoVM-PTX-JNI] ERROR : cuLaunchKernel -> Returned: 701
	[TornadoVM-PTX-JNI] ERROR : cuLaunchKernel -> Returned: 701
	[TornadoVM-PTX-JNI] ERROR : cuLaunchKernel -> Returned: 701
	[TornadoVM-PTX-JNI] ERROR : cuLaunchKernel -> Returned: 701
	[TornadoVM-PTX-JNI] ERROR : cuLaunchKernel -> Returned: 701
	[TornadoVM-PTX-JNI] ERROR : cuLaunchKernel -> Returned: 701
	[TornadoVM-PTX-JNI] ERROR : cuLaunchKernel -> Returned: 701
	[TornadoVM-PTX-JNI] ERROR : cuLaunchKernel -> Returned: 701
	[TornadoVM-PTX-JNI] ERROR : cuLaunchKernel -> Returned: 701
	[TornadoVM-PTX-JNI] ERROR : cuLaunchKernel -> Returned: 701
	[TornadoVM-PTX-JNI] ERROR : cuLaunchKernel -> Returned: 701
	[TornadoVM-PTX-JNI] ERROR : cuLaunchKernel -> Returned: 701
	[TornadoVM-PTX-JNI] ERROR : cuLaunchKernel -> Returned: 701
	[TornadoVM-PTX-JNI] ERROR : cuLaunchKernel -> Returned: 701
	[TornadoVM-PTX-JNI] ERROR : cuLaunchKernel -> Returned: 701
	[TornadoVM-PTX-JNI] ERROR : cuLaunchKernel -> Returned: 701
	[TornadoVM-PTX-JNI] ERROR : cuLaunchKernel -> Returned: 701
	[TornadoVM-PTX-JNI] ERROR : cuLaunchKernel -> Returned: 701
	[TornadoVM-PTX-JNI] ERROR : cuLaunchKernel -> Returned: 701
	[TornadoVM-PTX-JNI] ERROR : cuLaunchKernel -> Returned: 701
	[TornadoVM-PTX-JNI] ERROR : cuLaunchKernel -> Returned: 701
	[TornadoVM-PTX-JNI] ERROR : cuLaunchKernel -> Returned: 701
	[TornadoVM-PTX-JNI] ERROR : cuLaunchKernel -> Returned: 701
	[TornadoVM-PTX-JNI] ERROR : cuLaunchKernel -> Returned: 701
	[TornadoVM-PTX-JNI] ERROR : cuLaunchKernel -> Returned: 701
	[TornadoVM-PTX-JNI] ERROR : cuLaunchKernel -> Returned: 701
	[TornadoVM-PTX-JNI] ERROR : cuLaunchKernel -> Returned: 701
	[TornadoVM-PTX-JNI] ERROR : cuLaunchKernel -> Returned: 701
	[TornadoVM-PTX-JNI] ERROR : cuLaunchKernel -> Returned: 701
	[TornadoVM-PTX-JNI] ERROR : cuLaunchKernel -> Returned: 701
	[TornadoVM-PTX-JNI] ERROR : cuLaunchKernel -> Returned: 701
	[TornadoVM-PTX-JNI] ERROR : cuLaunchKernel -> Returned: 701
	[TornadoVM-PTX-JNI] ERROR : cuLaunchKernel -> Returned: 701
	[TornadoVM-PTX-JNI] ERROR : cuLaunchKernel -> Returned: 701
	[TornadoVM-PTX-JNI] ERROR : cuLaunchKernel -> Returned: 701
	[TornadoVM-PTX-JNI] ERROR : cuLaunchKernel -> Returned: 701
	[TornadoVM-PTX-JNI] ERROR : cuLaunchKernel -> Returned: 701
	[TornadoVM-PTX-JNI] ERROR : cuLaunchKernel -> Returned: 701
	[TornadoVM-PTX-JNI] ERROR : cuLaunchKernel -> Returned: 701
	[TornadoVM-PTX-JNI] ERROR : cuLaunchKernel -> Returned: 701
	[TornadoVM-PTX-JNI] ERROR : cuLaunchKernel -> Returned: 701
	[TornadoVM-PTX-JNI] ERROR : cuLaunchKernel -> Returned: 701
	[TornadoVM-PTX-JNI] ERROR : cuLaunchKernel -> Returned: 701
	[TornadoVM-PTX-JNI] ERROR : cuLaunchKernel -> Returned: 701
	[TornadoVM-PTX-JNI] ERROR : cuLaunchKernel -> Returned: 701
	[TornadoVM-PTX-JNI] ERROR : cuLaunchKernel -> Returned: 701
	[TornadoVM-PTX-JNI] ERROR : cuLaunchKernel -> Returned: 701
	[TornadoVM-PTX-JNI] ERROR : cuLaunchKernel -> Returned: 701
	[TornadoVM-PTX-JNI] ERROR : cuLaunchKernel -> Returned: 701
	[TornadoVM-PTX-JNI] ERROR : cuLaunchKernel -> Returned: 701
	[TornadoVM-PTX-JNI] ERROR : cuLaunchKernel -> Returned: 701
	[TornadoVM-PTX-JNI] ERROR : cuLaunchKernel -> Returned: 701
	[TornadoVM-PTX-JNI] ERROR : cuLaunchKernel -> Returned: 701
	[TornadoVM-PTX-JNI] ERROR : cuLaunchKernel -> Returned: 701
	[TornadoVM-PTX-JNI] ERROR : cuLaunchKernel -> Returned: 701
	[TornadoVM-PTX-JNI] ERROR : cuLaunchKernel -> Returned: 701
	[TornadoVM-PTX-JNI] ERROR : cuLaunchKernel -> Returned: 701
	[TornadoVM-PTX-JNI] ERROR : cuLaunchKernel -> Returned: 701
	[TornadoVM-PTX-JNI] ERROR : cuLaunchKernel -> Returned: 701
	[TornadoVM-PTX-JNI] ERROR : cuLaunchKernel -> Returned: 701
	[TornadoVM-PTX-JNI] ERROR : cuLaunchKernel -> Returned: 701
	[TornadoVM-PTX-JNI] ERROR : cuLaunchKernel -> Returned: 701
	[TornadoVM-PTX-JNI] ERROR : cuLaunchKernel -> Returned: 701
	[TornadoVM-PTX-JNI] ERROR : cuLaunchKernel -> Returned: 701
	[TornadoVM-PTX-JNI] ERROR : cuLaunchKernel -> Returned: 701
[GATHER] call=10000 totalDirty=0 maxThread=0 cumAvg=13.1 cumMaxPerThread=4
	[TornadoVM-PTX-JNI] ERROR : cuLaunchKernel -> Returned: 701
	[TornadoVM-PTX-JNI] ERROR : cuLaunchKernel -> Returned: 701
	[TornadoVM-PTX-JNI] ERROR : cuLaunchKernel -> Returned: 701
	[TornadoVM-PTX-JNI] ERROR : cuLaunchKernel -> Returned: 701
	[TornadoVM-PTX-JNI] ERROR : cuLaunchKernel -> Returned: 701
	[TornadoVM-PTX-JNI] ERROR : cuLaunchKernel -> Returned: 701
	[TornadoVM-PTX-JNI] ERROR : cuLaunchKernel -> Returned: 701
	[TornadoVM-PTX-JNI] ERROR : cuLaunchKernel -> Returned: 701
	[TornadoVM-PTX-JNI] ERROR : cuLaunchKernel -> Returned: 701
	[TornadoVM-PTX-JNI] ERROR : cuLaunchKernel -> Returned: 701
	[TornadoVM-PTX-JNI] ERROR : cuLaunchKernel -> Returned: 701
	[TornadoVM-PTX-JNI] ERROR : cuLaunchKernel -> Returned: 701
	[TornadoVM-PTX-JNI] ERROR : cuLaunchKernel -> Returned: 701
	[TornadoVM-PTX-JNI] ERROR : cuLaunchKernel -> Returned: 701
	[TornadoVM-PTX-JNI] ERROR : cuLaunchKernel -> Returned: 701
	[TornadoVM-PTX-JNI] ERROR : cuLaunchKernel -> Returned: 701
	[TornadoVM-PTX-JNI] ERROR : cuLaunchKernel -> Returned: 701
	[TornadoVM-PTX-JNI] ERROR : cuLaunchKernel -> Returned: 701
	[TornadoVM-PTX-JNI] ERROR : cuLaunchKernel -> Returned: 701
	[TornadoVM-PTX-JNI] ERROR : cuLaunchKernel -> Returned: 701
	[TornadoVM-PTX-JNI] ERROR : cuLaunchKernel -> Returned: 701
	[TornadoVM-PTX-JNI] ERROR : cuLaunchKernel -> Returned: 701
	[TornadoVM-PTX-JNI] ERROR : cuLaunchKernel -> Returned: 701
	[TornadoVM-PTX-JNI] ERROR : cuLaunchKernel -> Returned: 701
	[TornadoVM-PTX-JNI] ERROR : cuLaunchKernel -> Returned: 701
	[TornadoVM-PTX-JNI] ERROR : cuLaunchKernel -> Returned: 701
	[TornadoVM-PTX-JNI] ERROR : cuLaunchKernel -> Returned: 701
	[TornadoVM-PTX-JNI] ERROR : cuLaunchKernel -> Returned: 701
	[TornadoVM-PTX-JNI] ERROR : cuLaunchKernel -> Returned: 701
	[TornadoVM-PTX-JNI] ERROR : cuLaunchKernel -> Returned: 701
	[TornadoVM-PTX-JNI] ERROR : cuLaunchKernel -> Returned: 701
	[TornadoVM-PTX-JNI] ERROR : cuLaunchKernel -> Returned: 701
	[TornadoVM-PTX-JNI] ERROR : cuLaunchKernel -> Returned: 701
	[TornadoVM-PTX-JNI] ERROR : cuLaunchKernel -> Returned: 701
	[TornadoVM-PTX-JNI] ERROR : cuLaunchKernel -> Returned: 701
	[TornadoVM-PTX-JNI] ERROR : cuLaunchKernel -> Returned: 701
	[TornadoVM-PTX-JNI] ERROR : cuLaunchKernel -> Returned: 701
	[TornadoVM-PTX-JNI] ERROR : cuLaunchKernel -> Returned: 701
	[TornadoVM-PTX-JNI] ERROR : cuLaunchKernel -> Returned: 701
	[TornadoVM-PTX-JNI] ERROR : cuLaunchKernel -> Returned: 701
	[TornadoVM-PTX-JNI] ERROR : cuLaunchKernel -> Returned: 701
	[TornadoVM-PTX-JNI] ERROR : cuLaunchKernel -> Returned: 701
	[TornadoVM-PTX-JNI] ERROR : cuLaunchKernel -> Returned: 701
	[TornadoVM-PTX-JNI] ERROR : cuLaunchKernel -> Returned: 701
	[TornadoVM-PTX-JNI] ERROR : cuLaunchKernel -> Returned: 701
	[TornadoVM-PTX-JNI] ERROR : cuLaunchKernel -> Returned: 701
	[TornadoVM-PTX-JNI] ERROR : cuLaunchKernel -> Returned: 701
	[TornadoVM-PTX-JNI] ERROR : cuLaunchKernel -> Returned: 701
	[TornadoVM-PTX-JNI] ERROR : cuLaunchKernel -> Returned: 701
	[TornadoVM-PTX-JNI] ERROR : cuLaunchKernel -> Returned: 701
	[TornadoVM-PTX-JNI] ERROR : cuLaunchKernel -> Returned: 701
	[TornadoVM-PTX-JNI] ERROR : cuLaunchKernel -> Returned: 701
	[TornadoVM-PTX-JNI] ERROR : cuLaunchKernel -> Returned: 701
	[TornadoVM-PTX-JNI] ERROR : cuLaunchKernel -> Returned: 701
	[TornadoVM-PTX-JNI] ERROR : cuLaunchKernel -> Returned: 701
	[TornadoVM-PTX-JNI] ERROR : cuLaunchKernel -> Returned: 701
	[TornadoVM-PTX-JNI] ERROR : cuLaunchKernel -> Returned: 701
	[TornadoVM-PTX-JNI] ERROR : cuLaunchKernel -> Returned: 701
	[TornadoVM-PTX-JNI] ERROR : cuLaunchKernel -> Returned: 701
	[TornadoVM-PTX-JNI] ERROR : cuLaunchKernel -> Returned: 701
	[TornadoVM-PTX-JNI] ERROR : cuLaunchKernel -> Returned: 701
	[TornadoVM-PTX-JNI] ERROR : cuLaunchKernel -> Returned: 701
	[TornadoVM-PTX-JNI] ERROR : cuLaunchKernel -> Returned: 701
	[TornadoVM-PTX-JNI] ERROR : cuLaunchKernel -> Returned: 701
	[TornadoVM-PTX-JNI] ERROR : cuLaunchKernel -> Returned: 701
	[TornadoVM-PTX-JNI] ERROR : cuLaunchKernel -> Returned: 701
	[TornadoVM-PTX-JNI] ERROR : cuLaunchKernel -> Returned: 701
	[TornadoVM-PTX-JNI] ERROR : cuLaunchKernel -> Returned: 701
	[TornadoVM-PTX-JNI] ERROR : cuLaunchKernel -> Returned: 701
	[TornadoVM-PTX-JNI] ERROR : cuLaunchKernel -> Returned: 701
	[TornadoVM-PTX-JNI] ERROR : cuLaunchKernel -> Returned: 701
	[TornadoVM-PTX-JNI] ERROR : cuLaunchKernel -> Returned: 701
	[TornadoVM-PTX-JNI] ERROR : cuLaunchKernel -> Returned: 701
	[TornadoVM-PTX-JNI] ERROR : cuLaunchKernel -> Returned: 701
	[TornadoVM-PTX-JNI] ERROR : cuLaunchKernel -> Returned: 701
	[TornadoVM-PTX-JNI] ERROR : cuLaunchKernel -> Returned: 701
	[TornadoVM-PTX-JNI] ERROR : cuLaunchKernel -> Returned: 701
	[TornadoVM-PTX-JNI] ERROR : cuLaunchKernel -> Returned: 701
	[TornadoVM-PTX-JNI] ERROR : cuLaunchKernel -> Returned: 701
	[TornadoVM-PTX-JNI] ERROR : cuLaunchKernel -> Returned: 701
	[TornadoVM-PTX-JNI] ERROR : cuLaunchKernel -> Returned: 701
	[TornadoVM-PTX-JNI] ERROR : cuLaunchKernel -> Returned: 701
	[TornadoVM-PTX-JNI] ERROR : cuLaunchKernel -> Returned: 701
	[TornadoVM-PTX-JNI] ERROR : cuLaunchKernel -> Returned: 701
	[TornadoVM-PTX-JNI] ERROR : cuLaunchKernel -> Returned: 701
	[TornadoVM-PTX-JNI] ERROR : cuLaunchKernel -> Returned: 701
	[TornadoVM-PTX-JNI] ERROR : cuLaunchKernel -> Returned: 701
	[TornadoVM-PTX-JNI] ERROR : cuLaunchKernel -> Returned: 701
	[TornadoVM-PTX-JNI] ERROR : cuLaunchKernel -> Returned: 701
	[TornadoVM-PTX-JNI] ERROR : cuLaunchKernel -> Returned: 701
	[TornadoVM-PTX-JNI] ERROR : cuLaunchKernel -> Returned: 701
	[TornadoVM-PTX-JNI] ERROR : cuLaunchKernel -> Returned: 701
	[TornadoVM-PTX-JNI] ERROR : cuLaunchKernel -> Returned: 701
	[TornadoVM-PTX-JNI] ERROR : cuLaunchKernel -> Returned: 701
	[TornadoVM-PTX-JNI] ERROR : cuLaunchKernel -> Returned: 701
	[TornadoVM-PTX-JNI] ERROR : cuLaunchKernel -> Returned: 701
	[TornadoVM-PTX-JNI] ERROR : cuLaunchKernel -> Returned: 701
	[TornadoVM-PTX-JNI] ERROR : cuLaunchKernel -> Returned: 701
	[TornadoVM-PTX-JNI] ERROR : cuLaunchKernel -> Returned: 701
	[TornadoVM-PTX-JNI] ERROR : cuLaunchKernel -> Returned: 701
	[TornadoVM-PTX-JNI] ERROR : cuLaunchKernel -> Returned: 701
	[TornadoVM-PTX-JNI] ERROR : cuLaunchKernel -> Returned: 701
	[TornadoVM-PTX-JNI] ERROR : cuLaunchKernel -> Returned: 701
	[TornadoVM-PTX-JNI] ERROR : cuLaunchKernel -> Returned: 701
	[TornadoVM-PTX-JNI] ERROR : cuLaunchKernel -> Returned: 701
	[TornadoVM-PTX-JNI] ERROR : cuLaunchKernel -> Returned: 701
	[TornadoVM-PTX-JNI] ERROR : cuLaunchKernel -> Returned: 701
	[TornadoVM-PTX-JNI] ERROR : cuLaunchKernel -> Returned: 701
	[TornadoVM-PTX-JNI] ERROR : cuLaunchKernel -> Returned: 701
	[TornadoVM-PTX-JNI] ERROR : cuLaunchKernel -> Returned: 701
	[TornadoVM-PTX-JNI] ERROR : cuLaunchKernel -> Returned: 701
	[TornadoVM-PTX-JNI] ERROR : cuLaunchKernel -> Returned: 701
	[TornadoVM-PTX-JNI] ERROR : cuLaunchKernel -> Returned: 701
	[TornadoVM-PTX-JNI] ERROR : cuLaunchKernel -> Returned: 701
	[TornadoVM-PTX-JNI] ERROR : cuLaunchKernel -> Returned: 701
	[TornadoVM-PTX-JNI] ERROR : cuLaunchKernel -> Returned: 701
	[TornadoVM-PTX-JNI] ERROR : cuLaunchKernel -> Returned: 701
	[TornadoVM-PTX-JNI] ERROR : cuLaunchKernel -> Returned: 701
	[TornadoVM-PTX-JNI] ERROR : cuLaunchKernel -> Returned: 701
	[TornadoVM-PTX-JNI] ERROR : cuLaunchKernel -> Returned: 701
	[TornadoVM-PTX-JNI] ERROR : cuLaunchKernel -> Returned: 701
	[TornadoVM-PTX-JNI] ERROR : cuLaunchKernel -> Returned: 701
	[TornadoVM-PTX-JNI] ERROR : cuLaunchKernel -> Returned: 701
	[TornadoVM-PTX-JNI] ERROR : cuLaunchKernel -> Returned: 701
	[TornadoVM-PTX-JNI] ERROR : cuLaunchKernel -> Returned: 701
	[TornadoVM-PTX-JNI] ERROR : cuLaunchKernel -> Returned: 701
	[TornadoVM-PTX-JNI] ERROR : cuLaunchKernel -> Returned: 701
	[TornadoVM-PTX-JNI] ERROR : cuLaunchKernel -> Returned: 701
	[TornadoVM-PTX-JNI] ERROR : cuLaunchKernel -> Returned: 701
	[TornadoVM-PTX-JNI] ERROR : cuLaunchKernel -> Returned: 701
	[TornadoVM-PTX-JNI] ERROR : cuLaunchKernel -> Returned: 701
	[TornadoVM-PTX-JNI] ERROR : cuLaunchKernel -> Returned: 701
	[TornadoVM-PTX-JNI] ERROR : cuLaunchKernel -> Returned: 701
	[TornadoVM-PTX-JNI] ERROR : cuLaunchKernel -> Returned: 701
	[TornadoVM-PTX-JNI] ERROR : cuLaunchKernel -> Returned: 701
	[TornadoVM-PTX-JNI] ERROR : cuLaunchKernel -> Returned: 701
	[TornadoVM-PTX-JNI] ERROR : cuLaunchKernel -> Returned: 701
	[TornadoVM-PTX-JNI] ERROR : cuLaunchKernel -> Returned: 701
	[TornadoVM-PTX-JNI] ERROR : cuLaunchKernel -> Returned: 701
	[TornadoVM-PTX-JNI] ERROR : cuLaunchKernel -> Returned: 701
	[TornadoVM-PTX-JNI] ERROR : cuLaunchKernel -> Returned: 701
	[TornadoVM-PTX-JNI] ERROR : cuLaunchKernel -> Returned: 701
	[TornadoVM-PTX-JNI] ERROR : cuLaunchKernel -> Returned: 701
	[TornadoVM-PTX-JNI] ERROR : cuLaunchKernel -> Returned: 701
	[TornadoVM-PTX-JNI] ERROR : cuLaunchKernel -> Returned: 701
	[TornadoVM-PTX-JNI] ERROR : cuLaunchKernel -> Returned: 701
	[TornadoVM-PTX-JNI] ERROR : cuLaunchKernel -> Returned: 701
	[TornadoVM-PTX-JNI] ERROR : cuLaunchKernel -> Returned: 701
	[TornadoVM-PTX-JNI] ERROR : cuLaunchKernel -> Returned: 701
	[TornadoVM-PTX-JNI] ERROR : cuLaunchKernel -> Returned: 701
	[TornadoVM-PTX-JNI] ERROR : cuLaunchKernel -> Returned: 701
	[TornadoVM-PTX-JNI] ERROR : cuLaunchKernel -> Returned: 701
	[TornadoVM-PTX-JNI] ERROR : cuLaunchKernel -> Returned: 701
	[TornadoVM-PTX-JNI] ERROR : cuLaunchKernel -> Returned: 701
	[TornadoVM-PTX-JNI] ERROR : cuLaunchKernel -> Returned: 701
	[TornadoVM-PTX-JNI] ERROR : cuLaunchKernel -> Returned: 701
	[TornadoVM-PTX-JNI] ERROR : cuLaunchKernel -> Returned: 701
	[TornadoVM-PTX-JNI] ERROR : cuLaunchKernel -> Returned: 701
	[TornadoVM-PTX-JNI] ERROR : cuLaunchKernel -> Returned: 701
	[TornadoVM-PTX-JNI] ERROR : cuLaunchKernel -> Returned: 701
	[TornadoVM-PTX-JNI] ERROR : cuLaunchKernel -> Returned: 701
	[TornadoVM-PTX-JNI] ERROR : cuLaunchKernel -> Returned: 701
	[TornadoVM-PTX-JNI] ERROR : cuLaunchKernel -> Returned: 701
	[TornadoVM-PTX-JNI] ERROR : cuLaunchKernel -> Returned: 701
	[TornadoVM-PTX-JNI] ERROR : cuLaunchKernel -> Returned: 701
	[TornadoVM-PTX-JNI] ERROR : cuLaunchKernel -> Returned: 701
	[TornadoVM-PTX-JNI] ERROR : cuLaunchKernel -> Returned: 701
	[TornadoVM-PTX-JNI] ERROR : cuLaunchKernel -> Returned: 701
	[TornadoVM-PTX-JNI] ERROR : cuLaunchKernel -> Returned: 701
	[TornadoVM-PTX-JNI] ERROR : cuLaunchKernel -> Returned: 701
	[TornadoVM-PTX-JNI] ERROR : cuLaunchKernel -> Returned: 701
	[TornadoVM-PTX-JNI] ERROR : cuLaunchKernel -> Returned: 701
	[TornadoVM-PTX-JNI] ERROR : cuLaunchKernel -> Returned: 701
	[TornadoVM-PTX-JNI] ERROR : cuLaunchKernel -> Returned: 701
	[TornadoVM-PTX-JNI] ERROR : cuLaunchKernel -> Returned: 701
	[TornadoVM-PTX-JNI] ERROR : cuLaunchKernel -> Returned: 701
	[TornadoVM-PTX-JNI] ERROR : cuLaunchKernel -> Returned: 701
	[TornadoVM-PTX-JNI] ERROR : cuLaunchKernel -> Returned: 701
	[TornadoVM-PTX-JNI] ERROR : cuLaunchKernel -> Returned: 701
	[TornadoVM-PTX-JNI] ERROR : cuLaunchKernel -> Returned: 701
	[TornadoVM-PTX-JNI] ERROR : cuLaunchKernel -> Returned: 701
	[TornadoVM-PTX-JNI] ERROR : cuLaunchKernel -> Returned: 701
	[TornadoVM-PTX-JNI] ERROR : cuLaunchKernel -> Returned: 701
	[TornadoVM-PTX-JNI] ERROR : cuLaunchKernel -> Returned: 701
	[TornadoVM-PTX-JNI] ERROR : cuLaunchKernel -> Returned: 701
	[TornadoVM-PTX-JNI] ERROR : cuLaunchKernel -> Returned: 701
	[TornadoVM-PTX-JNI] ERROR : cuLaunchKernel -> Returned: 701
	[TornadoVM-PTX-JNI] ERROR : cuLaunchKernel -> Returned: 701
	[TornadoVM-PTX-JNI] ERROR : cuLaunchKernel -> Returned: 701
	[TornadoVM-PTX-JNI] ERROR : cuLaunchKernel -> Returned: 701
	[TornadoVM-PTX-JNI] ERROR : cuLaunchKernel -> Returned: 701
	[TornadoVM-PTX-JNI] ERROR : cuLaunchKernel -> Returned: 701
	[TornadoVM-PTX-JNI] ERROR : cuLaunchKernel -> Returned: 701
	[TornadoVM-PTX-JNI] ERROR : cuLaunchKernel -> Returned: 701
	[TornadoVM-PTX-JNI] ERROR : cuLaunchKernel -> Returned: 701
	[TornadoVM-PTX-JNI] ERROR : cuLaunchKernel -> Returned: 701
	[TornadoVM-PTX-JNI] ERROR : cuLaunchKernel -> Returned: 701
	[TornadoVM-PTX-JNI] ERROR : cuLaunchKernel -> Returned: 701
	[TornadoVM-PTX-JNI] ERROR : cuLaunchKernel -> Returned: 701
	[TornadoVM-PTX-JNI] ERROR : cuLaunchKernel -> Returned: 701
	[TornadoVM-PTX-JNI] ERROR : cuLaunchKernel -> Returned: 701
	[TornadoVM-PTX-JNI] ERROR : cuLaunchKernel -> Returned: 701
	[TornadoVM-PTX-JNI] ERROR : cuLaunchKernel -> Returned: 701
	[TornadoVM-PTX-JNI] ERROR : cuLaunchKernel -> Returned: 701
	[TornadoVM-PTX-JNI] ERROR : cuLaunchKernel -> Returned: 701
	[TornadoVM-PTX-JNI] ERROR : cuLaunchKernel -> Returned: 701
	[TornadoVM-PTX-JNI] ERROR : cuLaunchKernel -> Returned: 701
	[TornadoVM-PTX-JNI] ERROR : cuLaunchKernel -> Returned: 701
	[TornadoVM-PTX-JNI] ERROR : cuLaunchKernel -> Returned: 701
	[TornadoVM-PTX-JNI] ERROR : cuLaunchKernel -> Returned: 701
	[TornadoVM-PTX-JNI] ERROR : cuLaunchKernel -> Returned: 701
	[TornadoVM-PTX-JNI] ERROR : cuLaunchKernel -> Returned: 701
	[TornadoVM-PTX-JNI] ERROR : cuLaunchKernel -> Returned: 701
	[TornadoVM-PTX-JNI] ERROR : cuLaunchKernel -> Returned: 701
	[TornadoVM-PTX-JNI] ERROR : cuLaunchKernel -> Returned: 701
	[TornadoVM-PTX-JNI] ERROR : cuLaunchKernel -> Returned: 701
	[TornadoVM-PTX-JNI] ERROR : cuLaunchKernel -> Returned: 701
	[TornadoVM-PTX-JNI] ERROR : cuLaunchKernel -> Returned: 701
	[TornadoVM-PTX-JNI] ERROR : cuLaunchKernel -> Returned: 701
	[TornadoVM-PTX-JNI] ERROR : cuLaunchKernel -> Returned: 701
	[TornadoVM-PTX-JNI] ERROR : cuLaunchKernel -> Returned: 701
	[TornadoVM-PTX-JNI] ERROR : cuLaunchKernel -> Returned: 701
	[TornadoVM-PTX-JNI] ERROR : cuLaunchKernel -> Returned: 701
	[TornadoVM-PTX-JNI] ERROR : cuLaunchKernel -> Returned: 701
	[TornadoVM-PTX-JNI] ERROR : cuLaunchKernel -> Returned: 701
	[TornadoVM-PTX-JNI] ERROR : cuLaunchKernel -> Returned: 701
	[TornadoVM-PTX-JNI] ERROR : cuLaunchKernel -> Returned: 701
	[TornadoVM-PTX-JNI] ERROR : cuLaunchKernel -> Returned: 701
	[TornadoVM-PTX-JNI] ERROR : cuLaunchKernel -> Returned: 701
	[TornadoVM-PTX-JNI] ERROR : cuLaunchKernel -> Returned: 701
	[TornadoVM-PTX-JNI] ERROR : cuLaunchKernel -> Returned: 701
	[TornadoVM-PTX-JNI] ERROR : cuLaunchKernel -> Returned: 701
	[TornadoVM-PTX-JNI] ERROR : cuLaunchKernel -> Returned: 701
	[TornadoVM-PTX-JNI] ERROR : cuLaunchKernel -> Returned: 701
	[TornadoVM-PTX-JNI] ERROR : cuLaunchKernel -> Returned: 701
	[TornadoVM-PTX-JNI] ERROR : cuLaunchKernel -> Returned: 701
	[TornadoVM-PTX-JNI] ERROR : cuLaunchKernel -> Returned: 701
	[TornadoVM-PTX-JNI] ERROR : cuLaunchKernel -> Returned: 701
	[TornadoVM-PTX-JNI] ERROR : cuLaunchKernel -> Returned: 701
	[TornadoVM-PTX-JNI] ERROR : cuLaunchKernel -> Returned: 701
	[TornadoVM-PTX-JNI] ERROR : cuLaunchKernel -> Returned: 701
	[TornadoVM-PTX-JNI] ERROR : cuLaunchKernel -> Returned: 701
	[TornadoVM-PTX-JNI] ERROR : cuLaunchKernel -> Returned: 701
	[TornadoVM-PTX-JNI] ERROR : cuLaunchKernel -> Returned: 701
	[TornadoVM-PTX-JNI] ERROR : cuLaunchKernel -> Returned: 701
	[TornadoVM-PTX-JNI] ERROR : cuLaunchKernel -> Returned: 701
	[TornadoVM-PTX-JNI] ERROR : cuLaunchKernel -> Returned: 701
	[TornadoVM-PTX-JNI] ERROR : cuLaunchKernel -> Returned: 701
	[TornadoVM-PTX-JNI] ERROR : cuLaunchKernel -> Returned: 701
	[TornadoVM-PTX-JNI] ERROR : cuLaunchKernel -> Returned: 701
	[TornadoVM-PTX-JNI] ERROR : cuLaunchKernel -> Returned: 701
	[TornadoVM-PTX-JNI] ERROR : cuLaunchKernel -> Returned: 701
	[TornadoVM-PTX-JNI] ERROR : cuLaunchKernel -> Returned: 701
	[TornadoVM-PTX-JNI] ERROR : cuLaunchKernel -> Returned: 701
	[TornadoVM-PTX-JNI] ERROR : cuLaunchKernel -> Returned: 701
	[TornadoVM-PTX-JNI] ERROR : cuLaunchKernel -> Returned: 701
	[TornadoVM-PTX-JNI] ERROR : cuLaunchKernel -> Returned: 701
	[TornadoVM-PTX-JNI] ERROR : cuLaunchKernel -> Returned: 701
	[TornadoVM-PTX-JNI] ERROR : cuLaunchKernel -> Returned: 701
	[TornadoVM-PTX-JNI] ERROR : cuLaunchKernel -> Returned: 701
	[TornadoVM-PTX-JNI] ERROR : cuLaunchKernel -> Returned: 701
	[TornadoVM-PTX-JNI] ERROR : cuLaunchKernel -> Returned: 701
	[TornadoVM-PTX-JNI] ERROR : cuLaunchKernel -> Returned: 701
	[TornadoVM-PTX-JNI] ERROR : cuLaunchKernel -> Returned: 701
	[TornadoVM-PTX-JNI] ERROR : cuLaunchKernel -> Returned: 701
	[TornadoVM-PTX-JNI] ERROR : cuLaunchKernel -> Returned: 701
	[TornadoVM-PTX-JNI] ERROR : cuLaunchKernel -> Returned: 701
	[TornadoVM-PTX-JNI] ERROR : cuLaunchKernel -> Returned: 701
	[TornadoVM-PTX-JNI] ERROR : cuLaunchKernel -> Returned: 701
	[TornadoVM-PTX-JNI] ERROR : cuLaunchKernel -> Returned: 701
	[TornadoVM-PTX-JNI] ERROR : cuLaunchKernel -> Returned: 701
	[TornadoVM-PTX-JNI] ERROR : cuLaunchKernel -> Returned: 701
	[TornadoVM-PTX-JNI] ERROR : cuLaunchKernel -> Returned: 701
	[TornadoVM-PTX-JNI] ERROR : cuLaunchKernel -> Returned: 701
	[TornadoVM-PTX-JNI] ERROR : cuLaunchKernel -> Returned: 701
	[TornadoVM-PTX-JNI] ERROR : cuLaunchKernel -> Returned: 701
	[TornadoVM-PTX-JNI] ERROR : cuLaunchKernel -> Returned: 701
	[TornadoVM-PTX-JNI] ERROR : cuLaunchKernel -> Returned: 701
	[TornadoVM-PTX-JNI] ERROR : cuLaunchKernel -> Returned: 701
	[TornadoVM-PTX-JNI] ERROR : cuLaunchKernel -> Returned: 701
	[TornadoVM-PTX-JNI] ERROR : cuLaunchKernel -> Returned: 701
	[TornadoVM-PTX-JNI] ERROR : cuLaunchKernel -> Returned: 701
	[TornadoVM-PTX-JNI] ERROR : cuLaunchKernel -> Returned: 701
	[TornadoVM-PTX-JNI] ERROR : cuLaunchKernel -> Returned: 701
	[TornadoVM-PTX-JNI] ERROR : cuLaunchKernel -> Returned: 701
	[TornadoVM-PTX-JNI] ERROR : cuLaunchKernel -> Returned: 701
	[TornadoVM-PTX-JNI] ERROR : cuLaunchKernel -> Returned: 701
	[TornadoVM-PTX-JNI] ERROR : cuLaunchKernel -> Returned: 701
	[TornadoVM-PTX-JNI] ERROR : cuLaunchKernel -> Returned: 701
	[TornadoVM-PTX-JNI] ERROR : cuLaunchKernel -> Returned: 701
	[TornadoVM-PTX-JNI] ERROR : cuLaunchKernel -> Returned: 701
	[TornadoVM-PTX-JNI] ERROR : cuLaunchKernel -> Returned: 701
	[TornadoVM-PTX-JNI] ERROR : cuLaunchKernel -> Returned: 701
	[TornadoVM-PTX-JNI] ERROR : cuLaunchKernel -> Returned: 701
	[TornadoVM-PTX-JNI] ERROR : cuLaunchKernel -> Returned: 701
	[TornadoVM-PTX-JNI] ERROR : cuLaunchKernel -> Returned: 701
	[TornadoVM-PTX-JNI] ERROR : cuLaunchKernel -> Returned: 701
	[TornadoVM-PTX-JNI] ERROR : cuLaunchKernel -> Returned: 701
	[TornadoVM-PTX-JNI] ERROR : cuLaunchKernel -> Returned: 701
	[TornadoVM-PTX-JNI] ERROR : cuLaunchKernel -> Returned: 701
	[TornadoVM-PTX-JNI] ERROR : cuLaunchKernel -> Returned: 701
	[TornadoVM-PTX-JNI] ERROR : cuLaunchKernel -> Returned: 701
	[TornadoVM-PTX-JNI] ERROR : cuLaunchKernel -> Returned: 701
	[TornadoVM-PTX-JNI] ERROR : cuLaunchKernel -> Returned: 701
	[TornadoVM-PTX-JNI] ERROR : cuLaunchKernel -> Returned: 701
	[TornadoVM-PTX-JNI] ERROR : cuLaunchKernel -> Returned: 701
	[TornadoVM-PTX-JNI] ERROR : cuLaunchKernel -> Returned: 701
	[TornadoVM-PTX-JNI] ERROR : cuLaunchKernel -> Returned: 701
	[TornadoVM-PTX-JNI] ERROR : cuLaunchKernel -> Returned: 701
	[TornadoVM-PTX-JNI] ERROR : cuLaunchKernel -> Returned: 701
	[TornadoVM-PTX-JNI] ERROR : cuLaunchKernel -> Returned: 701
	[TornadoVM-PTX-JNI] ERROR : cuLaunchKernel -> Returned: 701
	[TornadoVM-PTX-JNI] ERROR : cuLaunchKernel -> Returned: 701
	[TornadoVM-PTX-JNI] ERROR : cuLaunchKernel -> Returned: 701
	[TornadoVM-PTX-JNI] ERROR : cuLaunchKernel -> Returned: 701
	[TornadoVM-PTX-JNI] ERROR : cuLaunchKernel -> Returned: 701
	[TornadoVM-PTX-JNI] ERROR : cuLaunchKernel -> Returned: 701
	[TornadoVM-PTX-JNI] ERROR : cuLaunchKernel -> Returned: 701
	[TornadoVM-PTX-JNI] ERROR : cuLaunchKernel -> Returned: 701
	[TornadoVM-PTX-JNI] ERROR : cuLaunchKernel -> Returned: 701
	[TornadoVM-PTX-JNI] ERROR : cuLaunchKernel -> Returned: 701
	[TornadoVM-PTX-JNI] ERROR : cuLaunchKernel -> Returned: 701
	[TornadoVM-PTX-JNI] ERROR : cuLaunchKernel -> Returned: 701
	[TornadoVM-PTX-JNI] ERROR : cuLaunchKernel -> Returned: 701
	[TornadoVM-PTX-JNI] ERROR : cuLaunchKernel -> Returned: 701
	[TornadoVM-PTX-JNI] ERROR : cuLaunchKernel -> Returned: 701
	[TornadoVM-PTX-JNI] ERROR : cuLaunchKernel -> Returned: 701
	[TornadoVM-PTX-JNI] ERROR : cuLaunchKernel -> Returned: 701
	[TornadoVM-PTX-JNI] ERROR : cuLaunchKernel -> Returned: 701
	[TornadoVM-PTX-JNI] ERROR : cuLaunchKernel -> Returned: 701
	[TornadoVM-PTX-JNI] ERROR : cuLaunchKernel -> Returned: 701
	[TornadoVM-PTX-JNI] ERROR : cuLaunchKernel -> Returned: 701
	[TornadoVM-PTX-JNI] ERROR : cuLaunchKernel -> Returned: 701
	[TornadoVM-PTX-JNI] ERROR : cuLaunchKernel -> Returned: 701
	[TornadoVM-PTX-JNI] ERROR : cuLaunchKernel -> Returned: 701
	[TornadoVM-PTX-JNI] ERROR : cuLaunchKernel -> Returned: 701
	[TornadoVM-PTX-JNI] ERROR : cuLaunchKernel -> Returned: 701
	[TornadoVM-PTX-JNI] ERROR : cuLaunchKernel -> Returned: 701
	[TornadoVM-PTX-JNI] ERROR : cuLaunchKernel -> Returned: 701
	[TornadoVM-PTX-JNI] ERROR : cuLaunchKernel -> Returned: 701
	[TornadoVM-PTX-JNI] ERROR : cuLaunchKernel -> Returned: 701
	[TornadoVM-PTX-JNI] ERROR : cuLaunchKernel -> Returned: 701
	[TornadoVM-PTX-JNI] ERROR : cuLaunchKernel -> Returned: 701
	[TornadoVM-PTX-JNI] ERROR : cuLaunchKernel -> Returned: 701
	[TornadoVM-PTX-JNI] ERROR : cuLaunchKernel -> Returned: 701
	[TornadoVM-PTX-JNI] ERROR : cuLaunchKernel -> Returned: 701
	[TornadoVM-PTX-JNI] ERROR : cuLaunchKernel -> Returned: 701
	[TornadoVM-PTX-JNI] ERROR : cuLaunchKernel -> Returned: 701
	[TornadoVM-PTX-JNI] ERROR : cuLaunchKernel -> Returned: 701
	[TornadoVM-PTX-JNI] ERROR : cuLaunchKernel -> Returned: 701
	[TornadoVM-PTX-JNI] ERROR : cuLaunchKernel -> Returned: 701
	[TornadoVM-PTX-JNI] ERROR : cuLaunchKernel -> Returned: 701
	[TornadoVM-PTX-JNI] ERROR : cuLaunchKernel -> Returned: 701
	[TornadoVM-PTX-JNI] ERROR : cuLaunchKernel -> Returned: 701
	[TornadoVM-PTX-JNI] ERROR : cuLaunchKernel -> Returned: 701
	[TornadoVM-PTX-JNI] ERROR : cuLaunchKernel -> Returned: 701
	[TornadoVM-PTX-JNI] ERROR : cuLaunchKernel -> Returned: 701
	[TornadoVM-PTX-JNI] ERROR : cuLaunchKernel -> Returned: 701
	[TornadoVM-PTX-JNI] ERROR : cuLaunchKernel -> Returned: 701
	[TornadoVM-PTX-JNI] ERROR : cuLaunchKernel -> Returned: 701
	[TornadoVM-PTX-JNI] ERROR : cuLaunchKernel -> Returned: 701
	[TornadoVM-PTX-JNI] ERROR : cuLaunchKernel -> Returned: 701
	[TornadoVM-PTX-JNI] ERROR : cuLaunchKernel -> Returned: 701
	[TornadoVM-PTX-JNI] ERROR : cuLaunchKernel -> Returned: 701
	[TornadoVM-PTX-JNI] ERROR : cuLaunchKernel -> Returned: 701
	[TornadoVM-PTX-JNI] ERROR : cuLaunchKernel -> Returned: 701
	[TornadoVM-PTX-JNI] ERROR : cuLaunchKernel -> Returned: 701
	[TornadoVM-PTX-JNI] ERROR : cuLaunchKernel -> Returned: 701
	[TornadoVM-PTX-JNI] ERROR : cuLaunchKernel -> Returned: 701
	[TornadoVM-PTX-JNI] ERROR : cuLaunchKernel -> Returned: 701
	[TornadoVM-PTX-JNI] ERROR : cuLaunchKernel -> Returned: 701
	[TornadoVM-PTX-JNI] ERROR : cuLaunchKernel -> Returned: 701
	[TornadoVM-PTX-JNI] ERROR : cuLaunchKernel -> Returned: 701
	[TornadoVM-PTX-JNI] ERROR : cuLaunchKernel -> Returned: 701
	[TornadoVM-PTX-JNI] ERROR : cuLaunchKernel -> Returned: 701
	[TornadoVM-PTX-JNI] ERROR : cuLaunchKernel -> Returned: 701
	[TornadoVM-PTX-JNI] ERROR : cuLaunchKernel -> Returned: 701
	[TornadoVM-PTX-JNI] ERROR : cuLaunchKernel -> Returned: 701
	[TornadoVM-PTX-JNI] ERROR : cuLaunchKernel -> Returned: 701
	[TornadoVM-PTX-JNI] ERROR : cuLaunchKernel -> Returned: 701
	[TornadoVM-PTX-JNI] ERROR : cuLaunchKernel -> Returned: 701
	[TornadoVM-PTX-JNI] ERROR : cuLaunchKernel -> Returned: 701
	[TornadoVM-PTX-JNI] ERROR : cuLaunchKernel -> Returned: 701
	[TornadoVM-PTX-JNI] ERROR : cuLaunchKernel -> Returned: 701
	[TornadoVM-PTX-JNI] ERROR : cuLaunchKernel -> Returned: 701
	[TornadoVM-PTX-JNI] ERROR : cuLaunchKernel -> Returned: 701
	[TornadoVM-PTX-JNI] ERROR : cuLaunchKernel -> Returned: 701
	[TornadoVM-PTX-JNI] ERROR : cuLaunchKernel -> Returned: 701
	[TornadoVM-PTX-JNI] ERROR : cuLaunchKernel -> Returned: 701
	[TornadoVM-PTX-JNI] ERROR : cuLaunchKernel -> Returned: 701
	[TornadoVM-PTX-JNI] ERROR : cuLaunchKernel -> Returned: 701
	[TornadoVM-PTX-JNI] ERROR : cuLaunchKernel -> Returned: 701
	[TornadoVM-PTX-JNI] ERROR : cuLaunchKernel -> Returned: 701
	[TornadoVM-PTX-JNI] ERROR : cuLaunchKernel -> Returned: 701
	[TornadoVM-PTX-JNI] ERROR : cuLaunchKernel -> Returned: 701
	[TornadoVM-PTX-JNI] ERROR : cuLaunchKernel -> Returned: 701
	[TornadoVM-PTX-JNI] ERROR : cuLaunchKernel -> Returned: 701
	[TornadoVM-PTX-JNI] ERROR : cuLaunchKernel -> Returned: 701
	[TornadoVM-PTX-JNI] ERROR : cuLaunchKernel -> Returned: 701
	[TornadoVM-PTX-JNI] ERROR : cuLaunchKernel -> Returned: 701
	[TornadoVM-PTX-JNI] ERROR : cuLaunchKernel -> Returned: 701
	[TornadoVM-PTX-JNI] ERROR : cuLaunchKernel -> Returned: 701
	[TornadoVM-PTX-JNI] ERROR : cuLaunchKernel -> Returned: 701
	[TornadoVM-PTX-JNI] ERROR : cuLaunchKernel -> Returned: 701
	[TornadoVM-PTX-JNI] ERROR : cuLaunchKernel -> Returned: 701
	[TornadoVM-PTX-JNI] ERROR : cuLaunchKernel -> Returned: 701
	[TornadoVM-PTX-JNI] ERROR : cuLaunchKernel -> Returned: 701
	[TornadoVM-PTX-JNI] ERROR : cuLaunchKernel -> Returned: 701
	[TornadoVM-PTX-JNI] ERROR : cuLaunchKernel -> Returned: 701
	[TornadoVM-PTX-JNI] ERROR : cuLaunchKernel -> Returned: 701
	[TornadoVM-PTX-JNI] ERROR : cuLaunchKernel -> Returned: 701
	[TornadoVM-PTX-JNI] ERROR : cuLaunchKernel -> Returned: 701
	[TornadoVM-PTX-JNI] ERROR : cuLaunchKernel -> Returned: 701
	[TornadoVM-PTX-JNI] ERROR : cuLaunchKernel -> Returned: 701
	[TornadoVM-PTX-JNI] ERROR : cuLaunchKernel -> Returned: 701
	[TornadoVM-PTX-JNI] ERROR : cuLaunchKernel -> Returned: 701
	[TornadoVM-PTX-JNI] ERROR : cuLaunchKernel -> Returned: 701
	[TornadoVM-PTX-JNI] ERROR : cuLaunchKernel -> Returned: 701
	[TornadoVM-PTX-JNI] ERROR : cuLaunchKernel -> Returned: 701
	[TornadoVM-PTX-JNI] ERROR : cuLaunchKernel -> Returned: 701
	[TornadoVM-PTX-JNI] ERROR : cuLaunchKernel -> Returned: 701
	[TornadoVM-PTX-JNI] ERROR : cuLaunchKernel -> Returned: 701
	[TornadoVM-PTX-JNI] ERROR : cuLaunchKernel -> Returned: 701
	[TornadoVM-PTX-JNI] ERROR : cuLaunchKernel -> Returned: 701
	[TornadoVM-PTX-JNI] ERROR : cuLaunchKernel -> Returned: 701
	[TornadoVM-PTX-JNI] ERROR : cuLaunchKernel -> Returned: 701
	[TornadoVM-PTX-JNI] ERROR : cuLaunchKernel -> Returned: 701
	[TornadoVM-PTX-JNI] ERROR : cuLaunchKernel -> Returned: 701
	[TornadoVM-PTX-JNI] ERROR : cuLaunchKernel -> Returned: 701
	[TornadoVM-PTX-JNI] ERROR : cuLaunchKernel -> Returned: 701
	[TornadoVM-PTX-JNI] ERROR : cuLaunchKernel -> Returned: 701
	[TornadoVM-PTX-JNI] ERROR : cuLaunchKernel -> Returned: 701
	[TornadoVM-PTX-JNI] ERROR : cuLaunchKernel -> Returned: 701
	[TornadoVM-PTX-JNI] ERROR : cuLaunchKernel -> Returned: 701
	[TornadoVM-PTX-JNI] ERROR : cuLaunchKernel -> Returned: 701
	[TornadoVM-PTX-JNI] ERROR : cuLaunchKernel -> Returned: 701
	[TornadoVM-PTX-JNI] ERROR : cuLaunchKernel -> Returned: 701
	[TornadoVM-PTX-JNI] ERROR : cuLaunchKernel -> Returned: 701
	[TornadoVM-PTX-JNI] ERROR : cuLaunchKernel -> Returned: 701
	[TornadoVM-PTX-JNI] ERROR : cuLaunchKernel -> Returned: 701
	[TornadoVM-PTX-JNI] ERROR : cuLaunchKernel -> Returned: 701
	[TornadoVM-PTX-JNI] ERROR : cuLaunchKernel -> Returned: 701
	[TornadoVM-PTX-JNI] ERROR : cuLaunchKernel -> Returned: 701
	[TornadoVM-PTX-JNI] ERROR : cuLaunchKernel -> Returned: 701
	[TornadoVM-PTX-JNI] ERROR : cuLaunchKernel -> Returned: 701
	[TornadoVM-PTX-JNI] ERROR : cuLaunchKernel -> Returned: 701
	[TornadoVM-PTX-JNI] ERROR : cuLaunchKernel -> Returned: 701
	[TornadoVM-PTX-JNI] ERROR : cuLaunchKernel -> Returned: 701
	[TornadoVM-PTX-JNI] ERROR : cuLaunchKernel -> Returned: 701
	[TornadoVM-PTX-JNI] ERROR : cuLaunchKernel -> Returned: 701
	[TornadoVM-PTX-JNI] ERROR : cuLaunchKernel -> Returned: 701
	[TornadoVM-PTX-JNI] ERROR : cuLaunchKernel -> Returned: 701
	[TornadoVM-PTX-JNI] ERROR : cuLaunchKernel -> Returned: 701
	[TornadoVM-PTX-JNI] ERROR : cuLaunchKernel -> Returned: 701
	[TornadoVM-PTX-JNI] ERROR : cuLaunchKernel -> Returned: 701
	[TornadoVM-PTX-JNI] ERROR : cuLaunchKernel -> Returned: 701
	[TornadoVM-PTX-JNI] ERROR : cuLaunchKernel -> Returned: 701
	[TornadoVM-PTX-JNI] ERROR : cuLaunchKernel -> Returned: 701
	[TornadoVM-PTX-JNI] ERROR : cuLaunchKernel -> Returned: 701
	[TornadoVM-PTX-JNI] ERROR : cuLaunchKernel -> Returned: 701
	[TornadoVM-PTX-JNI] ERROR : cuLaunchKernel -> Returned: 701
	[TornadoVM-PTX-JNI] ERROR : cuLaunchKernel -> Returned: 701
	[TornadoVM-PTX-JNI] ERROR : cuLaunchKernel -> Returned: 701
	[TornadoVM-PTX-JNI] ERROR : cuLaunchKernel -> Returned: 701
	[TornadoVM-PTX-JNI] ERROR : cuLaunchKernel -> Returned: 701
	[TornadoVM-PTX-JNI] ERROR : cuLaunchKernel -> Returned: 701
	[TornadoVM-PTX-JNI] ERROR : cuLaunchKernel -> Returned: 701
	[TornadoVM-PTX-JNI] ERROR : cuLaunchKernel -> Returned: 701
	[TornadoVM-PTX-JNI] ERROR : cuLaunchKernel -> Returned: 701
	[TornadoVM-PTX-JNI] ERROR : cuLaunchKernel -> Returned: 701
	[TornadoVM-PTX-JNI] ERROR : cuLaunchKernel -> Returned: 701
	[TornadoVM-PTX-JNI] ERROR : cuLaunchKernel -> Returned: 701
	[TornadoVM-PTX-JNI] ERROR : cuLaunchKernel -> Returned: 701
	[TornadoVM-PTX-JNI] ERROR : cuLaunchKernel -> Returned: 701
	[TornadoVM-PTX-JNI] ERROR : cuLaunchKernel -> Returned: 701
	[TornadoVM-PTX-JNI] ERROR : cuLaunchKernel -> Returned: 701
	[TornadoVM-PTX-JNI] ERROR : cuLaunchKernel -> Returned: 701
	[TornadoVM-PTX-JNI] ERROR : cuLaunchKernel -> Returned: 701
	[TornadoVM-PTX-JNI] ERROR : cuLaunchKernel -> Returned: 701
	[TornadoVM-PTX-JNI] ERROR : cuLaunchKernel -> Returned: 701
	[TornadoVM-PTX-JNI] ERROR : cuLaunchKernel -> Returned: 701
	[TornadoVM-PTX-JNI] ERROR : cuLaunchKernel -> Returned: 701
	[TornadoVM-PTX-JNI] ERROR : cuLaunchKernel -> Returned: 701
	[TornadoVM-PTX-JNI] ERROR : cuLaunchKernel -> Returned: 701
	[TornadoVM-PTX-JNI] ERROR : cuLaunchKernel -> Returned: 701
	[TornadoVM-PTX-JNI] ERROR : cuLaunchKernel -> Returned: 701
	[TornadoVM-PTX-JNI] ERROR : cuLaunchKernel -> Returned: 701
	[TornadoVM-PTX-JNI] ERROR : cuLaunchKernel -> Returned: 701
	[TornadoVM-PTX-JNI] ERROR : cuLaunchKernel -> Returned: 701
	[TornadoVM-PTX-JNI] ERROR : cuLaunchKernel -> Returned: 701
	[TornadoVM-PTX-JNI] ERROR : cuLaunchKernel -> Returned: 701
	[TornadoVM-PTX-JNI] ERROR : cuLaunchKernel -> Returned: 701
	[TornadoVM-PTX-JNI] ERROR : cuLaunchKernel -> Returned: 701
	[TornadoVM-PTX-JNI] ERROR : cuLaunchKernel -> Returned: 701
	[TornadoVM-PTX-JNI] ERROR : cuLaunchKernel -> Returned: 701
	[TornadoVM-PTX-JNI] ERROR : cuLaunchKernel -> Returned: 701
	[TornadoVM-PTX-JNI] ERROR : cuLaunchKernel -> Returned: 701
	[TornadoVM-PTX-JNI] ERROR : cuLaunchKernel -> Returned: 701
	[TornadoVM-PTX-JNI] ERROR : cuLaunchKernel -> Returned: 701
	[TornadoVM-PTX-JNI] ERROR : cuLaunchKernel -> Returned: 701
[GATHER] call=11000 totalDirty=0 maxThread=0 cumAvg=13.1 cumMaxPerThread=4
	[TornadoVM-PTX-JNI] ERROR : cuLaunchKernel -> Returned: 701
	[TornadoVM-PTX-JNI] ERROR : cuLaunchKernel -> Returned: 701
	[TornadoVM-PTX-JNI] ERROR : cuLaunchKernel -> Returned: 701
	[TornadoVM-PTX-JNI] ERROR : cuLaunchKernel -> Returned: 701
	[TornadoVM-PTX-JNI] ERROR : cuLaunchKernel -> Returned: 701
	[TornadoVM-PTX-JNI] ERROR : cuLaunchKernel -> Returned: 701
	[TornadoVM-PTX-JNI] ERROR : cuLaunchKernel -> Returned: 701
	[TornadoVM-PTX-JNI] ERROR : cuLaunchKernel -> Returned: 701
	[TornadoVM-PTX-JNI] ERROR : cuLaunchKernel -> Returned: 701
	[TornadoVM-PTX-JNI] ERROR : cuLaunchKernel -> Returned: 701
	[TornadoVM-PTX-JNI] ERROR : cuLaunchKernel -> Returned: 701
	[TornadoVM-PTX-JNI] ERROR : cuLaunchKernel -> Returned: 701
	[TornadoVM-PTX-JNI] ERROR : cuLaunchKernel -> Returned: 701
	[TornadoVM-PTX-JNI] ERROR : cuLaunchKernel -> Returned: 701
	[TornadoVM-PTX-JNI] ERROR : cuLaunchKernel -> Returned: 701
	[TornadoVM-PTX-JNI] ERROR : cuLaunchKernel -> Returned: 701
	[TornadoVM-PTX-JNI] ERROR : cuLaunchKernel -> Returned: 701
	[TornadoVM-PTX-JNI] ERROR : cuLaunchKernel -> Returned: 701
	[TornadoVM-PTX-JNI] ERROR : cuLaunchKernel -> Returned: 701
	[TornadoVM-PTX-JNI] ERROR : cuLaunchKernel -> Returned: 701
	[TornadoVM-PTX-JNI] ERROR : cuLaunchKernel -> Returned: 701
	[TornadoVM-PTX-JNI] ERROR : cuLaunchKernel -> Returned: 701
	[TornadoVM-PTX-JNI] ERROR : cuLaunchKernel -> Returned: 701
	[TornadoVM-PTX-JNI] ERROR : cuLaunchKernel -> Returned: 701
	[TornadoVM-PTX-JNI] ERROR : cuLaunchKernel -> Returned: 701
	[TornadoVM-PTX-JNI] ERROR : cuLaunchKernel -> Returned: 701
	[TornadoVM-PTX-JNI] ERROR : cuLaunchKernel -> Returned: 701
	[TornadoVM-PTX-JNI] ERROR : cuLaunchKernel -> Returned: 701
	[TornadoVM-PTX-JNI] ERROR : cuLaunchKernel -> Returned: 701
	[TornadoVM-PTX-JNI] ERROR : cuLaunchKernel -> Returned: 701
	[TornadoVM-PTX-JNI] ERROR : cuLaunchKernel -> Returned: 701
	[TornadoVM-PTX-JNI] ERROR : cuLaunchKernel -> Returned: 701
	[TornadoVM-PTX-JNI] ERROR : cuLaunchKernel -> Returned: 701
	[TornadoVM-PTX-JNI] ERROR : cuLaunchKernel -> Returned: 701
	[TornadoVM-PTX-JNI] ERROR : cuLaunchKernel -> Returned: 701
	[TornadoVM-PTX-JNI] ERROR : cuLaunchKernel -> Returned: 701
	[TornadoVM-PTX-JNI] ERROR : cuLaunchKernel -> Returned: 701
	[TornadoVM-PTX-JNI] ERROR : cuLaunchKernel -> Returned: 701
	[TornadoVM-PTX-JNI] ERROR : cuLaunchKernel -> Returned: 701
	[TornadoVM-PTX-JNI] ERROR : cuLaunchKernel -> Returned: 701
	[TornadoVM-PTX-JNI] ERROR : cuLaunchKernel -> Returned: 701
	[TornadoVM-PTX-JNI] ERROR : cuLaunchKernel -> Returned: 701
	[TornadoVM-PTX-JNI] ERROR : cuLaunchKernel -> Returned: 701
	[TornadoVM-PTX-JNI] ERROR : cuLaunchKernel -> Returned: 701
	[TornadoVM-PTX-JNI] ERROR : cuLaunchKernel -> Returned: 701
	[TornadoVM-PTX-JNI] ERROR : cuLaunchKernel -> Returned: 701
	[TornadoVM-PTX-JNI] ERROR : cuLaunchKernel -> Returned: 701
	[TornadoVM-PTX-JNI] ERROR : cuLaunchKernel -> Returned: 701
	[TornadoVM-PTX-JNI] ERROR : cuLaunchKernel -> Returned: 701
	[TornadoVM-PTX-JNI] ERROR : cuLaunchKernel -> Returned: 701
	[TornadoVM-PTX-JNI] ERROR : cuLaunchKernel -> Returned: 701
	[TornadoVM-PTX-JNI] ERROR : cuLaunchKernel -> Returned: 701
	[TornadoVM-PTX-JNI] ERROR : cuLaunchKernel -> Returned: 701
	[TornadoVM-PTX-JNI] ERROR : cuLaunchKernel -> Returned: 701
	[TornadoVM-PTX-JNI] ERROR : cuLaunchKernel -> Returned: 701
	[TornadoVM-PTX-JNI] ERROR : cuLaunchKernel -> Returned: 701
	[TornadoVM-PTX-JNI] ERROR : cuLaunchKernel -> Returned: 701
	[TornadoVM-PTX-JNI] ERROR : cuLaunchKernel -> Returned: 701
	[TornadoVM-PTX-JNI] ERROR : cuLaunchKernel -> Returned: 701
	[TornadoVM-PTX-JNI] ERROR : cuLaunchKernel -> Returned: 701
	[TornadoVM-PTX-JNI] ERROR : cuLaunchKernel -> Returned: 701
	[TornadoVM-PTX-JNI] ERROR : cuLaunchKernel -> Returned: 701
	[TornadoVM-PTX-JNI] ERROR : cuLaunchKernel -> Returned: 701
	[TornadoVM-PTX-JNI] ERROR : cuLaunchKernel -> Returned: 701
	[TornadoVM-PTX-JNI] ERROR : cuLaunchKernel -> Returned: 701
	[TornadoVM-PTX-JNI] ERROR : cuLaunchKernel -> Returned: 701
	[TornadoVM-PTX-JNI] ERROR : cuLaunchKernel -> Returned: 701
	[TornadoVM-PTX-JNI] ERROR : cuLaunchKernel -> Returned: 701
	[TornadoVM-PTX-JNI] ERROR : cuLaunchKernel -> Returned: 701
	[TornadoVM-PTX-JNI] ERROR : cuLaunchKernel -> Returned: 701
	[TornadoVM-PTX-JNI] ERROR : cuLaunchKernel -> Returned: 701
	[TornadoVM-PTX-JNI] ERROR : cuLaunchKernel -> Returned: 701
	[TornadoVM-PTX-JNI] ERROR : cuLaunchKernel -> Returned: 701
	[TornadoVM-PTX-JNI] ERROR : cuLaunchKernel -> Returned: 701
	[TornadoVM-PTX-JNI] ERROR : cuLaunchKernel -> Returned: 701
	[TornadoVM-PTX-JNI] ERROR : cuLaunchKernel -> Returned: 701
	[TornadoVM-PTX-JNI] ERROR : cuLaunchKernel -> Returned: 701
	[TornadoVM-PTX-JNI] ERROR : cuLaunchKernel -> Returned: 701
	[TornadoVM-PTX-JNI] ERROR : cuLaunchKernel -> Returned: 701
	[TornadoVM-PTX-JNI] ERROR : cuLaunchKernel -> Returned: 701
	[TornadoVM-PTX-JNI] ERROR : cuLaunchKernel -> Returned: 701
	[TornadoVM-PTX-JNI] ERROR : cuLaunchKernel -> Returned: 701
	[TornadoVM-PTX-JNI] ERROR : cuLaunchKernel -> Returned: 701
	[TornadoVM-PTX-JNI] ERROR : cuLaunchKernel -> Returned: 701
	[TornadoVM-PTX-JNI] ERROR : cuLaunchKernel -> Returned: 701
	[TornadoVM-PTX-JNI] ERROR : cuLaunchKernel -> Returned: 701
	[TornadoVM-PTX-JNI] ERROR : cuLaunchKernel -> Returned: 701
	[TornadoVM-PTX-JNI] ERROR : cuLaunchKernel -> Returned: 701
	[TornadoVM-PTX-JNI] ERROR : cuLaunchKernel -> Returned: 701
	[TornadoVM-PTX-JNI] ERROR : cuLaunchKernel -> Returned: 701
	[TornadoVM-PTX-JNI] ERROR : cuLaunchKernel -> Returned: 701
	[TornadoVM-PTX-JNI] ERROR : cuLaunchKernel -> Returned: 701
	[TornadoVM-PTX-JNI] ERROR : cuLaunchKernel -> Returned: 701
	[TornadoVM-PTX-JNI] ERROR : cuLaunchKernel -> Returned: 701
	[TornadoVM-PTX-JNI] ERROR : cuLaunchKernel -> Returned: 701
	[TornadoVM-PTX-JNI] ERROR : cuLaunchKernel -> Returned: 701
	[TornadoVM-PTX-JNI] ERROR : cuLaunchKernel -> Returned: 701
	[TornadoVM-PTX-JNI] ERROR : cuLaunchKernel -> Returned: 701
	[TornadoVM-PTX-JNI] ERROR : cuLaunchKernel -> Returned: 701
	[TornadoVM-PTX-JNI] ERROR : cuLaunchKernel -> Returned: 701
	[TornadoVM-PTX-JNI] ERROR : cuLaunchKernel -> Returned: 701
	[TornadoVM-PTX-JNI] ERROR : cuLaunchKernel -> Returned: 701
	[TornadoVM-PTX-JNI] ERROR : cuLaunchKernel -> Returned: 701
	[TornadoVM-PTX-JNI] ERROR : cuLaunchKernel -> Returned: 701
	[TornadoVM-PTX-JNI] ERROR : cuLaunchKernel -> Returned: 701
	[TornadoVM-PTX-JNI] ERROR : cuLaunchKernel -> Returned: 701
	[TornadoVM-PTX-JNI] ERROR : cuLaunchKernel -> Returned: 701
	[TornadoVM-PTX-JNI] ERROR : cuLaunchKernel -> Returned: 701
	[TornadoVM-PTX-JNI] ERROR : cuLaunchKernel -> Returned: 701
	[TornadoVM-PTX-JNI] ERROR : cuLaunchKernel -> Returned: 701
	[TornadoVM-PTX-JNI] ERROR : cuLaunchKernel -> Returned: 701
	[TornadoVM-PTX-JNI] ERROR : cuLaunchKernel -> Returned: 701
	[TornadoVM-PTX-JNI] ERROR : cuLaunchKernel -> Returned: 701
	[TornadoVM-PTX-JNI] ERROR : cuLaunchKernel -> Returned: 701
	[TornadoVM-PTX-JNI] ERROR : cuLaunchKernel -> Returned: 701
	[TornadoVM-PTX-JNI] ERROR : cuLaunchKernel -> Returned: 701
	[TornadoVM-PTX-JNI] ERROR : cuLaunchKernel -> Returned: 701
	[TornadoVM-PTX-JNI] ERROR : cuLaunchKernel -> Returned: 701
	[TornadoVM-PTX-JNI] ERROR : cuLaunchKernel -> Returned: 701
	[TornadoVM-PTX-JNI] ERROR : cuLaunchKernel -> Returned: 701
	[TornadoVM-PTX-JNI] ERROR : cuLaunchKernel -> Returned: 701
	[TornadoVM-PTX-JNI] ERROR : cuLaunchKernel -> Returned: 701
	[TornadoVM-PTX-JNI] ERROR : cuLaunchKernel -> Returned: 701
	[TornadoVM-PTX-JNI] ERROR : cuLaunchKernel -> Returned: 701
	[TornadoVM-PTX-JNI] ERROR : cuLaunchKernel -> Returned: 701
	[TornadoVM-PTX-JNI] ERROR : cuLaunchKernel -> Returned: 701
	[TornadoVM-PTX-JNI] ERROR : cuLaunchKernel -> Returned: 701
	[TornadoVM-PTX-JNI] ERROR : cuLaunchKernel -> Returned: 701
	[TornadoVM-PTX-JNI] ERROR : cuLaunchKernel -> Returned: 701
	[TornadoVM-PTX-JNI] ERROR : cuLaunchKernel -> Returned: 701
	[TornadoVM-PTX-JNI] ERROR : cuLaunchKernel -> Returned: 701
	[TornadoVM-PTX-JNI] ERROR : cuLaunchKernel -> Returned: 701
	[TornadoVM-PTX-JNI] ERROR : cuLaunchKernel -> Returned: 701
	[TornadoVM-PTX-JNI] ERROR : cuLaunchKernel -> Returned: 701
	[TornadoVM-PTX-JNI] ERROR : cuLaunchKernel -> Returned: 701
	[TornadoVM-PTX-JNI] ERROR : cuLaunchKernel -> Returned: 701
	[TornadoVM-PTX-JNI] ERROR : cuLaunchKernel -> Returned: 701
	[TornadoVM-PTX-JNI] ERROR : cuLaunchKernel -> Returned: 701
	[TornadoVM-PTX-JNI] ERROR : cuLaunchKernel -> Returned: 701
	[TornadoVM-PTX-JNI] ERROR : cuLaunchKernel -> Returned: 701
	[TornadoVM-PTX-JNI] ERROR : cuLaunchKernel -> Returned: 701
	[TornadoVM-PTX-JNI] ERROR : cuLaunchKernel -> Returned: 701
	[TornadoVM-PTX-JNI] ERROR : cuLaunchKernel -> Returned: 701
	[TornadoVM-PTX-JNI] ERROR : cuLaunchKernel -> Returned: 701
	[TornadoVM-PTX-JNI] ERROR : cuLaunchKernel -> Returned: 701
	[TornadoVM-PTX-JNI] ERROR : cuLaunchKernel -> Returned: 701
	[TornadoVM-PTX-JNI] ERROR : cuLaunchKernel -> Returned: 701
	[TornadoVM-PTX-JNI] ERROR : cuLaunchKernel -> Returned: 701
	[TornadoVM-PTX-JNI] ERROR : cuLaunchKernel -> Returned: 701
	[TornadoVM-PTX-JNI] ERROR : cuLaunchKernel -> Returned: 701
	[TornadoVM-PTX-JNI] ERROR : cuLaunchKernel -> Returned: 701
	[TornadoVM-PTX-JNI] ERROR : cuLaunchKernel -> Returned: 701
	[TornadoVM-PTX-JNI] ERROR : cuLaunchKernel -> Returned: 701
	[TornadoVM-PTX-JNI] ERROR : cuLaunchKernel -> Returned: 701
	[TornadoVM-PTX-JNI] ERROR : cuLaunchKernel -> Returned: 701
	[TornadoVM-PTX-JNI] ERROR : cuLaunchKernel -> Returned: 701
	[TornadoVM-PTX-JNI] ERROR : cuLaunchKernel -> Returned: 701
	[TornadoVM-PTX-JNI] ERROR : cuLaunchKernel -> Returned: 701
	[TornadoVM-PTX-JNI] ERROR : cuLaunchKernel -> Returned: 701
	[TornadoVM-PTX-JNI] ERROR : cuLaunchKernel -> Returned: 701
	[TornadoVM-PTX-JNI] ERROR : cuLaunchKernel -> Returned: 701
	[TornadoVM-PTX-JNI] ERROR : cuLaunchKernel -> Returned: 701
	[TornadoVM-PTX-JNI] ERROR : cuLaunchKernel -> Returned: 701
	[TornadoVM-PTX-JNI] ERROR : cuLaunchKernel -> Returned: 701
	[TornadoVM-PTX-JNI] ERROR : cuLaunchKernel -> Returned: 701
	[TornadoVM-PTX-JNI] ERROR : cuLaunchKernel -> Returned: 701
	[TornadoVM-PTX-JNI] ERROR : cuLaunchKernel -> Returned: 701
	[TornadoVM-PTX-JNI] ERROR : cuLaunchKernel -> Returned: 701
	[TornadoVM-PTX-JNI] ERROR : cuLaunchKernel -> Returned: 701
	[TornadoVM-PTX-JNI] ERROR : cuLaunchKernel -> Returned: 701
	[TornadoVM-PTX-JNI] ERROR : cuLaunchKernel -> Returned: 701
	[TornadoVM-PTX-JNI] ERROR : cuLaunchKernel -> Returned: 701
	[TornadoVM-PTX-JNI] ERROR : cuLaunchKernel -> Returned: 701
	[TornadoVM-PTX-JNI] ERROR : cuLaunchKernel -> Returned: 701
	[TornadoVM-PTX-JNI] ERROR : cuLaunchKernel -> Returned: 701
	[TornadoVM-PTX-JNI] ERROR : cuLaunchKernel -> Returned: 701
	[TornadoVM-PTX-JNI] ERROR : cuLaunchKernel -> Returned: 701
	[TornadoVM-PTX-JNI] ERROR : cuLaunchKernel -> Returned: 701
	[TornadoVM-PTX-JNI] ERROR : cuLaunchKernel -> Returned: 701
	[TornadoVM-PTX-JNI] ERROR : cuLaunchKernel -> Returned: 701
	[TornadoVM-PTX-JNI] ERROR : cuLaunchKernel -> Returned: 701
	[TornadoVM-PTX-JNI] ERROR : cuLaunchKernel -> Returned: 701
	[TornadoVM-PTX-JNI] ERROR : cuLaunchKernel -> Returned: 701
	[TornadoVM-PTX-JNI] ERROR : cuLaunchKernel -> Returned: 701
	[TornadoVM-PTX-JNI] ERROR : cuLaunchKernel -> Returned: 701
	[TornadoVM-PTX-JNI] ERROR : cuLaunchKernel -> Returned: 701
	[TornadoVM-PTX-JNI] ERROR : cuLaunchKernel -> Returned: 701
	[TornadoVM-PTX-JNI] ERROR : cuLaunchKernel -> Returned: 701
	[TornadoVM-PTX-JNI] ERROR : cuLaunchKernel -> Returned: 701
	[TornadoVM-PTX-JNI] ERROR : cuLaunchKernel -> Returned: 701
	[TornadoVM-PTX-JNI] ERROR : cuLaunchKernel -> Returned: 701
	[TornadoVM-PTX-JNI] ERROR : cuLaunchKernel -> Returned: 701
	[TornadoVM-PTX-JNI] ERROR : cuLaunchKernel -> Returned: 701
	[TornadoVM-PTX-JNI] ERROR : cuLaunchKernel -> Returned: 701
	[TornadoVM-PTX-JNI] ERROR : cuLaunchKernel -> Returned: 701
	[TornadoVM-PTX-JNI] ERROR : cuLaunchKernel -> Returned: 701
	[TornadoVM-PTX-JNI] ERROR : cuLaunchKernel -> Returned: 701
	[TornadoVM-PTX-JNI] ERROR : cuLaunchKernel -> Returned: 701
	[TornadoVM-PTX-JNI] ERROR : cuLaunchKernel -> Returned: 701
	[TornadoVM-PTX-JNI] ERROR : cuLaunchKernel -> Returned: 701
	[TornadoVM-PTX-JNI] ERROR : cuLaunchKernel -> Returned: 701
	[TornadoVM-PTX-JNI] ERROR : cuLaunchKernel -> Returned: 701
	[TornadoVM-PTX-JNI] ERROR : cuLaunchKernel -> Returned: 701
	[TornadoVM-PTX-JNI] ERROR : cuLaunchKernel -> Returned: 701
	[TornadoVM-PTX-JNI] ERROR : cuLaunchKernel -> Returned: 701
	[TornadoVM-PTX-JNI] ERROR : cuLaunchKernel -> Returned: 701
	[TornadoVM-PTX-JNI] ERROR : cuLaunchKernel -> Returned: 701
	[TornadoVM-PTX-JNI] ERROR : cuLaunchKernel -> Returned: 701
	[TornadoVM-PTX-JNI] ERROR : cuLaunchKernel -> Returned: 701
	[TornadoVM-PTX-JNI] ERROR : cuLaunchKernel -> Returned: 701
	[TornadoVM-PTX-JNI] ERROR : cuLaunchKernel -> Returned: 701
	[TornadoVM-PTX-JNI] ERROR : cuLaunchKernel -> Returned: 701
	[TornadoVM-PTX-JNI] ERROR : cuLaunchKernel -> Returned: 701
	[TornadoVM-PTX-JNI] ERROR : cuLaunchKernel -> Returned: 701
	[TornadoVM-PTX-JNI] ERROR : cuLaunchKernel -> Returned: 701
	[TornadoVM-PTX-JNI] ERROR : cuLaunchKernel -> Returned: 701
	[TornadoVM-PTX-JNI] ERROR : cuLaunchKernel -> Returned: 701
	[TornadoVM-PTX-JNI] ERROR : cuLaunchKernel -> Returned: 701
	[TornadoVM-PTX-JNI] ERROR : cuLaunchKernel -> Returned: 701
	[TornadoVM-PTX-JNI] ERROR : cuLaunchKernel -> Returned: 701
	[TornadoVM-PTX-JNI] ERROR : cuLaunchKernel -> Returned: 701
	[TornadoVM-PTX-JNI] ERROR : cuLaunchKernel -> Returned: 701
	[TornadoVM-PTX-JNI] ERROR : cuLaunchKernel -> Returned: 701
	[TornadoVM-PTX-JNI] ERROR : cuLaunchKernel -> Returned: 701
	[TornadoVM-PTX-JNI] ERROR : cuLaunchKernel -> Returned: 701
	[TornadoVM-PTX-JNI] ERROR : cuLaunchKernel -> Returned: 701
	[TornadoVM-PTX-JNI] ERROR : cuLaunchKernel -> Returned: 701
	[TornadoVM-PTX-JNI] ERROR : cuLaunchKernel -> Returned: 701
	[TornadoVM-PTX-JNI] ERROR : cuLaunchKernel -> Returned: 701
	[TornadoVM-PTX-JNI] ERROR : cuLaunchKernel -> Returned: 701
	[TornadoVM-PTX-JNI] ERROR : cuLaunchKernel -> Returned: 701
	[TornadoVM-PTX-JNI] ERROR : cuLaunchKernel -> Returned: 701
	[TornadoVM-PTX-JNI] ERROR : cuLaunchKernel -> Returned: 701
	[TornadoVM-PTX-JNI] ERROR : cuLaunchKernel -> Returned: 701
	[TornadoVM-PTX-JNI] ERROR : cuLaunchKernel -> Returned: 701
	[TornadoVM-PTX-JNI] ERROR : cuLaunchKernel -> Returned: 701
	[TornadoVM-PTX-JNI] ERROR : cuLaunchKernel -> Returned: 701
	[TornadoVM-PTX-JNI] ERROR : cuLaunchKernel -> Returned: 701
	[TornadoVM-PTX-JNI] ERROR : cuLaunchKernel -> Returned: 701
	[TornadoVM-PTX-JNI] ERROR : cuLaunchKernel -> Returned: 701
	[TornadoVM-PTX-JNI] ERROR : cuLaunchKernel -> Returned: 701
	[TornadoVM-PTX-JNI] ERROR : cuLaunchKernel -> Returned: 701
	[TornadoVM-PTX-JNI] ERROR : cuLaunchKernel -> Returned: 701
	[TornadoVM-PTX-JNI] ERROR : cuLaunchKernel -> Returned: 701
	[TornadoVM-PTX-JNI] ERROR : cuLaunchKernel -> Returned: 701
	[TornadoVM-PTX-JNI] ERROR : cuLaunchKernel -> Returned: 701
	[TornadoVM-PTX-JNI] ERROR : cuLaunchKernel -> Returned: 701
	[TornadoVM-PTX-JNI] ERROR : cuLaunchKernel -> Returned: 701
	[TornadoVM-PTX-JNI] ERROR : cuLaunchKernel -> Returned: 701
	[TornadoVM-PTX-JNI] ERROR : cuLaunchKernel -> Returned: 701
	[TornadoVM-PTX-JNI] ERROR : cuLaunchKernel -> Returned: 701
	[TornadoVM-PTX-JNI] ERROR : cuLaunchKernel -> Returned: 701
	[TornadoVM-PTX-JNI] ERROR : cuLaunchKernel -> Returned: 701
	[TornadoVM-PTX-JNI] ERROR : cuLaunchKernel -> Returned: 701
	[TornadoVM-PTX-JNI] ERROR : cuLaunchKernel -> Returned: 701
	[TornadoVM-PTX-JNI] ERROR : cuLaunchKernel -> Returned: 701
	[TornadoVM-PTX-JNI] ERROR : cuLaunchKernel -> Returned: 701
	[TornadoVM-PTX-JNI] ERROR : cuLaunchKernel -> Returned: 701
	[TornadoVM-PTX-JNI] ERROR : cuLaunchKernel -> Returned: 701
	[TornadoVM-PTX-JNI] ERROR : cuLaunchKernel -> Returned: 701
	[TornadoVM-PTX-JNI] ERROR : cuLaunchKernel -> Returned: 701
	[TornadoVM-PTX-JNI] ERROR : cuLaunchKernel -> Returned: 701
	[TornadoVM-PTX-JNI] ERROR : cuLaunchKernel -> Returned: 701
	[TornadoVM-PTX-JNI] ERROR : cuLaunchKernel -> Returned: 701
	[TornadoVM-PTX-JNI] ERROR : cuLaunchKernel -> Returned: 701
	[TornadoVM-PTX-JNI] ERROR : cuLaunchKernel -> Returned: 701
	[TornadoVM-PTX-JNI] ERROR : cuLaunchKernel -> Returned: 701
	[TornadoVM-PTX-JNI] ERROR : cuLaunchKernel -> Returned: 701
	[TornadoVM-PTX-JNI] ERROR : cuLaunchKernel -> Returned: 701
	[TornadoVM-PTX-JNI] ERROR : cuLaunchKernel -> Returned: 701
	[TornadoVM-PTX-JNI] ERROR : cuLaunchKernel -> Returned: 701
	[TornadoVM-PTX-JNI] ERROR : cuLaunchKernel -> Returned: 701
	[TornadoVM-PTX-JNI] ERROR : cuLaunchKernel -> Returned: 701
	[TornadoVM-PTX-JNI] ERROR : cuLaunchKernel -> Returned: 701
	[TornadoVM-PTX-JNI] ERROR : cuLaunchKernel -> Returned: 701
	[TornadoVM-PTX-JNI] ERROR : cuLaunchKernel -> Returned: 701
	[TornadoVM-PTX-JNI] ERROR : cuLaunchKernel -> Returned: 701
	[TornadoVM-PTX-JNI] ERROR : cuLaunchKernel -> Returned: 701
	[TornadoVM-PTX-JNI] ERROR : cuLaunchKernel -> Returned: 701
	[TornadoVM-PTX-JNI] ERROR : cuLaunchKernel -> Returned: 701
	[TornadoVM-PTX-JNI] ERROR : cuLaunchKernel -> Returned: 701
	[TornadoVM-PTX-JNI] ERROR : cuLaunchKernel -> Returned: 701
	[TornadoVM-PTX-JNI] ERROR : cuLaunchKernel -> Returned: 701
	[TornadoVM-PTX-JNI] ERROR : cuLaunchKernel -> Returned: 701
	[TornadoVM-PTX-JNI] ERROR : cuLaunchKernel -> Returned: 701
	[TornadoVM-PTX-JNI] ERROR : cuLaunchKernel -> Returned: 701
	[TornadoVM-PTX-JNI] ERROR : cuLaunchKernel -> Returned: 701
	[TornadoVM-PTX-JNI] ERROR : cuLaunchKernel -> Returned: 701
	[TornadoVM-PTX-JNI] ERROR : cuLaunchKernel -> Returned: 701
	[TornadoVM-PTX-JNI] ERROR : cuLaunchKernel -> Returned: 701
	[TornadoVM-PTX-JNI] ERROR : cuLaunchKernel -> Returned: 701
	[TornadoVM-PTX-JNI] ERROR : cuLaunchKernel -> Returned: 701
	[TornadoVM-PTX-JNI] ERROR : cuLaunchKernel -> Returned: 701
	[TornadoVM-PTX-JNI] ERROR : cuLaunchKernel -> Returned: 701
	[TornadoVM-PTX-JNI] ERROR : cuLaunchKernel -> Returned: 701
	[TornadoVM-PTX-JNI] ERROR : cuLaunchKernel -> Returned: 701
	[TornadoVM-PTX-JNI] ERROR : cuLaunchKernel -> Returned: 701
	[TornadoVM-PTX-JNI] ERROR : cuLaunchKernel -> Returned: 701
	[TornadoVM-PTX-JNI] ERROR : cuLaunchKernel -> Returned: 701
	[TornadoVM-PTX-JNI] ERROR : cuLaunchKernel -> Returned: 701
	[TornadoVM-PTX-JNI] ERROR : cuLaunchKernel -> Returned: 701
	[TornadoVM-PTX-JNI] ERROR : cuLaunchKernel -> Returned: 701
	[TornadoVM-PTX-JNI] ERROR : cuLaunchKernel -> Returned: 701
	[TornadoVM-PTX-JNI] ERROR : cuLaunchKernel -> Returned: 701
	[TornadoVM-PTX-JNI] ERROR : cuLaunchKernel -> Returned: 701
	[TornadoVM-PTX-JNI] ERROR : cuLaunchKernel -> Returned: 701
	[TornadoVM-PTX-JNI] ERROR : cuLaunchKernel -> Returned: 701
	[TornadoVM-PTX-JNI] ERROR : cuLaunchKernel -> Returned: 701
	[TornadoVM-PTX-JNI] ERROR : cuLaunchKernel -> Returned: 701
	[TornadoVM-PTX-JNI] ERROR : cuLaunchKernel -> Returned: 701
	[TornadoVM-PTX-JNI] ERROR : cuLaunchKernel -> Returned: 701
	[TornadoVM-PTX-JNI] ERROR : cuLaunchKernel -> Returned: 701
	[TornadoVM-PTX-JNI] ERROR : cuLaunchKernel -> Returned: 701
	[TornadoVM-PTX-JNI] ERROR : cuLaunchKernel -> Returned: 701
	[TornadoVM-PTX-JNI] ERROR : cuLaunchKernel -> Returned: 701
	[TornadoVM-PTX-JNI] ERROR : cuLaunchKernel -> Returned: 701
	[TornadoVM-PTX-JNI] ERROR : cuLaunchKernel -> Returned: 701
	[TornadoVM-PTX-JNI] ERROR : cuLaunchKernel -> Returned: 701
	[TornadoVM-PTX-JNI] ERROR : cuLaunchKernel -> Returned: 701
	[TornadoVM-PTX-JNI] ERROR : cuLaunchKernel -> Returned: 701
	[TornadoVM-PTX-JNI] ERROR : cuLaunchKernel -> Returned: 701
	[TornadoVM-PTX-JNI] ERROR : cuLaunchKernel -> Returned: 701
	[TornadoVM-PTX-JNI] ERROR : cuLaunchKernel -> Returned: 701
	[TornadoVM-PTX-JNI] ERROR : cuLaunchKernel -> Returned: 701
	[TornadoVM-PTX-JNI] ERROR : cuLaunchKernel -> Returned: 701
	[TornadoVM-PTX-JNI] ERROR : cuLaunchKernel -> Returned: 701
	[TornadoVM-PTX-JNI] ERROR : cuLaunchKernel -> Returned: 701
	[TornadoVM-PTX-JNI] ERROR : cuLaunchKernel -> Returned: 701
	[TornadoVM-PTX-JNI] ERROR : cuLaunchKernel -> Returned: 701
	[TornadoVM-PTX-JNI] ERROR : cuLaunchKernel -> Returned: 701
	[TornadoVM-PTX-JNI] ERROR : cuLaunchKernel -> Returned: 701
	[TornadoVM-PTX-JNI] ERROR : cuLaunchKernel -> Returned: 701
	[TornadoVM-PTX-JNI] ERROR : cuLaunchKernel -> Returned: 701
	[TornadoVM-PTX-JNI] ERROR : cuLaunchKernel -> Returned: 701
	[TornadoVM-PTX-JNI] ERROR : cuLaunchKernel -> Returned: 701
	[TornadoVM-PTX-JNI] ERROR : cuLaunchKernel -> Returned: 701
	[TornadoVM-PTX-JNI] ERROR : cuLaunchKernel -> Returned: 701
	[TornadoVM-PTX-JNI] ERROR : cuLaunchKernel -> Returned: 701
	[TornadoVM-PTX-JNI] ERROR : cuLaunchKernel -> Returned: 701
	[TornadoVM-PTX-JNI] ERROR : cuLaunchKernel -> Returned: 701
	[TornadoVM-PTX-JNI] ERROR : cuLaunchKernel -> Returned: 701
	[TornadoVM-PTX-JNI] ERROR : cuLaunchKernel -> Returned: 701
	[TornadoVM-PTX-JNI] ERROR : cuLaunchKernel -> Returned: 701
	[TornadoVM-PTX-JNI] ERROR : cuLaunchKernel -> Returned: 701
	[TornadoVM-PTX-JNI] ERROR : cuLaunchKernel -> Returned: 701
	[TornadoVM-PTX-JNI] ERROR : cuLaunchKernel -> Returned: 701
	[TornadoVM-PTX-JNI] ERROR : cuLaunchKernel -> Returned: 701
	[TornadoVM-PTX-JNI] ERROR : cuLaunchKernel -> Returned: 701
	[TornadoVM-PTX-JNI] ERROR : cuLaunchKernel -> Returned: 701
	[TornadoVM-PTX-JNI] ERROR : cuLaunchKernel -> Returned: 701
	[TornadoVM-PTX-JNI] ERROR : cuLaunchKernel -> Returned: 701
	[TornadoVM-PTX-JNI] ERROR : cuLaunchKernel -> Returned: 701
	[TornadoVM-PTX-JNI] ERROR : cuLaunchKernel -> Returned: 701
	[TornadoVM-PTX-JNI] ERROR : cuLaunchKernel -> Returned: 701
	[TornadoVM-PTX-JNI] ERROR : cuLaunchKernel -> Returned: 701
	[TornadoVM-PTX-JNI] ERROR : cuLaunchKernel -> Returned: 701
	[TornadoVM-PTX-JNI] ERROR : cuLaunchKernel -> Returned: 701
	[TornadoVM-PTX-JNI] ERROR : cuLaunchKernel -> Returned: 701
	[TornadoVM-PTX-JNI] ERROR : cuLaunchKernel -> Returned: 701
	[TornadoVM-PTX-JNI] ERROR : cuLaunchKernel -> Returned: 701
	[TornadoVM-PTX-JNI] ERROR : cuLaunchKernel -> Returned: 701
	[TornadoVM-PTX-JNI] ERROR : cuLaunchKernel -> Returned: 701
	[TornadoVM-PTX-JNI] ERROR : cuLaunchKernel -> Returned: 701
	[TornadoVM-PTX-JNI] ERROR : cuLaunchKernel -> Returned: 701
	[TornadoVM-PTX-JNI] ERROR : cuLaunchKernel -> Returned: 701
	[TornadoVM-PTX-JNI] ERROR : cuLaunchKernel -> Returned: 701
	[TornadoVM-PTX-JNI] ERROR : cuLaunchKernel -> Returned: 701
	[TornadoVM-PTX-JNI] ERROR : cuLaunchKernel -> Returned: 701
	[TornadoVM-PTX-JNI] ERROR : cuLaunchKernel -> Returned: 701
	[TornadoVM-PTX-JNI] ERROR : cuLaunchKernel -> Returned: 701
	[TornadoVM-PTX-JNI] ERROR : cuLaunchKernel -> Returned: 701
	[TornadoVM-PTX-JNI] ERROR : cuLaunchKernel -> Returned: 701
	[TornadoVM-PTX-JNI] ERROR : cuLaunchKernel -> Returned: 701
	[TornadoVM-PTX-JNI] ERROR : cuLaunchKernel -> Returned: 701
	[TornadoVM-PTX-JNI] ERROR : cuLaunchKernel -> Returned: 701
	[TornadoVM-PTX-JNI] ERROR : cuLaunchKernel -> Returned: 701
	[TornadoVM-PTX-JNI] ERROR : cuLaunchKernel -> Returned: 701
	[TornadoVM-PTX-JNI] ERROR : cuLaunchKernel -> Returned: 701
	[TornadoVM-PTX-JNI] ERROR : cuLaunchKernel -> Returned: 701
	[TornadoVM-PTX-JNI] ERROR : cuLaunchKernel -> Returned: 701
	[TornadoVM-PTX-JNI] ERROR : cuLaunchKernel -> Returned: 701
	[TornadoVM-PTX-JNI] ERROR : cuLaunchKernel -> Returned: 701
	[TornadoVM-PTX-JNI] ERROR : cuLaunchKernel -> Returned: 701
	[TornadoVM-PTX-JNI] ERROR : cuLaunchKernel -> Returned: 701
	[TornadoVM-PTX-JNI] ERROR : cuLaunchKernel -> Returned: 701
	[TornadoVM-PTX-JNI] ERROR : cuLaunchKernel -> Returned: 701
	[TornadoVM-PTX-JNI] ERROR : cuLaunchKernel -> Returned: 701
	[TornadoVM-PTX-JNI] ERROR : cuLaunchKernel -> Returned: 701
	[TornadoVM-PTX-JNI] ERROR : cuLaunchKernel -> Returned: 701
	[TornadoVM-PTX-JNI] ERROR : cuLaunchKernel -> Returned: 701
	[TornadoVM-PTX-JNI] ERROR : cuLaunchKernel -> Returned: 701
	[TornadoVM-PTX-JNI] ERROR : cuLaunchKernel -> Returned: 701
	[TornadoVM-PTX-JNI] ERROR : cuLaunchKernel -> Returned: 701
	[TornadoVM-PTX-JNI] ERROR : cuLaunchKernel -> Returned: 701
	[TornadoVM-PTX-JNI] ERROR : cuLaunchKernel -> Returned: 701
	[TornadoVM-PTX-JNI] ERROR : cuLaunchKernel -> Returned: 701
	[TornadoVM-PTX-JNI] ERROR : cuLaunchKernel -> Returned: 701
	[TornadoVM-PTX-JNI] ERROR : cuLaunchKernel -> Returned: 701
	[TornadoVM-PTX-JNI] ERROR : cuLaunchKernel -> Returned: 701
	[TornadoVM-PTX-JNI] ERROR : cuLaunchKernel -> Returned: 701
	[TornadoVM-PTX-JNI] ERROR : cuLaunchKernel -> Returned: 701
	[TornadoVM-PTX-JNI] ERROR : cuLaunchKernel -> Returned: 701
	[TornadoVM-PTX-JNI] ERROR : cuLaunchKernel -> Returned: 701
	[TornadoVM-PTX-JNI] ERROR : cuLaunchKernel -> Returned: 701
	[TornadoVM-PTX-JNI] ERROR : cuLaunchKernel -> Returned: 701
	[TornadoVM-PTX-JNI] ERROR : cuLaunchKernel -> Returned: 701
	[TornadoVM-PTX-JNI] ERROR : cuLaunchKernel -> Returned: 701
	[TornadoVM-PTX-JNI] ERROR : cuLaunchKernel -> Returned: 701
	[TornadoVM-PTX-JNI] ERROR : cuLaunchKernel -> Returned: 701
	[TornadoVM-PTX-JNI] ERROR : cuLaunchKernel -> Returned: 701
	[TornadoVM-PTX-JNI] ERROR : cuLaunchKernel -> Returned: 701
	[TornadoVM-PTX-JNI] ERROR : cuLaunchKernel -> Returned: 701
	[TornadoVM-PTX-JNI] ERROR : cuLaunchKernel -> Returned: 701
	[TornadoVM-PTX-JNI] ERROR : cuLaunchKernel -> Returned: 701
	[TornadoVM-PTX-JNI] ERROR : cuLaunchKernel -> Returned: 701
	[TornadoVM-PTX-JNI] ERROR : cuLaunchKernel -> Returned: 701
	[TornadoVM-PTX-JNI] ERROR : cuLaunchKernel -> Returned: 701
	[TornadoVM-PTX-JNI] ERROR : cuLaunchKernel -> Returned: 701
	[TornadoVM-PTX-JNI] ERROR : cuLaunchKernel -> Returned: 701
	[TornadoVM-PTX-JNI] ERROR : cuLaunchKernel -> Returned: 701
	[TornadoVM-PTX-JNI] ERROR : cuLaunchKernel -> Returned: 701
	[TornadoVM-PTX-JNI] ERROR : cuLaunchKernel -> Returned: 701
	[TornadoVM-PTX-JNI] ERROR : cuLaunchKernel -> Returned: 701
	[TornadoVM-PTX-JNI] ERROR : cuLaunchKernel -> Returned: 701
	[TornadoVM-PTX-JNI] ERROR : cuLaunchKernel -> Returned: 701
	[TornadoVM-PTX-JNI] ERROR : cuLaunchKernel -> Returned: 701
	[TornadoVM-PTX-JNI] ERROR : cuLaunchKernel -> Returned: 701
	[TornadoVM-PTX-JNI] ERROR : cuLaunchKernel -> Returned: 701
	[TornadoVM-PTX-JNI] ERROR : cuLaunchKernel -> Returned: 701
	[TornadoVM-PTX-JNI] ERROR : cuLaunchKernel -> Returned: 701
	[TornadoVM-PTX-JNI] ERROR : cuLaunchKernel -> Returned: 701
	[TornadoVM-PTX-JNI] ERROR : cuLaunchKernel -> Returned: 701
	[TornadoVM-PTX-JNI] ERROR : cuLaunchKernel -> Returned: 701
	[TornadoVM-PTX-JNI] ERROR : cuLaunchKernel -> Returned: 701
	[TornadoVM-PTX-JNI] ERROR : cuLaunchKernel -> Returned: 701
	[TornadoVM-PTX-JNI] ERROR : cuLaunchKernel -> Returned: 701
	[TornadoVM-PTX-JNI] ERROR : cuLaunchKernel -> Returned: 701
	[TornadoVM-PTX-JNI] ERROR : cuLaunchKernel -> Returned: 701
	[TornadoVM-PTX-JNI] ERROR : cuLaunchKernel -> Returned: 701
	[TornadoVM-PTX-JNI] ERROR : cuLaunchKernel -> Returned: 701
	[TornadoVM-PTX-JNI] ERROR : cuLaunchKernel -> Returned: 701
	[TornadoVM-PTX-JNI] ERROR : cuLaunchKernel -> Returned: 701
	[TornadoVM-PTX-JNI] ERROR : cuLaunchKernel -> Returned: 701
	[TornadoVM-PTX-JNI] ERROR : cuLaunchKernel -> Returned: 701
	[TornadoVM-PTX-JNI] ERROR : cuLaunchKernel -> Returned: 701
	[TornadoVM-PTX-JNI] ERROR : cuLaunchKernel -> Returned: 701
	[TornadoVM-PTX-JNI] ERROR : cuLaunchKernel -> Returned: 701
	[TornadoVM-PTX-JNI] ERROR : cuLaunchKernel -> Returned: 701
	[TornadoVM-PTX-JNI] ERROR : cuLaunchKernel -> Returned: 701
	[TornadoVM-PTX-JNI] ERROR : cuLaunchKernel -> Returned: 701
	[TornadoVM-PTX-JNI] ERROR : cuLaunchKernel -> Returned: 701
	[TornadoVM-PTX-JNI] ERROR : cuLaunchKernel -> Returned: 701
	[TornadoVM-PTX-JNI] ERROR : cuLaunchKernel -> Returned: 701
	[TornadoVM-PTX-JNI] ERROR : cuLaunchKernel -> Returned: 701
	[TornadoVM-PTX-JNI] ERROR : cuLaunchKernel -> Returned: 701
	[TornadoVM-PTX-JNI] ERROR : cuLaunchKernel -> Returned: 701
	[TornadoVM-PTX-JNI] ERROR : cuLaunchKernel -> Returned: 701
	[TornadoVM-PTX-JNI] ERROR : cuLaunchKernel -> Returned: 701
	[TornadoVM-PTX-JNI] ERROR : cuLaunchKernel -> Returned: 701
	[TornadoVM-PTX-JNI] ERROR : cuLaunchKernel -> Returned: 701
	[TornadoVM-PTX-JNI] ERROR : cuLaunchKernel -> Returned: 701
	[TornadoVM-PTX-JNI] ERROR : cuLaunchKernel -> Returned: 701
	[TornadoVM-PTX-JNI] ERROR : cuLaunchKernel -> Returned: 701
	[TornadoVM-PTX-JNI] ERROR : cuLaunchKernel -> Returned: 701
	[TornadoVM-PTX-JNI] ERROR : cuLaunchKernel -> Returned: 701
	[TornadoVM-PTX-JNI] ERROR : cuLaunchKernel -> Returned: 701
	[TornadoVM-PTX-JNI] ERROR : cuLaunchKernel -> Returned: 701
	[TornadoVM-PTX-JNI] ERROR : cuLaunchKernel -> Returned: 701
	[TornadoVM-PTX-JNI] ERROR : cuLaunchKernel -> Returned: 701
	[TornadoVM-PTX-JNI] ERROR : cuLaunchKernel -> Returned: 701
	[TornadoVM-PTX-JNI] ERROR : cuLaunchKernel -> Returned: 701
	[TornadoVM-PTX-JNI] ERROR : cuLaunchKernel -> Returned: 701
	[TornadoVM-PTX-JNI] ERROR : cuLaunchKernel -> Returned: 701
	[TornadoVM-PTX-JNI] ERROR : cuLaunchKernel -> Returned: 701
	[TornadoVM-PTX-JNI] ERROR : cuLaunchKernel -> Returned: 701
	[TornadoVM-PTX-JNI] ERROR : cuLaunchKernel -> Returned: 701
	[TornadoVM-PTX-JNI] ERROR : cuLaunchKernel -> Returned: 701
	[TornadoVM-PTX-JNI] ERROR : cuLaunchKernel -> Returned: 701
	[TornadoVM-PTX-JNI] ERROR : cuLaunchKernel -> Returned: 701
	[TornadoVM-PTX-JNI] ERROR : cuLaunchKernel -> Returned: 701
	[TornadoVM-PTX-JNI] ERROR : cuLaunchKernel -> Returned: 701
	[TornadoVM-PTX-JNI] ERROR : cuLaunchKernel -> Returned: 701
	[TornadoVM-PTX-JNI] ERROR : cuLaunchKernel -> Returned: 701
	[TornadoVM-PTX-JNI] ERROR : cuLaunchKernel -> Returned: 701
	[TornadoVM-PTX-JNI] ERROR : cuLaunchKernel -> Returned: 701
	[TornadoVM-PTX-JNI] ERROR : cuLaunchKernel -> Returned: 701
	[TornadoVM-PTX-JNI] ERROR : cuLaunchKernel -> Returned: 701
	[TornadoVM-PTX-JNI] ERROR : cuLaunchKernel -> Returned: 701
	[TornadoVM-PTX-JNI] ERROR : cuLaunchKernel -> Returned: 701
	[TornadoVM-PTX-JNI] ERROR : cuLaunchKernel -> Returned: 701
	[TornadoVM-PTX-JNI] ERROR : cuLaunchKernel -> Returned: 701
	[TornadoVM-PTX-JNI] ERROR : cuLaunchKernel -> Returned: 701
	[TornadoVM-PTX-JNI] ERROR : cuLaunchKernel -> Returned: 701
	[TornadoVM-PTX-JNI] ERROR : cuLaunchKernel -> Returned: 701
	[TornadoVM-PTX-JNI] ERROR : cuLaunchKernel -> Returned: 701
	[TornadoVM-PTX-JNI] ERROR : cuLaunchKernel -> Returned: 701
	[TornadoVM-PTX-JNI] ERROR : cuLaunchKernel -> Returned: 701
	[TornadoVM-PTX-JNI] ERROR : cuLaunchKernel -> Returned: 701
	[TornadoVM-PTX-JNI] ERROR : cuLaunchKernel -> Returned: 701
	[TornadoVM-PTX-JNI] ERROR : cuLaunchKernel -> Returned: 701
[GATHER] call=12000 totalDirty=0 maxThread=0 cumAvg=13.1 cumMaxPerThread=4
	[TornadoVM-PTX-JNI] ERROR : cuLaunchKernel -> Returned: 701
	[TornadoVM-PTX-JNI] ERROR : cuLaunchKernel -> Returned: 701
	[TornadoVM-PTX-JNI] ERROR : cuLaunchKernel -> Returned: 701
	[TornadoVM-PTX-JNI] ERROR : cuLaunchKernel -> Returned: 701
	[TornadoVM-PTX-JNI] ERROR : cuLaunchKernel -> Returned: 701
	[TornadoVM-PTX-JNI] ERROR : cuLaunchKernel -> Returned: 701
	[TornadoVM-PTX-JNI] ERROR : cuLaunchKernel -> Returned: 701
	[TornadoVM-PTX-JNI] ERROR : cuLaunchKernel -> Returned: 701
	[TornadoVM-PTX-JNI] ERROR : cuLaunchKernel -> Returned: 701
	[TornadoVM-PTX-JNI] ERROR : cuLaunchKernel -> Returned: 701
	[TornadoVM-PTX-JNI] ERROR : cuLaunchKernel -> Returned: 701
	[TornadoVM-PTX-JNI] ERROR : cuLaunchKernel -> Returned: 701
	[TornadoVM-PTX-JNI] ERROR : cuLaunchKernel -> Returned: 701
	[TornadoVM-PTX-JNI] ERROR : cuLaunchKernel -> Returned: 701
	[TornadoVM-PTX-JNI] ERROR : cuLaunchKernel -> Returned: 701
	[TornadoVM-PTX-JNI] ERROR : cuLaunchKernel -> Returned: 701
	[TornadoVM-PTX-JNI] ERROR : cuLaunchKernel -> Returned: 701
	[TornadoVM-PTX-JNI] ERROR : cuLaunchKernel -> Returned: 701
	[TornadoVM-PTX-JNI] ERROR : cuLaunchKernel -> Returned: 701
	[TornadoVM-PTX-JNI] ERROR : cuLaunchKernel -> Returned: 701
	[TornadoVM-PTX-JNI] ERROR : cuLaunchKernel -> Returned: 701
	[TornadoVM-PTX-JNI] ERROR : cuLaunchKernel -> Returned: 701
	[TornadoVM-PTX-JNI] ERROR : cuLaunchKernel -> Returned: 701
	[TornadoVM-PTX-JNI] ERROR : cuLaunchKernel -> Returned: 701
	[TornadoVM-PTX-JNI] ERROR : cuLaunchKernel -> Returned: 701
	[TornadoVM-PTX-JNI] ERROR : cuLaunchKernel -> Returned: 701
	[TornadoVM-PTX-JNI] ERROR : cuLaunchKernel -> Returned: 701
	[TornadoVM-PTX-JNI] ERROR : cuLaunchKernel -> Returned: 701
	[TornadoVM-PTX-JNI] ERROR : cuLaunchKernel -> Returned: 701
	[TornadoVM-PTX-JNI] ERROR : cuLaunchKernel -> Returned: 701
	[TornadoVM-PTX-JNI] ERROR : cuLaunchKernel -> Returned: 701
	[TornadoVM-PTX-JNI] ERROR : cuLaunchKernel -> Returned: 701
	[TornadoVM-PTX-JNI] ERROR : cuLaunchKernel -> Returned: 701
	[TornadoVM-PTX-JNI] ERROR : cuLaunchKernel -> Returned: 701
	[TornadoVM-PTX-JNI] ERROR : cuLaunchKernel -> Returned: 701
	[TornadoVM-PTX-JNI] ERROR : cuLaunchKernel -> Returned: 701
	[TornadoVM-PTX-JNI] ERROR : cuLaunchKernel -> Returned: 701
	[TornadoVM-PTX-JNI] ERROR : cuLaunchKernel -> Returned: 701
	[TornadoVM-PTX-JNI] ERROR : cuLaunchKernel -> Returned: 701
	[TornadoVM-PTX-JNI] ERROR : cuLaunchKernel -> Returned: 701
	[TornadoVM-PTX-JNI] ERROR : cuLaunchKernel -> Returned: 701
	[TornadoVM-PTX-JNI] ERROR : cuLaunchKernel -> Returned: 701
	[TornadoVM-PTX-JNI] ERROR : cuLaunchKernel -> Returned: 701
	[TornadoVM-PTX-JNI] ERROR : cuLaunchKernel -> Returned: 701
	[TornadoVM-PTX-JNI] ERROR : cuLaunchKernel -> Returned: 701
	[TornadoVM-PTX-JNI] ERROR : cuLaunchKernel -> Returned: 701
	[TornadoVM-PTX-JNI] ERROR : cuLaunchKernel -> Returned: 701
	[TornadoVM-PTX-JNI] ERROR : cuLaunchKernel -> Returned: 701
	[TornadoVM-PTX-JNI] ERROR : cuLaunchKernel -> Returned: 701
	[TornadoVM-PTX-JNI] ERROR : cuLaunchKernel -> Returned: 701
	[TornadoVM-PTX-JNI] ERROR : cuLaunchKernel -> Returned: 701
	[TornadoVM-PTX-JNI] ERROR : cuLaunchKernel -> Returned: 701
	[TornadoVM-PTX-JNI] ERROR : cuLaunchKernel -> Returned: 701
	[TornadoVM-PTX-JNI] ERROR : cuLaunchKernel -> Returned: 701
	[TornadoVM-PTX-JNI] ERROR : cuLaunchKernel -> Returned: 701
	[TornadoVM-PTX-JNI] ERROR : cuLaunchKernel -> Returned: 701
	[TornadoVM-PTX-JNI] ERROR : cuLaunchKernel -> Returned: 701
	[TornadoVM-PTX-JNI] ERROR : cuLaunchKernel -> Returned: 701
	[TornadoVM-PTX-JNI] ERROR : cuLaunchKernel -> Returned: 701
	[TornadoVM-PTX-JNI] ERROR : cuLaunchKernel -> Returned: 701
	[TornadoVM-PTX-JNI] ERROR : cuLaunchKernel -> Returned: 701
	[TornadoVM-PTX-JNI] ERROR : cuLaunchKernel -> Returned: 701
	[TornadoVM-PTX-JNI] ERROR : cuLaunchKernel -> Returned: 701
	[TornadoVM-PTX-JNI] ERROR : cuLaunchKernel -> Returned: 701
	[TornadoVM-PTX-JNI] ERROR : cuLaunchKernel -> Returned: 701
	[TornadoVM-PTX-JNI] ERROR : cuLaunchKernel -> Returned: 701
	[TornadoVM-PTX-JNI] ERROR : cuLaunchKernel -> Returned: 701
	[TornadoVM-PTX-JNI] ERROR : cuLaunchKernel -> Returned: 701
	[TornadoVM-PTX-JNI] ERROR : cuLaunchKernel -> Returned: 701
	[TornadoVM-PTX-JNI] ERROR : cuLaunchKernel -> Returned: 701
	[TornadoVM-PTX-JNI] ERROR : cuLaunchKernel -> Returned: 701
	[TornadoVM-PTX-JNI] ERROR : cuLaunchKernel -> Returned: 701
	[TornadoVM-PTX-JNI] ERROR : cuLaunchKernel -> Returned: 701
	[TornadoVM-PTX-JNI] ERROR : cuLaunchKernel -> Returned: 701
	[TornadoVM-PTX-JNI] ERROR : cuLaunchKernel -> Returned: 701
	[TornadoVM-PTX-JNI] ERROR : cuLaunchKernel -> Returned: 701
	[TornadoVM-PTX-JNI] ERROR : cuLaunchKernel -> Returned: 701
	[TornadoVM-PTX-JNI] ERROR : cuLaunchKernel -> Returned: 701
	[TornadoVM-PTX-JNI] ERROR : cuLaunchKernel -> Returned: 701
	[TornadoVM-PTX-JNI] ERROR : cuLaunchKernel -> Returned: 701
	[TornadoVM-PTX-JNI] ERROR : cuLaunchKernel -> Returned: 701
	[TornadoVM-PTX-JNI] ERROR : cuLaunchKernel -> Returned: 701
	[TornadoVM-PTX-JNI] ERROR : cuLaunchKernel -> Returned: 701
	[TornadoVM-PTX-JNI] ERROR : cuLaunchKernel -> Returned: 701
	[TornadoVM-PTX-JNI] ERROR : cuLaunchKernel -> Returned: 701
	[TornadoVM-PTX-JNI] ERROR : cuLaunchKernel -> Returned: 701
	[TornadoVM-PTX-JNI] ERROR : cuLaunchKernel -> Returned: 701
	[TornadoVM-PTX-JNI] ERROR : cuLaunchKernel -> Returned: 701
	[TornadoVM-PTX-JNI] ERROR : cuLaunchKernel -> Returned: 701
	[TornadoVM-PTX-JNI] ERROR : cuLaunchKernel -> Returned: 701
	[TornadoVM-PTX-JNI] ERROR : cuLaunchKernel -> Returned: 701
	[TornadoVM-PTX-JNI] ERROR : cuLaunchKernel -> Returned: 701
	[TornadoVM-PTX-JNI] ERROR : cuLaunchKernel -> Returned: 701
	[TornadoVM-PTX-JNI] ERROR : cuLaunchKernel -> Returned: 701
	[TornadoVM-PTX-JNI] ERROR : cuLaunchKernel -> Returned: 701
	[TornadoVM-PTX-JNI] ERROR : cuLaunchKernel -> Returned: 701
	[TornadoVM-PTX-JNI] ERROR : cuLaunchKernel -> Returned: 701
	[TornadoVM-PTX-JNI] ERROR : cuLaunchKernel -> Returned: 701
	[TornadoVM-PTX-JNI] ERROR : cuLaunchKernel -> Returned: 701
	[TornadoVM-PTX-JNI] ERROR : cuLaunchKernel -> Returned: 701
	[TornadoVM-PTX-JNI] ERROR : cuLaunchKernel -> Returned: 701
	[TornadoVM-PTX-JNI] ERROR : cuLaunchKernel -> Returned: 701
	[TornadoVM-PTX-JNI] ERROR : cuLaunchKernel -> Returned: 701
	[TornadoVM-PTX-JNI] ERROR : cuLaunchKernel -> Returned: 701
	[TornadoVM-PTX-JNI] ERROR : cuLaunchKernel -> Returned: 701
	[TornadoVM-PTX-JNI] ERROR : cuLaunchKernel -> Returned: 701
	[TornadoVM-PTX-JNI] ERROR : cuLaunchKernel -> Returned: 701
	[TornadoVM-PTX-JNI] ERROR : cuLaunchKernel -> Returned: 701
	[TornadoVM-PTX-JNI] ERROR : cuLaunchKernel -> Returned: 701
	[TornadoVM-PTX-JNI] ERROR : cuLaunchKernel -> Returned: 701
	[TornadoVM-PTX-JNI] ERROR : cuLaunchKernel -> Returned: 701
	[TornadoVM-PTX-JNI] ERROR : cuLaunchKernel -> Returned: 701
	[TornadoVM-PTX-JNI] ERROR : cuLaunchKernel -> Returned: 701
	[TornadoVM-PTX-JNI] ERROR : cuLaunchKernel -> Returned: 701
	[TornadoVM-PTX-JNI] ERROR : cuLaunchKernel -> Returned: 701
	[TornadoVM-PTX-JNI] ERROR : cuLaunchKernel -> Returned: 701
	[TornadoVM-PTX-JNI] ERROR : cuLaunchKernel -> Returned: 701
	[TornadoVM-PTX-JNI] ERROR : cuLaunchKernel -> Returned: 701
	[TornadoVM-PTX-JNI] ERROR : cuLaunchKernel -> Returned: 701
	[TornadoVM-PTX-JNI] ERROR : cuLaunchKernel -> Returned: 701
	[TornadoVM-PTX-JNI] ERROR : cuLaunchKernel -> Returned: 701
	[TornadoVM-PTX-JNI] ERROR : cuLaunchKernel -> Returned: 701
	[TornadoVM-PTX-JNI] ERROR : cuLaunchKernel -> Returned: 701
	[TornadoVM-PTX-JNI] ERROR : cuLaunchKernel -> Returned: 701
	[TornadoVM-PTX-JNI] ERROR : cuLaunchKernel -> Returned: 701
	[TornadoVM-PTX-JNI] ERROR : cuLaunchKernel -> Returned: 701
	[TornadoVM-PTX-JNI] ERROR : cuLaunchKernel -> Returned: 701
	[TornadoVM-PTX-JNI] ERROR : cuLaunchKernel -> Returned: 701
	[TornadoVM-PTX-JNI] ERROR : cuLaunchKernel -> Returned: 701
	[TornadoVM-PTX-JNI] ERROR : cuLaunchKernel -> Returned: 701
	[TornadoVM-PTX-JNI] ERROR : cuLaunchKernel -> Returned: 701
	[TornadoVM-PTX-JNI] ERROR : cuLaunchKernel -> Returned: 701
	[TornadoVM-PTX-JNI] ERROR : cuLaunchKernel -> Returned: 701
	[TornadoVM-PTX-JNI] ERROR : cuLaunchKernel -> Returned: 701
	[TornadoVM-PTX-JNI] ERROR : cuLaunchKernel -> Returned: 701
	[TornadoVM-PTX-JNI] ERROR : cuLaunchKernel -> Returned: 701
	[TornadoVM-PTX-JNI] ERROR : cuLaunchKernel -> Returned: 701
	[TornadoVM-PTX-JNI] ERROR : cuLaunchKernel -> Returned: 701
	[TornadoVM-PTX-JNI] ERROR : cuLaunchKernel -> Returned: 701
	[TornadoVM-PTX-JNI] ERROR : cuLaunchKernel -> Returned: 701
	[TornadoVM-PTX-JNI] ERROR : cuLaunchKernel -> Returned: 701
	[TornadoVM-PTX-JNI] ERROR : cuLaunchKernel -> Returned: 701
	[TornadoVM-PTX-JNI] ERROR : cuLaunchKernel -> Returned: 701
	[TornadoVM-PTX-JNI] ERROR : cuLaunchKernel -> Returned: 701
	[TornadoVM-PTX-JNI] ERROR : cuLaunchKernel -> Returned: 701
	[TornadoVM-PTX-JNI] ERROR : cuLaunchKernel -> Returned: 701
	[TornadoVM-PTX-JNI] ERROR : cuLaunchKernel -> Returned: 701
	[TornadoVM-PTX-JNI] ERROR : cuLaunchKernel -> Returned: 701
	[TornadoVM-PTX-JNI] ERROR : cuLaunchKernel -> Returned: 701
	[TornadoVM-PTX-JNI] ERROR : cuLaunchKernel -> Returned: 701
	[TornadoVM-PTX-JNI] ERROR : cuLaunchKernel -> Returned: 701
	[TornadoVM-PTX-JNI] ERROR : cuLaunchKernel -> Returned: 701
	[TornadoVM-PTX-JNI] ERROR : cuLaunchKernel -> Returned: 701
	[TornadoVM-PTX-JNI] ERROR : cuLaunchKernel -> Returned: 701
	[TornadoVM-PTX-JNI] ERROR : cuLaunchKernel -> Returned: 701
	[TornadoVM-PTX-JNI] ERROR : cuLaunchKernel -> Returned: 701
	[TornadoVM-PTX-JNI] ERROR : cuLaunchKernel -> Returned: 701
	[TornadoVM-PTX-JNI] ERROR : cuLaunchKernel -> Returned: 701
	[TornadoVM-PTX-JNI] ERROR : cuLaunchKernel -> Returned: 701
	[TornadoVM-PTX-JNI] ERROR : cuLaunchKernel -> Returned: 701
	[TornadoVM-PTX-JNI] ERROR : cuLaunchKernel -> Returned: 701
	[TornadoVM-PTX-JNI] ERROR : cuLaunchKernel -> Returned: 701
	[TornadoVM-PTX-JNI] ERROR : cuLaunchKernel -> Returned: 701
	[TornadoVM-PTX-JNI] ERROR : cuLaunchKernel -> Returned: 701
	[TornadoVM-PTX-JNI] ERROR : cuLaunchKernel -> Returned: 701
	[TornadoVM-PTX-JNI] ERROR : cuLaunchKernel -> Returned: 701
	[TornadoVM-PTX-JNI] ERROR : cuLaunchKernel -> Returned: 701
	[TornadoVM-PTX-JNI] ERROR : cuLaunchKernel -> Returned: 701
	[TornadoVM-PTX-JNI] ERROR : cuLaunchKernel -> Returned: 701
	[TornadoVM-PTX-JNI] ERROR : cuLaunchKernel -> Returned: 701
	[TornadoVM-PTX-JNI] ERROR : cuLaunchKernel -> Returned: 701
	[TornadoVM-PTX-JNI] ERROR : cuLaunchKernel -> Returned: 701
	[TornadoVM-PTX-JNI] ERROR : cuLaunchKernel -> Returned: 701
	[TornadoVM-PTX-JNI] ERROR : cuLaunchKernel -> Returned: 701
	[TornadoVM-PTX-JNI] ERROR : cuLaunchKernel -> Returned: 701
	[TornadoVM-PTX-JNI] ERROR : cuLaunchKernel -> Returned: 701
	[TornadoVM-PTX-JNI] ERROR : cuLaunchKernel -> Returned: 701
	[TornadoVM-PTX-JNI] ERROR : cuLaunchKernel -> Returned: 701
	[TornadoVM-PTX-JNI] ERROR : cuLaunchKernel -> Returned: 701
	[TornadoVM-PTX-JNI] ERROR : cuLaunchKernel -> Returned: 701
	[TornadoVM-PTX-JNI] ERROR : cuLaunchKernel -> Returned: 701
	[TornadoVM-PTX-JNI] ERROR : cuLaunchKernel -> Returned: 701
	[TornadoVM-PTX-JNI] ERROR : cuLaunchKernel -> Returned: 701
	[TornadoVM-PTX-JNI] ERROR : cuLaunchKernel -> Returned: 701
	[TornadoVM-PTX-JNI] ERROR : cuLaunchKernel -> Returned: 701
	[TornadoVM-PTX-JNI] ERROR : cuLaunchKernel -> Returned: 701
	[TornadoVM-PTX-JNI] ERROR : cuLaunchKernel -> Returned: 701
	[TornadoVM-PTX-JNI] ERROR : cuLaunchKernel -> Returned: 701
	[TornadoVM-PTX-JNI] ERROR : cuLaunchKernel -> Returned: 701
	[TornadoVM-PTX-JNI] ERROR : cuLaunchKernel -> Returned: 701
	[TornadoVM-PTX-JNI] ERROR : cuLaunchKernel -> Returned: 701
	[TornadoVM-PTX-JNI] ERROR : cuLaunchKernel -> Returned: 701
	[TornadoVM-PTX-JNI] ERROR : cuLaunchKernel -> Returned: 701
	[TornadoVM-PTX-JNI] ERROR : cuLaunchKernel -> Returned: 701
	[TornadoVM-PTX-JNI] ERROR : cuLaunchKernel -> Returned: 701
	[TornadoVM-PTX-JNI] ERROR : cuLaunchKernel -> Returned: 701
	[TornadoVM-PTX-JNI] ERROR : cuLaunchKernel -> Returned: 701
	[TornadoVM-PTX-JNI] ERROR : cuLaunchKernel -> Returned: 701
	[TornadoVM-PTX-JNI] ERROR : cuLaunchKernel -> Returned: 701
	[TornadoVM-PTX-JNI] ERROR : cuLaunchKernel -> Returned: 701
	[TornadoVM-PTX-JNI] ERROR : cuLaunchKernel -> Returned: 701
	[TornadoVM-PTX-JNI] ERROR : cuLaunchKernel -> Returned: 701
	[TornadoVM-PTX-JNI] ERROR : cuLaunchKernel -> Returned: 701
	[TornadoVM-PTX-JNI] ERROR : cuLaunchKernel -> Returned: 701
	[TornadoVM-PTX-JNI] ERROR : cuLaunchKernel -> Returned: 701
	[TornadoVM-PTX-JNI] ERROR : cuLaunchKernel -> Returned: 701
	[TornadoVM-PTX-JNI] ERROR : cuLaunchKernel -> Returned: 701
	[TornadoVM-PTX-JNI] ERROR : cuLaunchKernel -> Returned: 701
	[TornadoVM-PTX-JNI] ERROR : cuLaunchKernel -> Returned: 701
	[TornadoVM-PTX-JNI] ERROR : cuLaunchKernel -> Returned: 701
	[TornadoVM-PTX-JNI] ERROR : cuLaunchKernel -> Returned: 701
	[TornadoVM-PTX-JNI] ERROR : cuLaunchKernel -> Returned: 701
	[TornadoVM-PTX-JNI] ERROR : cuLaunchKernel -> Returned: 701
	[TornadoVM-PTX-JNI] ERROR : cuLaunchKernel -> Returned: 701
	[TornadoVM-PTX-JNI] ERROR : cuLaunchKernel -> Returned: 701
	[TornadoVM-PTX-JNI] ERROR : cuLaunchKernel -> Returned: 701
	[TornadoVM-PTX-JNI] ERROR : cuLaunchKernel -> Returned: 701
	[TornadoVM-PTX-JNI] ERROR : cuLaunchKernel -> Returned: 701
	[TornadoVM-PTX-JNI] ERROR : cuLaunchKernel -> Returned: 701
	[TornadoVM-PTX-JNI] ERROR : cuLaunchKernel -> Returned: 701
	[TornadoVM-PTX-JNI] ERROR : cuLaunchKernel -> Returned: 701
	[TornadoVM-PTX-JNI] ERROR : cuLaunchKernel -> Returned: 701
	[TornadoVM-PTX-JNI] ERROR : cuLaunchKernel -> Returned: 701
	[TornadoVM-PTX-JNI] ERROR : cuLaunchKernel -> Returned: 701
	[TornadoVM-PTX-JNI] ERROR : cuLaunchKernel -> Returned: 701
	[TornadoVM-PTX-JNI] ERROR : cuLaunchKernel -> Returned: 701
	[TornadoVM-PTX-JNI] ERROR : cuLaunchKernel -> Returned: 701
	[TornadoVM-PTX-JNI] ERROR : cuLaunchKernel -> Returned: 701
	[TornadoVM-PTX-JNI] ERROR : cuLaunchKernel -> Returned: 701
	[TornadoVM-PTX-JNI] ERROR : cuLaunchKernel -> Returned: 701
	[TornadoVM-PTX-JNI] ERROR : cuLaunchKernel -> Returned: 701
	[TornadoVM-PTX-JNI] ERROR : cuLaunchKernel -> Returned: 701
	[TornadoVM-PTX-JNI] ERROR : cuLaunchKernel -> Returned: 701
	[TornadoVM-PTX-JNI] ERROR : cuLaunchKernel -> Returned: 701
	[TornadoVM-PTX-JNI] ERROR : cuLaunchKernel -> Returned: 701
	[TornadoVM-PTX-JNI] ERROR : cuLaunchKernel -> Returned: 701
	[TornadoVM-PTX-JNI] ERROR : cuLaunchKernel -> Returned: 701
	[TornadoVM-PTX-JNI] ERROR : cuLaunchKernel -> Returned: 701
	[TornadoVM-PTX-JNI] ERROR : cuLaunchKernel -> Returned: 701
	[TornadoVM-PTX-JNI] ERROR : cuLaunchKernel -> Returned: 701
	[TornadoVM-PTX-JNI] ERROR : cuLaunchKernel -> Returned: 701
	[TornadoVM-PTX-JNI] ERROR : cuLaunchKernel -> Returned: 701
	[TornadoVM-PTX-JNI] ERROR : cuLaunchKernel -> Returned: 701
	[TornadoVM-PTX-JNI] ERROR : cuLaunchKernel -> Returned: 701
	[TornadoVM-PTX-JNI] ERROR : cuLaunchKernel -> Returned: 701
	[TornadoVM-PTX-JNI] ERROR : cuLaunchKernel -> Returned: 701
	[TornadoVM-PTX-JNI] ERROR : cuLaunchKernel -> Returned: 701
	[TornadoVM-PTX-JNI] ERROR : cuLaunchKernel -> Returned: 701
	[TornadoVM-PTX-JNI] ERROR : cuLaunchKernel -> Returned: 701
	[TornadoVM-PTX-JNI] ERROR : cuLaunchKernel -> Returned: 701
	[TornadoVM-PTX-JNI] ERROR : cuLaunchKernel -> Returned: 701
	[TornadoVM-PTX-JNI] ERROR : cuLaunchKernel -> Returned: 701
	[TornadoVM-PTX-JNI] ERROR : cuLaunchKernel -> Returned: 701
	[TornadoVM-PTX-JNI] ERROR : cuLaunchKernel -> Returned: 701
	[TornadoVM-PTX-JNI] ERROR : cuLaunchKernel -> Returned: 701
	[TornadoVM-PTX-JNI] ERROR : cuLaunchKernel -> Returned: 701
	[TornadoVM-PTX-JNI] ERROR : cuLaunchKernel -> Returned: 701
	[TornadoVM-PTX-JNI] ERROR : cuLaunchKernel -> Returned: 701
	[TornadoVM-PTX-JNI] ERROR : cuLaunchKernel -> Returned: 701
	[TornadoVM-PTX-JNI] ERROR : cuLaunchKernel -> Returned: 701
	[TornadoVM-PTX-JNI] ERROR : cuLaunchKernel -> Returned: 701
	[TornadoVM-PTX-JNI] ERROR : cuLaunchKernel -> Returned: 701
	[TornadoVM-PTX-JNI] ERROR : cuLaunchKernel -> Returned: 701
	[TornadoVM-PTX-JNI] ERROR : cuLaunchKernel -> Returned: 701
	[TornadoVM-PTX-JNI] ERROR : cuLaunchKernel -> Returned: 701
	[TornadoVM-PTX-JNI] ERROR : cuLaunchKernel -> Returned: 701
	[TornadoVM-PTX-JNI] ERROR : cuLaunchKernel -> Returned: 701
	[TornadoVM-PTX-JNI] ERROR : cuLaunchKernel -> Returned: 701
	[TornadoVM-PTX-JNI] ERROR : cuLaunchKernel -> Returned: 701
	[TornadoVM-PTX-JNI] ERROR : cuLaunchKernel -> Returned: 701
	[TornadoVM-PTX-JNI] ERROR : cuLaunchKernel -> Returned: 701
	[TornadoVM-PTX-JNI] ERROR : cuLaunchKernel -> Returned: 701
	[TornadoVM-PTX-JNI] ERROR : cuLaunchKernel -> Returned: 701
	[TornadoVM-PTX-JNI] ERROR : cuLaunchKernel -> Returned: 701
	[TornadoVM-PTX-JNI] ERROR : cuLaunchKernel -> Returned: 701
	[TornadoVM-PTX-JNI] ERROR : cuLaunchKernel -> Returned: 701
	[TornadoVM-PTX-JNI] ERROR : cuLaunchKernel -> Returned: 701
	[TornadoVM-PTX-JNI] ERROR : cuLaunchKernel -> Returned: 701
	[TornadoVM-PTX-JNI] ERROR : cuLaunchKernel -> Returned: 701
	[TornadoVM-PTX-JNI] ERROR : cuLaunchKernel -> Returned: 701
	[TornadoVM-PTX-JNI] ERROR : cuLaunchKernel -> Returned: 701
	[TornadoVM-PTX-JNI] ERROR : cuLaunchKernel -> Returned: 701
	[TornadoVM-PTX-JNI] ERROR : cuLaunchKernel -> Returned: 701
	[TornadoVM-PTX-JNI] ERROR : cuLaunchKernel -> Returned: 701
	[TornadoVM-PTX-JNI] ERROR : cuLaunchKernel -> Returned: 701
	[TornadoVM-PTX-JNI] ERROR : cuLaunchKernel -> Returned: 701
	[TornadoVM-PTX-JNI] ERROR : cuLaunchKernel -> Returned: 701
	[TornadoVM-PTX-JNI] ERROR : cuLaunchKernel -> Returned: 701
	[TornadoVM-PTX-JNI] ERROR : cuLaunchKernel -> Returned: 701
	[TornadoVM-PTX-JNI] ERROR : cuLaunchKernel -> Returned: 701
	[TornadoVM-PTX-JNI] ERROR : cuLaunchKernel -> Returned: 701
	[TornadoVM-PTX-JNI] ERROR : cuLaunchKernel -> Returned: 701
	[TornadoVM-PTX-JNI] ERROR : cuLaunchKernel -> Returned: 701
	[TornadoVM-PTX-JNI] ERROR : cuLaunchKernel -> Returned: 701
	[TornadoVM-PTX-JNI] ERROR : cuLaunchKernel -> Returned: 701
	[TornadoVM-PTX-JNI] ERROR : cuLaunchKernel -> Returned: 701
	[TornadoVM-PTX-JNI] ERROR : cuLaunchKernel -> Returned: 701
	[TornadoVM-PTX-JNI] ERROR : cuLaunchKernel -> Returned: 701
	[TornadoVM-PTX-JNI] ERROR : cuLaunchKernel -> Returned: 701
	[TornadoVM-PTX-JNI] ERROR : cuLaunchKernel -> Returned: 701
	[TornadoVM-PTX-JNI] ERROR : cuLaunchKernel -> Returned: 701
	[TornadoVM-PTX-JNI] ERROR : cuLaunchKernel -> Returned: 701
	[TornadoVM-PTX-JNI] ERROR : cuLaunchKernel -> Returned: 701
	[TornadoVM-PTX-JNI] ERROR : cuLaunchKernel -> Returned: 701
	[TornadoVM-PTX-JNI] ERROR : cuLaunchKernel -> Returned: 701
	[TornadoVM-PTX-JNI] ERROR : cuLaunchKernel -> Returned: 701
	[TornadoVM-PTX-JNI] ERROR : cuLaunchKernel -> Returned: 701
	[TornadoVM-PTX-JNI] ERROR : cuLaunchKernel -> Returned: 701
	[TornadoVM-PTX-JNI] ERROR : cuLaunchKernel -> Returned: 701
	[TornadoVM-PTX-JNI] ERROR : cuLaunchKernel -> Returned: 701
	[TornadoVM-PTX-JNI] ERROR : cuLaunchKernel -> Returned: 701
	[TornadoVM-PTX-JNI] ERROR : cuLaunchKernel -> Returned: 701
	[TornadoVM-PTX-JNI] ERROR : cuLaunchKernel -> Returned: 701
	[TornadoVM-PTX-JNI] ERROR : cuLaunchKernel -> Returned: 701
	[TornadoVM-PTX-JNI] ERROR : cuLaunchKernel -> Returned: 701
	[TornadoVM-PTX-JNI] ERROR : cuLaunchKernel -> Returned: 701
	[TornadoVM-PTX-JNI] ERROR : cuLaunchKernel -> Returned: 701
	[TornadoVM-PTX-JNI] ERROR : cuLaunchKernel -> Returned: 701
	[TornadoVM-PTX-JNI] ERROR : cuLaunchKernel -> Returned: 701
	[TornadoVM-PTX-JNI] ERROR : cuLaunchKernel -> Returned: 701
	[TornadoVM-PTX-JNI] ERROR : cuLaunchKernel -> Returned: 701
	[TornadoVM-PTX-JNI] ERROR : cuLaunchKernel -> Returned: 701
	[TornadoVM-PTX-JNI] ERROR : cuLaunchKernel -> Returned: 701
	[TornadoVM-PTX-JNI] ERROR : cuLaunchKernel -> Returned: 701
	[TornadoVM-PTX-JNI] ERROR : cuLaunchKernel -> Returned: 701
	[TornadoVM-PTX-JNI] ERROR : cuLaunchKernel -> Returned: 701
	[TornadoVM-PTX-JNI] ERROR : cuLaunchKernel -> Returned: 701
	[TornadoVM-PTX-JNI] ERROR : cuLaunchKernel -> Returned: 701
	[TornadoVM-PTX-JNI] ERROR : cuLaunchKernel -> Returned: 701
	[TornadoVM-PTX-JNI] ERROR : cuLaunchKernel -> Returned: 701
	[TornadoVM-PTX-JNI] ERROR : cuLaunchKernel -> Returned: 701
	[TornadoVM-PTX-JNI] ERROR : cuLaunchKernel -> Returned: 701
	[TornadoVM-PTX-JNI] ERROR : cuLaunchKernel -> Returned: 701
	[TornadoVM-PTX-JNI] ERROR : cuLaunchKernel -> Returned: 701
	[TornadoVM-PTX-JNI] ERROR : cuLaunchKernel -> Returned: 701
	[TornadoVM-PTX-JNI] ERROR : cuLaunchKernel -> Returned: 701
	[TornadoVM-PTX-JNI] ERROR : cuLaunchKernel -> Returned: 701
	[TornadoVM-PTX-JNI] ERROR : cuLaunchKernel -> Returned: 701
	[TornadoVM-PTX-JNI] ERROR : cuLaunchKernel -> Returned: 701
	[TornadoVM-PTX-JNI] ERROR : cuLaunchKernel -> Returned: 701
	[TornadoVM-PTX-JNI] ERROR : cuLaunchKernel -> Returned: 701
	[TornadoVM-PTX-JNI] ERROR : cuLaunchKernel -> Returned: 701
	[TornadoVM-PTX-JNI] ERROR : cuLaunchKernel -> Returned: 701
	[TornadoVM-PTX-JNI] ERROR : cuLaunchKernel -> Returned: 701
	[TornadoVM-PTX-JNI] ERROR : cuLaunchKernel -> Returned: 701
	[TornadoVM-PTX-JNI] ERROR : cuLaunchKernel -> Returned: 701
	[TornadoVM-PTX-JNI] ERROR : cuLaunchKernel -> Returned: 701
	[TornadoVM-PTX-JNI] ERROR : cuLaunchKernel -> Returned: 701
	[TornadoVM-PTX-JNI] ERROR : cuLaunchKernel -> Returned: 701
	[TornadoVM-PTX-JNI] ERROR : cuLaunchKernel -> Returned: 701
	[TornadoVM-PTX-JNI] ERROR : cuLaunchKernel -> Returned: 701
	[TornadoVM-PTX-JNI] ERROR : cuLaunchKernel -> Returned: 701
	[TornadoVM-PTX-JNI] ERROR : cuLaunchKernel -> Returned: 701
	[TornadoVM-PTX-JNI] ERROR : cuLaunchKernel -> Returned: 701
	[TornadoVM-PTX-JNI] ERROR : cuLaunchKernel -> Returned: 701
	[TornadoVM-PTX-JNI] ERROR : cuLaunchKernel -> Returned: 701
	[TornadoVM-PTX-JNI] ERROR : cuLaunchKernel -> Returned: 701
	[TornadoVM-PTX-JNI] ERROR : cuLaunchKernel -> Returned: 701
	[TornadoVM-PTX-JNI] ERROR : cuLaunchKernel -> Returned: 701
	[TornadoVM-PTX-JNI] ERROR : cuLaunchKernel -> Returned: 701
	[TornadoVM-PTX-JNI] ERROR : cuLaunchKernel -> Returned: 701
	[TornadoVM-PTX-JNI] ERROR : cuLaunchKernel -> Returned: 701
	[TornadoVM-PTX-JNI] ERROR : cuLaunchKernel -> Returned: 701
	[TornadoVM-PTX-JNI] ERROR : cuLaunchKernel -> Returned: 701
	[TornadoVM-PTX-JNI] ERROR : cuLaunchKernel -> Returned: 701
	[TornadoVM-PTX-JNI] ERROR : cuLaunchKernel -> Returned: 701
	[TornadoVM-PTX-JNI] ERROR : cuLaunchKernel -> Returned: 701
	[TornadoVM-PTX-JNI] ERROR : cuLaunchKernel -> Returned: 701
	[TornadoVM-PTX-JNI] ERROR : cuLaunchKernel -> Returned: 701
	[TornadoVM-PTX-JNI] ERROR : cuLaunchKernel -> Returned: 701
	[TornadoVM-PTX-JNI] ERROR : cuLaunchKernel -> Returned: 701
	[TornadoVM-PTX-JNI] ERROR : cuLaunchKernel -> Returned: 701
	[TornadoVM-PTX-JNI] ERROR : cuLaunchKernel -> Returned: 701
	[TornadoVM-PTX-JNI] ERROR : cuLaunchKernel -> Returned: 701
	[TornadoVM-PTX-JNI] ERROR : cuLaunchKernel -> Returned: 701
	[TornadoVM-PTX-JNI] ERROR : cuLaunchKernel -> Returned: 701
	[TornadoVM-PTX-JNI] ERROR : cuLaunchKernel -> Returned: 701
	[TornadoVM-PTX-JNI] ERROR : cuLaunchKernel -> Returned: 701
	[TornadoVM-PTX-JNI] ERROR : cuLaunchKernel -> Returned: 701
	[TornadoVM-PTX-JNI] ERROR : cuLaunchKernel -> Returned: 701
	[TornadoVM-PTX-JNI] ERROR : cuLaunchKernel -> Returned: 701
	[TornadoVM-PTX-JNI] ERROR : cuLaunchKernel -> Returned: 701
	[TornadoVM-PTX-JNI] ERROR : cuLaunchKernel -> Returned: 701
	[TornadoVM-PTX-JNI] ERROR : cuLaunchKernel -> Returned: 701
	[TornadoVM-PTX-JNI] ERROR : cuLaunchKernel -> Returned: 701
	[TornadoVM-PTX-JNI] ERROR : cuLaunchKernel -> Returned: 701
	[TornadoVM-PTX-JNI] ERROR : cuLaunchKernel -> Returned: 701
	[TornadoVM-PTX-JNI] ERROR : cuLaunchKernel -> Returned: 701
	[TornadoVM-PTX-JNI] ERROR : cuLaunchKernel -> Returned: 701
	[TornadoVM-PTX-JNI] ERROR : cuLaunchKernel -> Returned: 701
	[TornadoVM-PTX-JNI] ERROR : cuLaunchKernel -> Returned: 701
	[TornadoVM-PTX-JNI] ERROR : cuLaunchKernel -> Returned: 701
	[TornadoVM-PTX-JNI] ERROR : cuLaunchKernel -> Returned: 701
	[TornadoVM-PTX-JNI] ERROR : cuLaunchKernel -> Returned: 701
	[TornadoVM-PTX-JNI] ERROR : cuLaunchKernel -> Returned: 701
	[TornadoVM-PTX-JNI] ERROR : cuLaunchKernel -> Returned: 701
	[TornadoVM-PTX-JNI] ERROR : cuLaunchKernel -> Returned: 701
	[TornadoVM-PTX-JNI] ERROR : cuLaunchKernel -> Returned: 701
	[TornadoVM-PTX-JNI] ERROR : cuLaunchKernel -> Returned: 701
	[TornadoVM-PTX-JNI] ERROR : cuLaunchKernel -> Returned: 701
	[TornadoVM-PTX-JNI] ERROR : cuLaunchKernel -> Returned: 701
	[TornadoVM-PTX-JNI] ERROR : cuLaunchKernel -> Returned: 701
	[TornadoVM-PTX-JNI] ERROR : cuLaunchKernel -> Returned: 701
	[TornadoVM-PTX-JNI] ERROR : cuLaunchKernel -> Returned: 701
	[TornadoVM-PTX-JNI] ERROR : cuLaunchKernel -> Returned: 701
	[TornadoVM-PTX-JNI] ERROR : cuLaunchKernel -> Returned: 701
	[TornadoVM-PTX-JNI] ERROR : cuLaunchKernel -> Returned: 701
	[TornadoVM-PTX-JNI] ERROR : cuLaunchKernel -> Returned: 701
	[TornadoVM-PTX-JNI] ERROR : cuLaunchKernel -> Returned: 701
	[TornadoVM-PTX-JNI] ERROR : cuLaunchKernel -> Returned: 701
	[TornadoVM-PTX-JNI] ERROR : cuLaunchKernel -> Returned: 701
	[TornadoVM-PTX-JNI] ERROR : cuLaunchKernel -> Returned: 701
	[TornadoVM-PTX-JNI] ERROR : cuLaunchKernel -> Returned: 701
	[TornadoVM-PTX-JNI] ERROR : cuLaunchKernel -> Returned: 701
	[TornadoVM-PTX-JNI] ERROR : cuLaunchKernel -> Returned: 701
	[TornadoVM-PTX-JNI] ERROR : cuLaunchKernel -> Returned: 701
	[TornadoVM-PTX-JNI] ERROR : cuLaunchKernel -> Returned: 701
	[TornadoVM-PTX-JNI] ERROR : cuLaunchKernel -> Returned: 701
	[TornadoVM-PTX-JNI] ERROR : cuLaunchKernel -> Returned: 701
	[TornadoVM-PTX-JNI] ERROR : cuLaunchKernel -> Returned: 701
	[TornadoVM-PTX-JNI] ERROR : cuLaunchKernel -> Returned: 701
	[TornadoVM-PTX-JNI] ERROR : cuLaunchKernel -> Returned: 701
	[TornadoVM-PTX-JNI] ERROR : cuLaunchKernel -> Returned: 701
	[TornadoVM-PTX-JNI] ERROR : cuLaunchKernel -> Returned: 701
	[TornadoVM-PTX-JNI] ERROR : cuLaunchKernel -> Returned: 701
	[TornadoVM-PTX-JNI] ERROR : cuLaunchKernel -> Returned: 701
	[TornadoVM-PTX-JNI] ERROR : cuLaunchKernel -> Returned: 701
	[TornadoVM-PTX-JNI] ERROR : cuLaunchKernel -> Returned: 701
	[TornadoVM-PTX-JNI] ERROR : cuLaunchKernel -> Returned: 701
	[TornadoVM-PTX-JNI] ERROR : cuLaunchKernel -> Returned: 701
	[TornadoVM-PTX-JNI] ERROR : cuLaunchKernel -> Returned: 701
	[TornadoVM-PTX-JNI] ERROR : cuLaunchKernel -> Returned: 701
	[TornadoVM-PTX-JNI] ERROR : cuLaunchKernel -> Returned: 701
	[TornadoVM-PTX-JNI] ERROR : cuLaunchKernel -> Returned: 701
	[TornadoVM-PTX-JNI] ERROR : cuLaunchKernel -> Returned: 701
	[TornadoVM-PTX-JNI] ERROR : cuLaunchKernel -> Returned: 701
	[TornadoVM-PTX-JNI] ERROR : cuLaunchKernel -> Returned: 701
	[TornadoVM-PTX-JNI] ERROR : cuLaunchKernel -> Returned: 701
	[TornadoVM-PTX-JNI] ERROR : cuLaunchKernel -> Returned: 701
	[TornadoVM-PTX-JNI] ERROR : cuLaunchKernel -> Returned: 701
	[TornadoVM-PTX-JNI] ERROR : cuLaunchKernel -> Returned: 701
	[TornadoVM-PTX-JNI] ERROR : cuLaunchKernel -> Returned: 701
	[TornadoVM-PTX-JNI] ERROR : cuLaunchKernel -> Returned: 701
	[TornadoVM-PTX-JNI] ERROR : cuLaunchKernel -> Returned: 701
	[TornadoVM-PTX-JNI] ERROR : cuLaunchKernel -> Returned: 701
	[TornadoVM-PTX-JNI] ERROR : cuLaunchKernel -> Returned: 701
	[TornadoVM-PTX-JNI] ERROR : cuLaunchKernel -> Returned: 701
	[TornadoVM-PTX-JNI] ERROR : cuLaunchKernel -> Returned: 701
	[TornadoVM-PTX-JNI] ERROR : cuLaunchKernel -> Returned: 701
	[TornadoVM-PTX-JNI] ERROR : cuLaunchKernel -> Returned: 701
	[TornadoVM-PTX-JNI] ERROR : cuLaunchKernel -> Returned: 701
	[TornadoVM-PTX-JNI] ERROR : cuLaunchKernel -> Returned: 701
	[TornadoVM-PTX-JNI] ERROR : cuLaunchKernel -> Returned: 701
	[TornadoVM-PTX-JNI] ERROR : cuLaunchKernel -> Returned: 701
	[TornadoVM-PTX-JNI] ERROR : cuLaunchKernel -> Returned: 701
	[TornadoVM-PTX-JNI] ERROR : cuLaunchKernel -> Returned: 701
	[TornadoVM-PTX-JNI] ERROR : cuLaunchKernel -> Returned: 701
	[TornadoVM-PTX-JNI] ERROR : cuLaunchKernel -> Returned: 701
	[TornadoVM-PTX-JNI] ERROR : cuLaunchKernel -> Returned: 701
	[TornadoVM-PTX-JNI] ERROR : cuLaunchKernel -> Returned: 701
	[TornadoVM-PTX-JNI] ERROR : cuLaunchKernel -> Returned: 701
	[TornadoVM-PTX-JNI] ERROR : cuLaunchKernel -> Returned: 701
	[TornadoVM-PTX-JNI] ERROR : cuLaunchKernel -> Returned: 701
	[TornadoVM-PTX-JNI] ERROR : cuLaunchKernel -> Returned: 701
	[TornadoVM-PTX-JNI] ERROR : cuLaunchKernel -> Returned: 701
	[TornadoVM-PTX-JNI] ERROR : cuLaunchKernel -> Returned: 701
	[TornadoVM-PTX-JNI] ERROR : cuLaunchKernel -> Returned: 701
	[TornadoVM-PTX-JNI] ERROR : cuLaunchKernel -> Returned: 701
	[TornadoVM-PTX-JNI] ERROR : cuLaunchKernel -> Returned: 701
	[TornadoVM-PTX-JNI] ERROR : cuLaunchKernel -> Returned: 701
	[TornadoVM-PTX-JNI] ERROR : cuLaunchKernel -> Returned: 701
	[TornadoVM-PTX-JNI] ERROR : cuLaunchKernel -> Returned: 701
	[TornadoVM-PTX-JNI] ERROR : cuLaunchKernel -> Returned: 701
	[TornadoVM-PTX-JNI] ERROR : cuLaunchKernel -> Returned: 701
	[TornadoVM-PTX-JNI] ERROR : cuLaunchKernel -> Returned: 701
	[TornadoVM-PTX-JNI] ERROR : cuLaunchKernel -> Returned: 701
	[TornadoVM-PTX-JNI] ERROR : cuLaunchKernel -> Returned: 701
	[TornadoVM-PTX-JNI] ERROR : cuLaunchKernel -> Returned: 701
	[TornadoVM-PTX-JNI] ERROR : cuLaunchKernel -> Returned: 701
	[TornadoVM-PTX-JNI] ERROR : cuLaunchKernel -> Returned: 701
	[TornadoVM-PTX-JNI] ERROR : cuLaunchKernel -> Returned: 701
	[TornadoVM-PTX-JNI] ERROR : cuLaunchKernel -> Returned: 701
	[TornadoVM-PTX-JNI] ERROR : cuLaunchKernel -> Returned: 701
	[TornadoVM-PTX-JNI] ERROR : cuLaunchKernel -> Returned: 701
	[TornadoVM-PTX-JNI] ERROR : cuLaunchKernel -> Returned: 701
	[TornadoVM-PTX-JNI] ERROR : cuLaunchKernel -> Returned: 701
	[TornadoVM-PTX-JNI] ERROR : cuLaunchKernel -> Returned: 701
	[TornadoVM-PTX-JNI] ERROR : cuLaunchKernel -> Returned: 701
	[TornadoVM-PTX-JNI] ERROR : cuLaunchKernel -> Returned: 701
	[TornadoVM-PTX-JNI] ERROR : cuLaunchKernel -> Returned: 701
	[TornadoVM-PTX-JNI] ERROR : cuLaunchKernel -> Returned: 701
	[TornadoVM-PTX-JNI] ERROR : cuLaunchKernel -> Returned: 701
	[TornadoVM-PTX-JNI] ERROR : cuLaunchKernel -> Returned: 701
	[TornadoVM-PTX-JNI] ERROR : cuLaunchKernel -> Returned: 701
	[TornadoVM-PTX-JNI] ERROR : cuLaunchKernel -> Returned: 701
	[TornadoVM-PTX-JNI] ERROR : cuLaunchKernel -> Returned: 701
	[TornadoVM-PTX-JNI] ERROR : cuLaunchKernel -> Returned: 701
	[TornadoVM-PTX-JNI] ERROR : cuLaunchKernel -> Returned: 701
	[TornadoVM-PTX-JNI] ERROR : cuLaunchKernel -> Returned: 701
	[TornadoVM-PTX-JNI] ERROR : cuLaunchKernel -> Returned: 701
[GATHER] call=13000 totalDirty=0 maxThread=0 cumAvg=13.1 cumMaxPerThread=4
	[TornadoVM-PTX-JNI] ERROR : cuLaunchKernel -> Returned: 701
	[TornadoVM-PTX-JNI] ERROR : cuLaunchKernel -> Returned: 701
	[TornadoVM-PTX-JNI] ERROR : cuLaunchKernel -> Returned: 701
	[TornadoVM-PTX-JNI] ERROR : cuLaunchKernel -> Returned: 701
	[TornadoVM-PTX-JNI] ERROR : cuLaunchKernel -> Returned: 701
	[TornadoVM-PTX-JNI] ERROR : cuLaunchKernel -> Returned: 701
	[TornadoVM-PTX-JNI] ERROR : cuLaunchKernel -> Returned: 701
	[TornadoVM-PTX-JNI] ERROR : cuLaunchKernel -> Returned: 701
	[TornadoVM-PTX-JNI] ERROR : cuLaunchKernel -> Returned: 701
	[TornadoVM-PTX-JNI] ERROR : cuLaunchKernel -> Returned: 701
	[TornadoVM-PTX-JNI] ERROR : cuLaunchKernel -> Returned: 701
	[TornadoVM-PTX-JNI] ERROR : cuLaunchKernel -> Returned: 701
	[TornadoVM-PTX-JNI] ERROR : cuLaunchKernel -> Returned: 701
	[TornadoVM-PTX-JNI] ERROR : cuLaunchKernel -> Returned: 701
	[TornadoVM-PTX-JNI] ERROR : cuLaunchKernel -> Returned: 701
	[TornadoVM-PTX-JNI] ERROR : cuLaunchKernel -> Returned: 701
	[TornadoVM-PTX-JNI] ERROR : cuLaunchKernel -> Returned: 701
	[TornadoVM-PTX-JNI] ERROR : cuLaunchKernel -> Returned: 701
	[TornadoVM-PTX-JNI] ERROR : cuLaunchKernel -> Returned: 701
	[TornadoVM-PTX-JNI] ERROR : cuLaunchKernel -> Returned: 701
	[TornadoVM-PTX-JNI] ERROR : cuLaunchKernel -> Returned: 701
	[TornadoVM-PTX-JNI] ERROR : cuLaunchKernel -> Returned: 701
	[TornadoVM-PTX-JNI] ERROR : cuLaunchKernel -> Returned: 701
	[TornadoVM-PTX-JNI] ERROR : cuLaunchKernel -> Returned: 701
	[TornadoVM-PTX-JNI] ERROR : cuLaunchKernel -> Returned: 701
	[TornadoVM-PTX-JNI] ERROR : cuLaunchKernel -> Returned: 701
	[TornadoVM-PTX-JNI] ERROR : cuLaunchKernel -> Returned: 701
	[TornadoVM-PTX-JNI] ERROR : cuLaunchKernel -> Returned: 701
	[TornadoVM-PTX-JNI] ERROR : cuLaunchKernel -> Returned: 701
	[TornadoVM-PTX-JNI] ERROR : cuLaunchKernel -> Returned: 701
	[TornadoVM-PTX-JNI] ERROR : cuLaunchKernel -> Returned: 701
	[TornadoVM-PTX-JNI] ERROR : cuLaunchKernel -> Returned: 701
	[TornadoVM-PTX-JNI] ERROR : cuLaunchKernel -> Returned: 701
	[TornadoVM-PTX-JNI] ERROR : cuLaunchKernel -> Returned: 701
	[TornadoVM-PTX-JNI] ERROR : cuLaunchKernel -> Returned: 701
	[TornadoVM-PTX-JNI] ERROR : cuLaunchKernel -> Returned: 701
	[TornadoVM-PTX-JNI] ERROR : cuLaunchKernel -> Returned: 701
	[TornadoVM-PTX-JNI] ERROR : cuLaunchKernel -> Returned: 701
	[TornadoVM-PTX-JNI] ERROR : cuLaunchKernel -> Returned: 701
	[TornadoVM-PTX-JNI] ERROR : cuLaunchKernel -> Returned: 701
	[TornadoVM-PTX-JNI] ERROR : cuLaunchKernel -> Returned: 701
	[TornadoVM-PTX-JNI] ERROR : cuLaunchKernel -> Returned: 701
	[TornadoVM-PTX-JNI] ERROR : cuLaunchKernel -> Returned: 701
	[TornadoVM-PTX-JNI] ERROR : cuLaunchKernel -> Returned: 701
	[TornadoVM-PTX-JNI] ERROR : cuLaunchKernel -> Returned: 701
	[TornadoVM-PTX-JNI] ERROR : cuLaunchKernel -> Returned: 701
	[TornadoVM-PTX-JNI] ERROR : cuLaunchKernel -> Returned: 701
	[TornadoVM-PTX-JNI] ERROR : cuLaunchKernel -> Returned: 701
	[TornadoVM-PTX-JNI] ERROR : cuLaunchKernel -> Returned: 701
	[TornadoVM-PTX-JNI] ERROR : cuLaunchKernel -> Returned: 701
	[TornadoVM-PTX-JNI] ERROR : cuLaunchKernel -> Returned: 701
	[TornadoVM-PTX-JNI] ERROR : cuLaunchKernel -> Returned: 701
	[TornadoVM-PTX-JNI] ERROR : cuLaunchKernel -> Returned: 701
	[TornadoVM-PTX-JNI] ERROR : cuLaunchKernel -> Returned: 701
	[TornadoVM-PTX-JNI] ERROR : cuLaunchKernel -> Returned: 701
	[TornadoVM-PTX-JNI] ERROR : cuLaunchKernel -> Returned: 701
	[TornadoVM-PTX-JNI] ERROR : cuLaunchKernel -> Returned: 701
	[TornadoVM-PTX-JNI] ERROR : cuLaunchKernel -> Returned: 701
	[TornadoVM-PTX-JNI] ERROR : cuLaunchKernel -> Returned: 701
	[TornadoVM-PTX-JNI] ERROR : cuLaunchKernel -> Returned: 701
	[TornadoVM-PTX-JNI] ERROR : cuLaunchKernel -> Returned: 701
	[TornadoVM-PTX-JNI] ERROR : cuLaunchKernel -> Returned: 701
	[TornadoVM-PTX-JNI] ERROR : cuLaunchKernel -> Returned: 701
	[TornadoVM-PTX-JNI] ERROR : cuLaunchKernel -> Returned: 701
	[TornadoVM-PTX-JNI] ERROR : cuLaunchKernel -> Returned: 701
	[TornadoVM-PTX-JNI] ERROR : cuLaunchKernel -> Returned: 701
	[TornadoVM-PTX-JNI] ERROR : cuLaunchKernel -> Returned: 701
	[TornadoVM-PTX-JNI] ERROR : cuLaunchKernel -> Returned: 701
	[TornadoVM-PTX-JNI] ERROR : cuLaunchKernel -> Returned: 701
	[TornadoVM-PTX-JNI] ERROR : cuLaunchKernel -> Returned: 701
	[TornadoVM-PTX-JNI] ERROR : cuLaunchKernel -> Returned: 701
	[TornadoVM-PTX-JNI] ERROR : cuLaunchKernel -> Returned: 701
	[TornadoVM-PTX-JNI] ERROR : cuLaunchKernel -> Returned: 701
	[TornadoVM-PTX-JNI] ERROR : cuLaunchKernel -> Returned: 701
	[TornadoVM-PTX-JNI] ERROR : cuLaunchKernel -> Returned: 701
	[TornadoVM-PTX-JNI] ERROR : cuLaunchKernel -> Returned: 701
	[TornadoVM-PTX-JNI] ERROR : cuLaunchKernel -> Returned: 701
	[TornadoVM-PTX-JNI] ERROR : cuLaunchKernel -> Returned: 701
	[TornadoVM-PTX-JNI] ERROR : cuLaunchKernel -> Returned: 701
	[TornadoVM-PTX-JNI] ERROR : cuLaunchKernel -> Returned: 701
	[TornadoVM-PTX-JNI] ERROR : cuLaunchKernel -> Returned: 701
	[TornadoVM-PTX-JNI] ERROR : cuLaunchKernel -> Returned: 701
	[TornadoVM-PTX-JNI] ERROR : cuLaunchKernel -> Returned: 701
	[TornadoVM-PTX-JNI] ERROR : cuLaunchKernel -> Returned: 701
	[TornadoVM-PTX-JNI] ERROR : cuLaunchKernel -> Returned: 701
	[TornadoVM-PTX-JNI] ERROR : cuLaunchKernel -> Returned: 701
	[TornadoVM-PTX-JNI] ERROR : cuLaunchKernel -> Returned: 701
	[TornadoVM-PTX-JNI] ERROR : cuLaunchKernel -> Returned: 701
	[TornadoVM-PTX-JNI] ERROR : cuLaunchKernel -> Returned: 701
	[TornadoVM-PTX-JNI] ERROR : cuLaunchKernel -> Returned: 701
	[TornadoVM-PTX-JNI] ERROR : cuLaunchKernel -> Returned: 701
	[TornadoVM-PTX-JNI] ERROR : cuLaunchKernel -> Returned: 701
	[TornadoVM-PTX-JNI] ERROR : cuLaunchKernel -> Returned: 701
	[TornadoVM-PTX-JNI] ERROR : cuLaunchKernel -> Returned: 701
	[TornadoVM-PTX-JNI] ERROR : cuLaunchKernel -> Returned: 701
	[TornadoVM-PTX-JNI] ERROR : cuLaunchKernel -> Returned: 701
	[TornadoVM-PTX-JNI] ERROR : cuLaunchKernel -> Returned: 701
	[TornadoVM-PTX-JNI] ERROR : cuLaunchKernel -> Returned: 701
	[TornadoVM-PTX-JNI] ERROR : cuLaunchKernel -> Returned: 701
	[TornadoVM-PTX-JNI] ERROR : cuLaunchKernel -> Returned: 701
	[TornadoVM-PTX-JNI] ERROR : cuLaunchKernel -> Returned: 701
	[TornadoVM-PTX-JNI] ERROR : cuLaunchKernel -> Returned: 701
	[TornadoVM-PTX-JNI] ERROR : cuLaunchKernel -> Returned: 701
	[TornadoVM-PTX-JNI] ERROR : cuLaunchKernel -> Returned: 701
	[TornadoVM-PTX-JNI] ERROR : cuLaunchKernel -> Returned: 701
	[TornadoVM-PTX-JNI] ERROR : cuLaunchKernel -> Returned: 701
	[TornadoVM-PTX-JNI] ERROR : cuLaunchKernel -> Returned: 701
	[TornadoVM-PTX-JNI] ERROR : cuLaunchKernel -> Returned: 701
	[TornadoVM-PTX-JNI] ERROR : cuLaunchKernel -> Returned: 701
	[TornadoVM-PTX-JNI] ERROR : cuLaunchKernel -> Returned: 701
	[TornadoVM-PTX-JNI] ERROR : cuLaunchKernel -> Returned: 701
	[TornadoVM-PTX-JNI] ERROR : cuLaunchKernel -> Returned: 701
	[TornadoVM-PTX-JNI] ERROR : cuLaunchKernel -> Returned: 701
	[TornadoVM-PTX-JNI] ERROR : cuLaunchKernel -> Returned: 701
	[TornadoVM-PTX-JNI] ERROR : cuLaunchKernel -> Returned: 701
	[TornadoVM-PTX-JNI] ERROR : cuLaunchKernel -> Returned: 701
	[TornadoVM-PTX-JNI] ERROR : cuLaunchKernel -> Returned: 701
	[TornadoVM-PTX-JNI] ERROR : cuLaunchKernel -> Returned: 701
	[TornadoVM-PTX-JNI] ERROR : cuLaunchKernel -> Returned: 701
	[TornadoVM-PTX-JNI] ERROR : cuLaunchKernel -> Returned: 701
	[TornadoVM-PTX-JNI] ERROR : cuLaunchKernel -> Returned: 701
	[TornadoVM-PTX-JNI] ERROR : cuLaunchKernel -> Returned: 701
	[TornadoVM-PTX-JNI] ERROR : cuLaunchKernel -> Returned: 701
	[TornadoVM-PTX-JNI] ERROR : cuLaunchKernel -> Returned: 701
	[TornadoVM-PTX-JNI] ERROR : cuLaunchKernel -> Returned: 701
	[TornadoVM-PTX-JNI] ERROR : cuLaunchKernel -> Returned: 701
	[TornadoVM-PTX-JNI] ERROR : cuLaunchKernel -> Returned: 701
	[TornadoVM-PTX-JNI] ERROR : cuLaunchKernel -> Returned: 701
	[TornadoVM-PTX-JNI] ERROR : cuLaunchKernel -> Returned: 701
	[TornadoVM-PTX-JNI] ERROR : cuLaunchKernel -> Returned: 701
	[TornadoVM-PTX-JNI] ERROR : cuLaunchKernel -> Returned: 701
	[TornadoVM-PTX-JNI] ERROR : cuLaunchKernel -> Returned: 701
	[TornadoVM-PTX-JNI] ERROR : cuLaunchKernel -> Returned: 701
	[TornadoVM-PTX-JNI] ERROR : cuLaunchKernel -> Returned: 701
	[TornadoVM-PTX-JNI] ERROR : cuLaunchKernel -> Returned: 701
	[TornadoVM-PTX-JNI] ERROR : cuLaunchKernel -> Returned: 701
	[TornadoVM-PTX-JNI] ERROR : cuLaunchKernel -> Returned: 701
	[TornadoVM-PTX-JNI] ERROR : cuLaunchKernel -> Returned: 701
	[TornadoVM-PTX-JNI] ERROR : cuLaunchKernel -> Returned: 701
	[TornadoVM-PTX-JNI] ERROR : cuLaunchKernel -> Returned: 701
	[TornadoVM-PTX-JNI] ERROR : cuLaunchKernel -> Returned: 701
	[TornadoVM-PTX-JNI] ERROR : cuLaunchKernel -> Returned: 701
	[TornadoVM-PTX-JNI] ERROR : cuLaunchKernel -> Returned: 701
	[TornadoVM-PTX-JNI] ERROR : cuLaunchKernel -> Returned: 701
	[TornadoVM-PTX-JNI] ERROR : cuLaunchKernel -> Returned: 701
	[TornadoVM-PTX-JNI] ERROR : cuLaunchKernel -> Returned: 701
	[TornadoVM-PTX-JNI] ERROR : cuLaunchKernel -> Returned: 701
	[TornadoVM-PTX-JNI] ERROR : cuLaunchKernel -> Returned: 701
	[TornadoVM-PTX-JNI] ERROR : cuLaunchKernel -> Returned: 701
	[TornadoVM-PTX-JNI] ERROR : cuLaunchKernel -> Returned: 701
	[TornadoVM-PTX-JNI] ERROR : cuLaunchKernel -> Returned: 701
	[TornadoVM-PTX-JNI] ERROR : cuLaunchKernel -> Returned: 701
	[TornadoVM-PTX-JNI] ERROR : cuLaunchKernel -> Returned: 701
	[TornadoVM-PTX-JNI] ERROR : cuLaunchKernel -> Returned: 701
	[TornadoVM-PTX-JNI] ERROR : cuLaunchKernel -> Returned: 701
	[TornadoVM-PTX-JNI] ERROR : cuLaunchKernel -> Returned: 701
	[TornadoVM-PTX-JNI] ERROR : cuLaunchKernel -> Returned: 701
	[TornadoVM-PTX-JNI] ERROR : cuLaunchKernel -> Returned: 701
	[TornadoVM-PTX-JNI] ERROR : cuLaunchKernel -> Returned: 701
	[TornadoVM-PTX-JNI] ERROR : cuLaunchKernel -> Returned: 701
	[TornadoVM-PTX-JNI] ERROR : cuLaunchKernel -> Returned: 701
	[TornadoVM-PTX-JNI] ERROR : cuLaunchKernel -> Returned: 701
	[TornadoVM-PTX-JNI] ERROR : cuLaunchKernel -> Returned: 701
	[TornadoVM-PTX-JNI] ERROR : cuLaunchKernel -> Returned: 701
	[TornadoVM-PTX-JNI] ERROR : cuLaunchKernel -> Returned: 701
	[TornadoVM-PTX-JNI] ERROR : cuLaunchKernel -> Returned: 701
	[TornadoVM-PTX-JNI] ERROR : cuLaunchKernel -> Returned: 701
	[TornadoVM-PTX-JNI] ERROR : cuLaunchKernel -> Returned: 701
	[TornadoVM-PTX-JNI] ERROR : cuLaunchKernel -> Returned: 701
	[TornadoVM-PTX-JNI] ERROR : cuLaunchKernel -> Returned: 701
	[TornadoVM-PTX-JNI] ERROR : cuLaunchKernel -> Returned: 701
	[TornadoVM-PTX-JNI] ERROR : cuLaunchKernel -> Returned: 701
	[TornadoVM-PTX-JNI] ERROR : cuLaunchKernel -> Returned: 701
	[TornadoVM-PTX-JNI] ERROR : cuLaunchKernel -> Returned: 701
	[TornadoVM-PTX-JNI] ERROR : cuLaunchKernel -> Returned: 701
	[TornadoVM-PTX-JNI] ERROR : cuLaunchKernel -> Returned: 701
	[TornadoVM-PTX-JNI] ERROR : cuLaunchKernel -> Returned: 701
	[TornadoVM-PTX-JNI] ERROR : cuLaunchKernel -> Returned: 701
	[TornadoVM-PTX-JNI] ERROR : cuLaunchKernel -> Returned: 701
	[TornadoVM-PTX-JNI] ERROR : cuLaunchKernel -> Returned: 701
	[TornadoVM-PTX-JNI] ERROR : cuLaunchKernel -> Returned: 701
	[TornadoVM-PTX-JNI] ERROR : cuLaunchKernel -> Returned: 701
	[TornadoVM-PTX-JNI] ERROR : cuLaunchKernel -> Returned: 701
	[TornadoVM-PTX-JNI] ERROR : cuLaunchKernel -> Returned: 701
	[TornadoVM-PTX-JNI] ERROR : cuLaunchKernel -> Returned: 701
	[TornadoVM-PTX-JNI] ERROR : cuLaunchKernel -> Returned: 701
	[TornadoVM-PTX-JNI] ERROR : cuLaunchKernel -> Returned: 701
	[TornadoVM-PTX-JNI] ERROR : cuLaunchKernel -> Returned: 701
	[TornadoVM-PTX-JNI] ERROR : cuLaunchKernel -> Returned: 701
	[TornadoVM-PTX-JNI] ERROR : cuLaunchKernel -> Returned: 701
	[TornadoVM-PTX-JNI] ERROR : cuLaunchKernel -> Returned: 701
	[TornadoVM-PTX-JNI] ERROR : cuLaunchKernel -> Returned: 701
	[TornadoVM-PTX-JNI] ERROR : cuLaunchKernel -> Returned: 701
	[TornadoVM-PTX-JNI] ERROR : cuLaunchKernel -> Returned: 701
	[TornadoVM-PTX-JNI] ERROR : cuLaunchKernel -> Returned: 701
	[TornadoVM-PTX-JNI] ERROR : cuLaunchKernel -> Returned: 701
	[TornadoVM-PTX-JNI] ERROR : cuLaunchKernel -> Returned: 701
	[TornadoVM-PTX-JNI] ERROR : cuLaunchKernel -> Returned: 701
	[TornadoVM-PTX-JNI] ERROR : cuLaunchKernel -> Returned: 701
	[TornadoVM-PTX-JNI] ERROR : cuLaunchKernel -> Returned: 701
	[TornadoVM-PTX-JNI] ERROR : cuLaunchKernel -> Returned: 701
	[TornadoVM-PTX-JNI] ERROR : cuLaunchKernel -> Returned: 701
	[TornadoVM-PTX-JNI] ERROR : cuLaunchKernel -> Returned: 701
	[TornadoVM-PTX-JNI] ERROR : cuLaunchKernel -> Returned: 701
	[TornadoVM-PTX-JNI] ERROR : cuLaunchKernel -> Returned: 701
	[TornadoVM-PTX-JNI] ERROR : cuLaunchKernel -> Returned: 701
	[TornadoVM-PTX-JNI] ERROR : cuLaunchKernel -> Returned: 701
	[TornadoVM-PTX-JNI] ERROR : cuLaunchKernel -> Returned: 701
	[TornadoVM-PTX-JNI] ERROR : cuLaunchKernel -> Returned: 701
	[TornadoVM-PTX-JNI] ERROR : cuLaunchKernel -> Returned: 701
	[TornadoVM-PTX-JNI] ERROR : cuLaunchKernel -> Returned: 701
	[TornadoVM-PTX-JNI] ERROR : cuLaunchKernel -> Returned: 701
	[TornadoVM-PTX-JNI] ERROR : cuLaunchKernel -> Returned: 701
	[TornadoVM-PTX-JNI] ERROR : cuLaunchKernel -> Returned: 701
	[TornadoVM-PTX-JNI] ERROR : cuLaunchKernel -> Returned: 701
	[TornadoVM-PTX-JNI] ERROR : cuLaunchKernel -> Returned: 701
	[TornadoVM-PTX-JNI] ERROR : cuLaunchKernel -> Returned: 701
	[TornadoVM-PTX-JNI] ERROR : cuLaunchKernel -> Returned: 701
	[TornadoVM-PTX-JNI] ERROR : cuLaunchKernel -> Returned: 701
	[TornadoVM-PTX-JNI] ERROR : cuLaunchKernel -> Returned: 701
	[TornadoVM-PTX-JNI] ERROR : cuLaunchKernel -> Returned: 701
	[TornadoVM-PTX-JNI] ERROR : cuLaunchKernel -> Returned: 701
	[TornadoVM-PTX-JNI] ERROR : cuLaunchKernel -> Returned: 701
	[TornadoVM-PTX-JNI] ERROR : cuLaunchKernel -> Returned: 701
	[TornadoVM-PTX-JNI] ERROR : cuLaunchKernel -> Returned: 701
	[TornadoVM-PTX-JNI] ERROR : cuLaunchKernel -> Returned: 701
	[TornadoVM-PTX-JNI] ERROR : cuLaunchKernel -> Returned: 701
	[TornadoVM-PTX-JNI] ERROR : cuLaunchKernel -> Returned: 701
	[TornadoVM-PTX-JNI] ERROR : cuLaunchKernel -> Returned: 701
	[TornadoVM-PTX-JNI] ERROR : cuLaunchKernel -> Returned: 701
	[TornadoVM-PTX-JNI] ERROR : cuLaunchKernel -> Returned: 701
	[TornadoVM-PTX-JNI] ERROR : cuLaunchKernel -> Returned: 701
	[TornadoVM-PTX-JNI] ERROR : cuLaunchKernel -> Returned: 701
	[TornadoVM-PTX-JNI] ERROR : cuLaunchKernel -> Returned: 701
	[TornadoVM-PTX-JNI] ERROR : cuLaunchKernel -> Returned: 701
	[TornadoVM-PTX-JNI] ERROR : cuLaunchKernel -> Returned: 701
	[TornadoVM-PTX-JNI] ERROR : cuLaunchKernel -> Returned: 701
	[TornadoVM-PTX-JNI] ERROR : cuLaunchKernel -> Returned: 701
	[TornadoVM-PTX-JNI] ERROR : cuLaunchKernel -> Returned: 701
	[TornadoVM-PTX-JNI] ERROR : cuLaunchKernel -> Returned: 701
	[TornadoVM-PTX-JNI] ERROR : cuLaunchKernel -> Returned: 701
	[TornadoVM-PTX-JNI] ERROR : cuLaunchKernel -> Returned: 701
	[TornadoVM-PTX-JNI] ERROR : cuLaunchKernel -> Returned: 701
	[TornadoVM-PTX-JNI] ERROR : cuLaunchKernel -> Returned: 701
	[TornadoVM-PTX-JNI] ERROR : cuLaunchKernel -> Returned: 701
	[TornadoVM-PTX-JNI] ERROR : cuLaunchKernel -> Returned: 701
	[TornadoVM-PTX-JNI] ERROR : cuLaunchKernel -> Returned: 701
	[TornadoVM-PTX-JNI] ERROR : cuLaunchKernel -> Returned: 701
	[TornadoVM-PTX-JNI] ERROR : cuLaunchKernel -> Returned: 701
	[TornadoVM-PTX-JNI] ERROR : cuLaunchKernel -> Returned: 701
	[TornadoVM-PTX-JNI] ERROR : cuLaunchKernel -> Returned: 701
	[TornadoVM-PTX-JNI] ERROR : cuLaunchKernel -> Returned: 701
	[TornadoVM-PTX-JNI] ERROR : cuLaunchKernel -> Returned: 701
	[TornadoVM-PTX-JNI] ERROR : cuLaunchKernel -> Returned: 701
	[TornadoVM-PTX-JNI] ERROR : cuLaunchKernel -> Returned: 701
	[TornadoVM-PTX-JNI] ERROR : cuLaunchKernel -> Returned: 701
	[TornadoVM-PTX-JNI] ERROR : cuLaunchKernel -> Returned: 701
	[TornadoVM-PTX-JNI] ERROR : cuLaunchKernel -> Returned: 701
	[TornadoVM-PTX-JNI] ERROR : cuLaunchKernel -> Returned: 701
	[TornadoVM-PTX-JNI] ERROR : cuLaunchKernel -> Returned: 701
	[TornadoVM-PTX-JNI] ERROR : cuLaunchKernel -> Returned: 701
	[TornadoVM-PTX-JNI] ERROR : cuLaunchKernel -> Returned: 701
	[TornadoVM-PTX-JNI] ERROR : cuLaunchKernel -> Returned: 701
	[TornadoVM-PTX-JNI] ERROR : cuLaunchKernel -> Returned: 701
	[TornadoVM-PTX-JNI] ERROR : cuLaunchKernel -> Returned: 701
	[TornadoVM-PTX-JNI] ERROR : cuLaunchKernel -> Returned: 701
	[TornadoVM-PTX-JNI] ERROR : cuLaunchKernel -> Returned: 701
	[TornadoVM-PTX-JNI] ERROR : cuLaunchKernel -> Returned: 701
	[TornadoVM-PTX-JNI] ERROR : cuLaunchKernel -> Returned: 701
	[TornadoVM-PTX-JNI] ERROR : cuLaunchKernel -> Returned: 701
	[TornadoVM-PTX-JNI] ERROR : cuLaunchKernel -> Returned: 701
	[TornadoVM-PTX-JNI] ERROR : cuLaunchKernel -> Returned: 701
	[TornadoVM-PTX-JNI] ERROR : cuLaunchKernel -> Returned: 701
	[TornadoVM-PTX-JNI] ERROR : cuLaunchKernel -> Returned: 701
	[TornadoVM-PTX-JNI] ERROR : cuLaunchKernel -> Returned: 701
	[TornadoVM-PTX-JNI] ERROR : cuLaunchKernel -> Returned: 701
	[TornadoVM-PTX-JNI] ERROR : cuLaunchKernel -> Returned: 701
	[TornadoVM-PTX-JNI] ERROR : cuLaunchKernel -> Returned: 701
	[TornadoVM-PTX-JNI] ERROR : cuLaunchKernel -> Returned: 701
	[TornadoVM-PTX-JNI] ERROR : cuLaunchKernel -> Returned: 701
	[TornadoVM-PTX-JNI] ERROR : cuLaunchKernel -> Returned: 701
	[TornadoVM-PTX-JNI] ERROR : cuLaunchKernel -> Returned: 701
	[TornadoVM-PTX-JNI] ERROR : cuLaunchKernel -> Returned: 701
	[TornadoVM-PTX-JNI] ERROR : cuLaunchKernel -> Returned: 701
	[TornadoVM-PTX-JNI] ERROR : cuLaunchKernel -> Returned: 701
	[TornadoVM-PTX-JNI] ERROR : cuLaunchKernel -> Returned: 701
	[TornadoVM-PTX-JNI] ERROR : cuLaunchKernel -> Returned: 701
	[TornadoVM-PTX-JNI] ERROR : cuLaunchKernel -> Returned: 701
	[TornadoVM-PTX-JNI] ERROR : cuLaunchKernel -> Returned: 701
	[TornadoVM-PTX-JNI] ERROR : cuLaunchKernel -> Returned: 701
	[TornadoVM-PTX-JNI] ERROR : cuLaunchKernel -> Returned: 701
	[TornadoVM-PTX-JNI] ERROR : cuLaunchKernel -> Returned: 701
	[TornadoVM-PTX-JNI] ERROR : cuLaunchKernel -> Returned: 701
	[TornadoVM-PTX-JNI] ERROR : cuLaunchKernel -> Returned: 701
	[TornadoVM-PTX-JNI] ERROR : cuLaunchKernel -> Returned: 701
	[TornadoVM-PTX-JNI] ERROR : cuLaunchKernel -> Returned: 701
	[TornadoVM-PTX-JNI] ERROR : cuLaunchKernel -> Returned: 701
	[TornadoVM-PTX-JNI] ERROR : cuLaunchKernel -> Returned: 701
	[TornadoVM-PTX-JNI] ERROR : cuLaunchKernel -> Returned: 701
	[TornadoVM-PTX-JNI] ERROR : cuLaunchKernel -> Returned: 701
	[TornadoVM-PTX-JNI] ERROR : cuLaunchKernel -> Returned: 701
	[TornadoVM-PTX-JNI] ERROR : cuLaunchKernel -> Returned: 701
	[TornadoVM-PTX-JNI] ERROR : cuLaunchKernel -> Returned: 701
	[TornadoVM-PTX-JNI] ERROR : cuLaunchKernel -> Returned: 701
	[TornadoVM-PTX-JNI] ERROR : cuLaunchKernel -> Returned: 701
	[TornadoVM-PTX-JNI] ERROR : cuLaunchKernel -> Returned: 701
	[TornadoVM-PTX-JNI] ERROR : cuLaunchKernel -> Returned: 701
	[TornadoVM-PTX-JNI] ERROR : cuLaunchKernel -> Returned: 701
	[TornadoVM-PTX-JNI] ERROR : cuLaunchKernel -> Returned: 701
	[TornadoVM-PTX-JNI] ERROR : cuLaunchKernel -> Returned: 701
	[TornadoVM-PTX-JNI] ERROR : cuLaunchKernel -> Returned: 701
	[TornadoVM-PTX-JNI] ERROR : cuLaunchKernel -> Returned: 701
	[TornadoVM-PTX-JNI] ERROR : cuLaunchKernel -> Returned: 701
	[TornadoVM-PTX-JNI] ERROR : cuLaunchKernel -> Returned: 701
	[TornadoVM-PTX-JNI] ERROR : cuLaunchKernel -> Returned: 701
	[TornadoVM-PTX-JNI] ERROR : cuLaunchKernel -> Returned: 701
	[TornadoVM-PTX-JNI] ERROR : cuLaunchKernel -> Returned: 701
	[TornadoVM-PTX-JNI] ERROR : cuLaunchKernel -> Returned: 701
	[TornadoVM-PTX-JNI] ERROR : cuLaunchKernel -> Returned: 701
	[TornadoVM-PTX-JNI] ERROR : cuLaunchKernel -> Returned: 701
	[TornadoVM-PTX-JNI] ERROR : cuLaunchKernel -> Returned: 701
	[TornadoVM-PTX-JNI] ERROR : cuLaunchKernel -> Returned: 701
	[TornadoVM-PTX-JNI] ERROR : cuLaunchKernel -> Returned: 701
	[TornadoVM-PTX-JNI] ERROR : cuLaunchKernel -> Returned: 701
	[TornadoVM-PTX-JNI] ERROR : cuLaunchKernel -> Returned: 701
	[TornadoVM-PTX-JNI] ERROR : cuLaunchKernel -> Returned: 701
	[TornadoVM-PTX-JNI] ERROR : cuLaunchKernel -> Returned: 701
	[TornadoVM-PTX-JNI] ERROR : cuLaunchKernel -> Returned: 701
	[TornadoVM-PTX-JNI] ERROR : cuLaunchKernel -> Returned: 701
	[TornadoVM-PTX-JNI] ERROR : cuLaunchKernel -> Returned: 701
	[TornadoVM-PTX-JNI] ERROR : cuLaunchKernel -> Returned: 701
	[TornadoVM-PTX-JNI] ERROR : cuLaunchKernel -> Returned: 701
	[TornadoVM-PTX-JNI] ERROR : cuLaunchKernel -> Returned: 701
	[TornadoVM-PTX-JNI] ERROR : cuLaunchKernel -> Returned: 701
	[TornadoVM-PTX-JNI] ERROR : cuLaunchKernel -> Returned: 701
	[TornadoVM-PTX-JNI] ERROR : cuLaunchKernel -> Returned: 701
	[TornadoVM-PTX-JNI] ERROR : cuLaunchKernel -> Returned: 701
	[TornadoVM-PTX-JNI] ERROR : cuLaunchKernel -> Returned: 701
	[TornadoVM-PTX-JNI] ERROR : cuLaunchKernel -> Returned: 701
	[TornadoVM-PTX-JNI] ERROR : cuLaunchKernel -> Returned: 701
	[TornadoVM-PTX-JNI] ERROR : cuLaunchKernel -> Returned: 701
	[TornadoVM-PTX-JNI] ERROR : cuLaunchKernel -> Returned: 701
	[TornadoVM-PTX-JNI] ERROR : cuLaunchKernel -> Returned: 701
	[TornadoVM-PTX-JNI] ERROR : cuLaunchKernel -> Returned: 701
	[TornadoVM-PTX-JNI] ERROR : cuLaunchKernel -> Returned: 701
	[TornadoVM-PTX-JNI] ERROR : cuLaunchKernel -> Returned: 701
	[TornadoVM-PTX-JNI] ERROR : cuLaunchKernel -> Returned: 701
	[TornadoVM-PTX-JNI] ERROR : cuLaunchKernel -> Returned: 701
	[TornadoVM-PTX-JNI] ERROR : cuLaunchKernel -> Returned: 701
	[TornadoVM-PTX-JNI] ERROR : cuLaunchKernel -> Returned: 701
	[TornadoVM-PTX-JNI] ERROR : cuLaunchKernel -> Returned: 701
	[TornadoVM-PTX-JNI] ERROR : cuLaunchKernel -> Returned: 701
	[TornadoVM-PTX-JNI] ERROR : cuLaunchKernel -> Returned: 701
	[TornadoVM-PTX-JNI] ERROR : cuLaunchKernel -> Returned: 701
	[TornadoVM-PTX-JNI] ERROR : cuLaunchKernel -> Returned: 701
	[TornadoVM-PTX-JNI] ERROR : cuLaunchKernel -> Returned: 701
	[TornadoVM-PTX-JNI] ERROR : cuLaunchKernel -> Returned: 701
	[TornadoVM-PTX-JNI] ERROR : cuLaunchKernel -> Returned: 701
	[TornadoVM-PTX-JNI] ERROR : cuLaunchKernel -> Returned: 701
	[TornadoVM-PTX-JNI] ERROR : cuLaunchKernel -> Returned: 701
	[TornadoVM-PTX-JNI] ERROR : cuLaunchKernel -> Returned: 701
	[TornadoVM-PTX-JNI] ERROR : cuLaunchKernel -> Returned: 701
	[TornadoVM-PTX-JNI] ERROR : cuLaunchKernel -> Returned: 701
	[TornadoVM-PTX-JNI] ERROR : cuLaunchKernel -> Returned: 701
	[TornadoVM-PTX-JNI] ERROR : cuLaunchKernel -> Returned: 701
	[TornadoVM-PTX-JNI] ERROR : cuLaunchKernel -> Returned: 701
	[TornadoVM-PTX-JNI] ERROR : cuLaunchKernel -> Returned: 701
	[TornadoVM-PTX-JNI] ERROR : cuLaunchKernel -> Returned: 701
	[TornadoVM-PTX-JNI] ERROR : cuLaunchKernel -> Returned: 701
	[TornadoVM-PTX-JNI] ERROR : cuLaunchKernel -> Returned: 701
	[TornadoVM-PTX-JNI] ERROR : cuLaunchKernel -> Returned: 701
	[TornadoVM-PTX-JNI] ERROR : cuLaunchKernel -> Returned: 701
	[TornadoVM-PTX-JNI] ERROR : cuLaunchKernel -> Returned: 701
	[TornadoVM-PTX-JNI] ERROR : cuLaunchKernel -> Returned: 701
	[TornadoVM-PTX-JNI] ERROR : cuLaunchKernel -> Returned: 701
	[TornadoVM-PTX-JNI] ERROR : cuLaunchKernel -> Returned: 701
	[TornadoVM-PTX-JNI] ERROR : cuLaunchKernel -> Returned: 701
	[TornadoVM-PTX-JNI] ERROR : cuLaunchKernel -> Returned: 701
	[TornadoVM-PTX-JNI] ERROR : cuLaunchKernel -> Returned: 701
	[TornadoVM-PTX-JNI] ERROR : cuLaunchKernel -> Returned: 701
	[TornadoVM-PTX-JNI] ERROR : cuLaunchKernel -> Returned: 701
	[TornadoVM-PTX-JNI] ERROR : cuLaunchKernel -> Returned: 701
	[TornadoVM-PTX-JNI] ERROR : cuLaunchKernel -> Returned: 701
	[TornadoVM-PTX-JNI] ERROR : cuLaunchKernel -> Returned: 701
	[TornadoVM-PTX-JNI] ERROR : cuLaunchKernel -> Returned: 701
	[TornadoVM-PTX-JNI] ERROR : cuLaunchKernel -> Returned: 701
	[TornadoVM-PTX-JNI] ERROR : cuLaunchKernel -> Returned: 701
	[TornadoVM-PTX-JNI] ERROR : cuLaunchKernel -> Returned: 701
	[TornadoVM-PTX-JNI] ERROR : cuLaunchKernel -> Returned: 701
	[TornadoVM-PTX-JNI] ERROR : cuLaunchKernel -> Returned: 701
	[TornadoVM-PTX-JNI] ERROR : cuLaunchKernel -> Returned: 701
	[TornadoVM-PTX-JNI] ERROR : cuLaunchKernel -> Returned: 701
	[TornadoVM-PTX-JNI] ERROR : cuLaunchKernel -> Returned: 701
	[TornadoVM-PTX-JNI] ERROR : cuLaunchKernel -> Returned: 701
	[TornadoVM-PTX-JNI] ERROR : cuLaunchKernel -> Returned: 701
	[TornadoVM-PTX-JNI] ERROR : cuLaunchKernel -> Returned: 701
	[TornadoVM-PTX-JNI] ERROR : cuLaunchKernel -> Returned: 701
	[TornadoVM-PTX-JNI] ERROR : cuLaunchKernel -> Returned: 701
	[TornadoVM-PTX-JNI] ERROR : cuLaunchKernel -> Returned: 701
	[TornadoVM-PTX-JNI] ERROR : cuLaunchKernel -> Returned: 701
	[TornadoVM-PTX-JNI] ERROR : cuLaunchKernel -> Returned: 701
	[TornadoVM-PTX-JNI] ERROR : cuLaunchKernel -> Returned: 701
	[TornadoVM-PTX-JNI] ERROR : cuLaunchKernel -> Returned: 701
	[TornadoVM-PTX-JNI] ERROR : cuLaunchKernel -> Returned: 701
	[TornadoVM-PTX-JNI] ERROR : cuLaunchKernel -> Returned: 701
	[TornadoVM-PTX-JNI] ERROR : cuLaunchKernel -> Returned: 701
	[TornadoVM-PTX-JNI] ERROR : cuLaunchKernel -> Returned: 701
	[TornadoVM-PTX-JNI] ERROR : cuLaunchKernel -> Returned: 701
	[TornadoVM-PTX-JNI] ERROR : cuLaunchKernel -> Returned: 701
	[TornadoVM-PTX-JNI] ERROR : cuLaunchKernel -> Returned: 701
	[TornadoVM-PTX-JNI] ERROR : cuLaunchKernel -> Returned: 701
	[TornadoVM-PTX-JNI] ERROR : cuLaunchKernel -> Returned: 701
	[TornadoVM-PTX-JNI] ERROR : cuLaunchKernel -> Returned: 701
	[TornadoVM-PTX-JNI] ERROR : cuLaunchKernel -> Returned: 701
	[TornadoVM-PTX-JNI] ERROR : cuLaunchKernel -> Returned: 701
	[TornadoVM-PTX-JNI] ERROR : cuLaunchKernel -> Returned: 701
	[TornadoVM-PTX-JNI] ERROR : cuLaunchKernel -> Returned: 701
	[TornadoVM-PTX-JNI] ERROR : cuLaunchKernel -> Returned: 701
	[TornadoVM-PTX-JNI] ERROR : cuLaunchKernel -> Returned: 701
	[TornadoVM-PTX-JNI] ERROR : cuLaunchKernel -> Returned: 701
	[TornadoVM-PTX-JNI] ERROR : cuLaunchKernel -> Returned: 701
	[TornadoVM-PTX-JNI] ERROR : cuLaunchKernel -> Returned: 701
	[TornadoVM-PTX-JNI] ERROR : cuLaunchKernel -> Returned: 701
	[TornadoVM-PTX-JNI] ERROR : cuLaunchKernel -> Returned: 701
	[TornadoVM-PTX-JNI] ERROR : cuLaunchKernel -> Returned: 701
	[TornadoVM-PTX-JNI] ERROR : cuLaunchKernel -> Returned: 701
	[TornadoVM-PTX-JNI] ERROR : cuLaunchKernel -> Returned: 701
	[TornadoVM-PTX-JNI] ERROR : cuLaunchKernel -> Returned: 701
	[TornadoVM-PTX-JNI] ERROR : cuLaunchKernel -> Returned: 701
	[TornadoVM-PTX-JNI] ERROR : cuLaunchKernel -> Returned: 701
	[TornadoVM-PTX-JNI] ERROR : cuLaunchKernel -> Returned: 701
	[TornadoVM-PTX-JNI] ERROR : cuLaunchKernel -> Returned: 701
	[TornadoVM-PTX-JNI] ERROR : cuLaunchKernel -> Returned: 701
	[TornadoVM-PTX-JNI] ERROR : cuLaunchKernel -> Returned: 701
	[TornadoVM-PTX-JNI] ERROR : cuLaunchKernel -> Returned: 701
	[TornadoVM-PTX-JNI] ERROR : cuLaunchKernel -> Returned: 701
	[TornadoVM-PTX-JNI] ERROR : cuLaunchKernel -> Returned: 701
	[TornadoVM-PTX-JNI] ERROR : cuLaunchKernel -> Returned: 701
	[TornadoVM-PTX-JNI] ERROR : cuLaunchKernel -> Returned: 701
	[TornadoVM-PTX-JNI] ERROR : cuLaunchKernel -> Returned: 701
	[TornadoVM-PTX-JNI] ERROR : cuLaunchKernel -> Returned: 701
	[TornadoVM-PTX-JNI] ERROR : cuLaunchKernel -> Returned: 701
	[TornadoVM-PTX-JNI] ERROR : cuLaunchKernel -> Returned: 701
	[TornadoVM-PTX-JNI] ERROR : cuLaunchKernel -> Returned: 701
	[TornadoVM-PTX-JNI] ERROR : cuLaunchKernel -> Returned: 701
	[TornadoVM-PTX-JNI] ERROR : cuLaunchKernel -> Returned: 701
	[TornadoVM-PTX-JNI] ERROR : cuLaunchKernel -> Returned: 701
	[TornadoVM-PTX-JNI] ERROR : cuLaunchKernel -> Returned: 701
	[TornadoVM-PTX-JNI] ERROR : cuLaunchKernel -> Returned: 701
	[TornadoVM-PTX-JNI] ERROR : cuLaunchKernel -> Returned: 701
	[TornadoVM-PTX-JNI] ERROR : cuLaunchKernel -> Returned: 701
	[TornadoVM-PTX-JNI] ERROR : cuLaunchKernel -> Returned: 701
	[TornadoVM-PTX-JNI] ERROR : cuLaunchKernel -> Returned: 701
	[TornadoVM-PTX-JNI] ERROR : cuLaunchKernel -> Returned: 701
	[TornadoVM-PTX-JNI] ERROR : cuLaunchKernel -> Returned: 701
	[TornadoVM-PTX-JNI] ERROR : cuLaunchKernel -> Returned: 701
	[TornadoVM-PTX-JNI] ERROR : cuLaunchKernel -> Returned: 701
	[TornadoVM-PTX-JNI] ERROR : cuLaunchKernel -> Returned: 701
	[TornadoVM-PTX-JNI] ERROR : cuLaunchKernel -> Returned: 701
	[TornadoVM-PTX-JNI] ERROR : cuLaunchKernel -> Returned: 701
	[TornadoVM-PTX-JNI] ERROR : cuLaunchKernel -> Returned: 701
	[TornadoVM-PTX-JNI] ERROR : cuLaunchKernel -> Returned: 701
	[TornadoVM-PTX-JNI] ERROR : cuLaunchKernel -> Returned: 701
	[TornadoVM-PTX-JNI] ERROR : cuLaunchKernel -> Returned: 701
	[TornadoVM-PTX-JNI] ERROR : cuLaunchKernel -> Returned: 701
	[TornadoVM-PTX-JNI] ERROR : cuLaunchKernel -> Returned: 701
	[TornadoVM-PTX-JNI] ERROR : cuLaunchKernel -> Returned: 701
	[TornadoVM-PTX-JNI] ERROR : cuLaunchKernel -> Returned: 701
	[TornadoVM-PTX-JNI] ERROR : cuLaunchKernel -> Returned: 701
	[TornadoVM-PTX-JNI] ERROR : cuLaunchKernel -> Returned: 701
	[TornadoVM-PTX-JNI] ERROR : cuLaunchKernel -> Returned: 701
	[TornadoVM-PTX-JNI] ERROR : cuLaunchKernel -> Returned: 701
	[TornadoVM-PTX-JNI] ERROR : cuLaunchKernel -> Returned: 701
	[TornadoVM-PTX-JNI] ERROR : cuLaunchKernel -> Returned: 701
	[TornadoVM-PTX-JNI] ERROR : cuLaunchKernel -> Returned: 701
	[TornadoVM-PTX-JNI] ERROR : cuLaunchKernel -> Returned: 701
	[TornadoVM-PTX-JNI] ERROR : cuLaunchKernel -> Returned: 701
	[TornadoVM-PTX-JNI] ERROR : cuLaunchKernel -> Returned: 701
	[TornadoVM-PTX-JNI] ERROR : cuLaunchKernel -> Returned: 701
	[TornadoVM-PTX-JNI] ERROR : cuLaunchKernel -> Returned: 701
	[TornadoVM-PTX-JNI] ERROR : cuLaunchKernel -> Returned: 701
	[TornadoVM-PTX-JNI] ERROR : cuLaunchKernel -> Returned: 701
	[TornadoVM-PTX-JNI] ERROR : cuLaunchKernel -> Returned: 701
	[TornadoVM-PTX-JNI] ERROR : cuLaunchKernel -> Returned: 701
	[TornadoVM-PTX-JNI] ERROR : cuLaunchKernel -> Returned: 701
	[TornadoVM-PTX-JNI] ERROR : cuLaunchKernel -> Returned: 701
	[TornadoVM-PTX-JNI] ERROR : cuLaunchKernel -> Returned: 701
	[TornadoVM-PTX-JNI] ERROR : cuLaunchKernel -> Returned: 701
	[TornadoVM-PTX-JNI] ERROR : cuLaunchKernel -> Returned: 701
	[TornadoVM-PTX-JNI] ERROR : cuLaunchKernel -> Returned: 701
	[TornadoVM-PTX-JNI] ERROR : cuLaunchKernel -> Returned: 701
	[TornadoVM-PTX-JNI] ERROR : cuLaunchKernel -> Returned: 701
	[TornadoVM-PTX-JNI] ERROR : cuLaunchKernel -> Returned: 701
	[TornadoVM-PTX-JNI] ERROR : cuLaunchKernel -> Returned: 701
	[TornadoVM-PTX-JNI] ERROR : cuLaunchKernel -> Returned: 701
	[TornadoVM-PTX-JNI] ERROR : cuLaunchKernel -> Returned: 701
	[TornadoVM-PTX-JNI] ERROR : cuLaunchKernel -> Returned: 701
	[TornadoVM-PTX-JNI] ERROR : cuLaunchKernel -> Returned: 701
	[TornadoVM-PTX-JNI] ERROR : cuLaunchKernel -> Returned: 701
	[TornadoVM-PTX-JNI] ERROR : cuLaunchKernel -> Returned: 701
[GATHER] call=14000 totalDirty=0 maxThread=0 cumAvg=13.1 cumMaxPerThread=4
	[TornadoVM-PTX-JNI] ERROR : cuLaunchKernel -> Returned: 701
	[TornadoVM-PTX-JNI] ERROR : cuLaunchKernel -> Returned: 701
	[TornadoVM-PTX-JNI] ERROR : cuLaunchKernel -> Returned: 701
	[TornadoVM-PTX-JNI] ERROR : cuLaunchKernel -> Returned: 701
	[TornadoVM-PTX-JNI] ERROR : cuLaunchKernel -> Returned: 701
	[TornadoVM-PTX-JNI] ERROR : cuLaunchKernel -> Returned: 701
	[TornadoVM-PTX-JNI] ERROR : cuLaunchKernel -> Returned: 701
	[TornadoVM-PTX-JNI] ERROR : cuLaunchKernel -> Returned: 701
	[TornadoVM-PTX-JNI] ERROR : cuLaunchKernel -> Returned: 701
	[TornadoVM-PTX-JNI] ERROR : cuLaunchKernel -> Returned: 701
	[TornadoVM-PTX-JNI] ERROR : cuLaunchKernel -> Returned: 701
	[TornadoVM-PTX-JNI] ERROR : cuLaunchKernel -> Returned: 701
	[TornadoVM-PTX-JNI] ERROR : cuLaunchKernel -> Returned: 701
	[TornadoVM-PTX-JNI] ERROR : cuLaunchKernel -> Returned: 701
	[TornadoVM-PTX-JNI] ERROR : cuLaunchKernel -> Returned: 701
	[TornadoVM-PTX-JNI] ERROR : cuLaunchKernel -> Returned: 701
	[TornadoVM-PTX-JNI] ERROR : cuLaunchKernel -> Returned: 701
	[TornadoVM-PTX-JNI] ERROR : cuLaunchKernel -> Returned: 701
	[TornadoVM-PTX-JNI] ERROR : cuLaunchKernel -> Returned: 701
	[TornadoVM-PTX-JNI] ERROR : cuLaunchKernel -> Returned: 701
	[TornadoVM-PTX-JNI] ERROR : cuLaunchKernel -> Returned: 701
	[TornadoVM-PTX-JNI] ERROR : cuLaunchKernel -> Returned: 701
	[TornadoVM-PTX-JNI] ERROR : cuLaunchKernel -> Returned: 701
	[TornadoVM-PTX-JNI] ERROR : cuLaunchKernel -> Returned: 701
	[TornadoVM-PTX-JNI] ERROR : cuLaunchKernel -> Returned: 701
	[TornadoVM-PTX-JNI] ERROR : cuLaunchKernel -> Returned: 701
	[TornadoVM-PTX-JNI] ERROR : cuLaunchKernel -> Returned: 701
	[TornadoVM-PTX-JNI] ERROR : cuLaunchKernel -> Returned: 701
	[TornadoVM-PTX-JNI] ERROR : cuLaunchKernel -> Returned: 701
	[TornadoVM-PTX-JNI] ERROR : cuLaunchKernel -> Returned: 701
	[TornadoVM-PTX-JNI] ERROR : cuLaunchKernel -> Returned: 701
	[TornadoVM-PTX-JNI] ERROR : cuLaunchKernel -> Returned: 701
	[TornadoVM-PTX-JNI] ERROR : cuLaunchKernel -> Returned: 701
	[TornadoVM-PTX-JNI] ERROR : cuLaunchKernel -> Returned: 701
	[TornadoVM-PTX-JNI] ERROR : cuLaunchKernel -> Returned: 701
	[TornadoVM-PTX-JNI] ERROR : cuLaunchKernel -> Returned: 701
	[TornadoVM-PTX-JNI] ERROR : cuLaunchKernel -> Returned: 701
	[TornadoVM-PTX-JNI] ERROR : cuLaunchKernel -> Returned: 701
	[TornadoVM-PTX-JNI] ERROR : cuLaunchKernel -> Returned: 701
	[TornadoVM-PTX-JNI] ERROR : cuLaunchKernel -> Returned: 701
	[TornadoVM-PTX-JNI] ERROR : cuLaunchKernel -> Returned: 701
	[TornadoVM-PTX-JNI] ERROR : cuLaunchKernel -> Returned: 701
	[TornadoVM-PTX-JNI] ERROR : cuLaunchKernel -> Returned: 701
	[TornadoVM-PTX-JNI] ERROR : cuLaunchKernel -> Returned: 701
	[TornadoVM-PTX-JNI] ERROR : cuLaunchKernel -> Returned: 701
	[TornadoVM-PTX-JNI] ERROR : cuLaunchKernel -> Returned: 701
	[TornadoVM-PTX-JNI] ERROR : cuLaunchKernel -> Returned: 701
	[TornadoVM-PTX-JNI] ERROR : cuLaunchKernel -> Returned: 701
	[TornadoVM-PTX-JNI] ERROR : cuLaunchKernel -> Returned: 701
	[TornadoVM-PTX-JNI] ERROR : cuLaunchKernel -> Returned: 701
	[TornadoVM-PTX-JNI] ERROR : cuLaunchKernel -> Returned: 701
	[TornadoVM-PTX-JNI] ERROR : cuLaunchKernel -> Returned: 701
	[TornadoVM-PTX-JNI] ERROR : cuLaunchKernel -> Returned: 701
	[TornadoVM-PTX-JNI] ERROR : cuLaunchKernel -> Returned: 701
	[TornadoVM-PTX-JNI] ERROR : cuLaunchKernel -> Returned: 701
	[TornadoVM-PTX-JNI] ERROR : cuLaunchKernel -> Returned: 701
	[TornadoVM-PTX-JNI] ERROR : cuLaunchKernel -> Returned: 701
	[TornadoVM-PTX-JNI] ERROR : cuLaunchKernel -> Returned: 701
	[TornadoVM-PTX-JNI] ERROR : cuLaunchKernel -> Returned: 701
	[TornadoVM-PTX-JNI] ERROR : cuLaunchKernel -> Returned: 701
	[TornadoVM-PTX-JNI] ERROR : cuLaunchKernel -> Returned: 701
	[TornadoVM-PTX-JNI] ERROR : cuLaunchKernel -> Returned: 701
	[TornadoVM-PTX-JNI] ERROR : cuLaunchKernel -> Returned: 701
	[TornadoVM-PTX-JNI] ERROR : cuLaunchKernel -> Returned: 701
	[TornadoVM-PTX-JNI] ERROR : cuLaunchKernel -> Returned: 701
	[TornadoVM-PTX-JNI] ERROR : cuLaunchKernel -> Returned: 701
	[TornadoVM-PTX-JNI] ERROR : cuLaunchKernel -> Returned: 701
	[TornadoVM-PTX-JNI] ERROR : cuLaunchKernel -> Returned: 701
	[TornadoVM-PTX-JNI] ERROR : cuLaunchKernel -> Returned: 701
	[TornadoVM-PTX-JNI] ERROR : cuLaunchKernel -> Returned: 701
	[TornadoVM-PTX-JNI] ERROR : cuLaunchKernel -> Returned: 701
	[TornadoVM-PTX-JNI] ERROR : cuLaunchKernel -> Returned: 701
	[TornadoVM-PTX-JNI] ERROR : cuLaunchKernel -> Returned: 701
	[TornadoVM-PTX-JNI] ERROR : cuLaunchKernel -> Returned: 701
	[TornadoVM-PTX-JNI] ERROR : cuLaunchKernel -> Returned: 701
	[TornadoVM-PTX-JNI] ERROR : cuLaunchKernel -> Returned: 701
	[TornadoVM-PTX-JNI] ERROR : cuLaunchKernel -> Returned: 701
	[TornadoVM-PTX-JNI] ERROR : cuLaunchKernel -> Returned: 701
	[TornadoVM-PTX-JNI] ERROR : cuLaunchKernel -> Returned: 701
	[TornadoVM-PTX-JNI] ERROR : cuLaunchKernel -> Returned: 701
	[TornadoVM-PTX-JNI] ERROR : cuLaunchKernel -> Returned: 701
	[TornadoVM-PTX-JNI] ERROR : cuLaunchKernel -> Returned: 701
	[TornadoVM-PTX-JNI] ERROR : cuLaunchKernel -> Returned: 701
	[TornadoVM-PTX-JNI] ERROR : cuLaunchKernel -> Returned: 701
	[TornadoVM-PTX-JNI] ERROR : cuLaunchKernel -> Returned: 701
	[TornadoVM-PTX-JNI] ERROR : cuLaunchKernel -> Returned: 701
	[TornadoVM-PTX-JNI] ERROR : cuLaunchKernel -> Returned: 701
	[TornadoVM-PTX-JNI] ERROR : cuLaunchKernel -> Returned: 701
	[TornadoVM-PTX-JNI] ERROR : cuLaunchKernel -> Returned: 701
	[TornadoVM-PTX-JNI] ERROR : cuLaunchKernel -> Returned: 701
	[TornadoVM-PTX-JNI] ERROR : cuLaunchKernel -> Returned: 701
	[TornadoVM-PTX-JNI] ERROR : cuLaunchKernel -> Returned: 701
	[TornadoVM-PTX-JNI] ERROR : cuLaunchKernel -> Returned: 701
	[TornadoVM-PTX-JNI] ERROR : cuLaunchKernel -> Returned: 701
	[TornadoVM-PTX-JNI] ERROR : cuLaunchKernel -> Returned: 701
	[TornadoVM-PTX-JNI] ERROR : cuLaunchKernel -> Returned: 701
	[TornadoVM-PTX-JNI] ERROR : cuLaunchKernel -> Returned: 701
	[TornadoVM-PTX-JNI] ERROR : cuLaunchKernel -> Returned: 701
	[TornadoVM-PTX-JNI] ERROR : cuLaunchKernel -> Returned: 701
	[TornadoVM-PTX-JNI] ERROR : cuLaunchKernel -> Returned: 701
	[TornadoVM-PTX-JNI] ERROR : cuLaunchKernel -> Returned: 701
	[TornadoVM-PTX-JNI] ERROR : cuLaunchKernel -> Returned: 701
	[TornadoVM-PTX-JNI] ERROR : cuLaunchKernel -> Returned: 701
	[TornadoVM-PTX-JNI] ERROR : cuLaunchKernel -> Returned: 701
	[TornadoVM-PTX-JNI] ERROR : cuLaunchKernel -> Returned: 701
	[TornadoVM-PTX-JNI] ERROR : cuLaunchKernel -> Returned: 701
	[TornadoVM-PTX-JNI] ERROR : cuLaunchKernel -> Returned: 701
	[TornadoVM-PTX-JNI] ERROR : cuLaunchKernel -> Returned: 701
	[TornadoVM-PTX-JNI] ERROR : cuLaunchKernel -> Returned: 701
	[TornadoVM-PTX-JNI] ERROR : cuLaunchKernel -> Returned: 701
	[TornadoVM-PTX-JNI] ERROR : cuLaunchKernel -> Returned: 701
	[TornadoVM-PTX-JNI] ERROR : cuLaunchKernel -> Returned: 701
	[TornadoVM-PTX-JNI] ERROR : cuLaunchKernel -> Returned: 701
	[TornadoVM-PTX-JNI] ERROR : cuLaunchKernel -> Returned: 701
	[TornadoVM-PTX-JNI] ERROR : cuLaunchKernel -> Returned: 701
	[TornadoVM-PTX-JNI] ERROR : cuLaunchKernel -> Returned: 701
	[TornadoVM-PTX-JNI] ERROR : cuLaunchKernel -> Returned: 701
	[TornadoVM-PTX-JNI] ERROR : cuLaunchKernel -> Returned: 701
	[TornadoVM-PTX-JNI] ERROR : cuLaunchKernel -> Returned: 701
	[TornadoVM-PTX-JNI] ERROR : cuLaunchKernel -> Returned: 701
	[TornadoVM-PTX-JNI] ERROR : cuLaunchKernel -> Returned: 701
	[TornadoVM-PTX-JNI] ERROR : cuLaunchKernel -> Returned: 701
	[TornadoVM-PTX-JNI] ERROR : cuLaunchKernel -> Returned: 701
	[TornadoVM-PTX-JNI] ERROR : cuLaunchKernel -> Returned: 701
	[TornadoVM-PTX-JNI] ERROR : cuLaunchKernel -> Returned: 701
	[TornadoVM-PTX-JNI] ERROR : cuLaunchKernel -> Returned: 701
	[TornadoVM-PTX-JNI] ERROR : cuLaunchKernel -> Returned: 701
	[TornadoVM-PTX-JNI] ERROR : cuLaunchKernel -> Returned: 701
	[TornadoVM-PTX-JNI] ERROR : cuLaunchKernel -> Returned: 701
	[TornadoVM-PTX-JNI] ERROR : cuLaunchKernel -> Returned: 701
	[TornadoVM-PTX-JNI] ERROR : cuLaunchKernel -> Returned: 701
	[TornadoVM-PTX-JNI] ERROR : cuLaunchKernel -> Returned: 701
	[TornadoVM-PTX-JNI] ERROR : cuLaunchKernel -> Returned: 701
	[TornadoVM-PTX-JNI] ERROR : cuLaunchKernel -> Returned: 701
	[TornadoVM-PTX-JNI] ERROR : cuLaunchKernel -> Returned: 701
	[TornadoVM-PTX-JNI] ERROR : cuLaunchKernel -> Returned: 701
	[TornadoVM-PTX-JNI] ERROR : cuLaunchKernel -> Returned: 701
	[TornadoVM-PTX-JNI] ERROR : cuLaunchKernel -> Returned: 701
	[TornadoVM-PTX-JNI] ERROR : cuLaunchKernel -> Returned: 701
	[TornadoVM-PTX-JNI] ERROR : cuLaunchKernel -> Returned: 701
	[TornadoVM-PTX-JNI] ERROR : cuLaunchKernel -> Returned: 701
	[TornadoVM-PTX-JNI] ERROR : cuLaunchKernel -> Returned: 701
	[TornadoVM-PTX-JNI] ERROR : cuLaunchKernel -> Returned: 701
	[TornadoVM-PTX-JNI] ERROR : cuLaunchKernel -> Returned: 701
	[TornadoVM-PTX-JNI] ERROR : cuLaunchKernel -> Returned: 701
	[TornadoVM-PTX-JNI] ERROR : cuLaunchKernel -> Returned: 701
	[TornadoVM-PTX-JNI] ERROR : cuLaunchKernel -> Returned: 701
	[TornadoVM-PTX-JNI] ERROR : cuLaunchKernel -> Returned: 701
	[TornadoVM-PTX-JNI] ERROR : cuLaunchKernel -> Returned: 701
	[TornadoVM-PTX-JNI] ERROR : cuLaunchKernel -> Returned: 701
	[TornadoVM-PTX-JNI] ERROR : cuLaunchKernel -> Returned: 701
	[TornadoVM-PTX-JNI] ERROR : cuLaunchKernel -> Returned: 701
	[TornadoVM-PTX-JNI] ERROR : cuLaunchKernel -> Returned: 701
	[TornadoVM-PTX-JNI] ERROR : cuLaunchKernel -> Returned: 701
	[TornadoVM-PTX-JNI] ERROR : cuLaunchKernel -> Returned: 701
	[TornadoVM-PTX-JNI] ERROR : cuLaunchKernel -> Returned: 701
	[TornadoVM-PTX-JNI] ERROR : cuLaunchKernel -> Returned: 701
	[TornadoVM-PTX-JNI] ERROR : cuLaunchKernel -> Returned: 701
	[TornadoVM-PTX-JNI] ERROR : cuLaunchKernel -> Returned: 701
	[TornadoVM-PTX-JNI] ERROR : cuLaunchKernel -> Returned: 701
	[TornadoVM-PTX-JNI] ERROR : cuLaunchKernel -> Returned: 701
	[TornadoVM-PTX-JNI] ERROR : cuLaunchKernel -> Returned: 701
	[TornadoVM-PTX-JNI] ERROR : cuLaunchKernel -> Returned: 701
	[TornadoVM-PTX-JNI] ERROR : cuLaunchKernel -> Returned: 701
	[TornadoVM-PTX-JNI] ERROR : cuLaunchKernel -> Returned: 701
	[TornadoVM-PTX-JNI] ERROR : cuLaunchKernel -> Returned: 701
	[TornadoVM-PTX-JNI] ERROR : cuLaunchKernel -> Returned: 701
	[TornadoVM-PTX-JNI] ERROR : cuLaunchKernel -> Returned: 701
	[TornadoVM-PTX-JNI] ERROR : cuLaunchKernel -> Returned: 701
	[TornadoVM-PTX-JNI] ERROR : cuLaunchKernel -> Returned: 701
	[TornadoVM-PTX-JNI] ERROR : cuLaunchKernel -> Returned: 701
	[TornadoVM-PTX-JNI] ERROR : cuLaunchKernel -> Returned: 701
	[TornadoVM-PTX-JNI] ERROR : cuLaunchKernel -> Returned: 701
	[TornadoVM-PTX-JNI] ERROR : cuLaunchKernel -> Returned: 701
	[TornadoVM-PTX-JNI] ERROR : cuLaunchKernel -> Returned: 701
	[TornadoVM-PTX-JNI] ERROR : cuLaunchKernel -> Returned: 701
	[TornadoVM-PTX-JNI] ERROR : cuLaunchKernel -> Returned: 701
	[TornadoVM-PTX-JNI] ERROR : cuLaunchKernel -> Returned: 701
	[TornadoVM-PTX-JNI] ERROR : cuLaunchKernel -> Returned: 701
	[TornadoVM-PTX-JNI] ERROR : cuLaunchKernel -> Returned: 701
	[TornadoVM-PTX-JNI] ERROR : cuLaunchKernel -> Returned: 701
	[TornadoVM-PTX-JNI] ERROR : cuLaunchKernel -> Returned: 701
	[TornadoVM-PTX-JNI] ERROR : cuLaunchKernel -> Returned: 701
	[TornadoVM-PTX-JNI] ERROR : cuLaunchKernel -> Returned: 701
	[TornadoVM-PTX-JNI] ERROR : cuLaunchKernel -> Returned: 701
	[TornadoVM-PTX-JNI] ERROR : cuLaunchKernel -> Returned: 701
	[TornadoVM-PTX-JNI] ERROR : cuLaunchKernel -> Returned: 701
	[TornadoVM-PTX-JNI] ERROR : cuLaunchKernel -> Returned: 701
	[TornadoVM-PTX-JNI] ERROR : cuLaunchKernel -> Returned: 701
	[TornadoVM-PTX-JNI] ERROR : cuLaunchKernel -> Returned: 701
	[TornadoVM-PTX-JNI] ERROR : cuLaunchKernel -> Returned: 701
	[TornadoVM-PTX-JNI] ERROR : cuLaunchKernel -> Returned: 701
	[TornadoVM-PTX-JNI] ERROR : cuLaunchKernel -> Returned: 701
	[TornadoVM-PTX-JNI] ERROR : cuLaunchKernel -> Returned: 701
	[TornadoVM-PTX-JNI] ERROR : cuLaunchKernel -> Returned: 701
	[TornadoVM-PTX-JNI] ERROR : cuLaunchKernel -> Returned: 701
	[TornadoVM-PTX-JNI] ERROR : cuLaunchKernel -> Returned: 701
	[TornadoVM-PTX-JNI] ERROR : cuLaunchKernel -> Returned: 701
	[TornadoVM-PTX-JNI] ERROR : cuLaunchKernel -> Returned: 701
	[TornadoVM-PTX-JNI] ERROR : cuLaunchKernel -> Returned: 701
	[TornadoVM-PTX-JNI] ERROR : cuLaunchKernel -> Returned: 701
	[TornadoVM-PTX-JNI] ERROR : cuLaunchKernel -> Returned: 701
	[TornadoVM-PTX-JNI] ERROR : cuLaunchKernel -> Returned: 701
	[TornadoVM-PTX-JNI] ERROR : cuLaunchKernel -> Returned: 701
	[TornadoVM-PTX-JNI] ERROR : cuLaunchKernel -> Returned: 701
	[TornadoVM-PTX-JNI] ERROR : cuLaunchKernel -> Returned: 701
	[TornadoVM-PTX-JNI] ERROR : cuLaunchKernel -> Returned: 701
	[TornadoVM-PTX-JNI] ERROR : cuLaunchKernel -> Returned: 701
	[TornadoVM-PTX-JNI] ERROR : cuLaunchKernel -> Returned: 701
	[TornadoVM-PTX-JNI] ERROR : cuLaunchKernel -> Returned: 701
	[TornadoVM-PTX-JNI] ERROR : cuLaunchKernel -> Returned: 701
	[TornadoVM-PTX-JNI] ERROR : cuLaunchKernel -> Returned: 701
	[TornadoVM-PTX-JNI] ERROR : cuLaunchKernel -> Returned: 701
	[TornadoVM-PTX-JNI] ERROR : cuLaunchKernel -> Returned: 701
	[TornadoVM-PTX-JNI] ERROR : cuLaunchKernel -> Returned: 701
	[TornadoVM-PTX-JNI] ERROR : cuLaunchKernel -> Returned: 701
	[TornadoVM-PTX-JNI] ERROR : cuLaunchKernel -> Returned: 701
	[TornadoVM-PTX-JNI] ERROR : cuLaunchKernel -> Returned: 701
	[TornadoVM-PTX-JNI] ERROR : cuLaunchKernel -> Returned: 701
	[TornadoVM-PTX-JNI] ERROR : cuLaunchKernel -> Returned: 701
	[TornadoVM-PTX-JNI] ERROR : cuLaunchKernel -> Returned: 701
	[TornadoVM-PTX-JNI] ERROR : cuLaunchKernel -> Returned: 701
	[TornadoVM-PTX-JNI] ERROR : cuLaunchKernel -> Returned: 701
	[TornadoVM-PTX-JNI] ERROR : cuLaunchKernel -> Returned: 701
	[TornadoVM-PTX-JNI] ERROR : cuLaunchKernel -> Returned: 701
	[TornadoVM-PTX-JNI] ERROR : cuLaunchKernel -> Returned: 701
	[TornadoVM-PTX-JNI] ERROR : cuLaunchKernel -> Returned: 701
	[TornadoVM-PTX-JNI] ERROR : cuLaunchKernel -> Returned: 701
	[TornadoVM-PTX-JNI] ERROR : cuLaunchKernel -> Returned: 701
	[TornadoVM-PTX-JNI] ERROR : cuLaunchKernel -> Returned: 701
	[TornadoVM-PTX-JNI] ERROR : cuLaunchKernel -> Returned: 701
	[TornadoVM-PTX-JNI] ERROR : cuLaunchKernel -> Returned: 701
	[TornadoVM-PTX-JNI] ERROR : cuLaunchKernel -> Returned: 701
	[TornadoVM-PTX-JNI] ERROR : cuLaunchKernel -> Returned: 701
	[TornadoVM-PTX-JNI] ERROR : cuLaunchKernel -> Returned: 701
	[TornadoVM-PTX-JNI] ERROR : cuLaunchKernel -> Returned: 701
	[TornadoVM-PTX-JNI] ERROR : cuLaunchKernel -> Returned: 701
	[TornadoVM-PTX-JNI] ERROR : cuLaunchKernel -> Returned: 701
	[TornadoVM-PTX-JNI] ERROR : cuLaunchKernel -> Returned: 701
	[TornadoVM-PTX-JNI] ERROR : cuLaunchKernel -> Returned: 701
	[TornadoVM-PTX-JNI] ERROR : cuLaunchKernel -> Returned: 701
	[TornadoVM-PTX-JNI] ERROR : cuLaunchKernel -> Returned: 701
	[TornadoVM-PTX-JNI] ERROR : cuLaunchKernel -> Returned: 701
	[TornadoVM-PTX-JNI] ERROR : cuLaunchKernel -> Returned: 701
	[TornadoVM-PTX-JNI] ERROR : cuLaunchKernel -> Returned: 701
	[TornadoVM-PTX-JNI] ERROR : cuLaunchKernel -> Returned: 701
	[TornadoVM-PTX-JNI] ERROR : cuLaunchKernel -> Returned: 701
	[TornadoVM-PTX-JNI] ERROR : cuLaunchKernel -> Returned: 701
	[TornadoVM-PTX-JNI] ERROR : cuLaunchKernel -> Returned: 701
	[TornadoVM-PTX-JNI] ERROR : cuLaunchKernel -> Returned: 701
	[TornadoVM-PTX-JNI] ERROR : cuLaunchKernel -> Returned: 701
	[TornadoVM-PTX-JNI] ERROR : cuLaunchKernel -> Returned: 701
	[TornadoVM-PTX-JNI] ERROR : cuLaunchKernel -> Returned: 701
	[TornadoVM-PTX-JNI] ERROR : cuLaunchKernel -> Returned: 701
	[TornadoVM-PTX-JNI] ERROR : cuLaunchKernel -> Returned: 701
	[TornadoVM-PTX-JNI] ERROR : cuLaunchKernel -> Returned: 701
	[TornadoVM-PTX-JNI] ERROR : cuLaunchKernel -> Returned: 701
	[TornadoVM-PTX-JNI] ERROR : cuLaunchKernel -> Returned: 701
	[TornadoVM-PTX-JNI] ERROR : cuLaunchKernel -> Returned: 701
	[TornadoVM-PTX-JNI] ERROR : cuLaunchKernel -> Returned: 701
	[TornadoVM-PTX-JNI] ERROR : cuLaunchKernel -> Returned: 701
	[TornadoVM-PTX-JNI] ERROR : cuLaunchKernel -> Returned: 701
	[TornadoVM-PTX-JNI] ERROR : cuLaunchKernel -> Returned: 701
	[TornadoVM-PTX-JNI] ERROR : cuLaunchKernel -> Returned: 701
	[TornadoVM-PTX-JNI] ERROR : cuLaunchKernel -> Returned: 701
	[TornadoVM-PTX-JNI] ERROR : cuLaunchKernel -> Returned: 701
	[TornadoVM-PTX-JNI] ERROR : cuLaunchKernel -> Returned: 701
	[TornadoVM-PTX-JNI] ERROR : cuLaunchKernel -> Returned: 701
	[TornadoVM-PTX-JNI] ERROR : cuLaunchKernel -> Returned: 701
	[TornadoVM-PTX-JNI] ERROR : cuLaunchKernel -> Returned: 701
	[TornadoVM-PTX-JNI] ERROR : cuLaunchKernel -> Returned: 701
	[TornadoVM-PTX-JNI] ERROR : cuLaunchKernel -> Returned: 701
	[TornadoVM-PTX-JNI] ERROR : cuLaunchKernel -> Returned: 701
	[TornadoVM-PTX-JNI] ERROR : cuLaunchKernel -> Returned: 701
	[TornadoVM-PTX-JNI] ERROR : cuLaunchKernel -> Returned: 701
	[TornadoVM-PTX-JNI] ERROR : cuLaunchKernel -> Returned: 701
	[TornadoVM-PTX-JNI] ERROR : cuLaunchKernel -> Returned: 701
	[TornadoVM-PTX-JNI] ERROR : cuLaunchKernel -> Returned: 701
	[TornadoVM-PTX-JNI] ERROR : cuLaunchKernel -> Returned: 701
	[TornadoVM-PTX-JNI] ERROR : cuLaunchKernel -> Returned: 701
	[TornadoVM-PTX-JNI] ERROR : cuLaunchKernel -> Returned: 701
	[TornadoVM-PTX-JNI] ERROR : cuLaunchKernel -> Returned: 701
	[TornadoVM-PTX-JNI] ERROR : cuLaunchKernel -> Returned: 701
	[TornadoVM-PTX-JNI] ERROR : cuLaunchKernel -> Returned: 701
	[TornadoVM-PTX-JNI] ERROR : cuLaunchKernel -> Returned: 701
	[TornadoVM-PTX-JNI] ERROR : cuLaunchKernel -> Returned: 701
	[TornadoVM-PTX-JNI] ERROR : cuLaunchKernel -> Returned: 701
	[TornadoVM-PTX-JNI] ERROR : cuLaunchKernel -> Returned: 701
	[TornadoVM-PTX-JNI] ERROR : cuLaunchKernel -> Returned: 701
	[TornadoVM-PTX-JNI] ERROR : cuLaunchKernel -> Returned: 701
	[TornadoVM-PTX-JNI] ERROR : cuLaunchKernel -> Returned: 701
	[TornadoVM-PTX-JNI] ERROR : cuLaunchKernel -> Returned: 701
	[TornadoVM-PTX-JNI] ERROR : cuLaunchKernel -> Returned: 701
	[TornadoVM-PTX-JNI] ERROR : cuLaunchKernel -> Returned: 701
	[TornadoVM-PTX-JNI] ERROR : cuLaunchKernel -> Returned: 701
	[TornadoVM-PTX-JNI] ERROR : cuLaunchKernel -> Returned: 701
	[TornadoVM-PTX-JNI] ERROR : cuLaunchKernel -> Returned: 701
	[TornadoVM-PTX-JNI] ERROR : cuLaunchKernel -> Returned: 701
	[TornadoVM-PTX-JNI] ERROR : cuLaunchKernel -> Returned: 701
	[TornadoVM-PTX-JNI] ERROR : cuLaunchKernel -> Returned: 701
	[TornadoVM-PTX-JNI] ERROR : cuLaunchKernel -> Returned: 701
	[TornadoVM-PTX-JNI] ERROR : cuLaunchKernel -> Returned: 701
	[TornadoVM-PTX-JNI] ERROR : cuLaunchKernel -> Returned: 701
	[TornadoVM-PTX-JNI] ERROR : cuLaunchKernel -> Returned: 701
	[TornadoVM-PTX-JNI] ERROR : cuLaunchKernel -> Returned: 701
	[TornadoVM-PTX-JNI] ERROR : cuLaunchKernel -> Returned: 701
	[TornadoVM-PTX-JNI] ERROR : cuLaunchKernel -> Returned: 701
	[TornadoVM-PTX-JNI] ERROR : cuLaunchKernel -> Returned: 701
	[TornadoVM-PTX-JNI] ERROR : cuLaunchKernel -> Returned: 701
	[TornadoVM-PTX-JNI] ERROR : cuLaunchKernel -> Returned: 701
	[TornadoVM-PTX-JNI] ERROR : cuLaunchKernel -> Returned: 701
	[TornadoVM-PTX-JNI] ERROR : cuLaunchKernel -> Returned: 701
	[TornadoVM-PTX-JNI] ERROR : cuLaunchKernel -> Returned: 701
	[TornadoVM-PTX-JNI] ERROR : cuLaunchKernel -> Returned: 701
	[TornadoVM-PTX-JNI] ERROR : cuLaunchKernel -> Returned: 701
	[TornadoVM-PTX-JNI] ERROR : cuLaunchKernel -> Returned: 701
	[TornadoVM-PTX-JNI] ERROR : cuLaunchKernel -> Returned: 701
	[TornadoVM-PTX-JNI] ERROR : cuLaunchKernel -> Returned: 701
	[TornadoVM-PTX-JNI] ERROR : cuLaunchKernel -> Returned: 701
	[TornadoVM-PTX-JNI] ERROR : cuLaunchKernel -> Returned: 701
	[TornadoVM-PTX-JNI] ERROR : cuLaunchKernel -> Returned: 701
	[TornadoVM-PTX-JNI] ERROR : cuLaunchKernel -> Returned: 701
	[TornadoVM-PTX-JNI] ERROR : cuLaunchKernel -> Returned: 701
	[TornadoVM-PTX-JNI] ERROR : cuLaunchKernel -> Returned: 701
	[TornadoVM-PTX-JNI] ERROR : cuLaunchKernel -> Returned: 701
	[TornadoVM-PTX-JNI] ERROR : cuLaunchKernel -> Returned: 701
	[TornadoVM-PTX-JNI] ERROR : cuLaunchKernel -> Returned: 701
	[TornadoVM-PTX-JNI] ERROR : cuLaunchKernel -> Returned: 701
	[TornadoVM-PTX-JNI] ERROR : cuLaunchKernel -> Returned: 701
	[TornadoVM-PTX-JNI] ERROR : cuLaunchKernel -> Returned: 701
	[TornadoVM-PTX-JNI] ERROR : cuLaunchKernel -> Returned: 701
	[TornadoVM-PTX-JNI] ERROR : cuLaunchKernel -> Returned: 701
	[TornadoVM-PTX-JNI] ERROR : cuLaunchKernel -> Returned: 701
	[TornadoVM-PTX-JNI] ERROR : cuLaunchKernel -> Returned: 701
	[TornadoVM-PTX-JNI] ERROR : cuLaunchKernel -> Returned: 701
	[TornadoVM-PTX-JNI] ERROR : cuLaunchKernel -> Returned: 701
	[TornadoVM-PTX-JNI] ERROR : cuLaunchKernel -> Returned: 701
	[TornadoVM-PTX-JNI] ERROR : cuLaunchKernel -> Returned: 701
	[TornadoVM-PTX-JNI] ERROR : cuLaunchKernel -> Returned: 701
	[TornadoVM-PTX-JNI] ERROR : cuLaunchKernel -> Returned: 701
	[TornadoVM-PTX-JNI] ERROR : cuLaunchKernel -> Returned: 701
	[TornadoVM-PTX-JNI] ERROR : cuLaunchKernel -> Returned: 701
	[TornadoVM-PTX-JNI] ERROR : cuLaunchKernel -> Returned: 701
	[TornadoVM-PTX-JNI] ERROR : cuLaunchKernel -> Returned: 701
	[TornadoVM-PTX-JNI] ERROR : cuLaunchKernel -> Returned: 701
	[TornadoVM-PTX-JNI] ERROR : cuLaunchKernel -> Returned: 701
	[TornadoVM-PTX-JNI] ERROR : cuLaunchKernel -> Returned: 701
	[TornadoVM-PTX-JNI] ERROR : cuLaunchKernel -> Returned: 701
	[TornadoVM-PTX-JNI] ERROR : cuLaunchKernel -> Returned: 701
	[TornadoVM-PTX-JNI] ERROR : cuLaunchKernel -> Returned: 701
	[TornadoVM-PTX-JNI] ERROR : cuLaunchKernel -> Returned: 701
	[TornadoVM-PTX-JNI] ERROR : cuLaunchKernel -> Returned: 701
	[TornadoVM-PTX-JNI] ERROR : cuLaunchKernel -> Returned: 701
	[TornadoVM-PTX-JNI] ERROR : cuLaunchKernel -> Returned: 701
	[TornadoVM-PTX-JNI] ERROR : cuLaunchKernel -> Returned: 701
	[TornadoVM-PTX-JNI] ERROR : cuLaunchKernel -> Returned: 701
	[TornadoVM-PTX-JNI] ERROR : cuLaunchKernel -> Returned: 701
	[TornadoVM-PTX-JNI] ERROR : cuLaunchKernel -> Returned: 701
	[TornadoVM-PTX-JNI] ERROR : cuLaunchKernel -> Returned: 701
	[TornadoVM-PTX-JNI] ERROR : cuLaunchKernel -> Returned: 701
	[TornadoVM-PTX-JNI] ERROR : cuLaunchKernel -> Returned: 701
	[TornadoVM-PTX-JNI] ERROR : cuLaunchKernel -> Returned: 701
	[TornadoVM-PTX-JNI] ERROR : cuLaunchKernel -> Returned: 701
	[TornadoVM-PTX-JNI] ERROR : cuLaunchKernel -> Returned: 701
	[TornadoVM-PTX-JNI] ERROR : cuLaunchKernel -> Returned: 701
	[TornadoVM-PTX-JNI] ERROR : cuLaunchKernel -> Returned: 701
	[TornadoVM-PTX-JNI] ERROR : cuLaunchKernel -> Returned: 701
	[TornadoVM-PTX-JNI] ERROR : cuLaunchKernel -> Returned: 701
	[TornadoVM-PTX-JNI] ERROR : cuLaunchKernel -> Returned: 701
	[TornadoVM-PTX-JNI] ERROR : cuLaunchKernel -> Returned: 701
	[TornadoVM-PTX-JNI] ERROR : cuLaunchKernel -> Returned: 701
	[TornadoVM-PTX-JNI] ERROR : cuLaunchKernel -> Returned: 701
	[TornadoVM-PTX-JNI] ERROR : cuLaunchKernel -> Returned: 701
	[TornadoVM-PTX-JNI] ERROR : cuLaunchKernel -> Returned: 701
	[TornadoVM-PTX-JNI] ERROR : cuLaunchKernel -> Returned: 701
	[TornadoVM-PTX-JNI] ERROR : cuLaunchKernel -> Returned: 701
	[TornadoVM-PTX-JNI] ERROR : cuLaunchKernel -> Returned: 701
	[TornadoVM-PTX-JNI] ERROR : cuLaunchKernel -> Returned: 701
	[TornadoVM-PTX-JNI] ERROR : cuLaunchKernel -> Returned: 701
	[TornadoVM-PTX-JNI] ERROR : cuLaunchKernel -> Returned: 701
	[TornadoVM-PTX-JNI] ERROR : cuLaunchKernel -> Returned: 701
	[TornadoVM-PTX-JNI] ERROR : cuLaunchKernel -> Returned: 701
	[TornadoVM-PTX-JNI] ERROR : cuLaunchKernel -> Returned: 701
	[TornadoVM-PTX-JNI] ERROR : cuLaunchKernel -> Returned: 701
	[TornadoVM-PTX-JNI] ERROR : cuLaunchKernel -> Returned: 701
	[TornadoVM-PTX-JNI] ERROR : cuLaunchKernel -> Returned: 701
	[TornadoVM-PTX-JNI] ERROR : cuLaunchKernel -> Returned: 701
	[TornadoVM-PTX-JNI] ERROR : cuLaunchKernel -> Returned: 701
	[TornadoVM-PTX-JNI] ERROR : cuLaunchKernel -> Returned: 701
	[TornadoVM-PTX-JNI] ERROR : cuLaunchKernel -> Returned: 701
	[TornadoVM-PTX-JNI] ERROR : cuLaunchKernel -> Returned: 701
	[TornadoVM-PTX-JNI] ERROR : cuLaunchKernel -> Returned: 701
	[TornadoVM-PTX-JNI] ERROR : cuLaunchKernel -> Returned: 701
	[TornadoVM-PTX-JNI] ERROR : cuLaunchKernel -> Returned: 701
	[TornadoVM-PTX-JNI] ERROR : cuLaunchKernel -> Returned: 701
	[TornadoVM-PTX-JNI] ERROR : cuLaunchKernel -> Returned: 701
	[TornadoVM-PTX-JNI] ERROR : cuLaunchKernel -> Returned: 701
	[TornadoVM-PTX-JNI] ERROR : cuLaunchKernel -> Returned: 701
	[TornadoVM-PTX-JNI] ERROR : cuLaunchKernel -> Returned: 701
	[TornadoVM-PTX-JNI] ERROR : cuLaunchKernel -> Returned: 701
	[TornadoVM-PTX-JNI] ERROR : cuLaunchKernel -> Returned: 701
	[TornadoVM-PTX-JNI] ERROR : cuLaunchKernel -> Returned: 701
	[TornadoVM-PTX-JNI] ERROR : cuLaunchKernel -> Returned: 701
	[TornadoVM-PTX-JNI] ERROR : cuLaunchKernel -> Returned: 701
	[TornadoVM-PTX-JNI] ERROR : cuLaunchKernel -> Returned: 701
	[TornadoVM-PTX-JNI] ERROR : cuLaunchKernel -> Returned: 701
	[TornadoVM-PTX-JNI] ERROR : cuLaunchKernel -> Returned: 701
	[TornadoVM-PTX-JNI] ERROR : cuLaunchKernel -> Returned: 701
	[TornadoVM-PTX-JNI] ERROR : cuLaunchKernel -> Returned: 701
	[TornadoVM-PTX-JNI] ERROR : cuLaunchKernel -> Returned: 701
	[TornadoVM-PTX-JNI] ERROR : cuLaunchKernel -> Returned: 701
	[TornadoVM-PTX-JNI] ERROR : cuLaunchKernel -> Returned: 701
	[TornadoVM-PTX-JNI] ERROR : cuLaunchKernel -> Returned: 701
	[TornadoVM-PTX-JNI] ERROR : cuLaunchKernel -> Returned: 701
	[TornadoVM-PTX-JNI] ERROR : cuLaunchKernel -> Returned: 701
	[TornadoVM-PTX-JNI] ERROR : cuLaunchKernel -> Returned: 701
	[TornadoVM-PTX-JNI] ERROR : cuLaunchKernel -> Returned: 701
	[TornadoVM-PTX-JNI] ERROR : cuLaunchKernel -> Returned: 701
	[TornadoVM-PTX-JNI] ERROR : cuLaunchKernel -> Returned: 701
	[TornadoVM-PTX-JNI] ERROR : cuLaunchKernel -> Returned: 701
	[TornadoVM-PTX-JNI] ERROR : cuLaunchKernel -> Returned: 701
	[TornadoVM-PTX-JNI] ERROR : cuLaunchKernel -> Returned: 701
	[TornadoVM-PTX-JNI] ERROR : cuLaunchKernel -> Returned: 701
	[TornadoVM-PTX-JNI] ERROR : cuLaunchKernel -> Returned: 701
	[TornadoVM-PTX-JNI] ERROR : cuLaunchKernel -> Returned: 701
	[TornadoVM-PTX-JNI] ERROR : cuLaunchKernel -> Returned: 701
	[TornadoVM-PTX-JNI] ERROR : cuLaunchKernel -> Returned: 701
	[TornadoVM-PTX-JNI] ERROR : cuLaunchKernel -> Returned: 701
	[TornadoVM-PTX-JNI] ERROR : cuLaunchKernel -> Returned: 701
	[TornadoVM-PTX-JNI] ERROR : cuLaunchKernel -> Returned: 701
	[TornadoVM-PTX-JNI] ERROR : cuLaunchKernel -> Returned: 701
	[TornadoVM-PTX-JNI] ERROR : cuLaunchKernel -> Returned: 701
	[TornadoVM-PTX-JNI] ERROR : cuLaunchKernel -> Returned: 701
	[TornadoVM-PTX-JNI] ERROR : cuLaunchKernel -> Returned: 701
	[TornadoVM-PTX-JNI] ERROR : cuLaunchKernel -> Returned: 701
	[TornadoVM-PTX-JNI] ERROR : cuLaunchKernel -> Returned: 701
	[TornadoVM-PTX-JNI] ERROR : cuLaunchKernel -> Returned: 701
	[TornadoVM-PTX-JNI] ERROR : cuLaunchKernel -> Returned: 701
	[TornadoVM-PTX-JNI] ERROR : cuLaunchKernel -> Returned: 701
	[TornadoVM-PTX-JNI] ERROR : cuLaunchKernel -> Returned: 701
	[TornadoVM-PTX-JNI] ERROR : cuLaunchKernel -> Returned: 701
	[TornadoVM-PTX-JNI] ERROR : cuLaunchKernel -> Returned: 701
	[TornadoVM-PTX-JNI] ERROR : cuLaunchKernel -> Returned: 701
	[TornadoVM-PTX-JNI] ERROR : cuLaunchKernel -> Returned: 701
	[TornadoVM-PTX-JNI] ERROR : cuLaunchKernel -> Returned: 701
	[TornadoVM-PTX-JNI] ERROR : cuLaunchKernel -> Returned: 701
	[TornadoVM-PTX-JNI] ERROR : cuLaunchKernel -> Returned: 701
	[TornadoVM-PTX-JNI] ERROR : cuLaunchKernel -> Returned: 701
	[TornadoVM-PTX-JNI] ERROR : cuLaunchKernel -> Returned: 701
	[TornadoVM-PTX-JNI] ERROR : cuLaunchKernel -> Returned: 701
	[TornadoVM-PTX-JNI] ERROR : cuLaunchKernel -> Returned: 701
	[TornadoVM-PTX-JNI] ERROR : cuLaunchKernel -> Returned: 701
	[TornadoVM-PTX-JNI] ERROR : cuLaunchKernel -> Returned: 701
	[TornadoVM-PTX-JNI] ERROR : cuLaunchKernel -> Returned: 701
	[TornadoVM-PTX-JNI] ERROR : cuLaunchKernel -> Returned: 701
	[TornadoVM-PTX-JNI] ERROR : cuLaunchKernel -> Returned: 701
	[TornadoVM-PTX-JNI] ERROR : cuLaunchKernel -> Returned: 701
	[TornadoVM-PTX-JNI] ERROR : cuLaunchKernel -> Returned: 701
	[TornadoVM-PTX-JNI] ERROR : cuLaunchKernel -> Returned: 701
	[TornadoVM-PTX-JNI] ERROR : cuLaunchKernel -> Returned: 701
	[TornadoVM-PTX-JNI] ERROR : cuLaunchKernel -> Returned: 701
	[TornadoVM-PTX-JNI] ERROR : cuLaunchKernel -> Returned: 701
	[TornadoVM-PTX-JNI] ERROR : cuLaunchKernel -> Returned: 701
	[TornadoVM-PTX-JNI] ERROR : cuLaunchKernel -> Returned: 701
	[TornadoVM-PTX-JNI] ERROR : cuLaunchKernel -> Returned: 701
	[TornadoVM-PTX-JNI] ERROR : cuLaunchKernel -> Returned: 701
	[TornadoVM-PTX-JNI] ERROR : cuLaunchKernel -> Returned: 701
	[TornadoVM-PTX-JNI] ERROR : cuLaunchKernel -> Returned: 701
	[TornadoVM-PTX-JNI] ERROR : cuLaunchKernel -> Returned: 701
	[TornadoVM-PTX-JNI] ERROR : cuLaunchKernel -> Returned: 701
	[TornadoVM-PTX-JNI] ERROR : cuLaunchKernel -> Returned: 701
	[TornadoVM-PTX-JNI] ERROR : cuLaunchKernel -> Returned: 701
	[TornadoVM-PTX-JNI] ERROR : cuLaunchKernel -> Returned: 701
	[TornadoVM-PTX-JNI] ERROR : cuLaunchKernel -> Returned: 701
	[TornadoVM-PTX-JNI] ERROR : cuLaunchKernel -> Returned: 701
	[TornadoVM-PTX-JNI] ERROR : cuLaunchKernel -> Returned: 701
	[TornadoVM-PTX-JNI] ERROR : cuLaunchKernel -> Returned: 701
	[TornadoVM-PTX-JNI] ERROR : cuLaunchKernel -> Returned: 701
	[TornadoVM-PTX-JNI] ERROR : cuLaunchKernel -> Returned: 701
	[TornadoVM-PTX-JNI] ERROR : cuLaunchKernel -> Returned: 701
	[TornadoVM-PTX-JNI] ERROR : cuLaunchKernel -> Returned: 701
	[TornadoVM-PTX-JNI] ERROR : cuLaunchKernel -> Returned: 701
	[TornadoVM-PTX-JNI] ERROR : cuLaunchKernel -> Returned: 701
	[TornadoVM-PTX-JNI] ERROR : cuLaunchKernel -> Returned: 701
	[TornadoVM-PTX-JNI] ERROR : cuLaunchKernel -> Returned: 701
	[TornadoVM-PTX-JNI] ERROR : cuLaunchKernel -> Returned: 701
	[TornadoVM-PTX-JNI] ERROR : cuLaunchKernel -> Returned: 701
	[TornadoVM-PTX-JNI] ERROR : cuLaunchKernel -> Returned: 701
	[TornadoVM-PTX-JNI] ERROR : cuLaunchKernel -> Returned: 701
	[TornadoVM-PTX-JNI] ERROR : cuLaunchKernel -> Returned: 701
	[TornadoVM-PTX-JNI] ERROR : cuLaunchKernel -> Returned: 701
	[TornadoVM-PTX-JNI] ERROR : cuLaunchKernel -> Returned: 701
	[TornadoVM-PTX-JNI] ERROR : cuLaunchKernel -> Returned: 701
	[TornadoVM-PTX-JNI] ERROR : cuLaunchKernel -> Returned: 701
	[TornadoVM-PTX-JNI] ERROR : cuLaunchKernel -> Returned: 701
	[TornadoVM-PTX-JNI] ERROR : cuLaunchKernel -> Returned: 701
	[TornadoVM-PTX-JNI] ERROR : cuLaunchKernel -> Returned: 701
	[TornadoVM-PTX-JNI] ERROR : cuLaunchKernel -> Returned: 701
	[TornadoVM-PTX-JNI] ERROR : cuLaunchKernel -> Returned: 701
	[TornadoVM-PTX-JNI] ERROR : cuLaunchKernel -> Returned: 701
[GATHER] call=15000 totalDirty=0 maxThread=0 cumAvg=13.1 cumMaxPerThread=4
	[TornadoVM-PTX-JNI] ERROR : cuLaunchKernel -> Returned: 701
	[TornadoVM-PTX-JNI] ERROR : cuLaunchKernel -> Returned: 701
	[TornadoVM-PTX-JNI] ERROR : cuLaunchKernel -> Returned: 701
	[TornadoVM-PTX-JNI] ERROR : cuLaunchKernel -> Returned: 701
	[TornadoVM-PTX-JNI] ERROR : cuLaunchKernel -> Returned: 701
	[TornadoVM-PTX-JNI] ERROR : cuLaunchKernel -> Returned: 701
	[TornadoVM-PTX-JNI] ERROR : cuLaunchKernel -> Returned: 701
	[TornadoVM-PTX-JNI] ERROR : cuLaunchKernel -> Returned: 701
	[TornadoVM-PTX-JNI] ERROR : cuLaunchKernel -> Returned: 701
	[TornadoVM-PTX-JNI] ERROR : cuLaunchKernel -> Returned: 701
	[TornadoVM-PTX-JNI] ERROR : cuLaunchKernel -> Returned: 701
	[TornadoVM-PTX-JNI] ERROR : cuLaunchKernel -> Returned: 701
	[TornadoVM-PTX-JNI] ERROR : cuLaunchKernel -> Returned: 701
	[TornadoVM-PTX-JNI] ERROR : cuLaunchKernel -> Returned: 701
	[TornadoVM-PTX-JNI] ERROR : cuLaunchKernel -> Returned: 701
	[TornadoVM-PTX-JNI] ERROR : cuLaunchKernel -> Returned: 701
	[TornadoVM-PTX-JNI] ERROR : cuLaunchKernel -> Returned: 701
	[TornadoVM-PTX-JNI] ERROR : cuLaunchKernel -> Returned: 701
	[TornadoVM-PTX-JNI] ERROR : cuLaunchKernel -> Returned: 701
	[TornadoVM-PTX-JNI] ERROR : cuLaunchKernel -> Returned: 701
	[TornadoVM-PTX-JNI] ERROR : cuLaunchKernel -> Returned: 701
	[TornadoVM-PTX-JNI] ERROR : cuLaunchKernel -> Returned: 701
	[TornadoVM-PTX-JNI] ERROR : cuLaunchKernel -> Returned: 701
	[TornadoVM-PTX-JNI] ERROR : cuLaunchKernel -> Returned: 701
	[TornadoVM-PTX-JNI] ERROR : cuLaunchKernel -> Returned: 701
	[TornadoVM-PTX-JNI] ERROR : cuLaunchKernel -> Returned: 701
	[TornadoVM-PTX-JNI] ERROR : cuLaunchKernel -> Returned: 701
	[TornadoVM-PTX-JNI] ERROR : cuLaunchKernel -> Returned: 701
	[TornadoVM-PTX-JNI] ERROR : cuLaunchKernel -> Returned: 701
	[TornadoVM-PTX-JNI] ERROR : cuLaunchKernel -> Returned: 701
	[TornadoVM-PTX-JNI] ERROR : cuLaunchKernel -> Returned: 701
	[TornadoVM-PTX-JNI] ERROR : cuLaunchKernel -> Returned: 701
	[TornadoVM-PTX-JNI] ERROR : cuLaunchKernel -> Returned: 701
	[TornadoVM-PTX-JNI] ERROR : cuLaunchKernel -> Returned: 701
	[TornadoVM-PTX-JNI] ERROR : cuLaunchKernel -> Returned: 701
	[TornadoVM-PTX-JNI] ERROR : cuLaunchKernel -> Returned: 701
	[TornadoVM-PTX-JNI] ERROR : cuLaunchKernel -> Returned: 701
	[TornadoVM-PTX-JNI] ERROR : cuLaunchKernel -> Returned: 701
	[TornadoVM-PTX-JNI] ERROR : cuLaunchKernel -> Returned: 701
	[TornadoVM-PTX-JNI] ERROR : cuLaunchKernel -> Returned: 701
	[TornadoVM-PTX-JNI] ERROR : cuLaunchKernel -> Returned: 701
	[TornadoVM-PTX-JNI] ERROR : cuLaunchKernel -> Returned: 701
	[TornadoVM-PTX-JNI] ERROR : cuLaunchKernel -> Returned: 701
	[TornadoVM-PTX-JNI] ERROR : cuLaunchKernel -> Returned: 701
	[TornadoVM-PTX-JNI] ERROR : cuLaunchKernel -> Returned: 701
	[TornadoVM-PTX-JNI] ERROR : cuLaunchKernel -> Returned: 701
	[TornadoVM-PTX-JNI] ERROR : cuLaunchKernel -> Returned: 701
	[TornadoVM-PTX-JNI] ERROR : cuLaunchKernel -> Returned: 701
	[TornadoVM-PTX-JNI] ERROR : cuLaunchKernel -> Returned: 701
	[TornadoVM-PTX-JNI] ERROR : cuLaunchKernel -> Returned: 701
	[TornadoVM-PTX-JNI] ERROR : cuLaunchKernel -> Returned: 701
	[TornadoVM-PTX-JNI] ERROR : cuLaunchKernel -> Returned: 701
	[TornadoVM-PTX-JNI] ERROR : cuLaunchKernel -> Returned: 701
	[TornadoVM-PTX-JNI] ERROR : cuLaunchKernel -> Returned: 701
	[TornadoVM-PTX-JNI] ERROR : cuLaunchKernel -> Returned: 701
	[TornadoVM-PTX-JNI] ERROR : cuLaunchKernel -> Returned: 701
	[TornadoVM-PTX-JNI] ERROR : cuLaunchKernel -> Returned: 701
	[TornadoVM-PTX-JNI] ERROR : cuLaunchKernel -> Returned: 701
	[TornadoVM-PTX-JNI] ERROR : cuLaunchKernel -> Returned: 701
	[TornadoVM-PTX-JNI] ERROR : cuLaunchKernel -> Returned: 701
	[TornadoVM-PTX-JNI] ERROR : cuLaunchKernel -> Returned: 701
	[TornadoVM-PTX-JNI] ERROR : cuLaunchKernel -> Returned: 701
	[TornadoVM-PTX-JNI] ERROR : cuLaunchKernel -> Returned: 701
	[TornadoVM-PTX-JNI] ERROR : cuLaunchKernel -> Returned: 701
	[TornadoVM-PTX-JNI] ERROR : cuLaunchKernel -> Returned: 701
	[TornadoVM-PTX-JNI] ERROR : cuLaunchKernel -> Returned: 701
	[TornadoVM-PTX-JNI] ERROR : cuLaunchKernel -> Returned: 701
	[TornadoVM-PTX-JNI] ERROR : cuLaunchKernel -> Returned: 701
	[TornadoVM-PTX-JNI] ERROR : cuLaunchKernel -> Returned: 701
	[TornadoVM-PTX-JNI] ERROR : cuLaunchKernel -> Returned: 701
	[TornadoVM-PTX-JNI] ERROR : cuLaunchKernel -> Returned: 701
	[TornadoVM-PTX-JNI] ERROR : cuLaunchKernel -> Returned: 701
	[TornadoVM-PTX-JNI] ERROR : cuLaunchKernel -> Returned: 701
	[TornadoVM-PTX-JNI] ERROR : cuLaunchKernel -> Returned: 701
	[TornadoVM-PTX-JNI] ERROR : cuLaunchKernel -> Returned: 701
	[TornadoVM-PTX-JNI] ERROR : cuLaunchKernel -> Returned: 701
	[TornadoVM-PTX-JNI] ERROR : cuLaunchKernel -> Returned: 701
	[TornadoVM-PTX-JNI] ERROR : cuLaunchKernel -> Returned: 701
	[TornadoVM-PTX-JNI] ERROR : cuLaunchKernel -> Returned: 701
	[TornadoVM-PTX-JNI] ERROR : cuLaunchKernel -> Returned: 701
	[TornadoVM-PTX-JNI] ERROR : cuLaunchKernel -> Returned: 701
	[TornadoVM-PTX-JNI] ERROR : cuLaunchKernel -> Returned: 701
	[TornadoVM-PTX-JNI] ERROR : cuLaunchKernel -> Returned: 701
	[TornadoVM-PTX-JNI] ERROR : cuLaunchKernel -> Returned: 701
	[TornadoVM-PTX-JNI] ERROR : cuLaunchKernel -> Returned: 701
	[TornadoVM-PTX-JNI] ERROR : cuLaunchKernel -> Returned: 701
	[TornadoVM-PTX-JNI] ERROR : cuLaunchKernel -> Returned: 701
	[TornadoVM-PTX-JNI] ERROR : cuLaunchKernel -> Returned: 701
	[TornadoVM-PTX-JNI] ERROR : cuLaunchKernel -> Returned: 701
	[TornadoVM-PTX-JNI] ERROR : cuLaunchKernel -> Returned: 701
	[TornadoVM-PTX-JNI] ERROR : cuLaunchKernel -> Returned: 701
	[TornadoVM-PTX-JNI] ERROR : cuLaunchKernel -> Returned: 701
	[TornadoVM-PTX-JNI] ERROR : cuLaunchKernel -> Returned: 701
	[TornadoVM-PTX-JNI] ERROR : cuLaunchKernel -> Returned: 701
	[TornadoVM-PTX-JNI] ERROR : cuLaunchKernel -> Returned: 701
	[TornadoVM-PTX-JNI] ERROR : cuLaunchKernel -> Returned: 701
	[TornadoVM-PTX-JNI] ERROR : cuLaunchKernel -> Returned: 701
	[TornadoVM-PTX-JNI] ERROR : cuLaunchKernel -> Returned: 701
	[TornadoVM-PTX-JNI] ERROR : cuLaunchKernel -> Returned: 701
	[TornadoVM-PTX-JNI] ERROR : cuLaunchKernel -> Returned: 701
	[TornadoVM-PTX-JNI] ERROR : cuLaunchKernel -> Returned: 701
	[TornadoVM-PTX-JNI] ERROR : cuLaunchKernel -> Returned: 701
	[TornadoVM-PTX-JNI] ERROR : cuLaunchKernel -> Returned: 701
	[TornadoVM-PTX-JNI] ERROR : cuLaunchKernel -> Returned: 701
	[TornadoVM-PTX-JNI] ERROR : cuLaunchKernel -> Returned: 701
	[TornadoVM-PTX-JNI] ERROR : cuLaunchKernel -> Returned: 701
	[TornadoVM-PTX-JNI] ERROR : cuLaunchKernel -> Returned: 701
	[TornadoVM-PTX-JNI] ERROR : cuLaunchKernel -> Returned: 701
	[TornadoVM-PTX-JNI] ERROR : cuLaunchKernel -> Returned: 701
	[TornadoVM-PTX-JNI] ERROR : cuLaunchKernel -> Returned: 701
	[TornadoVM-PTX-JNI] ERROR : cuLaunchKernel -> Returned: 701
	[TornadoVM-PTX-JNI] ERROR : cuLaunchKernel -> Returned: 701
	[TornadoVM-PTX-JNI] ERROR : cuLaunchKernel -> Returned: 701
	[TornadoVM-PTX-JNI] ERROR : cuLaunchKernel -> Returned: 701
	[TornadoVM-PTX-JNI] ERROR : cuLaunchKernel -> Returned: 701
	[TornadoVM-PTX-JNI] ERROR : cuLaunchKernel -> Returned: 701
	[TornadoVM-PTX-JNI] ERROR : cuLaunchKernel -> Returned: 701
	[TornadoVM-PTX-JNI] ERROR : cuLaunchKernel -> Returned: 701
	[TornadoVM-PTX-JNI] ERROR : cuLaunchKernel -> Returned: 701
	[TornadoVM-PTX-JNI] ERROR : cuLaunchKernel -> Returned: 701
	[TornadoVM-PTX-JNI] ERROR : cuLaunchKernel -> Returned: 701
	[TornadoVM-PTX-JNI] ERROR : cuLaunchKernel -> Returned: 701
	[TornadoVM-PTX-JNI] ERROR : cuLaunchKernel -> Returned: 701
	[TornadoVM-PTX-JNI] ERROR : cuLaunchKernel -> Returned: 701
	[TornadoVM-PTX-JNI] ERROR : cuLaunchKernel -> Returned: 701
	[TornadoVM-PTX-JNI] ERROR : cuLaunchKernel -> Returned: 701
	[TornadoVM-PTX-JNI] ERROR : cuLaunchKernel -> Returned: 701
	[TornadoVM-PTX-JNI] ERROR : cuLaunchKernel -> Returned: 701
	[TornadoVM-PTX-JNI] ERROR : cuLaunchKernel -> Returned: 701
	[TornadoVM-PTX-JNI] ERROR : cuLaunchKernel -> Returned: 701
	[TornadoVM-PTX-JNI] ERROR : cuLaunchKernel -> Returned: 701
	[TornadoVM-PTX-JNI] ERROR : cuLaunchKernel -> Returned: 701
	[TornadoVM-PTX-JNI] ERROR : cuLaunchKernel -> Returned: 701
	[TornadoVM-PTX-JNI] ERROR : cuLaunchKernel -> Returned: 701
	[TornadoVM-PTX-JNI] ERROR : cuLaunchKernel -> Returned: 701
	[TornadoVM-PTX-JNI] ERROR : cuLaunchKernel -> Returned: 701
	[TornadoVM-PTX-JNI] ERROR : cuLaunchKernel -> Returned: 701
	[TornadoVM-PTX-JNI] ERROR : cuLaunchKernel -> Returned: 701
	[TornadoVM-PTX-JNI] ERROR : cuLaunchKernel -> Returned: 701
	[TornadoVM-PTX-JNI] ERROR : cuLaunchKernel -> Returned: 701
	[TornadoVM-PTX-JNI] ERROR : cuLaunchKernel -> Returned: 701
	[TornadoVM-PTX-JNI] ERROR : cuLaunchKernel -> Returned: 701
	[TornadoVM-PTX-JNI] ERROR : cuLaunchKernel -> Returned: 701
	[TornadoVM-PTX-JNI] ERROR : cuLaunchKernel -> Returned: 701
	[TornadoVM-PTX-JNI] ERROR : cuLaunchKernel -> Returned: 701
	[TornadoVM-PTX-JNI] ERROR : cuLaunchKernel -> Returned: 701
	[TornadoVM-PTX-JNI] ERROR : cuLaunchKernel -> Returned: 701
	[TornadoVM-PTX-JNI] ERROR : cuLaunchKernel -> Returned: 701
	[TornadoVM-PTX-JNI] ERROR : cuLaunchKernel -> Returned: 701
	[TornadoVM-PTX-JNI] ERROR : cuLaunchKernel -> Returned: 701
	[TornadoVM-PTX-JNI] ERROR : cuLaunchKernel -> Returned: 701
	[TornadoVM-PTX-JNI] ERROR : cuLaunchKernel -> Returned: 701
	[TornadoVM-PTX-JNI] ERROR : cuLaunchKernel -> Returned: 701
	[TornadoVM-PTX-JNI] ERROR : cuLaunchKernel -> Returned: 701
	[TornadoVM-PTX-JNI] ERROR : cuLaunchKernel -> Returned: 701
	[TornadoVM-PTX-JNI] ERROR : cuLaunchKernel -> Returned: 701
	[TornadoVM-PTX-JNI] ERROR : cuLaunchKernel -> Returned: 701
	[TornadoVM-PTX-JNI] ERROR : cuLaunchKernel -> Returned: 701
	[TornadoVM-PTX-JNI] ERROR : cuLaunchKernel -> Returned: 701
	[TornadoVM-PTX-JNI] ERROR : cuLaunchKernel -> Returned: 701
	[TornadoVM-PTX-JNI] ERROR : cuLaunchKernel -> Returned: 701
	[TornadoVM-PTX-JNI] ERROR : cuLaunchKernel -> Returned: 701
	[TornadoVM-PTX-JNI] ERROR : cuLaunchKernel -> Returned: 701
	[TornadoVM-PTX-JNI] ERROR : cuLaunchKernel -> Returned: 701
	[TornadoVM-PTX-JNI] ERROR : cuLaunchKernel -> Returned: 701
	[TornadoVM-PTX-JNI] ERROR : cuLaunchKernel -> Returned: 701
	[TornadoVM-PTX-JNI] ERROR : cuLaunchKernel -> Returned: 701
	[TornadoVM-PTX-JNI] ERROR : cuLaunchKernel -> Returned: 701
	[TornadoVM-PTX-JNI] ERROR : cuLaunchKernel -> Returned: 701
	[TornadoVM-PTX-JNI] ERROR : cuLaunchKernel -> Returned: 701
	[TornadoVM-PTX-JNI] ERROR : cuLaunchKernel -> Returned: 701
	[TornadoVM-PTX-JNI] ERROR : cuLaunchKernel -> Returned: 701
	[TornadoVM-PTX-JNI] ERROR : cuLaunchKernel -> Returned: 701
	[TornadoVM-PTX-JNI] ERROR : cuLaunchKernel -> Returned: 701
	[TornadoVM-PTX-JNI] ERROR : cuLaunchKernel -> Returned: 701
	[TornadoVM-PTX-JNI] ERROR : cuLaunchKernel -> Returned: 701
	[TornadoVM-PTX-JNI] ERROR : cuLaunchKernel -> Returned: 701
	[TornadoVM-PTX-JNI] ERROR : cuLaunchKernel -> Returned: 701
	[TornadoVM-PTX-JNI] ERROR : cuLaunchKernel -> Returned: 701
	[TornadoVM-PTX-JNI] ERROR : cuLaunchKernel -> Returned: 701
	[TornadoVM-PTX-JNI] ERROR : cuLaunchKernel -> Returned: 701
	[TornadoVM-PTX-JNI] ERROR : cuLaunchKernel -> Returned: 701
	[TornadoVM-PTX-JNI] ERROR : cuLaunchKernel -> Returned: 701
	[TornadoVM-PTX-JNI] ERROR : cuLaunchKernel -> Returned: 701
	[TornadoVM-PTX-JNI] ERROR : cuLaunchKernel -> Returned: 701
	[TornadoVM-PTX-JNI] ERROR : cuLaunchKernel -> Returned: 701
	[TornadoVM-PTX-JNI] ERROR : cuLaunchKernel -> Returned: 701
	[TornadoVM-PTX-JNI] ERROR : cuLaunchKernel -> Returned: 701
	[TornadoVM-PTX-JNI] ERROR : cuLaunchKernel -> Returned: 701
	[TornadoVM-PTX-JNI] ERROR : cuLaunchKernel -> Returned: 701
	[TornadoVM-PTX-JNI] ERROR : cuLaunchKernel -> Returned: 701
	[TornadoVM-PTX-JNI] ERROR : cuLaunchKernel -> Returned: 701
	[TornadoVM-PTX-JNI] ERROR : cuLaunchKernel -> Returned: 701
	[TornadoVM-PTX-JNI] ERROR : cuLaunchKernel -> Returned: 701
	[TornadoVM-PTX-JNI] ERROR : cuLaunchKernel -> Returned: 701
	[TornadoVM-PTX-JNI] ERROR : cuLaunchKernel -> Returned: 701
	[TornadoVM-PTX-JNI] ERROR : cuLaunchKernel -> Returned: 701
	[TornadoVM-PTX-JNI] ERROR : cuLaunchKernel -> Returned: 701
	[TornadoVM-PTX-JNI] ERROR : cuLaunchKernel -> Returned: 701
	[TornadoVM-PTX-JNI] ERROR : cuLaunchKernel -> Returned: 701
	[TornadoVM-PTX-JNI] ERROR : cuLaunchKernel -> Returned: 701
	[TornadoVM-PTX-JNI] ERROR : cuLaunchKernel -> Returned: 701
	[TornadoVM-PTX-JNI] ERROR : cuLaunchKernel -> Returned: 701
	[TornadoVM-PTX-JNI] ERROR : cuLaunchKernel -> Returned: 701
	[TornadoVM-PTX-JNI] ERROR : cuLaunchKernel -> Returned: 701
	[TornadoVM-PTX-JNI] ERROR : cuLaunchKernel -> Returned: 701
	[TornadoVM-PTX-JNI] ERROR : cuLaunchKernel -> Returned: 701
	[TornadoVM-PTX-JNI] ERROR : cuLaunchKernel -> Returned: 701
	[TornadoVM-PTX-JNI] ERROR : cuLaunchKernel -> Returned: 701
	[TornadoVM-PTX-JNI] ERROR : cuLaunchKernel -> Returned: 701
	[TornadoVM-PTX-JNI] ERROR : cuLaunchKernel -> Returned: 701
	[TornadoVM-PTX-JNI] ERROR : cuLaunchKernel -> Returned: 701
	[TornadoVM-PTX-JNI] ERROR : cuLaunchKernel -> Returned: 701
	[TornadoVM-PTX-JNI] ERROR : cuLaunchKernel -> Returned: 701
	[TornadoVM-PTX-JNI] ERROR : cuLaunchKernel -> Returned: 701
	[TornadoVM-PTX-JNI] ERROR : cuLaunchKernel -> Returned: 701
	[TornadoVM-PTX-JNI] ERROR : cuLaunchKernel -> Returned: 701
	[TornadoVM-PTX-JNI] ERROR : cuLaunchKernel -> Returned: 701
	[TornadoVM-PTX-JNI] ERROR : cuLaunchKernel -> Returned: 701
	[TornadoVM-PTX-JNI] ERROR : cuLaunchKernel -> Returned: 701
	[TornadoVM-PTX-JNI] ERROR : cuLaunchKernel -> Returned: 701
	[TornadoVM-PTX-JNI] ERROR : cuLaunchKernel -> Returned: 701
	[TornadoVM-PTX-JNI] ERROR : cuLaunchKernel -> Returned: 701
	[TornadoVM-PTX-JNI] ERROR : cuLaunchKernel -> Returned: 701
	[TornadoVM-PTX-JNI] ERROR : cuLaunchKernel -> Returned: 701
	[TornadoVM-PTX-JNI] ERROR : cuLaunchKernel -> Returned: 701
	[TornadoVM-PTX-JNI] ERROR : cuLaunchKernel -> Returned: 701
	[TornadoVM-PTX-JNI] ERROR : cuLaunchKernel -> Returned: 701
	[TornadoVM-PTX-JNI] ERROR : cuLaunchKernel -> Returned: 701
	[TornadoVM-PTX-JNI] ERROR : cuLaunchKernel -> Returned: 701
	[TornadoVM-PTX-JNI] ERROR : cuLaunchKernel -> Returned: 701
	[TornadoVM-PTX-JNI] ERROR : cuLaunchKernel -> Returned: 701
	[TornadoVM-PTX-JNI] ERROR : cuLaunchKernel -> Returned: 701
	[TornadoVM-PTX-JNI] ERROR : cuLaunchKernel -> Returned: 701
	[TornadoVM-PTX-JNI] ERROR : cuLaunchKernel -> Returned: 701
	[TornadoVM-PTX-JNI] ERROR : cuLaunchKernel -> Returned: 701
	[TornadoVM-PTX-JNI] ERROR : cuLaunchKernel -> Returned: 701
	[TornadoVM-PTX-JNI] ERROR : cuLaunchKernel -> Returned: 701
	[TornadoVM-PTX-JNI] ERROR : cuLaunchKernel -> Returned: 701
	[TornadoVM-PTX-JNI] ERROR : cuLaunchKernel -> Returned: 701
	[TornadoVM-PTX-JNI] ERROR : cuLaunchKernel -> Returned: 701
	[TornadoVM-PTX-JNI] ERROR : cuLaunchKernel -> Returned: 701
	[TornadoVM-PTX-JNI] ERROR : cuLaunchKernel -> Returned: 701
	[TornadoVM-PTX-JNI] ERROR : cuLaunchKernel -> Returned: 701
	[TornadoVM-PTX-JNI] ERROR : cuLaunchKernel -> Returned: 701
	[TornadoVM-PTX-JNI] ERROR : cuLaunchKernel -> Returned: 701
	[TornadoVM-PTX-JNI] ERROR : cuLaunchKernel -> Returned: 701
	[TornadoVM-PTX-JNI] ERROR : cuLaunchKernel -> Returned: 701
	[TornadoVM-PTX-JNI] ERROR : cuLaunchKernel -> Returned: 701
	[TornadoVM-PTX-JNI] ERROR : cuLaunchKernel -> Returned: 701
	[TornadoVM-PTX-JNI] ERROR : cuLaunchKernel -> Returned: 701
	[TornadoVM-PTX-JNI] ERROR : cuLaunchKernel -> Returned: 701
	[TornadoVM-PTX-JNI] ERROR : cuLaunchKernel -> Returned: 701
	[TornadoVM-PTX-JNI] ERROR : cuLaunchKernel -> Returned: 701
	[TornadoVM-PTX-JNI] ERROR : cuLaunchKernel -> Returned: 701
	[TornadoVM-PTX-JNI] ERROR : cuLaunchKernel -> Returned: 701
	[TornadoVM-PTX-JNI] ERROR : cuLaunchKernel -> Returned: 701
	[TornadoVM-PTX-JNI] ERROR : cuLaunchKernel -> Returned: 701
	[TornadoVM-PTX-JNI] ERROR : cuLaunchKernel -> Returned: 701
	[TornadoVM-PTX-JNI] ERROR : cuLaunchKernel -> Returned: 701
	[TornadoVM-PTX-JNI] ERROR : cuLaunchKernel -> Returned: 701
	[TornadoVM-PTX-JNI] ERROR : cuLaunchKernel -> Returned: 701
	[TornadoVM-PTX-JNI] ERROR : cuLaunchKernel -> Returned: 701
	[TornadoVM-PTX-JNI] ERROR : cuLaunchKernel -> Returned: 701
	[TornadoVM-PTX-JNI] ERROR : cuLaunchKernel -> Returned: 701
	[TornadoVM-PTX-JNI] ERROR : cuLaunchKernel -> Returned: 701
	[TornadoVM-PTX-JNI] ERROR : cuLaunchKernel -> Returned: 701
	[TornadoVM-PTX-JNI] ERROR : cuLaunchKernel -> Returned: 701
	[TornadoVM-PTX-JNI] ERROR : cuLaunchKernel -> Returned: 701
	[TornadoVM-PTX-JNI] ERROR : cuLaunchKernel -> Returned: 701
	[TornadoVM-PTX-JNI] ERROR : cuLaunchKernel -> Returned: 701
	[TornadoVM-PTX-JNI] ERROR : cuLaunchKernel -> Returned: 701
	[TornadoVM-PTX-JNI] ERROR : cuLaunchKernel -> Returned: 701
	[TornadoVM-PTX-JNI] ERROR : cuLaunchKernel -> Returned: 701
	[TornadoVM-PTX-JNI] ERROR : cuLaunchKernel -> Returned: 701
	[TornadoVM-PTX-JNI] ERROR : cuLaunchKernel -> Returned: 701
	[TornadoVM-PTX-JNI] ERROR : cuLaunchKernel -> Returned: 701
	[TornadoVM-PTX-JNI] ERROR : cuLaunchKernel -> Returned: 701
	[TornadoVM-PTX-JNI] ERROR : cuLaunchKernel -> Returned: 701
	[TornadoVM-PTX-JNI] ERROR : cuLaunchKernel -> Returned: 701
	[TornadoVM-PTX-JNI] ERROR : cuLaunchKernel -> Returned: 701
	[TornadoVM-PTX-JNI] ERROR : cuLaunchKernel -> Returned: 701
	[TornadoVM-PTX-JNI] ERROR : cuLaunchKernel -> Returned: 701
	[TornadoVM-PTX-JNI] ERROR : cuLaunchKernel -> Returned: 701
	[TornadoVM-PTX-JNI] ERROR : cuLaunchKernel -> Returned: 701
	[TornadoVM-PTX-JNI] ERROR : cuLaunchKernel -> Returned: 701
	[TornadoVM-PTX-JNI] ERROR : cuLaunchKernel -> Returned: 701
	[TornadoVM-PTX-JNI] ERROR : cuLaunchKernel -> Returned: 701
	[TornadoVM-PTX-JNI] ERROR : cuLaunchKernel -> Returned: 701
	[TornadoVM-PTX-JNI] ERROR : cuLaunchKernel -> Returned: 701
	[TornadoVM-PTX-JNI] ERROR : cuLaunchKernel -> Returned: 701
	[TornadoVM-PTX-JNI] ERROR : cuLaunchKernel -> Returned: 701
	[TornadoVM-PTX-JNI] ERROR : cuLaunchKernel -> Returned: 701
	[TornadoVM-PTX-JNI] ERROR : cuLaunchKernel -> Returned: 701
	[TornadoVM-PTX-JNI] ERROR : cuLaunchKernel -> Returned: 701
	[TornadoVM-PTX-JNI] ERROR : cuLaunchKernel -> Returned: 701
	[TornadoVM-PTX-JNI] ERROR : cuLaunchKernel -> Returned: 701
	[TornadoVM-PTX-JNI] ERROR : cuLaunchKernel -> Returned: 701
	[TornadoVM-PTX-JNI] ERROR : cuLaunchKernel -> Returned: 701
	[TornadoVM-PTX-JNI] ERROR : cuLaunchKernel -> Returned: 701
	[TornadoVM-PTX-JNI] ERROR : cuLaunchKernel -> Returned: 701
	[TornadoVM-PTX-JNI] ERROR : cuLaunchKernel -> Returned: 701
	[TornadoVM-PTX-JNI] ERROR : cuLaunchKernel -> Returned: 701
	[TornadoVM-PTX-JNI] ERROR : cuLaunchKernel -> Returned: 701
	[TornadoVM-PTX-JNI] ERROR : cuLaunchKernel -> Returned: 701
	[TornadoVM-PTX-JNI] ERROR : cuLaunchKernel -> Returned: 701
	[TornadoVM-PTX-JNI] ERROR : cuLaunchKernel -> Returned: 701
	[TornadoVM-PTX-JNI] ERROR : cuLaunchKernel -> Returned: 701
	[TornadoVM-PTX-JNI] ERROR : cuLaunchKernel -> Returned: 701
	[TornadoVM-PTX-JNI] ERROR : cuLaunchKernel -> Returned: 701
	[TornadoVM-PTX-JNI] ERROR : cuLaunchKernel -> Returned: 701
	[TornadoVM-PTX-JNI] ERROR : cuLaunchKernel -> Returned: 701
	[TornadoVM-PTX-JNI] ERROR : cuLaunchKernel -> Returned: 701
	[TornadoVM-PTX-JNI] ERROR : cuLaunchKernel -> Returned: 701
	[TornadoVM-PTX-JNI] ERROR : cuLaunchKernel -> Returned: 701
	[TornadoVM-PTX-JNI] ERROR : cuLaunchKernel -> Returned: 701
	[TornadoVM-PTX-JNI] ERROR : cuLaunchKernel -> Returned: 701
	[TornadoVM-PTX-JNI] ERROR : cuLaunchKernel -> Returned: 701
	[TornadoVM-PTX-JNI] ERROR : cuLaunchKernel -> Returned: 701
	[TornadoVM-PTX-JNI] ERROR : cuLaunchKernel -> Returned: 701
	[TornadoVM-PTX-JNI] ERROR : cuLaunchKernel -> Returned: 701
	[TornadoVM-PTX-JNI] ERROR : cuLaunchKernel -> Returned: 701
	[TornadoVM-PTX-JNI] ERROR : cuLaunchKernel -> Returned: 701
	[TornadoVM-PTX-JNI] ERROR : cuLaunchKernel -> Returned: 701
	[TornadoVM-PTX-JNI] ERROR : cuLaunchKernel -> Returned: 701
	[TornadoVM-PTX-JNI] ERROR : cuLaunchKernel -> Returned: 701
	[TornadoVM-PTX-JNI] ERROR : cuLaunchKernel -> Returned: 701
	[TornadoVM-PTX-JNI] ERROR : cuLaunchKernel -> Returned: 701
	[TornadoVM-PTX-JNI] ERROR : cuLaunchKernel -> Returned: 701
	[TornadoVM-PTX-JNI] ERROR : cuLaunchKernel -> Returned: 701
	[TornadoVM-PTX-JNI] ERROR : cuLaunchKernel -> Returned: 701
	[TornadoVM-PTX-JNI] ERROR : cuLaunchKernel -> Returned: 701
	[TornadoVM-PTX-JNI] ERROR : cuLaunchKernel -> Returned: 701
	[TornadoVM-PTX-JNI] ERROR : cuLaunchKernel -> Returned: 701
	[TornadoVM-PTX-JNI] ERROR : cuLaunchKernel -> Returned: 701
	[TornadoVM-PTX-JNI] ERROR : cuLaunchKernel -> Returned: 701
	[TornadoVM-PTX-JNI] ERROR : cuLaunchKernel -> Returned: 701
	[TornadoVM-PTX-JNI] ERROR : cuLaunchKernel -> Returned: 701
	[TornadoVM-PTX-JNI] ERROR : cuLaunchKernel -> Returned: 701
	[TornadoVM-PTX-JNI] ERROR : cuLaunchKernel -> Returned: 701
	[TornadoVM-PTX-JNI] ERROR : cuLaunchKernel -> Returned: 701
	[TornadoVM-PTX-JNI] ERROR : cuLaunchKernel -> Returned: 701
	[TornadoVM-PTX-JNI] ERROR : cuLaunchKernel -> Returned: 701
	[TornadoVM-PTX-JNI] ERROR : cuLaunchKernel -> Returned: 701
	[TornadoVM-PTX-JNI] ERROR : cuLaunchKernel -> Returned: 701
	[TornadoVM-PTX-JNI] ERROR : cuLaunchKernel -> Returned: 701
	[TornadoVM-PTX-JNI] ERROR : cuLaunchKernel -> Returned: 701
	[TornadoVM-PTX-JNI] ERROR : cuLaunchKernel -> Returned: 701
	[TornadoVM-PTX-JNI] ERROR : cuLaunchKernel -> Returned: 701
	[TornadoVM-PTX-JNI] ERROR : cuLaunchKernel -> Returned: 701
	[TornadoVM-PTX-JNI] ERROR : cuLaunchKernel -> Returned: 701
	[TornadoVM-PTX-JNI] ERROR : cuLaunchKernel -> Returned: 701
	[TornadoVM-PTX-JNI] ERROR : cuLaunchKernel -> Returned: 701
	[TornadoVM-PTX-JNI] ERROR : cuLaunchKernel -> Returned: 701
	[TornadoVM-PTX-JNI] ERROR : cuLaunchKernel -> Returned: 701
	[TornadoVM-PTX-JNI] ERROR : cuLaunchKernel -> Returned: 701
	[TornadoVM-PTX-JNI] ERROR : cuLaunchKernel -> Returned: 701
	[TornadoVM-PTX-JNI] ERROR : cuLaunchKernel -> Returned: 701
	[TornadoVM-PTX-JNI] ERROR : cuLaunchKernel -> Returned: 701
	[TornadoVM-PTX-JNI] ERROR : cuLaunchKernel -> Returned: 701
	[TornadoVM-PTX-JNI] ERROR : cuLaunchKernel -> Returned: 701
	[TornadoVM-PTX-JNI] ERROR : cuLaunchKernel -> Returned: 701
	[TornadoVM-PTX-JNI] ERROR : cuLaunchKernel -> Returned: 701
	[TornadoVM-PTX-JNI] ERROR : cuLaunchKernel -> Returned: 701
	[TornadoVM-PTX-JNI] ERROR : cuLaunchKernel -> Returned: 701
	[TornadoVM-PTX-JNI] ERROR : cuLaunchKernel -> Returned: 701
	[TornadoVM-PTX-JNI] ERROR : cuLaunchKernel -> Returned: 701
	[TornadoVM-PTX-JNI] ERROR : cuLaunchKernel -> Returned: 701
	[TornadoVM-PTX-JNI] ERROR : cuLaunchKernel -> Returned: 701
	[TornadoVM-PTX-JNI] ERROR : cuLaunchKernel -> Returned: 701
	[TornadoVM-PTX-JNI] ERROR : cuLaunchKernel -> Returned: 701
	[TornadoVM-PTX-JNI] ERROR : cuLaunchKernel -> Returned: 701
	[TornadoVM-PTX-JNI] ERROR : cuLaunchKernel -> Returned: 701
	[TornadoVM-PTX-JNI] ERROR : cuLaunchKernel -> Returned: 701
	[TornadoVM-PTX-JNI] ERROR : cuLaunchKernel -> Returned: 701
	[TornadoVM-PTX-JNI] ERROR : cuLaunchKernel -> Returned: 701
	[TornadoVM-PTX-JNI] ERROR : cuLaunchKernel -> Returned: 701
	[TornadoVM-PTX-JNI] ERROR : cuLaunchKernel -> Returned: 701
	[TornadoVM-PTX-JNI] ERROR : cuLaunchKernel -> Returned: 701
	[TornadoVM-PTX-JNI] ERROR : cuLaunchKernel -> Returned: 701
	[TornadoVM-PTX-JNI] ERROR : cuLaunchKernel -> Returned: 701
	[TornadoVM-PTX-JNI] ERROR : cuLaunchKernel -> Returned: 701
	[TornadoVM-PTX-JNI] ERROR : cuLaunchKernel -> Returned: 701
	[TornadoVM-PTX-JNI] ERROR : cuLaunchKernel -> Returned: 701
	[TornadoVM-PTX-JNI] ERROR : cuLaunchKernel -> Returned: 701
	[TornadoVM-PTX-JNI] ERROR : cuLaunchKernel -> Returned: 701
	[TornadoVM-PTX-JNI] ERROR : cuLaunchKernel -> Returned: 701
	[TornadoVM-PTX-JNI] ERROR : cuLaunchKernel -> Returned: 701
	[TornadoVM-PTX-JNI] ERROR : cuLaunchKernel -> Returned: 701
	[TornadoVM-PTX-JNI] ERROR : cuLaunchKernel -> Returned: 701
	[TornadoVM-PTX-JNI] ERROR : cuLaunchKernel -> Returned: 701
	[TornadoVM-PTX-JNI] ERROR : cuLaunchKernel -> Returned: 701
	[TornadoVM-PTX-JNI] ERROR : cuLaunchKernel -> Returned: 701
	[TornadoVM-PTX-JNI] ERROR : cuLaunchKernel -> Returned: 701
	[TornadoVM-PTX-JNI] ERROR : cuLaunchKernel -> Returned: 701
	[TornadoVM-PTX-JNI] ERROR : cuLaunchKernel -> Returned: 701
	[TornadoVM-PTX-JNI] ERROR : cuLaunchKernel -> Returned: 701
	[TornadoVM-PTX-JNI] ERROR : cuLaunchKernel -> Returned: 701
	[TornadoVM-PTX-JNI] ERROR : cuLaunchKernel -> Returned: 701
	[TornadoVM-PTX-JNI] ERROR : cuLaunchKernel -> Returned: 701
	[TornadoVM-PTX-JNI] ERROR : cuLaunchKernel -> Returned: 701
	[TornadoVM-PTX-JNI] ERROR : cuLaunchKernel -> Returned: 701
	[TornadoVM-PTX-JNI] ERROR : cuLaunchKernel -> Returned: 701
	[TornadoVM-PTX-JNI] ERROR : cuLaunchKernel -> Returned: 701
	[TornadoVM-PTX-JNI] ERROR : cuLaunchKernel -> Returned: 701
	[TornadoVM-PTX-JNI] ERROR : cuLaunchKernel -> Returned: 701
	[TornadoVM-PTX-JNI] ERROR : cuLaunchKernel -> Returned: 701
	[TornadoVM-PTX-JNI] ERROR : cuLaunchKernel -> Returned: 701
	[TornadoVM-PTX-JNI] ERROR : cuLaunchKernel -> Returned: 701
	[TornadoVM-PTX-JNI] ERROR : cuLaunchKernel -> Returned: 701
	[TornadoVM-PTX-JNI] ERROR : cuLaunchKernel -> Returned: 701
	[TornadoVM-PTX-JNI] ERROR : cuLaunchKernel -> Returned: 701
	[TornadoVM-PTX-JNI] ERROR : cuLaunchKernel -> Returned: 701
	[TornadoVM-PTX-JNI] ERROR : cuLaunchKernel -> Returned: 701
	[TornadoVM-PTX-JNI] ERROR : cuLaunchKernel -> Returned: 701
	[TornadoVM-PTX-JNI] ERROR : cuLaunchKernel -> Returned: 701
	[TornadoVM-PTX-JNI] ERROR : cuLaunchKernel -> Returned: 701
	[TornadoVM-PTX-JNI] ERROR : cuLaunchKernel -> Returned: 701
	[TornadoVM-PTX-JNI] ERROR : cuLaunchKernel -> Returned: 701
	[TornadoVM-PTX-JNI] ERROR : cuLaunchKernel -> Returned: 701
	[TornadoVM-PTX-JNI] ERROR : cuLaunchKernel -> Returned: 701
	[TornadoVM-PTX-JNI] ERROR : cuLaunchKernel -> Returned: 701
	[TornadoVM-PTX-JNI] ERROR : cuLaunchKernel -> Returned: 701
	[TornadoVM-PTX-JNI] ERROR : cuLaunchKernel -> Returned: 701
	[TornadoVM-PTX-JNI] ERROR : cuLaunchKernel -> Returned: 701
	[TornadoVM-PTX-JNI] ERROR : cuLaunchKernel -> Returned: 701
	[TornadoVM-PTX-JNI] ERROR : cuLaunchKernel -> Returned: 701
	[TornadoVM-PTX-JNI] ERROR : cuLaunchKernel -> Returned: 701
	[TornadoVM-PTX-JNI] ERROR : cuLaunchKernel -> Returned: 701
	[TornadoVM-PTX-JNI] ERROR : cuLaunchKernel -> Returned: 701
	[TornadoVM-PTX-JNI] ERROR : cuLaunchKernel -> Returned: 701
	[TornadoVM-PTX-JNI] ERROR : cuLaunchKernel -> Returned: 701
	[TornadoVM-PTX-JNI] ERROR : cuLaunchKernel -> Returned: 701
	[TornadoVM-PTX-JNI] ERROR : cuLaunchKernel -> Returned: 701
	[TornadoVM-PTX-JNI] ERROR : cuLaunchKernel -> Returned: 701
	[TornadoVM-PTX-JNI] ERROR : cuLaunchKernel -> Returned: 701
	[TornadoVM-PTX-JNI] ERROR : cuLaunchKernel -> Returned: 701
	[TornadoVM-PTX-JNI] ERROR : cuLaunchKernel -> Returned: 701
	[TornadoVM-PTX-JNI] ERROR : cuLaunchKernel -> Returned: 701
	[TornadoVM-PTX-JNI] ERROR : cuLaunchKernel -> Returned: 701
	[TornadoVM-PTX-JNI] ERROR : cuLaunchKernel -> Returned: 701
	[TornadoVM-PTX-JNI] ERROR : cuLaunchKernel -> Returned: 701
	[TornadoVM-PTX-JNI] ERROR : cuLaunchKernel -> Returned: 701
	[TornadoVM-PTX-JNI] ERROR : cuLaunchKernel -> Returned: 701
	[TornadoVM-PTX-JNI] ERROR : cuLaunchKernel -> Returned: 701
	[TornadoVM-PTX-JNI] ERROR : cuLaunchKernel -> Returned: 701
	[TornadoVM-PTX-JNI] ERROR : cuLaunchKernel -> Returned: 701
	[TornadoVM-PTX-JNI] ERROR : cuLaunchKernel -> Returned: 701
	[TornadoVM-PTX-JNI] ERROR : cuLaunchKernel -> Returned: 701
	[TornadoVM-PTX-JNI] ERROR : cuLaunchKernel -> Returned: 701
	[TornadoVM-PTX-JNI] ERROR : cuLaunchKernel -> Returned: 701
	[TornadoVM-PTX-JNI] ERROR : cuLaunchKernel -> Returned: 701
	[TornadoVM-PTX-JNI] ERROR : cuLaunchKernel -> Returned: 701
	[TornadoVM-PTX-JNI] ERROR : cuLaunchKernel -> Returned: 701
	[TornadoVM-PTX-JNI] ERROR : cuLaunchKernel -> Returned: 701
	[TornadoVM-PTX-JNI] ERROR : cuLaunchKernel -> Returned: 701
	[TornadoVM-PTX-JNI] ERROR : cuLaunchKernel -> Returned: 701
	[TornadoVM-PTX-JNI] ERROR : cuLaunchKernel -> Returned: 701
	[TornadoVM-PTX-JNI] ERROR : cuLaunchKernel -> Returned: 701
	[TornadoVM-PTX-JNI] ERROR : cuLaunchKernel -> Returned: 701
	[TornadoVM-PTX-JNI] ERROR : cuLaunchKernel -> Returned: 701
	[TornadoVM-PTX-JNI] ERROR : cuLaunchKernel -> Returned: 701
	[TornadoVM-PTX-JNI] ERROR : cuLaunchKernel -> Returned: 701
	[TornadoVM-PTX-JNI] ERROR : cuLaunchKernel -> Returned: 701
	[TornadoVM-PTX-JNI] ERROR : cuLaunchKernel -> Returned: 701
	[TornadoVM-PTX-JNI] ERROR : cuLaunchKernel -> Returned: 701
	[TornadoVM-PTX-JNI] ERROR : cuLaunchKernel -> Returned: 701
	[TornadoVM-PTX-JNI] ERROR : cuLaunchKernel -> Returned: 701
	[TornadoVM-PTX-JNI] ERROR : cuLaunchKernel -> Returned: 701
	[TornadoVM-PTX-JNI] ERROR : cuLaunchKernel -> Returned: 701
	[TornadoVM-PTX-JNI] ERROR : cuLaunchKernel -> Returned: 701
	[TornadoVM-PTX-JNI] ERROR : cuLaunchKernel -> Returned: 701
	[TornadoVM-PTX-JNI] ERROR : cuLaunchKernel -> Returned: 701
	[TornadoVM-PTX-JNI] ERROR : cuLaunchKernel -> Returned: 701
	[TornadoVM-PTX-JNI] ERROR : cuLaunchKernel -> Returned: 701
	[TornadoVM-PTX-JNI] ERROR : cuLaunchKernel -> Returned: 701
	[TornadoVM-PTX-JNI] ERROR : cuLaunchKernel -> Returned: 701
	[TornadoVM-PTX-JNI] ERROR : cuLaunchKernel -> Returned: 701
	[TornadoVM-PTX-JNI] ERROR : cuLaunchKernel -> Returned: 701
	[TornadoVM-PTX-JNI] ERROR : cuLaunchKernel -> Returned: 701
	[TornadoVM-PTX-JNI] ERROR : cuLaunchKernel -> Returned: 701
	[TornadoVM-PTX-JNI] ERROR : cuLaunchKernel -> Returned: 701
	[TornadoVM-PTX-JNI] ERROR : cuLaunchKernel -> Returned: 701
	[TornadoVM-PTX-JNI] ERROR : cuLaunchKernel -> Returned: 701
	[TornadoVM-PTX-JNI] ERROR : cuLaunchKernel -> Returned: 701
	[TornadoVM-PTX-JNI] ERROR : cuLaunchKernel -> Returned: 701
	[TornadoVM-PTX-JNI] ERROR : cuLaunchKernel -> Returned: 701
	[TornadoVM-PTX-JNI] ERROR : cuLaunchKernel -> Returned: 701
	[TornadoVM-PTX-JNI] ERROR : cuLaunchKernel -> Returned: 701
	[TornadoVM-PTX-JNI] ERROR : cuLaunchKernel -> Returned: 701
	[TornadoVM-PTX-JNI] ERROR : cuLaunchKernel -> Returned: 701
	[TornadoVM-PTX-JNI] ERROR : cuLaunchKernel -> Returned: 701
	[TornadoVM-PTX-JNI] ERROR : cuLaunchKernel -> Returned: 701
	[TornadoVM-PTX-JNI] ERROR : cuLaunchKernel -> Returned: 701
	[TornadoVM-PTX-JNI] ERROR : cuLaunchKernel -> Returned: 701
	[TornadoVM-PTX-JNI] ERROR : cuLaunchKernel -> Returned: 701
	[TornadoVM-PTX-JNI] ERROR : cuLaunchKernel -> Returned: 701
	[TornadoVM-PTX-JNI] ERROR : cuLaunchKernel -> Returned: 701
	[TornadoVM-PTX-JNI] ERROR : cuLaunchKernel -> Returned: 701
	[TornadoVM-PTX-JNI] ERROR : cuLaunchKernel -> Returned: 701
[GATHER] call=16000 totalDirty=0 maxThread=0 cumAvg=13.1 cumMaxPerThread=4
	[TornadoVM-PTX-JNI] ERROR : cuLaunchKernel -> Returned: 701
	[TornadoVM-PTX-JNI] ERROR : cuLaunchKernel -> Returned: 701
	[TornadoVM-PTX-JNI] ERROR : cuLaunchKernel -> Returned: 701
	[TornadoVM-PTX-JNI] ERROR : cuLaunchKernel -> Returned: 701
	[TornadoVM-PTX-JNI] ERROR : cuLaunchKernel -> Returned: 701
	[TornadoVM-PTX-JNI] ERROR : cuLaunchKernel -> Returned: 701
	[TornadoVM-PTX-JNI] ERROR : cuLaunchKernel -> Returned: 701
	[TornadoVM-PTX-JNI] ERROR : cuLaunchKernel -> Returned: 701
	[TornadoVM-PTX-JNI] ERROR : cuLaunchKernel -> Returned: 701
	[TornadoVM-PTX-JNI] ERROR : cuLaunchKernel -> Returned: 701
	[TornadoVM-PTX-JNI] ERROR : cuLaunchKernel -> Returned: 701
	[TornadoVM-PTX-JNI] ERROR : cuLaunchKernel -> Returned: 701
	[TornadoVM-PTX-JNI] ERROR : cuLaunchKernel -> Returned: 701
	[TornadoVM-PTX-JNI] ERROR : cuLaunchKernel -> Returned: 701
	[TornadoVM-PTX-JNI] ERROR : cuLaunchKernel -> Returned: 701
	[TornadoVM-PTX-JNI] ERROR : cuLaunchKernel -> Returned: 701
	[TornadoVM-PTX-JNI] ERROR : cuLaunchKernel -> Returned: 701
	[TornadoVM-PTX-JNI] ERROR : cuLaunchKernel -> Returned: 701
	[TornadoVM-PTX-JNI] ERROR : cuLaunchKernel -> Returned: 701
	[TornadoVM-PTX-JNI] ERROR : cuLaunchKernel -> Returned: 701
	[TornadoVM-PTX-JNI] ERROR : cuLaunchKernel -> Returned: 701
	[TornadoVM-PTX-JNI] ERROR : cuLaunchKernel -> Returned: 701
	[TornadoVM-PTX-JNI] ERROR : cuLaunchKernel -> Returned: 701
	[TornadoVM-PTX-JNI] ERROR : cuLaunchKernel -> Returned: 701
	[TornadoVM-PTX-JNI] ERROR : cuLaunchKernel -> Returned: 701
	[TornadoVM-PTX-JNI] ERROR : cuLaunchKernel -> Returned: 701
	[TornadoVM-PTX-JNI] ERROR : cuLaunchKernel -> Returned: 701
	[TornadoVM-PTX-JNI] ERROR : cuLaunchKernel -> Returned: 701
	[TornadoVM-PTX-JNI] ERROR : cuLaunchKernel -> Returned: 701
	[TornadoVM-PTX-JNI] ERROR : cuLaunchKernel -> Returned: 701
	[TornadoVM-PTX-JNI] ERROR : cuLaunchKernel -> Returned: 701
	[TornadoVM-PTX-JNI] ERROR : cuLaunchKernel -> Returned: 701
	[TornadoVM-PTX-JNI] ERROR : cuLaunchKernel -> Returned: 701
	[TornadoVM-PTX-JNI] ERROR : cuLaunchKernel -> Returned: 701
	[TornadoVM-PTX-JNI] ERROR : cuLaunchKernel -> Returned: 701
	[TornadoVM-PTX-JNI] ERROR : cuLaunchKernel -> Returned: 701
	[TornadoVM-PTX-JNI] ERROR : cuLaunchKernel -> Returned: 701
	[TornadoVM-PTX-JNI] ERROR : cuLaunchKernel -> Returned: 701
	[TornadoVM-PTX-JNI] ERROR : cuLaunchKernel -> Returned: 701
	[TornadoVM-PTX-JNI] ERROR : cuLaunchKernel -> Returned: 701
	[TornadoVM-PTX-JNI] ERROR : cuLaunchKernel -> Returned: 701
	[TornadoVM-PTX-JNI] ERROR : cuLaunchKernel -> Returned: 701
	[TornadoVM-PTX-JNI] ERROR : cuLaunchKernel -> Returned: 701
	[TornadoVM-PTX-JNI] ERROR : cuLaunchKernel -> Returned: 701
	[TornadoVM-PTX-JNI] ERROR : cuLaunchKernel -> Returned: 701
	[TornadoVM-PTX-JNI] ERROR : cuLaunchKernel -> Returned: 701
	[TornadoVM-PTX-JNI] ERROR : cuLaunchKernel -> Returned: 701
	[TornadoVM-PTX-JNI] ERROR : cuLaunchKernel -> Returned: 701
	[TornadoVM-PTX-JNI] ERROR : cuLaunchKernel -> Returned: 701
	[TornadoVM-PTX-JNI] ERROR : cuLaunchKernel -> Returned: 701
	[TornadoVM-PTX-JNI] ERROR : cuLaunchKernel -> Returned: 701
	[TornadoVM-PTX-JNI] ERROR : cuLaunchKernel -> Returned: 701
	[TornadoVM-PTX-JNI] ERROR : cuLaunchKernel -> Returned: 701
	[TornadoVM-PTX-JNI] ERROR : cuLaunchKernel -> Returned: 701
	[TornadoVM-PTX-JNI] ERROR : cuLaunchKernel -> Returned: 701
	[TornadoVM-PTX-JNI] ERROR : cuLaunchKernel -> Returned: 701
	[TornadoVM-PTX-JNI] ERROR : cuLaunchKernel -> Returned: 701
	[TornadoVM-PTX-JNI] ERROR : cuLaunchKernel -> Returned: 701
	[TornadoVM-PTX-JNI] ERROR : cuLaunchKernel -> Returned: 701
	[TornadoVM-PTX-JNI] ERROR : cuLaunchKernel -> Returned: 701
	[TornadoVM-PTX-JNI] ERROR : cuLaunchKernel -> Returned: 701
	[TornadoVM-PTX-JNI] ERROR : cuLaunchKernel -> Returned: 701
	[TornadoVM-PTX-JNI] ERROR : cuLaunchKernel -> Returned: 701
	[TornadoVM-PTX-JNI] ERROR : cuLaunchKernel -> Returned: 701
	[TornadoVM-PTX-JNI] ERROR : cuLaunchKernel -> Returned: 701
	[TornadoVM-PTX-JNI] ERROR : cuLaunchKernel -> Returned: 701
	[TornadoVM-PTX-JNI] ERROR : cuLaunchKernel -> Returned: 701
	[TornadoVM-PTX-JNI] ERROR : cuLaunchKernel -> Returned: 701
	[TornadoVM-PTX-JNI] ERROR : cuLaunchKernel -> Returned: 701
	[TornadoVM-PTX-JNI] ERROR : cuLaunchKernel -> Returned: 701
	[TornadoVM-PTX-JNI] ERROR : cuLaunchKernel -> Returned: 701
	[TornadoVM-PTX-JNI] ERROR : cuLaunchKernel -> Returned: 701
	[TornadoVM-PTX-JNI] ERROR : cuLaunchKernel -> Returned: 701
	[TornadoVM-PTX-JNI] ERROR : cuLaunchKernel -> Returned: 701
	[TornadoVM-PTX-JNI] ERROR : cuLaunchKernel -> Returned: 701
	[TornadoVM-PTX-JNI] ERROR : cuLaunchKernel -> Returned: 701
	[TornadoVM-PTX-JNI] ERROR : cuLaunchKernel -> Returned: 701
	[TornadoVM-PTX-JNI] ERROR : cuLaunchKernel -> Returned: 701
	[TornadoVM-PTX-JNI] ERROR : cuLaunchKernel -> Returned: 701
	[TornadoVM-PTX-JNI] ERROR : cuLaunchKernel -> Returned: 701
	[TornadoVM-PTX-JNI] ERROR : cuLaunchKernel -> Returned: 701
	[TornadoVM-PTX-JNI] ERROR : cuLaunchKernel -> Returned: 701
	[TornadoVM-PTX-JNI] ERROR : cuLaunchKernel -> Returned: 701
	[TornadoVM-PTX-JNI] ERROR : cuLaunchKernel -> Returned: 701
	[TornadoVM-PTX-JNI] ERROR : cuLaunchKernel -> Returned: 701
	[TornadoVM-PTX-JNI] ERROR : cuLaunchKernel -> Returned: 701
	[TornadoVM-PTX-JNI] ERROR : cuLaunchKernel -> Returned: 701
	[TornadoVM-PTX-JNI] ERROR : cuLaunchKernel -> Returned: 701
	[TornadoVM-PTX-JNI] ERROR : cuLaunchKernel -> Returned: 701
	[TornadoVM-PTX-JNI] ERROR : cuLaunchKernel -> Returned: 701
	[TornadoVM-PTX-JNI] ERROR : cuLaunchKernel -> Returned: 701
	[TornadoVM-PTX-JNI] ERROR : cuLaunchKernel -> Returned: 701
	[TornadoVM-PTX-JNI] ERROR : cuLaunchKernel -> Returned: 701
	[TornadoVM-PTX-JNI] ERROR : cuLaunchKernel -> Returned: 701
	[TornadoVM-PTX-JNI] ERROR : cuLaunchKernel -> Returned: 701
	[TornadoVM-PTX-JNI] ERROR : cuLaunchKernel -> Returned: 701
	[TornadoVM-PTX-JNI] ERROR : cuLaunchKernel -> Returned: 701
	[TornadoVM-PTX-JNI] ERROR : cuLaunchKernel -> Returned: 701
	[TornadoVM-PTX-JNI] ERROR : cuLaunchKernel -> Returned: 701
	[TornadoVM-PTX-JNI] ERROR : cuLaunchKernel -> Returned: 701
	[TornadoVM-PTX-JNI] ERROR : cuLaunchKernel -> Returned: 701
	[TornadoVM-PTX-JNI] ERROR : cuLaunchKernel -> Returned: 701
	[TornadoVM-PTX-JNI] ERROR : cuLaunchKernel -> Returned: 701
	[TornadoVM-PTX-JNI] ERROR : cuLaunchKernel -> Returned: 701
	[TornadoVM-PTX-JNI] ERROR : cuLaunchKernel -> Returned: 701
	[TornadoVM-PTX-JNI] ERROR : cuLaunchKernel -> Returned: 701
	[TornadoVM-PTX-JNI] ERROR : cuLaunchKernel -> Returned: 701
	[TornadoVM-PTX-JNI] ERROR : cuLaunchKernel -> Returned: 701
	[TornadoVM-PTX-JNI] ERROR : cuLaunchKernel -> Returned: 701
	[TornadoVM-PTX-JNI] ERROR : cuLaunchKernel -> Returned: 701
	[TornadoVM-PTX-JNI] ERROR : cuLaunchKernel -> Returned: 701
	[TornadoVM-PTX-JNI] ERROR : cuLaunchKernel -> Returned: 701
	[TornadoVM-PTX-JNI] ERROR : cuLaunchKernel -> Returned: 701
	[TornadoVM-PTX-JNI] ERROR : cuLaunchKernel -> Returned: 701
	[TornadoVM-PTX-JNI] ERROR : cuLaunchKernel -> Returned: 701
	[TornadoVM-PTX-JNI] ERROR : cuLaunchKernel -> Returned: 701
	[TornadoVM-PTX-JNI] ERROR : cuLaunchKernel -> Returned: 701
	[TornadoVM-PTX-JNI] ERROR : cuLaunchKernel -> Returned: 701
	[TornadoVM-PTX-JNI] ERROR : cuLaunchKernel -> Returned: 701
	[TornadoVM-PTX-JNI] ERROR : cuLaunchKernel -> Returned: 701
	[TornadoVM-PTX-JNI] ERROR : cuLaunchKernel -> Returned: 701
	[TornadoVM-PTX-JNI] ERROR : cuLaunchKernel -> Returned: 701
	[TornadoVM-PTX-JNI] ERROR : cuLaunchKernel -> Returned: 701
	[TornadoVM-PTX-JNI] ERROR : cuLaunchKernel -> Returned: 701
	[TornadoVM-PTX-JNI] ERROR : cuLaunchKernel -> Returned: 701
	[TornadoVM-PTX-JNI] ERROR : cuLaunchKernel -> Returned: 701
	[TornadoVM-PTX-JNI] ERROR : cuLaunchKernel -> Returned: 701
	[TornadoVM-PTX-JNI] ERROR : cuLaunchKernel -> Returned: 701
	[TornadoVM-PTX-JNI] ERROR : cuLaunchKernel -> Returned: 701
	[TornadoVM-PTX-JNI] ERROR : cuLaunchKernel -> Returned: 701
	[TornadoVM-PTX-JNI] ERROR : cuLaunchKernel -> Returned: 701
	[TornadoVM-PTX-JNI] ERROR : cuLaunchKernel -> Returned: 701
	[TornadoVM-PTX-JNI] ERROR : cuLaunchKernel -> Returned: 701
	[TornadoVM-PTX-JNI] ERROR : cuLaunchKernel -> Returned: 701
	[TornadoVM-PTX-JNI] ERROR : cuLaunchKernel -> Returned: 701
	[TornadoVM-PTX-JNI] ERROR : cuLaunchKernel -> Returned: 701
	[TornadoVM-PTX-JNI] ERROR : cuLaunchKernel -> Returned: 701
	[TornadoVM-PTX-JNI] ERROR : cuLaunchKernel -> Returned: 701
	[TornadoVM-PTX-JNI] ERROR : cuLaunchKernel -> Returned: 701
	[TornadoVM-PTX-JNI] ERROR : cuLaunchKernel -> Returned: 701
	[TornadoVM-PTX-JNI] ERROR : cuLaunchKernel -> Returned: 701
	[TornadoVM-PTX-JNI] ERROR : cuLaunchKernel -> Returned: 701
	[TornadoVM-PTX-JNI] ERROR : cuLaunchKernel -> Returned: 701
	[TornadoVM-PTX-JNI] ERROR : cuLaunchKernel -> Returned: 701
	[TornadoVM-PTX-JNI] ERROR : cuLaunchKernel -> Returned: 701
	[TornadoVM-PTX-JNI] ERROR : cuLaunchKernel -> Returned: 701
	[TornadoVM-PTX-JNI] ERROR : cuLaunchKernel -> Returned: 701
	[TornadoVM-PTX-JNI] ERROR : cuLaunchKernel -> Returned: 701
	[TornadoVM-PTX-JNI] ERROR : cuLaunchKernel -> Returned: 701
	[TornadoVM-PTX-JNI] ERROR : cuLaunchKernel -> Returned: 701
	[TornadoVM-PTX-JNI] ERROR : cuLaunchKernel -> Returned: 701
	[TornadoVM-PTX-JNI] ERROR : cuLaunchKernel -> Returned: 701
	[TornadoVM-PTX-JNI] ERROR : cuLaunchKernel -> Returned: 701
	[TornadoVM-PTX-JNI] ERROR : cuLaunchKernel -> Returned: 701
	[TornadoVM-PTX-JNI] ERROR : cuLaunchKernel -> Returned: 701
	[TornadoVM-PTX-JNI] ERROR : cuLaunchKernel -> Returned: 701
	[TornadoVM-PTX-JNI] ERROR : cuLaunchKernel -> Returned: 701
	[TornadoVM-PTX-JNI] ERROR : cuLaunchKernel -> Returned: 701
	[TornadoVM-PTX-JNI] ERROR : cuLaunchKernel -> Returned: 701
	[TornadoVM-PTX-JNI] ERROR : cuLaunchKernel -> Returned: 701
	[TornadoVM-PTX-JNI] ERROR : cuLaunchKernel -> Returned: 701
	[TornadoVM-PTX-JNI] ERROR : cuLaunchKernel -> Returned: 701
	[TornadoVM-PTX-JNI] ERROR : cuLaunchKernel -> Returned: 701
	[TornadoVM-PTX-JNI] ERROR : cuLaunchKernel -> Returned: 701
	[TornadoVM-PTX-JNI] ERROR : cuLaunchKernel -> Returned: 701
	[TornadoVM-PTX-JNI] ERROR : cuLaunchKernel -> Returned: 701
	[TornadoVM-PTX-JNI] ERROR : cuLaunchKernel -> Returned: 701
	[TornadoVM-PTX-JNI] ERROR : cuLaunchKernel -> Returned: 701
	[TornadoVM-PTX-JNI] ERROR : cuLaunchKernel -> Returned: 701
	[TornadoVM-PTX-JNI] ERROR : cuLaunchKernel -> Returned: 701
	[TornadoVM-PTX-JNI] ERROR : cuLaunchKernel -> Returned: 701
	[TornadoVM-PTX-JNI] ERROR : cuLaunchKernel -> Returned: 701
	[TornadoVM-PTX-JNI] ERROR : cuLaunchKernel -> Returned: 701
	[TornadoVM-PTX-JNI] ERROR : cuLaunchKernel -> Returned: 701
	[TornadoVM-PTX-JNI] ERROR : cuLaunchKernel -> Returned: 701
	[TornadoVM-PTX-JNI] ERROR : cuLaunchKernel -> Returned: 701
	[TornadoVM-PTX-JNI] ERROR : cuLaunchKernel -> Returned: 701
	[TornadoVM-PTX-JNI] ERROR : cuLaunchKernel -> Returned: 701
	[TornadoVM-PTX-JNI] ERROR : cuLaunchKernel -> Returned: 701
	[TornadoVM-PTX-JNI] ERROR : cuLaunchKernel -> Returned: 701
	[TornadoVM-PTX-JNI] ERROR : cuLaunchKernel -> Returned: 701
	[TornadoVM-PTX-JNI] ERROR : cuLaunchKernel -> Returned: 701
	[TornadoVM-PTX-JNI] ERROR : cuLaunchKernel -> Returned: 701
	[TornadoVM-PTX-JNI] ERROR : cuLaunchKernel -> Returned: 701
	[TornadoVM-PTX-JNI] ERROR : cuLaunchKernel -> Returned: 701
	[TornadoVM-PTX-JNI] ERROR : cuLaunchKernel -> Returned: 701
	[TornadoVM-PTX-JNI] ERROR : cuLaunchKernel -> Returned: 701
	[TornadoVM-PTX-JNI] ERROR : cuLaunchKernel -> Returned: 701
	[TornadoVM-PTX-JNI] ERROR : cuLaunchKernel -> Returned: 701
	[TornadoVM-PTX-JNI] ERROR : cuLaunchKernel -> Returned: 701
	[TornadoVM-PTX-JNI] ERROR : cuLaunchKernel -> Returned: 701
	[TornadoVM-PTX-JNI] ERROR : cuLaunchKernel -> Returned: 701
	[TornadoVM-PTX-JNI] ERROR : cuLaunchKernel -> Returned: 701
	[TornadoVM-PTX-JNI] ERROR : cuLaunchKernel -> Returned: 701
	[TornadoVM-PTX-JNI] ERROR : cuLaunchKernel -> Returned: 701
	[TornadoVM-PTX-JNI] ERROR : cuLaunchKernel -> Returned: 701
	[TornadoVM-PTX-JNI] ERROR : cuLaunchKernel -> Returned: 701
	[TornadoVM-PTX-JNI] ERROR : cuLaunchKernel -> Returned: 701
	[TornadoVM-PTX-JNI] ERROR : cuLaunchKernel -> Returned: 701
	[TornadoVM-PTX-JNI] ERROR : cuLaunchKernel -> Returned: 701
	[TornadoVM-PTX-JNI] ERROR : cuLaunchKernel -> Returned: 701
	[TornadoVM-PTX-JNI] ERROR : cuLaunchKernel -> Returned: 701
	[TornadoVM-PTX-JNI] ERROR : cuLaunchKernel -> Returned: 701
	[TornadoVM-PTX-JNI] ERROR : cuLaunchKernel -> Returned: 701
	[TornadoVM-PTX-JNI] ERROR : cuLaunchKernel -> Returned: 701
	[TornadoVM-PTX-JNI] ERROR : cuLaunchKernel -> Returned: 701
	[TornadoVM-PTX-JNI] ERROR : cuLaunchKernel -> Returned: 701
	[TornadoVM-PTX-JNI] ERROR : cuLaunchKernel -> Returned: 701
	[TornadoVM-PTX-JNI] ERROR : cuLaunchKernel -> Returned: 701
	[TornadoVM-PTX-JNI] ERROR : cuLaunchKernel -> Returned: 701
	[TornadoVM-PTX-JNI] ERROR : cuLaunchKernel -> Returned: 701
	[TornadoVM-PTX-JNI] ERROR : cuLaunchKernel -> Returned: 701
	[TornadoVM-PTX-JNI] ERROR : cuLaunchKernel -> Returned: 701
	[TornadoVM-PTX-JNI] ERROR : cuLaunchKernel -> Returned: 701
	[TornadoVM-PTX-JNI] ERROR : cuLaunchKernel -> Returned: 701
	[TornadoVM-PTX-JNI] ERROR : cuLaunchKernel -> Returned: 701
	[TornadoVM-PTX-JNI] ERROR : cuLaunchKernel -> Returned: 701
	[TornadoVM-PTX-JNI] ERROR : cuLaunchKernel -> Returned: 701
	[TornadoVM-PTX-JNI] ERROR : cuLaunchKernel -> Returned: 701
	[TornadoVM-PTX-JNI] ERROR : cuLaunchKernel -> Returned: 701
	[TornadoVM-PTX-JNI] ERROR : cuLaunchKernel -> Returned: 701
	[TornadoVM-PTX-JNI] ERROR : cuLaunchKernel -> Returned: 701
	[TornadoVM-PTX-JNI] ERROR : cuLaunchKernel -> Returned: 701
	[TornadoVM-PTX-JNI] ERROR : cuLaunchKernel -> Returned: 701
	[TornadoVM-PTX-JNI] ERROR : cuLaunchKernel -> Returned: 701
	[TornadoVM-PTX-JNI] ERROR : cuLaunchKernel -> Returned: 701
	[TornadoVM-PTX-JNI] ERROR : cuLaunchKernel -> Returned: 701
	[TornadoVM-PTX-JNI] ERROR : cuLaunchKernel -> Returned: 701
	[TornadoVM-PTX-JNI] ERROR : cuLaunchKernel -> Returned: 701
	[TornadoVM-PTX-JNI] ERROR : cuLaunchKernel -> Returned: 701
	[TornadoVM-PTX-JNI] ERROR : cuLaunchKernel -> Returned: 701
	[TornadoVM-PTX-JNI] ERROR : cuLaunchKernel -> Returned: 701
	[TornadoVM-PTX-JNI] ERROR : cuLaunchKernel -> Returned: 701
	[TornadoVM-PTX-JNI] ERROR : cuLaunchKernel -> Returned: 701
	[TornadoVM-PTX-JNI] ERROR : cuLaunchKernel -> Returned: 701
	[TornadoVM-PTX-JNI] ERROR : cuLaunchKernel -> Returned: 701
	[TornadoVM-PTX-JNI] ERROR : cuLaunchKernel -> Returned: 701
	[TornadoVM-PTX-JNI] ERROR : cuLaunchKernel -> Returned: 701
	[TornadoVM-PTX-JNI] ERROR : cuLaunchKernel -> Returned: 701
	[TornadoVM-PTX-JNI] ERROR : cuLaunchKernel -> Returned: 701
	[TornadoVM-PTX-JNI] ERROR : cuLaunchKernel -> Returned: 701
	[TornadoVM-PTX-JNI] ERROR : cuLaunchKernel -> Returned: 701
	[TornadoVM-PTX-JNI] ERROR : cuLaunchKernel -> Returned: 701
	[TornadoVM-PTX-JNI] ERROR : cuLaunchKernel -> Returned: 701
	[TornadoVM-PTX-JNI] ERROR : cuLaunchKernel -> Returned: 701
	[TornadoVM-PTX-JNI] ERROR : cuLaunchKernel -> Returned: 701
	[TornadoVM-PTX-JNI] ERROR : cuLaunchKernel -> Returned: 701
	[TornadoVM-PTX-JNI] ERROR : cuLaunchKernel -> Returned: 701
	[TornadoVM-PTX-JNI] ERROR : cuLaunchKernel -> Returned: 701
	[TornadoVM-PTX-JNI] ERROR : cuLaunchKernel -> Returned: 701
	[TornadoVM-PTX-JNI] ERROR : cuLaunchKernel -> Returned: 701
	[TornadoVM-PTX-JNI] ERROR : cuLaunchKernel -> Returned: 701
	[TornadoVM-PTX-JNI] ERROR : cuLaunchKernel -> Returned: 701
	[TornadoVM-PTX-JNI] ERROR : cuLaunchKernel -> Returned: 701
	[TornadoVM-PTX-JNI] ERROR : cuLaunchKernel -> Returned: 701
	[TornadoVM-PTX-JNI] ERROR : cuLaunchKernel -> Returned: 701
	[TornadoVM-PTX-JNI] ERROR : cuLaunchKernel -> Returned: 701
	[TornadoVM-PTX-JNI] ERROR : cuLaunchKernel -> Returned: 701
	[TornadoVM-PTX-JNI] ERROR : cuLaunchKernel -> Returned: 701
	[TornadoVM-PTX-JNI] ERROR : cuLaunchKernel -> Returned: 701
	[TornadoVM-PTX-JNI] ERROR : cuLaunchKernel -> Returned: 701
	[TornadoVM-PTX-JNI] ERROR : cuLaunchKernel -> Returned: 701
	[TornadoVM-PTX-JNI] ERROR : cuLaunchKernel -> Returned: 701
	[TornadoVM-PTX-JNI] ERROR : cuLaunchKernel -> Returned: 701
	[TornadoVM-PTX-JNI] ERROR : cuLaunchKernel -> Returned: 701
	[TornadoVM-PTX-JNI] ERROR : cuLaunchKernel -> Returned: 701
	[TornadoVM-PTX-JNI] ERROR : cuLaunchKernel -> Returned: 701
	[TornadoVM-PTX-JNI] ERROR : cuLaunchKernel -> Returned: 701
	[TornadoVM-PTX-JNI] ERROR : cuLaunchKernel -> Returned: 701
	[TornadoVM-PTX-JNI] ERROR : cuLaunchKernel -> Returned: 701
	[TornadoVM-PTX-JNI] ERROR : cuLaunchKernel -> Returned: 701
	[TornadoVM-PTX-JNI] ERROR : cuLaunchKernel -> Returned: 701
	[TornadoVM-PTX-JNI] ERROR : cuLaunchKernel -> Returned: 701
	[TornadoVM-PTX-JNI] ERROR : cuLaunchKernel -> Returned: 701
	[TornadoVM-PTX-JNI] ERROR : cuLaunchKernel -> Returned: 701
	[TornadoVM-PTX-JNI] ERROR : cuLaunchKernel -> Returned: 701
	[TornadoVM-PTX-JNI] ERROR : cuLaunchKernel -> Returned: 701
	[TornadoVM-PTX-JNI] ERROR : cuLaunchKernel -> Returned: 701
	[TornadoVM-PTX-JNI] ERROR : cuLaunchKernel -> Returned: 701
	[TornadoVM-PTX-JNI] ERROR : cuLaunchKernel -> Returned: 701
	[TornadoVM-PTX-JNI] ERROR : cuLaunchKernel -> Returned: 701
	[TornadoVM-PTX-JNI] ERROR : cuLaunchKernel -> Returned: 701
	[TornadoVM-PTX-JNI] ERROR : cuLaunchKernel -> Returned: 701
	[TornadoVM-PTX-JNI] ERROR : cuLaunchKernel -> Returned: 701
	[TornadoVM-PTX-JNI] ERROR : cuLaunchKernel -> Returned: 701
	[TornadoVM-PTX-JNI] ERROR : cuLaunchKernel -> Returned: 701
	[TornadoVM-PTX-JNI] ERROR : cuLaunchKernel -> Returned: 701
	[TornadoVM-PTX-JNI] ERROR : cuLaunchKernel -> Returned: 701
	[TornadoVM-PTX-JNI] ERROR : cuLaunchKernel -> Returned: 701
	[TornadoVM-PTX-JNI] ERROR : cuLaunchKernel -> Returned: 701
	[TornadoVM-PTX-JNI] ERROR : cuLaunchKernel -> Returned: 701
	[TornadoVM-PTX-JNI] ERROR : cuLaunchKernel -> Returned: 701
	[TornadoVM-PTX-JNI] ERROR : cuLaunchKernel -> Returned: 701
	[TornadoVM-PTX-JNI] ERROR : cuLaunchKernel -> Returned: 701
	[TornadoVM-PTX-JNI] ERROR : cuLaunchKernel -> Returned: 701
	[TornadoVM-PTX-JNI] ERROR : cuLaunchKernel -> Returned: 701
	[TornadoVM-PTX-JNI] ERROR : cuLaunchKernel -> Returned: 701
	[TornadoVM-PTX-JNI] ERROR : cuLaunchKernel -> Returned: 701
	[TornadoVM-PTX-JNI] ERROR : cuLaunchKernel -> Returned: 701
	[TornadoVM-PTX-JNI] ERROR : cuLaunchKernel -> Returned: 701
	[TornadoVM-PTX-JNI] ERROR : cuLaunchKernel -> Returned: 701
	[TornadoVM-PTX-JNI] ERROR : cuLaunchKernel -> Returned: 701
	[TornadoVM-PTX-JNI] ERROR : cuLaunchKernel -> Returned: 701
	[TornadoVM-PTX-JNI] ERROR : cuLaunchKernel -> Returned: 701
	[TornadoVM-PTX-JNI] ERROR : cuLaunchKernel -> Returned: 701
	[TornadoVM-PTX-JNI] ERROR : cuLaunchKernel -> Returned: 701
	[TornadoVM-PTX-JNI] ERROR : cuLaunchKernel -> Returned: 701
	[TornadoVM-PTX-JNI] ERROR : cuLaunchKernel -> Returned: 701
	[TornadoVM-PTX-JNI] ERROR : cuLaunchKernel -> Returned: 701
	[TornadoVM-PTX-JNI] ERROR : cuLaunchKernel -> Returned: 701
	[TornadoVM-PTX-JNI] ERROR : cuLaunchKernel -> Returned: 701
	[TornadoVM-PTX-JNI] ERROR : cuLaunchKernel -> Returned: 701
	[TornadoVM-PTX-JNI] ERROR : cuLaunchKernel -> Returned: 701
	[TornadoVM-PTX-JNI] ERROR : cuLaunchKernel -> Returned: 701
	[TornadoVM-PTX-JNI] ERROR : cuLaunchKernel -> Returned: 701
	[TornadoVM-PTX-JNI] ERROR : cuLaunchKernel -> Returned: 701
	[TornadoVM-PTX-JNI] ERROR : cuLaunchKernel -> Returned: 701
	[TornadoVM-PTX-JNI] ERROR : cuLaunchKernel -> Returned: 701
	[TornadoVM-PTX-JNI] ERROR : cuLaunchKernel -> Returned: 701
	[TornadoVM-PTX-JNI] ERROR : cuLaunchKernel -> Returned: 701
	[TornadoVM-PTX-JNI] ERROR : cuLaunchKernel -> Returned: 701
	[TornadoVM-PTX-JNI] ERROR : cuLaunchKernel -> Returned: 701
	[TornadoVM-PTX-JNI] ERROR : cuLaunchKernel -> Returned: 701
	[TornadoVM-PTX-JNI] ERROR : cuLaunchKernel -> Returned: 701
	[TornadoVM-PTX-JNI] ERROR : cuLaunchKernel -> Returned: 701
	[TornadoVM-PTX-JNI] ERROR : cuLaunchKernel -> Returned: 701
	[TornadoVM-PTX-JNI] ERROR : cuLaunchKernel -> Returned: 701
	[TornadoVM-PTX-JNI] ERROR : cuLaunchKernel -> Returned: 701
	[TornadoVM-PTX-JNI] ERROR : cuLaunchKernel -> Returned: 701
	[TornadoVM-PTX-JNI] ERROR : cuLaunchKernel -> Returned: 701
	[TornadoVM-PTX-JNI] ERROR : cuLaunchKernel -> Returned: 701
	[TornadoVM-PTX-JNI] ERROR : cuLaunchKernel -> Returned: 701
	[TornadoVM-PTX-JNI] ERROR : cuLaunchKernel -> Returned: 701
	[TornadoVM-PTX-JNI] ERROR : cuLaunchKernel -> Returned: 701
	[TornadoVM-PTX-JNI] ERROR : cuLaunchKernel -> Returned: 701
	[TornadoVM-PTX-JNI] ERROR : cuLaunchKernel -> Returned: 701
	[TornadoVM-PTX-JNI] ERROR : cuLaunchKernel -> Returned: 701
	[TornadoVM-PTX-JNI] ERROR : cuLaunchKernel -> Returned: 701
	[TornadoVM-PTX-JNI] ERROR : cuLaunchKernel -> Returned: 701
	[TornadoVM-PTX-JNI] ERROR : cuLaunchKernel -> Returned: 701
	[TornadoVM-PTX-JNI] ERROR : cuLaunchKernel -> Returned: 701
	[TornadoVM-PTX-JNI] ERROR : cuLaunchKernel -> Returned: 701
	[TornadoVM-PTX-JNI] ERROR : cuLaunchKernel -> Returned: 701
	[TornadoVM-PTX-JNI] ERROR : cuLaunchKernel -> Returned: 701
	[TornadoVM-PTX-JNI] ERROR : cuLaunchKernel -> Returned: 701
	[TornadoVM-PTX-JNI] ERROR : cuLaunchKernel -> Returned: 701
	[TornadoVM-PTX-JNI] ERROR : cuLaunchKernel -> Returned: 701
	[TornadoVM-PTX-JNI] ERROR : cuLaunchKernel -> Returned: 701
	[TornadoVM-PTX-JNI] ERROR : cuLaunchKernel -> Returned: 701
	[TornadoVM-PTX-JNI] ERROR : cuLaunchKernel -> Returned: 701
	[TornadoVM-PTX-JNI] ERROR : cuLaunchKernel -> Returned: 701
	[TornadoVM-PTX-JNI] ERROR : cuLaunchKernel -> Returned: 701
	[TornadoVM-PTX-JNI] ERROR : cuLaunchKernel -> Returned: 701
	[TornadoVM-PTX-JNI] ERROR : cuLaunchKernel -> Returned: 701
	[TornadoVM-PTX-JNI] ERROR : cuLaunchKernel -> Returned: 701
	[TornadoVM-PTX-JNI] ERROR : cuLaunchKernel -> Returned: 701
	[TornadoVM-PTX-JNI] ERROR : cuLaunchKernel -> Returned: 701
	[TornadoVM-PTX-JNI] ERROR : cuLaunchKernel -> Returned: 701
	[TornadoVM-PTX-JNI] ERROR : cuLaunchKernel -> Returned: 701
	[TornadoVM-PTX-JNI] ERROR : cuLaunchKernel -> Returned: 701
	[TornadoVM-PTX-JNI] ERROR : cuLaunchKernel -> Returned: 701
	[TornadoVM-PTX-JNI] ERROR : cuLaunchKernel -> Returned: 701
	[TornadoVM-PTX-JNI] ERROR : cuLaunchKernel -> Returned: 701
	[TornadoVM-PTX-JNI] ERROR : cuLaunchKernel -> Returned: 701
	[TornadoVM-PTX-JNI] ERROR : cuLaunchKernel -> Returned: 701
	[TornadoVM-PTX-JNI] ERROR : cuLaunchKernel -> Returned: 701
	[TornadoVM-PTX-JNI] ERROR : cuLaunchKernel -> Returned: 701
	[TornadoVM-PTX-JNI] ERROR : cuLaunchKernel -> Returned: 701
	[TornadoVM-PTX-JNI] ERROR : cuLaunchKernel -> Returned: 701
	[TornadoVM-PTX-JNI] ERROR : cuLaunchKernel -> Returned: 701
	[TornadoVM-PTX-JNI] ERROR : cuLaunchKernel -> Returned: 701
	[TornadoVM-PTX-JNI] ERROR : cuLaunchKernel -> Returned: 701
	[TornadoVM-PTX-JNI] ERROR : cuLaunchKernel -> Returned: 701
	[TornadoVM-PTX-JNI] ERROR : cuLaunchKernel -> Returned: 701
	[TornadoVM-PTX-JNI] ERROR : cuLaunchKernel -> Returned: 701
	[TornadoVM-PTX-JNI] ERROR : cuLaunchKernel -> Returned: 701
	[TornadoVM-PTX-JNI] ERROR : cuLaunchKernel -> Returned: 701
	[TornadoVM-PTX-JNI] ERROR : cuLaunchKernel -> Returned: 701
	[TornadoVM-PTX-JNI] ERROR : cuLaunchKernel -> Returned: 701
	[TornadoVM-PTX-JNI] ERROR : cuLaunchKernel -> Returned: 701
	[TornadoVM-PTX-JNI] ERROR : cuLaunchKernel -> Returned: 701
	[TornadoVM-PTX-JNI] ERROR : cuLaunchKernel -> Returned: 701
	[TornadoVM-PTX-JNI] ERROR : cuLaunchKernel -> Returned: 701
	[TornadoVM-PTX-JNI] ERROR : cuLaunchKernel -> Returned: 701
	[TornadoVM-PTX-JNI] ERROR : cuLaunchKernel -> Returned: 701
	[TornadoVM-PTX-JNI] ERROR : cuLaunchKernel -> Returned: 701
	[TornadoVM-PTX-JNI] ERROR : cuLaunchKernel -> Returned: 701
	[TornadoVM-PTX-JNI] ERROR : cuLaunchKernel -> Returned: 701
	[TornadoVM-PTX-JNI] ERROR : cuLaunchKernel -> Returned: 701
	[TornadoVM-PTX-JNI] ERROR : cuLaunchKernel -> Returned: 701
	[TornadoVM-PTX-JNI] ERROR : cuLaunchKernel -> Returned: 701
	[TornadoVM-PTX-JNI] ERROR : cuLaunchKernel -> Returned: 701
	[TornadoVM-PTX-JNI] ERROR : cuLaunchKernel -> Returned: 701
	[TornadoVM-PTX-JNI] ERROR : cuLaunchKernel -> Returned: 701
	[TornadoVM-PTX-JNI] ERROR : cuLaunchKernel -> Returned: 701
	[TornadoVM-PTX-JNI] ERROR : cuLaunchKernel -> Returned: 701
	[TornadoVM-PTX-JNI] ERROR : cuLaunchKernel -> Returned: 701
	[TornadoVM-PTX-JNI] ERROR : cuLaunchKernel -> Returned: 701
	[TornadoVM-PTX-JNI] ERROR : cuLaunchKernel -> Returned: 701
	[TornadoVM-PTX-JNI] ERROR : cuLaunchKernel -> Returned: 701
	[TornadoVM-PTX-JNI] ERROR : cuLaunchKernel -> Returned: 701
	[TornadoVM-PTX-JNI] ERROR : cuLaunchKernel -> Returned: 701
	[TornadoVM-PTX-JNI] ERROR : cuLaunchKernel -> Returned: 701
	[TornadoVM-PTX-JNI] ERROR : cuLaunchKernel -> Returned: 701
	[TornadoVM-PTX-JNI] ERROR : cuLaunchKernel -> Returned: 701
	[TornadoVM-PTX-JNI] ERROR : cuLaunchKernel -> Returned: 701
	[TornadoVM-PTX-JNI] ERROR : cuLaunchKernel -> Returned: 701
	[TornadoVM-PTX-JNI] ERROR : cuLaunchKernel -> Returned: 701
	[TornadoVM-PTX-JNI] ERROR : cuLaunchKernel -> Returned: 701
	[TornadoVM-PTX-JNI] ERROR : cuLaunchKernel -> Returned: 701
	[TornadoVM-PTX-JNI] ERROR : cuLaunchKernel -> Returned: 701
	[TornadoVM-PTX-JNI] ERROR : cuLaunchKernel -> Returned: 701
	[TornadoVM-PTX-JNI] ERROR : cuLaunchKernel -> Returned: 701
	[TornadoVM-PTX-JNI] ERROR : cuLaunchKernel -> Returned: 701
	[TornadoVM-PTX-JNI] ERROR : cuLaunchKernel -> Returned: 701
	[TornadoVM-PTX-JNI] ERROR : cuLaunchKernel -> Returned: 701
	[TornadoVM-PTX-JNI] ERROR : cuLaunchKernel -> Returned: 701
	[TornadoVM-PTX-JNI] ERROR : cuLaunchKernel -> Returned: 701
	[TornadoVM-PTX-JNI] ERROR : cuLaunchKernel -> Returned: 701
	[TornadoVM-PTX-JNI] ERROR : cuLaunchKernel -> Returned: 701
	[TornadoVM-PTX-JNI] ERROR : cuLaunchKernel -> Returned: 701
	[TornadoVM-PTX-JNI] ERROR : cuLaunchKernel -> Returned: 701
	[TornadoVM-PTX-JNI] ERROR : cuLaunchKernel -> Returned: 701
	[TornadoVM-PTX-JNI] ERROR : cuLaunchKernel -> Returned: 701
	[TornadoVM-PTX-JNI] ERROR : cuLaunchKernel -> Returned: 701
	[TornadoVM-PTX-JNI] ERROR : cuLaunchKernel -> Returned: 701
	[TornadoVM-PTX-JNI] ERROR : cuLaunchKernel -> Returned: 701
	[TornadoVM-PTX-JNI] ERROR : cuLaunchKernel -> Returned: 701
	[TornadoVM-PTX-JNI] ERROR : cuLaunchKernel -> Returned: 701
	[TornadoVM-PTX-JNI] ERROR : cuLaunchKernel -> Returned: 701
	[TornadoVM-PTX-JNI] ERROR : cuLaunchKernel -> Returned: 701
	[TornadoVM-PTX-JNI] ERROR : cuLaunchKernel -> Returned: 701
	[TornadoVM-PTX-JNI] ERROR : cuLaunchKernel -> Returned: 701
	[TornadoVM-PTX-JNI] ERROR : cuLaunchKernel -> Returned: 701
	[TornadoVM-PTX-JNI] ERROR : cuLaunchKernel -> Returned: 701
	[TornadoVM-PTX-JNI] ERROR : cuLaunchKernel -> Returned: 701
	[TornadoVM-PTX-JNI] ERROR : cuLaunchKernel -> Returned: 701
	[TornadoVM-PTX-JNI] ERROR : cuLaunchKernel -> Returned: 701
	[TornadoVM-PTX-JNI] ERROR : cuLaunchKernel -> Returned: 701
	[TornadoVM-PTX-JNI] ERROR : cuLaunchKernel -> Returned: 701
	[TornadoVM-PTX-JNI] ERROR : cuLaunchKernel -> Returned: 701
	[TornadoVM-PTX-JNI] ERROR : cuLaunchKernel -> Returned: 701
	[TornadoVM-PTX-JNI] ERROR : cuLaunchKernel -> Returned: 701
	[TornadoVM-PTX-JNI] ERROR : cuLaunchKernel -> Returned: 701
	[TornadoVM-PTX-JNI] ERROR : cuLaunchKernel -> Returned: 701
	[TornadoVM-PTX-JNI] ERROR : cuLaunchKernel -> Returned: 701
	[TornadoVM-PTX-JNI] ERROR : cuLaunchKernel -> Returned: 701
	[TornadoVM-PTX-JNI] ERROR : cuLaunchKernel -> Returned: 701
	[TornadoVM-PTX-JNI] ERROR : cuLaunchKernel -> Returned: 701
	[TornadoVM-PTX-JNI] ERROR : cuLaunchKernel -> Returned: 701
	[TornadoVM-PTX-JNI] ERROR : cuLaunchKernel -> Returned: 701
	[TornadoVM-PTX-JNI] ERROR : cuLaunchKernel -> Returned: 701
	[TornadoVM-PTX-JNI] ERROR : cuLaunchKernel -> Returned: 701
	[TornadoVM-PTX-JNI] ERROR : cuLaunchKernel -> Returned: 701
	[TornadoVM-PTX-JNI] ERROR : cuLaunchKernel -> Returned: 701
	[TornadoVM-PTX-JNI] ERROR : cuLaunchKernel -> Returned: 701
	[TornadoVM-PTX-JNI] ERROR : cuLaunchKernel -> Returned: 701
	[TornadoVM-PTX-JNI] ERROR : cuLaunchKernel -> Returned: 701
	[TornadoVM-PTX-JNI] ERROR : cuLaunchKernel -> Returned: 701
	[TornadoVM-PTX-JNI] ERROR : cuLaunchKernel -> Returned: 701
	[TornadoVM-PTX-JNI] ERROR : cuLaunchKernel -> Returned: 701
	[TornadoVM-PTX-JNI] ERROR : cuLaunchKernel -> Returned: 701
	[TornadoVM-PTX-JNI] ERROR : cuLaunchKernel -> Returned: 701
	[TornadoVM-PTX-JNI] ERROR : cuLaunchKernel -> Returned: 701
	[TornadoVM-PTX-JNI] ERROR : cuLaunchKernel -> Returned: 701
	[TornadoVM-PTX-JNI] ERROR : cuLaunchKernel -> Returned: 701
	[TornadoVM-PTX-JNI] ERROR : cuLaunchKernel -> Returned: 701
	[TornadoVM-PTX-JNI] ERROR : cuLaunchKernel -> Returned: 701
	[TornadoVM-PTX-JNI] ERROR : cuLaunchKernel -> Returned: 701
	[TornadoVM-PTX-JNI] ERROR : cuLaunchKernel -> Returned: 701
	[TornadoVM-PTX-JNI] ERROR : cuLaunchKernel -> Returned: 701
	[TornadoVM-PTX-JNI] ERROR : cuLaunchKernel -> Returned: 701
	[TornadoVM-PTX-JNI] ERROR : cuLaunchKernel -> Returned: 701
	[TornadoVM-PTX-JNI] ERROR : cuLaunchKernel -> Returned: 701
	[TornadoVM-PTX-JNI] ERROR : cuLaunchKernel -> Returned: 701
	[TornadoVM-PTX-JNI] ERROR : cuLaunchKernel -> Returned: 701
	[TornadoVM-PTX-JNI] ERROR : cuLaunchKernel -> Returned: 701
	[TornadoVM-PTX-JNI] ERROR : cuLaunchKernel -> Returned: 701
	[TornadoVM-PTX-JNI] ERROR : cuLaunchKernel -> Returned: 701
	[TornadoVM-PTX-JNI] ERROR : cuLaunchKernel -> Returned: 701
	[TornadoVM-PTX-JNI] ERROR : cuLaunchKernel -> Returned: 701
	[TornadoVM-PTX-JNI] ERROR : cuLaunchKernel -> Returned: 701
	[TornadoVM-PTX-JNI] ERROR : cuLaunchKernel -> Returned: 701
	[TornadoVM-PTX-JNI] ERROR : cuLaunchKernel -> Returned: 701
	[TornadoVM-PTX-JNI] ERROR : cuLaunchKernel -> Returned: 701
	[TornadoVM-PTX-JNI] ERROR : cuLaunchKernel -> Returned: 701
	[TornadoVM-PTX-JNI] ERROR : cuLaunchKernel -> Returned: 701
	[TornadoVM-PTX-JNI] ERROR : cuLaunchKernel -> Returned: 701
	[TornadoVM-PTX-JNI] ERROR : cuLaunchKernel -> Returned: 701
	[TornadoVM-PTX-JNI] ERROR : cuLaunchKernel -> Returned: 701
	[TornadoVM-PTX-JNI] ERROR : cuLaunchKernel -> Returned: 701
	[TornadoVM-PTX-JNI] ERROR : cuLaunchKernel -> Returned: 701
	[TornadoVM-PTX-JNI] ERROR : cuLaunchKernel -> Returned: 701
	[TornadoVM-PTX-JNI] ERROR : cuLaunchKernel -> Returned: 701
	[TornadoVM-PTX-JNI] ERROR : cuLaunchKernel -> Returned: 701
	[TornadoVM-PTX-JNI] ERROR : cuLaunchKernel -> Returned: 701
	[TornadoVM-PTX-JNI] ERROR : cuLaunchKernel -> Returned: 701
	[TornadoVM-PTX-JNI] ERROR : cuLaunchKernel -> Returned: 701
	[TornadoVM-PTX-JNI] ERROR : cuLaunchKernel -> Returned: 701
	[TornadoVM-PTX-JNI] ERROR : cuLaunchKernel -> Returned: 701
[GATHER] call=17000 totalDirty=0 maxThread=0 cumAvg=13.1 cumMaxPerThread=4
	[TornadoVM-PTX-JNI] ERROR : cuLaunchKernel -> Returned: 701
	[TornadoVM-PTX-JNI] ERROR : cuLaunchKernel -> Returned: 701
	[TornadoVM-PTX-JNI] ERROR : cuLaunchKernel -> Returned: 701
	[TornadoVM-PTX-JNI] ERROR : cuLaunchKernel -> Returned: 701
	[TornadoVM-PTX-JNI] ERROR : cuLaunchKernel -> Returned: 701
	[TornadoVM-PTX-JNI] ERROR : cuLaunchKernel -> Returned: 701
	[TornadoVM-PTX-JNI] ERROR : cuLaunchKernel -> Returned: 701
	[TornadoVM-PTX-JNI] ERROR : cuLaunchKernel -> Returned: 701
	[TornadoVM-PTX-JNI] ERROR : cuLaunchKernel -> Returned: 701
	[TornadoVM-PTX-JNI] ERROR : cuLaunchKernel -> Returned: 701
	[TornadoVM-PTX-JNI] ERROR : cuLaunchKernel -> Returned: 701
	[TornadoVM-PTX-JNI] ERROR : cuLaunchKernel -> Returned: 701
	[TornadoVM-PTX-JNI] ERROR : cuLaunchKernel -> Returned: 701
	[TornadoVM-PTX-JNI] ERROR : cuLaunchKernel -> Returned: 701
	[TornadoVM-PTX-JNI] ERROR : cuLaunchKernel -> Returned: 701
	[TornadoVM-PTX-JNI] ERROR : cuLaunchKernel -> Returned: 701
	[TornadoVM-PTX-JNI] ERROR : cuLaunchKernel -> Returned: 701
	[TornadoVM-PTX-JNI] ERROR : cuLaunchKernel -> Returned: 701
	[TornadoVM-PTX-JNI] ERROR : cuLaunchKernel -> Returned: 701
	[TornadoVM-PTX-JNI] ERROR : cuLaunchKernel -> Returned: 701
	[TornadoVM-PTX-JNI] ERROR : cuLaunchKernel -> Returned: 701
	[TornadoVM-PTX-JNI] ERROR : cuLaunchKernel -> Returned: 701
	[TornadoVM-PTX-JNI] ERROR : cuLaunchKernel -> Returned: 701
	[TornadoVM-PTX-JNI] ERROR : cuLaunchKernel -> Returned: 701
	[TornadoVM-PTX-JNI] ERROR : cuLaunchKernel -> Returned: 701
	[TornadoVM-PTX-JNI] ERROR : cuLaunchKernel -> Returned: 701
	[TornadoVM-PTX-JNI] ERROR : cuLaunchKernel -> Returned: 701
	[TornadoVM-PTX-JNI] ERROR : cuLaunchKernel -> Returned: 701
	[TornadoVM-PTX-JNI] ERROR : cuLaunchKernel -> Returned: 701
	[TornadoVM-PTX-JNI] ERROR : cuLaunchKernel -> Returned: 701
	[TornadoVM-PTX-JNI] ERROR : cuLaunchKernel -> Returned: 701
	[TornadoVM-PTX-JNI] ERROR : cuLaunchKernel -> Returned: 701
	[TornadoVM-PTX-JNI] ERROR : cuLaunchKernel -> Returned: 701
	[TornadoVM-PTX-JNI] ERROR : cuLaunchKernel -> Returned: 701
	[TornadoVM-PTX-JNI] ERROR : cuLaunchKernel -> Returned: 701
	[TornadoVM-PTX-JNI] ERROR : cuLaunchKernel -> Returned: 701
	[TornadoVM-PTX-JNI] ERROR : cuLaunchKernel -> Returned: 701
	[TornadoVM-PTX-JNI] ERROR : cuLaunchKernel -> Returned: 701
	[TornadoVM-PTX-JNI] ERROR : cuLaunchKernel -> Returned: 701
	[TornadoVM-PTX-JNI] ERROR : cuLaunchKernel -> Returned: 701
	[TornadoVM-PTX-JNI] ERROR : cuLaunchKernel -> Returned: 701
	[TornadoVM-PTX-JNI] ERROR : cuLaunchKernel -> Returned: 701
	[TornadoVM-PTX-JNI] ERROR : cuLaunchKernel -> Returned: 701
	[TornadoVM-PTX-JNI] ERROR : cuLaunchKernel -> Returned: 701
	[TornadoVM-PTX-JNI] ERROR : cuLaunchKernel -> Returned: 701
	[TornadoVM-PTX-JNI] ERROR : cuLaunchKernel -> Returned: 701
	[TornadoVM-PTX-JNI] ERROR : cuLaunchKernel -> Returned: 701
	[TornadoVM-PTX-JNI] ERROR : cuLaunchKernel -> Returned: 701
	[TornadoVM-PTX-JNI] ERROR : cuLaunchKernel -> Returned: 701
	[TornadoVM-PTX-JNI] ERROR : cuLaunchKernel -> Returned: 701
	[TornadoVM-PTX-JNI] ERROR : cuLaunchKernel -> Returned: 701
	[TornadoVM-PTX-JNI] ERROR : cuLaunchKernel -> Returned: 701
	[TornadoVM-PTX-JNI] ERROR : cuLaunchKernel -> Returned: 701
	[TornadoVM-PTX-JNI] ERROR : cuLaunchKernel -> Returned: 701
	[TornadoVM-PTX-JNI] ERROR : cuLaunchKernel -> Returned: 701
	[TornadoVM-PTX-JNI] ERROR : cuLaunchKernel -> Returned: 701
	[TornadoVM-PTX-JNI] ERROR : cuLaunchKernel -> Returned: 701
	[TornadoVM-PTX-JNI] ERROR : cuLaunchKernel -> Returned: 701
	[TornadoVM-PTX-JNI] ERROR : cuLaunchKernel -> Returned: 701
	[TornadoVM-PTX-JNI] ERROR : cuLaunchKernel -> Returned: 701
	[TornadoVM-PTX-JNI] ERROR : cuLaunchKernel -> Returned: 701
	[TornadoVM-PTX-JNI] ERROR : cuLaunchKernel -> Returned: 701
	[TornadoVM-PTX-JNI] ERROR : cuLaunchKernel -> Returned: 701
	[TornadoVM-PTX-JNI] ERROR : cuLaunchKernel -> Returned: 701
	[TornadoVM-PTX-JNI] ERROR : cuLaunchKernel -> Returned: 701
	[TornadoVM-PTX-JNI] ERROR : cuLaunchKernel -> Returned: 701
	[TornadoVM-PTX-JNI] ERROR : cuLaunchKernel -> Returned: 701
	[TornadoVM-PTX-JNI] ERROR : cuLaunchKernel -> Returned: 701
	[TornadoVM-PTX-JNI] ERROR : cuLaunchKernel -> Returned: 701
	[TornadoVM-PTX-JNI] ERROR : cuLaunchKernel -> Returned: 701
	[TornadoVM-PTX-JNI] ERROR : cuLaunchKernel -> Returned: 701
	[TornadoVM-PTX-JNI] ERROR : cuLaunchKernel -> Returned: 701
	[TornadoVM-PTX-JNI] ERROR : cuLaunchKernel -> Returned: 701
	[TornadoVM-PTX-JNI] ERROR : cuLaunchKernel -> Returned: 701
	[TornadoVM-PTX-JNI] ERROR : cuLaunchKernel -> Returned: 701
	[TornadoVM-PTX-JNI] ERROR : cuLaunchKernel -> Returned: 701
	[TornadoVM-PTX-JNI] ERROR : cuLaunchKernel -> Returned: 701
	[TornadoVM-PTX-JNI] ERROR : cuLaunchKernel -> Returned: 701
	[TornadoVM-PTX-JNI] ERROR : cuLaunchKernel -> Returned: 701
	[TornadoVM-PTX-JNI] ERROR : cuLaunchKernel -> Returned: 701
	[TornadoVM-PTX-JNI] ERROR : cuLaunchKernel -> Returned: 701
	[TornadoVM-PTX-JNI] ERROR : cuLaunchKernel -> Returned: 701
	[TornadoVM-PTX-JNI] ERROR : cuLaunchKernel -> Returned: 701
	[TornadoVM-PTX-JNI] ERROR : cuLaunchKernel -> Returned: 701
	[TornadoVM-PTX-JNI] ERROR : cuLaunchKernel -> Returned: 701
	[TornadoVM-PTX-JNI] ERROR : cuLaunchKernel -> Returned: 701
	[TornadoVM-PTX-JNI] ERROR : cuLaunchKernel -> Returned: 701
	[TornadoVM-PTX-JNI] ERROR : cuLaunchKernel -> Returned: 701
	[TornadoVM-PTX-JNI] ERROR : cuLaunchKernel -> Returned: 701
	[TornadoVM-PTX-JNI] ERROR : cuLaunchKernel -> Returned: 701
	[TornadoVM-PTX-JNI] ERROR : cuLaunchKernel -> Returned: 701
	[TornadoVM-PTX-JNI] ERROR : cuLaunchKernel -> Returned: 701
	[TornadoVM-PTX-JNI] ERROR : cuLaunchKernel -> Returned: 701
	[TornadoVM-PTX-JNI] ERROR : cuLaunchKernel -> Returned: 701
	[TornadoVM-PTX-JNI] ERROR : cuLaunchKernel -> Returned: 701
	[TornadoVM-PTX-JNI] ERROR : cuLaunchKernel -> Returned: 701
	[TornadoVM-PTX-JNI] ERROR : cuLaunchKernel -> Returned: 701
	[TornadoVM-PTX-JNI] ERROR : cuLaunchKernel -> Returned: 701
	[TornadoVM-PTX-JNI] ERROR : cuLaunchKernel -> Returned: 701
	[TornadoVM-PTX-JNI] ERROR : cuLaunchKernel -> Returned: 701
	[TornadoVM-PTX-JNI] ERROR : cuLaunchKernel -> Returned: 701
	[TornadoVM-PTX-JNI] ERROR : cuLaunchKernel -> Returned: 701
	[TornadoVM-PTX-JNI] ERROR : cuLaunchKernel -> Returned: 701
	[TornadoVM-PTX-JNI] ERROR : cuLaunchKernel -> Returned: 701
	[TornadoVM-PTX-JNI] ERROR : cuLaunchKernel -> Returned: 701
	[TornadoVM-PTX-JNI] ERROR : cuLaunchKernel -> Returned: 701
	[TornadoVM-PTX-JNI] ERROR : cuLaunchKernel -> Returned: 701
	[TornadoVM-PTX-JNI] ERROR : cuLaunchKernel -> Returned: 701
	[TornadoVM-PTX-JNI] ERROR : cuLaunchKernel -> Returned: 701
	[TornadoVM-PTX-JNI] ERROR : cuLaunchKernel -> Returned: 701
	[TornadoVM-PTX-JNI] ERROR : cuLaunchKernel -> Returned: 701
	[TornadoVM-PTX-JNI] ERROR : cuLaunchKernel -> Returned: 701
	[TornadoVM-PTX-JNI] ERROR : cuLaunchKernel -> Returned: 701
	[TornadoVM-PTX-JNI] ERROR : cuLaunchKernel -> Returned: 701
	[TornadoVM-PTX-JNI] ERROR : cuLaunchKernel -> Returned: 701
	[TornadoVM-PTX-JNI] ERROR : cuLaunchKernel -> Returned: 701
	[TornadoVM-PTX-JNI] ERROR : cuLaunchKernel -> Returned: 701
	[TornadoVM-PTX-JNI] ERROR : cuLaunchKernel -> Returned: 701
	[TornadoVM-PTX-JNI] ERROR : cuLaunchKernel -> Returned: 701
	[TornadoVM-PTX-JNI] ERROR : cuLaunchKernel -> Returned: 701
	[TornadoVM-PTX-JNI] ERROR : cuLaunchKernel -> Returned: 701
	[TornadoVM-PTX-JNI] ERROR : cuLaunchKernel -> Returned: 701
	[TornadoVM-PTX-JNI] ERROR : cuLaunchKernel -> Returned: 701
	[TornadoVM-PTX-JNI] ERROR : cuLaunchKernel -> Returned: 701
	[TornadoVM-PTX-JNI] ERROR : cuLaunchKernel -> Returned: 701
	[TornadoVM-PTX-JNI] ERROR : cuLaunchKernel -> Returned: 701
	[TornadoVM-PTX-JNI] ERROR : cuLaunchKernel -> Returned: 701
	[TornadoVM-PTX-JNI] ERROR : cuLaunchKernel -> Returned: 701
	[TornadoVM-PTX-JNI] ERROR : cuLaunchKernel -> Returned: 701
	[TornadoVM-PTX-JNI] ERROR : cuLaunchKernel -> Returned: 701
	[TornadoVM-PTX-JNI] ERROR : cuLaunchKernel -> Returned: 701
	[TornadoVM-PTX-JNI] ERROR : cuLaunchKernel -> Returned: 701
	[TornadoVM-PTX-JNI] ERROR : cuLaunchKernel -> Returned: 701
	[TornadoVM-PTX-JNI] ERROR : cuLaunchKernel -> Returned: 701
	[TornadoVM-PTX-JNI] ERROR : cuLaunchKernel -> Returned: 701
	[TornadoVM-PTX-JNI] ERROR : cuLaunchKernel -> Returned: 701
	[TornadoVM-PTX-JNI] ERROR : cuLaunchKernel -> Returned: 701
	[TornadoVM-PTX-JNI] ERROR : cuLaunchKernel -> Returned: 701
	[TornadoVM-PTX-JNI] ERROR : cuLaunchKernel -> Returned: 701
	[TornadoVM-PTX-JNI] ERROR : cuLaunchKernel -> Returned: 701
	[TornadoVM-PTX-JNI] ERROR : cuLaunchKernel -> Returned: 701
	[TornadoVM-PTX-JNI] ERROR : cuLaunchKernel -> Returned: 701
	[TornadoVM-PTX-JNI] ERROR : cuLaunchKernel -> Returned: 701
	[TornadoVM-PTX-JNI] ERROR : cuLaunchKernel -> Returned: 701
	[TornadoVM-PTX-JNI] ERROR : cuLaunchKernel -> Returned: 701
	[TornadoVM-PTX-JNI] ERROR : cuLaunchKernel -> Returned: 701
	[TornadoVM-PTX-JNI] ERROR : cuLaunchKernel -> Returned: 701
	[TornadoVM-PTX-JNI] ERROR : cuLaunchKernel -> Returned: 701
	[TornadoVM-PTX-JNI] ERROR : cuLaunchKernel -> Returned: 701
	[TornadoVM-PTX-JNI] ERROR : cuLaunchKernel -> Returned: 701
	[TornadoVM-PTX-JNI] ERROR : cuLaunchKernel -> Returned: 701
	[TornadoVM-PTX-JNI] ERROR : cuLaunchKernel -> Returned: 701
	[TornadoVM-PTX-JNI] ERROR : cuLaunchKernel -> Returned: 701
	[TornadoVM-PTX-JNI] ERROR : cuLaunchKernel -> Returned: 701
	[TornadoVM-PTX-JNI] ERROR : cuLaunchKernel -> Returned: 701
	[TornadoVM-PTX-JNI] ERROR : cuLaunchKernel -> Returned: 701
	[TornadoVM-PTX-JNI] ERROR : cuLaunchKernel -> Returned: 701
	[TornadoVM-PTX-JNI] ERROR : cuLaunchKernel -> Returned: 701
	[TornadoVM-PTX-JNI] ERROR : cuLaunchKernel -> Returned: 701
	[TornadoVM-PTX-JNI] ERROR : cuLaunchKernel -> Returned: 701
	[TornadoVM-PTX-JNI] ERROR : cuLaunchKernel -> Returned: 701
	[TornadoVM-PTX-JNI] ERROR : cuLaunchKernel -> Returned: 701
	[TornadoVM-PTX-JNI] ERROR : cuLaunchKernel -> Returned: 701
	[TornadoVM-PTX-JNI] ERROR : cuLaunchKernel -> Returned: 701
	[TornadoVM-PTX-JNI] ERROR : cuLaunchKernel -> Returned: 701
	[TornadoVM-PTX-JNI] ERROR : cuLaunchKernel -> Returned: 701
	[TornadoVM-PTX-JNI] ERROR : cuLaunchKernel -> Returned: 701
	[TornadoVM-PTX-JNI] ERROR : cuLaunchKernel -> Returned: 701
	[TornadoVM-PTX-JNI] ERROR : cuLaunchKernel -> Returned: 701
	[TornadoVM-PTX-JNI] ERROR : cuLaunchKernel -> Returned: 701
	[TornadoVM-PTX-JNI] ERROR : cuLaunchKernel -> Returned: 701
	[TornadoVM-PTX-JNI] ERROR : cuLaunchKernel -> Returned: 701
	[TornadoVM-PTX-JNI] ERROR : cuLaunchKernel -> Returned: 701
	[TornadoVM-PTX-JNI] ERROR : cuLaunchKernel -> Returned: 701
	[TornadoVM-PTX-JNI] ERROR : cuLaunchKernel -> Returned: 701
	[TornadoVM-PTX-JNI] ERROR : cuLaunchKernel -> Returned: 701
	[TornadoVM-PTX-JNI] ERROR : cuLaunchKernel -> Returned: 701
	[TornadoVM-PTX-JNI] ERROR : cuLaunchKernel -> Returned: 701
	[TornadoVM-PTX-JNI] ERROR : cuLaunchKernel -> Returned: 701
	[TornadoVM-PTX-JNI] ERROR : cuLaunchKernel -> Returned: 701
	[TornadoVM-PTX-JNI] ERROR : cuLaunchKernel -> Returned: 701
	[TornadoVM-PTX-JNI] ERROR : cuLaunchKernel -> Returned: 701
	[TornadoVM-PTX-JNI] ERROR : cuLaunchKernel -> Returned: 701
	[TornadoVM-PTX-JNI] ERROR : cuLaunchKernel -> Returned: 701
	[TornadoVM-PTX-JNI] ERROR : cuLaunchKernel -> Returned: 701
	[TornadoVM-PTX-JNI] ERROR : cuLaunchKernel -> Returned: 701
	[TornadoVM-PTX-JNI] ERROR : cuLaunchKernel -> Returned: 701
	[TornadoVM-PTX-JNI] ERROR : cuLaunchKernel -> Returned: 701
	[TornadoVM-PTX-JNI] ERROR : cuLaunchKernel -> Returned: 701
	[TornadoVM-PTX-JNI] ERROR : cuLaunchKernel -> Returned: 701
	[TornadoVM-PTX-JNI] ERROR : cuLaunchKernel -> Returned: 701
	[TornadoVM-PTX-JNI] ERROR : cuLaunchKernel -> Returned: 701
	[TornadoVM-PTX-JNI] ERROR : cuLaunchKernel -> Returned: 701
	[TornadoVM-PTX-JNI] ERROR : cuLaunchKernel -> Returned: 701
	[TornadoVM-PTX-JNI] ERROR : cuLaunchKernel -> Returned: 701
	[TornadoVM-PTX-JNI] ERROR : cuLaunchKernel -> Returned: 701
	[TornadoVM-PTX-JNI] ERROR : cuLaunchKernel -> Returned: 701
	[TornadoVM-PTX-JNI] ERROR : cuLaunchKernel -> Returned: 701
	[TornadoVM-PTX-JNI] ERROR : cuLaunchKernel -> Returned: 701
	[TornadoVM-PTX-JNI] ERROR : cuLaunchKernel -> Returned: 701
	[TornadoVM-PTX-JNI] ERROR : cuLaunchKernel -> Returned: 701
	[TornadoVM-PTX-JNI] ERROR : cuLaunchKernel -> Returned: 701
	[TornadoVM-PTX-JNI] ERROR : cuLaunchKernel -> Returned: 701
	[TornadoVM-PTX-JNI] ERROR : cuLaunchKernel -> Returned: 701
	[TornadoVM-PTX-JNI] ERROR : cuLaunchKernel -> Returned: 701
	[TornadoVM-PTX-JNI] ERROR : cuLaunchKernel -> Returned: 701
	[TornadoVM-PTX-JNI] ERROR : cuLaunchKernel -> Returned: 701
	[TornadoVM-PTX-JNI] ERROR : cuLaunchKernel -> Returned: 701
	[TornadoVM-PTX-JNI] ERROR : cuLaunchKernel -> Returned: 701
	[TornadoVM-PTX-JNI] ERROR : cuLaunchKernel -> Returned: 701
	[TornadoVM-PTX-JNI] ERROR : cuLaunchKernel -> Returned: 701
	[TornadoVM-PTX-JNI] ERROR : cuLaunchKernel -> Returned: 701
	[TornadoVM-PTX-JNI] ERROR : cuLaunchKernel -> Returned: 701
	[TornadoVM-PTX-JNI] ERROR : cuLaunchKernel -> Returned: 701
	[TornadoVM-PTX-JNI] ERROR : cuLaunchKernel -> Returned: 701
	[TornadoVM-PTX-JNI] ERROR : cuLaunchKernel -> Returned: 701
	[TornadoVM-PTX-JNI] ERROR : cuLaunchKernel -> Returned: 701
	[TornadoVM-PTX-JNI] ERROR : cuLaunchKernel -> Returned: 701
	[TornadoVM-PTX-JNI] ERROR : cuLaunchKernel -> Returned: 701
	[TornadoVM-PTX-JNI] ERROR : cuLaunchKernel -> Returned: 701
	[TornadoVM-PTX-JNI] ERROR : cuLaunchKernel -> Returned: 701
	[TornadoVM-PTX-JNI] ERROR : cuLaunchKernel -> Returned: 701
	[TornadoVM-PTX-JNI] ERROR : cuLaunchKernel -> Returned: 701
	[TornadoVM-PTX-JNI] ERROR : cuLaunchKernel -> Returned: 701
	[TornadoVM-PTX-JNI] ERROR : cuLaunchKernel -> Returned: 701
	[TornadoVM-PTX-JNI] ERROR : cuLaunchKernel -> Returned: 701
	[TornadoVM-PTX-JNI] ERROR : cuLaunchKernel -> Returned: 701
	[TornadoVM-PTX-JNI] ERROR : cuLaunchKernel -> Returned: 701
	[TornadoVM-PTX-JNI] ERROR : cuLaunchKernel -> Returned: 701
	[TornadoVM-PTX-JNI] ERROR : cuLaunchKernel -> Returned: 701
	[TornadoVM-PTX-JNI] ERROR : cuLaunchKernel -> Returned: 701
	[TornadoVM-PTX-JNI] ERROR : cuLaunchKernel -> Returned: 701
	[TornadoVM-PTX-JNI] ERROR : cuLaunchKernel -> Returned: 701
	[TornadoVM-PTX-JNI] ERROR : cuLaunchKernel -> Returned: 701
	[TornadoVM-PTX-JNI] ERROR : cuLaunchKernel -> Returned: 701
	[TornadoVM-PTX-JNI] ERROR : cuLaunchKernel -> Returned: 701
	[TornadoVM-PTX-JNI] ERROR : cuLaunchKernel -> Returned: 701
	[TornadoVM-PTX-JNI] ERROR : cuLaunchKernel -> Returned: 701
	[TornadoVM-PTX-JNI] ERROR : cuLaunchKernel -> Returned: 701
	[TornadoVM-PTX-JNI] ERROR : cuLaunchKernel -> Returned: 701
	[TornadoVM-PTX-JNI] ERROR : cuLaunchKernel -> Returned: 701
	[TornadoVM-PTX-JNI] ERROR : cuLaunchKernel -> Returned: 701
	[TornadoVM-PTX-JNI] ERROR : cuLaunchKernel -> Returned: 701
	[TornadoVM-PTX-JNI] ERROR : cuLaunchKernel -> Returned: 701
	[TornadoVM-PTX-JNI] ERROR : cuLaunchKernel -> Returned: 701
	[TornadoVM-PTX-JNI] ERROR : cuLaunchKernel -> Returned: 701
	[TornadoVM-PTX-JNI] ERROR : cuLaunchKernel -> Returned: 701
	[TornadoVM-PTX-JNI] ERROR : cuLaunchKernel -> Returned: 701
	[TornadoVM-PTX-JNI] ERROR : cuLaunchKernel -> Returned: 701
	[TornadoVM-PTX-JNI] ERROR : cuLaunchKernel -> Returned: 701
	[TornadoVM-PTX-JNI] ERROR : cuLaunchKernel -> Returned: 701
	[TornadoVM-PTX-JNI] ERROR : cuLaunchKernel -> Returned: 701
	[TornadoVM-PTX-JNI] ERROR : cuLaunchKernel -> Returned: 701
	[TornadoVM-PTX-JNI] ERROR : cuLaunchKernel -> Returned: 701
	[TornadoVM-PTX-JNI] ERROR : cuLaunchKernel -> Returned: 701
	[TornadoVM-PTX-JNI] ERROR : cuLaunchKernel -> Returned: 701
	[TornadoVM-PTX-JNI] ERROR : cuLaunchKernel -> Returned: 701
	[TornadoVM-PTX-JNI] ERROR : cuLaunchKernel -> Returned: 701
	[TornadoVM-PTX-JNI] ERROR : cuLaunchKernel -> Returned: 701
	[TornadoVM-PTX-JNI] ERROR : cuLaunchKernel -> Returned: 701
	[TornadoVM-PTX-JNI] ERROR : cuLaunchKernel -> Returned: 701
	[TornadoVM-PTX-JNI] ERROR : cuLaunchKernel -> Returned: 701
	[TornadoVM-PTX-JNI] ERROR : cuLaunchKernel -> Returned: 701
	[TornadoVM-PTX-JNI] ERROR : cuLaunchKernel -> Returned: 701
	[TornadoVM-PTX-JNI] ERROR : cuLaunchKernel -> Returned: 701
	[TornadoVM-PTX-JNI] ERROR : cuLaunchKernel -> Returned: 701
	[TornadoVM-PTX-JNI] ERROR : cuLaunchKernel -> Returned: 701
	[TornadoVM-PTX-JNI] ERROR : cuLaunchKernel -> Returned: 701
	[TornadoVM-PTX-JNI] ERROR : cuLaunchKernel -> Returned: 701
	[TornadoVM-PTX-JNI] ERROR : cuLaunchKernel -> Returned: 701
	[TornadoVM-PTX-JNI] ERROR : cuLaunchKernel -> Returned: 701
	[TornadoVM-PTX-JNI] ERROR : cuLaunchKernel -> Returned: 701
	[TornadoVM-PTX-JNI] ERROR : cuLaunchKernel -> Returned: 701
	[TornadoVM-PTX-JNI] ERROR : cuLaunchKernel -> Returned: 701
	[TornadoVM-PTX-JNI] ERROR : cuLaunchKernel -> Returned: 701
	[TornadoVM-PTX-JNI] ERROR : cuLaunchKernel -> Returned: 701
	[TornadoVM-PTX-JNI] ERROR : cuLaunchKernel -> Returned: 701
	[TornadoVM-PTX-JNI] ERROR : cuLaunchKernel -> Returned: 701
	[TornadoVM-PTX-JNI] ERROR : cuLaunchKernel -> Returned: 701
	[TornadoVM-PTX-JNI] ERROR : cuLaunchKernel -> Returned: 701
	[TornadoVM-PTX-JNI] ERROR : cuLaunchKernel -> Returned: 701
	[TornadoVM-PTX-JNI] ERROR : cuLaunchKernel -> Returned: 701
	[TornadoVM-PTX-JNI] ERROR : cuLaunchKernel -> Returned: 701
	[TornadoVM-PTX-JNI] ERROR : cuLaunchKernel -> Returned: 701
	[TornadoVM-PTX-JNI] ERROR : cuLaunchKernel -> Returned: 701
	[TornadoVM-PTX-JNI] ERROR : cuLaunchKernel -> Returned: 701
	[TornadoVM-PTX-JNI] ERROR : cuLaunchKernel -> Returned: 701
	[TornadoVM-PTX-JNI] ERROR : cuLaunchKernel -> Returned: 701
	[TornadoVM-PTX-JNI] ERROR : cuLaunchKernel -> Returned: 701
	[TornadoVM-PTX-JNI] ERROR : cuLaunchKernel -> Returned: 701
	[TornadoVM-PTX-JNI] ERROR : cuLaunchKernel -> Returned: 701
	[TornadoVM-PTX-JNI] ERROR : cuLaunchKernel -> Returned: 701
	[TornadoVM-PTX-JNI] ERROR : cuLaunchKernel -> Returned: 701
	[TornadoVM-PTX-JNI] ERROR : cuLaunchKernel -> Returned: 701
	[TornadoVM-PTX-JNI] ERROR : cuLaunchKernel -> Returned: 701
	[TornadoVM-PTX-JNI] ERROR : cuLaunchKernel -> Returned: 701
	[TornadoVM-PTX-JNI] ERROR : cuLaunchKernel -> Returned: 701
	[TornadoVM-PTX-JNI] ERROR : cuLaunchKernel -> Returned: 701
	[TornadoVM-PTX-JNI] ERROR : cuLaunchKernel -> Returned: 701
	[TornadoVM-PTX-JNI] ERROR : cuLaunchKernel -> Returned: 701
	[TornadoVM-PTX-JNI] ERROR : cuLaunchKernel -> Returned: 701
	[TornadoVM-PTX-JNI] ERROR : cuLaunchKernel -> Returned: 701
	[TornadoVM-PTX-JNI] ERROR : cuLaunchKernel -> Returned: 701
	[TornadoVM-PTX-JNI] ERROR : cuLaunchKernel -> Returned: 701
	[TornadoVM-PTX-JNI] ERROR : cuLaunchKernel -> Returned: 701
	[TornadoVM-PTX-JNI] ERROR : cuLaunchKernel -> Returned: 701
	[TornadoVM-PTX-JNI] ERROR : cuLaunchKernel -> Returned: 701
	[TornadoVM-PTX-JNI] ERROR : cuLaunchKernel -> Returned: 701
	[TornadoVM-PTX-JNI] ERROR : cuLaunchKernel -> Returned: 701
	[TornadoVM-PTX-JNI] ERROR : cuLaunchKernel -> Returned: 701
	[TornadoVM-PTX-JNI] ERROR : cuLaunchKernel -> Returned: 701
	[TornadoVM-PTX-JNI] ERROR : cuLaunchKernel -> Returned: 701
	[TornadoVM-PTX-JNI] ERROR : cuLaunchKernel -> Returned: 701
	[TornadoVM-PTX-JNI] ERROR : cuLaunchKernel -> Returned: 701
	[TornadoVM-PTX-JNI] ERROR : cuLaunchKernel -> Returned: 701
	[TornadoVM-PTX-JNI] ERROR : cuLaunchKernel -> Returned: 701
	[TornadoVM-PTX-JNI] ERROR : cuLaunchKernel -> Returned: 701
	[TornadoVM-PTX-JNI] ERROR : cuLaunchKernel -> Returned: 701
	[TornadoVM-PTX-JNI] ERROR : cuLaunchKernel -> Returned: 701
	[TornadoVM-PTX-JNI] ERROR : cuLaunchKernel -> Returned: 701
	[TornadoVM-PTX-JNI] ERROR : cuLaunchKernel -> Returned: 701
	[TornadoVM-PTX-JNI] ERROR : cuLaunchKernel -> Returned: 701
	[TornadoVM-PTX-JNI] ERROR : cuLaunchKernel -> Returned: 701
	[TornadoVM-PTX-JNI] ERROR : cuLaunchKernel -> Returned: 701
	[TornadoVM-PTX-JNI] ERROR : cuLaunchKernel -> Returned: 701
	[TornadoVM-PTX-JNI] ERROR : cuLaunchKernel -> Returned: 701
	[TornadoVM-PTX-JNI] ERROR : cuLaunchKernel -> Returned: 701
	[TornadoVM-PTX-JNI] ERROR : cuLaunchKernel -> Returned: 701
	[TornadoVM-PTX-JNI] ERROR : cuLaunchKernel -> Returned: 701
	[TornadoVM-PTX-JNI] ERROR : cuLaunchKernel -> Returned: 701
	[TornadoVM-PTX-JNI] ERROR : cuLaunchKernel -> Returned: 701
	[TornadoVM-PTX-JNI] ERROR : cuLaunchKernel -> Returned: 701
	[TornadoVM-PTX-JNI] ERROR : cuLaunchKernel -> Returned: 701
	[TornadoVM-PTX-JNI] ERROR : cuLaunchKernel -> Returned: 701
	[TornadoVM-PTX-JNI] ERROR : cuLaunchKernel -> Returned: 701
	[TornadoVM-PTX-JNI] ERROR : cuLaunchKernel -> Returned: 701
	[TornadoVM-PTX-JNI] ERROR : cuLaunchKernel -> Returned: 701
	[TornadoVM-PTX-JNI] ERROR : cuLaunchKernel -> Returned: 701
	[TornadoVM-PTX-JNI] ERROR : cuLaunchKernel -> Returned: 701
	[TornadoVM-PTX-JNI] ERROR : cuLaunchKernel -> Returned: 701
	[TornadoVM-PTX-JNI] ERROR : cuLaunchKernel -> Returned: 701
	[TornadoVM-PTX-JNI] ERROR : cuLaunchKernel -> Returned: 701
	[TornadoVM-PTX-JNI] ERROR : cuLaunchKernel -> Returned: 701
	[TornadoVM-PTX-JNI] ERROR : cuLaunchKernel -> Returned: 701
	[TornadoVM-PTX-JNI] ERROR : cuLaunchKernel -> Returned: 701
	[TornadoVM-PTX-JNI] ERROR : cuLaunchKernel -> Returned: 701
	[TornadoVM-PTX-JNI] ERROR : cuLaunchKernel -> Returned: 701
	[TornadoVM-PTX-JNI] ERROR : cuLaunchKernel -> Returned: 701
	[TornadoVM-PTX-JNI] ERROR : cuLaunchKernel -> Returned: 701
	[TornadoVM-PTX-JNI] ERROR : cuLaunchKernel -> Returned: 701
	[TornadoVM-PTX-JNI] ERROR : cuLaunchKernel -> Returned: 701
	[TornadoVM-PTX-JNI] ERROR : cuLaunchKernel -> Returned: 701
	[TornadoVM-PTX-JNI] ERROR : cuLaunchKernel -> Returned: 701
	[TornadoVM-PTX-JNI] ERROR : cuLaunchKernel -> Returned: 701
	[TornadoVM-PTX-JNI] ERROR : cuLaunchKernel -> Returned: 701
	[TornadoVM-PTX-JNI] ERROR : cuLaunchKernel -> Returned: 701
	[TornadoVM-PTX-JNI] ERROR : cuLaunchKernel -> Returned: 701
	[TornadoVM-PTX-JNI] ERROR : cuLaunchKernel -> Returned: 701
	[TornadoVM-PTX-JNI] ERROR : cuLaunchKernel -> Returned: 701
	[TornadoVM-PTX-JNI] ERROR : cuLaunchKernel -> Returned: 701
	[TornadoVM-PTX-JNI] ERROR : cuLaunchKernel -> Returned: 701
	[TornadoVM-PTX-JNI] ERROR : cuLaunchKernel -> Returned: 701
	[TornadoVM-PTX-JNI] ERROR : cuLaunchKernel -> Returned: 701
	[TornadoVM-PTX-JNI] ERROR : cuLaunchKernel -> Returned: 701
	[TornadoVM-PTX-JNI] ERROR : cuLaunchKernel -> Returned: 701
	[TornadoVM-PTX-JNI] ERROR : cuLaunchKernel -> Returned: 701
	[TornadoVM-PTX-JNI] ERROR : cuLaunchKernel -> Returned: 701
	[TornadoVM-PTX-JNI] ERROR : cuLaunchKernel -> Returned: 701
	[TornadoVM-PTX-JNI] ERROR : cuLaunchKernel -> Returned: 701
	[TornadoVM-PTX-JNI] ERROR : cuLaunchKernel -> Returned: 701
	[TornadoVM-PTX-JNI] ERROR : cuLaunchKernel -> Returned: 701
	[TornadoVM-PTX-JNI] ERROR : cuLaunchKernel -> Returned: 701
	[TornadoVM-PTX-JNI] ERROR : cuLaunchKernel -> Returned: 701
	[TornadoVM-PTX-JNI] ERROR : cuLaunchKernel -> Returned: 701
	[TornadoVM-PTX-JNI] ERROR : cuLaunchKernel -> Returned: 701
	[TornadoVM-PTX-JNI] ERROR : cuLaunchKernel -> Returned: 701
	[TornadoVM-PTX-JNI] ERROR : cuLaunchKernel -> Returned: 701
	[TornadoVM-PTX-JNI] ERROR : cuLaunchKernel -> Returned: 701
	[TornadoVM-PTX-JNI] ERROR : cuLaunchKernel -> Returned: 701
	[TornadoVM-PTX-JNI] ERROR : cuLaunchKernel -> Returned: 701
	[TornadoVM-PTX-JNI] ERROR : cuLaunchKernel -> Returned: 701
	[TornadoVM-PTX-JNI] ERROR : cuLaunchKernel -> Returned: 701
	[TornadoVM-PTX-JNI] ERROR : cuLaunchKernel -> Returned: 701
	[TornadoVM-PTX-JNI] ERROR : cuLaunchKernel -> Returned: 701
	[TornadoVM-PTX-JNI] ERROR : cuLaunchKernel -> Returned: 701
	[TornadoVM-PTX-JNI] ERROR : cuLaunchKernel -> Returned: 701
	[TornadoVM-PTX-JNI] ERROR : cuLaunchKernel -> Returned: 701
	[TornadoVM-PTX-JNI] ERROR : cuLaunchKernel -> Returned: 701
	[TornadoVM-PTX-JNI] ERROR : cuLaunchKernel -> Returned: 701
	[TornadoVM-PTX-JNI] ERROR : cuLaunchKernel -> Returned: 701
	[TornadoVM-PTX-JNI] ERROR : cuLaunchKernel -> Returned: 701
	[TornadoVM-PTX-JNI] ERROR : cuLaunchKernel -> Returned: 701
	[TornadoVM-PTX-JNI] ERROR : cuLaunchKernel -> Returned: 701
	[TornadoVM-PTX-JNI] ERROR : cuLaunchKernel -> Returned: 701
	[TornadoVM-PTX-JNI] ERROR : cuLaunchKernel -> Returned: 701
	[TornadoVM-PTX-JNI] ERROR : cuLaunchKernel -> Returned: 701
	[TornadoVM-PTX-JNI] ERROR : cuLaunchKernel -> Returned: 701
	[TornadoVM-PTX-JNI] ERROR : cuLaunchKernel -> Returned: 701
	[TornadoVM-PTX-JNI] ERROR : cuLaunchKernel -> Returned: 701
	[TornadoVM-PTX-JNI] ERROR : cuLaunchKernel -> Returned: 701
	[TornadoVM-PTX-JNI] ERROR : cuLaunchKernel -> Returned: 701
	[TornadoVM-PTX-JNI] ERROR : cuLaunchKernel -> Returned: 701
	[TornadoVM-PTX-JNI] ERROR : cuLaunchKernel -> Returned: 701
	[TornadoVM-PTX-JNI] ERROR : cuLaunchKernel -> Returned: 701
	[TornadoVM-PTX-JNI] ERROR : cuLaunchKernel -> Returned: 701
	[TornadoVM-PTX-JNI] ERROR : cuLaunchKernel -> Returned: 701
	[TornadoVM-PTX-JNI] ERROR : cuLaunchKernel -> Returned: 701
	[TornadoVM-PTX-JNI] ERROR : cuLaunchKernel -> Returned: 701
	[TornadoVM-PTX-JNI] ERROR : cuLaunchKernel -> Returned: 701
	[TornadoVM-PTX-JNI] ERROR : cuLaunchKernel -> Returned: 701
	[TornadoVM-PTX-JNI] ERROR : cuLaunchKernel -> Returned: 701
	[TornadoVM-PTX-JNI] ERROR : cuLaunchKernel -> Returned: 701
	[TornadoVM-PTX-JNI] ERROR : cuLaunchKernel -> Returned: 701
	[TornadoVM-PTX-JNI] ERROR : cuLaunchKernel -> Returned: 701
	[TornadoVM-PTX-JNI] ERROR : cuLaunchKernel -> Returned: 701
	[TornadoVM-PTX-JNI] ERROR : cuLaunchKernel -> Returned: 701
	[TornadoVM-PTX-JNI] ERROR : cuLaunchKernel -> Returned: 701
	[TornadoVM-PTX-JNI] ERROR : cuLaunchKernel -> Returned: 701
	[TornadoVM-PTX-JNI] ERROR : cuLaunchKernel -> Returned: 701
	[TornadoVM-PTX-JNI] ERROR : cuLaunchKernel -> Returned: 701
	[TornadoVM-PTX-JNI] ERROR : cuLaunchKernel -> Returned: 701
	[TornadoVM-PTX-JNI] ERROR : cuLaunchKernel -> Returned: 701
	[TornadoVM-PTX-JNI] ERROR : cuLaunchKernel -> Returned: 701
	[TornadoVM-PTX-JNI] ERROR : cuLaunchKernel -> Returned: 701
	[TornadoVM-PTX-JNI] ERROR : cuLaunchKernel -> Returned: 701
	[TornadoVM-PTX-JNI] ERROR : cuLaunchKernel -> Returned: 701
	[TornadoVM-PTX-JNI] ERROR : cuLaunchKernel -> Returned: 701
	[TornadoVM-PTX-JNI] ERROR : cuLaunchKernel -> Returned: 701
	[TornadoVM-PTX-JNI] ERROR : cuLaunchKernel -> Returned: 701
	[TornadoVM-PTX-JNI] ERROR : cuLaunchKernel -> Returned: 701
	[TornadoVM-PTX-JNI] ERROR : cuLaunchKernel -> Returned: 701
	[TornadoVM-PTX-JNI] ERROR : cuLaunchKernel -> Returned: 701
	[TornadoVM-PTX-JNI] ERROR : cuLaunchKernel -> Returned: 701
	[TornadoVM-PTX-JNI] ERROR : cuLaunchKernel -> Returned: 701
	[TornadoVM-PTX-JNI] ERROR : cuLaunchKernel -> Returned: 701
	[TornadoVM-PTX-JNI] ERROR : cuLaunchKernel -> Returned: 701
	[TornadoVM-PTX-JNI] ERROR : cuLaunchKernel -> Returned: 701
	[TornadoVM-PTX-JNI] ERROR : cuLaunchKernel -> Returned: 701
	[TornadoVM-PTX-JNI] ERROR : cuLaunchKernel -> Returned: 701
	[TornadoVM-PTX-JNI] ERROR : cuLaunchKernel -> Returned: 701
	[TornadoVM-PTX-JNI] ERROR : cuLaunchKernel -> Returned: 701
	[TornadoVM-PTX-JNI] ERROR : cuLaunchKernel -> Returned: 701
	[TornadoVM-PTX-JNI] ERROR : cuLaunchKernel -> Returned: 701
	[TornadoVM-PTX-JNI] ERROR : cuLaunchKernel -> Returned: 701
	[TornadoVM-PTX-JNI] ERROR : cuLaunchKernel -> Returned: 701
	[TornadoVM-PTX-JNI] ERROR : cuLaunchKernel -> Returned: 701
	[TornadoVM-PTX-JNI] ERROR : cuLaunchKernel -> Returned: 701
	[TornadoVM-PTX-JNI] ERROR : cuLaunchKernel -> Returned: 701
	[TornadoVM-PTX-JNI] ERROR : cuLaunchKernel -> Returned: 701
	[TornadoVM-PTX-JNI] ERROR : cuLaunchKernel -> Returned: 701
	[TornadoVM-PTX-JNI] ERROR : cuLaunchKernel -> Returned: 701
	[TornadoVM-PTX-JNI] ERROR : cuLaunchKernel -> Returned: 701
	[TornadoVM-PTX-JNI] ERROR : cuLaunchKernel -> Returned: 701
	[TornadoVM-PTX-JNI] ERROR : cuLaunchKernel -> Returned: 701
	[TornadoVM-PTX-JNI] ERROR : cuLaunchKernel -> Returned: 701
	[TornadoVM-PTX-JNI] ERROR : cuLaunchKernel -> Returned: 701
	[TornadoVM-PTX-JNI] ERROR : cuLaunchKernel -> Returned: 701
	[TornadoVM-PTX-JNI] ERROR : cuLaunchKernel -> Returned: 701
	[TornadoVM-PTX-JNI] ERROR : cuLaunchKernel -> Returned: 701
	[TornadoVM-PTX-JNI] ERROR : cuLaunchKernel -> Returned: 701
	[TornadoVM-PTX-JNI] ERROR : cuLaunchKernel -> Returned: 701
	[TornadoVM-PTX-JNI] ERROR : cuLaunchKernel -> Returned: 701
	[TornadoVM-PTX-JNI] ERROR : cuLaunchKernel -> Returned: 701
	[TornadoVM-PTX-JNI] ERROR : cuLaunchKernel -> Returned: 701
	[TornadoVM-PTX-JNI] ERROR : cuLaunchKernel -> Returned: 701
	[TornadoVM-PTX-JNI] ERROR : cuLaunchKernel -> Returned: 701
	[TornadoVM-PTX-JNI] ERROR : cuLaunchKernel -> Returned: 701
	[TornadoVM-PTX-JNI] ERROR : cuLaunchKernel -> Returned: 701
	[TornadoVM-PTX-JNI] ERROR : cuLaunchKernel -> Returned: 701
	[TornadoVM-PTX-JNI] ERROR : cuLaunchKernel -> Returned: 701
	[TornadoVM-PTX-JNI] ERROR : cuLaunchKernel -> Returned: 701
	[TornadoVM-PTX-JNI] ERROR : cuLaunchKernel -> Returned: 701
	[TornadoVM-PTX-JNI] ERROR : cuLaunchKernel -> Returned: 701
	[TornadoVM-PTX-JNI] ERROR : cuLaunchKernel -> Returned: 701
	[TornadoVM-PTX-JNI] ERROR : cuLaunchKernel -> Returned: 701
	[TornadoVM-PTX-JNI] ERROR : cuLaunchKernel -> Returned: 701
	[TornadoVM-PTX-JNI] ERROR : cuLaunchKernel -> Returned: 701
	[TornadoVM-PTX-JNI] ERROR : cuLaunchKernel -> Returned: 701
	[TornadoVM-PTX-JNI] ERROR : cuLaunchKernel -> Returned: 701
	[TornadoVM-PTX-JNI] ERROR : cuLaunchKernel -> Returned: 701
	[TornadoVM-PTX-JNI] ERROR : cuLaunchKernel -> Returned: 701
	[TornadoVM-PTX-JNI] ERROR : cuLaunchKernel -> Returned: 701
	[TornadoVM-PTX-JNI] ERROR : cuLaunchKernel -> Returned: 701
	[TornadoVM-PTX-JNI] ERROR : cuLaunchKernel -> Returned: 701
	[TornadoVM-PTX-JNI] ERROR : cuLaunchKernel -> Returned: 701
	[TornadoVM-PTX-JNI] ERROR : cuLaunchKernel -> Returned: 701
	[TornadoVM-PTX-JNI] ERROR : cuLaunchKernel -> Returned: 701
	[TornadoVM-PTX-JNI] ERROR : cuLaunchKernel -> Returned: 701
	[TornadoVM-PTX-JNI] ERROR : cuLaunchKernel -> Returned: 701
	[TornadoVM-PTX-JNI] ERROR : cuLaunchKernel -> Returned: 701
	[TornadoVM-PTX-JNI] ERROR : cuLaunchKernel -> Returned: 701
	[TornadoVM-PTX-JNI] ERROR : cuLaunchKernel -> Returned: 701
	[TornadoVM-PTX-JNI] ERROR : cuLaunchKernel -> Returned: 701
	[TornadoVM-PTX-JNI] ERROR : cuLaunchKernel -> Returned: 701
	[TornadoVM-PTX-JNI] ERROR : cuLaunchKernel -> Returned: 701
	[TornadoVM-PTX-JNI] ERROR : cuLaunchKernel -> Returned: 701
	[TornadoVM-PTX-JNI] ERROR : cuLaunchKernel -> Returned: 701
	[TornadoVM-PTX-JNI] ERROR : cuLaunchKernel -> Returned: 701
	[TornadoVM-PTX-JNI] ERROR : cuLaunchKernel -> Returned: 701
	[TornadoVM-PTX-JNI] ERROR : cuLaunchKernel -> Returned: 701
[GATHER] call=18000 totalDirty=0 maxThread=0 cumAvg=13.1 cumMaxPerThread=4
	[TornadoVM-PTX-JNI] ERROR : cuLaunchKernel -> Returned: 701
	[TornadoVM-PTX-JNI] ERROR : cuLaunchKernel -> Returned: 701
	[TornadoVM-PTX-JNI] ERROR : cuLaunchKernel -> Returned: 701
	[TornadoVM-PTX-JNI] ERROR : cuLaunchKernel -> Returned: 701
	[TornadoVM-PTX-JNI] ERROR : cuLaunchKernel -> Returned: 701
	[TornadoVM-PTX-JNI] ERROR : cuLaunchKernel -> Returned: 701
	[TornadoVM-PTX-JNI] ERROR : cuLaunchKernel -> Returned: 701
	[TornadoVM-PTX-JNI] ERROR : cuLaunchKernel -> Returned: 701
	[TornadoVM-PTX-JNI] ERROR : cuLaunchKernel -> Returned: 701
	[TornadoVM-PTX-JNI] ERROR : cuLaunchKernel -> Returned: 701
	[TornadoVM-PTX-JNI] ERROR : cuLaunchKernel -> Returned: 701
	[TornadoVM-PTX-JNI] ERROR : cuLaunchKernel -> Returned: 701
	[TornadoVM-PTX-JNI] ERROR : cuLaunchKernel -> Returned: 701
	[TornadoVM-PTX-JNI] ERROR : cuLaunchKernel -> Returned: 701
	[TornadoVM-PTX-JNI] ERROR : cuLaunchKernel -> Returned: 701
	[TornadoVM-PTX-JNI] ERROR : cuLaunchKernel -> Returned: 701
	[TornadoVM-PTX-JNI] ERROR : cuLaunchKernel -> Returned: 701
	[TornadoVM-PTX-JNI] ERROR : cuLaunchKernel -> Returned: 701
	[TornadoVM-PTX-JNI] ERROR : cuLaunchKernel -> Returned: 701
	[TornadoVM-PTX-JNI] ERROR : cuLaunchKernel -> Returned: 701
	[TornadoVM-PTX-JNI] ERROR : cuLaunchKernel -> Returned: 701
	[TornadoVM-PTX-JNI] ERROR : cuLaunchKernel -> Returned: 701
	[TornadoVM-PTX-JNI] ERROR : cuLaunchKernel -> Returned: 701
	[TornadoVM-PTX-JNI] ERROR : cuLaunchKernel -> Returned: 701
	[TornadoVM-PTX-JNI] ERROR : cuLaunchKernel -> Returned: 701
	[TornadoVM-PTX-JNI] ERROR : cuLaunchKernel -> Returned: 701
	[TornadoVM-PTX-JNI] ERROR : cuLaunchKernel -> Returned: 701
	[TornadoVM-PTX-JNI] ERROR : cuLaunchKernel -> Returned: 701
	[TornadoVM-PTX-JNI] ERROR : cuLaunchKernel -> Returned: 701
	[TornadoVM-PTX-JNI] ERROR : cuLaunchKernel -> Returned: 701
	[TornadoVM-PTX-JNI] ERROR : cuLaunchKernel -> Returned: 701
	[TornadoVM-PTX-JNI] ERROR : cuLaunchKernel -> Returned: 701
	[TornadoVM-PTX-JNI] ERROR : cuLaunchKernel -> Returned: 701
	[TornadoVM-PTX-JNI] ERROR : cuLaunchKernel -> Returned: 701
	[TornadoVM-PTX-JNI] ERROR : cuLaunchKernel -> Returned: 701
	[TornadoVM-PTX-JNI] ERROR : cuLaunchKernel -> Returned: 701
	[TornadoVM-PTX-JNI] ERROR : cuLaunchKernel -> Returned: 701
	[TornadoVM-PTX-JNI] ERROR : cuLaunchKernel -> Returned: 701
	[TornadoVM-PTX-JNI] ERROR : cuLaunchKernel -> Returned: 701
	[TornadoVM-PTX-JNI] ERROR : cuLaunchKernel -> Returned: 701
	[TornadoVM-PTX-JNI] ERROR : cuLaunchKernel -> Returned: 701
	[TornadoVM-PTX-JNI] ERROR : cuLaunchKernel -> Returned: 701
	[TornadoVM-PTX-JNI] ERROR : cuLaunchKernel -> Returned: 701
	[TornadoVM-PTX-JNI] ERROR : cuLaunchKernel -> Returned: 701
	[TornadoVM-PTX-JNI] ERROR : cuLaunchKernel -> Returned: 701
	[TornadoVM-PTX-JNI] ERROR : cuLaunchKernel -> Returned: 701
	[TornadoVM-PTX-JNI] ERROR : cuLaunchKernel -> Returned: 701
	[TornadoVM-PTX-JNI] ERROR : cuLaunchKernel -> Returned: 701
	[TornadoVM-PTX-JNI] ERROR : cuLaunchKernel -> Returned: 701
	[TornadoVM-PTX-JNI] ERROR : cuLaunchKernel -> Returned: 701
	[TornadoVM-PTX-JNI] ERROR : cuLaunchKernel -> Returned: 701
	[TornadoVM-PTX-JNI] ERROR : cuLaunchKernel -> Returned: 701
	[TornadoVM-PTX-JNI] ERROR : cuLaunchKernel -> Returned: 701
	[TornadoVM-PTX-JNI] ERROR : cuLaunchKernel -> Returned: 701
	[TornadoVM-PTX-JNI] ERROR : cuLaunchKernel -> Returned: 701
	[TornadoVM-PTX-JNI] ERROR : cuLaunchKernel -> Returned: 701
	[TornadoVM-PTX-JNI] ERROR : cuLaunchKernel -> Returned: 701
	[TornadoVM-PTX-JNI] ERROR : cuLaunchKernel -> Returned: 701
	[TornadoVM-PTX-JNI] ERROR : cuLaunchKernel -> Returned: 701
	[TornadoVM-PTX-JNI] ERROR : cuLaunchKernel -> Returned: 701
	[TornadoVM-PTX-JNI] ERROR : cuLaunchKernel -> Returned: 701
	[TornadoVM-PTX-JNI] ERROR : cuLaunchKernel -> Returned: 701
	[TornadoVM-PTX-JNI] ERROR : cuLaunchKernel -> Returned: 701
	[TornadoVM-PTX-JNI] ERROR : cuLaunchKernel -> Returned: 701
	[TornadoVM-PTX-JNI] ERROR : cuLaunchKernel -> Returned: 701
	[TornadoVM-PTX-JNI] ERROR : cuLaunchKernel -> Returned: 701
	[TornadoVM-PTX-JNI] ERROR : cuLaunchKernel -> Returned: 701
	[TornadoVM-PTX-JNI] ERROR : cuLaunchKernel -> Returned: 701
	[TornadoVM-PTX-JNI] ERROR : cuLaunchKernel -> Returned: 701
	[TornadoVM-PTX-JNI] ERROR : cuLaunchKernel -> Returned: 701
	[TornadoVM-PTX-JNI] ERROR : cuLaunchKernel -> Returned: 701
	[TornadoVM-PTX-JNI] ERROR : cuLaunchKernel -> Returned: 701
	[TornadoVM-PTX-JNI] ERROR : cuLaunchKernel -> Returned: 701
	[TornadoVM-PTX-JNI] ERROR : cuLaunchKernel -> Returned: 701
	[TornadoVM-PTX-JNI] ERROR : cuLaunchKernel -> Returned: 701
	[TornadoVM-PTX-JNI] ERROR : cuLaunchKernel -> Returned: 701
	[TornadoVM-PTX-JNI] ERROR : cuLaunchKernel -> Returned: 701
	[TornadoVM-PTX-JNI] ERROR : cuLaunchKernel -> Returned: 701
	[TornadoVM-PTX-JNI] ERROR : cuLaunchKernel -> Returned: 701
	[TornadoVM-PTX-JNI] ERROR : cuLaunchKernel -> Returned: 701
	[TornadoVM-PTX-JNI] ERROR : cuLaunchKernel -> Returned: 701
	[TornadoVM-PTX-JNI] ERROR : cuLaunchKernel -> Returned: 701
	[TornadoVM-PTX-JNI] ERROR : cuLaunchKernel -> Returned: 701
	[TornadoVM-PTX-JNI] ERROR : cuLaunchKernel -> Returned: 701
	[TornadoVM-PTX-JNI] ERROR : cuLaunchKernel -> Returned: 701
	[TornadoVM-PTX-JNI] ERROR : cuLaunchKernel -> Returned: 701
	[TornadoVM-PTX-JNI] ERROR : cuLaunchKernel -> Returned: 701
	[TornadoVM-PTX-JNI] ERROR : cuLaunchKernel -> Returned: 701
	[TornadoVM-PTX-JNI] ERROR : cuLaunchKernel -> Returned: 701
	[TornadoVM-PTX-JNI] ERROR : cuLaunchKernel -> Returned: 701
	[TornadoVM-PTX-JNI] ERROR : cuLaunchKernel -> Returned: 701
	[TornadoVM-PTX-JNI] ERROR : cuLaunchKernel -> Returned: 701
	[TornadoVM-PTX-JNI] ERROR : cuLaunchKernel -> Returned: 701
	[TornadoVM-PTX-JNI] ERROR : cuLaunchKernel -> Returned: 701
	[TornadoVM-PTX-JNI] ERROR : cuLaunchKernel -> Returned: 701
	[TornadoVM-PTX-JNI] ERROR : cuLaunchKernel -> Returned: 701
	[TornadoVM-PTX-JNI] ERROR : cuLaunchKernel -> Returned: 701
	[TornadoVM-PTX-JNI] ERROR : cuLaunchKernel -> Returned: 701
	[TornadoVM-PTX-JNI] ERROR : cuLaunchKernel -> Returned: 701
	[TornadoVM-PTX-JNI] ERROR : cuLaunchKernel -> Returned: 701
	[TornadoVM-PTX-JNI] ERROR : cuLaunchKernel -> Returned: 701
	[TornadoVM-PTX-JNI] ERROR : cuLaunchKernel -> Returned: 701
	[TornadoVM-PTX-JNI] ERROR : cuLaunchKernel -> Returned: 701
	[TornadoVM-PTX-JNI] ERROR : cuLaunchKernel -> Returned: 701
	[TornadoVM-PTX-JNI] ERROR : cuLaunchKernel -> Returned: 701
	[TornadoVM-PTX-JNI] ERROR : cuLaunchKernel -> Returned: 701
	[TornadoVM-PTX-JNI] ERROR : cuLaunchKernel -> Returned: 701
	[TornadoVM-PTX-JNI] ERROR : cuLaunchKernel -> Returned: 701
	[TornadoVM-PTX-JNI] ERROR : cuLaunchKernel -> Returned: 701
	[TornadoVM-PTX-JNI] ERROR : cuLaunchKernel -> Returned: 701
	[TornadoVM-PTX-JNI] ERROR : cuLaunchKernel -> Returned: 701
	[TornadoVM-PTX-JNI] ERROR : cuLaunchKernel -> Returned: 701
	[TornadoVM-PTX-JNI] ERROR : cuLaunchKernel -> Returned: 701
	[TornadoVM-PTX-JNI] ERROR : cuLaunchKernel -> Returned: 701
	[TornadoVM-PTX-JNI] ERROR : cuLaunchKernel -> Returned: 701
	[TornadoVM-PTX-JNI] ERROR : cuLaunchKernel -> Returned: 701
	[TornadoVM-PTX-JNI] ERROR : cuLaunchKernel -> Returned: 701
	[TornadoVM-PTX-JNI] ERROR : cuLaunchKernel -> Returned: 701
	[TornadoVM-PTX-JNI] ERROR : cuLaunchKernel -> Returned: 701
	[TornadoVM-PTX-JNI] ERROR : cuLaunchKernel -> Returned: 701
	[TornadoVM-PTX-JNI] ERROR : cuLaunchKernel -> Returned: 701
	[TornadoVM-PTX-JNI] ERROR : cuLaunchKernel -> Returned: 701
	[TornadoVM-PTX-JNI] ERROR : cuLaunchKernel -> Returned: 701
	[TornadoVM-PTX-JNI] ERROR : cuLaunchKernel -> Returned: 701
	[TornadoVM-PTX-JNI] ERROR : cuLaunchKernel -> Returned: 701
	[TornadoVM-PTX-JNI] ERROR : cuLaunchKernel -> Returned: 701
	[TornadoVM-PTX-JNI] ERROR : cuLaunchKernel -> Returned: 701
	[TornadoVM-PTX-JNI] ERROR : cuLaunchKernel -> Returned: 701
	[TornadoVM-PTX-JNI] ERROR : cuLaunchKernel -> Returned: 701
	[TornadoVM-PTX-JNI] ERROR : cuLaunchKernel -> Returned: 701
	[TornadoVM-PTX-JNI] ERROR : cuLaunchKernel -> Returned: 701
	[TornadoVM-PTX-JNI] ERROR : cuLaunchKernel -> Returned: 701
	[TornadoVM-PTX-JNI] ERROR : cuLaunchKernel -> Returned: 701
	[TornadoVM-PTX-JNI] ERROR : cuLaunchKernel -> Returned: 701
	[TornadoVM-PTX-JNI] ERROR : cuLaunchKernel -> Returned: 701
	[TornadoVM-PTX-JNI] ERROR : cuLaunchKernel -> Returned: 701
	[TornadoVM-PTX-JNI] ERROR : cuLaunchKernel -> Returned: 701
	[TornadoVM-PTX-JNI] ERROR : cuLaunchKernel -> Returned: 701
	[TornadoVM-PTX-JNI] ERROR : cuLaunchKernel -> Returned: 701
	[TornadoVM-PTX-JNI] ERROR : cuLaunchKernel -> Returned: 701
	[TornadoVM-PTX-JNI] ERROR : cuLaunchKernel -> Returned: 701
	[TornadoVM-PTX-JNI] ERROR : cuLaunchKernel -> Returned: 701
	[TornadoVM-PTX-JNI] ERROR : cuLaunchKernel -> Returned: 701
	[TornadoVM-PTX-JNI] ERROR : cuLaunchKernel -> Returned: 701
	[TornadoVM-PTX-JNI] ERROR : cuLaunchKernel -> Returned: 701
	[TornadoVM-PTX-JNI] ERROR : cuLaunchKernel -> Returned: 701
	[TornadoVM-PTX-JNI] ERROR : cuLaunchKernel -> Returned: 701
	[TornadoVM-PTX-JNI] ERROR : cuLaunchKernel -> Returned: 701
	[TornadoVM-PTX-JNI] ERROR : cuLaunchKernel -> Returned: 701
	[TornadoVM-PTX-JNI] ERROR : cuLaunchKernel -> Returned: 701
	[TornadoVM-PTX-JNI] ERROR : cuLaunchKernel -> Returned: 701
	[TornadoVM-PTX-JNI] ERROR : cuLaunchKernel -> Returned: 701
	[TornadoVM-PTX-JNI] ERROR : cuLaunchKernel -> Returned: 701
	[TornadoVM-PTX-JNI] ERROR : cuLaunchKernel -> Returned: 701
	[TornadoVM-PTX-JNI] ERROR : cuLaunchKernel -> Returned: 701
	[TornadoVM-PTX-JNI] ERROR : cuLaunchKernel -> Returned: 701
	[TornadoVM-PTX-JNI] ERROR : cuLaunchKernel -> Returned: 701
	[TornadoVM-PTX-JNI] ERROR : cuLaunchKernel -> Returned: 701
	[TornadoVM-PTX-JNI] ERROR : cuLaunchKernel -> Returned: 701
	[TornadoVM-PTX-JNI] ERROR : cuLaunchKernel -> Returned: 701
	[TornadoVM-PTX-JNI] ERROR : cuLaunchKernel -> Returned: 701
	[TornadoVM-PTX-JNI] ERROR : cuLaunchKernel -> Returned: 701
	[TornadoVM-PTX-JNI] ERROR : cuLaunchKernel -> Returned: 701
	[TornadoVM-PTX-JNI] ERROR : cuLaunchKernel -> Returned: 701
	[TornadoVM-PTX-JNI] ERROR : cuLaunchKernel -> Returned: 701
	[TornadoVM-PTX-JNI] ERROR : cuLaunchKernel -> Returned: 701
	[TornadoVM-PTX-JNI] ERROR : cuLaunchKernel -> Returned: 701
	[TornadoVM-PTX-JNI] ERROR : cuLaunchKernel -> Returned: 701
	[TornadoVM-PTX-JNI] ERROR : cuLaunchKernel -> Returned: 701
	[TornadoVM-PTX-JNI] ERROR : cuLaunchKernel -> Returned: 701
	[TornadoVM-PTX-JNI] ERROR : cuLaunchKernel -> Returned: 701
	[TornadoVM-PTX-JNI] ERROR : cuLaunchKernel -> Returned: 701
	[TornadoVM-PTX-JNI] ERROR : cuLaunchKernel -> Returned: 701
	[TornadoVM-PTX-JNI] ERROR : cuLaunchKernel -> Returned: 701
	[TornadoVM-PTX-JNI] ERROR : cuLaunchKernel -> Returned: 701
	[TornadoVM-PTX-JNI] ERROR : cuLaunchKernel -> Returned: 701
	[TornadoVM-PTX-JNI] ERROR : cuLaunchKernel -> Returned: 701
	[TornadoVM-PTX-JNI] ERROR : cuLaunchKernel -> Returned: 701
	[TornadoVM-PTX-JNI] ERROR : cuLaunchKernel -> Returned: 701
	[TornadoVM-PTX-JNI] ERROR : cuLaunchKernel -> Returned: 701
	[TornadoVM-PTX-JNI] ERROR : cuLaunchKernel -> Returned: 701
	[TornadoVM-PTX-JNI] ERROR : cuLaunchKernel -> Returned: 701
	[TornadoVM-PTX-JNI] ERROR : cuLaunchKernel -> Returned: 701
	[TornadoVM-PTX-JNI] ERROR : cuLaunchKernel -> Returned: 701
	[TornadoVM-PTX-JNI] ERROR : cuLaunchKernel -> Returned: 701
	[TornadoVM-PTX-JNI] ERROR : cuLaunchKernel -> Returned: 701
	[TornadoVM-PTX-JNI] ERROR : cuLaunchKernel -> Returned: 701
	[TornadoVM-PTX-JNI] ERROR : cuLaunchKernel -> Returned: 701
	[TornadoVM-PTX-JNI] ERROR : cuLaunchKernel -> Returned: 701
	[TornadoVM-PTX-JNI] ERROR : cuLaunchKernel -> Returned: 701
	[TornadoVM-PTX-JNI] ERROR : cuLaunchKernel -> Returned: 701
	[TornadoVM-PTX-JNI] ERROR : cuLaunchKernel -> Returned: 701
	[TornadoVM-PTX-JNI] ERROR : cuLaunchKernel -> Returned: 701
	[TornadoVM-PTX-JNI] ERROR : cuLaunchKernel -> Returned: 701
	[TornadoVM-PTX-JNI] ERROR : cuLaunchKernel -> Returned: 701
	[TornadoVM-PTX-JNI] ERROR : cuLaunchKernel -> Returned: 701
	[TornadoVM-PTX-JNI] ERROR : cuLaunchKernel -> Returned: 701
	[TornadoVM-PTX-JNI] ERROR : cuLaunchKernel -> Returned: 701
	[TornadoVM-PTX-JNI] ERROR : cuLaunchKernel -> Returned: 701
	[TornadoVM-PTX-JNI] ERROR : cuLaunchKernel -> Returned: 701
	[TornadoVM-PTX-JNI] ERROR : cuLaunchKernel -> Returned: 701
	[TornadoVM-PTX-JNI] ERROR : cuLaunchKernel -> Returned: 701
	[TornadoVM-PTX-JNI] ERROR : cuLaunchKernel -> Returned: 701
	[TornadoVM-PTX-JNI] ERROR : cuLaunchKernel -> Returned: 701
	[TornadoVM-PTX-JNI] ERROR : cuLaunchKernel -> Returned: 701
	[TornadoVM-PTX-JNI] ERROR : cuLaunchKernel -> Returned: 701
	[TornadoVM-PTX-JNI] ERROR : cuLaunchKernel -> Returned: 701
	[TornadoVM-PTX-JNI] ERROR : cuLaunchKernel -> Returned: 701
	[TornadoVM-PTX-JNI] ERROR : cuLaunchKernel -> Returned: 701
	[TornadoVM-PTX-JNI] ERROR : cuLaunchKernel -> Returned: 701
	[TornadoVM-PTX-JNI] ERROR : cuLaunchKernel -> Returned: 701
	[TornadoVM-PTX-JNI] ERROR : cuLaunchKernel -> Returned: 701
	[TornadoVM-PTX-JNI] ERROR : cuLaunchKernel -> Returned: 701
	[TornadoVM-PTX-JNI] ERROR : cuLaunchKernel -> Returned: 701
	[TornadoVM-PTX-JNI] ERROR : cuLaunchKernel -> Returned: 701
	[TornadoVM-PTX-JNI] ERROR : cuLaunchKernel -> Returned: 701
	[TornadoVM-PTX-JNI] ERROR : cuLaunchKernel -> Returned: 701
	[TornadoVM-PTX-JNI] ERROR : cuLaunchKernel -> Returned: 701
	[TornadoVM-PTX-JNI] ERROR : cuLaunchKernel -> Returned: 701
	[TornadoVM-PTX-JNI] ERROR : cuLaunchKernel -> Returned: 701
	[TornadoVM-PTX-JNI] ERROR : cuLaunchKernel -> Returned: 701
	[TornadoVM-PTX-JNI] ERROR : cuLaunchKernel -> Returned: 701
	[TornadoVM-PTX-JNI] ERROR : cuLaunchKernel -> Returned: 701
	[TornadoVM-PTX-JNI] ERROR : cuLaunchKernel -> Returned: 701
	[TornadoVM-PTX-JNI] ERROR : cuLaunchKernel -> Returned: 701
	[TornadoVM-PTX-JNI] ERROR : cuLaunchKernel -> Returned: 701
	[TornadoVM-PTX-JNI] ERROR : cuLaunchKernel -> Returned: 701
	[TornadoVM-PTX-JNI] ERROR : cuLaunchKernel -> Returned: 701
	[TornadoVM-PTX-JNI] ERROR : cuLaunchKernel -> Returned: 701
	[TornadoVM-PTX-JNI] ERROR : cuLaunchKernel -> Returned: 701
	[TornadoVM-PTX-JNI] ERROR : cuLaunchKernel -> Returned: 701
	[TornadoVM-PTX-JNI] ERROR : cuLaunchKernel -> Returned: 701
	[TornadoVM-PTX-JNI] ERROR : cuLaunchKernel -> Returned: 701
	[TornadoVM-PTX-JNI] ERROR : cuLaunchKernel -> Returned: 701
	[TornadoVM-PTX-JNI] ERROR : cuLaunchKernel -> Returned: 701
	[TornadoVM-PTX-JNI] ERROR : cuLaunchKernel -> Returned: 701
	[TornadoVM-PTX-JNI] ERROR : cuLaunchKernel -> Returned: 701
	[TornadoVM-PTX-JNI] ERROR : cuLaunchKernel -> Returned: 701
	[TornadoVM-PTX-JNI] ERROR : cuLaunchKernel -> Returned: 701
	[TornadoVM-PTX-JNI] ERROR : cuLaunchKernel -> Returned: 701
	[TornadoVM-PTX-JNI] ERROR : cuLaunchKernel -> Returned: 701
	[TornadoVM-PTX-JNI] ERROR : cuLaunchKernel -> Returned: 701
	[TornadoVM-PTX-JNI] ERROR : cuLaunchKernel -> Returned: 701
	[TornadoVM-PTX-JNI] ERROR : cuLaunchKernel -> Returned: 701
	[TornadoVM-PTX-JNI] ERROR : cuLaunchKernel -> Returned: 701
	[TornadoVM-PTX-JNI] ERROR : cuLaunchKernel -> Returned: 701
	[TornadoVM-PTX-JNI] ERROR : cuLaunchKernel -> Returned: 701
	[TornadoVM-PTX-JNI] ERROR : cuLaunchKernel -> Returned: 701
	[TornadoVM-PTX-JNI] ERROR : cuLaunchKernel -> Returned: 701
	[TornadoVM-PTX-JNI] ERROR : cuLaunchKernel -> Returned: 701
	[TornadoVM-PTX-JNI] ERROR : cuLaunchKernel -> Returned: 701
	[TornadoVM-PTX-JNI] ERROR : cuLaunchKernel -> Returned: 701
	[TornadoVM-PTX-JNI] ERROR : cuLaunchKernel -> Returned: 701
	[TornadoVM-PTX-JNI] ERROR : cuLaunchKernel -> Returned: 701
	[TornadoVM-PTX-JNI] ERROR : cuLaunchKernel -> Returned: 701
	[TornadoVM-PTX-JNI] ERROR : cuLaunchKernel -> Returned: 701
	[TornadoVM-PTX-JNI] ERROR : cuLaunchKernel -> Returned: 701
	[TornadoVM-PTX-JNI] ERROR : cuLaunchKernel -> Returned: 701
	[TornadoVM-PTX-JNI] ERROR : cuLaunchKernel -> Returned: 701
	[TornadoVM-PTX-JNI] ERROR : cuLaunchKernel -> Returned: 701
	[TornadoVM-PTX-JNI] ERROR : cuLaunchKernel -> Returned: 701
	[TornadoVM-PTX-JNI] ERROR : cuLaunchKernel -> Returned: 701
	[TornadoVM-PTX-JNI] ERROR : cuLaunchKernel -> Returned: 701
	[TornadoVM-PTX-JNI] ERROR : cuLaunchKernel -> Returned: 701
	[TornadoVM-PTX-JNI] ERROR : cuLaunchKernel -> Returned: 701
	[TornadoVM-PTX-JNI] ERROR : cuLaunchKernel -> Returned: 701
	[TornadoVM-PTX-JNI] ERROR : cuLaunchKernel -> Returned: 701
	[TornadoVM-PTX-JNI] ERROR : cuLaunchKernel -> Returned: 701
	[TornadoVM-PTX-JNI] ERROR : cuLaunchKernel -> Returned: 701
	[TornadoVM-PTX-JNI] ERROR : cuLaunchKernel -> Returned: 701
	[TornadoVM-PTX-JNI] ERROR : cuLaunchKernel -> Returned: 701
	[TornadoVM-PTX-JNI] ERROR : cuLaunchKernel -> Returned: 701
	[TornadoVM-PTX-JNI] ERROR : cuLaunchKernel -> Returned: 701
	[TornadoVM-PTX-JNI] ERROR : cuLaunchKernel -> Returned: 701
	[TornadoVM-PTX-JNI] ERROR : cuLaunchKernel -> Returned: 701
	[TornadoVM-PTX-JNI] ERROR : cuLaunchKernel -> Returned: 701
	[TornadoVM-PTX-JNI] ERROR : cuLaunchKernel -> Returned: 701
	[TornadoVM-PTX-JNI] ERROR : cuLaunchKernel -> Returned: 701
	[TornadoVM-PTX-JNI] ERROR : cuLaunchKernel -> Returned: 701
	[TornadoVM-PTX-JNI] ERROR : cuLaunchKernel -> Returned: 701
	[TornadoVM-PTX-JNI] ERROR : cuLaunchKernel -> Returned: 701
	[TornadoVM-PTX-JNI] ERROR : cuLaunchKernel -> Returned: 701
	[TornadoVM-PTX-JNI] ERROR : cuLaunchKernel -> Returned: 701
	[TornadoVM-PTX-JNI] ERROR : cuLaunchKernel -> Returned: 701
	[TornadoVM-PTX-JNI] ERROR : cuLaunchKernel -> Returned: 701
	[TornadoVM-PTX-JNI] ERROR : cuLaunchKernel -> Returned: 701
	[TornadoVM-PTX-JNI] ERROR : cuLaunchKernel -> Returned: 701
	[TornadoVM-PTX-JNI] ERROR : cuLaunchKernel -> Returned: 701
	[TornadoVM-PTX-JNI] ERROR : cuLaunchKernel -> Returned: 701
	[TornadoVM-PTX-JNI] ERROR : cuLaunchKernel -> Returned: 701
	[TornadoVM-PTX-JNI] ERROR : cuLaunchKernel -> Returned: 701
	[TornadoVM-PTX-JNI] ERROR : cuLaunchKernel -> Returned: 701
	[TornadoVM-PTX-JNI] ERROR : cuLaunchKernel -> Returned: 701
	[TornadoVM-PTX-JNI] ERROR : cuLaunchKernel -> Returned: 701
	[TornadoVM-PTX-JNI] ERROR : cuLaunchKernel -> Returned: 701
	[TornadoVM-PTX-JNI] ERROR : cuLaunchKernel -> Returned: 701
	[TornadoVM-PTX-JNI] ERROR : cuLaunchKernel -> Returned: 701
	[TornadoVM-PTX-JNI] ERROR : cuLaunchKernel -> Returned: 701
	[TornadoVM-PTX-JNI] ERROR : cuLaunchKernel -> Returned: 701
	[TornadoVM-PTX-JNI] ERROR : cuLaunchKernel -> Returned: 701
	[TornadoVM-PTX-JNI] ERROR : cuLaunchKernel -> Returned: 701
	[TornadoVM-PTX-JNI] ERROR : cuLaunchKernel -> Returned: 701
	[TornadoVM-PTX-JNI] ERROR : cuLaunchKernel -> Returned: 701
	[TornadoVM-PTX-JNI] ERROR : cuLaunchKernel -> Returned: 701
	[TornadoVM-PTX-JNI] ERROR : cuLaunchKernel -> Returned: 701
	[TornadoVM-PTX-JNI] ERROR : cuLaunchKernel -> Returned: 701
	[TornadoVM-PTX-JNI] ERROR : cuLaunchKernel -> Returned: 701
	[TornadoVM-PTX-JNI] ERROR : cuLaunchKernel -> Returned: 701
	[TornadoVM-PTX-JNI] ERROR : cuLaunchKernel -> Returned: 701
	[TornadoVM-PTX-JNI] ERROR : cuLaunchKernel -> Returned: 701
	[TornadoVM-PTX-JNI] ERROR : cuLaunchKernel -> Returned: 701
	[TornadoVM-PTX-JNI] ERROR : cuLaunchKernel -> Returned: 701
	[TornadoVM-PTX-JNI] ERROR : cuLaunchKernel -> Returned: 701
	[TornadoVM-PTX-JNI] ERROR : cuLaunchKernel -> Returned: 701
	[TornadoVM-PTX-JNI] ERROR : cuLaunchKernel -> Returned: 701
	[TornadoVM-PTX-JNI] ERROR : cuLaunchKernel -> Returned: 701
	[TornadoVM-PTX-JNI] ERROR : cuLaunchKernel -> Returned: 701
	[TornadoVM-PTX-JNI] ERROR : cuLaunchKernel -> Returned: 701
	[TornadoVM-PTX-JNI] ERROR : cuLaunchKernel -> Returned: 701
	[TornadoVM-PTX-JNI] ERROR : cuLaunchKernel -> Returned: 701
	[TornadoVM-PTX-JNI] ERROR : cuLaunchKernel -> Returned: 701
	[TornadoVM-PTX-JNI] ERROR : cuLaunchKernel -> Returned: 701
	[TornadoVM-PTX-JNI] ERROR : cuLaunchKernel -> Returned: 701
	[TornadoVM-PTX-JNI] ERROR : cuLaunchKernel -> Returned: 701
	[TornadoVM-PTX-JNI] ERROR : cuLaunchKernel -> Returned: 701
	[TornadoVM-PTX-JNI] ERROR : cuLaunchKernel -> Returned: 701
	[TornadoVM-PTX-JNI] ERROR : cuLaunchKernel -> Returned: 701
	[TornadoVM-PTX-JNI] ERROR : cuLaunchKernel -> Returned: 701
	[TornadoVM-PTX-JNI] ERROR : cuLaunchKernel -> Returned: 701
	[TornadoVM-PTX-JNI] ERROR : cuLaunchKernel -> Returned: 701
	[TornadoVM-PTX-JNI] ERROR : cuLaunchKernel -> Returned: 701
	[TornadoVM-PTX-JNI] ERROR : cuLaunchKernel -> Returned: 701
	[TornadoVM-PTX-JNI] ERROR : cuLaunchKernel -> Returned: 701
	[TornadoVM-PTX-JNI] ERROR : cuLaunchKernel -> Returned: 701
	[TornadoVM-PTX-JNI] ERROR : cuLaunchKernel -> Returned: 701
	[TornadoVM-PTX-JNI] ERROR : cuLaunchKernel -> Returned: 701
	[TornadoVM-PTX-JNI] ERROR : cuLaunchKernel -> Returned: 701
	[TornadoVM-PTX-JNI] ERROR : cuLaunchKernel -> Returned: 701
	[TornadoVM-PTX-JNI] ERROR : cuLaunchKernel -> Returned: 701
	[TornadoVM-PTX-JNI] ERROR : cuLaunchKernel -> Returned: 701
	[TornadoVM-PTX-JNI] ERROR : cuLaunchKernel -> Returned: 701
	[TornadoVM-PTX-JNI] ERROR : cuLaunchKernel -> Returned: 701
	[TornadoVM-PTX-JNI] ERROR : cuLaunchKernel -> Returned: 701
	[TornadoVM-PTX-JNI] ERROR : cuLaunchKernel -> Returned: 701
	[TornadoVM-PTX-JNI] ERROR : cuLaunchKernel -> Returned: 701
	[TornadoVM-PTX-JNI] ERROR : cuLaunchKernel -> Returned: 701
	[TornadoVM-PTX-JNI] ERROR : cuLaunchKernel -> Returned: 701
	[TornadoVM-PTX-JNI] ERROR : cuLaunchKernel -> Returned: 701
	[TornadoVM-PTX-JNI] ERROR : cuLaunchKernel -> Returned: 701
	[TornadoVM-PTX-JNI] ERROR : cuLaunchKernel -> Returned: 701
	[TornadoVM-PTX-JNI] ERROR : cuLaunchKernel -> Returned: 701
	[TornadoVM-PTX-JNI] ERROR : cuLaunchKernel -> Returned: 701
	[TornadoVM-PTX-JNI] ERROR : cuLaunchKernel -> Returned: 701
	[TornadoVM-PTX-JNI] ERROR : cuLaunchKernel -> Returned: 701
	[TornadoVM-PTX-JNI] ERROR : cuLaunchKernel -> Returned: 701
	[TornadoVM-PTX-JNI] ERROR : cuLaunchKernel -> Returned: 701
	[TornadoVM-PTX-JNI] ERROR : cuLaunchKernel -> Returned: 701
	[TornadoVM-PTX-JNI] ERROR : cuLaunchKernel -> Returned: 701
	[TornadoVM-PTX-JNI] ERROR : cuLaunchKernel -> Returned: 701
	[TornadoVM-PTX-JNI] ERROR : cuLaunchKernel -> Returned: 701
	[TornadoVM-PTX-JNI] ERROR : cuLaunchKernel -> Returned: 701
	[TornadoVM-PTX-JNI] ERROR : cuLaunchKernel -> Returned: 701
	[TornadoVM-PTX-JNI] ERROR : cuLaunchKernel -> Returned: 701
	[TornadoVM-PTX-JNI] ERROR : cuLaunchKernel -> Returned: 701
	[TornadoVM-PTX-JNI] ERROR : cuLaunchKernel -> Returned: 701
	[TornadoVM-PTX-JNI] ERROR : cuLaunchKernel -> Returned: 701
	[TornadoVM-PTX-JNI] ERROR : cuLaunchKernel -> Returned: 701
	[TornadoVM-PTX-JNI] ERROR : cuLaunchKernel -> Returned: 701
	[TornadoVM-PTX-JNI] ERROR : cuLaunchKernel -> Returned: 701
	[TornadoVM-PTX-JNI] ERROR : cuLaunchKernel -> Returned: 701
	[TornadoVM-PTX-JNI] ERROR : cuLaunchKernel -> Returned: 701
	[TornadoVM-PTX-JNI] ERROR : cuLaunchKernel -> Returned: 701
	[TornadoVM-PTX-JNI] ERROR : cuLaunchKernel -> Returned: 701
	[TornadoVM-PTX-JNI] ERROR : cuLaunchKernel -> Returned: 701
	[TornadoVM-PTX-JNI] ERROR : cuLaunchKernel -> Returned: 701
	[TornadoVM-PTX-JNI] ERROR : cuLaunchKernel -> Returned: 701
	[TornadoVM-PTX-JNI] ERROR : cuLaunchKernel -> Returned: 701
	[TornadoVM-PTX-JNI] ERROR : cuLaunchKernel -> Returned: 701
	[TornadoVM-PTX-JNI] ERROR : cuLaunchKernel -> Returned: 701
	[TornadoVM-PTX-JNI] ERROR : cuLaunchKernel -> Returned: 701
	[TornadoVM-PTX-JNI] ERROR : cuLaunchKernel -> Returned: 701
	[TornadoVM-PTX-JNI] ERROR : cuLaunchKernel -> Returned: 701
	[TornadoVM-PTX-JNI] ERROR : cuLaunchKernel -> Returned: 701
	[TornadoVM-PTX-JNI] ERROR : cuLaunchKernel -> Returned: 701
	[TornadoVM-PTX-JNI] ERROR : cuLaunchKernel -> Returned: 701
	[TornadoVM-PTX-JNI] ERROR : cuLaunchKernel -> Returned: 701
	[TornadoVM-PTX-JNI] ERROR : cuLaunchKernel -> Returned: 701
	[TornadoVM-PTX-JNI] ERROR : cuLaunchKernel -> Returned: 701
	[TornadoVM-PTX-JNI] ERROR : cuLaunchKernel -> Returned: 701
	[TornadoVM-PTX-JNI] ERROR : cuLaunchKernel -> Returned: 701
	[TornadoVM-PTX-JNI] ERROR : cuLaunchKernel -> Returned: 701
	[TornadoVM-PTX-JNI] ERROR : cuLaunchKernel -> Returned: 701
	[TornadoVM-PTX-JNI] ERROR : cuLaunchKernel -> Returned: 701
	[TornadoVM-PTX-JNI] ERROR : cuLaunchKernel -> Returned: 701
	[TornadoVM-PTX-JNI] ERROR : cuLaunchKernel -> Returned: 701
	[TornadoVM-PTX-JNI] ERROR : cuLaunchKernel -> Returned: 701
	[TornadoVM-PTX-JNI] ERROR : cuLaunchKernel -> Returned: 701
	[TornadoVM-PTX-JNI] ERROR : cuLaunchKernel -> Returned: 701
	[TornadoVM-PTX-JNI] ERROR : cuLaunchKernel -> Returned: 701
	[TornadoVM-PTX-JNI] ERROR : cuLaunchKernel -> Returned: 701
	[TornadoVM-PTX-JNI] ERROR : cuLaunchKernel -> Returned: 701
	[TornadoVM-PTX-JNI] ERROR : cuLaunchKernel -> Returned: 701
	[TornadoVM-PTX-JNI] ERROR : cuLaunchKernel -> Returned: 701
	[TornadoVM-PTX-JNI] ERROR : cuLaunchKernel -> Returned: 701
	[TornadoVM-PTX-JNI] ERROR : cuLaunchKernel -> Returned: 701
	[TornadoVM-PTX-JNI] ERROR : cuLaunchKernel -> Returned: 701
	[TornadoVM-PTX-JNI] ERROR : cuLaunchKernel -> Returned: 701
	[TornadoVM-PTX-JNI] ERROR : cuLaunchKernel -> Returned: 701
	[TornadoVM-PTX-JNI] ERROR : cuLaunchKernel -> Returned: 701
	[TornadoVM-PTX-JNI] ERROR : cuLaunchKernel -> Returned: 701
	[TornadoVM-PTX-JNI] ERROR : cuLaunchKernel -> Returned: 701
	[TornadoVM-PTX-JNI] ERROR : cuLaunchKernel -> Returned: 701
	[TornadoVM-PTX-JNI] ERROR : cuLaunchKernel -> Returned: 701
	[TornadoVM-PTX-JNI] ERROR : cuLaunchKernel -> Returned: 701
	[TornadoVM-PTX-JNI] ERROR : cuLaunchKernel -> Returned: 701
	[TornadoVM-PTX-JNI] ERROR : cuLaunchKernel -> Returned: 701
	[TornadoVM-PTX-JNI] ERROR : cuLaunchKernel -> Returned: 701
	[TornadoVM-PTX-JNI] ERROR : cuLaunchKernel -> Returned: 701
	[TornadoVM-PTX-JNI] ERROR : cuLaunchKernel -> Returned: 701
	[TornadoVM-PTX-JNI] ERROR : cuLaunchKernel -> Returned: 701
	[TornadoVM-PTX-JNI] ERROR : cuLaunchKernel -> Returned: 701
	[TornadoVM-PTX-JNI] ERROR : cuLaunchKernel -> Returned: 701
	[TornadoVM-PTX-JNI] ERROR : cuLaunchKernel -> Returned: 701
	[TornadoVM-PTX-JNI] ERROR : cuLaunchKernel -> Returned: 701
	[TornadoVM-PTX-JNI] ERROR : cuLaunchKernel -> Returned: 701
	[TornadoVM-PTX-JNI] ERROR : cuLaunchKernel -> Returned: 701
	[TornadoVM-PTX-JNI] ERROR : cuLaunchKernel -> Returned: 701
	[TornadoVM-PTX-JNI] ERROR : cuLaunchKernel -> Returned: 701
	[TornadoVM-PTX-JNI] ERROR : cuLaunchKernel -> Returned: 701
	[TornadoVM-PTX-JNI] ERROR : cuLaunchKernel -> Returned: 701
	[TornadoVM-PTX-JNI] ERROR : cuLaunchKernel -> Returned: 701
	[TornadoVM-PTX-JNI] ERROR : cuLaunchKernel -> Returned: 701
	[TornadoVM-PTX-JNI] ERROR : cuLaunchKernel -> Returned: 701
	[TornadoVM-PTX-JNI] ERROR : cuLaunchKernel -> Returned: 701
	[TornadoVM-PTX-JNI] ERROR : cuLaunchKernel -> Returned: 701
	[TornadoVM-PTX-JNI] ERROR : cuLaunchKernel -> Returned: 701
	[TornadoVM-PTX-JNI] ERROR : cuLaunchKernel -> Returned: 701
	[TornadoVM-PTX-JNI] ERROR : cuLaunchKernel -> Returned: 701
	[TornadoVM-PTX-JNI] ERROR : cuLaunchKernel -> Returned: 701
	[TornadoVM-PTX-JNI] ERROR : cuLaunchKernel -> Returned: 701
	[TornadoVM-PTX-JNI] ERROR : cuLaunchKernel -> Returned: 701
	[TornadoVM-PTX-JNI] ERROR : cuLaunchKernel -> Returned: 701
	[TornadoVM-PTX-JNI] ERROR : cuLaunchKernel -> Returned: 701
	[TornadoVM-PTX-JNI] ERROR : cuLaunchKernel -> Returned: 701
	[TornadoVM-PTX-JNI] ERROR : cuLaunchKernel -> Returned: 701
	[TornadoVM-PTX-JNI] ERROR : cuLaunchKernel -> Returned: 701
	[TornadoVM-PTX-JNI] ERROR : cuLaunchKernel -> Returned: 701
	[TornadoVM-PTX-JNI] ERROR : cuLaunchKernel -> Returned: 701
	[TornadoVM-PTX-JNI] ERROR : cuLaunchKernel -> Returned: 701
	[TornadoVM-PTX-JNI] ERROR : cuLaunchKernel -> Returned: 701
	[TornadoVM-PTX-JNI] ERROR : cuLaunchKernel -> Returned: 701
	[TornadoVM-PTX-JNI] ERROR : cuLaunchKernel -> Returned: 701
	[TornadoVM-PTX-JNI] ERROR : cuLaunchKernel -> Returned: 701
	[TornadoVM-PTX-JNI] ERROR : cuLaunchKernel -> Returned: 701
	[TornadoVM-PTX-JNI] ERROR : cuLaunchKernel -> Returned: 701
	[TornadoVM-PTX-JNI] ERROR : cuLaunchKernel -> Returned: 701
	[TornadoVM-PTX-JNI] ERROR : cuLaunchKernel -> Returned: 701
	[TornadoVM-PTX-JNI] ERROR : cuLaunchKernel -> Returned: 701
	[TornadoVM-PTX-JNI] ERROR : cuLaunchKernel -> Returned: 701
	[TornadoVM-PTX-JNI] ERROR : cuLaunchKernel -> Returned: 701
	[TornadoVM-PTX-JNI] ERROR : cuLaunchKernel -> Returned: 701
	[TornadoVM-PTX-JNI] ERROR : cuLaunchKernel -> Returned: 701
	[TornadoVM-PTX-JNI] ERROR : cuLaunchKernel -> Returned: 701
	[TornadoVM-PTX-JNI] ERROR : cuLaunchKernel -> Returned: 701
	[TornadoVM-PTX-JNI] ERROR : cuLaunchKernel -> Returned: 701
	[TornadoVM-PTX-JNI] ERROR : cuLaunchKernel -> Returned: 701
	[TornadoVM-PTX-JNI] ERROR : cuLaunchKernel -> Returned: 701
	[TornadoVM-PTX-JNI] ERROR : cuLaunchKernel -> Returned: 701
	[TornadoVM-PTX-JNI] ERROR : cuLaunchKernel -> Returned: 701
	[TornadoVM-PTX-JNI] ERROR : cuLaunchKernel -> Returned: 701
	[TornadoVM-PTX-JNI] ERROR : cuLaunchKernel -> Returned: 701
	[TornadoVM-PTX-JNI] ERROR : cuLaunchKernel -> Returned: 701
	[TornadoVM-PTX-JNI] ERROR : cuLaunchKernel -> Returned: 701
	[TornadoVM-PTX-JNI] ERROR : cuLaunchKernel -> Returned: 701
	[TornadoVM-PTX-JNI] ERROR : cuLaunchKernel -> Returned: 701
	[TornadoVM-PTX-JNI] ERROR : cuLaunchKernel -> Returned: 701
	[TornadoVM-PTX-JNI] ERROR : cuLaunchKernel -> Returned: 701
	[TornadoVM-PTX-JNI] ERROR : cuLaunchKernel -> Returned: 701
	[TornadoVM-PTX-JNI] ERROR : cuLaunchKernel -> Returned: 701
	[TornadoVM-PTX-JNI] ERROR : cuLaunchKernel -> Returned: 701
	[TornadoVM-PTX-JNI] ERROR : cuLaunchKernel -> Returned: 701
	[TornadoVM-PTX-JNI] ERROR : cuLaunchKernel -> Returned: 701
	[TornadoVM-PTX-JNI] ERROR : cuLaunchKernel -> Returned: 701
	[TornadoVM-PTX-JNI] ERROR : cuLaunchKernel -> Returned: 701
	[TornadoVM-PTX-JNI] ERROR : cuLaunchKernel -> Returned: 701
	[TornadoVM-PTX-JNI] ERROR : cuLaunchKernel -> Returned: 701
	[TornadoVM-PTX-JNI] ERROR : cuLaunchKernel -> Returned: 701
	[TornadoVM-PTX-JNI] ERROR : cuLaunchKernel -> Returned: 701
	[TornadoVM-PTX-JNI] ERROR : cuLaunchKernel -> Returned: 701
	[TornadoVM-PTX-JNI] ERROR : cuLaunchKernel -> Returned: 701
	[TornadoVM-PTX-JNI] ERROR : cuLaunchKernel -> Returned: 701
	[TornadoVM-PTX-JNI] ERROR : cuLaunchKernel -> Returned: 701
	[TornadoVM-PTX-JNI] ERROR : cuLaunchKernel -> Returned: 701
	[TornadoVM-PTX-JNI] ERROR : cuLaunchKernel -> Returned: 701
	[TornadoVM-PTX-JNI] ERROR : cuLaunchKernel -> Returned: 701
	[TornadoVM-PTX-JNI] ERROR : cuLaunchKernel -> Returned: 701
	[TornadoVM-PTX-JNI] ERROR : cuLaunchKernel -> Returned: 701
	[TornadoVM-PTX-JNI] ERROR : cuLaunchKernel -> Returned: 701
	[TornadoVM-PTX-JNI] ERROR : cuLaunchKernel -> Returned: 701
	[TornadoVM-PTX-JNI] ERROR : cuLaunchKernel -> Returned: 701
[GATHER] call=19000 totalDirty=0 maxThread=0 cumAvg=13.1 cumMaxPerThread=4
	[TornadoVM-PTX-JNI] ERROR : cuLaunchKernel -> Returned: 701
	[TornadoVM-PTX-JNI] ERROR : cuLaunchKernel -> Returned: 701
	[TornadoVM-PTX-JNI] ERROR : cuLaunchKernel -> Returned: 701
	[TornadoVM-PTX-JNI] ERROR : cuLaunchKernel -> Returned: 701
	[TornadoVM-PTX-JNI] ERROR : cuLaunchKernel -> Returned: 701
	[TornadoVM-PTX-JNI] ERROR : cuLaunchKernel -> Returned: 701
	[TornadoVM-PTX-JNI] ERROR : cuLaunchKernel -> Returned: 701
	[TornadoVM-PTX-JNI] ERROR : cuLaunchKernel -> Returned: 701
	[TornadoVM-PTX-JNI] ERROR : cuLaunchKernel -> Returned: 701
	[TornadoVM-PTX-JNI] ERROR : cuLaunchKernel -> Returned: 701
	[TornadoVM-PTX-JNI] ERROR : cuLaunchKernel -> Returned: 701
	[TornadoVM-PTX-JNI] ERROR : cuLaunchKernel -> Returned: 701
	[TornadoVM-PTX-JNI] ERROR : cuLaunchKernel -> Returned: 701
	[TornadoVM-PTX-JNI] ERROR : cuLaunchKernel -> Returned: 701
	[TornadoVM-PTX-JNI] ERROR : cuLaunchKernel -> Returned: 701
	[TornadoVM-PTX-JNI] ERROR : cuLaunchKernel -> Returned: 701
	[TornadoVM-PTX-JNI] ERROR : cuLaunchKernel -> Returned: 701
	[TornadoVM-PTX-JNI] ERROR : cuLaunchKernel -> Returned: 701
	[TornadoVM-PTX-JNI] ERROR : cuLaunchKernel -> Returned: 701
	[TornadoVM-PTX-JNI] ERROR : cuLaunchKernel -> Returned: 701
	[TornadoVM-PTX-JNI] ERROR : cuLaunchKernel -> Returned: 701
	[TornadoVM-PTX-JNI] ERROR : cuLaunchKernel -> Returned: 701
	[TornadoVM-PTX-JNI] ERROR : cuLaunchKernel -> Returned: 701
	[TornadoVM-PTX-JNI] ERROR : cuLaunchKernel -> Returned: 701
	[TornadoVM-PTX-JNI] ERROR : cuLaunchKernel -> Returned: 701
	[TornadoVM-PTX-JNI] ERROR : cuLaunchKernel -> Returned: 701
	[TornadoVM-PTX-JNI] ERROR : cuLaunchKernel -> Returned: 701
	[TornadoVM-PTX-JNI] ERROR : cuLaunchKernel -> Returned: 701
	[TornadoVM-PTX-JNI] ERROR : cuLaunchKernel -> Returned: 701
	[TornadoVM-PTX-JNI] ERROR : cuLaunchKernel -> Returned: 701
	[TornadoVM-PTX-JNI] ERROR : cuLaunchKernel -> Returned: 701
	[TornadoVM-PTX-JNI] ERROR : cuLaunchKernel -> Returned: 701
	[TornadoVM-PTX-JNI] ERROR : cuLaunchKernel -> Returned: 701
	[TornadoVM-PTX-JNI] ERROR : cuLaunchKernel -> Returned: 701
	[TornadoVM-PTX-JNI] ERROR : cuLaunchKernel -> Returned: 701
	[TornadoVM-PTX-JNI] ERROR : cuLaunchKernel -> Returned: 701
	[TornadoVM-PTX-JNI] ERROR : cuLaunchKernel -> Returned: 701
	[TornadoVM-PTX-JNI] ERROR : cuLaunchKernel -> Returned: 701
	[TornadoVM-PTX-JNI] ERROR : cuLaunchKernel -> Returned: 701
	[TornadoVM-PTX-JNI] ERROR : cuLaunchKernel -> Returned: 701
	[TornadoVM-PTX-JNI] ERROR : cuLaunchKernel -> Returned: 701
	[TornadoVM-PTX-JNI] ERROR : cuLaunchKernel -> Returned: 701
	[TornadoVM-PTX-JNI] ERROR : cuLaunchKernel -> Returned: 701
	[TornadoVM-PTX-JNI] ERROR : cuLaunchKernel -> Returned: 701
	[TornadoVM-PTX-JNI] ERROR : cuLaunchKernel -> Returned: 701
	[TornadoVM-PTX-JNI] ERROR : cuLaunchKernel -> Returned: 701
	[TornadoVM-PTX-JNI] ERROR : cuLaunchKernel -> Returned: 701
	[TornadoVM-PTX-JNI] ERROR : cuLaunchKernel -> Returned: 701
	[TornadoVM-PTX-JNI] ERROR : cuLaunchKernel -> Returned: 701
	[TornadoVM-PTX-JNI] ERROR : cuLaunchKernel -> Returned: 701
	[TornadoVM-PTX-JNI] ERROR : cuLaunchKernel -> Returned: 701
	[TornadoVM-PTX-JNI] ERROR : cuLaunchKernel -> Returned: 701
	[TornadoVM-PTX-JNI] ERROR : cuLaunchKernel -> Returned: 701
	[TornadoVM-PTX-JNI] ERROR : cuLaunchKernel -> Returned: 701
	[TornadoVM-PTX-JNI] ERROR : cuLaunchKernel -> Returned: 701
	[TornadoVM-PTX-JNI] ERROR : cuLaunchKernel -> Returned: 701
	[TornadoVM-PTX-JNI] ERROR : cuLaunchKernel -> Returned: 701
	[TornadoVM-PTX-JNI] ERROR : cuLaunchKernel -> Returned: 701
	[TornadoVM-PTX-JNI] ERROR : cuLaunchKernel -> Returned: 701
	[TornadoVM-PTX-JNI] ERROR : cuLaunchKernel -> Returned: 701
	[TornadoVM-PTX-JNI] ERROR : cuLaunchKernel -> Returned: 701
	[TornadoVM-PTX-JNI] ERROR : cuLaunchKernel -> Returned: 701
	[TornadoVM-PTX-JNI] ERROR : cuLaunchKernel -> Returned: 701
	[TornadoVM-PTX-JNI] ERROR : cuLaunchKernel -> Returned: 701
	[TornadoVM-PTX-JNI] ERROR : cuLaunchKernel -> Returned: 701
	[TornadoVM-PTX-JNI] ERROR : cuLaunchKernel -> Returned: 701
	[TornadoVM-PTX-JNI] ERROR : cuLaunchKernel -> Returned: 701
	[TornadoVM-PTX-JNI] ERROR : cuLaunchKernel -> Returned: 701
	[TornadoVM-PTX-JNI] ERROR : cuLaunchKernel -> Returned: 701
	[TornadoVM-PTX-JNI] ERROR : cuLaunchKernel -> Returned: 701
	[TornadoVM-PTX-JNI] ERROR : cuLaunchKernel -> Returned: 701
	[TornadoVM-PTX-JNI] ERROR : cuLaunchKernel -> Returned: 701
	[TornadoVM-PTX-JNI] ERROR : cuLaunchKernel -> Returned: 701
	[TornadoVM-PTX-JNI] ERROR : cuLaunchKernel -> Returned: 701
	[TornadoVM-PTX-JNI] ERROR : cuLaunchKernel -> Returned: 701
	[TornadoVM-PTX-JNI] ERROR : cuLaunchKernel -> Returned: 701
	[TornadoVM-PTX-JNI] ERROR : cuLaunchKernel -> Returned: 701
	[TornadoVM-PTX-JNI] ERROR : cuLaunchKernel -> Returned: 701
	[TornadoVM-PTX-JNI] ERROR : cuLaunchKernel -> Returned: 701
	[TornadoVM-PTX-JNI] ERROR : cuLaunchKernel -> Returned: 701
	[TornadoVM-PTX-JNI] ERROR : cuLaunchKernel -> Returned: 701
	[TornadoVM-PTX-JNI] ERROR : cuLaunchKernel -> Returned: 701
	[TornadoVM-PTX-JNI] ERROR : cuLaunchKernel -> Returned: 701
	[TornadoVM-PTX-JNI] ERROR : cuLaunchKernel -> Returned: 701
	[TornadoVM-PTX-JNI] ERROR : cuLaunchKernel -> Returned: 701
	[TornadoVM-PTX-JNI] ERROR : cuLaunchKernel -> Returned: 701
	[TornadoVM-PTX-JNI] ERROR : cuLaunchKernel -> Returned: 701
	[TornadoVM-PTX-JNI] ERROR : cuLaunchKernel -> Returned: 701
	[TornadoVM-PTX-JNI] ERROR : cuLaunchKernel -> Returned: 701
	[TornadoVM-PTX-JNI] ERROR : cuLaunchKernel -> Returned: 701
	[TornadoVM-PTX-JNI] ERROR : cuLaunchKernel -> Returned: 701
	[TornadoVM-PTX-JNI] ERROR : cuLaunchKernel -> Returned: 701
	[TornadoVM-PTX-JNI] ERROR : cuLaunchKernel -> Returned: 701
	[TornadoVM-PTX-JNI] ERROR : cuLaunchKernel -> Returned: 701
	[TornadoVM-PTX-JNI] ERROR : cuLaunchKernel -> Returned: 701
	[TornadoVM-PTX-JNI] ERROR : cuLaunchKernel -> Returned: 701
	[TornadoVM-PTX-JNI] ERROR : cuLaunchKernel -> Returned: 701
	[TornadoVM-PTX-JNI] ERROR : cuLaunchKernel -> Returned: 701
	[TornadoVM-PTX-JNI] ERROR : cuLaunchKernel -> Returned: 701
	[TornadoVM-PTX-JNI] ERROR : cuLaunchKernel -> Returned: 701
	[TornadoVM-PTX-JNI] ERROR : cuLaunchKernel -> Returned: 701
	[TornadoVM-PTX-JNI] ERROR : cuLaunchKernel -> Returned: 701
	[TornadoVM-PTX-JNI] ERROR : cuLaunchKernel -> Returned: 701
	[TornadoVM-PTX-JNI] ERROR : cuLaunchKernel -> Returned: 701
	[TornadoVM-PTX-JNI] ERROR : cuLaunchKernel -> Returned: 701
	[TornadoVM-PTX-JNI] ERROR : cuLaunchKernel -> Returned: 701
	[TornadoVM-PTX-JNI] ERROR : cuLaunchKernel -> Returned: 701
	[TornadoVM-PTX-JNI] ERROR : cuLaunchKernel -> Returned: 701
	[TornadoVM-PTX-JNI] ERROR : cuLaunchKernel -> Returned: 701
	[TornadoVM-PTX-JNI] ERROR : cuLaunchKernel -> Returned: 701
	[TornadoVM-PTX-JNI] ERROR : cuLaunchKernel -> Returned: 701
	[TornadoVM-PTX-JNI] ERROR : cuLaunchKernel -> Returned: 701
	[TornadoVM-PTX-JNI] ERROR : cuLaunchKernel -> Returned: 701
	[TornadoVM-PTX-JNI] ERROR : cuLaunchKernel -> Returned: 701
	[TornadoVM-PTX-JNI] ERROR : cuLaunchKernel -> Returned: 701
	[TornadoVM-PTX-JNI] ERROR : cuLaunchKernel -> Returned: 701
	[TornadoVM-PTX-JNI] ERROR : cuLaunchKernel -> Returned: 701
	[TornadoVM-PTX-JNI] ERROR : cuLaunchKernel -> Returned: 701
	[TornadoVM-PTX-JNI] ERROR : cuLaunchKernel -> Returned: 701
	[TornadoVM-PTX-JNI] ERROR : cuLaunchKernel -> Returned: 701
	[TornadoVM-PTX-JNI] ERROR : cuLaunchKernel -> Returned: 701
	[TornadoVM-PTX-JNI] ERROR : cuLaunchKernel -> Returned: 701
	[TornadoVM-PTX-JNI] ERROR : cuLaunchKernel -> Returned: 701
	[TornadoVM-PTX-JNI] ERROR : cuLaunchKernel -> Returned: 701
	[TornadoVM-PTX-JNI] ERROR : cuLaunchKernel -> Returned: 701
	[TornadoVM-PTX-JNI] ERROR : cuLaunchKernel -> Returned: 701
	[TornadoVM-PTX-JNI] ERROR : cuLaunchKernel -> Returned: 701
	[TornadoVM-PTX-JNI] ERROR : cuLaunchKernel -> Returned: 701
	[TornadoVM-PTX-JNI] ERROR : cuLaunchKernel -> Returned: 701
	[TornadoVM-PTX-JNI] ERROR : cuLaunchKernel -> Returned: 701
	[TornadoVM-PTX-JNI] ERROR : cuLaunchKernel -> Returned: 701
	[TornadoVM-PTX-JNI] ERROR : cuLaunchKernel -> Returned: 701
	[TornadoVM-PTX-JNI] ERROR : cuLaunchKernel -> Returned: 701
	[TornadoVM-PTX-JNI] ERROR : cuLaunchKernel -> Returned: 701
	[TornadoVM-PTX-JNI] ERROR : cuLaunchKernel -> Returned: 701
	[TornadoVM-PTX-JNI] ERROR : cuLaunchKernel -> Returned: 701
	[TornadoVM-PTX-JNI] ERROR : cuLaunchKernel -> Returned: 701
	[TornadoVM-PTX-JNI] ERROR : cuLaunchKernel -> Returned: 701
	[TornadoVM-PTX-JNI] ERROR : cuLaunchKernel -> Returned: 701
	[TornadoVM-PTX-JNI] ERROR : cuLaunchKernel -> Returned: 701
	[TornadoVM-PTX-JNI] ERROR : cuLaunchKernel -> Returned: 701
	[TornadoVM-PTX-JNI] ERROR : cuLaunchKernel -> Returned: 701
	[TornadoVM-PTX-JNI] ERROR : cuLaunchKernel -> Returned: 701
	[TornadoVM-PTX-JNI] ERROR : cuLaunchKernel -> Returned: 701
	[TornadoVM-PTX-JNI] ERROR : cuLaunchKernel -> Returned: 701
	[TornadoVM-PTX-JNI] ERROR : cuLaunchKernel -> Returned: 701
	[TornadoVM-PTX-JNI] ERROR : cuLaunchKernel -> Returned: 701
	[TornadoVM-PTX-JNI] ERROR : cuLaunchKernel -> Returned: 701
	[TornadoVM-PTX-JNI] ERROR : cuLaunchKernel -> Returned: 701
	[TornadoVM-PTX-JNI] ERROR : cuLaunchKernel -> Returned: 701
	[TornadoVM-PTX-JNI] ERROR : cuLaunchKernel -> Returned: 701
	[TornadoVM-PTX-JNI] ERROR : cuLaunchKernel -> Returned: 701
	[TornadoVM-PTX-JNI] ERROR : cuLaunchKernel -> Returned: 701
	[TornadoVM-PTX-JNI] ERROR : cuLaunchKernel -> Returned: 701
	[TornadoVM-PTX-JNI] ERROR : cuLaunchKernel -> Returned: 701
	[TornadoVM-PTX-JNI] ERROR : cuLaunchKernel -> Returned: 701
	[TornadoVM-PTX-JNI] ERROR : cuLaunchKernel -> Returned: 701
	[TornadoVM-PTX-JNI] ERROR : cuLaunchKernel -> Returned: 701
	[TornadoVM-PTX-JNI] ERROR : cuLaunchKernel -> Returned: 701
	[TornadoVM-PTX-JNI] ERROR : cuLaunchKernel -> Returned: 701
	[TornadoVM-PTX-JNI] ERROR : cuLaunchKernel -> Returned: 701
	[TornadoVM-PTX-JNI] ERROR : cuLaunchKernel -> Returned: 701
	[TornadoVM-PTX-JNI] ERROR : cuLaunchKernel -> Returned: 701
	[TornadoVM-PTX-JNI] ERROR : cuLaunchKernel -> Returned: 701
	[TornadoVM-PTX-JNI] ERROR : cuLaunchKernel -> Returned: 701
	[TornadoVM-PTX-JNI] ERROR : cuLaunchKernel -> Returned: 701
	[TornadoVM-PTX-JNI] ERROR : cuLaunchKernel -> Returned: 701
	[TornadoVM-PTX-JNI] ERROR : cuLaunchKernel -> Returned: 701
	[TornadoVM-PTX-JNI] ERROR : cuLaunchKernel -> Returned: 701
	[TornadoVM-PTX-JNI] ERROR : cuLaunchKernel -> Returned: 701
	[TornadoVM-PTX-JNI] ERROR : cuLaunchKernel -> Returned: 701
	[TornadoVM-PTX-JNI] ERROR : cuLaunchKernel -> Returned: 701
	[TornadoVM-PTX-JNI] ERROR : cuLaunchKernel -> Returned: 701
	[TornadoVM-PTX-JNI] ERROR : cuLaunchKernel -> Returned: 701
	[TornadoVM-PTX-JNI] ERROR : cuLaunchKernel -> Returned: 701
	[TornadoVM-PTX-JNI] ERROR : cuLaunchKernel -> Returned: 701
	[TornadoVM-PTX-JNI] ERROR : cuLaunchKernel -> Returned: 701
	[TornadoVM-PTX-JNI] ERROR : cuLaunchKernel -> Returned: 701
	[TornadoVM-PTX-JNI] ERROR : cuLaunchKernel -> Returned: 701
	[TornadoVM-PTX-JNI] ERROR : cuLaunchKernel -> Returned: 701
	[TornadoVM-PTX-JNI] ERROR : cuLaunchKernel -> Returned: 701
	[TornadoVM-PTX-JNI] ERROR : cuLaunchKernel -> Returned: 701
	[TornadoVM-PTX-JNI] ERROR : cuLaunchKernel -> Returned: 701
	[TornadoVM-PTX-JNI] ERROR : cuLaunchKernel -> Returned: 701
	[TornadoVM-PTX-JNI] ERROR : cuLaunchKernel -> Returned: 701
	[TornadoVM-PTX-JNI] ERROR : cuLaunchKernel -> Returned: 701
	[TornadoVM-PTX-JNI] ERROR : cuLaunchKernel -> Returned: 701
	[TornadoVM-PTX-JNI] ERROR : cuLaunchKernel -> Returned: 701
	[TornadoVM-PTX-JNI] ERROR : cuLaunchKernel -> Returned: 701
	[TornadoVM-PTX-JNI] ERROR : cuLaunchKernel -> Returned: 701
	[TornadoVM-PTX-JNI] ERROR : cuLaunchKernel -> Returned: 701
	[TornadoVM-PTX-JNI] ERROR : cuLaunchKernel -> Returned: 701
	[TornadoVM-PTX-JNI] ERROR : cuLaunchKernel -> Returned: 701
	[TornadoVM-PTX-JNI] ERROR : cuLaunchKernel -> Returned: 701
	[TornadoVM-PTX-JNI] ERROR : cuLaunchKernel -> Returned: 701
	[TornadoVM-PTX-JNI] ERROR : cuLaunchKernel -> Returned: 701
	[TornadoVM-PTX-JNI] ERROR : cuLaunchKernel -> Returned: 701
	[TornadoVM-PTX-JNI] ERROR : cuLaunchKernel -> Returned: 701
	[TornadoVM-PTX-JNI] ERROR : cuLaunchKernel -> Returned: 701
	[TornadoVM-PTX-JNI] ERROR : cuLaunchKernel -> Returned: 701
	[TornadoVM-PTX-JNI] ERROR : cuLaunchKernel -> Returned: 701
	[TornadoVM-PTX-JNI] ERROR : cuLaunchKernel -> Returned: 701
	[TornadoVM-PTX-JNI] ERROR : cuLaunchKernel -> Returned: 701
	[TornadoVM-PTX-JNI] ERROR : cuLaunchKernel -> Returned: 701
	[TornadoVM-PTX-JNI] ERROR : cuLaunchKernel -> Returned: 701
	[TornadoVM-PTX-JNI] ERROR : cuLaunchKernel -> Returned: 701
	[TornadoVM-PTX-JNI] ERROR : cuLaunchKernel -> Returned: 701
	[TornadoVM-PTX-JNI] ERROR : cuLaunchKernel -> Returned: 701
	[TornadoVM-PTX-JNI] ERROR : cuLaunchKernel -> Returned: 701
	[TornadoVM-PTX-JNI] ERROR : cuLaunchKernel -> Returned: 701
	[TornadoVM-PTX-JNI] ERROR : cuLaunchKernel -> Returned: 701
	[TornadoVM-PTX-JNI] ERROR : cuLaunchKernel -> Returned: 701
	[TornadoVM-PTX-JNI] ERROR : cuLaunchKernel -> Returned: 701
	[TornadoVM-PTX-JNI] ERROR : cuLaunchKernel -> Returned: 701
	[TornadoVM-PTX-JNI] ERROR : cuLaunchKernel -> Returned: 701
	[TornadoVM-PTX-JNI] ERROR : cuLaunchKernel -> Returned: 701
	[TornadoVM-PTX-JNI] ERROR : cuLaunchKernel -> Returned: 701
	[TornadoVM-PTX-JNI] ERROR : cuLaunchKernel -> Returned: 701
	[TornadoVM-PTX-JNI] ERROR : cuLaunchKernel -> Returned: 701
	[TornadoVM-PTX-JNI] ERROR : cuLaunchKernel -> Returned: 701
	[TornadoVM-PTX-JNI] ERROR : cuLaunchKernel -> Returned: 701
	[TornadoVM-PTX-JNI] ERROR : cuLaunchKernel -> Returned: 701
	[TornadoVM-PTX-JNI] ERROR : cuLaunchKernel -> Returned: 701
	[TornadoVM-PTX-JNI] ERROR : cuLaunchKernel -> Returned: 701
	[TornadoVM-PTX-JNI] ERROR : cuLaunchKernel -> Returned: 701
	[TornadoVM-PTX-JNI] ERROR : cuLaunchKernel -> Returned: 701
	[TornadoVM-PTX-JNI] ERROR : cuLaunchKernel -> Returned: 701
	[TornadoVM-PTX-JNI] ERROR : cuLaunchKernel -> Returned: 701
	[TornadoVM-PTX-JNI] ERROR : cuLaunchKernel -> Returned: 701
	[TornadoVM-PTX-JNI] ERROR : cuLaunchKernel -> Returned: 701
	[TornadoVM-PTX-JNI] ERROR : cuLaunchKernel -> Returned: 701
	[TornadoVM-PTX-JNI] ERROR : cuLaunchKernel -> Returned: 701
	[TornadoVM-PTX-JNI] ERROR : cuLaunchKernel -> Returned: 701
	[TornadoVM-PTX-JNI] ERROR : cuLaunchKernel -> Returned: 701
	[TornadoVM-PTX-JNI] ERROR : cuLaunchKernel -> Returned: 701
	[TornadoVM-PTX-JNI] ERROR : cuLaunchKernel -> Returned: 701
	[TornadoVM-PTX-JNI] ERROR : cuLaunchKernel -> Returned: 701
	[TornadoVM-PTX-JNI] ERROR : cuLaunchKernel -> Returned: 701
	[TornadoVM-PTX-JNI] ERROR : cuLaunchKernel -> Returned: 701
	[TornadoVM-PTX-JNI] ERROR : cuLaunchKernel -> Returned: 701
	[TornadoVM-PTX-JNI] ERROR : cuLaunchKernel -> Returned: 701
	[TornadoVM-PTX-JNI] ERROR : cuLaunchKernel -> Returned: 701
	[TornadoVM-PTX-JNI] ERROR : cuLaunchKernel -> Returned: 701
	[TornadoVM-PTX-JNI] ERROR : cuLaunchKernel -> Returned: 701
	[TornadoVM-PTX-JNI] ERROR : cuLaunchKernel -> Returned: 701
	[TornadoVM-PTX-JNI] ERROR : cuLaunchKernel -> Returned: 701
	[TornadoVM-PTX-JNI] ERROR : cuLaunchKernel -> Returned: 701
	[TornadoVM-PTX-JNI] ERROR : cuLaunchKernel -> Returned: 701
	[TornadoVM-PTX-JNI] ERROR : cuLaunchKernel -> Returned: 701
	[TornadoVM-PTX-JNI] ERROR : cuLaunchKernel -> Returned: 701
	[TornadoVM-PTX-JNI] ERROR : cuLaunchKernel -> Returned: 701
	[TornadoVM-PTX-JNI] ERROR : cuLaunchKernel -> Returned: 701
	[TornadoVM-PTX-JNI] ERROR : cuLaunchKernel -> Returned: 701
	[TornadoVM-PTX-JNI] ERROR : cuLaunchKernel -> Returned: 701
	[TornadoVM-PTX-JNI] ERROR : cuLaunchKernel -> Returned: 701
	[TornadoVM-PTX-JNI] ERROR : cuLaunchKernel -> Returned: 701
	[TornadoVM-PTX-JNI] ERROR : cuLaunchKernel -> Returned: 701
	[TornadoVM-PTX-JNI] ERROR : cuLaunchKernel -> Returned: 701
	[TornadoVM-PTX-JNI] ERROR : cuLaunchKernel -> Returned: 701
	[TornadoVM-PTX-JNI] ERROR : cuLaunchKernel -> Returned: 701
	[TornadoVM-PTX-JNI] ERROR : cuLaunchKernel -> Returned: 701
	[TornadoVM-PTX-JNI] ERROR : cuLaunchKernel -> Returned: 701
	[TornadoVM-PTX-JNI] ERROR : cuLaunchKernel -> Returned: 701
	[TornadoVM-PTX-JNI] ERROR : cuLaunchKernel -> Returned: 701
	[TornadoVM-PTX-JNI] ERROR : cuLaunchKernel -> Returned: 701
	[TornadoVM-PTX-JNI] ERROR : cuLaunchKernel -> Returned: 701
	[TornadoVM-PTX-JNI] ERROR : cuLaunchKernel -> Returned: 701
	[TornadoVM-PTX-JNI] ERROR : cuLaunchKernel -> Returned: 701
	[TornadoVM-PTX-JNI] ERROR : cuLaunchKernel -> Returned: 701
	[TornadoVM-PTX-JNI] ERROR : cuLaunchKernel -> Returned: 701
	[TornadoVM-PTX-JNI] ERROR : cuLaunchKernel -> Returned: 701
	[TornadoVM-PTX-JNI] ERROR : cuLaunchKernel -> Returned: 701
	[TornadoVM-PTX-JNI] ERROR : cuLaunchKernel -> Returned: 701
	[TornadoVM-PTX-JNI] ERROR : cuLaunchKernel -> Returned: 701
	[TornadoVM-PTX-JNI] ERROR : cuLaunchKernel -> Returned: 701
	[TornadoVM-PTX-JNI] ERROR : cuLaunchKernel -> Returned: 701
	[TornadoVM-PTX-JNI] ERROR : cuLaunchKernel -> Returned: 701
	[TornadoVM-PTX-JNI] ERROR : cuLaunchKernel -> Returned: 701
	[TornadoVM-PTX-JNI] ERROR : cuLaunchKernel -> Returned: 701
	[TornadoVM-PTX-JNI] ERROR : cuLaunchKernel -> Returned: 701
	[TornadoVM-PTX-JNI] ERROR : cuLaunchKernel -> Returned: 701
	[TornadoVM-PTX-JNI] ERROR : cuLaunchKernel -> Returned: 701
	[TornadoVM-PTX-JNI] ERROR : cuLaunchKernel -> Returned: 701
	[TornadoVM-PTX-JNI] ERROR : cuLaunchKernel -> Returned: 701
	[TornadoVM-PTX-JNI] ERROR : cuLaunchKernel -> Returned: 701
	[TornadoVM-PTX-JNI] ERROR : cuLaunchKernel -> Returned: 701
	[TornadoVM-PTX-JNI] ERROR : cuLaunchKernel -> Returned: 701
	[TornadoVM-PTX-JNI] ERROR : cuLaunchKernel -> Returned: 701
	[TornadoVM-PTX-JNI] ERROR : cuLaunchKernel -> Returned: 701
	[TornadoVM-PTX-JNI] ERROR : cuLaunchKernel -> Returned: 701
	[TornadoVM-PTX-JNI] ERROR : cuLaunchKernel -> Returned: 701
	[TornadoVM-PTX-JNI] ERROR : cuLaunchKernel -> Returned: 701
	[TornadoVM-PTX-JNI] ERROR : cuLaunchKernel -> Returned: 701
	[TornadoVM-PTX-JNI] ERROR : cuLaunchKernel -> Returned: 701
	[TornadoVM-PTX-JNI] ERROR : cuLaunchKernel -> Returned: 701
	[TornadoVM-PTX-JNI] ERROR : cuLaunchKernel -> Returned: 701
	[TornadoVM-PTX-JNI] ERROR : cuLaunchKernel -> Returned: 701
	[TornadoVM-PTX-JNI] ERROR : cuLaunchKernel -> Returned: 701
	[TornadoVM-PTX-JNI] ERROR : cuLaunchKernel -> Returned: 701
	[TornadoVM-PTX-JNI] ERROR : cuLaunchKernel -> Returned: 701
	[TornadoVM-PTX-JNI] ERROR : cuLaunchKernel -> Returned: 701
	[TornadoVM-PTX-JNI] ERROR : cuLaunchKernel -> Returned: 701
	[TornadoVM-PTX-JNI] ERROR : cuLaunchKernel -> Returned: 701
	[TornadoVM-PTX-JNI] ERROR : cuLaunchKernel -> Returned: 701
	[TornadoVM-PTX-JNI] ERROR : cuLaunchKernel -> Returned: 701
	[TornadoVM-PTX-JNI] ERROR : cuLaunchKernel -> Returned: 701
	[TornadoVM-PTX-JNI] ERROR : cuLaunchKernel -> Returned: 701
	[TornadoVM-PTX-JNI] ERROR : cuLaunchKernel -> Returned: 701
	[TornadoVM-PTX-JNI] ERROR : cuLaunchKernel -> Returned: 701
	[TornadoVM-PTX-JNI] ERROR : cuLaunchKernel -> Returned: 701
	[TornadoVM-PTX-JNI] ERROR : cuLaunchKernel -> Returned: 701
	[TornadoVM-PTX-JNI] ERROR : cuLaunchKernel -> Returned: 701
	[TornadoVM-PTX-JNI] ERROR : cuLaunchKernel -> Returned: 701
	[TornadoVM-PTX-JNI] ERROR : cuLaunchKernel -> Returned: 701
	[TornadoVM-PTX-JNI] ERROR : cuLaunchKernel -> Returned: 701
	[TornadoVM-PTX-JNI] ERROR : cuLaunchKernel -> Returned: 701
	[TornadoVM-PTX-JNI] ERROR : cuLaunchKernel -> Returned: 701
	[TornadoVM-PTX-JNI] ERROR : cuLaunchKernel -> Returned: 701
	[TornadoVM-PTX-JNI] ERROR : cuLaunchKernel -> Returned: 701
	[TornadoVM-PTX-JNI] ERROR : cuLaunchKernel -> Returned: 701
	[TornadoVM-PTX-JNI] ERROR : cuLaunchKernel -> Returned: 701
	[TornadoVM-PTX-JNI] ERROR : cuLaunchKernel -> Returned: 701
	[TornadoVM-PTX-JNI] ERROR : cuLaunchKernel -> Returned: 701
	[TornadoVM-PTX-JNI] ERROR : cuLaunchKernel -> Returned: 701
	[TornadoVM-PTX-JNI] ERROR : cuLaunchKernel -> Returned: 701
	[TornadoVM-PTX-JNI] ERROR : cuLaunchKernel -> Returned: 701
	[TornadoVM-PTX-JNI] ERROR : cuLaunchKernel -> Returned: 701
	[TornadoVM-PTX-JNI] ERROR : cuLaunchKernel -> Returned: 701
	[TornadoVM-PTX-JNI] ERROR : cuLaunchKernel -> Returned: 701
	[TornadoVM-PTX-JNI] ERROR : cuLaunchKernel -> Returned: 701
	[TornadoVM-PTX-JNI] ERROR : cuLaunchKernel -> Returned: 701
	[TornadoVM-PTX-JNI] ERROR : cuLaunchKernel -> Returned: 701
	[TornadoVM-PTX-JNI] ERROR : cuLaunchKernel -> Returned: 701
	[TornadoVM-PTX-JNI] ERROR : cuLaunchKernel -> Returned: 701
	[TornadoVM-PTX-JNI] ERROR : cuLaunchKernel -> Returned: 701
	[TornadoVM-PTX-JNI] ERROR : cuLaunchKernel -> Returned: 701
	[TornadoVM-PTX-JNI] ERROR : cuLaunchKernel -> Returned: 701
	[TornadoVM-PTX-JNI] ERROR : cuLaunchKernel -> Returned: 701
	[TornadoVM-PTX-JNI] ERROR : cuLaunchKernel -> Returned: 701
	[TornadoVM-PTX-JNI] ERROR : cuLaunchKernel -> Returned: 701
	[TornadoVM-PTX-JNI] ERROR : cuLaunchKernel -> Returned: 701
	[TornadoVM-PTX-JNI] ERROR : cuLaunchKernel -> Returned: 701
	[TornadoVM-PTX-JNI] ERROR : cuLaunchKernel -> Returned: 701
	[TornadoVM-PTX-JNI] ERROR : cuLaunchKernel -> Returned: 701
	[TornadoVM-PTX-JNI] ERROR : cuLaunchKernel -> Returned: 701
	[TornadoVM-PTX-JNI] ERROR : cuLaunchKernel -> Returned: 701
	[TornadoVM-PTX-JNI] ERROR : cuLaunchKernel -> Returned: 701
	[TornadoVM-PTX-JNI] ERROR : cuLaunchKernel -> Returned: 701
	[TornadoVM-PTX-JNI] ERROR : cuLaunchKernel -> Returned: 701
	[TornadoVM-PTX-JNI] ERROR : cuLaunchKernel -> Returned: 701
	[TornadoVM-PTX-JNI] ERROR : cuLaunchKernel -> Returned: 701
	[TornadoVM-PTX-JNI] ERROR : cuLaunchKernel -> Returned: 701
	[TornadoVM-PTX-JNI] ERROR : cuLaunchKernel -> Returned: 701
	[TornadoVM-PTX-JNI] ERROR : cuLaunchKernel -> Returned: 701
	[TornadoVM-PTX-JNI] ERROR : cuLaunchKernel -> Returned: 701
	[TornadoVM-PTX-JNI] ERROR : cuLaunchKernel -> Returned: 701
	[TornadoVM-PTX-JNI] ERROR : cuLaunchKernel -> Returned: 701
	[TornadoVM-PTX-JNI] ERROR : cuLaunchKernel -> Returned: 701
	[TornadoVM-PTX-JNI] ERROR : cuLaunchKernel -> Returned: 701
	[TornadoVM-PTX-JNI] ERROR : cuLaunchKernel -> Returned: 701
	[TornadoVM-PTX-JNI] ERROR : cuLaunchKernel -> Returned: 701
	[TornadoVM-PTX-JNI] ERROR : cuLaunchKernel -> Returned: 701
	[TornadoVM-PTX-JNI] ERROR : cuLaunchKernel -> Returned: 701
	[TornadoVM-PTX-JNI] ERROR : cuLaunchKernel -> Returned: 701
	[TornadoVM-PTX-JNI] ERROR : cuLaunchKernel -> Returned: 701
	[TornadoVM-PTX-JNI] ERROR : cuLaunchKernel -> Returned: 701
	[TornadoVM-PTX-JNI] ERROR : cuLaunchKernel -> Returned: 701
	[TornadoVM-PTX-JNI] ERROR : cuLaunchKernel -> Returned: 701
	[TornadoVM-PTX-JNI] ERROR : cuLaunchKernel -> Returned: 701
	[TornadoVM-PTX-JNI] ERROR : cuLaunchKernel -> Returned: 701
	[TornadoVM-PTX-JNI] ERROR : cuLaunchKernel -> Returned: 701
	[TornadoVM-PTX-JNI] ERROR : cuLaunchKernel -> Returned: 701
	[TornadoVM-PTX-JNI] ERROR : cuLaunchKernel -> Returned: 701
	[TornadoVM-PTX-JNI] ERROR : cuLaunchKernel -> Returned: 701
	[TornadoVM-PTX-JNI] ERROR : cuLaunchKernel -> Returned: 701
	[TornadoVM-PTX-JNI] ERROR : cuLaunchKernel -> Returned: 701
	[TornadoVM-PTX-JNI] ERROR : cuLaunchKernel -> Returned: 701
	[TornadoVM-PTX-JNI] ERROR : cuLaunchKernel -> Returned: 701
	[TornadoVM-PTX-JNI] ERROR : cuLaunchKernel -> Returned: 701
	[TornadoVM-PTX-JNI] ERROR : cuLaunchKernel -> Returned: 701
	[TornadoVM-PTX-JNI] ERROR : cuLaunchKernel -> Returned: 701
	[TornadoVM-PTX-JNI] ERROR : cuLaunchKernel -> Returned: 701
	[TornadoVM-PTX-JNI] ERROR : cuLaunchKernel -> Returned: 701
	[TornadoVM-PTX-JNI] ERROR : cuLaunchKernel -> Returned: 701
	[TornadoVM-PTX-JNI] ERROR : cuLaunchKernel -> Returned: 701
	[TornadoVM-PTX-JNI] ERROR : cuLaunchKernel -> Returned: 701
	[TornadoVM-PTX-JNI] ERROR : cuLaunchKernel -> Returned: 701
	[TornadoVM-PTX-JNI] ERROR : cuLaunchKernel -> Returned: 701
	[TornadoVM-PTX-JNI] ERROR : cuLaunchKernel -> Returned: 701
	[TornadoVM-PTX-JNI] ERROR : cuLaunchKernel -> Returned: 701
	[TornadoVM-PTX-JNI] ERROR : cuLaunchKernel -> Returned: 701
	[TornadoVM-PTX-JNI] ERROR : cuLaunchKernel -> Returned: 701
	[TornadoVM-PTX-JNI] ERROR : cuLaunchKernel -> Returned: 701
	[TornadoVM-PTX-JNI] ERROR : cuLaunchKernel -> Returned: 701
	[TornadoVM-PTX-JNI] ERROR : cuLaunchKernel -> Returned: 701
	[TornadoVM-PTX-JNI] ERROR : cuLaunchKernel -> Returned: 701
	[TornadoVM-PTX-JNI] ERROR : cuLaunchKernel -> Returned: 701
	[TornadoVM-PTX-JNI] ERROR : cuLaunchKernel -> Returned: 701
	[TornadoVM-PTX-JNI] ERROR : cuLaunchKernel -> Returned: 701
	[TornadoVM-PTX-JNI] ERROR : cuLaunchKernel -> Returned: 701
	[TornadoVM-PTX-JNI] ERROR : cuLaunchKernel -> Returned: 701
	[TornadoVM-PTX-JNI] ERROR : cuLaunchKernel -> Returned: 701
	[TornadoVM-PTX-JNI] ERROR : cuLaunchKernel -> Returned: 701
	[TornadoVM-PTX-JNI] ERROR : cuLaunchKernel -> Returned: 701
	[TornadoVM-PTX-JNI] ERROR : cuLaunchKernel -> Returned: 701
	[TornadoVM-PTX-JNI] ERROR : cuLaunchKernel -> Returned: 701
	[TornadoVM-PTX-JNI] ERROR : cuLaunchKernel -> Returned: 701
	[TornadoVM-PTX-JNI] ERROR : cuLaunchKernel -> Returned: 701
	[TornadoVM-PTX-JNI] ERROR : cuLaunchKernel -> Returned: 701
	[TornadoVM-PTX-JNI] ERROR : cuLaunchKernel -> Returned: 701
	[TornadoVM-PTX-JNI] ERROR : cuLaunchKernel -> Returned: 701
	[TornadoVM-PTX-JNI] ERROR : cuLaunchKernel -> Returned: 701
	[TornadoVM-PTX-JNI] ERROR : cuLaunchKernel -> Returned: 701
	[TornadoVM-PTX-JNI] ERROR : cuLaunchKernel -> Returned: 701
	[TornadoVM-PTX-JNI] ERROR : cuLaunchKernel -> Returned: 701
	[TornadoVM-PTX-JNI] ERROR : cuLaunchKernel -> Returned: 701
	[TornadoVM-PTX-JNI] ERROR : cuLaunchKernel -> Returned: 701
	[TornadoVM-PTX-JNI] ERROR : cuLaunchKernel -> Returned: 701
	[TornadoVM-PTX-JNI] ERROR : cuLaunchKernel -> Returned: 701
	[TornadoVM-PTX-JNI] ERROR : cuLaunchKernel -> Returned: 701
	[TornadoVM-PTX-JNI] ERROR : cuLaunchKernel -> Returned: 701
	[TornadoVM-PTX-JNI] ERROR : cuLaunchKernel -> Returned: 701
	[TornadoVM-PTX-JNI] ERROR : cuLaunchKernel -> Returned: 701
	[TornadoVM-PTX-JNI] ERROR : cuLaunchKernel -> Returned: 701
	[TornadoVM-PTX-JNI] ERROR : cuLaunchKernel -> Returned: 701
	[TornadoVM-PTX-JNI] ERROR : cuLaunchKernel -> Returned: 701
	[TornadoVM-PTX-JNI] ERROR : cuLaunchKernel -> Returned: 701
	[TornadoVM-PTX-JNI] ERROR : cuLaunchKernel -> Returned: 701
	[TornadoVM-PTX-JNI] ERROR : cuLaunchKernel -> Returned: 701
	[TornadoVM-PTX-JNI] ERROR : cuLaunchKernel -> Returned: 701
	[TornadoVM-PTX-JNI] ERROR : cuLaunchKernel -> Returned: 701
	[TornadoVM-PTX-JNI] ERROR : cuLaunchKernel -> Returned: 701
	[TornadoVM-PTX-JNI] ERROR : cuLaunchKernel -> Returned: 701
	[TornadoVM-PTX-JNI] ERROR : cuLaunchKernel -> Returned: 701
	[TornadoVM-PTX-JNI] ERROR : cuLaunchKernel -> Returned: 701
	[TornadoVM-PTX-JNI] ERROR : cuLaunchKernel -> Returned: 701
	[TornadoVM-PTX-JNI] ERROR : cuLaunchKernel -> Returned: 701
	[TornadoVM-PTX-JNI] ERROR : cuLaunchKernel -> Returned: 701
	[TornadoVM-PTX-JNI] ERROR : cuLaunchKernel -> Returned: 701
	[TornadoVM-PTX-JNI] ERROR : cuLaunchKernel -> Returned: 701
	[TornadoVM-PTX-JNI] ERROR : cuLaunchKernel -> Returned: 701
	[TornadoVM-PTX-JNI] ERROR : cuLaunchKernel -> Returned: 701
	[TornadoVM-PTX-JNI] ERROR : cuLaunchKernel -> Returned: 701
	[TornadoVM-PTX-JNI] ERROR : cuLaunchKernel -> Returned: 701
	[TornadoVM-PTX-JNI] ERROR : cuLaunchKernel -> Returned: 701
	[TornadoVM-PTX-JNI] ERROR : cuLaunchKernel -> Returned: 701
	[TornadoVM-PTX-JNI] ERROR : cuLaunchKernel -> Returned: 701
	[TornadoVM-PTX-JNI] ERROR : cuLaunchKernel -> Returned: 701
	[TornadoVM-PTX-JNI] ERROR : cuLaunchKernel -> Returned: 701
	[TornadoVM-PTX-JNI] ERROR : cuLaunchKernel -> Returned: 701
	[TornadoVM-PTX-JNI] ERROR : cuLaunchKernel -> Returned: 701
	[TornadoVM-PTX-JNI] ERROR : cuLaunchKernel -> Returned: 701
	[TornadoVM-PTX-JNI] ERROR : cuLaunchKernel -> Returned: 701
	[TornadoVM-PTX-JNI] ERROR : cuLaunchKernel -> Returned: 701
	[TornadoVM-PTX-JNI] ERROR : cuLaunchKernel -> Returned: 701
	[TornadoVM-PTX-JNI] ERROR : cuLaunchKernel -> Returned: 701
	[TornadoVM-PTX-JNI] ERROR : cuLaunchKernel -> Returned: 701
	[TornadoVM-PTX-JNI] ERROR : cuLaunchKernel -> Returned: 701
	[TornadoVM-PTX-JNI] ERROR : cuLaunchKernel -> Returned: 701
	[TornadoVM-PTX-JNI] ERROR : cuLaunchKernel -> Returned: 701
	[TornadoVM-PTX-JNI] ERROR : cuLaunchKernel -> Returned: 701
	[TornadoVM-PTX-JNI] ERROR : cuLaunchKernel -> Returned: 701
	[TornadoVM-PTX-JNI] ERROR : cuLaunchKernel -> Returned: 701
	[TornadoVM-PTX-JNI] ERROR : cuLaunchKernel -> Returned: 701
	[TornadoVM-PTX-JNI] ERROR : cuLaunchKernel -> Returned: 701
	[TornadoVM-PTX-JNI] ERROR : cuLaunchKernel -> Returned: 701
	[TornadoVM-PTX-JNI] ERROR : cuLaunchKernel -> Returned: 701
	[TornadoVM-PTX-JNI] ERROR : cuLaunchKernel -> Returned: 701
	[TornadoVM-PTX-JNI] ERROR : cuLaunchKernel -> Returned: 701
	[TornadoVM-PTX-JNI] ERROR : cuLaunchKernel -> Returned: 701
	[TornadoVM-PTX-JNI] ERROR : cuLaunchKernel -> Returned: 701
	[TornadoVM-PTX-JNI] ERROR : cuLaunchKernel -> Returned: 701
	[TornadoVM-PTX-JNI] ERROR : cuLaunchKernel -> Returned: 701
	[TornadoVM-PTX-JNI] ERROR : cuLaunchKernel -> Returned: 701
	[TornadoVM-PTX-JNI] ERROR : cuLaunchKernel -> Returned: 701
	[TornadoVM-PTX-JNI] ERROR : cuLaunchKernel -> Returned: 701
	[TornadoVM-PTX-JNI] ERROR : cuLaunchKernel -> Returned: 701
	[TornadoVM-PTX-JNI] ERROR : cuLaunchKernel -> Returned: 701
	[TornadoVM-PTX-JNI] ERROR : cuLaunchKernel -> Returned: 701
	[TornadoVM-PTX-JNI] ERROR : cuLaunchKernel -> Returned: 701
	[TornadoVM-PTX-JNI] ERROR : cuLaunchKernel -> Returned: 701
	[TornadoVM-PTX-JNI] ERROR : cuLaunchKernel -> Returned: 701
	[TornadoVM-PTX-JNI] ERROR : cuLaunchKernel -> Returned: 701
	[TornadoVM-PTX-JNI] ERROR : cuLaunchKernel -> Returned: 701
	[TornadoVM-PTX-JNI] ERROR : cuLaunchKernel -> Returned: 701
	[TornadoVM-PTX-JNI] ERROR : cuLaunchKernel -> Returned: 701
	[TornadoVM-PTX-JNI] ERROR : cuLaunchKernel -> Returned: 701
	[TornadoVM-PTX-JNI] ERROR : cuLaunchKernel -> Returned: 701
	[TornadoVM-PTX-JNI] ERROR : cuLaunchKernel -> Returned: 701
	[TornadoVM-PTX-JNI] ERROR : cuLaunchKernel -> Returned: 701
	[TornadoVM-PTX-JNI] ERROR : cuLaunchKernel -> Returned: 701
	[TornadoVM-PTX-JNI] ERROR : cuLaunchKernel -> Returned: 701
	[TornadoVM-PTX-JNI] ERROR : cuLaunchKernel -> Returned: 701
	[TornadoVM-PTX-JNI] ERROR : cuLaunchKernel -> Returned: 701
	[TornadoVM-PTX-JNI] ERROR : cuLaunchKernel -> Returned: 701
	[TornadoVM-PTX-JNI] ERROR : cuLaunchKernel -> Returned: 701
	[TornadoVM-PTX-JNI] ERROR : cuLaunchKernel -> Returned: 701
	[TornadoVM-PTX-JNI] ERROR : cuLaunchKernel -> Returned: 701
	[TornadoVM-PTX-JNI] ERROR : cuLaunchKernel -> Returned: 701
	[TornadoVM-PTX-JNI] ERROR : cuLaunchKernel -> Returned: 701
[GATHER] call=20000 totalDirty=0 maxThread=0 cumAvg=13.1 cumMaxPerThread=4
	[TornadoVM-PTX-JNI] ERROR : cuLaunchKernel -> Returned: 701
	[TornadoVM-PTX-JNI] ERROR : cuLaunchKernel -> Returned: 701
	[TornadoVM-PTX-JNI] ERROR : cuLaunchKernel -> Returned: 701
	[TornadoVM-PTX-JNI] ERROR : cuLaunchKernel -> Returned: 701
	[TornadoVM-PTX-JNI] ERROR : cuLaunchKernel -> Returned: 701
	[TornadoVM-PTX-JNI] ERROR : cuLaunchKernel -> Returned: 701
	[TornadoVM-PTX-JNI] ERROR : cuLaunchKernel -> Returned: 701
	[TornadoVM-PTX-JNI] ERROR : cuLaunchKernel -> Returned: 701
	[TornadoVM-PTX-JNI] ERROR : cuLaunchKernel -> Returned: 701
	[TornadoVM-PTX-JNI] ERROR : cuLaunchKernel -> Returned: 701
	[TornadoVM-PTX-JNI] ERROR : cuLaunchKernel -> Returned: 701
collisionTime = 0.0
myosinTime = 0.0
[STATS] bindEvents=747
[STATS] checkBugInsideFireCt=0
[STATS] addLinkForcesFireCt=0
[STATS] addTorsionFireCt=0
[STATS] meshFillFilSegFireCt=5566006
[STATS] meshAllSegsFireCt=0
[STATS] mbg3dFillFilSegFireCt=0
[STATS] updatePosFromBindFireCt=747
[STATS] updatePosFromStepFireCt=0
[STATS] validateSegFireCt=17234
[STATS] anchorFireCt=0
[STATS] filSegInitFireCt=4424
[STATS] motorInitFireCt=3424
[STATS] meanBoundMotors=1.724
[STATS] gpuMotorBinding total=0.075s calls=10011 pack=0.030s gridPack=0.000s exec=0.000s unpack=0.075s
[STATS] gpuMoveThing total=254.296s calls=10011 slotPack=3.379s jointPack=1.340s exec=248.980s unpack=0.586s
[STATS] gpuMoveThing demandSyncPose=0.436s(calls=301) demandSyncDerived=0.049s(calls=201) planRebuild=1 packRuleDesync=0
[STATS] gpuMoveThing poseDelta avg=18.87 max=194 sum=5661 fresh=1 overflow=0 cap=8192
[STATS] gpuMoveThing trueDirty calls=10010 slotChange avg=0.18 max=194 pending avg=0.38 max=105 totalUpperMax=194 slotCount=10278 slotCap=19602
ThingStep Threads took 31.221000 seconds.
ThingBrownian Threads took 5.033000 seconds.
Myosin Threads took 3.434000 seconds.
MyoDimer Threads took 2.720000 seconds.
Protein Node Threads took 0.000000 seconds.
MyoMiniFil Threads took 2.649000 seconds.
Chamber Myo Threads took 0.000000 seconds.
Chamber MyoDimer Threads took 0.000000 seconds.
Mesh Threads took 15.123000 seconds.
Ck Mesh Threads took 6.026000 seconds.
Ck Mots Threads took 0.000000 seconds.
XLink Threads took 0.000000 seconds.
Arp23 Threads took 0.000000 seconds.
NodeLink Threads took 0.000000 seconds.
Membrane Node Threads took 0.000000 seconds.
ActA Threads took 0.000000 seconds.
MotorBindGrid3D Fill took 0.000000 seconds.
Finished closing JSON plots!
