[TELEPORT_DIAG] enabled=false threshold=0.1
Loading parameter values from /tmp/s2_1sec...
     Parameter assigned: buildDtsMembrane set to true
     Parameter assigned: dtsMembraneSubdiv set to 4
     Parameter assigned: dtsMembraneRadius set to 1.2
     Parameter assigned: dtsVertexRadiusFrac set to 0.5
     Parameter assigned: dtsKappaBend set to 1.0E-19
     Parameter assigned: dtsKappaArea set to 0.15
     Parameter assigned: dtsKappaVolume set to 1.0E-13
     Parameter assigned: dtsTargetReducedVol set to 1.0
     Parameter assigned: dtsMaxDispFrac set to 0.2
     Parameter assigned: dtsBrownianOff set to true
     Parameter assigned: dtsAnchorStiffness set to 0.015
     Parameter assigned: dtsArpOn set to true
     Parameter assigned: dtsArpHotPatches set to 3
     Parameter assigned: dtsArpHotPatchDeg set to 8.0
     Parameter assigned: dtsArpDiffusion set to 0.1
     Parameter assigned: dtsArpDecay set to 0.015
     Parameter assigned: dtsForminOn set to true
     Parameter assigned: dtsForminGrowOut set to true
     Parameter assigned: dtsForminPool set to 1.0
     Parameter assigned: dtsForminConsume set to 1.0
     Parameter assigned: dtsForminNucRate set to 50.0
     Parameter assigned: dtsForminRecover set to 0.0
     Parameter assigned: forminRelease set to 0.0
     Parameter assigned: forminBarbedBrownianFactor set to 0.05
     Parameter assigned: dtsForminStandoff set to 0.05
     Parameter assigned: actinSeed set to 8
     Parameter assigned: arpTransFracMove set to 1.0
     Parameter assigned: arpSubcycleN set to 10
     Parameter assigned: filDragMinMonomers set to 200
     Parameter assigned: arpDaughterBrownianFactor set to 1.0
     Parameter assigned: dtsBranchOn set to true
     Parameter assigned: dtsBranchRate set to 0.25
     Parameter assigned: dtsArpConsumePerBranch set to 0.05
     Parameter assigned: dtsMaxFilaments set to 400
     Parameter assigned: dtsActinCollide set to true
     Parameter assigned: dtsRatchetForce set to 0.0
     Parameter assigned: ratchetOn set to true
     Parameter assigned: ratchetForce set to 1.5E-12
     Parameter assigned: dtsActinPushMax set to 5.0E-12
     Parameter assigned: actinConc set to 16.0
     Parameter assigned: filTipRadiusForCollision set to 0.04
     Parameter assigned: deltaT set to 1.0E-5
     Parameter assigned: collisionDeltaT set to 1.0E-5
     No match found for parameter label brownianDeltaT ... you best check that out!
     Parameter assigned: biochemDeltaT set to 0.001
     Parameter assigned: runTime set to 1.0
     Parameter assigned: toFileInterval set to 120
     Parameter assigned: remoteWriteInterval set to 2000
     Parameter assigned: boxXDim set to 5.0
     Parameter assigned: boxYDim set to 5.0
     Parameter assigned: boxZDim set to 5.0
     Parameter assigned: aeta set to 0.1
     Parameter assigned: simOutsideBug set to false
     Parameter assigned: initialFilaments set to 0
     Parameter assigned: initialMyoMiniFils set to 0
     Parameter assigned: equilNodes set to 0
     Parameter assigned: fillNodeCt set to 0
     Parameter assigned: buildBranchedFils set to false
     Parameter assigned: buildMembraneSheet set to false
     Parameter assigned: buildMembraneSphere set to false
     Parameter assigned: forminConc set to 0.0
     Parameter assigned: arpConc set to 0.0
     Parameter assigned: dtsCortexOn set to 1.0
     Parameter assigned: dtsCortexRadius set to 1.1
     Parameter assigned: dtsCortexKappaScale set to 20.0
     Parameter assigned: dtsCortexAreaScale set to 10.0
     Parameter assigned: dtsCortexDragScale set to 5.0
     Parameter assigned: dtsMcaStiffness set to 5.0E-4
     Parameter assigned: dtsMcaRestGap set to 0.0
     Parameter assigned: dtsMcaForceMax set to 6.0E-12
     Parameter assigned: dtsMcaLinkViz set to 3
     Parameter assigned: dtsArpOn set to false
     Parameter assigned: dtsBranchOn set to false
     Parameter assigned: runTime set to 1.0
     Parameter assigned: dtsArpOn set to true
     Parameter assigned: dtsBranchOn set to true
     Parameter assigned: dtsMcaForceMax set to 2.5E-12
     Parameter assigned: runTime set to 1.0
     Parameter assigned: dtsAnchorForceMax set to 1.5E-11
     Parameter assigned: capConc set to 7.0
Done... there were 1 misunderstandings.
[RNG] per-worker RNG pool: 17 MTFs, masterSeed=-4338900171221878069 (BOA_RNG_SEED unset)
[DTS] membrane #0 built: nu=4  nv=2562  nf=5120  ne=7680  maxVal=12  R=1.200 um  l0=0.0906 um  rVert=0.0453 um  A0=18.0739 um^2  V0=7.2226 um^3
[DTS]   continuum sphere: A=18.0956 (mesh 99.9%)  V=7.2382 (mesh 99.8%)
[DTS] membrane #1 built: nu=4  nv=2562  nf=5120  ne=7680  maxVal=12  R=1.100 um  l0=0.0830 um  rVert=0.0415 um  A0=15.1871 um^2  V0=5.5632 um^3
[DTS]   continuum sphere: A=15.2053 (mesh 99.9%)  V=5.5753 (mesh 99.8%)
[DTS-HOT] 3 NPF patches, 36 hot vertices of 2562
[DTS] two-shell: bilayer R=1.200 + cortex R=1.100  (cortex kappa x20, K_A=1.50, drag x5.0)
**************************************************************
Eulerian Mesh stats:
nXBins = 26; xBinWidth = 0.2 µm
nYBins = 26; yBinWidth = 0.2 µm
binDepth = 1000
**************************************************************
MotorBindGrid3D: 26 x 26 x 26 cells (0.2 µm each)
[21:29] [phase-plan] inert-wave cull — ThreadSet activation snapshot:
[21:29]   ON   ThingStep Threads
[21:29]   ON   ThingBrownian Threads
[21:29]   ON   Myosin Threads
[21:29]   OFF  MyoDimer Threads
[21:29]   ON   Protein Node Threads
[21:29]   OFF  MyoMiniFil Threads
[21:29]   OFF  Chamber Myo Threads
[21:29]   OFF  Chamber MyoDimer Threads
[21:29]   ON   Mesh Threads
[21:29]   ON   Ck Mesh Threads
[21:29]   ON   Ck Mots Threads
[21:29]   OFF  XLink Threads
[21:29]   OFF  Arp23 Threads
[21:29]   OFF  NodeLink Threads
[21:29]   ON   Membrane Node Threads
[21:29]   OFF  ActA Threads
[21:29]   ON   MotorBindGrid3D Fill
[21:29] [phase-plan] 9 active, 8 inert (will skip dispatch)
ThreeJSWriter: created directory /home/jba/Code/threejs_output/s2_1sec
ThreeJSWriter: output directory /home/jba/Code/threejs_output/s2_1sec
ThreeJSWriter: archived 5 source files to source.zip
ThreeJSWriter: wrote params_input.s2_1sec
ThreeJSWriter: wrote params_effective.txt (368 parameters)
[DTS-E] step 0  E bend=2.514e-18 area=5.242e-42 vol=3.550e-43 tot=2.514e-18 J   A=18.0739/18.0739  V=7.2226/7.2226 um  |F|max=8.81e-14 N
[DTS-E] step 0  E bend=5.029e-17 area=4.176e-39 vol=7.124e-43 tot=5.029e-17 J   A=15.1871/15.1871  V=5.5632/5.5632 um  |F|max=1.92e-12 N
[DTS-ARP] step 0  maxConc=1.0000  meanConc=0.0169  spread=81/2562 verts >1%
[DTS-FORMIN] step 0  mothers nucleated=0  pool remaining=36.0 over 36 hot verts
[MCA] step 0 linked=2562/2562  gap=0.100  bilayerMaxR=1.200 cortexMaxR=1.100
[FLIP] step 0 membrane#0 flips=0/7680 verify=true
[FLIP] step 0 membrane#1 flips=0/7680 verify=true
[GATHER] call=1000 totalDirty=0 maxThread=0 cumAvg=2752.8 cumMaxPerThread=892
[DTS-E] step 500  E bend=2.514e-18 area=1.861e-28 vol=5.297e-27 tot=2.514e-18 J   A=18.0739/18.0739  V=7.2226/7.2226 um  |F|max=4.50e-15 N
[DTS-E] step 500  E bend=5.029e-17 area=1.200e-23 vol=8.233e-26 tot=5.029e-17 J   A=15.1871/15.1871  V=5.5632/5.5632 um  |F|max=1.24e-12 N
[DTS-ARP] step 500  maxConc=1.0000  meanConc=0.0805  spread=1488/2562 verts >1%
[DTS-FORMIN] step 500  mothers nucleated=12  pool remaining=24.0 over 24 hot verts
[MCA] step 500 linked=2562/2562  gap=0.100  bilayerMaxR=1.200 cortexMaxR=1.100
[FLIP] step 500 membrane#0 flips=0/7680 verify=true
[FLIP] step 500 membrane#1 flips=0/7680 verify=true
[GATHER] call=2000 totalDirty=0 maxThread=0 cumAvg=2756.1 cumMaxPerThread=892
[DTS-E] step 1000  E bend=2.514e-18 area=5.664e-27 vol=3.517e-27 tot=2.514e-18 J   A=18.0739/18.0739  V=7.2226/7.2226 um  |F|max=4.35e-15 N
[DTS-E] step 1000  E bend=5.029e-17 area=6.899e-25 vol=7.280e-28 tot=5.029e-17 J   A=15.1871/15.1871  V=5.5632/5.5632 um  |F|max=1.34e-12 N
[DTS-ARP] step 1000  maxConc=1.0000  meanConc=0.0806  spread=1489/2562 verts >1%
[DTS-FORMIN] step 1000  mothers nucleated=16  pool remaining=20.0 over 20 hot verts
[MCA] step 1000 linked=2562/2562  gap=0.100  bilayerMaxR=1.200 cortexMaxR=1.100
[FLIP] step 1000 membrane#0 flips=0/7680 verify=true
[FLIP] step 1000 membrane#1 flips=0/7680 verify=true
[DTS-BRANCH] step 1000  fils=15 nearCortex=15 rejBorn=0  totalBranches=0
[BRANCH-DENSITY] step 1000  filLen=0.400 um  branches=0  um/branch=0.000
[GATHER] call=3000 totalDirty=0 maxThread=0 cumAvg=2758.2 cumMaxPerThread=892
[DTS-E] step 1500  E bend=2.514e-18 area=3.421e-27 vol=4.380e-27 tot=2.514e-18 J   A=18.0739/18.0739  V=7.2226/7.2226 um  |F|max=4.36e-15 N
[DTS-E] step 1500  E bend=5.029e-17 area=3.023e-24 vol=1.458e-26 tot=5.029e-17 J   A=15.1871/15.1871  V=5.5632/5.5632 um  |F|max=1.39e-12 N
[DTS-ARP] step 1500  maxConc=1.0000  meanConc=0.0806  spread=1489/2562 verts >1%
[DTS-FORMIN] step 1500  mothers nucleated=19  pool remaining=17.0 over 17 hot verts
[MCA] step 1500 linked=2562/2562  gap=0.100  bilayerMaxR=1.200 cortexMaxR=1.100
[FLIP] step 1500 membrane#0 flips=0/7680 verify=true
[FLIP] step 1500 membrane#1 flips=0/7680 verify=true
[GATHER] call=4000 totalDirty=0 maxThread=0 cumAvg=2760.4 cumMaxPerThread=892
Sim. time=00.02....~32.69 minutes computation to simulate 1 sec, run finished in ~00.53 hours
[DTS-E] step 2000  E bend=2.514e-18 area=6.044e-27 vol=3.710e-27 tot=2.514e-18 J   A=18.0739/18.0739  V=7.2226/7.2226 um  |F|max=4.32e-15 N
[DTS-E] step 2000  E bend=5.029e-17 area=1.182e-26 vol=3.032e-27 tot=5.029e-17 J   A=15.1871/15.1871  V=5.5632/5.5632 um  |F|max=1.57e-12 N
[DTS-ARP] step 2000  maxConc=1.0000  meanConc=0.0806  spread=1489/2562 verts >1%
[DTS-FORMIN] step 2000  mothers nucleated=24  pool remaining=12.0 over 12 hot verts
[MCA] step 2000 linked=2562/2562  gap=0.100  bilayerMaxR=1.200 cortexMaxR=1.100
[FLIP] step 2000 membrane#0 flips=0/7680 verify=true
[FLIP] step 2000 membrane#1 flips=0/7680 verify=true
[DTS-BRANCH] step 2000  fils=23 nearCortex=23 rejBorn=0  totalBranches=0
[BRANCH-DENSITY] step 2000  filLen=0.656 um  branches=0  um/branch=0.000
[GATHER] call=5000 totalDirty=0 maxThread=0 cumAvg=2762.4 cumMaxPerThread=892
[DTS-E] step 2500  E bend=2.514e-18 area=9.810e-29 vol=6.569e-27 tot=2.514e-18 J   A=18.0739/18.0739  V=7.2226/7.2226 um  |F|max=7.38e-15 N
[DTS-E] step 2500  E bend=5.029e-17 area=8.660e-25 vol=1.788e-26 tot=5.029e-17 J   A=15.1871/15.1871  V=5.5632/5.5632 um  |F|max=1.57e-12 N
[DTS-ARP] step 2500  maxConc=1.0000  meanConc=0.0806  spread=1489/2562 verts >1%
[DTS-FORMIN] step 2500  mothers nucleated=26  pool remaining=10.0 over 10 hot verts
[MCA] step 2500 linked=2562/2562  gap=0.100  bilayerMaxR=1.200 cortexMaxR=1.100
[FLIP] step 2500 membrane#0 flips=0/7680 verify=true
[FLIP] step 2500 membrane#1 flips=0/7680 verify=true
[GATHER] call=6000 totalDirty=0 maxThread=0 cumAvg=2763.9 cumMaxPerThread=892
[DTS-E] step 3000  E bend=2.514e-18 area=5.487e-27 vol=3.462e-27 tot=2.514e-18 J   A=18.0739/18.0739  V=7.2226/7.2226 um  |F|max=2.92e-14 N
[DTS-E] step 3000  E bend=5.029e-17 area=8.978e-24 vol=1.135e-25 tot=5.029e-17 J   A=15.1872/15.1871  V=5.5632/5.5632 um  |F|max=1.44e-12 N
[DTS-ARP] step 3000  maxConc=1.0000  meanConc=0.0806  spread=1489/2562 verts >1%
[DTS-FORMIN] step 3000  mothers nucleated=27  pool remaining=9.0 over 9 hot verts
[MCA] step 3000 linked=2562/2562  gap=0.100  bilayerMaxR=1.200 cortexMaxR=1.100
[FLIP] step 3000 membrane#0 flips=0/7680 verify=true
[FLIP] step 3000 membrane#1 flips=0/7680 verify=true
[DTS-BRANCH] step 3000  fils=27 nearCortex=27 rejBorn=0  totalBranches=1
[BRANCH-DENSITY] step 3000  filLen=0.861 um  branches=1  um/branch=0.861
[RATCHET] poly vs gap g to membrane (delta=monomer, f=1.50e-12 N). meanFactor=closure output; relRate=realized:
  g<0 (overlap)  samples=130       events=11       meanFactor=0.374  relRate=0.464
  0.0-0.2d       samples=6         events=0        meanFactor=0.425  relRate=0.000
  0.2-0.4d       samples=3         events=1        meanFactor=0.517  relRate=1.830
  0.4-0.6d       samples=0         events=0        meanFactor=0.000  relRate=0.000
  0.6-0.8d       samples=9         events=0        meanFactor=0.763  relRate=0.000
  0.8-1.0d       samples=2         events=0        meanFactor=0.988  relRate=0.000
  1-2d           samples=30        events=5        meanFactor=1.000  relRate=0.915
  g>=2d (free)   samples=258       events=47       meanFactor=1.000  relRate=1.000
  TOTAL eligible tip-fires=438  poly events=64  (boundary g<delta share=34.2%)
[GATHER] call=7000 totalDirty=0 maxThread=0 cumAvg=2765.1 cumMaxPerThread=892
[DTS-E] step 3500  E bend=2.514e-18 area=2.975e-29 vol=6.171e-27 tot=2.514e-18 J   A=18.0739/18.0739  V=7.2226/7.2226 um  |F|max=7.59e-15 N
[DTS-E] step 3500  E bend=5.029e-17 area=5.089e-24 vol=6.822e-26 tot=5.029e-17 J   A=15.1871/15.1871  V=5.5632/5.5632 um  |F|max=1.44e-12 N
[DTS-ARP] step 3500  maxConc=1.0000  meanConc=0.0806  spread=1489/2562 verts >1%
[DTS-FORMIN] step 3500  mothers nucleated=28  pool remaining=8.0 over 8 hot verts
[MCA] step 3500 linked=2562/2562  gap=0.100  bilayerMaxR=1.200 cortexMaxR=1.101
[FLIP] step 3500 membrane#0 flips=0/7680 verify=true
[FLIP] step 3500 membrane#1 flips=0/7680 verify=true
[GATHER] call=8000 totalDirty=0 maxThread=0 cumAvg=2766.2 cumMaxPerThread=892
Sim. time=00.04....~32.36 minutes computation to simulate 1 sec, run finished in ~00.52 hours
[DTS-E] step 4000  E bend=2.514e-18 area=9.034e-27 vol=2.240e-27 tot=2.514e-18 J   A=18.0739/18.0739  V=7.2226/7.2226 um  |F|max=9.63e-15 N
[DTS-E] step 4000  E bend=5.029e-17 area=2.341e-23 vol=2.560e-25 tot=5.029e-17 J   A=15.1872/15.1871  V=5.5632/5.5632 um  |F|max=1.61e-12 N
[DTS-ARP] step 4000  maxConc=1.0000  meanConc=0.0806  spread=1489/2562 verts >1%
[DTS-FORMIN] step 4000  mothers nucleated=31  pool remaining=5.0 over 5 hot verts
[MCA] step 4000 linked=2562/2562  gap=0.100  bilayerMaxR=1.200 cortexMaxR=1.101
[FLIP] step 4000 membrane#0 flips=0/7680 verify=true
[FLIP] step 4000 membrane#1 flips=0/7680 verify=true
[DTS-BRANCH] step 4000  fils=31 nearCortex=31 rejBorn=0  totalBranches=1
[BRANCH-DENSITY] step 4000  filLen=1.053 um  branches=1  um/branch=1.053
[GATHER] call=9000 totalDirty=0 maxThread=0 cumAvg=2767.3 cumMaxPerThread=892
[DTS-E] step 4500  E bend=2.514e-18 area=2.190e-26 vol=2.392e-28 tot=2.514e-18 J   A=18.0739/18.0739  V=7.2226/7.2226 um  |F|max=1.20e-14 N
[DTS-E] step 4500  E bend=5.029e-17 area=3.342e-23 vol=3.314e-25 tot=5.029e-17 J   A=15.1872/15.1871  V=5.5632/5.5632 um  |F|max=1.63e-12 N
[DTS-ARP] step 4500  maxConc=1.0000  meanConc=0.0806  spread=1489/2562 verts >1%
[DTS-FORMIN] step 4500  mothers nucleated=33  pool remaining=3.0 over 3 hot verts
[MCA] step 4500 linked=2562/2562  gap=0.100  bilayerMaxR=1.201 cortexMaxR=1.101
[FLIP] step 4500 membrane#0 flips=0/7680 verify=true
[FLIP] step 4500 membrane#1 flips=0/7680 verify=true
[GATHER] call=10000 totalDirty=0 maxThread=0 cumAvg=2768.5 cumMaxPerThread=892
[DTS-E] step 5000  E bend=2.514e-18 area=9.517e-27 vol=3.639e-28 tot=2.514e-18 J   A=18.0739/18.0739  V=7.2226/7.2226 um  |F|max=1.56e-14 N
[DTS-E] step 5000  E bend=5.029e-17 area=1.886e-23 vol=1.396e-25 tot=5.029e-17 J   A=15.1872/15.1871  V=5.5632/5.5632 um  |F|max=1.63e-12 N
[DTS-ARP] step 5000  maxConc=1.0000  meanConc=0.0806  spread=1489/2562 verts >1%
[DTS-FORMIN] step 5000  mothers nucleated=34  pool remaining=2.0 over 2 hot verts
[MCA] step 5000 linked=2562/2562  gap=0.100  bilayerMaxR=1.201 cortexMaxR=1.101
[FLIP] step 5000 membrane#0 flips=0/7680 verify=true
[FLIP] step 5000 membrane#1 flips=0/7680 verify=true
[DTS-BRANCH] step 5000  fils=34 nearCortex=34 rejBorn=0  totalBranches=1
[BRANCH-DENSITY] step 5000  filLen=1.212 um  branches=1  um/branch=1.212
[DTS-ACTIN] step 5000  filaments contacting membrane = 1 / 34
[GATHER] call=11000 totalDirty=0 maxThread=0 cumAvg=2769.6 cumMaxPerThread=892
[DTS-E] step 5500  E bend=2.514e-18 area=8.335e-30 vol=2.630e-27 tot=2.514e-18 J   A=18.0739/18.0739  V=7.2226/7.2226 um  |F|max=7.45e-14 N
[DTS-E] step 5500  E bend=5.029e-17 area=1.678e-23 vol=7.997e-26 tot=5.029e-17 J   A=15.1872/15.1871  V=5.5632/5.5632 um  |F|max=1.45e-12 N
[DTS-ARP] step 5500  maxConc=1.0000  meanConc=0.0806  spread=1489/2562 verts >1%
[DTS-FORMIN] step 5500  mothers nucleated=36  pool remaining=0.0 over 0 hot verts
[MCA] step 5500 linked=2562/2562  gap=0.100  bilayerMaxR=1.202 cortexMaxR=1.102
[FLIP] step 5500 membrane#0 flips=0/7680 verify=true
[FLIP] step 5500 membrane#1 flips=0/7680 verify=true
[GATHER] call=12000 totalDirty=0 maxThread=0 cumAvg=2770.7 cumMaxPerThread=892
Sim. time=00.06....~32.87 minutes computation to simulate 1 sec, run finished in ~00.52 hours
[DTS-E] step 6000  E bend=2.514e-18 area=5.452e-27 vol=9.607e-27 tot=2.514e-18 J   A=18.0739/18.0739  V=7.2226/7.2226 um  |F|max=2.72e-14 N
[DTS-E] step 6000  E bend=5.029e-17 area=6.053e-24 vol=4.719e-27 tot=5.029e-17 J   A=15.1871/15.1871  V=5.5632/5.5632 um  |F|max=1.71e-12 N
[DTS-ARP] step 6000  maxConc=1.0000  meanConc=0.0806  spread=1489/2562 verts >1%
[DTS-FORMIN] step 6000  mothers nucleated=36  pool remaining=0.0 over 0 hot verts
[MCA] step 6000 linked=2562/2562  gap=0.100  bilayerMaxR=1.202 cortexMaxR=1.102
[FLIP] step 6000 membrane#0 flips=0/7680 verify=true
[FLIP] step 6000 membrane#1 flips=0/7680 verify=true
[DTS-BRANCH] step 6000  fils=37 nearCortex=37 rejBorn=0  totalBranches=2
[BRANCH-DENSITY] step 6000  filLen=1.393 um  branches=2  um/branch=0.697
[RATCHET] poly vs gap g to membrane (delta=monomer, f=1.50e-12 N). meanFactor=closure output; relRate=realized:
  g<0 (overlap)  samples=469       events=36       meanFactor=0.374  relRate=0.398
  0.0-0.2d       samples=12        events=1        meanFactor=0.414  relRate=0.432
  0.2-0.4d       samples=25        events=2        meanFactor=0.500  relRate=0.414
  0.4-0.6d       samples=1         events=0        meanFactor=0.658  relRate=0.000
  0.6-0.8d       samples=17        events=1        meanFactor=0.753  relRate=0.305
  0.8-1.0d       samples=12        events=3        meanFactor=0.948  relRate=1.295
  1-2d           samples=55        events=13       meanFactor=1.000  relRate=1.224
  g>=2d (free)   samples=518       events=100      meanFactor=1.000  relRate=1.000
  TOTAL eligible tip-fires=1109  poly events=156  (boundary g<delta share=48.3%)
[GATHER] call=13000 totalDirty=0 maxThread=0 cumAvg=2771.7 cumMaxPerThread=892
[DTS-E] step 6500  E bend=2.514e-18 area=1.045e-26 vol=3.905e-26 tot=2.514e-18 J   A=18.0739/18.0739  V=7.2226/7.2226 um  |F|max=5.70e-14 N
[DTS-E] step 6500  E bend=5.029e-17 area=7.415e-24 vol=1.305e-28 tot=5.029e-17 J   A=15.1872/15.1871  V=5.5632/5.5632 um  |F|max=1.54e-12 N
[DTS-ARP] step 6500  maxConc=1.0000  meanConc=0.0806  spread=1489/2562 verts >1%
[DTS-FORMIN] step 6500  mothers nucleated=36  pool remaining=0.0 over 0 hot verts
[MCA] step 6500 linked=2562/2562  gap=0.100  bilayerMaxR=1.202 cortexMaxR=1.102
[FLIP] step 6500 membrane#0 flips=0/7680 verify=true
[FLIP] step 6500 membrane#1 flips=0/7680 verify=true
[DTS-ACTIN] step 6500  filaments contacting membrane = 1 / 37
[GATHER] call=14000 totalDirty=0 maxThread=0 cumAvg=2772.8 cumMaxPerThread=892
[DTS-E] step 7000  E bend=2.514e-18 area=1.422e-26 vol=8.692e-26 tot=2.514e-18 J   A=18.0739/18.0739  V=7.2226/7.2226 um  |F|max=5.75e-14 N
[DTS-E] step 7000  E bend=5.029e-17 area=1.098e-23 vol=8.176e-27 tot=5.029e-17 J   A=15.1872/15.1871  V=5.5632/5.5632 um  |F|max=1.52e-12 N
[DTS-ARP] step 7000  maxConc=1.0000  meanConc=0.0806  spread=1489/2562 verts >1%
[DTS-FORMIN] step 7000  mothers nucleated=36  pool remaining=0.0 over 0 hot verts
[MCA] step 7000 linked=2562/2562  gap=0.100  bilayerMaxR=1.203 cortexMaxR=1.103
[FLIP] step 7000 membrane#0 flips=0/7680 verify=true
[FLIP] step 7000 membrane#1 flips=0/7680 verify=true
[DTS-BRANCH] step 7000  fils=37 nearCortex=37 rejBorn=0  totalBranches=2
[BRANCH-DENSITY] step 7000  filLen=1.461 um  branches=2  um/branch=0.730
[GATHER] call=15000 totalDirty=0 maxThread=0 cumAvg=2773.8 cumMaxPerThread=893
[DTS-E] step 7500  E bend=2.514e-18 area=9.586e-27 vol=1.800e-25 tot=2.514e-18 J   A=18.0739/18.0739  V=7.2226/7.2226 um  |F|max=7.36e-14 N
[DTS-E] step 7500  E bend=5.029e-17 area=1.464e-24 vol=2.252e-25 tot=5.029e-17 J   A=15.1871/15.1871  V=5.5632/5.5632 um  |F|max=1.57e-12 N
[DTS-ARP] step 7500  maxConc=1.0000  meanConc=0.0806  spread=1489/2562 verts >1%
[DTS-FORMIN] step 7500  mothers nucleated=36  pool remaining=0.0 over 0 hot verts
[MCA] step 7500 linked=2562/2562  gap=0.100  bilayerMaxR=1.203 cortexMaxR=1.103
[FLIP] step 7500 membrane#0 flips=0/7680 verify=true
[FLIP] step 7500 membrane#1 flips=0/7680 verify=true
[GATHER] call=16000 totalDirty=0 maxThread=0 cumAvg=2774.8 cumMaxPerThread=899
Sim. time=00.08....~32.86 minutes computation to simulate 1 sec, run finished in ~00.50 hours
[DTS-E] step 8000  E bend=2.514e-18 area=4.672e-26 vol=3.381e-25 tot=2.514e-18 J   A=18.0739/18.0739  V=7.2226/7.2226 um  |F|max=9.76e-14 N
[DTS-E] step 8000  E bend=5.029e-17 area=7.352e-25 vol=4.826e-25 tot=5.029e-17 J   A=15.1871/15.1871  V=5.5632/5.5632 um  |F|max=1.88e-12 N
[DTS-ARP] step 8000  maxConc=1.0000  meanConc=0.0806  spread=1489/2562 verts >1%
[DTS-FORMIN] step 8000  mothers nucleated=36  pool remaining=0.0 over 0 hot verts
[MCA] step 8000 linked=2562/2562  gap=0.100  bilayerMaxR=1.203 cortexMaxR=1.104
[FLIP] step 8000 membrane#0 flips=0/7680 verify=true
[FLIP] step 8000 membrane#1 flips=0/7680 verify=true
[DTS-BRANCH] step 8000  fils=37 nearCortex=37 rejBorn=0  totalBranches=2
[BRANCH-DENSITY] step 8000  filLen=1.525 um  branches=2  um/branch=0.763
[DTS-ACTIN] step 8000  filaments contacting membrane = 3 / 37
[GATHER] call=17000 totalDirty=0 maxThread=0 cumAvg=2775.9 cumMaxPerThread=901
[DTS-E] step 8500  E bend=2.515e-18 area=9.565e-28 vol=5.197e-25 tot=2.515e-18 J   A=18.0739/18.0739  V=7.2226/7.2226 um  |F|max=1.31e-13 N
[DTS-E] step 8500  E bend=5.029e-17 area=3.650e-24 vol=6.503e-25 tot=5.029e-17 J   A=15.1871/15.1871  V=5.5632/5.5632 um  |F|max=2.28e-12 N
[DTS-ARP] step 8500  maxConc=1.0000  meanConc=0.0806  spread=1489/2562 verts >1%
[DTS-FORMIN] step 8500  mothers nucleated=36  pool remaining=0.0 over 0 hot verts
[MCA] step 8500 linked=2562/2562  gap=0.100  bilayerMaxR=1.204 cortexMaxR=1.104
[FLIP] step 8500 membrane#0 flips=0/7680 verify=true
[FLIP] step 8500 membrane#1 flips=0/7680 verify=true
[DTS-ACTIN] step 8500  filaments contacting membrane = 1 / 37
[GATHER] call=18000 totalDirty=0 maxThread=0 cumAvg=2776.9 cumMaxPerThread=903
[DTS-E] step 9000  E bend=2.515e-18 area=6.032e-27 vol=6.782e-25 tot=2.515e-18 J   A=18.0740/18.0739  V=7.2226/7.2226 um  |F|max=1.23e-13 N
[DTS-E] step 9000  E bend=5.029e-17 area=3.475e-24 vol=1.112e-24 tot=5.029e-17 J   A=15.1871/15.1871  V=5.5632/5.5632 um  |F|max=3.00e-12 N
[DTS-ARP] step 9000  maxConc=1.0000  meanConc=0.0806  spread=1489/2562 verts >1%
[DTS-FORMIN] step 9000  mothers nucleated=36  pool remaining=0.0 over 0 hot verts
[MCA] step 9000 linked=2562/2562  gap=0.100  bilayerMaxR=1.204 cortexMaxR=1.105
[FLIP] step 9000 membrane#0 flips=0/7680 verify=true
[FLIP] step 9000 membrane#1 flips=0/7680 verify=true
[DTS-BRANCH] step 9000  fils=38 nearCortex=38 rejBorn=0  totalBranches=3
[BRANCH-DENSITY] step 9000  filLen=1.604 um  branches=3  um/branch=0.535
[DTS-ACTIN] step 9000  filaments contacting membrane = 4 / 38
[RATCHET] poly vs gap g to membrane (delta=monomer, f=1.50e-12 N). meanFactor=closure output; relRate=realized:
  g<0 (overlap)  samples=686       events=47       meanFactor=0.374  relRate=0.345
  0.0-0.2d       samples=12        events=1        meanFactor=0.414  relRate=0.420
  0.2-0.4d       samples=25        events=2        meanFactor=0.500  relRate=0.403
  0.4-0.6d       samples=5         events=0        meanFactor=0.627  relRate=0.000
  0.6-0.8d       samples=24        events=2        meanFactor=0.756  relRate=0.420
  0.8-1.0d       samples=22        events=4        meanFactor=0.931  relRate=0.916
  1-2d           samples=100       events=19       meanFactor=1.000  relRate=0.957
  g>=2d (free)   samples=665       events=132      meanFactor=1.000  relRate=1.000
  TOTAL eligible tip-fires=1539  poly events=207  (boundary g<delta share=50.3%)
[GATHER] call=19000 totalDirty=0 maxThread=0 cumAvg=2777.9 cumMaxPerThread=907
[DTS-E] step 9500  E bend=2.515e-18 area=3.533e-25 vol=1.354e-24 tot=2.515e-18 J   A=18.0739/18.0739  V=7.2226/7.2226 um  |F|max=1.09e-13 N
[DTS-E] step 9500  E bend=5.029e-17 area=1.200e-23 vol=1.401e-24 tot=5.029e-17 J   A=15.1872/15.1871  V=5.5632/5.5632 um  |F|max=1.30e-11 N
[DTS-ARP] step 9500  maxConc=1.0000  meanConc=0.0806  spread=1489/2562 verts >1%
[DTS-FORMIN] step 9500  mothers nucleated=36  pool remaining=0.0 over 0 hot verts
[MCA] step 9500 linked=2562/2562  gap=0.100  bilayerMaxR=1.204 cortexMaxR=1.106
[FLIP] step 9500 membrane#0 flips=0/7680 verify=true
[FLIP] step 9500 membrane#1 flips=0/7680 verify=true
[DTS-ACTIN] step 9500  filaments contacting membrane = 3 / 38
[GATHER] call=20000 totalDirty=0 maxThread=0 cumAvg=2779.0 cumMaxPerThread=907
Sim. time=00.10....~31.67 minutes computation to simulate 1 sec, run finished in ~00.48 hours
[DTS-E] step 10000  E bend=2.515e-18 area=4.426e-25 vol=1.839e-24 tot=2.515e-18 J   A=18.0739/18.0739  V=7.2225/7.2226 um  |F|max=1.16e-13 N
[DTS-E] step 10000  E bend=5.030e-17 area=1.528e-23 vol=1.969e-24 tot=5.030e-17 J   A=15.1872/15.1871  V=5.5632/5.5632 um  |F|max=1.52e-11 N
[DTS-ARP] step 10000  maxConc=1.0000  meanConc=0.0806  spread=1489/2562 verts >1%
[DTS-FORMIN] step 10000  mothers nucleated=36  pool remaining=0.0 over 0 hot verts
[MCA] step 10000 linked=2562/2562  gap=0.100  bilayerMaxR=1.205 cortexMaxR=1.106
[FLIP] step 10000 membrane#0 flips=0/7680 verify=true
[FLIP] step 10000 membrane#1 flips=0/7680 verify=true
[DTS-BRANCH] step 10000  fils=38 nearCortex=38 rejBorn=0  totalBranches=3
[BRANCH-DENSITY] step 10000  filLen=1.652 um  branches=3  um/branch=0.551
[DTS-ACTIN] step 10000  filaments contacting membrane = 2 / 38
[GATHER] call=21000 totalDirty=0 maxThread=0 cumAvg=2779.9 cumMaxPerThread=908
[DTS-E] step 10500  E bend=2.515e-18 area=4.257e-25 vol=2.470e-24 tot=2.515e-18 J   A=18.0739/18.0739  V=7.2225/7.2226 um  |F|max=1.27e-13 N
[DTS-E] step 10500  E bend=5.030e-17 area=3.901e-23 vol=2.350e-24 tot=5.030e-17 J   A=15.1872/15.1871  V=5.5632/5.5632 um  |F|max=3.83e-11 N
[DTS-ARP] step 10500  maxConc=1.0000  meanConc=0.0806  spread=1489/2562 verts >1%
[DTS-FORMIN] step 10500  mothers nucleated=36  pool remaining=0.0 over 0 hot verts
[MCA] step 10500 linked=2562/2562  gap=0.100  bilayerMaxR=1.205 cortexMaxR=1.107
[FLIP] step 10500 membrane#0 flips=0/7680 verify=true
[FLIP] step 10500 membrane#1 flips=0/7680 verify=true
[DTS-ACTIN] step 10500  filaments contacting membrane = 2 / 38
[GATHER] call=22000 totalDirty=0 maxThread=0 cumAvg=2780.8 cumMaxPerThread=909
[DTS-E] step 11000  E bend=2.515e-18 area=5.394e-25 vol=3.368e-24 tot=2.515e-18 J   A=18.0739/18.0739  V=7.2225/7.2226 um  |F|max=1.55e-13 N
[DTS-E] step 11000  E bend=5.030e-17 area=6.007e-24 vol=4.732e-24 tot=5.030e-17 J   A=15.1871/15.1871  V=5.5632/5.5632 um  |F|max=1.22e-11 N
[DTS-ARP] step 11000  maxConc=1.0000  meanConc=0.0806  spread=1489/2562 verts >1%
[DTS-FORMIN] step 11000  mothers nucleated=36  pool remaining=0.0 over 0 hot verts
[MCA] step 11000 linked=2562/2562  gap=0.100  bilayerMaxR=1.205 cortexMaxR=1.107
[FLIP] step 11000 membrane#0 flips=0/7680 verify=true
[FLIP] step 11000 membrane#1 flips=0/7680 verify=true
[DTS-BRANCH] step 11000  fils=38 nearCortex=38 rejBorn=0  totalBranches=3
[BRANCH-DENSITY] step 11000  filLen=1.701 um  branches=3  um/branch=0.567
[DTS-ACTIN] step 11000  filaments contacting membrane = 2 / 38
[GATHER] call=23000 totalDirty=0 maxThread=0 cumAvg=2781.6 cumMaxPerThread=909
[DTS-E] step 11500  E bend=2.515e-18 area=6.063e-25 vol=4.335e-24 tot=2.515e-18 J   A=18.0739/18.0739  V=7.2225/7.2226 um  |F|max=1.81e-13 N
[DTS-E] step 11500  E bend=5.030e-17 area=1.772e-23 vol=5.477e-24 tot=5.030e-17 J   A=15.1872/15.1871  V=5.5632/5.5632 um  |F|max=1.14e-11 N
[DTS-ARP] step 11500  maxConc=1.0000  meanConc=0.0806  spread=1489/2562 verts >1%
[DTS-FORMIN] step 11500  mothers nucleated=36  pool remaining=0.0 over 0 hot verts
[MCA] step 11500 linked=2562/2562  gap=0.100  bilayerMaxR=1.206 cortexMaxR=1.107
[FLIP] step 11500 membrane#0 flips=0/7680 verify=true
[FLIP] step 11500 membrane#1 flips=0/7680 verify=true
[DTS-ACTIN] step 11500  filaments contacting membrane = 2 / 39
[GATHER] call=24000 totalDirty=0 maxThread=0 cumAvg=2782.4 cumMaxPerThread=910
Sim. time=00.12....~31.08 minutes computation to simulate 1 sec, run finished in ~00.46 hours
[DTS-E] step 12000  E bend=2.515e-18 area=4.882e-25 vol=5.416e-24 tot=2.515e-18 J   A=18.0739/18.0739  V=7.2225/7.2226 um  |F|max=2.12e-13 N
[DTS-E] step 12000  E bend=5.030e-17 area=1.464e-23 vol=7.362e-24 tot=5.030e-17 J   A=15.1872/15.1871  V=5.5632/5.5632 um  |F|max=1.04e-11 N
[DTS-ARP] step 12000  maxConc=1.0000  meanConc=0.0806  spread=1489/2562 verts >1%
[DTS-FORMIN] step 12000  mothers nucleated=36  pool remaining=0.0 over 0 hot verts
[MCA] step 12000 linked=2562/2562  gap=0.100  bilayerMaxR=1.206 cortexMaxR=1.108
[FLIP] step 12000 membrane#0 flips=0/7680 verify=true
[FLIP] step 12000 membrane#1 flips=0/7680 verify=true
[DTS-BRANCH] step 12000  fils=39 nearCortex=39 rejBorn=0  totalBranches=4
[BRANCH-DENSITY] step 12000  filLen=1.758 um  branches=4  um/branch=0.439
[DTS-ACTIN] step 12000  filaments contacting membrane = 3 / 39
[RATCHET] poly vs gap g to membrane (delta=monomer, f=1.50e-12 N). meanFactor=closure output; relRate=realized:
  g<0 (overlap)  samples=819       events=55       meanFactor=0.374  relRate=0.346
  0.0-0.2d       samples=15        events=1        meanFactor=0.418  relRate=0.343
  0.2-0.4d       samples=28        events=2        meanFactor=0.500  relRate=0.368
  0.4-0.6d       samples=12        events=1        meanFactor=0.632  relRate=0.429
  0.6-0.8d       samples=47        events=7        meanFactor=0.739  relRate=0.767
  0.8-1.0d       samples=28        events=6        meanFactor=0.920  relRate=1.104
  1-2d           samples=121       events=25       meanFactor=1.000  relRate=1.064
  g>=2d (free)   samples=752       events=146      meanFactor=1.000  relRate=1.000
  TOTAL eligible tip-fires=1822  poly events=243  (boundary g<delta share=52.1%)
[GATHER] call=25000 totalDirty=0 maxThread=0 cumAvg=2783.1 cumMaxPerThread=910
[DTS-E] step 12500  E bend=2.515e-18 area=6.574e-25 vol=6.737e-24 tot=2.515e-18 J   A=18.0739/18.0739  V=7.2225/7.2226 um  |F|max=2.41e-13 N
[DTS-E] step 12500  E bend=5.030e-17 area=1.846e-23 vol=9.009e-24 tot=5.030e-17 J   A=15.1872/15.1871  V=5.5632/5.5632 um  |F|max=1.19e-11 N
[DTS-ARP] step 12500  maxConc=1.0000  meanConc=0.0806  spread=1489/2562 verts >1%
[DTS-FORMIN] step 12500  mothers nucleated=36  pool remaining=0.0 over 0 hot verts
[MCA] step 12500 linked=2562/2562  gap=0.100  bilayerMaxR=1.206 cortexMaxR=1.108
[FLIP] step 12500 membrane#0 flips=0/7680 verify=true
[FLIP] step 12500 membrane#1 flips=0/7680 verify=true
[DTS-ACTIN] step 12500  filaments contacting membrane = 1 / 40
[GATHER] call=26000 totalDirty=0 maxThread=0 cumAvg=2783.7 cumMaxPerThread=911
[DTS-E] step 13000  E bend=2.515e-18 area=2.232e-25 vol=7.542e-24 tot=2.515e-18 J   A=18.0739/18.0739  V=7.2225/7.2226 um  |F|max=1.89e-13 N
[DTS-E] step 13000  E bend=5.031e-17 area=4.146e-23 vol=9.953e-24 tot=5.031e-17 J   A=15.1872/15.1871  V=5.5632/5.5632 um  |F|max=2.49e-11 N
[DTS-ARP] step 13000  maxConc=1.0000  meanConc=0.0806  spread=1489/2562 verts >1%
[DTS-FORMIN] step 13000  mothers nucleated=36  pool remaining=0.0 over 0 hot verts
[MCA] step 13000 linked=2562/2562  gap=0.100  bilayerMaxR=1.207 cortexMaxR=1.108
[FLIP] step 13000 membrane#0 flips=0/7680 verify=true
[FLIP] step 13000 membrane#1 flips=0/7680 verify=true
[DTS-BRANCH] step 13000  fils=40 nearCortex=40 rejBorn=0  totalBranches=5
[BRANCH-DENSITY] step 13000  filLen=1.820 um  branches=5  um/branch=0.364
[DTS-ACTIN] step 13000  filaments contacting membrane = 4 / 40
[GATHER] call=27000 totalDirty=0 maxThread=0 cumAvg=2784.4 cumMaxPerThread=912
[DTS-E] step 13500  E bend=2.515e-18 area=7.452e-25 vol=9.157e-24 tot=2.515e-18 J   A=18.0739/18.0739  V=7.2225/7.2226 um  |F|max=2.18e-13 N
[DTS-E] step 13500  E bend=5.031e-17 area=3.351e-23 vol=1.243e-23 tot=5.031e-17 J   A=15.1872/15.1871  V=5.5631/5.5632 um  |F|max=1.84e-11 N
[DTS-ARP] step 13500  maxConc=1.0000  meanConc=0.0806  spread=1489/2562 verts >1%
[DTS-FORMIN] step 13500  mothers nucleated=36  pool remaining=0.0 over 0 hot verts
[MCA] step 13500 linked=2562/2562  gap=0.100  bilayerMaxR=1.207 cortexMaxR=1.108
[FLIP] step 13500 membrane#0 flips=0/7680 verify=true
[FLIP] step 13500 membrane#1 flips=0/7680 verify=true
[DTS-ACTIN] step 13500  filaments contacting membrane = 3 / 40
[GATHER] call=28000 totalDirty=0 maxThread=0 cumAvg=2785.0 cumMaxPerThread=913
Sim. time=00.14....~31.23 minutes computation to simulate 1 sec, run finished in ~00.45 hours
[DTS-E] step 14000  E bend=2.515e-18 area=7.693e-25 vol=1.087e-23 tot=2.515e-18 J   A=18.0739/18.0739  V=7.2225/7.2226 um  |F|max=2.35e-13 N
[DTS-E] step 14000  E bend=5.031e-17 area=8.489e-23 vol=1.287e-23 tot=5.031e-17 J   A=15.1872/15.1871  V=5.5631/5.5632 um  |F|max=2.61e-11 N
[DTS-ARP] step 14000  maxConc=1.0000  meanConc=0.0806  spread=1489/2562 verts >1%
[DTS-FORMIN] step 14000  mothers nucleated=36  pool remaining=0.0 over 0 hot verts
[MCA] step 14000 linked=2562/2562  gap=0.100  bilayerMaxR=1.207 cortexMaxR=1.108
[FLIP] step 14000 membrane#0 flips=0/7680 verify=true
[FLIP] step 14000 membrane#1 flips=0/7680 verify=true
[DTS-BRANCH] step 14000  fils=40 nearCortex=40 rejBorn=0  totalBranches=5
[BRANCH-DENSITY] step 14000  filLen=1.858 um  branches=5  um/branch=0.372
[DTS-ACTIN] step 14000  filaments contacting membrane = 2 / 40
[GATHER] call=29000 totalDirty=0 maxThread=0 cumAvg=2785.5 cumMaxPerThread=913
[DTS-E] step 14500  E bend=2.515e-18 area=4.677e-25 vol=1.254e-23 tot=2.515e-18 J   A=18.0739/18.0739  V=7.2225/7.2226 um  |F|max=2.47e-13 N
[DTS-E] step 14500  E bend=5.031e-17 area=7.088e-23 vol=1.610e-23 tot=5.031e-17 J   A=15.1872/15.1871  V=5.5631/5.5632 um  |F|max=1.94e-11 N
[DTS-ARP] step 14500  maxConc=1.0000  meanConc=0.0806  spread=1489/2562 verts >1%
[DTS-FORMIN] step 14500  mothers nucleated=36  pool remaining=0.0 over 0 hot verts
[MCA] step 14500 linked=2562/2562  gap=0.100  bilayerMaxR=1.207 cortexMaxR=1.109
[FLIP] step 14500 membrane#0 flips=0/7680 verify=true
[FLIP] step 14500 membrane#1 flips=0/7680 verify=true
[DTS-ACTIN] step 14500  filaments contacting membrane = 5 / 40
[GATHER] call=30000 totalDirty=0 maxThread=0 cumAvg=2786.1 cumMaxPerThread=914
[DTS-E] step 15000  E bend=2.516e-18 area=2.045e-25 vol=1.294e-23 tot=2.516e-18 J   A=18.0740/18.0739  V=7.2225/7.2226 um  |F|max=2.56e-13 N
[DTS-E] step 15000  E bend=5.032e-17 area=7.568e-23 vol=1.947e-23 tot=5.032e-17 J   A=15.1872/15.1871  V=5.5631/5.5632 um  |F|max=2.90e-11 N
[DTS-ARP] step 15000  maxConc=1.0000  meanConc=0.0806  spread=1489/2562 verts >1%
[DTS-FORMIN] step 15000  mothers nucleated=36  pool remaining=0.0 over 0 hot verts
[MCA] step 15000 linked=2562/2562  gap=0.100  bilayerMaxR=1.207 cortexMaxR=1.109
[FLIP] step 15000 membrane#0 flips=0/7680 verify=true
[FLIP] step 15000 membrane#1 flips=0/7680 verify=true
[DTS-BRANCH] step 15000  fils=40 nearCortex=40 rejBorn=0  totalBranches=5
[BRANCH-DENSITY] step 15000  filLen=1.885 um  branches=5  um/branch=0.377
[DTS-ACTIN] step 15000  filaments contacting membrane = 5 / 40
[RATCHET] poly vs gap g to membrane (delta=monomer, f=1.50e-12 N). meanFactor=closure output; relRate=realized:
  g<0 (overlap)  samples=874       events=61       meanFactor=0.374  relRate=0.366
  0.0-0.2d       samples=15        events=1        meanFactor=0.418  relRate=0.349
  0.2-0.4d       samples=28        events=2        meanFactor=0.500  relRate=0.374
  0.4-0.6d       samples=12        events=1        meanFactor=0.632  relRate=0.437
  0.6-0.8d       samples=47        events=7        meanFactor=0.739  relRate=0.781
  0.8-1.0d       samples=28        events=6        meanFactor=0.920  relRate=1.123
  1-2d           samples=142       events=27       meanFactor=1.000  relRate=0.996
  g>=2d (free)   samples=828       events=158      meanFactor=1.000  relRate=1.000
  TOTAL eligible tip-fires=1974  poly events=263  (boundary g<delta share=50.9%)
[GATHER] call=31000 totalDirty=0 maxThread=0 cumAvg=2786.6 cumMaxPerThread=914
[DTS-E] step 15500  E bend=2.516e-18 area=2.232e-25 vol=2.176e-23 tot=2.516e-18 J   A=18.0740/18.0739  V=7.2224/7.2226 um  |F|max=3.78e-13 N
[DTS-E] step 15500  E bend=5.033e-17 area=5.282e-23 vol=2.979e-23 tot=5.033e-17 J   A=15.1872/15.1871  V=5.5631/5.5632 um  |F|max=4.13e-11 N
[DTS-ARP] step 15500  maxConc=1.0000  meanConc=0.0806  spread=1489/2562 verts >1%
[DTS-FORMIN] step 15500  mothers nucleated=36  pool remaining=0.0 over 0 hot verts
[MCA] step 15500 linked=2562/2562  gap=0.100  bilayerMaxR=1.210 cortexMaxR=1.109
[FLIP] step 15500 membrane#0 flips=0/7680 verify=true
[FLIP] step 15500 membrane#1 flips=0/7680 verify=true
[DTS-ACTIN] step 15500  filaments contacting membrane = 6 / 40
[GATHER] call=32000 totalDirty=0 maxThread=0 cumAvg=2787.0 cumMaxPerThread=916
Sim. time=00.16....~30.69 minutes computation to simulate 1 sec, run finished in ~00.43 hours
[DTS-E] step 16000  E bend=2.517e-18 area=4.344e-25 vol=2.916e-23 tot=2.517e-18 J   A=18.0740/18.0739  V=7.2224/7.2226 um  |F|max=3.58e-13 N
[DTS-E] step 16000  E bend=5.032e-17 area=4.297e-23 vol=4.097e-23 tot=5.032e-17 J   A=15.1872/15.1871  V=5.5631/5.5632 um  |F|max=2.45e-11 N
[DTS-ARP] step 16000  maxConc=1.0000  meanConc=0.0806  spread=1489/2562 verts >1%
[DTS-FORMIN] step 16000  mothers nucleated=36  pool remaining=0.0 over 0 hot verts
[MCA] step 16000 linked=2562/2562  gap=0.100  bilayerMaxR=1.211 cortexMaxR=1.109
[FLIP] step 16000 membrane#0 flips=0/7680 verify=true
[FLIP] step 16000 membrane#1 flips=0/7680 verify=true
[DTS-BRANCH] step 16000  fils=40 nearCortex=40 rejBorn=0  totalBranches=5
[BRANCH-DENSITY] step 16000  filLen=1.912 um  branches=5  um/branch=0.382
[DTS-ACTIN] step 16000  filaments contacting membrane = 6 / 40
[GATHER] call=33000 totalDirty=0 maxThread=0 cumAvg=2787.5 cumMaxPerThread=917
[DTS-E] step 16500  E bend=2.517e-18 area=3.723e-25 vol=3.622e-23 tot=2.517e-18 J   A=18.0740/18.0739  V=7.2224/7.2226 um  |F|max=3.35e-13 N
[DTS-E] step 16500  E bend=5.033e-17 area=4.154e-23 vol=5.281e-23 tot=5.033e-17 J   A=15.1872/15.1871  V=5.5631/5.5632 um  |F|max=2.88e-11 N
[DTS-ARP] step 16500  maxConc=1.0000  meanConc=0.0806  spread=1489/2562 verts >1%
[DTS-FORMIN] step 16500  mothers nucleated=36  pool remaining=0.0 over 0 hot verts
[MCA] step 16500 linked=2562/2562  gap=0.100  bilayerMaxR=1.212 cortexMaxR=1.110
[FLIP] step 16500 membrane#0 flips=0/7680 verify=true
[FLIP] step 16500 membrane#1 flips=0/7680 verify=true
[DTS-ACTIN] step 16500  filaments contacting membrane = 7 / 40
[GATHER] call=34000 totalDirty=0 maxThread=0 cumAvg=2788.0 cumMaxPerThread=919
[DTS-E] step 17000  E bend=2.517e-18 area=1.150e-24 vol=4.805e-23 tot=2.517e-18 J   A=18.0740/18.0739  V=7.2224/7.2226 um  |F|max=7.53e-13 N
[DTS-E] step 17000  E bend=5.033e-17 area=4.036e-23 vol=6.727e-23 tot=5.033e-17 J   A=15.1872/15.1871  V=5.5630/5.5632 um  |F|max=2.05e-11 N
[DTS-ARP] step 17000  maxConc=1.0000  meanConc=0.0806  spread=1489/2562 verts >1%
[DTS-FORMIN] step 17000  mothers nucleated=36  pool remaining=0.0 over 0 hot verts
[MCA] step 17000 linked=2562/2562  gap=0.100  bilayerMaxR=1.214 cortexMaxR=1.111
[FLIP] step 17000 membrane#0 flips=0/7680 verify=true
[FLIP] step 17000 membrane#1 flips=0/7680 verify=true
[DTS-BRANCH] step 17000  fils=40 nearCortex=40 rejBorn=0  totalBranches=5
[BRANCH-DENSITY] step 17000  filLen=1.936 um  branches=5  um/branch=0.387
[DTS-ACTIN] step 17000  filaments contacting membrane = 7 / 40
[GATHER] call=35000 totalDirty=0 maxThread=0 cumAvg=2788.6 cumMaxPerThread=923
[DTS-E] step 17500  E bend=2.517e-18 area=1.345e-24 vol=5.852e-23 tot=2.517e-18 J   A=18.0740/18.0739  V=7.2223/7.2226 um  |F|max=8.65e-13 N
[DTS-E] step 17500  E bend=5.033e-17 area=5.289e-23 vol=8.059e-23 tot=5.033e-17 J   A=15.1872/15.1871  V=5.5630/5.5632 um  |F|max=2.12e-11 N
[DTS-ARP] step 17500  maxConc=1.0000  meanConc=0.0806  spread=1489/2562 verts >1%
[DTS-FORMIN] step 17500  mothers nucleated=36  pool remaining=0.0 over 0 hot verts
[MCA] step 17500 linked=2562/2562  gap=0.100  bilayerMaxR=1.215 cortexMaxR=1.112
[FLIP] step 17500 membrane#0 flips=0/7680 verify=true
[FLIP] step 17500 membrane#1 flips=0/7680 verify=true
[DTS-ACTIN] step 17500  filaments contacting membrane = 8 / 40
[GATHER] call=36000 totalDirty=0 maxThread=0 cumAvg=2789.2 cumMaxPerThread=923
Sim. time=00.18....~30.51 minutes computation to simulate 1 sec, run finished in ~00.42 hours
[DTS-E] step 18000  E bend=2.518e-18 area=2.944e-24 vol=7.480e-23 tot=2.519e-18 J   A=18.0740/18.0739  V=7.2223/7.2226 um  |F|max=8.02e-13 N
[DTS-E] step 18000  E bend=5.033e-17 area=5.305e-23 vol=9.749e-23 tot=5.033e-17 J   A=15.1872/15.1871  V=5.5630/5.5632 um  |F|max=2.01e-11 N
[DTS-ARP] step 18000  maxConc=1.0000  meanConc=0.0806  spread=1489/2562 verts >1%
[DTS-FORMIN] step 18000  mothers nucleated=36  pool remaining=0.0 over 0 hot verts
[MCA] step 18000 linked=2562/2562  gap=0.100  bilayerMaxR=1.217 cortexMaxR=1.112
[FLIP] step 18000 membrane#0 flips=0/7680 verify=true
[FLIP] step 18000 membrane#1 flips=0/7680 verify=true
[DTS-BRANCH] step 18000  fils=40 nearCortex=40 rejBorn=0  totalBranches=5
[BRANCH-DENSITY] step 18000  filLen=1.960 um  branches=5  um/branch=0.392
[DTS-ACTIN] step 18000  filaments contacting membrane = 7 / 40
[RATCHET] poly vs gap g to membrane (delta=monomer, f=1.50e-12 N). meanFactor=closure output; relRate=realized:
  g<0 (overlap)  samples=921       events=65       meanFactor=0.374  relRate=0.374
  0.0-0.2d       samples=17        events=1        meanFactor=0.416  relRate=0.312
  0.2-0.4d       samples=28        events=2        meanFactor=0.500  relRate=0.379
  0.4-0.6d       samples=12        events=1        meanFactor=0.632  relRate=0.442
  0.6-0.8d       samples=48        events=8        meanFactor=0.739  relRate=0.884
  0.8-1.0d       samples=28        events=6        meanFactor=0.920  relRate=1.136
  1-2d           samples=142       events=27       meanFactor=1.000  relRate=1.008
  g>=2d (free)   samples=843       events=159      meanFactor=1.000  relRate=1.000
  TOTAL eligible tip-fires=2039  poly events=269  (boundary g<delta share=51.7%)
[GATHER] call=37000 totalDirty=0 maxThread=0 cumAvg=2789.7 cumMaxPerThread=923
[DTS-E] step 18500  E bend=2.520e-18 area=7.200e-24 vol=9.058e-23 tot=2.520e-18 J   A=18.0740/18.0739  V=7.2223/7.2226 um  |F|max=1.03e-12 N
[DTS-E] step 18500  E bend=5.033e-17 area=5.691e-23 vol=1.120e-22 tot=5.033e-17 J   A=15.1872/15.1871  V=5.5630/5.5632 um  |F|max=1.96e-11 N
[DTS-ARP] step 18500  maxConc=1.0000  meanConc=0.0806  spread=1489/2562 verts >1%
[DTS-FORMIN] step 18500  mothers nucleated=36  pool remaining=0.0 over 0 hot verts
[MCA] step 18500 linked=2562/2562  gap=0.100  bilayerMaxR=1.219 cortexMaxR=1.113
[FLIP] step 18500 membrane#0 flips=0/7680 verify=true
[FLIP] step 18500 membrane#1 flips=0/7680 verify=true
[DTS-ACTIN] step 18500  filaments contacting membrane = 8 / 41
[GATHER] call=38000 totalDirty=0 maxThread=0 cumAvg=2790.2 cumMaxPerThread=926
[DTS-E] step 19000  E bend=2.520e-18 area=1.437e-23 vol=1.185e-22 tot=2.521e-18 J   A=18.0740/18.0739  V=7.2222/7.2226 um  |F|max=1.38e-12 N
[DTS-E] step 19000  E bend=5.034e-17 area=8.149e-23 vol=1.357e-22 tot=5.034e-17 J   A=15.1872/15.1871  V=5.5629/5.5632 um  |F|max=2.10e-11 N
[DTS-ARP] step 19000  maxConc=1.0000  meanConc=0.0806  spread=1489/2562 verts >1%
[DTS-FORMIN] step 19000  mothers nucleated=36  pool remaining=0.0 over 0 hot verts
[MCA] step 19000 linked=2562/2562  gap=0.100  bilayerMaxR=1.221 cortexMaxR=1.114
[FLIP] step 19000 membrane#0 flips=0/7680 verify=true
[FLIP] step 19000 membrane#1 flips=0/7680 verify=true
[DTS-BRANCH] step 19000  fils=41 nearCortex=41 rejBorn=0  totalBranches=6
[BRANCH-DENSITY] step 19000  filLen=2.014 um  branches=6  um/branch=0.336
[DTS-ACTIN] step 19000  filaments contacting membrane = 7 / 41
[GATHER] call=39000 totalDirty=0 maxThread=0 cumAvg=2790.8 cumMaxPerThread=931
[DTS-E] step 19500  E bend=2.522e-18 area=2.202e-23 vol=1.657e-22 tot=2.523e-18 J   A=18.0740/18.0739  V=7.2222/7.2226 um  |F|max=1.53e-12 N
[DTS-E] step 19500  E bend=5.034e-17 area=3.351e-23 vol=1.786e-22 tot=5.034e-17 J   A=15.1872/15.1871  V=5.5629/5.5632 um  |F|max=2.05e-11 N
[DTS-ARP] step 19500  maxConc=1.0000  meanConc=0.0806  spread=1489/2562 verts >1%
[DTS-FORMIN] step 19500  mothers nucleated=36  pool remaining=0.0 over 0 hot verts
[MCA] step 19500 linked=2562/2562  gap=0.100  bilayerMaxR=1.225 cortexMaxR=1.115
[FLIP] step 19500 membrane#0 flips=0/7680 verify=true
[FLIP] step 19500 membrane#1 flips=0/7680 verify=true
[DTS-ACTIN] step 19500  filaments contacting membrane = 7 / 41
[GATHER] call=40000 totalDirty=0 maxThread=0 cumAvg=2791.4 cumMaxPerThread=931
Sim. time=00.20....~30.66 minutes computation to simulate 1 sec, run finished in ~00.41 hours
[DTS-E] step 20000  E bend=2.525e-18 area=3.377e-23 vol=2.229e-22 tot=2.525e-18 J   A=18.0740/18.0739  V=7.2221/7.2226 um  |F|max=1.46e-12 N
[DTS-E] step 20000  E bend=5.035e-17 area=1.548e-23 vol=2.264e-22 tot=5.035e-17 J   A=15.1872/15.1871  V=5.5629/5.5632 um  |F|max=2.31e-11 N
[DTS-ARP] step 20000  maxConc=1.0000  meanConc=0.0806  spread=1489/2562 verts >1%
[DTS-FORMIN] step 20000  mothers nucleated=36  pool remaining=0.0 over 0 hot verts
[MCA] step 20000 linked=2562/2562  gap=0.100  bilayerMaxR=1.227 cortexMaxR=1.116
[FLIP] step 20000 membrane#0 flips=0/7680 verify=true
[FLIP] step 20000 membrane#1 flips=0/7680 verify=true
[DTS-BRANCH] step 20000  fils=41 nearCortex=41 rejBorn=0  totalBranches=6
[BRANCH-DENSITY] step 20000  filLen=2.047 um  branches=6  um/branch=0.341
[DTS-ACTIN] step 20000  filaments contacting membrane = 7 / 41
[GATHER] call=41000 totalDirty=0 maxThread=0 cumAvg=2792.0 cumMaxPerThread=931
[DTS-E] step 20500  E bend=2.525e-18 area=3.897e-23 vol=2.627e-22 tot=2.525e-18 J   A=18.0740/18.0739  V=7.2221/7.2226 um  |F|max=1.47e-12 N
[DTS-E] step 20500  E bend=5.035e-17 area=1.028e-23 vol=2.729e-22 tot=5.035e-17 J   A=15.1872/15.1871  V=5.5628/5.5632 um  |F|max=2.08e-11 N
[DTS-ARP] step 20500  maxConc=1.0000  meanConc=0.0806  spread=1489/2562 verts >1%
[DTS-FORMIN] step 20500  mothers nucleated=36  pool remaining=0.0 over 0 hot verts
[MCA] step 20500 linked=2562/2562  gap=0.100  bilayerMaxR=1.229 cortexMaxR=1.117
[FLIP] step 20500 membrane#0 flips=0/7680 verify=true
[FLIP] step 20500 membrane#1 flips=0/7680 verify=true
[DTS-ACTIN] step 20500  filaments contacting membrane = 7 / 41
[GATHER] call=42000 totalDirty=0 maxThread=0 cumAvg=2792.5 cumMaxPerThread=931
[DTS-E] step 21000  E bend=2.526e-18 area=4.709e-23 vol=3.054e-22 tot=2.526e-18 J   A=18.0741/18.0739  V=7.2220/7.2226 um  |F|max=1.47e-12 N
[DTS-E] step 21000  E bend=5.037e-17 area=1.783e-23 vol=3.200e-22 tot=5.037e-17 J   A=15.1872/15.1871  V=5.5628/5.5632 um  |F|max=3.03e-11 N
[DTS-ARP] step 21000  maxConc=1.0000  meanConc=0.0806  spread=1489/2562 verts >1%
[DTS-FORMIN] step 21000  mothers nucleated=36  pool remaining=0.0 over 0 hot verts
[MCA] step 21000 linked=2562/2562  gap=0.100  bilayerMaxR=1.230 cortexMaxR=1.118
[FLIP] step 21000 membrane#0 flips=0/7680 verify=true
[FLIP] step 21000 membrane#1 flips=0/7680 verify=true
[DTS-BRANCH] step 21000  fils=41 nearCortex=41 rejBorn=0  totalBranches=6
[BRANCH-DENSITY] step 21000  filLen=2.087 um  branches=6  um/branch=0.348
[DTS-ACTIN] step 21000  filaments contacting membrane = 8 / 41
[RATCHET] poly vs gap g to membrane (delta=monomer, f=1.50e-12 N). meanFactor=closure output; relRate=realized:
  g<0 (overlap)  samples=948       events=67       meanFactor=0.374  relRate=0.368
  0.0-0.2d       samples=17        events=1        meanFactor=0.416  relRate=0.306
  0.2-0.4d       samples=28        events=2        meanFactor=0.500  relRate=0.372
  0.4-0.6d       samples=12        events=1        meanFactor=0.632  relRate=0.434
  0.6-0.8d       samples=48        events=8        meanFactor=0.739  relRate=0.867
  0.8-1.0d       samples=28        events=6        meanFactor=0.920  relRate=1.115
  1-2d           samples=142       events=27       meanFactor=1.000  relRate=0.989
  g>=2d (free)   samples=869       events=167      meanFactor=1.000  relRate=1.000
  TOTAL eligible tip-fires=2092  poly events=279  (boundary g<delta share=51.7%)
[GATHER] call=43000 totalDirty=0 maxThread=0 cumAvg=2793.0 cumMaxPerThread=932
[DTS-E] step 21500  E bend=2.526e-18 area=3.340e-23 vol=3.238e-22 tot=2.527e-18 J   A=18.0740/18.0739  V=7.2220/7.2226 um  |F|max=1.91e-12 N
[DTS-E] step 21500  E bend=5.039e-17 area=4.437e-23 vol=3.778e-22 tot=5.039e-17 J   A=15.1872/15.1871  V=5.5627/5.5632 um  |F|max=3.42e-11 N
[DTS-ARP] step 21500  maxConc=1.0000  meanConc=0.0806  spread=1489/2562 verts >1%
[DTS-FORMIN] step 21500  mothers nucleated=36  pool remaining=0.0 over 0 hot verts
[MCA] step 21500 linked=2563/2563  gap=0.100  bilayerMaxR=1.229 cortexMaxR=1.119
[FLIP] step 21500 membrane#0 flips=0/7683 verify=true
[FLIP] step 21500 membrane#1 flips=0/7680 verify=true
[DTS-ACTIN] step 21500  filaments contacting membrane = 8 / 41
[GATHER] call=44000 totalDirty=0 maxThread=0 cumAvg=2793.5 cumMaxPerThread=933
Sim. time=00.22....~33.55 minutes computation to simulate 1 sec, run finished in ~00.44 hours
[DTS-E] step 22000  E bend=2.528e-18 area=4.577e-23 vol=4.051e-22 tot=2.528e-18 J   A=18.0741/18.0739  V=7.2219/7.2226 um  |F|max=1.88e-12 N
[DTS-E] step 22000  E bend=5.041e-17 area=4.094e-23 vol=4.635e-22 tot=5.041e-17 J   A=15.1872/15.1871  V=5.5627/5.5632 um  |F|max=3.74e-11 N
[DTS-ARP] step 22000  maxConc=1.0000  meanConc=0.0806  spread=1489/2562 verts >1%
[DTS-FORMIN] step 22000  mothers nucleated=36  pool remaining=0.0 over 0 hot verts
[MCA] step 22000 linked=2563/2563  gap=0.100  bilayerMaxR=1.231 cortexMaxR=1.120
[FLIP] step 22000 membrane#0 flips=0/7683 verify=true
[FLIP] step 22000 membrane#1 flips=0/7680 verify=true
[DTS-BRANCH] step 22000  fils=41 nearCortex=41 rejBorn=0  totalBranches=6
[BRANCH-DENSITY] step 22000  filLen=2.101 um  branches=6  um/branch=0.350
[DTS-ACTIN] step 22000  filaments contacting membrane = 8 / 41
[GATHER] call=45000 totalDirty=0 maxThread=0 cumAvg=2794.0 cumMaxPerThread=933
[DTS-E] step 22500  E bend=2.527e-18 area=6.259e-23 vol=4.789e-22 tot=2.528e-18 J   A=18.0741/18.0739  V=7.2219/7.2226 um  |F|max=1.55e-12 N
[DTS-E] step 22500  E bend=5.037e-17 area=2.902e-23 vol=5.367e-22 tot=5.038e-17 J   A=15.1872/15.1871  V=5.5627/5.5632 um  |F|max=2.31e-11 N
[DTS-ARP] step 22500  maxConc=1.0000  meanConc=0.0806  spread=1489/2562 verts >1%
[DTS-FORMIN] step 22500  mothers nucleated=36  pool remaining=0.0 over 0 hot verts
[MCA] step 22500 linked=2562/2562  gap=0.100  bilayerMaxR=1.232 cortexMaxR=1.121
[FLIP] step 22500 membrane#0 flips=0/7680 verify=true
[FLIP] step 22500 membrane#1 flips=0/7680 verify=true
[DTS-ACTIN] step 22500  filaments contacting membrane = 7 / 41
[GATHER] call=46000 totalDirty=0 maxThread=0 cumAvg=2794.5 cumMaxPerThread=933
[DTS-E] step 23000  E bend=2.527e-18 area=6.481e-23 vol=5.459e-22 tot=2.528e-18 J   A=18.0741/18.0739  V=7.2218/7.2226 um  |F|max=1.54e-12 N
[DTS-E] step 23000  E bend=5.038e-17 area=3.351e-23 vol=6.208e-22 tot=5.038e-17 J   A=15.1872/15.1871  V=5.5626/5.5632 um  |F|max=2.68e-11 N
[DTS-ARP] step 23000  maxConc=1.0000  meanConc=0.0806  spread=1489/2562 verts >1%
[DTS-FORMIN] step 23000  mothers nucleated=36  pool remaining=0.0 over 0 hot verts
[MCA] step 23000 linked=2562/2562  gap=0.100  bilayerMaxR=1.233 cortexMaxR=1.122
[FLIP] step 23000 membrane#0 flips=0/7680 verify=true
[FLIP] step 23000 membrane#1 flips=0/7680 verify=true
[DTS-BRANCH] step 23000  fils=42 nearCortex=42 rejBorn=0  totalBranches=7
[BRANCH-DENSITY] step 23000  filLen=2.155 um  branches=7  um/branch=0.308
[DTS-ACTIN] step 23000  filaments contacting membrane = 9 / 42
[GATHER] call=47000 totalDirty=0 maxThread=0 cumAvg=2794.9 cumMaxPerThread=933
[DTS-E] step 23500  E bend=2.527e-18 area=6.514e-23 vol=6.106e-22 tot=2.528e-18 J   A=18.0741/18.0739  V=7.2218/7.2226 um  |F|max=1.50e-12 N
[DTS-E] step 23500  E bend=5.039e-17 area=4.350e-23 vol=7.035e-22 tot=5.039e-17 J   A=15.1872/15.1871  V=5.5626/5.5632 um  |F|max=3.15e-11 N
[DTS-ARP] step 23500  maxConc=1.0000  meanConc=0.0810  spread=1491/2562 verts >1%
[DTS-FORMIN] step 23500  mothers nucleated=36  pool remaining=0.0 over 0 hot verts
[MCA] step 23500 linked=2562/2562  gap=0.100  bilayerMaxR=1.233 cortexMaxR=1.122
[FLIP] step 23500 membrane#0 flips=0/7680 verify=true
[FLIP] step 23500 membrane#1 flips=0/7680 verify=true
[DTS-ACTIN] step 23500  filaments contacting membrane = 9 / 42
Node trans/rot diff =4.368E-14 / 1.310E1
[GATHER] call=48000 totalDirty=0 maxThread=0 cumAvg=2795.4 cumMaxPerThread=936
Sim. time=00.24....~33.94 minutes computation to simulate 1 sec, run finished in ~00.43 hours
[DTS-E] step 24000  E bend=2.527e-18 area=6.783e-23 vol=6.656e-22 tot=2.528e-18 J   A=18.0741/18.0739  V=7.2218/7.2226 um  |F|max=1.45e-12 N
[DTS-E] step 24000  E bend=5.039e-17 area=5.134e-23 vol=7.845e-22 tot=5.039e-17 J   A=15.1872/15.1871  V=5.5625/5.5632 um  |F|max=3.01e-11 N
[DTS-ARP] step 24000  maxConc=1.0000  meanConc=0.0810  spread=1491/2562 verts >1%
[DTS-FORMIN] step 24000  mothers nucleated=36  pool remaining=0.0 over 0 hot verts
[MCA] step 24000 linked=2563/2563  gap=0.100  bilayerMaxR=1.234 cortexMaxR=1.123
[FLIP] step 24000 membrane#0 flips=0/7683 verify=true
[FLIP] step 24000 membrane#1 flips=0/7680 verify=true
[DTS-BRANCH] step 24000  fils=42 nearCortex=42 rejBorn=0  totalBranches=7
[BRANCH-DENSITY] step 24000  filLen=2.165 um  branches=7  um/branch=0.309
[DTS-ACTIN] step 24000  filaments contacting membrane = 10 / 42
[RATCHET] poly vs gap g to membrane (delta=monomer, f=1.50e-12 N). meanFactor=closure output; relRate=realized:
  g<0 (overlap)  samples=948       events=67       meanFactor=0.374  relRate=0.372
  0.0-0.2d       samples=17        events=1        meanFactor=0.416  relRate=0.309
  0.2-0.4d       samples=28        events=2        meanFactor=0.500  relRate=0.376
  0.4-0.6d       samples=12        events=1        meanFactor=0.632  relRate=0.438
  0.6-0.8d       samples=48        events=8        meanFactor=0.739  relRate=0.876
  0.8-1.0d       samples=28        events=6        meanFactor=0.920  relRate=1.127
  1-2d           samples=142       events=27       meanFactor=1.000  relRate=1.000
  g>=2d (free)   samples=899       events=171      meanFactor=1.000  relRate=1.000
  TOTAL eligible tip-fires=2122  poly events=283  (boundary g<delta share=50.9%)
[GATHER] call=49000 totalDirty=0 maxThread=0 cumAvg=2795.9 cumMaxPerThread=937
[DTS-E] step 24500  E bend=2.528e-18 area=8.217e-23 vol=7.638e-22 tot=2.528e-18 J   A=18.0741/18.0739  V=7.2217/7.2226 um  |F|max=1.44e-12 N
[DTS-E] step 24500  E bend=5.039e-17 area=3.817e-23 vol=8.884e-22 tot=5.039e-17 J   A=15.1872/15.1871  V=5.5625/5.5632 um  |F|max=3.24e-11 N
[DTS-ARP] step 24500  maxConc=1.0000  meanConc=0.0813  spread=1491/2562 verts >1%
[DTS-FORMIN] step 24500  mothers nucleated=36  pool remaining=0.0 over 0 hot verts
[MCA] step 24500 linked=2563/2563  gap=0.100  bilayerMaxR=1.235 cortexMaxR=1.123
[FLIP] step 24500 membrane#0 flips=0/7683 verify=true
[FLIP] step 24500 membrane#1 flips=0/7680 verify=true
[DTS-ACTIN] step 24500  filaments contacting membrane = 10 / 42
[GATHER] call=50000 totalDirty=0 maxThread=0 cumAvg=2796.5 cumMaxPerThread=938
[DTS-E] step 25000  E bend=2.528e-18 area=8.491e-23 vol=8.338e-22 tot=2.529e-18 J   A=18.0741/18.0739  V=7.2217/7.2226 um  |F|max=1.50e-12 N
[DTS-E] step 25000  E bend=5.038e-17 area=3.140e-23 vol=9.791e-22 tot=5.038e-17 J   A=15.1872/15.1871  V=5.5625/5.5632 um  |F|max=1.46e-11 N
[DTS-ARP] step 25000  maxConc=1.0000  meanConc=0.0813  spread=1491/2562 verts >1%
[DTS-FORMIN] step 25000  mothers nucleated=36  pool remaining=0.0 over 0 hot verts
[MCA] step 25000 linked=2565/2565  gap=0.100  bilayerMaxR=1.237 cortexMaxR=1.124
[FLIP] step 25000 membrane#0 flips=0/7689 verify=true
[FLIP] step 25000 membrane#1 flips=0/7680 verify=true
[DTS-BRANCH] step 25000  fils=42 nearCortex=42 rejBorn=0  totalBranches=7
[BRANCH-DENSITY] step 25000  filLen=2.198 um  branches=7  um/branch=0.314
[DTS-ACTIN] step 25000  filaments contacting membrane = 6 / 42
[GATHER] call=51000 totalDirty=0 maxThread=0 cumAvg=2797.1 cumMaxPerThread=942
[DTS-E] step 25500  E bend=2.530e-18 area=1.335e-22 vol=1.067e-21 tot=2.531e-18 J   A=18.0741/18.0739  V=7.2215/7.2226 um  |F|max=1.52e-12 N
[DTS-E] step 25500  E bend=5.041e-17 area=7.381e-24 vol=1.231e-21 tot=5.041e-17 J   A=15.1872/15.1871  V=5.5624/5.5632 um  |F|max=2.47e-11 N
[DTS-ARP] step 25500  maxConc=1.0000  meanConc=0.0813  spread=1489/2562 verts >1%
[DTS-FORMIN] step 25500  mothers nucleated=36  pool remaining=0.0 over 0 hot verts
[MCA] step 25500 linked=2565/2565  gap=0.100  bilayerMaxR=1.239 cortexMaxR=1.125
[FLIP] step 25500 membrane#0 flips=0/7689 verify=true
[FLIP] step 25500 membrane#1 flips=0/7680 verify=true
[DTS-ACTIN] step 25500  filaments contacting membrane = 5 / 42
[GATHER] call=52000 totalDirty=0 maxThread=0 cumAvg=2797.7 cumMaxPerThread=945
Sim. time=00.26....~34.09 minutes computation to simulate 1 sec, run finished in ~00.42 hours
[DTS-E] step 26000  E bend=2.533e-18 area=1.161e-22 vol=1.115e-21 tot=2.534e-18 J   A=18.0741/18.0739  V=7.2215/7.2226 um  |F|max=2.14e-12 N
[DTS-E] step 26000  E bend=5.040e-17 area=2.644e-24 vol=1.320e-21 tot=5.040e-17 J   A=15.1871/15.1871  V=5.5623/5.5632 um  |F|max=2.37e-11 N
[DTS-ARP] step 26000  maxConc=1.0000  meanConc=0.0813  spread=1491/2562 verts >1%
[DTS-FORMIN] step 26000  mothers nucleated=36  pool remaining=0.0 over 0 hot verts
[MCA] step 26000 linked=2566/2566  gap=0.100  bilayerMaxR=1.240 cortexMaxR=1.127
[FLIP] step 26000 membrane#0 flips=0/7692 verify=true
[FLIP] step 26000 membrane#1 flips=0/7680 verify=true
[DTS-BRANCH] step 26000  fils=42 nearCortex=42 rejBorn=0  totalBranches=7
[BRANCH-DENSITY] step 26000  filLen=2.219 um  branches=7  um/branch=0.317
[DTS-ACTIN] step 26000  filaments contacting membrane = 10 / 42
[GATHER] call=53000 totalDirty=0 maxThread=0 cumAvg=2798.3 cumMaxPerThread=945
[DTS-E] step 26500  E bend=2.534e-18 area=1.584e-22 vol=1.293e-21 tot=2.535e-18 J   A=18.0741/18.0739  V=7.2214/7.2226 um  |F|max=2.04e-12 N
[DTS-E] step 26500  E bend=5.042e-17 area=5.237e-24 vol=1.486e-21 tot=5.042e-17 J   A=15.1871/15.1871  V=5.5623/5.5632 um  |F|max=2.94e-11 N
[DTS-ARP] step 26500  maxConc=1.0000  meanConc=0.0815  spread=1491/2562 verts >1%
[DTS-FORMIN] step 26500  mothers nucleated=36  pool remaining=0.0 over 0 hot verts
[MCA] step 26500 linked=2566/2566  gap=0.100  bilayerMaxR=1.242 cortexMaxR=1.128
[FLIP] step 26500 membrane#0 flips=0/7692 verify=true
[FLIP] step 26500 membrane#1 flips=0/7680 verify=true
[DTS-ACTIN] step 26500  filaments contacting membrane = 8 / 42
[GATHER] call=54000 totalDirty=0 maxThread=0 cumAvg=2798.9 cumMaxPerThread=945
[DTS-E] step 27000  E bend=2.533e-18 area=1.592e-22 vol=1.425e-21 tot=2.535e-18 J   A=18.0741/18.0739  V=7.2214/7.2226 um  |F|max=1.89e-12 N
[DTS-E] step 27000  E bend=5.041e-17 area=2.721e-24 vol=1.651e-21 tot=5.041e-17 J   A=15.1871/15.1871  V=5.5622/5.5632 um  |F|max=2.54e-11 N
[DTS-ARP] step 27000  maxConc=1.0000  meanConc=0.0815  spread=1492/2562 verts >1%
[DTS-FORMIN] step 27000  mothers nucleated=36  pool remaining=0.0 over 0 hot verts
[MCA] step 27000 linked=2566/2566  gap=0.100  bilayerMaxR=1.243 cortexMaxR=1.128
[FLIP] step 27000 membrane#0 flips=0/7692 verify=true
[FLIP] step 27000 membrane#1 flips=0/7680 verify=true
[DTS-BRANCH] step 27000  fils=42 nearCortex=42 rejBorn=0  totalBranches=7
[BRANCH-DENSITY] step 27000  filLen=2.233 um  branches=7  um/branch=0.319
[DTS-ACTIN] step 27000  filaments contacting membrane = 9 / 42
[RATCHET] poly vs gap g to membrane (delta=monomer, f=1.50e-12 N). meanFactor=closure output; relRate=realized:
  g<0 (overlap)  samples=948       events=67       meanFactor=0.374  relRate=0.371
  0.0-0.2d       samples=17        events=1        meanFactor=0.416  relRate=0.309
  0.2-0.4d       samples=28        events=2        meanFactor=0.500  relRate=0.375
  0.4-0.6d       samples=12        events=1        meanFactor=0.632  relRate=0.437
  0.6-0.8d       samples=48        events=8        meanFactor=0.739  relRate=0.875
  0.8-1.0d       samples=28        events=6        meanFactor=0.920  relRate=1.125
  1-2d           samples=142       events=27       meanFactor=1.000  relRate=0.998
  g>=2d (free)   samples=908       events=173      meanFactor=1.000  relRate=1.000
  TOTAL eligible tip-fires=2131  poly events=285  (boundary g<delta share=50.7%)
[GATHER] call=55000 totalDirty=0 maxThread=0 cumAvg=2799.5 cumMaxPerThread=945
[DTS-E] step 27500  E bend=2.533e-18 area=1.573e-22 vol=1.533e-21 tot=2.534e-18 J   A=18.0741/18.0739  V=7.2213/7.2226 um  |F|max=1.77e-12 N
[DTS-E] step 27500  E bend=5.041e-17 area=4.090e-24 vol=1.795e-21 tot=5.041e-17 J   A=15.1871/15.1871  V=5.5622/5.5632 um  |F|max=2.45e-11 N
[DTS-ARP] step 27500  maxConc=1.0000  meanConc=0.0815  spread=1492/2562 verts >1%
[DTS-FORMIN] step 27500  mothers nucleated=36  pool remaining=0.0 over 0 hot verts
[MCA] step 27500 linked=2566/2566  gap=0.100  bilayerMaxR=1.244 cortexMaxR=1.129
[FLIP] step 27500 membrane#0 flips=0/7692 verify=true
[FLIP] step 27500 membrane#1 flips=0/7680 verify=true
[DTS-ACTIN] step 27500  filaments contacting membrane = 11 / 43
[GATHER] call=56000 totalDirty=0 maxThread=0 cumAvg=2800.1 cumMaxPerThread=945
Sim. time=00.28....~34.38 minutes computation to simulate 1 sec, run finished in ~00.41 hours
[DTS-E] step 28000  E bend=2.534e-18 area=1.374e-22 vol=1.609e-21 tot=2.536e-18 J   A=18.0741/18.0739  V=7.2213/7.2226 um  |F|max=2.02e-12 N
[DTS-E] step 28000  E bend=5.041e-17 area=2.496e-23 vol=1.970e-21 tot=5.041e-17 J   A=15.1872/15.1871  V=5.5621/5.5632 um  |F|max=2.34e-11 N
[DTS-ARP] step 28000  maxConc=1.0000  meanConc=0.0815  spread=1492/2562 verts >1%
[DTS-FORMIN] step 28000  mothers nucleated=36  pool remaining=0.0 over 0 hot verts
[MCA] step 28000 linked=2567/2567  gap=0.100  bilayerMaxR=1.244 cortexMaxR=1.130
[FLIP] step 28000 membrane#0 flips=0/7695 verify=true
[FLIP] step 28000 membrane#1 flips=0/7680 verify=true
[DTS-BRANCH] step 28000  fils=43 nearCortex=43 rejBorn=0  totalBranches=8
[BRANCH-DENSITY] step 28000  filLen=2.276 um  branches=8  um/branch=0.285
[DTS-ACTIN] step 28000  filaments contacting membrane = 11 / 43
[GATHER] call=57000 totalDirty=0 maxThread=0 cumAvg=2800.6 cumMaxPerThread=945
[DTS-E] step 28500  E bend=2.533e-18 area=1.909e-22 vol=1.839e-21 tot=2.536e-18 J   A=18.0742/18.0739  V=7.2212/7.2226 um  |F|max=1.67e-12 N
[DTS-E] step 28500  E bend=5.042e-17 area=2.912e-23 vol=2.167e-21 tot=5.042e-17 J   A=15.1872/15.1871  V=5.5621/5.5632 um  |F|max=2.45e-11 N
[DTS-ARP] step 28500  maxConc=1.0000  meanConc=0.0815  spread=1492/2562 verts >1%
[DTS-FORMIN] step 28500  mothers nucleated=36  pool remaining=0.0 over 0 hot verts
[MCA] step 28500 linked=2566/2566  gap=0.100  bilayerMaxR=1.247 cortexMaxR=1.131
[FLIP] step 28500 membrane#0 flips=0/7692 verify=true
[FLIP] step 28500 membrane#1 flips=0/7680 verify=true
[DTS-ACTIN] step 28500  filaments contacting membrane = 10 / 44
[GATHER] call=58000 totalDirty=0 maxThread=0 cumAvg=2801.2 cumMaxPerThread=945
[DTS-E] step 29000  E bend=2.533e-18 area=1.950e-22 vol=1.979e-21 tot=2.535e-18 J   A=18.0742/18.0739  V=7.2212/7.2226 um  |F|max=1.65e-12 N
[DTS-E] step 29000  E bend=5.042e-17 area=2.224e-23 vol=2.350e-21 tot=5.042e-17 J   A=15.1872/15.1871  V=5.5620/5.5632 um  |F|max=2.40e-11 N
[DTS-ARP] step 29000  maxConc=1.0000  meanConc=0.0815  spread=1492/2562 verts >1%
[DTS-FORMIN] step 29000  mothers nucleated=36  pool remaining=0.0 over 0 hot verts
[MCA] step 29000 linked=2566/2566  gap=0.100  bilayerMaxR=1.247 cortexMaxR=1.132
[FLIP] step 29000 membrane#0 flips=0/7692 verify=true
[FLIP] step 29000 membrane#1 flips=0/7680 verify=true
[DTS-BRANCH] step 29000  fils=44 nearCortex=44 rejBorn=0  totalBranches=9
[BRANCH-DENSITY] step 29000  filLen=2.330 um  branches=9  um/branch=0.259
[DTS-ACTIN] step 29000  filaments contacting membrane = 12 / 44
[GATHER] call=59000 totalDirty=0 maxThread=0 cumAvg=2801.7 cumMaxPerThread=945
[DTS-E] step 29500  E bend=2.535e-18 area=1.456e-22 vol=1.991e-21 tot=2.537e-18 J   A=18.0741/18.0739  V=7.2211/7.2226 um  |F|max=2.09e-12 N
[DTS-E] step 29500  E bend=5.042e-17 area=2.513e-23 vol=2.548e-21 tot=5.043e-17 J   A=15.1872/15.1871  V=5.5620/5.5632 um  |F|max=2.52e-11 N
[DTS-ARP] step 29500  maxConc=1.0000  meanConc=0.0815  spread=1492/2562 verts >1%
[DTS-FORMIN] step 29500  mothers nucleated=36  pool remaining=0.0 over 0 hot verts
[MCA] step 29500 linked=2567/2567  gap=0.100  bilayerMaxR=1.246 cortexMaxR=1.133
[FLIP] step 29500 membrane#0 flips=0/7695 verify=true
[FLIP] step 29500 membrane#1 flips=0/7680 verify=true
[DTS-ACTIN] step 29500  filaments contacting membrane = 10 / 44
[GATHER] call=60000 totalDirty=0 maxThread=0 cumAvg=2802.3 cumMaxPerThread=945
Sim. time=00.30....~33.91 minutes computation to simulate 1 sec, run finished in ~00.40 hours
[DTS-E] step 30000  E bend=2.536e-18 area=1.788e-22 vol=2.221e-21 tot=2.538e-18 J   A=18.0742/18.0739  V=7.2211/7.2226 um  |F|max=2.01e-12 N
[DTS-E] step 30000  E bend=5.043e-17 area=2.675e-23 vol=2.746e-21 tot=5.044e-17 J   A=15.1872/15.1871  V=5.5619/5.5632 um  |F|max=3.36e-11 N
[DTS-ARP] step 30000  maxConc=1.0000  meanConc=0.0815  spread=1492/2562 verts >1%
[DTS-FORMIN] step 30000  mothers nucleated=36  pool remaining=0.0 over 0 hot verts
[MCA] step 30000 linked=2567/2567  gap=0.100  bilayerMaxR=1.248 cortexMaxR=1.133
[FLIP] step 30000 membrane#0 flips=0/7695 verify=true
[FLIP] step 30000 membrane#1 flips=0/7680 verify=true
[DTS-BRANCH] step 30000  fils=44 nearCortex=44 rejBorn=0  totalBranches=9
[BRANCH-DENSITY] step 30000  filLen=2.352 um  branches=9  um/branch=0.261
[DTS-ACTIN] step 30000  filaments contacting membrane = 11 / 44
[RATCHET] poly vs gap g to membrane (delta=monomer, f=1.50e-12 N). meanFactor=closure output; relRate=realized:
  g<0 (overlap)  samples=948       events=67       meanFactor=0.374  relRate=0.373
  0.0-0.2d       samples=17        events=1        meanFactor=0.416  relRate=0.310
  0.2-0.4d       samples=28        events=2        meanFactor=0.500  relRate=0.376
  0.4-0.6d       samples=12        events=1        meanFactor=0.632  relRate=0.439
  0.6-0.8d       samples=48        events=8        meanFactor=0.739  relRate=0.878
  0.8-1.0d       samples=28        events=6        meanFactor=0.920  relRate=1.129
  1-2d           samples=142       events=27       meanFactor=1.000  relRate=1.002
  g>=2d (free)   samples=954       events=181      meanFactor=1.000  relRate=1.000
  TOTAL eligible tip-fires=2177  poly events=293  (boundary g<delta share=49.7%)
[GATHER] call=61000 totalDirty=0 maxThread=0 cumAvg=2802.8 cumMaxPerThread=946
[DTS-E] step 30500  E bend=2.535e-18 area=1.904e-22 vol=2.368e-21 tot=2.538e-18 J   A=18.0742/18.0739  V=7.2210/7.2226 um  |F|max=1.87e-12 N
[DTS-E] step 30500  E bend=5.043e-17 area=2.308e-23 vol=2.908e-21 tot=5.043e-17 J   A=15.1872/15.1871  V=5.5619/5.5632 um  |F|max=2.56e-11 N
[DTS-ARP] step 30500  maxConc=1.0000  meanConc=0.0815  spread=1492/2562 verts >1%
[DTS-FORMIN] step 30500  mothers nucleated=36  pool remaining=0.0 over 0 hot verts
[MCA] step 30500 linked=2567/2567  gap=0.100  bilayerMaxR=1.249 cortexMaxR=1.134
[FLIP] step 30500 membrane#0 flips=0/7695 verify=true
[FLIP] step 30500 membrane#1 flips=0/7680 verify=true
[DTS-ACTIN] step 30500  filaments contacting membrane = 11 / 44
[GATHER] call=62000 totalDirty=0 maxThread=0 cumAvg=2803.4 cumMaxPerThread=946
[DTS-E] step 31000  E bend=2.535e-18 area=1.957e-22 vol=2.455e-21 tot=2.537e-18 J   A=18.0742/18.0739  V=7.2210/7.2226 um  |F|max=1.79e-12 N
[DTS-E] step 31000  E bend=5.044e-17 area=5.218e-23 vol=3.048e-21 tot=5.044e-17 J   A=15.1872/15.1871  V=5.5619/5.5632 um  |F|max=2.64e-11 N
[DTS-ARP] step 31000  maxConc=1.0000  meanConc=0.0815  spread=1492/2562 verts >1%
[DTS-FORMIN] step 31000  mothers nucleated=36  pool remaining=0.0 over 0 hot verts
[MCA] step 31000 linked=2568/2568  gap=0.100  bilayerMaxR=1.250 cortexMaxR=1.135
[FLIP] step 31000 membrane#0 flips=0/7698 verify=true
[FLIP] step 31000 membrane#1 flips=0/7680 verify=true
[DTS-BRANCH] step 31000  fils=45 nearCortex=45 rejBorn=0  totalBranches=10
[BRANCH-DENSITY] step 31000  filLen=2.398 um  branches=10  um/branch=0.240
[DTS-ACTIN] step 31000  filaments contacting membrane = 7 / 45
[GATHER] call=63000 totalDirty=0 maxThread=0 cumAvg=2803.9 cumMaxPerThread=948
[DTS-E] step 31500  E bend=2.536e-18 area=2.347e-22 vol=2.688e-21 tot=2.539e-18 J   A=18.0742/18.0739  V=7.2209/7.2226 um  |F|max=1.82e-12 N
[DTS-E] step 31500  E bend=5.044e-17 area=7.331e-23 vol=3.213e-21 tot=5.044e-17 J   A=15.1872/15.1871  V=5.5618/5.5632 um  |F|max=2.64e-11 N
[DTS-ARP] step 31500  maxConc=1.0000  meanConc=0.0815  spread=1492/2562 verts >1%
[DTS-FORMIN] step 31500  mothers nucleated=36  pool remaining=0.0 over 0 hot verts
[MCA] step 31500 linked=2568/2568  gap=0.100  bilayerMaxR=1.251 cortexMaxR=1.135
[FLIP] step 31500 membrane#0 flips=0/7698 verify=true
[FLIP] step 31500 membrane#1 flips=0/7680 verify=true
[DTS-ACTIN] step 31500  filaments contacting membrane = 8 / 45
[GATHER] call=64000 totalDirty=0 maxThread=0 cumAvg=2804.4 cumMaxPerThread=950
Sim. time=00.32....~33.79 minutes computation to simulate 1 sec, run finished in ~00.38 hours
[DTS-E] step 32000  E bend=2.537e-18 area=2.021e-22 vol=2.796e-21 tot=2.540e-18 J   A=18.0742/18.0739  V=7.2209/7.2226 um  |F|max=2.11e-12 N
[DTS-E] step 32000  E bend=5.046e-17 area=1.215e-22 vol=3.470e-21 tot=5.047e-17 J   A=15.1872/15.1871  V=5.5618/5.5632 um  |F|max=4.77e-11 N
[DTS-ARP] step 32000  maxConc=1.0000  meanConc=0.0815  spread=1492/2562 verts >1%
[DTS-FORMIN] step 32000  mothers nucleated=36  pool remaining=0.0 over 0 hot verts
[MCA] step 32000 linked=2569/2569  gap=0.100  bilayerMaxR=1.251 cortexMaxR=1.137
[FLIP] step 32000 membrane#0 flips=0/7701 verify=true
[FLIP] step 32000 membrane#1 flips=0/7680 verify=true
[DTS-BRANCH] step 32000  fils=46 nearCortex=46 rejBorn=0  totalBranches=11
[BRANCH-DENSITY] step 32000  filLen=2.457 um  branches=11  um/branch=0.223
[DTS-ACTIN] step 32000  filaments contacting membrane = 9 / 46
[GATHER] call=65000 totalDirty=0 maxThread=0 cumAvg=2805.0 cumMaxPerThread=950
[DTS-E] step 32500  E bend=2.537e-18 area=2.087e-22 vol=2.963e-21 tot=2.540e-18 J   A=18.0742/18.0739  V=7.2208/7.2226 um  |F|max=1.96e-12 N
[DTS-E] step 32500  E bend=5.046e-17 area=1.503e-22 vol=3.774e-21 tot=5.047e-17 J   A=15.1872/15.1871  V=5.5617/5.5632 um  |F|max=3.79e-11 N
[DTS-ARP] step 32500  maxConc=1.0000  meanConc=0.0815  spread=1492/2562 verts >1%
[DTS-FORMIN] step 32500  mothers nucleated=36  pool remaining=0.0 over 0 hot verts
[MCA] step 32500 linked=2567/2567  gap=0.100  bilayerMaxR=1.251 cortexMaxR=1.138
[FLIP] step 32500 membrane#0 flips=0/7695 verify=true
[FLIP] step 32500 membrane#1 flips=0/7680 verify=true
[DTS-ACTIN] step 32500  filaments contacting membrane = 10 / 46
[GATHER] call=66000 totalDirty=0 maxThread=0 cumAvg=2805.4 cumMaxPerThread=950
[DTS-E] step 33000  E bend=2.539e-18 area=2.811e-22 vol=3.395e-21 tot=2.542e-18 J   A=18.0742/18.0739  V=7.2207/7.2226 um  |F|max=1.90e-12 N
[DTS-E] step 33000  E bend=5.044e-17 area=1.191e-22 vol=4.112e-21 tot=5.045e-17 J   A=15.1872/15.1871  V=5.5616/5.5632 um  |F|max=2.27e-11 N
[DTS-ARP] step 33000  maxConc=1.0000  meanConc=0.0815  spread=1492/2562 verts >1%
[DTS-FORMIN] step 33000  mothers nucleated=36  pool remaining=0.0 over 0 hot verts
[MCA] step 33000 linked=2568/2568  gap=0.100  bilayerMaxR=1.255 cortexMaxR=1.139
[FLIP] step 33000 membrane#0 flips=0/7698 verify=true
[FLIP] step 33000 membrane#1 flips=0/7680 verify=true
[DTS-BRANCH] step 33000  fils=47 nearCortex=47 rejBorn=0  totalBranches=12
[BRANCH-DENSITY] step 33000  filLen=2.498 um  branches=12  um/branch=0.208
[DTS-ACTIN] step 33000  filaments contacting membrane = 10 / 47
[RATCHET] poly vs gap g to membrane (delta=monomer, f=1.50e-12 N). meanFactor=closure output; relRate=realized:
  g<0 (overlap)  samples=948       events=67       meanFactor=0.374  relRate=0.382
  0.0-0.2d       samples=17        events=1        meanFactor=0.416  relRate=0.318
  0.2-0.4d       samples=28        events=2        meanFactor=0.500  relRate=0.386
  0.4-0.6d       samples=12        events=1        meanFactor=0.632  relRate=0.450
  0.6-0.8d       samples=48        events=8        meanFactor=0.739  relRate=0.900
  0.8-1.0d       samples=28        events=6        meanFactor=0.920  relRate=1.157
  1-2d           samples=142       events=27       meanFactor=1.000  relRate=1.027
  g>=2d (free)   samples=1037      events=192      meanFactor=1.000  relRate=1.000
  TOTAL eligible tip-fires=2260  poly events=304  (boundary g<delta share=47.8%)
[GATHER] call=67000 totalDirty=0 maxThread=0 cumAvg=2805.9 cumMaxPerThread=950
[DTS-E] step 33500  E bend=2.538e-18 area=2.065e-22 vol=3.405e-21 tot=2.541e-18 J   A=18.0742/18.0739  V=7.2207/7.2226 um  |F|max=2.13e-12 N
[DTS-E] step 33500  E bend=5.052e-17 area=2.678e-22 vol=4.438e-21 tot=5.053e-17 J   A=15.1872/15.1871  V=5.5616/5.5632 um  |F|max=6.91e-11 N
[DTS-ARP] step 33500  maxConc=1.0000  meanConc=0.0815  spread=1492/2562 verts >1%
[DTS-FORMIN] step 33500  mothers nucleated=36  pool remaining=0.0 over 0 hot verts
[MCA] step 33500 linked=2568/2568  gap=0.100  bilayerMaxR=1.253 cortexMaxR=1.140
[FLIP] step 33500 membrane#0 flips=0/7698 verify=true
[FLIP] step 33500 membrane#1 flips=1/7680 verify=true
[DTS-ACTIN] step 33500  filaments contacting membrane = 10 / 47
[GATHER] call=68000 totalDirty=0 maxThread=0 cumAvg=2806.3 cumMaxPerThread=950
Sim. time=00.34....~33.98 minutes computation to simulate 1 sec, run finished in ~00.37 hours
[DTS-E] step 34000  E bend=2.538e-18 area=2.879e-22 vol=3.818e-21 tot=2.542e-18 J   A=18.0742/18.0739  V=7.2206/7.2226 um  |F|max=1.90e-12 N
[DTS-E] step 34000  E bend=5.047e-17 area=1.478e-22 vol=4.749e-21 tot=5.048e-17 J   A=15.1872/15.1871  V=5.5615/5.5632 um  |F|max=3.28e-11 N
[DTS-ARP] step 34000  maxConc=1.0000  meanConc=0.0815  spread=1492/2562 verts >1%
[DTS-FORMIN] step 34000  mothers nucleated=36  pool remaining=0.0 over 0 hot verts
[MCA] step 34000 linked=2567/2567  gap=0.100  bilayerMaxR=1.257 cortexMaxR=1.141
[FLIP] step 34000 membrane#0 flips=0/7695 verify=true
[FLIP] step 34000 membrane#1 flips=0/7680 verify=true
[DTS-BRANCH] step 34000  fils=47 nearCortex=47 rejBorn=0  totalBranches=12
[BRANCH-DENSITY] step 34000  filLen=2.554 um  branches=12  um/branch=0.213
[DTS-ACTIN] step 34000  filaments contacting membrane = 10 / 47
[GATHER] call=69000 totalDirty=0 maxThread=0 cumAvg=2806.7 cumMaxPerThread=950
[DTS-E] step 34500  E bend=2.537e-18 area=3.413e-22 vol=4.071e-21 tot=2.542e-18 J   A=18.0742/18.0739  V=7.2205/7.2226 um  |F|max=1.63e-12 N
[DTS-E] step 34500  E bend=5.048e-17 area=1.688e-22 vol=4.944e-21 tot=5.048e-17 J   A=15.1872/15.1871  V=5.5615/5.5632 um  |F|max=3.49e-11 N
[DTS-ARP] step 34500  maxConc=1.0000  meanConc=0.0815  spread=1492/2562 verts >1%
[DTS-FORMIN] step 34500  mothers nucleated=36  pool remaining=0.0 over 0 hot verts
[MCA] step 34500 linked=2567/2567  gap=0.100  bilayerMaxR=1.259 cortexMaxR=1.142
[FLIP] step 34500 membrane#0 flips=0/7695 verify=true
[FLIP] step 34500 membrane#1 flips=0/7680 verify=true
[DTS-ACTIN] step 34500  filaments contacting membrane = 10 / 47
[GATHER] call=70000 totalDirty=0 maxThread=0 cumAvg=2807.1 cumMaxPerThread=950
[DTS-E] step 35000  E bend=2.539e-18 area=3.467e-22 vol=4.323e-21 tot=2.544e-18 J   A=18.0742/18.0739  V=7.2205/7.2226 um  |F|max=2.06e-12 N
[DTS-E] step 35000  E bend=5.048e-17 area=3.574e-22 vol=5.116e-21 tot=5.048e-17 J   A=15.1872/15.1871  V=5.5615/5.5632 um  |F|max=2.96e-11 N
[DTS-ARP] step 35000  maxConc=1.0000  meanConc=0.0815  spread=1492/2562 verts >1%
[DTS-FORMIN] step 35000  mothers nucleated=36  pool remaining=0.0 over 0 hot verts
[MCA] step 35000 linked=2567/2567  gap=0.100  bilayerMaxR=1.259 cortexMaxR=1.142
[FLIP] step 35000 membrane#0 flips=0/7695 verify=true
[FLIP] step 35000 membrane#1 flips=0/7680 verify=true
[DTS-BRANCH] step 35000  fils=47 nearCortex=46 rejBorn=0  totalBranches=12
[BRANCH-DENSITY] step 35000  filLen=2.592 um  branches=12  um/branch=0.216
[DTS-ACTIN] step 35000  filaments contacting membrane = 13 / 47
[GATHER] call=71000 totalDirty=0 maxThread=0 cumAvg=2807.5 cumMaxPerThread=950
[DTS-E] step 35500  E bend=2.542e-18 area=4.305e-22 vol=4.688e-21 tot=2.547e-18 J   A=18.0743/18.0739  V=7.2204/7.2226 um  |F|max=3.08e-12 N
[DTS-E] step 35500  E bend=5.048e-17 area=2.734e-22 vol=5.383e-21 tot=5.048e-17 J   A=15.1872/15.1871  V=5.5614/5.5632 um  |F|max=2.88e-11 N
[DTS-ARP] step 35500  maxConc=1.0000  meanConc=0.0815  spread=1492/2562 verts >1%
[DTS-FORMIN] step 35500  mothers nucleated=36  pool remaining=0.0 over 0 hot verts
[MCA] step 35500 linked=2568/2568  gap=0.100  bilayerMaxR=1.261 cortexMaxR=1.143
[FLIP] step 35500 membrane#0 flips=0/7698 verify=true
[FLIP] step 35500 membrane#1 flips=0/7680 verify=true
[DTS-ACTIN] step 35500  filaments contacting membrane = 14 / 47
[GATHER] call=72000 totalDirty=0 maxThread=0 cumAvg=2807.9 cumMaxPerThread=950
Sim. time=00.36....~34.02 minutes computation to simulate 1 sec, run finished in ~00.36 hours
[DTS-E] step 36000  E bend=2.542e-18 area=4.794e-22 vol=4.916e-21 tot=2.547e-18 J   A=18.0743/18.0739  V=7.2203/7.2226 um  |F|max=1.73e-12 N
[DTS-E] step 36000  E bend=5.048e-17 area=3.052e-22 vol=5.670e-21 tot=5.048e-17 J   A=15.1872/15.1871  V=5.5614/5.5632 um  |F|max=2.95e-11 N
[DTS-ARP] step 36000  maxConc=1.0000  meanConc=0.0815  spread=1492/2562 verts >1%
[DTS-FORMIN] step 36000  mothers nucleated=36  pool remaining=0.0 over 0 hot verts
[MCA] step 36000 linked=2568/2568  gap=0.100  bilayerMaxR=1.262 cortexMaxR=1.143
[FLIP] step 36000 membrane#0 flips=0/7698 verify=true
[FLIP] step 36000 membrane#1 flips=0/7680 verify=true
[DTS-BRANCH] step 36000  fils=47 nearCortex=46 rejBorn=0  totalBranches=12
[BRANCH-DENSITY] step 36000  filLen=2.619 um  branches=12  um/branch=0.218
[DTS-ACTIN] step 36000  filaments contacting membrane = 13 / 47
[RATCHET] poly vs gap g to membrane (delta=monomer, f=1.50e-12 N). meanFactor=closure output; relRate=realized:
  g<0 (overlap)  samples=948       events=67       meanFactor=0.374  relRate=0.379
  0.0-0.2d       samples=17        events=1        meanFactor=0.416  relRate=0.315
  0.2-0.4d       samples=28        events=2        meanFactor=0.500  relRate=0.383
  0.4-0.6d       samples=12        events=1        meanFactor=0.632  relRate=0.446
  0.6-0.8d       samples=48        events=8        meanFactor=0.739  relRate=0.893
  0.8-1.0d       samples=28        events=6        meanFactor=0.920  relRate=1.148
  1-2d           samples=142       events=27       meanFactor=1.000  relRate=1.019
  g>=2d (free)   samples=1125      events=210      meanFactor=1.000  relRate=1.000
  TOTAL eligible tip-fires=2348  poly events=322  (boundary g<delta share=46.0%)
[GATHER] call=73000 totalDirty=0 maxThread=0 cumAvg=2808.3 cumMaxPerThread=950
[DTS-E] step 36500  E bend=2.539e-18 area=2.654e-22 vol=4.679e-21 tot=2.544e-18 J   A=18.0742/18.0739  V=7.2204/7.2226 um  |F|max=2.13e-12 N
[DTS-E] step 36500  E bend=5.049e-17 area=4.288e-22 vol=6.087e-21 tot=5.049e-17 J   A=15.1872/15.1871  V=5.5613/5.5632 um  |F|max=2.95e-11 N
[DTS-ARP] step 36500  maxConc=1.0000  meanConc=0.0815  spread=1492/2562 verts >1%
[DTS-FORMIN] step 36500  mothers nucleated=36  pool remaining=0.0 over 0 hot verts
[MCA] step 36500 linked=2569/2569  gap=0.100  bilayerMaxR=1.258 cortexMaxR=1.145
[FLIP] step 36500 membrane#0 flips=0/7701 verify=true
[FLIP] step 36500 membrane#1 flips=0/7680 verify=true
[DTS-ACTIN] step 36500  filaments contacting membrane = 13 / 47
[GATHER] call=74000 totalDirty=0 maxThread=0 cumAvg=2808.7 cumMaxPerThread=950
[DTS-E] step 37000  E bend=2.542e-18 area=3.869e-22 vol=5.296e-21 tot=2.547e-18 J   A=18.0743/18.0739  V=7.2202/7.2226 um  |F|max=2.04e-12 N
[DTS-E] step 37000  E bend=5.050e-17 area=3.703e-22 vol=6.572e-21 tot=5.051e-17 J   A=15.1872/15.1871  V=5.5612/5.5632 um  |F|max=2.98e-11 N
[DTS-ARP] step 37000  maxConc=1.0000  meanConc=0.0815  spread=1492/2562 verts >1%
[DTS-FORMIN] step 37000  mothers nucleated=36  pool remaining=0.0 over 0 hot verts
[MCA] step 37000 linked=2569/2569  gap=0.100  bilayerMaxR=1.262 cortexMaxR=1.146
[FLIP] step 37000 membrane#0 flips=0/7701 verify=true
[FLIP] step 37000 membrane#1 flips=0/7680 verify=true
[DTS-BRANCH] step 37000  fils=47 nearCortex=46 rejBorn=0  totalBranches=12
[BRANCH-DENSITY] step 37000  filLen=2.638 um  branches=12  um/branch=0.220
[DTS-ACTIN] step 37000  filaments contacting membrane = 15 / 47
[GATHER] call=75000 totalDirty=0 maxThread=0 cumAvg=2809.1 cumMaxPerThread=950
[DTS-E] step 37500  E bend=2.544e-18 area=5.136e-22 vol=5.973e-21 tot=2.551e-18 J   A=18.0743/18.0739  V=7.2201/7.2226 um  |F|max=1.91e-12 N
[DTS-E] step 37500  E bend=5.050e-17 area=3.967e-22 vol=7.004e-21 tot=5.050e-17 J   A=15.1872/15.1871  V=5.5612/5.5632 um  |F|max=3.46e-11 N
[DTS-ARP] step 37500  maxConc=1.0000  meanConc=0.0815  spread=1492/2562 verts >1%
[DTS-FORMIN] step 37500  mothers nucleated=36  pool remaining=0.0 over 0 hot verts
[MCA] step 37500 linked=2569/2569  gap=0.100  bilayerMaxR=1.265 cortexMaxR=1.147
[FLIP] step 37500 membrane#0 flips=0/7701 verify=true
[FLIP] step 37500 membrane#1 flips=0/7680 verify=true
[DTS-ACTIN] step 37500  filaments contacting membrane = 15 / 48
[GATHER] call=76000 totalDirty=0 maxThread=0 cumAvg=2809.6 cumMaxPerThread=950
Sim. time=00.38....~34.34 minutes computation to simulate 1 sec, run finished in ~00.35 hours
[DTS-E] step 38000  E bend=2.541e-18 area=4.660e-22 vol=6.057e-21 tot=2.548e-18 J   A=18.0743/18.0739  V=7.2201/7.2226 um  |F|max=1.70e-12 N
[DTS-E] step 38000  E bend=5.050e-17 area=4.301e-22 vol=7.402e-21 tot=5.050e-17 J   A=15.1872/15.1871  V=5.5611/5.5632 um  |F|max=3.24e-11 N
[DTS-ARP] step 38000  maxConc=1.0000  meanConc=0.0816  spread=1491/2562 verts >1%
[DTS-FORMIN] step 38000  mothers nucleated=36  pool remaining=0.0 over 0 hot verts
[MCA] step 38000 linked=2567/2567  gap=0.100  bilayerMaxR=1.264 cortexMaxR=1.148
[FLIP] step 38000 membrane#0 flips=1/7695 verify=true
[FLIP] step 38000 membrane#1 flips=0/7680 verify=true
[DTS-BRANCH] step 38000  fils=48 nearCortex=47 rejBorn=0  totalBranches=13
[BRANCH-DENSITY] step 38000  filLen=2.692 um  branches=13  um/branch=0.207
[DTS-ACTIN] step 38000  filaments contacting membrane = 16 / 48
[GATHER] call=77000 totalDirty=0 maxThread=0 cumAvg=2810.0 cumMaxPerThread=950
[DTS-E] step 38500  E bend=2.542e-18 area=5.391e-22 vol=6.474e-21 tot=2.549e-18 J   A=18.0743/18.0739  V=7.2200/7.2226 um  |F|max=1.71e-12 N
[DTS-E] step 38500  E bend=5.050e-17 area=4.006e-22 vol=7.697e-21 tot=5.051e-17 J   A=15.1872/15.1871  V=5.5610/5.5632 um  |F|max=3.31e-11 N
[DTS-ARP] step 38500  maxConc=1.0000  meanConc=0.0816  spread=1491/2562 verts >1%
[DTS-FORMIN] step 38500  mothers nucleated=36  pool remaining=0.0 over 0 hot verts
[MCA] step 38500 linked=2567/2567  gap=0.100  bilayerMaxR=1.267 cortexMaxR=1.148
[FLIP] step 38500 membrane#0 flips=0/7695 verify=true
[FLIP] step 38500 membrane#1 flips=0/7680 verify=true
[DTS-ACTIN] step 38500  filaments contacting membrane = 15 / 48
[GATHER] call=78000 totalDirty=0 maxThread=0 cumAvg=2810.4 cumMaxPerThread=950
[DTS-E] step 39000  E bend=2.546e-18 area=4.245e-22 vol=6.634e-21 tot=2.553e-18 J   A=18.0743/18.0739  V=7.2200/7.2226 um  |F|max=2.96e-12 N
[DTS-E] step 39000  E bend=5.051e-17 area=4.223e-22 vol=8.135e-21 tot=5.051e-17 J   A=15.1872/15.1871  V=5.5610/5.5632 um  |F|max=3.40e-11 N
[DTS-ARP] step 39000  maxConc=1.0000  meanConc=0.0816  spread=1491/2562 verts >1%
[DTS-FORMIN] step 39000  mothers nucleated=36  pool remaining=0.0 over 0 hot verts
[MCA] step 39000 linked=2569/2569  gap=0.100  bilayerMaxR=1.266 cortexMaxR=1.149
[FLIP] step 39000 membrane#0 flips=1/7701 verify=true
[FLIP] step 39000 membrane#1 flips=0/7680 verify=true
[DTS-BRANCH] step 39000  fils=48 nearCortex=47 rejBorn=0  totalBranches=13
[BRANCH-DENSITY] step 39000  filLen=2.708 um  branches=13  um/branch=0.208
[DTS-ACTIN] step 39000  filaments contacting membrane = 16 / 48
[RATCHET] poly vs gap g to membrane (delta=monomer, f=1.50e-12 N). meanFactor=closure output; relRate=realized:
  g<0 (overlap)  samples=948       events=67       meanFactor=0.374  relRate=0.381
  0.0-0.2d       samples=17        events=1        meanFactor=0.416  relRate=0.317
  0.2-0.4d       samples=28        events=2        meanFactor=0.500  relRate=0.385
  0.4-0.6d       samples=12        events=1        meanFactor=0.632  relRate=0.449
  0.6-0.8d       samples=48        events=8        meanFactor=0.739  relRate=0.898
  0.8-1.0d       samples=28        events=6        meanFactor=0.920  relRate=1.155
  1-2d           samples=142       events=27       meanFactor=1.000  relRate=1.025
  g>=2d (free)   samples=1159      events=215      meanFactor=1.000  relRate=1.000
  TOTAL eligible tip-fires=2382  poly events=327  (boundary g<delta share=45.4%)
[GATHER] call=79000 totalDirty=0 maxThread=0 cumAvg=2810.8 cumMaxPerThread=950
[DTS-E] step 39500  E bend=2.545e-18 area=5.275e-22 vol=6.989e-21 tot=2.553e-18 J   A=18.0743/18.0739  V=7.2199/7.2226 um  |F|max=2.13e-12 N
[DTS-E] step 39500  E bend=5.052e-17 area=4.495e-22 vol=8.586e-21 tot=5.052e-17 J   A=15.1872/15.1871  V=5.5609/5.5632 um  |F|max=3.39e-11 N
[DTS-ARP] step 39500  maxConc=1.0000  meanConc=0.0817  spread=1491/2562 verts >1%
[DTS-FORMIN] step 39500  mothers nucleated=36  pool remaining=0.0 over 0 hot verts
[MCA] step 39500 linked=2569/2569  gap=0.100  bilayerMaxR=1.267 cortexMaxR=1.150
[FLIP] step 39500 membrane#0 flips=0/7701 verify=true
[FLIP] step 39500 membrane#1 flips=0/7680 verify=true
[DTS-ACTIN] step 39500  filaments contacting membrane = 13 / 49
[GATHER] call=80000 totalDirty=0 maxThread=0 cumAvg=2811.3 cumMaxPerThread=952
Sim. time=00.40....~34.28 minutes computation to simulate 1 sec, run finished in ~00.34 hours
[DTS-E] step 40000  E bend=2.543e-18 area=3.516e-22 vol=6.874e-21 tot=2.550e-18 J   A=18.0742/18.0739  V=7.2199/7.2226 um  |F|max=2.31e-12 N
[DTS-E] step 40000  E bend=5.052e-17 area=5.614e-22 vol=9.145e-21 tot=5.053e-17 J   A=15.1872/15.1871  V=5.5609/5.5632 um  |F|max=3.56e-11 N
[DTS-ARP] step 40000  maxConc=1.0000  meanConc=0.0817  spread=1491/2562 verts >1%
[DTS-FORMIN] step 40000  mothers nucleated=36  pool remaining=0.0 over 0 hot verts
[MCA] step 40000 linked=2571/2571  gap=0.100  bilayerMaxR=1.264 cortexMaxR=1.152
[FLIP] step 40000 membrane#0 flips=0/7707 verify=true
[FLIP] step 40000 membrane#1 flips=0/7680 verify=true
[DTS-BRANCH] step 40000  fils=49 nearCortex=48 rejBorn=0  totalBranches=14
[BRANCH-DENSITY] step 40000  filLen=2.754 um  branches=14  um/branch=0.197
[DTS-ACTIN] step 40000  filaments contacting membrane = 13 / 49
[GATHER] call=81000 totalDirty=0 maxThread=0 cumAvg=2811.7 cumMaxPerThread=952
[DTS-E] step 40500  E bend=2.544e-18 area=4.424e-22 vol=7.384e-21 tot=2.552e-18 J   A=18.0743/18.0739  V=7.2198/7.2226 um  |F|max=2.04e-12 N
[DTS-E] step 40500  E bend=5.054e-17 area=6.451e-22 vol=9.467e-21 tot=5.055e-17 J   A=15.1873/15.1871  V=5.5608/5.5632 um  |F|max=3.64e-11 N
[DTS-ARP] step 40500  maxConc=1.0000  meanConc=0.0823  spread=1492/2562 verts >1%
[DTS-FORMIN] step 40500  mothers nucleated=36  pool remaining=0.0 over 0 hot verts
[MCA] step 40500 linked=2571/2571  gap=0.100  bilayerMaxR=1.266 cortexMaxR=1.152
[FLIP] step 40500 membrane#0 flips=0/7707 verify=true
[FLIP] step 40500 membrane#1 flips=0/7680 verify=true
[DTS-ACTIN] step 40500  filaments contacting membrane = 14 / 52
[GATHER] call=82000 totalDirty=0 maxThread=0 cumAvg=2812.1 cumMaxPerThread=952
[DTS-E] step 41000  E bend=2.547e-18 area=6.117e-22 vol=8.108e-21 tot=2.556e-18 J   A=18.0743/18.0739  V=7.2197/7.2226 um  |F|max=2.09e-12 N
[DTS-E] step 41000  E bend=5.052e-17 area=5.717e-22 vol=9.854e-21 tot=5.054e-17 J   A=15.1872/15.1871  V=5.5608/5.5632 um  |F|max=3.46e-11 N
[DTS-ARP] step 41000  maxConc=1.0000  meanConc=0.0823  spread=1492/2562 verts >1%
[DTS-FORMIN] step 41000  mothers nucleated=36  pool remaining=0.0 over 0 hot verts
[MCA] step 41000 linked=2571/2571  gap=0.100  bilayerMaxR=1.269 cortexMaxR=1.153
[FLIP] step 41000 membrane#0 flips=0/7707 verify=true
[FLIP] step 41000 membrane#1 flips=0/7680 verify=true
[DTS-BRANCH] step 41000  fils=52 nearCortex=51 rejBorn=0  totalBranches=17
[BRANCH-DENSITY] step 41000  filLen=2.873 um  branches=17  um/branch=0.169
[DTS-ACTIN] step 41000  filaments contacting membrane = 15 / 52
[GATHER] call=83000 totalDirty=0 maxThread=0 cumAvg=2812.5 cumMaxPerThread=954
[DTS-E] step 41500  E bend=2.548e-18 area=7.299e-22 vol=8.588e-21 tot=2.558e-18 J   A=18.0744/18.0739  V=7.2196/7.2226 um  |F|max=2.09e-12 N
[DTS-E] step 41500  E bend=5.053e-17 area=5.618e-22 vol=1.024e-20 tot=5.054e-17 J   A=15.1872/15.1871  V=5.5607/5.5632 um  |F|max=3.56e-11 N
[DTS-ARP] step 41500  maxConc=1.0000  meanConc=0.0822  spread=1492/2562 verts >1%
[DTS-FORMIN] step 41500  mothers nucleated=36  pool remaining=0.0 over 0 hot verts
[MCA] step 41500 linked=2572/2572  gap=0.100  bilayerMaxR=1.271 cortexMaxR=1.153
[FLIP] step 41500 membrane#0 flips=0/7710 verify=true
[FLIP] step 41500 membrane#1 flips=0/7680 verify=true
[DTS-ACTIN] step 41500  filaments contacting membrane = 14 / 53
[GATHER] call=84000 totalDirty=0 maxThread=0 cumAvg=2812.9 cumMaxPerThread=954
Sim. time=00.42....~34.34 minutes computation to simulate 1 sec, run finished in ~00.33 hours
[DTS-E] step 42000  E bend=2.547e-18 area=8.714e-22 vol=9.072e-21 tot=2.557e-18 J   A=18.0744/18.0739  V=7.2195/7.2226 um  |F|max=1.76e-12 N
[DTS-E] step 42000  E bend=5.053e-17 area=5.093e-22 vol=1.055e-20 tot=5.054e-17 J   A=15.1872/15.1871  V=5.5607/5.5632 um  |F|max=3.61e-11 N
[DTS-ARP] step 42000  maxConc=1.0000  meanConc=0.0822  spread=1492/2562 verts >1%
[DTS-FORMIN] step 42000  mothers nucleated=36  pool remaining=0.0 over 0 hot verts
[MCA] step 42000 linked=2568/2568  gap=0.100  bilayerMaxR=1.274 cortexMaxR=1.154
[FLIP] step 42000 membrane#0 flips=0/7698 verify=true
[FLIP] step 42000 membrane#1 flips=0/7680 verify=true
[DTS-BRANCH] step 42000  fils=53 nearCortex=52 rejBorn=0  totalBranches=18
[BRANCH-DENSITY] step 42000  filLen=2.932 um  branches=18  um/branch=0.163
[DTS-ACTIN] step 42000  filaments contacting membrane = 13 / 53
[RATCHET] poly vs gap g to membrane (delta=monomer, f=1.50e-12 N). meanFactor=closure output; relRate=realized:
  g<0 (overlap)  samples=948       events=67       meanFactor=0.374  relRate=0.383
  0.0-0.2d       samples=17        events=1        meanFactor=0.416  relRate=0.319
  0.2-0.4d       samples=28        events=2        meanFactor=0.500  relRate=0.387
  0.4-0.6d       samples=12        events=1        meanFactor=0.632  relRate=0.451
  0.6-0.8d       samples=48        events=8        meanFactor=0.739  relRate=0.902
  0.8-1.0d       samples=28        events=6        meanFactor=0.920  relRate=1.160
  1-2d           samples=142       events=27       meanFactor=1.000  relRate=1.030
  g>=2d (free)   samples=1267      events=234      meanFactor=1.000  relRate=1.000
  TOTAL eligible tip-fires=2490  poly events=346  (boundary g<delta share=43.4%)
[GATHER] call=85000 totalDirty=0 maxThread=0 cumAvg=2813.2 cumMaxPerThread=954
[DTS-E] step 42500  E bend=2.547e-18 area=5.626e-22 vol=8.773e-21 tot=2.556e-18 J   A=18.0743/18.0739  V=7.2196/7.2226 um  |F|max=2.23e-12 N
[DTS-E] step 42500  E bend=5.055e-17 area=7.472e-22 vol=1.123e-20 tot=5.056e-17 J   A=15.1873/15.1871  V=5.5606/5.5632 um  |F|max=4.32e-11 N
[DTS-ARP] step 42500  maxConc=1.0000  meanConc=0.0823  spread=1492/2562 verts >1%
[DTS-FORMIN] step 42500  mothers nucleated=36  pool remaining=0.0 over 0 hot verts
[MCA] step 42500 linked=2570/2570  gap=0.100  bilayerMaxR=1.269 cortexMaxR=1.155
[FLIP] step 42500 membrane#0 flips=0/7704 verify=true
[FLIP] step 42500 membrane#1 flips=0/7680 verify=true
[DTS-ACTIN] step 42500  filaments contacting membrane = 14 / 54
[GATHER] call=86000 totalDirty=0 maxThread=0 cumAvg=2813.6 cumMaxPerThread=954
[DTS-E] step 43000  E bend=2.546e-18 area=2.375e-22 vol=9.195e-21 tot=2.555e-18 J   A=18.0742/18.0739  V=7.2195/7.2226 um  |F|max=2.11e-12 N
[DTS-E] step 43000  E bend=5.053e-17 area=1.100e-21 vol=1.270e-20 tot=5.054e-17 J   A=15.1873/15.1871  V=5.5604/5.5632 um  |F|max=3.80e-11 N
[DTS-ARP] step 43000  maxConc=1.0000  meanConc=0.0824  spread=1495/2562 verts >1%
[DTS-FORMIN] step 43000  mothers nucleated=36  pool remaining=0.0 over 0 hot verts
[MCA] step 43000 linked=2572/2572  gap=0.100  bilayerMaxR=1.269 cortexMaxR=1.156
[FLIP] step 43000 membrane#0 flips=0/7710 verify=true
[FLIP] step 43000 membrane#1 flips=0/7680 verify=true
[DTS-BRANCH] step 43000  fils=55 nearCortex=53 rejBorn=0  totalBranches=20
[BRANCH-DENSITY] step 43000  filLen=3.029 um  branches=20  um/branch=0.151
[DTS-ACTIN] step 43000  filaments contacting membrane = 14 / 55
[GATHER] call=87000 totalDirty=0 maxThread=0 cumAvg=2813.9 cumMaxPerThread=956
[DTS-E] step 43500  E bend=2.540e-18 area=8.402e-22 vol=1.019e-20 tot=2.551e-18 J   A=18.0744/18.0739  V=7.2193/7.2226 um  |F|max=2.01e-12 N
[DTS-E] step 43500  E bend=5.053e-17 area=1.009e-21 vol=1.316e-20 tot=5.054e-17 J   A=15.1873/15.1871  V=5.5604/5.5632 um  |F|max=3.94e-11 N
[DTS-ARP] step 43500  maxConc=1.0000  meanConc=0.0825  spread=1500/2562 verts >1%
[DTS-FORMIN] step 43500  mothers nucleated=36  pool remaining=0.0 over 0 hot verts
[MCA] step 43500 linked=2571/2571  gap=0.100  bilayerMaxR=1.269 cortexMaxR=1.157
[FLIP] step 43500 membrane#0 flips=0/7707 verify=true
[FLIP] step 43500 membrane#1 flips=0/7680 verify=true
[DTS-ACTIN] step 43500  filaments contacting membrane = 11 / 56
[GATHER] call=88000 totalDirty=0 maxThread=0 cumAvg=2814.3 cumMaxPerThread=956
Sim. time=00.44....~34.55 minutes computation to simulate 1 sec, run finished in ~00.32 hours
[DTS-E] step 44000  E bend=2.545e-18 area=7.966e-22 vol=1.044e-20 tot=2.556e-18 J   A=18.0744/18.0739  V=7.2193/7.2226 um  |F|max=2.08e-12 N
[DTS-E] step 44000  E bend=5.052e-17 area=1.061e-21 vol=1.310e-20 tot=5.054e-17 J   A=15.1873/15.1871  V=5.5604/5.5632 um  |F|max=3.90e-11 N
[DTS-ARP] step 44000  maxConc=1.0000  meanConc=0.0825  spread=1499/2562 verts >1%
[DTS-FORMIN] step 44000  mothers nucleated=36  pool remaining=0.0 over 0 hot verts
[MCA] step 44000 linked=2570/2570  gap=0.100  bilayerMaxR=1.272 cortexMaxR=1.158
[FLIP] step 44000 membrane#0 flips=0/7704 verify=true
[FLIP] step 44000 membrane#1 flips=0/7680 verify=true
[DTS-BRANCH] step 44000  fils=56 nearCortex=54 rejBorn=0  totalBranches=21
[BRANCH-DENSITY] step 44000  filLen=3.108 um  branches=21  um/branch=0.148
[DTS-ACTIN] step 44000  filaments contacting membrane = 11 / 56
[GATHER] call=89000 totalDirty=0 maxThread=0 cumAvg=2814.6 cumMaxPerThread=956
[DTS-E] step 44500  E bend=2.553e-18 area=9.329e-22 vol=1.124e-20 tot=2.565e-18 J   A=18.0744/18.0739  V=7.2192/7.2226 um  |F|max=1.87e-12 N
[DTS-E] step 44500  E bend=5.052e-17 area=5.446e-22 vol=1.337e-20 tot=5.053e-17 J   A=15.1872/15.1871  V=5.5604/5.5632 um  |F|max=3.69e-11 N
[DTS-ARP] step 44500  maxConc=1.0000  meanConc=0.0825  spread=1499/2562 verts >1%
[DTS-FORMIN] step 44500  mothers nucleated=36  pool remaining=0.0 over 0 hot verts
[MCA] step 44500 linked=2569/2569  gap=0.100  bilayerMaxR=1.278 cortexMaxR=1.158
[FLIP] step 44500 membrane#0 flips=0/7701 verify=true
[FLIP] step 44500 membrane#1 flips=0/7680 verify=true
[DTS-ACTIN] step 44500  filaments contacting membrane = 14 / 56
[GATHER] call=90000 totalDirty=0 maxThread=0 cumAvg=2815.0 cumMaxPerThread=956
[DTS-E] step 45000  E bend=2.552e-18 area=7.673e-22 vol=1.127e-20 tot=2.564e-18 J   A=18.0744/18.0739  V=7.2192/7.2226 um  |F|max=2.12e-12 N
[DTS-E] step 45000  E bend=5.052e-17 area=7.091e-22 vol=1.395e-20 tot=5.054e-17 J   A=15.1873/15.1871  V=5.5603/5.5632 um  |F|max=4.12e-11 N
[DTS-ARP] step 45000  maxConc=1.0000  meanConc=0.0825  spread=1499/2562 verts >1%
[DTS-FORMIN] step 45000  mothers nucleated=36  pool remaining=0.0 over 0 hot verts
[MCA] step 45000 linked=2569/2569  gap=0.100  bilayerMaxR=1.276 cortexMaxR=1.159
[FLIP] step 45000 membrane#0 flips=0/7701 verify=true
[FLIP] step 45000 membrane#1 flips=0/7680 verify=true
[DTS-BRANCH] step 45000  fils=57 nearCortex=54 rejBorn=0  totalBranches=22
[BRANCH-DENSITY] step 45000  filLen=3.167 um  branches=22  um/branch=0.144
[DTS-ACTIN] step 45000  filaments contacting membrane = 13 / 57
[RATCHET] poly vs gap g to membrane (delta=monomer, f=1.50e-12 N). meanFactor=closure output; relRate=realized:
  g<0 (overlap)  samples=948       events=67       meanFactor=0.374  relRate=0.373
  0.0-0.2d       samples=17        events=1        meanFactor=0.416  relRate=0.310
  0.2-0.4d       samples=28        events=2        meanFactor=0.500  relRate=0.377
  0.4-0.6d       samples=12        events=1        meanFactor=0.632  relRate=0.440
  0.6-0.8d       samples=48        events=8        meanFactor=0.739  relRate=0.880
  0.8-1.0d       samples=28        events=6        meanFactor=0.920  relRate=1.131
  1-2d           samples=142       events=27       meanFactor=1.000  relRate=1.003
  g>=2d (free)   samples=1409      events=267      meanFactor=1.000  relRate=1.000
  TOTAL eligible tip-fires=2632  poly events=379  (boundary g<delta share=41.1%)
[GATHER] call=91000 totalDirty=0 maxThread=0 cumAvg=2815.3 cumMaxPerThread=957
[DTS-E] step 45500  E bend=2.553e-18 area=8.797e-22 vol=1.175e-20 tot=2.565e-18 J   A=18.0744/18.0739  V=7.2191/7.2226 um  |F|max=2.73e-12 N
[DTS-E] step 45500  E bend=5.053e-17 area=6.015e-22 vol=1.425e-20 tot=5.054e-17 J   A=15.1872/15.1871  V=5.5603/5.5632 um  |F|max=3.90e-11 N
[DTS-ARP] step 45500  maxConc=1.0000  meanConc=0.0825  spread=1499/2562 verts >1%
[DTS-FORMIN] step 45500  mothers nucleated=36  pool remaining=0.0 over 0 hot verts
[MCA] step 45500 linked=2570/2570  gap=0.100  bilayerMaxR=1.278 cortexMaxR=1.159
[FLIP] step 45500 membrane#0 flips=0/7704 verify=true
[FLIP] step 45500 membrane#1 flips=0/7680 verify=true
[DTS-ACTIN] step 45500  filaments contacting membrane = 13 / 57
[GATHER] call=92000 totalDirty=0 maxThread=0 cumAvg=2815.7 cumMaxPerThread=958
Sim. time=00.46....~34.77 minutes computation to simulate 1 sec, run finished in ~00.31 hours
[DTS-E] step 46000  E bend=2.546e-18 area=5.875e-22 vol=1.113e-20 tot=2.557e-18 J   A=18.0743/18.0739  V=7.2192/7.2226 um  |F|max=2.09e-12 N
[DTS-E] step 46000  E bend=5.056e-17 area=9.868e-22 vol=1.485e-20 tot=5.058e-17 J   A=15.1873/15.1871  V=5.5602/5.5632 um  |F|max=3.88e-11 N
[DTS-ARP] step 46000  maxConc=1.0000  meanConc=0.0825  spread=1499/2562 verts >1%
[DTS-FORMIN] step 46000  mothers nucleated=36  pool remaining=0.0 over 0 hot verts
[MCA] step 46000 linked=2571/2571  gap=0.100  bilayerMaxR=1.274 cortexMaxR=1.161
[FLIP] step 46000 membrane#0 flips=0/7707 verify=true
[FLIP] step 46000 membrane#1 flips=1/7680 verify=true
[DTS-BRANCH] step 46000  fils=57 nearCortex=54 rejBorn=0  totalBranches=22
[BRANCH-DENSITY] step 46000  filLen=3.216 um  branches=22  um/branch=0.146
[DTS-ACTIN] step 46000  filaments contacting membrane = 13 / 57
[GATHER] call=93000 totalDirty=0 maxThread=0 cumAvg=2816.0 cumMaxPerThread=958
[DTS-E] step 46500  E bend=2.548e-18 area=6.669e-22 vol=1.195e-20 tot=2.560e-18 J   A=18.0744/18.0739  V=7.2191/7.2226 um  |F|max=2.05e-12 N
[DTS-E] step 46500  E bend=5.055e-17 area=8.629e-22 vol=1.560e-20 tot=5.057e-17 J   A=15.1873/15.1871  V=5.5601/5.5632 um  |F|max=3.81e-11 N
[DTS-ARP] step 46500  maxConc=1.0000  meanConc=0.0842  spread=1514/2562 verts >1%
[DTS-FORMIN] step 46500  mothers nucleated=36  pool remaining=0.0 over 0 hot verts
[MCA] step 46500 linked=2571/2571  gap=0.100  bilayerMaxR=1.277 cortexMaxR=1.161
[FLIP] step 46500 membrane#0 flips=0/7707 verify=true
[FLIP] step 46500 membrane#1 flips=0/7680 verify=true
[DTS-ACTIN] step 46500  filaments contacting membrane = 13 / 58
[GATHER] call=94000 totalDirty=0 maxThread=0 cumAvg=2816.3 cumMaxPerThread=958
[DTS-E] step 47000  E bend=2.549e-18 area=4.608e-22 vol=1.181e-20 tot=2.561e-18 J   A=18.0743/18.0739  V=7.2191/7.2226 um  |F|max=2.12e-12 N
[DTS-E] step 47000  E bend=5.054e-17 area=9.190e-22 vol=1.629e-20 tot=5.056e-17 J   A=15.1873/15.1871  V=5.5601/5.5632 um  |F|max=3.73e-11 N
[DTS-ARP] step 47000  maxConc=1.0000  meanConc=0.0842  spread=1514/2562 verts >1%
[DTS-FORMIN] step 47000  mothers nucleated=36  pool remaining=0.0 over 0 hot verts
[MCA] step 47000 linked=2571/2571  gap=0.100  bilayerMaxR=1.272 cortexMaxR=1.162
[FLIP] step 47000 membrane#0 flips=1/7707 verify=true
[FLIP] step 47000 membrane#1 flips=0/7680 verify=true
[REMESH] step 47000 split=3 -> nv=2574 nf=5144 ne=7716 verify=true
[DTS-BRANCH] step 47000  fils=59 nearCortex=56 rejBorn=0  totalBranches=24
[BRANCH-DENSITY] step 47000  filLen=3.308 um  branches=24  um/branch=0.138
[DTS-ACTIN] step 47000  filaments contacting membrane = 12 / 59
[GATHER] call=95000 totalDirty=0 maxThread=0 cumAvg=2816.6 cumMaxPerThread=958
[DTS-E] step 47500  E bend=2.553e-18 area=1.091e-21 vol=1.357e-20 tot=2.568e-18 J   A=18.0745/18.0739  V=7.2188/7.2226 um  |F|max=1.86e-12 N
[DTS-E] step 47500  E bend=5.055e-17 area=8.381e-22 vol=1.687e-20 tot=5.057e-17 J   A=15.1873/15.1871  V=5.5600/5.5632 um  |F|max=3.49e-11 N
[DTS-ARP] step 47500  maxConc=1.0000  meanConc=0.0842  spread=1514/2562 verts >1%
[DTS-FORMIN] step 47500  mothers nucleated=36  pool remaining=0.0 over 0 hot verts
[MCA] step 47500 linked=2571/2571  gap=0.100  bilayerMaxR=1.279 cortexMaxR=1.162
[FLIP] step 47500 membrane#0 flips=0/7707 verify=true
[FLIP] step 47500 membrane#1 flips=0/7680 verify=true
[DTS-ACTIN] step 47500  filaments contacting membrane = 15 / 59
[GATHER] call=96000 totalDirty=0 maxThread=0 cumAvg=2816.9 cumMaxPerThread=958
Sim. time=00.48....~34.83 minutes computation to simulate 1 sec, run finished in ~00.30 hours
[DTS-E] step 48000  E bend=2.554e-18 area=1.105e-21 vol=1.429e-20 tot=2.570e-18 J   A=18.0745/18.0739  V=7.2187/7.2226 um  |F|max=1.90e-12 N
[DTS-E] step 48000  E bend=5.059e-17 area=8.769e-22 vol=1.769e-20 tot=5.061e-17 J   A=15.1873/15.1871  V=5.5599/5.5632 um  |F|max=5.05e-11 N
[DTS-ARP] step 48000  maxConc=1.0000  meanConc=0.0832  spread=1507/2562 verts >1%
[DTS-FORMIN] step 48000  mothers nucleated=36  pool remaining=0.0 over 0 hot verts
[MCA] step 48000 linked=2571/2571  gap=0.100  bilayerMaxR=1.280 cortexMaxR=1.162
[FLIP] step 48000 membrane#0 flips=0/7707 verify=true
[FLIP] step 48000 membrane#1 flips=0/7680 verify=true
[DTS-BRANCH] step 48000  fils=60 nearCortex=57 rejBorn=0  totalBranches=25
[BRANCH-DENSITY] step 48000  filLen=3.389 um  branches=25  um/branch=0.136
[DTS-ACTIN] step 48000  filaments contacting membrane = 16 / 60
[RATCHET] poly vs gap g to membrane (delta=monomer, f=1.50e-12 N). meanFactor=closure output; relRate=realized:
  g<0 (overlap)  samples=962       events=68       meanFactor=0.374  relRate=0.364
  0.0-0.2d       samples=17        events=1        meanFactor=0.416  relRate=0.303
  0.2-0.4d       samples=29        events=3        meanFactor=0.499  relRate=0.533
  0.4-0.6d       samples=12        events=1        meanFactor=0.632  relRate=0.429
  0.6-0.8d       samples=50        events=8        meanFactor=0.741  relRate=0.824
  0.8-1.0d       samples=38        events=8        meanFactor=0.925  relRate=1.084
  1-2d           samples=146       events=28       meanFactor=1.000  relRate=0.987
  g>=2d (free)   samples=1555      events=302      meanFactor=1.000  relRate=1.000
  TOTAL eligible tip-fires=2809  poly events=419  (boundary g<delta share=39.4%)
[GATHER] call=97000 totalDirty=0 maxThread=0 cumAvg=2817.2 cumMaxPerThread=958
[DTS-E] step 48500  E bend=2.556e-18 area=1.058e-21 vol=1.490e-20 tot=2.572e-18 J   A=18.0745/18.0739  V=7.2186/7.2226 um  |F|max=2.00e-12 N
[DTS-E] step 48500  E bend=5.055e-17 area=9.759e-22 vol=1.840e-20 tot=5.057e-17 J   A=15.1873/15.1871  V=5.5599/5.5632 um  |F|max=3.34e-11 N
[DTS-ARP] step 48500  maxConc=1.0000  meanConc=0.0831  spread=1505/2562 verts >1%
[DTS-FORMIN] step 48500  mothers nucleated=36  pool remaining=0.0 over 0 hot verts
[MCA] step 48500 linked=2570/2570  gap=0.100  bilayerMaxR=1.281 cortexMaxR=1.162
[FLIP] step 48500 membrane#0 flips=0/7704 verify=true
[FLIP] step 48500 membrane#1 flips=0/7680 verify=true
[DTS-ACTIN] step 48500  filaments contacting membrane = 15 / 60
[GATHER] call=98000 totalDirty=0 maxThread=0 cumAvg=2817.4 cumMaxPerThread=958
[DTS-E] step 49000  E bend=2.555e-18 area=1.042e-21 vol=1.584e-20 tot=2.572e-18 J   A=18.0745/18.0739  V=7.2185/7.2226 um  |F|max=2.07e-12 N
[DTS-E] step 49000  E bend=5.056e-17 area=1.446e-21 vol=1.917e-20 tot=5.058e-17 J   A=15.1873/15.1871  V=5.5598/5.5632 um  |F|max=3.89e-11 N
[DTS-ARP] step 49000  maxConc=1.0000  meanConc=0.0831  spread=1505/2562 verts >1%
[DTS-FORMIN] step 49000  mothers nucleated=36  pool remaining=0.0 over 0 hot verts
[MCA] step 49000 linked=2570/2570  gap=0.100  bilayerMaxR=1.283 cortexMaxR=1.163
[FLIP] step 49000 membrane#0 flips=0/7704 verify=true
[FLIP] step 49000 membrane#1 flips=0/7680 verify=true
[DTS-BRANCH] step 49000  fils=60 nearCortex=56 rejBorn=0  totalBranches=25
[BRANCH-DENSITY] step 49000  filLen=3.443 um  branches=25  um/branch=0.138
[DTS-ACTIN] step 49000  filaments contacting membrane = 12 / 60
[GATHER] call=99000 totalDirty=0 maxThread=0 cumAvg=2817.7 cumMaxPerThread=958
[DTS-E] step 49500  E bend=2.557e-18 area=7.754e-22 vol=1.592e-20 tot=2.574e-18 J   A=18.0744/18.0739  V=7.2185/7.2226 um  |F|max=2.09e-12 N
[DTS-E] step 49500  E bend=5.055e-17 area=1.370e-21 vol=2.022e-20 tot=5.057e-17 J   A=15.1873/15.1871  V=5.5597/5.5632 um  |F|max=4.27e-11 N
[DTS-ARP] step 49500  maxConc=1.0000  meanConc=0.0831  spread=1505/2562 verts >1%
[DTS-FORMIN] step 49500  mothers nucleated=36  pool remaining=0.0 over 0 hot verts
[MCA] step 49500 linked=2572/2572  gap=0.100  bilayerMaxR=1.279 cortexMaxR=1.164
[FLIP] step 49500 membrane#0 flips=0/7710 verify=true
[FLIP] step 49500 membrane#1 flips=0/7680 verify=true
[DTS-ACTIN] step 49500  filaments contacting membrane = 12 / 61
[GATHER] call=100000 totalDirty=0 maxThread=0 cumAvg=2818.0 cumMaxPerThread=958
Sim. time=00.50....~33.27 minutes computation to simulate 1 sec, run finished in ~00.28 hours
[DTS-E] step 50000  E bend=2.561e-18 area=4.809e-23 vol=1.868e-20 tot=2.580e-18 J   A=18.0741/18.0739  V=7.2182/7.2226 um  |F|max=2.04e-12 N
[DTS-E] step 50000  E bend=5.054e-17 area=2.577e-21 vol=2.619e-20 tot=5.057e-17 J   A=15.1874/15.1871  V=5.5592/5.5632 um  |F|max=4.67e-11 N
[DTS-ARP] step 50000  maxConc=1.0000  meanConc=0.0834  spread=1509/2562 verts >1%
[DTS-FORMIN] step 50000  mothers nucleated=36  pool remaining=0.0 over 0 hot verts
[MCA] step 50000 linked=2573/2573  gap=0.100  bilayerMaxR=1.281 cortexMaxR=1.164
[FLIP] step 50000 membrane#0 flips=0/7713 verify=true
[FLIP] step 50000 membrane#1 flips=0/7680 verify=true
[DTS-BRANCH] step 50000  fils=62 nearCortex=59 rejBorn=0  totalBranches=27
[BRANCH-DENSITY] step 50000  filLen=3.556 um  branches=27  um/branch=0.132
[DTS-ACTIN] step 50000  filaments contacting membrane = 13 / 62
[GATHER] call=101000 totalDirty=0 maxThread=0 cumAvg=2818.2 cumMaxPerThread=958
[DTS-E] step 50500  E bend=2.557e-18 area=2.220e-22 vol=1.999e-20 tot=2.577e-18 J   A=18.0742/18.0739  V=7.2180/7.2226 um  |F|max=2.01e-12 N
[DTS-E] step 50500  E bend=5.055e-17 area=2.278e-21 vol=2.872e-20 tot=5.058e-17 J   A=15.1874/15.1871  V=5.5590/5.5632 um  |F|max=4.03e-11 N
[DTS-ARP] step 50500  maxConc=1.0000  meanConc=0.0835  spread=1509/2562 verts >1%
[DTS-FORMIN] step 50500  mothers nucleated=36  pool remaining=0.0 over 0 hot verts
[MCA] step 50500 linked=2574/2574  gap=0.100  bilayerMaxR=1.280 cortexMaxR=1.165
[FLIP] step 50500 membrane#0 flips=0/7716 verify=true
[FLIP] step 50500 membrane#1 flips=0/7680 verify=true
[DTS-ACTIN] step 50500  filaments contacting membrane = 13 / 63
[GATHER] call=102000 totalDirty=0 maxThread=0 cumAvg=2818.5 cumMaxPerThread=958
[DTS-E] step 51000  E bend=2.557e-18 area=7.069e-22 vol=2.046e-20 tot=2.578e-18 J   A=18.0744/18.0739  V=7.2180/7.2226 um  |F|max=2.31e-12 N
[DTS-E] step 51000  E bend=5.056e-17 area=1.854e-21 vol=2.828e-20 tot=5.059e-17 J   A=15.1873/15.1871  V=5.5590/5.5632 um  |F|max=4.76e-11 N
[DTS-ARP] step 51000  maxConc=1.0000  meanConc=0.0835  spread=1509/2562 verts >1%
[DTS-FORMIN] step 51000  mothers nucleated=36  pool remaining=0.0 over 0 hot verts
[MCA] step 51000 linked=2575/2575  gap=0.100  bilayerMaxR=1.278 cortexMaxR=1.166
[FLIP] step 51000 membrane#0 flips=0/7719 verify=true
[FLIP] step 51000 membrane#1 flips=0/7680 verify=true
[DTS-BRANCH] step 51000  fils=64 nearCortex=60 rejBorn=0  totalBranches=29
[BRANCH-DENSITY] step 51000  filLen=3.664 um  branches=29  um/branch=0.126
[DTS-ACTIN] step 51000  filaments contacting membrane = 14 / 64
[RATCHET] poly vs gap g to membrane (delta=monomer, f=1.50e-12 N). meanFactor=closure output; relRate=realized:
  g<0 (overlap)  samples=973       events=70       meanFactor=0.374  relRate=0.367
  0.0-0.2d       samples=17        events=1        meanFactor=0.416  relRate=0.300
  0.2-0.4d       samples=29        events=3        meanFactor=0.499  relRate=0.527
  0.4-0.6d       samples=12        events=1        meanFactor=0.632  relRate=0.425
  0.6-0.8d       samples=50        events=8        meanFactor=0.741  relRate=0.815
  0.8-1.0d       samples=38        events=8        meanFactor=0.925  relRate=1.073
  1-2d           samples=153       events=30       meanFactor=1.000  relRate=0.999
  g>=2d (free)   samples=1743      events=342      meanFactor=1.000  relRate=1.000
  TOTAL eligible tip-fires=3015  poly events=463  (boundary g<delta share=37.1%)
[GATHER] call=103000 totalDirty=0 maxThread=0 cumAvg=2818.7 cumMaxPerThread=958
[DTS-E] step 51500  E bend=2.564e-18 area=1.268e-21 vol=2.296e-20 tot=2.588e-18 J   A=18.0745/18.0739  V=7.2177/7.2226 um  |F|max=2.22e-12 N
[DTS-E] step 51500  E bend=5.055e-17 area=1.414e-21 vol=2.903e-20 tot=5.058e-17 J   A=15.1873/15.1871  V=5.5590/5.5632 um  |F|max=3.88e-11 N
[DTS-ARP] step 51500  maxConc=1.0000  meanConc=0.0835  spread=1509/2562 verts >1%
[DTS-FORMIN] step 51500  mothers nucleated=36  pool remaining=0.0 over 0 hot verts
[MCA] step 51500 linked=2571/2571  gap=0.100  bilayerMaxR=1.284 cortexMaxR=1.166
[FLIP] step 51500 membrane#0 flips=0/7707 verify=true
[FLIP] step 51500 membrane#1 flips=0/7680 verify=true
[DTS-ACTIN] step 51500  filaments contacting membrane = 14 / 64
[GATHER] call=104000 totalDirty=0 maxThread=0 cumAvg=2819.0 cumMaxPerThread=958
Sim. time=00.52....~34.65 minutes computation to simulate 1 sec, run finished in ~00.28 hours
[DTS-E] step 52000  E bend=2.562e-18 area=8.926e-22 vol=2.214e-20 tot=2.586e-18 J   A=18.0744/18.0739  V=7.2178/7.2226 um  |F|max=2.25e-12 N
[DTS-E] step 52000  E bend=5.056e-17 area=1.727e-21 vol=2.886e-20 tot=5.059e-17 J   A=15.1873/15.1871  V=5.5590/5.5632 um  |F|max=4.53e-11 N
[DTS-ARP] step 52000  maxConc=1.0000  meanConc=0.0843  spread=1512/2562 verts >1%
[DTS-FORMIN] step 52000  mothers nucleated=36  pool remaining=0.0 over 0 hot verts
[MCA] step 52000 linked=2571/2571  gap=0.100  bilayerMaxR=1.282 cortexMaxR=1.166
[FLIP] step 52000 membrane#0 flips=0/7707 verify=true
[FLIP] step 52000 membrane#1 flips=0/7680 verify=true
[DTS-BRANCH] step 52000  fils=64 nearCortex=59 rejBorn=0  totalBranches=29
[BRANCH-DENSITY] step 52000  filLen=3.710 um  branches=29  um/branch=0.128
[DTS-ACTIN] step 52000  filaments contacting membrane = 14 / 64
[GATHER] call=105000 totalDirty=0 maxThread=0 cumAvg=2819.2 cumMaxPerThread=958
[DTS-E] step 52500  E bend=2.560e-18 area=8.689e-22 vol=2.113e-20 tot=2.582e-18 J   A=18.0744/18.0739  V=7.2179/7.2226 um  |F|max=2.10e-12 N
[DTS-E] step 52500  E bend=5.055e-17 area=1.814e-21 vol=2.876e-20 tot=5.058e-17 J   A=15.1873/15.1871  V=5.5590/5.5632 um  |F|max=3.97e-11 N
[DTS-ARP] step 52500  maxConc=1.0000  meanConc=0.0845  spread=1515/2562 verts >1%
[DTS-FORMIN] step 52500  mothers nucleated=36  pool remaining=0.0 over 0 hot verts
[MCA] step 52500 linked=2573/2573  gap=0.100  bilayerMaxR=1.280 cortexMaxR=1.167
[FLIP] step 52500 membrane#0 flips=0/7713 verify=true
[FLIP] step 52500 membrane#1 flips=0/7680 verify=true
[DTS-ACTIN] step 52500  filaments contacting membrane = 14 / 64
[GATHER] call=106000 totalDirty=0 maxThread=0 cumAvg=2819.4 cumMaxPerThread=958
[DTS-E] step 53000  E bend=2.578e-18 area=1.314e-22 vol=2.142e-20 tot=2.600e-18 J   A=18.0741/18.0739  V=7.2179/7.2226 um  |F|max=2.49e-12 N
[DTS-E] step 53000  E bend=5.059e-17 area=2.393e-21 vol=2.861e-20 tot=5.062e-17 J   A=15.1874/15.1871  V=5.5590/5.5632 um  |F|max=4.77e-11 N
[DTS-ARP] step 53000  maxConc=1.0000  meanConc=0.0835  spread=1509/2562 verts >1%
[DTS-FORMIN] step 53000  mothers nucleated=36  pool remaining=0.0 over 0 hot verts
[MCA] step 53000 linked=2570/2570  gap=0.100  bilayerMaxR=1.285 cortexMaxR=1.167
[FLIP] step 53000 membrane#0 flips=1/7704 verify=true
[FLIP] step 53000 membrane#1 flips=0/7680 verify=true
[DTS-BRANCH] step 53000  fils=65 nearCortex=60 rejBorn=0  totalBranches=30
[BRANCH-DENSITY] step 53000  filLen=3.785 um  branches=30  um/branch=0.126
[DTS-ACTIN] step 53000  filaments contacting membrane = 17 / 65
[GATHER] call=107000 totalDirty=0 maxThread=0 cumAvg=2819.6 cumMaxPerThread=958
[DTS-E] step 53500  E bend=2.569e-18 area=2.476e-22 vol=2.074e-20 tot=2.590e-18 J   A=18.0742/18.0739  V=7.2179/7.2226 um  |F|max=2.07e-12 N
[DTS-E] step 53500  E bend=5.057e-17 area=1.569e-21 vol=2.797e-20 tot=5.059e-17 J   A=15.1873/15.1871  V=5.5591/5.5632 um  |F|max=3.76e-11 N
[DTS-ARP] step 53500  maxConc=1.0000  meanConc=0.0835  spread=1509/2562 verts >1%
[DTS-FORMIN] step 53500  mothers nucleated=36  pool remaining=0.0 over 0 hot verts
[MCA] step 53500 linked=2572/2572  gap=0.100  bilayerMaxR=1.285 cortexMaxR=1.168
[FLIP] step 53500 membrane#0 flips=0/7710 verify=true
[FLIP] step 53500 membrane#1 flips=1/7680 verify=true
[DTS-ACTIN] step 53500  filaments contacting membrane = 16 / 66
[GATHER] call=108000 totalDirty=0 maxThread=0 cumAvg=2819.8 cumMaxPerThread=958
Sim. time=00.54....~34.69 minutes computation to simulate 1 sec, run finished in ~00.27 hours
[DTS-E] step 54000  E bend=2.578e-18 area=5.780e-22 vol=2.243e-20 tot=2.601e-18 J   A=18.0743/18.0739  V=7.2178/7.2226 um  |F|max=2.57e-12 N
[DTS-E] step 54000  E bend=5.057e-17 area=1.926e-21 vol=2.784e-20 tot=5.060e-17 J   A=15.1873/15.1871  V=5.5591/5.5632 um  |F|max=4.32e-11 N
[DTS-ARP] step 54000  maxConc=1.0000  meanConc=0.0835  spread=1509/2562 verts >1%
[DTS-FORMIN] step 54000  mothers nucleated=36  pool remaining=0.0 over 0 hot verts
[MCA] step 54000 linked=2573/2573  gap=0.100  bilayerMaxR=1.289 cortexMaxR=1.168
[FLIP] step 54000 membrane#0 flips=0/7713 verify=true
[FLIP] step 54000 membrane#1 flips=0/7680 verify=true
[DTS-BRANCH] step 54000  fils=66 nearCortex=61 rejBorn=0  totalBranches=31
[BRANCH-DENSITY] step 54000  filLen=3.847 um  branches=31  um/branch=0.124
[DTS-ACTIN] step 54000  filaments contacting membrane = 17 / 66
[RATCHET] poly vs gap g to membrane (delta=monomer, f=1.50e-12 N). meanFactor=closure output; relRate=realized:
  g<0 (overlap)  samples=977       events=70       meanFactor=0.374  relRate=0.368
  0.0-0.2d       samples=17        events=1        meanFactor=0.416  relRate=0.302
  0.2-0.4d       samples=29        events=3        meanFactor=0.499  relRate=0.532
  0.4-0.6d       samples=12        events=1        meanFactor=0.632  relRate=0.428
  0.6-0.8d       samples=50        events=8        meanFactor=0.741  relRate=0.823
  0.8-1.0d       samples=39        events=8        meanFactor=0.927  relRate=1.055
  1-2d           samples=163       events=31       meanFactor=1.000  relRate=0.978
  g>=2d (free)   samples=1887      events=367      meanFactor=1.000  relRate=1.000
  TOTAL eligible tip-fires=3174  poly events=489  (boundary g<delta share=35.4%)
[GATHER] call=109000 totalDirty=0 maxThread=0 cumAvg=2820.0 cumMaxPerThread=958
[DTS-E] step 54500  E bend=2.574e-18 area=1.198e-21 vol=2.575e-20 tot=2.601e-18 J   A=18.0745/18.0739  V=7.2174/7.2226 um  |F|max=2.05e-12 N
[DTS-E] step 54500  E bend=5.022e-17 area=2.876e-21 vol=3.708e-20 tot=5.026e-17 J   A=15.1874/15.1871  V=5.5584/5.5632 um  |F|max=3.59e-11 N
[DTS-ARP] step 54500  maxConc=1.0000  meanConc=0.0842  spread=1510/2562 verts >1%
[DTS-FORMIN] step 54500  mothers nucleated=36  pool remaining=0.0 over 0 hot verts
[MCA] step 54500 linked=2573/2573  gap=0.100  bilayerMaxR=1.283 cortexMaxR=1.169
[FLIP] step 54500 membrane#0 flips=0/7713 verify=true
[FLIP] step 54500 membrane#1 flips=0/7680 verify=true
[DTS-ACTIN] step 54500  filaments contacting membrane = 17 / 67
[GATHER] call=110000 totalDirty=0 maxThread=0 cumAvg=2820.3 cumMaxPerThread=958
[DTS-E] step 55000  E bend=2.579e-18 area=8.977e-22 vol=3.019e-20 tot=2.610e-18 J   A=18.0744/18.0739  V=7.2170/7.2226 um  |F|max=1.99e-12 N
[DTS-E] step 55000  E bend=4.983e-17 area=9.142e-21 vol=5.856e-20 tot=4.990e-17 J   A=15.1876/15.1871  V=5.5572/5.5632 um  |F|max=4.26e-11 N
[DTS-ARP] step 55000  maxConc=1.0000  meanConc=0.0844  spread=1510/2562 verts >1%
[DTS-FORMIN] step 55000  mothers nucleated=36  pool remaining=0.0 over 0 hot verts
[MCA] step 55000 linked=2576/2576  gap=0.100  bilayerMaxR=1.279 cortexMaxR=1.169
[FLIP] step 55000 membrane#0 flips=0/7722 verify=true
[FLIP] step 55000 membrane#1 flips=0/7680 verify=true
[DTS-BRANCH] step 55000  fils=67 nearCortex=61 rejBorn=0  totalBranches=32
[BRANCH-DENSITY] step 55000  filLen=3.896 um  branches=32  um/branch=0.122
[DTS-ACTIN] step 55000  filaments contacting membrane = 14 / 67
[GATHER] call=111000 totalDirty=0 maxThread=0 cumAvg=2820.6 cumMaxPerThread=958
[DTS-E] step 55500  E bend=2.602e-18 area=2.029e-21 vol=3.869e-20 tot=2.643e-18 J   A=18.0746/18.0739  V=7.2162/7.2226 um  |F|max=2.28e-12 N
[DTS-E] step 55500  E bend=4.972e-17 area=2.780e-22 vol=7.545e-20 tot=4.980e-17 J   A=15.1872/15.1871  V=5.5564/5.5632 um  |F|max=3.08e-11 N
[DTS-ARP] step 55500  maxConc=1.0000  meanConc=0.0849  spread=1517/2562 verts >1%
[DTS-FORMIN] step 55500  mothers nucleated=36  pool remaining=0.0 over 0 hot verts
[MCA] step 55500 linked=2576/2576  gap=0.100  bilayerMaxR=1.283 cortexMaxR=1.169
[FLIP] step 55500 membrane#0 flips=0/7722 verify=true
[FLIP] step 55500 membrane#1 flips=0/7680 verify=true
[DTS-ACTIN] step 55500  filaments contacting membrane = 13 / 67
[GATHER] call=112000 totalDirty=0 maxThread=0 cumAvg=2820.8 cumMaxPerThread=958
Sim. time=00.56....~33.33 minutes computation to simulate 1 sec, run finished in ~00.24 hours
[DTS-E] step 56000  E bend=2.599e-18 area=5.399e-22 vol=4.474e-20 tot=2.644e-18 J   A=18.0743/18.0739  V=7.2158/7.2226 um  |F|max=2.60e-12 N
[DTS-E] step 56000  E bend=4.992e-17 area=8.484e-26 vol=7.947e-20 tot=4.999e-17 J   A=15.1871/15.1871  V=5.5562/5.5632 um  |F|max=3.24e-11 N
[DTS-ARP] step 56000  maxConc=1.0000  meanConc=0.0860  spread=1523/2562 verts >1%
[DTS-FORMIN] step 56000  mothers nucleated=36  pool remaining=0.0 over 0 hot verts
[MCA] step 56000 linked=2579/2579  gap=0.100  bilayerMaxR=1.282 cortexMaxR=1.169
[FLIP] step 56000 membrane#0 flips=0/7731 verify=true
[FLIP] step 56000 membrane#1 flips=1/7680 verify=true
[DTS-BRANCH] step 56000  fils=67 nearCortex=62 rejBorn=0  totalBranches=32
[BRANCH-DENSITY] step 56000  filLen=3.926 um  branches=32  um/branch=0.123
[DTS-ACTIN] step 56000  filaments contacting membrane = 14 / 67
[GATHER] call=113000 totalDirty=0 maxThread=0 cumAvg=2821.1 cumMaxPerThread=958
[DTS-E] step 56500  E bend=2.598e-18 area=4.841e-22 vol=4.483e-20 tot=2.643e-18 J   A=18.0743/18.0739  V=7.2158/7.2226 um  |F|max=1.90e-12 N
[DTS-E] step 56500  E bend=4.970e-17 area=2.891e-21 vol=8.445e-20 tot=4.979e-17 J   A=15.1874/15.1871  V=5.5560/5.5632 um  |F|max=3.30e-11 N
[DTS-ARP] step 56500  maxConc=1.0000  meanConc=0.0859  spread=1518/2562 verts >1%
[DTS-FORMIN] step 56500  mothers nucleated=36  pool remaining=0.0 over 0 hot verts
[MCA] step 56500 linked=2577/2577  gap=0.100  bilayerMaxR=1.283 cortexMaxR=1.169
[FLIP] step 56500 membrane#0 flips=1/7725 verify=true
[FLIP] step 56500 membrane#1 flips=0/7680 verify=true
[DTS-ACTIN] step 56500  filaments contacting membrane = 12 / 67
[GATHER] call=114000 totalDirty=0 maxThread=0 cumAvg=2821.4 cumMaxPerThread=958
[DTS-E] step 57000  E bend=2.609e-18 area=2.688e-21 vol=5.542e-20 tot=2.667e-18 J   A=18.0748/18.0739  V=7.2150/7.2226 um  |F|max=2.29e-12 N
[DTS-E] step 57000  E bend=4.958e-17 area=1.808e-24 vol=9.769e-20 tot=4.967e-17 J   A=15.1871/15.1871  V=5.5555/5.5632 um  |F|max=3.21e-11 N
[DTS-ARP] step 57000  maxConc=1.0000  meanConc=0.0868  spread=1524/2562 verts >1%
[DTS-FORMIN] step 57000  mothers nucleated=36  pool remaining=0.0 over 0 hot verts
[MCA] step 57000 linked=2577/2577  gap=0.100  bilayerMaxR=1.285 cortexMaxR=1.169
[FLIP] step 57000 membrane#0 flips=0/7725 verify=true
[FLIP] step 57000 membrane#1 flips=0/7680 verify=true
[DTS-BRANCH] step 57000  fils=69 nearCortex=63 rejBorn=0  totalBranches=34
[BRANCH-DENSITY] step 57000  filLen=3.991 um  branches=34  um/branch=0.117
[DTS-ACTIN] step 57000  filaments contacting membrane = 12 / 69
[RATCHET] poly vs gap g to membrane (delta=monomer, f=1.50e-12 N). meanFactor=closure output; relRate=realized:
  g<0 (overlap)  samples=1007      events=72       meanFactor=0.374  relRate=0.368
  0.0-0.2d       samples=17        events=1        meanFactor=0.416  relRate=0.302
  0.2-0.4d       samples=29        events=3        meanFactor=0.499  relRate=0.532
  0.4-0.6d       samples=12        events=1        meanFactor=0.632  relRate=0.428
  0.6-0.8d       samples=50        events=8        meanFactor=0.741  relRate=0.823
  0.8-1.0d       samples=39        events=8        meanFactor=0.927  relRate=1.055
  1-2d           samples=163       events=31       meanFactor=1.000  relRate=0.978
  g>=2d (free)   samples=1923      events=374      meanFactor=1.000  relRate=1.000
  TOTAL eligible tip-fires=3240  poly events=498  (boundary g<delta share=35.6%)
[GATHER] call=115000 totalDirty=0 maxThread=0 cumAvg=2821.7 cumMaxPerThread=958
[DTS-E] step 57500  E bend=2.616e-18 area=2.857e-21 vol=6.191e-20 tot=2.681e-18 J   A=18.0748/18.0739  V=7.2146/7.2226 um  |F|max=2.04e-12 N
[DTS-E] step 57500  E bend=4.951e-17 area=7.613e-23 vol=1.104e-19 tot=4.962e-17 J   A=15.1871/15.1871  V=5.5550/5.5632 um  |F|max=3.30e-11 N
[DTS-ARP] step 57500  maxConc=1.0000  meanConc=0.0867  spread=1524/2562 verts >1%
[DTS-FORMIN] step 57500  mothers nucleated=36  pool remaining=0.0 over 0 hot verts
[MCA] step 57500 linked=2580/2580  gap=0.100  bilayerMaxR=1.287 cortexMaxR=1.169
[FLIP] step 57500 membrane#0 flips=0/7734 verify=true
[FLIP] step 57500 membrane#1 flips=0/7680 verify=true
[DTS-ACTIN] step 57500  filaments contacting membrane = 11 / 69
[GATHER] call=116000 totalDirty=0 maxThread=0 cumAvg=2821.9 cumMaxPerThread=958
Sim. time=00.58....~35.13 minutes computation to simulate 1 sec, run finished in ~00.25 hours
[DTS-E] step 58000  E bend=2.601e-18 area=1.826e-21 vol=6.169e-20 tot=2.665e-18 J   A=18.0746/18.0739  V=7.2146/7.2226 um  |F|max=2.12e-12 N
[DTS-E] step 58000  E bend=4.946e-17 area=5.100e-21 vol=1.305e-19 tot=4.960e-17 J   A=15.1868/15.1871  V=5.5542/5.5632 um  |F|max=4.07e-11 N
[DTS-ARP] step 58000  maxConc=1.0000  meanConc=0.0866  spread=1524/2562 verts >1%
[DTS-FORMIN] step 58000  mothers nucleated=36  pool remaining=0.0 over 0 hot verts
[MCA] step 58000 linked=2574/2574  gap=0.100  bilayerMaxR=1.284 cortexMaxR=1.169
[FLIP] step 58000 membrane#0 flips=0/7716 verify=true
[FLIP] step 58000 membrane#1 flips=0/7680 verify=true
[COLLAPSE] step 58000 collapse=1 -> nv=2573 nf=5142 ne=7713 verify=true
[DTS-BRANCH] step 58000  fils=69 nearCortex=63 rejBorn=0  totalBranches=34
[BRANCH-DENSITY] step 58000  filLen=4.010 um  branches=34  um/branch=0.118
[DTS-ACTIN] step 58000  filaments contacting membrane = 15 / 69
[GATHER] call=117000 totalDirty=0 maxThread=0 cumAvg=2822.2 cumMaxPerThread=958
[DTS-E] step 58500  E bend=2.597e-18 area=1.533e-21 vol=6.347e-20 tot=2.662e-18 J   A=18.0746/18.0739  V=7.2145/7.2226 um  |F|max=2.26e-12 N
[DTS-E] step 58500  E bend=4.943e-17 area=7.368e-21 vol=1.458e-19 tot=4.958e-17 J   A=15.1868/15.1871  V=5.5537/5.5632 um  |F|max=4.66e-11 N
[DTS-ARP] step 58500  maxConc=1.0000  meanConc=0.0865  spread=1524/2562 verts >1%
[DTS-FORMIN] step 58500  mothers nucleated=36  pool remaining=0.0 over 0 hot verts
[MCA] step 58500 linked=2578/2578  gap=0.100  bilayerMaxR=1.277 cortexMaxR=1.169
[FLIP] step 58500 membrane#0 flips=0/7728 verify=true
[FLIP] step 58500 membrane#1 flips=0/7680 verify=true
[DTS-ACTIN] step 58500  filaments contacting membrane = 11 / 69
[GATHER] call=118000 totalDirty=0 maxThread=0 cumAvg=2822.4 cumMaxPerThread=958
[DTS-E] step 59000  E bend=2.618e-18 area=3.039e-21 vol=7.352e-20 tot=2.694e-18 J   A=18.0748/18.0739  V=7.2138/7.2226 um  |F|max=2.31e-12 N
[DTS-E] step 59000  E bend=4.943e-17 area=8.294e-21 vol=1.548e-19 tot=4.960e-17 J   A=15.1867/15.1871  V=5.5534/5.5632 um  |F|max=4.63e-11 N
[DTS-ARP] step 59000  maxConc=1.0000  meanConc=0.0865  spread=1524/2562 verts >1%
[DTS-FORMIN] step 59000  mothers nucleated=36  pool remaining=0.0 over 0 hot verts
[MCA] step 59000 linked=2579/2579  gap=0.100  bilayerMaxR=1.281 cortexMaxR=1.170
[FLIP] step 59000 membrane#0 flips=0/7731 verify=true
[FLIP] step 59000 membrane#1 flips=0/7680 verify=true
[DTS-BRANCH] step 59000  fils=69 nearCortex=64 rejBorn=0  totalBranches=34
[BRANCH-DENSITY] step 59000  filLen=4.047 um  branches=34  um/branch=0.119
[DTS-ACTIN] step 59000  filaments contacting membrane = 13 / 69
[GATHER] call=119000 totalDirty=0 maxThread=0 cumAvg=2822.7 cumMaxPerThread=958
[DTS-E] step 59500  E bend=2.609e-18 area=3.728e-21 vol=7.888e-20 tot=2.692e-18 J   A=18.0749/18.0739  V=7.2135/7.2226 um  |F|max=2.31e-12 N
[DTS-E] step 59500  E bend=4.934e-17 area=9.615e-21 vol=1.695e-19 tot=4.951e-17 J   A=15.1867/15.1871  V=5.5530/5.5632 um  |F|max=4.71e-11 N
[DTS-ARP] step 59500  maxConc=1.0000  meanConc=0.0865  spread=1524/2562 verts >1%
[DTS-FORMIN] step 59500  mothers nucleated=36  pool remaining=0.0 over 0 hot verts
[MCA] step 59500 linked=2577/2577  gap=0.100  bilayerMaxR=1.285 cortexMaxR=1.170
[FLIP] step 59500 membrane#0 flips=0/7725 verify=true
[FLIP] step 59500 membrane#1 flips=0/7680 verify=true
[DTS-ACTIN] step 59500  filaments contacting membrane = 13 / 69
[GATHER] call=120000 totalDirty=0 maxThread=0 cumAvg=2822.9 cumMaxPerThread=958
Sim. time=00.60....~34.88 minutes computation to simulate 1 sec, run finished in ~00.23 hours
[DTS-E] step 60000  E bend=2.609e-18 area=3.230e-21 vol=8.282e-20 tot=2.695e-18 J   A=18.0748/18.0739  V=7.2133/7.2226 um  |F|max=2.14e-12 N
[DTS-E] step 60000  E bend=4.930e-17 area=1.525e-20 vol=1.829e-19 tot=4.950e-17 J   A=15.1866/15.1871  V=5.5526/5.5632 um  |F|max=5.27e-11 N
[DTS-ARP] step 60000  maxConc=1.0000  meanConc=0.0865  spread=1524/2562 verts >1%
[DTS-FORMIN] step 60000  mothers nucleated=36  pool remaining=0.0 over 0 hot verts
[MCA] step 60000 linked=2575/2575  gap=0.100  bilayerMaxR=1.288 cortexMaxR=1.170
[FLIP] step 60000 membrane#0 flips=0/7719 verify=true
[FLIP] step 60000 membrane#1 flips=0/7680 verify=true
[DTS-BRANCH] step 60000  fils=69 nearCortex=64 rejBorn=0  totalBranches=34
[BRANCH-DENSITY] step 60000  filLen=4.077 um  branches=34  um/branch=0.120
[DTS-ACTIN] step 60000  filaments contacting membrane = 14 / 69
[RATCHET] poly vs gap g to membrane (delta=monomer, f=1.50e-12 N). meanFactor=closure output; relRate=realized:
  g<0 (overlap)  samples=1037      events=75       meanFactor=0.374  relRate=0.371
  0.0-0.2d       samples=17        events=1        meanFactor=0.416  relRate=0.302
  0.2-0.4d       samples=29        events=3        meanFactor=0.499  relRate=0.531
  0.4-0.6d       samples=12        events=1        meanFactor=0.632  relRate=0.428
  0.6-0.8d       samples=50        events=8        meanFactor=0.741  relRate=0.821
  0.8-1.0d       samples=40        events=8        meanFactor=0.927  relRate=1.026
  1-2d           samples=177       events=32       meanFactor=1.000  relRate=0.928
  g>=2d (free)   samples=1996      events=389      meanFactor=1.000  relRate=1.000
  TOTAL eligible tip-fires=3358  poly events=517  (boundary g<delta share=35.3%)
[GATHER] call=121000 totalDirty=0 maxThread=0 cumAvg=2823.2 cumMaxPerThread=958
[DTS-E] step 60500  E bend=2.611e-18 area=3.188e-21 vol=8.399e-20 tot=2.699e-18 J   A=18.0748/18.0739  V=7.2132/7.2226 um  |F|max=2.12e-12 N
[DTS-E] step 60500  E bend=4.929e-17 area=1.976e-20 vol=1.925e-19 tot=4.950e-17 J   A=15.1865/15.1871  V=5.5523/5.5632 um  |F|max=5.61e-11 N
[DTS-ARP] step 60500  maxConc=1.0000  meanConc=0.0864  spread=1522/2562 verts >1%
[DTS-FORMIN] step 60500  mothers nucleated=36  pool remaining=0.0 over 0 hot verts
[MCA] step 60500 linked=2580/2580  gap=0.100  bilayerMaxR=1.280 cortexMaxR=1.172
[FLIP] step 60500 membrane#0 flips=0/7734 verify=true
[FLIP] step 60500 membrane#1 flips=1/7680 verify=true
[DTS-ACTIN] step 60500  filaments contacting membrane = 15 / 70
[GATHER] call=122000 totalDirty=0 maxThread=0 cumAvg=2823.6 cumMaxPerThread=958
[DTS-E] step 61000  E bend=2.604e-18 area=3.647e-21 vol=8.854e-20 tot=2.696e-18 J   A=18.0749/18.0739  V=7.2130/7.2226 um  |F|max=2.87e-12 N
[DTS-E] step 61000  E bend=4.925e-17 area=2.467e-20 vol=2.043e-19 tot=4.948e-17 J   A=15.1864/15.1871  V=5.5520/5.5632 um  |F|max=6.04e-11 N
[DTS-ARP] step 61000  maxConc=1.0000  meanConc=0.0864  spread=1522/2562 verts >1%
[DTS-FORMIN] step 61000  mothers nucleated=36  pool remaining=0.0 over 0 hot verts
[MCA] step 61000 linked=2581/2581  gap=0.100  bilayerMaxR=1.277 cortexMaxR=1.173
[FLIP] step 61000 membrane#0 flips=0/7737 verify=true
[FLIP] step 61000 membrane#1 flips=0/7680 verify=true
[DTS-BRANCH] step 61000  fils=70 nearCortex=65 rejBorn=0  totalBranches=35
[BRANCH-DENSITY] step 61000  filLen=4.126 um  branches=35  um/branch=0.118
[DTS-ACTIN] step 61000  filaments contacting membrane = 15 / 70
[GATHER] call=123000 totalDirty=0 maxThread=0 cumAvg=2823.8 cumMaxPerThread=958
[DTS-E] step 61500  E bend=2.617e-18 area=5.483e-21 vol=9.352e-20 tot=2.716e-18 J   A=18.0751/18.0739  V=7.2127/7.2226 um  |F|max=2.30e-12 N
[DTS-E] step 61500  E bend=4.919e-17 area=3.772e-20 vol=2.153e-19 tot=4.945e-17 J   A=15.1863/15.1871  V=5.5517/5.5632 um  |F|max=6.73e-11 N
[DTS-ARP] step 61500  maxConc=1.0000  meanConc=0.0866  spread=1523/2562 verts >1%
[DTS-FORMIN] step 61500  mothers nucleated=36  pool remaining=0.0 over 0 hot verts
[MCA] step 61500 linked=2579/2579  gap=0.100  bilayerMaxR=1.282 cortexMaxR=1.172
[FLIP] step 61500 membrane#0 flips=0/7731 verify=true
[FLIP] step 61500 membrane#1 flips=0/7680 verify=true
[DTS-ACTIN] step 61500  filaments contacting membrane = 17 / 72
[GATHER] call=124000 totalDirty=0 maxThread=0 cumAvg=2824.1 cumMaxPerThread=958
Sim. time=00.62....~33.84 minutes computation to simulate 1 sec, run finished in ~00.21 hours
[DTS-E] step 62000  E bend=2.611e-18 area=3.746e-21 vol=9.079e-20 tot=2.706e-18 J   A=18.0749/18.0739  V=7.2129/7.2226 um  |F|max=2.26e-12 N
[DTS-E] step 62000  E bend=4.916e-17 area=4.347e-20 vol=2.315e-19 tot=4.943e-17 J   A=15.1862/15.1871  V=5.5513/5.5632 um  |F|max=7.47e-11 N
[DTS-ARP] step 62000  maxConc=1.0000  meanConc=0.0869  spread=1525/2562 verts >1%
[DTS-FORMIN] step 62000  mothers nucleated=36  pool remaining=0.0 over 0 hot verts
[MCA] step 62000 linked=2581/2581  gap=0.100  bilayerMaxR=1.278 cortexMaxR=1.173
[FLIP] step 62000 membrane#0 flips=0/7737 verify=true
[FLIP] step 62000 membrane#1 flips=0/7680 verify=true
[DTS-BRANCH] step 62000  fils=72 nearCortex=68 rejBorn=0  totalBranches=37
[BRANCH-DENSITY] step 62000  filLen=4.209 um  branches=37  um/branch=0.114
[DTS-ACTIN] step 62000  filaments contacting membrane = 15 / 72
[GATHER] call=125000 totalDirty=0 maxThread=0 cumAvg=2824.4 cumMaxPerThread=958
[DTS-E] step 62500  E bend=2.607e-18 area=4.198e-21 vol=9.403e-20 tot=2.706e-18 J   A=18.0750/18.0739  V=7.2127/7.2226 um  |F|max=2.20e-12 N
[DTS-E] step 62500  E bend=4.905e-17 area=3.611e-20 vol=2.455e-19 tot=4.933e-17 J   A=15.1863/15.1871  V=5.5509/5.5632 um  |F|max=5.95e-11 N
[DTS-ARP] step 62500  maxConc=1.0000  meanConc=0.0867  spread=1524/2562 verts >1%
[DTS-FORMIN] step 62500  mothers nucleated=36  pool remaining=0.0 over 0 hot verts
[MCA] step 62500 linked=2583/2583  gap=0.100  bilayerMaxR=1.279 cortexMaxR=1.173
[FLIP] step 62500 membrane#0 flips=0/7743 verify=true
[FLIP] step 62500 membrane#1 flips=0/7680 verify=true
[DTS-ACTIN] step 62500  filaments contacting membrane = 17 / 72
[GATHER] call=126000 totalDirty=0 maxThread=0 cumAvg=2824.7 cumMaxPerThread=958
[DTS-E] step 63000  E bend=2.622e-18 area=5.528e-21 vol=1.004e-19 tot=2.728e-18 J   A=18.0751/18.0739  V=7.2124/7.2226 um  |F|max=2.15e-12 N
[DTS-E] step 63000  E bend=4.910e-17 area=9.982e-20 vol=2.629e-19 tot=4.946e-17 J   A=15.1857/15.1871  V=5.5505/5.5632 um  |F|max=8.36e-11 N
[DTS-ARP] step 63000  maxConc=1.0000  meanConc=0.0868  spread=1524/2562 verts >1%
[DTS-FORMIN] step 63000  mothers nucleated=36  pool remaining=0.0 over 0 hot verts
[MCA] step 63000 linked=2582/2582  gap=0.100  bilayerMaxR=1.285 cortexMaxR=1.172
[FLIP] step 63000 membrane#0 flips=0/7740 verify=true
[FLIP] step 63000 membrane#1 flips=4/7680 verify=true
[DTS-BRANCH] step 63000  fils=72 nearCortex=67 rejBorn=0  totalBranches=37
[BRANCH-DENSITY] step 63000  filLen=4.244 um  branches=37  um/branch=0.115
[DTS-ACTIN] step 63000  filaments contacting membrane = 18 / 72
[RATCHET] poly vs gap g to membrane (delta=monomer, f=1.50e-12 N). meanFactor=closure output; relRate=realized:
  g<0 (overlap)  samples=1072      events=75       meanFactor=0.374  relRate=0.357
  0.0-0.2d       samples=17        events=1        meanFactor=0.416  relRate=0.300
  0.2-0.4d       samples=35        events=3        meanFactor=0.496  relRate=0.437
  0.4-0.6d       samples=12        events=1        meanFactor=0.632  relRate=0.425
  0.6-0.8d       samples=50        events=8        meanFactor=0.741  relRate=0.816
  0.8-1.0d       samples=40        events=8        meanFactor=0.927  relRate=1.020
  1-2d           samples=189       events=33       meanFactor=1.000  relRate=0.890
  g>=2d (free)   samples=2080      events=408      meanFactor=1.000  relRate=1.000
  TOTAL eligible tip-fires=3495  poly events=537  (boundary g<delta share=35.1%)
[GATHER] call=127000 totalDirty=0 maxThread=0 cumAvg=2824.9 cumMaxPerThread=958
[DTS-E] step 63500  E bend=2.619e-18 area=3.290e-21 vol=7.267e-20 tot=2.695e-18 J   A=18.0748/18.0739  V=7.2139/7.2226 um  |F|max=2.22e-12 N
[DTS-E] step 63500  E bend=4.983e-17 area=5.829e-23 vol=1.211e-19 tot=4.995e-17 J   A=15.1871/15.1871  V=5.5546/5.5632 um  |F|max=3.11e-11 N
[DTS-ARP] step 63500  maxConc=1.0000  meanConc=0.0881  spread=1525/2562 verts >1%
[DTS-FORMIN] step 63500  mothers nucleated=36  pool remaining=0.0 over 0 hot verts
[MCA] step 63500 linked=2583/2583  gap=0.100  bilayerMaxR=1.283 cortexMaxR=1.170
[FLIP] step 63500 membrane#0 flips=0/7743 verify=true
[FLIP] step 63500 membrane#1 flips=0/7680 verify=true
[DTS-ACTIN] step 63500  filaments contacting membrane = 14 / 73
[GATHER] call=128000 totalDirty=0 maxThread=0 cumAvg=2825.2 cumMaxPerThread=958
Sim. time=00.64....~32.75 minutes computation to simulate 1 sec, run finished in ~00.20 hours
[DTS-E] step 64000  E bend=2.617e-18 area=2.767e-21 vol=7.319e-20 tot=2.693e-18 J   A=18.0748/18.0739  V=7.2139/7.2226 um  |F|max=2.17e-12 N
[DTS-E] step 64000  E bend=4.974e-17 area=3.807e-22 vol=1.279e-19 tot=4.987e-17 J   A=15.1871/15.1871  V=5.5543/5.5632 um  |F|max=5.29e-11 N
[DTS-ARP] step 64000  maxConc=1.0000  meanConc=0.0883  spread=1525/2562 verts >1%
[DTS-FORMIN] step 64000  mothers nucleated=36  pool remaining=0.0 over 0 hot verts
[MCA] step 64000 linked=2584/2584  gap=0.100  bilayerMaxR=1.286 cortexMaxR=1.170
[FLIP] step 64000 membrane#0 flips=0/7746 verify=true
[FLIP] step 64000 membrane#1 flips=0/7680 verify=true
[DTS-BRANCH] step 64000  fils=73 nearCortex=65 rejBorn=0  totalBranches=38
[BRANCH-DENSITY] step 64000  filLen=4.307 um  branches=38  um/branch=0.113
[DTS-ACTIN] step 64000  filaments contacting membrane = 15 / 73
[GATHER] call=129000 totalDirty=0 maxThread=0 cumAvg=2825.5 cumMaxPerThread=958
[DTS-E] step 64500  E bend=2.617e-18 area=1.474e-21 vol=7.769e-20 tot=2.696e-18 J   A=18.0745/18.0739  V=7.2136/7.2226 um  |F|max=2.37e-12 N
[DTS-E] step 64500  E bend=4.969e-17 area=3.618e-21 vol=1.468e-19 tot=4.984e-17 J   A=15.1869/15.1871  V=5.5537/5.5632 um  |F|max=6.33e-11 N
[DTS-ARP] step 64500  maxConc=1.0000  meanConc=0.0881  spread=1525/2562 verts >1%
[DTS-FORMIN] step 64500  mothers nucleated=36  pool remaining=0.0 over 0 hot verts
[MCA] step 64500 linked=2585/2585  gap=0.100  bilayerMaxR=1.282 cortexMaxR=1.170
[FLIP] step 64500 membrane#0 flips=1/7749 verify=true
[FLIP] step 64500 membrane#1 flips=0/7680 verify=true
[DTS-ACTIN] step 64500  filaments contacting membrane = 16 / 73
[GATHER] call=130000 totalDirty=0 maxThread=0 cumAvg=2825.8 cumMaxPerThread=958
[DTS-E] step 65000  E bend=2.621e-18 area=3.307e-21 vol=8.315e-20 tot=2.708e-18 J   A=18.0748/18.0739  V=7.2133/7.2226 um  |F|max=2.42e-12 N
[DTS-E] step 65000  E bend=4.963e-17 area=2.495e-21 vol=1.495e-19 tot=4.978e-17 J   A=15.1869/15.1871  V=5.5536/5.5632 um  |F|max=7.73e-11 N
[DTS-ARP] step 65000  maxConc=1.0000  meanConc=0.0881  spread=1525/2562 verts >1%
[DTS-FORMIN] step 65000  mothers nucleated=36  pool remaining=0.0 over 0 hot verts
[MCA] step 65000 linked=2582/2582  gap=0.100  bilayerMaxR=1.286 cortexMaxR=1.170
[FLIP] step 65000 membrane#0 flips=0/7740 verify=true
[FLIP] step 65000 membrane#1 flips=0/7680 verify=true
[DTS-BRANCH] step 65000  fils=75 nearCortex=68 rejBorn=0  totalBranches=40
[BRANCH-DENSITY] step 65000  filLen=4.396 um  branches=40  um/branch=0.110
[DTS-ACTIN] step 65000  filaments contacting membrane = 16 / 75
[GATHER] call=131000 totalDirty=0 maxThread=0 cumAvg=2826.0 cumMaxPerThread=958
[DTS-E] step 65500  E bend=2.618e-18 area=3.429e-21 vol=8.799e-20 tot=2.710e-18 J   A=18.0749/18.0739  V=7.2130/7.2226 um  |F|max=2.09e-12 N
[DTS-E] step 65500  E bend=4.932e-17 area=6.272e-20 vol=1.428e-19 tot=4.953e-17 J   A=15.1883/15.1871  V=5.5538/5.5632 um  |F|max=6.70e-11 N
[DTS-ARP] step 65500  maxConc=1.0000  meanConc=0.0889  spread=1528/2562 verts >1%
[DTS-FORMIN] step 65500  mothers nucleated=36  pool remaining=0.0 over 0 hot verts
[MCA] step 65500 linked=2581/2581  gap=0.100  bilayerMaxR=1.284 cortexMaxR=1.171
[FLIP] step 65500 membrane#0 flips=0/7737 verify=true
[FLIP] step 65500 membrane#1 flips=0/7680 verify=true
[DTS-ACTIN] step 65500  filaments contacting membrane = 15 / 76
[GATHER] call=132000 totalDirty=0 maxThread=0 cumAvg=2826.3 cumMaxPerThread=958
Sim. time=00.66....~34.17 minutes computation to simulate 1 sec, run finished in ~00.19 hours
[DTS-E] step 66000  E bend=2.636e-18 area=2.795e-21 vol=9.109e-20 tot=2.730e-18 J   A=18.0748/18.0739  V=7.2128/7.2226 um  |F|max=2.07e-12 N
[DTS-E] step 66000  E bend=4.918e-17 area=4.827e-20 vol=1.526e-19 tot=4.938e-17 J   A=15.1881/15.1871  V=5.5535/5.5632 um  |F|max=5.91e-11 N
[DTS-ARP] step 66000  maxConc=1.0000  meanConc=0.0889  spread=1530/2562 verts >1%
[DTS-FORMIN] step 66000  mothers nucleated=36  pool remaining=0.0 over 0 hot verts
[MCA] step 66000 linked=2584/2584  gap=0.100  bilayerMaxR=1.286 cortexMaxR=1.173
[FLIP] step 66000 membrane#0 flips=0/7746 verify=true
[FLIP] step 66000 membrane#1 flips=0/7680 verify=true
[DTS-BRANCH] step 66000  fils=78 nearCortex=70 rejBorn=0  totalBranches=43
[BRANCH-DENSITY] step 66000  filLen=4.517 um  branches=43  um/branch=0.105
[DTS-ACTIN] step 66000  filaments contacting membrane = 17 / 78
[RATCHET] poly vs gap g to membrane (delta=monomer, f=1.50e-12 N). meanFactor=closure output; relRate=realized:
  g<0 (overlap)  samples=1076      events=76       meanFactor=0.374  relRate=0.362
  0.0-0.2d       samples=17        events=1        meanFactor=0.416  relRate=0.301
  0.2-0.4d       samples=35        events=3        meanFactor=0.496  relRate=0.439
  0.4-0.6d       samples=12        events=1        meanFactor=0.632  relRate=0.427
  0.6-0.8d       samples=50        events=8        meanFactor=0.741  relRate=0.819
  0.8-1.0d       samples=40        events=8        meanFactor=0.927  relRate=1.024
  1-2d           samples=189       events=33       meanFactor=1.000  relRate=0.894
  g>=2d (free)   samples=2222      events=434      meanFactor=1.000  relRate=1.000
  TOTAL eligible tip-fires=3641  poly events=564  (boundary g<delta share=33.8%)
[GATHER] call=133000 totalDirty=0 maxThread=0 cumAvg=2826.5 cumMaxPerThread=958
[DTS-E] step 66500  E bend=2.637e-18 area=3.222e-21 vol=9.402e-20 tot=2.734e-18 J   A=18.0748/18.0739  V=7.2127/7.2226 um  |F|max=2.70e-12 N
[DTS-E] step 66500  E bend=4.910e-17 area=5.510e-20 vol=1.586e-19 tot=4.932e-17 J   A=15.1882/15.1871  V=5.5533/5.5632 um  |F|max=5.97e-11 N
[DTS-ARP] step 66500  maxConc=1.0000  meanConc=0.0894  spread=1532/2562 verts >1%
[DTS-FORMIN] step 66500  mothers nucleated=36  pool remaining=0.0 over 0 hot verts
[MCA] step 66500 linked=2585/2585  gap=0.100  bilayerMaxR=1.284 cortexMaxR=1.175
[FLIP] step 66500 membrane#0 flips=0/7749 verify=true
[FLIP] step 66500 membrane#1 flips=0/7680 verify=true
[DTS-ACTIN] step 66500  filaments contacting membrane = 18 / 78
[GATHER] call=134000 totalDirty=0 maxThread=0 cumAvg=2826.8 cumMaxPerThread=958
[DTS-E] step 67000  E bend=2.642e-18 area=1.774e-21 vol=9.647e-20 tot=2.740e-18 J   A=18.0746/18.0739  V=7.2126/7.2226 um  |F|max=2.12e-12 N
[DTS-E] step 67000  E bend=4.907e-17 area=7.564e-20 vol=1.648e-19 tot=4.931e-17 J   A=15.1884/15.1871  V=5.5531/5.5632 um  |F|max=6.77e-11 N
[DTS-ARP] step 67000  maxConc=1.0000  meanConc=0.0892  spread=1532/2562 verts >1%
[DTS-FORMIN] step 67000  mothers nucleated=36  pool remaining=0.0 over 0 hot verts
[MCA] step 67000 linked=2581/2581  gap=0.100  bilayerMaxR=1.288 cortexMaxR=1.175
[FLIP] step 67000 membrane#0 flips=0/7737 verify=true
[FLIP] step 67000 membrane#1 flips=0/7680 verify=true
[DTS-BRANCH] step 67000  fils=78 nearCortex=73 rejBorn=0  totalBranches=43
[BRANCH-DENSITY] step 67000  filLen=4.568 um  branches=43  um/branch=0.106
[DTS-ACTIN] step 67000  filaments contacting membrane = 15 / 78
[GATHER] call=135000 totalDirty=0 maxThread=0 cumAvg=2827.1 cumMaxPerThread=958
[DTS-E] step 67500  E bend=2.647e-18 area=1.180e-21 vol=9.551e-20 tot=2.744e-18 J   A=18.0745/18.0739  V=7.2126/7.2226 um  |F|max=2.83e-12 N
[DTS-E] step 67500  E bend=4.904e-17 area=8.963e-20 vol=1.676e-19 tot=4.930e-17 J   A=15.1885/15.1871  V=5.5530/5.5632 um  |F|max=7.30e-11 N
[DTS-ARP] step 67500  maxConc=1.0000  meanConc=0.0893  spread=1532/2562 verts >1%
[DTS-FORMIN] step 67500  mothers nucleated=36  pool remaining=0.0 over 0 hot verts
[MCA] step 67500 linked=2584/2584  gap=0.100  bilayerMaxR=1.286 cortexMaxR=1.175
[FLIP] step 67500 membrane#0 flips=1/7746 verify=true
[FLIP] step 67500 membrane#1 flips=0/7680 verify=true
[DTS-ACTIN] step 67500  filaments contacting membrane = 16 / 78
[GATHER] call=136000 totalDirty=0 maxThread=0 cumAvg=2827.3 cumMaxPerThread=958
Sim. time=00.68....~35.52 minutes computation to simulate 1 sec, run finished in ~00.19 hours
[DTS-E] step 68000  E bend=2.639e-18 area=8.278e-21 vol=1.202e-19 tot=2.767e-18 J   A=18.0754/18.0739  V=7.2114/7.2226 um  |F|max=3.92e-12 N
[DTS-E] step 68000  E bend=4.858e-17 area=7.270e-20 vol=2.013e-19 tot=4.885e-17 J   A=15.1884/15.1871  V=5.5521/5.5632 um  |F|max=6.43e-11 N
[DTS-ARP] step 68000  maxConc=1.0000  meanConc=0.0890  spread=1530/2562 verts >1%
[DTS-FORMIN] step 68000  mothers nucleated=36  pool remaining=0.0 over 0 hot verts
[MCA] step 68000 linked=2585/2585  gap=0.100  bilayerMaxR=1.286 cortexMaxR=1.175
[FLIP] step 68000 membrane#0 flips=0/7749 verify=true
[FLIP] step 68000 membrane#1 flips=3/7680 verify=true
[DTS-BRANCH] step 68000  fils=79 nearCortex=71 rejBorn=0  totalBranches=44
[BRANCH-DENSITY] step 68000  filLen=4.622 um  branches=44  um/branch=0.105
[DTS-ACTIN] step 68000  filaments contacting membrane = 16 / 79
[GATHER] call=137000 totalDirty=0 maxThread=0 cumAvg=2827.6 cumMaxPerThread=958
[DTS-E] step 68500  E bend=2.652e-18 area=4.676e-21 vol=1.266e-19 tot=2.783e-18 J   A=18.0750/18.0739  V=7.2111/7.2226 um  |F|max=2.69e-12 N
[DTS-E] step 68500  E bend=4.845e-17 area=1.212e-19 vol=2.268e-19 tot=4.879e-17 J   A=15.1887/15.1871  V=5.5514/5.5632 um  |F|max=8.07e-11 N
[DTS-ARP] step 68500  maxConc=1.0000  meanConc=0.0890  spread=1531/2562 verts >1%
[DTS-FORMIN] step 68500  mothers nucleated=36  pool remaining=0.0 over 0 hot verts
[MCA] step 68500 linked=2585/2585  gap=0.100  bilayerMaxR=1.286 cortexMaxR=1.176
[FLIP] step 68500 membrane#0 flips=0/7749 verify=true
[FLIP] step 68500 membrane#1 flips=0/7680 verify=true
[DTS-ACTIN] step 68500  filaments contacting membrane = 16 / 79
[GATHER] call=138000 totalDirty=0 maxThread=0 cumAvg=2827.9 cumMaxPerThread=958
[DTS-E] step 69000  E bend=2.658e-18 area=3.367e-21 vol=1.300e-19 tot=2.792e-18 J   A=18.0749/18.0739  V=7.2109/7.2226 um  |F|max=2.21e-12 N
[DTS-E] step 69000  E bend=4.835e-17 area=1.414e-19 vol=2.424e-19 tot=4.873e-17 J   A=15.1888/15.1871  V=5.5510/5.5632 um  |F|max=8.49e-11 N
[DTS-ARP] step 69000  maxConc=1.0000  meanConc=0.0890  spread=1530/2562 verts >1%
[DTS-FORMIN] step 69000  mothers nucleated=36  pool remaining=0.0 over 0 hot verts
[MCA] step 69000 linked=2587/2587  gap=0.100  bilayerMaxR=1.287 cortexMaxR=1.175
[FLIP] step 69000 membrane#0 flips=0/7755 verify=true
[FLIP] step 69000 membrane#1 flips=0/7680 verify=true
[DTS-BRANCH] step 69000  fils=80 nearCortex=74 rejBorn=0  totalBranches=45
[BRANCH-DENSITY] step 69000  filLen=4.701 um  branches=45  um/branch=0.104
[DTS-ACTIN] step 69000  filaments contacting membrane = 18 / 80
[RATCHET] poly vs gap g to membrane (delta=monomer, f=1.50e-12 N). meanFactor=closure output; relRate=realized:
  g<0 (overlap)  samples=1076      events=76       meanFactor=0.374  relRate=0.363
  0.0-0.2d       samples=17        events=1        meanFactor=0.416  relRate=0.302
  0.2-0.4d       samples=35        events=3        meanFactor=0.496  relRate=0.440
  0.4-0.6d       samples=12        events=1        meanFactor=0.632  relRate=0.428
  0.6-0.8d       samples=50        events=8        meanFactor=0.741  relRate=0.821
  0.8-1.0d       samples=40        events=8        meanFactor=0.927  relRate=1.027
  1-2d           samples=191       events=33       meanFactor=1.000  relRate=0.887
  g>=2d (free)   samples=2387      events=465      meanFactor=1.000  relRate=1.000
  TOTAL eligible tip-fires=3808  poly events=595  (boundary g<delta share=32.3%)
[GATHER] call=139000 totalDirty=0 maxThread=0 cumAvg=2828.2 cumMaxPerThread=958
[DTS-E] step 69500  E bend=2.663e-18 area=7.806e-21 vol=1.473e-19 tot=2.818e-18 J   A=18.0753/18.0739  V=7.2102/7.2226 um  |F|max=3.12e-12 N
[DTS-E] step 69500  E bend=4.829e-17 area=1.551e-19 vol=2.548e-19 tot=4.870e-17 J   A=15.1889/15.1871  V=5.5507/5.5632 um  |F|max=8.74e-11 N
[DTS-ARP] step 69500  maxConc=1.0000  meanConc=0.0898  spread=1535/2562 verts >1%
[DTS-FORMIN] step 69500  mothers nucleated=36  pool remaining=0.0 over 0 hot verts
[MCA] step 69500 linked=2589/2589  gap=0.100  bilayerMaxR=1.287 cortexMaxR=1.174
[FLIP] step 69500 membrane#0 flips=1/7761 verify=true
[FLIP] step 69500 membrane#1 flips=0/7680 verify=true
[DTS-ACTIN] step 69500  filaments contacting membrane = 18 / 80
[GATHER] call=140000 totalDirty=0 maxThread=0 cumAvg=2828.4 cumMaxPerThread=958
Sim. time=00.70....~34.22 minutes computation to simulate 1 sec, run finished in ~00.17 hours
[DTS-E] step 70000  E bend=2.667e-18 area=5.523e-21 vol=1.493e-19 tot=2.822e-18 J   A=18.0751/18.0739  V=7.2101/7.2226 um  |F|max=2.66e-12 N
[DTS-E] step 70000  E bend=4.828e-17 area=1.652e-19 vol=2.660e-19 tot=4.871e-17 J   A=15.1890/15.1871  V=5.5504/5.5632 um  |F|max=8.57e-11 N
[DTS-ARP] step 70000  maxConc=1.0000  meanConc=0.0902  spread=1538/2562 verts >1%
[DTS-FORMIN] step 70000  mothers nucleated=36  pool remaining=0.0 over 0 hot verts
[MCA] step 70000 linked=2590/2590  gap=0.100  bilayerMaxR=1.289 cortexMaxR=1.174
[FLIP] step 70000 membrane#0 flips=0/7764 verify=true
[FLIP] step 70000 membrane#1 flips=1/7680 verify=true
[COLLAPSE] step 70000 collapse=2 -> nv=2588 nf=5172 ne=7758 verify=true
[DTS-BRANCH] step 70000  fils=80 nearCortex=71 rejBorn=0  totalBranches=45
[BRANCH-DENSITY] step 70000  filLen=4.774 um  branches=45  um/branch=0.106
[DTS-ACTIN] step 70000  filaments contacting membrane = 18 / 80
[GATHER] call=141000 totalDirty=0 maxThread=0 cumAvg=2828.7 cumMaxPerThread=958
[DTS-E] step 70500  E bend=2.655e-18 area=4.599e-21 vol=1.570e-19 tot=2.816e-18 J   A=18.0750/18.0739  V=7.2098/7.2226 um  |F|max=3.01e-12 N
[DTS-E] step 70500  E bend=4.826e-17 area=2.581e-19 vol=2.656e-19 tot=4.878e-17 J   A=15.1894/15.1871  V=5.5504/5.5632 um  |F|max=1.04e-10 N
[DTS-ARP] step 70500  maxConc=1.0000  meanConc=0.0906  spread=1539/2562 verts >1%
[DTS-FORMIN] step 70500  mothers nucleated=36  pool remaining=0.0 over 0 hot verts
[MCA] step 70500 linked=2591/2591  gap=0.100  bilayerMaxR=1.289 cortexMaxR=1.174
[FLIP] step 70500 membrane#0 flips=0/7767 verify=true
[FLIP] step 70500 membrane#1 flips=0/7680 verify=true
[DTS-ACTIN] step 70500  filaments contacting membrane = 17 / 80
[GATHER] call=142000 totalDirty=0 maxThread=0 cumAvg=2829.0 cumMaxPerThread=958
[DTS-E] step 71000  E bend=2.676e-18 area=4.312e-21 vol=1.570e-19 tot=2.837e-18 J   A=18.0750/18.0739  V=7.2098/7.2226 um  |F|max=3.05e-12 N
[DTS-E] step 71000  E bend=4.820e-17 area=2.498e-19 vol=2.771e-19 tot=4.873e-17 J   A=15.1894/15.1871  V=5.5501/5.5632 um  |F|max=9.57e-11 N
[DTS-ARP] step 71000  maxConc=1.0000  meanConc=0.0906  spread=1542/2562 verts >1%
[DTS-FORMIN] step 71000  mothers nucleated=36  pool remaining=0.0 over 0 hot verts
[MCA] step 71000 linked=2587/2587  gap=0.100  bilayerMaxR=1.292 cortexMaxR=1.174
[FLIP] step 71000 membrane#0 flips=0/7755 verify=true
[FLIP] step 71000 membrane#1 flips=0/7680 verify=true
[DTS-BRANCH] step 71000  fils=80 nearCortex=71 rejBorn=0  totalBranches=45
[BRANCH-DENSITY] step 71000  filLen=4.803 um  branches=45  um/branch=0.107
[DTS-ACTIN] step 71000  filaments contacting membrane = 18 / 80
[GATHER] call=143000 totalDirty=0 maxThread=0 cumAvg=2829.3 cumMaxPerThread=958
[DTS-E] step 71500  E bend=2.670e-18 area=9.158e-21 vol=1.689e-19 tot=2.848e-18 J   A=18.0754/18.0739  V=7.2093/7.2226 um  |F|max=3.54e-12 N
[DTS-E] step 71500  E bend=4.810e-17 area=1.847e-19 vol=2.947e-19 tot=4.857e-17 J   A=15.1891/15.1871  V=5.5497/5.5632 um  |F|max=8.30e-11 N
[DTS-ARP] step 71500  maxConc=1.0000  meanConc=0.0917  spread=1545/2562 verts >1%
[DTS-FORMIN] step 71500  mothers nucleated=36  pool remaining=0.0 over 0 hot verts
[MCA] step 71500 linked=2589/2589  gap=0.100  bilayerMaxR=1.293 cortexMaxR=1.174
[FLIP] step 71500 membrane#0 flips=0/7761 verify=true
[FLIP] step 71500 membrane#1 flips=0/7680 verify=true
[DTS-ACTIN] step 71500  filaments contacting membrane = 16 / 80
[GATHER] call=144000 totalDirty=0 maxThread=0 cumAvg=2829.6 cumMaxPerThread=958
Sim. time=00.72....~33.33 minutes computation to simulate 1 sec, run finished in ~00.16 hours
[DTS-E] step 72000  E bend=2.692e-18 area=1.100e-20 vol=1.755e-19 tot=2.879e-18 J   A=18.0756/18.0739  V=7.2091/7.2226 um  |F|max=4.12e-12 N
[DTS-E] step 72000  E bend=4.810e-17 area=2.398e-19 vol=2.893e-19 tot=4.863e-17 J   A=15.1893/15.1871  V=5.5499/5.5632 um  |F|max=9.45e-11 N
[DTS-ARP] step 72000  maxConc=1.0000  meanConc=0.0917  spread=1548/2562 verts >1%
[DTS-FORMIN] step 72000  mothers nucleated=36  pool remaining=0.0 over 0 hot verts
[MCA] step 72000 linked=2589/2589  gap=0.100  bilayerMaxR=1.292 cortexMaxR=1.174
[FLIP] step 72000 membrane#0 flips=5/7761 verify=true
[FLIP] step 72000 membrane#1 flips=0/7680 verify=true
[REMESH] step 72000 split=4 -> nv=2593 nf=5182 ne=7773 verify=true
[DTS-BRANCH] step 72000  fils=80 nearCortex=71 rejBorn=0  totalBranches=45
[BRANCH-DENSITY] step 72000  filLen=4.833 um  branches=45  um/branch=0.107
[DTS-ACTIN] step 72000  filaments contacting membrane = 15 / 80
[RATCHET] poly vs gap g to membrane (delta=monomer, f=1.50e-12 N). meanFactor=closure output; relRate=realized:
  g<0 (overlap)  samples=1079      events=76       meanFactor=0.374  relRate=0.356
  0.0-0.2d       samples=18        events=2        meanFactor=0.416  relRate=0.562
  0.2-0.4d       samples=35        events=3        meanFactor=0.496  relRate=0.434
  0.4-0.6d       samples=12        events=1        meanFactor=0.632  relRate=0.422
  0.6-0.8d       samples=50        events=8        meanFactor=0.741  relRate=0.810
  0.8-1.0d       samples=40        events=8        meanFactor=0.927  relRate=1.012
  1-2d           samples=193       events=33       meanFactor=1.000  relRate=0.865
  g>=2d (free)   samples=2464      events=487      meanFactor=1.000  relRate=1.000
  TOTAL eligible tip-fires=3891  poly events=618  (boundary g<delta share=31.7%)
[GATHER] call=145000 totalDirty=0 maxThread=0 cumAvg=2829.8 cumMaxPerThread=958
[DTS-E] step 72500  E bend=2.667e-18 area=4.651e-21 vol=1.639e-19 tot=2.835e-18 J   A=18.0750/18.0739  V=7.2095/7.2226 um  |F|max=3.51e-12 N
[DTS-E] step 72500  E bend=4.813e-17 area=2.748e-19 vol=2.961e-19 tot=4.870e-17 J   A=15.1895/15.1871  V=5.5497/5.5632 um  |F|max=9.24e-11 N
[DTS-ARP] step 72500  maxConc=1.0000  meanConc=0.0912  spread=1546/2562 verts >1%
[DTS-FORMIN] step 72500  mothers nucleated=36  pool remaining=0.0 over 0 hot verts
[MCA] step 72500 linked=2586/2586  gap=0.100  bilayerMaxR=1.293 cortexMaxR=1.174
[FLIP] step 72500 membrane#0 flips=0/7752 verify=true
[FLIP] step 72500 membrane#1 flips=1/7680 verify=true
[DTS-ACTIN] step 72500  filaments contacting membrane = 17 / 80
[GATHER] call=146000 totalDirty=0 maxThread=0 cumAvg=2830.1 cumMaxPerThread=958
[DTS-E] step 73000  E bend=2.696e-18 area=3.091e-21 vol=1.622e-19 tot=2.861e-18 J   A=18.0748/18.0739  V=7.2096/7.2226 um  |F|max=4.01e-12 N
[DTS-E] step 73000  E bend=4.809e-17 area=2.944e-19 vol=2.933e-19 tot=4.868e-17 J   A=15.1896/15.1871  V=5.5498/5.5632 um  |F|max=9.89e-11 N
[DTS-ARP] step 73000  maxConc=1.0000  meanConc=0.0916  spread=1548/2562 verts >1%
[DTS-FORMIN] step 73000  mothers nucleated=36  pool remaining=0.0 over 0 hot verts
[MCA] step 73000 linked=2587/2587  gap=0.100  bilayerMaxR=1.294 cortexMaxR=1.173
[FLIP] step 73000 membrane#0 flips=0/7755 verify=true
[FLIP] step 73000 membrane#1 flips=1/7680 verify=true
[DTS-BRANCH] step 73000  fils=80 nearCortex=69 rejBorn=0  totalBranches=45
[BRANCH-DENSITY] step 73000  filLen=4.849 um  branches=45  um/branch=0.108
[DTS-ACTIN] step 73000  filaments contacting membrane = 17 / 80
[GATHER] call=147000 totalDirty=0 maxThread=0 cumAvg=2830.3 cumMaxPerThread=958
[DTS-E] step 73500  E bend=2.677e-18 area=1.340e-20 vol=1.873e-19 tot=2.878e-18 J   A=18.0757/18.0739  V=7.2086/7.2226 um  |F|max=3.99e-12 N
[DTS-E] step 73500  E bend=4.807e-17 area=4.118e-19 vol=2.960e-19 tot=4.877e-17 J   A=15.1900/15.1871  V=5.5497/5.5632 um  |F|max=9.53e-11 N
[DTS-ARP] step 73500  maxConc=1.0000  meanConc=0.0925  spread=1550/2562 verts >1%
[DTS-FORMIN] step 73500  mothers nucleated=36  pool remaining=0.0 over 0 hot verts
[MCA] step 73500 linked=2591/2591  gap=0.100  bilayerMaxR=1.295 cortexMaxR=1.173
[FLIP] step 73500 membrane#0 flips=1/7767 verify=true
[FLIP] step 73500 membrane#1 flips=0/7680 verify=true
[DTS-ACTIN] step 73500  filaments contacting membrane = 16 / 82
[GATHER] call=148000 totalDirty=0 maxThread=0 cumAvg=2830.5 cumMaxPerThread=958
Sim. time=00.74....~32.81 minutes computation to simulate 1 sec, run finished in ~00.14 hours
[DTS-E] step 74000  E bend=2.664e-18 area=5.229e-21 vol=1.725e-19 tot=2.842e-18 J   A=18.0751/18.0739  V=7.2092/7.2226 um  |F|max=2.85e-12 N
[DTS-E] step 74000  E bend=4.804e-17 area=3.321e-19 vol=3.049e-19 tot=4.868e-17 J   A=15.1897/15.1871  V=5.5495/5.5632 um  |F|max=7.85e-11 N
[DTS-ARP] step 74000  maxConc=1.0000  meanConc=0.0923  spread=1549/2562 verts >1%
[DTS-FORMIN] step 74000  mothers nucleated=36  pool remaining=0.0 over 0 hot verts
[MCA] step 74000 linked=2590/2590  gap=0.100  bilayerMaxR=1.294 cortexMaxR=1.174
[FLIP] step 74000 membrane#0 flips=0/7764 verify=true
[FLIP] step 74000 membrane#1 flips=1/7680 verify=true
[DTS-BRANCH] step 74000  fils=82 nearCortex=70 rejBorn=0  totalBranches=47
[BRANCH-DENSITY] step 74000  filLen=4.917 um  branches=47  um/branch=0.105
[DTS-ACTIN] step 74000  filaments contacting membrane = 16 / 82
[GATHER] call=149000 totalDirty=0 maxThread=0 cumAvg=2830.7 cumMaxPerThread=958
[DTS-E] step 74500  E bend=2.667e-18 area=6.672e-21 vol=1.830e-19 tot=2.856e-18 J   A=18.0752/18.0739  V=7.2088/7.2226 um  |F|max=3.68e-12 N
[DTS-E] step 74500  E bend=4.797e-17 area=5.656e-19 vol=3.026e-19 tot=4.884e-17 J   A=15.1905/15.1871  V=5.5495/5.5632 um  |F|max=1.02e-10 N
[DTS-ARP] step 74500  maxConc=1.0000  meanConc=0.0928  spread=1552/2562 verts >1%
[DTS-FORMIN] step 74500  mothers nucleated=36  pool remaining=0.0 over 0 hot verts
[MCA] step 74500 linked=2594/2594  gap=0.100  bilayerMaxR=1.293 cortexMaxR=1.175
[FLIP] step 74500 membrane#0 flips=0/7776 verify=true
[FLIP] step 74500 membrane#1 flips=1/7680 verify=true
[DTS-ACTIN] step 74500  filaments contacting membrane = 16 / 82
[GATHER] call=150000 totalDirty=0 maxThread=0 cumAvg=2830.9 cumMaxPerThread=958
[DTS-E] step 75000  E bend=2.660e-18 area=5.891e-21 vol=1.890e-19 tot=2.855e-18 J   A=18.0751/18.0739  V=7.2085/7.2226 um  |F|max=3.02e-12 N
[DTS-E] step 75000  E bend=4.791e-17 area=4.899e-19 vol=3.092e-19 tot=4.871e-17 J   A=15.1903/15.1871  V=5.5494/5.5632 um  |F|max=8.90e-11 N
[DTS-ARP] step 75000  maxConc=1.0000  meanConc=0.0921  spread=1553/2562 verts >1%
[DTS-FORMIN] step 75000  mothers nucleated=36  pool remaining=0.0 over 0 hot verts
[MCA] step 75000 linked=2592/2592  gap=0.100  bilayerMaxR=1.295 cortexMaxR=1.176
[FLIP] step 75000 membrane#0 flips=1/7770 verify=true
[FLIP] step 75000 membrane#1 flips=2/7680 verify=true
[DTS-BRANCH] step 75000  fils=83 nearCortex=69 rejBorn=0  totalBranches=48
[BRANCH-DENSITY] step 75000  filLen=4.987 um  branches=48  um/branch=0.104
[DTS-ACTIN] step 75000  filaments contacting membrane = 15 / 83
[RATCHET] poly vs gap g to membrane (delta=monomer, f=1.50e-12 N). meanFactor=closure output; relRate=realized:
  g<0 (overlap)  samples=1079      events=76       meanFactor=0.374  relRate=0.357
  0.0-0.2d       samples=18        events=2        meanFactor=0.416  relRate=0.564
  0.2-0.4d       samples=35        events=3        meanFactor=0.496  relRate=0.435
  0.4-0.6d       samples=12        events=1        meanFactor=0.632  relRate=0.423
  0.6-0.8d       samples=50        events=8        meanFactor=0.741  relRate=0.812
  0.8-1.0d       samples=40        events=8        meanFactor=0.927  relRate=1.015
  1-2d           samples=193       events=33       meanFactor=1.000  relRate=0.868
  g>=2d (free)   samples=2527      events=498      meanFactor=1.000  relRate=1.000
  TOTAL eligible tip-fires=3954  poly events=629  (boundary g<delta share=31.2%)
[GATHER] call=151000 totalDirty=0 maxThread=0 cumAvg=2831.1 cumMaxPerThread=958
[DTS-E] step 75500  E bend=2.655e-18 area=6.413e-21 vol=1.877e-19 tot=2.849e-18 J   A=18.0752/18.0739  V=7.2086/7.2226 um  |F|max=2.65e-12 N
[DTS-E] step 75500  E bend=4.781e-17 area=4.631e-19 vol=3.078e-19 tot=4.859e-17 J   A=15.1902/15.1871  V=5.5494/5.5632 um  |F|max=8.27e-11 N
[DTS-ARP] step 75500  maxConc=1.0000  meanConc=0.0924  spread=1553/2562 verts >1%
[DTS-FORMIN] step 75500  mothers nucleated=36  pool remaining=0.0 over 0 hot verts
[MCA] step 75500 linked=2594/2594  gap=0.100  bilayerMaxR=1.297 cortexMaxR=1.175
[FLIP] step 75500 membrane#0 flips=0/7776 verify=true
[FLIP] step 75500 membrane#1 flips=1/7680 verify=true
[DTS-ACTIN] step 75500  filaments contacting membrane = 16 / 84
[GATHER] call=152000 totalDirty=0 maxThread=0 cumAvg=2831.3 cumMaxPerThread=958
Sim. time=00.76....~32.93 minutes computation to simulate 1 sec, run finished in ~00.13 hours
[DTS-E] step 76000  E bend=2.675e-18 area=5.869e-21 vol=1.841e-19 tot=2.865e-18 J   A=18.0751/18.0739  V=7.2087/7.2226 um  |F|max=3.66e-12 N
[DTS-E] step 76000  E bend=4.780e-17 area=5.172e-19 vol=3.165e-19 tot=4.864e-17 J   A=15.1904/15.1871  V=5.5492/5.5632 um  |F|max=8.54e-11 N
[DTS-ARP] step 76000  maxConc=1.0000  meanConc=0.0918  spread=1546/2562 verts >1%
[DTS-FORMIN] step 76000  mothers nucleated=36  pool remaining=0.0 over 0 hot verts
[MCA] step 76000 linked=2593/2593  gap=0.100  bilayerMaxR=1.297 cortexMaxR=1.176
[FLIP] step 76000 membrane#0 flips=0/7773 verify=true
[FLIP] step 76000 membrane#1 flips=1/7680 verify=true
[DTS-BRANCH] step 76000  fils=84 nearCortex=69 rejBorn=0  totalBranches=49
[BRANCH-DENSITY] step 76000  filLen=5.054 um  branches=49  um/branch=0.103
[DTS-ACTIN] step 76000  filaments contacting membrane = 16 / 84
[GATHER] call=153000 totalDirty=0 maxThread=0 cumAvg=2831.5 cumMaxPerThread=958
[DTS-E] step 76500  E bend=2.680e-18 area=6.516e-21 vol=1.872e-19 tot=2.874e-18 J   A=18.0752/18.0739  V=7.2086/7.2226 um  |F|max=3.63e-12 N
[DTS-E] step 76500  E bend=4.774e-17 area=3.524e-19 vol=3.259e-19 tot=4.842e-17 J   A=15.1898/15.1871  V=5.5490/5.5632 um  |F|max=7.46e-11 N
[DTS-ARP] step 76500  maxConc=1.0000  meanConc=0.0921  spread=1551/2562 verts >1%
[DTS-FORMIN] step 76500  mothers nucleated=36  pool remaining=0.0 over 0 hot verts
[MCA] step 76500 linked=2594/2594  gap=0.100  bilayerMaxR=1.297 cortexMaxR=1.176
[FLIP] step 76500 membrane#0 flips=0/7776 verify=true
[FLIP] step 76500 membrane#1 flips=0/7680 verify=true
[DTS-ACTIN] step 76500  filaments contacting membrane = 16 / 86
[GATHER] call=154000 totalDirty=0 maxThread=0 cumAvg=2831.8 cumMaxPerThread=958
[DTS-E] step 77000  E bend=2.697e-18 area=5.615e-21 vol=1.894e-19 tot=2.892e-18 J   A=18.0751/18.0739  V=7.2085/7.2226 um  |F|max=3.51e-12 N
[DTS-E] step 77000  E bend=4.776e-17 area=4.701e-19 vol=3.218e-19 tot=4.855e-17 J   A=15.1902/15.1871  V=5.5491/5.5632 um  |F|max=8.85e-11 N
[DTS-ARP] step 77000  maxConc=1.0000  meanConc=0.0915  spread=1549/2562 verts >1%
[DTS-FORMIN] step 77000  mothers nucleated=36  pool remaining=0.0 over 0 hot verts
[MCA] step 77000 linked=2596/2596  gap=0.100  bilayerMaxR=1.300 cortexMaxR=1.176
[FLIP] step 77000 membrane#0 flips=0/7782 verify=true
[FLIP] step 77000 membrane#1 flips=1/7680 verify=true
[REMESH] step 77000 split=1 -> nv=2597 nf=5190 ne=7785 verify=true
[DTS-BRANCH] step 77000  fils=86 nearCortex=70 rejBorn=0  totalBranches=51
[BRANCH-DENSITY] step 77000  filLen=5.141 um  branches=51  um/branch=0.101
[DTS-ACTIN] step 77000  filaments contacting membrane = 14 / 86
[GATHER] call=155000 totalDirty=0 maxThread=0 cumAvg=2832.0 cumMaxPerThread=958
[DTS-E] step 77500  E bend=2.678e-18 area=6.821e-21 vol=1.946e-19 tot=2.879e-18 J   A=18.0752/18.0739  V=7.2083/7.2226 um  |F|max=6.34e-12 N
[DTS-E] step 77500  E bend=4.828e-17 area=4.198e-19 vol=3.393e-19 tot=4.904e-17 J   A=15.1901/15.1871  V=5.5487/5.5632 um  |F|max=1.90e-10 N
[DTS-ARP] step 77500  maxConc=1.0000  meanConc=0.0926  spread=1549/2562 verts >1%
[DTS-FORMIN] step 77500  mothers nucleated=36  pool remaining=0.0 over 0 hot verts
[MCA] step 77500 linked=2592/2592  gap=0.100  bilayerMaxR=1.299 cortexMaxR=1.176
[FLIP] step 77500 membrane#0 flips=1/7770 verify=true
[FLIP] step 77500 membrane#1 flips=4/7680 verify=true
[DTS-ACTIN] step 77500  filaments contacting membrane = 15 / 86
[GATHER] call=156000 totalDirty=0 maxThread=0 cumAvg=2832.1 cumMaxPerThread=958
Sim. time=00.78....~33.14 minutes computation to simulate 1 sec, run finished in ~00.12 hours
[DTS-E] step 78000  E bend=2.696e-18 area=1.052e-20 vol=2.027e-19 tot=2.909e-18 J   A=18.0755/18.0739  V=7.2080/7.2226 um  |F|max=3.73e-12 N
[DTS-E] step 78000  E bend=4.770e-17 area=3.887e-19 vol=3.349e-19 tot=4.842e-17 J   A=15.1899/15.1871  V=5.5488/5.5632 um  |F|max=8.23e-11 N
[DTS-ARP] step 78000  maxConc=1.0000  meanConc=0.0926  spread=1551/2562 verts >1%
[DTS-FORMIN] step 78000  mothers nucleated=36  pool remaining=0.0 over 0 hot verts
[MCA] step 78000 linked=2595/2595  gap=0.100  bilayerMaxR=1.303 cortexMaxR=1.176
[FLIP] step 78000 membrane#0 flips=0/7779 verify=true
[FLIP] step 78000 membrane#1 flips=2/7680 verify=true
[DTS-BRANCH] step 78000  fils=87 nearCortex=77 rejBorn=0  totalBranches=52
[BRANCH-DENSITY] step 78000  filLen=5.208 um  branches=52  um/branch=0.100
[DTS-ACTIN] step 78000  filaments contacting membrane = 14 / 87
[RATCHET] poly vs gap g to membrane (delta=monomer, f=1.50e-12 N). meanFactor=closure output; relRate=realized:
  g<0 (overlap)  samples=1079      events=76       meanFactor=0.374  relRate=0.359
  0.0-0.2d       samples=18        events=2        meanFactor=0.416  relRate=0.566
  0.2-0.4d       samples=35        events=3        meanFactor=0.496  relRate=0.437
  0.4-0.6d       samples=12        events=1        meanFactor=0.632  relRate=0.425
  0.6-0.8d       samples=50        events=8        meanFactor=0.741  relRate=0.815
  0.8-1.0d       samples=40        events=8        meanFactor=0.927  relRate=1.019
  1-2d           samples=193       events=33       meanFactor=1.000  relRate=0.871
  g>=2d (free)   samples=2654      events=521      meanFactor=1.000  relRate=1.000
  TOTAL eligible tip-fires=4081  poly events=652  (boundary g<delta share=30.2%)
[GATHER] call=157000 totalDirty=0 maxThread=0 cumAvg=2832.3 cumMaxPerThread=958
[DTS-E] step 78500  E bend=2.705e-18 area=8.446e-21 vol=1.955e-19 tot=2.909e-18 J   A=18.0754/18.0739  V=7.2083/7.2226 um  |F|max=5.08e-12 N
[DTS-E] step 78500  E bend=4.773e-17 area=4.592e-19 vol=3.254e-19 tot=4.851e-17 J   A=15.1902/15.1871  V=5.5490/5.5632 um  |F|max=7.85e-11 N
[DTS-ARP] step 78500  maxConc=1.0000  meanConc=0.0926  spread=1549/2562 verts >1%
[DTS-FORMIN] step 78500  mothers nucleated=36  pool remaining=0.0 over 0 hot verts
[MCA] step 78500 linked=2594/2594  gap=0.100  bilayerMaxR=1.301 cortexMaxR=1.176
[FLIP] step 78500 membrane#0 flips=3/7776 verify=true
[FLIP] step 78500 membrane#1 flips=2/7680 verify=true
[DTS-ACTIN] step 78500  filaments contacting membrane = 13 / 87
[GATHER] call=158000 totalDirty=0 maxThread=0 cumAvg=2832.5 cumMaxPerThread=958
[DTS-E] step 79000  E bend=2.701e-18 area=1.178e-20 vol=2.141e-19 tot=2.927e-18 J   A=18.0756/18.0739  V=7.2076/7.2226 um  |F|max=4.42e-12 N
[DTS-E] step 79000  E bend=4.751e-17 area=5.427e-19 vol=3.408e-19 tot=4.840e-17 J   A=15.1905/15.1871  V=5.5487/5.5632 um  |F|max=8.04e-11 N
[DTS-ARP] step 79000  maxConc=1.0000  meanConc=0.0925  spread=1551/2562 verts >1%
[DTS-FORMIN] step 79000  mothers nucleated=36  pool remaining=0.0 over 0 hot verts
[MCA] step 79000 linked=2590/2590  gap=0.100  bilayerMaxR=1.304 cortexMaxR=1.177
[FLIP] step 79000 membrane#0 flips=3/7764 verify=true
[FLIP] step 79000 membrane#1 flips=2/7680 verify=true
[DTS-BRANCH] step 79000  fils=88 nearCortex=70 rejBorn=0  totalBranches=53
[BRANCH-DENSITY] step 79000  filLen=5.289 um  branches=53  um/branch=0.100
[DTS-ACTIN] step 79000  filaments contacting membrane = 14 / 88
[GATHER] call=159000 totalDirty=0 maxThread=0 cumAvg=2832.6 cumMaxPerThread=958
[DTS-E] step 79500  E bend=2.700e-18 area=5.906e-21 vol=2.142e-19 tot=2.920e-18 J   A=18.0751/18.0739  V=7.2076/7.2226 um  |F|max=3.21e-12 N
[DTS-E] step 79500  E bend=4.750e-17 area=5.918e-19 vol=3.595e-19 tot=4.845e-17 J   A=15.1906/15.1871  V=5.5483/5.5632 um  |F|max=7.91e-11 N
[DTS-ARP] step 79500  maxConc=1.0000  meanConc=0.0926  spread=1547/2562 verts >1%
[DTS-FORMIN] step 79500  mothers nucleated=36  pool remaining=0.0 over 0 hot verts
[MCA] step 79500 linked=2591/2591  gap=0.100  bilayerMaxR=1.303 cortexMaxR=1.178
[FLIP] step 79500 membrane#0 flips=2/7767 verify=true
[FLIP] step 79500 membrane#1 flips=3/7680 verify=true
[DTS-ACTIN] step 79500  filaments contacting membrane = 13 / 88
[GATHER] call=160000 totalDirty=0 maxThread=0 cumAvg=2832.8 cumMaxPerThread=958
Sim. time=00.80....~32.95 minutes computation to simulate 1 sec, run finished in ~00.11 hours
[DTS-E] step 80000  E bend=2.706e-18 area=4.365e-21 vol=2.241e-19 tot=2.934e-18 J   A=18.0750/18.0739  V=7.2073/7.2226 um  |F|max=3.41e-12 N
[DTS-E] step 80000  E bend=4.757e-17 area=2.167e-19 vol=5.005e-19 tot=4.829e-17 J   A=15.1850/15.1871  V=5.5456/5.5632 um  |F|max=1.58e-10 N
[DTS-ARP] step 80000  maxConc=1.0000  meanConc=0.0924  spread=1547/2562 verts >1%
[DTS-FORMIN] step 80000  mothers nucleated=36  pool remaining=0.0 over 0 hot verts
[MCA] step 80000 linked=2593/2593  gap=0.100  bilayerMaxR=1.308 cortexMaxR=1.177
[FLIP] step 80000 membrane#0 flips=3/7773 verify=true
[FLIP] step 80000 membrane#1 flips=3/7680 verify=true
[COLLAPSE] step 80000 collapse=2 -> nv=2591 nf=5178 ne=7767 verify=true
[DTS-BRANCH] step 80000  fils=90 nearCortex=69 rejBorn=0  totalBranches=55
[BRANCH-DENSITY] step 80000  filLen=5.408 um  branches=55  um/branch=0.098
[DTS-ACTIN] step 80000  filaments contacting membrane = 9 / 90
[GATHER] call=161000 totalDirty=0 maxThread=0 cumAvg=2832.9 cumMaxPerThread=958
[DTS-E] step 80500  E bend=2.680e-18 area=9.972e-21 vol=2.049e-19 tot=2.895e-18 J   A=18.0755/18.0739  V=7.2080/7.2226 um  |F|max=5.51e-12 N
[DTS-E] step 80500  E bend=4.741e-17 area=3.484e-19 vol=4.856e-19 tot=4.825e-17 J   A=15.1845/15.1871  V=5.5459/5.5632 um  |F|max=8.06e-11 N
[DTS-ARP] step 80500  maxConc=1.0000  meanConc=0.0926  spread=1548/2562 verts >1%
[DTS-FORMIN] step 80500  mothers nucleated=36  pool remaining=0.0 over 0 hot verts
[MCA] step 80500 linked=2592/2592  gap=0.100  bilayerMaxR=1.303 cortexMaxR=1.178
[FLIP] step 80500 membrane#0 flips=0/7770 verify=true
[FLIP] step 80500 membrane#1 flips=0/7680 verify=true
[DTS-ACTIN] step 80500  filaments contacting membrane = 12 / 90
[GATHER] call=162000 totalDirty=0 maxThread=0 cumAvg=2833.1 cumMaxPerThread=958
[DTS-E] step 81000  E bend=2.695e-18 area=8.278e-21 vol=2.047e-19 tot=2.908e-18 J   A=18.0754/18.0739  V=7.2080/7.2226 um  |F|max=4.33e-12 N
[DTS-E] step 81000  E bend=4.741e-17 area=3.269e-19 vol=4.759e-19 tot=4.821e-17 J   A=15.1846/15.1871  V=5.5461/5.5632 um  |F|max=7.95e-11 N
[DTS-ARP] step 81000  maxConc=1.0000  meanConc=0.0930  spread=1554/2562 verts >1%
[DTS-FORMIN] step 81000  mothers nucleated=36  pool remaining=0.0 over 0 hot verts
[MCA] step 81000 linked=2594/2594  gap=0.100  bilayerMaxR=1.309 cortexMaxR=1.178
[FLIP] step 81000 membrane#0 flips=0/7776 verify=true
[FLIP] step 81000 membrane#1 flips=0/7680 verify=true
[REMESH] step 81000 split=1 -> nv=2595 nf=5186 ne=7779 verify=true
[COLLAPSE] step 81000 collapse=1 -> nv=2594 nf=5184 ne=7776 verify=true
[DTS-BRANCH] step 81000  fils=90 nearCortex=71 rejBorn=0  totalBranches=55
[BRANCH-DENSITY] step 81000  filLen=5.457 um  branches=55  um/branch=0.099
[DTS-ACTIN] step 81000  filaments contacting membrane = 16 / 90
[RATCHET] poly vs gap g to membrane (delta=monomer, f=1.50e-12 N). meanFactor=closure output; relRate=realized:
  g<0 (overlap)  samples=1079      events=76       meanFactor=0.374  relRate=0.355
  0.0-0.2d       samples=18        events=2        meanFactor=0.416  relRate=0.561
  0.2-0.4d       samples=35        events=3        meanFactor=0.496  relRate=0.433
  0.4-0.6d       samples=12        events=1        meanFactor=0.632  relRate=0.421
  0.6-0.8d       samples=50        events=8        meanFactor=0.741  relRate=0.807
  0.8-1.0d       samples=40        events=8        meanFactor=0.927  relRate=1.009
  1-2d           samples=193       events=33       meanFactor=1.000  relRate=0.863
  g>=2d (free)   samples=2821      events=559      meanFactor=1.000  relRate=1.000
  TOTAL eligible tip-fires=4248  poly events=690  (boundary g<delta share=29.0%)
[GATHER] call=163000 totalDirty=0 maxThread=0 cumAvg=2833.2 cumMaxPerThread=958
[DTS-E] step 81500  E bend=2.694e-18 area=1.809e-20 vol=2.196e-19 tot=2.932e-18 J   A=18.0760/18.0739  V=7.2075/7.2226 um  |F|max=3.90e-12 N
[DTS-E] step 81500  E bend=4.733e-17 area=2.913e-19 vol=4.779e-19 tot=4.810e-17 J   A=15.1847/15.1871  V=5.5460/5.5632 um  |F|max=7.30e-11 N
[DTS-ARP] step 81500  maxConc=1.0000  meanConc=0.0929  spread=1549/2562 verts >1%
[DTS-FORMIN] step 81500  mothers nucleated=36  pool remaining=0.0 over 0 hot verts
[MCA] step 81500 linked=2590/2590  gap=0.100  bilayerMaxR=1.307 cortexMaxR=1.178
[FLIP] step 81500 membrane#0 flips=1/7764 verify=true
[FLIP] step 81500 membrane#1 flips=2/7680 verify=true
[DTS-ACTIN] step 81500  filaments contacting membrane = 12 / 90
[GATHER] call=164000 totalDirty=0 maxThread=0 cumAvg=2833.4 cumMaxPerThread=958
Sim. time=00.82....~33.06 minutes computation to simulate 1 sec, run finished in ~00.10 hours
[DTS-E] step 82000  E bend=2.694e-18 area=1.052e-20 vol=2.069e-19 tot=2.912e-18 J   A=18.0755/18.0739  V=7.2079/7.2226 um  |F|max=4.91e-12 N
[DTS-E] step 82000  E bend=4.733e-17 area=3.229e-19 vol=4.868e-19 tot=4.814e-17 J   A=15.1846/15.1871  V=5.5459/5.5632 um  |F|max=7.88e-11 N
[DTS-ARP] step 82000  maxConc=1.0000  meanConc=0.0935  spread=1562/2562 verts >1%
[DTS-FORMIN] step 82000  mothers nucleated=36  pool remaining=0.0 over 0 hot verts
[MCA] step 82000 linked=2595/2595  gap=0.100  bilayerMaxR=1.305 cortexMaxR=1.180
[FLIP] step 82000 membrane#0 flips=1/7779 verify=true
[FLIP] step 82000 membrane#1 flips=0/7680 verify=true
[DTS-BRANCH] step 82000  fils=92 nearCortex=78 rejBorn=0  totalBranches=57
[BRANCH-DENSITY] step 82000  filLen=5.554 um  branches=57  um/branch=0.097
[DTS-ACTIN] step 82000  filaments contacting membrane = 14 / 92
[GATHER] call=165000 totalDirty=0 maxThread=0 cumAvg=2833.5 cumMaxPerThread=958
[DTS-E] step 82500  E bend=2.706e-18 area=1.190e-20 vol=2.126e-19 tot=2.931e-18 J   A=18.0756/18.0739  V=7.2077/7.2226 um  |F|max=5.01e-12 N
[DTS-E] step 82500  E bend=4.726e-17 area=2.940e-19 vol=4.961e-19 tot=4.805e-17 J   A=15.1847/15.1871  V=5.5457/5.5632 um  |F|max=7.40e-11 N
[DTS-ARP] step 82500  maxConc=1.0000  meanConc=0.0935  spread=1551/2562 verts >1%
[DTS-FORMIN] step 82500  mothers nucleated=36  pool remaining=0.0 over 0 hot verts
[MCA] step 82500 linked=2595/2595  gap=0.100  bilayerMaxR=1.312 cortexMaxR=1.179
[FLIP] step 82500 membrane#0 flips=1/7779 verify=true
[FLIP] step 82500 membrane#1 flips=1/7680 verify=true
[DTS-ACTIN] step 82500  filaments contacting membrane = 11 / 92
[GATHER] call=166000 totalDirty=0 maxThread=0 cumAvg=2833.6 cumMaxPerThread=958
[DTS-E] step 83000  E bend=2.686e-18 area=7.548e-21 vol=2.044e-19 tot=2.898e-18 J   A=18.0753/18.0739  V=7.2080/7.2226 um  |F|max=4.49e-12 N
[DTS-E] step 83000  E bend=4.725e-17 area=2.798e-19 vol=5.025e-19 tot=4.803e-17 J   A=15.1848/15.1871  V=5.5456/5.5632 um  |F|max=7.76e-11 N
[DTS-ARP] step 83000  maxConc=1.0000  meanConc=0.0933  spread=1552/2562 verts >1%
[DTS-FORMIN] step 83000  mothers nucleated=36  pool remaining=0.0 over 0 hot verts
[MCA] step 83000 linked=2596/2596  gap=0.100  bilayerMaxR=1.310 cortexMaxR=1.180
[FLIP] step 83000 membrane#0 flips=1/7782 verify=true
[FLIP] step 83000 membrane#1 flips=0/7680 verify=true
[COLLAPSE] step 83000 collapse=2 -> nv=2594 nf=5184 ne=7776 verify=true
[DTS-BRANCH] step 83000  fils=93 nearCortex=74 rejBorn=0  totalBranches=58
[BRANCH-DENSITY] step 83000  filLen=5.603 um  branches=58  um/branch=0.097
[DTS-ACTIN] step 83000  filaments contacting membrane = 13 / 93
[GATHER] call=167000 totalDirty=0 maxThread=0 cumAvg=2833.8 cumMaxPerThread=958
[DTS-E] step 83500  E bend=2.730e-18 area=4.796e-21 vol=2.075e-19 tot=2.943e-18 J   A=18.0750/18.0739  V=7.2079/7.2226 um  |F|max=3.88e-12 N
[DTS-E] step 83500  E bend=4.719e-17 area=5.531e-19 vol=3.751e-19 tot=4.812e-17 J   A=15.1905/15.1871  V=5.5480/5.5632 um  |F|max=7.81e-11 N
[DTS-ARP] step 83500  maxConc=1.0000  meanConc=0.0929  spread=1560/2562 verts >1%
[DTS-FORMIN] step 83500  mothers nucleated=36  pool remaining=0.0 over 0 hot verts
[MCA] step 83500 linked=2603/2603  gap=0.100  bilayerMaxR=1.309 cortexMaxR=1.180
[FLIP] step 83500 membrane#0 flips=2/7803 verify=true
[FLIP] step 83500 membrane#1 flips=3/7680 verify=true
[DTS-ACTIN] step 83500  filaments contacting membrane = 14 / 94
[GATHER] call=168000 totalDirty=0 maxThread=0 cumAvg=2833.9 cumMaxPerThread=958
Sim. time=00.84....~33.30 minutes computation to simulate 1 sec, run finished in ~00.09 hours
[DTS-E] step 84000  E bend=2.725e-18 area=1.430e-20 vol=2.286e-19 tot=2.968e-18 J   A=18.0758/18.0739  V=7.2071/7.2226 um  |F|max=5.37e-12 N
[DTS-E] step 84000  E bend=4.705e-17 area=4.689e-19 vol=3.922e-19 tot=4.791e-17 J   A=15.1902/15.1871  V=5.5477/5.5632 um  |F|max=7.61e-11 N
[DTS-ARP] step 84000  maxConc=1.0000  meanConc=0.0935  spread=1557/2562 verts >1%
[DTS-FORMIN] step 84000  mothers nucleated=36  pool remaining=0.0 over 0 hot verts
[MCA] step 84000 linked=2600/2600  gap=0.100  bilayerMaxR=1.309 cortexMaxR=1.180
[FLIP] step 84000 membrane#0 flips=1/7794 verify=true
[FLIP] step 84000 membrane#1 flips=0/7680 verify=true
[DTS-BRANCH] step 84000  fils=96 nearCortex=74 rejBorn=0  totalBranches=61
[BRANCH-DENSITY] step 84000  filLen=5.711 um  branches=61  um/branch=0.094
[DTS-ACTIN] step 84000  filaments contacting membrane = 14 / 96
[RATCHET] poly vs gap g to membrane (delta=monomer, f=1.50e-12 N). meanFactor=closure output; relRate=realized:
  g<0 (overlap)  samples=1079      events=76       meanFactor=0.374  relRate=0.360
  0.0-0.2d       samples=18        events=2        meanFactor=0.416  relRate=0.567
  0.2-0.4d       samples=35        events=3        meanFactor=0.496  relRate=0.438
  0.4-0.6d       samples=12        events=1        meanFactor=0.632  relRate=0.426
  0.6-0.8d       samples=50        events=8        meanFactor=0.741  relRate=0.817
  0.8-1.0d       samples=40        events=8        meanFactor=0.927  relRate=1.021
  1-2d           samples=193       events=33       meanFactor=1.000  relRate=0.873
  g>=2d (free)   samples=2962      events=580      meanFactor=1.000  relRate=1.000
  TOTAL eligible tip-fires=4389  poly events=711  (boundary g<delta share=28.1%)
[GATHER] call=169000 totalDirty=0 maxThread=0 cumAvg=2834.0 cumMaxPerThread=958
[DTS-E] step 84500  E bend=2.749e-18 area=3.443e-21 vol=2.207e-19 tot=2.974e-18 J   A=18.0749/18.0739  V=7.2074/7.2226 um  |F|max=3.71e-12 N
[DTS-E] step 84500  E bend=4.704e-17 area=4.963e-19 vol=3.878e-19 tot=4.793e-17 J   A=15.1903/15.1871  V=5.5477/5.5632 um  |F|max=7.73e-11 N
[DTS-ARP] step 84500  maxConc=1.0000  meanConc=0.0941  spread=1563/2562 verts >1%
[DTS-FORMIN] step 84500  mothers nucleated=36  pool remaining=0.0 over 0 hot verts
[MCA] step 84500 linked=2597/2597  gap=0.100  bilayerMaxR=1.315 cortexMaxR=1.180
[FLIP] step 84500 membrane#0 flips=0/7785 verify=true
[FLIP] step 84500 membrane#1 flips=0/7680 verify=true
[DTS-ACTIN] step 84500  filaments contacting membrane = 14 / 96
[GATHER] call=170000 totalDirty=0 maxThread=0 cumAvg=2834.1 cumMaxPerThread=958
[DTS-E] step 85000  E bend=2.730e-18 area=6.745e-21 vol=2.158e-19 tot=2.953e-18 J   A=18.0752/18.0739  V=7.2076/7.2226 um  |F|max=4.52e-12 N
[DTS-E] step 85000  E bend=4.707e-17 area=5.595e-19 vol=3.909e-19 tot=4.802e-17 J   A=15.1905/15.1871  V=5.5477/5.5632 um  |F|max=8.78e-11 N
[DTS-ARP] step 85000  maxConc=1.0000  meanConc=0.0941  spread=1563/2562 verts >1%
[DTS-FORMIN] step 85000  mothers nucleated=36  pool remaining=0.0 over 0 hot verts
[MCA] step 85000 linked=2599/2599  gap=0.100  bilayerMaxR=1.310 cortexMaxR=1.181
[FLIP] step 85000 membrane#0 flips=0/7791 verify=true
[FLIP] step 85000 membrane#1 flips=1/7680 verify=true
[COLLAPSE] step 85000 collapse=2 -> nv=2597 nf=5190 ne=7785 verify=true
[DTS-BRANCH] step 85000  fils=96 nearCortex=74 rejBorn=0  totalBranches=61
[BRANCH-DENSITY] step 85000  filLen=5.754 um  branches=61  um/branch=0.094
[DTS-ACTIN] step 85000  filaments contacting membrane = 14 / 96
[GATHER] call=171000 totalDirty=0 maxThread=0 cumAvg=2834.2 cumMaxPerThread=958
[DTS-E] step 85500  E bend=2.721e-18 area=8.941e-21 vol=2.280e-19 tot=2.958e-18 J   A=18.0754/18.0739  V=7.2072/7.2226 um  |F|max=3.59e-12 N
[DTS-E] step 85500  E bend=4.694e-17 area=4.701e-19 vol=4.062e-19 tot=4.781e-17 J   A=15.1902/15.1871  V=5.5474/5.5632 um  |F|max=7.95e-11 N
[DTS-ARP] step 85500  maxConc=1.0000  meanConc=0.0937  spread=1561/2562 verts >1%
[DTS-FORMIN] step 85500  mothers nucleated=36  pool remaining=0.0 over 0 hot verts
[MCA] step 85500 linked=2598/2598  gap=0.100  bilayerMaxR=1.315 cortexMaxR=1.181
[FLIP] step 85500 membrane#0 flips=4/7788 verify=true
[FLIP] step 85500 membrane#1 flips=0/7680 verify=true
[DTS-ACTIN] step 85500  filaments contacting membrane = 17 / 96
[GATHER] call=172000 totalDirty=0 maxThread=0 cumAvg=2834.3 cumMaxPerThread=958
Sim. time=00.86....~33.42 minutes computation to simulate 1 sec, run finished in ~00.08 hours
[DTS-E] step 86000  E bend=2.713e-18 area=9.374e-21 vol=2.317e-19 tot=2.954e-18 J   A=18.0755/18.0739  V=7.2070/7.2226 um  |F|max=5.33e-12 N
[DTS-E] step 86000  E bend=4.691e-17 area=4.122e-19 vol=4.264e-19 tot=4.775e-17 J   A=15.1900/15.1871  V=5.5470/5.5632 um  |F|max=7.41e-11 N
[DTS-ARP] step 86000  maxConc=1.0000  meanConc=0.0925  spread=1557/2562 verts >1%
[DTS-FORMIN] step 86000  mothers nucleated=36  pool remaining=0.0 over 0 hot verts
[MCA] step 86000 linked=2601/2601  gap=0.100  bilayerMaxR=1.313 cortexMaxR=1.183
[FLIP] step 86000 membrane#0 flips=1/7797 verify=true
[FLIP] step 86000 membrane#1 flips=0/7680 verify=true
[DTS-BRANCH] step 86000  fils=96 nearCortex=70 rejBorn=0  totalBranches=61
[BRANCH-DENSITY] step 86000  filLen=5.800 um  branches=61  um/branch=0.095
[DTS-ACTIN] step 86000  filaments contacting membrane = 13 / 96
[GATHER] call=173000 totalDirty=0 maxThread=0 cumAvg=2834.5 cumMaxPerThread=958
[DTS-E] step 86500  E bend=2.709e-18 area=4.955e-21 vol=2.254e-19 tot=2.940e-18 J   A=18.0750/18.0739  V=7.2073/7.2226 um  |F|max=4.00e-12 N
[DTS-E] step 86500  E bend=4.691e-17 area=4.936e-19 vol=4.136e-19 tot=4.782e-17 J   A=15.1903/15.1871  V=5.5472/5.5632 um  |F|max=8.07e-11 N
[DTS-ARP] step 86500  maxConc=1.0000  meanConc=0.0925  spread=1556/2562 verts >1%
[DTS-FORMIN] step 86500  mothers nucleated=36  pool remaining=0.0 over 0 hot verts
[MCA] step 86500 linked=2597/2597  gap=0.100  bilayerMaxR=1.314 cortexMaxR=1.183
[FLIP] step 86500 membrane#0 flips=0/7785 verify=true
[FLIP] step 86500 membrane#1 flips=0/7680 verify=true
[DTS-ACTIN] step 86500  filaments contacting membrane = 14 / 98
[GATHER] call=174000 totalDirty=0 maxThread=0 cumAvg=2834.6 cumMaxPerThread=958
[DTS-E] step 87000  E bend=2.703e-18 area=9.028e-21 vol=2.381e-19 tot=2.950e-18 J   A=18.0754/18.0739  V=7.2068/7.2226 um  |F|max=4.97e-12 N
[DTS-E] step 87000  E bend=4.686e-17 area=4.566e-19 vol=4.248e-19 tot=4.774e-17 J   A=15.1902/15.1871  V=5.5470/5.5632 um  |F|max=7.69e-11 N
[DTS-ARP] step 87000  maxConc=1.0000  meanConc=0.0927  spread=1556/2562 verts >1%
[DTS-FORMIN] step 87000  mothers nucleated=36  pool remaining=0.0 over 0 hot verts
[MCA] step 87000 linked=2600/2600  gap=0.100  bilayerMaxR=1.313 cortexMaxR=1.184
[FLIP] step 87000 membrane#0 flips=1/7794 verify=true
[FLIP] step 87000 membrane#1 flips=0/7680 verify=true
[REMESH] step 87000 split=1 -> nv=2601 nf=5198 ne=7797 verify=true
[DTS-BRANCH] step 87000  fils=99 nearCortex=71 rejBorn=0  totalBranches=64
[BRANCH-DENSITY] step 87000  filLen=5.916 um  branches=64  um/branch=0.092
[DTS-ACTIN] step 87000  filaments contacting membrane = 15 / 99
[RATCHET] poly vs gap g to membrane (delta=monomer, f=1.50e-12 N). meanFactor=closure output; relRate=realized:
  g<0 (overlap)  samples=1079      events=76       meanFactor=0.374  relRate=0.365
  0.0-0.2d       samples=18        events=2        meanFactor=0.416  relRate=0.576
  0.2-0.4d       samples=35        events=3        meanFactor=0.496  relRate=0.444
  0.4-0.6d       samples=12        events=1        meanFactor=0.632  relRate=0.432
  0.6-0.8d       samples=50        events=8        meanFactor=0.741  relRate=0.829
  0.8-1.0d       samples=40        events=8        meanFactor=0.927  relRate=1.036
  1-2d           samples=193       events=33       meanFactor=1.000  relRate=0.886
  g>=2d (free)   samples=3156      events=609      meanFactor=1.000  relRate=1.000
  TOTAL eligible tip-fires=4583  poly events=740  (boundary g<delta share=26.9%)
[GATHER] call=175000 totalDirty=0 maxThread=0 cumAvg=2834.7 cumMaxPerThread=958
[DTS-E] step 87500  E bend=2.688e-18 area=5.764e-21 vol=2.484e-19 tot=2.942e-18 J   A=18.0751/18.0739  V=7.2065/7.2226 um  |F|max=4.00e-12 N
[DTS-E] step 87500  E bend=4.701e-17 area=1.515e-18 vol=3.901e-19 tot=4.891e-17 J   A=15.1927/15.1871  V=5.5477/5.5632 um  |F|max=1.27e-10 N
[DTS-ARP] step 87500  maxConc=1.0000  meanConc=0.0938  spread=1565/2562 verts >1%
[DTS-FORMIN] step 87500  mothers nucleated=36  pool remaining=0.0 over 0 hot verts
[MCA] step 87500 linked=2602/2602  gap=0.100  bilayerMaxR=1.316 cortexMaxR=1.183
[FLIP] step 87500 membrane#0 flips=0/7800 verify=true
[FLIP] step 87500 membrane#1 flips=1/7680 verify=true
[DTS-ACTIN] step 87500  filaments contacting membrane = 14 / 99
[GATHER] call=176000 totalDirty=0 maxThread=0 cumAvg=2834.8 cumMaxPerThread=958
Sim. time=00.88....~33.32 minutes computation to simulate 1 sec, run finished in ~00.07 hours
[DTS-E] step 88000  E bend=2.724e-18 area=6.824e-21 vol=2.397e-19 tot=2.970e-18 J   A=18.0752/18.0739  V=7.2068/7.2226 um  |F|max=4.47e-12 N
[DTS-E] step 88000  E bend=4.676e-17 area=5.104e-19 vol=4.272e-19 tot=4.769e-17 J   A=15.1904/15.1871  V=5.5470/5.5632 um  |F|max=7.45e-11 N
[DTS-ARP] step 88000  maxConc=1.0000  meanConc=0.0940  spread=1569/2562 verts >1%
[DTS-FORMIN] step 88000  mothers nucleated=36  pool remaining=0.0 over 0 hot verts
[MCA] step 88000 linked=2597/2597  gap=0.100  bilayerMaxR=1.320 cortexMaxR=1.183
[FLIP] step 88000 membrane#0 flips=3/7785 verify=true
[FLIP] step 88000 membrane#1 flips=2/7680 verify=true
[REMESH] step 88000 split=7 -> nv=2604 nf=5204 ne=7806 verify=true
[COLLAPSE] step 88000 collapse=6 -> nv=2598 nf=5192 ne=7788 verify=true
[DTS-BRANCH] step 88000  fils=100 nearCortex=71 rejBorn=0  totalBranches=65
[BRANCH-DENSITY] step 88000  filLen=5.989 um  branches=65  um/branch=0.092
[DTS-ACTIN] step 88000  filaments contacting membrane = 13 / 100
[GATHER] call=177000 totalDirty=0 maxThread=0 cumAvg=2835.0 cumMaxPerThread=958
[DTS-E] step 88500  E bend=2.719e-18 area=1.144e-20 vol=2.405e-19 tot=2.971e-18 J   A=18.0756/18.0739  V=7.2067/7.2226 um  |F|max=5.54e-12 N
[DTS-E] step 88500  E bend=4.674e-17 area=3.750e-19 vol=4.354e-19 tot=4.755e-17 J   A=15.1899/15.1871  V=5.5468/5.5632 um  |F|max=7.06e-11 N
[DTS-ARP] step 88500  maxConc=1.0000  meanConc=0.0938  spread=1568/2562 verts >1%
[DTS-FORMIN] step 88500  mothers nucleated=36  pool remaining=0.0 over 0 hot verts
[MCA] step 88500 linked=2601/2601  gap=0.100  bilayerMaxR=1.318 cortexMaxR=1.184
[FLIP] step 88500 membrane#0 flips=2/7797 verify=true
[FLIP] step 88500 membrane#1 flips=1/7680 verify=true
[DTS-ACTIN] step 88500  filaments contacting membrane = 12 / 101
[GATHER] call=178000 totalDirty=0 maxThread=0 cumAvg=2835.1 cumMaxPerThread=958
[DTS-E] step 89000  E bend=2.695e-18 area=1.324e-20 vol=2.546e-19 tot=2.962e-18 J   A=18.0757/18.0739  V=7.2063/7.2226 um  |F|max=8.50e-12 N
[DTS-E] step 89000  E bend=4.674e-17 area=4.489e-19 vol=4.266e-19 tot=4.761e-17 J   A=15.1902/15.1871  V=5.5470/5.5632 um  |F|max=7.88e-11 N
[DTS-ARP] step 89000  maxConc=1.0000  meanConc=0.0936  spread=1569/2562 verts >1%
[DTS-FORMIN] step 89000  mothers nucleated=36  pool remaining=0.0 over 0 hot verts
[MCA] step 89000 linked=2598/2598  gap=0.100  bilayerMaxR=1.318 cortexMaxR=1.185
[FLIP] step 89000 membrane#0 flips=0/7788 verify=true
[FLIP] step 89000 membrane#1 flips=2/7680 verify=true
[DTS-BRANCH] step 89000  fils=103 nearCortex=76 rejBorn=0  totalBranches=68
[BRANCH-DENSITY] step 89000  filLen=6.137 um  branches=68  um/branch=0.090
[DTS-ACTIN] step 89000  filaments contacting membrane = 15 / 103
[GATHER] call=179000 totalDirty=0 maxThread=0 cumAvg=2835.3 cumMaxPerThread=958
[DTS-E] step 89500  E bend=2.703e-18 area=9.592e-21 vol=2.472e-19 tot=2.960e-18 J   A=18.0755/18.0739  V=7.2065/7.2226 um  |F|max=5.29e-12 N
[DTS-E] step 89500  E bend=4.672e-17 area=5.259e-19 vol=4.257e-19 tot=4.767e-17 J   A=15.1904/15.1871  V=5.5470/5.5632 um  |F|max=7.87e-11 N
[DTS-ARP] step 89500  maxConc=1.0000  meanConc=0.0936  spread=1569/2562 verts >1%
[DTS-FORMIN] step 89500  mothers nucleated=36  pool remaining=0.0 over 0 hot verts
[MCA] step 89500 linked=2598/2598  gap=0.100  bilayerMaxR=1.321 cortexMaxR=1.184
[FLIP] step 89500 membrane#0 flips=0/7788 verify=true
[FLIP] step 89500 membrane#1 flips=0/7680 verify=true
[DTS-ACTIN] step 89500  filaments contacting membrane = 13 / 103
[GATHER] call=180000 totalDirty=0 maxThread=0 cumAvg=2835.4 cumMaxPerThread=958
Sim. time=00.90....~33.47 minutes computation to simulate 1 sec, run finished in ~00.06 hours
[DTS-E] step 90000  E bend=2.709e-18 area=1.026e-20 vol=2.439e-19 tot=2.963e-18 J   A=18.0755/18.0739  V=7.2066/7.2226 um  |F|max=5.68e-12 N
[DTS-E] step 90000  E bend=4.666e-17 area=3.354e-19 vol=4.366e-19 tot=4.743e-17 J   A=15.1897/15.1871  V=5.5468/5.5632 um  |F|max=6.28e-11 N
[DTS-ARP] step 90000  maxConc=1.0000  meanConc=0.0946  spread=1570/2562 verts >1%
[DTS-FORMIN] step 90000  mothers nucleated=36  pool remaining=0.0 over 0 hot verts
[MCA] step 90000 linked=2601/2601  gap=0.100  bilayerMaxR=1.318 cortexMaxR=1.186
[FLIP] step 90000 membrane#0 flips=0/7797 verify=true
[FLIP] step 90000 membrane#1 flips=1/7680 verify=true
[DTS-BRANCH] step 90000  fils=104 nearCortex=75 rejBorn=0  totalBranches=69
[BRANCH-DENSITY] step 90000  filLen=6.256 um  branches=69  um/branch=0.091
[DTS-ACTIN] step 90000  filaments contacting membrane = 14 / 104
[RATCHET] poly vs gap g to membrane (delta=monomer, f=1.50e-12 N). meanFactor=closure output; relRate=realized:
  g<0 (overlap)  samples=1083      events=76       meanFactor=0.374  relRate=0.361
  0.0-0.2d       samples=18        events=2        meanFactor=0.416  relRate=0.572
  0.2-0.4d       samples=35        events=3        meanFactor=0.496  relRate=0.441
  0.4-0.6d       samples=12        events=1        meanFactor=0.632  relRate=0.429
  0.6-0.8d       samples=50        events=8        meanFactor=0.741  relRate=0.824
  0.8-1.0d       samples=40        events=8        meanFactor=0.927  relRate=1.029
  1-2d           samples=193       events=33       meanFactor=1.000  relRate=0.880
  g>=2d (free)   samples=3397      events=660      meanFactor=1.000  relRate=1.000
  TOTAL eligible tip-fires=4828  poly events=791  (boundary g<delta share=25.6%)
[GATHER] call=181000 totalDirty=0 maxThread=0 cumAvg=2835.5 cumMaxPerThread=958
[DTS-E] step 90500  E bend=2.725e-18 area=1.443e-20 vol=2.525e-19 tot=2.992e-18 J   A=18.0758/18.0739  V=7.2064/7.2226 um  |F|max=5.05e-12 N
[DTS-E] step 90500  E bend=4.670e-17 area=5.077e-19 vol=4.335e-19 tot=4.764e-17 J   A=15.1903/15.1871  V=5.5469/5.5632 um  |F|max=7.52e-11 N
[DTS-ARP] step 90500  maxConc=1.0000  meanConc=0.0949  spread=1571/2562 verts >1%
[DTS-FORMIN] step 90500  mothers nucleated=36  pool remaining=0.0 over 0 hot verts
[MCA] step 90500 linked=2601/2601  gap=0.100  bilayerMaxR=1.320 cortexMaxR=1.185
[FLIP] step 90500 membrane#0 flips=0/7797 verify=true
[FLIP] step 90500 membrane#1 flips=3/7680 verify=true
[DTS-ACTIN] step 90500  filaments contacting membrane = 15 / 104
[GATHER] call=182000 totalDirty=0 maxThread=0 cumAvg=2835.7 cumMaxPerThread=958
[DTS-E] step 91000  E bend=2.741e-18 area=1.051e-20 vol=2.544e-19 tot=3.006e-18 J   A=18.0755/18.0739  V=7.2063/7.2226 um  |F|max=5.34e-12 N
[DTS-E] step 91000  E bend=4.666e-17 area=4.238e-19 vol=4.341e-19 tot=4.751e-17 J   A=15.1901/15.1871  V=5.5468/5.5632 um  |F|max=6.98e-11 N
[DTS-ARP] step 91000  maxConc=1.0000  meanConc=0.0945  spread=1570/2562 verts >1%
[DTS-FORMIN] step 91000  mothers nucleated=36  pool remaining=0.0 over 0 hot verts
[MCA] step 91000 linked=2605/2605  gap=0.100  bilayerMaxR=1.322 cortexMaxR=1.186
[FLIP] step 91000 membrane#0 flips=0/7809 verify=true
[FLIP] step 91000 membrane#1 flips=2/7680 verify=true
[DTS-BRANCH] step 91000  fils=105 nearCortex=75 rejBorn=0  totalBranches=70
[BRANCH-DENSITY] step 91000  filLen=6.350 um  branches=70  um/branch=0.091
[DTS-ACTIN] step 91000  filaments contacting membrane = 14 / 105
[GATHER] call=183000 totalDirty=0 maxThread=0 cumAvg=2835.8 cumMaxPerThread=958
[DTS-E] step 91500  E bend=2.725e-18 area=8.699e-21 vol=2.523e-19 tot=2.986e-18 J   A=18.0754/18.0739  V=7.2064/7.2226 um  |F|max=6.31e-12 N
[DTS-E] step 91500  E bend=4.659e-17 area=4.518e-19 vol=4.429e-19 tot=4.749e-17 J   A=15.1902/15.1871  V=5.5467/5.5632 um  |F|max=7.13e-11 N
[DTS-ARP] step 91500  maxConc=1.0000  meanConc=0.0951  spread=1571/2562 verts >1%
[DTS-FORMIN] step 91500  mothers nucleated=36  pool remaining=0.0 over 0 hot verts
[MCA] step 91500 linked=2602/2602  gap=0.100  bilayerMaxR=1.321 cortexMaxR=1.186
[FLIP] step 91500 membrane#0 flips=0/7800 verify=true
[FLIP] step 91500 membrane#1 flips=1/7680 verify=true
[DTS-ACTIN] step 91500  filaments contacting membrane = 13 / 105
[GATHER] call=184000 totalDirty=0 maxThread=0 cumAvg=2836.0 cumMaxPerThread=958
Sim. time=00.92....~33.52 minutes computation to simulate 1 sec, run finished in ~00.04 hours
[DTS-E] step 92000  E bend=2.726e-18 area=8.925e-21 vol=2.589e-19 tot=2.994e-18 J   A=18.0754/18.0739  V=7.2062/7.2226 um  |F|max=4.44e-12 N
[DTS-E] step 92000  E bend=4.676e-17 area=5.489e-19 vol=4.472e-19 tot=4.775e-17 J   A=15.1905/15.1871  V=5.5466/5.5632 um  |F|max=9.28e-11 N
[DTS-ARP] step 92000  maxConc=1.0000  meanConc=0.0955  spread=1573/2562 verts >1%
[DTS-FORMIN] step 92000  mothers nucleated=36  pool remaining=0.0 over 0 hot verts
[MCA] step 92000 linked=2603/2603  gap=0.100  bilayerMaxR=1.323 cortexMaxR=1.186
[FLIP] step 92000 membrane#0 flips=0/7803 verify=true
[FLIP] step 92000 membrane#1 flips=3/7680 verify=true
[DTS-BRANCH] step 92000  fils=106 nearCortex=81 rejBorn=0  totalBranches=71
[BRANCH-DENSITY] step 92000  filLen=6.423 um  branches=71  um/branch=0.090
[DTS-ACTIN] step 92000  filaments contacting membrane = 15 / 106
[GATHER] call=185000 totalDirty=0 maxThread=0 cumAvg=2836.1 cumMaxPerThread=958
[DTS-E] step 92500  E bend=2.716e-18 area=1.006e-20 vol=2.594e-19 tot=2.986e-18 J   A=18.0755/18.0739  V=7.2061/7.2226 um  |F|max=4.57e-12 N
[DTS-E] step 92500  E bend=4.641e-17 area=3.432e-19 vol=4.605e-19 tot=4.722e-17 J   A=15.1898/15.1871  V=5.5463/5.5632 um  |F|max=7.16e-11 N
[DTS-ARP] step 92500  maxConc=1.0000  meanConc=0.0958  spread=1574/2562 verts >1%
[DTS-FORMIN] step 92500  mothers nucleated=36  pool remaining=0.0 over 0 hot verts
[MCA] step 92500 linked=2602/2602  gap=0.100  bilayerMaxR=1.323 cortexMaxR=1.187
[FLIP] step 92500 membrane#0 flips=0/7800 verify=true
[FLIP] step 92500 membrane#1 flips=0/7680 verify=true
[DTS-ACTIN] step 92500  filaments contacting membrane = 13 / 106
[GATHER] call=186000 totalDirty=0 maxThread=0 cumAvg=2836.3 cumMaxPerThread=958
[DTS-E] step 93000  E bend=2.726e-18 area=8.703e-21 vol=2.573e-19 tot=2.992e-18 J   A=18.0754/18.0739  V=7.2062/7.2226 um  |F|max=4.81e-12 N
[DTS-E] step 93000  E bend=4.648e-17 area=4.078e-19 vol=4.532e-19 tot=4.734e-17 J   A=15.1900/15.1871  V=5.5465/5.5632 um  |F|max=6.84e-11 N
[DTS-ARP] step 93000  maxConc=1.0000  meanConc=0.0957  spread=1572/2562 verts >1%
[DTS-FORMIN] step 93000  mothers nucleated=36  pool remaining=0.0 over 0 hot verts
[MCA] step 93000 linked=2600/2600  gap=0.100  bilayerMaxR=1.325 cortexMaxR=1.187
[FLIP] step 93000 membrane#0 flips=0/7794 verify=true
[FLIP] step 93000 membrane#1 flips=1/7680 verify=true
[REMESH] step 93000 split=1 -> nv=2601 nf=5198 ne=7797 verify=true
[DTS-BRANCH] step 93000  fils=107 nearCortex=78 rejBorn=0  totalBranches=72
[BRANCH-DENSITY] step 93000  filLen=6.488 um  branches=72  um/branch=0.090
[DTS-ACTIN] step 93000  filaments contacting membrane = 12 / 107
[RATCHET] poly vs gap g to membrane (delta=monomer, f=1.50e-12 N). meanFactor=closure output; relRate=realized:
  g<0 (overlap)  samples=1106      events=77       meanFactor=0.374  relRate=0.360
  0.0-0.2d       samples=18        events=2        meanFactor=0.416  relRate=0.575
  0.2-0.4d       samples=35        events=3        meanFactor=0.496  relRate=0.443
  0.4-0.6d       samples=12        events=1        meanFactor=0.632  relRate=0.431
  0.6-0.8d       samples=50        events=8        meanFactor=0.741  relRate=0.828
  0.8-1.0d       samples=42        events=8        meanFactor=0.926  relRate=0.985
  1-2d           samples=193       events=33       meanFactor=1.000  relRate=0.885
  g>=2d (free)   samples=3601      events=696      meanFactor=1.000  relRate=1.000
  TOTAL eligible tip-fires=5057  poly events=828  (boundary g<delta share=25.0%)
[GATHER] call=187000 totalDirty=0 maxThread=0 cumAvg=2836.4 cumMaxPerThread=958
[DTS-E] step 93500  E bend=2.723e-18 area=1.019e-20 vol=2.636e-19 tot=2.997e-18 J   A=18.0755/18.0739  V=7.2060/7.2226 um  |F|max=4.57e-12 N
[DTS-E] step 93500  E bend=4.641e-17 area=3.412e-19 vol=4.658e-19 tot=4.722e-17 J   A=15.1898/15.1871  V=5.5463/5.5632 um  |F|max=6.48e-11 N
[DTS-ARP] step 93500  maxConc=1.0000  meanConc=0.0957  spread=1574/2562 verts >1%
[DTS-FORMIN] step 93500  mothers nucleated=36  pool remaining=0.0 over 0 hot verts
[MCA] step 93500 linked=2606/2606  gap=0.100  bilayerMaxR=1.325 cortexMaxR=1.188
[FLIP] step 93500 membrane#0 flips=0/7812 verify=true
[FLIP] step 93500 membrane#1 flips=0/7680 verify=true
[DTS-ACTIN] step 93500  filaments contacting membrane = 13 / 109
[GATHER] call=188000 totalDirty=0 maxThread=0 cumAvg=2836.6 cumMaxPerThread=958
Sim. time=00.94....~33.94 minutes computation to simulate 1 sec, run finished in ~00.03 hours
[DTS-E] step 94000  E bend=2.728e-18 area=1.201e-20 vol=2.635e-19 tot=3.003e-18 J   A=18.0757/18.0739  V=7.2060/7.2226 um  |F|max=4.41e-12 N
[DTS-E] step 94000  E bend=4.641e-17 area=3.921e-19 vol=4.584e-19 tot=4.726e-17 J   A=15.1900/15.1871  V=5.5464/5.5632 um  |F|max=6.62e-11 N
[DTS-ARP] step 94000  maxConc=1.0000  meanConc=0.0960  spread=1577/2562 verts >1%
[DTS-FORMIN] step 94000  mothers nucleated=36  pool remaining=0.0 over 0 hot verts
[MCA] step 94000 linked=2605/2605  gap=0.100  bilayerMaxR=1.326 cortexMaxR=1.188
[FLIP] step 94000 membrane#0 flips=0/7809 verify=true
[FLIP] step 94000 membrane#1 flips=2/7680 verify=true
[COLLAPSE] step 94000 collapse=5 -> nv=2600 nf=5196 ne=7794 verify=true
[DTS-BRANCH] step 94000  fils=109 nearCortex=80 rejBorn=0  totalBranches=74
[BRANCH-DENSITY] step 94000  filLen=6.585 um  branches=74  um/branch=0.089
[DTS-ACTIN] step 94000  filaments contacting membrane = 13 / 109
[GATHER] call=189000 totalDirty=0 maxThread=0 cumAvg=2836.8 cumMaxPerThread=958
[DTS-E] step 94500  E bend=2.719e-18 area=1.074e-20 vol=2.627e-19 tot=2.993e-18 J   A=18.0756/18.0739  V=7.2060/7.2226 um  |F|max=5.99e-12 N
[DTS-E] step 94500  E bend=4.645e-17 area=4.430e-19 vol=4.532e-19 tot=4.735e-17 J   A=15.1901/15.1871  V=5.5465/5.5632 um  |F|max=7.75e-11 N
[DTS-ARP] step 94500  maxConc=1.0000  meanConc=0.0962  spread=1575/2562 verts >1%
[DTS-FORMIN] step 94500  mothers nucleated=36  pool remaining=0.0 over 0 hot verts
[MCA] step 94500 linked=2604/2604  gap=0.100  bilayerMaxR=1.327 cortexMaxR=1.189
[FLIP] step 94500 membrane#0 flips=1/7806 verify=true
[FLIP] step 94500 membrane#1 flips=2/7680 verify=true
[DTS-ACTIN] step 94500  filaments contacting membrane = 14 / 109
[GATHER] call=190000 totalDirty=0 maxThread=0 cumAvg=2836.9 cumMaxPerThread=958
[DTS-E] step 95000  E bend=2.722e-18 area=8.004e-21 vol=2.672e-19 tot=2.997e-18 J   A=18.0753/18.0739  V=7.2059/7.2226 um  |F|max=5.28e-12 N
[DTS-E] step 95000  E bend=4.642e-17 area=4.289e-19 vol=4.627e-19 tot=4.731e-17 J   A=15.1901/15.1871  V=5.5463/5.5632 um  |F|max=7.60e-11 N
[DTS-ARP] step 95000  maxConc=1.0000  meanConc=0.0961  spread=1577/2562 verts >1%
[DTS-FORMIN] step 95000  mothers nucleated=36  pool remaining=0.0 over 0 hot verts
[MCA] step 95000 linked=2600/2600  gap=0.100  bilayerMaxR=1.332 cortexMaxR=1.189
[FLIP] step 95000 membrane#0 flips=0/7794 verify=true
[FLIP] step 95000 membrane#1 flips=0/7680 verify=true
[REMESH] step 95000 split=5 -> nv=2605 nf=5206 ne=7809 verify=true
[COLLAPSE] step 95000 collapse=3 -> nv=2602 nf=5200 ne=7800 verify=true
[DTS-BRANCH] step 95000  fils=109 nearCortex=69 rejBorn=0  totalBranches=74
[BRANCH-DENSITY] step 95000  filLen=6.637 um  branches=74  um/branch=0.090
[DTS-ACTIN] step 95000  filaments contacting membrane = 15 / 109
[GATHER] call=191000 totalDirty=0 maxThread=0 cumAvg=2837.1 cumMaxPerThread=958
[DTS-E] step 95500  E bend=2.729e-18 area=5.204e-21 vol=2.772e-19 tot=3.011e-18 J   A=18.0751/18.0739  V=7.2056/7.2226 um  |F|max=4.87e-12 N
[DTS-E] step 95500  E bend=4.649e-17 area=5.373e-19 vol=4.848e-19 tot=4.751e-17 J   A=15.1904/15.1871  V=5.5459/5.5632 um  |F|max=8.02e-11 N
[DTS-ARP] step 95500  maxConc=1.0000  meanConc=0.0954  spread=1573/2562 verts >1%
[DTS-FORMIN] step 95500  mothers nucleated=36  pool remaining=0.0 over 0 hot verts
[MCA] step 95500 linked=2604/2604  gap=0.100  bilayerMaxR=1.330 cortexMaxR=1.191
[FLIP] step 95500 membrane#0 flips=1/7806 verify=true
[FLIP] step 95500 membrane#1 flips=0/7680 verify=true
[DTS-ACTIN] step 95500  filaments contacting membrane = 14 / 109
[GATHER] call=192000 totalDirty=0 maxThread=0 cumAvg=2837.3 cumMaxPerThread=958
Sim. time=00.96....~33.78 minutes computation to simulate 1 sec, run finished in ~00.02 hours
[DTS-E] step 96000  E bend=2.727e-18 area=1.031e-20 vol=2.902e-19 tot=3.028e-18 J   A=18.0755/18.0739  V=7.2052/7.2226 um  |F|max=4.72e-12 N
[DTS-E] step 96000  E bend=4.621e-17 area=6.153e-19 vol=4.699e-19 tot=4.729e-17 J   A=15.1907/15.1871  V=5.5462/5.5632 um  |F|max=7.80e-11 N
[DTS-ARP] step 96000  maxConc=1.0000  meanConc=0.0953  spread=1575/2562 verts >1%
[DTS-FORMIN] step 96000  mothers nucleated=36  pool remaining=0.0 over 0 hot verts
[MCA] step 96000 linked=2605/2605  gap=0.100  bilayerMaxR=1.330 cortexMaxR=1.191
[FLIP] step 96000 membrane#0 flips=0/7809 verify=true
[FLIP] step 96000 membrane#1 flips=0/7680 verify=true
[REMESH] step 96000 split=1 -> nv=2606 nf=5208 ne=7812 verify=true
[DTS-BRANCH] step 96000  fils=112 nearCortex=79 rejBorn=0  totalBranches=77
[BRANCH-DENSITY] step 96000  filLen=6.755 um  branches=77  um/branch=0.088
[DTS-ACTIN] step 96000  filaments contacting membrane = 14 / 112
[RATCHET] poly vs gap g to membrane (delta=monomer, f=1.50e-12 N). meanFactor=closure output; relRate=realized:
  g<0 (overlap)  samples=1106      events=77       meanFactor=0.374  relRate=0.361
  0.0-0.2d       samples=18        events=2        meanFactor=0.416  relRate=0.577
  0.2-0.4d       samples=35        events=3        meanFactor=0.496  relRate=0.445
  0.4-0.6d       samples=12        events=1        meanFactor=0.632  relRate=0.433
  0.6-0.8d       samples=51        events=9        meanFactor=0.742  relRate=0.916
  0.8-1.0d       samples=42        events=8        meanFactor=0.926  relRate=0.989
  1-2d           samples=194       events=33       meanFactor=1.000  relRate=0.883
  g>=2d (free)   samples=3764      events=725      meanFactor=1.000  relRate=1.000
  TOTAL eligible tip-fires=5222  poly events=858  (boundary g<delta share=24.2%)
[GATHER] call=193000 totalDirty=0 maxThread=0 cumAvg=2837.4 cumMaxPerThread=958
[DTS-E] step 96500  E bend=2.726e-18 area=9.773e-21 vol=3.049e-19 tot=3.041e-18 J   A=18.0755/18.0739  V=7.2048/7.2226 um  |F|max=5.06e-12 N
[DTS-E] step 96500  E bend=4.599e-17 area=8.388e-19 vol=4.768e-19 tot=4.730e-17 J   A=15.1913/15.1871  V=5.5461/5.5632 um  |F|max=7.52e-11 N
[DTS-ARP] step 96500  maxConc=1.0000  meanConc=0.0956  spread=1575/2562 verts >1%
[DTS-FORMIN] step 96500  mothers nucleated=36  pool remaining=0.0 over 0 hot verts
[MCA] step 96500 linked=2604/2604  gap=0.100  bilayerMaxR=1.330 cortexMaxR=1.190
[FLIP] step 96500 membrane#0 flips=0/7806 verify=true
[FLIP] step 96500 membrane#1 flips=0/7680 verify=true
[DTS-ACTIN] step 96500  filaments contacting membrane = 13 / 113
[GATHER] call=194000 totalDirty=0 maxThread=0 cumAvg=2837.6 cumMaxPerThread=958
[DTS-E] step 97000  E bend=2.761e-18 area=4.062e-21 vol=3.068e-19 tot=3.072e-18 J   A=18.0749/18.0739  V=7.2047/7.2226 um  |F|max=5.13e-12 N
[DTS-E] step 97000  E bend=4.612e-17 area=2.452e-18 vol=4.252e-19 tot=4.900e-17 J   A=15.1942/15.1871  V=5.5470/5.5632 um  |F|max=1.19e-10 N
[DTS-ARP] step 97000  maxConc=1.0000  meanConc=0.0955  spread=1576/2562 verts >1%
[DTS-FORMIN] step 97000  mothers nucleated=36  pool remaining=0.0 over 0 hot verts
[MCA] step 97000 linked=2605/2605  gap=0.100  bilayerMaxR=1.330 cortexMaxR=1.190
[FLIP] step 97000 membrane#0 flips=2/7809 verify=true
[FLIP] step 97000 membrane#1 flips=4/7680 verify=true
[DTS-BRANCH] step 97000  fils=113 nearCortex=87 rejBorn=0  totalBranches=78
[BRANCH-DENSITY] step 97000  filLen=6.828 um  branches=78  um/branch=0.088
[DTS-ACTIN] step 97000  filaments contacting membrane = 12 / 113
[GATHER] call=195000 totalDirty=0 maxThread=0 cumAvg=2837.8 cumMaxPerThread=958
[DTS-E] step 97500  E bend=2.755e-18 area=1.093e-20 vol=3.234e-19 tot=3.089e-18 J   A=18.0756/18.0739  V=7.2042/7.2226 um  |F|max=5.29e-12 N
[DTS-E] step 97500  E bend=4.548e-17 area=6.260e-19 vol=5.290e-19 tot=4.663e-17 J   A=15.1907/15.1871  V=5.5451/5.5632 um  |F|max=7.12e-11 N
[DTS-ARP] step 97500  maxConc=1.0000  meanConc=0.0966  spread=1578/2562 verts >1%
[DTS-FORMIN] step 97500  mothers nucleated=36  pool remaining=0.0 over 0 hot verts
[MCA] step 97500 linked=2609/2609  gap=0.100  bilayerMaxR=1.331 cortexMaxR=1.190
[FLIP] step 97500 membrane#0 flips=0/7821 verify=true
[FLIP] step 97500 membrane#1 flips=4/7680 verify=true
[DTS-ACTIN] step 97500  filaments contacting membrane = 12 / 114
[GATHER] call=196000 totalDirty=0 maxThread=0 cumAvg=2837.9 cumMaxPerThread=958
Sim. time=00.98....~34.07 minutes computation to simulate 1 sec, run finished in ~00.01 hours
[DTS-E] step 98000  E bend=2.774e-18 area=1.109e-20 vol=3.185e-19 tot=3.103e-18 J   A=18.0756/18.0739  V=7.2044/7.2226 um  |F|max=5.57e-12 N
[DTS-E] step 98000  E bend=4.540e-17 area=8.733e-19 vol=5.359e-19 tot=4.681e-17 J   A=15.1913/15.1871  V=5.5450/5.5632 um  |F|max=1.41e-10 N
[DTS-ARP] step 98000  maxConc=1.0000  meanConc=0.0969  spread=1581/2562 verts >1%
[DTS-FORMIN] step 98000  mothers nucleated=36  pool remaining=0.0 over 0 hot verts
[MCA] step 98000 linked=2609/2609  gap=0.100  bilayerMaxR=1.330 cortexMaxR=1.192
[FLIP] step 98000 membrane#0 flips=0/7821 verify=true
[FLIP] step 98000 membrane#1 flips=2/7680 verify=true
[DTS-BRANCH] step 98000  fils=114 nearCortex=85 rejBorn=0  totalBranches=79
[BRANCH-DENSITY] step 98000  filLen=6.896 um  branches=79  um/branch=0.087
[DTS-ACTIN] step 98000  filaments contacting membrane = 11 / 114
[GATHER] call=197000 totalDirty=0 maxThread=0 cumAvg=2838.1 cumMaxPerThread=958
[DTS-E] step 98500  E bend=2.775e-18 area=1.864e-20 vol=3.522e-19 tot=3.146e-18 J   A=18.0761/18.0739  V=7.2034/7.2226 um  |F|max=5.83e-12 N
[DTS-E] step 98500  E bend=4.558e-17 area=6.590e-19 vol=8.033e-19 tot=4.704e-17 J   A=15.1835/15.1871  V=5.5409/5.5632 um  |F|max=1.56e-10 N
[DTS-ARP] step 98500  maxConc=1.0000  meanConc=0.0975  spread=1588/2562 verts >1%
[DTS-FORMIN] step 98500  mothers nucleated=36  pool remaining=0.0 over 0 hot verts
[MCA] step 98500 linked=2612/2612  gap=0.100  bilayerMaxR=1.332 cortexMaxR=1.193
[FLIP] step 98500 membrane#0 flips=1/7830 verify=true
[FLIP] step 98500 membrane#1 flips=3/7680 verify=true
[DTS-ACTIN] step 98500  filaments contacting membrane = 8 / 116
[GATHER] call=198000 totalDirty=0 maxThread=0 cumAvg=2838.3 cumMaxPerThread=958
[DTS-E] step 99000  E bend=2.788e-18 area=1.430e-20 vol=3.636e-19 tot=3.166e-18 J   A=18.0758/18.0739  V=7.2031/7.2226 um  |F|max=6.40e-12 N
[DTS-E] step 99000  E bend=4.533e-17 area=8.876e-19 vol=8.722e-19 tot=4.709e-17 J   A=15.1829/15.1871  V=5.5400/5.5632 um  |F|max=1.45e-10 N
[DTS-ARP] step 99000  maxConc=1.0000  meanConc=0.0982  spread=1590/2562 verts >1%
[DTS-FORMIN] step 99000  mothers nucleated=36  pool remaining=0.0 over 0 hot verts
[MCA] step 99000 linked=2610/2610  gap=0.100  bilayerMaxR=1.332 cortexMaxR=1.193
[FLIP] step 99000 membrane#0 flips=4/7824 verify=true
[FLIP] step 99000 membrane#1 flips=3/7680 verify=true
[REMESH] step 99000 split=1 -> nv=2611 nf=5218 ne=7827 verify=true
[DTS-BRANCH] step 99000  fils=117 nearCortex=91 rejBorn=0  totalBranches=82
[BRANCH-DENSITY] step 99000  filLen=7.009 um  branches=82  um/branch=0.085
[DTS-ACTIN] step 99000  filaments contacting membrane = 10 / 117
[RATCHET] poly vs gap g to membrane (delta=monomer, f=1.50e-12 N). meanFactor=closure output; relRate=realized:
  g<0 (overlap)  samples=1118      events=78       meanFactor=0.374  relRate=0.366
  0.0-0.2d       samples=18        events=2        meanFactor=0.416  relRate=0.583
  0.2-0.4d       samples=35        events=3        meanFactor=0.496  relRate=0.450
  0.4-0.6d       samples=12        events=1        meanFactor=0.632  relRate=0.437
  0.6-0.8d       samples=51        events=9        meanFactor=0.742  relRate=0.926
  0.8-1.0d       samples=42        events=8        meanFactor=0.926  relRate=0.999
  1-2d           samples=194       events=33       meanFactor=1.000  relRate=0.892
  g>=2d (free)   samples=3919      events=747      meanFactor=1.000  relRate=1.000
  TOTAL eligible tip-fires=5389  poly events=881  (boundary g<delta share=23.7%)
[GATHER] call=199000 totalDirty=0 maxThread=0 cumAvg=2838.5 cumMaxPerThread=958
[DTS-E] step 99500  E bend=2.779e-18 area=1.700e-20 vol=3.891e-19 tot=3.185e-18 J   A=18.0760/18.0739  V=7.2024/7.2226 um  |F|max=5.82e-12 N
[DTS-E] step 99500  E bend=4.547e-17 area=7.623e-19 vol=9.058e-19 tot=4.714e-17 J   A=15.1832/15.1871  V=5.5396/5.5632 um  |F|max=1.43e-10 N
[DTS-ARP] step 99500  maxConc=1.0000  meanConc=0.0986  spread=1590/2562 verts >1%
[DTS-FORMIN] step 99500  mothers nucleated=36  pool remaining=0.0 over 0 hot verts
[MCA] step 99500 linked=2612/2612  gap=0.100  bilayerMaxR=1.332 cortexMaxR=1.196
[FLIP] step 99500 membrane#0 flips=0/7830 verify=true
[FLIP] step 99500 membrane#1 flips=4/7680 verify=true
[DTS-ACTIN] step 99500  filaments contacting membrane = 8 / 117
[GATHER] call=200000 totalDirty=0 maxThread=0 cumAvg=2838.6 cumMaxPerThread=958
Sim. time=01.00....~34.27 minutes computation to simulate 1 sec, run finished in ~00.00 hours
[DTS-E] step 100000  E bend=2.780e-18 area=1.698e-20 vol=3.728e-19 tot=3.169e-18 J   A=18.0760/18.0739  V=7.2029/7.2226 um  |F|max=6.03e-12 N
[DTS-E] step 100000  E bend=4.527e-17 area=5.950e-19 vol=8.719e-19 tot=4.674e-17 J   A=15.1837/15.1871  V=5.5400/5.5632 um  |F|max=1.45e-10 N
[DTS-ARP] step 100000  maxConc=1.0000  meanConc=0.0988  spread=1597/2562 verts >1%
[DTS-FORMIN] step 100000  mothers nucleated=36  pool remaining=0.0 over 0 hot verts
[MCA] step 100000 linked=2611/2611  gap=0.100  bilayerMaxR=1.334 cortexMaxR=1.200
[FLIP] step 100000 membrane#0 flips=1/7827 verify=true
[FLIP] step 100000 membrane#1 flips=5/7680 verify=true
[REMESH] step 100000 split=1 -> nv=2612 nf=5220 ne=7830 verify=true
[COLLAPSE] step 100000 collapse=2 -> nv=2610 nf=5216 ne=7824 verify=true
[DTS-BRANCH] step 100000  fils=117 nearCortex=82 rejBorn=0  totalBranches=82
[BRANCH-DENSITY] step 100000  filLen=7.036 um  branches=82  um/branch=0.086
[DTS-ACTIN] step 100000  filaments contacting membrane = 11 / 117
collisionTime = 0.0
myosinTime = 0.0
[STATS] bindEvents=0
[STATS] filLinks=4 (active=4 inactive=0)
[STATS] linkCtMean=1.14 (samples=100101) linkCtMeanSettled=2.07 (samples=50102) finalActive=4
[STATS] filFilBroadphase active=false filsegMeshFillSkipped=0 candPairs=0 candMaxPerSeg=0 overflowSegs=0 drainCalls=0
[STATS] fActin segs=117 monomers=2490 fActinUM=0.00 meanSegLenUM=0.060 freePoolUM=16.00
[STATS] mem usedHeapMB=1338.0 maxHeapMB=6442.5
[STATS] percolation filaments=117 activeLinks=4 linksPerFil=0.034 largestComp=2 (1.7% of fils) spanX=0.00 spanY=0.00 spanZ=0.00 spanFrac=0.00 percolates=false
[A3] cpuFallback histogram (last classify): thingCt=0 cpuFb total=0 { FilSeg=0 MyoMini=0 ProteinNode=0 Chamber=0 other=0 }
[A3] dimer cohesion dispatch: device(noop)=0 cpu(work)=0  | body↔rod constrain: device(noop)=0 cpu(work)=0  | updateMyosins(host-bookkeeping)=0
[NODE] cpuNodeTetherApplyCt=0 (must be 0 on GPU node path)
[STATS] checkBugInsideFireCt=0
[STATS] addLinkForcesFireCt=0
[STATS] addTorsionFireCt=0
[STATS] meshFillFilSegFireCt=0
[STATS] meshAllSegsFireCt=0
[STATS] mbg3dFillFilSegFireCt=0
[STATS] updatePosFromBindFireCt=0
[STATS] updatePosFromStepFireCt=0
[STATS] validateSegFireCt=0
[STATS] anchorFireCt=0
[STATS] filSegInitFireCt=0
[STATS] motorInitFireCt=0
[STATS] meanBoundMotors=0.000
ThingStep Threads took 335.434000 seconds.
ThingBrownian Threads took 42.631000 seconds.
Myosin Threads took 0.000000 seconds.
MyoDimer Threads took 0.000000 seconds.
Protein Node Threads took 25.790000 seconds.
MyoMiniFil Threads took 0.000000 seconds.
Chamber Myo Threads took 0.000000 seconds.
Chamber MyoDimer Threads took 0.000000 seconds.
Mesh Threads took 103.898000 seconds.
Ck Mesh Threads took 151.912000 seconds.
Ck Mots Threads took 0.000000 seconds.
XLink Threads took 10.647000 seconds.
Arp23 Threads took 15.763000 seconds.
NodeLink Threads took 0.000000 seconds.
Membrane Node Threads took 44.700000 seconds.
ActA Threads took 0.000000 seconds.
MotorBindGrid3D Fill took 41.327000 seconds.
Finished closing JSON plots!
